celex	unidade	epigrafe	linha_ini	linha_fim	tokens	ficheiro
32006R0019	Preâmbulo		18	38	416	ue/regulamentos/2006/32006R0019.md
32006R0019	Artigo 1.º		42	44	30	ue/regulamentos/2006/32006R0019.md
32006R0019	Artigo 2.º		46	64	154	ue/regulamentos/2006/32006R0019.md
32006R0019	ANEXO	«ANEXO V	66	112	1634	ue/regulamentos/2006/32006R0019.md
32006R0051	Artigo 1.º		44	50	136	ue/regulamentos/2006/32006R0051.md
32006R0051	Artigo 2.º		52	62	182	ue/regulamentos/2006/32006R0051.md
32006R0051	Artigo 3.º		64	82	324	ue/regulamentos/2006/32006R0051.md
32006R0051	Artigo 4.º		84	96	281	ue/regulamentos/2006/32006R0051.md
32006R0051	Artigo 5.º		100	126	600	ue/regulamentos/2006/32006R0051.md
32006R0051	Artigo 6.º		128	144	240	ue/regulamentos/2006/32006R0051.md
32006R0051	Artigo 7.º		146	174	588	ue/regulamentos/2006/32006R0051.md
32006R0051	Artigo 8.º		176	208	543	ue/regulamentos/2006/32006R0051.md
32006R0051	Artigo 9.º		210	216	148	ue/regulamentos/2006/32006R0051.md
32006R0051	Artigo 10.º		218	254	224	ue/regulamentos/2006/32006R0051.md
32006R0051	Artigo 11.º		256	260	42	ue/regulamentos/2006/32006R0051.md
32006R0051	Artigo 12.º		264	270	46	ue/regulamentos/2006/32006R0051.md
32006R0051	Artigo 13.º	Autorização	272	282	169	ue/regulamentos/2006/32006R0051.md
32006R0051	Artigo 14.º		284	292	242	ue/regulamentos/2006/32006R0051.md
32006R0051	Artigo 15.º		294	302	132	ue/regulamentos/2006/32006R0051.md
32006R0051	Artigo 16.º		304	308	87	ue/regulamentos/2006/32006R0051.md
32006R0051	Artigo 17.º		312	330	409	ue/regulamentos/2006/32006R0051.md
32006R0051	Artigo 18.º		332	336	63	ue/regulamentos/2006/32006R0051.md
32006R0051	Artigo 19.º		340	348	186	ue/regulamentos/2006/32006R0051.md
32006R0051	Artigo 20.º		350	378	170	ue/regulamentos/2006/32006R0051.md
32006R0051	Artigo 21.º		380	384	33	ue/regulamentos/2006/32006R0051.md
32006R0051	Artigo 22.º		386	394	192	ue/regulamentos/2006/32006R0051.md
32006R0051	Artigo 23.º		396	402	141	ue/regulamentos/2006/32006R0051.md
32006R0051	Artigo 24.º		404	412	209	ue/regulamentos/2006/32006R0051.md
32006R0051	Artigo 25.º		414	424	477	ue/regulamentos/2006/32006R0051.md
32006R0051	Artigo 26.º		430	468	550	ue/regulamentos/2006/32006R0051.md
32006R0051	Artigo 27.º		472	478	157	ue/regulamentos/2006/32006R0051.md
32006R0051	Artigo 28.º		480	490	202	ue/regulamentos/2006/32006R0051.md
32006R0051	Artigo 29.º		492	504	504	ue/regulamentos/2006/32006R0051.md
32006R0051	Artigo 30.º		506	512	201	ue/regulamentos/2006/32006R0051.md
32006R0051	Artigo 31.º		516	528	360	ue/regulamentos/2006/32006R0051.md
32006R0051	Artigo 32.º		530	548	410	ue/regulamentos/2006/32006R0051.md
32006R0051	Artigo 33.º		550	560	192	ue/regulamentos/2006/32006R0051.md
32006R0051	Artigo 34.º		562	576	348	ue/regulamentos/2006/32006R0051.md
32006R0051	Artigo 35.º		578	610	597	ue/regulamentos/2006/32006R0051.md
32006R0051	Artigo 36.º		612	624	378	ue/regulamentos/2006/32006R0051.md
32006R0051	Artigo 37.º		628	663	367	ue/regulamentos/2006/32006R0051.md
32006R0051	Artigo 38.º		667	671	109	ue/regulamentos/2006/32006R0051.md
32006R0051	Artigo 39.º		675	685	254	ue/regulamentos/2006/32006R0051.md
32006R0051	Artigo 40.º		691	697	87	ue/regulamentos/2006/32006R0051.md
32006R0051	Artigo 41.º		699	749	531	ue/regulamentos/2006/32006R0051.md
32006R0051	Artigo 42.º		753	763	343	ue/regulamentos/2006/32006R0051.md
32006R0051	Artigo 43.º		765	775	256	ue/regulamentos/2006/32006R0051.md
32006R0051	Artigo 44.º		777	807	589	ue/regulamentos/2006/32006R0051.md
32006R0051	Artigo 45.º		809	821	234	ue/regulamentos/2006/32006R0051.md
32006R0051	Artigo 46.º		823	837	430	ue/regulamentos/2006/32006R0051.md
32006R0051	Artigo 47.º		839	861	292	ue/regulamentos/2006/32006R0051.md
32006R0051	Artigo 48.º		863	881	521	ue/regulamentos/2006/32006R0051.md
32006R0051	Artigo 49.º		883	887	96	ue/regulamentos/2006/32006R0051.md
32006R0051	Artigo 50.º		891	895	87	ue/regulamentos/2006/32006R0051.md
32006R0051	Artigo 51.º		897	907	136	ue/regulamentos/2006/32006R0051.md
32006R0051	ANEXO I	LIMITES DE CAPTURA APLICÁVEIS AOS NAVIOS DE PESCA COMUNITÁRIOS NAS ZONAS EM QUE EXISTEM LIMITES DE CAPTURA E AOS NAVIOS DE PESCA DE PAÍSES TERCEIROS NAS ÁGUAS D	909	1001	1166	ue/regulamentos/2006/32006R0051.md
32006R0051	ANEXO I-A	SKAGERRAK, KATTEGAT, MAR DO NORTE E ÁGUAS OCIDENTAIS COMUNITÁRIAS ZONAS CIEM VB (ÁGUAS DA CE), VI, VII, VIII, IX, X, CECAF (ÁGUAS DA CE) E GUIANA FRANCESA	1003	2352	20110	ue/regulamentos/2006/32006R0051.md
32006R0051	ANEXO I-B	ATLÂNTICO NORDESTE E GRONELÂNDIA	2354	2674	4613	ue/regulamentos/2006/32006R0051.md
32006R0051	ANEXO I-C	ZONA ATLÂNTICO NOROESTE	2676	2821	2070	ue/regulamentos/2006/32006R0051.md
32006R0051	ANEXO I-D		2823	2823	3	ue/regulamentos/2006/32006R0051.md
32006R0051	ANEXO I-E	ANTÁRCTICO	2896	3012	2294	ue/regulamentos/2006/32006R0051.md
32006R0051	ANEXO II		3014	3014	3	ue/regulamentos/2006/32006R0051.md
32006R0051	ANEXO II-A	ESFORÇO DE PESCA DOS NAVIOS NO ÂMBITO DA RECUPERAÇÃO DE DETERMINADAS UNIDADES POPULACIONAIS	3016	3378	7882	ue/regulamentos/2006/32006R0051.md
32006R0051	Apêndice 1 do Anexo II-A		3380	3392	374	ue/regulamentos/2006/32006R0051.md
32006R0051	Apêndice 2 do Anexo II-A		3394	3410	477	ue/regulamentos/2006/32006R0051.md
32006R0051	Apêndice 3 do Anexo II-A		3412	3424	373	ue/regulamentos/2006/32006R0051.md
32006R0051	ANEXO II-B	ESFORÇO DE PESCA DOS NAVIOS NO ÂMBITO DA RECUPERAÇÃO DE DETERMINADAS UNIDADES POPULACIONAIS DE PESCADA DO SUL E DE LAGOSTIM	3426	3600	3933	ue/regulamentos/2006/32006R0051.md
32006R0051	ANEXO II-C	ESFORÇO DE PESCA DOS NAVIOS NO ÂMBITO DA RECUPERAÇÃO DAS UNIDADES POPULACIONAIS DE LINGUADO DO CANAL DA MANCHA OCIDENTAL	3602	3804	4410	ue/regulamentos/2006/32006R0051.md
32006R0051	ANEXO II-D	ESFORÇO DE PESCA DOS NAVIOS QUE PESCAM GALEOTA NA SUBZONA IV E NAS DIVISÕES IIA E IIIA	3806	3844	970	ue/regulamentos/2006/32006R0051.md
32006R0051	ANEXO III	MEDIDAS TÉCNICAS E DE CONTROLO TRANSITÓRIAS	3846	4337	8353	ue/regulamentos/2006/32006R0051.md
32006R0051	Apêndice 1 do Anexo III	ARTES REBOCADAS: Skagerrak e Kattegat	4339	4368	851	ue/regulamentos/2006/32006R0051.md
32006R0051	Apêndice 2 do Anexo III	Características da grelha separadora das redes de arrasto com malhagem de 70 mm utilizadas no Skagerrak e Kattegat	4370	4384	536	ue/regulamentos/2006/32006R0051.md
32006R0051	Apêndice 3 do Anexo III	Condições aplicáveis à pesca com determinadas artes rebocadas autorizadas nas subzonas CIEM III, IV, V, VI e VII ►C1 e divisões CIEM VIII a, b, d, e ◄	4386	4426	555	ue/regulamentos/2006/32006R0051.md
32006R0051	Apêndice 4 do anexo III		4428	4452	268	ue/regulamentos/2006/32006R0051.md
32006R0051	ANEXO IV		4454	4518	1944	ue/regulamentos/2006/32006R0051.md
32006R0051	ANEXO V		4520	4564	358	ue/regulamentos/2006/32006R0051.md
32006R0051	ANEXO VI	TEOR E REGRAS DE TRANSMISSÃO DE INFORMAÇÕES À COMISSÃO	4566	4923	4627	ue/regulamentos/2006/32006R0051.md
32006R0051	ANEXO VII	LISTA DAS ESPÉCIES	4925	5104	2319	ue/regulamentos/2006/32006R0051.md
32006R0051	ANEXO VIII		5106	5144	576	ue/regulamentos/2006/32006R0051.md
32006R0051	ANEXO IX	BICHANAS NA PESCA DE ARRASTO DO CAMARÃO: ÁREA DE REGULAMENTAÇÃO DA NAFO	5146	5152	169	ue/regulamentos/2006/32006R0051.md
32006R0051	ANEXO X		5154	5165	198	ue/regulamentos/2006/32006R0051.md
32006R0051	ANEXO XI	REGISTO DAS CAPTURAS (REGISTOS DO DIÁRIO DE BORDO)	5167	5340	1717	ue/regulamentos/2006/32006R0051.md
32006R0051	ANEXO XII	ÁREA DE REGULAMENTAÇÃO DA NAFO	5342	5367	338	ue/regulamentos/2006/32006R0051.md
32006R0051	ANEXO XIII		5369	5383	343	ue/regulamentos/2006/32006R0051.md
32006R0051	ANEXO XIV	LIMITES DE CAPTURAS E CAPTURAS ACESSÓRIAS NAS NOVAS PESCARIAS E NAS PESCARIAS EXPLORATÓRIAS NA ZONA DA CCAMLR EM 2005/2006	5385	5466	1436	ue/regulamentos/2006/32006R0051.md
32006R0066	Preâmbulo		18	30	267	ue/regulamentos/2006/32006R0066.md
32006R0066	Artigo 1.º		34	40	146	ue/regulamentos/2006/32006R0066.md
32006R0066	Artigo 2.º		42	44	156	ue/regulamentos/2006/32006R0066.md
32006R0066	Artigo 3.º		46	64	346	ue/regulamentos/2006/32006R0066.md
32006R0066	Artigo 4.º		66	70	62	ue/regulamentos/2006/32006R0066.md
32006R0066	Artigo 5.º		72	88	126	ue/regulamentos/2006/32006R0066.md
32006R0066	ANEXO I		90	96	54	ue/regulamentos/2006/32006R0066.md
32006R0066	ANEXO II		98	114	158	ue/regulamentos/2006/32006R0066.md
32006R0076	Artigo 1.º		50	52	29	ue/regulamentos/2006/32006R0076.md
32006R0076	Artigo 2.º		54	58	59	ue/regulamentos/2006/32006R0076.md
32006R0076	ANEXO		60	336	8979	ue/regulamentos/2006/32006R0076.md
32006R0084	Preâmbulo		18	32	240	ue/regulamentos/2006/32006R0084.md
32006R0084	Artigo 1.º		36	38	31	ue/regulamentos/2006/32006R0084.md
32006R0084	Artigo 2.º		40	54	128	ue/regulamentos/2006/32006R0084.md
32006R0084	ANEXO		56	62	122	ue/regulamentos/2006/32006R0084.md
32006R0085	Artigo 1.º		488	519	1288	ue/regulamentos/2006/32006R0085.md
32006R0085	Artigo 2.º		521	529	198	ue/regulamentos/2006/32006R0085.md
32006R0085	Artigo 3.º		531	549	251	ue/regulamentos/2006/32006R0085.md
32006R0142	Preâmbulo		18	32	299	ue/regulamentos/2006/32006R0142.md
32006R0142	Artigo 1.º		36	38	31	ue/regulamentos/2006/32006R0142.md
32006R0142	Artigo 2.º		40	54	132	ue/regulamentos/2006/32006R0142.md
32006R0142	ANEXO		56	62	157	ue/regulamentos/2006/32006R0142.md
32006R0166	Artigo 1.º	Objecto	38	40	135	ue/regulamentos/2006/32006R0166.md
32006R0166	Artigo 2.º	Definições	42	78	822	ue/regulamentos/2006/32006R0166.md
32006R0166	Artigo 3.º	Conteúdo do PRTR europeu	80	88	173	ue/regulamentos/2006/32006R0166.md
32006R0166	Artigo 4.º	Concepção e estrutura	90	120	410	ue/regulamentos/2006/32006R0166.md
32006R0166	Artigo 5.º	Comunicação de dados pelos operadores	122	150	901	ue/regulamentos/2006/32006R0166.md
32006R0166	Artigo 6.º	Emissões para o solo	152	154	80	ue/regulamentos/2006/32006R0166.md
32006R0166	Artigo 7.º	Comunicação de dados pelos Estados-Membros	156	168	280	ue/regulamentos/2006/32006R0166.md
32006R0166	Artigo 8.º	Emissões de fontes difusas	170	180	232	ue/regulamentos/2006/32006R0166.md
32006R0166	Artigo 9.º	Garantia e avaliação da qualidade	182	190	221	ue/regulamentos/2006/32006R0166.md
32006R0166	Artigo 10.º	Acesso às informações	192	198	122	ue/regulamentos/2006/32006R0166.md
32006R0166	Artigo 11.º	Confidencialidade	200	204	104	ue/regulamentos/2006/32006R0166.md
32006R0166	Artigo 12.º	Participação do público	206	212	126	ue/regulamentos/2006/32006R0166.md
32006R0166	Artigo 13.º	Acesso à justiça	214	216	117	ue/regulamentos/2006/32006R0166.md
32006R0166	Artigo 14.º	Documento de orientação	218	236	223	ue/regulamentos/2006/32006R0166.md
32006R0166	Artigo 15.º	Sensibilização	238	244	70	ue/regulamentos/2006/32006R0166.md
32006R0166	Artigo 18.º	Alteração dos anexos	246	254	95	ue/regulamentos/2006/32006R0166.md
32006R0166	Artigo 18.º-A	Exercício da delegação	256	270	487	ue/regulamentos/2006/32006R0166.md
32006R0166	Artigo 19.º	Procedimento do comité	272	282	85	ue/regulamentos/2006/32006R0166.md
32006R0166	Artigo 20.º	Sanções	284	288	134	ue/regulamentos/2006/32006R0166.md
32006R0166	Artigo 21.º	Alterações das Directivas 91/689/CEE e 96/61/CE	290	294	47	ue/regulamentos/2006/32006R0166.md
32006R0166	Artigo 22.º	Entrada em vigor	296	300	65	ue/regulamentos/2006/32006R0166.md
32006R0166	ANEXO I	Actividades	302	370	2524	ue/regulamentos/2006/32006R0166.md
32006R0166	ANEXO II	Poluentes ([^1])	372	482	2273	ue/regulamentos/2006/32006R0166.md
32006R0178	Preâmbulo		18	38	416	ue/regulamentos/2006/32006R0178.md
32006R0178	Artigo 1.º		42	44	31	ue/regulamentos/2006/32006R0178.md
32006R0178	Artigo 2.º		46	60	98	ue/regulamentos/2006/32006R0178.md
32006R0178	ANEXO	«ANEXO I	62	463	7538	ue/regulamentos/2006/32006R0178.md
32006R0198	Artigo 1.º		60	62	43	ue/regulamentos/2006/32006R0198.md
32006R0198	Artigo 2.º		64	66	28	ue/regulamentos/2006/32006R0198.md
32006R0198	Artigo 3.º		68	70	27	ue/regulamentos/2006/32006R0198.md
32006R0198	Artigo 4.º		72	74	72	ue/regulamentos/2006/32006R0198.md
32006R0198	Artigo 5.º		76	80	84	ue/regulamentos/2006/32006R0198.md
32006R0198	Artigo 6.º		82	84	30	ue/regulamentos/2006/32006R0198.md
32006R0198	Artigo 7.º		86	88	68	ue/regulamentos/2006/32006R0198.md
32006R0198	Artigo 8.º		90	92	81	ue/regulamentos/2006/32006R0198.md
32006R0198	Artigo 9.º		94	100	65	ue/regulamentos/2006/32006R0198.md
32006R0198	ANEXO I	Variáveis	102	338	3914	ue/regulamentos/2006/32006R0198.md
32006R0198	ANEXO II	Amostra	340	370	482	ue/regulamentos/2006/32006R0198.md
32006R0198	ANEXO III	Princípios de imputação e ponderação dos registos	372	400	531	ue/regulamentos/2006/32006R0198.md
32006R0198	ANEXO IV		402	418	225	ue/regulamentos/2006/32006R0198.md
32006R0198	ANEXO V	Relatório de qualidade	420	552	2408	ue/regulamentos/2006/32006R0198.md
32006R0216	Preâmbulo		18	34	333	ue/regulamentos/2006/32006R0216.md
32006R0216	Artigo 1.º		38	40	39	ue/regulamentos/2006/32006R0216.md
32006R0216	Artigo 2.º		42	58	136	ue/regulamentos/2006/32006R0216.md
32006R0216	ANEXO		60	65	236	ue/regulamentos/2006/32006R0216.md
32006R0217	Preâmbulo		18	44	552	ue/regulamentos/2006/32006R0217.md
32006R0217	Artigo 1.º		48	62	170	ue/regulamentos/2006/32006R0217.md
32006R0217	Artigo 2.º		64	80	543	ue/regulamentos/2006/32006R0217.md
32006R0217	Artigo 3.º		82	96	140	ue/regulamentos/2006/32006R0217.md
32006R0217	Artigo 4.º		98	100	91	ue/regulamentos/2006/32006R0217.md
32006R0217	Artigo 5.º		102	112	274	ue/regulamentos/2006/32006R0217.md
32006R0217	Artigo 6.º		114	136	240	ue/regulamentos/2006/32006R0217.md
32006R0227	Preâmbulo		18	38	491	ue/regulamentos/2006/32006R0227.md
32006R0227	Artigo 1.º		42	44	49	ue/regulamentos/2006/32006R0227.md
32006R0227	Artigo 2.º		46	48	86	ue/regulamentos/2006/32006R0227.md
32006R0227	Artigo 3.º		50	66	174	ue/regulamentos/2006/32006R0227.md
32006R0227	ANEXO		68	83	1594	ue/regulamentos/2006/32006R0227.md
32006R0241	Preâmbulo		18	34	332	ue/regulamentos/2006/32006R0241.md
32006R0241	Artigo 1.º		38	40	42	ue/regulamentos/2006/32006R0241.md
32006R0241	Artigo 2.º		42	58	136	ue/regulamentos/2006/32006R0241.md
32006R0241	ANEXO		60	65	464	ue/regulamentos/2006/32006R0241.md
32006R0242	Preâmbulo		18	38	492	ue/regulamentos/2006/32006R0242.md
32006R0242	Artigo 1.º		42	44	49	ue/regulamentos/2006/32006R0242.md
32006R0242	Artigo 2.º		46	48	87	ue/regulamentos/2006/32006R0242.md
32006R0242	Artigo 3.º		50	66	174	ue/regulamentos/2006/32006R0242.md
32006R0242	ANEXO		68	73	206	ue/regulamentos/2006/32006R0242.md
32006R0246	Preâmbulo		18	34	328	ue/regulamentos/2006/32006R0246.md
32006R0246	Artigo 1.º		38	40	31	ue/regulamentos/2006/32006R0246.md
32006R0246	Artigo 2.º		42	56	130	ue/regulamentos/2006/32006R0246.md
32006R0246	ANEXO		58	82	772	ue/regulamentos/2006/32006R0246.md
32006R0249	Preâmbulo		18	50	883	ue/regulamentos/2006/32006R0249.md
32006R0249	Artigo 1.º		54	56	42	ue/regulamentos/2006/32006R0249.md
32006R0249	Artigo 2.º		58	60	42	ue/regulamentos/2006/32006R0249.md
32006R0249	Artigo 3.º		62	64	42	ue/regulamentos/2006/32006R0249.md
32006R0249	Artigo 4.º		66	68	42	ue/regulamentos/2006/32006R0249.md
32006R0249	Artigo 5.º		70	72	55	ue/regulamentos/2006/32006R0249.md
32006R0249	Artigo 6.º		74	96	185	ue/regulamentos/2006/32006R0249.md
32006R0252	Artigo 3.º		43	45	64	ue/regulamentos/2006/32006R0252.md
32006R0252	Artigo 4.º		47	57	70	ue/regulamentos/2006/32006R0252.md
32006R0252	ANEXO III		59	74	1228	ue/regulamentos/2006/32006R0252.md
32006R0253	Preâmbulo		18	48	1007	ue/regulamentos/2006/32006R0253.md
32006R0253	Artigo 1.º		52	54	34	ue/regulamentos/2006/32006R0253.md
32006R0253	Artigo 2.º		56	76	157	ue/regulamentos/2006/32006R0253.md
32006R0253	ANEXO		78	137	1323	ue/regulamentos/2006/32006R0253.md
32006R0266	Preâmbulo		18	52	1163	ue/regulamentos/2006/32006R0266.md
32006R0266	Artigo 1.º	Objecto	56	60	116	ue/regulamentos/2006/32006R0266.md
32006R0266	Artigo 2.º	Definições	62	68	55	ue/regulamentos/2006/32006R0266.md
32006R0266	Artigo 3.º	Elegibilidade para assistência e procedimento	70	78	292	ue/regulamentos/2006/32006R0266.md
32006R0266	Artigo 4.º	Estratégia de adaptação plurianual	80	98	420	ue/regulamentos/2006/32006R0266.md
32006R0266	Artigo 5.º	Medidas adoptadas pela Comissão	100	108	236	ue/regulamentos/2006/32006R0266.md
32006R0266	Artigo 6.º	Aplicação das medidas	110	112	166	ue/regulamentos/2006/32006R0266.md
32006R0266	Artigo 7.º	Procedimento de comitologia	114	124	151	ue/regulamentos/2006/32006R0266.md
32006R0266	Artigo 8.º	Montante global	126	128	46	ue/regulamentos/2006/32006R0266.md
32006R0266	Artigo 9.º	Afectação do montante global	130	138	298	ue/regulamentos/2006/32006R0266.md
32006R0266	Artigo 10.º	Protecção dos interesses financeiros da Comunidade	140	146	308	ue/regulamentos/2006/32006R0266.md
32006R0266	Artigo 11.º	Período de vigência	148	188	412	ue/regulamentos/2006/32006R0266.md
32006R0266	ANEXO	Países signatários do Protocolo do Açúcar, a que se refere o artigo 2.º	190	226	98	ue/regulamentos/2006/32006R0266.md
32006R0267	Preâmbulo		18	34	342	ue/regulamentos/2006/32006R0267.md
32006R0267	Artigo 1.º		38	40	69	ue/regulamentos/2006/32006R0267.md
32006R0267	Artigo 2.º		42	58	133	ue/regulamentos/2006/32006R0267.md
32006R0267	ANEXO		60	74	550	ue/regulamentos/2006/32006R0267.md
32006R0269	Preâmbulo		18	36	240	ue/regulamentos/2006/32006R0269.md
32006R0269	Artigo 1.º		40	48	54	ue/regulamentos/2006/32006R0269.md
32006R0269	«Artigo 1.º-A		50	56	192	ue/regulamentos/2006/32006R0269.md
32006R0269	Artigo 2.º		58	74	115	ue/regulamentos/2006/32006R0269.md
32006R0305	Artigo 1.º		29	57	563	ue/regulamentos/2006/32006R0305.md
32006R0305	Artigo 2.º		59	83	474	ue/regulamentos/2006/32006R0305.md
32006R0305	Artigo 3.º		85	99	339	ue/regulamentos/2006/32006R0305.md
32006R0305	Artigo 4.º		101	103	114	ue/regulamentos/2006/32006R0305.md
32006R0305	Artigo 5.º		105	115	312	ue/regulamentos/2006/32006R0305.md
32006R0305	Artigo 6.º		117	119	104	ue/regulamentos/2006/32006R0305.md
32006R0305	Artigo 7.º		121	123	89	ue/regulamentos/2006/32006R0305.md
32006R0305	Artigo 8.º		125	133	108	ue/regulamentos/2006/32006R0305.md
32006R0305	Artigo 9.º		135	139	114	ue/regulamentos/2006/32006R0305.md
32006R0305	Artigo 10.º		141	153	151	ue/regulamentos/2006/32006R0305.md
32006R0305	Artigo 11.º		155	159	59	ue/regulamentos/2006/32006R0305.md
32006R0305	ANEXO I		161	165	67	ue/regulamentos/2006/32006R0305.md
32006R0305	ANEXO II		167	291	634	ue/regulamentos/2006/32006R0305.md
32006R0315	Preâmbulo		18	34	341	ue/regulamentos/2006/32006R0315.md
32006R0315	Artigo 1.º		38	40	77	ue/regulamentos/2006/32006R0315.md
32006R0315	Artigo 2.º		42	56	120	ue/regulamentos/2006/32006R0315.md
32006R0315	ANEXO		58	298	2744	ue/regulamentos/2006/32006R0315.md
32006R0317	Preâmbulo		18	40	342	ue/regulamentos/2006/32006R0317.md
32006R0317	Artigo 1.º		44	46	20	ue/regulamentos/2006/32006R0317.md
32006R0317	Artigo 2.º		48	66	150	ue/regulamentos/2006/32006R0317.md
32006R0317	ANEXO		68	4844	130216	ue/regulamentos/2006/32006R0317.md
32006R0336	Artigo 1.º	Objecto	38	44	137	ue/regulamentos/2006/32006R0336.md
32006R0336	Artigo 2.º	Definições	46	90	879	ue/regulamentos/2006/32006R0336.md
32006R0336	Artigo 3.º	Aplicação	92	114	369	ue/regulamentos/2006/32006R0336.md
32006R0336	Artigo 4.º	Cumprimento	116	118	46	ue/regulamentos/2006/32006R0336.md
32006R0336	Artigo 5.º	Requisitos de gestão de segurança	120	122	46	ue/regulamentos/2006/32006R0336.md
32006R0336	Artigo 6.º	Certificação e verificação	124	126	40	ue/regulamentos/2006/32006R0336.md
32006R0336	Artigo 7.º	Derrogação	128	142	407	ue/regulamentos/2006/32006R0336.md
32006R0336	Artigo 8.º	Validade, aceitação e reconhecimento dos certificados	144	154	391	ue/regulamentos/2006/32006R0336.md
32006R0336	Artigo 9.º	Sanções	156	158	73	ue/regulamentos/2006/32006R0336.md
32006R0336	Artigo 10.º	Apresentação de relatórios	160	166	158	ue/regulamentos/2006/32006R0336.md
32006R0336	Artigo 11.º	Alterações	168	176	216	ue/regulamentos/2006/32006R0336.md
32006R0336	Artigo 11.º-A	Exercício da delegação	178	192	475	ue/regulamentos/2006/32006R0336.md
32006R0336	Artigo 12.º	Procedimento de comité	194	204	128	ue/regulamentos/2006/32006R0336.md
32006R0336	Artigo 13.º	Revogação	206	210	106	ue/regulamentos/2006/32006R0336.md
32006R0336	Artigo 14.º	Entrada em vigor	212	218	113	ue/regulamentos/2006/32006R0336.md
32006R0336	ANEXO I	Código Internacional de Gestão para a Segurança da Exploração dos Navios e a Prevenção da Poluição [Código Internacional de Gestão da Segurança (Código ISM)]	220	512	5585	ue/regulamentos/2006/32006R0336.md
32006R0336	Apêndice	Modelos do documento de conformidade, do certificado de gestão da segurança, do documento de conformidade provisório e do certificado provisório de gestão da se	514	789	1821	ue/regulamentos/2006/32006R0336.md
32006R0336	ANEXO II	DISPOSIÇÕES DESTINADAS ÀS ADMINISTRAÇÕES E RELATIVAS À APLICAÇÃO DO CÓDIGO INTERNACIONAL DE GESTÃO DA SEGURANÇA (CÓDIGO ISM)	791	1187	4151	ue/regulamentos/2006/32006R0336.md
32006R0338	Artigo 1.º		34	36	51	ue/regulamentos/2006/32006R0338.md
32006R0338	Artigo 2.º		38	40	154	ue/regulamentos/2006/32006R0338.md
32006R0338	Artigo 3.º		42	46	64	ue/regulamentos/2006/32006R0338.md
32006R0338	ANEXO		48	56	321	ue/regulamentos/2006/32006R0338.md
32006R0339	Preâmbulo		22	40	460	ue/regulamentos/2006/32006R0339.md
32006R0339	Artigo 1.º		44	46	31	ue/regulamentos/2006/32006R0339.md
32006R0339	Artigo 2.º		48	62	131	ue/regulamentos/2006/32006R0339.md
32006R0339	ANEXO		64	94	185	ue/regulamentos/2006/32006R0339.md
32006R0341	Preâmbulo		18	38	802	ue/regulamentos/2006/32006R0341.md
32006R0341	Artigo 1.º		42	44	75	ue/regulamentos/2006/32006R0341.md
32006R0341	Artigo 2.º		46	50	58	ue/regulamentos/2006/32006R0341.md
32006R0341	Artigo 3.º		52	76	213	ue/regulamentos/2006/32006R0341.md
32006R0341	ANEXO		78	90	2558	ue/regulamentos/2006/32006R0341.md
32006R0342	Preâmbulo		18	100	2337	ue/regulamentos/2006/32006R0342.md
32006R0342	Artigo 1.º		104	106	148	ue/regulamentos/2006/32006R0342.md
32006R0342	Artigo 2.º		108	110	38	ue/regulamentos/2006/32006R0342.md
32006R0342	Artigo 3.º		112	114	85	ue/regulamentos/2006/32006R0342.md
32006R0342	Artigo 4.º		116	138	548	ue/regulamentos/2006/32006R0342.md
32006R0342	Artigo 5.º		140	158	259	ue/regulamentos/2006/32006R0342.md
32006R0351	Preâmbulo		18	42	554	ue/regulamentos/2006/32006R0351.md
32006R0351	Artigo 1.º		46	50	163	ue/regulamentos/2006/32006R0351.md
32006R0351	Artigo 2.º		52	58	196	ue/regulamentos/2006/32006R0351.md
32006R0351	Artigo 3.º		60	76	130	ue/regulamentos/2006/32006R0351.md
32006R0351	ANEXO		78	220	758	ue/regulamentos/2006/32006R0351.md
32006R0352	Preâmbulo		18	34	212	ue/regulamentos/2006/32006R0352.md
32006R0352	Artigo 1.º		38	40	37	ue/regulamentos/2006/32006R0352.md
32006R0352	Artigo 2.º		42	56	90	ue/regulamentos/2006/32006R0352.md
32006R0357	Preâmbulo		18	32	297	ue/regulamentos/2006/32006R0357.md
32006R0357	Artigo 1.º		36	38	31	ue/regulamentos/2006/32006R0357.md
32006R0357	Artigo 2.º		40	54	132	ue/regulamentos/2006/32006R0357.md
32006R0357	ANEXO		56	62	200	ue/regulamentos/2006/32006R0357.md
32006R0389	Preâmbulo		18	54	880	ue/regulamentos/2006/32006R0389.md
32006R0389	Artigo 1.º	Objectivo global e beneficiários	58	64	237	ue/regulamentos/2006/32006R0389.md
32006R0389	Artigo 2.º	Objectivos	66	80	292	ue/regulamentos/2006/32006R0389.md
32006R0389	Artigo 3.º	Gestão da assistência	82	92	277	ue/regulamentos/2006/32006R0389.md
32006R0389	Artigo 4.º	Tipos de assistência	94	100	219	ue/regulamentos/2006/32006R0389.md
32006R0389	Artigo 5.º	Implementação da assistência	102	114	371	ue/regulamentos/2006/32006R0389.md
32006R0389	Artigo 6.º		116	122	144	ue/regulamentos/2006/32006R0389.md
32006R0389	Artigo 7.º	Protecção dos direitos das pessoas singulares e colectivas	124	128	194	ue/regulamentos/2006/32006R0389.md
32006R0389	Artigo 8.º	Protecção dos interesses financeiros da Comunidade	130	138	530	ue/regulamentos/2006/32006R0389.md
32006R0389	Artigo 9.º	Participação em concursos e contratos	140	156	408	ue/regulamentos/2006/32006R0389.md
32006R0389	Artigo 10.º	Relatórios	158	160	101	ue/regulamentos/2006/32006R0389.md
32006R0389	Artigo 11.º	Eventualidade de uma solução	162	164	59	ue/regulamentos/2006/32006R0389.md
32006R0389	Artigo 12.º	Entrada em vigor	166	192	265	ue/regulamentos/2006/32006R0389.md
32006R0400	Preâmbulo		18	38	496	ue/regulamentos/2006/32006R0400.md
32006R0400	Artigo 1.º		42	44	49	ue/regulamentos/2006/32006R0400.md
32006R0400	Artigo 2.º		46	48	86	ue/regulamentos/2006/32006R0400.md
32006R0400	Artigo 3.º		50	66	172	ue/regulamentos/2006/32006R0400.md
32006R0400	ANEXO		68	80	1109	ue/regulamentos/2006/32006R0400.md
32006R0401	Artigo 1.º		38	40	45	ue/regulamentos/2006/32006R0401.md
32006R0401	Artigo 2.º		42	44	50	ue/regulamentos/2006/32006R0401.md
32006R0401	Artigo 3.º		46	50	49	ue/regulamentos/2006/32006R0401.md
32006R0401	Artigo 4.º		52	58	75	ue/regulamentos/2006/32006R0401.md
32006R0401	ANEXO I ([^1])		60	1014	18750	ue/regulamentos/2006/32006R0401.md
32006R0401	ANEXO II		1016	1496	8976	ue/regulamentos/2006/32006R0401.md
32006R0417	Preâmbulo		18	32	289	ue/regulamentos/2006/32006R0417.md
32006R0417	Artigo 1.º		36	38	38	ue/regulamentos/2006/32006R0417.md
32006R0417	Artigo 2.º		40	70	229	ue/regulamentos/2006/32006R0417.md
32006R0417	ANEXO		72	100	114	ue/regulamentos/2006/32006R0417.md
32006R0426	Preâmbulo		18	38	443	ue/regulamentos/2006/32006R0426.md
32006R0426	Artigo 1.º		42	48	173	ue/regulamentos/2006/32006R0426.md
32006R0426	Artigo 2.º		50	70	182	ue/regulamentos/2006/32006R0426.md
32006R0432	Preâmbulo		18	42	752	ue/regulamentos/2006/32006R0432.md
32006R0432	Artigo 1.º		46	64	366	ue/regulamentos/2006/32006R0432.md
32006R0432	«Artigo 34.º-A	Existências em 31 de Março de 2006	66	80	334	ue/regulamentos/2006/32006R0432.md
32006R0432	«Artigo 35.º	Período transitório facultativo	82	100	656	ue/regulamentos/2006/32006R0432.md
32006R0432	Artigo 2.º		102	122	201	ue/regulamentos/2006/32006R0432.md
32006R0432	ANEXO	«ANEXO I	124	144	218	ue/regulamentos/2006/32006R0432.md
32006R0434	Preâmbulo		18	36	308	ue/regulamentos/2006/32006R0434.md
32006R0434	Artigo 1.º		40	44	65	ue/regulamentos/2006/32006R0434.md
32006R0434	Artigo 2.º		46	64	144	ue/regulamentos/2006/32006R0434.md
32006R0437	Preâmbulo		18	38	523	ue/regulamentos/2006/32006R0437.md
32006R0437	Artigo 1.º		42	44	51	ue/regulamentos/2006/32006R0437.md
32006R0437	Artigo 2.º		46	48	175	ue/regulamentos/2006/32006R0437.md
32006R0437	Artigo 3.º		50	66	173	ue/regulamentos/2006/32006R0437.md
32006R0437	ANEXO		68	81	775	ue/regulamentos/2006/32006R0437.md
32006R0463	Preâmbulo		18	36	394	ue/regulamentos/2006/32006R0463.md
32006R0463	Artigo 1.º		40	44	126	ue/regulamentos/2006/32006R0463.md
32006R0463	Artigo 2.º		46	66	229	ue/regulamentos/2006/32006R0463.md
32006R0463	ANEXO		68	79	136	ue/regulamentos/2006/32006R0463.md
32006R0471	Preâmbulo		18	34	313	ue/regulamentos/2006/32006R0471.md
32006R0471	Artigo 1.º		38	42	118	ue/regulamentos/2006/32006R0471.md
32006R0471	Artigo 2.º		44	60	167	ue/regulamentos/2006/32006R0471.md
32006R0471	ANEXO		62	71	106	ue/regulamentos/2006/32006R0471.md
32006R0474	Artigo 1.º	Objecto	29	31	54	ue/regulamentos/2006/32006R0474.md
32006R0474	Artigo 2.º	Proibições de operação	33	37	100	ue/regulamentos/2006/32006R0474.md
32006R0474	Artigo 3.º	Execução	39	41	82	ue/regulamentos/2006/32006R0474.md
32006R0474	Artigo 4.º	Entrada em vigor	43	49	68	ue/regulamentos/2006/32006R0474.md
32006R0474	ANEXO A	LISTA DAS TRANSPORTADORAS AÉREAS OBJETO DE UMA PROIBIÇÃO DE OPERAÇÃO NA UNIÃO, COM EXCEÇÕES ([^1])	51	225	3026	ue/regulamentos/2006/32006R0474.md
32006R0474	ANEXO B	LISTA DAS TRANSPORTADORAS AÉREAS SUJEITAS A RESTRIÇÕES OPERACIONAIS NA UNIÃO ([^2])	227	236	392	ue/regulamentos/2006/32006R0474.md
32006R0479	Artigo 1.º		38	40	63	ue/regulamentos/2006/32006R0479.md
32006R0479	Artigo 2.º		42	46	64	ue/regulamentos/2006/32006R0479.md
32006R0479	ANEXO		48	59	376	ue/regulamentos/2006/32006R0479.md
32006R0486	Preâmbulo		18	38	307	ue/regulamentos/2006/32006R0486.md
32006R0486	Artigo 1.º		42	44	65	ue/regulamentos/2006/32006R0486.md
32006R0486	Artigo 2.º		46	64	148	ue/regulamentos/2006/32006R0486.md
32006R0486	ANEXO		66	77	274	ue/regulamentos/2006/32006R0486.md
32006R0488	Preâmbulo		18	34	263	ue/regulamentos/2006/32006R0488.md
32006R0488	Artigo 1.º		38	40	49	ue/regulamentos/2006/32006R0488.md
32006R0488	Artigo 2.º		42	58	135	ue/regulamentos/2006/32006R0488.md
32006R0488	ANEXO		60	79	126	ue/regulamentos/2006/32006R0488.md
32006R0491	Preâmbulo		18	38	466	ue/regulamentos/2006/32006R0491.md
32006R0491	Artigo 1.º		42	56	136	ue/regulamentos/2006/32006R0491.md
32006R0491	«Artigo 4.º-A		58	84	617	ue/regulamentos/2006/32006R0491.md
32006R0491	Artigo 2.º		86	104	201	ue/regulamentos/2006/32006R0491.md
32006R0491	ANEXO	«ANEXO	106	126	182	ue/regulamentos/2006/32006R0491.md
32006R0493	Artigo 1.º	Reporte de quotas	76	88	298	ue/regulamentos/2006/32006R0493.md
32006R0493	Artigo 2.º	Açúcar C	90	102	302	ue/regulamentos/2006/32006R0493.md
32006R0493	Artigo 3.º	Retirada preventiva	104	128	484	ue/regulamentos/2006/32006R0493.md
32006R0493	Artigo 3.º.ºA	Utilização de açúcar de quota	130	138	256	ue/regulamentos/2006/32006R0493.md
32006R0493	Artigo 4.º	Ajuda para o açúcar produzido nos departamentos franceses ultramarinos	140	160	392	ue/regulamentos/2006/32006R0493.md
32006R0493	Artigo 5.º	Ajuda para a refinação	162	174	422	ue/regulamentos/2006/32006R0493.md
32006R0493	Artigo 6.º	Quotizações	176	178	104	ue/regulamentos/2006/32006R0493.md
32006R0493	Artigo 7.º	Restituições à produção	180	182	65	ue/regulamentos/2006/32006R0493.md
32006R0493	Artigo 8.º	Comunicações	184	186	25	ue/regulamentos/2006/32006R0493.md
32006R0493	Artigo 9.º	Quotas transitórias	188	230	810	ue/regulamentos/2006/32006R0493.md
32006R0493	Artigo 10.º	Necessidades tradicionais de refinação	232	236	71	ue/regulamentos/2006/32006R0493.md
32006R0493	Artigo 10.º-A	Fusão ou alienação de empresa	238	242	84	ue/regulamentos/2006/32006R0493.md
32006R0493	Artigo 11.º	Alteração do Regulamento (CE) n.º 1265/2001	246	266	300	ue/regulamentos/2006/32006R0493.md
32006R0493	Artigo 12.º	Alteração do Regulamento (CE) n.º 314/2002	268	292	257	ue/regulamentos/2006/32006R0493.md
32006R0493	Artigo 13.º	Entrada em vigor	296	302	139	ue/regulamentos/2006/32006R0493.md
32006R0493	ANEXO I		304	332	167	ue/regulamentos/2006/32006R0493.md
32006R0493	ANEXO II		334	371	270	ue/regulamentos/2006/32006R0493.md
32006R0493	ANEXO III		373	386	90	ue/regulamentos/2006/32006R0493.md
32006R0493	ANEXO IV	(Quotas referidas no artigo 3.º)	388	443	573	ue/regulamentos/2006/32006R0493.md
32006R0507	Preâmbulo		18	54	1813	ue/regulamentos/2006/32006R0507.md
32006R0507	Artigo 1.º	Objecto	58	60	80	ue/regulamentos/2006/32006R0507.md
32006R0507	Artigo 2.º	Âmbito de aplicação	62	70	174	ue/regulamentos/2006/32006R0507.md
32006R0507	Artigo 3.º	Solicitações ou propostas	72	78	213	ue/regulamentos/2006/32006R0507.md
32006R0507	Artigo 4.º	Requisitos	80	94	368	ue/regulamentos/2006/32006R0507.md
32006R0507	Artigo 5.º	Obrigações específicas	96	104	185	ue/regulamentos/2006/32006R0507.md
32006R0507	Artigo 6.º	Renovação	106	114	290	ue/regulamentos/2006/32006R0507.md
32006R0507	Artigo 7.º	Autorização de introdução no mercado não sujeita a obrigações específicas	116	118	100	ue/regulamentos/2006/32006R0507.md
32006R0507	Artigo 8.º	Informação sobre o medicamento	120	122	103	ue/regulamentos/2006/32006R0507.md
32006R0507	Artigo 9.º	Relatórios periódicos de segurança	124	126	94	ue/regulamentos/2006/32006R0507.md
32006R0507	Artigo 10.º	Aconselhamento da Agência antes do pedido de autorização de introdução no mercado	128	130	110	ue/regulamentos/2006/32006R0507.md
32006R0507	Artigo 11.º	Orientações	132	134	72	ue/regulamentos/2006/32006R0507.md
32006R0507	Artigo 12.º	Disposições transitórias	136	138	34	ue/regulamentos/2006/32006R0507.md
32006R0507	Artigo 13.º	Entrada em vigor	140	160	184	ue/regulamentos/2006/32006R0507.md
32006R0514	Preâmbulo		18	38	545	ue/regulamentos/2006/32006R0514.md
32006R0514	Artigo 1.º		42	44	119	ue/regulamentos/2006/32006R0514.md
32006R0514	Artigo 2.º		46	62	158	ue/regulamentos/2006/32006R0514.md
32006R0561	Artigo 1.º		35	37	146	ue/regulamentos/2006/32006R0561.md
32006R0561	Artigo 2.º		39	65	409	ue/regulamentos/2006/32006R0561.md
32006R0561	Artigo 3.º		67	105	594	ue/regulamentos/2006/32006R0561.md
32006R0561	Artigo 4.º		107	175	1460	ue/regulamentos/2006/32006R0561.md
32006R0561	Artigo 5.º		179	189	153	ue/regulamentos/2006/32006R0561.md
32006R0561	Artigo 6.º		191	207	324	ue/regulamentos/2006/32006R0561.md
32006R0561	Artigo 7.º		209	223	243	ue/regulamentos/2006/32006R0561.md
32006R0561	Artigo 8.º		225	321	1862	ue/regulamentos/2006/32006R0561.md
32006R0561	Artigo 8.º-A		323	351	498	ue/regulamentos/2006/32006R0561.md
32006R0561	Artigo 9.º		353	371	418	ue/regulamentos/2006/32006R0561.md
32006R0561	Artigo 9.º-A		373	377	118	ue/regulamentos/2006/32006R0561.md
32006R0561	Artigo 10.º		381	407	765	ue/regulamentos/2006/32006R0561.md
32006R0561	Artigo 11.º		411	413	131	ue/regulamentos/2006/32006R0561.md
32006R0561	Artigo 12.º		415	429	445	ue/regulamentos/2006/32006R0561.md
32006R0561	Artigo 13.º		431	501	1436	ue/regulamentos/2006/32006R0561.md
32006R0561	Artigo 14.º		503	515	178	ue/regulamentos/2006/32006R0561.md
32006R0561	Artigo 15.º		517	521	95	ue/regulamentos/2006/32006R0561.md
32006R0561	Artigo 16.º		525	569	1174	ue/regulamentos/2006/32006R0561.md
32006R0561	Artigo 17.º		571	581	180	ue/regulamentos/2006/32006R0561.md
32006R0561	Artigo 17.º-A		583	587	121	ue/regulamentos/2006/32006R0561.md
32006R0561	Artigo 18.º		589	591	28	ue/regulamentos/2006/32006R0561.md
32006R0561	Artigo 19.º		593	615	694	ue/regulamentos/2006/32006R0561.md
32006R0561	Artigo 20.º		617	623	162	ue/regulamentos/2006/32006R0561.md
32006R0561	Artigo 21.º		625	627	198	ue/regulamentos/2006/32006R0561.md
32006R0561	Artigo 22.º		629	663	400	ue/regulamentos/2006/32006R0561.md
32006R0561	Artigo 23.º		665	669	36	ue/regulamentos/2006/32006R0561.md
32006R0561	Artigo 23.º-A		671	687	464	ue/regulamentos/2006/32006R0561.md
32006R0561	Artigo 24.º		689	703	107	ue/regulamentos/2006/32006R0561.md
32006R0561	Artigo 25.º		705	719	162	ue/regulamentos/2006/32006R0561.md
32006R0561	Artigo 26.º		723	805	1740	ue/regulamentos/2006/32006R0561.md
32006R0561	Artigo 27.º		807	821	230	ue/regulamentos/2006/32006R0561.md
32006R0561	Artigo 28.º		823	827	70	ue/regulamentos/2006/32006R0561.md
32006R0561	Artigo 29.º		829	859	734	ue/regulamentos/2006/32006R0561.md
32006R0563	Preâmbulo		18	40	392	ue/regulamentos/2006/32006R0563.md
32006R0563	Artigo 1.º		44	48	62	ue/regulamentos/2006/32006R0563.md
32006R0563	Artigo 2.º		50	60	164	ue/regulamentos/2006/32006R0563.md
32006R0563	Artigo 3.º		62	108	736	ue/regulamentos/2006/32006R0563.md
32006R0563	Artigo 1.º	Âmbito de aplicação	110	124	247	ue/regulamentos/2006/32006R0563.md
32006R0563	Artigo 2.º	Definições	126	160	640	ue/regulamentos/2006/32006R0563.md
32006R0563	Artigo 3.º	Princípios e objectivos que ditam a execução do presente acordo	162	172	402	ue/regulamentos/2006/32006R0563.md
32006R0563	Artigo 4.º	Cooperação científica	174	180	221	ue/regulamentos/2006/32006R0563.md
32006R0563	Artigo 5.º	Acesso dos navios comunitários às pescarias na zona de pesca das Ilhas Salomão	182	190	343	ue/regulamentos/2006/32006R0563.md
32006R0563	Artigo 6.º	Licenças	192	194	51	ue/regulamentos/2006/32006R0563.md
32006R0563	Artigo 7.º	Contribuição financeira	196	218	576	ue/regulamentos/2006/32006R0563.md
32006R0563	Artigo 8.º	Promoção da cooperação entre os operadores económicos e a sociedade civil	220	228	258	ue/regulamentos/2006/32006R0563.md
32006R0563	Artigo 9.º	Comissão Mista	230	244	271	ue/regulamentos/2006/32006R0563.md
32006R0563	Artigo 10.º	Zona geográfica de aplicação do acordo	246	248	65	ue/regulamentos/2006/32006R0563.md
32006R0563	Artigo 11.º	Vigência	250	252	58	ue/regulamentos/2006/32006R0563.md
32006R0563	Artigo 12.º	Denúncia	254	264	282	ue/regulamentos/2006/32006R0563.md
32006R0563	Artigo 13.º	Suspensão e revisão do pagamento da contribuição financeira	266	270	173	ue/regulamentos/2006/32006R0563.md
32006R0563	Artigo 14.º	Suspensão por motivos de força maior	272	278	271	ue/regulamentos/2006/32006R0563.md
32006R0563	Artigo 15.º		280	282	22	ue/regulamentos/2006/32006R0563.md
32006R0563	Artigo 16.º		284	286	90	ue/regulamentos/2006/32006R0563.md
32006R0563	Artigo 1.º	Período de aplicação e possibilidades de pesca	288	298	381	ue/regulamentos/2006/32006R0563.md
32006R0563	Artigo 2.º	Contribuição financeira — Condições de pagamento	300	314	420	ue/regulamentos/2006/32006R0563.md
32006R0563	Artigo 3.º	Cooperação para uma pesca responsável	316	322	208	ue/regulamentos/2006/32006R0563.md
32006R0563	Artigo 4.º	Revisão das possibilidades de pesca	324	330	307	ue/regulamentos/2006/32006R0563.md
32006R0563	Artigo 5.º	Apoio ao fomento da pesca responsável nas águas das Ilhas Salomão	332	350	704	ue/regulamentos/2006/32006R0563.md
32006R0563	Artigo 6.º	Litígios — Suspensão da aplicação do protocolo	352	360	301	ue/regulamentos/2006/32006R0563.md
32006R0563	Artigo 7.º	Suspensão da aplicação do protocolo por não pagamento	362	370	225	ue/regulamentos/2006/32006R0563.md
32006R0563	Artigo 8.º	Legislação e regulamentação nacionais	372	374	70	ue/regulamentos/2006/32006R0563.md
32006R0563	Artigo 9.º	Entrada em vigor	376	380	71	ue/regulamentos/2006/32006R0563.md
32006R0563	ANEXO	Condições do exercício das actividades de pesca por navios comunitários na zona de pesca das Ilhas Salomão	382	696	6806	ue/regulamentos/2006/32006R0563.md
32006R0563	Apêndice 1		698	966	1092	ue/regulamentos/2006/32006R0563.md
32006R0563	Apêndice 2a		968	1126	581	ue/regulamentos/2006/32006R0563.md
32006R0563	Apêndice 2b		1128	1264	414	ue/regulamentos/2006/32006R0563.md
32006R0565	Preâmbulo		18	36	409	ue/regulamentos/2006/32006R0565.md
32006R0565	Artigo 1.º		40	46	127	ue/regulamentos/2006/32006R0565.md
32006R0565	Artigo 2.º		48	62	127	ue/regulamentos/2006/32006R0565.md
32006R0565	ANEXO		64	96	1442	ue/regulamentos/2006/32006R0565.md
32006R0575	Preâmbulo		18	38	523	ue/regulamentos/2006/32006R0575.md
32006R0575	Artigo 1.º		42	54	82	ue/regulamentos/2006/32006R0575.md
32006R0575	Artigo 2.º		56	70	118	ue/regulamentos/2006/32006R0575.md
32006R0600	Preâmbulo		18	38	496	ue/regulamentos/2006/32006R0600.md
32006R0600	Artigo 1.º		42	44	49	ue/regulamentos/2006/32006R0600.md
32006R0600	Artigo 2.º		46	48	86	ue/regulamentos/2006/32006R0600.md
32006R0600	Artigo 3.º		50	66	173	ue/regulamentos/2006/32006R0600.md
32006R0600	ANEXO		68	73	503	ue/regulamentos/2006/32006R0600.md
32006R0601	Artigo 1.º	Transmissão de dados	50	56	108	ue/regulamentos/2006/32006R0601.md
32006R0601	Artigo 2.º	Formato dos dados	58	64	82	ue/regulamentos/2006/32006R0601.md
32006R0601	Artigo 4.º	Entrada em vigor	66	74	80	ue/regulamentos/2006/32006R0601.md
32006R0602	Preâmbulo		18	40	448	ue/regulamentos/2006/32006R0602.md
32006R0602	Artigo 1.º		44	46	29	ue/regulamentos/2006/32006R0602.md
32006R0602	Artigo 2.º		48	62	97	ue/regulamentos/2006/32006R0602.md
32006R0602	ANEXO		64	105	304	ue/regulamentos/2006/32006R0602.md
32006R0608	Preâmbulo		18	36	268	ue/regulamentos/2006/32006R0608.md
32006R0608	Artigo 1.º		40	42	24	ue/regulamentos/2006/32006R0608.md
32006R0608	«Artigo 2.º		44	48	114	ue/regulamentos/2006/32006R0608.md
32006R0608	Artigo 2.º		50	66	158	ue/regulamentos/2006/32006R0608.md
32006R0627	Preâmbulo		18	58	1456	ue/regulamentos/2006/32006R0627.md
32006R0627	Artigo 1.º		62	64	74	ue/regulamentos/2006/32006R0627.md
32006R0627	Artigo 2.º		66	104	423	ue/regulamentos/2006/32006R0627.md
32006R0627	ANEXO		106	177	1365	ue/regulamentos/2006/32006R0627.md
32006R0629	Preâmbulo		18	42	472	ue/regulamentos/2006/32006R0629.md
32006R0629	Artigo 1.º		46	48	38	ue/regulamentos/2006/32006R0629.md
32006R0629	Artigo 2.º		50	56	46	ue/regulamentos/2006/32006R0629.md
32006R0629	«Artigo 62.º	Prestações em espécie no caso de estada num Estado–Membro que não seja o Estado competente	58	72	414	ue/regulamentos/2006/32006R0629.md
32006R0629	Artigo 3.º		74	104	278	ue/regulamentos/2006/32006R0629.md
32006R0629	ANEXO		106	357	3086	ue/regulamentos/2006/32006R0629.md
32006R0635	Preâmbulo		18	30	302	ue/regulamentos/2006/32006R0635.md
32006R0635	Artigo 1.º		34	36	26	ue/regulamentos/2006/32006R0635.md
32006R0635	Artigo 2.º		38	54	104	ue/regulamentos/2006/32006R0635.md
32006R0640	Preâmbulo		18	36	448	ue/regulamentos/2006/32006R0640.md
32006R0640	Artigo 1.º		40	42	21	ue/regulamentos/2006/32006R0640.md
32006R0640	Artigo 2.º		44	64	180	ue/regulamentos/2006/32006R0640.md
32006R0657	Preâmbulo		18	72	2389	ue/regulamentos/2006/32006R0657.md
32006R0657	Artigo 1.º		76	78	34	ue/regulamentos/2006/32006R0657.md
32006R0657	Artigo 2.º		80	82	20	ue/regulamentos/2006/32006R0657.md
32006R0657	Artigo 3.º		84	112	325	ue/regulamentos/2006/32006R0657.md
32006R0657	ANEXO		114	154	1170	ue/regulamentos/2006/32006R0657.md
32006R0674	Preâmbulo		22	38	339	ue/regulamentos/2006/32006R0674.md
32006R0674	Artigo 1.º		42	44	30	ue/regulamentos/2006/32006R0674.md
32006R0674	Artigo 2.º		46	60	128	ue/regulamentos/2006/32006R0674.md
32006R0674	ANEXO		62	114	1598	ue/regulamentos/2006/32006R0674.md
32006R0676	Preâmbulo		18	38	414	ue/regulamentos/2006/32006R0676.md
32006R0676	Artigo 1.º		42	46	115	ue/regulamentos/2006/32006R0676.md
32006R0676	Artigo 2.º		48	66	136	ue/regulamentos/2006/32006R0676.md
32006R0683	Preâmbulo		18	34	351	ue/regulamentos/2006/32006R0683.md
32006R0683	Artigo 1.º		38	44	131	ue/regulamentos/2006/32006R0683.md
32006R0683	Artigo 2.º		46	62	134	ue/regulamentos/2006/32006R0683.md
32006R0683	ANEXO		64	82	606	ue/regulamentos/2006/32006R0683.md
32006R0688	Preâmbulo		18	38	584	ue/regulamentos/2006/32006R0688.md
32006R0688	Artigo 1.º		42	50	103	ue/regulamentos/2006/32006R0688.md
32006R0688	Artigo 2.º		52	66	129	ue/regulamentos/2006/32006R0688.md
32006R0698	Artigo 1.º		57	63	170	ue/regulamentos/2006/32006R0698.md
32006R0698	Artigo 2.º		65	67	58	ue/regulamentos/2006/32006R0698.md
32006R0698	Artigo 3.º		69	71	24	ue/regulamentos/2006/32006R0698.md
32006R0698	Artigo 4.º		73	77	64	ue/regulamentos/2006/32006R0698.md
32006R0698	ANEXO		79	303	4004	ue/regulamentos/2006/32006R0698.md
32006R0700	Preâmbulo		18	38	374	ue/regulamentos/2006/32006R0700.md
32006R0700	Artigo 1.º		42	46	68	ue/regulamentos/2006/32006R0700.md
32006R0700	Artigo 2.º		48	70	162	ue/regulamentos/2006/32006R0700.md
32006R0700	ANEXO		72	87	94	ue/regulamentos/2006/32006R0700.md
32006R0704	Artigo 1.º		64	76	161	ue/regulamentos/2006/32006R0704.md
32006R0704	Artigo 2.º		78	84	80	ue/regulamentos/2006/32006R0704.md
32006R0704	Artigo 3.º		86	96	408	ue/regulamentos/2006/32006R0704.md
32006R0704	Artigo 4.º		98	110	352	ue/regulamentos/2006/32006R0704.md
32006R0704	Artigo 5.º		112	114	86	ue/regulamentos/2006/32006R0704.md
32006R0704	Artigo 6.º		116	122	160	ue/regulamentos/2006/32006R0704.md
32006R0704	Artigo 7.º		124	140	163	ue/regulamentos/2006/32006R0704.md
32006R0704	Artigo 8.º		142	148	135	ue/regulamentos/2006/32006R0704.md
32006R0704	Artigo 9.º		150	154	64	ue/regulamentos/2006/32006R0704.md
32006R0704	ANEXO I		156	166	112	ue/regulamentos/2006/32006R0704.md
32006R0704	ANEXO II	Menções referidas no n.º 3, alínea b), do artigo 7.º	168	244	682	ue/regulamentos/2006/32006R0704.md
32006R0711	Artigo 1.º		50	56	122	ue/regulamentos/2006/32006R0711.md
32006R0711	Artigo 2.º		58	64	88	ue/regulamentos/2006/32006R0711.md
32006R0711	ANEXO		66	135	3407	ue/regulamentos/2006/32006R0711.md
32006R0739	Preâmbulo		18	38	496	ue/regulamentos/2006/32006R0739.md
32006R0739	Artigo 1.º		42	44	49	ue/regulamentos/2006/32006R0739.md
32006R0739	Artigo 2.º		46	48	86	ue/regulamentos/2006/32006R0739.md
32006R0739	Artigo 3.º		50	66	178	ue/regulamentos/2006/32006R0739.md
32006R0739	ANEXO		68	73	205	ue/regulamentos/2006/32006R0739.md
32006R0742	Artigo 1.º		58	60	56	ue/regulamentos/2006/32006R0742.md
32006R0742	Artigo 2.º		62	66	64	ue/regulamentos/2006/32006R0742.md
32006R0742	ANEXO I		68	228	3688	ue/regulamentos/2006/32006R0742.md
32006R0742	ANEXO II		230	273	1055	ue/regulamentos/2006/32006R0742.md
32006R0764	Preâmbulo		18	36	189	ue/regulamentos/2006/32006R0764.md
32006R0764	Artigo 1.º		40	44	49	ue/regulamentos/2006/32006R0764.md
32006R0764	Artigo 2.º		46	74	462	ue/regulamentos/2006/32006R0764.md
32006R0764	Artigo 3.º		76	78	124	ue/regulamentos/2006/32006R0764.md
32006R0764	Artigo 4.º		80	126	648	ue/regulamentos/2006/32006R0764.md
32006R0764	Artigo 1.º	Objecto	128	138	233	ue/regulamentos/2006/32006R0764.md
32006R0764	Artigo 2.º	Definições	140	152	174	ue/regulamentos/2006/32006R0764.md
32006R0764	Artigo 3.º	Princípios e objectivos que orientam o presente acordo	154	164	350	ue/regulamentos/2006/32006R0764.md
32006R0764	Artigo 4.º	Cooperação no domínio científico	166	172	230	ue/regulamentos/2006/32006R0764.md
32006R0764	Artigo 5.º	Acesso dos navios comunitários às pescarias nas zonas de pesca marroquinas	174	182	300	ue/regulamentos/2006/32006R0764.md
32006R0764	Artigo 6.º	Condições gerais do exercício da pesca	184	190	270	ue/regulamentos/2006/32006R0764.md
32006R0764	Artigo 7.º	Contrapartida financeira	192	200	238	ue/regulamentos/2006/32006R0764.md
32006R0764	Artigo 8.º	Promoção da cooperação ao nível dos operadores económicos	202	210	213	ue/regulamentos/2006/32006R0764.md
32006R0764	Artigo 9.º	Cooperação administrativa	212	218	132	ue/regulamentos/2006/32006R0764.md
32006R0764	Artigo 10.º	Comissão mista	220	236	278	ue/regulamentos/2006/32006R0764.md
32006R0764	Artigo 11.º	Zona de aplicação	238	240	67	ue/regulamentos/2006/32006R0764.md
32006R0764	Artigo 12.º	Duração	242	244	50	ue/regulamentos/2006/32006R0764.md
32006R0764	Artigo 13.º	Resolução de litígios	246	248	38	ue/regulamentos/2006/32006R0764.md
32006R0764	Artigo 14.º	Denúncia	250	258	225	ue/regulamentos/2006/32006R0764.md
32006R0764	Artigo 15.º	Suspensão	260	264	162	ue/regulamentos/2006/32006R0764.md
32006R0764	Artigo 16.º		266	268	26	ue/regulamentos/2006/32006R0764.md
32006R0764	Artigo 17.º	Língua e entrada em vigor	270	272	118	ue/regulamentos/2006/32006R0764.md
32006R0764	Artigo 1.º	Período de aplicação e possibilidades de pesca	274	280	163	ue/regulamentos/2006/32006R0764.md
32006R0764	Artigo 2.º	Contrapartida financeira — Modalidades de pagamento	282	294	242	ue/regulamentos/2006/32006R0764.md
32006R0764	Artigo 3.º	Coordenação no domínio científico	296	302	219	ue/regulamentos/2006/32006R0764.md
32006R0764	Artigo 4.º	Revisão das possibilidades de pesca	304	312	438	ue/regulamentos/2006/32006R0764.md
32006R0764	Artigo 5.º	Pesca experimental	314	320	213	ue/regulamentos/2006/32006R0764.md
32006R0764	Artigo 6.º	Contribuição do acordo de parceria para o estabelecimento de uma política sectorial das pescas em Marrocos	322	346	411	ue/regulamentos/2006/32006R0764.md
32006R0764	Artigo 7.º	Execução das acções de apoio ao estabelecimento de uma pesca responsável	348	360	429	ue/regulamentos/2006/32006R0764.md
32006R0764	Artigo 8.º	Integração económica dos operadores comunitários no sector das pescas em Marrocos	362	370	304	ue/regulamentos/2006/32006R0764.md
32006R0764	Artigo 9.º	Litígios — Suspensão da aplicação do protocolo	372	380	291	ue/regulamentos/2006/32006R0764.md
32006R0764	Artigo 10.º	Suspensão da aplicação do protocolo por não‐pagamento	382	390	224	ue/regulamentos/2006/32006R0764.md
32006R0764	Artigo 11.º	Disposições aplicáveis da legislação nacional	392	394	73	ue/regulamentos/2006/32006R0764.md
32006R0764	Artigo 12.º	Entrada em vigor	396	417	386	ue/regulamentos/2006/32006R0764.md
32006R0764	ANEXO	Condições do exercício da pesca pelos navios da comunidade nas zonas de pesca marroquinas	419	855	11107	ue/regulamentos/2006/32006R0764.md
32006R0764	Apêndice 1	ACORDO DE PESCA ENTRE MARROCOS E A COMUNIDADE EUROPEIA	857	917	612	ue/regulamentos/2006/32006R0764.md
32006R0764	Apêndice 2		919	1031	2130	ue/regulamentos/2006/32006R0764.md
32006R0764	Apêndice 3	TRANSMISSÃO DAS MENSAGENS VMS A MARROCOS	1033	1054	467	ue/regulamentos/2006/32006R0764.md
32006R0764	Apêndice 4	LIMITES DAS ZONAS DE PESCA MARROQUINAS	1056	1068	240	ue/regulamentos/2006/32006R0764.md
32006R0764	Apêndice 5	COORDENADAS DO CVP MARROQUINO	1070	1086	100	ue/regulamentos/2006/32006R0764.md
32006R0764	Apêndice 6	DIÁRIO DE BORDO DA ICCAT PARA A PESCA DO ATUM	1088	1256	535	ue/regulamentos/2006/32006R0764.md
32006R0764	Apêndice 7	DIÁRIO DE PESCA	1258	1372	280	ue/regulamentos/2006/32006R0764.md
32006R0764	Apêndice 8	CARACTERÍSTICAS DA ESTAÇÃO DE RÁDIO	1374	1408	218	ue/regulamentos/2006/32006R0764.md
32006R0765	Artigo 1.º		82	244	3042	ue/regulamentos/2006/32006R0765.md
32006R0765	Artigo 1.º-A		246	260	334	ue/regulamentos/2006/32006R0765.md
32006R0765	Artigo 1.º-AA		262	270	162	ue/regulamentos/2006/32006R0765.md
32006R0765	Artigo 1.º-AB		272	286	362	ue/regulamentos/2006/32006R0765.md
32006R0765	Artigo 1.º-B		288	316	641	ue/regulamentos/2006/32006R0765.md
32006R0765	Artigo 1.º-BA		318	338	526	ue/regulamentos/2006/32006R0765.md
32006R0765	Artigo 1.º-BB		340	420	1814	ue/regulamentos/2006/32006R0765.md
32006R0765	Artigo 1.º-C		422	430	339	ue/regulamentos/2006/32006R0765.md
32006R0765	Artigo 1.º-D		432	444	455	ue/regulamentos/2006/32006R0765.md
32006R0765	Artigo 1.º-E		446	538	1994	ue/regulamentos/2006/32006R0765.md
32006R0765	Artigo 1.º-F		540	654	2280	ue/regulamentos/2006/32006R0765.md
32006R0765	Artigo 1.º-FA		656	690	784	ue/regulamentos/2006/32006R0765.md
32006R0765	Artigo 1.º-FB		692	700	144	ue/regulamentos/2006/32006R0765.md
32006R0765	Artigo 1.º-FC		702	726	727	ue/regulamentos/2006/32006R0765.md
32006R0765	Artigo 1.º-FD		728	742	562	ue/regulamentos/2006/32006R0765.md
32006R0765	Artigo 1.º-G		744	760	158	ue/regulamentos/2006/32006R0765.md
32006R0765	Artigo 1.º-GA		762	784	636	ue/regulamentos/2006/32006R0765.md
32006R0765	Artigo 1.º-GB		786	804	504	ue/regulamentos/2006/32006R0765.md
32006R0765	Artigo 1.º-GC		806	828	739	ue/regulamentos/2006/32006R0765.md
32006R0765	Artigo 1.º-GD		830	848	614	ue/regulamentos/2006/32006R0765.md
32006R0765	Artigo 1.º-H		850	864	301	ue/regulamentos/2006/32006R0765.md
32006R0765	Artigo 1.º-I		866	878	126	ue/regulamentos/2006/32006R0765.md
32006R0765	Artigo 1.º-J		880	894	261	ue/regulamentos/2006/32006R0765.md
32006R0765	Artigo 1.º-JA		896	902	164	ue/regulamentos/2006/32006R0765.md
32006R0765	Artigo 1.º-JB		904	908	82	ue/regulamentos/2006/32006R0765.md
32006R0765	Artigo 1.º-JC		910	1086	3224	ue/regulamentos/2006/32006R0765.md
32006R0765	Artigo 1.º-K		1088	1118	673	ue/regulamentos/2006/32006R0765.md
32006R0765	Artigo 1.º-L		1120	1136	178	ue/regulamentos/2006/32006R0765.md
32006R0765	Artigo 1.º-M		1138	1142	97	ue/regulamentos/2006/32006R0765.md
32006R0765	Artigo 1.º-N		1144	1152	172	ue/regulamentos/2006/32006R0765.md
32006R0765	Artigo 1.º-O		1154	1172	207	ue/regulamentos/2006/32006R0765.md
32006R0765	Artigo 1.º-P		1174	1192	208	ue/regulamentos/2006/32006R0765.md
32006R0765	Artigo 1.º-Q		1194	1212	210	ue/regulamentos/2006/32006R0765.md
32006R0765	Artigo 1.º-R		1214	1232	210	ue/regulamentos/2006/32006R0765.md
32006R0765	Artigo 1.º-RA		1234	1294	1564	ue/regulamentos/2006/32006R0765.md
32006R0765	Artigo 1.º-RB		1296	1314	515	ue/regulamentos/2006/32006R0765.md
32006R0765	Artigo 1.º-RC		1316	1332	440	ue/regulamentos/2006/32006R0765.md
32006R0765	Artigo 1.º-S		1334	1396	1256	ue/regulamentos/2006/32006R0765.md
32006R0765	Artigo 1.º-SA		1398	1468	1709	ue/regulamentos/2006/32006R0765.md
32006R0765	Artigo 1.º-T		1470	1490	240	ue/regulamentos/2006/32006R0765.md
32006R0765	Artigo 1.º-U		1492	1512	550	ue/regulamentos/2006/32006R0765.md
32006R0765	Artigo 1.º-V		1514	1548	663	ue/regulamentos/2006/32006R0765.md
32006R0765	Artigo 1.º-W		1550	1564	224	ue/regulamentos/2006/32006R0765.md
32006R0765	Artigo 1.º-X		1566	1570	142	ue/regulamentos/2006/32006R0765.md
32006R0765	Artigo 1.º-Y		1572	1582	180	ue/regulamentos/2006/32006R0765.md
32006R0765	Artigo 1.º-Z		1584	1592	260	ue/regulamentos/2006/32006R0765.md
32006R0765	Artigo 1.º-ZA		1594	1608	295	ue/regulamentos/2006/32006R0765.md
32006R0765	Artigo 1.º-ZB		1610	1652	782	ue/regulamentos/2006/32006R0765.md
32006R0765	Artigo 1.º-ZC		1654	1714	962	ue/regulamentos/2006/32006R0765.md
32006R0765	Artigo 1.º-ZD		1716	1726	340	ue/regulamentos/2006/32006R0765.md
32006R0765	Artigo 1.º-ZE		1728	1730	73	ue/regulamentos/2006/32006R0765.md
32006R0765	Artigo 1.º-ZF		1732	1744	228	ue/regulamentos/2006/32006R0765.md
32006R0765	Artigo 2.º		1746	1804	1513	ue/regulamentos/2006/32006R0765.md
32006R0765	Artigo 2.º-A		1806	1810	88	ue/regulamentos/2006/32006R0765.md
32006R0765	Artigo 2.º-B		1812	1818	194	ue/regulamentos/2006/32006R0765.md
32006R0765	Artigo 3.º		1820	1854	662	ue/regulamentos/2006/32006R0765.md
32006R0765	Artigo 3.º-A		1856	1870	326	ue/regulamentos/2006/32006R0765.md
32006R0765	Artigo 4.º		1872	1884	224	ue/regulamentos/2006/32006R0765.md
32006R0765	Artigo 4.º-A		1886	1894	270	ue/regulamentos/2006/32006R0765.md
32006R0765	Artigo 4.º-B		1896	1900	140	ue/regulamentos/2006/32006R0765.md
32006R0765	Artigo 4.º-C		1902	1910	271	ue/regulamentos/2006/32006R0765.md
32006R0765	Artigo 4.º-D		1912	1938	746	ue/regulamentos/2006/32006R0765.md
32006R0765	Artigo 5.º		1940	1950	239	ue/regulamentos/2006/32006R0765.md
32006R0765	Artigo 6.º		1952	1956	104	ue/regulamentos/2006/32006R0765.md
32006R0765	Artigo 7.º		1958	1996	742	ue/regulamentos/2006/32006R0765.md
32006R0765	Artigo 8.º		1998	2002	34	ue/regulamentos/2006/32006R0765.md
32006R0765	Artigo 8.º-A		2004	2016	205	ue/regulamentos/2006/32006R0765.md
32006R0765	Artigo 8.º-B		2018	2022	96	ue/regulamentos/2006/32006R0765.md
32006R0765	Artigo 8.º-C		2024	2030	137	ue/regulamentos/2006/32006R0765.md
32006R0765	Artigo 8.º-CA		2032	2038	184	ue/regulamentos/2006/32006R0765.md
32006R0765	Artigo 8.º-D		2040	2074	915	ue/regulamentos/2006/32006R0765.md
32006R0765	Artigo 8.º-DA		2076	2102	1060	ue/regulamentos/2006/32006R0765.md
32006R0765	Artigo 8.º-E		2104	2136	900	ue/regulamentos/2006/32006R0765.md
32006R0765	Artigo 8.º-F		2138	2148	350	ue/regulamentos/2006/32006R0765.md
32006R0765	Artigo 8.º-G		2150	2170	538	ue/regulamentos/2006/32006R0765.md
32006R0765	Artigo 8.º-GA		2172	2194	551	ue/regulamentos/2006/32006R0765.md
32006R0765	Artigo 8.º-H		2196	2206	714	ue/regulamentos/2006/32006R0765.md
32006R0765	Artigo 8.º-I		2208	2210	81	ue/regulamentos/2006/32006R0765.md
32006R0765	Artigo 8.º-J		2212	2228	468	ue/regulamentos/2006/32006R0765.md
32006R0765	Artigo 8.º-K		2230	2234	101	ue/regulamentos/2006/32006R0765.md
32006R0765	Artigo 8.º-L		2236	2240	299	ue/regulamentos/2006/32006R0765.md
32006R0765	Artigo 8.º-M		2242	2246	79	ue/regulamentos/2006/32006R0765.md
32006R0765	Artigo 9.º		2248	2258	204	ue/regulamentos/2006/32006R0765.md
32006R0765	Artigo 9.º-A		2260	2266	112	ue/regulamentos/2006/32006R0765.md
32006R0765	Artigo 9.º-B		2268	2272	65	ue/regulamentos/2006/32006R0765.md
32006R0765	Artigo 10.º		2274	2286	158	ue/regulamentos/2006/32006R0765.md
32006R0765	Artigo 11.º		2288	2294	60	ue/regulamentos/2006/32006R0765.md
32006R0765	ANEXO I		2296	2876	106619	ue/regulamentos/2006/32006R0765.md
32006R0765	ANEXO II		2878	3006	661	ue/regulamentos/2006/32006R0765.md
32006R0765	ANEXO III		3008	3090	1050	ue/regulamentos/2006/32006R0765.md
32006R0765	ANEXO IV		3092	3168	839	ue/regulamentos/2006/32006R0765.md
32006R0765	ANEXO V		3170	3244	310	ue/regulamentos/2006/32006R0765.md
32006R0765	ANEXO V-A	Lista dos bens e tecnologias a que se refere o artigo 1.º-F, n.º 1, e o artigo 1.º-FA, n.º 1	3246	6193	43078	ue/regulamentos/2006/32006R0765.md
32006R0765	ANEXO V-B	Lista dos países parceiros a que se referem o artigo 1.º-BB, n.º 7, o artigo 1.º-E, n.º 4, o artigo 1.º-F, N.º 4, o artigo 1.º-FC, n.º 4, o artigo 1.º-GA, n.º 4	6195	6199	66	ue/regulamentos/2006/32006R0765.md
32006R0765	ANEXO V-BA	Lista dos países a que se referem o artigo 1.º-V, n.ºs 1-A e 1-B, o artigo 1.º-ZA, n.º 2, o artigo 7.º, n.º 2-A, o artigo 8.º-D, n.º 1, o artigo 8.º-G, n.º 1 e 	6201	6227	87	ue/regulamentos/2006/32006R0765.md
32006R0765	ANEXO V-C		6229	6271	252	ue/regulamentos/2006/32006R0765.md
32006R0765	ANEXO VI	LISTA DAS MERCADORIAS UTILIZADAS NA PRODUÇÃO OU NO FABRICO DE PRODUTOS DO TABACO A QUE SE REFERE O ARTIGO 1.º-G	6273	6282	138	ue/regulamentos/2006/32006R0765.md
32006R0765	ANEXO VII	LISTA DE PRODUTOS MINERAIS A QUE SE REFERE O ARTIGO 1.º-H	6284	6294	362	ue/regulamentos/2006/32006R0765.md
32006R0765	ANEXO VIII	LISTA DOS PRODUTOS À BASE DE CLORETO DE POTÁSSIO («POTASSA») A QUE SE REFERE O ARTIGO 1.º-I	6296	6306	180	ue/regulamentos/2006/32006R0765.md
32006R0765	ANEXO IX	LISTA DAS GRANDES INSTITUIÇÕES DE CRÉDITO A QUE SE REFEREM OS ARTIGOS 1.º-J e 1 º-K	6308	6320	68	ue/regulamentos/2006/32006R0765.md
32006R0765	ANEXO X	LISTA DE PRODUTOS DE MADEIRA A QUE SE REFERE O ARTIGO 1.º-O	6322	6327	76	ue/regulamentos/2006/32006R0765.md
32006R0765	ANEXO XI	LISTA DE PRODUTOS DE CIMENTO A QUE SE REFERE O ARTIGO 1.º-P	6329	6335	99	ue/regulamentos/2006/32006R0765.md
32006R0765	ANEXO XII	LISTA DOS PRODUTOS SIDERÚRGICOS A QUE SE REFERE O ARTIGO 1.º-Q	6337	6343	84	ue/regulamentos/2006/32006R0765.md
32006R0765	ANEXO XIII	LISTA DE PRODUTOS DE BORRACHA A QUE SE REFERE O ARTIGO 1.º-R	6345	6350	74	ue/regulamentos/2006/32006R0765.md
32006R0765	ANEXO XIV	LISTA DAS MÁQUINAS A QUE SE REFERE O ARTIGO 1.º-S	6352	6429	3572	ue/regulamentos/2006/32006R0765.md
32006R0765	ANEXO XIV-A	Lista de bens e tecnologias a que se refere o artigo 1.º-S, n.º 1-A, relativamente à proibição do trânsito pela Bielorrússia	6431	6461	821	ue/regulamentos/2006/32006R0765.md
32006R0765	ANEXO XV	LISTA DAS PESSOAS COLETIVAS, ENTIDADES OU ORGANISMOS A QUE SE REFERE O ARTIGO 1.º-ZB	6463	6472	111	ue/regulamentos/2006/32006R0765.md
32006R0765	ANEXO XVI	Lista de armas de fogo e outras armas a que se refere o artigo 1.º-BA	6474	6479	89	ue/regulamentos/2006/32006R0765.md
32006R0765	ANEXO XVII	Lista de bens e tecnologias a que se refere o artigo 1.º-SA	6481	6501	392	ue/regulamentos/2006/32006R0765.md
32006R0765	ANEXO XVIII	Lista de bens e tecnologias suscetíveis de contribuir para o reforço da capacidade industrial da Bielorrússia a que se refere o artigo 1.º-BB	6503	6975	20175	ue/regulamentos/2006/32006R0765.md
32006R0765	ANEXO XIX	LISTA DE BENS E TECNOLOGIAS A QUE SE REFERE O ARTIGO 1.º-BB, N.º 2, RELATIVAMENTE À PROIBIÇÃO DO TRÂNSITO PELA BIELORRÚSSIA	6977	7007	1161	ue/regulamentos/2006/32006R0765.md
32006R0765	ANEXO XX	Lista de bens e tecnologia adequados para a refinação de petróleo e a liquefação de gás natural a que a que se refere o artigo 1.º-GC	7009	7015	137	ue/regulamentos/2006/32006R0765.md
32006R0765	ANEXO XXI	Lista de ouro a que se refere o artigo 1.º-RB, n.^OS 1 E 2	7017	7023	106	ue/regulamentos/2006/32006R0765.md
32006R0765	ANEXO XXII	Lista de ouro a que se refere o artigo 1.º-RB, n.º 3	7025	7030	90	ue/regulamentos/2006/32006R0765.md
32006R0765	ANEXO XXIII	Lista de produtos minerais a que se refere o artigo 1.º-H	7032	7036	80	ue/regulamentos/2006/32006R0765.md
32006R0765	ANEXO XXIV	Lista de bens e tecnologias marítimos a que se refere o artigo 1.º-FD	7038	7043	272	ue/regulamentos/2006/32006R0765.md
32006R0765	ANEXO XXV	Lista de produtos de luxo a que se refere o artigo 1.º-GA	7045	7146	1524	ue/regulamentos/2006/32006R0765.md
32006R0765	ANEXO XXVI	Lista de software a que se refere o artigo 1.º-JC, n.º 4	7148	7194	359	ue/regulamentos/2006/32006R0765.md
32006R0765	ANEXO XXVII	Lista de bens que permitem à Bielorrússia diversificar as suas fontes de receitas a que se refere o artigo 1.º-RA	7196	7484	11810	ue/regulamentos/2006/32006R0765.md
32006R0765	ANEXO XXVIII	Lista de bens e tecnologias a que se refere o artigo 8.º-G	7486	7525	756	ue/regulamentos/2006/32006R0765.md
32006R0765	ANEXO XXIX	Lista de bens e tecnologias a que se refere o artigo 1.º-RC	7527	7552	436	ue/regulamentos/2006/32006R0765.md
32006R0765	ANEXO XXX		7554	7615	1347	ue/regulamentos/2006/32006R0765.md
32006R0765	ANEXO XXXI	Lista dos bens a que se refere o artigo 8.º-GA	7617	7622	72	ue/regulamentos/2006/32006R0765.md
32006R0765	ANEXO XXXII	Lista de software a que se refere o artigo 1.º-GD	7624	7642	184	ue/regulamentos/2006/32006R0765.md
32006R0765	ANEXO XXXIII	Pessoas singulares e coletivas, entidades e organismos a que se refere o artigo 1.º-ZD	7644	7644	26	ue/regulamentos/2006/32006R0765.md
32006R0765	ANEXO XXXIV	Lista de criptoativos e moedas digitais dos bancos centrais a que se refere o artigo 1.º-ZE	7646	7780	2360	ue/regulamentos/2006/32006R0765.md
32006R0773	Artigo 1.º		36	38	62	ue/regulamentos/2006/32006R0773.md
32006R0773	Artigo 2.º		40	46	64	ue/regulamentos/2006/32006R0773.md
32006R0773	Artigo 4.º		48	52	64	ue/regulamentos/2006/32006R0773.md
32006R0773	ANEXO I		54	60	242	ue/regulamentos/2006/32006R0773.md
32006R0773	ANEXO II		62	72	490	ue/regulamentos/2006/32006R0773.md
32006R0781	Preâmbulo		18	38	490	ue/regulamentos/2006/32006R0781.md
32006R0781	Artigo 1.º		42	44	49	ue/regulamentos/2006/32006R0781.md
32006R0781	Artigo 2.º		46	48	86	ue/regulamentos/2006/32006R0781.md
32006R0781	Artigo 3.º		50	66	172	ue/regulamentos/2006/32006R0781.md
32006R0781	ANEXO		68	81	572	ue/regulamentos/2006/32006R0781.md
32006R0785	Preâmbulo		18	36	428	ue/regulamentos/2006/32006R0785.md
32006R0785	Artigo 1.º		40	44	62	ue/regulamentos/2006/32006R0785.md
32006R0785	Artigo 2.º		46	62	134	ue/regulamentos/2006/32006R0785.md
32006R0785	ANEXO I		64	82	425	ue/regulamentos/2006/32006R0785.md
32006R0785	ANEXO II		84	106	581	ue/regulamentos/2006/32006R0785.md
32006R0799	Preâmbulo		18	36	250	ue/regulamentos/2006/32006R0799.md
32006R0799	Artigo 1.º		40	46	72	ue/regulamentos/2006/32006R0799.md
32006R0799	Artigo 2.º		48	64	158	ue/regulamentos/2006/32006R0799.md
32006R0805	Preâmbulo		18	40	394	ue/regulamentos/2006/32006R0805.md
32006R0805	Artigo 1.º		44	48	72	ue/regulamentos/2006/32006R0805.md
32006R0805	Artigo 2.º		50	60	175	ue/regulamentos/2006/32006R0805.md
32006R0805	Artigo 3.º		62	110	767	ue/regulamentos/2006/32006R0805.md
32006R0805	Artigo 1.º	Âmbito de aplicação	112	126	249	ue/regulamentos/2006/32006R0805.md
32006R0805	Artigo 2.º	Definições	128	162	580	ue/regulamentos/2006/32006R0805.md
32006R0805	Artigo 3.º	Princípios e objectivos que orientam a execução do presente acordo	164	174	416	ue/regulamentos/2006/32006R0805.md
32006R0805	Artigo 4.º	Cooperação científica	176	180	143	ue/regulamentos/2006/32006R0805.md
32006R0805	Artigo 5.º	Acesso dos navios comunitários à ZEE dos EFM	182	190	323	ue/regulamentos/2006/32006R0805.md
32006R0805	Artigo 6.º	Licenças	192	194	50	ue/regulamentos/2006/32006R0805.md
32006R0805	Artigo 7.º	Contribuição financeira	196	218	573	ue/regulamentos/2006/32006R0805.md
32006R0805	Artigo 8.º	Promoção da cooperação entre os operadores económicos e na sociedade civil	220	228	262	ue/regulamentos/2006/32006R0805.md
32006R0805	Artigo 9.º	Comissão mista	230	244	300	ue/regulamentos/2006/32006R0805.md
32006R0805	Artigo 10.º	Zona geográfica de aplicação do presente acordo	246	248	64	ue/regulamentos/2006/32006R0805.md
32006R0805	Artigo 11.º	Vigência	250	252	54	ue/regulamentos/2006/32006R0805.md
32006R0805	Artigo 12.º	Denúncia	254	264	282	ue/regulamentos/2006/32006R0805.md
32006R0805	Artigo 13.º	Suspensão e revisão do pagamento da contribuição financeira	266	270	173	ue/regulamentos/2006/32006R0805.md
32006R0805	Artigo 14.º	Suspensão do pagamento da contribuição financeira por motivos de força maior	272	278	280	ue/regulamentos/2006/32006R0805.md
32006R0805	Artigo 15.º	Protocolo e anexo	280	282	27	ue/regulamentos/2006/32006R0805.md
32006R0805	Artigo 16.º	Entrada em vigor	284	288	133	ue/regulamentos/2006/32006R0805.md
32006R0805	Artigo 1.º	Período de aplicação e possibilidades de pesca	290	298	408	ue/regulamentos/2006/32006R0805.md
32006R0805	Artigo 2.º	Contribuição financeira — Condições de pagamento	300	316	464	ue/regulamentos/2006/32006R0805.md
32006R0805	Artigo 3.º	Cooperação para uma pesca responsável	318	324	195	ue/regulamentos/2006/32006R0805.md
32006R0805	Artigo 4.º	Revisão das possibilidades de pesca	326	332	348	ue/regulamentos/2006/32006R0805.md
32006R0805	Artigo 5.º	Apoio ao fomento da pesca responsável nos EFM	334	352	648	ue/regulamentos/2006/32006R0805.md
32006R0805	Artigo 6.º	Litígios — Suspensão da aplicação do presente protocolo	354	362	324	ue/regulamentos/2006/32006R0805.md
32006R0805	Artigo 7.º	Suspensão da aplicação do protocolo por não pagamento	364	372	216	ue/regulamentos/2006/32006R0805.md
32006R0805	Artigo 8.º	Legislação e regulamentações nacionais	374	376	73	ue/regulamentos/2006/32006R0805.md
32006R0805	Artigo 9.º	Entrada em vigor	378	380	31	ue/regulamentos/2006/32006R0805.md
32006R0805	ANEXO	Condições do exercício de actividades de pesca por navios da comunidade nos EFM	382	755	8839	ue/regulamentos/2006/32006R0805.md
32006R0805	Apêndice 1a		757	1015	1470	ue/regulamentos/2006/32006R0805.md
32006R0805	Apêndice 1b		1017	1125	650	ue/regulamentos/2006/32006R0805.md
32006R0805	Apêndice 2a		1127	1291	578	ue/regulamentos/2006/32006R0805.md
32006R0805	Apêndice 2b		1293	1435	409	ue/regulamentos/2006/32006R0805.md
32006R0805	Apêndice 3	Dados relativos às comunicações	1437	1694	1456	ue/regulamentos/2006/32006R0805.md
32006R0816	Artigo 1.º	Âmbito de aplicação	28	32	146	ue/regulamentos/2006/32006R0816.md
32006R0816	Artigo 2.º	Definições	34	44	241	ue/regulamentos/2006/32006R0816.md
32006R0816	Artigo 3.º	Autoridade competente	46	52	116	ue/regulamentos/2006/32006R0816.md
32006R0816	Artigo 4.º	Países importadores elegíveis	54	64	243	ue/regulamentos/2006/32006R0816.md
32006R0816	Artigo 5.º	Alargamento a países menos desenvolvidos e a países em desenvolvimento que não sejam membros da OMC	66	74	280	ue/regulamentos/2006/32006R0816.md
32006R0816	Artigo 6.º	Pedidos de licença obrigatória	76	104	553	ue/regulamentos/2006/32006R0816.md
32006R0816	Artigo 7.º	Direitos do titular	106	108	95	ue/regulamentos/2006/32006R0816.md
32006R0816	Artigo 8.º	Verificação	110	128	463	ue/regulamentos/2006/32006R0816.md
32006R0816	Artigo 9.º	Negociações prévias	130	134	131	ue/regulamentos/2006/32006R0816.md
32006R0816	Artigo 10.º	Condições da concessão de licenças obrigatórias	136	168	1109	ue/regulamentos/2006/32006R0816.md
32006R0816	Artigo 11.º	Indeferimento do pedido	170	172	108	ue/regulamentos/2006/32006R0816.md
32006R0816	Artigo 12.º	Notificação	174	190	148	ue/regulamentos/2006/32006R0816.md
32006R0816	Artigo 13.º	Proibição de importação	192	196	166	ue/regulamentos/2006/32006R0816.md
32006R0816	Artigo 14.º	Acção das autoridades aduaneiras	198	212	701	ue/regulamentos/2006/32006R0816.md
32006R0816	Artigo 15.º	Isenção para a bagagem pessoal	214	216	71	ue/regulamentos/2006/32006R0816.md
32006R0816	Artigo 16.º	Revogação ou revisão da licença	218	230	600	ue/regulamentos/2006/32006R0816.md
32006R0816	Artigo 17.º	Recursos	232	236	116	ue/regulamentos/2006/32006R0816.md
32006R0816	Artigo 18.º	Segurança e eficácia dos medicamentos	238	248	216	ue/regulamentos/2006/32006R0816.md
32006R0816	Artigo 18.º-A	Licença obrigatória da União	250	274	534	ue/regulamentos/2006/32006R0816.md
32006R0816	Artigo 18.º-B	Procedimento de comité	276	284	154	ue/regulamentos/2006/32006R0816.md
32006R0816	Artigo 18.º-C	Aplicabilidade ao Reino Unido e no seu território no que diz respeito à Irlanda do Norte	286	290	165	ue/regulamentos/2006/32006R0816.md
32006R0816	Artigo 19.º	Revisão	292	302	190	ue/regulamentos/2006/32006R0816.md
32006R0816	Artigo 20.º	Entrada em vigor	304	310	102	ue/regulamentos/2006/32006R0816.md
32006R0838	Artigo 1.º		50	56	122	ue/regulamentos/2006/32006R0838.md
32006R0838	Artigo 2.º		58	64	88	ue/regulamentos/2006/32006R0838.md
32006R0838	ANEXO		66	101	1191	ue/regulamentos/2006/32006R0838.md
32006R0847	Artigo 1.º		36	44	172	ue/regulamentos/2006/32006R0847.md
32006R0847	Artigo 2.º		46	56	210	ue/regulamentos/2006/32006R0847.md
32006R0847	Artigo 3.º		58	60	24	ue/regulamentos/2006/32006R0847.md
32006R0847	Artigo 4.º		62	66	50	ue/regulamentos/2006/32006R0847.md
32006R0847	Artigo 5.º		68	76	144	ue/regulamentos/2006/32006R0847.md
32006R0864	Preâmbulo		18	36	332	ue/regulamentos/2006/32006R0864.md
32006R0864	Artigo 1.º	Esgotamento da quota	40	42	61	ue/regulamentos/2006/32006R0864.md
32006R0864	Artigo 2.º	Proibições	44	46	95	ue/regulamentos/2006/32006R0864.md
32006R0864	Artigo 3.º	Entrada em vigor	48	66	185	ue/regulamentos/2006/32006R0864.md
32006R0864	ANEXO		68	76	65	ue/regulamentos/2006/32006R0864.md
32006R0865	Artigo 1.º		36	96	992	ue/regulamentos/2006/32006R0865.md
32006R0865	Artigo 4.º		104	120	463	ue/regulamentos/2006/32006R0865.md
32006R0865	Artigo 5.º		122	146	397	ue/regulamentos/2006/32006R0865.md
32006R0865	Artigo 5.º-A	Teor específico das licenças, certificados e pedidos relativos a espécimes de flora	148	158	268	ue/regulamentos/2006/32006R0865.md
32006R0865	Artigo 5.º-B	Teor específico das licenças e certificados relativos a elefantes e a rinocerontes vivos	160	164	177	ue/regulamentos/2006/32006R0865.md
32006R0865	Artigo 5.º-C	Finalidade da transação	166	184	443	ue/regulamentos/2006/32006R0865.md
32006R0865	Artigo 6.º	Anexos dos formulários	186	200	425	ue/regulamentos/2006/32006R0865.md
32006R0865	Artigo 7.º		202	228	676	ue/regulamentos/2006/32006R0865.md
32006R0865	Artigo 8.º		232	250	345	ue/regulamentos/2006/32006R0865.md
32006R0865	Artigo 9.º	Remessas de espécimes	252	254	80	ue/regulamentos/2006/32006R0865.md
32006R0865	Artigo 10.º		256	310	1145	ue/regulamentos/2006/32006R0865.md
32006R0865	Artigo 11.º		312	374	775	ue/regulamentos/2006/32006R0865.md
32006R0865	Artigo 12.º		376	382	178	ue/regulamentos/2006/32006R0865.md
32006R0865	Artigo 13.º		384	390	145	ue/regulamentos/2006/32006R0865.md
32006R0865	Artigo 14.º		392	402	263	ue/regulamentos/2006/32006R0865.md
32006R0865	Artigo 15.º		404	432	963	ue/regulamentos/2006/32006R0865.md
32006R0865	Artigo 16.º		434	438	93	ue/regulamentos/2006/32006R0865.md
32006R0865	Artigo 17.º		440	454	291	ue/regulamentos/2006/32006R0865.md
32006R0865	Artigo 18.º		456	476	661	ue/regulamentos/2006/32006R0865.md
32006R0865	Artigo 19.º		478	498	504	ue/regulamentos/2006/32006R0865.md
32006R0865	Artigo 20.º		502	520	455	ue/regulamentos/2006/32006R0865.md
32006R0865	Artigo 20.º-A	Rejeição de pedidos de licenças de importação	522	526	103	ue/regulamentos/2006/32006R0865.md
32006R0865	Artigo 21.º		528	534	264	ue/regulamentos/2006/32006R0865.md
32006R0865	Artigo 22.º		536	548	175	ue/regulamentos/2006/32006R0865.md
32006R0865	Artigo 23.º		550	556	133	ue/regulamentos/2006/32006R0865.md
32006R0865	Artigo 24.º		560	566	227	ue/regulamentos/2006/32006R0865.md
32006R0865	Artigo 25.º		568	574	135	ue/regulamentos/2006/32006R0865.md
32006R0865	Artigo 26.º		578	614	926	ue/regulamentos/2006/32006R0865.md
32006R0865	Artigo 26.º-A	Rejeição de pedidos de licenças de exportação	616	620	103	ue/regulamentos/2006/32006R0865.md
32006R0865	Artigo 27.º		622	628	153	ue/regulamentos/2006/32006R0865.md
32006R0865	Artigo 28.º		630	636	130	ue/regulamentos/2006/32006R0865.md
32006R0865	Artigo 29.º		638	644	186	ue/regulamentos/2006/32006R0865.md
32006R0865	Artigo 30.º		648	666	305	ue/regulamentos/2006/32006R0865.md
32006R0865	Artigo 31.º		668	682	132	ue/regulamentos/2006/32006R0865.md
32006R0865	Artigo 32.º		684	692	219	ue/regulamentos/2006/32006R0865.md
32006R0865	Artigo 33.º		694	708	276	ue/regulamentos/2006/32006R0865.md
32006R0865	Artigo 34.º		710	720	273	ue/regulamentos/2006/32006R0865.md
32006R0865	Artigo 35.º		722	732	372	ue/regulamentos/2006/32006R0865.md
32006R0865	Artigo 36.º		734	746	122	ue/regulamentos/2006/32006R0865.md
32006R0865	Artigo 37.º		750	762	93	ue/regulamentos/2006/32006R0865.md
32006R0865	Artigo 38.º		764	772	113	ue/regulamentos/2006/32006R0865.md
32006R0865	Artigo 39.º		774	792	482	ue/regulamentos/2006/32006R0865.md
32006R0865	Artigo 40.º		794	812	282	ue/regulamentos/2006/32006R0865.md
32006R0865	Artigo 41.º		814	824	268	ue/regulamentos/2006/32006R0865.md
32006R0865	Artigo 42.º		826	836	339	ue/regulamentos/2006/32006R0865.md
32006R0865	Artigo 43.º		838	842	124	ue/regulamentos/2006/32006R0865.md
32006R0865	Artigo 44.º		844	856	122	ue/regulamentos/2006/32006R0865.md
32006R0865	Artigo 44.º-A	Emissão	860	864	120	ue/regulamentos/2006/32006R0865.md
32006R0865	Artigo 44.º-B	Utilização	866	874	193	ue/regulamentos/2006/32006R0865.md
32006R0865	Artigo 44.º-C	Autoridade emissora	876	880	145	ue/regulamentos/2006/32006R0865.md
32006R0865	Artigo 44.º-D	Condições	882	900	510	ue/regulamentos/2006/32006R0865.md
32006R0865	Artigo 44.º-E	Pedidos	902	912	278	ue/regulamentos/2006/32006R0865.md
32006R0865	Artigo 44.º-F	Documentos a entregar pelo titular à estância aduaneira	914	922	456	ue/regulamentos/2006/32006R0865.md
32006R0865	Artigo 44.º-G	Substituição	924	932	122	ue/regulamentos/2006/32006R0865.md
32006R0865	Artigo 44.º-H	Emissão	936	946	216	ue/regulamentos/2006/32006R0865.md
32006R0865	Artigo 44.º-I	Utilização	948	954	82	ue/regulamentos/2006/32006R0865.md
32006R0865	Artigo 44.º-J	Autoridade emissora	956	970	274	ue/regulamentos/2006/32006R0865.md
32006R0865	Artigo 44.º-K	Condições aplicáveis aos espécimes	972	982	169	ue/regulamentos/2006/32006R0865.md
32006R0865	Artigo 44.º-L	Pedidos	984	994	260	ue/regulamentos/2006/32006R0865.md
32006R0865	Artigo 44.º-M	Documentos a entregar pelo titular à estância aduaneira	996	1000	192	ue/regulamentos/2006/32006R0865.md
32006R0865	Artigo 44.º-N	Venda de espécimes abrangidos	1002	1004	125	ue/regulamentos/2006/32006R0865.md
32006R0865	Artigo 44.º-O	Substituição	1006	1012	120	ue/regulamentos/2006/32006R0865.md
32006R0865	Artigo 44.º-P	Introdução na União de instrumentos musicais com certificados emitidos por países terceiros	1014	1018	136	ue/regulamentos/2006/32006R0865.md
32006R0865	Artigo 45.º		1022	1034	249	ue/regulamentos/2006/32006R0865.md
32006R0865	Artigo 46.º		1038	1042	101	ue/regulamentos/2006/32006R0865.md
32006R0865	Artigo 47.º		1044	1060	305	ue/regulamentos/2006/32006R0865.md
32006R0865	Artigo 48.º		1062	1082	432	ue/regulamentos/2006/32006R0865.md
32006R0865	Artigo 49.º		1084	1088	120	ue/regulamentos/2006/32006R0865.md
32006R0865	Artigo 50.º		1090	1102	316	ue/regulamentos/2006/32006R0865.md
32006R0865	Artigo 51.º		1104	1120	381	ue/regulamentos/2006/32006R0865.md
32006R0865	Artigo 52.º		1124	1138	325	ue/regulamentos/2006/32006R0865.md
32006R0865	Artigo 53.º		1142	1148	312	ue/regulamentos/2006/32006R0865.md
32006R0865	Artigo 54.º		1158	1182	486	ue/regulamentos/2006/32006R0865.md
32006R0865	Artigo 54.º-A	Registo de estabelecimentos que criam em cativeiro, para fins comerciais, espécimes de espécies animais inscritas no apêndice I da convenção	1184	1206	756	ue/regulamentos/2006/32006R0865.md
32006R0865	Artigo 55.º		1208	1212	103	ue/regulamentos/2006/32006R0865.md
32006R0865	Artigo 56.º		1214	1250	532	ue/regulamentos/2006/32006R0865.md
32006R0865	Artigo 57.º		1254	1310	1014	ue/regulamentos/2006/32006R0865.md
32006R0865	Artigo 58.º		1312	1346	719	ue/regulamentos/2006/32006R0865.md
32006R0865	Artigo 58.º-A	Utilização para fins comerciais de bens pessoais e de uso doméstico no interior da União	1348	1366	366	ue/regulamentos/2006/32006R0865.md
32006R0865	Artigo 59.º		1370	1390	596	ue/regulamentos/2006/32006R0865.md
32006R0865	Artigo 60.º		1392	1402	228	ue/regulamentos/2006/32006R0865.md
32006R0865	Artigo 61.º		1404	1412	199	ue/regulamentos/2006/32006R0865.md
32006R0865	Artigo 62.º		1414	1434	318	ue/regulamentos/2006/32006R0865.md
32006R0865	Artigo 63.º		1436	1456	451	ue/regulamentos/2006/32006R0865.md
32006R0865	Artigo 64.º		1460	1480	448	ue/regulamentos/2006/32006R0865.md
32006R0865	Artigo 65.º		1482	1500	378	ue/regulamentos/2006/32006R0865.md
32006R0865	Artigo 66.º		1502	1552	1249	ue/regulamentos/2006/32006R0865.md
32006R0865	Artigo 67.º		1554	1558	108	ue/regulamentos/2006/32006R0865.md
32006R0865	Artigo 68.º		1560	1566	110	ue/regulamentos/2006/32006R0865.md
32006R0865	Artigo 69.º	Relatórios sobre as importações, exportações e reexportações e sobre a execução	1572	1610	948	ue/regulamentos/2006/32006R0865.md
32006R0865	Artigo 70.º		1612	1624	230	ue/regulamentos/2006/32006R0865.md
32006R0865	Artigo 71.º		1630	1648	369	ue/regulamentos/2006/32006R0865.md
32006R0865	Artigo 72.º		1650	1662	282	ue/regulamentos/2006/32006R0865.md
32006R0865	Artigo 73.º		1664	1668	103	ue/regulamentos/2006/32006R0865.md
32006R0865	Artigo 74.º		1670	1676	63	ue/regulamentos/2006/32006R0865.md
32006R0865	Artigo 75.º		1678	1688	73	ue/regulamentos/2006/32006R0865.md
32006R0865	ANEXO VII		1690	1803	3918	ue/regulamentos/2006/32006R0865.md
32006R0865	ANEXO VIII		1805	2095	20878	ue/regulamentos/2006/32006R0865.md
32006R0865	ANEXO IX		2097	2149	921	ue/regulamentos/2006/32006R0865.md
32006R0865	ANEXO X	ESPÉCIES ANIMAIS REFERIDAS NO N.º 1 DO ARTIGO 62.º	2151	2223	184	ue/regulamentos/2006/32006R0865.md
32006R0865	ANEXO XI	Tipos de amostras biológicas a que se refere o artigo 18.º e sua utilização	2225	2240	1053	ue/regulamentos/2006/32006R0865.md
32006R0865	ANEXO XII	Quadro de correspondência	2242	2342	968	ue/regulamentos/2006/32006R0865.md
32006R0865	ANEXO XIII		2344	2376	71	ue/regulamentos/2006/32006R0865.md
32006R0865	ANEXO XIV		2378	2422	790	ue/regulamentos/2006/32006R0865.md
32006R0888	Preâmbulo		18	38	495	ue/regulamentos/2006/32006R0888.md
32006R0888	Artigo 1.º		42	44	49	ue/regulamentos/2006/32006R0888.md
32006R0888	Artigo 2.º		46	48	86	ue/regulamentos/2006/32006R0888.md
32006R0888	Artigo 3.º		50	66	176	ue/regulamentos/2006/32006R0888.md
32006R0888	ANEXO		68	73	422	ue/regulamentos/2006/32006R0888.md
32006R0898	Preâmbulo		18	36	470	ue/regulamentos/2006/32006R0898.md
32006R0898	Artigo 1.º		40	49	119	ue/regulamentos/2006/32006R0898.md
32006R0898	Artigo 2.º		51	65	95	ue/regulamentos/2006/32006R0898.md
32006R0898	ANEXO		67	88	254	ue/regulamentos/2006/32006R0898.md
32006R0907	Artigo 1.º		62	68	64	ue/regulamentos/2006/32006R0907.md
32006R0907	Artigo 2.º	Entrada em vigor	70	76	102	ue/regulamentos/2006/32006R0907.md
32006R0907	ANEXO I		78	78	3	ue/regulamentos/2006/32006R0907.md
32006R0907	ANEXO II		108	108	3	ue/regulamentos/2006/32006R0907.md
32006R0909	Preâmbulo		18	34	278	ue/regulamentos/2006/32006R0909.md
32006R0909	Artigo 1.º		38	40	31	ue/regulamentos/2006/32006R0909.md
32006R0909	Artigo 2.º		42	44	32	ue/regulamentos/2006/32006R0909.md
32006R0909	Artigo 3.º		46	62	130	ue/regulamentos/2006/32006R0909.md
32006R0909	ANEXO I		64	89	395	ue/regulamentos/2006/32006R0909.md
32006R0909	ANEXO II		91	99	135	ue/regulamentos/2006/32006R0909.md
32006R0928	Preâmbulo		18	40	748	ue/regulamentos/2006/32006R0928.md
32006R0928	Artigo 1.º		44	46	30	ue/regulamentos/2006/32006R0928.md
32006R0928	Artigo 2.º		48	68	153	ue/regulamentos/2006/32006R0928.md
32006R0928	ANEXO		70	79	261	ue/regulamentos/2006/32006R0928.md
32006R0941	Preâmbulo		18	40	448	ue/regulamentos/2006/32006R0941.md
32006R0941	Artigo 1.º		44	46	35	ue/regulamentos/2006/32006R0941.md
32006R0941	Artigo 2.º		48	64	104	ue/regulamentos/2006/32006R0941.md
32006R0941	ANEXO		66	231	3058	ue/regulamentos/2006/32006R0941.md
32006R0949	Preâmbulo		18	48	1029	ue/regulamentos/2006/32006R0949.md
32006R0949	Artigo 1.º		52	56	206	ue/regulamentos/2006/32006R0949.md
32006R0949	Artigo 2.º		58	60	34	ue/regulamentos/2006/32006R0949.md
32006R0949	Artigo 3.º		62	82	167	ue/regulamentos/2006/32006R0949.md
32006R0952	Artigo 1.º		42	46	94	ue/regulamentos/2006/32006R0952.md
32006R0952	Artigo 2.º	Definições	48	58	140	ue/regulamentos/2006/32006R0952.md
32006R0952	Artigo 3.º	Produção de açúcar	62	134	888	ue/regulamentos/2006/32006R0952.md
32006R0952	Artigo 4.º	Produção de isoglicose	136	144	278	ue/regulamentos/2006/32006R0952.md
32006R0952	Artigo 5.º	Produção de xarope de inulina	146	166	598	ue/regulamentos/2006/32006R0952.md
32006R0952	Artigo 6.º	Produção de uma empresa	168	200	936	ue/regulamentos/2006/32006R0952.md
32006R0952	Artigo 7.º	Pedido de aprovação	204	222	273	ue/regulamentos/2006/32006R0952.md
32006R0952	Artigo 8.º	Compromissos	224	238	258	ue/regulamentos/2006/32006R0952.md
32006R0952	Artigo 9.º	Registos	240	256	236	ue/regulamentos/2006/32006R0952.md
32006R0952	Artigo 10.º	Controlos	258	294	701	ue/regulamentos/2006/32006R0952.md
32006R0952	Artigo 11.º	Sanções	296	310	404	ue/regulamentos/2006/32006R0952.md
32006R0952	Artigo 15.º	Disposições transitórias para a transmissão dos dados de preços	318	332	245	ue/regulamentos/2006/32006R0952.md
32006R0952	Artigo 16.º	Contrato de entrega	334	346	221	ue/regulamentos/2006/32006R0952.md
32006R0952	Artigo 16.º-A	Condições de compra da beterraba	348	352	64	ue/regulamentos/2006/32006R0952.md
32006R0952	Artigo 17.º	Bonificações e reduções	354	384	454	ue/regulamentos/2006/32006R0952.md
32006R0952	Artigo 18.º	Quotas adicionais de açúcar	390	404	271	ue/regulamentos/2006/32006R0952.md
32006R0952	Artigo 19.º	Quotas suplementares de isoglicose	406	422	322	ue/regulamentos/2006/32006R0952.md
32006R0952	Artigo 20.º-A	Encargo de produção	424	430	80	ue/regulamentos/2006/32006R0952.md
32006R0952	Artigo 23.º	Oferta	436	446	394	ue/regulamentos/2006/32006R0952.md
32006R0952	Artigo 24.º	Aprovação do local de armazenagem	448	464	344	ue/regulamentos/2006/32006R0952.md
32006R0952	Artigo 25.º	Qualidade mínima do açúcar	466	490	341	ue/regulamentos/2006/32006R0952.md
32006R0952	Artigo 26.º	Lote	492	496	80	ue/regulamentos/2006/32006R0952.md
32006R0952	Artigo 27.º	Conteúdo da oferta	498	516	206	ue/regulamentos/2006/32006R0952.md
32006R0952	Artigo 28.º	Exame das ofertas	518	522	120	ue/regulamentos/2006/32006R0952.md
32006R0952	Artigo 29.º	Contrato de armazenagem	526	544	308	ue/regulamentos/2006/32006R0952.md
32006R0952	Artigo 30.º	Transferência de propriedade	546	550	91	ue/regulamentos/2006/32006R0952.md
32006R0952	Artigo 31.º	Conformidade da qualidade ou do acondicionamento	552	556	164	ue/regulamentos/2006/32006R0952.md
32006R0952	Artigo 32.º	Preço de compra e qualidade do açúcar branco	560	620	530	ue/regulamentos/2006/32006R0952.md
32006R0952	Artigo 33.º	Preço de compra do açúcar bruto	622	640	230	ue/regulamentos/2006/32006R0952.md
32006R0952	Artigo 34.º	Prazo de pagamento	642	644	82	ue/regulamentos/2006/32006R0952.md
32006R0952	Artigo 35.º	Amostra para efeitos do controlo de qualidade	648	652	162	ue/regulamentos/2006/32006R0952.md
32006R0952	Artigo 36.º	Diferendos relativos à qualidade	654	688	902	ue/regulamentos/2006/32006R0952.md
32006R0952	Artigo 37.º	Controlo dos locais de armazenagem	690	692	61	ue/regulamentos/2006/32006R0952.md
32006R0952	Artigo 38.º	Controlo do peso e despesas associadas	694	710	288	ue/regulamentos/2006/32006R0952.md
32006R0952	Artigo 39.º	Vendas	714	732	251	ue/regulamentos/2006/32006R0952.md
32006R0952	Artigo 40.º	Anúncio de concurso	734	768	365	ue/regulamentos/2006/32006R0952.md
32006R0952	Artigo 41.º	Adjudicação	770	784	140	ue/regulamentos/2006/32006R0952.md
32006R0952	Artigo 42.º	Condições do concurso	786	808	228	ue/regulamentos/2006/32006R0952.md
32006R0952	Artigo 43.º	Concurso permanente	810	816	140	ue/regulamentos/2006/32006R0952.md
32006R0952	Artigo 44.º	Apresentação da proposta	818	862	485	ue/regulamentos/2006/32006R0952.md
32006R0952	Artigo 45.º	Abertura das propostas	864	868	62	ue/regulamentos/2006/32006R0952.md
32006R0952	Artigo 46.º	Fixação dos montantes	870	872	123	ue/regulamentos/2006/32006R0952.md
32006R0952	Artigo 47.º	Adjudicação	874	888	330	ue/regulamentos/2006/32006R0952.md
32006R0952	Artigo 48.º	Direitos e obrigações decorrentes da adjudicação	890	906	308	ue/regulamentos/2006/32006R0952.md
32006R0952	Artigo 49.º	Declaração de adjudicação	908	918	124	ue/regulamentos/2006/32006R0952.md
32006R0952	Artigo 50.º	Levantamento do açúcar comprado	920	926	199	ue/regulamentos/2006/32006R0952.md
32006R0952	Artigo 51.º	Autorização de levantamento	928	938	237	ue/regulamentos/2006/32006R0952.md
32006R0952	Artigo 52.º	Pagamento	940	946	163	ue/regulamentos/2006/32006R0952.md
32006R0952	Artigo 53.º	Transferência de propriedade	948	954	132	ue/regulamentos/2006/32006R0952.md
32006R0952	Artigo 54.º	Constatação da categoria ou do rendimento	956	960	114	ue/regulamentos/2006/32006R0952.md
32006R0952	Artigo 55.º	Adaptação do preço do açúcar	962	972	260	ue/regulamentos/2006/32006R0952.md
32006R0952	Artigo 56.º	Liberação da garantia	974	990	178	ue/regulamentos/2006/32006R0952.md
32006R0952	Artigo 57.º	Comunicação das quantidades	992	1004	86	ue/regulamentos/2006/32006R0952.md
32006R0952	Artigo 58.º	Comunicações e notificações	1010	1014	60	ue/regulamentos/2006/32006R0952.md
32006R0952	Artigo 59.º	Revogação	1016	1020	98	ue/regulamentos/2006/32006R0952.md
32006R0952	Artigo 60.º	Entrada em vigor	1022	1032	99	ue/regulamentos/2006/32006R0952.md
32006R0952	ANEXO I		1034	1064	183	ue/regulamentos/2006/32006R0952.md
32006R0952	ANEXO II		1066	1208	2125	ue/regulamentos/2006/32006R0952.md
32006R0957	Preâmbulo		22	46	628	ue/regulamentos/2006/32006R0957.md
32006R0957	Artigo 1.º		50	52	49	ue/regulamentos/2006/32006R0957.md
32006R0957	Artigo 2.º		54	56	86	ue/regulamentos/2006/32006R0957.md
32006R0957	Artigo 3.º		58	60	20	ue/regulamentos/2006/32006R0957.md
32006R0957	Artigo 4.º		62	80	211	ue/regulamentos/2006/32006R0957.md
32006R0957	ANEXO		82	89	1205	ue/regulamentos/2006/32006R0957.md
32006R0971	Preâmbulo		18	40	440	ue/regulamentos/2006/32006R0971.md
32006R0971	Artigo 1.º		44	94	710	ue/regulamentos/2006/32006R0971.md
32006R0971	Artigo 2.º		96	118	193	ue/regulamentos/2006/32006R0971.md
32006R0996	Preâmbulo		18	38	297	ue/regulamentos/2006/32006R0996.md
32006R0996	Artigo 1.º		42	44	29	ue/regulamentos/2006/32006R0996.md
32006R0996	Artigo 2.º		46	64	128	ue/regulamentos/2006/32006R0996.md
32006R0996	ANEXO		66	71	142	ue/regulamentos/2006/32006R0996.md
32006R1006	Preâmbulo		18	38	384	ue/regulamentos/2006/32006R1006.md
32006R1006	Artigo 1.º		42	44	87	ue/regulamentos/2006/32006R1006.md
32006R1006	Artigo 2.º		46	66	184	ue/regulamentos/2006/32006R1006.md
32006R1006	ANEXO		68	177	793	ue/regulamentos/2006/32006R1006.md
32006R1010	Artigo 1.º		62	80	233	ue/regulamentos/2006/32006R1010.md
32006R1010	Artigo 2.º		82	88	149	ue/regulamentos/2006/32006R1010.md
32006R1010	Artigo 3.º		90	106	159	ue/regulamentos/2006/32006R1010.md
32006R1010	Artigo 4.º		108	128	270	ue/regulamentos/2006/32006R1010.md
32006R1010	Artigo 5.º		130	146	278	ue/regulamentos/2006/32006R1010.md
32006R1010	Artigo 6.º		148	164	218	ue/regulamentos/2006/32006R1010.md
32006R1010	Artigo 7.º		166	174	132	ue/regulamentos/2006/32006R1010.md
32006R1010	Artigo 8.º		176	178	54	ue/regulamentos/2006/32006R1010.md
32006R1010	Artigo 9.º		180	184	66	ue/regulamentos/2006/32006R1010.md
32006R1010	Artigo 10.º		186	188	98	ue/regulamentos/2006/32006R1010.md
32006R1010	Artigo 11.º		190	198	72	ue/regulamentos/2006/32006R1010.md
32006R1010	ANEXO I		200	230	394	ue/regulamentos/2006/32006R1010.md
32006R1010	ANEXO II		232	262	219	ue/regulamentos/2006/32006R1010.md
32006R1010	ANEXO III		264	294	304	ue/regulamentos/2006/32006R1010.md
32006R1010	ANEXO IV		296	326	342	ue/regulamentos/2006/32006R1010.md
32006R1010	ANEXO V		328	358	386	ue/regulamentos/2006/32006R1010.md
32006R1010	ANEXO VI		360	390	277	ue/regulamentos/2006/32006R1010.md
32006R1010	ANEXO VII		392	426	228	ue/regulamentos/2006/32006R1010.md
32006R1013	Artigo 1.º	Âmbito de aplicação	49	91	850	ue/regulamentos/2006/32006R1013.md
32006R1013	Artigo 2.º	Definições	93	243	2948	ue/regulamentos/2006/32006R1013.md
32006R1013	Artigo 3.º	Quadro processual global	247	275	684	ue/regulamentos/2006/32006R1013.md
32006R1013	Artigo 4.º	Notificação	279	333	1204	ue/regulamentos/2006/32006R1013.md
32006R1013	Artigo 5.º	Contrato	335	355	519	ue/regulamentos/2006/32006R1013.md
32006R1013	Artigo 6.º	Garantia financeira	357	391	1023	ue/regulamentos/2006/32006R1013.md
32006R1013	Artigo 7.º	Transmissão da notificação pela autoridade competente de expedição	393	407	428	ue/regulamentos/2006/32006R1013.md
32006R1013	Artigo 8.º	Pedidos de informação e documentação das autoridades competentes envolvidas e aviso de recepção da autoridade competente de destino	409	415	342	ue/regulamentos/2006/32006R1013.md
32006R1013	Artigo 9.º	Consentimento das autoridades competentes de destino, de expedição e de trânsito e prazos de transporte, valorização ou eliminação	417	451	740	ue/regulamentos/2006/32006R1013.md
32006R1013	Artigo 10.º	Condições de transferência	453	465	523	ue/regulamentos/2006/32006R1013.md
32006R1013	Artigo 11.º	Objecções a transferências de resíduos destinados a eliminação	467	513	1284	ue/regulamentos/2006/32006R1013.md
32006R1013	Artigo 12.º	Objecções a transferências de resíduos destinados a valorização	515	557	1383	ue/regulamentos/2006/32006R1013.md
32006R1013	Artigo 13.º	Notificação geral	559	573	296	ue/regulamentos/2006/32006R1013.md
32006R1013	Artigo 14.º	Instalações de valorização titulares de uma autorização prévia	575	609	574	ue/regulamentos/2006/32006R1013.md
32006R1013	Artigo 15.º	Disposições adicionais relativas a operações intermédias de valorização e eliminação	611	637	872	ue/regulamentos/2006/32006R1013.md
32006R1013	Artigo 16.º	Requisitos a respeitar após a autorização de uma transferência	639	659	668	ue/regulamentos/2006/32006R1013.md
32006R1013	Artigo 17.º	Alterações da transferência após a autorização	661	667	191	ue/regulamentos/2006/32006R1013.md
32006R1013	Artigo 18.º	Resíduos que devem ser acompanhados de determinadas informações	671	689	485	ue/regulamentos/2006/32006R1013.md
32006R1013	Artigo 19.º	Proibição de mistura de resíduos durante a transferência	693	695	73	ue/regulamentos/2006/32006R1013.md
32006R1013	Artigo 20.º	Conservação de documentos e informações	697	701	168	ue/regulamentos/2006/32006R1013.md
32006R1013	Artigo 21.º	Acesso público a notificações	703	705	89	ue/regulamentos/2006/32006R1013.md
32006R1013	Artigo 22.º	Retoma quando uma transferência não pode ser concluída como previsto	709	741	1539	ue/regulamentos/2006/32006R1013.md
32006R1013	Artigo 23.º	Custos da retoma quando uma transferência não pode ser concluída	743	755	247	ue/regulamentos/2006/32006R1013.md
32006R1013	Artigo 24.º	Retoma em caso de transferência ilegal	757	807	1432	ue/regulamentos/2006/32006R1013.md
32006R1013	Artigo 25.º	Custos da retoma em caso de transferência ilegal	809	835	475	ue/regulamentos/2006/32006R1013.md
32006R1013	Artigo 26.º	Formato das comunicações	839	885	765	ue/regulamentos/2006/32006R1013.md
32006R1013	Artigo 27.º	Língua	887	891	97	ue/regulamentos/2006/32006R1013.md
32006R1013	Artigo 28.º	Desacordo sobre questões de classificação	893	901	303	ue/regulamentos/2006/32006R1013.md
32006R1013	Artigo 29.º	Custos administrativos	903	905	62	ue/regulamentos/2006/32006R1013.md
32006R1013	Artigo 30.º	Acordos transfronteiriços	907	915	223	ue/regulamentos/2006/32006R1013.md
32006R1013	Artigo 31.º	Transferências de resíduos destinados a eliminação	919	925	180	ue/regulamentos/2006/32006R1013.md
32006R1013	Artigo 32.º	Transferências de resíduos destinados a valorização	927	931	204	ue/regulamentos/2006/32006R1013.md
32006R1013	Artigo 33.º	Aplicação do presente regulamento a transferências exclusivamente no interior de Estados-Membros	935	941	186	ue/regulamentos/2006/32006R1013.md
32006R1013	Artigo 34.º	Exportação proibida excepto para países da EFTA	947	959	210	ue/regulamentos/2006/32006R1013.md
32006R1013	Artigo 35.º	Procedimentos de exportação para países da EFTA	961	1007	1276	ue/regulamentos/2006/32006R1013.md
32006R1013	Artigo 36.º	Proibição de exportação	1013	1037	757	ue/regulamentos/2006/32006R1013.md
32006R1013	Artigo 37.º	Procedimentos na exportação de resíduos enumerados nos anexos III ou III-A	1039	1065	532	ue/regulamentos/2006/32006R1013.md
32006R1013	Artigo 38.º	Exportações de resíduos enumerados nos anexos III, III-A, III-B, IV e IV-A	1069	1117	1466	ue/regulamentos/2006/32006R1013.md
32006R1013	Artigo 39.º	Exportações para o Antárctico	1121	1123	31	ue/regulamentos/2006/32006R1013.md
32006R1013	Artigo 40.º	Exportações para países ou territórios ultramarinos	1125	1131	136	ue/regulamentos/2006/32006R1013.md
32006R1013	Artigo 41.º	Importações proibidas com excepção das provenientes de países partes na Convenção de Basileia ou com um acordo em vigor ou de outras zonas durante situações de 	1137	1161	652	ue/regulamentos/2006/32006R1013.md
32006R1013	Artigo 42.º	Requisitos processuais para importações de países partes da Convenção de Basileia ou de outras zonas durante situações de crise ou de guerra	1163	1197	802	ue/regulamentos/2006/32006R1013.md
32006R1013	Artigo 43.º	Importações proibidas com excepção das provenientes de países abrangidos pela decisão da OCDE ou partes na Convenção de Basileia ou com um acordo em vigor ou de	1201	1223	426	ue/regulamentos/2006/32006R1013.md
32006R1013	Artigo 44.º	Requisitos processuais para importações provenientes de países abrangidos pela decisão da OCDE ou de outras zonas durante situações de crise ou de guerra	1225	1253	590	ue/regulamentos/2006/32006R1013.md
32006R1013	Artigo 45.º	Requisitos processuais para importações provenientes de países não abrangidos pela decisão da OCDE ou partes na Convenção de Basileia ou de outras zonas durante	1255	1263	131	ue/regulamentos/2006/32006R1013.md
32006R1013	Artigo 46.º	Importações provenientes de países ou territórios ultramarinos	1267	1273	138	ue/regulamentos/2006/32006R1013.md
32006R1013	Artigo 47.º	Trânsito pela Comunidade de resíduos destinados a eliminação	1279	1285	234	ue/regulamentos/2006/32006R1013.md
32006R1013	Artigo 48.º	Trânsito pela Comunidade de resíduos destinados a valorização	1289	1299	382	ue/regulamentos/2006/32006R1013.md
32006R1013	Artigo 49.º	Protecção do ambiente	1305	1325	661	ue/regulamentos/2006/32006R1013.md
32006R1013	Artigo 50.º	Controlo do cumprimento nos Estados-Membros	1327	1417	2094	ue/regulamentos/2006/32006R1013.md
32006R1013	Artigo 51.º	Relatórios dos Estados-Membros	1419	1431	338	ue/regulamentos/2006/32006R1013.md
32006R1013	Artigo 52.º	Cooperação internacional	1433	1435	99	ue/regulamentos/2006/32006R1013.md
32006R1013	Artigo 53.º	Designação das autoridades competentes	1437	1439	61	ue/regulamentos/2006/32006R1013.md
32006R1013	Artigo 54.º	Designação de correspondentes	1441	1443	94	ue/regulamentos/2006/32006R1013.md
32006R1013	Artigo 55.º	Designação das estâncias aduaneiras de entrada e saída na Comunidade	1445	1447	115	ue/regulamentos/2006/32006R1013.md
32006R1013	Artigo 56.º	Notificação e informação sobre designações	1449	1477	276	ue/regulamentos/2006/32006R1013.md
32006R1013	Artigo 57.º	Reunião dos correspondentes	1481	1485	117	ue/regulamentos/2006/32006R1013.md
32006R1013	Artigo 58.º	Alteração dos anexos	1487	1497	150	ue/regulamentos/2006/32006R1013.md
32006R1013	Artigo 58.º-A	Exercício da delegação	1499	1513	415	ue/regulamentos/2006/32006R1013.md
32006R1013	Artigo 59.º-A	Procedimento de comité	1515	1523	126	ue/regulamentos/2006/32006R1013.md
32006R1013	Artigo 60.º	Revisão	1525	1537	333	ue/regulamentos/2006/32006R1013.md
32006R1013	Artigo 61.º	Revogações	1539	1545	84	ue/regulamentos/2006/32006R1013.md
32006R1013	Artigo 62.º	Regras transitórias	1547	1553	176	ue/regulamentos/2006/32006R1013.md
32006R1013	Artigo 63.º	Disposições transitórias para determinados Estados-Membros	1555	1789	2146	ue/regulamentos/2006/32006R1013.md
32006R1013	Artigo 64.º	Entrada em vigor e aplicação	1791	1803	174	ue/regulamentos/2006/32006R1013.md
32006R1013	ANEXO I-A		1805	1813	37	ue/regulamentos/2006/32006R1013.md
32006R1013	ANEXO I-B		1815	1823	38	ue/regulamentos/2006/32006R1013.md
32006R1013	ANEXO I-C		1825	1969	10414	ue/regulamentos/2006/32006R1013.md
32006R1013	ANEXO II	INFORMAÇÕES E DOCUMENTAÇÃO RELACIONADA COM A NOTIFICAÇÃO	1971	2091	1918	ue/regulamentos/2006/32006R1013.md
32006R1013	ANEXO III		2093	2236	1474	ue/regulamentos/2006/32006R1013.md
32006R1013	ANEXO III-A		2238	2296	857	ue/regulamentos/2006/32006R1013.md
32006R1013	ANEXO III-B		2298	2320	354	ue/regulamentos/2006/32006R1013.md
32006R1013	ANEXO IV		2322	2422	1284	ue/regulamentos/2006/32006R1013.md
32006R1013	ANEXO IV-A	RESÍDUOS INSCRITOS NA LISTA DO ANEXO III MAS SUJEITOS AO PROCEDIMENTO DE NOTIFICAÇÃO E AUTORIZAÇÃO PRÉVIO POR ESCRITO (N.º 3 DO ARTIGO 3.º)	2424	2424	39	ue/regulamentos/2006/32006R1013.md
32006R1013	ANEXO V	RESÍDUOS SUJEITOS À PROIBIÇÃO DE EXPORTAÇÃO DO ARTIGO 36.º	2426	4195	26436	ue/regulamentos/2006/32006R1013.md
32006R1013	ANEXO VI		4197	4208	147	ue/regulamentos/2006/32006R1013.md
32006R1013	ANEXO VII		4210	4218	36	ue/regulamentos/2006/32006R1013.md
32006R1013	ANEXO VIII	DIRETRIZES SOBRE GESTÃO AMBIENTALMENTE CORRETA (Artigo 49.º)	4220	4282	1234	ue/regulamentos/2006/32006R1013.md
32006R1013	ANEXO IX	QUESTIONÁRIO ADICIONAL PARA RELATÓRIOS DOS ESTADOS-MEMBROS PREVISTA NO N.º 2 DO ARTIGO 51.º	4284	4472	3236	ue/regulamentos/2006/32006R1013.md
32006R1031	Preâmbulo		18	34	252	ue/regulamentos/2006/32006R1031.md
32006R1031	Artigo 1.º		38	40	65	ue/regulamentos/2006/32006R1031.md
32006R1031	Artigo 2.º		42	58	106	ue/regulamentos/2006/32006R1031.md
32006R1031	ANEXO I		60	424	4232	ue/regulamentos/2006/32006R1031.md
32006R1031	ANEXO II		426	778	5058	ue/regulamentos/2006/32006R1031.md
32006R1039	Artigo 1.º		62	66	105	ue/regulamentos/2006/32006R1039.md
32006R1039	Artigo 2.º		68	102	253	ue/regulamentos/2006/32006R1039.md
32006R1039	Artigo 3.º		104	112	118	ue/regulamentos/2006/32006R1039.md
32006R1039	Artigo 4.º		114	132	291	ue/regulamentos/2006/32006R1039.md
32006R1039	Artigo 5.º		134	136	66	ue/regulamentos/2006/32006R1039.md
32006R1039	Artigo 6.º		138	144	65	ue/regulamentos/2006/32006R1039.md
32006R1039	ANEXO I		146	163	478	ue/regulamentos/2006/32006R1039.md
32006R1039	ANEXO II		165	184	147	ue/regulamentos/2006/32006R1039.md
32006R1039	ANEXO III		186	205	148	ue/regulamentos/2006/32006R1039.md
32006R1041	Preâmbulo		18	48	860	ue/regulamentos/2006/32006R1041.md
32006R1041	Artigo 1.º		52	54	31	ue/regulamentos/2006/32006R1041.md
32006R1041	Artigo 2.º		56	70	127	ue/regulamentos/2006/32006R1041.md
32006R1041	ANEXO		72	151	1073	ue/regulamentos/2006/32006R1041.md
32006R1049	Preâmbulo		18	38	490	ue/regulamentos/2006/32006R1049.md
32006R1049	Artigo 1.º		42	44	49	ue/regulamentos/2006/32006R1049.md
32006R1049	Artigo 2.º		46	48	86	ue/regulamentos/2006/32006R1049.md
32006R1049	Artigo 3.º		50	66	176	ue/regulamentos/2006/32006R1049.md
32006R1049	ANEXO		68	74	743	ue/regulamentos/2006/32006R1049.md
32006R1052	Preâmbulo		18	38	422	ue/regulamentos/2006/32006R1052.md
32006R1052	Artigo 1.º		42	60	266	ue/regulamentos/2006/32006R1052.md
32006R1052	Artigo 2.º		62	80	204	ue/regulamentos/2006/32006R1052.md
32006R1056	Preâmbulo		22	42	496	ue/regulamentos/2006/32006R1056.md
32006R1056	Artigo 1.º		46	48	49	ue/regulamentos/2006/32006R1056.md
32006R1056	Artigo 2.º		50	52	86	ue/regulamentos/2006/32006R1056.md
32006R1056	Artigo 3.º		54	70	176	ue/regulamentos/2006/32006R1056.md
32006R1056	ANEXO		72	80	1141	ue/regulamentos/2006/32006R1056.md
32006R1066	Preâmbulo		18	34	226	ue/regulamentos/2006/32006R1066.md
32006R1066	Artigo 1.º		38	69	228	ue/regulamentos/2006/32006R1066.md
32006R1066	Artigo 2.º		71	85	111	ue/regulamentos/2006/32006R1066.md
32006R1067	Preâmbulo		18	34	237	ue/regulamentos/2006/32006R1067.md
32006R1067	Artigo 1.º		38	42	68	ue/regulamentos/2006/32006R1067.md
32006R1067	Artigo 2.º		44	58	124	ue/regulamentos/2006/32006R1067.md
32006R1082	Artigo 1.º	Natureza do AECT	35	53	244	ue/regulamentos/2006/32006R1082.md
32006R1082	Artigo 2.º	Direito aplicável	55	79	358	ue/regulamentos/2006/32006R1082.md
32006R1082	Artigo 3.º	Composição do AECT	81	109	285	ue/regulamentos/2006/32006R1082.md
32006R1082	Artigo 3.º-A	Adesão de membros de países terceiros ou de países ou territórios ultramarinos (PTU)	111	127	653	ue/regulamentos/2006/32006R1082.md
32006R1082	Artigo 4.º	Constituição do AECT	129	195	1108	ue/regulamentos/2006/32006R1082.md
32006R1082	Artigo 4.º-A	Participação de membros de PTU	197	205	157	ue/regulamentos/2006/32006R1082.md
32006R1082	Artigo 5.º	Aquisição de personalidade jurídica e publicação no Jornal Oficial	207	213	267	ue/regulamentos/2006/32006R1082.md
32006R1082	Artigo 6.º	Controlo da gestão dos fundos públicos	215	229	334	ue/regulamentos/2006/32006R1082.md
32006R1082	Artigo 7.º	Funções	231	255	629	ue/regulamentos/2006/32006R1082.md
32006R1082	Artigo 8.º	Convénio	257	293	508	ue/regulamentos/2006/32006R1082.md
32006R1082	Artigo 9.º	Estatutos	295	319	235	ue/regulamentos/2006/32006R1082.md
32006R1082	Artigo 10.º	Organização do AECT	321	331	113	ue/regulamentos/2006/32006R1082.md
32006R1082	Artigo 11.º	Orçamento	333	341	116	ue/regulamentos/2006/32006R1082.md
32006R1082	Artigo 12.º	Liquidação, insolvência, cessação de pagamentos e responsabilidade	343	369	597	ue/regulamentos/2006/32006R1082.md
32006R1082	Artigo 13.º	Interesse público	371	375	171	ue/regulamentos/2006/32006R1082.md
32006R1082	Artigo 14.º	Dissolução	377	381	223	ue/regulamentos/2006/32006R1082.md
32006R1082	Artigo 15.º	Competência judicial	383	403	289	ue/regulamentos/2006/32006R1082.md
32006R1082	Artigo 16.º	Disposições finais	405	425	350	ue/regulamentos/2006/32006R1082.md
32006R1082	Artigo 17.º	Relatório	427	433	122	ue/regulamentos/2006/32006R1082.md
32006R1082	Artigo 17.º-A	Exercício da delegação	435	447	352	ue/regulamentos/2006/32006R1082.md
32006R1082	Artigo 18.º	Entrada em vigor	449	457	106	ue/regulamentos/2006/32006R1082.md
32006R1082	ANEXO		459	479	306	ue/regulamentos/2006/32006R1082.md
32006R1086	Preâmbulo		18	40	368	ue/regulamentos/2006/32006R1086.md
32006R1086	Artigo 1.º		44	48	68	ue/regulamentos/2006/32006R1086.md
32006R1086	Artigo 2.º		50	68	144	ue/regulamentos/2006/32006R1086.md
32006R1107	Artigo 1.º		94	110	452	ue/regulamentos/2006/32006R1107.md
32006R1107	Artigo 2.º		112	140	767	ue/regulamentos/2006/32006R1107.md
32006R1107	Artigo 3.º		142	150	127	ue/regulamentos/2006/32006R1107.md
32006R1107	Artigo 4.º		152	170	743	ue/regulamentos/2006/32006R1107.md
32006R1107	Artigo 5.º		172	178	221	ue/regulamentos/2006/32006R1107.md
32006R1107	Artigo 6.º		180	194	421	ue/regulamentos/2006/32006R1107.md
32006R1107	Artigo 7.º		196	224	773	ue/regulamentos/2006/32006R1107.md
32006R1107	Artigo 8.º		226	240	589	ue/regulamentos/2006/32006R1107.md
32006R1107	Artigo 9.º		242	254	402	ue/regulamentos/2006/32006R1107.md
32006R1107	Artigo 10.º		256	260	111	ue/regulamentos/2006/32006R1107.md
32006R1107	Artigo 11.º		262	272	203	ue/regulamentos/2006/32006R1107.md
32006R1107	Artigo 12.º		274	278	116	ue/regulamentos/2006/32006R1107.md
32006R1107	Artigo 13.º		280	284	54	ue/regulamentos/2006/32006R1107.md
32006R1107	Artigo 14.º		286	292	238	ue/regulamentos/2006/32006R1107.md
32006R1107	Artigo 15.º		294	304	283	ue/regulamentos/2006/32006R1107.md
32006R1107	Artigo 16.º		306	310	105	ue/regulamentos/2006/32006R1107.md
32006R1107	Artigo 17.º		312	316	84	ue/regulamentos/2006/32006R1107.md
32006R1107	Artigo 18.º		318	326	104	ue/regulamentos/2006/32006R1107.md
32006R1107	ANEXO I	Assistência sob a responsabilidade das entidades gestoras dos aeroportos	328	366	585	ue/regulamentos/2006/32006R1107.md
32006R1107	ANEXO II	Assistência prestada pelas transportadoras aéreas	368	394	435	ue/regulamentos/2006/32006R1107.md
32006R1114	Preâmbulo		18	38	491	ue/regulamentos/2006/32006R1114.md
32006R1114	Artigo 1.º		42	44	49	ue/regulamentos/2006/32006R1114.md
32006R1114	Artigo 2.º		46	48	86	ue/regulamentos/2006/32006R1114.md
32006R1114	Artigo 3.º		50	66	176	ue/regulamentos/2006/32006R1114.md
32006R1114	ANEXO		68	78	1586	ue/regulamentos/2006/32006R1114.md
32006R1115	Preâmbulo		18	40	427	ue/regulamentos/2006/32006R1115.md
32006R1115	Artigo 1.º		44	53	68	ue/regulamentos/2006/32006R1115.md
32006R1115	Artigo 2.º		55	75	194	ue/regulamentos/2006/32006R1115.md
32006R1115	ANEXO		77	81	28	ue/regulamentos/2006/32006R1115.md
32006R1124	Preâmbulo		18	38	336	ue/regulamentos/2006/32006R1124.md
32006R1124	Artigo 1.º		42	46	130	ue/regulamentos/2006/32006R1124.md
32006R1124	Artigo 2.º		48	59	143	ue/regulamentos/2006/32006R1124.md
32006R1124	Artigo 3.º		61	63	78	ue/regulamentos/2006/32006R1124.md
32006R1124	Artigo 4.º		65	87	144	ue/regulamentos/2006/32006R1124.md
32006R1125	Preâmbulo		18	38	490	ue/regulamentos/2006/32006R1125.md
32006R1125	Artigo 1.º		42	44	49	ue/regulamentos/2006/32006R1125.md
32006R1125	Artigo 2.º		46	48	86	ue/regulamentos/2006/32006R1125.md
32006R1125	Artigo 3.º		50	66	173	ue/regulamentos/2006/32006R1125.md
32006R1125	ANEXO		68	74	400	ue/regulamentos/2006/32006R1125.md
32006R1177	Preâmbulo		22	62	1718	ue/regulamentos/2006/32006R1177.md
32006R1177	Artigo 1.º		66	68	68	ue/regulamentos/2006/32006R1177.md
32006R1177	Artigo 2.º	Utilização de agentes antimicrobianos	70	84	702	ue/regulamentos/2006/32006R1177.md
32006R1177	Artigo 3.º	Utilização de vacinas	86	98	396	ue/regulamentos/2006/32006R1177.md
32006R1177	Artigo 4.º	Entrada em vigor	100	128	271	ue/regulamentos/2006/32006R1177.md
32006R1184	Artigo 1.º		65	69	113	ue/regulamentos/2006/32006R1184.md
32006R1184	Artigo 1.º-A		71	75	92	ue/regulamentos/2006/32006R1184.md
32006R1184	Artigo 2.º		77	93	434	ue/regulamentos/2006/32006R1184.md
32006R1184	Artigo 3.º		95	99	53	ue/regulamentos/2006/32006R1184.md
32006R1184	Artigo 4.º		101	105	59	ue/regulamentos/2006/32006R1184.md
32006R1184	Artigo 5.º		107	111	60	ue/regulamentos/2006/32006R1184.md
32006R1184	ANEXO I		113	119	64	ue/regulamentos/2006/32006R1184.md
32006R1184	ANEXO II		121	147	289	ue/regulamentos/2006/32006R1184.md
32006R1185	Preâmbulo		18	42	760	ue/regulamentos/2006/32006R1185.md
32006R1185	Artigo 1.º		46	48	56	ue/regulamentos/2006/32006R1185.md
32006R1185	Artigo 2.º		50	52	44	ue/regulamentos/2006/32006R1185.md
32006R1185	Artigo 3.º		54	58	190	ue/regulamentos/2006/32006R1185.md
32006R1185	Artigo 4.º		60	82	170	ue/regulamentos/2006/32006R1185.md
32006R1189	Preâmbulo		18	32	302	ue/regulamentos/2006/32006R1189.md
32006R1189	Artigo 1.º		36	38	31	ue/regulamentos/2006/32006R1189.md
32006R1189	Artigo 2.º		40	54	132	ue/regulamentos/2006/32006R1189.md
32006R1189	ANEXO		56	304	6514	ue/regulamentos/2006/32006R1189.md
32006R1203	Preâmbulo		18	38	346	ue/regulamentos/2006/32006R1203.md
32006R1203	Artigo 1.º		42	44	51	ue/regulamentos/2006/32006R1203.md
32006R1203	Artigo 2.º		46	62	105	ue/regulamentos/2006/32006R1203.md
32006R1203	ANEXO		64	81	122	ue/regulamentos/2006/32006R1203.md
32006R1204	Preâmbulo		18	38	365	ue/regulamentos/2006/32006R1204.md
32006R1204	Artigo 1.º		42	44	51	ue/regulamentos/2006/32006R1204.md
32006R1204	Artigo 2.º		46	62	106	ue/regulamentos/2006/32006R1204.md
32006R1204	ANEXO		64	84	157	ue/regulamentos/2006/32006R1204.md
32006R1210	Artigo 1.º		50	52	31	ue/regulamentos/2006/32006R1210.md
32006R1210	Artigo 2.º		54	58	59	ue/regulamentos/2006/32006R1210.md
32006R1210	ANEXO		60	176	5536	ue/regulamentos/2006/32006R1210.md
32006R1217	Preâmbulo		18	34	336	ue/regulamentos/2006/32006R1217.md
32006R1217	Artigo 1.º		38	40	31	ue/regulamentos/2006/32006R1217.md
32006R1217	Artigo 2.º		42	56	126	ue/regulamentos/2006/32006R1217.md
32006R1217	ANEXO		58	70	486	ue/regulamentos/2006/32006R1217.md
32006R1227	Preâmbulo		18	44	787	ue/regulamentos/2006/32006R1227.md
32006R1227	Artigo 1.º		48	50	15	ue/regulamentos/2006/32006R1227.md
32006R1227	Artigo 2.º		52	86	248	ue/regulamentos/2006/32006R1227.md
32006R1228	Preâmbulo		18	34	336	ue/regulamentos/2006/32006R1228.md
32006R1228	Artigo 1.º		38	40	31	ue/regulamentos/2006/32006R1228.md
32006R1228	Artigo 2.º		42	56	126	ue/regulamentos/2006/32006R1228.md
32006R1228	ANEXO		58	68	363	ue/regulamentos/2006/32006R1228.md
32006R1256	Preâmbulo		18	36	284	ue/regulamentos/2006/32006R1256.md
32006R1256	Artigo 1.º		40	42	35	ue/regulamentos/2006/32006R1256.md
32006R1256	Artigo 2.º		44	62	165	ue/regulamentos/2006/32006R1256.md
32006R1256	ANEXO	«ANEXO I	64	288	2087	ue/regulamentos/2006/32006R1256.md
32006R1257	Preâmbulo		18	44	699	ue/regulamentos/2006/32006R1257.md
32006R1257	Artigo 1.º		48	50	39	ue/regulamentos/2006/32006R1257.md
32006R1257	Artigo 2.º		52	54	36	ue/regulamentos/2006/32006R1257.md
32006R1257	Artigo 3.º		56	72	107	ue/regulamentos/2006/32006R1257.md
32006R1257	ANEXO I		74	108	534	ue/regulamentos/2006/32006R1257.md
32006R1257	ANEXO II		110	192	1209	ue/regulamentos/2006/32006R1257.md
32006R1259	Preâmbulo		18	38	350	ue/regulamentos/2006/32006R1259.md
32006R1259	Artigo 1.º		42	44	31	ue/regulamentos/2006/32006R1259.md
32006R1259	Artigo 2.º		46	60	122	ue/regulamentos/2006/32006R1259.md
32006R1259	ANEXO		62	77	211	ue/regulamentos/2006/32006R1259.md
32006R1262	Preâmbulo		18	34	292	ue/regulamentos/2006/32006R1262.md
32006R1262	Artigo 1.º		38	40	31	ue/regulamentos/2006/32006R1262.md
32006R1262	Artigo 2.º		42	58	134	ue/regulamentos/2006/32006R1262.md
32006R1262	ANEXO		60	89	291	ue/regulamentos/2006/32006R1262.md
32006R1284	Artigo 4.º		45	55	72	ue/regulamentos/2006/32006R1284.md
32006R1286	Preâmbulo		18	32	334	ue/regulamentos/2006/32006R1286.md
32006R1286	Artigo 1.º		36	38	31	ue/regulamentos/2006/32006R1286.md
32006R1286	Artigo 2.º		40	54	126	ue/regulamentos/2006/32006R1286.md
32006R1286	ANEXO		56	86	1716	ue/regulamentos/2006/32006R1286.md
32006R1287	Artigo 1.º		104	110	100	ue/regulamentos/2006/32006R1287.md
32006R1287	Artigo 2.º		112	136	540	ue/regulamentos/2006/32006R1287.md
32006R1287	Artigo 3.º		138	148	290	ue/regulamentos/2006/32006R1287.md
32006R1287	Artigo 4.º		150	170	440	ue/regulamentos/2006/32006R1287.md
32006R1287	Artigo 5.º		172	182	168	ue/regulamentos/2006/32006R1287.md
32006R1287	Artigo 6.º		184	192	147	ue/regulamentos/2006/32006R1287.md
32006R1287	Artigo 7.º		196	216	270	ue/regulamentos/2006/32006R1287.md
32006R1287	Artigo 8.º		218	244	322	ue/regulamentos/2006/32006R1287.md
32006R1287	Artigo 9.º		248	290	1423	ue/regulamentos/2006/32006R1287.md
32006R1287	Artigo 10.º		292	302	313	ue/regulamentos/2006/32006R1287.md
32006R1287	Artigo 11.º		304	312	380	ue/regulamentos/2006/32006R1287.md
32006R1287	Artigo 12.º		314	332	414	ue/regulamentos/2006/32006R1287.md
32006R1287	Artigo 13.º		334	350	576	ue/regulamentos/2006/32006R1287.md
32006R1287	Artigo 14.º		352	380	508	ue/regulamentos/2006/32006R1287.md
32006R1287	Artigo 15.º		382	396	348	ue/regulamentos/2006/32006R1287.md
32006R1287	Artigo 16.º		398	408	209	ue/regulamentos/2006/32006R1287.md
32006R1287	Artigo 17.º		414	436	768	ue/regulamentos/2006/32006R1287.md
32006R1287	Artigo 18.º		438	458	553	ue/regulamentos/2006/32006R1287.md
32006R1287	Artigo 19.º		460	476	223	ue/regulamentos/2006/32006R1287.md
32006R1287	Artigo 20.º		478	484	176	ue/regulamentos/2006/32006R1287.md
32006R1287	Artigo 21.º		488	514	708	ue/regulamentos/2006/32006R1287.md
32006R1287	Artigo 22.º		516	546	854	ue/regulamentos/2006/32006R1287.md
32006R1287	Artigo 23.º		548	554	79	ue/regulamentos/2006/32006R1287.md
32006R1287	Artigo 24.º		556	568	222	ue/regulamentos/2006/32006R1287.md
32006R1287	Artigo 25.º		570	584	454	ue/regulamentos/2006/32006R1287.md
32006R1287	Artigo 26.º		586	592	93	ue/regulamentos/2006/32006R1287.md
32006R1287	Artigo 27.º		596	646	950	ue/regulamentos/2006/32006R1287.md
32006R1287	Artigo 28.º		648	660	228	ue/regulamentos/2006/32006R1287.md
32006R1287	Artigo 29.º		664	682	642	ue/regulamentos/2006/32006R1287.md
32006R1287	Artigo 30.º		684	700	162	ue/regulamentos/2006/32006R1287.md
32006R1287	Artigo 31.º		702	708	120	ue/regulamentos/2006/32006R1287.md
32006R1287	Artigo 32.º		710	722	182	ue/regulamentos/2006/32006R1287.md
32006R1287	Artigo 33.º		724	758	1045	ue/regulamentos/2006/32006R1287.md
32006R1287	Artigo 34.º		760	806	980	ue/regulamentos/2006/32006R1287.md
32006R1287	Artigo 35.º		810	840	816	ue/regulamentos/2006/32006R1287.md
32006R1287	Artigo 36.º		842	864	612	ue/regulamentos/2006/32006R1287.md
32006R1287	Artigo 37.º		866	890	579	ue/regulamentos/2006/32006R1287.md
32006R1287	Artigo 38.º		894	930	862	ue/regulamentos/2006/32006R1287.md
32006R1287	Artigo 39.º		932	952	306	ue/regulamentos/2006/32006R1287.md
32006R1287	Artigo 40.º		956	966	364	ue/regulamentos/2006/32006R1287.md
32006R1287	Artigo 41.º		968	976	114	ue/regulamentos/2006/32006R1287.md
32006R1287	ANEXO I		978	1018	1646	ue/regulamentos/2006/32006R1287.md
32006R1287	ANEXO II		1020	1078	1488	ue/regulamentos/2006/32006R1287.md
32006R1316	Preâmbulo		18	40	471	ue/regulamentos/2006/32006R1316.md
32006R1316	Artigo 1.º		44	46	108	ue/regulamentos/2006/32006R1316.md
32006R1316	Artigo 2.º		48	61	330	ue/regulamentos/2006/32006R1316.md
32006R1316	Artigo 3.º		63	81	111	ue/regulamentos/2006/32006R1316.md
32006R1320	Preâmbulo		18	56	1882	ue/regulamentos/2006/32006R1320.md
32006R1320	Artigo 1.º		62	64	67	ue/regulamentos/2006/32006R1320.md
32006R1320	Artigo 2.º		66	94	646	ue/regulamentos/2006/32006R1320.md
32006R1320	Artigo 3.º		100	110	360	ue/regulamentos/2006/32006R1320.md
32006R1320	Artigo 4.º		116	124	419	ue/regulamentos/2006/32006R1320.md
32006R1320	Artigo 5.º		126	136	238	ue/regulamentos/2006/32006R1320.md
32006R1320	Artigo 6.º		138	144	237	ue/regulamentos/2006/32006R1320.md
32006R1320	Artigo 7.º		146	156	234	ue/regulamentos/2006/32006R1320.md
32006R1320	Artigo 8.º		158	168	352	ue/regulamentos/2006/32006R1320.md
32006R1320	Artigo 9.º		172	174	135	ue/regulamentos/2006/32006R1320.md
32006R1320	Artigo 10.º		176	186	148	ue/regulamentos/2006/32006R1320.md
32006R1320	Artigo 11.º		190	196	128	ue/regulamentos/2006/32006R1320.md
32006R1320	Artigo 12.º		202	206	220	ue/regulamentos/2006/32006R1320.md
32006R1320	Artigo 13.º		210	216	414	ue/regulamentos/2006/32006R1320.md
32006R1320	Artigo 14.º		220	222	120	ue/regulamentos/2006/32006R1320.md
32006R1320	Artigo 15.º		226	228	47	ue/regulamentos/2006/32006R1320.md
32006R1320	Artigo 16.º		230	232	34	ue/regulamentos/2006/32006R1320.md
32006R1320	Artigo 17.º		234	262	317	ue/regulamentos/2006/32006R1320.md
32006R1320	ANEXO I		264	320	544	ue/regulamentos/2006/32006R1320.md
32006R1320	ANEXO II		322	402	2706	ue/regulamentos/2006/32006R1320.md
32006R1367	Artigo 1.º	Objectivo	36	48	396	ue/regulamentos/2006/32006R1367.md
32006R1367	Artigo 2.º	Definições	50	104	1233	ue/regulamentos/2006/32006R1367.md
32006R1367	Artigo 3.º	Aplicação do Regulamento (CE) n.º 1049/2001	108	112	148	ue/regulamentos/2006/32006R1367.md
32006R1367	Artigo 4.º	Recolha e divulgação de informação sobre ambiente	114	140	862	ue/regulamentos/2006/32006R1367.md
32006R1367	Artigo 5.º	Qualidade da informação sobre ambiente	142	146	161	ue/regulamentos/2006/32006R1367.md
32006R1367	Artigo 6.º	Aplicação das excepções relativas a pedidos de acesso a informação sobre ambiente	148	152	279	ue/regulamentos/2006/32006R1367.md
32006R1367	Artigo 7.º	Pedidos de acesso a informação sobre ambiente não detida por instituições ou órgãos ►M1 da União ◄	154	156	163	ue/regulamentos/2006/32006R1367.md
32006R1367	Artigo 8.º	Cooperação	158	162	222	ue/regulamentos/2006/32006R1367.md
32006R1367	Artigo 9.º		166	188	610	ue/regulamentos/2006/32006R1367.md
32006R1367	Artigo 10.º	Pedidos de reexame interno de actos administrativos	192	210	516	ue/regulamentos/2006/32006R1367.md
32006R1367	Artigo 11.º	Critérios de atribuição de direitos a nível ►M1 da União ◄	212	240	519	ue/regulamentos/2006/32006R1367.md
32006R1367	Artigo 11.º-A	Publicação de pedidos e de decisões finais, e sistemas em linha de receção de pedidos	242	248	143	ue/regulamentos/2006/32006R1367.md
32006R1367	Artigo 12.º	Processos no Tribunal de Justiça	250	258	148	ue/regulamentos/2006/32006R1367.md
32006R1367	Artigo 13.º	Medidas de aplicação	262	264	62	ue/regulamentos/2006/32006R1367.md
32006R1367	Artigo 14.º	Entrada em vigor	266	272	80	ue/regulamentos/2006/32006R1367.md
32006R1368	Preâmbulo		18	36	247	ue/regulamentos/2006/32006R1368.md
32006R1368	Artigo 1.º		40	63	558	ue/regulamentos/2006/32006R1368.md
32006R1368	«Artigo 4.º		65	83	415	ue/regulamentos/2006/32006R1368.md
32006R1368	«Artigo 22.º		85	89	165	ue/regulamentos/2006/32006R1368.md
32006R1368	Artigo 2.º		91	107	131	ue/regulamentos/2006/32006R1368.md
32006R1368	ANEXO	«ANEXO I	109	420	2028	ue/regulamentos/2006/32006R1368.md
32006R1412	Artigo 1.º		29	35	151	ue/regulamentos/2006/32006R1412.md
32006R1412	Artigo 2.º		37	47	275	ue/regulamentos/2006/32006R1412.md
32006R1412	Artigo 3.º		49	81	814	ue/regulamentos/2006/32006R1412.md
32006R1412	Artigo 4.º		83	85	96	ue/regulamentos/2006/32006R1412.md
32006R1412	Artigo 5.º		87	89	30	ue/regulamentos/2006/32006R1412.md
32006R1412	Artigo 6.º		91	97	118	ue/regulamentos/2006/32006R1412.md
32006R1412	Artigo 6.º.ºA		99	105	144	ue/regulamentos/2006/32006R1412.md
32006R1412	Artigo 7.º		107	121	133	ue/regulamentos/2006/32006R1412.md
32006R1412	Artigo 8.º		123	129	60	ue/regulamentos/2006/32006R1412.md
32006R1412	ANEXO		131	255	650	ue/regulamentos/2006/32006R1412.md
32006R1416	Artigo 1.º		54	62	278	ue/regulamentos/2006/32006R1416.md
32006R1416	Artigo 2.º		64	70	60	ue/regulamentos/2006/32006R1416.md
32006R1416	ANEXO		72	1682	6771	ue/regulamentos/2006/32006R1416.md
32006R1419	Preâmbulo		18	66	2852	ue/regulamentos/2006/32006R1419.md
32006R1419	Artigo 1.º		70	74	104	ue/regulamentos/2006/32006R1419.md
32006R1419	Artigo 2.º		76	78	18	ue/regulamentos/2006/32006R1419.md
32006R1419	Artigo 3.º		80	100	188	ue/regulamentos/2006/32006R1419.md
32006R1423	Preâmbulo		18	50	1381	ue/regulamentos/2006/32006R1423.md
32006R1423	Artigo 1.º		54	64	292	ue/regulamentos/2006/32006R1423.md
32006R1423	Artigo 2.º		66	82	384	ue/regulamentos/2006/32006R1423.md
32006R1423	Artigo 3.º		84	92	239	ue/regulamentos/2006/32006R1423.md
32006R1423	Artigo 4.º		94	96	50	ue/regulamentos/2006/32006R1423.md
32006R1423	Artigo 5.º		98	116	177	ue/regulamentos/2006/32006R1423.md
32006R1446	Preâmbulo		18	40	848	ue/regulamentos/2006/32006R1446.md
32006R1446	Artigo 1.º		44	46	70	ue/regulamentos/2006/32006R1446.md
32006R1446	Artigo 2.º		48	66	180	ue/regulamentos/2006/32006R1446.md
32006R1446	ANEXO		68	77	522	ue/regulamentos/2006/32006R1446.md
32006R1459	Preâmbulo		22	80	3186	ue/regulamentos/2006/32006R1459.md
32006R1459	Artigo 1.º	Isenções	84	94	332	ue/regulamentos/2006/32006R1459.md
32006R1459	Artigo 2.º	Atribuição das faixas horárias e fixação dos horários nos aeroportos	96	132	972	ue/regulamentos/2006/32006R1459.md
32006R1459	Artigo 3.º	Consultas sobre tarifas de passageiros	134	174	1233	ue/regulamentos/2006/32006R1459.md
32006R1459	Artigo 4.º	Entrada em vigor	176	210	439	ue/regulamentos/2006/32006R1459.md
32006R1460	Preâmbulo		18	44	830	ue/regulamentos/2006/32006R1460.md
32006R1460	Artigo 1.º		48	50	148	ue/regulamentos/2006/32006R1460.md
32006R1460	Artigo 2.º		52	70	173	ue/regulamentos/2006/32006R1460.md
32006R1461	Preâmbulo		18	32	204	ue/regulamentos/2006/32006R1461.md
32006R1461	Artigo 1.º		36	38	30	ue/regulamentos/2006/32006R1461.md
32006R1461	Artigo 2.º		40	54	134	ue/regulamentos/2006/32006R1461.md
32006R1461	ANEXO		56	117	424	ue/regulamentos/2006/32006R1461.md
32006R1462	Preâmbulo		18	38	489	ue/regulamentos/2006/32006R1462.md
32006R1462	Artigo 1.º		42	44	49	ue/regulamentos/2006/32006R1462.md
32006R1462	Artigo 2.º		46	48	86	ue/regulamentos/2006/32006R1462.md
32006R1462	Artigo 3.º		50	66	176	ue/regulamentos/2006/32006R1462.md
32006R1462	ANEXO		68	77	357	ue/regulamentos/2006/32006R1462.md
32006R1468	Preâmbulo		18	46	1154	ue/regulamentos/2006/32006R1468.md
32006R1468	Artigo 1.º		50	78	613	ue/regulamentos/2006/32006R1468.md
32006R1468	«Artigo 16.º	Critérios de redistribuição do excesso de imposição	80	100	327	ue/regulamentos/2006/32006R1468.md
32006R1468	«Artigo 16.ºA	Utilização da percentagem de 1 % da imposição que não se destina a ser paga ao FEAGA	102	112	328	ue/regulamentos/2006/32006R1468.md
32006R1468	Artigo 2.º		114	132	154	ue/regulamentos/2006/32006R1468.md
32006R1489	Artigo 1.º		56	78	260	ue/regulamentos/2006/32006R1489.md
32006R1489	Artigo 2.º		80	92	148	ue/regulamentos/2006/32006R1489.md
32006R1491	Preâmbulo		18	38	363	ue/regulamentos/2006/32006R1491.md
32006R1491	Artigo 1.º		42	44	106	ue/regulamentos/2006/32006R1491.md
32006R1491	Artigo 2.º		46	79	250	ue/regulamentos/2006/32006R1491.md
32006R1491	Artigo 3.º		81	83	127	ue/regulamentos/2006/32006R1491.md
32006R1491	Artigo 4.º		85	109	183	ue/regulamentos/2006/32006R1491.md
32006R1502	Preâmbulo		18	40	337	ue/regulamentos/2006/32006R1502.md
32006R1502	Artigo 1.º		44	46	48	ue/regulamentos/2006/32006R1502.md
32006R1502	Artigo 2.º		48	64	144	ue/regulamentos/2006/32006R1502.md
32006R1502	ANEXO		66	400	8927	ue/regulamentos/2006/32006R1502.md
32006R1506	Preâmbulo		18	36	351	ue/regulamentos/2006/32006R1506.md
32006R1506	Artigo 1.º		40	42	33	ue/regulamentos/2006/32006R1506.md
32006R1506	Artigo 2.º		44	64	188	ue/regulamentos/2006/32006R1506.md
32006R1506	ANEXO		66	122	680	ue/regulamentos/2006/32006R1506.md
32006R1508	Preâmbulo		18	32	308	ue/regulamentos/2006/32006R1508.md
32006R1508	Artigo 1.º		36	38	31	ue/regulamentos/2006/32006R1508.md
32006R1508	Artigo 2.º		40	54	132	ue/regulamentos/2006/32006R1508.md
32006R1508	ANEXO		56	66	430	ue/regulamentos/2006/32006R1508.md
32006R1515	Preâmbulo		18	286	11224	ue/regulamentos/2006/32006R1515.md
32006R1515	Artigo 1.º		290	292	98	ue/regulamentos/2006/32006R1515.md
32006R1515	Artigo 2.º		294	296	64	ue/regulamentos/2006/32006R1515.md
32006R1515	Artigo 3.º		298	326	225	ue/regulamentos/2006/32006R1515.md
32006R1532	Preâmbulo		18	36	335	ue/regulamentos/2006/32006R1532.md
32006R1532	Artigo 1.º		40	42	82	ue/regulamentos/2006/32006R1532.md
32006R1532	Artigo 2.º		44	58	95	ue/regulamentos/2006/32006R1532.md
32006R1532	ANEXO		60	77	504	ue/regulamentos/2006/32006R1532.md
32006R1539	Artigo 1.º		64	66	70	ue/regulamentos/2006/32006R1539.md
32006R1539	Artigo 2.º		68	72	112	ue/regulamentos/2006/32006R1539.md
32006R1539	Artigo 3.º		74	76	50	ue/regulamentos/2006/32006R1539.md
32006R1539	Artigo 4.º		78	80	50	ue/regulamentos/2006/32006R1539.md
32006R1539	Artigo 5.º		82	86	62	ue/regulamentos/2006/32006R1539.md
32006R1539	ANEXO I		88	146	492	ue/regulamentos/2006/32006R1539.md
32006R1539	ANEXO II		148	177	198	ue/regulamentos/2006/32006R1539.md
32006R1539	ANEXO III		179	208	488	ue/regulamentos/2006/32006R1539.md
32006R1542	Preâmbulo		18	40	1068	ue/regulamentos/2006/32006R1542.md
32006R1542	Artigo 1.º		44	68	517	ue/regulamentos/2006/32006R1542.md
32006R1542	«Artigo 10.º-A	Fusão ou alienação de empresa	70	74	100	ue/regulamentos/2006/32006R1542.md
32006R1542	Artigo 2.º		76	94	160	ue/regulamentos/2006/32006R1542.md
32006R1542	ANEXO	«ANEXO IV	96	125	254	ue/regulamentos/2006/32006R1542.md
32006R1549	Preâmbulo		18	38	453	ue/regulamentos/2006/32006R1549.md
32006R1549	Artigo 1.º		42	44	27	ue/regulamentos/2006/32006R1549.md
32006R1549	Artigo 2.º		46	60	112	ue/regulamentos/2006/32006R1549.md
32006R1549	ANEXO I	NOMENCLATURA COMBINADA	62	32065	516093	ue/regulamentos/2006/32006R1549.md
32006R1555	Preâmbulo		18	40	431	ue/regulamentos/2006/32006R1555.md
32006R1555	Artigo 1.º		44	52	119	ue/regulamentos/2006/32006R1555.md
32006R1555	«Artigo 1.º		54	64	226	ue/regulamentos/2006/32006R1555.md
32006R1555	Artigo 2.º		66	84	117	ue/regulamentos/2006/32006R1555.md
32006R1555	ANEXO I	«ANEXO I	86	101	553	ue/regulamentos/2006/32006R1555.md
32006R1555	ANEXO II	«ANEXO III	103	117	109	ue/regulamentos/2006/32006R1555.md
32006R1562	Preâmbulo		18	40	329	ue/regulamentos/2006/32006R1562.md
32006R1562	Artigo 1.º		44	48	50	ue/regulamentos/2006/32006R1562.md
32006R1562	Artigo 2.º		50	52	37	ue/regulamentos/2006/32006R1562.md
32006R1562	Artigo 3.º		54	56	15	ue/regulamentos/2006/32006R1562.md
32006R1562	Artigo 4.º		58	102	550	ue/regulamentos/2006/32006R1562.md
32006R1562	Artigo 1.º	Objecto	104	114	226	ue/regulamentos/2006/32006R1562.md
32006R1562	Artigo 2.º	Definições	116	128	172	ue/regulamentos/2006/32006R1562.md
32006R1562	Artigo 3.º	Princípios e objectivos que orientam a aplicação do presente acordo	130	140	407	ue/regulamentos/2006/32006R1562.md
32006R1562	Artigo 4.º	Cooperação no domínio científico	142	148	224	ue/regulamentos/2006/32006R1562.md
32006R1562	Artigo 5.º	Acesso dos navios comunitários às pescarias nas águas das Seicheles	150	158	238	ue/regulamentos/2006/32006R1562.md
32006R1562	Artigo 6.º	Licenças	160	164	90	ue/regulamentos/2006/32006R1562.md
32006R1562	Artigo 7.º	Contrapartida financeira	166	188	524	ue/regulamentos/2006/32006R1562.md
32006R1562	Artigo 8.º	Promoção da cooperação ao nível dos operadores económicos e da sociedade civil	190	198	258	ue/regulamentos/2006/32006R1562.md
32006R1562	Artigo 9.º	Comissão mista	200	214	250	ue/regulamentos/2006/32006R1562.md
32006R1562	Artigo 10.º	Zona de aplicação geográfica	216	218	61	ue/regulamentos/2006/32006R1562.md
32006R1562	Artigo 11.º	Vigência	220	222	52	ue/regulamentos/2006/32006R1562.md
32006R1562	Artigo 12.º	Denúncia	224	232	226	ue/regulamentos/2006/32006R1562.md
32006R1562	Artigo 13.º	Suspensão	234	238	150	ue/regulamentos/2006/32006R1562.md
32006R1562	Artigo 14.º	Protocolo e anexo	240	242	27	ue/regulamentos/2006/32006R1562.md
32006R1562	Artigo 15.º	Revogação e disposições transitórias	244	248	172	ue/regulamentos/2006/32006R1562.md
32006R1562	Artigo 16.º	Entrada em vigor	250	252	114	ue/regulamentos/2006/32006R1562.md
32006R1563	Preâmbulo		18	40	326	ue/regulamentos/2006/32006R1563.md
32006R1563	Artigo 1.º		44	48	49	ue/regulamentos/2006/32006R1563.md
32006R1563	Artigo 2.º		50	52	37	ue/regulamentos/2006/32006R1563.md
32006R1563	Artigo 3.º		54	56	15	ue/regulamentos/2006/32006R1563.md
32006R1563	Artigo 4.º		58	102	547	ue/regulamentos/2006/32006R1563.md
32006R1563	Artigo 1.º	Objecto	104	114	225	ue/regulamentos/2006/32006R1563.md
32006R1563	Artigo 2.º	Definições	116	128	174	ue/regulamentos/2006/32006R1563.md
32006R1563	Artigo 3.º	Princípios e objectivos que orientam a aplicação do presente acordo	130	140	414	ue/regulamentos/2006/32006R1563.md
32006R1563	Artigo 4.º	Cooperação no domínio científico	142	148	198	ue/regulamentos/2006/32006R1563.md
32006R1563	Artigo 5.º	Acesso dos navios comunitários às pescarias nas águas das Comores	150	158	230	ue/regulamentos/2006/32006R1563.md
32006R1563	Artigo 6.º	Licenças	160	164	90	ue/regulamentos/2006/32006R1563.md
32006R1563	Artigo 7.º	Contrapartida financeira	166	174	202	ue/regulamentos/2006/32006R1563.md
32006R1563	Artigo 8.º	Promoção da cooperação ao nível dos operadores económicos e da sociedade civil	176	184	254	ue/regulamentos/2006/32006R1563.md
32006R1563	Artigo 9.º	Comissão Mista	186	202	349	ue/regulamentos/2006/32006R1563.md
32006R1563	Artigo 10.º	Zona de aplicação geográfica	204	206	63	ue/regulamentos/2006/32006R1563.md
32006R1563	Artigo 11.º	Vigência	208	210	52	ue/regulamentos/2006/32006R1563.md
32006R1563	Artigo 12.º	Denúncia	212	220	227	ue/regulamentos/2006/32006R1563.md
32006R1563	Artigo 13.º	Suspensão	222	226	150	ue/regulamentos/2006/32006R1563.md
32006R1563	Artigo 14.º		228	230	22	ue/regulamentos/2006/32006R1563.md
32006R1563	Artigo 15.º	Revogação e disposições transitórias	232	236	187	ue/regulamentos/2006/32006R1563.md
32006R1563	Artigo 16.º	Entrada em vigor	238	240	116	ue/regulamentos/2006/32006R1563.md
32006R1578	Preâmbulo		18	38	495	ue/regulamentos/2006/32006R1578.md
32006R1578	Artigo 1.º		42	44	49	ue/regulamentos/2006/32006R1578.md
32006R1578	Artigo 2.º		46	48	86	ue/regulamentos/2006/32006R1578.md
32006R1578	Artigo 3.º		50	66	176	ue/regulamentos/2006/32006R1578.md
32006R1578	ANEXO		68	74	485	ue/regulamentos/2006/32006R1578.md
32006R1587	Preâmbulo		18	34	358	ue/regulamentos/2006/32006R1587.md
32006R1587	Artigo 1.º		38	40	31	ue/regulamentos/2006/32006R1587.md
32006R1587	Artigo 2.º		42	60	143	ue/regulamentos/2006/32006R1587.md
32006R1587	ANEXO		62	80	436	ue/regulamentos/2006/32006R1587.md
32006R1591	Preâmbulo		18	36	354	ue/regulamentos/2006/32006R1591.md
32006R1591	Artigo 1.º		40	53	650	ue/regulamentos/2006/32006R1591.md
32006R1591	Artigo 2.º		55	71	100	ue/regulamentos/2006/32006R1591.md
32006R1610	Artigo 1.º		62	92	281	ue/regulamentos/2006/32006R1610.md
32006R1610	Artigo 2.º		94	100	172	ue/regulamentos/2006/32006R1610.md
32006R1610	Artigo 2.º-A		102	112	290	ue/regulamentos/2006/32006R1610.md
32006R1610	Artigo 3.º		114	130	244	ue/regulamentos/2006/32006R1610.md
32006R1610	Artigo 4.º		132	146	188	ue/regulamentos/2006/32006R1610.md
32006R1623	Preâmbulo		18	40	587	ue/regulamentos/2006/32006R1623.md
32006R1623	Artigo 1.º		44	46	14	ue/regulamentos/2006/32006R1623.md
32006R1623	Artigo 2.º		48	70	137	ue/regulamentos/2006/32006R1623.md
32006R1627	Preâmbulo		18	36	258	ue/regulamentos/2006/32006R1627.md
32006R1627	Artigo 1.º		40	42	28	ue/regulamentos/2006/32006R1627.md
32006R1627	Artigo 2.º		44	62	127	ue/regulamentos/2006/32006R1627.md
32006R1627	ANEXO		64	930	10352	ue/regulamentos/2006/32006R1627.md
32006R1629	Preâmbulo		18	42	522	ue/regulamentos/2006/32006R1629.md
32006R1629	Artigo 1.º		46	60	248	ue/regulamentos/2006/32006R1629.md
32006R1629	«Artigo 7.º		62	70	160	ue/regulamentos/2006/32006R1629.md
32006R1629	Artigo 2.º		72	94	206	ue/regulamentos/2006/32006R1629.md
32006R1637	Preâmbulo		22	46	546	ue/regulamentos/2006/32006R1637.md
32006R1637	Artigo 1.º	Definições	50	52	70	ue/regulamentos/2006/32006R1637.md
32006R1637	Artigo 2.º	Disposições transitórias aplicáveis às instituições situadas na Eslovénia	54	60	473	ue/regulamentos/2006/32006R1637.md
32006R1637	Artigo 3.º	Disposições transitórias relativas às instituições situadas noutros Estados-Membros participantes	62	78	860	ue/regulamentos/2006/32006R1637.md
32006R1637	Artigo 4.º	Entrada em vigor e aplicação	80	102	221	ue/regulamentos/2006/32006R1637.md
32006R1642	Preâmbulo		18	38	342	ue/regulamentos/2006/32006R1642.md
32006R1642	Artigo 1.º		42	44	31	ue/regulamentos/2006/32006R1642.md
32006R1642	Artigo 2.º		46	60	125	ue/regulamentos/2006/32006R1642.md
32006R1642	ANEXO		62	86	358	ue/regulamentos/2006/32006R1642.md
32006R1643	Preâmbulo		18	40	577	ue/regulamentos/2006/32006R1643.md
32006R1643	Artigo 1.º		44	48	129	ue/regulamentos/2006/32006R1643.md
32006R1643	Artigo 2.º		50	52	107	ue/regulamentos/2006/32006R1643.md
32006R1643	Artigo 3.º		54	62	181	ue/regulamentos/2006/32006R1643.md
32006R1643	Artigo 4.º		64	68	86	ue/regulamentos/2006/32006R1643.md
32006R1643	Artigo 5.º		70	72	47	ue/regulamentos/2006/32006R1643.md
32006R1643	Artigo 6.º		74	78	62	ue/regulamentos/2006/32006R1643.md
32006R1643	Artigo 7.º		80	104	228	ue/regulamentos/2006/32006R1643.md
32006R1643	ANEXO I		106	156	286	ue/regulamentos/2006/32006R1643.md
32006R1643	ANEXO II		158	169	181	ue/regulamentos/2006/32006R1643.md
32006R1643	ANEXO III		171	186	88	ue/regulamentos/2006/32006R1643.md
32006R1647	Preâmbulo		22	52	545	ue/regulamentos/2006/32006R1647.md
32006R1647	Artigo 1.º		56	58	30	ue/regulamentos/2006/32006R1647.md
32006R1647	Artigo 2.º		60	80	155	ue/regulamentos/2006/32006R1647.md
32006R1647	ANEXO		82	88	92	ue/regulamentos/2006/32006R1647.md
32006R1649	Preâmbulo		18	44	806	ue/regulamentos/2006/32006R1649.md
32006R1649	Artigo 1.º		48	54	154	ue/regulamentos/2006/32006R1649.md
32006R1649	Artigo 2.º		56	60	62	ue/regulamentos/2006/32006R1649.md
32006R1649	Artigo 3.º		62	86	280	ue/regulamentos/2006/32006R1649.md
32006R1649	ANEXO I		88	98	175	ue/regulamentos/2006/32006R1649.md
32006R1649	ANEXO II		100	110	54	ue/regulamentos/2006/32006R1649.md
32006R1662	Preâmbulo		22	48	1017	ue/regulamentos/2006/32006R1662.md
32006R1662	Artigo 1.º		52	58	61	ue/regulamentos/2006/32006R1662.md
32006R1662	Artigo 2.º		60	74	142	ue/regulamentos/2006/32006R1662.md
32006R1662	ANEXO I		76	81	119	ue/regulamentos/2006/32006R1662.md
32006R1662	ANEXO II		83	262	5585	ue/regulamentos/2006/32006R1662.md
32006R1664	Preâmbulo		18	48	1286	ue/regulamentos/2006/32006R1664.md
32006R1664	Artigo 1.º		52	56	32	ue/regulamentos/2006/32006R1664.md
32006R1664	«Artigo 6.º	Modelos de certificados sanitários para as importações de determinados produtos de origem animal para efeitos do Regulamento (CE) n.º 853/2004	58	62	121	ue/regulamentos/2006/32006R1664.md
32006R1664	«Artigo 6.ºA	Métodos de análise para o leite cru e o leite tratado termicamente	64	72	215	ue/regulamentos/2006/32006R1664.md
32006R1664	Artigo 2.º		74	76	33	ue/regulamentos/2006/32006R1664.md
32006R1664	Artigo 3.º		78	108	365	ue/regulamentos/2006/32006R1664.md
32006R1664	ANEXO I		110	125	274	ue/regulamentos/2006/32006R1664.md
32006R1664	ANEXO II		127	169	596	ue/regulamentos/2006/32006R1664.md
32006R1664	Apêndice I do anexo VI		171	507	1498	ue/regulamentos/2006/32006R1664.md
32006R1664	Apêndice II do anexo VI		509	895	2216	ue/regulamentos/2006/32006R1664.md
32006R1664	Apêndice III do anexo VI		897	1251	1701	ue/regulamentos/2006/32006R1664.md
32006R1664	Apêndice IV do anexo VI		1253	1489	1998	ue/regulamentos/2006/32006R1664.md
32006R1664	Apêndice V do anexo VI		1491	1759	2478	ue/regulamentos/2006/32006R1664.md
32006R1664	Apêndice VI do anexo VI		1761	1929	781	ue/regulamentos/2006/32006R1664.md
32006R1664	ANEXO III		1931	1963	614	ue/regulamentos/2006/32006R1664.md
32006R1664	ANEXO IV		1965	2377	5708	ue/regulamentos/2006/32006R1664.md
32006R1667	Preâmbulo		18	44	782	ue/regulamentos/2006/32006R1667.md
32006R1667	Artigo 1.º		48	50	92	ue/regulamentos/2006/32006R1667.md
32006R1667	Artigo 2.º		52	54	81	ue/regulamentos/2006/32006R1667.md
32006R1667	Artigo 3.º		56	58	195	ue/regulamentos/2006/32006R1667.md
32006R1667	Artigo 4.º		60	64	60	ue/regulamentos/2006/32006R1667.md
32006R1667	Artigo 5.º		66	92	293	ue/regulamentos/2006/32006R1667.md
32006R1667	ANEXO I		94	101	90	ue/regulamentos/2006/32006R1667.md
32006R1667	ANEXO II		103	116	74	ue/regulamentos/2006/32006R1667.md
32006R1677	Preâmbulo		18	34	411	ue/regulamentos/2006/32006R1677.md
32006R1677	Artigo 1.º		38	40	82	ue/regulamentos/2006/32006R1677.md
32006R1677	Artigo 2.º		42	58	136	ue/regulamentos/2006/32006R1677.md
32006R1685	Preâmbulo		18	32	300	ue/regulamentos/2006/32006R1685.md
32006R1685	Artigo 1.º		36	38	31	ue/regulamentos/2006/32006R1685.md
32006R1685	Artigo 2.º		40	54	130	ue/regulamentos/2006/32006R1685.md
32006R1685	ANEXO		56	62	238	ue/regulamentos/2006/32006R1685.md
32006R1692	Artigo 1.º	Objecto	91	93	249	ue/regulamentos/2006/32006R1692.md
32006R1692	Artigo 2.º	Definições	95	133	1307	ue/regulamentos/2006/32006R1692.md
32006R1692	Artigo 3.º	Âmbito	135	147	243	ue/regulamentos/2006/32006R1692.md
32006R1692	Artigo 4.º	Candidatos elegíveis	151	159	117	ue/regulamentos/2006/32006R1692.md
32006R1692	Artigo 5.º	Acções elegíveis e condições de financiamento	161	187	512	ue/regulamentos/2006/32006R1692.md
32006R1692	Artigo 6.º	Regras pormenorizadas	189	193	54	ue/regulamentos/2006/32006R1692.md
32006R1692	Artigo 7.º	Auxílios estatais	195	199	98	ue/regulamentos/2006/32006R1692.md
32006R1692	Artigo 8.º	Apresentação de acções	205	209	126	ue/regulamentos/2006/32006R1692.md
32006R1692	Artigo 9.º	Selecção das acções para concessão do apoio financeiro	211	229	264	ue/regulamentos/2006/32006R1692.md
32006R1692	Artigo 10.º	Comité	233	241	89	ue/regulamentos/2006/32006R1692.md
32006R1692	Artigo 11.º	Orçamento	243	251	77	ue/regulamentos/2006/32006R1692.md
32006R1692	Artigo 12.º	Reserva para medidas de acompanhamento e para a avaliação do programa	253	255	63	ue/regulamentos/2006/32006R1692.md
32006R1692	Artigo 13.º	Protecção dos interesses financeiros das Comunidades Europeias	257	263	493	ue/regulamentos/2006/32006R1692.md
32006R1692	Artigo 14.º	Avaliação	265	309	834	ue/regulamentos/2006/32006R1692.md
32006R1692	Artigo 15.º	Revogação	311	317	78	ue/regulamentos/2006/32006R1692.md
32006R1692	Artigo 16.º	Entrada em vigor	319	325	56	ue/regulamentos/2006/32006R1692.md
32006R1692	ANEXO		327	372	5456	ue/regulamentos/2006/32006R1692.md
32006R1712	Preâmbulo		18	38	405	ue/regulamentos/2006/32006R1712.md
32006R1712	Artigo 1.º		42	44	30	ue/regulamentos/2006/32006R1712.md
32006R1712	Artigo 2.º		46	64	150	ue/regulamentos/2006/32006R1712.md
32006R1712	ANEXO	«ANEXO IX	66	123	1348	ue/regulamentos/2006/32006R1712.md
32006R1723	Preâmbulo		18	36	311	ue/regulamentos/2006/32006R1723.md
32006R1723	Artigo 1.º		40	54	188	ue/regulamentos/2006/32006R1723.md
32006R1723	Artigo 2.º		56	72	107	ue/regulamentos/2006/32006R1723.md
32006R1737	Preâmbulo		18	62	2311	ue/regulamentos/2006/32006R1737.md
32006R1737	Artigo 1.º		68	70	75	ue/regulamentos/2006/32006R1737.md
32006R1737	Artigo 2.º	Rede sistemática de pontos de observação e acompanhamento	78	86	222	ue/regulamentos/2006/32006R1737.md
32006R1737	Artigo 3.º	Excepções em relação à densidade da grelha	88	92	104	ue/regulamentos/2006/32006R1737.md
32006R1737	Artigo 4.º	Transmissão dos dados	94	104	288	ue/regulamentos/2006/32006R1737.md
32006R1737	Artigo 5.º	Definição das parcelas de observação para acompanhamento intensivo	110	118	312	ue/regulamentos/2006/32006R1737.md
32006R1737	Artigo 6.º	Acompanhamento	120	128	204	ue/regulamentos/2006/32006R1737.md
32006R1737	Artigo 7.º	Transmissão dos dados	130	140	298	ue/regulamentos/2006/32006R1737.md
32006R1737	Artigo 8.º	Informação abrangida	146	156	214	ue/regulamentos/2006/32006R1737.md
32006R1737	Artigo 9.º	Dados comuns de base	158	176	224	ue/regulamentos/2006/32006R1737.md
32006R1737	Artigo 10.º	Informações complementares	178	182	120	ue/regulamentos/2006/32006R1737.md
32006R1737	Artigo 11.º	Avaliação das propostas de projecto	188	190	112	ue/regulamentos/2006/32006R1737.md
32006R1737	Artigo 12.º	Decisão em relação à classificação relativa das propostas de projecto	192	194	54	ue/regulamentos/2006/32006R1737.md
32006R1737	Artigo 13.º	Organismos competentes	200	204	87	ue/regulamentos/2006/32006R1737.md
32006R1737	Artigo 14.º	Critérios de selecção	206	218	220	ue/regulamentos/2006/32006R1737.md
32006R1737	Artigo 15.º	Condições adicionais para as entidades de direito privado	220	232	391	ue/regulamentos/2006/32006R1737.md
32006R1737	Artigo 16.º	Acordo	234	236	59	ue/regulamentos/2006/32006R1737.md
32006R1737	Artigo 17.º	Funções dos organismos competentes	238	250	210	ue/regulamentos/2006/32006R1737.md
32006R1737	Artigo 18.º	Verificações por parte da Comissão	252	254	68	ue/regulamentos/2006/32006R1737.md
32006R1737	Artigo 19.º	Conteúdo	262	268	172	ue/regulamentos/2006/32006R1737.md
32006R1737	Artigo 20.º	Subprogramas	270	272	44	ue/regulamentos/2006/32006R1737.md
32006R1737	Artigo 21.º	Adaptação	278	284	164	ue/regulamentos/2006/32006R1737.md
32006R1737	Artigo 22.º	Definição dos custos elegíveis	290	294	66	ue/regulamentos/2006/32006R1737.md
32006R1737	Artigo 23.º	Justificação das despesas	296	300	112	ue/regulamentos/2006/32006R1737.md
32006R1737	Artigo 24.º	Custos considerados elegíveis	302	314	264	ue/regulamentos/2006/32006R1737.md
32006R1737	Artigo 25.º	Custos de pessoal	316	320	186	ue/regulamentos/2006/32006R1737.md
32006R1737	Artigo 26.º	Custos de deslocação	322	324	67	ue/regulamentos/2006/32006R1737.md
32006R1737	Artigo 27.º	Custos gerais	326	332	172	ue/regulamentos/2006/32006R1737.md
32006R1737	Artigo 28.º	Custos de capital	334	336	164	ue/regulamentos/2006/32006R1737.md
32006R1737	Artigo 29.º	Custos de aquisição de equipamentos usados	338	348	173	ue/regulamentos/2006/32006R1737.md
32006R1737	Artigo 30.º	Subcontratação	350	352	125	ue/regulamentos/2006/32006R1737.md
32006R1737	Artigo 31.º	Imposto sobre o valor acrescentado	354	358	115	ue/regulamentos/2006/32006R1737.md
32006R1737	Artigo 32.º	Custos não elegíveis	360	380	216	ue/regulamentos/2006/32006R1737.md
32006R1737	Artigo 33.º	Taxas de câmbio	382	386	114	ue/regulamentos/2006/32006R1737.md
32006R1737	Artigo 34.º	Decisão relativa à contribuição financeira	392	394	84	ue/regulamentos/2006/32006R1737.md
32006R1737	Artigo 35.º	Pré-financiamento	396	398	88	ue/regulamentos/2006/32006R1737.md
32006R1737	Artigo 36.º	Declarações	400	408	250	ue/regulamentos/2006/32006R1737.md
32006R1737	Artigo 37.º	Execução técnica e financeira	410	416	174	ue/regulamentos/2006/32006R1737.md
32006R1737	Artigo 38.º	Coordenação dos pedidos de pagamento	418	420	67	ue/regulamentos/2006/32006R1737.md
32006R1737	Artigo 39.º	Pedidos de pré-financiamento e de pagamento	422	424	57	ue/regulamentos/2006/32006R1737.md
32006R1737	Artigo 40.º	Irregularidades	430	436	188	ue/regulamentos/2006/32006R1737.md
32006R1737	Artigo 41.º	Auditoria financeira da Comissão	442	454	484	ue/regulamentos/2006/32006R1737.md
32006R1737	Artigo 42.º	Verificações e visitas técnicas	456	462	211	ue/regulamentos/2006/32006R1737.md
32006R1737	Artigo 43.º	Avaliações	464	472	234	ue/regulamentos/2006/32006R1737.md
32006R1737	Artigo 44.º	Funções	478	498	242	ue/regulamentos/2006/32006R1737.md
32006R1737	Artigo 45.º	Acesso aos dados	504	506	124	ue/regulamentos/2006/32006R1737.md
32006R1737	Artigo 46.º	Revogação	510	512	42	ue/regulamentos/2006/32006R1737.md
32006R1737	Artigo 47.º	Entrada em vigor	514	552	469	ue/regulamentos/2006/32006R1737.md
32006R1737	ANEXO I	Manual relativo aos parâmetros, métodos de acompanhamento e formato dos dados para o acompanhamento harmonizado dos efeitos da poluição atmosférica sobre as flo	554	3280	33566	ue/regulamentos/2006/32006R1737.md
32006R1737	ANEXO II	MANUAL — Para efeitos do cumprimento do artigo 10.º do Regulamento (CE) n.º 2152/2003	3282	3457	3328	ue/regulamentos/2006/32006R1737.md
32006R1737	ANEXO III		3459	3483	496	ue/regulamentos/2006/32006R1737.md
32006R1737	ANEXO IV	FORMULÁRIOS DOS PROGRAMAS NACIONAIS	3485	3589	954	ue/regulamentos/2006/32006R1737.md
32006R1737	ANEXO V		3591	3635	258	ue/regulamentos/2006/32006R1737.md
32006R1737	ANEXO VI	Pedido de pré-financiamento	3637	3669	122	ue/regulamentos/2006/32006R1737.md
32006R1737	ANEXO VII	Certificado para pagamento do saldo relativo a	3671	3731	454	ue/regulamentos/2006/32006R1737.md
32006R1737	ANEXO VIII		3733	3769	237	ue/regulamentos/2006/32006R1737.md
32006R1737	ANEXO IX	AVALIAÇÃO E REVISÃO	3771	3807	602	ue/regulamentos/2006/32006R1737.md
32006R1738	Preâmbulo		18	40	605	ue/regulamentos/2006/32006R1738.md
32006R1738	Artigo 1.º		44	46	24	ue/regulamentos/2006/32006R1738.md
32006R1738	«Artigo 3.º		48	50	45	ue/regulamentos/2006/32006R1738.md
32006R1738	Artigo 2.º		52	70	163	ue/regulamentos/2006/32006R1738.md
32006R1739	Preâmbulo		18	64	1219	ue/regulamentos/2006/32006R1739.md
32006R1739	Artigo 1.º		68	72	129	ue/regulamentos/2006/32006R1739.md
32006R1739	Artigo 2.º		74	94	172	ue/regulamentos/2006/32006R1739.md
32006R1742	Preâmbulo		18	44	766	ue/regulamentos/2006/32006R1742.md
32006R1742	Artigo 1.º		48	52	102	ue/regulamentos/2006/32006R1742.md
32006R1742	Artigo 2.º		54	56	43	ue/regulamentos/2006/32006R1742.md
32006R1742	Artigo 3.º		58	78	191	ue/regulamentos/2006/32006R1742.md
32006R1742	ANEXO		80	103	800	ue/regulamentos/2006/32006R1742.md
32006R1744	Preâmbulo		22	46	615	ue/regulamentos/2006/32006R1744.md
32006R1744	Artigo 1.º		50	52	52	ue/regulamentos/2006/32006R1744.md
32006R1744	Artigo 2.º		54	62	123	ue/regulamentos/2006/32006R1744.md
32006R1744	Artigo 3.º		64	76	140	ue/regulamentos/2006/32006R1744.md
32006R1744	Artigo 4.º		78	90	161	ue/regulamentos/2006/32006R1744.md
32006R1744	Artigo 5.º		92	100	157	ue/regulamentos/2006/32006R1744.md
32006R1744	Artigo 6.º		102	108	127	ue/regulamentos/2006/32006R1744.md
32006R1744	Artigo 7.º		110	114	62	ue/regulamentos/2006/32006R1744.md
32006R1744	Artigo 8.º		116	136	178	ue/regulamentos/2006/32006R1744.md
32006R1744	ANEXO I		138	145	78	ue/regulamentos/2006/32006R1744.md
32006R1744	ANEXO II		147	161	87	ue/regulamentos/2006/32006R1744.md
32006R1753	Preâmbulo		18	34	342	ue/regulamentos/2006/32006R1753.md
32006R1753	Artigo 1.º		38	42	73	ue/regulamentos/2006/32006R1753.md
32006R1753	Artigo 2.º		44	62	148	ue/regulamentos/2006/32006R1753.md
32006R1758	Preâmbulo		18	34	340	ue/regulamentos/2006/32006R1758.md
32006R1758	Artigo 1.º		38	40	40	ue/regulamentos/2006/32006R1758.md
32006R1758	Artigo 2.º		42	58	133	ue/regulamentos/2006/32006R1758.md
32006R1758	ANEXO		60	71	325	ue/regulamentos/2006/32006R1758.md
32006R1760	Preâmbulo		18	40	285	ue/regulamentos/2006/32006R1760.md
32006R1760	Artigo 1.º		44	52	215	ue/regulamentos/2006/32006R1760.md
32006R1760	Artigo 2.º		54	72	151	ue/regulamentos/2006/32006R1760.md
32006R1782	Preâmbulo		18	62	1251	ue/regulamentos/2006/32006R1782.md
32006R1782	Artigo 1.º	Alterações do Regulamento (CE) n.º 51/2006	66	118	395	ue/regulamentos/2006/32006R1782.md
32006R1782	«Artigo 13.º	Autorização	120	130	206	ue/regulamentos/2006/32006R1782.md
32006R1782	Artigo 2.º	Alterações do Regulamento (CE) n.º 2270/2004	132	134	48	ue/regulamentos/2006/32006R1782.md
32006R1782	Artigo 3.º	Entrada em vigor	136	156	189	ue/regulamentos/2006/32006R1782.md
32006R1782	ANEXO I		158	449	6158	ue/regulamentos/2006/32006R1782.md
32006R1782	ANEXO II		451	460	82	ue/regulamentos/2006/32006R1782.md
32006R1785	Preâmbulo		18	46	902	ue/regulamentos/2006/32006R1785.md
32006R1785	Artigo 1.º		50	52	60	ue/regulamentos/2006/32006R1785.md
32006R1785	Artigo 2.º		54	60	241	ue/regulamentos/2006/32006R1785.md
32006R1785	Artigo 3.º		62	64	81	ue/regulamentos/2006/32006R1785.md
32006R1785	Artigo 4.º		66	86	342	ue/regulamentos/2006/32006R1785.md
32006R1785	Artigo 5.º		88	104	125	ue/regulamentos/2006/32006R1785.md
32006R1785	ANEXO I		106	173	798	ue/regulamentos/2006/32006R1785.md
32006R1785	ANEXO II		175	467	1649	ue/regulamentos/2006/32006R1785.md
32006R1792	Artigo 1.º		86	124	580	ue/regulamentos/2006/32006R1792.md
32006R1792	Artigo 2.º		126	130	67	ue/regulamentos/2006/32006R1792.md
32006R1792	ANEXO		132	4888	60273	ue/regulamentos/2006/32006R1792.md
32006R1801	Preâmbulo		22	40	209	ue/regulamentos/2006/32006R1801.md
32006R1801	Artigo 1.º		44	48	56	ue/regulamentos/2006/32006R1801.md
32006R1801	Artigo 2.º		50	94	1246	ue/regulamentos/2006/32006R1801.md
32006R1801	Artigo 3.º		96	98	127	ue/regulamentos/2006/32006R1801.md
32006R1801	Artigo 4.º		100	102	44	ue/regulamentos/2006/32006R1801.md
32006R1801	Artigo 5.º		104	154	902	ue/regulamentos/2006/32006R1801.md
32006R1801	Artigo 1.º	Objecto	156	170	294	ue/regulamentos/2006/32006R1801.md
32006R1801	Artigo 2.º	Definições	172	190	288	ue/regulamentos/2006/32006R1801.md
32006R1801	Artigo 3.º	Princípios e objectivos que orientam o presente acordo	192	202	354	ue/regulamentos/2006/32006R1801.md
32006R1801	Artigo 4.º	Cooperação no domínio científico	204	210	291	ue/regulamentos/2006/32006R1801.md
32006R1801	Artigo 5.º	Acesso dos navios comunitários às pescarias nas zonas de pesca mauritanas	212	220	319	ue/regulamentos/2006/32006R1801.md
32006R1801	Artigo 6.º	Condições gerais do exercício da pesca	222	230	338	ue/regulamentos/2006/32006R1801.md
32006R1801	Artigo 7.º	Contrapartida financeira	232	252	458	ue/regulamentos/2006/32006R1801.md
32006R1801	Artigo 8.º	Promoção da cooperação ao nível dos operadores económicos	254	262	210	ue/regulamentos/2006/32006R1801.md
32006R1801	Artigo 9.º	Cooperação administrativa	264	270	133	ue/regulamentos/2006/32006R1801.md
32006R1801	Artigo 10.º	Comissão mista	272	292	372	ue/regulamentos/2006/32006R1801.md
32006R1801	Artigo 11.º	Âmbito de aplicação	294	296	68	ue/regulamentos/2006/32006R1801.md
32006R1801	Artigo 12.º	Período de vigência	298	300	54	ue/regulamentos/2006/32006R1801.md
32006R1801	Artigo 13.º	Resolução de litígios	302	304	38	ue/regulamentos/2006/32006R1801.md
32006R1801	Artigo 14.º	Denúncia	306	314	286	ue/regulamentos/2006/32006R1801.md
32006R1801	Artigo 15.º	Suspensão	316	320	162	ue/regulamentos/2006/32006R1801.md
32006R1801	Artigo 16.º	Protocolo e anexos	322	324	32	ue/regulamentos/2006/32006R1801.md
32006R1801	Artigo 17.º	Disposições finais — Língua e entrada em vigor	326	328	123	ue/regulamentos/2006/32006R1801.md
32006R1801	Artigo 1.º	Período de aplicação e possibilidades de pesca	330	336	216	ue/regulamentos/2006/32006R1801.md
32006R1801	Artigo 2.º	Contrapartida financeira — Modalidades de pagamento	338	348	316	ue/regulamentos/2006/32006R1801.md
32006R1801	Artigo 3.º	Cooperação científica	350	366	425	ue/regulamentos/2006/32006R1801.md
32006R1801	Artigo 4.º	Revisão das possibilidades de pesca	368	376	480	ue/regulamentos/2006/32006R1801.md
32006R1801	Artigo 5.º	Pesca exploratória	378	390	491	ue/regulamentos/2006/32006R1801.md
32006R1801	Artigo 6.º	Contribuição do Acordo de Parceria para a aplicação da política sectorial das pescas da Mauritânia	392	430	940	ue/regulamentos/2006/32006R1801.md
32006R1801	Artigo 7.º	Modalidades de aplicação do apoio à política sectorial das pescas da Mauritânia	432	446	496	ue/regulamentos/2006/32006R1801.md
32006R1801	Artigo 8.º	Integração económica dos operadores comunitários no sector das pescas na Mauritânia	448	454	264	ue/regulamentos/2006/32006R1801.md
32006R1801	Artigo 9.º	Litígios — Suspensão da aplicação do protocolo	456	466	384	ue/regulamentos/2006/32006R1801.md
32006R1801	Artigo 10.º	Suspensão da aplicação do protocolo por não pagamento	468	476	230	ue/regulamentos/2006/32006R1801.md
32006R1801	Artigo 11.º	Disposições aplicáveis da legislação nacional	478	480	94	ue/regulamentos/2006/32006R1801.md
32006R1801	Artigo 12.º	Vigência	482	484	74	ue/regulamentos/2006/32006R1801.md
32006R1801	Artigo 13.º	Denúncia	486	490	88	ue/regulamentos/2006/32006R1801.md
32006R1801	Artigo 14.º	Entrada em vigor	492	1066	7239	ue/regulamentos/2006/32006R1801.md
32006R1801	ANEXO I		1068	1479	9332	ue/regulamentos/2006/32006R1801.md
32006R1801	Apêndice 1		1481	1541	281	ue/regulamentos/2006/32006R1801.md
32006R1801	Apêndice 2		1543	1649	285	ue/regulamentos/2006/32006R1801.md
32006R1801	Apêndice 3		1651	1708	361	ue/regulamentos/2006/32006R1801.md
32006R1801	Apêndice 4		1710	1864	472	ue/regulamentos/2006/32006R1801.md
32006R1801	ANEXO II		1866	2198	6049	ue/regulamentos/2006/32006R1801.md
32006R1801	Apêndice 1		2200	2219	154	ue/regulamentos/2006/32006R1801.md
32006R1801	Apêndice 2		2221	2295	329	ue/regulamentos/2006/32006R1801.md
32006R1801	Apêndice 3		2297	2329	468	ue/regulamentos/2006/32006R1801.md
32006R1801	Apêndice 4		2331	2351	217	ue/regulamentos/2006/32006R1801.md
32006R1801	Apêndice 5		2353	2373	210	ue/regulamentos/2006/32006R1801.md
32006R1801	ANEXO III		2375	2405	576	ue/regulamentos/2006/32006R1801.md
32006R1801	ANEXO IV		2407	2429	1368	ue/regulamentos/2006/32006R1801.md
32006R1818	Preâmbulo		18	46	1058	ue/regulamentos/2006/32006R1818.md
32006R1818	Artigo 1.º		52	56	116	ue/regulamentos/2006/32006R1818.md
32006R1818	Artigo 2.º		58	72	275	ue/regulamentos/2006/32006R1818.md
32006R1818	Artigo 3.º		76	84	214	ue/regulamentos/2006/32006R1818.md
32006R1818	Artigo 4.º		86	96	429	ue/regulamentos/2006/32006R1818.md
32006R1818	Artigo 5.º		98	114	510	ue/regulamentos/2006/32006R1818.md
32006R1818	Artigo 6.º		116	118	64	ue/regulamentos/2006/32006R1818.md
32006R1818	Artigo 7.º		120	124	252	ue/regulamentos/2006/32006R1818.md
32006R1818	Artigo 8.º		126	128	72	ue/regulamentos/2006/32006R1818.md
32006R1818	Artigo 9.º		132	152	1070	ue/regulamentos/2006/32006R1818.md
32006R1818	Artigo 10.º		154	172	170	ue/regulamentos/2006/32006R1818.md
32006R1818	ANEXO I		174	492	1750	ue/regulamentos/2006/32006R1818.md
32006R1818	ANEXO II		494	516	234	ue/regulamentos/2006/32006R1818.md
32006R1818	ANEXO III		518	674	632	ue/regulamentos/2006/32006R1818.md
32006R1823	Preâmbulo		18	34	336	ue/regulamentos/2006/32006R1823.md
32006R1823	Artigo 1.º		38	40	31	ue/regulamentos/2006/32006R1823.md
32006R1823	Artigo 2.º		42	56	130	ue/regulamentos/2006/32006R1823.md
32006R1823	ANEXO		58	70	420	ue/regulamentos/2006/32006R1823.md
32006R1828	Artigo 1.º	Objecto	215	237	179	ue/regulamentos/2006/32006R1828.md
32006R1828	Artigo 2.º	Preparação do plano de comunicação	243	257	305	ue/regulamentos/2006/32006R1828.md
32006R1828	Artigo 3.º	Análise de compatibilidade do plano de comunicação	259	269	302	ue/regulamentos/2006/32006R1828.md
32006R1828	Artigo 4.º	Execução e acompanhamento do plano de comunicação	271	293	377	ue/regulamentos/2006/32006R1828.md
32006R1828	Artigo 5.º	Medidas de informação destinadas a potenciais beneficiários	295	327	451	ue/regulamentos/2006/32006R1828.md
32006R1828	Artigo 6.º	Medidas de informação destinadas a beneficiários	329	331	69	ue/regulamentos/2006/32006R1828.md
32006R1828	Artigo 7.º	Responsabilidades da autoridade de gestão relativamente a medidas de informação e publicidade destinadas ao público	333	347	319	ue/regulamentos/2006/32006R1828.md
32006R1828	Artigo 8.º	Responsabilidades dos beneficiários relativamente a medidas de informação e publicidade destinadas ao público	349	381	600	ue/regulamentos/2006/32006R1828.md
32006R1828	Artigo 9.º	Características técnicas das medidas de informação e publicidade da operação	383	409	261	ue/regulamentos/2006/32006R1828.md
32006R1828	Artigo 10.º	Redes e intercâmbios de experiências	411	417	206	ue/regulamentos/2006/32006R1828.md
32006R1828	Artigo 11.º	Repartição indicativa da utilização dos fundos	421	427	255	ue/regulamentos/2006/32006R1828.md
32006R1828	Artigo 12.º	Organismos intermédios	431	435	94	ue/regulamentos/2006/32006R1828.md
32006R1828	Artigo 13.º	►M1 Autoridade de gestão e controladores ◄	437	463	859	ue/regulamentos/2006/32006R1828.md
32006R1828	Artigo 14.º	Contabilidade	465	477	276	ue/regulamentos/2006/32006R1828.md
32006R1828	Artigo 15.º	Pista de auditoria	479	489	290	ue/regulamentos/2006/32006R1828.md
32006R1828	Artigo 16.º	Auditorias das operações	491	509	463	ue/regulamentos/2006/32006R1828.md
32006R1828	Artigo 17.º	Amostragem	511	531	840	ue/regulamentos/2006/32006R1828.md
32006R1828	Artigo 18.º	Documentos apresentados pela autoridade de auditoria	533	555	659	ue/regulamentos/2006/32006R1828.md
32006R1828	Artigo 19.º	Disponibilização de documentos	557	577	534	ue/regulamentos/2006/32006R1828.md
32006R1828	Artigo 20.º	Documentos apresentados pela autoridade de certificação	579	617	848	ue/regulamentos/2006/32006R1828.md
32006R1828	Artigo 21.º	Descrição dos sistemas de gestão e controlo	619	625	193	ue/regulamentos/2006/32006R1828.md
32006R1828	Artigo 22.º	Informação relativa à autoridade de gestão, à autoridade de certificação e aos organismos intermédios	627	645	347	ue/regulamentos/2006/32006R1828.md
32006R1828	Artigo 23.º	Informações relativas à autoridade de auditoria e aos organismos que efectuam auditorias	647	659	307	ue/regulamentos/2006/32006R1828.md
32006R1828	Artigo 24.º	Descrição dos sistemas de gestão e controlo relativos ao objectivo da cooperação territorial europeia	661	673	441	ue/regulamentos/2006/32006R1828.md
32006R1828	Artigo 25.º	Avaliação dos sistemas de gestão e controlo	675	681	293	ue/regulamentos/2006/32006R1828.md
32006R1828	Artigo 26.º	Derrogações relativas aos programas operacionais referidos no artigo 74.º do Regulamento (CE) n.º 1083/2006	683	699	437	ue/regulamentos/2006/32006R1828.md
32006R1828	Artigo 27.º	Definições	703	713	312	ue/regulamentos/2006/32006R1828.md
32006R1828	Artigo 28.º	Comunicação inicial — derrogações	715	781	1080	ue/regulamentos/2006/32006R1828.md
32006R1828	Artigo 29.º	Casos urgentes	783	787	88	ue/regulamentos/2006/32006R1828.md
32006R1828	Artigo 30.º	Comunicação das acções de acompanhamento	789	805	268	ue/regulamentos/2006/32006R1828.md
32006R1828	Artigo 31.º	Transmissão electrónica	807	809	72	ue/regulamentos/2006/32006R1828.md
32006R1828	Artigo 32.º	Reembolso das despesas judiciais	811	813	121	ue/regulamentos/2006/32006R1828.md
32006R1828	Artigo 33.º	►M1 Cooperação com os Estados-Membros ◄	815	829	396	ue/regulamentos/2006/32006R1828.md
32006R1828	Artigo 34.º	Utilização das informações	831	837	93	ue/regulamentos/2006/32006R1828.md
32006R1828	Artigo 36.º	Irregularidades inferiores ao limiar de comunicação	839	851	278	ue/regulamentos/2006/32006R1828.md
32006R1828	Artigo 37.º	Protecção dos dados pessoais	855	863	312	ue/regulamentos/2006/32006R1828.md
32006R1828	Artigo 38.º	Taxas de correcção financeira	867	877	271	ue/regulamentos/2006/32006R1828.md
32006R1828	Artigo 39.º	Sistema informático para o intercâmbio de dados	881	887	140	ue/regulamentos/2006/32006R1828.md
32006R1828	Artigo 40.º	Conteúdo do sistema informático para o intercâmbio de dados	889	931	742	ue/regulamentos/2006/32006R1828.md
32006R1828	Artigo 41.º	Funcionamento do sistema informático para o intercâmbio de dados	933	943	363	ue/regulamentos/2006/32006R1828.md
32006R1828	Artigo 42.º	Transmissão de dados através do sistema informático para o intercâmbio de dados	945	953	314	ue/regulamentos/2006/32006R1828.md
32006R1828	Artigo 43.º	►M1 Disposições gerais ◄	957	1013	1208	ue/regulamentos/2006/32006R1828.md
32006R1828	Artigo 44.º	►M1 Fundos de participação ◄	1015	1059	666	ue/regulamentos/2006/32006R1828.md
32006R1828	Artigo 45.º	Disposições complementares aplicáveis a instrumentos de engenharia financeira destinados às empresas	1061	1067	155	ue/regulamentos/2006/32006R1828.md
32006R1828	Artigo 46.º	►M1 Fundos de desenvolvimento urbano ◄	1069	1079	226	ue/regulamentos/2006/32006R1828.md
32006R1828	Artigo 47.º	Intervenções no domínio da habitação	1087	1119	378	ue/regulamentos/2006/32006R1828.md
32006R1828	Artigo 48.º	Regras de elegibilidade das despesas	1123	1125	117	ue/regulamentos/2006/32006R1828.md
32006R1828	Artigo 49.º	Encargos financeiros e de garantia	1127	1139	249	ue/regulamentos/2006/32006R1828.md
32006R1828	Artigo 50.º	Despesas das autoridades públicas relacionadas com a execução das operações	1141	1155	360	ue/regulamentos/2006/32006R1828.md
32006R1828	Artigo 51.º	Contribuições em espécie	1157	1167	205	ue/regulamentos/2006/32006R1828.md
32006R1828	Artigo 52.º	Despesas gerais	1169	1179	180	ue/regulamentos/2006/32006R1828.md
32006R1828	Artigo 53.º	Amortizações	1181	1183	67	ue/regulamentos/2006/32006R1828.md
32006R1828	Artigo 54.º	Revogação	1187	1199	188	ue/regulamentos/2006/32006R1828.md
32006R1828	Artigo 55.º	Entrada em vigor	1201	1205	69	ue/regulamentos/2006/32006R1828.md
32006R1828	ANEXO I	INSTRUÇÕES PARA A CRIAÇÃO DO EMBLEMA E INDICAÇÃO DAS CORES NORMALIZADAS	1207	1261	591	ue/regulamentos/2006/32006R1828.md
32006R1828	ANEXO II	CATEGORIZAÇÃO DAS INTERVENÇÕES DOS FUNDOS ESTRUTURAIS ([^23]) PARA O PERÍODO 2007-2013	1263	1471	3296	ue/regulamentos/2006/32006R1828.md
32006R1828	ANEXO III	LISTA DE DADOS SOBRE AS OPERAÇÕES A COMUNICAR A PEDIDO DA COMISSÃO PARA EFEITOS DAS VERIFICAÇÕES DOCUMENTAIS E NO TERRENO, AO ABRIGO DO ARTIGO 14.º	1473	1525	1236	ue/regulamentos/2006/32006R1828.md
32006R1828	ANEXO IV	PARÂMETROS TÉCNICOS PARA AS AMOSTRAGENS ESTATÍSTICAS ALEATÓRIAS PREVISTAS NO ARTIGO 17.º (AMOSTRAGEM)	1527	1541	802	ue/regulamentos/2006/32006R1828.md
32006R1828	ANEXO V	MODELO DE ESTRATÉGIA DE AUDITORIA, NOS TERMOS DO N.º 1, ALÍNEA C), DO ARTIGO 62.º DO REGULAMENTO (CE) N.º 1083/2006	1543	1619	1063	ue/regulamentos/2006/32006R1828.md
32006R1828	ANEXO VI	MODELO DE RELATÓRIO ANUAL DE CONTROLO, NOS TERMOS DO N.º 1, ALÍNEA D), SUBALÍNEA (I), DO ARTIGO 62.º DO REGULAMENTO (CE) N.º 1083/2006 E DO N.º 2 DO ARTIGO 18.º	1621	1690	1387	ue/regulamentos/2006/32006R1828.md
32006R1828	ANEXO VII	MODELO DE PARECER ANUAL, NOS TERMOS DO N.º 1, ALÍNEA D), SUBALÍNEA II), DO ARTIGO 62.º DO REGULAMENTO (CE) N.º 1083/2006 E DO N.º 2 DO ARTIGO 18.º DO PRESENTE R	1692	1748	1101	ue/regulamentos/2006/32006R1828.md
32006R1828	ANEXO VIII	MODELO DE RELATÓRIO DE CONTROLO FINAL E DE DECLARAÇÃO DE ENCERRAMENTO PARA OS PROGRAMAS OPERACIONAIS, NOS TERMOS DO N.º 1, ALÍNEA E), DO ARTIGO 62.º DO REGULAME	1750	1911	3132	ue/regulamentos/2006/32006R1828.md
32006R1828	ANEXO IX	MODELO DE DECLARAÇÃO DE ENCERRAMENTO PARCIAL DOS PROGRAMAS OPERACIONAIS, NOS TERMOS DO N.º 5 DO ARTIGO 18.º	1913	1931	464	ue/regulamentos/2006/32006R1828.md
32006R1828	ANEXO X	CERTIFICADO E DECLARAÇÃO DE DESPESAS E PEDIDO DE PAGAMENTO INTERMÉDIO	1933	1949	55	ue/regulamentos/2006/32006R1828.md
32006R1828	ANEXO XI	DECLARAÇÃO ANUAL RELATIVA AOS MONTANTES RETIRADOS E MONTANTES RECUPERADOS, ÀS RECUPERAÇÕES PENDENTES E AOS MONTANTES NÃO RECUPERÁVEIS (ARTIGO 20.º, n.º 2)	1951	2002	1592	ue/regulamentos/2006/32006R1828.md
32006R1828	ANEXO XII	DESCRIÇÃO DOS SISTEMAS DE GESTÃO E CONTROLO	2004	2190	2292	ue/regulamentos/2006/32006R1828.md
32006R1828	ANEXO XIII	MODELO DE PARECER EMITIDO NOS TERMOS DO N.º 2 DO ARTIGO 71.º DO REGULAMENTO (CE) N.º 1083/2006 DO CONSELHO E DO ARTIGO 25.º DO PRESENTE REGULAMENTO SOBRE A CONF	2192	2234	770	ue/regulamentos/2006/32006R1828.md
32006R1828	ANEXO XIV	MODELO DE DECLARAÇÃO DE DESPESAS PARA UM ENCERRAMENTO PARCIAL	2236	2240	25	ue/regulamentos/2006/32006R1828.md
32006R1828	ANEXO XV	TABELA FINANCEIRA PARA O QUADRO DE REFERÊNCIA ESTRATÉGICO NACIONAL (QREN) — REPARTIÇÃO ANUAL INDICATIVA, POR FUNDO E PROGRAMA OPERACIONAL (PO)	2242	2285	526	ue/regulamentos/2006/32006R1828.md
32006R1828	ANEXO XVI	PLANOS DE FINANCIAMENTO DO PROGRAMA OPERACIONAL	2287	2335	851	ue/regulamentos/2006/32006R1828.md
32006R1828	ANEXO XVII	PREVISÕES DOS PEDIDOS DE PAGAMENTO ESPERADOS	2337	2355	239	ue/regulamentos/2006/32006R1828.md
32006R1828	ANEXO XVIII	RELATÓRIOS ANUAIS E RELATÓRIO FINAL	2357	2558	3297	ue/regulamentos/2006/32006R1828.md
32006R1828	ANEXO XIX	VERIFICAÇÃO DE ADICIONALIDADE EX ANTE PARA O OBJECTIVO DA CONVERGÊNCIA EM 2007-2013	2560	2587	505	ue/regulamentos/2006/32006R1828.md
32006R1828	ANEXO XX		2589	2646	982	ue/regulamentos/2006/32006R1828.md
32006R1828	ANEXO XXI		2648	2676	63	ue/regulamentos/2006/32006R1828.md
32006R1828	ANEXO XXII		2678	2708	64	ue/regulamentos/2006/32006R1828.md
32006R1828	ANEXO XXIII	DADOS SOBRE OS PARTICIPANTES EM OPERAÇÕES DO FSE, POR PRIORIDADE	2710	2828	1166	ue/regulamentos/2006/32006R1828.md
32006R1839	Preâmbulo		18	34	226	ue/regulamentos/2006/32006R1839.md
32006R1839	Artigo 1.º		38	40	47	ue/regulamentos/2006/32006R1839.md
32006R1839	Artigo 2.º		42	48	224	ue/regulamentos/2006/32006R1839.md
32006R1839	Artigo 3.º		50	66	138	ue/regulamentos/2006/32006R1839.md
32006R1839	ANEXO		68	87	731	ue/regulamentos/2006/32006R1839.md
32006R1840	Preâmbulo		18	86	1664	ue/regulamentos/2006/32006R1840.md
32006R1840	Artigo 1.º		90	101	113	ue/regulamentos/2006/32006R1840.md
32006R1840	Artigo 2.º		103	123	178	ue/regulamentos/2006/32006R1840.md
32006R1847	Preâmbulo		18	32	543	ue/regulamentos/2006/32006R1847.md
32006R1847	Artigo 1.º		36	46	134	ue/regulamentos/2006/32006R1847.md
32006R1847	Artigo 2.º		48	62	255	ue/regulamentos/2006/32006R1847.md
32006R1847	Artigo 3.º		64	92	710	ue/regulamentos/2006/32006R1847.md
32006R1847	Artigo 4.º		94	144	1016	ue/regulamentos/2006/32006R1847.md
32006R1847	Artigo 5.º		146	154	141	ue/regulamentos/2006/32006R1847.md
32006R1847	Artigo 6.º		156	178	334	ue/regulamentos/2006/32006R1847.md
32006R1847	Artigo 7.º		180	188	160	ue/regulamentos/2006/32006R1847.md
32006R1847	Artigo 8.º		190	216	366	ue/regulamentos/2006/32006R1847.md
32006R1847	ANEXO I		218	248	497	ue/regulamentos/2006/32006R1847.md
32006R1847	ANEXO II	«ANEXO I	250	306	1890	ue/regulamentos/2006/32006R1847.md
32006R1847	ANEXO III	«ANEXO I-A	308	448	5079	ue/regulamentos/2006/32006R1847.md
32006R1847	ANEXO IV	«ANEXO I-A	450	702	5155	ue/regulamentos/2006/32006R1847.md
32006R1847	ANEXO V	«ANEXO	704	730	583	ue/regulamentos/2006/32006R1847.md
32006R1847	ANEXO VI	«ANEXO I-A	732	816	1602	ue/regulamentos/2006/32006R1847.md
32006R1847	ANEXO VII	«ANEXO I-A	818	844	651	ue/regulamentos/2006/32006R1847.md
32006R1870	Preâmbulo		18	52	644	ue/regulamentos/2006/32006R1870.md
32006R1870	Artigo 1.º		56	64	149	ue/regulamentos/2006/32006R1870.md
32006R1870	Artigo 2.º		66	72	316	ue/regulamentos/2006/32006R1870.md
32006R1870	Artigo 3.º		74	78	162	ue/regulamentos/2006/32006R1870.md
32006R1870	Artigo 4.º		80	94	630	ue/regulamentos/2006/32006R1870.md
32006R1870	Artigo 5.º		96	102	269	ue/regulamentos/2006/32006R1870.md
32006R1870	Artigo 6.º		104	108	102	ue/regulamentos/2006/32006R1870.md
32006R1870	Artigo 7.º		110	114	99	ue/regulamentos/2006/32006R1870.md
32006R1870	Artigo 8.º		116	118	57	ue/regulamentos/2006/32006R1870.md
32006R1870	Artigo 9.º		120	174	611	ue/regulamentos/2006/32006R1870.md
32006R1870	Artigo 10.º		176	178	43	ue/regulamentos/2006/32006R1870.md
32006R1870	Artigo 11.º		180	184	91	ue/regulamentos/2006/32006R1870.md
32006R1870	Artigo 12.º		186	222	590	ue/regulamentos/2006/32006R1870.md
32006R1870	Artigo 13.º		224	226	82	ue/regulamentos/2006/32006R1870.md
32006R1870	Artigo 14.º		228	230	103	ue/regulamentos/2006/32006R1870.md
32006R1870	Artigo 15.º		232	236	190	ue/regulamentos/2006/32006R1870.md
32006R1870	Artigo 16.º		238	260	1021	ue/regulamentos/2006/32006R1870.md
32006R1870	Artigo 17.º		262	264	251	ue/regulamentos/2006/32006R1870.md
32006R1870	Artigo 18.º		266	284	170	ue/regulamentos/2006/32006R1870.md
32006R1870	ANEXO I		286	526	527	ue/regulamentos/2006/32006R1870.md
32006R1870	ANEXO II		528	728	946	ue/regulamentos/2006/32006R1870.md
32006R1870	ANEXO III		730	894	639	ue/regulamentos/2006/32006R1870.md
32006R1870	ANEXO IV		896	1206	1648	ue/regulamentos/2006/32006R1870.md
32006R1870	ANEXO V		1208	1219	56	ue/regulamentos/2006/32006R1870.md
32006R1873	Preâmbulo		18	30	171	ue/regulamentos/2006/32006R1873.md
32006R1873	Artigo 1.º		34	48	294	ue/regulamentos/2006/32006R1873.md
32006R1873	Artigo 2.º		50	66	164	ue/regulamentos/2006/32006R1873.md
32006R1882	Preâmbulo		18	38	448	ue/regulamentos/2006/32006R1882.md
32006R1882	Artigo 1.º		42	44	77	ue/regulamentos/2006/32006R1882.md
32006R1882	Artigo 2.º		46	64	158	ue/regulamentos/2006/32006R1882.md
32006R1882	ANEXO		66	302	4548	ue/regulamentos/2006/32006R1882.md
32006R1893	Artigo 1.º	Objecto e âmbito	34	38	137	ue/regulamentos/2006/32006R1893.md
32006R1893	Artigo 2.º	NACE Rev. 2	40	52	134	ue/regulamentos/2006/32006R1893.md
32006R1893	Artigo 3.º	Utilização da NACE Rev. 2	54	56	38	ue/regulamentos/2006/32006R1893.md
32006R1893	Artigo 4.º	Nomenclaturas nacionais das actividades económicas	58	72	464	ue/regulamentos/2006/32006R1893.md
32006R1893	Artigo 5.º	Actividades da Comissão	74	84	146	ue/regulamentos/2006/32006R1893.md
32006R1893	Artigo 6.º		86	108	270	ue/regulamentos/2006/32006R1893.md
32006R1893	Artigo 6.º-A	Exercício da delegação	110	126	475	ue/regulamentos/2006/32006R1893.md
32006R1893	Artigo 7.º	Comitologia	128	138	99	ue/regulamentos/2006/32006R1893.md
32006R1893	Artigo 8.º	Aplicação da NACE Rev. 2	140	154	287	ue/regulamentos/2006/32006R1893.md
32006R1893	Artigo 9.º	Alterações ao Regulamento (CEE) n.º 3037/90	158	160	35	ue/regulamentos/2006/32006R1893.md
32006R1893	Artigo 10.º	Alterações ao Regulamento (CEE) n.º 3924/91	162	176	116	ue/regulamentos/2006/32006R1893.md
32006R1893	Artigo 12.º	Alterações ao Regulamento (CE) n.º 1165/98	178	194	202	ue/regulamentos/2006/32006R1893.md
32006R1893	Artigo 13.º	Alteração ao Regulamento (CE) n.º 1172/98	196	198	52	ue/regulamentos/2006/32006R1893.md
32006R1893	Artigo 14.º	Alteração ao Regulamento (CE) n.º 530/1999	200	214	322	ue/regulamentos/2006/32006R1893.md
32006R1893	Artigo 15.º	Alteração ao Regulamento (CE) n.º 2150/2002	216	222	80	ue/regulamentos/2006/32006R1893.md
32006R1893	Artigo 16.º	Alteração ao Regulamento (CE) n.º 450/2003	224	258	417	ue/regulamentos/2006/32006R1893.md
32006R1893	Artigo 17.º	Alteração ao Regulamento (CE) n.º 48/2004	260	264	89	ue/regulamentos/2006/32006R1893.md
32006R1893	Artigo 18.º	Alteração ao Regulamento (CE) n.º 808//2004	266	268	41	ue/regulamentos/2006/32006R1893.md
32006R1893	Artigo 19.º	Alteração ao Regulamento n.º 1552/2005	270	284	126	ue/regulamentos/2006/32006R1893.md
32006R1893	Artigo 21.º	Entrada em vigor	292	298	83	ue/regulamentos/2006/32006R1893.md
32006R1893	ANEXO I		300	1359	18132	ue/regulamentos/2006/32006R1893.md
32006R1893	ANEXO III		1361	1579	4055	ue/regulamentos/2006/32006R1893.md
32006R1893	ANEXO IV		1581	1653	1072	ue/regulamentos/2006/32006R1893.md
32006R1893	ANEXO V		1655	1667	135	ue/regulamentos/2006/32006R1893.md
32006R1894	Preâmbulo		18	34	298	ue/regulamentos/2006/32006R1894.md
32006R1894	Artigo 1.º		38	48	424	ue/regulamentos/2006/32006R1894.md
32006R1894	Artigo 2.º		50	66	137	ue/regulamentos/2006/32006R1894.md
32006R1894	ANEXO		68	93	1069	ue/regulamentos/2006/32006R1894.md
32006R1895	Preâmbulo		18	36	339	ue/regulamentos/2006/32006R1895.md
32006R1895	Artigo 1.º		40	42	49	ue/regulamentos/2006/32006R1895.md
32006R1895	Artigo 2.º		44	214	278	ue/regulamentos/2006/32006R1895.md
32006R1895	Artigo 3.º		216	220	62	ue/regulamentos/2006/32006R1895.md
32006R1895	Artigo 4.º		222	520	666	ue/regulamentos/2006/32006R1895.md
32006R1895	Artigo 5.º		522	524	52	ue/regulamentos/2006/32006R1895.md
32006R1895	Artigo 6.º		526	536	217	ue/regulamentos/2006/32006R1895.md
32006R1895	Artigo 7.º		538	560	275	ue/regulamentos/2006/32006R1895.md
32006R1895	Artigo 8.º		562	568	73	ue/regulamentos/2006/32006R1895.md
32006R1895	Artigo 9.º		570	576	79	ue/regulamentos/2006/32006R1895.md
32006R1895	Artigo 10.º		578	580	78	ue/regulamentos/2006/32006R1895.md
32006R1895	Artigo 11.º		582	676	168	ue/regulamentos/2006/32006R1895.md
32006R1895	Artigo 12.º		678	954	401	ue/regulamentos/2006/32006R1895.md
32006R1895	Artigo 13.º		956	962	77	ue/regulamentos/2006/32006R1895.md
32006R1895	Artigo 14.º		964	966	77	ue/regulamentos/2006/32006R1895.md
32006R1895	Artigo 15.º		968	970	65	ue/regulamentos/2006/32006R1895.md
32006R1895	Artigo 16.º		972	974	49	ue/regulamentos/2006/32006R1895.md
32006R1895	Artigo 17.º		976	1222	368	ue/regulamentos/2006/32006R1895.md
32006R1895	Artigo 18.º		1224	1231	70	ue/regulamentos/2006/32006R1895.md
32006R1895	Artigo 19.º		1233	1240	66	ue/regulamentos/2006/32006R1895.md
32006R1895	Artigo 20.º		1242	1248	102	ue/regulamentos/2006/32006R1895.md
32006R1895	Artigo 21.º		1250	1268	352	ue/regulamentos/2006/32006R1895.md
32006R1896	Artigo 1.º	Objecto	36	46	197	ue/regulamentos/2006/32006R1896.md
32006R1896	Artigo 2.º	Âmbito de aplicação	48	68	290	ue/regulamentos/2006/32006R1896.md
32006R1896	Artigo 3.º	Casos transfronteiriços	70	76	174	ue/regulamentos/2006/32006R1896.md
32006R1896	Artigo 4.º	Procedimento europeu de injunção de pagamento	78	80	65	ue/regulamentos/2006/32006R1896.md
32006R1896	Artigo 5.º	Definições	82	92	137	ue/regulamentos/2006/32006R1896.md
32006R1896	Artigo 6.º	Competência judiciária	94	98	152	ue/regulamentos/2006/32006R1896.md
32006R1896	Artigo 7.º	Requerimento de injunção de pagamento europeia	100	138	804	ue/regulamentos/2006/32006R1896.md
32006R1896	Artigo 8.º	Análise do requerimento	140	142	98	ue/regulamentos/2006/32006R1896.md
32006R1896	Artigo 9.º	Completar e rectificar o requerimento	144	148	151	ue/regulamentos/2006/32006R1896.md
32006R1896	Artigo 10.º	Alteração do pedido	150	156	260	ue/regulamentos/2006/32006R1896.md
32006R1896	Artigo 11.º	Recusa do requerimento	158	180	224	ue/regulamentos/2006/32006R1896.md
32006R1896	Artigo 12.º	Emissão de uma injunção de pagamento europeia	182	206	470	ue/regulamentos/2006/32006R1896.md
32006R1896	Artigo 13.º	Citação ou notificação com prova de recepção pelo requerido	208	224	304	ue/regulamentos/2006/32006R1896.md
32006R1896	Artigo 14.º	Citação ou notificação sem prova de recepção pelo requerido	226	264	540	ue/regulamentos/2006/32006R1896.md
32006R1896	Artigo 15.º	Citação ou notificação em representante	266	268	48	ue/regulamentos/2006/32006R1896.md
32006R1896	Artigo 16.º	Dedução de oposição à injunção de pagamento europeia	270	288	447	ue/regulamentos/2006/32006R1896.md
32006R1896	Artigo 17.º	Efeitos da dedução de oposição	290	306	388	ue/regulamentos/2006/32006R1896.md
32006R1896	Artigo 18.º	Executoriedade	308	314	156	ue/regulamentos/2006/32006R1896.md
32006R1896	Artigo 19.º	Abolição do exequatur	316	318	76	ue/regulamentos/2006/32006R1896.md
32006R1896	Artigo 20.º	Reapreciação em casos excepcionais	320	342	376	ue/regulamentos/2006/32006R1896.md
32006R1896	Artigo 21.º	Execução	344	358	406	ue/regulamentos/2006/32006R1896.md
32006R1896	Artigo 22.º	Recusa de execução	360	376	221	ue/regulamentos/2006/32006R1896.md
32006R1896	Artigo 23.º	Suspensão ou limitação da execução	378	390	110	ue/regulamentos/2006/32006R1896.md
32006R1896	Artigo 24.º	Patrocínio judiciário	392	398	81	ue/regulamentos/2006/32006R1896.md
32006R1896	Artigo 25.º	Custas judiciais	400	410	274	ue/regulamentos/2006/32006R1896.md
32006R1896	Artigo 26.º	Articulação com o direito processual nacional	412	414	43	ue/regulamentos/2006/32006R1896.md
32006R1896	Artigo 27.º	Relação com o Regulamento (CE) n.º 1348/2000	416	418	78	ue/regulamentos/2006/32006R1896.md
32006R1896	Artigo 28.º	Informações relativas aos custos da citação ou notificação e à execução	420	430	131	ue/regulamentos/2006/32006R1896.md
32006R1896	Artigo 29.º	Informações relativas aos tribunais, aos procedimentos de reapreciação, aos meios de comunicação e às línguas	432	448	218	ue/regulamentos/2006/32006R1896.md
32006R1896	Artigo 30.º	Alteração dos anexos	450	452	43	ue/regulamentos/2006/32006R1896.md
32006R1896	Artigo 31.º	Exercício da delegação	454	466	334	ue/regulamentos/2006/32006R1896.md
32006R1896	Artigo 32.º	Avaliação	468	474	238	ue/regulamentos/2006/32006R1896.md
32006R1896	Artigo 33.º	Entrada em vigor	476	484	124	ue/regulamentos/2006/32006R1896.md
32006R1896	ANEXO I		486	506	42	ue/regulamentos/2006/32006R1896.md
32006R1896	ANEXO II		508	512	14	ue/regulamentos/2006/32006R1896.md
32006R1896	ANEXO III		514	516	12	ue/regulamentos/2006/32006R1896.md
32006R1896	ANEXO IV		518	520	11	ue/regulamentos/2006/32006R1896.md
32006R1896	ANEXO V		522	528	18	ue/regulamentos/2006/32006R1896.md
32006R1896	ANEXO VI		530	532	11	ue/regulamentos/2006/32006R1896.md
32006R1896	ANEXO VII		534	546	239	ue/regulamentos/2006/32006R1896.md
32006R1899	Preâmbulo		22	70	2102	ue/regulamentos/2006/32006R1899.md
32006R1899	Artigo 1.º		74	111	827	ue/regulamentos/2006/32006R1899.md
32006R1899	«Artigo 3.º		113	125	263	ue/regulamentos/2006/32006R1899.md
32006R1899	«Artigo 6.º		127	131	94	ue/regulamentos/2006/32006R1899.md
32006R1899	«Artigo 7.º		133	137	91	ue/regulamentos/2006/32006R1899.md
32006R1899	«Artigo 8.º		139	177	1180	ue/regulamentos/2006/32006R1899.md
32006R1899	«Artigo 8.º-A		179	191	286	ue/regulamentos/2006/32006R1899.md
32006R1899	«Artigo 12.º		193	203	114	ue/regulamentos/2006/32006R1899.md
32006R1899	«Artigo 12.º-A		205	215	150	ue/regulamentos/2006/32006R1899.md
32006R1899	Artigo 2.º		217	257	598	ue/regulamentos/2006/32006R1899.md
32006R1899	ANEXO	«ANEXO III	259	5264	134803	ue/regulamentos/2006/32006R1899.md
32006R1900	Preâmbulo		18	44	541	ue/regulamentos/2006/32006R1900.md
32006R1900	Artigo 1.º		48	70	387	ue/regulamentos/2006/32006R1900.md
32006R1900	«Artigo 12.º		72	82	185	ue/regulamentos/2006/32006R1900.md
32006R1900	Artigo 2.º		84	108	224	ue/regulamentos/2006/32006R1900.md
32006R1901	Artigo 1.º		41	43	85	ue/regulamentos/2006/32006R1901.md
32006R1901	Artigo 2.º		45	55	352	ue/regulamentos/2006/32006R1901.md
32006R1901	Artigo 3.º		59	69	252	ue/regulamentos/2006/32006R1901.md
32006R1901	Artigo 4.º		71	93	531	ue/regulamentos/2006/32006R1901.md
32006R1901	Artigo 5.º		95	101	201	ue/regulamentos/2006/32006R1901.md
32006R1901	Artigo 6.º		103	129	571	ue/regulamentos/2006/32006R1901.md
32006R1901	Artigo 7.º		135	149	265	ue/regulamentos/2006/32006R1901.md
32006R1901	Artigo 8.º		151	155	154	ue/regulamentos/2006/32006R1901.md
32006R1901	Artigo 9.º		157	159	44	ue/regulamentos/2006/32006R1901.md
32006R1901	Artigo 10.º		161	163	111	ue/regulamentos/2006/32006R1901.md
32006R1901	Artigo 11.º		167	177	220	ue/regulamentos/2006/32006R1901.md
32006R1901	Artigo 12.º		179	183	121	ue/regulamentos/2006/32006R1901.md
32006R1901	Artigo 13.º		185	195	226	ue/regulamentos/2006/32006R1901.md
32006R1901	Artigo 14.º		197	207	201	ue/regulamentos/2006/32006R1901.md
32006R1901	Artigo 15.º		213	217	184	ue/regulamentos/2006/32006R1901.md
32006R1901	Artigo 16.º		219	225	284	ue/regulamentos/2006/32006R1901.md
32006R1901	Artigo 17.º		227	233	322	ue/regulamentos/2006/32006R1901.md
32006R1901	Artigo 18.º		235	237	37	ue/regulamentos/2006/32006R1901.md
32006R1901	Artigo 19.º		239	243	107	ue/regulamentos/2006/32006R1901.md
32006R1901	Artigo 20.º		247	257	251	ue/regulamentos/2006/32006R1901.md
32006R1901	Artigo 21.º		259	265	174	ue/regulamentos/2006/32006R1901.md
32006R1901	Artigo 22.º		269	271	164	ue/regulamentos/2006/32006R1901.md
32006R1901	Artigo 23.º		275	293	472	ue/regulamentos/2006/32006R1901.md
32006R1901	Artigo 24.º		295	297	85	ue/regulamentos/2006/32006R1901.md
32006R1901	Artigo 25.º		301	315	412	ue/regulamentos/2006/32006R1901.md
32006R1901	Artigo 26.º		319	325	192	ue/regulamentos/2006/32006R1901.md
32006R1901	Artigo 27.º		329	331	75	ue/regulamentos/2006/32006R1901.md
32006R1901	Artigo 28.º		335	343	426	ue/regulamentos/2006/32006R1901.md
32006R1901	Artigo 29.º		345	351	153	ue/regulamentos/2006/32006R1901.md
32006R1901	Artigo 30.º		355	365	339	ue/regulamentos/2006/32006R1901.md
32006R1901	Artigo 31.º		367	369	61	ue/regulamentos/2006/32006R1901.md
32006R1901	Artigo 32.º		373	381	231	ue/regulamentos/2006/32006R1901.md
32006R1901	Artigo 33.º		385	387	128	ue/regulamentos/2006/32006R1901.md
32006R1901	Artigo 34.º		389	411	613	ue/regulamentos/2006/32006R1901.md
32006R1901	Artigo 35.º		413	417	236	ue/regulamentos/2006/32006R1901.md
32006R1901	Artigo 36.º		421	433	510	ue/regulamentos/2006/32006R1901.md
32006R1901	Artigo 37.º		435	439	220	ue/regulamentos/2006/32006R1901.md
32006R1901	Artigo 38.º		441	445	132	ue/regulamentos/2006/32006R1901.md
32006R1901	Artigo 39.º		447	453	252	ue/regulamentos/2006/32006R1901.md
32006R1901	Artigo 40.º		455	459	140	ue/regulamentos/2006/32006R1901.md
32006R1901	Artigo 41.º		463	471	426	ue/regulamentos/2006/32006R1901.md
32006R1901	Artigo 42.º		473	477	80	ue/regulamentos/2006/32006R1901.md
32006R1901	Artigo 43.º		479	485	228	ue/regulamentos/2006/32006R1901.md
32006R1901	Artigo 44.º		487	493	270	ue/regulamentos/2006/32006R1901.md
32006R1901	Artigo 45.º		495	507	431	ue/regulamentos/2006/32006R1901.md
32006R1901	Artigo 46.º		509	519	256	ue/regulamentos/2006/32006R1901.md
32006R1901	Artigo 47.º		527	541	206	ue/regulamentos/2006/32006R1901.md
32006R1901	Artigo 48.º		543	545	119	ue/regulamentos/2006/32006R1901.md
32006R1901	Artigo 49.º		547	561	348	ue/regulamentos/2006/32006R1901.md
32006R1901	Artigo 50.º		563	571	323	ue/regulamentos/2006/32006R1901.md
32006R1901	Artigo 51.º		575	585	106	ue/regulamentos/2006/32006R1901.md
32006R1901	Artigo 52.º		589	675	1244	ue/regulamentos/2006/32006R1901.md
32006R1901	Artigo 53.º		677	681	101	ue/regulamentos/2006/32006R1901.md
32006R1901	Artigo 54.º		683	687	154	ue/regulamentos/2006/32006R1901.md
32006R1901	Artigo 55.º		689	721	373	ue/regulamentos/2006/32006R1901.md
32006R1901	Artigo 56.º		725	727	40	ue/regulamentos/2006/32006R1901.md
32006R1901	Artigo 57.º		729	739	114	ue/regulamentos/2006/32006R1901.md
32006R1902	Preâmbulo		18	40	380	ue/regulamentos/2006/32006R1902.md
32006R1902	Artigo 1.º		44	58	368	ue/regulamentos/2006/32006R1902.md
32006R1902	Artigo 2.º		60	84	198	ue/regulamentos/2006/32006R1902.md
32006R1907	Artigo 1.º	Objectivo e âmbito de aplicação	174	180	256	ue/regulamentos/2006/32006R1907.md
32006R1907	Artigo 2.º	Aplicação	182	260	1835	ue/regulamentos/2006/32006R1907.md
32006R1907	Artigo 3.º	Definições	264	370	2934	ue/regulamentos/2006/32006R1907.md
32006R1907	Artigo 4.º	Disposição geral	372	374	171	ue/regulamentos/2006/32006R1907.md
32006R1907	Artigo 5.º	Ausência de dados, ausência de mercado	380	382	90	ue/regulamentos/2006/32006R1907.md
32006R1907	Artigo 6.º	Obrigação geral de registo das substâncias estremes ou contidas em ►M3 misturas ◄	384	396	308	ue/regulamentos/2006/32006R1907.md
32006R1907	Artigo 7.º	Registo e notificação das substâncias contidas em artigos	398	448	834	ue/regulamentos/2006/32006R1907.md
32006R1907	Artigo 8.º	Representante único de um fabricante não comunitário	450	456	323	ue/regulamentos/2006/32006R1907.md
32006R1907	Artigo 9.º	Derrogação da obrigação geral de registo para a investigação e o desenvolvimento orientados para produtos e processos	458	496	1062	ue/regulamentos/2006/32006R1907.md
32006R1907	Artigo 10.º	Informações a apresentar para efeitos gerais de registo	498	528	655	ue/regulamentos/2006/32006R1907.md
32006R1907	Artigo 11.º	Apresentação conjunta de dados por vários registantes	530	552	627	ue/regulamentos/2006/32006R1907.md
32006R1907	Artigo 12.º	Informações a apresentar em função da tonelagem	554	570	538	ue/regulamentos/2006/32006R1907.md
32006R1907	Artigo 13.º	Requisitos gerais para a produção de informações sobre as propriedades intrínsecas das substâncias	572	586	828	ue/regulamentos/2006/32006R1907.md
32006R1907	Artigo 14.º	Relatório de segurança química e obrigação de aplicar e recomendar medidas de redução dos riscos	588	644	918	ue/regulamentos/2006/32006R1907.md
32006R1907	Artigo 15.º	Substâncias presentes em produtos fitofarmacêuticos e produtos biocidas	648	652	420	ue/regulamentos/2006/32006R1907.md
32006R1907	Artigo 16.º	Obrigações da Comissão, da Agência e dos registantes de substâncias consideradas registadas	654	658	158	ue/regulamentos/2006/32006R1907.md
32006R1907	Artigo 17.º	Registo de substâncias intermédias isoladas nas instalações	662	686	523	ue/regulamentos/2006/32006R1907.md
32006R1907	Artigo 18.º	Registo de substâncias intermédias isoladas transportadas	688	728	842	ue/regulamentos/2006/32006R1907.md
32006R1907	Artigo 19.º	Apresentação conjunta de dados sobre substâncias intermédias isoladas por vários registantes	730	748	475	ue/regulamentos/2006/32006R1907.md
32006R1907	Artigo 20.º	Obrigações da Agência	752	784	915	ue/regulamentos/2006/32006R1907.md
32006R1907	Artigo 21.º	Fabrico e importação de substâncias	786	796	591	ue/regulamentos/2006/32006R1907.md
32006R1907	Artigo 22.º	Outras obrigações dos registantes	798	828	738	ue/regulamentos/2006/32006R1907.md
32006R1907	Artigo 23.º	Disposições específicas para as substâncias de integração progressiva	832	848	532	ue/regulamentos/2006/32006R1907.md
32006R1907	Artigo 24.º	Substâncias notificadas	850	854	175	ue/regulamentos/2006/32006R1907.md
32006R1907	Artigo 25.º	Objectivos e regras gerais	860	866	249	ue/regulamentos/2006/32006R1907.md
32006R1907	Artigo 26.º	Obrigação de pesquisa de informação antes do registo	870	890	451	ue/regulamentos/2006/32006R1907.md
32006R1907	Artigo 27.º	Partilha dos dados existentes no caso das substâncias registadas	892	914	852	ue/regulamentos/2006/32006R1907.md
32006R1907	Artigo 28.º	Obrigação de pré-registo das substâncias de integração progressiva	918	940	888	ue/regulamentos/2006/32006R1907.md
32006R1907	Artigo 29.º	Fóruns de intercâmbio de informações sobre substâncias	942	952	332	ue/regulamentos/2006/32006R1907.md
32006R1907	Artigo 30.º	Partilha de dados que envolvam ensaios	954	968	1097	ue/regulamentos/2006/32006R1907.md
32006R1907	Artigo 31.º	Requisitos aplicáveis às fichas de dados de segurança	972	1068	1855	ue/regulamentos/2006/32006R1907.md
32006R1907	Artigo 32.º	Obrigação de comunicar informações a jusante da cadeia de abastecimento sobre substâncias estremes ou contidas em ►M3 misturas ◄ para as quais não é exigida uma	1070	1092	531	ue/regulamentos/2006/32006R1907.md
32006R1907	Artigo 33.º	Dever de comunicação de informação sobre as substâncias presentes nos artigos	1094	1100	265	ue/regulamentos/2006/32006R1907.md
32006R1907	Artigo 34.º	Obrigação de comunicar informações sobre as substâncias e ►M3 misturas ◄ a montante da cadeia de abastecimento	1102	1110	211	ue/regulamentos/2006/32006R1907.md
32006R1907	Artigo 35.º	Acesso dos trabalhadores às informações	1112	1114	86	ue/regulamentos/2006/32006R1907.md
32006R1907	Artigo 36.º	Obrigação de conservar a informação	1116	1120	294	ue/regulamentos/2006/32006R1907.md
32006R1907	Artigo 37.º	Avaliações de segurança química para os utilizadores a jusante e obrigação de determinar, aplicar e recomendar medidas de redução dos riscos	1124	1166	1454	ue/regulamentos/2006/32006R1907.md
32006R1907	Artigo 38.º	Obrigação de transmissão de informações pelos utilizadores a jusante	1168	1194	545	ue/regulamentos/2006/32006R1907.md
32006R1907	Artigo 39.º	Aplicação das obrigações dos utilizadores a jusante	1196	1200	127	ue/regulamentos/2006/32006R1907.md
32006R1907	Artigo 40.º	Análise das propostas de ensaios	1206	1236	833	ue/regulamentos/2006/32006R1907.md
32006R1907	Artigo 41.º	Verificação da conformidade dos registos	1238	1270	842	ue/regulamentos/2006/32006R1907.md
32006R1907	Artigo 42.º	Verificação das informações apresentadas e acompanhamento da avaliação dos dossiês	1272	1276	197	ue/regulamentos/2006/32006R1907.md
32006R1907	Artigo 43.º	Procedimento e prazos para a análise das propostas de ensaios	1278	1290	282	ue/regulamentos/2006/32006R1907.md
32006R1907	Artigo 44.º	Critérios aplicáveis à avaliação de substâncias	1294	1306	521	ue/regulamentos/2006/32006R1907.md
32006R1907	Artigo 45.º	Autoridade competente	1308	1324	694	ue/regulamentos/2006/32006R1907.md
32006R1907	Artigo 46.º	Pedidos de informações complementares e verificação da conformidade das informações apresentadas	1326	1334	338	ue/regulamentos/2006/32006R1907.md
32006R1907	Artigo 47.º	Coerência com outras actividades	1336	1340	274	ue/regulamentos/2006/32006R1907.md
32006R1907	Artigo 48.º	Acompanhamento da avaliação das substâncias	1342	1344	144	ue/regulamentos/2006/32006R1907.md
32006R1907	Artigo 49.º	Informações complementares sobre substâncias intermédias isoladas nas instalações	1348	1356	339	ue/regulamentos/2006/32006R1907.md
32006R1907	Artigo 50.º	Direitos dos registantes e dos utilizadores a jusante	1360	1374	734	ue/regulamentos/2006/32006R1907.md
32006R1907	Artigo 51.º	Adopção de decisões no âmbito da avaliação dos dossiês	1376	1392	394	ue/regulamentos/2006/32006R1907.md
32006R1907	Artigo 52.º	Adopção de decisões no âmbito da avaliação de substâncias	1394	1398	102	ue/regulamentos/2006/32006R1907.md
32006R1907	Artigo 53.º	Partilha de custos dos ensaios na ausência de acordo entre os registantes e/ou os utilizadores a jusante	1400	1408	398	ue/regulamentos/2006/32006R1907.md
32006R1907	Artigo 54.º	Publicação de informações sobre a avaliação	1410	1412	108	ue/regulamentos/2006/32006R1907.md
32006R1907	Artigo 55.º	Objectivo da autorização e possibilidades de substituição	1418	1420	168	ue/regulamentos/2006/32006R1907.md
32006R1907	Artigo 56.º	Disposições gerais	1422	1464	882	ue/regulamentos/2006/32006R1907.md
32006R1907	Artigo 57.º	Substâncias a incluir no Anexo XIV	1466	1484	430	ue/regulamentos/2006/32006R1907.md
32006R1907	Artigo 58.º	Inclusão de substâncias no Anexo XIV	1486	1526	1112	ue/regulamentos/2006/32006R1907.md
32006R1907	Artigo 59.º	Identificação das substâncias a que se refere o artigo 57.º	1528	1548	766	ue/regulamentos/2006/32006R1907.md
32006R1907	Artigo 60.º	Concessão de autorizações	1552	1604	1221	ue/regulamentos/2006/32006R1907.md
32006R1907	Artigo 61.º	Revisão das autorizações	1606	1634	969	ue/regulamentos/2006/32006R1907.md
32006R1907	Artigo 62.º	Pedidos de autorização	1636	1670	699	ue/regulamentos/2006/32006R1907.md
32006R1907	Artigo 63.º	Pedidos de autorização subsequentes	1672	1678	254	ue/regulamentos/2006/32006R1907.md
32006R1907	Artigo 64.º	Procedimento a seguir para as decisões de autorização	1680	1708	1098	ue/regulamentos/2006/32006R1907.md
32006R1907	Artigo 65.º	Obrigação dos titulares de autorizações	1712	1714	153	ue/regulamentos/2006/32006R1907.md
32006R1907	Artigo 66.º	Utilizadores a jusante	1716	1720	116	ue/regulamentos/2006/32006R1907.md
32006R1907	Artigo 67.º	Disposições gerais	1726	1732	298	ue/regulamentos/2006/32006R1907.md
32006R1907	Artigo 68.º	Introdução de novas restrições e alteração das actuais	1736	1746	346	ue/regulamentos/2006/32006R1907.md
32006R1907	Artigo 69.º	Elaboração de uma proposta	1748	1768	1221	ue/regulamentos/2006/32006R1907.md
32006R1907	Artigo 70.º	Parecer da Agência: Comité de Avaliação dos Riscos	1770	1772	149	ue/regulamentos/2006/32006R1907.md
32006R1907	Artigo 71.º	Parecer da Agência: Comité de Análise Socioeconómica	1774	1780	348	ue/regulamentos/2006/32006R1907.md
32006R1907	Artigo 72.º	Apresentação de um parecer à Comissão	1782	1788	194	ue/regulamentos/2006/32006R1907.md
32006R1907	Artigo 73.º	Decisão da Comissão	1790	1796	189	ue/regulamentos/2006/32006R1907.md
32006R1907	Artigo 74.º	Taxas e emolumentos	1800	1818	517	ue/regulamentos/2006/32006R1907.md
32006R1907	Artigo 75.º	Criação e revisão	1822	1826	87	ue/regulamentos/2006/32006R1907.md
32006R1907	Artigo 76.º	Composição	1828	1850	652	ue/regulamentos/2006/32006R1907.md
32006R1907	Artigo 77.º	Tarefas	1852	1912	1368	ue/regulamentos/2006/32006R1907.md
32006R1907	Artigo 78.º	Competências do Conselho de Administração	1914	1940	389	ue/regulamentos/2006/32006R1907.md
32006R1907	Artigo 79.º	Composição do Conselho de Administração	1942	1950	258	ue/regulamentos/2006/32006R1907.md
32006R1907	Artigo 80.º	Presidência do Conselho de Administração	1952	1956	121	ue/regulamentos/2006/32006R1907.md
32006R1907	Artigo 81.º	Reuniões do Conselho de Administração	1958	1964	125	ue/regulamentos/2006/32006R1907.md
32006R1907	Artigo 82.º	Votação no Conselho de Administração	1966	1968	76	ue/regulamentos/2006/32006R1907.md
32006R1907	Artigo 83.º	Funções e competências do director executivo	1970	2016	756	ue/regulamentos/2006/32006R1907.md
32006R1907	Artigo 84.º	Nomeação do director executivo	2018	2028	286	ue/regulamentos/2006/32006R1907.md
32006R1907	Artigo 85.º	Criação dos Comités	2030	2058	1003	ue/regulamentos/2006/32006R1907.md
32006R1907	Artigo 86.º	Criação do Fórum	2060	2076	568	ue/regulamentos/2006/32006R1907.md
32006R1907	Artigo 87.º	Relatores dos Comités e recurso a peritos	2078	2098	681	ue/regulamentos/2006/32006R1907.md
32006R1907	Artigo 88.º	Qualificações e interesses	2100	2106	320	ue/regulamentos/2006/32006R1907.md
32006R1907	Artigo 89.º	Criação da Câmara de Recurso	2108	2120	297	ue/regulamentos/2006/32006R1907.md
32006R1907	Artigo 90.º	Membros da Câmara de Recurso	2122	2136	403	ue/regulamentos/2006/32006R1907.md
32006R1907	Artigo 91.º	Decisões passíveis de recurso	2138	2142	71	ue/regulamentos/2006/32006R1907.md
32006R1907	Artigo 92.º	Pessoas que podem interpor recurso, prazos, taxas e forma	2144	2150	182	ue/regulamentos/2006/32006R1907.md
32006R1907	Artigo 93.º	Exame e decisões sobre o recurso	2152	2160	244	ue/regulamentos/2006/32006R1907.md
32006R1907	Artigo 94.º	Recurso para o Tribunal de Primeira Instância e o Tribunal de Justiça	2162	2168	168	ue/regulamentos/2006/32006R1907.md
32006R1907	Artigo 95.º	Divergência de pareceres com outros organismos	2170	2176	258	ue/regulamentos/2006/32006R1907.md
32006R1907	Artigo 96.º	Orçamento da Agência	2178	2210	675	ue/regulamentos/2006/32006R1907.md
32006R1907	Artigo 97.º	Implementação do orçamento da Agência	2212	2232	576	ue/regulamentos/2006/32006R1907.md
32006R1907	Artigo 98.º	Combate à fraude	2234	2240	263	ue/regulamentos/2006/32006R1907.md
32006R1907	Artigo 99.º	Disposições financeiras	2242	2244	82	ue/regulamentos/2006/32006R1907.md
32006R1907	Artigo 100.º	Personalidade jurídica da Agência	2246	2250	102	ue/regulamentos/2006/32006R1907.md
32006R1907	Artigo 101.º	Responsabilidade da Agência	2252	2260	188	ue/regulamentos/2006/32006R1907.md
32006R1907	Artigo 102.º	Privilégios e imunidades da Agência	2262	2264	39	ue/regulamentos/2006/32006R1907.md
32006R1907	Artigo 103.º	Regras e regulamentos aplicáveis ao pessoal	2266	2272	202	ue/regulamentos/2006/32006R1907.md
32006R1907	Artigo 104.º	Línguas	2274	2278	78	ue/regulamentos/2006/32006R1907.md
32006R1907	Artigo 105.º	Obrigação de confidencialidade	2280	2282	77	ue/regulamentos/2006/32006R1907.md
32006R1907	Artigo 106.º	Participação de países terceiros	2284	2286	56	ue/regulamentos/2006/32006R1907.md
32006R1907	Artigo 107.º	Participação de organizações internacionais	2288	2290	84	ue/regulamentos/2006/32006R1907.md
32006R1907	Artigo 108.º	Contactos com organizações de interessados	2292	2294	54	ue/regulamentos/2006/32006R1907.md
32006R1907	Artigo 109.º	Regras em matéria de transparência	2296	2298	107	ue/regulamentos/2006/32006R1907.md
32006R1907	Artigo 110.º	Relações com os órgãos comunitários afins	2300	2312	355	ue/regulamentos/2006/32006R1907.md
32006R1907	Artigo 111.º	Formatos e aplicações informáticas para a transmissão de informações à Agência	2314	2322	249	ue/regulamentos/2006/32006R1907.md
32006R1907	Artigo 117.º	Relatórios	2326	2346	404	ue/regulamentos/2006/32006R1907.md
32006R1907	Artigo 118.º	Acesso às informações	2348	2366	387	ue/regulamentos/2006/32006R1907.md
32006R1907	Artigo 119.º	Acesso electrónico do público	2368	2424	887	ue/regulamentos/2006/32006R1907.md
32006R1907	Artigo 120.º	Cooperação com países terceiros e organizações internacionais	2426	2432	230	ue/regulamentos/2006/32006R1907.md
32006R1907	Artigo 121.º	Nomeação	2436	2438	144	ue/regulamentos/2006/32006R1907.md
32006R1907	Artigo 122.º	Cooperação entre autoridades competentes	2440	2442	71	ue/regulamentos/2006/32006R1907.md
32006R1907	Artigo 123.º	Comunicação ao público de informações sobre os riscos das substâncias	2444	2446	163	ue/regulamentos/2006/32006R1907.md
32006R1907	Artigo 124.º	Outras responsabilidades	2448	2452	234	ue/regulamentos/2006/32006R1907.md
32006R1907	Artigo 125.º	Funções dos Estados-Membros	2456	2458	42	ue/regulamentos/2006/32006R1907.md
32006R1907	Artigo 126.º	Sanções por não cumprimento	2460	2462	120	ue/regulamentos/2006/32006R1907.md
32006R1907	Artigo 127.º	Relatórios	2464	2466	114	ue/regulamentos/2006/32006R1907.md
32006R1907	Artigo 128.º	Livre circulação	2470	2474	188	ue/regulamentos/2006/32006R1907.md
32006R1907	Artigo 129.º	Cláusula de salvaguarda	2476	2488	357	ue/regulamentos/2006/32006R1907.md
32006R1907	Artigo 130.º	Motivação das decisões	2490	2492	45	ue/regulamentos/2006/32006R1907.md
32006R1907	Artigo 131.º	Alteração dos anexos	2494	2496	28	ue/regulamentos/2006/32006R1907.md
32006R1907	Artigo 132.º	Legislação de aplicação	2498	2500	41	ue/regulamentos/2006/32006R1907.md
32006R1907	Artigo 133.º	Procedimento de comité	2502	2514	180	ue/regulamentos/2006/32006R1907.md
32006R1907	Artigo 134.º	Preparação da criação da Agência	2516	2524	130	ue/regulamentos/2006/32006R1907.md
32006R1907	Artigo 135.º	Medidas transitórias aplicáveis às substâncias notificadas	2526	2532	244	ue/regulamentos/2006/32006R1907.md
32006R1907	Artigo 136.º	Medidas transitórias aplicáveis às substâncias existentes	2534	2550	467	ue/regulamentos/2006/32006R1907.md
32006R1907	Artigo 137.º	Medidas transitórias respeitantes às restrições	2552	2562	293	ue/regulamentos/2006/32006R1907.md
32006R1907	Artigo 138.º	Revisão	2564	2594	1167	ue/regulamentos/2006/32006R1907.md
32006R1907	Artigo 139.º	Revogação	2596	2606	118	ue/regulamentos/2006/32006R1907.md
32006R1907	Artigo 140.º	Alteração da Directiva 1999/45/CE	2608	2610	26	ue/regulamentos/2006/32006R1907.md
32006R1907	Artigo 141.º	Entrada em vigor e aplicação	2612	2622	124	ue/regulamentos/2006/32006R1907.md
32006R1907	ANEXO I	DISPOSIÇÕES GERAIS RELATIVAS À AVALIAÇÃO DAS SUBSTÂNCIAS E À ELABORAÇÃO DOS RELATÓRIOS DE SEGURANÇA QUÍMICA	2645	3240	11036	ue/regulamentos/2006/32006R1907.md
32006R1907	ANEXO II	REQUISITOS PARA A ELABORAÇÃO DAS FICHAS DE DADOS DE SEGURANÇA	3242	4536	25551	ue/regulamentos/2006/32006R1907.md
32006R1907	ANEXO III	CRITÉRIOS PARA SUBSTÂNCIAS REGISTADAS EM QUANTIDADES ENTRE 1 E 10 TONELADAS	4538	4550	286	ue/regulamentos/2006/32006R1907.md
32006R1907	ANEXO IV		4552	4597	770	ue/regulamentos/2006/32006R1907.md
32006R1907	ANEXO V		4599	4645	1132	ue/regulamentos/2006/32006R1907.md
32006R1907	ANEXO VI	REQUISITOS DE INFORMAÇÃO REFERIDOS NO ARTIGO 10.º	4647	4985	5284	ue/regulamentos/2006/32006R1907.md
32006R1907	ANEXO VII	INFORMAÇÕES-PADRÃO EXIGIDAS NO CASO DAS SUBSTÂNCIAS FABRICADAS OU IMPORTADAS EM QUANTIDADE IGUAL OU SUPERIOR A UMA TONELADA ([^59])	4987	5080	5386	ue/regulamentos/2006/32006R1907.md
32006R1907	ANEXO VIII	INFORMAÇÕES-PADRÃO EXIGIDAS NO CASO DAS SUBSTÂNCIAS FABRICADAS OU IMPORTADAS EM QUANTIDADE IGUAL OU SUPERIOR A DEZ TONELADAS ([^61])	5082	5159	5942	ue/regulamentos/2006/32006R1907.md
32006R1907	ANEXO IX	INFORMAÇÕES-PADRÃO EXIGIDAS NO CASO DAS SUBSTÂNCIAS FABRICADAS OU IMPORTADAS EM QUANTIDADE IGUAL OU SUPERIOR A CEM TONELADAS ([^63])	5161	5248	6182	ue/regulamentos/2006/32006R1907.md
32006R1907	ANEXO X	INFORMAÇÕES-PADRÃO EXIGIDAS NO CASO DAS SUBSTÂNCIAS FABRICADAS OU IMPORTADAS EM QUANTIDADE IGUAL OU SUPERIOR A MIL TONELADAS ([^65])	5250	5312	4566	ue/regulamentos/2006/32006R1907.md
32006R1907	ANEXO XI	REGRAS GERAIS DE ADAPTAÇÃO DO REGIME NORMAL DE ENSAIOS ESTABELECIDO NOS ANEXOS VII A X	5314	5534	4030	ue/regulamentos/2006/32006R1907.md
32006R1907	ANEXO XII	DISPOSIÇÕES GERAIS PARA A AVALIAÇÃO DAS SUBSTÂNCIAS E ELABORAÇÃO DE RELATÓRIOS DE SEGURANÇA QUÍMICA PELOS UTILIZADORES A JUSANTE	5536	5590	1838	ue/regulamentos/2006/32006R1907.md
32006R1907	ANEXO XIII		5592	5746	2769	ue/regulamentos/2006/32006R1907.md
32006R1907	ANEXO XIV	LISTA DAS SUBSTÂNCIAS SUJEITAS A AUTORIZAÇÃO	5748	5822	5623	ue/regulamentos/2006/32006R1907.md
32006R1907	ANEXO XV	DOSSIÊS	5824	5906	1118	ue/regulamentos/2006/32006R1907.md
32006R1907	ANEXO XVI	ANÁLISE SOCIOECONÓMICA	5908	5932	894	ue/regulamentos/2006/32006R1907.md
32006R1907	ANEXO XVII		5934	6054	43868	ue/regulamentos/2006/32006R1907.md
32006R1907	Apêndice 1		6152	6503	20044	ue/regulamentos/2006/32006R1907.md
32006R1907	Apêndice 2		6505	7321	57497	ue/regulamentos/2006/32006R1907.md
32006R1907	Apêndice 3		7323	7329	26	ue/regulamentos/2006/32006R1907.md
32006R1907	Apêndice 4		7331	7804	41082	ue/regulamentos/2006/32006R1907.md
32006R1907	Apêndice 5		7806	7847	706	ue/regulamentos/2006/32006R1907.md
32006R1907	Apêndice 6		7849	8269	8628	ue/regulamentos/2006/32006R1907.md
32006R1907	Apêndice 7	Disposições especiais relativas à rotulagem dos artigos que contenham amianto	8271	8357	1263	ue/regulamentos/2006/32006R1907.md
32006R1907	Apêndice 8		8359	8392	480	ue/regulamentos/2006/32006R1907.md
32006R1907	Apêndice 9		8394	8408	161	ue/regulamentos/2006/32006R1907.md
32006R1907	Apêndice 10		8410	8425	291	ue/regulamentos/2006/32006R1907.md
32006R1907	Apêndice 11		8427	8438	384	ue/regulamentos/2006/32006R1907.md
32006R1907	Apêndice 12		8440	8480	1316	ue/regulamentos/2006/32006R1907.md
32006R1907	Apêndice 13		8482	8581	1442	ue/regulamentos/2006/32006R1907.md
32006R1907	Apêndice 14		8583	8613	724	ue/regulamentos/2006/32006R1907.md
32006R1907	Apêndice 15	Entrada 78 — Regras relativas à comprovação da degradabilidade	8615	8837	4469	ue/regulamentos/2006/32006R1907.md
32006R1907	Apêndice 16	Entrada 78 — Regras relativas à comprovação da solubilidade:	8839	9001	3701	ue/regulamentos/2006/32006R1907.md
32006R1916	Preâmbulo		18	46	916	ue/regulamentos/2006/32006R1916.md
32006R1916	Artigo 1.º		50	56	148	ue/regulamentos/2006/32006R1916.md
32006R1916	Artigo 2.º		58	62	92	ue/regulamentos/2006/32006R1916.md
32006R1916	Artigo 3.º		64	68	119	ue/regulamentos/2006/32006R1916.md
32006R1916	Artigo 4.º		70	92	171	ue/regulamentos/2006/32006R1916.md
32006R1916	ANEXO		94	165	1628	ue/regulamentos/2006/32006R1916.md
32006R1921	Artigo 1.º	Definições	69	81	159	ue/regulamentos/2006/32006R1921.md
32006R1921	Artigo 2.º	Obrigações dos Estados-Membros	83	91	234	ue/regulamentos/2006/32006R1921.md
32006R1921	Artigo 3.º	Compilação dos dados estatísticos	93	97	116	ue/regulamentos/2006/32006R1921.md
32006R1921	Artigo 4.º	Dados estatísticos	99	103	91	ue/regulamentos/2006/32006R1921.md
32006R1921	Artigo 5.º	Apresentação dos dados estatísticos	105	109	85	ue/regulamentos/2006/32006R1921.md
32006R1921	Artigo 6.º	Metodologia	111	121	194	ue/regulamentos/2006/32006R1921.md
32006R1921	Artigo 7.º	Períodos transitórios	123	125	63	ue/regulamentos/2006/32006R1921.md
32006R1921	Artigo 8.º	Isenções	127	137	196	ue/regulamentos/2006/32006R1921.md
32006R1921	Artigo 9.º	Alteração técnica dos anexos	139	145	192	ue/regulamentos/2006/32006R1921.md
32006R1921	Artigo 10.º	Avaliação	147	151	154	ue/regulamentos/2006/32006R1921.md
32006R1921	Artigo 10.º-A	Exercício da delegação	153	165	412	ue/regulamentos/2006/32006R1921.md
32006R1921	Artigo 11.º	Procedimento de comité	167	173	98	ue/regulamentos/2006/32006R1921.md
32006R1921	Artigo 12.º	Revogação	175	177	18	ue/regulamentos/2006/32006R1921.md
32006R1921	Artigo 13.º	Entrada em vigor	179	183	66	ue/regulamentos/2006/32006R1921.md
32006R1921	ANEXO I	FORMATO DOS DADOS ESTATÍSTICOS APRESENTADOS	185	201	247	ue/regulamentos/2006/32006R1921.md
32006R1921	ANEXO II	LISTA DOS CÓDIGOS DOS PAÍSES	203	237	160	ue/regulamentos/2006/32006R1921.md
32006R1921	ANEXO III	LISTA DOS CÓDIGOS DE APRESENTAÇÃO	239	296	546	ue/regulamentos/2006/32006R1921.md
32006R1921	ANEXO IV	LISTA DE CÓDIGOS PARA A UTILIZAÇÃO PREVISTA DOS PRODUTOS DA PESCA	298	340	932	ue/regulamentos/2006/32006R1921.md
32006R1922	Artigo 1.º	Criação do Instituto	96	98	38	ue/regulamentos/2006/32006R1922.md
32006R1922	Artigo 2.º	Objectivos	100	102	139	ue/regulamentos/2006/32006R1922.md
32006R1922	Artigo 3.º	Funções	104	132	771	ue/regulamentos/2006/32006R1922.md
32006R1922	Artigo 4.º	Domínios de actividade e métodos de trabalho	134	144	359	ue/regulamentos/2006/32006R1922.md
32006R1922	Artigo 5.º	Personalidade e capacidade jurídicas	146	148	82	ue/regulamentos/2006/32006R1922.md
32006R1922	Artigo 6.º	Independência do Instituto	150	152	32	ue/regulamentos/2006/32006R1922.md
32006R1922	Artigo 7.º	Acesso a documentos	154	162	172	ue/regulamentos/2006/32006R1922.md
32006R1922	Artigo 8.º	Cooperação com organizações a nível nacional e europeu, organizações internacionais e países terceiros	164	168	232	ue/regulamentos/2006/32006R1922.md
32006R1922	Artigo 9.º	Composição do Instituto	170	178	46	ue/regulamentos/2006/32006R1922.md
32006R1922	Artigo 10.º	Conselho de Administração	180	222	1019	ue/regulamentos/2006/32006R1922.md
32006R1922	Artigo 11.º	Fórum de Peritos	224	250	621	ue/regulamentos/2006/32006R1922.md
32006R1922	Artigo 12.º	Director	252	280	534	ue/regulamentos/2006/32006R1922.md
32006R1922	Artigo 13.º	Pessoal	282	288	210	ue/regulamentos/2006/32006R1922.md
32006R1922	Artigo 14.º	Elaboração do orçamento	290	320	646	ue/regulamentos/2006/32006R1922.md
32006R1922	Artigo 15.º	Execução do orçamento	322	344	620	ue/regulamentos/2006/32006R1922.md
32006R1922	Artigo 16.º	Regime linguístico	346	350	104	ue/regulamentos/2006/32006R1922.md
32006R1922	Artigo 17.º	Privilégios e imunidades	352	354	36	ue/regulamentos/2006/32006R1922.md
32006R1922	Artigo 18.º	Responsabilidade	356	364	154	ue/regulamentos/2006/32006R1922.md
32006R1922	Artigo 19.º	Participação de países terceiros	366	370	212	ue/regulamentos/2006/32006R1922.md
32006R1922	Artigo 20.º	Avaliação	372	376	248	ue/regulamentos/2006/32006R1922.md
32006R1922	Artigo 21.º	Cláusula de revisão	378	380	159	ue/regulamentos/2006/32006R1922.md
32006R1922	Artigo 22.º	Controlo administrativo	382	384	44	ue/regulamentos/2006/32006R1922.md
32006R1922	Artigo 23.º	Início das actividades do Instituto	386	388	43	ue/regulamentos/2006/32006R1922.md
32006R1922	Artigo 24.º	Entrada em vigor	390	396	70	ue/regulamentos/2006/32006R1922.md
32006R1923	Preâmbulo		18	70	2068	ue/regulamentos/2006/32006R1923.md
32006R1923	Artigo 1.º		74	167	2112	ue/regulamentos/2006/32006R1923.md
32006R1923	«Artigo 6.º-A	Programas de criação	169	288	3369	ue/regulamentos/2006/32006R1923.md
32006R1923	«Artigo 23.º-A		290	314	337	ue/regulamentos/2006/32006R1923.md
32006R1923	«Artigo 24.º	Comités	316	326	200	ue/regulamentos/2006/32006R1923.md
32006R1923	«Artigo 24.º-A		328	330	98	ue/regulamentos/2006/32006R1923.md
32006R1923	Artigo 2.º		332	366	337	ue/regulamentos/2006/32006R1923.md
32006R1924	Artigo 1.º	Objecto e âmbito de aplicação	131	161	842	ue/regulamentos/2006/32006R1924.md
32006R1924	Artigo 2.º	Definições	163	205	691	ue/regulamentos/2006/32006R1924.md
32006R1924	Artigo 3.º	Princípios gerais aplicáveis a todas as alegações	209	227	348	ue/regulamentos/2006/32006R1924.md
32006R1924	Artigo 4.º	Condições de utilização das alegações nutricionais e de saúde	229	283	1087	ue/regulamentos/2006/32006R1924.md
32006R1924	Artigo 5.º	Condições gerais	285	305	464	ue/regulamentos/2006/32006R1924.md
32006R1924	Artigo 6.º	Fundamento científico das alegações	307	313	147	ue/regulamentos/2006/32006R1924.md
32006R1924	Artigo 7.º	Informações nutricionais	315	325	318	ue/regulamentos/2006/32006R1924.md
32006R1924	Artigo 8.º	Condições específicas	329	337	148	ue/regulamentos/2006/32006R1924.md
32006R1924	Artigo 9.º	Alegações comparativas	339	343	153	ue/regulamentos/2006/32006R1924.md
32006R1924	Artigo 10.º	Condições específicas	347	363	372	ue/regulamentos/2006/32006R1924.md
32006R1924	Artigo 11.º	Associações nacionais de profissionais de saúde, nutrição ou dietética e associações caritativas da área da saúde	365	367	112	ue/regulamentos/2006/32006R1924.md
32006R1924	Artigo 12.º	Restrições quanto à utilização de determinadas alegações de saúde	369	377	114	ue/regulamentos/2006/32006R1924.md
32006R1924	Artigo 13.º	Alegações de saúde que não refiram a redução de um risco de doença ou o desenvolvimento e a saúde das crianças	379	405	558	ue/regulamentos/2006/32006R1924.md
32006R1924	Artigo 14.º	Alegações relativas à redução de um risco de doença e alegações relativas ao desenvolvimento e à saúde das crianças	407	419	272	ue/regulamentos/2006/32006R1924.md
32006R1924	Artigo 15.º	Pedidos de autorização	421	459	591	ue/regulamentos/2006/32006R1924.md
32006R1924	Artigo 16.º	Parecer da Autoridade	461	487	503	ue/regulamentos/2006/32006R1924.md
32006R1924	Artigo 17.º	Autorização comunitária	489	511	603	ue/regulamentos/2006/32006R1924.md
32006R1924	Artigo 18.º	Alegações de saúde referidas no n.º 5 do artigo 13.º	513	535	752	ue/regulamentos/2006/32006R1924.md
32006R1924	Artigo 19.º	Alteração, suspensão e revogação de autorizações	537	547	314	ue/regulamentos/2006/32006R1924.md
32006R1924	Artigo 20.º	Registo comunitário	551	577	359	ue/regulamentos/2006/32006R1924.md
32006R1924	Artigo 21.º	Protecção de dados	579	589	346	ue/regulamentos/2006/32006R1924.md
32006R1924	Artigo 22.º	Disposições nacionais	591	593	102	ue/regulamentos/2006/32006R1924.md
32006R1924	Artigo 23.º	Procedimento de notificação	595	603	258	ue/regulamentos/2006/32006R1924.md
32006R1924	Artigo 24.º	Medidas de salvaguarda	605	617	187	ue/regulamentos/2006/32006R1924.md
32006R1924	Artigo 25.º		619	631	128	ue/regulamentos/2006/32006R1924.md
32006R1924	Artigo 26.º	Controlo	633	635	95	ue/regulamentos/2006/32006R1924.md
32006R1924	Artigo 27.º	Avaliação	637	639	150	ue/regulamentos/2006/32006R1924.md
32006R1924	Artigo 28.º	Medidas transitórias	641	677	1027	ue/regulamentos/2006/32006R1924.md
32006R1924	Artigo 29.º	Entrada em vigor	679	685	83	ue/regulamentos/2006/32006R1924.md
32006R1924	ANEXO	Alegações nutricionais e condições que se lhes aplicam	687	859	3581	ue/regulamentos/2006/32006R1924.md
32006R1925	Artigo 1.º	Objecto e âmbito de aplicação	44	60	272	ue/regulamentos/2006/32006R1925.md
32006R1925	Artigo 2.º	Definições	62	68	151	ue/regulamentos/2006/32006R1925.md
32006R1925	Artigo 3.º	Requisitos aplicáveis à adição de vitaminas e minerais	72	92	439	ue/regulamentos/2006/32006R1925.md
32006R1925	Artigo 4.º	Restrições aplicáveis à adição de vitaminas e minerais	94	114	308	ue/regulamentos/2006/32006R1925.md
32006R1925	Artigo 5.º	Critérios de pureza	116	126	282	ue/regulamentos/2006/32006R1925.md
32006R1925	Artigo 6.º	Condições de adição de vitaminas e de minerais	128	156	776	ue/regulamentos/2006/32006R1925.md
32006R1925	Artigo 7.º	Rotulagem, apresentação e publicidade	158	178	463	ue/regulamentos/2006/32006R1925.md
32006R1925	Artigo 8.º	Substâncias sujeitas a restrições, proibidas ou sob controlo comunitário	182	214	920	ue/regulamentos/2006/32006R1925.md
32006R1925	Artigo 9.º	Registo comunitário	218	240	330	ue/regulamentos/2006/32006R1925.md
32006R1925	Artigo 10.º	Livre circulação de mercadorias	242	244	109	ue/regulamentos/2006/32006R1925.md
32006R1925	Artigo 11.º	Disposições nacionais	246	256	173	ue/regulamentos/2006/32006R1925.md
32006R1925	Artigo 12.º	Procedimento de notificação	258	266	228	ue/regulamentos/2006/32006R1925.md
32006R1925	Artigo 13.º	Medidas de salvaguarda	268	280	196	ue/regulamentos/2006/32006R1925.md
32006R1925	Artigo 14.º		282	296	204	ue/regulamentos/2006/32006R1925.md
32006R1925	Artigo 15.º	Controlo	298	300	140	ue/regulamentos/2006/32006R1925.md
32006R1925	Artigo 16.º	Avaliação	302	304	182	ue/regulamentos/2006/32006R1925.md
32006R1925	Artigo 17.º	Medidas transitórias	306	316	376	ue/regulamentos/2006/32006R1925.md
32006R1925	Artigo 18.º	Entrada em vigor	318	326	144	ue/regulamentos/2006/32006R1925.md
32006R1925	ANEXO I	VITAMINAS E MINERAIS QUE PODEM SER ADICIONADOS AOS ALIMENTOS	328	390	104	ue/regulamentos/2006/32006R1925.md
32006R1925	ANEXO II		392	714	916	ue/regulamentos/2006/32006R1925.md
32006R1925	ANEXO III	SUBSTÂNCIAS CUJA UTILIZAÇÃO NOS ALIMENTOS É PROIBIDA, ESTÁ SUJEITA A RESTRIÇÕES OU ESTÁ SOB CONTROLO COMUNITÁRIO	716	792	1528	ue/regulamentos/2006/32006R1925.md
32006R1929	Preâmbulo		18	32	197	ue/regulamentos/2006/32006R1929.md
32006R1929	Artigo 1.º		36	44	236	ue/regulamentos/2006/32006R1929.md
32006R1929	Artigo 2.º		46	62	135	ue/regulamentos/2006/32006R1929.md
32006R1930	Preâmbulo		18	40	514	ue/regulamentos/2006/32006R1930.md
32006R1930	Artigo 1.º		44	58	149	ue/regulamentos/2006/32006R1930.md
32006R1930	Artigo 2.º		60	78	145	ue/regulamentos/2006/32006R1930.md
32006R1931	Artigo 1.º		91	97	114	ue/regulamentos/2006/32006R1931.md
32006R1931	Artigo 2.º		99	109	76	ue/regulamentos/2006/32006R1931.md
32006R1931	Artigo 3.º		111	135	730	ue/regulamentos/2006/32006R1931.md
32006R1931	Artigo 4.º		139	149	198	ue/regulamentos/2006/32006R1931.md
32006R1931	Artigo 5.º		151	155	63	ue/regulamentos/2006/32006R1931.md
32006R1931	Artigo 6.º		157	165	102	ue/regulamentos/2006/32006R1931.md
32006R1931	Artigo 7.º		169	187	261	ue/regulamentos/2006/32006R1931.md
32006R1931	Artigo 8.º		189	195	154	ue/regulamentos/2006/32006R1931.md
32006R1931	Artigo 9.º		197	209	229	ue/regulamentos/2006/32006R1931.md
32006R1931	Artigo 10.º		211	215	32	ue/regulamentos/2006/32006R1931.md
32006R1931	Artigo 11.º		217	223	90	ue/regulamentos/2006/32006R1931.md
32006R1931	Artigo 12.º		225	231	147	ue/regulamentos/2006/32006R1931.md
32006R1931	Artigo 13.º		235	247	392	ue/regulamentos/2006/32006R1931.md
32006R1931	Artigo 14.º		249	253	111	ue/regulamentos/2006/32006R1931.md
32006R1931	Artigo 15.º		255	277	494	ue/regulamentos/2006/32006R1931.md
32006R1931	Artigo 16.º		281	285	84	ue/regulamentos/2006/32006R1931.md
32006R1931	Artigo 17.º		287	295	176	ue/regulamentos/2006/32006R1931.md
32006R1931	Artigo 18.º		297	301	127	ue/regulamentos/2006/32006R1931.md
32006R1931	Artigo 19.º		303	309	101	ue/regulamentos/2006/32006R1931.md
32006R1931	Artigo 20.º		311	317	138	ue/regulamentos/2006/32006R1931.md
32006R1931	Artigo 21.º		319	327	81	ue/regulamentos/2006/32006R1931.md
32006R1931	ANEXO		329	365	615	ue/regulamentos/2006/32006R1931.md
32006R1933	Artigo 1.º		73	75	79	ue/regulamentos/2006/32006R1933.md
32006R1933	Artigo 2.º		77	79	73	ue/regulamentos/2006/32006R1933.md
32006R1933	Artigo 3.º		81	99	250	ue/regulamentos/2006/32006R1933.md
32006R1941	Artigo 1.º	Objecto	68	70	54	ue/regulamentos/2006/32006R1941.md
32006R1941	Artigo 2.º	Âmbito de aplicação	72	76	152	ue/regulamentos/2006/32006R1941.md
32006R1941	Artigo 3.º	Definições	78	88	154	ue/regulamentos/2006/32006R1941.md
32006R1941	Artigo 4.º	Limitações das capturas e sua repartição	92	94	69	ue/regulamentos/2006/32006R1941.md
32006R1941	Artigo 5.º	Disposições especiais em matéria de repartição das possibilidades de pesca	96	110	239	ue/regulamentos/2006/32006R1941.md
32006R1941	Artigo 6.º	Condições aplicáveis às capturas e capturas acessórias	112	122	296	ue/regulamentos/2006/32006R1941.md
32006R1941	Artigo 7.º	Limitações do esforço de pesca	124	126	27	ue/regulamentos/2006/32006R1941.md
32006R1941	Artigo 8.º	Medidas técnicas e de controlo transitórias	128	130	34	ue/regulamentos/2006/32006R1941.md
32006R1941	Artigo 9.º	Transmissão de dados	134	136	76	ue/regulamentos/2006/32006R1941.md
32006R1941	Artigo 10.º	Entrada em vigor	138	144	82	ue/regulamentos/2006/32006R1941.md
32006R1941	ANEXO I		146	261	1534	ue/regulamentos/2006/32006R1941.md
32006R1941	ANEXO II		263	293	585	ue/regulamentos/2006/32006R1941.md
32006R1941	ANEXO III		295	487	3325	ue/regulamentos/2006/32006R1941.md
32006R1941	Apêndice 1 ao anexo III		489	529	554	ue/regulamentos/2006/32006R1941.md
32006R1941	Apêndice 2 ao anexo III		531	597	688	ue/regulamentos/2006/32006R1941.md
32006R1945	Preâmbulo		18	30	171	ue/regulamentos/2006/32006R1945.md
32006R1945	Artigo 1.º		34	48	324	ue/regulamentos/2006/32006R1945.md
32006R1945	«Artigo 3.º		50	52	96	ue/regulamentos/2006/32006R1945.md
32006R1945	Artigo 2.º		54	70	164	ue/regulamentos/2006/32006R1945.md
32006R1950	Artigo 1.º		31	35	118	ue/regulamentos/2006/32006R1950.md
32006R1950	Artigo 2.º		37	45	260	ue/regulamentos/2006/32006R1950.md
32006R1950	Artigo 3.º		47	51	110	ue/regulamentos/2006/32006R1950.md
32006R1950	Artigo 4.º		53	57	65	ue/regulamentos/2006/32006R1950.md
32006R1950	Artigo 5.º		59	71	188	ue/regulamentos/2006/32006R1950.md
32006R1950	Artigo 6.º		73	79	65	ue/regulamentos/2006/32006R1950.md
32006R1950	ANEXO		81	199	10830	ue/regulamentos/2006/32006R1950.md
32006R1967	Artigo 1.º	Âmbito de aplicação	37	51	238	ue/regulamentos/2006/32006R1967.md
32006R1967	Artigo 2.º	Definições	53	113	2320	ue/regulamentos/2006/32006R1967.md
32006R1967	Artigo 4.º	Habitats protegidos	121	155	862	ue/regulamentos/2006/32006R1967.md
32006R1967	Artigo 5.º	Procedimento de informação para criação de zonas de pesca protegidas	159	161	133	ue/regulamentos/2006/32006R1967.md
32006R1967	Artigo 6.º	Zonas de pesca ►M2 da União ◄ protegidas	163	169	225	ue/regulamentos/2006/32006R1967.md
32006R1967	Artigo 7.º	Zonas de pesca nacionais protegidas	171	181	584	ue/regulamentos/2006/32006R1967.md
32006R1967	Artigo 13.º	Distâncias e profundidades mínimas para a utilização de artes de pesca	189	249	1573	ue/regulamentos/2006/32006R1967.md
32006R1967	Artigo 14.º-A	Procedimento para a adoção de medidas técnicas no contexto dos planos de devolução	251	255	211	ue/regulamentos/2006/32006R1967.md
32006R1967	Artigo 15.º-A	Procedimento para estabelecer os tamanhos mínimos de referência de conservação no contexto dos planos de devolução	263	269	212	ue/regulamentos/2006/32006R1967.md
32006R1967	Artigo 17.º	Pesca de lazer	273	285	180	ue/regulamentos/2006/32006R1967.md
32006R1967	Artigo 18.º	Planos de gestão ao nível ►M2 da União ◄	289	307	484	ue/regulamentos/2006/32006R1967.md
32006R1967	Artigo 19.º	Planos de gestão para determinadas pescarias exercidas nas águas territoriais	309	343	733	ue/regulamentos/2006/32006R1967.md
32006R1967	Artigo 20.º	Captura de espécies-alvo	347	355	136	ue/regulamentos/2006/32006R1967.md
32006R1967	Artigo 22.º	Portos designados	357	361	121	ue/regulamentos/2006/32006R1967.md
32006R1967	Artigo 23.º	Controlo das capturas	363	373	152	ue/regulamentos/2006/32006R1967.md
32006R1967	Artigo 26.º	Zona de gestão de 25 milhas marítimas em torno de Malta	383	417	1157	ue/regulamentos/2006/32006R1967.md
32006R1967	Artigo 27.º	Pesca de doirados	419	433	201	ue/regulamentos/2006/32006R1967.md
32006R1967	Artigo 28.º	Processo de tomada de decisão	437	439	39	ue/regulamentos/2006/32006R1967.md
32006R1967	Artigo 29.º	Regras de execução	441	445	49	ue/regulamentos/2006/32006R1967.md
32006R1967	Artigo 29.º-A	Exercício da delegação	447	459	344	ue/regulamentos/2006/32006R1967.md
32006R1967	Artigo 30.º	Alterações	461	463	35	ue/regulamentos/2006/32006R1967.md
32006R1967	Artigo 31.º	Revogação	465	469	64	ue/regulamentos/2006/32006R1967.md
32006R1967	Artigo 32.º	Entrada em vigor	471	475	69	ue/regulamentos/2006/32006R1967.md
32006R1967	ANEXO I	Condições técnicas em matéria de dispositivos nas redes de arrasto e armamento destas redes	477	541	1596	ue/regulamentos/2006/32006R1967.md
32006R1967	ANEXO V	Zona de gestão das 25 milhas em torno das ilhas maltesas	543	649	1077	ue/regulamentos/2006/32006R1967.md
32006R1967	ANEXO VI		651	690	556	ue/regulamentos/2006/32006R1967.md
32006R1980	Preâmbulo		18	38	462	ue/regulamentos/2006/32006R1980.md
32006R1980	Artigo 1.º		42	75	537	ue/regulamentos/2006/32006R1980.md
32006R1980	Artigo 2.º		77	81	30	ue/regulamentos/2006/32006R1980.md
32006R1980	«Artigo 2.º		83	105	462	ue/regulamentos/2006/32006R1980.md
32006R1980	Artigo 3.º		107	123	409	ue/regulamentos/2006/32006R1980.md
32006R1980	Artigo 4.º		125	149	481	ue/regulamentos/2006/32006R1980.md
32006R1980	Artigo 5.º		151	171	178	ue/regulamentos/2006/32006R1980.md
32006R1981	Artigo 1.º	Objecto e âmbito de aplicação	82	88	107	ue/regulamentos/2006/32006R1981.md
32006R1981	Artigo 2.º	Definições	90	120	650	ue/regulamentos/2006/32006R1981.md
32006R1981	Artigo 3.º	Contribuições	122	152	820	ue/regulamentos/2006/32006R1981.md
32006R1981	Artigo 4.º	Reduções e isenções	154	170	259	ue/regulamentos/2006/32006R1981.md
32006R1981	Artigo 5.º	Procedimento	172	198	730	ue/regulamentos/2006/32006R1981.md
32006R1981	Artigo 6.º	Laboratórios nacionais de referência que assistem o LCR no ensaio e validação dos métodos de detecção e identificação	200	212	326	ue/regulamentos/2006/32006R1981.md
32006R1981	Artigo 7.º	Apresentação de relatórios	214	218	116	ue/regulamentos/2006/32006R1981.md
32006R1981	Artigo 8.º	Alteração do Regulamento (CE) n.º 1829/2003	220	222	43	ue/regulamentos/2006/32006R1981.md
32006R1981	Artigo 9.º	Entrada em vigor	224	228	69	ue/regulamentos/2006/32006R1981.md
32006R1981	ANEXO I		230	254	464	ue/regulamentos/2006/32006R1981.md
32006R1981	ANEXO II		256	448	1528	ue/regulamentos/2006/32006R1981.md
32006R1981	ANEXO III		450	488	670	ue/regulamentos/2006/32006R1981.md
32006R1992	Preâmbulo		18	40	356	ue/regulamentos/2006/32006R1992.md
32006R1992	Artigo 1.º		44	46	36	ue/regulamentos/2006/32006R1992.md
32006R1992	Artigo 2.º		48	72	256	ue/regulamentos/2006/32006R1992.md
32006R1992	ANEXO		74	206	3517	ue/regulamentos/2006/32006R1992.md
32006R1996	Artigo 3.º		74	86	45	ue/regulamentos/2006/32006R1996.md
32006R1996	Artigo 8.º		88	94	36	ue/regulamentos/2006/32006R1996.md
32006R1996	Artigo 10.º		96	102	53	ue/regulamentos/2006/32006R1996.md
32006R1996	Artigo 11.º		104	106	15	ue/regulamentos/2006/32006R1996.md
32006R1996	Artigo 12.º		108	110	15	ue/regulamentos/2006/32006R1996.md
32006R1996	Artigo 13.º		112	146	465	ue/regulamentos/2006/32006R1996.md
32006R1996	Artigo 14.º		148	150	32	ue/regulamentos/2006/32006R1996.md
32006R1996	Artigo 15.º		152	154	32	ue/regulamentos/2006/32006R1996.md
32006R1996	Artigo 16.º		156	160	81	ue/regulamentos/2006/32006R1996.md
32006R1996	Artigo 17.º		162	168	69	ue/regulamentos/2006/32006R1996.md
32006R1996	Artigo 18.º		170	184	221	ue/regulamentos/2006/32006R1996.md
32006R1996	Artigo 19.º		186	188	34	ue/regulamentos/2006/32006R1996.md
32006R1996	Artigo 20.º		190	194	70	ue/regulamentos/2006/32006R1996.md
32006R1996	ANEXO I		196	196	3	ue/regulamentos/2006/32006R1996.md
32006R1996	ANEXO II		244	244	3	ue/regulamentos/2006/32006R1996.md
32006R1996	ANEXO IV		296	296	3	ue/regulamentos/2006/32006R1996.md
32006R1996	ANEXO VII		350	350	3	ue/regulamentos/2006/32006R1996.md
32006R1996	ANEXO VIII		398	400	7	ue/regulamentos/2006/32006R1996.md
32006R1996	ANEXO VI	Menções referidas no n.º 4, alínea b), do artigo 4.º	448	492	856	ue/regulamentos/2006/32006R1996.md
32006R1996	ANEXO VII	Menções referidas no n.º 4, alínea c), do artigo 4.º	494	538	1194	ue/regulamentos/2006/32006R1996.md
32006R1996	ANEXO VIII	Menções referidas no n.º 4, alínea d), do artigo 4.º	540	586	927	ue/regulamentos/2006/32006R1996.md
32006R1996	ANEXO IX		634	634	3	ue/regulamentos/2006/32006R1996.md
32006R1996	ANEXO VIII	Menções referidas no n.º 2 do artigo 3.º	682	726	306	ue/regulamentos/2006/32006R1996.md
32006R1996	ANEXO IX	Menções referidas no artigo 5.º	728	772	272	ue/regulamentos/2006/32006R1996.md
32006R1996	ANEXO X	Menções referidas no n.º 2, quarto parágrafo, do artigo 7.º	774	818	502	ue/regulamentos/2006/32006R1996.md
32006R1996	ANEXO XI	Menções referidas no n.º 2 do artigo 8.º	820	864	498	ue/regulamentos/2006/32006R1996.md
32006R1996	ANEXO XII	Menções referidas no n.º 3, alínea e), do artigo 9.º	866	910	459	ue/regulamentos/2006/32006R1996.md
32006R1996	ANEXO XIII	Menções referidas no n.º 3, alínea f), do artigo 9.º	912	956	247	ue/regulamentos/2006/32006R1996.md
32006R1996	ANEXO X		958	958	3	ue/regulamentos/2006/32006R1996.md
32006R1996	ANEXO XI		1006	1006	3	ue/regulamentos/2006/32006R1996.md
32006R1996	ANEXO XII		1054	1056	7	ue/regulamentos/2006/32006R1996.md
32006R1996	ANEXO XIII		1148	1148	4	ue/regulamentos/2006/32006R1996.md
32006R2015	Artigo 1.º		66	68	100	ue/regulamentos/2006/32006R2015.md
32006R2015	Artigo 2.º	Definições	70	74	86	ue/regulamentos/2006/32006R2015.md
32006R2015	Artigo 3.º	Fixação das possibilidades de pesca	76	78	48	ue/regulamentos/2006/32006R2015.md
32006R2015	Artigo 4.º	Repartição pelos Estados-Membros	80	92	196	ue/regulamentos/2006/32006R2015.md
32006R2015	Artigo 5.º	Flexibilidade das quotas	94	98	74	ue/regulamentos/2006/32006R2015.md
32006R2015	Artigo 6.º	Condições de desembarque das capturas e das capturas acessórias	100	104	144	ue/regulamentos/2006/32006R2015.md
32006R2015	Artigo 7.º	Olho-de-vidro laranja	106	154	433	ue/regulamentos/2006/32006R2015.md
32006R2015	Artigo 8.º	Entrada em vigor	156	162	86	ue/regulamentos/2006/32006R2015.md
32006R2015	ANEXO		164	485	3374	ue/regulamentos/2006/32006R2015.md
32006R2016	Preâmbulo		18	46	758	ue/regulamentos/2006/32006R2016.md
32006R2016	Artigo 1.º		50	52	18	ue/regulamentos/2006/32006R2016.md
32006R2016	Artigo 2.º		54	59	50	ue/regulamentos/2006/32006R2016.md
32006R2016	Artigo 3.º		61	83	256	ue/regulamentos/2006/32006R2016.md
32006R2016	Artigo 4.º		85	93	165	ue/regulamentos/2006/32006R2016.md
32006R2016	Artigo 5.º		95	119	604	ue/regulamentos/2006/32006R2016.md
32006R2016	Artigo 6.º		121	143	257	ue/regulamentos/2006/32006R2016.md
32006R2016	ANEXO I		145	207	992	ue/regulamentos/2006/32006R2016.md
32006R2016	ANEXO II	«ANEXO V	209	235	218	ue/regulamentos/2006/32006R2016.md
32006R2017	Preâmbulo		18	44	712	ue/regulamentos/2006/32006R2017.md
32006R2017	Artigo 1.º		48	50	31	ue/regulamentos/2006/32006R2017.md
32006R2017	Artigo 2.º		52	68	132	ue/regulamentos/2006/32006R2017.md
32006R2017	ANEXO		70	85	213	ue/regulamentos/2006/32006R2017.md
32006R2023	Artigo 1.º	Objecto	29	31	107	ue/regulamentos/2006/32006R2023.md
32006R2023	Artigo 2.º	Âmbito de aplicação	33	37	96	ue/regulamentos/2006/32006R2023.md
32006R2023	Artigo 3.º	Definições	39	51	362	ue/regulamentos/2006/32006R2023.md
32006R2023	Artigo 4.º	Conformidade com as boas práticas de fabrico	53	59	84	ue/regulamentos/2006/32006R2023.md
32006R2023	Artigo 5.º	Sistema de garantia da qualidade	61	71	206	ue/regulamentos/2006/32006R2023.md
32006R2023	Artigo 6.º	Sistema de controlo da qualidade	73	77	108	ue/regulamentos/2006/32006R2023.md
32006R2023	Artigo 7.º	Documentação	79	85	179	ue/regulamentos/2006/32006R2023.md
32006R2023	Artigo 8.º	Entrada em vigor	87	93	80	ue/regulamentos/2006/32006R2023.md
32006R2023	ANEXO		95	171	1816	ue/regulamentos/2006/32006R2023.md
32006R2024	Artigo 1.º		56	58	109	ue/regulamentos/2006/32006R2024.md
32006R2024	Artigo 2.º		60	62	109	ue/regulamentos/2006/32006R2024.md
32006R2024	Artigo 3.º		64	70	153	ue/regulamentos/2006/32006R2024.md
32006R2024	Artigo 5.º		72	74	120	ue/regulamentos/2006/32006R2024.md
32006R2024	Artigo 6.º		76	78	110	ue/regulamentos/2006/32006R2024.md
32006R2024	Artigo 7.º		80	82	110	ue/regulamentos/2006/32006R2024.md
32006R2024	Artigo 8.º		84	86	110	ue/regulamentos/2006/32006R2024.md
32006R2024	Artigo 9.º		88	90	110	ue/regulamentos/2006/32006R2024.md
32006R2024	Artigo 10.º		92	94	110	ue/regulamentos/2006/32006R2024.md
32006R2024	Artigo 11.º		96	102	124	ue/regulamentos/2006/32006R2024.md
32006R2024	Artigo 12.º		104	130	338	ue/regulamentos/2006/32006R2024.md
32006R2027	Preâmbulo		18	66	760	ue/regulamentos/2006/32006R2027.md
32006R2027	Artigo 1.º		70	74	50	ue/regulamentos/2006/32006R2027.md
32006R2027	Artigo 2.º		76	89	202	ue/regulamentos/2006/32006R2027.md
32006R2027	Artigo 3.º		91	93	127	ue/regulamentos/2006/32006R2027.md
32006R2027	Artigo 4.º		95	97	37	ue/regulamentos/2006/32006R2027.md
32006R2027	Artigo 5.º		99	117	149	ue/regulamentos/2006/32006R2027.md
32006R2027	Artigo 1.º	Objecto	119	129	232	ue/regulamentos/2006/32006R2027.md
32006R2027	Artigo 2.º	Definições	131	153	326	ue/regulamentos/2006/32006R2027.md
32006R2027	Artigo 3.º	Princípios e objectivos que orientam a execução do presente Acordo	155	165	401	ue/regulamentos/2006/32006R2027.md
32006R2027	Artigo 4.º	Cooperação no domínio científico	167	173	236	ue/regulamentos/2006/32006R2027.md
32006R2027	Artigo 5.º	Acesso dos navios comunitários às pescarias nas águas de Cabo Verde	175	183	272	ue/regulamentos/2006/32006R2027.md
32006R2027	Artigo 6.º	Licenças	185	189	92	ue/regulamentos/2006/32006R2027.md
32006R2027	Artigo 7.º	Contrapartida financeira	191	213	513	ue/regulamentos/2006/32006R2027.md
32006R2027	Artigo 8.º	Promoção da cooperação ao nível dos operadores económicos e da sociedade civil	215	225	274	ue/regulamentos/2006/32006R2027.md
32006R2027	Artigo 9.º	Comissão Mista	227	241	253	ue/regulamentos/2006/32006R2027.md
32006R2027	Artigo 10.º	Zona geográfica de aplicação	243	245	61	ue/regulamentos/2006/32006R2027.md
32006R2027	Artigo 11.º	Duração	247	249	56	ue/regulamentos/2006/32006R2027.md
32006R2027	Artigo 12.º	Denúncia	251	259	228	ue/regulamentos/2006/32006R2027.md
32006R2027	Artigo 13.º	Suspensão	261	265	146	ue/regulamentos/2006/32006R2027.md
32006R2027	Artigo 14.º	Protocolo e Anexo	267	269	28	ue/regulamentos/2006/32006R2027.md
32006R2027	Artigo 15.º	Disposições aplicáveis da legislação nacional	271	273	76	ue/regulamentos/2006/32006R2027.md
32006R2027	Artigo 16.º	Revogação	275	277	54	ue/regulamentos/2006/32006R2027.md
32006R2027	Artigo 17.º	Entrada em vigor	279	281	112	ue/regulamentos/2006/32006R2027.md
32006R2027	Artigo 1.º	Período de aplicação e possibilidades de pesca	283	297	208	ue/regulamentos/2006/32006R2027.md
32006R2027	Artigo 2.º	Contrapartida financeira — Modalidades de pagamento	299	313	492	ue/regulamentos/2006/32006R2027.md
32006R2027	Artigo 3.º	Cooperação para uma pesca responsável — Reunião científica	315	321	270	ue/regulamentos/2006/32006R2027.md
32006R2027	Artigo 4.º	Revisão de comum acordo das possibilidades de pesca	323	329	373	ue/regulamentos/2006/32006R2027.md
32006R2027	Artigo 5.º	Novas possibilidades de pesca	331	339	332	ue/regulamentos/2006/32006R2027.md
32006R2027	Artigo 6.º	Suspensão e revisão do pagamento da contrapartida financeira por motivo de força maior	341	347	280	ue/regulamentos/2006/32006R2027.md
32006R2027	Artigo 7.º	Promoção de uma pesca responsável nas águas de Cabo Verde	349	367	650	ue/regulamentos/2006/32006R2027.md
32006R2027	Artigo 8.º	Litígios — suspensão da aplicação do Protocolo	369	377	293	ue/regulamentos/2006/32006R2027.md
32006R2027	Artigo 9.º	Suspensão da aplicação do Protocolo por não-pagamento	379	387	221	ue/regulamentos/2006/32006R2027.md
32006R2027	Artigo 10.º	Disposições aplicáveis da legislação nacional	389	391	76	ue/regulamentos/2006/32006R2027.md
32006R2027	Artigo 11.º	Cláusula de revisão	393	395	43	ue/regulamentos/2006/32006R2027.md
32006R2027	Artigo 12.º	Revogação	397	399	53	ue/regulamentos/2006/32006R2027.md
32006R2027	Artigo 13.º	Entrada em vigor	401	405	74	ue/regulamentos/2006/32006R2027.md
32006R2027	ANEXO		407	725	7034	ue/regulamentos/2006/32006R2027.md
32006R2027	Apêndice 1		727	795	292	ue/regulamentos/2006/32006R2027.md
32006R2027	Apêndice 2		797	951	468	ue/regulamentos/2006/32006R2027.md
32006R2027	Apêndice 3		953	1053	1951	ue/regulamentos/2006/32006R2027.md
32006R2028	Preâmbulo		18	42	644	ue/regulamentos/2006/32006R2028.md
32006R2028	Artigo 1.º		46	48	31	ue/regulamentos/2006/32006R2028.md
32006R2028	Artigo 2.º		50	72	173	ue/regulamentos/2006/32006R2028.md
32006R2028	ANEXO		74	83	335	ue/regulamentos/2006/32006R2028.md
32006R2038	Preâmbulo		18	64	1281	ue/regulamentos/2006/32006R2038.md
32006R2038	Artigo 1.º	Objectivo	68	70	92	ue/regulamentos/2006/32006R2038.md
32006R2038	Artigo 2.º	Definições	72	82	312	ue/regulamentos/2006/32006R2038.md
32006R2038	Artigo 3.º	Âmbito de aplicação	84	92	226	ue/regulamentos/2006/32006R2038.md
32006R2038	Artigo 4.º	Financiamento comunitário	94	98	114	ue/regulamentos/2006/32006R2038.md
32006R2038	Artigo 5.º	Controlo das capacidades existentes	100	102	106	ue/regulamentos/2006/32006R2038.md
32006R2038	Artigo 6.º	Protecção dos interesses financeiros da Comunidade	104	110	367	ue/regulamentos/2006/32006R2038.md
32006R2038	Artigo 7.º	Alteração do Regulamento (CE) n.º 1406/2002	112	126	386	ue/regulamentos/2006/32006R2038.md
32006R2038	Artigo 8.º	Avaliação intercalar	128	132	210	ue/regulamentos/2006/32006R2038.md
32006R2038	Artigo 9.º	Entrada em vigor	134	166	372	ue/regulamentos/2006/32006R2038.md
