celex	unidade	epigrafe	linha_ini	linha_fim	tokens	ficheiro
32010R0006	Preâmbulo		18	98	2194	ue/regulamentos/2010/32010R0006.md
32010R0006	Artigo 1.º		102	104	180	ue/regulamentos/2010/32010R0006.md
32010R0006	Artigo 2.º		106	108	46	ue/regulamentos/2010/32010R0006.md
32010R0006	Artigo 3.º		110	112	86	ue/regulamentos/2010/32010R0006.md
32010R0006	Artigo 4.º		114	131	475	ue/regulamentos/2010/32010R0006.md
32010R0006	Artigo 5.º		133	169	347	ue/regulamentos/2010/32010R0006.md
32010R0008	Preâmbulo		18	40	559	ue/regulamentos/2010/32010R0008.md
32010R0008	Artigo 1.º		44	46	69	ue/regulamentos/2010/32010R0008.md
32010R0008	Artigo 2.º		48	64	108	ue/regulamentos/2010/32010R0008.md
32010R0008	ANEXO		66	77	524	ue/regulamentos/2010/32010R0008.md
32010R0009	Artigo 1.º		37	39	68	ue/regulamentos/2010/32010R0009.md
32010R0009	Artigo 2.º		41	47	65	ue/regulamentos/2010/32010R0009.md
32010R0009	ANEXO		49	59	754	ue/regulamentos/2010/32010R0009.md
32010R0018	Preâmbulo		18	44	510	ue/regulamentos/2010/32010R0018.md
32010R0018	Artigo 1.º	Alterações do Regulamento (CE) n.º 300/2008	48	54	64	ue/regulamentos/2010/32010R0018.md
32010R0018	Artigo 2.º	Entrada em vigor	56	72	155	ue/regulamentos/2010/32010R0018.md
32010R0018	ANEXO	«ANEXO II	74	422	6222	ue/regulamentos/2010/32010R0018.md
32010R0020	Artigo 1.º		34	36	22	ue/regulamentos/2010/32010R0020.md
32010R0020	Artigo 2.º		38	42	64	ue/regulamentos/2010/32010R0020.md
32010R0020	ANEXO		44	52	40	ue/regulamentos/2010/32010R0020.md
32010R0021	Preâmbulo		18	32	227	ue/regulamentos/2010/32010R0021.md
32010R0021	Artigo 1.º		36	38	22	ue/regulamentos/2010/32010R0021.md
32010R0021	Artigo 2.º		40	56	106	ue/regulamentos/2010/32010R0021.md
32010R0021	ANEXO		58	66	58	ue/regulamentos/2010/32010R0021.md
32010R0024	Preâmbulo		18	46	994	ue/regulamentos/2010/32010R0024.md
32010R0024	Artigo 1.º		50	52	22	ue/regulamentos/2010/32010R0024.md
32010R0024	Artigo 2.º		54	72	116	ue/regulamentos/2010/32010R0024.md
32010R0024	ANEXO		74	82	42	ue/regulamentos/2010/32010R0024.md
32010R0026	Preâmbulo		18	32	212	ue/regulamentos/2010/32010R0026.md
32010R0026	Artigo 1.º		36	38	31	ue/regulamentos/2010/32010R0026.md
32010R0026	Artigo 2.º		40	56	106	ue/regulamentos/2010/32010R0026.md
32010R0026	ANEXO		58	64	196	ue/regulamentos/2010/32010R0026.md
32010R0029	Preâmbulo		18	34	246	ue/regulamentos/2010/32010R0029.md
32010R0029	Artigo 1.º		38	40	22	ue/regulamentos/2010/32010R0029.md
32010R0029	Artigo 2.º		42	58	106	ue/regulamentos/2010/32010R0029.md
32010R0029	ANEXO		60	68	47	ue/regulamentos/2010/32010R0029.md
32010R0030	Preâmbulo		18	32	208	ue/regulamentos/2010/32010R0030.md
32010R0030	Artigo 1.º		36	38	22	ue/regulamentos/2010/32010R0030.md
32010R0030	Artigo 2.º		40	56	106	ue/regulamentos/2010/32010R0030.md
32010R0030	ANEXO		58	66	56	ue/regulamentos/2010/32010R0030.md
32010R0031	Preâmbulo		18	34	325	ue/regulamentos/2010/32010R0031.md
32010R0031	Artigo 1.º		38	42	44	ue/regulamentos/2010/32010R0031.md
32010R0031	Artigo 2.º		44	60	106	ue/regulamentos/2010/32010R0031.md
32010R0031	ANEXO		62	72	60	ue/regulamentos/2010/32010R0031.md
32010R0032	Preâmbulo		18	46	994	ue/regulamentos/2010/32010R0032.md
32010R0032	Artigo 1.º		50	52	22	ue/regulamentos/2010/32010R0032.md
32010R0032	Artigo 2.º		54	72	116	ue/regulamentos/2010/32010R0032.md
32010R0032	ANEXO		74	82	43	ue/regulamentos/2010/32010R0032.md
32010R0033	Preâmbulo		18	42	624	ue/regulamentos/2010/32010R0033.md
32010R0033	Artigo 1.º		46	50	113	ue/regulamentos/2010/32010R0033.md
32010R0033	Artigo 2.º		52	70	109	ue/regulamentos/2010/32010R0033.md
32010R0036	Artigo 1.º	Modelo comunitário de carta de maquinista	77	81	116	ue/regulamentos/2010/32010R0036.md
32010R0036	Artigo 2.º	Modelo comunitário de certificado complementar	83	89	118	ue/regulamentos/2010/32010R0036.md
32010R0036	Artigo 3.º	Modelo comunitário de cópia autenticada do certificado complementar	91	93	74	ue/regulamentos/2010/32010R0036.md
32010R0036	Artigo 4.º	Formulário de pedido de carta de maquinista	95	103	231	ue/regulamentos/2010/32010R0036.md
32010R0036	Artigo 5.º	Entrada em vigor	105	109	94	ue/regulamentos/2010/32010R0036.md
32010R0036	ANEXO I	MODELO COMUNITÁRIO DE CARTA DE MAQUINISTA	111	426	2731	ue/regulamentos/2010/32010R0036.md
32010R0036	ANEXO II	MODELO COMUNITÁRIO DE CERTIFICADO COMPLEMENTAR	428	619	3011	ue/regulamentos/2010/32010R0036.md
32010R0036	ANEXO III	MODELO COMUNITÁRIO DE CÓPIA AUTENTICADA DO CERTIFICADO COMPLEMENTAR	621	645	672	ue/regulamentos/2010/32010R0036.md
32010R0036	ANEXO IV	FORMULÁRIO HARMONIZADO DE PEDIDO DE CARTA DE MAQUINISTA	647	937	5222	ue/regulamentos/2010/32010R0036.md
32010R0037	Artigo 1.º		99	101	38	ue/regulamentos/2010/32010R0037.md
32010R0037	Artigo 2.º		103	107	64	ue/regulamentos/2010/32010R0037.md
32010R0037	ANEXO	Substâncias farmacologicamente activas e respectiva classificação no que respeita aos limites máximos de resíduos (LMR)	109	1151	47982	ue/regulamentos/2010/32010R0037.md
32010R0042	Preâmbulo		18	38	493	ue/regulamentos/2010/32010R0042.md
32010R0042	Artigo 1.º		42	44	48	ue/regulamentos/2010/32010R0042.md
32010R0042	Artigo 2.º		46	48	78	ue/regulamentos/2010/32010R0042.md
32010R0042	Artigo 3.º		50	68	111	ue/regulamentos/2010/32010R0042.md
32010R0042	ANEXO		70	75	385	ue/regulamentos/2010/32010R0042.md
32010R0053	Artigo 1.º	Objecto	105	115	127	ue/regulamentos/2010/32010R0053.md
32010R0053	Artigo 2.º	Âmbito de aplicação	117	127	295	ue/regulamentos/2010/32010R0053.md
32010R0053	Artigo 3.º	Definições	129	147	323	ue/regulamentos/2010/32010R0053.md
32010R0053	Artigo 4.º	Zonas de pesca	149	179	694	ue/regulamentos/2010/32010R0053.md
32010R0053	Artigo 5.º	Limites de captura e sua repartição	189	203	572	ue/regulamentos/2010/32010R0053.md
32010R0053	Artigo 6.º	Espécies proibidas	205	217	150	ue/regulamentos/2010/32010R0053.md
32010R0053	Artigo 7.º	Disposições especiais em matéria de repartição das possibilidades de pesca	219	233	273	ue/regulamentos/2010/32010R0053.md
32010R0053	Artigo 8.º	Limitações do esforço de pesca	235	245	185	ue/regulamentos/2010/32010R0053.md
32010R0053	Artigo 9.º	Limites de captura e de esforço na pesca de profundidade	247	253	426	ue/regulamentos/2010/32010R0053.md
32010R0053	Artigo 10.º	Condições de desembarque das capturas e das capturas acessórias	255	281	401	ue/regulamentos/2010/32010R0053.md
32010R0053	Artigo 11.º	Restrições à utilização de determinadas possibilidades de pesca	283	302	227	ue/regulamentos/2010/32010R0053.md
32010R0053	Artigo 12.º	Desembarques não separados nas zonas CIEM IIIa, IV, VIId e nas águas da UE da divisão CIEM IIa	304	310	242	ue/regulamentos/2010/32010R0053.md
32010R0053	Artigo 13.º	Transmissão de dados	312	314	78	ue/regulamentos/2010/32010R0053.md
32010R0053	Artigo 14.º	Autorizações de pesca	320	324	153	ue/regulamentos/2010/32010R0053.md
32010R0053	Artigo 15.º	Limitação das capacidades de pesca e de cultura e de engorda do atum rabilho	336	350	344	ue/regulamentos/2010/32010R0053.md
32010R0053	Artigo 16.º	Condições suplementares aplicáveis à quota de atum rabilho atribuída no Anexo I D	352	354	90	ue/regulamentos/2010/32010R0053.md
32010R0053	Artigo 17.º	Pesca recreativa e desportiva	356	358	53	ue/regulamentos/2010/32010R0053.md
32010R0053	Artigo 18.º	Tubarões	360	364	75	ue/regulamentos/2010/32010R0053.md
32010R0053	Artigo 19.º	Proibições e limites de captura	370	374	91	ue/regulamentos/2010/32010R0053.md
32010R0053	Artigo 20.º	Pesca exploratória	376	382	318	ue/regulamentos/2010/32010R0053.md
32010R0053	Artigo 21.º	Pesca do krill do Antárctico na campanha de pesca de 2010/2011	384	402	491	ue/regulamentos/2010/32010R0053.md
32010R0053	Artigo 22.º	Encerramento de todas as pescarias	404	430	579	ue/regulamentos/2010/32010R0053.md
32010R0053	Artigo 23.º	Limitação da capacidade de pesca dos navios de pesca na zona da IOTC	436	446	362	ue/regulamentos/2010/32010R0053.md
32010R0053	Artigo 24.º	Pesca pelágica – limitação da capacidade	452	454	120	ue/regulamentos/2010/32010R0053.md
32010R0053	Artigo 25.º	Pesca pelágica – limites de captura	456	462	222	ue/regulamentos/2010/32010R0053.md
32010R0053	Artigo 26.º	Pesca de fundo	464	466	128	ue/regulamentos/2010/32010R0053.md
32010R0053	Artigo 27.º	Pesca com redes de arrasto com retenida	472	498	328	ue/regulamentos/2010/32010R0053.md
32010R0053	Artigo 28.º	Medidas de protecção dos tubarões de profundidade	504	506	130	ue/regulamentos/2010/32010R0053.md
32010R0053	Artigo 29.º	Limitações do esforço de pesca do atum patudo, do atum albacora, do gaiado e do atum voador	512	514	121	ue/regulamentos/2010/32010R0053.md
32010R0053	Artigo 30.º	Zona de proibição da pesca com dispositivos de concentração dos peixes	516	534	341	ue/regulamentos/2010/32010R0053.md
32010R0053	Artigo 30.º.ºA	Zonas de proibição de pesca por cercadores com redes de cerco com retenida	536	544	140	ue/regulamentos/2010/32010R0053.md
32010R0053	Artigo 31.º	Limitação do número de navios autorizadas a pescar espadarte	546	548	59	ue/regulamentos/2010/32010R0053.md
32010R0053	Artigo 32.º		554	558	44	ue/regulamentos/2010/32010R0053.md
32010R0053	Artigo 33.º	Limites de captura	564	566	93	ue/regulamentos/2010/32010R0053.md
32010R0053	Artigo 34.º	Autorizações de pesca	568	572	107	ue/regulamentos/2010/32010R0053.md
32010R0053	Artigo 35.º	Espécies proibidas	574	584	134	ue/regulamentos/2010/32010R0053.md
32010R0053	Artigo 36.º	Alteração do Regulamento (CE) n.º 1359/2008	590	601	208	ue/regulamentos/2010/32010R0053.md
32010R0053	Artigo 37.º	Alteração do Regulamento (CE) n.º 754/2009	603	611	367	ue/regulamentos/2010/32010R0053.md
32010R0053	Artigo 38.º	Alteração ao Regulamento (CE) n.º 1226/2009	613	625	342	ue/regulamentos/2010/32010R0053.md
32010R0053	Artigo 39.º	Alteração ao Regulamento (CE) N.º 1287/2009	627	639	328	ue/regulamentos/2010/32010R0053.md
32010R0053	Artigo 40.º	Entrada em vigor e aplicação	641	649	170	ue/regulamentos/2010/32010R0053.md
32010R0053	ANEXO I	LIMITES DE CAPTURA APLICÁVEIS AOS NAVIOS DA UE NAS ZONAS EM QUE EXISTEM LIMITES DE CAPTURA E AOS NAVIOS DE PAÍSES TERCEIROS NAS ÁGUAS DA UE, POR ESPÉCIE E POR Z	651	826	2054	ue/regulamentos/2010/32010R0053.md
32010R0053	ANEXO IA	Skagerrak, Kattegat, subzonas CIEM I, II, III, IV, V, VI, VII, VIII, IX, X, XII, XIV, águas da UE da CECAF, águas da Guiana francesa	828	2478	22215	ue/regulamentos/2010/32010R0053.md
32010R0053	ANEXO IB	ATLÂNTICO NORDESTE E GRONELÂNDIA	2480	2804	4930	ue/regulamentos/2010/32010R0053.md
32010R0053	ANEXO IC	ATLÂNTICO NOROESTE	2806	2969	2809	ue/regulamentos/2010/32010R0053.md
32010R0053	ANEXO ID	PEIXES ALTAMENTE MIGRADORES – Todas as zonas	2971	3044	1200	ue/regulamentos/2010/32010R0053.md
32010R0053	ANEXO IE	ANTÁRTICO	3046	3125	1487	ue/regulamentos/2010/32010R0053.md
32010R0053	ANEXO IF	ATLÂNTICO SUDESTE	3127	3157	486	ue/regulamentos/2010/32010R0053.md
32010R0053	ANEXO IG	ATUM DO SUL – Todas as zonas	3159	3167	91	ue/regulamentos/2010/32010R0053.md
32010R0053	ANEXO I H	Zona WCPFC	3169	3176	61	ue/regulamentos/2010/32010R0053.md
32010R0053	ANEXO IJ	Zona da Convenção da SPRFMO	3178	3186	87	ue/regulamentos/2010/32010R0053.md
32010R0053	Apêndice do anexo I		3188	3214	1134	ue/regulamentos/2010/32010R0053.md
32010R0053	ANEXO IIA	ESFORÇO DE PESCA DOS NAVIOS NO CONTEXTO DA GESTÃO DE DETERMINADAS POPULAÇÕES NAS ZONAS CIEM IIIa, IV, VIa, VIIa, VIId E NAS ÁGUAS DA UE DAS DIVISÕES CIEM IIa, V	3216	3252	1295	ue/regulamentos/2010/32010R0053.md
32010R0053	Apêndice 1 do anexo IIA	Esforço de pesca máximo autorizado, expresso em quilowatts-dias	3254	3298	829	ue/regulamentos/2010/32010R0053.md
32010R0053	Apêndice 2 do anexo IIA		3300	3322	270	ue/regulamentos/2010/32010R0053.md
32010R0053	ANEXO IIB	ESFORÇO DE PESCA DOS NAVIOS NO ÂMBITO DA RECUPERAÇÃO DE DETERMINADAS POPULAÇÕES DE PESCADA DO SUL E DE LAGOSTIM NAS DIVISÕES CIEM VIIIc, IXa, COM EXCLUSÃO DO GO	3324	3515	5208	ue/regulamentos/2010/32010R0053.md
32010R0053	ANEXO IIC	ESFORÇO DE PESCA DOS NAVIOS NO ÂMBITO DA GESTÃO DAS POPULAÇÕES DE LINGUADO DO CANAL DA MANCHA OCIDENTAL, DIVISÃO CIEM VIIe	3517	3703	4706	ue/regulamentos/2010/32010R0053.md
32010R0053	ANEXO IID	POSSIBILIDADES DE PESCA PARA OS NAVIOS QUE PESCAM GALEOTA NAS ZONAS CIEM IIA, IIIA, IV	3705	3743	868	ue/regulamentos/2010/32010R0053.md
32010R0053	ANEXO III		3745	3766	860	ue/regulamentos/2010/32010R0053.md
32010R0053	ANEXO IV	ZONA DA CONVENÇÃO CICAA	3768	3858	833	ue/regulamentos/2010/32010R0053.md
32010R0053	ANEXO V	ZONA DA CONVENÇÃO CCAMLR	3860	3970	1686	ue/regulamentos/2010/32010R0053.md
32010R0053	ANEXO VI	ZONA DA IOTC	3972	3996	215	ue/regulamentos/2010/32010R0053.md
32010R0053	ANEXO VII	ZONA DA CONVENÇÃO WCPFC	3998	4004	48	ue/regulamentos/2010/32010R0053.md
32010R0053	ANEXO VIII	Limitações quantitativas das autorizações de pesca aplicáveis aos navios de países terceiros que pescam nas águas da UE	4006	4120	1318	ue/regulamentos/2010/32010R0053.md
32010R0066	Artigo 1.º	Objecto	37	39	36	ue/regulamentos/2010/32010R0066.md
32010R0066	Artigo 2.º	Âmbito de aplicação	41	45	193	ue/regulamentos/2010/32010R0066.md
32010R0066	Artigo 3.º	Definições	47	59	222	ue/regulamentos/2010/32010R0066.md
32010R0066	Artigo 4.º	Organismos competentes	61	69	291	ue/regulamentos/2010/32010R0066.md
32010R0066	Artigo 5.º	Comité do Rótulo Ecológico da União Europeia	71	75	268	ue/regulamentos/2010/32010R0066.md
32010R0066	Artigo 6.º	Requisitos gerais em matéria de critérios de atribuição do rótulo ecológico da UE	77	107	1412	ue/regulamentos/2010/32010R0066.md
32010R0066	Artigo 7.º	Elaboração e revisão dos critérios de atribuição do rótulo ecológico da UE	109	135	706	ue/regulamentos/2010/32010R0066.md
32010R0066	Artigo 8.º	Estabelecimento dos critérios de atribuição do rótulo ecológico da UE	137	157	454	ue/regulamentos/2010/32010R0066.md
32010R0066	Artigo 9.º	Atribuição do rótulo ecológico da UE e termos e condições de utilização	159	199	1194	ue/regulamentos/2010/32010R0066.md
32010R0066	Artigo 10.º	Fiscalização do mercado e controlo da utilização do rótulo ecológico da UE	201	221	724	ue/regulamentos/2010/32010R0066.md
32010R0066	Artigo 11.º	Sistemas de rotulagem ecológica nos Estados-Membros	223	227	216	ue/regulamentos/2010/32010R0066.md
32010R0066	Artigo 12.º	Promoção do rótulo ecológico da UE	229	241	321	ue/regulamentos/2010/32010R0066.md
32010R0066	Artigo 13.º	Intercâmbio de informações e de experiências	243	247	141	ue/regulamentos/2010/32010R0066.md
32010R0066	Artigo 14.º	Relatórios	249	251	66	ue/regulamentos/2010/32010R0066.md
32010R0066	Artigo 15.º	Alteração dos anexos	253	257	103	ue/regulamentos/2010/32010R0066.md
32010R0066	Artigo 16.º	Procedimento de comité	259	263	67	ue/regulamentos/2010/32010R0066.md
32010R0066	Artigo 17.º	Sanções	265	267	110	ue/regulamentos/2010/32010R0066.md
32010R0066	Artigo 18.º	Revogação	269	271	18	ue/regulamentos/2010/32010R0066.md
32010R0066	Artigo 19.º	Disposições transitórias	273	277	88	ue/regulamentos/2010/32010R0066.md
32010R0066	Artigo 20.º	Entrada em vigor	279	283	69	ue/regulamentos/2010/32010R0066.md
32010R0066	ANEXO I	PROCEDIMENTO APLICÁVEL À ELABORAÇÃO E À REVISÃO DOS CRITÉRIOS DE ATRIBUIÇÃO DO RÓTULO ECOLÓGICO DA UE	285	445	3324	ue/regulamentos/2010/32010R0066.md
32010R0066	ANEXO II		447	469	209	ue/regulamentos/2010/32010R0066.md
32010R0066	ANEXO III		471	507	712	ue/regulamentos/2010/32010R0066.md
32010R0066	ANEXO IV	CONTRATO-TIPO RELATIVO ÀS CONDIÇÕES DE UTILIZAÇÃO DO RÓTULO ECOLÓGICO DA UE	509	597	2209	ue/regulamentos/2010/32010R0066.md
32010R0066	ANEXO V	REQUISITOS APLICÁVEIS AOS ORGANISMOS COMPETENTES	599	655	1348	ue/regulamentos/2010/32010R0066.md
32010R0070	Artigo 1.º		52	54	31	ue/regulamentos/2010/32010R0070.md
32010R0070	Artigo 2.º		56	60	59	ue/regulamentos/2010/32010R0070.md
32010R0070	ANEXO		62	78	674	ue/regulamentos/2010/32010R0070.md
32010R0072	Artigo 1.º	Objecto	64	66	122	ue/regulamentos/2010/32010R0072.md
32010R0072	Artigo 2.º	Definições	68	100	482	ue/regulamentos/2010/32010R0072.md
32010R0072	Artigo 3.º	Cooperação dos Estados-Membros	104	108	117	ue/regulamentos/2010/32010R0072.md
32010R0072	Artigo 4.º	Exercício dos poderes da Comissão	110	116	209	ue/regulamentos/2010/32010R0072.md
32010R0072	Artigo 5.º	Critérios aplicáveis aos inspectores da Comissão em matéria de habilitações	118	130	152	ue/regulamentos/2010/32010R0072.md
32010R0072	Artigo 6.º	Participação dos auditores nacionais nas inspecções da Comissão	132	144	288	ue/regulamentos/2010/32010R0072.md
32010R0072	Artigo 7.º	Notificação das inspecções	148	154	260	ue/regulamentos/2010/32010R0072.md
32010R0072	Artigo 8.º	Preparação das inspecções	156	162	174	ue/regulamentos/2010/32010R0072.md
32010R0072	Artigo 9.º	Realização das inspecções	164	190	586	ue/regulamentos/2010/32010R0072.md
32010R0072	Artigo 10.º	Relatório de inspecção	192	212	188	ue/regulamentos/2010/32010R0072.md
32010R0072	Artigo 11.º	Resposta da autoridade competente	214	224	168	ue/regulamentos/2010/32010R0072.md
32010R0072	Artigo 12.º	Correcção das deficiências	226	232	146	ue/regulamentos/2010/32010R0072.md
32010R0072	Artigo 13.º	Inspecções de acompanhamento	234	240	134	ue/regulamentos/2010/32010R0072.md
32010R0072	Artigo 14.º	Informações ao comité	244	246	45	ue/regulamentos/2010/32010R0072.md
32010R0072	Artigo 15.º	Notificação de deficiências graves às autoridades competentes	248	252	204	ue/regulamentos/2010/32010R0072.md
32010R0072	Artigo 16.º	Entrada em vigor	254	262	137	ue/regulamentos/2010/32010R0072.md
32010R0078	Preâmbulo		18	38	493	ue/regulamentos/2010/32010R0078.md
32010R0078	Artigo 1.º		42	51	77	ue/regulamentos/2010/32010R0078.md
32010R0078	«Artigo 10.º	Conclusões da Autoridade	53	65	397	ue/regulamentos/2010/32010R0078.md
32010R0078	Artigo 2.º	Disposições transitórias	67	69	94	ue/regulamentos/2010/32010R0078.md
32010R0078	Artigo 3.º	Entrada em vigor	71	91	127	ue/regulamentos/2010/32010R0078.md
32010R0080	Preâmbulo		18	42	886	ue/regulamentos/2010/32010R0080.md
32010R0080	Artigo 1.º		46	55	192	ue/regulamentos/2010/32010R0080.md
32010R0080	«Artigo 31.º	Organismos específicos	57	76	536	ue/regulamentos/2010/32010R0080.md
32010R0080	«Artigo 36.º	Titularidade dos juros	78	129	1083	ue/regulamentos/2010/32010R0080.md
32010R0080	«Artigo 60.º	Acompanhamento em caso de gestão centralizada e conjunta	131	183	1065	ue/regulamentos/2010/32010R0080.md
32010R0080	«Artigo 78.º	Princípios que regem a execução em caso de participação em programas e agências comunitários	185	189	172	ue/regulamentos/2010/32010R0080.md
32010R0080	«Artigo 82.º	Avaliação	191	243	1141	ue/regulamentos/2010/32010R0080.md
32010R0080	«Artigo 96.º	Responsabilidades do principal beneficiário e dos outros beneficiários finais	245	317	2220	ue/regulamentos/2010/32010R0080.md
32010R0080	«Artigo 126.º	Pagamento integral aos beneficiários finais	319	453	2326	ue/regulamentos/2010/32010R0080.md
32010R0080	Artigo 2.º	Entrada em vigor	455	475	127	ue/regulamentos/2010/32010R0080.md
32010R0082	Preâmbulo		18	40	726	ue/regulamentos/2010/32010R0082.md
32010R0082	Artigo 1.º		44	46	27	ue/regulamentos/2010/32010R0082.md
32010R0082	Artigo 2.º		48	66	115	ue/regulamentos/2010/32010R0082.md
32010R0082	ANEXO		68	4463	48014	ue/regulamentos/2010/32010R0082.md
32010R0086	Preâmbulo		18	38	557	ue/regulamentos/2010/32010R0086.md
32010R0086	Artigo 1.º	Alteração do Regulamento (CE) n.º 1005/2008	42	44	43	ue/regulamentos/2010/32010R0086.md
32010R0086	Artigo 2.º	Alteração do Regulamento (CE) n.º 1010/2009	46	54	133	ue/regulamentos/2010/32010R0086.md
32010R0086	Artigo 3.º	Entrada em vigor	56	74	128	ue/regulamentos/2010/32010R0086.md
32010R0086	ANEXO I		76	157	3003	ue/regulamentos/2010/32010R0086.md
32010R0086	ANEXO II		159	181	534	ue/regulamentos/2010/32010R0086.md
32010R0086	Apêndice		183	339	1152	ue/regulamentos/2010/32010R0086.md
32010R0086	Apêndice		341	517	1117	ue/regulamentos/2010/32010R0086.md
32010R0086	Apêndice I		519	671	599	ue/regulamentos/2010/32010R0086.md
32010R0086	Apêndice II		673	681	69	ue/regulamentos/2010/32010R0086.md
32010R0097	Preâmbulo		18	48	685	ue/regulamentos/2010/32010R0097.md
32010R0097	Artigo 1.º		52	54	22	ue/regulamentos/2010/32010R0097.md
32010R0097	Artigo 2.º		56	58	25	ue/regulamentos/2010/32010R0097.md
32010R0097	Artigo 3.º		60	76	106	ue/regulamentos/2010/32010R0097.md
32010R0097	ANEXO I		78	86	57	ue/regulamentos/2010/32010R0097.md
32010R0097	ANEXO II		88	394	5846	ue/regulamentos/2010/32010R0097.md
32010R0109	Preâmbulo		18	38	480	ue/regulamentos/2010/32010R0109.md
32010R0109	Artigo 1.º		42	44	48	ue/regulamentos/2010/32010R0109.md
32010R0109	Artigo 2.º		46	48	78	ue/regulamentos/2010/32010R0109.md
32010R0109	Artigo 3.º		50	66	111	ue/regulamentos/2010/32010R0109.md
32010R0109	ANEXO		68	73	440	ue/regulamentos/2010/32010R0109.md
32010R0110	Artigo 1.º		50	52	31	ue/regulamentos/2010/32010R0110.md
32010R0110	Artigo 2.º		54	58	62	ue/regulamentos/2010/32010R0110.md
32010R0110	ANEXO		60	180	9524	ue/regulamentos/2010/32010R0110.md
32010R0114	Preâmbulo		18	38	477	ue/regulamentos/2010/32010R0114.md
32010R0114	Artigo 1.º		42	44	38	ue/regulamentos/2010/32010R0114.md
32010R0114	Artigo 2.º		46	62	107	ue/regulamentos/2010/32010R0114.md
32010R0115	Preâmbulo		22	46	532	ue/regulamentos/2010/32010R0115.md
32010R0115	Artigo 1.º		50	56	106	ue/regulamentos/2010/32010R0115.md
32010R0115	Artigo 2.º		58	60	90	ue/regulamentos/2010/32010R0115.md
32010R0115	Artigo 3.º		62	66	107	ue/regulamentos/2010/32010R0115.md
32010R0115	Artigo 4.º		68	70	58	ue/regulamentos/2010/32010R0115.md
32010R0115	Artigo 5.º		72	92	159	ue/regulamentos/2010/32010R0115.md
32010R0115	ANEXO		94	122	775	ue/regulamentos/2010/32010R0115.md
32010R0116	Preâmbulo		22	48	866	ue/regulamentos/2010/32010R0116.md
32010R0116	Artigo 1.º		52	54	30	ue/regulamentos/2010/32010R0116.md
32010R0116	Artigo 2.º		56	74	119	ue/regulamentos/2010/32010R0116.md
32010R0116	ANEXO		76	98	528	ue/regulamentos/2010/32010R0116.md
32010R0117	Preâmbulo		18	38	591	ue/regulamentos/2010/32010R0117.md
32010R0117	Artigo 1.º		42	49	228	ue/regulamentos/2010/32010R0117.md
32010R0117	Artigo 2.º		51	73	136	ue/regulamentos/2010/32010R0117.md
32010R0118	Preâmbulo		18	38	500	ue/regulamentos/2010/32010R0118.md
32010R0118	Artigo 1.º		42	44	32	ue/regulamentos/2010/32010R0118.md
32010R0118	Artigo 2.º		46	64	115	ue/regulamentos/2010/32010R0118.md
32010R0118	ANEXO	«ANEXO I	66	262	3148	ue/regulamentos/2010/32010R0118.md
32010R0119	Preâmbulo		18	40	496	ue/regulamentos/2010/32010R0119.md
32010R0119	Artigo 1.º		44	46	27	ue/regulamentos/2010/32010R0119.md
32010R0119	«Artigo 3.º-A		48	50	33	ue/regulamentos/2010/32010R0119.md
32010R0119	Artigo 2.º		52	70	126	ue/regulamentos/2010/32010R0119.md
32010R0121	Preâmbulo		18	32	226	ue/regulamentos/2010/32010R0121.md
32010R0121	Artigo 1.º		36	38	22	ue/regulamentos/2010/32010R0121.md
32010R0121	Artigo 2.º		40	56	106	ue/regulamentos/2010/32010R0121.md
32010R0121	ANEXO		58	66	41	ue/regulamentos/2010/32010R0121.md
32010R0143	Preâmbulo		18	54	1540	ue/regulamentos/2010/32010R0143.md
32010R0143	Artigo 1.º		58	60	52	ue/regulamentos/2010/32010R0143.md
32010R0143	Artigo 2.º		62	64	82	ue/regulamentos/2010/32010R0143.md
32010R0143	Artigo 3.º		66	68	64	ue/regulamentos/2010/32010R0143.md
32010R0143	Artigo 4.º		70	90	287	ue/regulamentos/2010/32010R0143.md
32010R0147	Preâmbulo		18	32	226	ue/regulamentos/2010/32010R0147.md
32010R0147	Artigo 1.º		36	38	22	ue/regulamentos/2010/32010R0147.md
32010R0147	Artigo 2.º		40	56	106	ue/regulamentos/2010/32010R0147.md
32010R0147	ANEXO		58	66	56	ue/regulamentos/2010/32010R0147.md
32010R0148	Preâmbulo		18	34	344	ue/regulamentos/2010/32010R0148.md
32010R0148	Artigo 1.º		38	40	42	ue/regulamentos/2010/32010R0148.md
32010R0148	Artigo 2.º		42	44	22	ue/regulamentos/2010/32010R0148.md
32010R0148	Artigo 3.º		46	62	106	ue/regulamentos/2010/32010R0148.md
32010R0148	ANEXO I		64	113	1058	ue/regulamentos/2010/32010R0148.md
32010R0148	ANEXO II		115	232	3499	ue/regulamentos/2010/32010R0148.md
32010R0151	Preâmbulo		18	66	1195	ue/regulamentos/2010/32010R0151.md
32010R0151	Artigo 1.º		70	72	80	ue/regulamentos/2010/32010R0151.md
32010R0151	Artigo 2.º		74	76	32	ue/regulamentos/2010/32010R0151.md
32010R0151	Artigo 3.º		78	96	102	ue/regulamentos/2010/32010R0151.md
32010R0152	Preâmbulo		18	38	480	ue/regulamentos/2010/32010R0152.md
32010R0152	Artigo 1.º		42	44	48	ue/regulamentos/2010/32010R0152.md
32010R0152	Artigo 2.º		46	48	78	ue/regulamentos/2010/32010R0152.md
32010R0152	Artigo 3.º		50	66	112	ue/regulamentos/2010/32010R0152.md
32010R0152	ANEXO		68	73	407	ue/regulamentos/2010/32010R0152.md
32010R0153	Preâmbulo		18	38	480	ue/regulamentos/2010/32010R0153.md
32010R0153	Artigo 1.º		42	44	48	ue/regulamentos/2010/32010R0153.md
32010R0153	Artigo 2.º		46	48	78	ue/regulamentos/2010/32010R0153.md
32010R0153	Artigo 3.º		50	66	112	ue/regulamentos/2010/32010R0153.md
32010R0153	ANEXO		68	73	380	ue/regulamentos/2010/32010R0153.md
32010R0157	Preâmbulo		22	412	13635	ue/regulamentos/2010/32010R0157.md
32010R0157	Artigo 1.º		416	432	370	ue/regulamentos/2010/32010R0157.md
32010R0157	Artigo 2.º		434	446	428	ue/regulamentos/2010/32010R0157.md
32010R0157	Artigo 3.º		448	450	31	ue/regulamentos/2010/32010R0157.md
32010R0157	Artigo 4.º		452	454	32	ue/regulamentos/2010/32010R0157.md
32010R0157	Artigo 5.º		456	494	242	ue/regulamentos/2010/32010R0157.md
32010R0163	Preâmbulo		18	40	348	ue/regulamentos/2010/32010R0163.md
32010R0163	Artigo 1.º		44	46	20	ue/regulamentos/2010/32010R0163.md
32010R0163	Artigo 2.º		48	66	118	ue/regulamentos/2010/32010R0163.md
32010R0163	ANEXO		68	7428	176638	ue/regulamentos/2010/32010R0163.md
32010R0168	Preâmbulo		18	38	470	ue/regulamentos/2010/32010R0168.md
32010R0168	Artigo 1.º		42	46	44	ue/regulamentos/2010/32010R0168.md
32010R0168	Artigo 2.º		48	68	122	ue/regulamentos/2010/32010R0168.md
32010R0171	Preâmbulo		18	32	209	ue/regulamentos/2010/32010R0171.md
32010R0171	Artigo 1.º		36	38	22	ue/regulamentos/2010/32010R0171.md
32010R0171	Artigo 2.º		40	56	106	ue/regulamentos/2010/32010R0171.md
32010R0171	ANEXO		58	66	56	ue/regulamentos/2010/32010R0171.md
32010R0172	Preâmbulo		18	34	323	ue/regulamentos/2010/32010R0172.md
32010R0172	Artigo 1.º		38	42	44	ue/regulamentos/2010/32010R0172.md
32010R0172	Artigo 2.º		44	60	105	ue/regulamentos/2010/32010R0172.md
32010R0172	ANEXO		62	72	70	ue/regulamentos/2010/32010R0172.md
32010R0173	Preâmbulo		18	32	182	ue/regulamentos/2010/32010R0173.md
32010R0173	Artigo 1.º		36	38	31	ue/regulamentos/2010/32010R0173.md
32010R0173	Artigo 2.º		40	60	124	ue/regulamentos/2010/32010R0173.md
32010R0173	ANEXO		62	88	938	ue/regulamentos/2010/32010R0173.md
32010R0182	Preâmbulo		18	34	325	ue/regulamentos/2010/32010R0182.md
32010R0182	Artigo 1.º		38	42	44	ue/regulamentos/2010/32010R0182.md
32010R0182	Artigo 2.º		44	60	105	ue/regulamentos/2010/32010R0182.md
32010R0182	ANEXO		62	72	70	ue/regulamentos/2010/32010R0182.md
32010R0200	Artigo 1.º	Objectivo da União	38	48	250	ue/regulamentos/2010/32010R0200.md
32010R0200	Artigo 2.º	Revisão do objectivo da União	50	52	81	ue/regulamentos/2010/32010R0200.md
32010R0200	Artigo 3.º	Revogação do Regulamento (CE) n.º 1003/2005	54	58	52	ue/regulamentos/2010/32010R0200.md
32010R0200	Artigo 4.º	Medidas de transição	60	62	54	ue/regulamentos/2010/32010R0200.md
32010R0200	Artigo 5.º	Entrada em vigor e aplicabilidade	64	70	85	ue/regulamentos/2010/32010R0200.md
32010R0200	ANEXO		72	328	5589	ue/regulamentos/2010/32010R0200.md
32010R0201	Preâmbulo		18	46	702	ue/regulamentos/2010/32010R0201.md
32010R0201	Artigo 1.º	Autorizações de pesca	52	54	74	ue/regulamentos/2010/32010R0201.md
32010R0201	Artigo 2.º	Restrições geográficas	56	60	124	ue/regulamentos/2010/32010R0201.md
32010R0201	Artigo 3.º	Condições associadas	62	64	62	ue/regulamentos/2010/32010R0201.md
32010R0201	Artigo 4.º	Obrigações gerais	66	68	56	ue/regulamentos/2010/32010R0201.md
32010R0201	Artigo 5.º	Autorizações de pesca	72	74	81	ue/regulamentos/2010/32010R0201.md
32010R0201	Artigo 6.º	Transmissão e teor dos pedidos de autorização de pesca	76	78	69	ue/regulamentos/2010/32010R0201.md
32010R0201	Artigo 7.º	Restrições geográficas	80	84	170	ue/regulamentos/2010/32010R0201.md
32010R0201	Artigo 8.º	Diário de pesca	86	88	115	ue/regulamentos/2010/32010R0201.md
32010R0201	Artigo 9.º	Comunicação dos dados relativos às actividades de pesca	90	94	98	ue/regulamentos/2010/32010R0201.md
32010R0201	Artigo 10.º	Pesca do verdinho e da sarda	96	98	60	ue/regulamentos/2010/32010R0201.md
32010R0201	Artigo 11.º	Trânsito nas águas da UE	100	106	140	ue/regulamentos/2010/32010R0201.md
32010R0201	Artigo 12.º	Entrada em vigor	110	136	156	ue/regulamentos/2010/32010R0201.md
32010R0201	ANEXO I		138	170	182	ue/regulamentos/2010/32010R0201.md
32010R0201	ANEXO II		172	210	311	ue/regulamentos/2010/32010R0201.md
32010R0201	ANEXO III		212	529	3748	ue/regulamentos/2010/32010R0201.md
32010R0201	ANEXO IV		531	591	1454	ue/regulamentos/2010/32010R0201.md
32010R0202	Preâmbulo		18	40	404	ue/regulamentos/2010/32010R0202.md
32010R0202	Artigo 1.º		44	46	29	ue/regulamentos/2010/32010R0202.md
32010R0202	Artigo 2.º		48	68	123	ue/regulamentos/2010/32010R0202.md
32010R0202	ANEXO	«ANEXO	70	136	2515	ue/regulamentos/2010/32010R0202.md
32010R0203	Preâmbulo		18	32	224	ue/regulamentos/2010/32010R0203.md
32010R0203	Artigo 1.º		36	38	22	ue/regulamentos/2010/32010R0203.md
32010R0203	Artigo 2.º		40	56	106	ue/regulamentos/2010/32010R0203.md
32010R0203	ANEXO		58	66	54	ue/regulamentos/2010/32010R0203.md
32010R0207	Preâmbulo		18	34	315	ue/regulamentos/2010/32010R0207.md
32010R0207	Artigo 1.º		38	40	31	ue/regulamentos/2010/32010R0207.md
32010R0207	Artigo 2.º		42	56	105	ue/regulamentos/2010/32010R0207.md
32010R0207	ANEXO		58	66	145	ue/regulamentos/2010/32010R0207.md
32010R0211	Preâmbulo		18	42	690	ue/regulamentos/2010/32010R0211.md
32010R0211	Artigo 1.º		46	51	99	ue/regulamentos/2010/32010R0211.md
32010R0211	Artigo 2.º		53	71	147	ue/regulamentos/2010/32010R0211.md
32010R0216	Preâmbulo		18	34	260	ue/regulamentos/2010/32010R0216.md
32010R0216	Artigo 1.º		38	40	56	ue/regulamentos/2010/32010R0216.md
32010R0216	Artigo 2.º		42	56	97	ue/regulamentos/2010/32010R0216.md
32010R0216	ANEXO		58	106	361	ue/regulamentos/2010/32010R0216.md
32010R0219	Preâmbulo		18	42	614	ue/regulamentos/2010/32010R0219.md
32010R0219	Artigo 1.º		46	52	38	ue/regulamentos/2010/32010R0219.md
32010R0219	«Artigo 30.ºA	Zonas de proibição de pesca por cercadores com redes de cerco com retenida	54	68	220	ue/regulamentos/2010/32010R0219.md
32010R0219	Artigo 2.º		70	88	134	ue/regulamentos/2010/32010R0219.md
32010R0219	ANEXO I		90	1033	12797	ue/regulamentos/2010/32010R0219.md
32010R0219	ANEXO II		1035	1423	4987	ue/regulamentos/2010/32010R0219.md
32010R0219	ANEXO III		1425	1436	86	ue/regulamentos/2010/32010R0219.md
32010R0219	ANEXO IV		1438	1476	1081	ue/regulamentos/2010/32010R0219.md
32010R0220	Preâmbulo		18	40	886	ue/regulamentos/2010/32010R0220.md
32010R0220	Artigo 1.º		44	46	44	ue/regulamentos/2010/32010R0220.md
32010R0220	Artigo 2.º		48	66	178	ue/regulamentos/2010/32010R0220.md
32010R0220	ANEXO		68	116	609	ue/regulamentos/2010/32010R0220.md
32010R0222	Preâmbulo		18	32	231	ue/regulamentos/2010/32010R0222.md
32010R0222	Artigo 1.º		36	38	22	ue/regulamentos/2010/32010R0222.md
32010R0222	Artigo 2.º		40	56	106	ue/regulamentos/2010/32010R0222.md
32010R0222	ANEXO		58	66	58	ue/regulamentos/2010/32010R0222.md
32010R0228	Preâmbulo		18	32	229	ue/regulamentos/2010/32010R0228.md
32010R0228	Artigo 1.º		36	38	22	ue/regulamentos/2010/32010R0228.md
32010R0228	Artigo 2.º		40	56	106	ue/regulamentos/2010/32010R0228.md
32010R0228	ANEXO		58	66	56	ue/regulamentos/2010/32010R0228.md
32010R0229	Preâmbulo		18	32	212	ue/regulamentos/2010/32010R0229.md
32010R0229	Artigo 1.º		36	38	22	ue/regulamentos/2010/32010R0229.md
32010R0229	Artigo 2.º		40	56	106	ue/regulamentos/2010/32010R0229.md
32010R0229	ANEXO		58	66	60	ue/regulamentos/2010/32010R0229.md
32010R0234	Artigo 1.º		88	104	294	ue/regulamentos/2010/32010R0234.md
32010R0234	Artigo 2.º		106	110	144	ue/regulamentos/2010/32010R0234.md
32010R0234	Artigo 3.º		112	114	19	ue/regulamentos/2010/32010R0234.md
32010R0234	Artigo 4.º		116	130	288	ue/regulamentos/2010/32010R0234.md
32010R0234	Artigo 5.º		132	154	314	ue/regulamentos/2010/32010R0234.md
32010R0234	Artigo 6.º		156	160	68	ue/regulamentos/2010/32010R0234.md
32010R0234	Artigo 7.º		162	170	251	ue/regulamentos/2010/32010R0234.md
32010R0234	Artigo 8.º		172	176	113	ue/regulamentos/2010/32010R0234.md
32010R0234	Artigo 9.º		178	186	99	ue/regulamentos/2010/32010R0234.md
32010R0234	Artigo 10.º		188	190	48	ue/regulamentos/2010/32010R0234.md
32010R0234	Artigo 11.º		192	196	138	ue/regulamentos/2010/32010R0234.md
32010R0234	Artigo 12.º		198	202	224	ue/regulamentos/2010/32010R0234.md
32010R0234	Artigo 13.º		204	206	99	ue/regulamentos/2010/32010R0234.md
32010R0234	Artigo 14.º		208	218	206	ue/regulamentos/2010/32010R0234.md
32010R0234	Artigo 15.º		220	224	110	ue/regulamentos/2010/32010R0234.md
32010R0234	Artigo 16.º		226	228	62	ue/regulamentos/2010/32010R0234.md
32010R0234	Artigo 17.º		230	234	62	ue/regulamentos/2010/32010R0234.md
32010R0234	Artigo 18.º		236	240	64	ue/regulamentos/2010/32010R0234.md
32010R0234	ANEXO I		242	259	357	ue/regulamentos/2010/32010R0234.md
32010R0234	ANEXO II		261	299	740	ue/regulamentos/2010/32010R0234.md
32010R0234	ANEXO III		301	376	642	ue/regulamentos/2010/32010R0234.md
32010R0234	ANEXO IV		378	395	344	ue/regulamentos/2010/32010R0234.md
32010R0234	ANEXO V		397	431	184	ue/regulamentos/2010/32010R0234.md
32010R0237	Preâmbulo		18	44	969	ue/regulamentos/2010/32010R0237.md
32010R0237	Artigo 1.º	Objecto	50	52	43	ue/regulamentos/2010/32010R0237.md
32010R0237	Artigo 2.º	Definições	54	62	185	ue/regulamentos/2010/32010R0237.md
32010R0237	Artigo 3.º	Pedido de exclusão	66	76	495	ue/regulamentos/2010/32010R0237.md
32010R0237	Artigo 4.º	Relatório anual	78	86	365	ue/regulamentos/2010/32010R0237.md
32010R0237	Artigo 5.º	Autorizações de pesca especiais	90	100	448	ue/regulamentos/2010/32010R0237.md
32010R0237	Artigo 6.º	Capacidade máxima de pesca	102	118	382	ue/regulamentos/2010/32010R0237.md
32010R0237	Artigo 7.º	Adaptação do esforço de pesca relativamente à gestão das quotas	122	130	399	ue/regulamentos/2010/32010R0237.md
32010R0237	Artigo 8.º	Regras de execução para a transferência de esforço de pesca entre grupos de esforço	132	156	550	ue/regulamentos/2010/32010R0237.md
32010R0237	Artigo 9.º	Cálculo das capturas por unidade de esforço	158	166	322	ue/regulamentos/2010/32010R0237.md
32010R0237	Artigo 10.º	Obrigações de notificação	168	172	176	ue/regulamentos/2010/32010R0237.md
32010R0237	Artigo 11.º	Entrada em vigor	176	190	102	ue/regulamentos/2010/32010R0237.md
32010R0237	ANEXO I		192	305	2617	ue/regulamentos/2010/32010R0237.md
32010R0237	ANEXO II		307	315	190	ue/regulamentos/2010/32010R0237.md
32010R0237	ANEXO III		317	344	371	ue/regulamentos/2010/32010R0237.md
32010R0237	ANEXO IV		346	354	70	ue/regulamentos/2010/32010R0237.md
32010R0237	ANEXO V		356	425	833	ue/regulamentos/2010/32010R0237.md
32010R0238	Preâmbulo		18	38	450	ue/regulamentos/2010/32010R0238.md
32010R0238	Artigo 1.º		42	49	163	ue/regulamentos/2010/32010R0238.md
32010R0238	Artigo 2.º		51	67	108	ue/regulamentos/2010/32010R0238.md
32010R0246	Preâmbulo		18	38	478	ue/regulamentos/2010/32010R0246.md
32010R0246	Artigo 1.º		42	46	58	ue/regulamentos/2010/32010R0246.md
32010R0246	Artigo 2.º		48	64	110	ue/regulamentos/2010/32010R0246.md
32010R0249	Preâmbulo		18	32	212	ue/regulamentos/2010/32010R0249.md
32010R0249	Artigo 1.º		36	38	22	ue/regulamentos/2010/32010R0249.md
32010R0249	Artigo 2.º		40	56	106	ue/regulamentos/2010/32010R0249.md
32010R0249	ANEXO		58	66	53	ue/regulamentos/2010/32010R0249.md
32010R0250	Preâmbulo		18	32	233	ue/regulamentos/2010/32010R0250.md
32010R0250	Artigo 1.º		36	38	22	ue/regulamentos/2010/32010R0250.md
32010R0250	Artigo 2.º		40	56	106	ue/regulamentos/2010/32010R0250.md
32010R0250	ANEXO		58	66	62	ue/regulamentos/2010/32010R0250.md
32010R0251	Preâmbulo		18	32	217	ue/regulamentos/2010/32010R0251.md
32010R0251	Artigo 1.º		36	38	22	ue/regulamentos/2010/32010R0251.md
32010R0251	Artigo 2.º		40	56	106	ue/regulamentos/2010/32010R0251.md
32010R0251	ANEXO		58	66	59	ue/regulamentos/2010/32010R0251.md
32010R0254	Preâmbulo		18	46	1052	ue/regulamentos/2010/32010R0254.md
32010R0254	Artigo 1.º		50	58	149	ue/regulamentos/2010/32010R0254.md
32010R0254	Artigo 2.º		60	62	31	ue/regulamentos/2010/32010R0254.md
32010R0254	Artigo 3.º		64	88	145	ue/regulamentos/2010/32010R0254.md
32010R0254	ANEXO		90	240	3050	ue/regulamentos/2010/32010R0254.md
32010R0255	Artigo 1.º	Objecto e âmbito de aplicação	38	64	324	ue/regulamentos/2010/32010R0255.md
32010R0255	Artigo 2.º	Definições	66	106	755	ue/regulamentos/2010/32010R0255.md
32010R0255	Artigo 3.º	Quadro de gestão do fluxo de tráfego aéreo	108	128	358	ue/regulamentos/2010/32010R0255.md
32010R0255	Artigo 4.º	Obrigações gerais dos Estados-Membros	130	140	328	ue/regulamentos/2010/32010R0255.md
32010R0255	Artigo 5.º	Obrigações dos Estados-Membros no que respeita à unidade central ATFM	142	166	319	ue/regulamentos/2010/32010R0255.md
32010R0255	Artigo 6.º	Obrigações gerais das unidades ATS	168	208	612	ue/regulamentos/2010/32010R0255.md
32010R0255	Artigo 7.º	Obrigações gerais dos operadores	210	218	190	ue/regulamentos/2010/32010R0255.md
32010R0255	Artigo 8.º	Obrigações gerais das entidades gestoras dos aeroportos	220	222	108	ue/regulamentos/2010/32010R0255.md
32010R0255	Artigo 9.º	Coerência entre os planos de voo e as faixas horárias aeroportuárias	224	232	431	ue/regulamentos/2010/32010R0255.md
32010R0255	Artigo 10.º	Obrigações em caso de situações críticas	234	248	260	ue/regulamentos/2010/32010R0255.md
32010R0255	Artigo 11.º	Controlo do cumprimento das medidas ATFM	250	268	512	ue/regulamentos/2010/32010R0255.md
32010R0255	Artigo 12.º	Avaliação do desempenho	270	286	246	ue/regulamentos/2010/32010R0255.md
32010R0255	Artigo 13.º	Requisitos de segurança	288	290	108	ue/regulamentos/2010/32010R0255.md
32010R0255	Artigo 14.º	Requisitos suplementares	292	306	246	ue/regulamentos/2010/32010R0255.md
32010R0255	Artigo 15.º	Sanções	308	310	115	ue/regulamentos/2010/32010R0255.md
32010R0255	Artigo 16.º	Entrada em vigor e aplicação	312	320	86	ue/regulamentos/2010/32010R0255.md
32010R0255	ANEXO		322	340	278	ue/regulamentos/2010/32010R0255.md
32010R0256	Preâmbulo		18	32	229	ue/regulamentos/2010/32010R0256.md
32010R0256	Artigo 1.º		36	38	22	ue/regulamentos/2010/32010R0256.md
32010R0256	Artigo 2.º		40	56	106	ue/regulamentos/2010/32010R0256.md
32010R0256	ANEXO		58	66	58	ue/regulamentos/2010/32010R0256.md
32010R0257	Artigo 1.º	Objecto e âmbito de aplicação	36	40	134	ue/regulamentos/2010/32010R0257.md
32010R0257	Artigo 2.º	Definições	42	52	299	ue/regulamentos/2010/32010R0257.md
32010R0257	Artigo 3.º	Prioridades para a reavaliação de aditivos alimentares aprovados	54	70	353	ue/regulamentos/2010/32010R0257.md
32010R0257	Artigo 4.º	Processo de reavaliação	72	88	169	ue/regulamentos/2010/32010R0257.md
32010R0257	Artigo 5.º	Convite à apresentação de dados	90	108	405	ue/regulamentos/2010/32010R0257.md
32010R0257	Artigo 6.º	Apresentação de dados	110	120	515	ue/regulamentos/2010/32010R0257.md
32010R0257	Artigo 7.º	Outras informações	122	126	88	ue/regulamentos/2010/32010R0257.md
32010R0257	Artigo 7.º-A	Seguimento dos pareceres AESA	128	132	206	ue/regulamentos/2010/32010R0257.md
32010R0257	Artigo 7.º-B	Aconselhamento prévio à apresentação do pedido	134	136	155	ue/regulamentos/2010/32010R0257.md
32010R0257	Artigo 7.º-C	Notificação dos estudos	138	144	299	ue/regulamentos/2010/32010R0257.md
32010R0257	Artigo 7.º-D	Formato das apresentações	146	148	137	ue/regulamentos/2010/32010R0257.md
32010R0257	Artigo 7.º-E	Transparência	150	154	102	ue/regulamentos/2010/32010R0257.md
32010R0257	Artigo 8.º	Confidencialidade	156	160	128	ue/regulamentos/2010/32010R0257.md
32010R0257	Artigo 9.º	Acompanhamento dos progressos	162	164	50	ue/regulamentos/2010/32010R0257.md
32010R0257	Artigo 10.º	Entrada em vigor	166	170	69	ue/regulamentos/2010/32010R0257.md
32010R0257	ANEXO I		172	194	486	ue/regulamentos/2010/32010R0257.md
32010R0257	ANEXO II		196	486	1724	ue/regulamentos/2010/32010R0257.md
32010R0259	Preâmbulo		18	32	224	ue/regulamentos/2010/32010R0259.md
32010R0259	Artigo 1.º		36	38	22	ue/regulamentos/2010/32010R0259.md
32010R0259	Artigo 2.º		40	56	106	ue/regulamentos/2010/32010R0259.md
32010R0259	ANEXO		58	66	50	ue/regulamentos/2010/32010R0259.md
32010R0260	Preâmbulo		18	32	232	ue/regulamentos/2010/32010R0260.md
32010R0260	Artigo 1.º		36	38	22	ue/regulamentos/2010/32010R0260.md
32010R0260	Artigo 2.º		40	56	106	ue/regulamentos/2010/32010R0260.md
32010R0260	ANEXO		58	66	64	ue/regulamentos/2010/32010R0260.md
32010R0262	Preâmbulo		18	34	392	ue/regulamentos/2010/32010R0262.md
32010R0262	Artigo 1.º		38	40	31	ue/regulamentos/2010/32010R0262.md
32010R0262	Artigo 2.º		42	58	131	ue/regulamentos/2010/32010R0262.md
32010R0262	ANEXO		60	104	3774	ue/regulamentos/2010/32010R0262.md
32010R0265	Artigo 1.º		34	74	844	ue/regulamentos/2010/32010R0265.md
32010R0265	Artigo 3.º		76	78	49	ue/regulamentos/2010/32010R0265.md
32010R0265	Artigo 4.º		80	82	41	ue/regulamentos/2010/32010R0265.md
32010R0265	Artigo 5.º		84	86	65	ue/regulamentos/2010/32010R0265.md
32010R0265	Artigo 6.º		88	132	502	ue/regulamentos/2010/32010R0265.md
32010R0268	Preâmbulo		18	42	625	ue/regulamentos/2010/32010R0268.md
32010R0268	Artigo 1.º	Objecto	46	48	50	ue/regulamentos/2010/32010R0268.md
32010R0268	Artigo 2.º	Restrições ao acesso	50	54	86	ue/regulamentos/2010/32010R0268.md
32010R0268	Artigo 3.º	Disposições	56	60	90	ue/regulamentos/2010/32010R0268.md
32010R0268	Artigo 4.º	Utilização dos conjuntos e serviços de dados geográficos	62	68	173	ue/regulamentos/2010/32010R0268.md
32010R0268	Artigo 5.º	Metadados	70	72	66	ue/regulamentos/2010/32010R0268.md
32010R0268	Artigo 6.º	Transparência	74	78	186	ue/regulamentos/2010/32010R0268.md
32010R0268	Artigo 7.º	Tempo de resposta	80	82	71	ue/regulamentos/2010/32010R0268.md
32010R0268	Artigo 8.º	Disposições transitórias	84	88	144	ue/regulamentos/2010/32010R0268.md
32010R0268	Artigo 9.º	Entrada em vigor	90	106	110	ue/regulamentos/2010/32010R0268.md
32010R0273	Preâmbulo		18	260	13522	ue/regulamentos/2010/32010R0273.md
32010R0273	Artigo 1.º		264	270	58	ue/regulamentos/2010/32010R0273.md
32010R0273	Artigo 2.º		272	310	324	ue/regulamentos/2010/32010R0273.md
32010R0273	ANEXO A		312	619	6143	ue/regulamentos/2010/32010R0273.md
32010R0273	ANEXO B		621	646	1028	ue/regulamentos/2010/32010R0273.md
32010R0276	Preâmbulo		22	48	706	ue/regulamentos/2010/32010R0276.md
32010R0276	Artigo 1.º		52	54	32	ue/regulamentos/2010/32010R0276.md
32010R0276	Artigo 2.º		56	78	130	ue/regulamentos/2010/32010R0276.md
32010R0276	ANEXO		80	141	3005	ue/regulamentos/2010/32010R0276.md
32010R0278	Preâmbulo		18	42	890	ue/regulamentos/2010/32010R0278.md
32010R0278	Artigo 1.º		46	54	90	ue/regulamentos/2010/32010R0278.md
32010R0278	«Artigo 15.º	Exemplar de controlo T5	56	118	1455	ue/regulamentos/2010/32010R0278.md
32010R0278	Artigo 2.º		120	128	230	ue/regulamentos/2010/32010R0278.md
32010R0278	Artigo 3.º		130	152	141	ue/regulamentos/2010/32010R0278.md
32010R0278	ANEXO I	«ANEXO IIA	154	188	669	ue/regulamentos/2010/32010R0278.md
32010R0278	ANEXO II	«ANEXO II	190	194	78	ue/regulamentos/2010/32010R0278.md
32010R0279	Preâmbulo		18	32	188	ue/regulamentos/2010/32010R0279.md
32010R0279	Artigo 1.º		36	38	31	ue/regulamentos/2010/32010R0279.md
32010R0279	Artigo 2.º		40	58	124	ue/regulamentos/2010/32010R0279.md
32010R0279	ANEXO		60	71	181	ue/regulamentos/2010/32010R0279.md
32010R0285	Preâmbulo		18	46	823	ue/regulamentos/2010/32010R0285.md
32010R0285	Artigo 1.º		50	56	96	ue/regulamentos/2010/32010R0285.md
32010R0285	Artigo 2.º		58	76	112	ue/regulamentos/2010/32010R0285.md
32010R0286	Preâmbulo		18	36	476	ue/regulamentos/2010/32010R0286.md
32010R0286	Artigo 1.º		40	42	24	ue/regulamentos/2010/32010R0286.md
32010R0286	«Artigo 6.º		44	55	225	ue/regulamentos/2010/32010R0286.md
32010R0286	Artigo 2.º		57	73	106	ue/regulamentos/2010/32010R0286.md
32010R0290	Preâmbulo		18	34	336	ue/regulamentos/2010/32010R0290.md
32010R0290	Artigo 1.º		38	40	31	ue/regulamentos/2010/32010R0290.md
32010R0290	Artigo 2.º		42	58	128	ue/regulamentos/2010/32010R0290.md
32010R0290	ANEXO		60	70	1094	ue/regulamentos/2010/32010R0290.md
32010R0297	Preâmbulo		22	60	1751	ue/regulamentos/2010/32010R0297.md
32010R0297	Artigo 1.º		64	66	30	ue/regulamentos/2010/32010R0297.md
32010R0297	Artigo 2.º		68	86	114	ue/regulamentos/2010/32010R0297.md
32010R0297	ANEXO		88	118	595	ue/regulamentos/2010/32010R0297.md
32010R0300	Preâmbulo		18	46	906	ue/regulamentos/2010/32010R0300.md
32010R0300	Artigo 1.º		50	52	24	ue/regulamentos/2010/32010R0300.md
32010R0300	Artigo 2.º		54	56	34	ue/regulamentos/2010/32010R0300.md
32010R0300	Artigo 3.º		58	74	106	ue/regulamentos/2010/32010R0300.md
32010R0300	ANEXO I		76	84	43	ue/regulamentos/2010/32010R0300.md
32010R0300	ANEXO II		86	193	2317	ue/regulamentos/2010/32010R0300.md
32010R0304	Preâmbulo		18	42	934	ue/regulamentos/2010/32010R0304.md
32010R0304	Artigo 1.º		46	48	31	ue/regulamentos/2010/32010R0304.md
32010R0304	Artigo 2.º		50	68	143	ue/regulamentos/2010/32010R0304.md
32010R0304	ANEXO		70	461	3316	ue/regulamentos/2010/32010R0304.md
32010R0306	Preâmbulo		18	32	336	ue/regulamentos/2010/32010R0306.md
32010R0306	Artigo 1.º		36	38	47	ue/regulamentos/2010/32010R0306.md
32010R0306	Artigo 2.º		40	60	124	ue/regulamentos/2010/32010R0306.md
32010R0306	ANEXO		62	70	40	ue/regulamentos/2010/32010R0306.md
32010R0307	Preâmbulo		18	32	334	ue/regulamentos/2010/32010R0307.md
32010R0307	Artigo 1.º		36	38	47	ue/regulamentos/2010/32010R0307.md
32010R0307	Artigo 2.º		40	60	124	ue/regulamentos/2010/32010R0307.md
32010R0307	ANEXO		62	70	49	ue/regulamentos/2010/32010R0307.md
32010R0308	Preâmbulo		18	32	319	ue/regulamentos/2010/32010R0308.md
32010R0308	Artigo 1.º		36	38	47	ue/regulamentos/2010/32010R0308.md
32010R0308	Artigo 2.º		40	60	124	ue/regulamentos/2010/32010R0308.md
32010R0308	ANEXO		62	70	55	ue/regulamentos/2010/32010R0308.md
32010R0309	Preâmbulo		18	38	482	ue/regulamentos/2010/32010R0309.md
32010R0309	Artigo 1.º		42	44	48	ue/regulamentos/2010/32010R0309.md
32010R0309	Artigo 2.º		46	48	78	ue/regulamentos/2010/32010R0309.md
32010R0309	Artigo 3.º		50	66	110	ue/regulamentos/2010/32010R0309.md
32010R0309	ANEXO		68	77	468	ue/regulamentos/2010/32010R0309.md
32010R0310	Preâmbulo		18	38	479	ue/regulamentos/2010/32010R0310.md
32010R0310	Artigo 1.º		42	44	48	ue/regulamentos/2010/32010R0310.md
32010R0310	Artigo 2.º		46	48	78	ue/regulamentos/2010/32010R0310.md
32010R0310	Artigo 3.º		50	66	110	ue/regulamentos/2010/32010R0310.md
32010R0310	ANEXO		68	73	471	ue/regulamentos/2010/32010R0310.md
32010R0316	Preâmbulo		18	32	230	ue/regulamentos/2010/32010R0316.md
32010R0316	Artigo 1.º		36	38	22	ue/regulamentos/2010/32010R0316.md
32010R0316	Artigo 2.º		40	56	106	ue/regulamentos/2010/32010R0316.md
32010R0316	ANEXO		58	66	60	ue/regulamentos/2010/32010R0316.md
32010R0317	Preâmbulo		22	42	696	ue/regulamentos/2010/32010R0317.md
32010R0317	Artigo 1.º		46	48	37	ue/regulamentos/2010/32010R0317.md
32010R0317	Artigo 2.º		50	68	114	ue/regulamentos/2010/32010R0317.md
32010R0317	ANEXO		70	82	4149	ue/regulamentos/2010/32010R0317.md
32010R0318	Preâmbulo		18	34	310	ue/regulamentos/2010/32010R0318.md
32010R0318	Artigo 1.º		38	40	31	ue/regulamentos/2010/32010R0318.md
32010R0318	Artigo 2.º		42	56	105	ue/regulamentos/2010/32010R0318.md
32010R0318	ANEXO		58	64	131	ue/regulamentos/2010/32010R0318.md
32010R0320	Preâmbulo		18	32	229	ue/regulamentos/2010/32010R0320.md
32010R0320	Artigo 1.º		36	38	22	ue/regulamentos/2010/32010R0320.md
32010R0320	Artigo 2.º		40	56	106	ue/regulamentos/2010/32010R0320.md
32010R0320	ANEXO		58	66	54	ue/regulamentos/2010/32010R0320.md
32010R0334	Preâmbulo		18	40	426	ue/regulamentos/2010/32010R0334.md
32010R0334	Artigo 1.º		44	60	89	ue/regulamentos/2010/32010R0334.md
32010R0334	Artigo 2.º		62	80	117	ue/regulamentos/2010/32010R0334.md
32010R0336	Preâmbulo		18	38	482	ue/regulamentos/2010/32010R0336.md
32010R0336	Artigo 1.º		42	44	49	ue/regulamentos/2010/32010R0336.md
32010R0336	Artigo 2.º		46	48	78	ue/regulamentos/2010/32010R0336.md
32010R0336	Artigo 3.º		50	66	110	ue/regulamentos/2010/32010R0336.md
32010R0336	ANEXO		68	74	726	ue/regulamentos/2010/32010R0336.md
32010R0351	Preâmbulo		18	32	283	ue/regulamentos/2010/32010R0351.md
32010R0351	Artigo 1.º		36	38	65	ue/regulamentos/2010/32010R0351.md
32010R0351	Artigo 2.º		40	52	244	ue/regulamentos/2010/32010R0351.md
32010R0351	Artigo 3.º		54	56	68	ue/regulamentos/2010/32010R0351.md
32010R0351	Artigo 4.º		58	72	97	ue/regulamentos/2010/32010R0351.md
32010R0351	ANEXO		74	190	1238	ue/regulamentos/2010/32010R0351.md
32010R0352	Preâmbulo		18	34	341	ue/regulamentos/2010/32010R0352.md
32010R0352	Artigo 1.º		38	40	44	ue/regulamentos/2010/32010R0352.md
32010R0352	Artigo 2.º		42	44	22	ue/regulamentos/2010/32010R0352.md
32010R0352	Artigo 3.º		46	64	115	ue/regulamentos/2010/32010R0352.md
32010R0352	ANEXO I		66	94	558	ue/regulamentos/2010/32010R0352.md
32010R0352	ANEXO II		96	221	2162	ue/regulamentos/2010/32010R0352.md
32010R0353	Preâmbulo		18	34	315	ue/regulamentos/2010/32010R0353.md
32010R0353	Artigo 1.º		38	40	42	ue/regulamentos/2010/32010R0353.md
32010R0353	Artigo 2.º		42	44	34	ue/regulamentos/2010/32010R0353.md
32010R0353	Artigo 3.º		46	62	106	ue/regulamentos/2010/32010R0353.md
32010R0353	ANEXO I		64	146	1568	ue/regulamentos/2010/32010R0353.md
32010R0353	ANEXO II		148	237	1171	ue/regulamentos/2010/32010R0353.md
32010R0356	Artigo 1.º		40	92	907	ue/regulamentos/2010/32010R0356.md
32010R0356	Artigo 2.º		94	132	776	ue/regulamentos/2010/32010R0356.md
32010R0356	Artigo 3.º		134	146	263	ue/regulamentos/2010/32010R0356.md
32010R0356	Artigo 4.º		148	166	392	ue/regulamentos/2010/32010R0356.md
32010R0356	Artigo 5.º		168	184	480	ue/regulamentos/2010/32010R0356.md
32010R0356	Artigo 6.º		186	198	312	ue/regulamentos/2010/32010R0356.md
32010R0356	Artigo 7.º		200	202	121	ue/regulamentos/2010/32010R0356.md
32010R0356	Artigo 8.º		204	216	350	ue/regulamentos/2010/32010R0356.md
32010R0356	Artigo 9.º		218	226	232	ue/regulamentos/2010/32010R0356.md
32010R0356	Artigo 10.º		228	230	96	ue/regulamentos/2010/32010R0356.md
32010R0356	Artigo 11.º		232	234	31	ue/regulamentos/2010/32010R0356.md
32010R0356	Artigo 12.º		236	240	177	ue/regulamentos/2010/32010R0356.md
32010R0356	Artigo 13.º		242	244	59	ue/regulamentos/2010/32010R0356.md
32010R0356	Artigo 14.º		246	248	212	ue/regulamentos/2010/32010R0356.md
32010R0356	Artigo 15.º		250	254	109	ue/regulamentos/2010/32010R0356.md
32010R0356	Artigo 16.º		256	262	152	ue/regulamentos/2010/32010R0356.md
32010R0356	Artigo 17.º		264	276	142	ue/regulamentos/2010/32010R0356.md
32010R0356	Artigo 18.º		278	284	63	ue/regulamentos/2010/32010R0356.md
32010R0356	ANEXO I		286	666	9112	ue/regulamentos/2010/32010R0356.md
32010R0356	ANEXO II		668	796	661	ue/regulamentos/2010/32010R0356.md
32010R0365	Preâmbulo		22	54	1106	ue/regulamentos/2010/32010R0365.md
32010R0365	Artigo 1.º		58	94	487	ue/regulamentos/2010/32010R0365.md
32010R0365	Artigo 2.º		96	114	114	ue/regulamentos/2010/32010R0365.md
32010R0366	Preâmbulo		18	34	314	ue/regulamentos/2010/32010R0366.md
32010R0366	Artigo 1.º		38	40	31	ue/regulamentos/2010/32010R0366.md
32010R0366	Artigo 2.º		42	58	105	ue/regulamentos/2010/32010R0366.md
32010R0366	ANEXO		60	90	1676	ue/regulamentos/2010/32010R0366.md
32010R0372	Preâmbulo		18	36	369	ue/regulamentos/2010/32010R0372.md
32010R0372	Artigo 1.º		40	42	31	ue/regulamentos/2010/32010R0372.md
32010R0372	Artigo 2.º		44	62	128	ue/regulamentos/2010/32010R0372.md
32010R0372	ANEXO		64	76	394	ue/regulamentos/2010/32010R0372.md
32010R0375	Preâmbulo		18	46	876	ue/regulamentos/2010/32010R0375.md
32010R0375	Artigo 1.º		50	54	79	ue/regulamentos/2010/32010R0375.md
32010R0375	Artigo 2.º		56	72	106	ue/regulamentos/2010/32010R0375.md
32010R0375	ANEXO		74	80	132	ue/regulamentos/2010/32010R0375.md
32010R0376	Preâmbulo		22	52	1548	ue/regulamentos/2010/32010R0376.md
32010R0376	Artigo 1.º		56	70	394	ue/regulamentos/2010/32010R0376.md
32010R0376	Artigo 2.º		72	96	155	ue/regulamentos/2010/32010R0376.md
32010R0377	Preâmbulo		18	524	12204	ue/regulamentos/2010/32010R0377.md
32010R0377	Artigo 1.º		528	544	362	ue/regulamentos/2010/32010R0377.md
32010R0377	Artigo 2.º		546	550	159	ue/regulamentos/2010/32010R0377.md
32010R0377	Artigo 3.º		552	572	146	ue/regulamentos/2010/32010R0377.md
32010R0377	ANEXO		574	584	162	ue/regulamentos/2010/32010R0377.md
32010R0380	Preâmbulo		18	38	485	ue/regulamentos/2010/32010R0380.md
32010R0380	Artigo 1.º		42	44	49	ue/regulamentos/2010/32010R0380.md
32010R0380	Artigo 2.º		46	48	86	ue/regulamentos/2010/32010R0380.md
32010R0380	Artigo 3.º		50	66	110	ue/regulamentos/2010/32010R0380.md
32010R0380	ANEXO		68	73	488	ue/regulamentos/2010/32010R0380.md
32010R0382	Preâmbulo		18	58	1608	ue/regulamentos/2010/32010R0382.md
32010R0382	Artigo 1.º		62	66	81	ue/regulamentos/2010/32010R0382.md
32010R0382	Artigo 2.º		68	90	140	ue/regulamentos/2010/32010R0382.md
32010R0382	ANEXO		92	101	362	ue/regulamentos/2010/32010R0382.md
32010R0383	Preâmbulo		18	48	1042	ue/regulamentos/2010/32010R0383.md
32010R0383	Artigo 1.º		52	54	52	ue/regulamentos/2010/32010R0383.md
32010R0383	Artigo 2.º		56	72	106	ue/regulamentos/2010/32010R0383.md
32010R0383	ANEXO		74	80	127	ue/regulamentos/2010/32010R0383.md
32010R0384	Artigo 1.º		80	84	87	ue/regulamentos/2010/32010R0384.md
32010R0384	Artigo 2.º		86	88	54	ue/regulamentos/2010/32010R0384.md
32010R0384	Artigo 3.º		90	94	64	ue/regulamentos/2010/32010R0384.md
32010R0384	ANEXO I		96	102	408	ue/regulamentos/2010/32010R0384.md
32010R0384	ANEXO II		104	121	296	ue/regulamentos/2010/32010R0384.md
32010R0389	Preâmbulo		18	44	697	ue/regulamentos/2010/32010R0389.md
32010R0389	Artigo 1.º		48	50	30	ue/regulamentos/2010/32010R0389.md
32010R0389	Artigo 2.º		52	72	138	ue/regulamentos/2010/32010R0389.md
32010R0389	ANEXO		74	82	136	ue/regulamentos/2010/32010R0389.md
32010R0390	Preâmbulo		18	32	228	ue/regulamentos/2010/32010R0390.md
32010R0390	Artigo 1.º		36	38	22	ue/regulamentos/2010/32010R0390.md
32010R0390	Artigo 2.º		40	56	105	ue/regulamentos/2010/32010R0390.md
32010R0390	ANEXO		58	66	55	ue/regulamentos/2010/32010R0390.md
32010R0395	Preâmbulo		18	36	390	ue/regulamentos/2010/32010R0395.md
32010R0395	Artigo 1.º		40	44	38	ue/regulamentos/2010/32010R0395.md
32010R0395	Artigo 2.º	Entrada em vigor	46	64	122	ue/regulamentos/2010/32010R0395.md
32010R0395	ANEXO		66	86	405	ue/regulamentos/2010/32010R0395.md
32010R0395	Apêndice		88	258	1046	ue/regulamentos/2010/32010R0395.md
32010R0395	Apêndice 1		260	724	1968	ue/regulamentos/2010/32010R0395.md
32010R0395	Apêndice 2		726	1160	1878	ue/regulamentos/2010/32010R0395.md
32010R0395	Apêndice 3		1162	1192	840	ue/regulamentos/2010/32010R0395.md
32010R0395	Apêndice		1194	1348	585	ue/regulamentos/2010/32010R0395.md
32010R0400	Artigo 1.º		372	394	712	ue/regulamentos/2010/32010R0400.md
32010R0400	Artigo 2.º		396	398	109	ue/regulamentos/2010/32010R0400.md
32010R0400	Artigo 3.º		400	418	198	ue/regulamentos/2010/32010R0400.md
32010R0400	Artigo 4.º		420	422	42	ue/regulamentos/2010/32010R0400.md
32010R0400	Artigo 5.º		424	428	62	ue/regulamentos/2010/32010R0400.md
32010R0400	ANEXO		430	450	206	ue/regulamentos/2010/32010R0400.md
32010R0402	Preâmbulo		18	32	228	ue/regulamentos/2010/32010R0402.md
32010R0402	Artigo 1.º		36	38	22	ue/regulamentos/2010/32010R0402.md
32010R0402	Artigo 2.º		40	56	106	ue/regulamentos/2010/32010R0402.md
32010R0402	ANEXO		58	66	46	ue/regulamentos/2010/32010R0402.md
32010R0403	Preâmbulo		18	32	214	ue/regulamentos/2010/32010R0403.md
32010R0403	Artigo 1.º		36	38	22	ue/regulamentos/2010/32010R0403.md
32010R0403	Artigo 2.º		40	56	106	ue/regulamentos/2010/32010R0403.md
32010R0403	ANEXO		58	66	60	ue/regulamentos/2010/32010R0403.md
32010R0404	Preâmbulo		22	736	23154	ue/regulamentos/2010/32010R0404.md
32010R0404	Artigo 1.º		740	748	210	ue/regulamentos/2010/32010R0404.md
32010R0404	Artigo 2.º		750	754	159	ue/regulamentos/2010/32010R0404.md
32010R0404	Artigo 3.º		756	780	482	ue/regulamentos/2010/32010R0404.md
32010R0407	Artigo 1.º	Objectivo e âmbito de aplicação	63	69	164	ue/regulamentos/2010/32010R0407.md
32010R0407	Artigo 2.º	Forma do apoio financeiro da União	71	77	172	ue/regulamentos/2010/32010R0407.md
32010R0407	Artigo 3.º	Procedimento	79	115	1105	ue/regulamentos/2010/32010R0407.md
32010R0407	Artigo 4.º	Disponibilização do empréstimo	117	123	148	ue/regulamentos/2010/32010R0407.md
32010R0407	Artigo 5.º	Liberação de fundos	125	131	184	ue/regulamentos/2010/32010R0407.md
32010R0407	Artigo 6.º	Operações de contracção e de concessão de empréstimos	133	145	424	ue/regulamentos/2010/32010R0407.md
32010R0407	Artigo 7.º	Encargos	147	149	38	ue/regulamentos/2010/32010R0407.md
32010R0407	Artigo 8.º	Gestão do empréstimo	151	157	267	ue/regulamentos/2010/32010R0407.md
32010R0407	Artigo 9.º	Revisão e adaptação	159	163	151	ue/regulamentos/2010/32010R0407.md
32010R0407	Artigo 10.º	Entrada em vigor	165	171	121	ue/regulamentos/2010/32010R0407.md
32010R0409	Preâmbulo		18	32	214	ue/regulamentos/2010/32010R0409.md
32010R0409	Artigo 1.º		36	38	22	ue/regulamentos/2010/32010R0409.md
32010R0409	Artigo 2.º		40	56	106	ue/regulamentos/2010/32010R0409.md
32010R0409	ANEXO		58	66	57	ue/regulamentos/2010/32010R0409.md
32010R0410	Preâmbulo		18	32	246	ue/regulamentos/2010/32010R0410.md
32010R0410	Artigo 1.º		36	38	22	ue/regulamentos/2010/32010R0410.md
32010R0410	Artigo 2.º		40	56	106	ue/regulamentos/2010/32010R0410.md
32010R0410	ANEXO		58	66	68	ue/regulamentos/2010/32010R0410.md
32010R0414	Preâmbulo		18	32	226	ue/regulamentos/2010/32010R0414.md
32010R0414	Artigo 1.º		36	38	22	ue/regulamentos/2010/32010R0414.md
32010R0414	Artigo 2.º		40	56	106	ue/regulamentos/2010/32010R0414.md
32010R0414	ANEXO		58	66	40	ue/regulamentos/2010/32010R0414.md
32010R0415	Preâmbulo		18	32	230	ue/regulamentos/2010/32010R0415.md
32010R0415	Artigo 1.º		36	38	22	ue/regulamentos/2010/32010R0415.md
32010R0415	Artigo 2.º		40	56	105	ue/regulamentos/2010/32010R0415.md
32010R0415	ANEXO		58	66	53	ue/regulamentos/2010/32010R0415.md
32010R0417	Preâmbulo		18	34	312	ue/regulamentos/2010/32010R0417.md
32010R0417	Artigo 1.º		38	40	31	ue/regulamentos/2010/32010R0417.md
32010R0417	Artigo 2.º		42	56	105	ue/regulamentos/2010/32010R0417.md
32010R0417	ANEXO		58	68	447	ue/regulamentos/2010/32010R0417.md
32010R0421	Preâmbulo		18	40	585	ue/regulamentos/2010/32010R0421.md
32010R0421	Artigo 1.º		44	51	90	ue/regulamentos/2010/32010R0421.md
32010R0421	Artigo 2.º		53	73	137	ue/regulamentos/2010/32010R0421.md
32010R0428	Preâmbulo		18	36	334	ue/regulamentos/2010/32010R0428.md
32010R0428	Artigo 1.º	Lista dos elementos específicos a verificar nas inspecções alargadas	40	44	147	ue/regulamentos/2010/32010R0428.md
32010R0428	Artigo 2.º	Entrada em vigor	46	62	119	ue/regulamentos/2010/32010R0428.md
32010R0428	ANEXO		64	292	2061	ue/regulamentos/2010/32010R0428.md
32010R0429	Preâmbulo		18	32	227	ue/regulamentos/2010/32010R0429.md
32010R0429	Artigo 1.º		36	38	22	ue/regulamentos/2010/32010R0429.md
32010R0429	Artigo 2.º		40	56	106	ue/regulamentos/2010/32010R0429.md
32010R0429	ANEXO		58	66	56	ue/regulamentos/2010/32010R0429.md
32010R0440	Preâmbulo		18	50	841	ue/regulamentos/2010/32010R0440.md
32010R0440	Artigo 1.º	Objecto	56	58	60	ue/regulamentos/2010/32010R0440.md
32010R0440	Artigo 2.º	Definições	60	70	109	ue/regulamentos/2010/32010R0440.md
32010R0440	Artigo 3.º	Taxas para o pedido de utilização de um nome químico alternativo	74	82	230	ue/regulamentos/2010/32010R0440.md
32010R0440	Artigo 4.º	Taxas para a apresentação de propostas de classificação e rotulagem harmonizadas de uma substância	84	90	146	ue/regulamentos/2010/32010R0440.md
32010R0440	Artigo 5.º	Reduções	92	100	178	ue/regulamentos/2010/32010R0440.md
32010R0440	Artigo 6.º	Modo de pagamento	104	110	62	ue/regulamentos/2010/32010R0440.md
32010R0440	Artigo 7.º	Identificação do pagamento	112	116	96	ue/regulamentos/2010/32010R0440.md
32010R0440	Artigo 8.º	Data de pagamento	118	120	41	ue/regulamentos/2010/32010R0440.md
32010R0440	Artigo 9.º	Reembolso de montantes pagos a mais	122	128	118	ue/regulamentos/2010/32010R0440.md
32010R0440	Artigo 10.º	Estimativa provisória	132	134	95	ue/regulamentos/2010/32010R0440.md
32010R0440	Artigo 11.º	Revisões	136	144	229	ue/regulamentos/2010/32010R0440.md
32010R0440	Artigo 12.º		146	168	132	ue/regulamentos/2010/32010R0440.md
32010R0440	ANEXO I		170	208	198	ue/regulamentos/2010/32010R0440.md
32010R0440	ANEXO II		210	230	96	ue/regulamentos/2010/32010R0440.md
32010R0441	Preâmbulo		18	32	228	ue/regulamentos/2010/32010R0441.md
32010R0441	Artigo 1.º		36	38	22	ue/regulamentos/2010/32010R0441.md
32010R0441	Artigo 2.º		40	56	106	ue/regulamentos/2010/32010R0441.md
32010R0441	ANEXO		58	66	42	ue/regulamentos/2010/32010R0441.md
32010R0442	Preâmbulo		18	32	211	ue/regulamentos/2010/32010R0442.md
32010R0442	Artigo 1.º		36	38	22	ue/regulamentos/2010/32010R0442.md
32010R0442	Artigo 2.º		40	56	106	ue/regulamentos/2010/32010R0442.md
32010R0442	ANEXO		58	66	56	ue/regulamentos/2010/32010R0442.md
32010R0443	Preâmbulo		18	32	223	ue/regulamentos/2010/32010R0443.md
32010R0443	Artigo 1.º		36	38	22	ue/regulamentos/2010/32010R0443.md
32010R0443	Artigo 2.º		40	56	106	ue/regulamentos/2010/32010R0443.md
32010R0443	ANEXO		58	66	37	ue/regulamentos/2010/32010R0443.md
32010R0444	Preâmbulo		18	32	226	ue/regulamentos/2010/32010R0444.md
32010R0444	Artigo 1.º		36	38	22	ue/regulamentos/2010/32010R0444.md
32010R0444	Artigo 2.º		40	56	106	ue/regulamentos/2010/32010R0444.md
32010R0444	ANEXO		58	66	56	ue/regulamentos/2010/32010R0444.md
32010R0449	Preâmbulo		18	44	1189	ue/regulamentos/2010/32010R0449.md
32010R0449	Artigo 1.º		48	50	32	ue/regulamentos/2010/32010R0449.md
32010R0449	Artigo 2.º		52	54	32	ue/regulamentos/2010/32010R0449.md
32010R0449	Artigo 3.º		56	62	232	ue/regulamentos/2010/32010R0449.md
32010R0449	Artigo 4.º		64	92	184	ue/regulamentos/2010/32010R0449.md
32010R0449	ANEXO	«ANEXO IV	94	203	3532	ue/regulamentos/2010/32010R0449.md
32010R0450	Preâmbulo		18	36	366	ue/regulamentos/2010/32010R0450.md
32010R0450	Artigo 1.º		40	42	31	ue/regulamentos/2010/32010R0450.md
32010R0450	Artigo 2.º		44	60	128	ue/regulamentos/2010/32010R0450.md
32010R0450	ANEXO		62	78	1193	ue/regulamentos/2010/32010R0450.md
32010R0453	Preâmbulo		22	54	1538	ue/regulamentos/2010/32010R0453.md
32010R0453	Artigo 1.º		58	68	130	ue/regulamentos/2010/32010R0453.md
32010R0453	Artigo 2.º		70	90	1014	ue/regulamentos/2010/32010R0453.md
32010R0453	Artigo 3.º		92	112	123	ue/regulamentos/2010/32010R0453.md
32010R0453	ANEXO I	«ANEXO II	114	999	19354	ue/regulamentos/2010/32010R0453.md
32010R0453	ANEXO II	«ANEXO II	1001	1889	18957	ue/regulamentos/2010/32010R0453.md
32010R0454	Preâmbulo		18	36	600	ue/regulamentos/2010/32010R0454.md
32010R0454	Artigo 1.º		40	42	104	ue/regulamentos/2010/32010R0454.md
32010R0454	Artigo 2.º		44	46	103	ue/regulamentos/2010/32010R0454.md
32010R0454	Artigo 3.º		48	72	142	ue/regulamentos/2010/32010R0454.md
32010R0455	Preâmbulo		18	38	480	ue/regulamentos/2010/32010R0455.md
32010R0455	Artigo 1.º		42	44	48	ue/regulamentos/2010/32010R0455.md
32010R0455	Artigo 2.º		46	48	78	ue/regulamentos/2010/32010R0455.md
32010R0455	Artigo 3.º		50	66	110	ue/regulamentos/2010/32010R0455.md
32010R0455	ANEXO		68	73	416	ue/regulamentos/2010/32010R0455.md
32010R0459	Preâmbulo		18	56	2056	ue/regulamentos/2010/32010R0459.md
32010R0459	Artigo 1.º		60	62	35	ue/regulamentos/2010/32010R0459.md
32010R0459	Artigo 2.º		64	118	929	ue/regulamentos/2010/32010R0459.md
32010R0459	ANEXO		120	1054	26687	ue/regulamentos/2010/32010R0459.md
32010R0461	Artigo 1.º	Definições	38	90	1090	ue/regulamentos/2010/32010R0461.md
32010R0461	Artigo 2.º	Aplicação do Regulamento (CE) n.º 1400/2002	94	96	138	ue/regulamentos/2010/32010R0461.md
32010R0461	Artigo 3.º	Aplicação do Regulamento (UE) n.º 330/2010	98	100	59	ue/regulamentos/2010/32010R0461.md
32010R0461	Artigo 4.º	Isenção	104	108	175	ue/regulamentos/2010/32010R0461.md
32010R0461	Artigo 5.º	Restrições que eliminam o benefício da isenção por categoria — restrições graves	110	118	317	ue/regulamentos/2010/32010R0461.md
32010R0461	Artigo 6.º	Não aplicação do presente regulamento	122	126	107	ue/regulamentos/2010/32010R0461.md
32010R0461	Artigo 7.º		128	132	37	ue/regulamentos/2010/32010R0461.md
32010R0461	Artigo 8.º	Período de validade	134	144	70	ue/regulamentos/2010/32010R0461.md
32010R0465	Preâmbulo		18	38	480	ue/regulamentos/2010/32010R0465.md
32010R0465	Artigo 1.º		42	44	48	ue/regulamentos/2010/32010R0465.md
32010R0465	Artigo 2.º		46	48	78	ue/regulamentos/2010/32010R0465.md
32010R0465	Artigo 3.º		50	66	110	ue/regulamentos/2010/32010R0465.md
32010R0465	ANEXO		68	73	310	ue/regulamentos/2010/32010R0465.md
32010R0468	Artigo 1.º		28	30	64	ue/regulamentos/2010/32010R0468.md
32010R0468	Artigo 2.º		32	38	77	ue/regulamentos/2010/32010R0468.md
32010R0468	ANEXO		40	262	13517	ue/regulamentos/2010/32010R0468.md
32010R0472	Preâmbulo		18	721	20222	ue/regulamentos/2010/32010R0472.md
32010R0472	Artigo 1.º		725	740	397	ue/regulamentos/2010/32010R0472.md
32010R0472	Artigo 2.º		742	746	163	ue/regulamentos/2010/32010R0472.md
32010R0472	Artigo 3.º		748	772	154	ue/regulamentos/2010/32010R0472.md
32010R0473	Preâmbulo		18	1182	36316	ue/regulamentos/2010/32010R0473.md
32010R0473	Artigo 1.º		1186	1202	418	ue/regulamentos/2010/32010R0473.md
32010R0473	Artigo 2.º		1204	1208	163	ue/regulamentos/2010/32010R0473.md
32010R0473	Artigo 3.º		1210	1232	142	ue/regulamentos/2010/32010R0473.md
32010R0478	Preâmbulo		18	816	23509	ue/regulamentos/2010/32010R0478.md
32010R0478	Artigo 1.º		820	836	294	ue/regulamentos/2010/32010R0478.md
32010R0478	Artigo 2.º		838	842	159	ue/regulamentos/2010/32010R0478.md
32010R0478	Artigo 3.º		844	864	146	ue/regulamentos/2010/32010R0478.md
32010R0478	ANEXO		866	881	144	ue/regulamentos/2010/32010R0478.md
32010R0479	Artigo 4.º		58	62	130	ue/regulamentos/2010/32010R0479.md
32010R0479	Artigo 5.º		64	72	162	ue/regulamentos/2010/32010R0479.md
32010R0479	Artigo 6.º		76	104	566	ue/regulamentos/2010/32010R0479.md
32010R0479	Artigo 7.º		106	126	430	ue/regulamentos/2010/32010R0479.md
32010R0479	Artigo 8.º		132	138	187	ue/regulamentos/2010/32010R0479.md
32010R0479	Artigo 9.º		140	142	32	ue/regulamentos/2010/32010R0479.md
32010R0479	Artigo 10.º		144	150	114	ue/regulamentos/2010/32010R0479.md
32010R0479	Artigo 11.º		152	160	76	ue/regulamentos/2010/32010R0479.md
32010R0479	ANEXO I.A		162	183	283	ue/regulamentos/2010/32010R0479.md
32010R0479	ANEXO I.B		185	204	132	ue/regulamentos/2010/32010R0479.md
32010R0479	ANEXO II		206	240	327	ue/regulamentos/2010/32010R0479.md
32010R0479	ANEXO III		242	303	543	ue/regulamentos/2010/32010R0479.md
32010R0480	Preâmbulo		18	32	331	ue/regulamentos/2010/32010R0480.md
32010R0480	Artigo 1.º		36	38	47	ue/regulamentos/2010/32010R0480.md
32010R0480	Artigo 2.º		40	60	124	ue/regulamentos/2010/32010R0480.md
32010R0480	ANEXO		62	70	42	ue/regulamentos/2010/32010R0480.md
32010R0481	Preâmbulo		18	34	342	ue/regulamentos/2010/32010R0481.md
32010R0481	Artigo 1.º		38	40	86	ue/regulamentos/2010/32010R0481.md
32010R0481	Artigo 2.º		42	56	94	ue/regulamentos/2010/32010R0481.md
32010R0481	ANEXO		58	319	3214	ue/regulamentos/2010/32010R0481.md
32010R0492	Artigo 1.º		611	630	574	ue/regulamentos/2010/32010R0492.md
32010R0492	Artigo 2.º		632	646	139	ue/regulamentos/2010/32010R0492.md
32010R0494	Preâmbulo		18	42	546	ue/regulamentos/2010/32010R0494.md
32010R0494	Artigo 1.º		46	48	76	ue/regulamentos/2010/32010R0494.md
32010R0494	Artigo 2.º		50	52	76	ue/regulamentos/2010/32010R0494.md
32010R0494	Artigo 3.º		54	76	148	ue/regulamentos/2010/32010R0494.md
32010R0507	Preâmbulo		18	34	316	ue/regulamentos/2010/32010R0507.md
32010R0507	Artigo 1.º		38	40	31	ue/regulamentos/2010/32010R0507.md
32010R0507	Artigo 2.º		42	58	134	ue/regulamentos/2010/32010R0507.md
32010R0507	ANEXO		60	66	166	ue/regulamentos/2010/32010R0507.md
32010R0510	Preâmbulo		18	446	15470	ue/regulamentos/2010/32010R0510.md
32010R0510	Artigo 1.º		450	456	224	ue/regulamentos/2010/32010R0510.md
32010R0510	Artigo 2.º		458	460	221	ue/regulamentos/2010/32010R0510.md
32010R0510	Artigo 3.º		462	488	148	ue/regulamentos/2010/32010R0510.md
32010R0511	Preâmbulo		18	246	6513	ue/regulamentos/2010/32010R0511.md
32010R0511	Artigo 1.º		250	256	167	ue/regulamentos/2010/32010R0511.md
32010R0511	Artigo 2.º		258	260	119	ue/regulamentos/2010/32010R0511.md
32010R0511	Artigo 3.º		262	278	102	ue/regulamentos/2010/32010R0511.md
32010R0519	Preâmbulo		18	38	430	ue/regulamentos/2010/32010R0519.md
32010R0519	Artigo 1.º	Objecto	42	44	60	ue/regulamentos/2010/32010R0519.md
32010R0519	Artigo 2.º	Definições	46	72	559	ue/regulamentos/2010/32010R0519.md
32010R0519	Artigo 3.º	Programa dos dados estatísticos	74	88	243	ue/regulamentos/2010/32010R0519.md
32010R0519	Artigo 4.º	Metadados relativos aos valores das células	90	106	218	ue/regulamentos/2010/32010R0519.md
32010R0519	Artigo 5.º	Metadados relativos às variáveis estatísticas	108	110	46	ue/regulamentos/2010/32010R0519.md
32010R0519	Artigo 6.º	Entrada em vigor	112	128	111	ue/regulamentos/2010/32010R0519.md
32010R0519	ANEXO I		130	526	7787	ue/regulamentos/2010/32010R0519.md
32010R0519	ANEXO II		528	602	1512	ue/regulamentos/2010/32010R0519.md
32010R0530	Preâmbulo		18	32	227	ue/regulamentos/2010/32010R0530.md
32010R0530	Artigo 1.º		36	38	22	ue/regulamentos/2010/32010R0530.md
32010R0530	Artigo 2.º		40	56	106	ue/regulamentos/2010/32010R0530.md
32010R0530	ANEXO		58	66	58	ue/regulamentos/2010/32010R0530.md
32010R0531	Preâmbulo		18	32	230	ue/regulamentos/2010/32010R0531.md
32010R0531	Artigo 1.º		36	38	22	ue/regulamentos/2010/32010R0531.md
32010R0531	Artigo 2.º		40	56	106	ue/regulamentos/2010/32010R0531.md
32010R0531	ANEXO		58	66	58	ue/regulamentos/2010/32010R0531.md
32010R0543	Preâmbulo		18	32	213	ue/regulamentos/2010/32010R0543.md
32010R0543	Artigo 1.º		36	38	22	ue/regulamentos/2010/32010R0543.md
32010R0543	Artigo 2.º		40	56	106	ue/regulamentos/2010/32010R0543.md
32010R0543	ANEXO		58	66	52	ue/regulamentos/2010/32010R0543.md
32010R0555	Preâmbulo		18	36	381	ue/regulamentos/2010/32010R0555.md
32010R0555	Artigo 1.º		40	44	32	ue/regulamentos/2010/32010R0555.md
32010R0555	«Artigo 3.º		46	78	830	ue/regulamentos/2010/32010R0555.md
32010R0555	«Artigo 6.ºA		80	86	158	ue/regulamentos/2010/32010R0555.md
32010R0555	«Artigo 7.º		88	102	156	ue/regulamentos/2010/32010R0555.md
32010R0555	Artigo 2.º		104	120	105	ue/regulamentos/2010/32010R0555.md
32010R0555	ANEXO	«ANEXO	122	241	609	ue/regulamentos/2010/32010R0555.md
32010R0557	Artigo 2.º		72	94	245	ue/regulamentos/2010/32010R0557.md
32010R0557	Artigo 3.º		96	118	242	ue/regulamentos/2010/32010R0557.md
32010R0557	Artigo 4.º		120	130	162	ue/regulamentos/2010/32010R0557.md
32010R0557	Artigo 5.º		132	142	158	ue/regulamentos/2010/32010R0557.md
32010R0557	Artigo 6.º		144	148	63	ue/regulamentos/2010/32010R0557.md
32010R0557	Artigo 7.º		150	170	236	ue/regulamentos/2010/32010R0557.md
32010R0557	Artigo 8.º		172	190	270	ue/regulamentos/2010/32010R0557.md
32010R0557	Artigo 9.º		192	202	108	ue/regulamentos/2010/32010R0557.md
32010R0557	Artigo 10.º		204	244	396	ue/regulamentos/2010/32010R0557.md
32010R0557	Artigo 11.º		246	256	158	ue/regulamentos/2010/32010R0557.md
32010R0557	Artigo 12.º		258	314	305	ue/regulamentos/2010/32010R0557.md
32010R0558	Preâmbulo		22	66	1986	ue/regulamentos/2010/32010R0558.md
32010R0558	Artigo 1.º		70	72	31	ue/regulamentos/2010/32010R0558.md
32010R0558	Artigo 2.º		74	94	165	ue/regulamentos/2010/32010R0558.md
32010R0558	ANEXO		96	181	2134	ue/regulamentos/2010/32010R0558.md
32010R0560	Preâmbulo		18	32	229	ue/regulamentos/2010/32010R0560.md
32010R0560	Artigo 1.º		36	38	22	ue/regulamentos/2010/32010R0560.md
32010R0560	Artigo 2.º		40	56	106	ue/regulamentos/2010/32010R0560.md
32010R0560	ANEXO		58	66	72	ue/regulamentos/2010/32010R0560.md
32010R0564	Preâmbulo		18	34	234	ue/regulamentos/2010/32010R0564.md
32010R0564	Artigo 1.º		38	44	73	ue/regulamentos/2010/32010R0564.md
32010R0564	Artigo 2.º		46	50	87	ue/regulamentos/2010/32010R0564.md
32010R0564	Artigo 3.º		52	66	92	ue/regulamentos/2010/32010R0564.md
32010R0568	Preâmbulo		18	44	703	ue/regulamentos/2010/32010R0568.md
32010R0568	Artigo 1.º		48	68	542	ue/regulamentos/2010/32010R0568.md
32010R0568	Artigo 2.º		70	72	12	ue/regulamentos/2010/32010R0568.md
32010R0568	Artigo 3.º		74	96	141	ue/regulamentos/2010/32010R0568.md
32010R0578	Artigo 1.º		126	136	298	ue/regulamentos/2010/32010R0578.md
32010R0578	Artigo 2.º		138	164	575	ue/regulamentos/2010/32010R0578.md
32010R0578	Artigo 3.º		166	206	1104	ue/regulamentos/2010/32010R0578.md
32010R0578	Artigo 4.º		208	210	59	ue/regulamentos/2010/32010R0578.md
32010R0578	Artigo 5.º		216	222	284	ue/regulamentos/2010/32010R0578.md
32010R0578	Artigo 6.º		226	228	84	ue/regulamentos/2010/32010R0578.md
32010R0578	Artigo 7.º		230	232	72	ue/regulamentos/2010/32010R0578.md
32010R0578	Artigo 8.º		234	244	286	ue/regulamentos/2010/32010R0578.md
32010R0578	Artigo 9.º		246	258	312	ue/regulamentos/2010/32010R0578.md
32010R0578	Artigo 10.º		260	270	360	ue/regulamentos/2010/32010R0578.md
32010R0578	Artigo 11.º		272	278	219	ue/regulamentos/2010/32010R0578.md
32010R0578	Artigo 12.º		280	288	212	ue/regulamentos/2010/32010R0578.md
32010R0578	Artigo 13.º		290	300	337	ue/regulamentos/2010/32010R0578.md
32010R0578	Artigo 14.º		304	308	170	ue/regulamentos/2010/32010R0578.md
32010R0578	Artigo 15.º		310	326	351	ue/regulamentos/2010/32010R0578.md
32010R0578	Artigo 16.º		328	332	234	ue/regulamentos/2010/32010R0578.md
32010R0578	Artigo 17.º		334	338	184	ue/regulamentos/2010/32010R0578.md
32010R0578	Artigo 18.º		340	350	476	ue/regulamentos/2010/32010R0578.md
32010R0578	Artigo 19.º		352	364	174	ue/regulamentos/2010/32010R0578.md
32010R0578	Artigo 20.º		366	378	304	ue/regulamentos/2010/32010R0578.md
32010R0578	Artigo 21.º		384	396	364	ue/regulamentos/2010/32010R0578.md
32010R0578	Artigo 22.º		398	408	292	ue/regulamentos/2010/32010R0578.md
32010R0578	Artigo 23.º		410	414	98	ue/regulamentos/2010/32010R0578.md
32010R0578	Artigo 24.º		416	424	282	ue/regulamentos/2010/32010R0578.md
32010R0578	Artigo 25.º		426	438	319	ue/regulamentos/2010/32010R0578.md
32010R0578	Artigo 26.º		440	448	166	ue/regulamentos/2010/32010R0578.md
32010R0578	Artigo 27.º		450	456	142	ue/regulamentos/2010/32010R0578.md
32010R0578	Artigo 28.º		458	476	610	ue/regulamentos/2010/32010R0578.md
32010R0578	Artigo 29.º		478	494	215	ue/regulamentos/2010/32010R0578.md
32010R0578	Artigo 30.º		496	510	156	ue/regulamentos/2010/32010R0578.md
32010R0578	Artigo 31.º		512	528	305	ue/regulamentos/2010/32010R0578.md
32010R0578	Artigo 32.º		530	544	286	ue/regulamentos/2010/32010R0578.md
32010R0578	Artigo 33.º		548	558	314	ue/regulamentos/2010/32010R0578.md
32010R0578	Artigo 34.º		560	576	439	ue/regulamentos/2010/32010R0578.md
32010R0578	Artigo 35.º		578	586	170	ue/regulamentos/2010/32010R0578.md
32010R0578	Artigo 36.º		588	590	78	ue/regulamentos/2010/32010R0578.md
32010R0578	Artigo 37.º		592	618	1226	ue/regulamentos/2010/32010R0578.md
32010R0578	Artigo 38.º		622	628	139	ue/regulamentos/2010/32010R0578.md
32010R0578	Artigo 39.º		630	642	354	ue/regulamentos/2010/32010R0578.md
32010R0578	Artigo 40.º		644	658	402	ue/regulamentos/2010/32010R0578.md
32010R0578	Artigo 41.º		660	666	230	ue/regulamentos/2010/32010R0578.md
32010R0578	Artigo 42.º		670	682	203	ue/regulamentos/2010/32010R0578.md
32010R0578	Artigo 43.º		684	692	169	ue/regulamentos/2010/32010R0578.md
32010R0578	Artigo 44.º		694	698	176	ue/regulamentos/2010/32010R0578.md
32010R0578	Artigo 45.º		702	712	405	ue/regulamentos/2010/32010R0578.md
32010R0578	Artigo 46.º		714	716	128	ue/regulamentos/2010/32010R0578.md
32010R0578	Artigo 47.º		718	724	202	ue/regulamentos/2010/32010R0578.md
32010R0578	Artigo 48.º		726	752	803	ue/regulamentos/2010/32010R0578.md
32010R0578	Artigo 49.º		754	762	348	ue/regulamentos/2010/32010R0578.md
32010R0578	Artigo 50.º		766	790	1135	ue/regulamentos/2010/32010R0578.md
32010R0578	Artigo 51.º		794	816	284	ue/regulamentos/2010/32010R0578.md
32010R0578	Artigo 52.º		818	832	436	ue/regulamentos/2010/32010R0578.md
32010R0578	Artigo 53.º		834	838	100	ue/regulamentos/2010/32010R0578.md
32010R0578	Artigo 53.º-A		840	848	256	ue/regulamentos/2010/32010R0578.md
32010R0578	Artigo 54.º		852	856	61	ue/regulamentos/2010/32010R0578.md
32010R0578	Artigo 55.º		858	864	97	ue/regulamentos/2010/32010R0578.md
32010R0578	ANEXO I		866	889	398	ue/regulamentos/2010/32010R0578.md
32010R0578	ANEXO II		891	1094	5004	ue/regulamentos/2010/32010R0578.md
32010R0578	ANEXO III		1096	1227	3983	ue/regulamentos/2010/32010R0578.md
32010R0578	ANEXO IV		1229	1299	2909	ue/regulamentos/2010/32010R0578.md
32010R0578	ANEXO V		1301	1370	1325	ue/regulamentos/2010/32010R0578.md
32010R0578	ANEXO VI		1372	1464	1156	ue/regulamentos/2010/32010R0578.md
32010R0578	ANEXO VII		1466	1506	1164	ue/regulamentos/2010/32010R0578.md
32010R0578	ANEXO VIII		1508	1588	510	ue/regulamentos/2010/32010R0578.md
32010R0578	ANEXO IX		1590	1731	1620	ue/regulamentos/2010/32010R0578.md
32010R0581	Preâmbulo		18	40	483	ue/regulamentos/2010/32010R0581.md
32010R0581	Artigo 1.º		44	56	190	ue/regulamentos/2010/32010R0581.md
32010R0581	Artigo 2.º		58	78	139	ue/regulamentos/2010/32010R0581.md
32010R0583	Preâmbulo		22	72	3717	ue/regulamentos/2010/32010R0583.md
32010R0583	Artigo 1.º	Objecto	78	80	46	ue/regulamentos/2010/32010R0583.md
32010R0583	Artigo 2.º	Princípios gerais	82	86	84	ue/regulamentos/2010/32010R0583.md
32010R0583	Artigo 3.º	Princípios relativos ao documento com as informações fundamentais destinadas aos investidores	88	94	250	ue/regulamentos/2010/32010R0583.md
32010R0583	Artigo 4.º	Título e conteúdo do documento	100	136	882	ue/regulamentos/2010/32010R0583.md
32010R0583	Artigo 5.º	Apresentação e linguagem	140	158	256	ue/regulamentos/2010/32010R0583.md
32010R0583	Artigo 6.º	Dimensão	160	162	40	ue/regulamentos/2010/32010R0583.md
32010R0583	Artigo 7.º	Conteúdos específicos da descrição	168	202	994	ue/regulamentos/2010/32010R0583.md
32010R0583	Artigo 8.º	Explicação dos riscos e remunerações potenciais, incluindo a utilização de um indicador	206	242	774	ue/regulamentos/2010/32010R0583.md
32010R0583	Artigo 9.º	Princípios que regem a identificação, explicação e apresentação dos riscos	244	246	119	ue/regulamentos/2010/32010R0583.md
32010R0583	Artigo 10.º	Apresentação dos encargos	250	260	232	ue/regulamentos/2010/32010R0583.md
32010R0583	Artigo 11.º	Explicação dos encargos e declaração acerca da sua importância	262	274	292	ue/regulamentos/2010/32010R0583.md
32010R0583	Artigo 12.º	Requisitos adicionais	276	282	183	ue/regulamentos/2010/32010R0583.md
32010R0583	Artigo 13.º	Casos específicos	284	292	161	ue/regulamentos/2010/32010R0583.md
32010R0583	Artigo 14.º	Referenciação cruzada	294	296	80	ue/regulamentos/2010/32010R0583.md
32010R0583	Artigo 15.º	Apresentação dos resultados anteriores	300	324	436	ue/regulamentos/2010/32010R0583.md
32010R0583	Artigo 16.º	Metodologia de cálculo dos resultados anteriores	326	328	66	ue/regulamentos/2010/32010R0583.md
32010R0583	Artigo 17.º	Impacto e tratamento de alterações significativas	330	334	145	ue/regulamentos/2010/32010R0583.md
32010R0583	Artigo 18.º	Recurso a padrões de referência juntamente com os resultados anteriores	336	340	150	ue/regulamentos/2010/32010R0583.md
32010R0583	Artigo 19.º	Utilização de dados «simulados» para os resultados anteriores	342	358	445	ue/regulamentos/2010/32010R0583.md
32010R0583	Artigo 20.º	Conteúdo da secção «Informações práticas»	362	380	445	ue/regulamentos/2010/32010R0583.md
32010R0583	Artigo 21.º	Utilização de referências cruzadas para outras fontes de informação	382	388	256	ue/regulamentos/2010/32010R0583.md
32010R0583	Artigo 22.º	Revisão das informações fundamentais destinadas ao investidor	392	398	178	ue/regulamentos/2010/32010R0583.md
32010R0583	Artigo 23.º	Publicação da versão alterada	400	406	242	ue/regulamentos/2010/32010R0583.md
32010R0583	Artigo 24.º	Alterações significativas da estrutura de encargos	408	416	253	ue/regulamentos/2010/32010R0583.md
32010R0583	Artigo 25.º	Compartimentos de investimento	422	434	356	ue/regulamentos/2010/32010R0583.md
32010R0583	Artigo 26.º	Documento com as informações fundamentais destinadas ao investidor para categorias de acções	438	448	406	ue/regulamentos/2010/32010R0583.md
32010R0583	Artigo 27.º	Secção de informações práticas	450	454	124	ue/regulamentos/2010/32010R0583.md
32010R0583	Artigo 28.º	Secção dos objectivos e política de investimento	458	460	134	ue/regulamentos/2010/32010R0583.md
32010R0583	Artigo 29.º	Perfil de risco e de remuneração	462	464	78	ue/regulamentos/2010/32010R0583.md
32010R0583	Artigo 30.º	Secção dos encargos	466	468	105	ue/regulamentos/2010/32010R0583.md
32010R0583	Artigo 31.º	Secção dos objectivos e política de investimento	472	480	211	ue/regulamentos/2010/32010R0583.md
32010R0583	Artigo 32.º	Secção do perfil de risco e de remuneração	482	486	160	ue/regulamentos/2010/32010R0583.md
32010R0583	Artigo 33.º	Secção dos encargos	488	492	110	ue/regulamentos/2010/32010R0583.md
32010R0583	Artigo 34.º	Secção de informações práticas	494	504	273	ue/regulamentos/2010/32010R0583.md
32010R0583	Artigo 35.º	Resultados anteriores	506	516	258	ue/regulamentos/2010/32010R0583.md
32010R0583	Artigo 36.º	Cenários hipotéticos de resultados	520	538	590	ue/regulamentos/2010/32010R0583.md
32010R0583	Artigo 37.º	Dimensão	540	542	45	ue/regulamentos/2010/32010R0583.md
32010R0583	Artigo 38.º	Condições aplicáveis à disponibilização de um documento com as informações fundamentais destinadas ao investidor ou de um prospecto num suporte duradouro difere	546	566	583	ue/regulamentos/2010/32010R0583.md
32010R0583	Artigo 39.º	Entrada em vigor	570	594	160	ue/regulamentos/2010/32010R0583.md
32010R0583	ANEXO I	REQUISITOS RELATIVOS À APRESENTAÇÃO DO INDICADOR SINTÉTICO	596	606	193	ue/regulamentos/2010/32010R0583.md
32010R0583	ANEXO II	APRESENTAÇÃO DOS ENCARGOS	608	623	243	ue/regulamentos/2010/32010R0583.md
32010R0583	ANEXO III	APRESENTAÇÃO DAS INFORMAÇÕES SOBRE OS RESULTADOS ANTERIORES	625	637	163	ue/regulamentos/2010/32010R0583.md
32010R0584	Artigo 6.º	Pedido de assistência para verificações no local ou investigações	36	64	544	ue/regulamentos/2010/32010R0584.md
32010R0584	Artigo 7.º	Realização da verificação no local ou investigação pela autoridade requerida	66	70	177	ue/regulamentos/2010/32010R0584.md
32010R0584	Artigo 8.º	Realização da verificação no local ou investigação pela autoridade requerente	72	78	198	ue/regulamentos/2010/32010R0584.md
32010R0584	Artigo 9.º	Realização da verificação no local ou investigação por auditores ou peritos	80	96	459	ue/regulamentos/2010/32010R0584.md
32010R0584	Artigo 10.º	Pedidos de assistência na inquirição de pessoas noutro Estado-Membro	98	130	537	ue/regulamentos/2010/32010R0584.md
32010R0584	Artigo 11.º	Disposições específicas relativas a verificações no local e investigações	132	140	415	ue/regulamentos/2010/32010R0584.md
32010R0584	Artigo 12.º	Troca de informações corrente	144	162	554	ue/regulamentos/2010/32010R0584.md
32010R0584	Artigo 13.º	Troca de informações sem solicitação prévia	164	166	82	ue/regulamentos/2010/32010R0584.md
32010R0584	Artigo 14.º	Entrada em vigor	170	178	83	ue/regulamentos/2010/32010R0584.md
32010R0586	Preâmbulo		18	34	314	ue/regulamentos/2010/32010R0586.md
32010R0586	Artigo 1.º		38	40	31	ue/regulamentos/2010/32010R0586.md
32010R0586	Artigo 2.º		42	60	132	ue/regulamentos/2010/32010R0586.md
32010R0586	ANEXO		62	68	59	ue/regulamentos/2010/32010R0586.md
32010R0588	Preâmbulo		18	34	329	ue/regulamentos/2010/32010R0588.md
32010R0588	Artigo 1.º		38	40	42	ue/regulamentos/2010/32010R0588.md
32010R0588	Artigo 2.º		42	44	22	ue/regulamentos/2010/32010R0588.md
32010R0588	Artigo 3.º		46	64	114	ue/regulamentos/2010/32010R0588.md
32010R0588	ANEXO I		66	76	151	ue/regulamentos/2010/32010R0588.md
32010R0588	ANEXO II		78	255	3305	ue/regulamentos/2010/32010R0588.md
32010R0589	Preâmbulo		18	42	555	ue/regulamentos/2010/32010R0589.md
32010R0589	Artigo 1.º		46	48	31	ue/regulamentos/2010/32010R0589.md
32010R0589	Artigo 2.º		50	64	94	ue/regulamentos/2010/32010R0589.md
32010R0589	ANEXO		66	95	490	ue/regulamentos/2010/32010R0589.md
32010R0590	Preâmbulo		18	236	11530	ue/regulamentos/2010/32010R0590.md
32010R0590	Artigo 1.º		240	246	58	ue/regulamentos/2010/32010R0590.md
32010R0590	Artigo 2.º		248	282	306	ue/regulamentos/2010/32010R0590.md
32010R0590	ANEXO A		284	625	6252	ue/regulamentos/2010/32010R0590.md
32010R0590	ANEXO B		627	651	962	ue/regulamentos/2010/32010R0590.md
32010R0593	Preâmbulo		18	32	326	ue/regulamentos/2010/32010R0593.md
32010R0593	Artigo 1.º		36	38	47	ue/regulamentos/2010/32010R0593.md
32010R0593	Artigo 2.º		40	60	124	ue/regulamentos/2010/32010R0593.md
32010R0593	ANEXO		62	70	51	ue/regulamentos/2010/32010R0593.md
32010R0600	Preâmbulo		22	42	499	ue/regulamentos/2010/32010R0600.md
32010R0600	Artigo 1.º		46	48	32	ue/regulamentos/2010/32010R0600.md
32010R0600	Artigo 2.º		50	64	96	ue/regulamentos/2010/32010R0600.md
32010R0600	ANEXO	«ANEXO I	66	635	8587	ue/regulamentos/2010/32010R0600.md
32010R0606	Preâmbulo		18	46	1231	ue/regulamentos/2010/32010R0606.md
32010R0606	Artigo 1.º		50	56	234	ue/regulamentos/2010/32010R0606.md
32010R0606	Artigo 2.º		58	76	117	ue/regulamentos/2010/32010R0606.md
32010R0611	Preâmbulo		18	34	358	ue/regulamentos/2010/32010R0611.md
32010R0611	Artigo 1.º		38	40	44	ue/regulamentos/2010/32010R0611.md
32010R0611	Artigo 2.º		42	44	22	ue/regulamentos/2010/32010R0611.md
32010R0611	Artigo 3.º		46	64	115	ue/regulamentos/2010/32010R0611.md
32010R0611	ANEXO I		66	90	380	ue/regulamentos/2010/32010R0611.md
32010R0611	ANEXO II		92	237	3272	ue/regulamentos/2010/32010R0611.md
32010R0612	Preâmbulo		18	32	212	ue/regulamentos/2010/32010R0612.md
32010R0612	Artigo 1.º		36	38	22	ue/regulamentos/2010/32010R0612.md
32010R0612	Artigo 2.º		40	56	106	ue/regulamentos/2010/32010R0612.md
32010R0612	ANEXO		58	66	56	ue/regulamentos/2010/32010R0612.md
32010R0613	Preâmbulo		18	32	211	ue/regulamentos/2010/32010R0613.md
32010R0613	Artigo 1.º		36	38	22	ue/regulamentos/2010/32010R0613.md
32010R0613	Artigo 2.º		40	56	106	ue/regulamentos/2010/32010R0613.md
32010R0613	ANEXO		58	66	62	ue/regulamentos/2010/32010R0613.md
32010R0621	Preâmbulo		18	36	249	ue/regulamentos/2010/32010R0621.md
32010R0621	Artigo 1.º		40	52	258	ue/regulamentos/2010/32010R0621.md
32010R0621	Artigo 2.º		54	72	120	ue/regulamentos/2010/32010R0621.md
32010R0622	Preâmbulo		18	32	211	ue/regulamentos/2010/32010R0622.md
32010R0622	Artigo 1.º		36	38	22	ue/regulamentos/2010/32010R0622.md
32010R0622	Artigo 2.º		40	56	106	ue/regulamentos/2010/32010R0622.md
32010R0622	ANEXO		58	66	56	ue/regulamentos/2010/32010R0622.md
32010R0623	Preâmbulo		18	32	214	ue/regulamentos/2010/32010R0623.md
32010R0623	Artigo 1.º		36	38	22	ue/regulamentos/2010/32010R0623.md
32010R0623	Artigo 2.º		40	56	106	ue/regulamentos/2010/32010R0623.md
32010R0623	ANEXO		58	66	60	ue/regulamentos/2010/32010R0623.md
32010R0624	Preâmbulo		18	32	228	ue/regulamentos/2010/32010R0624.md
32010R0624	Artigo 1.º		36	38	22	ue/regulamentos/2010/32010R0624.md
32010R0624	Artigo 2.º		40	56	106	ue/regulamentos/2010/32010R0624.md
32010R0624	ANEXO		58	66	58	ue/regulamentos/2010/32010R0624.md
32010R0634	Preâmbulo		18	32	213	ue/regulamentos/2010/32010R0634.md
32010R0634	Artigo 1.º		36	38	22	ue/regulamentos/2010/32010R0634.md
32010R0634	Artigo 2.º		40	56	106	ue/regulamentos/2010/32010R0634.md
32010R0634	ANEXO		58	66	64	ue/regulamentos/2010/32010R0634.md
32010R0663	Preâmbulo		18	34	359	ue/regulamentos/2010/32010R0663.md
32010R0663	Artigo 1.º		38	40	31	ue/regulamentos/2010/32010R0663.md
32010R0663	Artigo 2.º		42	60	132	ue/regulamentos/2010/32010R0663.md
32010R0663	ANEXO		62	86	1486	ue/regulamentos/2010/32010R0663.md
32010R0670	Preâmbulo		18	54	720	ue/regulamentos/2010/32010R0670.md
32010R0670	Artigo 1.º		58	60	30	ue/regulamentos/2010/32010R0670.md
32010R0670	Artigo 2.º		62	90	155	ue/regulamentos/2010/32010R0670.md
32010R0670	ANEXO		92	99	94	ue/regulamentos/2010/32010R0670.md
32010R0671	Preâmbulo		18	40	384	ue/regulamentos/2010/32010R0671.md
32010R0671	Artigo 1.º		44	48	48	ue/regulamentos/2010/32010R0671.md
32010R0671	Artigo 2.º		50	68	114	ue/regulamentos/2010/32010R0671.md
32010R0675	Preâmbulo		18	34	340	ue/regulamentos/2010/32010R0675.md
32010R0675	Artigo 1.º		38	42	44	ue/regulamentos/2010/32010R0675.md
32010R0675	Artigo 2.º		44	60	105	ue/regulamentos/2010/32010R0675.md
32010R0675	ANEXO		62	72	60	ue/regulamentos/2010/32010R0675.md
32010R0679	Preâmbulo		18	50	862	ue/regulamentos/2010/32010R0679.md
32010R0679	Artigo 1.º	Alterações ao Regulamento (CE) n.º 479/2009	54	58	40	ue/regulamentos/2010/32010R0679.md
32010R0679	«Artigo 2.º-A		60	82	354	ue/regulamentos/2010/32010R0679.md
32010R0679	«Artigo 11.º		84	90	135	ue/regulamentos/2010/32010R0679.md
32010R0679	«Artigo 11.º-A		92	94	106	ue/regulamentos/2010/32010R0679.md
32010R0679	Artigo 11.º-B		96	118	568	ue/regulamentos/2010/32010R0679.md
32010R0679	«Artigo 12.º		120	142	906	ue/regulamentos/2010/32010R0679.md
32010R0679	«Artigo 16.º		144	148	229	ue/regulamentos/2010/32010R0679.md
32010R0679	Artigo 2.º	Entrada em vigor	150	168	118	ue/regulamentos/2010/32010R0679.md
32010R0681	Preâmbulo		18	36	358	ue/regulamentos/2010/32010R0681.md
32010R0681	Artigo 1.º		40	42	31	ue/regulamentos/2010/32010R0681.md
32010R0681	Artigo 2.º		44	62	129	ue/regulamentos/2010/32010R0681.md
32010R0681	ANEXO		64	76	520	ue/regulamentos/2010/32010R0681.md
32010R0685	Preâmbulo		18	44	998	ue/regulamentos/2010/32010R0685.md
32010R0685	Artigo 1.º	Possibilidades de pesca para o biqueirão no golfo da Biscaia	48	61	260	ue/regulamentos/2010/32010R0685.md
32010R0685	Artigo 2.º	Alteração do Regulamento (UE) n.º 53/2010	63	72	104	ue/regulamentos/2010/32010R0685.md
32010R0685	Artigo 3.º	Entrada em vigor	74	96	164	ue/regulamentos/2010/32010R0685.md
32010R0692	Preâmbulo		18	38	536	ue/regulamentos/2010/32010R0692.md
32010R0692	Artigo 1.º		42	44	48	ue/regulamentos/2010/32010R0692.md
32010R0692	Artigo 2.º		46	48	132	ue/regulamentos/2010/32010R0692.md
32010R0692	Artigo 3.º		50	66	104	ue/regulamentos/2010/32010R0692.md
32010R0692	ANEXO		68	80	1260	ue/regulamentos/2010/32010R0692.md
32010R0697	Preâmbulo		18	32	212	ue/regulamentos/2010/32010R0697.md
32010R0697	Artigo 1.º		36	38	22	ue/regulamentos/2010/32010R0697.md
32010R0697	Artigo 2.º		40	56	106	ue/regulamentos/2010/32010R0697.md
32010R0697	ANEXO		58	66	59	ue/regulamentos/2010/32010R0697.md
32010R0698	Preâmbulo		18	32	208	ue/regulamentos/2010/32010R0698.md
32010R0698	Artigo 1.º		36	38	22	ue/regulamentos/2010/32010R0698.md
32010R0698	Artigo 2.º		40	56	106	ue/regulamentos/2010/32010R0698.md
32010R0698	ANEXO		58	66	38	ue/regulamentos/2010/32010R0698.md
32010R0699	Preâmbulo		18	32	212	ue/regulamentos/2010/32010R0699.md
32010R0699	Artigo 1.º		36	38	22	ue/regulamentos/2010/32010R0699.md
32010R0699	Artigo 2.º		40	56	106	ue/regulamentos/2010/32010R0699.md
32010R0699	ANEXO		58	66	59	ue/regulamentos/2010/32010R0699.md
32010R0700	Preâmbulo		18	32	224	ue/regulamentos/2010/32010R0700.md
32010R0700	Artigo 1.º		36	38	22	ue/regulamentos/2010/32010R0700.md
32010R0700	Artigo 2.º		40	56	106	ue/regulamentos/2010/32010R0700.md
32010R0700	ANEXO		58	66	56	ue/regulamentos/2010/32010R0700.md
32010R0701	Preâmbulo		18	32	344	ue/regulamentos/2010/32010R0701.md
32010R0701	Artigo 1.º		36	38	50	ue/regulamentos/2010/32010R0701.md
32010R0701	Artigo 2.º		40	60	124	ue/regulamentos/2010/32010R0701.md
32010R0701	ANEXO		62	70	59	ue/regulamentos/2010/32010R0701.md
32010R0702	Preâmbulo		18	52	1735	ue/regulamentos/2010/32010R0702.md
32010R0702	Artigo 1.º		56	58	22	ue/regulamentos/2010/32010R0702.md
32010R0702	Artigo 2.º		60	62	62	ue/regulamentos/2010/32010R0702.md
32010R0702	Artigo 3.º		64	82	115	ue/regulamentos/2010/32010R0702.md
32010R0702	ANEXO		84	92	42	ue/regulamentos/2010/32010R0702.md
32010R0709	Preâmbulo		22	68	973	ue/regulamentos/2010/32010R0709.md
32010R0709	Artigo 1.º		72	74	28	ue/regulamentos/2010/32010R0709.md
32010R0709	Artigo 2.º		76	90	96	ue/regulamentos/2010/32010R0709.md
32010R0709	ANEXO	«ANEXO	92	2172	34467	ue/regulamentos/2010/32010R0709.md
32010R0710	Preâmbulo		18	32	212	ue/regulamentos/2010/32010R0710.md
32010R0710	Artigo 1.º		36	38	22	ue/regulamentos/2010/32010R0710.md
32010R0710	Artigo 2.º		40	56	106	ue/regulamentos/2010/32010R0710.md
32010R0710	ANEXO		58	66	64	ue/regulamentos/2010/32010R0710.md
32010R0712	Preâmbulo		18	50	1852	ue/regulamentos/2010/32010R0712.md
32010R0712	Artigo 1.º	Alteração do Regulamento (UE) n.º 53/2010	54	58	43	ue/regulamentos/2010/32010R0712.md
32010R0712	«Artigo 15.º	Limitação das capacidades de pesca e de cultura e de engorda do atum rabilho	60	301	3607	ue/regulamentos/2010/32010R0712.md
32010R0712	Artigo 2.º	Alteração do Regulamento (CE) n.º 754/2009	303	312	335	ue/regulamentos/2010/32010R0712.md
32010R0712	Artigo 3.º		314	423	1616	ue/regulamentos/2010/32010R0712.md
32010R0713	Preâmbulo		18	34	320	ue/regulamentos/2010/32010R0713.md
32010R0713	Artigo 1.º		38	40	31	ue/regulamentos/2010/32010R0713.md
32010R0713	Artigo 2.º		42	58	132	ue/regulamentos/2010/32010R0713.md
32010R0713	ANEXO		60	92	782	ue/regulamentos/2010/32010R0713.md
32010R0715	Preâmbulo		22	46	544	ue/regulamentos/2010/32010R0715.md
32010R0715	Artigo 1.º		50	276	5116	ue/regulamentos/2010/32010R0715.md
32010R0715	Artigo 2.º		278	298	125	ue/regulamentos/2010/32010R0715.md
32010R0715	ANEXO		300	653	5884	ue/regulamentos/2010/32010R0715.md
32010R0716	Preâmbulo		18	38	483	ue/regulamentos/2010/32010R0716.md
32010R0716	Artigo 1.º		42	44	48	ue/regulamentos/2010/32010R0716.md
32010R0716	Artigo 2.º		46	48	80	ue/regulamentos/2010/32010R0716.md
32010R0716	Artigo 3.º		50	66	111	ue/regulamentos/2010/32010R0716.md
32010R0716	ANEXO		68	73	302	ue/regulamentos/2010/32010R0716.md
32010R0717	Preâmbulo		18	38	483	ue/regulamentos/2010/32010R0717.md
32010R0717	Artigo 1.º		42	44	48	ue/regulamentos/2010/32010R0717.md
32010R0717	Artigo 2.º		46	48	80	ue/regulamentos/2010/32010R0717.md
32010R0717	Artigo 3.º		50	66	111	ue/regulamentos/2010/32010R0717.md
32010R0717	ANEXO		68	73	383	ue/regulamentos/2010/32010R0717.md
32010R0720	Preâmbulo		18	122	3050	ue/regulamentos/2010/32010R0720.md
32010R0720	Artigo 1.º		126	132	407	ue/regulamentos/2010/32010R0720.md
32010R0720	Artigo 2.º		134	142	230	ue/regulamentos/2010/32010R0720.md
32010R0720	Artigo 3.º		144	165	483	ue/regulamentos/2010/32010R0720.md
32010R0720	Artigo 4.º		167	191	684	ue/regulamentos/2010/32010R0720.md
32010R0721	Preâmbulo		18	122	3043	ue/regulamentos/2010/32010R0721.md
32010R0721	Artigo 1.º		126	132	406	ue/regulamentos/2010/32010R0721.md
32010R0721	Artigo 2.º		134	142	230	ue/regulamentos/2010/32010R0721.md
32010R0721	Artigo 3.º		144	165	482	ue/regulamentos/2010/32010R0721.md
32010R0721	Artigo 4.º		167	191	676	ue/regulamentos/2010/32010R0721.md
32010R0724	Artigo 1.º	Objecto	54	56	63	ue/regulamentos/2010/32010R0724.md
32010R0724	Artigo 2.º	Âmbito de aplicação	58	68	104	ue/regulamentos/2010/32010R0724.md
32010R0724	Artigo 3.º	Definições	70	82	151	ue/regulamentos/2010/32010R0724.md
32010R0724	Artigo 4.º	Nível de capturas de desencadeamento	84	90	138	ue/regulamentos/2010/32010R0724.md
32010R0724	Artigo 5.º	Definição de juvenis	92	102	70	ue/regulamentos/2010/32010R0724.md
32010R0724	Artigo 6.º	Cálculo do nível de capturas de juvenis	104	118	417	ue/regulamentos/2010/32010R0724.md
32010R0724	Artigo 7.º	Encerramento de pescarias	120	148	375	ue/regulamentos/2010/32010R0724.md
32010R0724	Artigo 8.º	Informações	150	164	276	ue/regulamentos/2010/32010R0724.md
32010R0724	Artigo 9.º	Entrada em vigor	166	170	68	ue/regulamentos/2010/32010R0724.md
32010R0724	ANEXO I		172	196	303	ue/regulamentos/2010/32010R0724.md
32010R0724	ANEXO II		198	208	440	ue/regulamentos/2010/32010R0724.md
32010R0725	Preâmbulo		18	38	866	ue/regulamentos/2010/32010R0725.md
32010R0725	Artigo 1.º		42	44	48	ue/regulamentos/2010/32010R0725.md
32010R0725	Artigo 2.º		46	74	160	ue/regulamentos/2010/32010R0725.md
32010R0725	ANEXO		76	440	12025	ue/regulamentos/2010/32010R0725.md
32010R0727	Preâmbulo		18	38	482	ue/regulamentos/2010/32010R0727.md
32010R0727	Artigo 1.º		42	44	48	ue/regulamentos/2010/32010R0727.md
32010R0727	Artigo 2.º		46	48	78	ue/regulamentos/2010/32010R0727.md
32010R0727	Artigo 3.º		50	66	111	ue/regulamentos/2010/32010R0727.md
32010R0727	ANEXO		68	77	387	ue/regulamentos/2010/32010R0727.md
32010R0731	Preâmbulo		18	38	482	ue/regulamentos/2010/32010R0731.md
32010R0731	Artigo 1.º		42	44	49	ue/regulamentos/2010/32010R0731.md
32010R0731	Artigo 2.º		46	48	78	ue/regulamentos/2010/32010R0731.md
32010R0731	Artigo 3.º		50	66	110	ue/regulamentos/2010/32010R0731.md
32010R0731	ANEXO		68	74	873	ue/regulamentos/2010/32010R0731.md
32010R0732	Preâmbulo		18	38	483	ue/regulamentos/2010/32010R0732.md
32010R0732	Artigo 1.º		42	44	48	ue/regulamentos/2010/32010R0732.md
32010R0732	Artigo 2.º		46	48	80	ue/regulamentos/2010/32010R0732.md
32010R0732	Artigo 3.º		50	66	110	ue/regulamentos/2010/32010R0732.md
32010R0732	ANEXO		68	77	380	ue/regulamentos/2010/32010R0732.md
32010R0737	Preâmbulo		18	54	1088	ue/regulamentos/2010/32010R0737.md
32010R0737	Artigo 1.º		58	60	49	ue/regulamentos/2010/32010R0737.md
32010R0737	Artigo 2.º		62	68	193	ue/regulamentos/2010/32010R0737.md
32010R0737	Artigo 3.º		70	80	198	ue/regulamentos/2010/32010R0737.md
32010R0737	Artigo 4.º		82	96	275	ue/regulamentos/2010/32010R0737.md
32010R0737	Artigo 5.º		98	108	195	ue/regulamentos/2010/32010R0737.md
32010R0737	Artigo 6.º		110	132	348	ue/regulamentos/2010/32010R0737.md
32010R0737	Artigo 7.º		134	148	437	ue/regulamentos/2010/32010R0737.md
32010R0737	Artigo 8.º		150	158	146	ue/regulamentos/2010/32010R0737.md
32010R0737	Artigo 9.º		160	172	206	ue/regulamentos/2010/32010R0737.md
32010R0737	Artigo 10.º		174	178	73	ue/regulamentos/2010/32010R0737.md
32010R0737	Artigo 11.º		180	182	130	ue/regulamentos/2010/32010R0737.md
32010R0737	Artigo 12.º		184	206	133	ue/regulamentos/2010/32010R0737.md
32010R0737	ANEXO		208	517	1562	ue/regulamentos/2010/32010R0737.md
32010R0741	Preâmbulo		18	40	584	ue/regulamentos/2010/32010R0741.md
32010R0741	Artigo 1.º	Alteração do Regulamento (CE) n.º 1490/2002	44	50	119	ue/regulamentos/2010/32010R0741.md
32010R0741	Artigo 2.º	Alteração do Regulamento (CE) n.º 2229/2004	52	58	119	ue/regulamentos/2010/32010R0741.md
32010R0741	Artigo 3.º	Entrada em vigor	60	80	129	ue/regulamentos/2010/32010R0741.md
32010R0745	Preâmbulo		18	50	1378	ue/regulamentos/2010/32010R0745.md
32010R0745	Artigo 1.º		54	74	554	ue/regulamentos/2010/32010R0745.md
32010R0745	Artigo 2.º		76	92	105	ue/regulamentos/2010/32010R0745.md
32010R0745	ANEXO I		94	111	286	ue/regulamentos/2010/32010R0745.md
32010R0745	ANEXO II		113	122	94	ue/regulamentos/2010/32010R0745.md
32010R0745	ANEXO III		124	155	244	ue/regulamentos/2010/32010R0745.md
32010R0745	ANEXO IV		157	187	188	ue/regulamentos/2010/32010R0745.md
32010R0745	ANEXO V		189	208	140	ue/regulamentos/2010/32010R0745.md
32010R0745	ANEXO VI		210	234	137	ue/regulamentos/2010/32010R0745.md
32010R0745	ANEXO VII		236	253	100	ue/regulamentos/2010/32010R0745.md
32010R0745	ANEXO VIII		255	269	106	ue/regulamentos/2010/32010R0745.md
32010R0745	ANEXO IX		271	282	96	ue/regulamentos/2010/32010R0745.md
32010R0745	ANEXO X		284	294	110	ue/regulamentos/2010/32010R0745.md
32010R0750	Preâmbulo		18	48	1756	ue/regulamentos/2010/32010R0750.md
32010R0750	Artigo 1.º		52	54	34	ue/regulamentos/2010/32010R0750.md
32010R0750	Artigo 2.º		56	146	991	ue/regulamentos/2010/32010R0750.md
32010R0750	ANEXO		148	1470	23012	ue/regulamentos/2010/32010R0750.md
32010R0751	Preâmbulo		18	32	217	ue/regulamentos/2010/32010R0751.md
32010R0751	Artigo 1.º		36	38	22	ue/regulamentos/2010/32010R0751.md
32010R0751	Artigo 2.º		40	56	106	ue/regulamentos/2010/32010R0751.md
32010R0751	ANEXO		58	66	59	ue/regulamentos/2010/32010R0751.md
32010R0758	Preâmbulo		18	46	634	ue/regulamentos/2010/32010R0758.md
32010R0758	Artigo 1.º		50	52	30	ue/regulamentos/2010/32010R0758.md
32010R0758	Artigo 2.º		54	72	118	ue/regulamentos/2010/32010R0758.md
32010R0758	ANEXO		74	82	192	ue/regulamentos/2010/32010R0758.md
32010R0759	Preâmbulo		18	48	927	ue/regulamentos/2010/32010R0759.md
32010R0759	Artigo 1.º		52	54	30	ue/regulamentos/2010/32010R0759.md
32010R0759	Artigo 2.º		56	74	118	ue/regulamentos/2010/32010R0759.md
32010R0759	ANEXO		76	89	398	ue/regulamentos/2010/32010R0759.md
32010R0761	Preâmbulo		18	46	760	ue/regulamentos/2010/32010R0761.md
32010R0761	Artigo 1.º		50	52	30	ue/regulamentos/2010/32010R0761.md
32010R0761	Artigo 2.º		54	72	118	ue/regulamentos/2010/32010R0761.md
32010R0761	ANEXO		74	84	246	ue/regulamentos/2010/32010R0761.md
32010R0765	Preâmbulo		22	54	1585	ue/regulamentos/2010/32010R0765.md
32010R0765	Artigo 1.º		58	60	34	ue/regulamentos/2010/32010R0765.md
32010R0765	Artigo 2.º		62	106	470	ue/regulamentos/2010/32010R0765.md
32010R0765	ANEXO		108	1287	14769	ue/regulamentos/2010/32010R0765.md
32010R0768	Preâmbulo		18	40	493	ue/regulamentos/2010/32010R0768.md
32010R0768	Artigo 1.º		44	48	156	ue/regulamentos/2010/32010R0768.md
32010R0768	Artigo 2.º		50	56	179	ue/regulamentos/2010/32010R0768.md
32010R0768	Artigo 3.º		58	76	108	ue/regulamentos/2010/32010R0768.md
32010R0768	ANEXO		78	221	804	ue/regulamentos/2010/32010R0768.md
32010R0772	Preâmbulo		22	48	847	ue/regulamentos/2010/32010R0772.md
32010R0772	Artigo 1.º		52	76	370	ue/regulamentos/2010/32010R0772.md
32010R0772	«Artigo 81.º	Controlo relativo ao potencial de produção e às operações de reestruturação e reconversão de vinhas	78	102	1183	ue/regulamentos/2010/32010R0772.md
32010R0772	Artigo 2.º		104	120	106	ue/regulamentos/2010/32010R0772.md
32010R0775	Preâmbulo		18	32	224	ue/regulamentos/2010/32010R0775.md
32010R0775	Artigo 1.º		36	38	22	ue/regulamentos/2010/32010R0775.md
32010R0775	Artigo 2.º		40	56	105	ue/regulamentos/2010/32010R0775.md
32010R0775	ANEXO		58	66	53	ue/regulamentos/2010/32010R0775.md
32010R0776	Preâmbulo		18	32	233	ue/regulamentos/2010/32010R0776.md
32010R0776	Artigo 1.º		36	38	22	ue/regulamentos/2010/32010R0776.md
32010R0776	Artigo 2.º		40	56	106	ue/regulamentos/2010/32010R0776.md
32010R0776	ANEXO		58	66	46	ue/regulamentos/2010/32010R0776.md
32010R0777	Preâmbulo		18	32	341	ue/regulamentos/2010/32010R0777.md
32010R0777	Artigo 1.º		36	38	47	ue/regulamentos/2010/32010R0777.md
32010R0777	Artigo 2.º		40	60	124	ue/regulamentos/2010/32010R0777.md
32010R0777	ANEXO		62	70	54	ue/regulamentos/2010/32010R0777.md
32010R0778	Preâmbulo		18	32	327	ue/regulamentos/2010/32010R0778.md
32010R0778	Artigo 1.º		36	38	46	ue/regulamentos/2010/32010R0778.md
32010R0778	Artigo 2.º		40	60	125	ue/regulamentos/2010/32010R0778.md
32010R0778	ANEXO		62	70	56	ue/regulamentos/2010/32010R0778.md
32010R0779	Preâmbulo		18	34	354	ue/regulamentos/2010/32010R0779.md
32010R0779	Artigo 1.º		38	40	38	ue/regulamentos/2010/32010R0779.md
32010R0779	Artigo 2.º		42	44	22	ue/regulamentos/2010/32010R0779.md
32010R0779	Artigo 3.º		46	64	116	ue/regulamentos/2010/32010R0779.md
32010R0779	ANEXO I		66	76	184	ue/regulamentos/2010/32010R0779.md
32010R0779	ANEXO II		78	149	853	ue/regulamentos/2010/32010R0779.md
32010R0780	Preâmbulo		18	34	365	ue/regulamentos/2010/32010R0780.md
32010R0780	Artigo 1.º		38	40	38	ue/regulamentos/2010/32010R0780.md
32010R0780	Artigo 2.º		42	44	22	ue/regulamentos/2010/32010R0780.md
32010R0780	Artigo 3.º		46	64	116	ue/regulamentos/2010/32010R0780.md
32010R0780	ANEXO I		66	72	103	ue/regulamentos/2010/32010R0780.md
32010R0780	ANEXO II		74	145	743	ue/regulamentos/2010/32010R0780.md
32010R0783	Preâmbulo		18	32	223	ue/regulamentos/2010/32010R0783.md
32010R0783	Artigo 1.º		36	38	22	ue/regulamentos/2010/32010R0783.md
32010R0783	Artigo 2.º		40	56	106	ue/regulamentos/2010/32010R0783.md
32010R0783	ANEXO		58	66	52	ue/regulamentos/2010/32010R0783.md
32010R0784	Preâmbulo		18	32	218	ue/regulamentos/2010/32010R0784.md
32010R0784	Artigo 1.º		36	38	22	ue/regulamentos/2010/32010R0784.md
32010R0784	Artigo 2.º		40	56	106	ue/regulamentos/2010/32010R0784.md
32010R0784	ANEXO		58	66	46	ue/regulamentos/2010/32010R0784.md
32010R0787	Preâmbulo		18	38	434	ue/regulamentos/2010/32010R0787.md
32010R0787	Artigo 1.º		42	44	31	ue/regulamentos/2010/32010R0787.md
32010R0787	Artigo 2.º		46	62	129	ue/regulamentos/2010/32010R0787.md
32010R0787	ANEXO		64	88	1894	ue/regulamentos/2010/32010R0787.md
32010R0791	Preâmbulo		18	78	2336	ue/regulamentos/2010/32010R0791.md
32010R0791	Artigo 1.º		82	88	58	ue/regulamentos/2010/32010R0791.md
32010R0791	Artigo 2.º		90	114	211	ue/regulamentos/2010/32010R0791.md
32010R0791	ANEXO A		116	458	6270	ue/regulamentos/2010/32010R0791.md
32010R0791	ANEXO B		460	485	1016	ue/regulamentos/2010/32010R0791.md
32010R0801	Preâmbulo		18	36	261	ue/regulamentos/2010/32010R0801.md
32010R0801	Artigo 1.º	Classificação dos Estados de bandeira com base na taxa de detenções	40	46	224	ue/regulamentos/2010/32010R0801.md
32010R0801	Artigo 2.º	Desempenho dos Estados de bandeira com base nas auditorias IMO	48	50	139	ue/regulamentos/2010/32010R0801.md
32010R0801	Artigo 3.º	Entrada em vigor e aplicação	52	68	117	ue/regulamentos/2010/32010R0801.md
32010R0801	ANEXO		70	89	582	ue/regulamentos/2010/32010R0801.md
32010R0802	Artigo 1.º	Identificação das companhias	58	60	97	ue/regulamentos/2010/32010R0802.md
32010R0802	Artigo 2.º	Critérios de avaliação do desempenho das companhias	62	68	186	ue/regulamentos/2010/32010R0802.md
32010R0802	Artigo 3.º	Lista de companhias com desempenho baixo ou muito baixo	70	84	198	ue/regulamentos/2010/32010R0802.md
32010R0802	Artigo 4.º	Entrada em vigor e aplicação	86	92	84	ue/regulamentos/2010/32010R0802.md
32010R0802	ANEXO		94	144	902	ue/regulamentos/2010/32010R0802.md
32010R0812	Preâmbulo		18	739	22458	ue/regulamentos/2010/32010R0812.md
32010R0812	Artigo 1.º		743	756	436	ue/regulamentos/2010/32010R0812.md
32010R0812	Artigo 2.º		758	762	168	ue/regulamentos/2010/32010R0812.md
32010R0812	Artigo 3.º		764	793	164	ue/regulamentos/2010/32010R0812.md
32010R0821	Preâmbulo		18	34	236	ue/regulamentos/2010/32010R0821.md
32010R0821	Artigo 1.º		38	40	62	ue/regulamentos/2010/32010R0821.md
32010R0821	Artigo 2.º		42	56	98	ue/regulamentos/2010/32010R0821.md
32010R0821	ANEXO I		58	113	4381	ue/regulamentos/2010/32010R0821.md
32010R0821	ANEXO II		115	166	7408	ue/regulamentos/2010/32010R0821.md
32010R0822	Preâmbulo		18	46	719	ue/regulamentos/2010/32010R0822.md
32010R0822	Artigo 1.º		50	52	37	ue/regulamentos/2010/32010R0822.md
32010R0822	Artigo 2.º		54	74	124	ue/regulamentos/2010/32010R0822.md
32010R0822	ANEXO		76	520	8120	ue/regulamentos/2010/32010R0822.md
32010R0832	Preâmbulo		22	56	938	ue/regulamentos/2010/32010R0832.md
32010R0832	Artigo 1.º		60	114	955	ue/regulamentos/2010/32010R0832.md
32010R0832	Artigo 2.º		116	142	168	ue/regulamentos/2010/32010R0832.md
32010R0832	ANEXO I		144	186	748	ue/regulamentos/2010/32010R0832.md
32010R0832	ANEXO II	«ANEXO XX	188	1903	14882	ue/regulamentos/2010/32010R0832.md
32010R0835	Preâmbulo		18	34	314	ue/regulamentos/2010/32010R0835.md
32010R0835	Artigo 1.º		38	40	31	ue/regulamentos/2010/32010R0835.md
32010R0835	Artigo 2.º		42	58	132	ue/regulamentos/2010/32010R0835.md
32010R0835	ANEXO		60	66	208	ue/regulamentos/2010/32010R0835.md
32010R0837	Preâmbulo		22	36	266	ue/regulamentos/2010/32010R0837.md
32010R0837	Artigo 1.º		40	42	30	ue/regulamentos/2010/32010R0837.md
32010R0837	Artigo 2.º		44	62	120	ue/regulamentos/2010/32010R0837.md
32010R0837	ANEXO		64	138	1000	ue/regulamentos/2010/32010R0837.md
32010R0838	Preâmbulo		18	50	1144	ue/regulamentos/2010/32010R0838.md
32010R0838	Artigo 1.º		54	56	60	ue/regulamentos/2010/32010R0838.md
32010R0838	Artigo 2.º		58	60	40	ue/regulamentos/2010/32010R0838.md
32010R0838	Artigo 3.º		62	84	136	ue/regulamentos/2010/32010R0838.md
32010R0838	ANEXO		86	214	4482	ue/regulamentos/2010/32010R0838.md
32010R0849	Preâmbulo		22	40	263	ue/regulamentos/2010/32010R0849.md
32010R0849	Artigo 1.º		44	46	36	ue/regulamentos/2010/32010R0849.md
32010R0849	Artigo 2.º		48	66	114	ue/regulamentos/2010/32010R0849.md
32010R0849	ANEXO	«ANEXO I	68	1653	25828	ue/regulamentos/2010/32010R0849.md
32010R0850	Preâmbulo		18	108	2675	ue/regulamentos/2010/32010R0850.md
32010R0850	Artigo 1.º		112	114	184	ue/regulamentos/2010/32010R0850.md
32010R0850	Artigo 2.º		116	118	43	ue/regulamentos/2010/32010R0850.md
32010R0850	Artigo 3.º		120	122	84	ue/regulamentos/2010/32010R0850.md
32010R0850	Artigo 4.º		124	145	530	ue/regulamentos/2010/32010R0850.md
32010R0850	Artigo 5.º		147	167	229	ue/regulamentos/2010/32010R0850.md
32010R0851	Preâmbulo		18	34	334	ue/regulamentos/2010/32010R0851.md
32010R0851	Artigo 1.º		38	40	31	ue/regulamentos/2010/32010R0851.md
32010R0851	Artigo 2.º		42	58	132	ue/regulamentos/2010/32010R0851.md
32010R0851	ANEXO		60	78	1417	ue/regulamentos/2010/32010R0851.md
32010R0856	Preâmbulo		18	128	4982	ue/regulamentos/2010/32010R0856.md
32010R0856	Artigo 1.º		132	134	124	ue/regulamentos/2010/32010R0856.md
32010R0856	Artigo 2.º		136	168	175	ue/regulamentos/2010/32010R0856.md
32010R0857	Artigo 1.º		517	535	381	ue/regulamentos/2010/32010R0857.md
32010R0857	Artigo 2.º		537	539	151	ue/regulamentos/2010/32010R0857.md
32010R0857	Artigo 3.º		541	559	201	ue/regulamentos/2010/32010R0857.md
32010R0860	Preâmbulo		22	44	353	ue/regulamentos/2010/32010R0860.md
32010R0860	Artigo 1.º		48	50	20	ue/regulamentos/2010/32010R0860.md
32010R0860	Artigo 2.º		52	70	118	ue/regulamentos/2010/32010R0860.md
32010R0860	ANEXO		72	7415	185290	ue/regulamentos/2010/32010R0860.md
32010R0861	Preâmbulo		18	38	409	ue/regulamentos/2010/32010R0861.md
32010R0861	Artigo 1.º		42	44	27	ue/regulamentos/2010/32010R0861.md
32010R0861	Artigo 2.º		46	60	87	ue/regulamentos/2010/32010R0861.md
32010R0861	ANEXO I	NOMENCLATURA COMBINADA	62	32307	530378	ue/regulamentos/2010/32010R0861.md
32010R0874	Artigo 1.º		61	63	59	ue/regulamentos/2010/32010R0874.md
32010R0874	Artigo 2.º		65	69	100	ue/regulamentos/2010/32010R0874.md
32010R0874	Artigo 3.º		71	75	64	ue/regulamentos/2010/32010R0874.md
32010R0874	ANEXO		77	94	727	ue/regulamentos/2010/32010R0874.md
32010R0875	Preâmbulo		18	46	732	ue/regulamentos/2010/32010R0875.md
32010R0875	Artigo 1.º		50	52	63	ue/regulamentos/2010/32010R0875.md
32010R0875	Artigo 2.º		54	72	116	ue/regulamentos/2010/32010R0875.md
32010R0875	ANEXO		74	81	518	ue/regulamentos/2010/32010R0875.md
32010R0879	Preâmbulo		18	40	462	ue/regulamentos/2010/32010R0879.md
32010R0879	Artigo 1.º		44	46	29	ue/regulamentos/2010/32010R0879.md
32010R0879	Artigo 2.º		48	66	117	ue/regulamentos/2010/32010R0879.md
32010R0879	ANEXO		68	83	800	ue/regulamentos/2010/32010R0879.md
32010R0880	Preâmbulo		18	32	309	ue/regulamentos/2010/32010R0880.md
32010R0880	Artigo 1.º		36	38	47	ue/regulamentos/2010/32010R0880.md
32010R0880	Artigo 2.º		40	58	115	ue/regulamentos/2010/32010R0880.md
32010R0880	ANEXO		60	68	58	ue/regulamentos/2010/32010R0880.md
32010R0885	Artigo 1.º		36	38	59	ue/regulamentos/2010/32010R0885.md
32010R0885	Artigo 2.º		40	44	121	ue/regulamentos/2010/32010R0885.md
32010R0885	Artigo 3.º		46	50	64	ue/regulamentos/2010/32010R0885.md
32010R0885	ANEXO		52	59	852	ue/regulamentos/2010/32010R0885.md
32010R0886	Preâmbulo		18	32	227	ue/regulamentos/2010/32010R0886.md
32010R0886	Artigo 1.º		36	38	22	ue/regulamentos/2010/32010R0886.md
32010R0886	Artigo 2.º		40	56	106	ue/regulamentos/2010/32010R0886.md
32010R0886	ANEXO		58	66	53	ue/regulamentos/2010/32010R0886.md
32010R0890	Preâmbulo		18	44	606	ue/regulamentos/2010/32010R0890.md
32010R0890	Artigo 1.º		48	50	30	ue/regulamentos/2010/32010R0890.md
32010R0890	Artigo 2.º		52	70	117	ue/regulamentos/2010/32010R0890.md
32010R0890	ANEXO		72	81	288	ue/regulamentos/2010/32010R0890.md
32010R0892	Preâmbulo		22	46	952	ue/regulamentos/2010/32010R0892.md
32010R0892	Artigo 1.º		50	52	54	ue/regulamentos/2010/32010R0892.md
32010R0892	Artigo 2.º		54	56	44	ue/regulamentos/2010/32010R0892.md
32010R0892	Artigo 3.º		58	60	136	ue/regulamentos/2010/32010R0892.md
32010R0892	Artigo 4.º		62	78	106	ue/regulamentos/2010/32010R0892.md
32010R0892	ANEXO		80	198	1078	ue/regulamentos/2010/32010R0892.md
32010R0893	Preâmbulo		18	46	1243	ue/regulamentos/2010/32010R0893.md
32010R0893	Artigo 1.º		50	52	34	ue/regulamentos/2010/32010R0893.md
32010R0893	Artigo 2.º		54	124	818	ue/regulamentos/2010/32010R0893.md
32010R0893	ANEXO		126	1164	15422	ue/regulamentos/2010/32010R0893.md
32010R0895	Preâmbulo		18	32	214	ue/regulamentos/2010/32010R0895.md
32010R0895	Artigo 1.º		36	38	22	ue/regulamentos/2010/32010R0895.md
32010R0895	Artigo 2.º		40	56	106	ue/regulamentos/2010/32010R0895.md
32010R0895	ANEXO		58	66	55	ue/regulamentos/2010/32010R0895.md
32010R0896	Preâmbulo		18	32	238	ue/regulamentos/2010/32010R0896.md
32010R0896	Artigo 1.º		36	38	22	ue/regulamentos/2010/32010R0896.md
32010R0896	Artigo 2.º		40	56	106	ue/regulamentos/2010/32010R0896.md
32010R0896	ANEXO		58	66	79	ue/regulamentos/2010/32010R0896.md
32010R0897	Preâmbulo		18	32	212	ue/regulamentos/2010/32010R0897.md
32010R0897	Artigo 1.º		36	38	22	ue/regulamentos/2010/32010R0897.md
32010R0897	Artigo 2.º		40	56	106	ue/regulamentos/2010/32010R0897.md
32010R0897	ANEXO		58	66	56	ue/regulamentos/2010/32010R0897.md
32010R0898	Preâmbulo		18	32	216	ue/regulamentos/2010/32010R0898.md
32010R0898	Artigo 1.º		36	38	22	ue/regulamentos/2010/32010R0898.md
32010R0898	Artigo 2.º		40	56	106	ue/regulamentos/2010/32010R0898.md
32010R0898	ANEXO		58	66	56	ue/regulamentos/2010/32010R0898.md
32010R0899	Preâmbulo		18	32	212	ue/regulamentos/2010/32010R0899.md
32010R0899	Artigo 1.º		36	38	22	ue/regulamentos/2010/32010R0899.md
32010R0899	Artigo 2.º		40	56	106	ue/regulamentos/2010/32010R0899.md
32010R0899	ANEXO		58	66	56	ue/regulamentos/2010/32010R0899.md
32010R0900	Preâmbulo		18	32	224	ue/regulamentos/2010/32010R0900.md
32010R0900	Artigo 1.º		36	38	22	ue/regulamentos/2010/32010R0900.md
32010R0900	Artigo 2.º		40	56	106	ue/regulamentos/2010/32010R0900.md
32010R0900	ANEXO		58	66	48	ue/regulamentos/2010/32010R0900.md
32010R0901	Preâmbulo		18	32	214	ue/regulamentos/2010/32010R0901.md
32010R0901	Artigo 1.º		36	38	22	ue/regulamentos/2010/32010R0901.md
32010R0901	Artigo 2.º		40	56	106	ue/regulamentos/2010/32010R0901.md
32010R0901	ANEXO		58	66	60	ue/regulamentos/2010/32010R0901.md
32010R0904	Artigo 1.º		43	57	400	ue/regulamentos/2010/32010R0904.md
32010R0904	Artigo 2.º		59	121	1186	ue/regulamentos/2010/32010R0904.md
32010R0904	Artigo 3.º		123	135	189	ue/regulamentos/2010/32010R0904.md
32010R0904	Artigo 4.º		137	145	330	ue/regulamentos/2010/32010R0904.md
32010R0904	Artigo 5.º		147	149	62	ue/regulamentos/2010/32010R0904.md
32010R0904	Artigo 6.º		151	153	112	ue/regulamentos/2010/32010R0904.md
32010R0904	Artigo 7.º		159	195	1137	ue/regulamentos/2010/32010R0904.md
32010R0904	Artigo 8.º		197	199	109	ue/regulamentos/2010/32010R0904.md
32010R0904	Artigo 9.º		201	205	126	ue/regulamentos/2010/32010R0904.md
32010R0904	Artigo 10.º		209	213	84	ue/regulamentos/2010/32010R0904.md
32010R0904	Artigo 11.º		215	217	48	ue/regulamentos/2010/32010R0904.md
32010R0904	Artigo 12.º		219	221	70	ue/regulamentos/2010/32010R0904.md
32010R0904	Artigo 13.º		225	243	325	ue/regulamentos/2010/32010R0904.md
32010R0904	Artigo 14.º		245	259	401	ue/regulamentos/2010/32010R0904.md
32010R0904	Artigo 15.º		261	263	96	ue/regulamentos/2010/32010R0904.md
32010R0904	Artigo 16.º		267	269	140	ue/regulamentos/2010/32010R0904.md
32010R0904	Artigo 17.º		283	317	531	ue/regulamentos/2010/32010R0904.md
32010R0904	Artigo 18.º		319	321	84	ue/regulamentos/2010/32010R0904.md
32010R0904	Artigo 19.º		323	327	100	ue/regulamentos/2010/32010R0904.md
32010R0904	Artigo 20.º		329	335	156	ue/regulamentos/2010/32010R0904.md
32010R0904	Artigo 21.º		337	431	1771	ue/regulamentos/2010/32010R0904.md
32010R0904	Artigo 21.º-A		433	449	355	ue/regulamentos/2010/32010R0904.md
32010R0904	Artigo 22.º		451	457	282	ue/regulamentos/2010/32010R0904.md
32010R0904	Artigo 23.º		459	467	314	ue/regulamentos/2010/32010R0904.md
32010R0904	Artigo 24.º		469	475	142	ue/regulamentos/2010/32010R0904.md
32010R0904	Artigo 24.º-A		479	481	62	ue/regulamentos/2010/32010R0904.md
32010R0904	Artigo 24.º-B		483	495	216	ue/regulamentos/2010/32010R0904.md
32010R0904	Artigo 24.º-C		497	509	189	ue/regulamentos/2010/32010R0904.md
32010R0904	Artigo 24.º-D		511	513	86	ue/regulamentos/2010/32010R0904.md
32010R0904	Artigo 24.º-E		515	535	363	ue/regulamentos/2010/32010R0904.md
32010R0904	Artigo 24.º-F		537	543	142	ue/regulamentos/2010/32010R0904.md
32010R0904	Artigo 25.º		547	549	112	ue/regulamentos/2010/32010R0904.md
32010R0904	Artigo 26.º		551	553	54	ue/regulamentos/2010/32010R0904.md
32010R0904	Artigo 27.º		555	557	55	ue/regulamentos/2010/32010R0904.md
32010R0904	Artigo 28.º		567	589	786	ue/regulamentos/2010/32010R0904.md
32010R0904	Artigo 29.º		593	595	48	ue/regulamentos/2010/32010R0904.md
32010R0904	Artigo 30.º		597	603	248	ue/regulamentos/2010/32010R0904.md
32010R0904	Artigo 31.º		607	625	282	ue/regulamentos/2010/32010R0904.md
32010R0904	Artigo 32.º		627	635	109	ue/regulamentos/2010/32010R0904.md
32010R0904	Artigo 33.º		639	661	322	ue/regulamentos/2010/32010R0904.md
32010R0904	Artigo 34.º		663	675	148	ue/regulamentos/2010/32010R0904.md
32010R0904	Artigo 35.º		677	681	66	ue/regulamentos/2010/32010R0904.md
32010R0904	Artigo 36.º		683	725	862	ue/regulamentos/2010/32010R0904.md
32010R0904	Artigo 37.º		727	739	178	ue/regulamentos/2010/32010R0904.md
32010R0904	Artigo 37.º ‐A		743	753	344	ue/regulamentos/2010/32010R0904.md
32010R0904	Artigo 37.º ‐B		755	765	454	ue/regulamentos/2010/32010R0904.md
32010R0904	Artigo 38.º		771	773	65	ue/regulamentos/2010/32010R0904.md
32010R0904	Artigo 39.º		775	781	295	ue/regulamentos/2010/32010R0904.md
32010R0904	Artigo 40.º		783	789	304	ue/regulamentos/2010/32010R0904.md
32010R0904	Artigo 41.º		791	795	286	ue/regulamentos/2010/32010R0904.md
32010R0904	Artigo 42.º		797	801	99	ue/regulamentos/2010/32010R0904.md
32010R0904	Artigo 43.º		811	813	36	ue/regulamentos/2010/32010R0904.md
32010R0904	Artigo 44.º		815	823	404	ue/regulamentos/2010/32010R0904.md
32010R0904	Artigo 45.º		825	831	360	ue/regulamentos/2010/32010R0904.md
32010R0904	Artigo 46.º		833	845	404	ue/regulamentos/2010/32010R0904.md
32010R0904	Artigo 47.º		847	853	135	ue/regulamentos/2010/32010R0904.md
32010R0904	Artigo 47.º-A		867	871	26	ue/regulamentos/2010/32010R0904.md
32010R0904	Artigo 47.º-B		875	881	417	ue/regulamentos/2010/32010R0904.md
32010R0904	Artigo 47.º-C		883	893	380	ue/regulamentos/2010/32010R0904.md
32010R0904	Artigo 47.º-D		895	903	318	ue/regulamentos/2010/32010R0904.md
32010R0904	Artigo 47.º-E		905	907	52	ue/regulamentos/2010/32010R0904.md
32010R0904	Artigo 47.º-F		909	917	331	ue/regulamentos/2010/32010R0904.md
32010R0904	Artigo 47.º-G		919	923	122	ue/regulamentos/2010/32010R0904.md
32010R0904	Artigo 47.º-H		927	929	106	ue/regulamentos/2010/32010R0904.md
32010R0904	Artigo 47.º-I		931	941	289	ue/regulamentos/2010/32010R0904.md
32010R0904	Artigo 47.º-J		943	955	298	ue/regulamentos/2010/32010R0904.md
32010R0904	Artigo 47.º-K		959	961	92	ue/regulamentos/2010/32010R0904.md
32010R0904	Artigo 47.º-L		965	983	320	ue/regulamentos/2010/32010R0904.md
32010R0904	Artigo 48.º		987	1003	827	ue/regulamentos/2010/32010R0904.md
32010R0904	Artigo 49.º		1013	1035	488	ue/regulamentos/2010/32010R0904.md
32010R0904	Artigo 50.º		1039	1047	260	ue/regulamentos/2010/32010R0904.md
32010R0904	Artigo 51.º		1051	1057	194	ue/regulamentos/2010/32010R0904.md
32010R0904	Artigo 52.º		1059	1061	112	ue/regulamentos/2010/32010R0904.md
32010R0904	Artigo 53.º		1063	1067	273	ue/regulamentos/2010/32010R0904.md
32010R0904	Artigo 54.º		1069	1087	602	ue/regulamentos/2010/32010R0904.md
32010R0904	Artigo 55.º		1089	1125	1140	ue/regulamentos/2010/32010R0904.md
32010R0904	Artigo 56.º		1127	1129	119	ue/regulamentos/2010/32010R0904.md
32010R0904	Artigo 57.º		1131	1141	142	ue/regulamentos/2010/32010R0904.md
32010R0904	Artigo 58.º		1145	1153	63	ue/regulamentos/2010/32010R0904.md
32010R0904	Artigo 59.º		1155	1159	92	ue/regulamentos/2010/32010R0904.md
32010R0904	Artigo 60.º		1161	1165	144	ue/regulamentos/2010/32010R0904.md
32010R0904	Artigo 61.º		1167	1173	136	ue/regulamentos/2010/32010R0904.md
32010R0904	Artigo 62.º		1175	1193	170	ue/regulamentos/2010/32010R0904.md
32010R0904	ANEXO II		1195	1204	114	ue/regulamentos/2010/32010R0904.md
32010R0904	ANEXO III		1206	1319	1663	ue/regulamentos/2010/32010R0904.md
32010R0906	Preâmbulo		18	34	333	ue/regulamentos/2010/32010R0906.md
32010R0906	Artigo 1.º		38	40	31	ue/regulamentos/2010/32010R0906.md
32010R0906	Artigo 2.º		42	58	132	ue/regulamentos/2010/32010R0906.md
32010R0906	ANEXO		60	70	499	ue/regulamentos/2010/32010R0906.md
32010R0913	Artigo 1.º	Objeto e âmbito de aplicação	33	37	195	ue/regulamentos/2010/32010R0913.md
32010R0913	Artigo 2.º	Definições	39	53	442	ue/regulamentos/2010/32010R0913.md
32010R0913	Artigo 3.º	Organização e governação dos corredores de transporte de mercadorias	61	69	309	ue/regulamentos/2010/32010R0913.md
32010R0913	Artigo 8.º	Administração dos corredores de transporte de mercadorias	71	121	1876	ue/regulamentos/2010/32010R0913.md
32010R0913	Artigo 9.º	Medidas de desenvolvimento do corredor de transporte de mercadorias	123	153	966	ue/regulamentos/2010/32010R0913.md
32010R0913	Artigo 10.º	Consulta dos candidatos	155	157	92	ue/regulamentos/2010/32010R0913.md
32010R0913	Artigo 11.º	Planeamento dos investimentos	163	177	504	ue/regulamentos/2010/32010R0913.md
32010R0913	Artigo 12.º	Coordenação das obras	179	181	90	ue/regulamentos/2010/32010R0913.md
32010R0913	Artigo 13.º	Balcão único para os pedidos de capacidade de infra-estrutura	185	199	616	ue/regulamentos/2010/32010R0913.md
32010R0913	Artigo 14.º	Capacidades atribuídas aos comboios de mercadorias	201	239	1156	ue/regulamentos/2010/32010R0913.md
32010R0913	Artigo 15.º	Candidatos autorizados	241	245	192	ue/regulamentos/2010/32010R0913.md
32010R0913	Artigo 16.º	Gestão do tráfego	247	251	166	ue/regulamentos/2010/32010R0913.md
32010R0913	Artigo 17.º	Gestão do tráfego em caso de perturbação	253	263	342	ue/regulamentos/2010/32010R0913.md
32010R0913	Artigo 18.º	Informações sobre as condições de utilização do corredor de transporte de mercadorias	265	281	174	ue/regulamentos/2010/32010R0913.md
32010R0913	Artigo 19.º	Qualidade do serviço prestado no corredor de transporte de mercadorias	283	293	447	ue/regulamentos/2010/32010R0913.md
32010R0913	Artigo 20.º	Entidades reguladoras	295	315	628	ue/regulamentos/2010/32010R0913.md
32010R0913	Artigo 22.º	Acompanhamento da execução	323	325	104	ue/regulamentos/2010/32010R0913.md
32010R0913	Artigo 23.º	Relatório	327	331	62	ue/regulamentos/2010/32010R0913.md
32010R0913	Artigo 24.º	Medidas transitórias	333	335	45	ue/regulamentos/2010/32010R0913.md
32010R0913	Artigo 25.º	Entrada em vigor	337	349	111	ue/regulamentos/2010/32010R0913.md
32010R0914	Preâmbulo		18	50	960	ue/regulamentos/2010/32010R0914.md
32010R0914	Artigo 1.º		54	56	30	ue/regulamentos/2010/32010R0914.md
32010R0914	Artigo 2.º		58	76	118	ue/regulamentos/2010/32010R0914.md
32010R0914	ANEXO		78	89	394	ue/regulamentos/2010/32010R0914.md
32010R0916	Preâmbulo		18	32	350	ue/regulamentos/2010/32010R0916.md
32010R0916	Artigo 1.º		36	38	47	ue/regulamentos/2010/32010R0916.md
32010R0916	Artigo 2.º		40	60	124	ue/regulamentos/2010/32010R0916.md
32010R0916	ANEXO		62	70	40	ue/regulamentos/2010/32010R0916.md
32010R0917	Preâmbulo		18	32	228	ue/regulamentos/2010/32010R0917.md
32010R0917	Artigo 1.º		36	38	22	ue/regulamentos/2010/32010R0917.md
32010R0917	Artigo 2.º		40	56	106	ue/regulamentos/2010/32010R0917.md
32010R0917	ANEXO		58	66	41	ue/regulamentos/2010/32010R0917.md
32010R0918	Preâmbulo		18	32	224	ue/regulamentos/2010/32010R0918.md
32010R0918	Artigo 1.º		36	38	22	ue/regulamentos/2010/32010R0918.md
32010R0918	Artigo 2.º		40	56	106	ue/regulamentos/2010/32010R0918.md
32010R0918	ANEXO		58	66	54	ue/regulamentos/2010/32010R0918.md
32010R0923	Preâmbulo		18	32	224	ue/regulamentos/2010/32010R0923.md
32010R0923	Artigo 1.º		36	38	22	ue/regulamentos/2010/32010R0923.md
32010R0923	Artigo 2.º		40	56	106	ue/regulamentos/2010/32010R0923.md
32010R0923	ANEXO		58	66	57	ue/regulamentos/2010/32010R0923.md
32010R0930	Preâmbulo		18	34	238	ue/regulamentos/2010/32010R0930.md
32010R0930	Artigo 1.º		38	40	22	ue/regulamentos/2010/32010R0930.md
32010R0930	Artigo 2.º		42	58	106	ue/regulamentos/2010/32010R0930.md
32010R0930	ANEXO		60	68	38	ue/regulamentos/2010/32010R0930.md
32010R0956	Preâmbulo		18	44	916	ue/regulamentos/2010/32010R0956.md
32010R0956	Artigo 1.º		48	50	31	ue/regulamentos/2010/32010R0956.md
32010R0956	Artigo 2.º		52	68	109	ue/regulamentos/2010/32010R0956.md
32010R0956	ANEXO		70	108	904	ue/regulamentos/2010/32010R0956.md
32010R0957	Preâmbulo		18	66	2142	ue/regulamentos/2010/32010R0957.md
32010R0957	Artigo 1.º		70	74	92	ue/regulamentos/2010/32010R0957.md
32010R0957	Artigo 2.º		76	80	116	ue/regulamentos/2010/32010R0957.md
32010R0957	Artigo 3.º		82	106	152	ue/regulamentos/2010/32010R0957.md
32010R0957	ANEXO I		108	115	385	ue/regulamentos/2010/32010R0957.md
32010R0957	ANEXO II		117	125	349	ue/regulamentos/2010/32010R0957.md
32010R0958	Preâmbulo		18	46	887	ue/regulamentos/2010/32010R0958.md
32010R0958	Artigo 1.º		50	54	78	ue/regulamentos/2010/32010R0958.md
32010R0958	Artigo 2.º		56	72	108	ue/regulamentos/2010/32010R0958.md
32010R0958	ANEXO		74	80	124	ue/regulamentos/2010/32010R0958.md
32010R0966	Preâmbulo		22	112	2402	ue/regulamentos/2010/32010R0966.md
32010R0966	Artigo 1.º		116	118	346	ue/regulamentos/2010/32010R0966.md
32010R0966	Artigo 2.º		120	126	174	ue/regulamentos/2010/32010R0966.md
32010R0966	Artigo 3.º		128	150	478	ue/regulamentos/2010/32010R0966.md
32010R0966	Artigo 4.º		152	176	691	ue/regulamentos/2010/32010R0966.md
32010R0970	Preâmbulo		18	32	224	ue/regulamentos/2010/32010R0970.md
32010R0970	Artigo 1.º		36	38	22	ue/regulamentos/2010/32010R0970.md
32010R0970	Artigo 2.º		40	56	106	ue/regulamentos/2010/32010R0970.md
32010R0970	ANEXO		58	66	55	ue/regulamentos/2010/32010R0970.md
32010R0971	Preâmbulo		18	32	216	ue/regulamentos/2010/32010R0971.md
32010R0971	Artigo 1.º		36	38	22	ue/regulamentos/2010/32010R0971.md
32010R0971	Artigo 2.º		40	56	106	ue/regulamentos/2010/32010R0971.md
32010R0971	ANEXO		58	66	43	ue/regulamentos/2010/32010R0971.md
32010R0975	Preâmbulo		18	32	213	ue/regulamentos/2010/32010R0975.md
32010R0975	Artigo 1.º		36	38	22	ue/regulamentos/2010/32010R0975.md
32010R0975	Artigo 2.º		40	56	106	ue/regulamentos/2010/32010R0975.md
32010R0975	ANEXO		58	66	56	ue/regulamentos/2010/32010R0975.md
32010R0976	Preâmbulo		18	32	214	ue/regulamentos/2010/32010R0976.md
32010R0976	Artigo 1.º		36	38	22	ue/regulamentos/2010/32010R0976.md
32010R0976	Artigo 2.º		40	56	106	ue/regulamentos/2010/32010R0976.md
32010R0976	ANEXO		58	66	54	ue/regulamentos/2010/32010R0976.md
32010R0977	Preâmbulo		18	32	214	ue/regulamentos/2010/32010R0977.md
32010R0977	Artigo 1.º		36	38	22	ue/regulamentos/2010/32010R0977.md
32010R0977	Artigo 2.º		40	56	124	ue/regulamentos/2010/32010R0977.md
32010R0977	ANEXO		58	66	60	ue/regulamentos/2010/32010R0977.md
32010R0978	Preâmbulo		18	36	218	ue/regulamentos/2010/32010R0978.md
32010R0978	Artigo 1.º		40	42	22	ue/regulamentos/2010/32010R0978.md
32010R0978	Artigo 2.º		44	60	106	ue/regulamentos/2010/32010R0978.md
32010R0978	ANEXO		62	70	46	ue/regulamentos/2010/32010R0978.md
32010R0979	Preâmbulo		18	32	212	ue/regulamentos/2010/32010R0979.md
32010R0979	Artigo 1.º		36	38	22	ue/regulamentos/2010/32010R0979.md
32010R0979	Artigo 2.º		40	56	106	ue/regulamentos/2010/32010R0979.md
32010R0979	ANEXO		58	66	46	ue/regulamentos/2010/32010R0979.md
32010R0984	Preâmbulo		18	34	237	ue/regulamentos/2010/32010R0984.md
32010R0984	Artigo 1.º		38	40	22	ue/regulamentos/2010/32010R0984.md
32010R0984	Artigo 2.º		42	58	106	ue/regulamentos/2010/32010R0984.md
32010R0984	ANEXO		60	68	39	ue/regulamentos/2010/32010R0984.md
32010R0985	Preâmbulo		18	32	212	ue/regulamentos/2010/32010R0985.md
32010R0985	Artigo 1.º		36	38	22	ue/regulamentos/2010/32010R0985.md
32010R0985	Artigo 2.º		40	56	106	ue/regulamentos/2010/32010R0985.md
32010R0985	ANEXO		58	66	57	ue/regulamentos/2010/32010R0985.md
32010R0986	Preâmbulo		18	32	233	ue/regulamentos/2010/32010R0986.md
32010R0986	Artigo 1.º		36	38	22	ue/regulamentos/2010/32010R0986.md
32010R0986	Artigo 2.º		40	56	106	ue/regulamentos/2010/32010R0986.md
32010R0986	ANEXO		58	66	60	ue/regulamentos/2010/32010R0986.md
32010R0987	Preâmbulo		18	32	215	ue/regulamentos/2010/32010R0987.md
32010R0987	Artigo 1.º		36	38	22	ue/regulamentos/2010/32010R0987.md
32010R0987	Artigo 2.º		40	56	106	ue/regulamentos/2010/32010R0987.md
32010R0987	ANEXO		58	66	58	ue/regulamentos/2010/32010R0987.md
32010R0990	Preâmbulo		18	32	212	ue/regulamentos/2010/32010R0990.md
32010R0990	Artigo 1.º		36	38	22	ue/regulamentos/2010/32010R0990.md
32010R0990	Artigo 2.º		40	56	106	ue/regulamentos/2010/32010R0990.md
32010R0990	ANEXO		58	66	55	ue/regulamentos/2010/32010R0990.md
32010R0991	Preâmbulo		18	32	209	ue/regulamentos/2010/32010R0991.md
32010R0991	Artigo 1.º		36	38	22	ue/regulamentos/2010/32010R0991.md
32010R0991	Artigo 2.º		40	56	106	ue/regulamentos/2010/32010R0991.md
32010R0991	ANEXO		58	66	56	ue/regulamentos/2010/32010R0991.md
32010R0995	Artigo 1.º	Objecto	36	38	52	ue/regulamentos/2010/32010R0995.md
32010R0995	Artigo 2.º	Definições	40	68	625	ue/regulamentos/2010/32010R0995.md
32010R0995	Artigo 3.º	Estatuto da madeira e dos produtos da madeira abrangidos pela regulamentação FLEGT e CITES	70	74	176	ue/regulamentos/2010/32010R0995.md
32010R0995	Artigo 4.º	Obrigações dos operadores	76	82	218	ue/regulamentos/2010/32010R0995.md
32010R0995	Artigo 5.º	Obrigação de rastreabilidade	84	92	124	ue/regulamentos/2010/32010R0995.md
32010R0995	Artigo 6.º	Sistemas de diligência devida	94	136	872	ue/regulamentos/2010/32010R0995.md
32010R0995	Artigo 7.º	Autoridades competentes	138	144	136	ue/regulamentos/2010/32010R0995.md
32010R0995	Artigo 8.º	Organizações de vigilância	146	180	907	ue/regulamentos/2010/32010R0995.md
32010R0995	Artigo 9.º	Lista de organizações de vigilância	182	184	62	ue/regulamentos/2010/32010R0995.md
32010R0995	Artigo 10.º	Inspecções dos operadores	186	206	423	ue/regulamentos/2010/32010R0995.md
32010R0995	Artigo 11.º	Registos das inspecções	208	212	116	ue/regulamentos/2010/32010R0995.md
32010R0995	Artigo 12.º	Cooperação	214	218	129	ue/regulamentos/2010/32010R0995.md
32010R0995	Artigo 13.º	Assistência técnica, consultadoria e intercâmbio de informações	220	226	288	ue/regulamentos/2010/32010R0995.md
32010R0995	Artigo 14.º	Alterações ao Anexo	228	232	202	ue/regulamentos/2010/32010R0995.md
32010R0995	Artigo 15.º	Exercício da delegação	234	240	208	ue/regulamentos/2010/32010R0995.md
32010R0995	Artigo 16.º	Revogação da delegação	242	248	210	ue/regulamentos/2010/32010R0995.md
32010R0995	Artigo 17.º	Objecções aos actos delegados	250	258	234	ue/regulamentos/2010/32010R0995.md
32010R0995	Artigo 18.º	Comité	260	266	113	ue/regulamentos/2010/32010R0995.md
32010R0995	Artigo 19.º	Sanções	268	280	272	ue/regulamentos/2010/32010R0995.md
32010R0995	Artigo 20.º		282	298	628	ue/regulamentos/2010/32010R0995.md
32010R0995	Artigo 21.º	Entrada em vigor e aplicação	300	306	117	ue/regulamentos/2010/32010R0995.md
32010R0995	ANEXO		308	352	811	ue/regulamentos/2010/32010R0995.md
32010R0996	Artigo 1.º	Objecto	30	34	256	ue/regulamentos/2010/32010R0996.md
32010R0996	Artigo 2.º	Definições	36	98	1642	ue/regulamentos/2010/32010R0996.md
32010R0996	Artigo 3.º	Âmbito de aplicação	100	114	450	ue/regulamentos/2010/32010R0996.md
32010R0996	Artigo 4.º	Autoridade responsável pelas investigações de segurança na aviação civil	116	142	771	ue/regulamentos/2010/32010R0996.md
32010R0996	Artigo 5.º	Investigação obrigatória	144	158	598	ue/regulamentos/2010/32010R0996.md
32010R0996	Artigo 6.º	Cooperação entre as autoridades responsáveis pelas investigações de segurança	160	164	194	ue/regulamentos/2010/32010R0996.md
32010R0996	Artigo 7.º	Rede europeia de autoridades responsáveis pelas investigações de segurança na aviação civil	166	196	1100	ue/regulamentos/2010/32010R0996.md
32010R0996	Artigo 8.º	Participação da AESA e das autoridades nacionais da aviação civil nas investigações de segurança	198	218	560	ue/regulamentos/2010/32010R0996.md
32010R0996	Artigo 9.º	Obrigação de notificar acidentes e incidentes graves	220	224	165	ue/regulamentos/2010/32010R0996.md
32010R0996	Artigo 10.º	Participação dos Estados-Membros nas investigações de segurança	226	230	266	ue/regulamentos/2010/32010R0996.md
32010R0996	Artigo 11.º	Estatuto dos investigadores de segurança	232	254	646	ue/regulamentos/2010/32010R0996.md
32010R0996	Artigo 12.º	Coordenação das investigações	256	278	773	ue/regulamentos/2010/32010R0996.md
32010R0996	Artigo 13.º	Preservação dos elementos de prova	280	286	356	ue/regulamentos/2010/32010R0996.md
32010R0996	Artigo 14.º	Protecção das informações de segurança sensíveis	288	322	988	ue/regulamentos/2010/32010R0996.md
32010R0996	Artigo 15.º	Comunicação de informações	324	334	581	ue/regulamentos/2010/32010R0996.md
32010R0996	Artigo 16.º	Relatório da investigação	336	358	762	ue/regulamentos/2010/32010R0996.md
32010R0996	Artigo 17.º	Recomendações de segurança	360	366	226	ue/regulamentos/2010/32010R0996.md
32010R0996	Artigo 18.º	Acompanhamento das recomendações de segurança e respectiva base de dados	368	382	491	ue/regulamentos/2010/32010R0996.md
32010R0996	Artigo 20.º	Informações sobre pessoas e mercadorias perigosas a bordo	384	396	498	ue/regulamentos/2010/32010R0996.md
32010R0996	Artigo 21.º	Assistência às vítimas de acidentes de aviação e aos seus familiares	398	416	663	ue/regulamentos/2010/32010R0996.md
32010R0996	Artigo 22.º	Acesso aos documentos e protecção dos dados pessoais	418	422	223	ue/regulamentos/2010/32010R0996.md
32010R0996	Artigo 23.º	Sanções	424	426	50	ue/regulamentos/2010/32010R0996.md
32010R0996	Artigo 24.º	Alteração do regulamento	428	430	87	ue/regulamentos/2010/32010R0996.md
32010R0996	Artigo 25.º	Revogação	432	434	16	ue/regulamentos/2010/32010R0996.md
32010R0996	Artigo 26.º	Entrada em vigor	436	440	69	ue/regulamentos/2010/32010R0996.md
32010R0996	ANEXO		442	490	806	ue/regulamentos/2010/32010R0996.md
32010R0999	Preâmbulo		22	46	662	ue/regulamentos/2010/32010R0999.md
32010R0999	Artigo 1.º		50	52	69	ue/regulamentos/2010/32010R0999.md
32010R0999	Artigo 2.º		54	72	117	ue/regulamentos/2010/32010R0999.md
32010R0999	ANEXO		74	85	594	ue/regulamentos/2010/32010R0999.md
32010R1000	Artigo 4.º	Cereais	80	86	238	ue/regulamentos/2010/32010R1000.md
32010R1000	Artigo 5.º	Arroz	88	92	158	ue/regulamentos/2010/32010R1000.md
32010R1000	Artigo 6.º	Açúcar	94	96	100	ue/regulamentos/2010/32010R1000.md
32010R1000	Artigo 7.º	Azeite	98	100	101	ue/regulamentos/2010/32010R1000.md
32010R1000	Artigo 8.º	Certificados de exportação com restituição nos sectores da carne de bovino, da carne de suíno, dos ovos e da carne de aves de capoeira	102	106	255	ue/regulamentos/2010/32010R1000.md
32010R1000	Artigo 9.º	Açúcar e isoglucose extraquota	108	112	142	ue/regulamentos/2010/32010R1000.md
32010R1000	Artigo 10.º		114	116	25	ue/regulamentos/2010/32010R1000.md
32010R1000	Artigo 11.º	Entrada em vigor	118	124	84	ue/regulamentos/2010/32010R1000.md
32010R1000	ANEXO I		126	137	163	ue/regulamentos/2010/32010R1000.md
32010R1000	ANEXO II		139	150	165	ue/regulamentos/2010/32010R1000.md
32010R1000	ANEXO III		152	163	225	ue/regulamentos/2010/32010R1000.md
32010R1000	ANEXO IV		165	174	166	ue/regulamentos/2010/32010R1000.md
32010R1000	ANEXO V		176	185	133	ue/regulamentos/2010/32010R1000.md
32010R1000	ANEXO VI		187	232	252	ue/regulamentos/2010/32010R1000.md
32010R1001	Preâmbulo		18	36	368	ue/regulamentos/2010/32010R1001.md
32010R1001	Artigo 1.º		40	42	31	ue/regulamentos/2010/32010R1001.md
32010R1001	Artigo 2.º		44	60	129	ue/regulamentos/2010/32010R1001.md
32010R1001	ANEXO		62	114	3027	ue/regulamentos/2010/32010R1001.md
32010R1004	Artigo 1.º		81	85	74	ue/regulamentos/2010/32010R1004.md
32010R1004	Artigo 2.º		87	91	64	ue/regulamentos/2010/32010R1004.md
32010R1004	ANEXO		93	155	1664	ue/regulamentos/2010/32010R1004.md
32010R1016(01)	Artigo 1.º		231	233	42	ue/regulamentos/2010/32010R1016(01).md
32010R1016(01)	Artigo 2.º		235	271	842	ue/regulamentos/2010/32010R1016(01).md
32010R1016(01)	Artigo 3.º		275	277	91	ue/regulamentos/2010/32010R1016(01).md
32010R1016(01)	Artigo 4.º		281	283	39	ue/regulamentos/2010/32010R1016(01).md
32010R1016(01)	Artigo 5.º		285	297	139	ue/regulamentos/2010/32010R1016(01).md
32010R1016(01)	Artigo 6.º		299	305	98	ue/regulamentos/2010/32010R1016(01).md
32010R1016(01)	Artigo 7.º		309	311	38	ue/regulamentos/2010/32010R1016(01).md
32010R1016(01)	Artigo 8.º		313	321	212	ue/regulamentos/2010/32010R1016(01).md
32010R1016(01)	Artigo 9.º		323	333	194	ue/regulamentos/2010/32010R1016(01).md
32010R1016(01)	Artigo 10.º		335	353	552	ue/regulamentos/2010/32010R1016(01).md
32010R1016(01)	Artigo 11.º		355	357	68	ue/regulamentos/2010/32010R1016(01).md
32010R1016(01)	Artigo 12.º		359	361	41	ue/regulamentos/2010/32010R1016(01).md
32010R1016(01)	Artigo 13.º		363	367	187	ue/regulamentos/2010/32010R1016(01).md
32010R1016(01)	Artigo 14.º		369	375	327	ue/regulamentos/2010/32010R1016(01).md
32010R1016(01)	Artigo 15.º		379	389	249	ue/regulamentos/2010/32010R1016(01).md
32010R1016(01)	Artigo 16.º		391	401	316	ue/regulamentos/2010/32010R1016(01).md
32010R1016(01)	Artigo 17.º		405	407	90	ue/regulamentos/2010/32010R1016(01).md
32010R1016(01)	Artigo 18.º		411	413	64	ue/regulamentos/2010/32010R1016(01).md
32010R1016(01)	Artigo 19.º		415	441	458	ue/regulamentos/2010/32010R1016(01).md
32010R1016(01)	Artigo 20.º		443	445	106	ue/regulamentos/2010/32010R1016(01).md
32010R1016(01)	Artigo 21.º		447	465	365	ue/regulamentos/2010/32010R1016(01).md
32010R1016(01)	Artigo 22.º		469	471	35	ue/regulamentos/2010/32010R1016(01).md
32010R1016(01)	Artigo 23.º		473	481	285	ue/regulamentos/2010/32010R1016(01).md
32010R1016(01)	Artigo 24.º		483	487	86	ue/regulamentos/2010/32010R1016(01).md
32010R1016(01)	Artigo 25.º		491	501	465	ue/regulamentos/2010/32010R1016(01).md
32010R1016(01)	Artigo 25.º-A		503	517	185	ue/regulamentos/2010/32010R1016(01).md
32010R1016(01)	Artigo 26.º		521	533	481	ue/regulamentos/2010/32010R1016(01).md
32010R1016(01)	Artigo 27.º		539	573	783	ue/regulamentos/2010/32010R1016(01).md
32010R1016(01)	Artigo 28.º		575	577	64	ue/regulamentos/2010/32010R1016(01).md
32010R1016(01)	Artigo 29.º		581	583	21	ue/regulamentos/2010/32010R1016(01).md
32010R1016(01)	Artigo 30.º		585	587	80	ue/regulamentos/2010/32010R1016(01).md
32010R1016(01)	Artigo 31.º		589	609	200	ue/regulamentos/2010/32010R1016(01).md
32010R1016(01)	Artigo 32.º		611	619	306	ue/regulamentos/2010/32010R1016(01).md
32010R1016(01)	Artigo 33.º		625	629	120	ue/regulamentos/2010/32010R1016(01).md
32010R1016(01)	Artigo 34.º		631	635	147	ue/regulamentos/2010/32010R1016(01).md
32010R1016(01)	Artigo 35.º		637	643	238	ue/regulamentos/2010/32010R1016(01).md
32010R1016(01)	Artigo 36.º		645	649	104	ue/regulamentos/2010/32010R1016(01).md
32010R1016(01)	Artigo 37.º		655	657	28	ue/regulamentos/2010/32010R1016(01).md
32010R1016(01)	Artigo 38.º		661	675	545	ue/regulamentos/2010/32010R1016(01).md
32010R1016(01)	Artigo 39.º		677	697	522	ue/regulamentos/2010/32010R1016(01).md
32010R1016(01)	Artigo 40.º		699	705	413	ue/regulamentos/2010/32010R1016(01).md
32010R1016(01)	Artigo 41.º		707	709	175	ue/regulamentos/2010/32010R1016(01).md
32010R1016(01)	Artigo 42.º		711	713	61	ue/regulamentos/2010/32010R1016(01).md
32010R1016(01)	Artigo 43.º		717	753	719	ue/regulamentos/2010/32010R1016(01).md
32010R1016(01)	Artigo 44.º		757	763	206	ue/regulamentos/2010/32010R1016(01).md
32010R1016(01)	Artigo 45.º		769	775	200	ue/regulamentos/2010/32010R1016(01).md
32010R1016(01)	Artigo 46.º		777	781	225	ue/regulamentos/2010/32010R1016(01).md
32010R1016(01)	Artigo 47.º		785	805	854	ue/regulamentos/2010/32010R1016(01).md
32010R1016(01)	Artigo 48.º		809	819	148	ue/regulamentos/2010/32010R1016(01).md
32010R1016(01)	Artigo 49.º		821	831	137	ue/regulamentos/2010/32010R1016(01).md
32010R1016(01)	Artigo 50.º		837	839	53	ue/regulamentos/2010/32010R1016(01).md
32010R1016(01)	Artigo 51.º		841	843	32	ue/regulamentos/2010/32010R1016(01).md
32010R1016(01)	Artigo 52.º		847	849	52	ue/regulamentos/2010/32010R1016(01).md
32010R1016(01)	Artigo 53.º		853	867	350	ue/regulamentos/2010/32010R1016(01).md
32010R1016(01)	Artigo 54.º		871	873	51	ue/regulamentos/2010/32010R1016(01).md
32010R1016(01)	Artigo 55.º		877	891	417	ue/regulamentos/2010/32010R1016(01).md
32010R1016(01)	Artigo 56.º		893	897	65	ue/regulamentos/2010/32010R1016(01).md
32010R1016(01)	Artigo 57.º		899	903	162	ue/regulamentos/2010/32010R1016(01).md
32010R1016(01)	Artigo 58.º		905	911	153	ue/regulamentos/2010/32010R1016(01).md
32010R1016(01)	Artigo 58.º-A		913	917	197	ue/regulamentos/2010/32010R1016(01).md
32010R1016(01)	Artigo 58.º-B		919	921	64	ue/regulamentos/2010/32010R1016(01).md
32010R1016(01)	Artigo 59.º		925	933	324	ue/regulamentos/2010/32010R1016(01).md
32010R1016(01)	Artigo 60.º		937	945	203	ue/regulamentos/2010/32010R1016(01).md
32010R1016(01)	Artigo 61.º		949	959	272	ue/regulamentos/2010/32010R1016(01).md
32010R1016(01)	Artigo 62.º		961	975	368	ue/regulamentos/2010/32010R1016(01).md
32010R1016(01)	Artigo 63.º		977	987	81	ue/regulamentos/2010/32010R1016(01).md
32010R1016(01)	Artigo 64.º		991	999	67	ue/regulamentos/2010/32010R1016(01).md
32010R1016(01)	Artigo 65.º		1001	1007	180	ue/regulamentos/2010/32010R1016(01).md
32010R1016(01)	Artigo 66.º		1011	1019	239	ue/regulamentos/2010/32010R1016(01).md
32010R1016(01)	Artigo 67.º		1023	1039	232	ue/regulamentos/2010/32010R1016(01).md
32010R1016(01)	Artigo 68.º		1041	1043	28	ue/regulamentos/2010/32010R1016(01).md
32010R1016(01)	Artigo 69.º		1047	1049	58	ue/regulamentos/2010/32010R1016(01).md
32010R1016(01)	Artigo 70.º		1053	1055	41	ue/regulamentos/2010/32010R1016(01).md
32010R1016(01)	Artigo 71.º		1059	1065	285	ue/regulamentos/2010/32010R1016(01).md
32010R1016(01)	Artigo 72.º		1067	1085	626	ue/regulamentos/2010/32010R1016(01).md
32010R1016(01)	Artigo 73.º		1087	1091	161	ue/regulamentos/2010/32010R1016(01).md
32010R1016(01)	Artigo 74.º		1095	1113	656	ue/regulamentos/2010/32010R1016(01).md
32010R1016(01)	Artigo 74.º-A		1117	1123	194	ue/regulamentos/2010/32010R1016(01).md
32010R1016(01)	Artigo 74.º-B		1127	1129	140	ue/regulamentos/2010/32010R1016(01).md
32010R1016(01)	Artigo 75.º		1133	1139	210	ue/regulamentos/2010/32010R1016(01).md
32010R1016(01)	Artigo 76.º		1145	1153	108	ue/regulamentos/2010/32010R1016(01).md
32010R1016(01)	Artigo 77.º		1155	1161	114	ue/regulamentos/2010/32010R1016(01).md
32010R1016(01)	Artigo 78.º		1163	1181	113	ue/regulamentos/2010/32010R1016(01).md
32010R1016(01)	Artigo 79.º		1183	1187	107	ue/regulamentos/2010/32010R1016(01).md
32010R1016(01)	Artigo 80.º		1189	1199	296	ue/regulamentos/2010/32010R1016(01).md
32010R1016(01)	Artigo 81.º		1201	1207	114	ue/regulamentos/2010/32010R1016(01).md
32010R1016(01)	Artigo 82.º		1209	1213	154	ue/regulamentos/2010/32010R1016(01).md
32010R1016(01)	Artigo 83.º		1215	1225	275	ue/regulamentos/2010/32010R1016(01).md
32010R1016(01)	Artigo 84.º		1231	1239	162	ue/regulamentos/2010/32010R1016(01).md
32010R1016(01)	Artigo 85.º		1241	1243	55	ue/regulamentos/2010/32010R1016(01).md
32010R1016(01)	Artigo 86.º		1247	1249	56	ue/regulamentos/2010/32010R1016(01).md
32010R1016(01)	Artigo 87.º		1251	1257	93	ue/regulamentos/2010/32010R1016(01).md
32010R1016(01)	Artigo 88.º		1259	1261	82	ue/regulamentos/2010/32010R1016(01).md
32010R1016(01)	Artigo 89.º		1265	1269	74	ue/regulamentos/2010/32010R1016(01).md
32010R1016(01)	Artigo 90.º		1273	1277	103	ue/regulamentos/2010/32010R1016(01).md
32010R1016(01)	Artigo 91.º		1283	1285	33	ue/regulamentos/2010/32010R1016(01).md
32010R1016(01)	Artigo 92.º		1287	1293	153	ue/regulamentos/2010/32010R1016(01).md
32010R1016(01)	Artigo 93.º		1295	1297	71	ue/regulamentos/2010/32010R1016(01).md
32010R1016(01)	Artigo 94.º		1301	1307	198	ue/regulamentos/2010/32010R1016(01).md
32010R1016(01)	Artigo 95.º		1309	1315	244	ue/regulamentos/2010/32010R1016(01).md
32010R1016(01)	Artigo 96.º		1317	1321	118	ue/regulamentos/2010/32010R1016(01).md
32010R1016(01)	Artigo 97.º		1325	1327	51	ue/regulamentos/2010/32010R1016(01).md
32010R1016(01)	Artigo 98.º		1329	1355	192	ue/regulamentos/2010/32010R1016(01).md
32010R1021	Preâmbulo		18	32	211	ue/regulamentos/2010/32010R1021.md
32010R1021	Artigo 1.º		36	38	22	ue/regulamentos/2010/32010R1021.md
32010R1021	Artigo 2.º		40	56	106	ue/regulamentos/2010/32010R1021.md
32010R1021	ANEXO		58	66	58	ue/regulamentos/2010/32010R1021.md
32010R1022	Preâmbulo		18	38	467	ue/regulamentos/2010/32010R1022.md
32010R1022	Artigo 1.º		42	50	191	ue/regulamentos/2010/32010R1022.md
32010R1022	Artigo 2.º		52	66	98	ue/regulamentos/2010/32010R1022.md
32010R1022	ANEXO		68	84	194	ue/regulamentos/2010/32010R1022.md
32010R1023	Preâmbulo		18	32	211	ue/regulamentos/2010/32010R1023.md
32010R1023	Artigo 1.º		36	38	22	ue/regulamentos/2010/32010R1023.md
32010R1023	Artigo 2.º		40	56	106	ue/regulamentos/2010/32010R1023.md
32010R1023	ANEXO		58	66	54	ue/regulamentos/2010/32010R1023.md
32010R1025	Preâmbulo		18	32	209	ue/regulamentos/2010/32010R1025.md
32010R1025	Artigo 1.º		36	38	22	ue/regulamentos/2010/32010R1025.md
32010R1025	Artigo 2.º		40	56	106	ue/regulamentos/2010/32010R1025.md
32010R1025	ANEXO		58	66	61	ue/regulamentos/2010/32010R1025.md
32010R1027	Preâmbulo		18	36	358	ue/regulamentos/2010/32010R1027.md
32010R1027	Artigo 1.º		40	42	31	ue/regulamentos/2010/32010R1027.md
32010R1027	Artigo 2.º		44	60	129	ue/regulamentos/2010/32010R1027.md
32010R1027	ANEXO		62	70	243	ue/regulamentos/2010/32010R1027.md
32010R1035	Preâmbulo		18	574	14874	ue/regulamentos/2010/32010R1035.md
32010R1035	Artigo 1.º		578	593	226	ue/regulamentos/2010/32010R1035.md
32010R1035	Artigo 2.º		595	599	165	ue/regulamentos/2010/32010R1035.md
32010R1035	Artigo 3.º		601	621	147	ue/regulamentos/2010/32010R1035.md
32010R1036	Preâmbulo		18	488	13772	ue/regulamentos/2010/32010R1036.md
32010R1036	Artigo 1.º		492	500	189	ue/regulamentos/2010/32010R1036.md
32010R1036	Artigo 2.º		502	506	165	ue/regulamentos/2010/32010R1036.md
32010R1036	Artigo 3.º		508	526	124	ue/regulamentos/2010/32010R1036.md
32010R1041	Preâmbulo		18	36	397	ue/regulamentos/2010/32010R1041.md
32010R1041	Artigo 1.º		40	51	142	ue/regulamentos/2010/32010R1041.md
32010R1041	Artigo 2.º		53	71	116	ue/regulamentos/2010/32010R1041.md
32010R1041	ANEXO	«ANEXO I.A	73	137	455	ue/regulamentos/2010/32010R1041.md
32010R1042	Preâmbulo		18	709	25702	ue/regulamentos/2010/32010R1042.md
32010R1042	Artigo 1.º		713	728	574	ue/regulamentos/2010/32010R1042.md
32010R1042	Artigo 2.º		730	734	163	ue/regulamentos/2010/32010R1042.md
32010R1042	Artigo 3.º		736	760	220	ue/regulamentos/2010/32010R1042.md
32010R1054	Preâmbulo		18	46	600	ue/regulamentos/2010/32010R1054.md
32010R1054	Artigo 1.º		50	54	32	ue/regulamentos/2010/32010R1054.md
32010R1054	«Artigo 4.º	Autorização das despesas	56	70	445	ue/regulamentos/2010/32010R1054.md
32010R1054	Artigo 2.º		72	90	116	ue/regulamentos/2010/32010R1054.md
32010R1064	Preâmbulo		18	168	5896	ue/regulamentos/2010/32010R1064.md
32010R1064	Artigo 1.º		172	174	61	ue/regulamentos/2010/32010R1064.md
32010R1064	Artigo 2.º		176	216	216	ue/regulamentos/2010/32010R1064.md
32010R1065	Preâmbulo		18	38	482	ue/regulamentos/2010/32010R1065.md
32010R1065	Artigo 1.º		42	44	48	ue/regulamentos/2010/32010R1065.md
32010R1065	Artigo 2.º		46	48	78	ue/regulamentos/2010/32010R1065.md
32010R1065	Artigo 3.º		50	66	111	ue/regulamentos/2010/32010R1065.md
32010R1065	ANEXO		68	73	304	ue/regulamentos/2010/32010R1065.md
32010R1067	Preâmbulo		18	38	481	ue/regulamentos/2010/32010R1067.md
32010R1067	Artigo 1.º		42	44	52	ue/regulamentos/2010/32010R1067.md
32010R1067	Artigo 2.º		46	48	78	ue/regulamentos/2010/32010R1067.md
32010R1067	Artigo 3.º		50	66	111	ue/regulamentos/2010/32010R1067.md
32010R1067	ANEXO		68	75	1216	ue/regulamentos/2010/32010R1067.md
32010R1071	Preâmbulo		18	262	14380	ue/regulamentos/2010/32010R1071.md
32010R1071	Artigo 1.º		266	272	63	ue/regulamentos/2010/32010R1071.md
32010R1071	Artigo 2.º		274	304	253	ue/regulamentos/2010/32010R1071.md
32010R1071	ANEXO A		306	653	6274	ue/regulamentos/2010/32010R1071.md
32010R1071	ANEXO B		655	680	1024	ue/regulamentos/2010/32010R1071.md
32010R1076	Preâmbulo		18	38	482	ue/regulamentos/2010/32010R1076.md
32010R1076	Artigo 1.º		42	44	49	ue/regulamentos/2010/32010R1076.md
32010R1076	Artigo 2.º		46	48	78	ue/regulamentos/2010/32010R1076.md
32010R1076	Artigo 3.º		50	66	111	ue/regulamentos/2010/32010R1076.md
32010R1076	ANEXO		68	73	442	ue/regulamentos/2010/32010R1076.md
32010R1080	Preâmbulo		18	88	3276	ue/regulamentos/2010/32010R1080.md
32010R1080	Artigo 1.º		92	141	1163	ue/regulamentos/2010/32010R1080.md
32010R1080	Artigo 95.º		145	153	332	ue/regulamentos/2010/32010R1080.md
32010R1080	Artigo 96.º		155	161	192	ue/regulamentos/2010/32010R1080.md
32010R1080	Artigo 97.º		163	165	157	ue/regulamentos/2010/32010R1080.md
32010R1080	Artigo 98.º		167	175	464	ue/regulamentos/2010/32010R1080.md
32010R1080	Artigo 99.º		177	185	250	ue/regulamentos/2010/32010R1080.md
32010R1080	«Artigo 9.º-A		187	189	122	ue/regulamentos/2010/32010R1080.md
32010R1080	Artigo 2.º		191	235	691	ue/regulamentos/2010/32010R1080.md
32010R1080	Artigo 50.º-B		239	245	288	ue/regulamentos/2010/32010R1080.md
32010R1080	Artigo 50.º-C		247	257	110	ue/regulamentos/2010/32010R1080.md
32010R1080	«Artigo 118.º		259	263	77	ue/regulamentos/2010/32010R1080.md
32010R1080	«Artigo 121.º		265	269	136	ue/regulamentos/2010/32010R1080.md
32010R1080	Artigo 3.º		271	283	848	ue/regulamentos/2010/32010R1080.md
32010R1080	Artigo 4.º		285	287	65	ue/regulamentos/2010/32010R1080.md
32010R1080	Artigo 5.º		289	319	244	ue/regulamentos/2010/32010R1080.md
32010R1088	Preâmbulo		18	38	488	ue/regulamentos/2010/32010R1088.md
32010R1088	Artigo 1.º		42	72	407	ue/regulamentos/2010/32010R1088.md
32010R1088	Artigo 2.º	Entrada em vigor	74	92	124	ue/regulamentos/2010/32010R1088.md
32010R1088	ANEXO I	«ANEXO I	94	128	795	ue/regulamentos/2010/32010R1088.md
32010R1088	ANEXO II	«ANEXO IV	130	358	3182	ue/regulamentos/2010/32010R1088.md
32010R1088	ANEXO III	«ANEXO V	360	466	1364	ue/regulamentos/2010/32010R1088.md
32010R1089	Artigo 1.º	Objeto e âmbito de aplicação	34	40	122	ue/regulamentos/2010/32010R1089.md
32010R1089	Artigo 2.º	Definições	42	144	1728	ue/regulamentos/2010/32010R1089.md
32010R1089	Artigo 3.º	Tipos comuns	146	148	66	ue/regulamentos/2010/32010R1089.md
32010R1089	Artigo 4.º	Tipos para o intercâmbio e classificação de objectos geográficos	150	162	252	ue/regulamentos/2010/32010R1089.md
32010R1089	Artigo 5.º	Tipos	164	174	134	ue/regulamentos/2010/32010R1089.md
32010R1089	Artigo 6.º	Listas de códigos para os conjuntos de dados geográficos	176	198	434	ue/regulamentos/2010/32010R1089.md
32010R1089	Artigo 7.º	Codificação	200	212	216	ue/regulamentos/2010/32010R1089.md
32010R1089	Artigo 8.º	Actualizações	214	224	132	ue/regulamentos/2010/32010R1089.md
32010R1089	Artigo 9.º	Gestão de identificadores	226	230	92	ue/regulamentos/2010/32010R1089.md
32010R1089	Artigo 10.º	Ciclo de vida dos objectos geográficos	232	238	126	ue/regulamentos/2010/32010R1089.md
32010R1089	Artigo 11.º	Sistemas de referência temporal	240	244	122	ue/regulamentos/2010/32010R1089.md
32010R1089	Artigo 12.º	Outros requisitos e regras	246	258	252	ue/regulamentos/2010/32010R1089.md
32010R1089	Artigo 13.º	Metadados necessários para fins de interoperabilidade	260	292	392	ue/regulamentos/2010/32010R1089.md
32010R1089	Artigo 14.º	Representação	294	322	428	ue/regulamentos/2010/32010R1089.md
32010R1089	Artigo 14.º-A	Requisitos para os serviços de dados geográficos invocáveis	324	326	68	ue/regulamentos/2010/32010R1089.md
32010R1089	Artigo 14.º-B	Acordos de interoperabilidade e requisitos de harmonização para os serviços de dados geográficos invocáveis	328	332	106	ue/regulamentos/2010/32010R1089.md
32010R1089	Artigo 15.º	Entrada em vigor	334	340	88	ue/regulamentos/2010/32010R1089.md
32010R1089	ANEXO I		342	1477	13068	ue/regulamentos/2010/32010R1089.md
32010R1089	ANEXO II		1479	5124	41270	ue/regulamentos/2010/32010R1089.md
32010R1089	ANEXO III		5126	6718	19780	ue/regulamentos/2010/32010R1089.md
32010R1089	ANEXO IV		6720	12130	70928	ue/regulamentos/2010/32010R1089.md
32010R1089	ANEXO V	REGRAS DE EXECUÇÃO PARA OS SERVIÇOS DE DADOS GEOGRÁFICOS INVOCÁVEIS	12132	12220	1088	ue/regulamentos/2010/32010R1089.md
32010R1089	ANEXO VI	REGRAS DE EXECUÇÃO PARA A INTEROPERABILIDADE DOS SERVIÇOS DE DADOS GEOGRÁFICOS INVOCÁVEIS	12222	12305	774	ue/regulamentos/2010/32010R1089.md
32010R1089	ANEXO VII	REGRAS DE EXECUÇÃO PARA A HORMONIZAÇÃO DOS SERVIÇOS DE DADOS GEOGRÁFICOS INTEROPERÁVEIS	12307	12427	1413	ue/regulamentos/2010/32010R1089.md
32010R1092	Artigo 1.º	Criação	31	51	366	ue/regulamentos/2010/32010R1092.md
32010R1092	Artigo 2.º	Definições	53	65	231	ue/regulamentos/2010/32010R1092.md
32010R1092	Artigo 3.º	Missão, objectivos e atribuições	67	91	606	ue/regulamentos/2010/32010R1092.md
32010R1092	Artigo 4.º.	Estrutura	95	131	580	ue/regulamentos/2010/32010R1092.md
32010R1092	Artigo 5.º	Presidente e Vice-Presidentes do ESRB	133	157	489	ue/regulamentos/2010/32010R1092.md
32010R1092	Artigo 6.º	Conselho Geral	159	205	592	ue/regulamentos/2010/32010R1092.md
32010R1092	Artigo 7.º	Imparcialidade	207	223	228	ue/regulamentos/2010/32010R1092.md
32010R1092	Artigo 8.º	Sigilo profissional	225	253	640	ue/regulamentos/2010/32010R1092.md
32010R1092	Artigo 9.º	Reuniões do Conselho Geral	255	271	587	ue/regulamentos/2010/32010R1092.md
32010R1092	Artigo 10.º	Procedimentos de votação do Conselho Geral	273	281	239	ue/regulamentos/2010/32010R1092.md
32010R1092	Artigo 11.º	Comité Director	283	317	399	ue/regulamentos/2010/32010R1092.md
32010R1092	Artigo 12.º	Comité Científico Consultivo	319	339	566	ue/regulamentos/2010/32010R1092.md
32010R1092	Artigo 13.º	Comité Técnico Consultivo	341	393	622	ue/regulamentos/2010/32010R1092.md
32010R1092	Artigo 14.º	Outras fontes de aconselhamento	395	399	114	ue/regulamentos/2010/32010R1092.md
32010R1092	Artigo 15.º	Recolha e troca de informações	403	481	2352	ue/regulamentos/2010/32010R1092.md
32010R1092	Artigo 16.º	Alertas e recomendações	483	497	595	ue/regulamentos/2010/32010R1092.md
32010R1092	Artigo 17.º	Acompanhamento das recomendações do ESRB	499	509	274	ue/regulamentos/2010/32010R1092.md
32010R1092	Artigo 18.º	Alertas e recomendações públicos	511	523	243	ue/regulamentos/2010/32010R1092.md
32010R1092	Artigo 19.º	Obrigação de prestar contas e de informar	527	547	511	ue/regulamentos/2010/32010R1092.md
32010R1092	Artigo 20.º	Cláusula de revisão	549	553	75	ue/regulamentos/2010/32010R1092.md
32010R1092	Artigo 21.º	Entrada em vigor	555	581	984	ue/regulamentos/2010/32010R1092.md
32010R1093	Artigo 1.º	Criação e âmbito de actuação	39	101	1260	ue/regulamentos/2010/32010R1093.md
32010R1093	Artigo 2.º	Sistema Europeu de Supervisão Financeira	103	143	736	ue/regulamentos/2010/32010R1093.md
32010R1093	Artigo 3.º	Responsabilidade das Autoridades	145	165	590	ue/regulamentos/2010/32010R1093.md
32010R1093	Artigo 4.º	Definições	167	201	614	ue/regulamentos/2010/32010R1093.md
32010R1093	Artigo 5.º	Estatuto jurídico	203	209	99	ue/regulamentos/2010/32010R1093.md
32010R1093	Artigo 6.º	Composição	211	225	111	ue/regulamentos/2010/32010R1093.md
32010R1093	Artigo 7.º	Sede	227	233	186	ue/regulamentos/2010/32010R1093.md
32010R1093	Artigo 8.º	Atribuições e competências da Autoridade	237	363	2050	ue/regulamentos/2010/32010R1093.md
32010R1093	Artigo 9.º	Atribuições relacionadas com a protecção dos consumidores e as actividades financeiras	365	417	1102	ue/regulamentos/2010/32010R1093.md
32010R1093	Artigo 9.º-C	Cartas de não intervenção	419	441	824	ue/regulamentos/2010/32010R1093.md
32010R1093	Artigo 10.º	Normas técnicas de regulamentação	443	497	1408	ue/regulamentos/2010/32010R1093.md
32010R1093	Artigo 11.º	Exercício da delegação	499	505	199	ue/regulamentos/2010/32010R1093.md
32010R1093	Artigo 12.º	Revogação da delegação	507	513	184	ue/regulamentos/2010/32010R1093.md
32010R1093	Artigo 13.º	Objecções às normas técnicas de regulamentação	515	527	297	ue/regulamentos/2010/32010R1093.md
32010R1093	Artigo 14.º	Não aprovação ou alteração de projectos de normas técnicas de regulamentação	529	533	162	ue/regulamentos/2010/32010R1093.md
32010R1093	Artigo 15.º	Normas técnicas de execução	535	577	1370	ue/regulamentos/2010/32010R1093.md
32010R1093	Artigo 16.º	Orientações e recomendações	579	609	691	ue/regulamentos/2010/32010R1093.md
32010R1093	Artigo 16.º-A	Pareceres	611	627	452	ue/regulamentos/2010/32010R1093.md
32010R1093	Artigo 16.º-B	Perguntas e respostas	629	645	660	ue/regulamentos/2010/32010R1093.md
32010R1093	Artigo 17.º	Violação da legislação da União	647	699	1352	ue/regulamentos/2010/32010R1093.md
32010R1093	Artigo 17.º-A	Proteção dos informadores	701	709	211	ue/regulamentos/2010/32010R1093.md
32010R1093	Artigo 18.º	Acção em situações de emergência	711	737	1014	ue/regulamentos/2010/32010R1093.md
32010R1093	Artigo 19.º	Resolução de diferendos entre autoridades competentes em situações transfronteiriças	739	795	1411	ue/regulamentos/2010/32010R1093.md
32010R1093	Artigo 20.º	Resolução de diferendos entre autoridades competentes a nível intersectorial	797	801	100	ue/regulamentos/2010/32010R1093.md
32010R1093	Artigo 20.º-A	Convergência do processo de revisão da supervisão	803	807	72	ue/regulamentos/2010/32010R1093.md
32010R1093	Artigo 21.º	Colégios de autoridades de supervisão	809	845	1058	ue/regulamentos/2010/32010R1093.md
32010R1093	Artigo 22.º		847	891	743	ue/regulamentos/2010/32010R1093.md
32010R1093	Artigo 23.º	Identificação e medição do risco sistémico	893	901	247	ue/regulamentos/2010/32010R1093.md
32010R1093	Artigo 24.º	Capacidade permanente para responder a riscos sistémicos	903	907	145	ue/regulamentos/2010/32010R1093.md
32010R1093	Artigo 25.º	Procedimentos de recuperação e resolução	909	925	414	ue/regulamentos/2010/32010R1093.md
32010R1093	Artigo 26.º	Mecanismo europeu de sistemas de garantia de depósitos	927	935	348	ue/regulamentos/2010/32010R1093.md
32010R1093	Artigo 27.º	Sistema europeu de dispositivos de resolução bancária e mecanismos de financiamento	937	951	284	ue/regulamentos/2010/32010R1093.md
32010R1093	Artigo 28.º	Delegação de competências e responsabilidades	953	965	424	ue/regulamentos/2010/32010R1093.md
32010R1093	Artigo 29.º	Cultura comum de supervisão	967	1013	1029	ue/regulamentos/2010/32010R1093.md
32010R1093	Artigo 29.º-A	Prioridades estratégicas da União em matéria de supervisão	1015	1021	302	ue/regulamentos/2010/32010R1093.md
32010R1093	Artigo 30.º	Avaliações entre pares das autoridades competentes	1023	1059	1742	ue/regulamentos/2010/32010R1093.md
32010R1093	Artigo 31.º	Função de coordenação	1061	1099	558	ue/regulamentos/2010/32010R1093.md
32010R1093	Artigo 31.º-A	Intercâmbio de informações sobre a idoneidade e competência	1101	1105	167	ue/regulamentos/2010/32010R1093.md
32010R1093	Artigo 32.º		1107	1163	916	ue/regulamentos/2010/32010R1093.md
32010R1093	Artigo 33.º	Relações internacionais, incluindo a equivalência	1165	1199	1345	ue/regulamentos/2010/32010R1093.md
32010R1093	Artigo 35.º	Recolha de informação	1201	1245	866	ue/regulamentos/2010/32010R1093.md
32010R1093	Artigo 35.º-A	Intercâmbio de informações entre autoridades e com outras entidades	1247	1315	2682	ue/regulamentos/2010/32010R1093.md
32010R1093	Artigo 35.º-B		1317	1333	468	ue/regulamentos/2010/32010R1093.md
32010R1093	Artigo 36.º	Relações com o ESRB	1335	1359	589	ue/regulamentos/2010/32010R1093.md
32010R1093	Artigo 37.º	Grupo das Partes Interessadas do Sector Bancário	1361	1413	1267	ue/regulamentos/2010/32010R1093.md
32010R1093	Artigo 38.º	Salvaguardas	1415	1449	858	ue/regulamentos/2010/32010R1093.md
32010R1093	Artigo 39.º	Processo decisório	1451	1465	391	ue/regulamentos/2010/32010R1093.md
32010R1093	Artigo 40.º	Composição	1471	1531	976	ue/regulamentos/2010/32010R1093.md
32010R1093	Artigo 41.º	Comités internos	1533	1557	828	ue/regulamentos/2010/32010R1093.md
32010R1093	Artigo 42.º	Independência do Conselho de Supervisores	1559	1569	332	ue/regulamentos/2010/32010R1093.md
32010R1093	Artigo 43.º	Competências	1571	1601	442	ue/regulamentos/2010/32010R1093.md
32010R1093	Artigo 43.º-A	Transparência das decisões adotadas pelo Conselho de Supervisores	1603	1607	161	ue/regulamentos/2010/32010R1093.md
32010R1093	Artigo 44.º	Processo decisório	1609	1651	1430	ue/regulamentos/2010/32010R1093.md
32010R1093	Artigo 45.º	Composição	1657	1669	381	ue/regulamentos/2010/32010R1093.md
32010R1093	Artigo 45.º-A	Processo decisório	1671	1677	137	ue/regulamentos/2010/32010R1093.md
32010R1093	Artigo 45.º-B	Grupos de coordenação	1679	1689	414	ue/regulamentos/2010/32010R1093.md
32010R1093	Artigo 46.º	Independência do Conselho de Administração	1691	1697	144	ue/regulamentos/2010/32010R1093.md
32010R1093	Artigo 47.º	Competências	1699	1737	449	ue/regulamentos/2010/32010R1093.md
32010R1093	Artigo 48.º	Nomeação e competências	1741	1777	698	ue/regulamentos/2010/32010R1093.md
32010R1093	Artigo 49.º		1779	1793	184	ue/regulamentos/2010/32010R1093.md
32010R1093	Artigo 49.º-A	Despesas	1795	1801	74	ue/regulamentos/2010/32010R1093.md
32010R1093	Artigo 51.º	Nomeação	1805	1821	267	ue/regulamentos/2010/32010R1093.md
32010R1093	Artigo 52.º	Independência	1823	1831	199	ue/regulamentos/2010/32010R1093.md
32010R1093	Artigo 52.º-A	Despesas	1833	1837	50	ue/regulamentos/2010/32010R1093.md
32010R1093	Artigo 53.º	Competências	1839	1855	333	ue/regulamentos/2010/32010R1093.md
32010R1093	Artigo 54.º	Criação	1861	1907	520	ue/regulamentos/2010/32010R1093.md
32010R1093	Artigo 55.º	Composição	1909	1931	234	ue/regulamentos/2010/32010R1093.md
32010R1093	Artigo 56.º	Posições e medidas comuns	1933	1937	344	ue/regulamentos/2010/32010R1093.md
32010R1093	Artigo 57.º	Subcomités	1939	1951	213	ue/regulamentos/2010/32010R1093.md
32010R1093	Artigo 58.º	Composição e funcionamento	1955	1985	752	ue/regulamentos/2010/32010R1093.md
32010R1093	Artigo 59.º	Independência e imparcialidade	1987	2011	562	ue/regulamentos/2010/32010R1093.md
32010R1093	Artigo 60.º	Recursos das decisões	2015	2039	477	ue/regulamentos/2010/32010R1093.md
32010R1093	Artigo 60.º-A	Atos ultra vires da Autoridade	2041	2045	106	ue/regulamentos/2010/32010R1093.md
32010R1093	Artigo 61.º	Recursos perante o Tribunal de Justiça da União Europeia	2047	2055	226	ue/regulamentos/2010/32010R1093.md
32010R1093	Artigo 62.º	Orçamento da Autoridade	2059	2089	541	ue/regulamentos/2010/32010R1093.md
32010R1093	Artigo 63.º	Elaboração do orçamento	2091	2107	556	ue/regulamentos/2010/32010R1093.md
32010R1093	Artigo 64.º	Execução e controlo orçamentais	2109	2133	669	ue/regulamentos/2010/32010R1093.md
32010R1093	Artigo 65.º	Regras financeiras	2135	2139	90	ue/regulamentos/2010/32010R1093.md
32010R1093	Artigo 66.º	Medidas antifraude	2141	2151	197	ue/regulamentos/2010/32010R1093.md
32010R1093	Artigo 67.º	Privilégios e imunidades	2155	2157	52	ue/regulamentos/2010/32010R1093.md
32010R1093	Artigo 68.º	Pessoal	2159	2167	196	ue/regulamentos/2010/32010R1093.md
32010R1093	Artigo 69.º	Responsabilidade da Autoridade	2169	2173	144	ue/regulamentos/2010/32010R1093.md
32010R1093	Artigo 70.º	Obrigação de sigilo profissional	2175	2205	631	ue/regulamentos/2010/32010R1093.md
32010R1093	Artigo 71.º	Proteção de dados	2207	2211	94	ue/regulamentos/2010/32010R1093.md
32010R1093	Artigo 72.º	Acesso aos documentos	2213	2223	154	ue/regulamentos/2010/32010R1093.md
32010R1093	Artigo 73.º	Regime linguístico	2225	2231	102	ue/regulamentos/2010/32010R1093.md
32010R1093	Artigo 74.º	Acordo de sede	2233	2241	178	ue/regulamentos/2010/32010R1093.md
32010R1093	Artigo 75.º	Participação de países terceiros	2243	2249	314	ue/regulamentos/2010/32010R1093.md
32010R1093	Artigo 76.º	Relações com o Comité das Autoridades Europeias de Supervisão Bancária	2255	2259	141	ue/regulamentos/2010/32010R1093.md
32010R1093	Artigo 77.º	Disposições transitórias relativas ao pessoal	2261	2271	413	ue/regulamentos/2010/32010R1093.md
32010R1093	Artigo 78.º	Disposições nacionais	2273	2275	38	ue/regulamentos/2010/32010R1093.md
32010R1093	Artigo 79.º	Alterações	2277	2279	44	ue/regulamentos/2010/32010R1093.md
32010R1093	Artigo 80.º	Revogação	2281	2283	36	ue/regulamentos/2010/32010R1093.md
32010R1093	Artigo 81.º	Revisão	2285	2351	760	ue/regulamentos/2010/32010R1093.md
32010R1093	Artigo 81.º-A	Revisão das regras de votação	2353	2357	103	ue/regulamentos/2010/32010R1093.md
32010R1093	Artigo 82.º	Entrada em vigor	2359	2431	2381	ue/regulamentos/2010/32010R1093.md
32010R1094	Artigo 1.º	Criação e âmbito de actuação	33	95	1294	ue/regulamentos/2010/32010R1094.md
32010R1094	Artigo 2.º	Sistema Europeu de Supervisão Financeira	97	133	688	ue/regulamentos/2010/32010R1094.md
32010R1094	Artigo 3.º	Responsabilização das Autoridades	135	155	530	ue/regulamentos/2010/32010R1094.md
32010R1094	Artigo 4.º	Definições	157	171	204	ue/regulamentos/2010/32010R1094.md
32010R1094	Artigo 5.º	Estatuto jurídico	173	179	99	ue/regulamentos/2010/32010R1094.md
32010R1094	Artigo 6.º	Composição	181	193	110	ue/regulamentos/2010/32010R1094.md
32010R1094	Artigo 7.º	Sede	195	203	132	ue/regulamentos/2010/32010R1094.md
32010R1094	Artigo 8.º	Atribuições e competências da Autoridade	207	323	1896	ue/regulamentos/2010/32010R1094.md
32010R1094	Artigo 9.º	Atribuições relacionadas com a protecção dos consumidores e as actividades financeiras	325	373	1070	ue/regulamentos/2010/32010R1094.md
32010R1094	Artigo 9.º-A	Cartas de não intervenção	375	397	820	ue/regulamentos/2010/32010R1094.md
32010R1094	Artigo 10.º	Normas técnicas de regulamentação	399	453	1409	ue/regulamentos/2010/32010R1094.md
32010R1094	Artigo 11.º	Exercício da delegação	455	461	196	ue/regulamentos/2010/32010R1094.md
32010R1094	Artigo 12.º	Revogação da delegação	463	469	184	ue/regulamentos/2010/32010R1094.md
32010R1094	Artigo 13.º	Objecções às normas técnicas de regulamentação	471	483	297	ue/regulamentos/2010/32010R1094.md
32010R1094	Artigo 14.º	Não aprovação ou alteração de projectos de normas técnicas de regulamentação	485	489	162	ue/regulamentos/2010/32010R1094.md
32010R1094	Artigo 15.º	Normas técnicas de execução	491	533	1372	ue/regulamentos/2010/32010R1094.md
32010R1094	Artigo 16.º	Orientações e recomendações	535	565	733	ue/regulamentos/2010/32010R1094.md
32010R1094	Artigo 16.º-A	Pareceres	567	583	492	ue/regulamentos/2010/32010R1094.md
32010R1094	Artigo 16.º-B	Perguntas e respostas	585	601	655	ue/regulamentos/2010/32010R1094.md
32010R1094	Artigo 17.º	Violação da legislação da União	603	653	1359	ue/regulamentos/2010/32010R1094.md
32010R1094	Artigo 17.º-A	Proteção dos denunciantes	655	663	209	ue/regulamentos/2010/32010R1094.md
32010R1094	Artigo 18.º	Acção em situações de emergência	665	687	1002	ue/regulamentos/2010/32010R1094.md
32010R1094	Artigo 19.º	Resolução de diferendos entre autoridades competentes em situações transfronteiriças	689	747	1420	ue/regulamentos/2010/32010R1094.md
32010R1094	Artigo 20.º	Resolução de diferendos entre autoridades competentes a nível intersectorial.	749	751	104	ue/regulamentos/2010/32010R1094.md
32010R1094	Artigo 21.º	Colégios de autoridades de supervisão	753	787	1070	ue/regulamentos/2010/32010R1094.md
32010R1094	Artigo 22.º		789	827	616	ue/regulamentos/2010/32010R1094.md
32010R1094	Artigo 23.º	Identificação e medição do risco sistémico	829	837	289	ue/regulamentos/2010/32010R1094.md
32010R1094	Artigo 24.º	Capacidade permanente para responder a riscos sistémicos	839	843	145	ue/regulamentos/2010/32010R1094.md
32010R1094	Artigo 25.º	Procedimentos de recuperação e resolução	845	851	231	ue/regulamentos/2010/32010R1094.md
32010R1094	Artigo 26.º	Desenvolvimento de uma Rede Europeia de regimes Nacionais de Garantia de Seguros	853	855	75	ue/regulamentos/2010/32010R1094.md
32010R1094	Artigo 27.º	Prevenção, gestão e resolução de crises	857	877	542	ue/regulamentos/2010/32010R1094.md
32010R1094	Artigo 28.º	Delegação de competências e responsabilidades	879	891	426	ue/regulamentos/2010/32010R1094.md
32010R1094	Artigo 29.º	Cultura comum de supervisão	893	939	943	ue/regulamentos/2010/32010R1094.md
32010R1094	Artigo 29.º-A	Prioridades estratégicas da União em matéria de supervisão	941	947	294	ue/regulamentos/2010/32010R1094.md
32010R1094	Artigo 30.º	Avaliações entre pares das autoridades competentes	949	985	1758	ue/regulamentos/2010/32010R1094.md
32010R1094	Artigo 31.º	Função de coordenação	987	1019	594	ue/regulamentos/2010/32010R1094.md
32010R1094	Artigo 31.º-A	Intercâmbio de informações sobre a idoneidade e competência	1021	1025	158	ue/regulamentos/2010/32010R1094.md
32010R1094	Artigo 32.º		1027	1065	688	ue/regulamentos/2010/32010R1094.md
32010R1094	Artigo 33.º	Relações internacionais, incluindo a equivalência	1067	1099	1472	ue/regulamentos/2010/32010R1094.md
32010R1094	Artigo 35.º	Recolha de informação	1101	1125	641	ue/regulamentos/2010/32010R1094.md
32010R1094	Artigo 35.º-A	Intercâmbio de informações entre autoridades e com outras entidades	1127	1193	2161	ue/regulamentos/2010/32010R1094.md
32010R1094	Artigo 35.º-B	Sistema integrado de comunicação de informações	1195	1209	465	ue/regulamentos/2010/32010R1094.md
32010R1094	Artigo 36.º	Relações com o ESRB	1211	1235	593	ue/regulamentos/2010/32010R1094.md
32010R1094	Artigo 37.º	Grupo de Interessados do Sector dos Seguros e Resseguros e Grupo de Interessados do Sector das Pensões Complementares de Reforma	1237	1297	1500	ue/regulamentos/2010/32010R1094.md
32010R1094	Artigo 38.º	Salvaguardas	1299	1333	852	ue/regulamentos/2010/32010R1094.md
32010R1094	Artigo 39.º	Processo decisório	1335	1349	390	ue/regulamentos/2010/32010R1094.md
32010R1094	Artigo 40.º	Composição	1355	1387	614	ue/regulamentos/2010/32010R1094.md
32010R1094	Artigo 41.º	Comités internos	1389	1413	746	ue/regulamentos/2010/32010R1094.md
32010R1094	Artigo 42.º	Independência do Conselho de Supervisores	1415	1425	333	ue/regulamentos/2010/32010R1094.md
32010R1094	Artigo 43.º	Competências	1427	1457	443	ue/regulamentos/2010/32010R1094.md
32010R1094	Artigo 43.º-A	Transparência das decisões adotadas pelo Conselho de Supervisores	1459	1463	165	ue/regulamentos/2010/32010R1094.md
32010R1094	Artigo 44.º	Processo decisório	1465	1495	804	ue/regulamentos/2010/32010R1094.md
32010R1094	Artigo 45.º	Composição	1501	1513	353	ue/regulamentos/2010/32010R1094.md
32010R1094	Artigo 45.º-A	Processo decisório	1515	1521	137	ue/regulamentos/2010/32010R1094.md
32010R1094	Artigo 45.º-B	Grupos de coordenação	1523	1533	416	ue/regulamentos/2010/32010R1094.md
32010R1094	Artigo 46.º	Independência do Conselho de Administração	1535	1541	144	ue/regulamentos/2010/32010R1094.md
32010R1094	Artigo 47.º	Competências	1543	1579	416	ue/regulamentos/2010/32010R1094.md
32010R1094	Artigo 48.º	Nomeação e competências	1583	1619	699	ue/regulamentos/2010/32010R1094.md
32010R1094	Artigo 49.º		1621	1635	184	ue/regulamentos/2010/32010R1094.md
32010R1094	Artigo 49.º-A	Despesas	1637	1643	70	ue/regulamentos/2010/32010R1094.md
32010R1094	Artigo 51.º	Nomeação	1647	1663	260	ue/regulamentos/2010/32010R1094.md
32010R1094	Artigo 52.º	Independência	1665	1671	198	ue/regulamentos/2010/32010R1094.md
32010R1094	Artigo 53.º	Competências	1673	1689	337	ue/regulamentos/2010/32010R1094.md
32010R1094	Artigo 54.º	Criação	1695	1737	406	ue/regulamentos/2010/32010R1094.md
32010R1094	Artigo 55.º	Composição	1739	1761	234	ue/regulamentos/2010/32010R1094.md
32010R1094	Artigo 56.º	Posições e medidas comuns	1763	1767	320	ue/regulamentos/2010/32010R1094.md
32010R1094	Artigo 57.º	Subcomités	1769	1781	206	ue/regulamentos/2010/32010R1094.md
32010R1094	Artigo 58.º	Composição e funcionamento	1785	1815	766	ue/regulamentos/2010/32010R1094.md
32010R1094	Artigo 59.º	Independência e imparcialidade	1817	1841	562	ue/regulamentos/2010/32010R1094.md
32010R1094	Artigo 60.º	Recursos das decisões	1845	1869	478	ue/regulamentos/2010/32010R1094.md
32010R1094	Artigo 60.º-A	Atos ultra vires da Autoridade	1871	1875	106	ue/regulamentos/2010/32010R1094.md
32010R1094	Artigo 61.º	Recursos perante o Tribunal de Justiça da União Europeia	1877	1885	226	ue/regulamentos/2010/32010R1094.md
32010R1094	Artigo 62.º	Orçamento da Autoridade	1889	1919	544	ue/regulamentos/2010/32010R1094.md
32010R1094	Artigo 63.º	Elaboração do orçamento	1921	1937	556	ue/regulamentos/2010/32010R1094.md
32010R1094	Artigo 64.º	Execução e controlo orçamentais	1939	1963	668	ue/regulamentos/2010/32010R1094.md
32010R1094	Artigo 65.º	Regras financeiras	1965	1969	91	ue/regulamentos/2010/32010R1094.md
32010R1094	Artigo 66.º	Medidas antifraude	1971	1981	193	ue/regulamentos/2010/32010R1094.md
32010R1094	Artigo 67.º	Privilégios e imunidades	1985	1987	52	ue/regulamentos/2010/32010R1094.md
32010R1094	Artigo 68.º	Pessoal	1989	1997	196	ue/regulamentos/2010/32010R1094.md
32010R1094	Artigo 69.º	Responsabilidade da Autoridade	1999	2003	144	ue/regulamentos/2010/32010R1094.md
32010R1094	Artigo 70.º	Obrigação de sigilo profissional	2005	2035	631	ue/regulamentos/2010/32010R1094.md
32010R1094	Artigo 71.º	Proteção de dados	2037	2041	94	ue/regulamentos/2010/32010R1094.md
32010R1094	Artigo 72.º	Acesso aos documentos	2043	2053	154	ue/regulamentos/2010/32010R1094.md
32010R1094	Artigo 73.º	Regime linguístico	2055	2061	102	ue/regulamentos/2010/32010R1094.md
32010R1094	Artigo 74.º	Acordo de sede	2063	2071	178	ue/regulamentos/2010/32010R1094.md
32010R1094	Artigo 75.º	Participação de países terceiros	2073	2079	314	ue/regulamentos/2010/32010R1094.md
32010R1094	Artigo 76.º	Relações com o Comité das Autoridades Europeias de Supervisão dos Seguros e Pensões Complementares de Reforma (CAESSPCR)	2085	2089	166	ue/regulamentos/2010/32010R1094.md
32010R1094	Artigo 77.º	Disposições transitórias relativas ao pessoal	2091	2101	415	ue/regulamentos/2010/32010R1094.md
32010R1094	Artigo 78.º	Disposições nacionais	2103	2105	38	ue/regulamentos/2010/32010R1094.md
32010R1094	Artigo 79.º	Alterações	2107	2109	45	ue/regulamentos/2010/32010R1094.md
32010R1094	Artigo 80.º	Revogação	2111	2113	36	ue/regulamentos/2010/32010R1094.md
32010R1094	Artigo 81.º	Revisão	2115	2173	713	ue/regulamentos/2010/32010R1094.md
32010R1094	Artigo 82.º	Entrada em vigor	2175	2225	1644	ue/regulamentos/2010/32010R1094.md
32010R1095	Artigo 1.º	Criação e âmbito de actuação	35	101	1420	ue/regulamentos/2010/32010R1095.md
32010R1095	Artigo 2.º	Sistema Europeu de Supervisão Financeira	103	139	695	ue/regulamentos/2010/32010R1095.md
32010R1095	Artigo 3.º	Responsabilização das Autoridades	141	161	526	ue/regulamentos/2010/32010R1095.md
32010R1095	Artigo 4.º	Definições	163	187	409	ue/regulamentos/2010/32010R1095.md
32010R1095	Artigo 5.º	Estatuto jurídico	189	195	99	ue/regulamentos/2010/32010R1095.md
32010R1095	Artigo 6.º	Composição	197	209	110	ue/regulamentos/2010/32010R1095.md
32010R1095	Artigo 7.º	Sede	211	219	129	ue/regulamentos/2010/32010R1095.md
32010R1095	Artigo 8.º	Atribuições e competências da Autoridade	223	339	1926	ue/regulamentos/2010/32010R1095.md
32010R1095	Artigo 9.º	Atribuições relacionadas com a protecção dos consumidores e as actividades financeiras	341	389	1069	ue/regulamentos/2010/32010R1095.md
32010R1095	Artigo 9.º-A	Cartas de não intervenção	391	413	816	ue/regulamentos/2010/32010R1095.md
32010R1095	Artigo 10.º	Normas técnicas de regulamentação	415	469	1424	ue/regulamentos/2010/32010R1095.md
32010R1095	Artigo 11.º	Exercício da delegação	471	477	198	ue/regulamentos/2010/32010R1095.md
32010R1095	Artigo 12.º	Revogação da delegação	479	485	184	ue/regulamentos/2010/32010R1095.md
32010R1095	Artigo 13.º	Objecções às normas técnicas de regulamentação	487	501	298	ue/regulamentos/2010/32010R1095.md
32010R1095	Artigo 14.º	Não aprovação ou alteração de projectos de normas técnicas de regulamentação	503	507	162	ue/regulamentos/2010/32010R1095.md
32010R1095	Artigo 15.º	Normas técnicas de execução	509	551	1386	ue/regulamentos/2010/32010R1095.md
32010R1095	Artigo 16.º	Orientações e recomendações	553	583	715	ue/regulamentos/2010/32010R1095.md
32010R1095	Artigo 16.º-A	Pareceres	585	601	488	ue/regulamentos/2010/32010R1095.md
32010R1095	Artigo 16.º-B	Perguntas e respostas	603	619	666	ue/regulamentos/2010/32010R1095.md
32010R1095	Artigo 17.º	Violação da legislação da União	621	671	1385	ue/regulamentos/2010/32010R1095.md
32010R1095	Artigo 17.º-A	Proteção dos denunciantes	673	681	207	ue/regulamentos/2010/32010R1095.md
32010R1095	Artigo 18.º	Acção em situações de emergência	683	705	1020	ue/regulamentos/2010/32010R1095.md
32010R1095	Artigo 19.º	Resolução de diferendos entre autoridades competentes em situações transfronteiriças	707	765	1428	ue/regulamentos/2010/32010R1095.md
32010R1095	Artigo 20.º	Resolução de diferendos entre autoridades competentes a nível intersectorial	767	769	99	ue/regulamentos/2010/32010R1095.md
32010R1095	Artigo 21.º	Colégios de autoridades de supervisão	771	805	1098	ue/regulamentos/2010/32010R1095.md
32010R1095	Artigo 22.º		807	841	650	ue/regulamentos/2010/32010R1095.md
32010R1095	Artigo 23.º	Identificação e medição do risco sistémico	843	851	259	ue/regulamentos/2010/32010R1095.md
32010R1095	Artigo 24.º	Capacidade permanente para responder a riscos sistémicos	853	857	146	ue/regulamentos/2010/32010R1095.md
32010R1095	Artigo 25.º	Procedimentos de recuperação e resolução	859	863	127	ue/regulamentos/2010/32010R1095.md
32010R1095	Artigo 26.º	Sistema europeu de regimes nacionais de indemnização dos investidores	865	873	305	ue/regulamentos/2010/32010R1095.md
32010R1095	Artigo 27.º	Sistema europeu de dispositivos de resolução e mecanismos de financiamento	875	883	217	ue/regulamentos/2010/32010R1095.md
32010R1095	Artigo 28.º	Delegação de competências e responsabilidades	885	897	431	ue/regulamentos/2010/32010R1095.md
32010R1095	Artigo 29.º	Cultura comum de supervisão	899	945	960	ue/regulamentos/2010/32010R1095.md
32010R1095	Artigo 29.º-A	Prioridades estratégicas da União em matéria de supervisão	947	953	298	ue/regulamentos/2010/32010R1095.md
32010R1095	Artigo 30.º	Avaliações entre pares das autoridades competentes	955	991	1756	ue/regulamentos/2010/32010R1095.md
32010R1095	Artigo 31.º	Função de coordenação	993	1025	562	ue/regulamentos/2010/32010R1095.md
32010R1095	Artigo 31.º-A	Intercâmbio de informações sobre a idoneidade e competência	1027	1029	162	ue/regulamentos/2010/32010R1095.md
32010R1095	Artigo 31.º-B	Função de coordenação em relação a ordens, transações e atividades com efeitos transfronteiriços significativos	1031	1035	174	ue/regulamentos/2010/32010R1095.md
32010R1095	Artigo 32.º		1037	1075	714	ue/regulamentos/2010/32010R1095.md
32010R1095	Artigo 33.º	Relações internacionais, incluindo a equivalência	1077	1109	1461	ue/regulamentos/2010/32010R1095.md
32010R1095	Artigo 35.º	Recolha de informação	1111	1135	642	ue/regulamentos/2010/32010R1095.md
32010R1095	Artigo 35.º-A	Intercâmbio de informações entre autoridades e com outras entidades	1137	1203	2162	ue/regulamentos/2010/32010R1095.md
32010R1095	Artigo 35.º-B	Sistema integrado de comunicação de informações	1205	1219	471	ue/regulamentos/2010/32010R1095.md
32010R1095	Artigo 36.º	Relações com o ESRB	1221	1245	592	ue/regulamentos/2010/32010R1095.md
32010R1095	Artigo 37.º	Grupo de Interessados do Sector dos Valores Mobiliários e dos Mercados	1247	1293	1360	ue/regulamentos/2010/32010R1095.md
32010R1095	Artigo 38.º	Salvaguardas	1295	1329	857	ue/regulamentos/2010/32010R1095.md
32010R1095	Artigo 39.º	Processo decisório	1331	1345	400	ue/regulamentos/2010/32010R1095.md
32010R1095	Artigo 40.º	Composição	1351	1391	774	ue/regulamentos/2010/32010R1095.md
32010R1095	Artigo 41.º	Comités internos	1393	1417	747	ue/regulamentos/2010/32010R1095.md
32010R1095	Artigo 42.º	Independência do Conselho de Supervisores	1419	1429	333	ue/regulamentos/2010/32010R1095.md
32010R1095	Artigo 43.º	Competências	1431	1461	443	ue/regulamentos/2010/32010R1095.md
32010R1095	Artigo 43.º-A	Transparência das decisões adotadas pelo Conselho de Supervisores	1463	1467	168	ue/regulamentos/2010/32010R1095.md
32010R1095	Artigo 44.º	Processo decisório	1469	1499	797	ue/regulamentos/2010/32010R1095.md
32010R1095	Artigo 45.º	Composição	1505	1517	356	ue/regulamentos/2010/32010R1095.md
32010R1095	Artigo 45.º-A	Processo decisório	1519	1525	137	ue/regulamentos/2010/32010R1095.md
32010R1095	Artigo 45.º-B	Grupos de coordenação	1527	1537	416	ue/regulamentos/2010/32010R1095.md
32010R1095	Artigo 46.º	Independência do Conselho de Administração	1539	1545	144	ue/regulamentos/2010/32010R1095.md
32010R1095	Artigo 47.º	Competências	1547	1583	441	ue/regulamentos/2010/32010R1095.md
32010R1095	Artigo 48.º	Nomeação e competências	1587	1623	706	ue/regulamentos/2010/32010R1095.md
32010R1095	Artigo 49.º		1625	1639	184	ue/regulamentos/2010/32010R1095.md
32010R1095	Artigo 49.º-A	Despesas	1641	1647	70	ue/regulamentos/2010/32010R1095.md
32010R1095	Artigo 51.º	Nomeação	1651	1667	272	ue/regulamentos/2010/32010R1095.md
32010R1095	Artigo 52.º	Independência	1669	1675	198	ue/regulamentos/2010/32010R1095.md
32010R1095	Artigo 53.º	Competências	1677	1693	333	ue/regulamentos/2010/32010R1095.md
32010R1095	Artigo 54.º	Criação	1699	1741	414	ue/regulamentos/2010/32010R1095.md
32010R1095	Artigo 55.º	Composição	1743	1765	234	ue/regulamentos/2010/32010R1095.md
32010R1095	Artigo 56.º	Posições e medidas comuns	1767	1771	318	ue/regulamentos/2010/32010R1095.md
32010R1095	Artigo 57.º	Subcomités	1773	1785	206	ue/regulamentos/2010/32010R1095.md
32010R1095	Artigo 58.º	Composição e funcionamento	1789	1819	747	ue/regulamentos/2010/32010R1095.md
32010R1095	Artigo 59.º	Independência e imparcialidade	1821	1845	561	ue/regulamentos/2010/32010R1095.md
32010R1095	Artigo 60.º	Recursos das decisões	1849	1873	477	ue/regulamentos/2010/32010R1095.md
32010R1095	Artigo 60.º-A	Atos ultra vires da Autoridade	1875	1879	106	ue/regulamentos/2010/32010R1095.md
32010R1095	Artigo 61.º	Recursos perante o Tribunal de Justiça da União Europeia	1881	1889	226	ue/regulamentos/2010/32010R1095.md
32010R1095	Artigo 62.º	Orçamento da Autoridade	1893	1923	533	ue/regulamentos/2010/32010R1095.md
32010R1095	Artigo 63.º	Elaboração do orçamento	1925	1941	556	ue/regulamentos/2010/32010R1095.md
32010R1095	Artigo 64.º	Execução e controlo orçamentais	1943	1967	666	ue/regulamentos/2010/32010R1095.md
32010R1095	Artigo 65.º	Regras financeiras	1969	1973	90	ue/regulamentos/2010/32010R1095.md
32010R1095	Artigo 66.º	Medidas antifraude	1975	1985	197	ue/regulamentos/2010/32010R1095.md
32010R1095	Artigo 67.º	Privilégios e imunidades	1989	1991	52	ue/regulamentos/2010/32010R1095.md
32010R1095	Artigo 68.º	Pessoal	1993	2001	196	ue/regulamentos/2010/32010R1095.md
32010R1095	Artigo 69.º	Responsabilidade da Autoridade	2003	2007	144	ue/regulamentos/2010/32010R1095.md
32010R1095	Artigo 70.º	Obrigação de sigilo profissional	2009	2037	638	ue/regulamentos/2010/32010R1095.md
32010R1095	Artigo 71.º	Proteção de dados	2039	2043	94	ue/regulamentos/2010/32010R1095.md
32010R1095	Artigo 72.º	Acesso aos documentos	2045	2055	153	ue/regulamentos/2010/32010R1095.md
32010R1095	Artigo 73.º	Regime linguístico	2057	2063	102	ue/regulamentos/2010/32010R1095.md
32010R1095	Artigo 74.º	Acordo de sede	2065	2073	178	ue/regulamentos/2010/32010R1095.md
32010R1095	Artigo 75.º	Participação de países terceiros	2075	2081	320	ue/regulamentos/2010/32010R1095.md
32010R1095	Artigo 76.º	Relações com o Comité das Autoridades Europeias de Supervisão dos Seguros e Pensões Complementares de Reforma (CAESSPCR)	2087	2091	166	ue/regulamentos/2010/32010R1095.md
32010R1095	Artigo 77.º	Disposições transitórias relativas ao pessoal	2093	2103	412	ue/regulamentos/2010/32010R1095.md
32010R1095	Artigo 78.º	Disposições nacionais	2105	2107	38	ue/regulamentos/2010/32010R1095.md
32010R1095	Artigo 79.º	Alterações	2109	2111	45	ue/regulamentos/2010/32010R1095.md
32010R1095	Artigo 80.º	Revogação	2113	2115	36	ue/regulamentos/2010/32010R1095.md
32010R1095	Artigo 81.º	Revisão	2117	2187	1106	ue/regulamentos/2010/32010R1095.md
32010R1095	Artigo 82.º	Entrada em vigor	2189	2249	1993	ue/regulamentos/2010/32010R1095.md
32010R1096	Preâmbulo		18	54	1285	ue/regulamentos/2010/32010R1096.md
32010R1096	Artigo 1.º	Composição	58	60	54	ue/regulamentos/2010/32010R1096.md
32010R1096	Artigo 2.º	Apoio ao ESRB	62	74	265	ue/regulamentos/2010/32010R1096.md
32010R1096	Artigo 3.º	Organização do Secretariado	76	80	67	ue/regulamentos/2010/32010R1096.md
32010R1096	Artigo 4.º	Gestão	82	86	78	ue/regulamentos/2010/32010R1096.md
32010R1096	Artigo 5.º	Recolha de informação em nome do ESRB	88	92	159	ue/regulamentos/2010/32010R1096.md
32010R1096	Artigo 6.º	Confidencialidade das informações e dos documentos	94	102	266	ue/regulamentos/2010/32010R1096.md
32010R1096	Artigo 7.º	Acesso aos documentos	104	108	90	ue/regulamentos/2010/32010R1096.md
32010R1096	Artigo 8.º	Revisão	110	112	68	ue/regulamentos/2010/32010R1096.md
32010R1096	Artigo 9.º	Entrada em vigor	114	142	185	ue/regulamentos/2010/32010R1096.md
32010R1098	Preâmbulo		18	32	222	ue/regulamentos/2010/32010R1098.md
32010R1098	Artigo 1.º		36	38	22	ue/regulamentos/2010/32010R1098.md
32010R1098	Artigo 2.º		40	56	106	ue/regulamentos/2010/32010R1098.md
32010R1098	ANEXO		58	66	72	ue/regulamentos/2010/32010R1098.md
32010R1103	Preâmbulo		18	46	720	ue/regulamentos/2010/32010R1103.md
32010R1103	Artigo 1.º	Âmbito de aplicação	50	54	102	ue/regulamentos/2010/32010R1103.md
32010R1103	Artigo 2.º	Determinação da capacidade	56	62	184	ue/regulamentos/2010/32010R1103.md
32010R1103	Artigo 3.º	Unidade de medida da capacidade	64	68	109	ue/regulamentos/2010/32010R1103.md
32010R1103	Artigo 4.º	Estrutura do rótulo da capacidade	70	74	158	ue/regulamentos/2010/32010R1103.md
32010R1103	Artigo 5.º	Entrada em vigor	76	92	106	ue/regulamentos/2010/32010R1103.md
32010R1103	ANEXO I		94	99	105	ue/regulamentos/2010/32010R1103.md
32010R1103	ANEXO II		101	122	306	ue/regulamentos/2010/32010R1103.md
32010R1103	ANEXO III		124	152	506	ue/regulamentos/2010/32010R1103.md
32010R1103	ANEXO IV		154	196	648	ue/regulamentos/2010/32010R1103.md
32010R1107	Preâmbulo		18	32	221	ue/regulamentos/2010/32010R1107.md
32010R1107	Artigo 1.º		36	38	22	ue/regulamentos/2010/32010R1107.md
32010R1107	Artigo 2.º		40	56	106	ue/regulamentos/2010/32010R1107.md
32010R1107	ANEXO		58	66	62	ue/regulamentos/2010/32010R1107.md
32010R1108	Preâmbulo		18	32	345	ue/regulamentos/2010/32010R1108.md
32010R1108	Artigo 1.º		36	38	45	ue/regulamentos/2010/32010R1108.md
32010R1108	Artigo 2.º		40	60	125	ue/regulamentos/2010/32010R1108.md
32010R1108	ANEXO		62	70	58	ue/regulamentos/2010/32010R1108.md
32010R1118	Artigo 1.º		36	38	59	ue/regulamentos/2010/32010R1118.md
32010R1118	Artigo 2.º		40	42	47	ue/regulamentos/2010/32010R1118.md
32010R1118	Artigo 3.º		44	46	60	ue/regulamentos/2010/32010R1118.md
32010R1118	Artigo 4.º		48	52	64	ue/regulamentos/2010/32010R1118.md
32010R1118	ANEXO		54	61	733	ue/regulamentos/2010/32010R1118.md
32010R1121	Preâmbulo		18	48	1315	ue/regulamentos/2010/32010R1121.md
32010R1121	Artigo 1.º		52	56	75	ue/regulamentos/2010/32010R1121.md
32010R1121	Artigo 2.º		58	60	34	ue/regulamentos/2010/32010R1121.md
32010R1121	Artigo 3.º		62	78	106	ue/regulamentos/2010/32010R1121.md
32010R1121	ANEXO I		80	88	41	ue/regulamentos/2010/32010R1121.md
32010R1121	ANEXO II		90	273	3454	ue/regulamentos/2010/32010R1121.md
32010R1122	Preâmbulo		18	48	1300	ue/regulamentos/2010/32010R1122.md
32010R1122	Artigo 1.º		52	56	75	ue/regulamentos/2010/32010R1122.md
32010R1122	Artigo 2.º		58	60	34	ue/regulamentos/2010/32010R1122.md
32010R1122	Artigo 3.º		62	78	106	ue/regulamentos/2010/32010R1122.md
32010R1122	ANEXO I		80	88	41	ue/regulamentos/2010/32010R1122.md
32010R1122	ANEXO II		90	261	3348	ue/regulamentos/2010/32010R1122.md
32010R1124	Artigo 1.º	Objecto	62	64	50	ue/regulamentos/2010/32010R1124.md
32010R1124	Artigo 2.º	Âmbito de aplicação	66	68	29	ue/regulamentos/2010/32010R1124.md
32010R1124	Artigo 3.º	Definições	70	84	236	ue/regulamentos/2010/32010R1124.md
32010R1124	Artigo 4.º	TAC e repartição	88	90	46	ue/regulamentos/2010/32010R1124.md
32010R1124	Artigo 5.º	Disposições especiais em matéria de repartição	92	106	243	ue/regulamentos/2010/32010R1124.md
32010R1124	Artigo 6.º	Condições de desembarque das capturas e das capturas acessórias	108	114	122	ue/regulamentos/2010/32010R1124.md
32010R1124	Artigo 7.º	Limitações do esforço de pesca	116	122	208	ue/regulamentos/2010/32010R1124.md
32010R1124	Artigo 8.º	Transmissão de dados	126	128	76	ue/regulamentos/2010/32010R1124.md
32010R1124	Artigo 9.º	Entrada em vigor	130	136	78	ue/regulamentos/2010/32010R1124.md
32010R1124	ANEXO I		138	263	1556	ue/regulamentos/2010/32010R1124.md
32010R1124	ANEXO II		265	287	504	ue/regulamentos/2010/32010R1124.md
32010R1126	Preâmbulo		18	40	579	ue/regulamentos/2010/32010R1126.md
32010R1126	Artigo 1.º		44	46	24	ue/regulamentos/2010/32010R1126.md
32010R1126	«Artigo 1.º		48	50	56	ue/regulamentos/2010/32010R1126.md
32010R1126	Artigo 2.º		52	70	128	ue/regulamentos/2010/32010R1126.md
32010R1127	Preâmbulo		18	38	436	ue/regulamentos/2010/32010R1127.md
32010R1127	Artigo 1.º		42	44	55	ue/regulamentos/2010/32010R1127.md
32010R1127	Artigo 2.º		46	62	118	ue/regulamentos/2010/32010R1127.md
32010R1137	Preâmbulo		18	40	518	ue/regulamentos/2010/32010R1137.md
32010R1137	Artigo 1.º		44	46	20	ue/regulamentos/2010/32010R1137.md
32010R1137	«Artigo 3.ºA		48	66	510	ue/regulamentos/2010/32010R1137.md
32010R1137	Artigo 2.º		68	86	108	ue/regulamentos/2010/32010R1137.md
32010R1138	Preâmbulo		18	44	749	ue/regulamentos/2010/32010R1138.md
32010R1138	Artigo 1.º		48	50	31	ue/regulamentos/2010/32010R1138.md
32010R1138	Artigo 2.º		52	72	130	ue/regulamentos/2010/32010R1138.md
32010R1138	ANEXO		74	80	205	ue/regulamentos/2010/32010R1138.md
32010R1139	Preâmbulo		18	40	844	ue/regulamentos/2010/32010R1139.md
32010R1139	Artigo 1.º		44	46	31	ue/regulamentos/2010/32010R1139.md
32010R1139	Artigo 2.º		48	68	129	ue/regulamentos/2010/32010R1139.md
32010R1139	ANEXO		70	80	401	ue/regulamentos/2010/32010R1139.md
32010R1141	Artigo 1.º	Âmbito de aplicação	29	31	56	ue/regulamentos/2010/32010R1141.md
32010R1141	Artigo 2.º	Definições	33	47	250	ue/regulamentos/2010/32010R1141.md
32010R1141	Artigo 3.º	Autoridade coordenadora do Estado-Membro	49	53	189	ue/regulamentos/2010/32010R1141.md
32010R1141	Artigo 4.º	Apresentação dos pedidos	55	67	310	ue/regulamentos/2010/32010R1141.md
32010R1141	Artigo 5.º	Modelo e conteúdo do pedido	69	81	271	ue/regulamentos/2010/32010R1141.md
32010R1141	Artigo 6.º	Verificação dos pedidos	83	99	640	ue/regulamentos/2010/32010R1141.md
32010R1141	Artigo 7.º	Contactos pré-apresentação	101	103	102	ue/regulamentos/2010/32010R1141.md
32010R1141	Artigo 8.º	Acesso ao pedido	105	107	75	ue/regulamentos/2010/32010R1141.md
32010R1141	Artigo 9.º	Entrega de processos complementares	109	119	370	ue/regulamentos/2010/32010R1141.md
32010R1141	Artigo 10.º	Conteúdo dos processos complementares	121	151	839	ue/regulamentos/2010/32010R1141.md
32010R1141	Artigo 11.º	Verificação dos processos complementares	153	167	570	ue/regulamentos/2010/32010R1141.md
32010R1141	Artigo 12.º	Retirada e substituição do requerente	169	177	376	ue/regulamentos/2010/32010R1141.md
32010R1141	Artigo 13.º	Apresentação de informações por terceiros	179	183	192	ue/regulamentos/2010/32010R1141.md
32010R1141	Artigo 14.º	Avaliação pelo Estado-Membro relator e pelo Estado-Membro co-relator	185	215	725	ue/regulamentos/2010/32010R1141.md
32010R1141	Artigo 15.º	Observações ao relatório de avaliação da renovação e acesso a esse relatório e aos processos complementares sucintos	217	223	268	ue/regulamentos/2010/32010R1141.md
32010R1141	Artigo 16.º	Apreciação do relatório de avaliação da renovação	225	239	436	ue/regulamentos/2010/32010R1141.md
32010R1141	Artigo 17.º	Relatório de revisão e apresentação de projectos de actos	241	255	420	ue/regulamentos/2010/32010R1141.md
32010R1141	Artigo 18.º	Acesso ao relatório de revisão	257	259	75	ue/regulamentos/2010/32010R1141.md
32010R1141	Artigo 19.º	Taxas e encargos	261	271	148	ue/regulamentos/2010/32010R1141.md
32010R1141	Artigo 20.º	Outras taxas, encargos ou imposições	273	275	96	ue/regulamentos/2010/32010R1141.md
32010R1141	Artigo 21.º	Entrada em vigor	277	281	69	ue/regulamentos/2010/32010R1141.md
32010R1141	ANEXO I		283	322	551	ue/regulamentos/2010/32010R1141.md
32010R1141	ANEXO II		324	376	543	ue/regulamentos/2010/32010R1141.md
32010R1151	Artigo 1.º	Objecto	36	38	113	ue/regulamentos/2010/32010R1151.md
32010R1151	Artigo 2.º	Definições	40	120	2168	ue/regulamentos/2010/32010R1151.md
32010R1151	Artigo 3.º	Metadados e relatórios de qualidade	122	128	274	ue/regulamentos/2010/32010R1151.md
32010R1151	Artigo 4.º	Fontes de dados	130	140	154	ue/regulamentos/2010/32010R1151.md
32010R1151	Artigo 5.º	Acesso às informações pertinentes	142	144	102	ue/regulamentos/2010/32010R1151.md
32010R1151	Artigo 6.º	Formato técnico para a transmissão de dados	146	148	209	ue/regulamentos/2010/32010R1151.md
32010R1151	Artigo 7.º	Entrada em vigor	150	154	69	ue/regulamentos/2010/32010R1151.md
32010R1151	ANEXO I		156	240	964	ue/regulamentos/2010/32010R1151.md
32010R1151	ANEXO II		242	372	1884	ue/regulamentos/2010/32010R1151.md
32010R1151	ANEXO III		374	495	2786	ue/regulamentos/2010/32010R1151.md
32010R1152	Preâmbulo		18	36	456	ue/regulamentos/2010/32010R1152.md
32010R1152	Artigo 1.º		40	42	38	ue/regulamentos/2010/32010R1152.md
32010R1152	Artigo 2.º		44	62	116	ue/regulamentos/2010/32010R1152.md
32010R1152	ANEXO		64	297	9555	ue/regulamentos/2010/32010R1152.md
32010R1152	Apêndice 1		299	351	2094	ue/regulamentos/2010/32010R1152.md
32010R1152	Apêndice 2		353	375	821	ue/regulamentos/2010/32010R1152.md
32010R1152	Apêndice 3		377	633	9356	ue/regulamentos/2010/32010R1152.md
32010R1152	Apêndice 1		635	687	1992	ue/regulamentos/2010/32010R1152.md
32010R1152	Apêndice 2		689	711	822	ue/regulamentos/2010/32010R1152.md
32010R1152	Apêndice 3		713	743	589	ue/regulamentos/2010/32010R1152.md
32010R1155	Preâmbulo		18	38	480	ue/regulamentos/2010/32010R1155.md
32010R1155	Artigo 1.º		42	44	48	ue/regulamentos/2010/32010R1155.md
32010R1155	Artigo 2.º		46	48	78	ue/regulamentos/2010/32010R1155.md
32010R1155	Artigo 3.º		50	66	111	ue/regulamentos/2010/32010R1155.md
32010R1155	ANEXO		68	79	819	ue/regulamentos/2010/32010R1155.md
32010R1157	Preâmbulo		18	34	341	ue/regulamentos/2010/32010R1157.md
32010R1157	Artigo 1.º		38	40	77	ue/regulamentos/2010/32010R1157.md
32010R1157	Artigo 2.º		42	56	95	ue/regulamentos/2010/32010R1157.md
32010R1157	ANEXO		58	291	3410	ue/regulamentos/2010/32010R1157.md
32010R1159	Preâmbulo		18	46	894	ue/regulamentos/2010/32010R1159.md
32010R1159	Artigo 1.º		50	52	57	ue/regulamentos/2010/32010R1159.md
32010R1159	Artigo 2.º		54	60	241	ue/regulamentos/2010/32010R1159.md
32010R1159	Artigo 3.º		62	64	81	ue/regulamentos/2010/32010R1159.md
32010R1159	Artigo 4.º		66	86	342	ue/regulamentos/2010/32010R1159.md
32010R1159	Artigo 5.º		88	104	92	ue/regulamentos/2010/32010R1159.md
32010R1159	ANEXO I		106	179	780	ue/regulamentos/2010/32010R1159.md
32010R1159	ANEXO II		181	485	1755	ue/regulamentos/2010/32010R1159.md
32010R1161	Preâmbulo		18	44	836	ue/regulamentos/2010/32010R1161.md
32010R1161	Artigo 1.º		48	52	78	ue/regulamentos/2010/32010R1161.md
32010R1161	Artigo 2.º		54	70	108	ue/regulamentos/2010/32010R1161.md
32010R1161	ANEXO		72	78	126	ue/regulamentos/2010/32010R1161.md
32010R1162	Preâmbulo		18	52	1260	ue/regulamentos/2010/32010R1162.md
32010R1162	Artigo 1.º		56	60	80	ue/regulamentos/2010/32010R1162.md
32010R1162	Artigo 2.º		62	80	119	ue/regulamentos/2010/32010R1162.md
32010R1162	ANEXO		82	89	192	ue/regulamentos/2010/32010R1162.md
32010R1163	Preâmbulo		18	32	210	ue/regulamentos/2010/32010R1163.md
32010R1163	Artigo 1.º		36	38	22	ue/regulamentos/2010/32010R1163.md
32010R1163	Artigo 2.º		40	56	106	ue/regulamentos/2010/32010R1163.md
32010R1163	ANEXO		58	66	46	ue/regulamentos/2010/32010R1163.md
32010R1164	Preâmbulo		18	32	355	ue/regulamentos/2010/32010R1164.md
32010R1164	Artigo 1.º		36	38	47	ue/regulamentos/2010/32010R1164.md
32010R1164	Artigo 2.º		40	60	124	ue/regulamentos/2010/32010R1164.md
32010R1164	ANEXO		62	70	64	ue/regulamentos/2010/32010R1164.md
32010R1165	Preâmbulo		18	32	213	ue/regulamentos/2010/32010R1165.md
32010R1165	Artigo 1.º		36	38	22	ue/regulamentos/2010/32010R1165.md
32010R1165	Artigo 2.º		40	56	106	ue/regulamentos/2010/32010R1165.md
32010R1165	ANEXO		58	66	61	ue/regulamentos/2010/32010R1165.md
32010R1166	Preâmbulo		18	32	332	ue/regulamentos/2010/32010R1166.md
32010R1166	Artigo 1.º		36	38	47	ue/regulamentos/2010/32010R1166.md
32010R1166	Artigo 2.º		40	60	124	ue/regulamentos/2010/32010R1166.md
32010R1166	ANEXO		62	70	46	ue/regulamentos/2010/32010R1166.md
32010R1167	Preâmbulo		18	32	310	ue/regulamentos/2010/32010R1167.md
32010R1167	Artigo 1.º		36	38	47	ue/regulamentos/2010/32010R1167.md
32010R1167	Artigo 2.º		40	58	115	ue/regulamentos/2010/32010R1167.md
32010R1167	ANEXO		60	68	54	ue/regulamentos/2010/32010R1167.md
32010R1170	Preâmbulo		18	32	344	ue/regulamentos/2010/32010R1170.md
32010R1170	Artigo 1.º		36	38	47	ue/regulamentos/2010/32010R1170.md
32010R1170	Artigo 2.º		40	60	124	ue/regulamentos/2010/32010R1170.md
32010R1170	ANEXO		62	70	54	ue/regulamentos/2010/32010R1170.md
32010R1171	Preâmbulo		18	32	225	ue/regulamentos/2010/32010R1171.md
32010R1171	Artigo 1.º		36	38	22	ue/regulamentos/2010/32010R1171.md
32010R1171	Artigo 2.º		40	56	106	ue/regulamentos/2010/32010R1171.md
32010R1171	ANEXO		58	66	57	ue/regulamentos/2010/32010R1171.md
32010R1177	Preâmbulo		22	98	4078	ue/regulamentos/2010/32010R1177.md
32010R1177	Artigo 1.º	Objecto	104	118	144	ue/regulamentos/2010/32010R1177.md
32010R1177	Artigo 2.º	Âmbito de aplicação	120	144	634	ue/regulamentos/2010/32010R1177.md
32010R1177	Artigo 3.º	Definições	146	190	1054	ue/regulamentos/2010/32010R1177.md
32010R1177	Artigo 4.º	Bilhetes e condições contratuais não discriminatórias	192	196	154	ue/regulamentos/2010/32010R1177.md
32010R1177	Artigo 5.º	Outras partes executantes	198	202	206	ue/regulamentos/2010/32010R1177.md
32010R1177	Artigo 6.º	Proibição de anulação	204	206	57	ue/regulamentos/2010/32010R1177.md
32010R1177	Artigo 7.º	Direito ao transporte	210	214	120	ue/regulamentos/2010/32010R1177.md
32010R1177	Artigo 8.º	Excepções e condições especiais	216	230	709	ue/regulamentos/2010/32010R1177.md
32010R1177	Artigo 9.º	Acessibilidade e informação	232	240	444	ue/regulamentos/2010/32010R1177.md
32010R1177	Artigo 10.º	Direito a assistência nos portos e a bordo dos navios	242	244	143	ue/regulamentos/2010/32010R1177.md
32010R1177	Artigo 11.º	Condições de prestação de assistência	246	264	722	ue/regulamentos/2010/32010R1177.md
32010R1177	Artigo 12.º	Recepção de notificações e designação de pontos de encontro	266	272	279	ue/regulamentos/2010/32010R1177.md
32010R1177	Artigo 13.º	Normas de qualidade em matéria de assistência	274	280	336	ue/regulamentos/2010/32010R1177.md
32010R1177	Artigo 14.º	Formação e instruções	282	290	304	ue/regulamentos/2010/32010R1177.md
32010R1177	Artigo 15.º	Indemnização relativa ao equipamento de mobilidade ou outro equipamento específico	292	300	298	ue/regulamentos/2010/32010R1177.md
32010R1177	Artigo 16.º	Informação em caso de partidas canceladas ou atrasadas	304	310	274	ue/regulamentos/2010/32010R1177.md
32010R1177	Artigo 17.º	Assistência em caso de partidas canceladas ou atrasadas	312	318	366	ue/regulamentos/2010/32010R1177.md
32010R1177	Artigo 18.º	Reencaminhamento e reembolso em caso de partidas canceladas ou atrasadas	320	330	428	ue/regulamentos/2010/32010R1177.md
32010R1177	Artigo 19.º	Indemnização do preço do bilhete em caso de atrasos à chegada	332	354	578	ue/regulamentos/2010/32010R1177.md
32010R1177	Artigo 20.º	Excepções	356	364	252	ue/regulamentos/2010/32010R1177.md
32010R1177	Artigo 21.º	Outras vias de recurso	366	368	82	ue/regulamentos/2010/32010R1177.md
32010R1177	Artigo 22.º	Direito a informações sobre a viagem	372	374	116	ue/regulamentos/2010/32010R1177.md
32010R1177	Artigo 23.º	Informações sobre os direitos dos passageiros	376	382	362	ue/regulamentos/2010/32010R1177.md
32010R1177	Artigo 24.º	Reclamações	384	388	210	ue/regulamentos/2010/32010R1177.md
32010R1177	Artigo 25.º	Organismos nacionais de aplicação	392	408	445	ue/regulamentos/2010/32010R1177.md
32010R1177	Artigo 26.º	Relatório sobre a aplicação do presente regulamento	410	412	123	ue/regulamentos/2010/32010R1177.md
32010R1177	Artigo 27.º	Cooperação entre os organismos de aplicação	414	416	93	ue/regulamentos/2010/32010R1177.md
32010R1177	Artigo 28.º	Sanções	418	420	120	ue/regulamentos/2010/32010R1177.md
32010R1177	Artigo 29.º	Relatório	424	426	88	ue/regulamentos/2010/32010R1177.md
32010R1177	Artigo 30.º	Alteração ao Regulamento (CE) n.º 2006/2004	428	435	98	ue/regulamentos/2010/32010R1177.md
32010R1177	Artigo 31.º	Entrada em vigor	437	477	272	ue/regulamentos/2010/32010R1177.md
32010R1177	ANEXO I	DIREITO A REEMBOLSO OU A REENCAMINHAMENTO PARA PESSOAS COM DEFICIÊNCIA E PESSOAS COM MOBILIDADE REDUZIDA A QUE SE REFERE O ARTIGO 8.º	479	495	456	ue/regulamentos/2010/32010R1177.md
32010R1177	ANEXO II	ASSISTÊNCIA NOS PORTOS, NOMEADAMENTE NO EMBARQUE E NO DESEMBARQUE, A QUE SE REFEREM OS ARTIGOS 10.º E 13.º	497	533	522	ue/regulamentos/2010/32010R1177.md
32010R1177	ANEXO III	ASSISTÊNCIA A BORDO DOS NAVIOS A QUE SE REFEREM OS ARTIGOS 10.º E 13.º	535	547	276	ue/regulamentos/2010/32010R1177.md
32010R1177	ANEXO IV	FORMAÇÃO, INCLUINDO INSTRUÇÕES, EM MATÉRIA DE ASSISTÊNCIA A PESSOAS COM DEFICIÊNCIA A QUE SE REFERE O ARTIGO 14.º	549	583	694	ue/regulamentos/2010/32010R1177.md
32010R1187	Preâmbulo		18	62	1078	ue/regulamentos/2010/32010R1187.md
32010R1187	Artigo 1.º		66	68	65	ue/regulamentos/2010/32010R1187.md
32010R1187	Artigo 2.º		70	94	138	ue/regulamentos/2010/32010R1187.md
32010R1190	Preâmbulo		18	38	356	ue/regulamentos/2010/32010R1190.md
32010R1190	Artigo 1.º		42	46	36	ue/regulamentos/2010/32010R1190.md
32010R1190	«Artigo 2.º		48	72	350	ue/regulamentos/2010/32010R1190.md
32010R1190	«Artigo 4.º		74	76	61	ue/regulamentos/2010/32010R1190.md
32010R1190	Artigo 5.º		78	90	251	ue/regulamentos/2010/32010R1190.md
32010R1190	Artigo 6.º		92	109	289	ue/regulamentos/2010/32010R1190.md
32010R1190	Artigo 7.º		111	117	72	ue/regulamentos/2010/32010R1190.md
32010R1190	Artigo 8.º		119	125	78	ue/regulamentos/2010/32010R1190.md
32010R1190	Artigo 9.º		127	129	76	ue/regulamentos/2010/32010R1190.md
32010R1190	Artigo 10.º		131	155	499	ue/regulamentos/2010/32010R1190.md
32010R1190	Artigo 11.º		157	163	76	ue/regulamentos/2010/32010R1190.md
32010R1190	Artigo 12.º		165	169	129	ue/regulamentos/2010/32010R1190.md
32010R1190	Artigo 13.º		171	173	76	ue/regulamentos/2010/32010R1190.md
32010R1190	Artigo 14.º		175	177	51	ue/regulamentos/2010/32010R1190.md
32010R1190	Artigo 15.º		179	201	443	ue/regulamentos/2010/32010R1190.md
32010R1190	Artigo 16.º		203	209	106	ue/regulamentos/2010/32010R1190.md
32010R1190	Artigo 17.º		211	225	318	ue/regulamentos/2010/32010R1190.md
32010R1190	Artigo 2.º		227	243	102	ue/regulamentos/2010/32010R1190.md
32010R1192	Artigo 1.º		48	50	47	ue/regulamentos/2010/32010R1192.md
32010R1192	Artigo 2.º		52	56	64	ue/regulamentos/2010/32010R1192.md
32010R1192	ANEXO		58	78	101	ue/regulamentos/2010/32010R1192.md
32010R1193	Preâmbulo		18	42	565	ue/regulamentos/2010/32010R1193.md
32010R1193	Artigo 1.º		46	48	22	ue/regulamentos/2010/32010R1193.md
32010R1193	Artigo 2.º		50	66	106	ue/regulamentos/2010/32010R1193.md
32010R1193	ANEXO		68	76	42	ue/regulamentos/2010/32010R1193.md
32010R1204	Preâmbulo		18	36	371	ue/regulamentos/2010/32010R1204.md
32010R1204	Artigo 1.º		40	42	31	ue/regulamentos/2010/32010R1204.md
32010R1204	Artigo 2.º		44	58	102	ue/regulamentos/2010/32010R1204.md
32010R1204	ANEXO		60	74	855	ue/regulamentos/2010/32010R1204.md
32010R1210	Preâmbulo		18	50	1241	ue/regulamentos/2010/32010R1210.md
32010R1210	Artigo 1.º	Objecto	56	58	49	ue/regulamentos/2010/32010R1210.md
32010R1210	Artigo 2.º	Definições	60	72	225	ue/regulamentos/2010/32010R1210.md
32010R1210	Artigo 3.º	Autenticação das moedas em euros	76	86	236	ue/regulamentos/2010/32010R1210.md
32010R1210	Artigo 4.º	Requisito relativo a testes e máquinas de tratamento de moedas	88	92	406	ue/regulamentos/2010/32010R1210.md
32010R1210	Artigo 5.º	Ajustamento das máquinas de tratamento de moedas	94	98	210	ue/regulamentos/2010/32010R1210.md
32010R1210	Artigo 6.º	Controlos pelos Estados-Membros	100	124	819	ue/regulamentos/2010/32010R1210.md
32010R1210	Artigo 7.º	Disposições técnicas	126	128	152	ue/regulamentos/2010/32010R1210.md
32010R1210	Artigo 8.º	Retirada e reembolso das moedas em euros impróprias para circulação	132	138	247	ue/regulamentos/2010/32010R1210.md
32010R1210	Artigo 9.º	Taxas de tratamento	140	150	428	ue/regulamentos/2010/32010R1210.md
32010R1210	Artigo 10.º	Acondicionamento das moedas em euros impróprias para circulação	152	170	428	ue/regulamentos/2010/32010R1210.md
32010R1210	Artigo 11.º	Verificação das moedas em euros impróprias para circulação	172	184	257	ue/regulamentos/2010/32010R1210.md
32010R1210	Artigo 12.º	Informação, comunicação e avaliação	188	204	554	ue/regulamentos/2010/32010R1210.md
32010R1210	Artigo 13.º	Sanções	206	208	73	ue/regulamentos/2010/32010R1210.md
32010R1210	Artigo 14.º	Entrada em vigor	210	240	226	ue/regulamentos/2010/32010R1210.md
32010R1212	Preâmbulo		18	38	476	ue/regulamentos/2010/32010R1212.md
32010R1212	Artigo 1.º		42	64	216	ue/regulamentos/2010/32010R1212.md
32010R1212	Artigo 2.º		66	86	125	ue/regulamentos/2010/32010R1212.md
32010R1214	Preâmbulo		18	32	228	ue/regulamentos/2010/32010R1214.md
32010R1214	Artigo 1.º		36	38	22	ue/regulamentos/2010/32010R1214.md
32010R1214	Artigo 2.º		40	56	106	ue/regulamentos/2010/32010R1214.md
32010R1214	ANEXO		58	66	58	ue/regulamentos/2010/32010R1214.md
32010R1215	Preâmbulo		18	32	209	ue/regulamentos/2010/32010R1215.md
32010R1215	Artigo 1.º		36	38	22	ue/regulamentos/2010/32010R1215.md
32010R1215	Artigo 2.º		40	56	106	ue/regulamentos/2010/32010R1215.md
32010R1215	ANEXO		58	66	50	ue/regulamentos/2010/32010R1215.md
32010R1216	Preâmbulo		18	32	330	ue/regulamentos/2010/32010R1216.md
32010R1216	Artigo 1.º		36	38	48	ue/regulamentos/2010/32010R1216.md
32010R1216	Artigo 2.º		40	60	125	ue/regulamentos/2010/32010R1216.md
32010R1216	ANEXO		62	70	45	ue/regulamentos/2010/32010R1216.md
32010R1225	Artigo 1.º	Objecto	64	66	70	ue/regulamentos/2010/32010R1225.md
32010R1225	Artigo 2.º	Definições	68	86	365	ue/regulamentos/2010/32010R1225.md
32010R1225	Artigo 3.º	TAC e repartição	88	90	69	ue/regulamentos/2010/32010R1225.md
32010R1225	Artigo 4.º	Disposições especiais sobre a repartição	92	104	284	ue/regulamentos/2010/32010R1225.md
32010R1225	Artigo 5.º	Relação com o Regulamento (CE) n.º 847/96	106	108	50	ue/regulamentos/2010/32010R1225.md
32010R1225	Artigo 6.º	Condições de desembarque das capturas e das capturas acessórias	110	112	86	ue/regulamentos/2010/32010R1225.md
32010R1225	Artigo 7.º	Entrada em vigor	114	120	78	ue/regulamentos/2010/32010R1225.md
32010R1225	ANEXO		122	451	3280	ue/regulamentos/2010/32010R1225.md
32010R1227	Preâmbulo		18	38	363	ue/regulamentos/2010/32010R1227.md
32010R1227	Artigo 1.º		42	50	73	ue/regulamentos/2010/32010R1227.md
32010R1227	Artigo 2.º		52	70	116	ue/regulamentos/2010/32010R1227.md
32010R1227	ANEXO		72	86	298	ue/regulamentos/2010/32010R1227.md
32010R1228	Preâmbulo		18	44	714	ue/regulamentos/2010/32010R1228.md
32010R1228	Artigo 1.º		48	50	31	ue/regulamentos/2010/32010R1228.md
32010R1228	Artigo 2.º		52	72	115	ue/regulamentos/2010/32010R1228.md
32010R1228	ANEXO		74	144	1226	ue/regulamentos/2010/32010R1228.md
32010R1231	Preâmbulo		18	70	1998	ue/regulamentos/2010/32010R1231.md
32010R1231	Artigo 1.º		74	76	99	ue/regulamentos/2010/32010R1231.md
32010R1231	Artigo 2.º		78	80	30	ue/regulamentos/2010/32010R1231.md
32010R1231	Artigo 3.º		82	114	287	ue/regulamentos/2010/32010R1231.md
32010R1233	Preâmbulo		18	62	1754	ue/regulamentos/2010/32010R1233.md
32010R1233	Artigo 1.º	Alterações do Regulamento (CE) n.º 663/2009	66	84	467	ue/regulamentos/2010/32010R1233.md
32010R1233	Artigo 21.º A	Dotações que não possam ser autorizadas nos termos do capítulo II	88	236	3146	ue/regulamentos/2010/32010R1233.md
32010R1233	Artigo 2.º	Entrada em vigor	238	266	265	ue/regulamentos/2010/32010R1233.md
32010R1235	Artigo 1.º	Alteração do Regulamento (CE) n.º 726/2004	114	262	3701	ue/regulamentos/2010/32010R1235.md
32010R1235	Artigo 2.º	Alterações ao Regulamento (CE) n.º 1394/2007	608	612	130	ue/regulamentos/2010/32010R1235.md
32010R1235	Artigo 3.º	Disposições transitórias	614	626	392	ue/regulamentos/2010/32010R1235.md
32010R1235	Artigo 4.º	Entrada em vigor e aplicação	628	656	194	ue/regulamentos/2010/32010R1235.md
32010R1238	Preâmbulo		18	48	786	ue/regulamentos/2010/32010R1238.md
32010R1238	Artigo 1.º		52	62	288	ue/regulamentos/2010/32010R1238.md
32010R1238	Artigo 2.º		64	88	160	ue/regulamentos/2010/32010R1238.md
32010R1238	ANEXO I		90	476	4270	ue/regulamentos/2010/32010R1238.md
32010R1238	ANEXO II		478	509	753	ue/regulamentos/2010/32010R1238.md
32010R1238	ANEXO III		511	868	9739	ue/regulamentos/2010/32010R1238.md
32010R1238	ANEXO IV		870	890	669	ue/regulamentos/2010/32010R1238.md
32010R1239	Preâmbulo		18	32	246	ue/regulamentos/2010/32010R1239.md
32010R1239	Artigo 1.º		36	38	46	ue/regulamentos/2010/32010R1239.md
32010R1239	Artigo 2.º		40	62	325	ue/regulamentos/2010/32010R1239.md
32010R1239	Artigo 3.º		64	106	586	ue/regulamentos/2010/32010R1239.md
32010R1239	Artigo 4.º		108	110	61	ue/regulamentos/2010/32010R1239.md
32010R1239	Artigo 5.º		112	124	248	ue/regulamentos/2010/32010R1239.md
32010R1239	Artigo 6.º		126	143	231	ue/regulamentos/2010/32010R1239.md
32010R1239	Artigo 7.º		145	151	70	ue/regulamentos/2010/32010R1239.md
32010R1239	Artigo 8.º		153	159	77	ue/regulamentos/2010/32010R1239.md
32010R1239	Artigo 9.º		161	165	97	ue/regulamentos/2010/32010R1239.md
32010R1239	Artigo 10.º		167	191	480	ue/regulamentos/2010/32010R1239.md
32010R1239	Artigo 11.º		193	199	74	ue/regulamentos/2010/32010R1239.md
32010R1239	Artigo 12.º		201	207	148	ue/regulamentos/2010/32010R1239.md
32010R1239	Artigo 13.º		209	211	72	ue/regulamentos/2010/32010R1239.md
32010R1239	Artigo 14.º		213	215	51	ue/regulamentos/2010/32010R1239.md
32010R1239	Artigo 15.º		217	239	432	ue/regulamentos/2010/32010R1239.md
32010R1239	Artigo 16.º		241	247	104	ue/regulamentos/2010/32010R1239.md
32010R1239	Artigo 17.º		249	259	169	ue/regulamentos/2010/32010R1239.md
32010R1239	Artigo 18.º		261	279	235	ue/regulamentos/2010/32010R1239.md
32010R1240	Preâmbulo		18	34	274	ue/regulamentos/2010/32010R1240.md
32010R1240	Artigo 1.º		38	40	36	ue/regulamentos/2010/32010R1240.md
32010R1240	Artigo 2.º		42	56	93	ue/regulamentos/2010/32010R1240.md
32010R1244	Preâmbulo		18	40	366	ue/regulamentos/2010/32010R1244.md
32010R1244	Artigo 1.º		44	70	494	ue/regulamentos/2010/32010R1244.md
32010R1244	Artigo 2.º		72	86	123	ue/regulamentos/2010/32010R1244.md
32010R1244	Artigo 3.º		88	104	106	ue/regulamentos/2010/32010R1244.md
32010R1248	Preâmbulo		18	44	869	ue/regulamentos/2010/32010R1248.md
32010R1248	Artigo 1.º		48	54	136	ue/regulamentos/2010/32010R1248.md
32010R1248	Artigo 2.º		56	58	51	ue/regulamentos/2010/32010R1248.md
32010R1248	Artigo 3.º		60	62	15	ue/regulamentos/2010/32010R1248.md
32010R1248	Artigo 4.º		64	96	190	ue/regulamentos/2010/32010R1248.md
32010R1248	ANEXO		98	105	181	ue/regulamentos/2010/32010R1248.md
32010R1249	Preâmbulo		18	42	709	ue/regulamentos/2010/32010R1249.md
32010R1249	Artigo 1.º		46	118	1309	ue/regulamentos/2010/32010R1249.md
32010R1249	«Artigo 57.º	Comunicação das acções de acompanhamento	120	162	747	ue/regulamentos/2010/32010R1249.md
32010R1249	Artigo 2.º		164	182	116	ue/regulamentos/2010/32010R1249.md
32010R1249	ANEXO	«ANEXO X	184	362	3388	ue/regulamentos/2010/32010R1249.md
32010R1250	Preâmbulo		18	34	284	ue/regulamentos/2010/32010R1250.md
32010R1250	Artigo 1.º		38	40	28	ue/regulamentos/2010/32010R1250.md
32010R1250	Artigo 2.º		42	56	102	ue/regulamentos/2010/32010R1250.md
32010R1250	ANEXO	«ANEXO I	58	154	4110	ue/regulamentos/2010/32010R1250.md
32010R1256	Preâmbulo		18	42	766	ue/regulamentos/2010/32010R1256.md
32010R1256	Artigo 1.º	Objecto	48	50	39	ue/regulamentos/2010/32010R1256.md
32010R1256	Artigo 2.º	Âmbito de aplicação	52	54	31	ue/regulamentos/2010/32010R1256.md
32010R1256	Artigo 3.º	Definições	56	68	136	ue/regulamentos/2010/32010R1256.md
32010R1256	Artigo 4.º	TAC e repartição	72	74	48	ue/regulamentos/2010/32010R1256.md
32010R1256	Artigo 5.º	Disposições especiais relativas à repartição	76	88	171	ue/regulamentos/2010/32010R1256.md
32010R1256	Artigo 6.º	Condições de desembarque das capturas e das capturas acessórias	90	96	138	ue/regulamentos/2010/32010R1256.md
32010R1256	Artigo 7.º	Transmissão de dados	100	102	82	ue/regulamentos/2010/32010R1256.md
32010R1256	Artigo 8.º	Entrada em vigor	104	124	134	ue/regulamentos/2010/32010R1256.md
32010R1256	ANEXO		126	153	364	ue/regulamentos/2010/32010R1256.md
32010R1259	Preâmbulo		18	104	3835	ue/regulamentos/2010/32010R1259.md
32010R1259	Artigo 1.º	Âmbito de aplicação	110	130	162	ue/regulamentos/2010/32010R1259.md
32010R1259	Artigo 2.º	Relação com o Regulamento (CE) n.º 2201/2003	132	134	36	ue/regulamentos/2010/32010R1259.md
32010R1259	Artigo 3.º	Definições	136	142	146	ue/regulamentos/2010/32010R1259.md
32010R1259	Artigo 4.º	Aplicação universal	144	146	38	ue/regulamentos/2010/32010R1259.md
32010R1259	Artigo 5.º	Escolha pelas partes da lei aplicável	150	164	241	ue/regulamentos/2010/32010R1259.md
32010R1259	Artigo 6.º	Aceitação e validade substancial	166	170	148	ue/regulamentos/2010/32010R1259.md
32010R1259	Artigo 7.º	Validade formal	172	180	259	ue/regulamentos/2010/32010R1259.md
32010R1259	Artigo 8.º	Lei aplicável na ausência de escolha pelas partes	182	192	190	ue/regulamentos/2010/32010R1259.md
32010R1259	Artigo 9.º	Conversão da separação judicial em divórcio	194	198	119	ue/regulamentos/2010/32010R1259.md
32010R1259	Artigo 10.º	Aplicação da lei do foro	200	202	66	ue/regulamentos/2010/32010R1259.md
32010R1259	Artigo 11.º	Exclusão do reenvio	204	206	56	ue/regulamentos/2010/32010R1259.md
32010R1259	Artigo 12.º	Ordem pública	208	210	54	ue/regulamentos/2010/32010R1259.md
32010R1259	Artigo 13.º	Diferenças na lei nacional	212	214	78	ue/regulamentos/2010/32010R1259.md
32010R1259	Artigo 14.º	Estados com dois ou mais sistemas jurídicos em matéria de conflitos de leis de base territorial	216	224	242	ue/regulamentos/2010/32010R1259.md
32010R1259	Artigo 15.º	Estados com dois ou mais sistemas jurídicos em matéria de conflitos de leis interpessoais	226	228	144	ue/regulamentos/2010/32010R1259.md
32010R1259	Artigo 16.º	Não aplicação do presente regulamento a conflitos de leis internos	230	232	102	ue/regulamentos/2010/32010R1259.md
32010R1259	Artigo 17.º	Informações fornecidas pelos Estados-Membros participantes	236	246	190	ue/regulamentos/2010/32010R1259.md
32010R1259	Artigo 18.º	Disposições transitórias	248	254	147	ue/regulamentos/2010/32010R1259.md
32010R1259	Artigo 19.º	Relações com convenções internacionais vigentes	256	260	219	ue/regulamentos/2010/32010R1259.md
32010R1259	Artigo 20.º	Cláusula de revisão	262	266	130	ue/regulamentos/2010/32010R1259.md
32010R1259	Artigo 21.º	Entrada em vigor e data de aplicação	270	292	300	ue/regulamentos/2010/32010R1259.md
32010R1261	Artigo 1.º		657	677	328	ue/regulamentos/2010/32010R1261.md
32010R1261	Artigo 2.º		679	683	164	ue/regulamentos/2010/32010R1261.md
32010R1261	Artigo 3.º		685	691	82	ue/regulamentos/2010/32010R1261.md
32010R1261	ANEXO		693	731	268	ue/regulamentos/2010/32010R1261.md
32010R1263	Preâmbulo		18	38	479	ue/regulamentos/2010/32010R1263.md
32010R1263	Artigo 1.º		42	64	229	ue/regulamentos/2010/32010R1263.md
32010R1263	Artigo 2.º		66	86	125	ue/regulamentos/2010/32010R1263.md
