celex	unidade	epigrafe	linha_ini	linha_fim	tokens	ficheiro
32014R0001	Preâmbulo		18	38	633	ue/regulamentos/2014/32014R0001.md
32014R0001	Artigo 1.º		42	44	32	ue/regulamentos/2014/32014R0001.md
32014R0001	Artigo 2.º		46	62	112	ue/regulamentos/2014/32014R0001.md
32014R0001	ANEXO	«ANEXO III	64	104	302	ue/regulamentos/2014/32014R0001.md
32014R0003	Artigo 1.º	Objeto	40	42	108	ue/regulamentos/2014/32014R0003.md
32014R0003	Artigo 2.º	Definições	44	300	7348	ue/regulamentos/2014/32014R0003.md
32014R0003	Artigo 3.º	Requisitos de montagem e de demonstração relacionados com a segurança funcional	304	310	484	ue/regulamentos/2014/32014R0003.md
32014R0003	Artigo 4.º	Aplicação de Regulamentos da UNECE	312	318	170	ue/regulamentos/2014/32014R0003.md
32014R0003	Artigo 5.º	Especificações técnicas relativas aos requisitos de segurança funcional e aos procedimentos de ensaio	320	326	155	ue/regulamentos/2014/32014R0003.md
32014R0003	Artigo 6.º	Requisitos aplicáveis aos avisadores sonoros	328	330	76	ue/regulamentos/2014/32014R0003.md
32014R0003	Artigo 7.º	Requisitos aplicáveis aos sistema de travagem, incluindo sistemas de travagem antibloqueio e sistemas de travagem combinada, se montados	332	334	126	ue/regulamentos/2014/32014R0003.md
32014R0003	Artigo 8.º	Requisitos aplicáveis à segurança elétrica	336	338	75	ue/regulamentos/2014/32014R0003.md
32014R0003	Artigo 9.º	Requisitos para a declaração do fabricante relativos ao ensaio de resistência dos sistemas críticos, das peças e do equipamento de segurança funcional	340	342	107	ue/regulamentos/2014/32014R0003.md
32014R0003	Artigo 10.º	Requisitos aplicáveis às estruturas de proteção à frente e na retaguarda	344	346	90	ue/regulamentos/2014/32014R0003.md
32014R0003	Artigo 11.º	Requisitos aplicáveis a vidraças, limpa-para-brisas, lava-para-brisas e a sistemas de degelo e de desembaciamento	348	350	115	ue/regulamentos/2014/32014R0003.md
32014R0003	Artigo 12.º	Requisitos aplicáveis a comandos acionados pelo condutor, incluindo a identificação dos comandos, avisadores e indicadores	352	354	116	ue/regulamentos/2014/32014R0003.md
32014R0003	Artigo 13.º	Requisitos aplicáveis à instalação dos dispositivos de iluminação e de sinalização luminosa, incluindo acendimento automático das luzes	356	358	126	ue/regulamentos/2014/32014R0003.md
32014R0003	Artigo 14.º	Requisitos aplicáveis à visibilidade à retaguarda	360	362	91	ue/regulamentos/2014/32014R0003.md
32014R0003	Artigo 15.º	Requisitos aplicáveis à estrutura de proteção em caso de capotagem	364	366	88	ue/regulamentos/2014/32014R0003.md
32014R0003	Artigo 16.º	Requisitos aplicáveis às fixações dos cintos de segurança e aos cintos de segurança	368	370	96	ue/regulamentos/2014/32014R0003.md
32014R0003	Artigo 17.º	Requisitos aplicáveis aos lugares sentados (selins e bancos)	372	374	85	ue/regulamentos/2014/32014R0003.md
32014R0003	Artigo 18.º	Requisitos aplicáveis à capacidade de manobra, ao comportamento em curva e à capacidade de viragem	376	378	104	ue/regulamentos/2014/32014R0003.md
32014R0003	Artigo 19.º	Requisitos aplicáveis à montagem dos pneus	380	382	76	ue/regulamentos/2014/32014R0003.md
32014R0003	Artigo 20.º	Requisitos aplicáveis à placa de limitação da velocidade máxima e sua localização no veículo	384	386	101	ue/regulamentos/2014/32014R0003.md
32014R0003	Artigo 21.º	Requisitos aplicáveis à proteção dos ocupantes do veículo, incluindo acessórios interiores e portas do veículo	388	390	110	ue/regulamentos/2014/32014R0003.md
32014R0003	Artigo 22.º	Requisitos aplicáveis à limitação da potência nominal máxima contínua e/ou líquida e/ou limitação, de projeto, da velocidade do veículo	392	394	123	ue/regulamentos/2014/32014R0003.md
32014R0003	Artigo 23.º	Requisitos relativos à integridade da estrutura do veículo	396	398	88	ue/regulamentos/2014/32014R0003.md
32014R0003	Artigo 24.º	Homologação de veículos, sistemas, componentes e unidades técnicas	402	404	145	ue/regulamentos/2014/32014R0003.md
32014R0003	Artigo 25.º	Entrada em vigor	408	414	86	ue/regulamentos/2014/32014R0003.md
32014R0003	ANEXO I		442	482	1244	ue/regulamentos/2014/32014R0003.md
32014R0003	ANEXO II		484	602	3381	ue/regulamentos/2014/32014R0003.md
32014R0003	ANEXO III		604	624	620	ue/regulamentos/2014/32014R0003.md
32014R0003	ANEXO IV		626	814	4263	ue/regulamentos/2014/32014R0003.md
32014R0003	Apêndice 1		816	912	1438	ue/regulamentos/2014/32014R0003.md
32014R0003	Apêndice 2		914	920	120	ue/regulamentos/2014/32014R0003.md
32014R0003	Apêndice 3		922	965	618	ue/regulamentos/2014/32014R0003.md
32014R0003	ANEXO V		967	983	519	ue/regulamentos/2014/32014R0003.md
32014R0003	ANEXO VI		985	1027	1316	ue/regulamentos/2014/32014R0003.md
32014R0003	ANEXO VII		1029	1175	3496	ue/regulamentos/2014/32014R0003.md
32014R0003	Apêndice 1 da parte 2		1177	1181	51	ue/regulamentos/2014/32014R0003.md
32014R0003	Apêndice 2 da parte 2		1183	1187	72	ue/regulamentos/2014/32014R0003.md
32014R0003	Apêndice 3 da parte 2		1189	1193	59	ue/regulamentos/2014/32014R0003.md
32014R0003	Apêndice 4 da parte 2		1195	1213	460	ue/regulamentos/2014/32014R0003.md
32014R0003	ANEXO VIII		1215	1525	3315	ue/regulamentos/2014/32014R0003.md
32014R0003	ANEXO IX		1527	2844	17179	ue/regulamentos/2014/32014R0003.md
32014R0003	ANEXO X		2846	2858	227	ue/regulamentos/2014/32014R0003.md
32014R0003	ANEXO XI		2860	2936	2304	ue/regulamentos/2014/32014R0003.md
32014R0003	ANEXO XII		2938	3217	6127	ue/regulamentos/2014/32014R0003.md
32014R0003	ANEXO XIII		3219	3283	1574	ue/regulamentos/2014/32014R0003.md
32014R0003	ANEXO XIV		3285	3323	1207	ue/regulamentos/2014/32014R0003.md
32014R0003	ANEXO XV		3325	3423	2369	ue/regulamentos/2014/32014R0003.md
32014R0003	ANEXO XVI		3425	3529	1514	ue/regulamentos/2014/32014R0003.md
32014R0003	ANEXO XVII		3531	3637	2160	ue/regulamentos/2014/32014R0003.md
32014R0003	Apêndice 1		3639	3671	512	ue/regulamentos/2014/32014R0003.md
32014R0003	ANEXO XVIII		3673	3763	2209	ue/regulamentos/2014/32014R0003.md
32014R0003	ANEXO XIX		3765	3857	1573	ue/regulamentos/2014/32014R0003.md
32014R0011	Preâmbulo		18	42	428	ue/regulamentos/2014/32014R0011.md
32014R0011	Artigo 1.º		46	68	335	ue/regulamentos/2014/32014R0011.md
32014R0011	Artigo 2.º		70	94	290	ue/regulamentos/2014/32014R0011.md
32014R0012	Artigo 1.º		48	50	22	ue/regulamentos/2014/32014R0012.md
32014R0012	Artigo 2.º		52	56	64	ue/regulamentos/2014/32014R0012.md
32014R0012	ANEXO		58	74	88	ue/regulamentos/2014/32014R0012.md
32014R0016	Preâmbulo		18	34	244	ue/regulamentos/2014/32014R0016.md
32014R0016	Artigo 1.º		38	40	31	ue/regulamentos/2014/32014R0016.md
32014R0016	Artigo 2.º		42	54	106	ue/regulamentos/2014/32014R0016.md
32014R0016	ANEXO		56	62	134	ue/regulamentos/2014/32014R0016.md
32014R0017	Preâmbulo		18	38	389	ue/regulamentos/2014/32014R0017.md
32014R0017	Artigo 1.º		42	46	120	ue/regulamentos/2014/32014R0017.md
32014R0017	Artigo 2.º		48	64	164	ue/regulamentos/2014/32014R0017.md
32014R0017	ANEXO		66	134	720	ue/regulamentos/2014/32014R0017.md
32014R0018	Preâmbulo		18	32	208	ue/regulamentos/2014/32014R0018.md
32014R0018	Artigo 1.º		36	38	22	ue/regulamentos/2014/32014R0018.md
32014R0018	Artigo 2.º		40	56	106	ue/regulamentos/2014/32014R0018.md
32014R0018	ANEXO		58	66	63	ue/regulamentos/2014/32014R0018.md
32014R0019	Preâmbulo		18	48	827	ue/regulamentos/2014/32014R0019.md
32014R0019	Artigo 1.º		52	54	30	ue/regulamentos/2014/32014R0019.md
32014R0019	Artigo 2.º		56	72	162	ue/regulamentos/2014/32014R0019.md
32014R0019	ANEXO		74	84	196	ue/regulamentos/2014/32014R0019.md
32014R0020	Preâmbulo		18	48	726	ue/regulamentos/2014/32014R0020.md
32014R0020	Artigo 1.º		52	54	30	ue/regulamentos/2014/32014R0020.md
32014R0020	Artigo 2.º		56	72	106	ue/regulamentos/2014/32014R0020.md
32014R0020	ANEXO		74	80	146	ue/regulamentos/2014/32014R0020.md
32014R0021	Preâmbulo		18	34	264	ue/regulamentos/2014/32014R0021.md
32014R0021	Artigo 1.º		38	40	31	ue/regulamentos/2014/32014R0021.md
32014R0021	Artigo 2.º		42	54	106	ue/regulamentos/2014/32014R0021.md
32014R0021	ANEXO		56	70	824	ue/regulamentos/2014/32014R0021.md
32014R0024	Preâmbulo		18	42	667	ue/regulamentos/2014/32014R0024.md
32014R0024	Artigo 1.º	Objeto	48	50	56	ue/regulamentos/2014/32014R0024.md
32014R0024	Artigo 2.º	Âmbito de aplicação	52	54	31	ue/regulamentos/2014/32014R0024.md
32014R0024	Artigo 3.º	Definições	56	68	159	ue/regulamentos/2014/32014R0024.md
32014R0024	Artigo 4.º	TAC e repartição	72	74	53	ue/regulamentos/2014/32014R0024.md
32014R0024	Artigo 5.º	Disposições especiais relativas à repartição	76	88	170	ue/regulamentos/2014/32014R0024.md
32014R0024	Artigo 6.º	Condições de desembarque das capturas e das capturas acessórias	90	96	137	ue/regulamentos/2014/32014R0024.md
32014R0024	Artigo 7.º	Transmissão de dados	100	102	82	ue/regulamentos/2014/32014R0024.md
32014R0024	Artigo 8.º	Entrada em vigor	104	126	490	ue/regulamentos/2014/32014R0024.md
32014R0024	ANEXO		128	155	394	ue/regulamentos/2014/32014R0024.md
32014R0027	Preâmbulo		18	32	205	ue/regulamentos/2014/32014R0027.md
32014R0027	Artigo 1.º		36	38	22	ue/regulamentos/2014/32014R0027.md
32014R0027	Artigo 2.º		40	56	112	ue/regulamentos/2014/32014R0027.md
32014R0027	ANEXO		58	66	56	ue/regulamentos/2014/32014R0027.md
32014R0028	Preâmbulo		18	32	202	ue/regulamentos/2014/32014R0028.md
32014R0028	Artigo 1.º		36	38	22	ue/regulamentos/2014/32014R0028.md
32014R0028	Artigo 2.º		40	56	112	ue/regulamentos/2014/32014R0028.md
32014R0028	ANEXO		58	66	46	ue/regulamentos/2014/32014R0028.md
32014R0029	Preâmbulo		18	32	202	ue/regulamentos/2014/32014R0029.md
32014R0029	Artigo 1.º		36	38	22	ue/regulamentos/2014/32014R0029.md
32014R0029	Artigo 2.º		40	56	112	ue/regulamentos/2014/32014R0029.md
32014R0029	ANEXO		58	66	46	ue/regulamentos/2014/32014R0029.md
32014R0030	Preâmbulo		18	34	314	ue/regulamentos/2014/32014R0030.md
32014R0030	Artigo 1.º		38	40	46	ue/regulamentos/2014/32014R0030.md
32014R0030	Artigo 2.º		42	60	121	ue/regulamentos/2014/32014R0030.md
32014R0030	ANEXO		62	70	62	ue/regulamentos/2014/32014R0030.md
32014R0031	Preâmbulo		18	44	1076	ue/regulamentos/2014/32014R0031.md
32014R0031	Artigo 1.º		48	50	17	ue/regulamentos/2014/32014R0031.md
32014R0031	Artigo 2.º		52	54	27	ue/regulamentos/2014/32014R0031.md
32014R0031	Artigo 3.º		56	80	142	ue/regulamentos/2014/32014R0031.md
32014R0032	Preâmbulo		18	126	2758	ue/regulamentos/2014/32014R0032.md
32014R0032	Artigo 1.º		130	134	458	ue/regulamentos/2014/32014R0032.md
32014R0032	Artigo 2.º		136	138	67	ue/regulamentos/2014/32014R0032.md
32014R0032	Artigo 3.º		140	144	94	ue/regulamentos/2014/32014R0032.md
32014R0032	Artigo 4.º		146	171	752	ue/regulamentos/2014/32014R0032.md
32014R0032	Artigo 5.º		173	197	250	ue/regulamentos/2014/32014R0032.md
32014R0036	Preâmbulo		18	54	1595	ue/regulamentos/2014/32014R0036.md
32014R0036	Artigo 1.º		58	60	34	ue/regulamentos/2014/32014R0036.md
32014R0036	Artigo 2.º		62	96	783	ue/regulamentos/2014/32014R0036.md
32014R0036	ANEXO		98	1828	22225	ue/regulamentos/2014/32014R0036.md
32014R0037	Artigo 1.º		51	53	28	ue/regulamentos/2014/32014R0037.md
32014R0037	Artigo 2.º		55	69	308	ue/regulamentos/2014/32014R0037.md
32014R0037	Artigo 3.º		71	79	136	ue/regulamentos/2014/32014R0037.md
32014R0037	Artigo 4.º		81	85	63	ue/regulamentos/2014/32014R0037.md
32014R0037	ANEXO		87	299	3838	ue/regulamentos/2014/32014R0037.md
32014R0040	Preâmbulo		22	54	957	ue/regulamentos/2014/32014R0040.md
32014R0040	Artigo 1.º		58	60	53	ue/regulamentos/2014/32014R0040.md
32014R0040	Artigo 2.º		62	64	32	ue/regulamentos/2014/32014R0040.md
32014R0040	Artigo 3.º		66	84	176	ue/regulamentos/2014/32014R0040.md
32014R0040	ANEXO		86	92	192	ue/regulamentos/2014/32014R0040.md
32014R0042	Artigo 1.º		70	124	702	ue/regulamentos/2014/32014R0042.md
32014R0042	Artigo 2.º		126	130	58	ue/regulamentos/2014/32014R0042.md
32014R0042	ANEXO I		132	132	3	ue/regulamentos/2014/32014R0042.md
32014R0042	ANEXO II		142	142	3	ue/regulamentos/2014/32014R0042.md
32014R0043	Artigo 1.º	Objeto	121	137	254	ue/regulamentos/2014/32014R0043.md
32014R0043	Artigo 2.º	Âmbito	139	145	38	ue/regulamentos/2014/32014R0043.md
32014R0043	Artigo 3.º	Definições	147	169	399	ue/regulamentos/2014/32014R0043.md
32014R0043	Artigo 4.º	Zonas de pesca	171	231	916	ue/regulamentos/2014/32014R0043.md
32014R0043	Artigo 5.º	TAC e sua repartição	237	243	226	ue/regulamentos/2014/32014R0043.md
32014R0043	Artigo 6.º	TAC a determinar pelos Estados-Membros	245	265	276	ue/regulamentos/2014/32014R0043.md
32014R0043	Artigo 7.º	Condições de desembarque das capturas e das capturas acessórias	267	273	128	ue/regulamentos/2014/32014R0043.md
32014R0043	Artigo 8.º	Limites de esforço de pesca	275	283	170	ue/regulamentos/2014/32014R0043.md
32014R0043	Artigo 9.º	Limites de captura e de esforço na pesca de profundidade	285	289	271	ue/regulamentos/2014/32014R0043.md
32014R0043	Artigo 10.º	Disposições especiais relativas à repartição das possibilidades de pesca	291	309	312	ue/regulamentos/2014/32014R0043.md
32014R0043	Artigo 11.º	Épocas de defeso da pesca	311	338	423	ue/regulamentos/2014/32014R0043.md
32014R0043	Artigo 12.º	Proibições	340	358	259	ue/regulamentos/2014/32014R0043.md
32014R0043	Artigo 13.º	Transmissão de dados	360	362	82	ue/regulamentos/2014/32014R0043.md
32014R0043	Artigo 14.º	Atribuições suplementares	366	370	125	ue/regulamentos/2014/32014R0043.md
32014R0043	Artigo 15.º	Condições aplicáveis às atribuições suplementares	372	408	810	ue/regulamentos/2014/32014R0043.md
32014R0043	Artigo 16.º	Tratamento de dados pessoais	410	412	56	ue/regulamentos/2014/32014R0043.md
32014R0043	Artigo 17.º	Retirada de atribuições suplementares	414	416	98	ue/regulamentos/2014/32014R0043.md
32014R0043	Artigo 18.º	Exame científico das avaliações das devoluções	418	422	146	ue/regulamentos/2014/32014R0043.md
32014R0043	Artigo 18.º-A	Flexibilidade na fixação das possibilidades de pesca de determinadas unidades populacionais	424	478	741	ue/regulamentos/2014/32014R0043.md
32014R0043	Artigo 19.º	Autorizações de pesca	482	486	158	ue/regulamentos/2014/32014R0043.md
32014R0043	Artigo 20.º	Transferências e trocas de quotas	490	498	430	ue/regulamentos/2014/32014R0043.md
32014R0043	Artigo 21.º	Limitações aplicáveis às capacidades de pesca, cultura e engorda de atum-rabilho	502	514	347	ue/regulamentos/2014/32014R0043.md
32014R0043	Artigo 22.º	Pesca de lazer e desportiva	516	518	48	ue/regulamentos/2014/32014R0043.md
32014R0043	Artigo 23.º	Tubarões	520	530	210	ue/regulamentos/2014/32014R0043.md
32014R0043	Artigo 24.º	Proibições e limites de captura	534	538	84	ue/regulamentos/2014/32014R0043.md
32014R0043	Artigo 25.º	Pesca exploratória	540	546	337	ue/regulamentos/2014/32014R0043.md
32014R0043	Artigo 26.º	Pesca do krill-do-antártico na campanha de pesca de 2014/2015	548	562	559	ue/regulamentos/2014/32014R0043.md
32014R0043	Artigo 27.º	Limitação da capacidade de pesca dos navios que pescam na zona da Convenção IOTC	566	576	369	ue/regulamentos/2014/32014R0043.md
32014R0043	Artigo 28.º	Tubarões	578	584	200	ue/regulamentos/2014/32014R0043.md
32014R0043	Artigo 29.º	Pesca pelágica – limitação da capacidade	588	590	100	ue/regulamentos/2014/32014R0043.md
32014R0043	Artigo 30.º	Pesca pelágica – TAC	592	598	200	ue/regulamentos/2014/32014R0043.md
32014R0043	Artigo 31.º	Pesca de fundo	600	604	139	ue/regulamentos/2014/32014R0043.md
32014R0043	Artigo 32.º	Pesca com redes de arrasto com retenida	608	652	550	ue/regulamentos/2014/32014R0043.md
32014R0043	Artigo 33.º	Proibição de pescar tubarões de profundidade	656	676	144	ue/regulamentos/2014/32014R0043.md
32014R0043	Artigo 34.º	Condições aplicáveis à pesca de atum-patudo, atum-albacora, gaiado e atum-voador	680	684	143	ue/regulamentos/2014/32014R0043.md
32014R0043	Artigo 35.º	Zona de proibição da pesca com dispositivos de concentração dos peixes	686	702	335	ue/regulamentos/2014/32014R0043.md
32014R0043	Artigo 36.º	Zona comum entre a IATTC e a WCPFC	704	708	138	ue/regulamentos/2014/32014R0043.md
32014R0043	Artigo 37.º	Limitação do número de navios da União autorizados a pescar espadarte	710	714	62	ue/regulamentos/2014/32014R0043.md
32014R0043	Artigo 37.º-A	Tubarão-de-pontas-brancas	716	720	94	ue/regulamentos/2014/32014R0043.md
32014R0043	Artigo 37.º-B	Tubarão-luzidio	722	728	90	ue/regulamentos/2014/32014R0043.md
32014R0043	Artigo 38.º	Proibição de pescar nas águas do alto no mar de Bering	732	734	41	ue/regulamentos/2014/32014R0043.md
32014R0043	Artigo 39.º	TAC	738	740	94	ue/regulamentos/2014/32014R0043.md
32014R0043	Artigo 40.º	Autorizações de pesca	742	746	104	ue/regulamentos/2014/32014R0043.md
32014R0043	Artigo 41.º	Proibições	748	766	254	ue/regulamentos/2014/32014R0043.md
32014R0043	Artigo 42.º	Procedimento de comité	770	774	86	ue/regulamentos/2014/32014R0043.md
32014R0043	Artigo 43.º	Entrada em vigor	776	786	153	ue/regulamentos/2014/32014R0043.md
32014R0043	ANEXO I		850	1049	2366	ue/regulamentos/2014/32014R0043.md
32014R0043	ANEXO I A		1051	2695	24016	ue/regulamentos/2014/32014R0043.md
32014R0043	ANEXO I B		2697	3066	5796	ue/regulamentos/2014/32014R0043.md
32014R0043	ANEXO IC		3068	3227	2782	ue/regulamentos/2014/32014R0043.md
32014R0043	ANEXO I D		3229	3307	1746	ue/regulamentos/2014/32014R0043.md
32014R0043	ANEXO I E		3309	3425	2610	ue/regulamentos/2014/32014R0043.md
32014R0043	ANEXO I F		3427	3457	412	ue/regulamentos/2014/32014R0043.md
32014R0043	ANEXO I G		3459	3467	110	ue/regulamentos/2014/32014R0043.md
32014R0043	ANEXO I H		3469	3478	62	ue/regulamentos/2014/32014R0043.md
32014R0043	ANEXO I J		3480	3493	126	ue/regulamentos/2014/32014R0043.md
32014R0043	ANEXO II A		3495	3533	1127	ue/regulamentos/2014/32014R0043.md
32014R0043	Apêndice 1 do Anexo II A		3535	3589	584	ue/regulamentos/2014/32014R0043.md
32014R0043	ANEXO II B		3591	3814	5446	ue/regulamentos/2014/32014R0043.md
32014R0043	ANEXO II C		3816	4036	4986	ue/regulamentos/2014/32014R0043.md
32014R0043	ANEXO II D		4038	4052	188	ue/regulamentos/2014/32014R0043.md
32014R0043	Apêndice 1 do Anexo II D		4054	4060	21	ue/regulamentos/2014/32014R0043.md
32014R0043	ANEXO III		4062	4083	890	ue/regulamentos/2014/32014R0043.md
32014R0043	ANEXO IV		4085	4172	999	ue/regulamentos/2014/32014R0043.md
32014R0043	ANEXO V		4174	4207	1109	ue/regulamentos/2014/32014R0043.md
32014R0043	Apêndice do Anexo V, Parte B		4209	4446	4647	ue/regulamentos/2014/32014R0043.md
32014R0043	ANEXO VI		4448	4473	225	ue/regulamentos/2014/32014R0043.md
32014R0043	ANEXO VII		4475	4485	52	ue/regulamentos/2014/32014R0043.md
32014R0043	ANEXO VIII	LIMITAÇÕES QUANTITATIVAS DAS AUTORIZAÇÕES DE PESCA PARA OS NAVIOS DE PAÍSES TERCEIROS QUE PESCAM NAS ÁGUAS DA UNIÃO	4487	4580	2773	ue/regulamentos/2014/32014R0043.md
32014R0044	Artigo 1.º	Objeto	33	37	136	ue/regulamentos/2014/32014R0044.md
32014R0044	Artigo 2.º	Definições	39	183	3715	ue/regulamentos/2014/32014R0044.md
32014R0044	Artigo 3.º	Requisitos relativos à montagem e demonstração da construção dos veículos	187	197	646	ue/regulamentos/2014/32014R0044.md
32014R0044	Artigo 4.º	Aplicação dos Regulamentos UNECE	199	205	172	ue/regulamentos/2014/32014R0044.md
32014R0044	Artigo 5.º	Especificações técnicas relativas aos requisitos de construção e procedimentos de ensaio dos veículos	207	213	165	ue/regulamentos/2014/32014R0044.md
32014R0044	Artigo 6.º	Requisitos aplicáveis às medidas de prevenção contra a transformação abusiva do grupo motopropulsor	215	217	100	ue/regulamentos/2014/32014R0044.md
32014R0044	Artigo 7.º	Requisitos aplicáveis aos preparativos relativos aos procedimentos de homologação	219	221	84	ue/regulamentos/2014/32014R0044.md
32014R0044	Artigo 8.º	Requisitos aplicáveis à conformidade da produção (CdP)	223	225	78	ue/regulamentos/2014/32014R0044.md
32014R0044	Artigo 9.º	Requisitos aplicáveis aos dispositivos de engate e fixações	227	229	80	ue/regulamentos/2014/32014R0044.md
32014R0044	Artigo 10.º	Requisitos aplicáveis aos dispositivos de proteção contra a utilização não autorizada	231	233	94	ue/regulamentos/2014/32014R0044.md
32014R0044	Artigo 11.º	Requisitos aplicáveis à compatibilidade eletromagnética (CEM)	235	237	82	ue/regulamentos/2014/32014R0044.md
32014R0044	Artigo 12.º	Requisitos aplicáveis às saliências exteriores	239	241	74	ue/regulamentos/2014/32014R0044.md
32014R0044	Artigo 13.º	Requisitos aplicáveis ao reservatório de combustível	243	245	77	ue/regulamentos/2014/32014R0044.md
32014R0044	Artigo 14.º	Requisitos aplicáveis às plataformas de carga	247	249	73	ue/regulamentos/2014/32014R0044.md
32014R0044	Artigo 15.º	Requisitos aplicáveis às massas e dimensões	251	253	73	ue/regulamentos/2014/32014R0044.md
32014R0044	Artigo 16.º	Requisitos funcionais aplicáveis aos sistemas de diagnóstico a bordo	255	257	86	ue/regulamentos/2014/32014R0044.md
32014R0044	Artigo 17.º	Requisitos aplicáveis a pegas para passageiros e apoios de pés	259	261	83	ue/regulamentos/2014/32014R0044.md
32014R0044	Artigo 18.º	Requisitos aplicáveis ao espaço para chapa de matrícula	263	265	79	ue/regulamentos/2014/32014R0044.md
32014R0044	Artigo 19.º	Requisitos aplicáveis ao acesso à informação sobre manutenção e reparação	267	269	88	ue/regulamentos/2014/32014R0044.md
32014R0044	Artigo 20.º	Requisitos aplicáveis aos descansos	271	273	69	ue/regulamentos/2014/32014R0044.md
32014R0044	Artigo 21.º	Normas de desempenho e avaliação dos serviços técnicos	277	279	80	ue/regulamentos/2014/32014R0044.md
32014R0044	Artigo 22.º	Autorização de autoensaios	281	283	73	ue/regulamentos/2014/32014R0044.md
32014R0044	Artigo 23.º	Homologação de veículos, sistemas, componentes e unidades técnicas	287	289	201	ue/regulamentos/2014/32014R0044.md
32014R0044	Artigo 24.º	Entrada em vigor	293	299	86	ue/regulamentos/2014/32014R0044.md
32014R0044	ANEXO I		327	341	291	ue/regulamentos/2014/32014R0044.md
32014R0044	ANEXO II		343	561	4612	ue/regulamentos/2014/32014R0044.md
32014R0044	ANEXO III		563	823	4894	ue/regulamentos/2014/32014R0044.md
32014R0044	ANEXO IV		825	1105	9904	ue/regulamentos/2014/32014R0044.md
32014R0044	ANEXO V		1107	1303	4046	ue/regulamentos/2014/32014R0044.md
32014R0044	Apêndice 1		1305	1323	222	ue/regulamentos/2014/32014R0044.md
32014R0044	Apêndice 2		1325	1363	246	ue/regulamentos/2014/32014R0044.md
32014R0044	Apêndice 3		1365	1385	93	ue/regulamentos/2014/32014R0044.md
32014R0044	ANEXO VI		1387	1405	404	ue/regulamentos/2014/32014R0044.md
32014R0044	ANEXO VII		1407	1415	142	ue/regulamentos/2014/32014R0044.md
32014R0044	ANEXO VIII		1417	1617	4202	ue/regulamentos/2014/32014R0044.md
32014R0044	Apêndice 1		1619	1637	221	ue/regulamentos/2014/32014R0044.md
32014R0044	ANEXO IX		1639	1913	5731	ue/regulamentos/2014/32014R0044.md
32014R0044	ANEXO X		1915	1949	554	ue/regulamentos/2014/32014R0044.md
32014R0044	ANEXO XI		1951	2023	1388	ue/regulamentos/2014/32014R0044.md
32014R0044	Apêndice 1		2025	2300	4784	ue/regulamentos/2014/32014R0044.md
32014R0044	ANEXO XII		2302	2605	7229	ue/regulamentos/2014/32014R0044.md
32014R0044	Apêndice 1		2607	2907	8576	ue/regulamentos/2014/32014R0044.md
32014R0044	Apêndice 2		2909	3019	2307	ue/regulamentos/2014/32014R0044.md
32014R0044	Apêndice 3		3021	3143	2289	ue/regulamentos/2014/32014R0044.md
32014R0044	Apêndice 4		3145	3223	2279	ue/regulamentos/2014/32014R0044.md
32014R0044	Apêndice 5		3225	3259	344	ue/regulamentos/2014/32014R0044.md
32014R0044	ANEXO XIII		3261	3293	950	ue/regulamentos/2014/32014R0044.md
32014R0044	ANEXO XIV		3295	3441	2646	ue/regulamentos/2014/32014R0044.md
32014R0044	ANEXO XV		3443	3579	3586	ue/regulamentos/2014/32014R0044.md
32014R0044	Apêndice 1		3581	3613	1446	ue/regulamentos/2014/32014R0044.md
32014R0044	Apêndice 2		3615	3626	92	ue/regulamentos/2014/32014R0044.md
32014R0044	ANEXO XVI		3628	3778	2690	ue/regulamentos/2014/32014R0044.md
32014R0044	ANEXO XVII		3780	3802	355	ue/regulamentos/2014/32014R0044.md
32014R0044	ANEXO XVIII	Requisitos aplicáveis à proteção dos veículos contra ciberataques	3804	3838	460	ue/regulamentos/2014/32014R0044.md
32014R0046	Artigo 1.º		50	52	29	ue/regulamentos/2014/32014R0046.md
32014R0046	Artigo 2.º		54	56	29	ue/regulamentos/2014/32014R0046.md
32014R0046	ANEXO		58	70	440	ue/regulamentos/2014/32014R0046.md
32014R0047	Preâmbulo		18	32	206	ue/regulamentos/2014/32014R0047.md
32014R0047	Artigo 1.º		36	38	22	ue/regulamentos/2014/32014R0047.md
32014R0047	Artigo 2.º		40	56	112	ue/regulamentos/2014/32014R0047.md
32014R0047	ANEXO		58	66	57	ue/regulamentos/2014/32014R0047.md
32014R0048	Preâmbulo		18	32	207	ue/regulamentos/2014/32014R0048.md
32014R0048	Artigo 1.º		36	38	22	ue/regulamentos/2014/32014R0048.md
32014R0048	Artigo 2.º		40	56	112	ue/regulamentos/2014/32014R0048.md
32014R0048	ANEXO		58	66	57	ue/regulamentos/2014/32014R0048.md
32014R0049	Preâmbulo		18	32	204	ue/regulamentos/2014/32014R0049.md
32014R0049	Artigo 1.º		36	38	22	ue/regulamentos/2014/32014R0049.md
32014R0049	Artigo 2.º		40	56	112	ue/regulamentos/2014/32014R0049.md
32014R0049	ANEXO		58	66	62	ue/regulamentos/2014/32014R0049.md
32014R0050	Preâmbulo		18	36	410	ue/regulamentos/2014/32014R0050.md
32014R0050	Artigo 1.º		40	70	298	ue/regulamentos/2014/32014R0050.md
32014R0050	Artigo 2.º		72	86	135	ue/regulamentos/2014/32014R0050.md
32014R0051	Preâmbulo		18	48	887	ue/regulamentos/2014/32014R0051.md
32014R0051	Artigo 1.º		52	54	31	ue/regulamentos/2014/32014R0051.md
32014R0051	Artigo 2.º		56	88	453	ue/regulamentos/2014/32014R0051.md
32014R0051	ANEXO		90	607	7652	ue/regulamentos/2014/32014R0051.md
32014R0056	Preâmbulo		18	34	307	ue/regulamentos/2014/32014R0056.md
32014R0056	Artigo 1.º		38	40	46	ue/regulamentos/2014/32014R0056.md
32014R0056	Artigo 2.º		42	60	121	ue/regulamentos/2014/32014R0056.md
32014R0056	ANEXO		62	70	50	ue/regulamentos/2014/32014R0056.md
32014R0057	Preâmbulo		22	38	308	ue/regulamentos/2014/32014R0057.md
32014R0057	Artigo 1.º		42	44	46	ue/regulamentos/2014/32014R0057.md
32014R0057	Artigo 2.º		46	64	122	ue/regulamentos/2014/32014R0057.md
32014R0057	ANEXO		66	74	64	ue/regulamentos/2014/32014R0057.md
32014R0059	Preâmbulo		22	48	834	ue/regulamentos/2014/32014R0059.md
32014R0059	Artigo 1.º		52	54	31	ue/regulamentos/2014/32014R0059.md
32014R0059	Artigo 2.º		56	76	256	ue/regulamentos/2014/32014R0059.md
32014R0059	ANEXO		78	98	366	ue/regulamentos/2014/32014R0059.md
32014R0061	Preâmbulo		18	92	3804	ue/regulamentos/2014/32014R0061.md
32014R0061	Artigo 1.º		96	98	34	ue/regulamentos/2014/32014R0061.md
32014R0061	Artigo 2.º		100	110	176	ue/regulamentos/2014/32014R0061.md
32014R0061	Artigo 3.º		112	154	1066	ue/regulamentos/2014/32014R0061.md
32014R0061	ANEXO		156	1196	15202	ue/regulamentos/2014/32014R0061.md
32014R0065	Artigo 1.º	Objeto e âmbito de aplicação	37	55	208	ue/regulamentos/2014/32014R0065.md
32014R0065	Artigo 2.º	Definições	57	109	1178	ue/regulamentos/2014/32014R0065.md
32014R0065	Artigo 3.º	Responsabilidades dos fornecedores e calendário	111	175	1275	ue/regulamentos/2014/32014R0065.md
32014R0065	Artigo 4.º	Responsabilidades dos distribuidores	177	199	706	ue/regulamentos/2014/32014R0065.md
32014R0065	Artigo 5.º	Métodos de medição e de cálculo	201	203	70	ue/regulamentos/2014/32014R0065.md
32014R0065	Artigo 6.º	Procedimento de verificação para efeitos de fiscalização do mercado	205	207	80	ue/regulamentos/2014/32014R0065.md
32014R0065	Artigo 7.º	Revisão	209	211	34	ue/regulamentos/2014/32014R0065.md
32014R0065	Artigo 8.º	Revogação	213	215	27	ue/regulamentos/2014/32014R0065.md
32014R0065	Artigo 9.º	Disposições transitórias	217	223	162	ue/regulamentos/2014/32014R0065.md
32014R0065	Artigo 10.º	Entrada em vigor e aplicação	225	231	153	ue/regulamentos/2014/32014R0065.md
32014R0065	ANEXO I		233	323	1152	ue/regulamentos/2014/32014R0065.md
32014R0065	ANEXO II		325	461	1674	ue/regulamentos/2014/32014R0065.md
32014R0065	ANEXO III		463	791	3036	ue/regulamentos/2014/32014R0065.md
32014R0065	ANEXO IV		793	857	1635	ue/regulamentos/2014/32014R0065.md
32014R0065	ANEXO V		859	951	1396	ue/regulamentos/2014/32014R0065.md
32014R0065	ANEXO VI		953	997	846	ue/regulamentos/2014/32014R0065.md
32014R0065	ANEXO VII		999	1044	1027	ue/regulamentos/2014/32014R0065.md
32014R0065	ANEXO VIII		1046	1099	1388	ue/regulamentos/2014/32014R0065.md
32014R0066	Artigo 1.º	Objeto e âmbito de aplicação	36	60	221	ue/regulamentos/2014/32014R0066.md
32014R0066	Artigo 2.º	Definições	62	124	1414	ue/regulamentos/2014/32014R0066.md
32014R0066	Artigo 3.º	Requisitos de conceção ecológica e calendário	126	130	83	ue/regulamentos/2014/32014R0066.md
32014R0066	Artigo 4.º	Avaliação da conformidade	132	140	314	ue/regulamentos/2014/32014R0066.md
32014R0066	Artigo 5.º	Procedimento de verificação para efeitos de fiscalização do mercado	142	144	106	ue/regulamentos/2014/32014R0066.md
32014R0066	Artigo 6.º	Parâmetros de referência indicativos	146	148	60	ue/regulamentos/2014/32014R0066.md
32014R0066	Artigo 7.º	Reavaliação	150	152	130	ue/regulamentos/2014/32014R0066.md
32014R0066	Artigo 8.º	Entrada em vigor e aplicação	154	160	94	ue/regulamentos/2014/32014R0066.md
32014R0066	ANEXO I		162	359	3119	ue/regulamentos/2014/32014R0066.md
32014R0066	ANEXO II		361	519	2012	ue/regulamentos/2014/32014R0066.md
32014R0066	ANEXO III		521	571	1363	ue/regulamentos/2014/32014R0066.md
32014R0066	ANEXO IV		573	601	363	ue/regulamentos/2014/32014R0066.md
32014R0067	Preâmbulo		18	34	337	ue/regulamentos/2014/32014R0067.md
32014R0067	Artigo 1.º		38	40	78	ue/regulamentos/2014/32014R0067.md
32014R0067	Artigo 2.º		42	56	96	ue/regulamentos/2014/32014R0067.md
32014R0067	ANEXO		58	312	2738	ue/regulamentos/2014/32014R0067.md
32014R0068	Preâmbulo		18	36	235	ue/regulamentos/2014/32014R0068.md
32014R0068	Artigo 1.º		40	42	32	ue/regulamentos/2014/32014R0068.md
32014R0068	Artigo 2.º		44	60	191	ue/regulamentos/2014/32014R0068.md
32014R0068	ANEXO	«ANEXO II	62	101	230	ue/regulamentos/2014/32014R0068.md
32014R0069	Preâmbulo		18	44	672	ue/regulamentos/2014/32014R0069.md
32014R0069	Artigo 1.º		48	68	586	ue/regulamentos/2014/32014R0069.md
32014R0069	«Artigo 7.º-A	Dados de adequação operacional	70	80	710	ue/regulamentos/2014/32014R0069.md
32014R0069	Artigo 2.º		82	104	215	ue/regulamentos/2014/32014R0069.md
32014R0069	ANEXO		106	535	9119	ue/regulamentos/2014/32014R0069.md
32014R0070	Preâmbulo		18	44	665	ue/regulamentos/2014/32014R0070.md
32014R0070	Artigo 1.º		48	52	33	ue/regulamentos/2014/32014R0070.md
32014R0070	«Artigo 9.º-A	Formação para a qualificação de tipo e dados de adequação operacional	54	60	260	ue/regulamentos/2014/32014R0070.md
32014R0070	Artigo 2.º		62	82	162	ue/regulamentos/2014/32014R0070.md
32014R0070	ANEXO		84	108	441	ue/regulamentos/2014/32014R0070.md
32014R0071	Preâmbulo		18	44	628	ue/regulamentos/2014/32014R0071.md
32014R0071	Artigo 1.º		48	52	32	ue/regulamentos/2014/32014R0071.md
32014R0071	«Artigo 9.º	Listas de equipamento mínimo	54	64	321	ue/regulamentos/2014/32014R0071.md
32014R0071	«Artigo 9.º-A	Formação da tripulação de voo e de cabina	66	72	182	ue/regulamentos/2014/32014R0071.md
32014R0071	Artigo 2.º		74	94	162	ue/regulamentos/2014/32014R0071.md
32014R0071	ANEXO I		96	145	1280	ue/regulamentos/2014/32014R0071.md
32014R0071	ANEXO II		147	160	207	ue/regulamentos/2014/32014R0071.md
32014R0072	Preâmbulo		18	40	530	ue/regulamentos/2014/32014R0072.md
32014R0072	Artigo 1.º		44	46	33	ue/regulamentos/2014/32014R0072.md
32014R0072	Artigo 2.º		48	66	176	ue/regulamentos/2014/32014R0072.md
32014R0072	ANEXO		68	78	127	ue/regulamentos/2014/32014R0072.md
32014R0078	Preâmbulo		18	36	505	ue/regulamentos/2014/32014R0078.md
32014R0078	Artigo 1.º		40	45	84	ue/regulamentos/2014/32014R0078.md
32014R0078	Artigo 2.º		47	52	73	ue/regulamentos/2014/32014R0078.md
32014R0078	Artigo 3.º		54	70	166	ue/regulamentos/2014/32014R0078.md
32014R0079	Preâmbulo		22	60	2680	ue/regulamentos/2014/32014R0079.md
32014R0079	Artigo 1.º		64	66	34	ue/regulamentos/2014/32014R0079.md
32014R0079	Artigo 2.º		68	70	54	ue/regulamentos/2014/32014R0079.md
32014R0079	Artigo 3.º		72	110	983	ue/regulamentos/2014/32014R0079.md
32014R0079	ANEXO		112	1675	22869	ue/regulamentos/2014/32014R0079.md
32014R0081	Preâmbulo		18	34	212	ue/regulamentos/2014/32014R0081.md
32014R0081	Artigo 1.º		38	40	32	ue/regulamentos/2014/32014R0081.md
32014R0081	Artigo 2.º		42	56	90	ue/regulamentos/2014/32014R0081.md
32014R0081	ANEXO	«ANEXO I	58	111	8311	ue/regulamentos/2014/32014R0081.md
32014R0082	Preâmbulo		18	34	308	ue/regulamentos/2014/32014R0082.md
32014R0082	Artigo 1.º		38	40	46	ue/regulamentos/2014/32014R0082.md
32014R0082	Artigo 2.º		42	60	121	ue/regulamentos/2014/32014R0082.md
32014R0082	ANEXO		62	70	51	ue/regulamentos/2014/32014R0082.md
32014R0083	Preâmbulo		18	44	948	ue/regulamentos/2014/32014R0083.md
32014R0083	Artigo 1.º		48	57	116	ue/regulamentos/2014/32014R0083.md
32014R0083	«Artigo 8.º	Limitações do tempo de voo	59	67	170	ue/regulamentos/2014/32014R0083.md
32014R0083	«Artigo 9.º-A		69	91	335	ue/regulamentos/2014/32014R0083.md
32014R0083	Artigo 2.º		93	121	379	ue/regulamentos/2014/32014R0083.md
32014R0083	ANEXO I		123	143	460	ue/regulamentos/2014/32014R0083.md
32014R0083	ANEXO II		145	462	8133	ue/regulamentos/2014/32014R0083.md
32014R0085	Preâmbulo		18	40	648	ue/regulamentos/2014/32014R0085.md
32014R0085	Artigo 1.º		44	46	36	ue/regulamentos/2014/32014R0085.md
32014R0085	Artigo 2.º		48	66	257	ue/regulamentos/2014/32014R0085.md
32014R0085	ANEXO		68	70	58	ue/regulamentos/2014/32014R0085.md
32014R0087	Preâmbulo		22	62	2814	ue/regulamentos/2014/32014R0087.md
32014R0087	Artigo 1.º		66	68	34	ue/regulamentos/2014/32014R0087.md
32014R0087	Artigo 2.º		70	72	54	ue/regulamentos/2014/32014R0087.md
32014R0087	Artigo 3.º		74	106	697	ue/regulamentos/2014/32014R0087.md
32014R0087	ANEXO		108	1671	23480	ue/regulamentos/2014/32014R0087.md
32014R0088	Preâmbulo		18	36	470	ue/regulamentos/2014/32014R0088.md
32014R0088	Artigo 1.º	Objeto	40	46	110	ue/regulamentos/2014/32014R0088.md
32014R0088	Artigo 2.º	Dados a apresentar no pedido	48	50	48	ue/regulamentos/2014/32014R0088.md
32014R0088	Artigo 3.º	Apresentação e validação dos pedidos	52	56	142	ue/regulamentos/2014/32014R0088.md
32014R0088	Artigo 4.º	Avaliação dos pedidos	58	72	727	ue/regulamentos/2014/32014R0088.md
32014R0088	Artigo 5.º	Pareceres da Agência que podem constituir a base de uma decisão da Comissão	74	82	172	ue/regulamentos/2014/32014R0088.md
32014R0088	Artigo 6.º		84	100	228	ue/regulamentos/2014/32014R0088.md
32014R0088	ANEXO		102	120	493	ue/regulamentos/2014/32014R0088.md
32014R0089	Preâmbulo		18	46	597	ue/regulamentos/2014/32014R0089.md
32014R0089	Artigo 1.º		50	52	50	ue/regulamentos/2014/32014R0089.md
32014R0089	Artigo 2.º		54	72	218	ue/regulamentos/2014/32014R0089.md
32014R0089	ANEXO		74	82	573	ue/regulamentos/2014/32014R0089.md
32014R0090	Preâmbulo		18	48	851	ue/regulamentos/2014/32014R0090.md
32014R0090	Artigo 1.º		52	54	46	ue/regulamentos/2014/32014R0090.md
32014R0090	Artigo 2.º		56	76	284	ue/regulamentos/2014/32014R0090.md
32014R0090	ANEXO		78	92	1284	ue/regulamentos/2014/32014R0090.md
32014R0091	Preâmbulo		18	46	604	ue/regulamentos/2014/32014R0091.md
32014R0091	Artigo 1.º		50	52	42	ue/regulamentos/2014/32014R0091.md
32014R0091	Artigo 2.º		54	72	218	ue/regulamentos/2014/32014R0091.md
32014R0091	ANEXO		74	86	690	ue/regulamentos/2014/32014R0091.md
32014R0092	Preâmbulo		18	44	610	ue/regulamentos/2014/32014R0092.md
32014R0092	Artigo 1.º		48	50	41	ue/regulamentos/2014/32014R0092.md
32014R0092	Artigo 2.º		52	70	218	ue/regulamentos/2014/32014R0092.md
32014R0092	ANEXO		72	84	1113	ue/regulamentos/2014/32014R0092.md
32014R0093	Preâmbulo		18	48	841	ue/regulamentos/2014/32014R0093.md
32014R0093	Artigo 1.º		52	54	44	ue/regulamentos/2014/32014R0093.md
32014R0093	Artigo 2.º		56	76	284	ue/regulamentos/2014/32014R0093.md
32014R0093	ANEXO		78	91	1142	ue/regulamentos/2014/32014R0093.md
32014R0094	Preâmbulo		18	50	898	ue/regulamentos/2014/32014R0094.md
32014R0094	Artigo 1.º		54	56	53	ue/regulamentos/2014/32014R0094.md
32014R0094	Artigo 2.º		58	78	284	ue/regulamentos/2014/32014R0094.md
32014R0094	ANEXO		80	95	1378	ue/regulamentos/2014/32014R0094.md
32014R0100	Preâmbulo		18	40	516	ue/regulamentos/2014/32014R0100.md
32014R0100	Artigo 1.º		44	46	27	ue/regulamentos/2014/32014R0100.md
32014R0100	Artigo 2.º		48	66	260	ue/regulamentos/2014/32014R0100.md
32014R0100	ANEXO		68	6239	69243	ue/regulamentos/2014/32014R0100.md
32014R0107	Preâmbulo		18	44	638	ue/regulamentos/2014/32014R0107.md
32014R0107	Artigo 1.º	Retirada do mercado	48	50	64	ue/regulamentos/2014/32014R0107.md
32014R0107	Artigo 2.º	Alteração do Regulamento (CE) n.º 1334/2003	52	54	68	ue/regulamentos/2014/32014R0107.md
32014R0107	Artigo 3.º	Medidas transitórias	56	62	183	ue/regulamentos/2014/32014R0107.md
32014R0107	Artigo 4.º	Entrada em vigor	64	82	198	ue/regulamentos/2014/32014R0107.md
32014R0108	Preâmbulo		18	50	1122	ue/regulamentos/2014/32014R0108.md
32014R0108	Artigo 1.º	Não aprovação da substância ativa	54	56	28	ue/regulamentos/2014/32014R0108.md
32014R0108	Artigo 2.º	Medidas transitórias	58	60	54	ue/regulamentos/2014/32014R0108.md
32014R0108	Artigo 3.º	Prazo de tolerância	62	64	64	ue/regulamentos/2014/32014R0108.md
32014R0108	Artigo 4.º	Entrada em vigor	66	92	496	ue/regulamentos/2014/32014R0108.md
32014R0111	Preâmbulo		18	38	456	ue/regulamentos/2014/32014R0111.md
32014R0111	Artigo 1.º		42	44	48	ue/regulamentos/2014/32014R0111.md
32014R0111	Artigo 2.º		46	48	81	ue/regulamentos/2014/32014R0111.md
32014R0111	Artigo 3.º		50	66	142	ue/regulamentos/2014/32014R0111.md
32014R0111	ANEXO		68	73	686	ue/regulamentos/2014/32014R0111.md
32014R0112	Preâmbulo		18	38	456	ue/regulamentos/2014/32014R0112.md
32014R0112	Artigo 1.º		42	44	48	ue/regulamentos/2014/32014R0112.md
32014R0112	Artigo 2.º		46	48	81	ue/regulamentos/2014/32014R0112.md
32014R0112	Artigo 3.º		50	66	142	ue/regulamentos/2014/32014R0112.md
32014R0112	ANEXO		68	73	828	ue/regulamentos/2014/32014R0112.md
32014R0114	Preâmbulo		18	38	456	ue/regulamentos/2014/32014R0114.md
32014R0114	Artigo 1.º		42	44	48	ue/regulamentos/2014/32014R0114.md
32014R0114	Artigo 2.º		46	48	81	ue/regulamentos/2014/32014R0114.md
32014R0114	Artigo 3.º		50	66	142	ue/regulamentos/2014/32014R0114.md
32014R0114	ANEXO		68	73	794	ue/regulamentos/2014/32014R0114.md
32014R0115	Preâmbulo		18	38	450	ue/regulamentos/2014/32014R0115.md
32014R0115	Artigo 1.º		42	44	48	ue/regulamentos/2014/32014R0115.md
32014R0115	Artigo 2.º		46	48	81	ue/regulamentos/2014/32014R0115.md
32014R0115	Artigo 3.º		50	66	142	ue/regulamentos/2014/32014R0115.md
32014R0115	ANEXO		68	73	584	ue/regulamentos/2014/32014R0115.md
32014R0116	Preâmbulo		18	50	1096	ue/regulamentos/2014/32014R0116.md
32014R0116	Artigo 1.º	Não aprovação da substância ativa	54	56	26	ue/regulamentos/2014/32014R0116.md
32014R0116	Artigo 2.º	Medidas transitórias	58	60	53	ue/regulamentos/2014/32014R0116.md
32014R0116	Artigo 3.º	Prazo de tolerância	62	64	64	ue/regulamentos/2014/32014R0116.md
32014R0116	Artigo 4.º	Entrada em vigor	66	92	495	ue/regulamentos/2014/32014R0116.md
32014R0119	Preâmbulo		18	58	955	ue/regulamentos/2014/32014R0119.md
32014R0119	Artigo 1.º		62	68	116	ue/regulamentos/2014/32014R0119.md
32014R0119	Artigo 2.º		70	74	49	ue/regulamentos/2014/32014R0119.md
32014R0119	Artigo 3.º		76	100	284	ue/regulamentos/2014/32014R0119.md
32014R0120	Preâmbulo		18	42	631	ue/regulamentos/2014/32014R0120.md
32014R0120	Artigo 1.º		46	66	488	ue/regulamentos/2014/32014R0120.md
32014R0120	«Artigo 3.º	Contribuições	68	139	1938	ue/regulamentos/2014/32014R0120.md
32014R0120	Artigo 2.º	Medidas transitórias	141	143	97	ue/regulamentos/2014/32014R0120.md
32014R0120	Artigo 3.º	Entrada em vigor	145	163	126	ue/regulamentos/2014/32014R0120.md
32014R0120	ANEXO	«ANEXO II	165	357	1562	ue/regulamentos/2014/32014R0120.md
32014R0121	Preâmbulo		22	48	699	ue/regulamentos/2014/32014R0121.md
32014R0121	Artigo 1.º		52	54	68	ue/regulamentos/2014/32014R0121.md
32014R0121	Artigo 2.º		56	72	108	ue/regulamentos/2014/32014R0121.md
32014R0121	ANEXO		74	85	758	ue/regulamentos/2014/32014R0121.md
32014R0124	Preâmbulo		18	40	392	ue/regulamentos/2014/32014R0124.md
32014R0124	Artigo 1.º		44	49	163	ue/regulamentos/2014/32014R0124.md
32014R0124	Artigo 2.º		51	69	159	ue/regulamentos/2014/32014R0124.md
32014R0126	Preâmbulo		18	32	216	ue/regulamentos/2014/32014R0126.md
32014R0126	Artigo 1.º		36	38	22	ue/regulamentos/2014/32014R0126.md
32014R0126	Artigo 2.º		40	56	112	ue/regulamentos/2014/32014R0126.md
32014R0126	ANEXO		58	66	57	ue/regulamentos/2014/32014R0126.md
32014R0127	Preâmbulo		18	34	312	ue/regulamentos/2014/32014R0127.md
32014R0127	Artigo 1.º		38	40	46	ue/regulamentos/2014/32014R0127.md
32014R0127	Artigo 2.º		42	60	121	ue/regulamentos/2014/32014R0127.md
32014R0127	ANEXO		62	70	58	ue/regulamentos/2014/32014R0127.md
32014R0128	Preâmbulo		18	32	204	ue/regulamentos/2014/32014R0128.md
32014R0128	Artigo 1.º		36	38	22	ue/regulamentos/2014/32014R0128.md
32014R0128	Artigo 2.º		40	56	112	ue/regulamentos/2014/32014R0128.md
32014R0128	ANEXO		58	66	56	ue/regulamentos/2014/32014R0128.md
32014R0130	Preâmbulo		18	34	308	ue/regulamentos/2014/32014R0130.md
32014R0130	Artigo 1.º		38	40	46	ue/regulamentos/2014/32014R0130.md
32014R0130	Artigo 2.º		42	60	122	ue/regulamentos/2014/32014R0130.md
32014R0130	ANEXO		62	70	40	ue/regulamentos/2014/32014R0130.md
32014R0131	Preâmbulo		18	48	891	ue/regulamentos/2014/32014R0131.md
32014R0131	Artigo 1.º	Alteração do Regulamento de Execução (UE) n.º 601/2013	52	56	47	ue/regulamentos/2014/32014R0131.md
32014R0131	«Artigo 1.º-A	Alteração do Regulamento (CE) n.º 1334/2003 da Comissão[^1]	58	64	102	ue/regulamentos/2014/32014R0131.md
32014R0131	«Artigo 2.º	Medidas transitórias	66	70	154	ue/regulamentos/2014/32014R0131.md
32014R0131	Artigo 2.º	Medidas transitórias	72	74	142	ue/regulamentos/2014/32014R0131.md
32014R0131	Artigo 3.º	Entrada em vigor	76	102	310	ue/regulamentos/2014/32014R0131.md
32014R0131	ANEXO	«ANEXO	104	129	3293	ue/regulamentos/2014/32014R0131.md
32014R0133	Preâmbulo		22	56	1007	ue/regulamentos/2014/32014R0133.md
32014R0133	Artigo 1.º		60	62	34	ue/regulamentos/2014/32014R0133.md
32014R0133	Artigo 2.º		64	66	33	ue/regulamentos/2014/32014R0133.md
32014R0133	Artigo 3.º		68	196	3264	ue/regulamentos/2014/32014R0133.md
32014R0133	Artigo 4.º		198	220	234	ue/regulamentos/2014/32014R0133.md
32014R0133	ANEXO I		222	812	8152	ue/regulamentos/2014/32014R0133.md
32014R0133	ANEXO II	«ANEXO I	814	828	216	ue/regulamentos/2014/32014R0133.md
32014R0133	ANEXO III		830	2131	25574	ue/regulamentos/2014/32014R0133.md
32014R0133	ANEXO IV	«ANEXO III	2133	2151	345	ue/regulamentos/2014/32014R0133.md
32014R0133	ANEXO V	‘ANEXO XVIII	2153	2245	1943	ue/regulamentos/2014/32014R0133.md
32014R0134	Artigo 1.º	Objeto	33	35	108	ue/regulamentos/2014/32014R0134.md
32014R0134	Artigo 2.º	Definições	37	193	3209	ue/regulamentos/2014/32014R0134.md
32014R0134	Artigo 3.º	Requisitos de montagem e de demonstração relacionados com o desempenho ambiental dos veículos da categoria L	197	211	858	ue/regulamentos/2014/32014R0134.md
32014R0134	Artigo 4.º	Aplicação dos regulamentos da UNECE	213	219	180	ue/regulamentos/2014/32014R0134.md
32014R0134	Artigo 5.º	Especificações e requisitos técnicos e procedimentos de ensaio no que diz respeito ao desempenho ambiental dos veículos da categoria L	221	231	387	ue/regulamentos/2014/32014R0134.md
32014R0134	Artigo 6.º	Requisitos para o ensaio de tipo I: emissões do tubo de escape após arranque a frio	233	235	99	ue/regulamentos/2014/32014R0134.md
32014R0134	Artigo 7.º	Requisitos para o ensaio de tipo II: emissões do tubo de escape com o motor em marcha lenta (acelerada) sem carga e em aceleração livre	237	239	124	ue/regulamentos/2014/32014R0134.md
32014R0134	Artigo 8.º	Requisitos para o ensaio de tipo III: emissões de gases do cárter	241	243	89	ue/regulamentos/2014/32014R0134.md
32014R0134	Artigo 9.º	Requisitos para o ensaio de tipo IV: emissões por evaporação	245	247	86	ue/regulamentos/2014/32014R0134.md
32014R0134	Artigo 10.º	Requisitos para o ensaio de tipo V: durabilidade dos dispositivos de controlo da poluição	249	251	101	ue/regulamentos/2014/32014R0134.md
32014R0134	Artigo 11.º	Requisitos para o ensaio de tipo VII: emissões de CO2, consumo de combustível, consumo de energia elétrica ou autonomia elétrica	253	255	133	ue/regulamentos/2014/32014R0134.md
32014R0134	Artigo 12.º	Requisitos para o ensaio de tipo VIII: ensaios ambientais do sistema OBD	257	259	99	ue/regulamentos/2014/32014R0134.md
32014R0134	Artigo 13.º	Requisitos para o ensaio de tipo IX: nível sonoro	261	263	82	ue/regulamentos/2014/32014R0134.md
32014R0134	Artigo 14.º	Obrigações gerais	267	273	214	ue/regulamentos/2014/32014R0134.md
32014R0134	Artigo 15.º	Requisitos em matéria de desempenho da propulsão	275	277	82	ue/regulamentos/2014/32014R0134.md
32014R0134	Artigo 16.º	Homologação dos veículos da categoria L e dos respetivos sistemas, componentes ou unidades técnicas	281	287	452	ue/regulamentos/2014/32014R0134.md
32014R0134	Artigo 17.º	Homologação dos dispositivos de substituição para controlo da poluição	289	297	445	ue/regulamentos/2014/32014R0134.md
32014R0134	Artigo 18.º	Alteração do anexo V do Regulamento (UE) n.º 168/2013	301	303	43	ue/regulamentos/2014/32014R0134.md
32014R0134	Artigo 19.º	Entrada em vigor	305	311	86	ue/regulamentos/2014/32014R0134.md
32014R0134	ANEXO I	Lista dos regulamentos da UNECE referida no artigo 4.º, n.º 1	332	343	311	ue/regulamentos/2014/32014R0134.md
32014R0134	ANEXO II		345	1758	26055	ue/regulamentos/2014/32014R0134.md
32014R0134	Apêndice 1	Símbolos utilizados no anexo II	1760	1889	2382	ue/regulamentos/2014/32014R0134.md
32014R0134	Apêndice 2		1891	2052	3911	ue/regulamentos/2014/32014R0134.md
32014R0134	Apêndice 3		2054	2270	2860	ue/regulamentos/2014/32014R0134.md
32014R0134	Apêndice 4		2272	2576	6531	ue/regulamentos/2014/32014R0134.md
32014R0134	Apêndice 5		2578	2642	866	ue/regulamentos/2014/32014R0134.md
32014R0134	Apêndice 6		2644	7931	41607	ue/regulamentos/2014/32014R0134.md
32014R0134	Apêndice 7		7933	8158	2267	ue/regulamentos/2014/32014R0134.md
32014R0134	Apêndice 8		8160	8426	2612	ue/regulamentos/2014/32014R0134.md
32014R0134	Apêndice 9		8428	8587	2175	ue/regulamentos/2014/32014R0134.md
32014R0134	Apêndice 10		8589	8673	2008	ue/regulamentos/2014/32014R0134.md
32014R0134	Apêndice 11		8675	9039	7024	ue/regulamentos/2014/32014R0134.md
32014R0134	Apêndice 12		9041	9125	2136	ue/regulamentos/2014/32014R0134.md
32014R0134	Apêndice 13		9127	9364	3437	ue/regulamentos/2014/32014R0134.md
32014R0134	ANEXO III		9366	9522	3323	ue/regulamentos/2014/32014R0134.md
32014R0134	ANEXO IV		9524	9664	2343	ue/regulamentos/2014/32014R0134.md
32014R0134	ANEXO V		9666	9703	697	ue/regulamentos/2014/32014R0134.md
32014R0134	Apêndice 1		9705	9741	943	ue/regulamentos/2014/32014R0134.md
32014R0134	Apêndice 2		9743	9873	3210	ue/regulamentos/2014/32014R0134.md
32014R0134	Apêndice 3		9875	10199	5796	ue/regulamentos/2014/32014R0134.md
32014R0134	Apêndice 3.1		10201	10255	1178	ue/regulamentos/2014/32014R0134.md
32014R0134	Apêndice 3.2		10257	10337	1318	ue/regulamentos/2014/32014R0134.md
32014R0134	Apêndice 4		10339	10467	2278	ue/regulamentos/2014/32014R0134.md
32014R0134	ANEXO VI		10469	10676	6112	ue/regulamentos/2014/32014R0134.md
32014R0134	Apêndice 1		10678	11002	5671	ue/regulamentos/2014/32014R0134.md
32014R0134	Apêndice 2		11004	11080	1207	ue/regulamentos/2014/32014R0134.md
32014R0134	Apêndice 3		11082	11163	2220	ue/regulamentos/2014/32014R0134.md
32014R0134	Apêndice 4		11165	11248	2820	ue/regulamentos/2014/32014R0134.md
32014R0134	ANEXO VII		11250	11419	3334	ue/regulamentos/2014/32014R0134.md
32014R0134	Apêndice 1		11421	11610	2344	ue/regulamentos/2014/32014R0134.md
32014R0134	Apêndice 2		11612	11762	1932	ue/regulamentos/2014/32014R0134.md
32014R0134	Apêndice 3		11764	12722	13388	ue/regulamentos/2014/32014R0134.md
32014R0134	Apêndice 3.1		12724	12774	418	ue/regulamentos/2014/32014R0134.md
32014R0134	Apêndice 3.2		12776	12812	890	ue/regulamentos/2014/32014R0134.md
32014R0134	Apêndice 3.3		12814	12986	3248	ue/regulamentos/2014/32014R0134.md
32014R0134	ANEXO VIII		12988	13194	4658	ue/regulamentos/2014/32014R0134.md
32014R0134	ANEXO IX		13196	13273	1490	ue/regulamentos/2014/32014R0134.md
32014R0134	Apêndice 1		13275	13697	7692	ue/regulamentos/2014/32014R0134.md
32014R0134	Apêndice 2		13699	14148	8830	ue/regulamentos/2014/32014R0134.md
32014R0134	Apêndice 3		14150	14626	8605	ue/regulamentos/2014/32014R0134.md
32014R0134	Apêndice 4		14628	14836	3111	ue/regulamentos/2014/32014R0134.md
32014R0134	ANEXO X		14838	14863	673	ue/regulamentos/2014/32014R0134.md
32014R0134	Apêndice 1		14865	15066	2371	ue/regulamentos/2014/32014R0134.md
32014R0134	Apêndice 1.1		15068	15090	252	ue/regulamentos/2014/32014R0134.md
32014R0134	Apêndice 2		15092	15114	504	ue/regulamentos/2014/32014R0134.md
32014R0134	Apêndice 2.1		15116	15340	3698	ue/regulamentos/2014/32014R0134.md
32014R0134	Apêndice 2.2		15342	15591	3780	ue/regulamentos/2014/32014R0134.md
32014R0134	Apêndice 2.2.1		15593	15631	1080	ue/regulamentos/2014/32014R0134.md
32014R0134	Apêndice 2.3		15633	15909	4654	ue/regulamentos/2014/32014R0134.md
32014R0134	Apêndice 2.4		15911	15933	448	ue/regulamentos/2014/32014R0134.md
32014R0134	Apêndice 3		15935	15943	182	ue/regulamentos/2014/32014R0134.md
32014R0134	Apêndice 4		15945	16034	1087	ue/regulamentos/2014/32014R0134.md
32014R0134	ANEXO XI		16036	16190	3620	ue/regulamentos/2014/32014R0134.md
32014R0134	ANEXO XII		16192	16244	1398	ue/regulamentos/2014/32014R0134.md
32014R0135	Preâmbulo		18	427	11660	ue/regulamentos/2014/32014R0135.md
32014R0135	Artigo 1.º		431	433	66	ue/regulamentos/2014/32014R0135.md
32014R0135	Artigo 2.º		435	455	122	ue/regulamentos/2014/32014R0135.md
32014R0136	Preâmbulo		22	54	1254	ue/regulamentos/2014/32014R0136.md
32014R0136	Artigo 1.º	Alterações à Diretiva 2007/46/CE	58	60	43	ue/regulamentos/2014/32014R0136.md
32014R0136	Artigo 2.º	Alterações ao Regulamento (CE) n.º 692/2008	62	99	765	ue/regulamentos/2014/32014R0136.md
32014R0136	Artigo 3.º	Alterações ao Regulamento (UE) n.º 582/2011	101	103	49	ue/regulamentos/2014/32014R0136.md
32014R0136	Artigo 4.º	Disposições provisórias	105	111	166	ue/regulamentos/2014/32014R0136.md
32014R0136	Artigo 5.º	Entrada em vigor	113	137	148	ue/regulamentos/2014/32014R0136.md
32014R0136	ANEXO I		139	438	5739	ue/regulamentos/2014/32014R0136.md
32014R0136	ANEXO II		440	1047	9678	ue/regulamentos/2014/32014R0136.md
32014R0136	ANEXO III	«ANEXO XX	1049	1071	328	ue/regulamentos/2014/32014R0136.md
32014R0136	ANEXO IV		1073	1180	2049	ue/regulamentos/2014/32014R0136.md
32014R0137	Preâmbulo		18	50	948	ue/regulamentos/2014/32014R0137.md
32014R0137	Artigo 1.º		54	56	34	ue/regulamentos/2014/32014R0137.md
32014R0137	Artigo 2.º		58	82	344	ue/regulamentos/2014/32014R0137.md
32014R0137	ANEXO		84	162	2637	ue/regulamentos/2014/32014R0137.md
32014R0139	Artigo 1.º	Objeto e âmbito de aplicação	40	72	575	ue/regulamentos/2014/32014R0139.md
32014R0139	Artigo 2.º	Definições	74	112	866	ue/regulamentos/2014/32014R0139.md
32014R0139	Artigo 3.º		114	154	675	ue/regulamentos/2014/32014R0139.md
32014R0139	Artigo 6.º	Conversão de certificados	156	170	418	ue/regulamentos/2014/32014R0139.md
32014R0139	Artigo 7.º	Desvios em relação às especificações de certificação	172	192	415	ue/regulamentos/2014/32014R0139.md
32014R0139	Artigo 8.º	Proteção da área envolvente do aeródromo	194	200	203	ue/regulamentos/2014/32014R0139.md
32014R0139	Artigo 9.º	Monitorização da área envolvente do aeródromo	202	216	244	ue/regulamentos/2014/32014R0139.md
32014R0139	Artigo 10.º	Gestão dos riscos de intrusão de animais selvagens	218	228	217	ue/regulamentos/2014/32014R0139.md
32014R0139	Artigo 11.º	Entrada em vigor e aplicação	230	244	241	ue/regulamentos/2014/32014R0139.md
32014R0139	ANEXO I		246	568	4940	ue/regulamentos/2014/32014R0139.md
32014R0139	ANEXO II		570	1062	9382	ue/regulamentos/2014/32014R0139.md
32014R0139	ANEXO III		1064	2064	17062	ue/regulamentos/2014/32014R0139.md
32014R0139	ANEXO IV		2066	3617	23378	ue/regulamentos/2014/32014R0139.md
32014R0139	Apêndice 1	FORMATO NOTAM	3619	3621	12	ue/regulamentos/2014/32014R0139.md
32014R0139	Apêndice 2	FORMATO SNOWTAM	3623	3641	984	ue/regulamentos/2014/32014R0139.md
32014R0140	Preâmbulo		18	50	1341	ue/regulamentos/2014/32014R0140.md
32014R0140	Artigo 1.º	Aprovação da substância ativa	54	56	42	ue/regulamentos/2014/32014R0140.md
32014R0140	Artigo 2.º	Reavaliação de produtos fitofarmacêuticos	58	70	548	ue/regulamentos/2014/32014R0140.md
32014R0140	Artigo 3.º	Alteração do Regulamento de Execução (UE) n.º 540/2011	72	74	48	ue/regulamentos/2014/32014R0140.md
32014R0140	Artigo 4.º	Entrada em vigor e data de aplicação	76	102	400	ue/regulamentos/2014/32014R0140.md
32014R0140	ANEXO I		104	110	604	ue/regulamentos/2014/32014R0140.md
32014R0140	ANEXO II		112	120	612	ue/regulamentos/2014/32014R0140.md
32014R0141	Preâmbulo		18	44	817	ue/regulamentos/2014/32014R0141.md
32014R0141	Artigo 1.º	Alteração do Regulamento de Execução (UE) n.º 540/2011	48	50	50	ue/regulamentos/2014/32014R0141.md
32014R0141	Artigo 2.º	Medidas transitórias	52	54	78	ue/regulamentos/2014/32014R0141.md
32014R0141	Artigo 3.º	Prazo de tolerância	56	58	64	ue/regulamentos/2014/32014R0141.md
32014R0141	Artigo 4.º		60	84	419	ue/regulamentos/2014/32014R0141.md
32014R0141	ANEXO		86	92	513	ue/regulamentos/2014/32014R0141.md
32014R0143	Preâmbulo		18	50	1338	ue/regulamentos/2014/32014R0143.md
32014R0143	Artigo 1.º	Aprovação da substância ativa	54	56	42	ue/regulamentos/2014/32014R0143.md
32014R0143	Artigo 2.º	Reavaliação de produtos fitofarmacêuticos	58	70	550	ue/regulamentos/2014/32014R0143.md
32014R0143	Artigo 3.º	Alterações ao Regulamento de Execução (UE) n.º 540/2011	72	74	48	ue/regulamentos/2014/32014R0143.md
32014R0143	Artigo 4.º	Entrada em vigor e data de aplicação	76	102	430	ue/regulamentos/2014/32014R0143.md
32014R0143	ANEXO I		104	110	632	ue/regulamentos/2014/32014R0143.md
32014R0143	ANEXO II		112	120	662	ue/regulamentos/2014/32014R0143.md
32014R0144	Preâmbulo		18	50	1418	ue/regulamentos/2014/32014R0144.md
32014R0144	Artigo 1.º	Aprovação da substância ativa	54	56	42	ue/regulamentos/2014/32014R0144.md
32014R0144	Artigo 2.º	Reavaliação de produtos fitofarmacêuticos	58	70	548	ue/regulamentos/2014/32014R0144.md
32014R0144	Artigo 3.º	Alterações ao Regulamento de Execução (UE) n.º 540/2011	72	74	48	ue/regulamentos/2014/32014R0144.md
32014R0144	Artigo 4.º	Entrada em vigor e data de aplicação	76	106	558	ue/regulamentos/2014/32014R0144.md
32014R0144	ANEXO I		108	114	336	ue/regulamentos/2014/32014R0144.md
32014R0144	ANEXO II		116	124	366	ue/regulamentos/2014/32014R0144.md
32014R0145	Preâmbulo		22	54	1421	ue/regulamentos/2014/32014R0145.md
32014R0145	Artigo 1.º	Aprovação da substância ativa	58	60	43	ue/regulamentos/2014/32014R0145.md
32014R0145	Artigo 2.º	Reavaliação de produtos fitofarmacêuticos	62	74	550	ue/regulamentos/2014/32014R0145.md
32014R0145	Artigo 3.º	Alterações do Regulamento de Execução (UE) n.º 540/2011	76	78	48	ue/regulamentos/2014/32014R0145.md
32014R0145	Artigo 4.º	Entrada em vigor e data de aplicação	80	108	492	ue/regulamentos/2014/32014R0145.md
32014R0145	ANEXO I		110	116	470	ue/regulamentos/2014/32014R0145.md
32014R0145	ANEXO II		118	126	500	ue/regulamentos/2014/32014R0145.md
32014R0149	Preâmbulo		18	50	1442	ue/regulamentos/2014/32014R0149.md
32014R0149	Artigo 1.º	Aprovação da substância ativa	54	56	43	ue/regulamentos/2014/32014R0149.md
32014R0149	Artigo 2.º	Reavaliação de produtos fitofarmacêuticos	58	70	553	ue/regulamentos/2014/32014R0149.md
32014R0149	Artigo 3.º	Alterações ao Regulamento de Execução (UE) n.º 540/2011	72	74	48	ue/regulamentos/2014/32014R0149.md
32014R0149	Artigo 4.º	Entrada em vigor e data de aplicação	76	104	497	ue/regulamentos/2014/32014R0149.md
32014R0149	ANEXO I		106	112	457	ue/regulamentos/2014/32014R0149.md
32014R0149	ANEXO II		114	122	484	ue/regulamentos/2014/32014R0149.md
32014R0151	Preâmbulo		18	50	1338	ue/regulamentos/2014/32014R0151.md
32014R0151	Artigo 1.º	Aprovação da substância ativa	54	56	46	ue/regulamentos/2014/32014R0151.md
32014R0151	Artigo 2.º	Reavaliação de produtos fitofarmacêuticos	58	70	552	ue/regulamentos/2014/32014R0151.md
32014R0151	Artigo 3.º	Alteração do Regulamento de Execução (UE) n.º 540/2011	72	74	48	ue/regulamentos/2014/32014R0151.md
32014R0151	Artigo 4.º	Entrada em vigor e data de aplicação	76	102	433	ue/regulamentos/2014/32014R0151.md
32014R0151	ANEXO I		104	110	296	ue/regulamentos/2014/32014R0151.md
32014R0151	ANEXO II		112	120	326	ue/regulamentos/2014/32014R0151.md
32014R0153	Preâmbulo		18	42	521	ue/regulamentos/2014/32014R0153.md
32014R0153	Artigo 1.º		46	54	79	ue/regulamentos/2014/32014R0153.md
32014R0153	Artigo 2.º		56	58	15	ue/regulamentos/2014/32014R0153.md
32014R0153	Artigo 3.º		60	78	214	ue/regulamentos/2014/32014R0153.md
32014R0153	ANEXO	«ANEXO IV	80	284	874	ue/regulamentos/2014/32014R0153.md
32014R0154	Preâmbulo		18	44	784	ue/regulamentos/2014/32014R0154.md
32014R0154	Artigo 1.º	Alteração do Regulamento de Execução (UE) n.º 540/2011	48	50	50	ue/regulamentos/2014/32014R0154.md
32014R0154	Artigo 2.º	Medidas transitórias	52	54	78	ue/regulamentos/2014/32014R0154.md
32014R0154	Artigo 3.º	Prazo de tolerância	56	58	64	ue/regulamentos/2014/32014R0154.md
32014R0154	Artigo 4.º	Entrada em vigor	60	84	410	ue/regulamentos/2014/32014R0154.md
32014R0154	ANEXO		86	94	726	ue/regulamentos/2014/32014R0154.md
32014R0155	Preâmbulo		18	98	4404	ue/regulamentos/2014/32014R0155.md
32014R0155	Artigo 1.º		102	106	113	ue/regulamentos/2014/32014R0155.md
32014R0155	Artigo 2.º		108	156	277	ue/regulamentos/2014/32014R0155.md
32014R0155	ANEXO		158	175	880	ue/regulamentos/2014/32014R0155.md
32014R0157	Preâmbulo		18	44	903	ue/regulamentos/2014/32014R0157.md
32014R0157	Artigo 1.º		48	60	378	ue/regulamentos/2014/32014R0157.md
32014R0157	Artigo 2.º		62	76	96	ue/regulamentos/2014/32014R0157.md
32014R0158	Preâmbulo		18	32	208	ue/regulamentos/2014/32014R0158.md
32014R0158	Artigo 1.º		36	38	22	ue/regulamentos/2014/32014R0158.md
32014R0158	Artigo 2.º		40	56	114	ue/regulamentos/2014/32014R0158.md
32014R0158	ANEXO		58	66	66	ue/regulamentos/2014/32014R0158.md
32014R0159	Preâmbulo		18	32	206	ue/regulamentos/2014/32014R0159.md
32014R0159	Artigo 1.º		36	38	22	ue/regulamentos/2014/32014R0159.md
32014R0159	Artigo 2.º		40	56	114	ue/regulamentos/2014/32014R0159.md
32014R0159	ANEXO		58	66	58	ue/regulamentos/2014/32014R0159.md
32014R0160	Preâmbulo		18	32	206	ue/regulamentos/2014/32014R0160.md
32014R0160	Artigo 1.º		36	38	22	ue/regulamentos/2014/32014R0160.md
32014R0160	Artigo 2.º		40	56	114	ue/regulamentos/2014/32014R0160.md
32014R0160	ANEXO		58	66	56	ue/regulamentos/2014/32014R0160.md
32014R0161	Preâmbulo		18	32	236	ue/regulamentos/2014/32014R0161.md
32014R0161	Artigo 1.º		36	38	22	ue/regulamentos/2014/32014R0161.md
32014R0161	Artigo 2.º		40	56	112	ue/regulamentos/2014/32014R0161.md
32014R0161	ANEXO		58	66	80	ue/regulamentos/2014/32014R0161.md
32014R0162	Preâmbulo		18	34	314	ue/regulamentos/2014/32014R0162.md
32014R0162	Artigo 1.º		38	40	46	ue/regulamentos/2014/32014R0162.md
32014R0162	Artigo 2.º		42	60	122	ue/regulamentos/2014/32014R0162.md
32014R0162	ANEXO		62	70	60	ue/regulamentos/2014/32014R0162.md
32014R0165	Artigo 1.º	Objeto e princípios	31	41	302	ue/regulamentos/2014/32014R0165.md
32014R0165	Artigo 2.º	Definições	43	99	1534	ue/regulamentos/2014/32014R0165.md
32014R0165	Artigo 3.º	Âmbito	101	129	646	ue/regulamentos/2014/32014R0165.md
32014R0165	Artigo 4.º	Requisitos e dados a registar	131	183	739	ue/regulamentos/2014/32014R0165.md
32014R0165	Artigo 5.º	Funções do tacógrafo digital	185	217	234	ue/regulamentos/2014/32014R0165.md
32014R0165	Artigo 6.º	Visualização e alerta	219	247	468	ue/regulamentos/2014/32014R0165.md
32014R0165	Artigo 7.º	Proteção de dados	249	265	422	ue/regulamentos/2014/32014R0165.md
32014R0165	Artigo 8.º	Registo da posição do veículo em certos pontos durante o período de trabalho diário	269	293	615	ue/regulamentos/2014/32014R0165.md
32014R0165	Artigo 9.º	Deteção rápida à distância de eventual manipulação ou uso indevido	295	343	985	ue/regulamentos/2014/32014R0165.md
32014R0165	Artigo 10.º	Interface com sistemas de transporte inteligentes	345	359	276	ue/regulamentos/2014/32014R0165.md
32014R0165	Artigo 11.º	Disposições pormenorizadas aplicáveis aos tacógrafos inteligentes	361	381	672	ue/regulamentos/2014/32014R0165.md
32014R0165	Artigo 12.º	Pedidos de homologação	385	413	746	ue/regulamentos/2014/32014R0165.md
32014R0165	Artigo 13.º	Concessão da homologação	415	419	124	ue/regulamentos/2014/32014R0165.md
32014R0165	Artigo 14.º	Marca de homologação	421	423	108	ue/regulamentos/2014/32014R0165.md
32014R0165	Artigo 15.º	Deferimento ou indeferimento do pedido	425	427	166	ue/regulamentos/2014/32014R0165.md
32014R0165	Artigo 16.º	Conformidade do equipamento com o modelo homologado	429	443	727	ue/regulamentos/2014/32014R0165.md
32014R0165	Artigo 17.º	Homologação de folhas de registo	445	449	132	ue/regulamentos/2014/32014R0165.md
32014R0165	Artigo 18.º	Fundamentação das decisões de indeferimento	451	453	119	ue/regulamentos/2014/32014R0165.md
32014R0165	Artigo 19.º	Reconhecimento de tacógrafos homologados	455	457	88	ue/regulamentos/2014/32014R0165.md
32014R0165	Artigo 20.º	Segurança	459	467	436	ue/regulamentos/2014/32014R0165.md
32014R0165	Artigo 21.º	Ensaios no terreno	469	475	198	ue/regulamentos/2014/32014R0165.md
32014R0165	Artigo 22.º	Instalação e reparação	479	519	908	ue/regulamentos/2014/32014R0165.md
32014R0165	Artigo 23.º	Inspeção dos tacógrafos	521	543	377	ue/regulamentos/2014/32014R0165.md
32014R0165	Artigo 24.º	Aprovação de instaladores, oficinas e fabricantes de veículos	545	573	641	ue/regulamentos/2014/32014R0165.md
32014R0165	Artigo 25.º	Cartões de oficina	575	583	306	ue/regulamentos/2014/32014R0165.md
32014R0165	Artigo 26.º	Emissão dos cartões de condutor	587	617	1144	ue/regulamentos/2014/32014R0165.md
32014R0165	Artigo 27.º	Utilização dos cartões de condutor	619	623	78	ue/regulamentos/2014/32014R0165.md
32014R0165	Artigo 28.º	Renovação dos cartões de condutor	625	631	204	ue/regulamentos/2014/32014R0165.md
32014R0165	Artigo 29.º	Roubo, extravio ou defeito dos cartões de condutor	633	643	366	ue/regulamentos/2014/32014R0165.md
32014R0165	Artigo 30.º	Reconhecimento mútuo e troca de cartões de condutor	645	653	203	ue/regulamentos/2014/32014R0165.md
32014R0165	Artigo 31.º	Intercâmbio eletrónico de informações sobre cartões de condutor	655	675	517	ue/regulamentos/2014/32014R0165.md
32014R0165	Artigo 32.º	Utilização correta dos tacógrafos	679	689	360	ue/regulamentos/2014/32014R0165.md
32014R0165	Artigo 33.º	Responsabilidade das empresas de transporte	691	701	568	ue/regulamentos/2014/32014R0165.md
32014R0165	Artigo 34.º	Utilização dos cartões de condutor e das folhas de registo	703	779	1389	ue/regulamentos/2014/32014R0165.md
32014R0165	Artigo 35.º	Cartões de condutor e folhas de registo danificados	781	793	296	ue/regulamentos/2014/32014R0165.md
32014R0165	Artigo 36.º	Registos que devem acompanhar o condutor	795	825	342	ue/regulamentos/2014/32014R0165.md
32014R0165	Artigo 37.º	Procedimento a seguir em caso de mau funcionamento do aparelho	827	839	340	ue/regulamentos/2014/32014R0165.md
32014R0165	Artigo 38.º	Agentes de controlo	843	859	490	ue/regulamentos/2014/32014R0165.md
32014R0165	Artigo 39.º	Formação dos agentes de controlo	861	869	268	ue/regulamentos/2014/32014R0165.md
32014R0165	Artigo 40.º	Assistência mútua	871	875	124	ue/regulamentos/2014/32014R0165.md
32014R0165	Artigo 41.º	Sanções	877	881	166	ue/regulamentos/2014/32014R0165.md
32014R0165	Artigo 42.º	Comité	885	895	198	ue/regulamentos/2014/32014R0165.md
32014R0165	Artigo 43.º	Fórum do Tacógrafo	897	909	231	ue/regulamentos/2014/32014R0165.md
32014R0165	Artigo 44.º	Comunicação das medidas nacionais	911	913	81	ue/regulamentos/2014/32014R0165.md
32014R0165	Artigo 45.º	Alteração do Regulamento (CE) n.º 561/2006	915	929	318	ue/regulamentos/2014/32014R0165.md
32014R0165	Artigo 46.º	Medidas transitórias	931	933	89	ue/regulamentos/2014/32014R0165.md
32014R0165	Artigo 47.º	Revogação	935	937	43	ue/regulamentos/2014/32014R0165.md
32014R0165	Artigo 48.º	Entrada em vigor	939	945	131	ue/regulamentos/2014/32014R0165.md
32014R0165	ANEXO I		947	1361	6446	ue/regulamentos/2014/32014R0165.md
32014R0165	ANEXO II		1363	1612	1998	ue/regulamentos/2014/32014R0165.md
32014R0168	Preâmbulo		18	36	387	ue/regulamentos/2014/32014R0168.md
32014R0168	Artigo 1.º		40	66	613	ue/regulamentos/2014/32014R0168.md
32014R0168	Artigo 2.º		68	86	256	ue/regulamentos/2014/32014R0168.md
32014R0170	Preâmbulo		18	34	308	ue/regulamentos/2014/32014R0170.md
32014R0170	Artigo 1.º		38	40	46	ue/regulamentos/2014/32014R0170.md
32014R0170	Artigo 2.º		42	60	122	ue/regulamentos/2014/32014R0170.md
32014R0170	ANEXO		62	70	57	ue/regulamentos/2014/32014R0170.md
32014R0171	Preâmbulo		18	34	326	ue/regulamentos/2014/32014R0171.md
32014R0171	Artigo 1.º		38	40	46	ue/regulamentos/2014/32014R0171.md
32014R0171	Artigo 2.º		42	62	131	ue/regulamentos/2014/32014R0171.md
32014R0171	ANEXO		64	72	57	ue/regulamentos/2014/32014R0171.md
32014R0172	Preâmbulo		18	34	330	ue/regulamentos/2014/32014R0172.md
32014R0172	Artigo 1.º		38	40	46	ue/regulamentos/2014/32014R0172.md
32014R0172	Artigo 2.º		42	62	131	ue/regulamentos/2014/32014R0172.md
32014R0172	ANEXO		64	72	59	ue/regulamentos/2014/32014R0172.md
32014R0175	Preâmbulo		18	70	2285	ue/regulamentos/2014/32014R0175.md
32014R0175	Artigo 1.º		74	78	114	ue/regulamentos/2014/32014R0175.md
32014R0175	Artigo 2.º		80	108	166	ue/regulamentos/2014/32014R0175.md
32014R0175	ANEXO		110	121	535	ue/regulamentos/2014/32014R0175.md
32014R0178	Preâmbulo		18	38	599	ue/regulamentos/2014/32014R0178.md
32014R0178	Artigo 1.º	Registo dos operadores	42	54	233	ue/regulamentos/2014/32014R0178.md
32014R0178	Artigo 2.º	Montante da ajuda à comercialização fora da região de produção	56	68	361	ue/regulamentos/2014/32014R0178.md
32014R0178	Artigo 3.º	Financiamento de estudos, projetos de demonstração, formação e medidas de assistência técnica	70	72	114	ue/regulamentos/2014/32014R0178.md
32014R0178	Artigo 4.º	Revogação	74	76	18	ue/regulamentos/2014/32014R0178.md
32014R0178	Artigo 5.º	Entrada em vigor	78	96	224	ue/regulamentos/2014/32014R0178.md
32014R0179	Preâmbulo		18	44	1032	ue/regulamentos/2014/32014R0179.md
32014R0179	Artigo 1.º	Registo dos operadores	48	60	235	ue/regulamentos/2014/32014R0179.md
32014R0179	Artigo 2.º	Montante da ajuda à comercialização fora da região de produção	62	76	393	ue/regulamentos/2014/32014R0179.md
32014R0179	Artigo 3.º	Ajuda à comercialização de tomate	78	80	76	ue/regulamentos/2014/32014R0179.md
32014R0179	Artigo 4.º	Ajuda à comercialização de arroz	82	86	121	ue/regulamentos/2014/32014R0179.md
32014R0179	Artigo 5.º	Utilização do símbolo gráfico	88	94	257	ue/regulamentos/2014/32014R0179.md
32014R0179	Artigo 6.º	Direito de utilização do símbolo gráfico	96	118	462	ue/regulamentos/2014/32014R0179.md
32014R0179	Artigo 7.º	Condições de reprodução e de utilização	120	122	36	ue/regulamentos/2014/32014R0179.md
32014R0179	Artigo 8.º	Isenção de direitos de importação aplicável a bovinos machos jovens	124	138	404	ue/regulamentos/2014/32014R0179.md
32014R0179	Artigo 9.º	Financiamento de estudos, projetos de demonstração, formação e medidas de assistência técnica	140	142	111	ue/regulamentos/2014/32014R0179.md
32014R0179	Artigo 10.º	Revogação	144	146	18	ue/regulamentos/2014/32014R0179.md
32014R0179	Artigo 11.º	Entrada em vigor	148	170	367	ue/regulamentos/2014/32014R0179.md
32014R0179	ANEXO I		172	226	888	ue/regulamentos/2014/32014R0179.md
32014R0179	ANEXO II		228	236	56	ue/regulamentos/2014/32014R0179.md
32014R0180	Artigo 1.º	Objeto e alteração da estimativa de abastecimento	36	40	112	ue/regulamentos/2014/32014R0180.md
32014R0180	Artigo 2.º	Certificado de importação	44	68	434	ue/regulamentos/2014/32014R0180.md
32014R0180	Artigo 3.º	Certificado de isenção	70	90	382	ue/regulamentos/2014/32014R0180.md
32014R0180	Artigo 4.º	Fixação e concessão da ajuda	94	100	184	ue/regulamentos/2014/32014R0180.md
32014R0180	Artigo 5.º	Certificados de ajuda e de pagamento	102	134	584	ue/regulamentos/2014/32014R0180.md
32014R0180	Artigo 6.º	Repercussão da vantagem no utilizador final	138	142	160	ue/regulamentos/2014/32014R0180.md
32014R0180	Artigo 7.º	Registo dos operadores	144	160	441	ue/regulamentos/2014/32014R0180.md
32014R0180	Artigo 8.º	Documentos a apresentar pelos operadores e período de eficácia do certificado	162	186	547	ue/regulamentos/2014/32014R0180.md
32014R0180	Artigo 9.º	Apresentação de certificados e mercadorias	188	196	250	ue/regulamentos/2014/32014R0180.md
32014R0180	Artigo 10.º	Qualidade dos produtos	198	202	218	ue/regulamentos/2014/32014R0180.md
32014R0180	Artigo 11.º	Aumento significativo dos pedidos de certificados	204	208	206	ue/regulamentos/2014/32014R0180.md
32014R0180	Artigo 12.º	Fixação da quantidade máxima por pedido de certificado	210	220	178	ue/regulamentos/2014/32014R0180.md
32014R0180	Artigo 13.º	Condições de exportação e expedição	224	252	760	ue/regulamentos/2014/32014R0180.md
32014R0180	Artigo 14.º	Certificado de exportação e aumento significativo das exportações	254	262	195	ue/regulamentos/2014/32014R0180.md
32014R0180	Artigo 15.º	Exportações tradicionais, exportações no âmbito do comércio regional e expedição tradicional de produtos transformados	264	274	408	ue/regulamentos/2014/32014R0180.md
32014R0180	Artigo 16.º	Controlo	278	292	248	ue/regulamentos/2014/32014R0180.md
32014R0180	Artigo 17.º	Normas nacionais de acompanhamento e gestão	294	298	86	ue/regulamentos/2014/32014R0180.md
32014R0180	Artigo 18.º	Apresentação dos pedidos	304	306	112	ue/regulamentos/2014/32014R0180.md
32014R0180	Artigo 19.º	Correção de erros manifestos	308	310	48	ue/regulamentos/2014/32014R0180.md
32014R0180	Artigo 20.º	Apresentação tardia de pedidos	312	314	104	ue/regulamentos/2014/32014R0180.md
32014R0180	Artigo 21.º	Retirada de pedidos de ajuda	316	322	165	ue/regulamentos/2014/32014R0180.md
32014R0180	Artigo 22.º	Princípios gerais	326	338	226	ue/regulamentos/2014/32014R0180.md
32014R0180	Artigo 23.º	Controlo no local	340	352	208	ue/regulamentos/2014/32014R0180.md
32014R0180	Artigo 24.º	Seleção dos agricultores a submeter a ações de controlo no local	354	370	321	ue/regulamentos/2014/32014R0180.md
32014R0180	Artigo 25.º	Relatório de controlo	372	392	391	ue/regulamentos/2014/32014R0180.md
32014R0180	Artigo 26.º	Reduções e exclusões	396	398	78	ue/regulamentos/2014/32014R0180.md
32014R0180	Artigo 27.º	Exceções à aplicação de reduções e exclusões	400	408	224	ue/regulamentos/2014/32014R0180.md
32014R0180	Artigo 28.º	Recuperação de pagamentos indevidos e penalização	410	414	132	ue/regulamentos/2014/32014R0180.md
32014R0180	Artigo 29.º	Força maior e circunstâncias excecionais	416	420	73	ue/regulamentos/2014/32014R0180.md
32014R0180	Artigo 30.º	Controlo das condições de utilização do logótipo	426	430	156	ue/regulamentos/2014/32014R0180.md
32014R0180	Artigo 31.º	Utilização abusiva e publicidade do logótipo	432	436	117	ue/regulamentos/2014/32014R0180.md
32014R0180	Artigo 32.º	Medidas nacionais	438	448	265	ue/regulamentos/2014/32014R0180.md
32014R0180	Artigo 33.º	Pecuária	452	460	282	ue/regulamentos/2014/32014R0180.md
32014R0180	Artigo 34.º	Isenção de direitos aduaneiros aplicável ao tabaco	464	468	166	ue/regulamentos/2014/32014R0180.md
32014R0180	Artigo 35.º	Condições de isenção	470	480	254	ue/regulamentos/2014/32014R0180.md
32014R0180	Artigo 36.º	Pagamento das ajudas	484	492	209	ue/regulamentos/2014/32014R0180.md
32014R0180	Artigo 37.º	Indicadores de desempenho	494	498	96	ue/regulamentos/2014/32014R0180.md
32014R0180	Artigo 38.º	Notificações	500	528	505	ue/regulamentos/2014/32014R0180.md
32014R0180	Artigo 39.º	Relatório anual	530	536	97	ue/regulamentos/2014/32014R0180.md
32014R0180	Artigo 40.º	Alteração dos programas	538	610	1574	ue/regulamentos/2014/32014R0180.md
32014R0180	Artigo 41.º	Redução dos adiantamentos	612	614	102	ue/regulamentos/2014/32014R0180.md
32014R0180	Artigo 42.º	Entrada em vigor	616	620	69	ue/regulamentos/2014/32014R0180.md
32014R0180	ANEXO I		622	1628	7859	ue/regulamentos/2014/32014R0180.md
32014R0180	ANEXO II		1630	1668	256	ue/regulamentos/2014/32014R0180.md
32014R0180	ANEXO III		1670	1702	240	ue/regulamentos/2014/32014R0180.md
32014R0180	ANEXO IV		1704	1815	829	ue/regulamentos/2014/32014R0180.md
32014R0180	ANEXO V		1817	1852	202	ue/regulamentos/2014/32014R0180.md
32014R0180	ANEXO VI		1854	1878	215	ue/regulamentos/2014/32014R0180.md
32014R0180	ANEXO VII		1880	1892	178	ue/regulamentos/2014/32014R0180.md
32014R0180	ANEXO VIII		1894	1910	488	ue/regulamentos/2014/32014R0180.md
32014R0180	ANEXO IX		1912	1988	2161	ue/regulamentos/2014/32014R0180.md
32014R0181	Artigo 1.º	Objeto e alteração das estimativas de abastecimento	34	38	138	ue/regulamentos/2014/32014R0181.md
32014R0181	Artigo 2.º	Fixação e concessão da ajuda	42	58	306	ue/regulamentos/2014/32014R0181.md
32014R0181	Artigo 3.º	Certificados de ajuda e de pagamento	60	90	561	ue/regulamentos/2014/32014R0181.md
32014R0181	Artigo 4.º	Repercussão da vantagem no utilizador final	92	96	171	ue/regulamentos/2014/32014R0181.md
32014R0181	Artigo 5.º	Registo dos operadores	98	114	472	ue/regulamentos/2014/32014R0181.md
32014R0181	Artigo 6.º	Documentos a apresentar pelos operadores e período de eficácia dos certificados	116	122	189	ue/regulamentos/2014/32014R0181.md
32014R0181	Artigo 7.º	Apresentação dos certificados e das mercadorias	124	128	122	ue/regulamentos/2014/32014R0181.md
32014R0181	Artigo 8.º	Qualidade dos produtos	130	136	168	ue/regulamentos/2014/32014R0181.md
32014R0181	Artigo 9.º	Aumentos significativos dos pedidos de certificados de ajuda	138	142	204	ue/regulamentos/2014/32014R0181.md
32014R0181	Artigo 10.º	Fixação de uma quantidade máxima por pedido de certificado	144	154	176	ue/regulamentos/2014/32014R0181.md
32014R0181	Artigo 11.º	Condições de exportação ou de expedição	158	174	491	ue/regulamentos/2014/32014R0181.md
32014R0181	Artigo 12.º	Exportações tradicionais e expedições tradicionais de produtos transformados	176	180	196	ue/regulamentos/2014/32014R0181.md
32014R0181	Artigo 13.º	Controlos	184	198	236	ue/regulamentos/2014/32014R0181.md
32014R0181	Artigo 14.º	Regras nacionais de acompanhamento e gestão	200	204	92	ue/regulamentos/2014/32014R0181.md
32014R0181	Artigo 15.º	Montante da ajuda	210	214	116	ue/regulamentos/2014/32014R0181.md
32014R0181	Artigo 16.º	Apresentação dos pedidos	216	218	111	ue/regulamentos/2014/32014R0181.md
32014R0181	Artigo 17.º	Correção de erros manifestos	220	222	50	ue/regulamentos/2014/32014R0181.md
32014R0181	Artigo 18.º	Apresentação tardia de pedidos	224	226	109	ue/regulamentos/2014/32014R0181.md
32014R0181	Artigo 19.º	Retirada de pedidos de ajuda	228	236	222	ue/regulamentos/2014/32014R0181.md
32014R0181	Artigo 20.º	Princípios gerais	240	252	220	ue/regulamentos/2014/32014R0181.md
32014R0181	Artigo 21.º	Controlos in loco	254	266	198	ue/regulamentos/2014/32014R0181.md
32014R0181	Artigo 22.º	Seleção dos requerentes de ajuda a submeter a ações de controlo in loco	268	284	324	ue/regulamentos/2014/32014R0181.md
32014R0181	Artigo 23.º	Relatório de inspeção	286	306	390	ue/regulamentos/2014/32014R0181.md
32014R0181	Artigo 24.º	Reduções e exclusões	310	312	77	ue/regulamentos/2014/32014R0181.md
32014R0181	Artigo 25.º	Exceções à aplicação de reduções e exclusões	314	322	227	ue/regulamentos/2014/32014R0181.md
32014R0181	Artigo 26.º	Recuperação de pagamentos indevidos e penalização	324	328	132	ue/regulamentos/2014/32014R0181.md
32014R0181	Artigo 27.º	Força maior e circunstâncias excecionais	330	334	72	ue/regulamentos/2014/32014R0181.md
32014R0181	Artigo 28.º	Pagamento das ajudas	338	346	187	ue/regulamentos/2014/32014R0181.md
32014R0181	Artigo 29.º	Indicadores de desempenho	348	352	84	ue/regulamentos/2014/32014R0181.md
32014R0181	Artigo 30.º	Notificações	354	384	453	ue/regulamentos/2014/32014R0181.md
32014R0181	Artigo 31.º	Relatório anual	386	392	98	ue/regulamentos/2014/32014R0181.md
32014R0181	Artigo 32.º	Alteração dos programas	394	450	1074	ue/regulamentos/2014/32014R0181.md
32014R0181	Artigo 33.º	Redução dos adiantamentos	452	454	100	ue/regulamentos/2014/32014R0181.md
32014R0181	Artigo 34.º	Entrada em vigor	456	460	69	ue/regulamentos/2014/32014R0181.md
32014R0181	ANEXO I		462	475	99	ue/regulamentos/2014/32014R0181.md
32014R0181	ANEXO II		477	493	484	ue/regulamentos/2014/32014R0181.md
32014R0181	ANEXO III		495	557	1662	ue/regulamentos/2014/32014R0181.md
32014R0182	Preâmbulo		18	40	727	ue/regulamentos/2014/32014R0182.md
32014R0182	Artigo 1.º		44	51	60	ue/regulamentos/2014/32014R0182.md
32014R0182	Artigo 2.º		53	67	95	ue/regulamentos/2014/32014R0182.md
32014R0183	Artigo 1.º	Identificação dos Ajustamentos para o Risco Geral de Crédito e dos Ajustamentos para o Risco Específico de Crédito para efeitos dos artigos 111.º, 159.º, 166.º,	36	72	1111	ue/regulamentos/2014/32014R0183.md
32014R0183	Artigo 2.º	Afetação dos ajustamentos para o risco específico de crédito relativos a um grupo de posições em risco às posições em risco dentro desse grupo	74	82	474	ue/regulamentos/2014/32014R0183.md
32014R0183	Artigo 3.º	Cálculo dos ajustamentos para o risco de crédito para efeitos da determinação do valor da posição em risco em conformidade com os artigos 111.º, 166.º, 167.º, 1	84	86	161	ue/regulamentos/2014/32014R0183.md
32014R0183	Artigo 4.º	Cálculo dos ajustamentos para o risco geral e específico de crédito para efeitos do tratamento das perdas esperadas em conformidade com o artigo 159.º do Regula	88	98	499	ue/regulamentos/2014/32014R0183.md
32014R0183	Artigo 5.º	Cálculo dos Ajustamentos para o Risco Específico de Crédito no que se refere aos requisitos de fundos próprios para efeitos da determinação de uma situação de i	100	102	152	ue/regulamentos/2014/32014R0183.md
32014R0183	Artigo 6.º	Documentação	104	106	48	ue/regulamentos/2014/32014R0183.md
32014R0183	Artigo 7.º	Entrada em vigor	108	112	68	ue/regulamentos/2014/32014R0183.md
32014R0184	Artigo 1.º	Estabelecimento do sistema de intercâmbio eletrónico de dados	39	41	60	ue/regulamentos/2014/32014R0184.md
32014R0184	Artigo 2.º	Conteúdo do sistema de intercâmbio eletrónico de dados	43	47	276	ue/regulamentos/2014/32014R0184.md
32014R0184	Artigo 3.º	Funcionamento do SFC2014	49	75	747	ue/regulamentos/2014/32014R0184.md
32014R0184	Artigo 4.º	Características do SFC2014	77	91	232	ue/regulamentos/2014/32014R0184.md
32014R0184	Artigo 5.º	Transmissão de dados através do SFC2014	93	103	371	ue/regulamentos/2014/32014R0184.md
32014R0184	Artigo 6.º	Segurança dos dados transmitidos através do SFC2014	105	147	964	ue/regulamentos/2014/32014R0184.md
32014R0184	Artigo 7.º	Categorias de intervenção no âmbito do objetivo da cooperação territorial europeia	153	155	72	ue/regulamentos/2014/32014R0184.md
32014R0184	Artigo 8.º		159	163	62	ue/regulamentos/2014/32014R0184.md
32014R0184	ANEXO		165	422	5804	ue/regulamentos/2014/32014R0184.md
32014R0185	Preâmbulo		18	36	546	ue/regulamentos/2014/32014R0185.md
32014R0185	Artigo 1.º		40	42	16	ue/regulamentos/2014/32014R0185.md
32014R0185	Artigo 2.º		44	62	115	ue/regulamentos/2014/32014R0185.md
32014R0186	Preâmbulo		18	38	382	ue/regulamentos/2014/32014R0186.md
32014R0186	Artigo 1.º	Alteração do Regulamento (UE) n.º 823/2012	42	54	218	ue/regulamentos/2014/32014R0186.md
32014R0186	Artigo 2.º	Entrada em vigor	56	74	374	ue/regulamentos/2014/32014R0186.md
32014R0187	Preâmbulo		18	54	917	ue/regulamentos/2014/32014R0187.md
32014R0187	Artigo 1.º	Alteração do Regulamento de Execução (UE) n.º 540/2011	58	60	48	ue/regulamentos/2014/32014R0187.md
32014R0187	Artigo 2.º	Medidas transitórias	62	64	72	ue/regulamentos/2014/32014R0187.md
32014R0187	Artigo 3.º	Prazo de tolerância	66	68	64	ue/regulamentos/2014/32014R0187.md
32014R0187	Artigo 4.º	Entrada em vigor	70	92	388	ue/regulamentos/2014/32014R0187.md
32014R0187	ANEXO		94	114	390	ue/regulamentos/2014/32014R0187.md
32014R0192	Preâmbulo		18	50	1352	ue/regulamentos/2014/32014R0192.md
32014R0192	Artigo 1.º	Aprovação da substância ativa	54	56	44	ue/regulamentos/2014/32014R0192.md
32014R0192	Artigo 2.º	Reavaliação de produtos fitofarmacêuticos	58	70	556	ue/regulamentos/2014/32014R0192.md
32014R0192	Artigo 3.º	Alterações ao Regulamento de Execução (UE) n.º 540/2011	72	74	48	ue/regulamentos/2014/32014R0192.md
32014R0192	Artigo 4.º	Entrada em vigor e data de aplicação	76	102	402	ue/regulamentos/2014/32014R0192.md
32014R0192	ANEXO I		104	110	391	ue/regulamentos/2014/32014R0192.md
32014R0192	ANEXO II		112	120	420	ue/regulamentos/2014/32014R0192.md
32014R0193	Preâmbulo		18	50	1417	ue/regulamentos/2014/32014R0193.md
32014R0193	Artigo 1.º	Aprovação da substância ativa	54	56	46	ue/regulamentos/2014/32014R0193.md
32014R0193	Artigo 2.º	Reavaliação de produtos fitofarmacêuticos	58	70	549	ue/regulamentos/2014/32014R0193.md
32014R0193	Artigo 3.º	Alterações do Regulamento de Execução (UE) n.º 540/2011	72	74	48	ue/regulamentos/2014/32014R0193.md
32014R0193	Artigo 4.º	Entrada em vigor e data de aplicação	76	104	518	ue/regulamentos/2014/32014R0193.md
32014R0193	ANEXO I		106	112	777	ue/regulamentos/2014/32014R0193.md
32014R0193	ANEXO II		114	122	814	ue/regulamentos/2014/32014R0193.md
32014R0197	Preâmbulo		18	38	455	ue/regulamentos/2014/32014R0197.md
32014R0197	Artigo 1.º		42	44	48	ue/regulamentos/2014/32014R0197.md
32014R0197	Artigo 2.º		46	48	81	ue/regulamentos/2014/32014R0197.md
32014R0197	Artigo 3.º		50	66	142	ue/regulamentos/2014/32014R0197.md
32014R0197	ANEXO		68	73	266	ue/regulamentos/2014/32014R0197.md
32014R0198	Preâmbulo		18	38	455	ue/regulamentos/2014/32014R0198.md
32014R0198	Artigo 1.º		42	44	48	ue/regulamentos/2014/32014R0198.md
32014R0198	Artigo 2.º		46	48	81	ue/regulamentos/2014/32014R0198.md
32014R0198	Artigo 3.º		50	66	142	ue/regulamentos/2014/32014R0198.md
32014R0198	ANEXO		68	73	442	ue/regulamentos/2014/32014R0198.md
32014R0199	Preâmbulo		18	38	456	ue/regulamentos/2014/32014R0199.md
32014R0199	Artigo 1.º		42	44	48	ue/regulamentos/2014/32014R0199.md
32014R0199	Artigo 2.º		46	48	81	ue/regulamentos/2014/32014R0199.md
32014R0199	Artigo 3.º		50	66	142	ue/regulamentos/2014/32014R0199.md
32014R0199	ANEXO		68	77	471	ue/regulamentos/2014/32014R0199.md
32014R0200	Preâmbulo		18	46	678	ue/regulamentos/2014/32014R0200.md
32014R0200	Artigo 1.º		50	52	30	ue/regulamentos/2014/32014R0200.md
32014R0200	Artigo 2.º		54	70	161	ue/regulamentos/2014/32014R0200.md
32014R0200	ANEXO		72	78	144	ue/regulamentos/2014/32014R0200.md
32014R0201	Preâmbulo		18	48	1048	ue/regulamentos/2014/32014R0201.md
32014R0201	Artigo 1.º		52	54	30	ue/regulamentos/2014/32014R0201.md
32014R0201	Artigo 2.º		56	76	266	ue/regulamentos/2014/32014R0201.md
32014R0201	ANEXO		78	91	403	ue/regulamentos/2014/32014R0201.md
32014R0202	Preâmbulo		18	42	797	ue/regulamentos/2014/32014R0202.md
32014R0202	Artigo 1.º		46	48	30	ue/regulamentos/2014/32014R0202.md
32014R0202	Artigo 2.º		50	52	98	ue/regulamentos/2014/32014R0202.md
32014R0202	Artigo 3.º		54	76	212	ue/regulamentos/2014/32014R0202.md
32014R0202	ANEXO		78	112	436	ue/regulamentos/2014/32014R0202.md
32014R0204	Preâmbulo		18	32	240	ue/regulamentos/2014/32014R0204.md
32014R0204	Artigo 1.º		36	38	22	ue/regulamentos/2014/32014R0204.md
32014R0204	Artigo 2.º		40	56	112	ue/regulamentos/2014/32014R0204.md
32014R0204	ANEXO		58	66	73	ue/regulamentos/2014/32014R0204.md
32014R0205	Preâmbulo		18	36	337	ue/regulamentos/2014/32014R0205.md
32014R0205	Artigo 1.º	Objeto	40	42	54	ue/regulamentos/2014/32014R0205.md
32014R0205	Artigo 2.º	Definições	44	62	344	ue/regulamentos/2014/32014R0205.md
32014R0205	Artigo 3.º	Desagregações e quadros estatísticos	64	68	65	ue/regulamentos/2014/32014R0205.md
32014R0205	Artigo 4.º	Prazos	70	76	256	ue/regulamentos/2014/32014R0205.md
32014R0205	Artigo 5.º	Revisão de dados	78	84	154	ue/regulamentos/2014/32014R0205.md
32014R0205	Artigo 6.º	Entrada em vigor	86	102	110	ue/regulamentos/2014/32014R0205.md
32014R0205	ANEXO I		104	591	3720	ue/regulamentos/2014/32014R0205.md
32014R0205	ANEXO II		593	629	507	ue/regulamentos/2014/32014R0205.md
32014R0208	Artigo 1.º		41	83	896	ue/regulamentos/2014/32014R0208.md
32014R0208	Artigo 2.º		85	89	110	ue/regulamentos/2014/32014R0208.md
32014R0208	Artigo 3.º		91	109	416	ue/regulamentos/2014/32014R0208.md
32014R0208	Artigo 4.º		111	123	378	ue/regulamentos/2014/32014R0208.md
32014R0208	Artigo 5.º		125	137	314	ue/regulamentos/2014/32014R0208.md
32014R0208	Artigo 6.º		139	147	218	ue/regulamentos/2014/32014R0208.md
32014R0208	Artigo 7.º		149	161	268	ue/regulamentos/2014/32014R0208.md
32014R0208	Artigo 8.º		163	175	294	ue/regulamentos/2014/32014R0208.md
32014R0208	Artigo 9.º		177	179	44	ue/regulamentos/2014/32014R0208.md
32014R0208	Artigo 10.º		181	185	199	ue/regulamentos/2014/32014R0208.md
32014R0208	Artigo 11.º		187	197	330	ue/regulamentos/2014/32014R0208.md
32014R0208	Artigo 12.º		199	207	189	ue/regulamentos/2014/32014R0208.md
32014R0208	Artigo 13.º		209	211	32	ue/regulamentos/2014/32014R0208.md
32014R0208	Artigo 14.º		213	221	200	ue/regulamentos/2014/32014R0208.md
32014R0208	Artigo 15.º		223	227	116	ue/regulamentos/2014/32014R0208.md
32014R0208	Artigo 16.º		229	235	188	ue/regulamentos/2014/32014R0208.md
32014R0208	Artigo 17.º		237	249	152	ue/regulamentos/2014/32014R0208.md
32014R0208	Artigo 18.º		251	257	60	ue/regulamentos/2014/32014R0208.md
32014R0208	ANEXO I		259	349	4402	ue/regulamentos/2014/32014R0208.md
32014R0208	ANEXO II		351	475	650	ue/regulamentos/2014/32014R0208.md
32014R0211	Preâmbulo		18	34	316	ue/regulamentos/2014/32014R0211.md
32014R0211	Artigo 1.º		38	40	17	ue/regulamentos/2014/32014R0211.md
32014R0211	Artigo 2.º		42	60	290	ue/regulamentos/2014/32014R0211.md
32014R0215	Artigo 1.º	Metodologia para o cálculo do apoio concedido pelo FEDER, FSE e Fundo de Coesão aos objetivos em matéria de alterações climáticas	40	50	434	ue/regulamentos/2014/32014R0215.md
32014R0215	Artigo 2.º	Metodologia para o cálculo do apoio concedido pelo FEADER aos objetivos em matéria de alterações climáticas	52	56	273	ue/regulamentos/2014/32014R0215.md
32014R0215	Artigo 3.º	Metodologia para o cálculo do apoio concedido pelo FEAMP aos objetivos em matéria de alterações climáticas	58	76	420	ue/regulamentos/2014/32014R0215.md
32014R0215	Artigo 4.º	Informações a registar pelos organismos de preparação dos programas	82	98	643	ue/regulamentos/2014/32014R0215.md
32014R0215	Artigo 5.º	Determinação dos objetivos intermédios e das metas	100	120	575	ue/regulamentos/2014/32014R0215.md
32014R0215	Artigo 6.º	Realização dos objetivos intermédios e das metas	122	130	526	ue/regulamentos/2014/32014R0215.md
32014R0215	Artigo 7.º	Quadro de desempenho para os eixos prioritários referidos no artigo 96.º, n.º 1, alíneas a) e b), do Regulamento (UE) n.º 1303/2013 e para os eixos prioritários	132	144	431	ue/regulamentos/2014/32014R0215.md
32014R0215	Artigo 8.º		148	168	342	ue/regulamentos/2014/32014R0215.md
32014R0215	Artigo 9.º		172	178	94	ue/regulamentos/2014/32014R0215.md
32014R0215	ANEXO I		180	436	5600	ue/regulamentos/2014/32014R0215.md
32014R0215	ANEXO II		438	450	298	ue/regulamentos/2014/32014R0215.md
32014R0215	ANEXO III	Coeficientes para o cálculo dos montantes de apoio aos objetivos em matéria de alterações climáticas, no caso do Fundo Europeu dos Assuntos Marítimos e das Pesc	452	528	1979	ue/regulamentos/2014/32014R0215.md
32014R0217	Preâmbulo		18	40	587	ue/regulamentos/2014/32014R0217.md
32014R0217	Artigo 1.º		44	49	127	ue/regulamentos/2014/32014R0217.md
32014R0217	Artigo 2.º		51	73	144	ue/regulamentos/2014/32014R0217.md
32014R0218	Preâmbulo		22	58	1771	ue/regulamentos/2014/32014R0218.md
32014R0218	Artigo 1.º	Alterações ao Regulamento (CE) n.º 853/2004	62	73	160	ue/regulamentos/2014/32014R0218.md
32014R0218	Artigo 2.º	Alterações ao Regulamento (CE) n.º 854/2004	75	128	1373	ue/regulamentos/2014/32014R0218.md
32014R0218	Artigo 3.º	Alterações ao Regulamento (CE) n.º 2074/2005	130	132	36	ue/regulamentos/2014/32014R0218.md
32014R0218	Artigo 4.º	Entrada em vigor	134	164	216	ue/regulamentos/2014/32014R0218.md
32014R0220	Preâmbulo		18	38	462	ue/regulamentos/2014/32014R0220.md
32014R0220	Artigo 1.º		42	60	279	ue/regulamentos/2014/32014R0220.md
32014R0220	Artigo 2.º		62	82	132	ue/regulamentos/2014/32014R0220.md
32014R0223	Artigo 1.º	Objeto e finalidade	35	37	104	ue/regulamentos/2014/32014R0223.md
32014R0223	Artigo 2.º	Definições	39	79	1498	ue/regulamentos/2014/32014R0223.md
32014R0223	Artigo 3.º	Objetivos	81	87	266	ue/regulamentos/2014/32014R0223.md
32014R0223	Artigo 4.º	Âmbito de intervenção	89	99	250	ue/regulamentos/2014/32014R0223.md
32014R0223	Artigo 5.º	Princípios	101	131	1116	ue/regulamentos/2014/32014R0223.md
32014R0223	Artigo 6.º	Recursos globais	135	149	209	ue/regulamentos/2014/32014R0223.md
32014R0223	Artigo 6.º-A	Recursos adicionais em resposta à crise associada ao surto de COVID-19	151	175	629	ue/regulamentos/2014/32014R0223.md
32014R0223	Artigo 7.º	Programas operacionais	177	229	1347	ue/regulamentos/2014/32014R0223.md
32014R0223	Artigo 8.º	Adoção dos programas operacionais	231	237	240	ue/regulamentos/2014/32014R0223.md
32014R0223	Artigo 9.º	Alterações dos programas operacionais	239	259	422	ue/regulamentos/2014/32014R0223.md
32014R0223	Artigo 10.º	Intercâmbio de boas práticas	261	269	189	ue/regulamentos/2014/32014R0223.md
32014R0223	Artigo 11.º	Comité de acompanhamento de um PO II	273	283	367	ue/regulamentos/2014/32014R0223.md
32014R0223	Artigo 12.º	Funções do comité de acompanhamento de um PO II	285	307	398	ue/regulamentos/2014/32014R0223.md
32014R0223	Artigo 13.º	Relatórios de execução e indicadores	309	343	686	ue/regulamentos/2014/32014R0223.md
32014R0223	Artigo 14.º	Reuniões de análise	345	351	224	ue/regulamentos/2014/32014R0223.md
32014R0223	Artigo 15.º	Disposições gerais sobre a avaliação	353	359	194	ue/regulamentos/2014/32014R0223.md
32014R0223	Artigo 16.º	Avaliação ex ante	361	401	592	ue/regulamentos/2014/32014R0223.md
32014R0223	Artigo 17.º	Avaliação durante o período de programação	403	413	249	ue/regulamentos/2014/32014R0223.md
32014R0223	Artigo 18.º	Avaliação ex post	415	417	94	ue/regulamentos/2014/32014R0223.md
32014R0223	Artigo 19.º	Informação e comunicação	419	455	938	ue/regulamentos/2014/32014R0223.md
32014R0223	Artigo 20.º	Cofinanciamento	459	485	646	ue/regulamentos/2014/32014R0223.md
32014R0223	Artigo 21.º	Aumento dos pagamentos aos Estados-Membros com dificuldades orçamentais temporárias	487	497	339	ue/regulamentos/2014/32014R0223.md
32014R0223	Artigo 22.º	Período de elegibilidade	499	525	432	ue/regulamentos/2014/32014R0223.md
32014R0223	Artigo 23.º	Elegibilidade das operações	527	555	723	ue/regulamentos/2014/32014R0223.md
32014R0223	Artigo 24.º	Modalidades de intervenção	557	559	71	ue/regulamentos/2014/32014R0223.md
32014R0223	Artigo 25.º	Formas de subvenções	561	597	504	ue/regulamentos/2014/32014R0223.md
32014R0223	Artigo 26.º	Elegibilidade das despesas	599	645	716	ue/regulamentos/2014/32014R0223.md
32014R0223	Artigo 26.º-A	Elegibilidade das despesas relativas a operações apoiadas no âmbito do PO I durante a sua suspensão em consequência do surto de COVID-19	647	651	235	ue/regulamentos/2014/32014R0223.md
32014R0223	Artigo 26.º-B	Elegibilidade das despesas relativas a operações apoiadas no âmbito do PO II ou a assistência técnica durante a sua suspensão em consequência do surto de COVID-	653	679	660	ue/regulamentos/2014/32014R0223.md
32014R0223	Artigo 26.º-C	Elegibilidade das despesas relativas a operações apoiadas no âmbito do PO II ou a assistência técnica que não foram executadas de forma integral em consequência	681	703	442	ue/regulamentos/2014/32014R0223.md
32014R0223	Artigo 27.º	Assistência técnica	705	717	467	ue/regulamentos/2014/32014R0223.md
32014R0223	Artigo 28.º	Princípios gerais dos sistemas de gestão e de controlo	721	739	294	ue/regulamentos/2014/32014R0223.md
32014R0223	Artigo 29.º	Responsabilidades no âmbito da gestão partilhada	741	743	73	ue/regulamentos/2014/32014R0223.md
32014R0223	Artigo 30.º	Responsabilidades dos Estados-Membros	745	781	959	ue/regulamentos/2014/32014R0223.md
32014R0223	Artigo 31.º	Designação das autoridades	783	799	597	ue/regulamentos/2014/32014R0223.md
32014R0223	Artigo 32.º	Funções da autoridade de gestão	801	875	1624	ue/regulamentos/2014/32014R0223.md
32014R0223	Artigo 33.º	Funções da autoridade de certificação	877	895	535	ue/regulamentos/2014/32014R0223.md
32014R0223	Artigo 34.º	Funções da autoridade de auditoria	897	929	1126	ue/regulamentos/2014/32014R0223.md
32014R0223	Artigo 35.º	Procedimento para a designação das autoridades de gestão e da autoridade de certificação	931	955	949	ue/regulamentos/2014/32014R0223.md
32014R0223	Artigo 36.º	Poderes e responsabilidades da Comissão	957	967	744	ue/regulamentos/2014/32014R0223.md
32014R0223	Artigo 37.º	Cooperação com as autoridades de auditoria	969	975	226	ue/regulamentos/2014/32014R0223.md
32014R0223	Artigo 38.º	Autorizações orçamentais	981	987	226	ue/regulamentos/2014/32014R0223.md
32014R0223	Artigo 39.º	Pagamentos efetuados pela Comissão	989	993	104	ue/regulamentos/2014/32014R0223.md
32014R0223	Artigo 40.º	Pagamentos intercalares e pagamento do saldo final pela Comissão	995	999	189	ue/regulamentos/2014/32014R0223.md
32014R0223	Artigo 41.º	Pedidos de pagamento	1001	1013	359	ue/regulamentos/2014/32014R0223.md
32014R0223	Artigo 42.º	Pagamentos aos beneficiários	1015	1031	382	ue/regulamentos/2014/32014R0223.md
32014R0223	Artigo 43.º	Utilização do euro	1033	1039	260	ue/regulamentos/2014/32014R0223.md
32014R0223	Artigo 44.º	Pagamento e apuramento do pré-financiamento	1041	1049	246	ue/regulamentos/2014/32014R0223.md
32014R0223	Artigo 45.º	Prazo de apresentação dos pedidos de pagamento intercalares e respetivo pagamento	1051	1069	505	ue/regulamentos/2014/32014R0223.md
32014R0223	Artigo 46.º	Interrupção do prazo de pagamento	1071	1083	360	ue/regulamentos/2014/32014R0223.md
32014R0223	Artigo 47.º	Suspensão dos pagamentos	1085	1099	328	ue/regulamentos/2014/32014R0223.md
32014R0223	Artigo 48.º	Apresentação de informação	1103	1117	253	ue/regulamentos/2014/32014R0223.md
32014R0223	Artigo 49.º	Preparação das contas	1119	1131	491	ue/regulamentos/2014/32014R0223.md
32014R0223	Artigo 50.º	Verificação e aprovação das contas	1133	1159	1116	ue/regulamentos/2014/32014R0223.md
32014R0223	Artigo 51.º	Disponibilização de documentos	1161	1183	614	ue/regulamentos/2014/32014R0223.md
32014R0223	Artigo 52.º	Apresentação dos documentos de encerramento e pagamento do saldo final	1185	1189	135	ue/regulamentos/2014/32014R0223.md
32014R0223	Artigo 53.º	Correções financeiras efetuadas pelos Estados-Membros	1193	1203	417	ue/regulamentos/2014/32014R0223.md
32014R0223	Artigo 54.º	Correções financeiras efetuadas pela Comissão	1205	1215	369	ue/regulamentos/2014/32014R0223.md
32014R0223	Artigo 55.º	Critérios para as correções financeiras a efetuar pela Comissão	1217	1233	602	ue/regulamentos/2014/32014R0223.md
32014R0223	Artigo 56.º	Procedimento para as correções financeiras a efetuar pela Comissão	1235	1265	1057	ue/regulamentos/2014/32014R0223.md
32014R0223	Artigo 57.º	Reembolso	1267	1271	166	ue/regulamentos/2014/32014R0223.md
32014R0223	Artigo 58.º	Controlo proporcional dos programas operacionais	1273	1283	842	ue/regulamentos/2014/32014R0223.md
32014R0223	Artigo 59.º	Anulação	1287	1291	219	ue/regulamentos/2014/32014R0223.md
32014R0223	Artigo 60.º	Exceções às regras em matéria de anulação	1293	1305	338	ue/regulamentos/2014/32014R0223.md
32014R0223	Artigo 61.º	Procedimento	1307	1317	236	ue/regulamentos/2014/32014R0223.md
32014R0223	Artigo 62.º	Exercício da delegação	1321	1335	405	ue/regulamentos/2014/32014R0223.md
32014R0223	Artigo 63.º	Procedimento de comité	1337	1347	165	ue/regulamentos/2014/32014R0223.md
32014R0223	Artigo 63.º-A	Aplicabilidade	1349	1353	48	ue/regulamentos/2014/32014R0223.md
32014R0223	Artigo 64.º	Entrada em vigor	1355	1359	79	ue/regulamentos/2014/32014R0223.md
32014R0223	ANEXO I		1361	1458	2257	ue/regulamentos/2014/32014R0223.md
32014R0223	ANEXO II		1460	1472	90	ue/regulamentos/2014/32014R0223.md
32014R0223	ANEXO III		1474	1508	221	ue/regulamentos/2014/32014R0223.md
32014R0223	ANEXO IV		1510	1580	1527	ue/regulamentos/2014/32014R0223.md
32014R0224	Artigo 1.º		43	101	1352	ue/regulamentos/2014/32014R0224.md
32014R0224	Artigo 2.º		103	115	350	ue/regulamentos/2014/32014R0224.md
32014R0224	Artigo 5.º		117	177	1253	ue/regulamentos/2014/32014R0224.md
32014R0224	Artigo 6.º		179	191	358	ue/regulamentos/2014/32014R0224.md
32014R0224	Artigo 7.º		193	195	143	ue/regulamentos/2014/32014R0224.md
32014R0224	Artigo 8.º		197	209	297	ue/regulamentos/2014/32014R0224.md
32014R0224	Artigo 9.º		211	219	248	ue/regulamentos/2014/32014R0224.md
32014R0224	Artigo 10.º		221	233	264	ue/regulamentos/2014/32014R0224.md
32014R0224	Artigo 11.º		235	247	237	ue/regulamentos/2014/32014R0224.md
32014R0224	Artigo 12.º		249	253	54	ue/regulamentos/2014/32014R0224.md
32014R0224	Artigo 13.º		255	259	205	ue/regulamentos/2014/32014R0224.md
32014R0224	Artigo 14.º		261	271	319	ue/regulamentos/2014/32014R0224.md
32014R0224	Artigo 15.º		273	281	192	ue/regulamentos/2014/32014R0224.md
32014R0224	Artigo 16.º		283	285	32	ue/regulamentos/2014/32014R0224.md
32014R0224	Artigo 17.º		287	293	248	ue/regulamentos/2014/32014R0224.md
32014R0224	Artigo 18.º		295	297	211	ue/regulamentos/2014/32014R0224.md
32014R0224	Artigo 19.º		299	305	124	ue/regulamentos/2014/32014R0224.md
32014R0224	Artigo 19.º-A		307	325	420	ue/regulamentos/2014/32014R0224.md
32014R0224	Artigo 20.º		327	333	191	ue/regulamentos/2014/32014R0224.md
32014R0224	Artigo 21.º		335	347	152	ue/regulamentos/2014/32014R0224.md
32014R0224	Artigo 22.º		349	355	60	ue/regulamentos/2014/32014R0224.md
32014R0224	ANEXO I	LISTA DAS PESSOAS E ENTIDADES A QUE SE REFERE O ARTIGO 5.º	357	875	17308	ue/regulamentos/2014/32014R0224.md
32014R0224	ANEXO II		877	1005	802	ue/regulamentos/2014/32014R0224.md
32014R0225	Preâmbulo		18	32	203	ue/regulamentos/2014/32014R0225.md
32014R0225	Artigo 1.º		36	38	22	ue/regulamentos/2014/32014R0225.md
32014R0225	Artigo 2.º		40	56	112	ue/regulamentos/2014/32014R0225.md
32014R0225	ANEXO		58	66	55	ue/regulamentos/2014/32014R0225.md
32014R0226	Preâmbulo		18	34	305	ue/regulamentos/2014/32014R0226.md
32014R0226	Artigo 1.º		38	40	46	ue/regulamentos/2014/32014R0226.md
32014R0226	Artigo 2.º		42	60	120	ue/regulamentos/2014/32014R0226.md
32014R0226	ANEXO		62	70	48	ue/regulamentos/2014/32014R0226.md
32014R0227	Preâmbulo		18	34	328	ue/regulamentos/2014/32014R0227.md
32014R0227	Artigo 1.º		38	40	46	ue/regulamentos/2014/32014R0227.md
32014R0227	Artigo 2.º		42	62	129	ue/regulamentos/2014/32014R0227.md
32014R0227	ANEXO		64	72	67	ue/regulamentos/2014/32014R0227.md
32014R0228	Preâmbulo		18	40	631	ue/regulamentos/2014/32014R0228.md
32014R0228	Artigo 1.º		44	48	32	ue/regulamentos/2014/32014R0228.md
32014R0228	«Artigo 2.º	Formato dos dados	50	56	94	ue/regulamentos/2014/32014R0228.md
32014R0228	Artigo 2.º		58	80	311	ue/regulamentos/2014/32014R0228.md
32014R0240	Preâmbulo		22	56	1363	ue/regulamentos/2014/32014R0240.md
32014R0240	Artigo 1.º	Objeto e âmbito de aplicação	62	64	60	ue/regulamentos/2014/32014R0240.md
32014R0240	Artigo 2.º	Representatividade dos parceiros	68	70	98	ue/regulamentos/2014/32014R0240.md
32014R0240	Artigo 3.º	Seleção dos parceiros adequados para o acordo de parceria	72	96	753	ue/regulamentos/2014/32014R0240.md
32014R0240	Artigo 4.º	Identificação dos parceiros relevantes para os programas	98	134	990	ue/regulamentos/2014/32014R0240.md
32014R0240	Artigo 5.º	Consulta dos parceiros relevantes na preparação do acordo de parceria e dos programas	138	154	390	ue/regulamentos/2014/32014R0240.md
32014R0240	Artigo 6.º	Preparação dos acordos de parceria	156	172	394	ue/regulamentos/2014/32014R0240.md
32014R0240	Artigo 7.º	Informações sobre o envolvimento dos parceiros relevantes no acordo de parceria	174	184	159	ue/regulamentos/2014/32014R0240.md
32014R0240	Artigo 8.º	Preparação dos programas	186	200	152	ue/regulamentos/2014/32014R0240.md
32014R0240	Artigo 9.º	Informações sobre o envolvimento dos parceiros relevantes nos programas	202	208	98	ue/regulamentos/2014/32014R0240.md
32014R0240	Artigo 10.º	Regras de seleção do comité de acompanhamento	212	216	204	ue/regulamentos/2014/32014R0240.md
32014R0240	Artigo 11.º	Regulamento interno dos comités de acompanhamento	218	234	231	ue/regulamentos/2014/32014R0240.md
32014R0240	Artigo 12.º	Obrigações relativas a proteção de dados, confidencialidade e conflitos de interesses	238	240	105	ue/regulamentos/2014/32014R0240.md
32014R0240	Artigo 13.º	Envolvimento dos parceiros relevantes na preparação dos convites à apresentação de propostas	242	244	80	ue/regulamentos/2014/32014R0240.md
32014R0240	Artigo 14.º	Envolvimento dos parceiros relevantes na preparação dos relatórios intercalares	246	248	142	ue/regulamentos/2014/32014R0240.md
32014R0240	Artigo 15.º	Envolvimento dos parceiros relevantes no acompanhamento dos programas	250	252	94	ue/regulamentos/2014/32014R0240.md
32014R0240	Artigo 16.º	Envolvimento dos parceiros na avaliação dos programas	254	258	172	ue/regulamentos/2014/32014R0240.md
32014R0240	Artigo 17.º	Reforço da capacidade institucional dos parceiros relevantes	262	272	397	ue/regulamentos/2014/32014R0240.md
32014R0240	Artigo 18.º	Papel da Comissão na divulgação de boas práticas	274	282	234	ue/regulamentos/2014/32014R0240.md
32014R0240	Artigo 19.º	Entrada em vigor	286	310	414	ue/regulamentos/2014/32014R0240.md
32014R0241	Artigo 1.º	Objeto	47	111	1279	ue/regulamentos/2014/32014R0241.md
32014R0241	Artigo 1.º-A	Aplicação do presente regulamento às entidades sujeitas ao requisito mínimo de fundos próprios e passivos elegíveis e aos passivos elegíveis referidos na Direti	113	117	160	ue/regulamentos/2014/32014R0241.md
32014R0241	Artigo 2.º	Significado de «previsíveis» na expressão dividendos previsíveis para efeitos do artigo 26.º, n.º 2, alínea b), do Regulamento (UE) n.º 575/2013	127	153	1064	ue/regulamentos/2014/32014R0241.md
32014R0241	Artigo 3.º	Significado de «previsíveis» na expressão encargos previsíveis para efeitos do artigo 26.º, n.º 2, alínea b), do Regulamento (UE) n.º 575/2013	155	165	390	ue/regulamentos/2014/32014R0241.md
32014R0241	Artigo 4.º	Tipo de empresas reconhecido pelo direito nacional aplicável como uma sociedade cooperativa para efeitos do artigo 27.º, n.º 1, alínea a), subalínea ii), do Reg	169	237	1646	ue/regulamentos/2014/32014R0241.md
32014R0241	Artigo 5.º	Tipo de empresas reconhecido pelo direito nacional aplicável como uma instituição de poupança para efeitos do artigo 27.º, n.º 1, alínea a), subalínea iii), do 	239	289	1039	ue/regulamentos/2014/32014R0241.md
32014R0241	Artigo 6.º	Tipo de empresas reconhecido pelo direito nacional aplicável como mútuas para efeitos do artigo 27.º, n.º 1, alínea a), subalínea i), do Regulamento (UE) n.º 57	291	305	579	ue/regulamentos/2014/32014R0241.md
32014R0241	Artigo 7.º	Tipo de empresas reconhecido pelo direito nacional aplicável como instituições semelhantes para efeitos do artigo 27.º, n.º 1, alínea a), subalínea iv), do Regu	307	327	1002	ue/regulamentos/2014/32014R0241.md
32014R0241	Artigo 7.º-A	Distribuições de múltiplo de dividendos que constituem um esforço desproporcional nos fundos próprios	329	373	634	ue/regulamentos/2014/32014R0241.md
32014R0241	Artigo 7.º-B	Distribuições preferenciais resultantes de direitos preferenciais ao pagamento das distribuições	375	473	2062	ue/regulamentos/2014/32014R0241.md
32014R0241	Artigo 7.º-C	Cálculo do rácio de distribuição para efeitos do artigo 7.º-B, n.º 8, alínea b)	475	491	504	ue/regulamentos/2014/32014R0241.md
32014R0241	Artigo 7.º-D	Distribuições preferenciais no que diz respeito à ordem do respetivo pagamento	493	505	258	ue/regulamentos/2014/32014R0241.md
32014R0241	Artigo 8.º	Financiamento indireto de instrumentos de fundos próprios para efeitos do artigo 28.º, n.º 1, alínea b), do artigo 52.º, n.º 1, alínea c), e do artigo 63.º, alí	511	521	546	ue/regulamentos/2014/32014R0241.md
32014R0241	Artigo 9.º	Formas aplicáveis e natureza do financiamento indireto de instrumentos de fundos próprios para efeitos do artigo 28.º, n.º 1, alínea b), do artigo 52.º, n.º 1, 	523	589	2252	ue/regulamentos/2014/32014R0241.md
32014R0241	Artigo 10.º	Limitações ao reembolso de instrumentos de fundos próprios emitidos por mútuas, instituições de poupança, sociedades cooperativas e instituições semelhantes par	593	603	451	ue/regulamentos/2014/32014R0241.md
32014R0241	Artigo 11.º	Limitações ao reembolso de instrumentos de fundos próprios emitidos por mútuas, instituições de poupança, sociedades cooperativas e instituições semelhantes par	605	613	404	ue/regulamentos/2014/32014R0241.md
32014R0241	Artigo 12.º	Conceito de lucro na venda para efeitos do artigo 32.º, n.º 1, alínea a), do Regulamento (UE) n.º 575/2013	617	631	336	ue/regulamentos/2014/32014R0241.md
32014R0241	Artigo 13.º	Dedução das perdas do exercício em curso para efeitos do artigo 36.º, n.º 1, alínea a), do Regulamento (UE) n.º 575/2013	635	645	495	ue/regulamentos/2014/32014R0241.md
32014R0241	Artigo 13.º-A	Dedução de ativos de programas informáticos classificados como ativos intangíveis para fins contabilísticos para efeitos do artigo 36.º, n.º 1, alínea b), do Re	647	681	1035	ue/regulamentos/2014/32014R0241.md
32014R0241	Artigo 14.º	Dedução de ativos por impostos diferidos que dependem de rentabilidade futura para efeitos do artigo 36.º, n.º 1, alínea c), do Regulamento (UE) n.º 575/2013	683	693	374	ue/regulamentos/2014/32014R0241.md
32014R0241	Artigo 15.º	Dedução de ativos de fundos de pensões de benefício definido para efeitos dos artigos 36.º, n.º 1, alínea e), e 41.º, n.º 1, alínea b), do Regulamento (UE) n.º 	695	701	219	ue/regulamentos/2014/32014R0241.md
32014R0241	Artigo 15.º-A	Participações indiretas para efeitos do artigo 36.º, n.º 1, alíneas f), h) e i), do Regulamento (UE) n.º 575/2013	703	751	1247	ue/regulamentos/2014/32014R0241.md
32014R0241	Artigo 15.º-B	Participações sintéticas para efeitos do artigo 36.º, n.º 1, alíneas f), h) e i), do Regulamento (UE) n.º 575/2013	753	769	336	ue/regulamentos/2014/32014R0241.md
32014R0241	Artigo 15.º-C	Cálculo das participações indiretas para efeitos do artigo 36.º, n.º 1, alíneas f), h) e i), do Regulamento (UE) n.º 575/2013	771	777	228	ue/regulamentos/2014/32014R0241.md
32014R0241	Artigo 15.º-D	Método «por defeito» para o cálculo das participações indiretas para efeitos do artigo 36.º, n.º 1, alíneas f), h) e i), do Regulamento (UE) n.º 575/2013	779	803	834	ue/regulamentos/2014/32014R0241.md
32014R0241	Artigo 15.º-E	Método baseado na estrutura para o cálculo das participações indiretas para efeitos do artigo 36.º, n.º 1, alíneas f), h) e i), do Regulamento (UE) n.º 575/2013	805	829	1024	ue/regulamentos/2014/32014R0241.md
32014R0241	Artigo 15.º-F	Cálculo das participações sintéticas para efeitos do artigo 36.º, n.º 1, alíneas f), h) e i), do Regulamento (UE) n.º 575/2013	831	847	280	ue/regulamentos/2014/32014R0241.md
32014R0241	Artigo 15.º-G	Cálculo dos investimentos significativos para efeitos do artigo 36.º, n.º 1, alínea i), do Regulamento (UE) n.º 575/2013	849	853	234	ue/regulamentos/2014/32014R0241.md
32014R0241	Artigo 15.º-H	Participações em instrumentos de fundos próprios adicionais de nível 1 e de nível 2	855	857	172	ue/regulamentos/2014/32014R0241.md
32014R0241	Artigo 15.º-I	Ordem e montante máximo das deduções de participações indiretas em instrumentos de fundos próprios de entidades do setor financeiro	859	869	330	ue/regulamentos/2014/32014R0241.md
32014R0241	Artigo 15.º-J	Goodwill	871	875	76	ue/regulamentos/2014/32014R0241.md
32014R0241	Artigo 16.º	Deduções de encargos fiscais previsíveis para efeitos dos artigos 36.º, n.º 1, alínea l), e 56.º, alínea f), do Regulamento (UE) n.º 575/2013	877	883	416	ue/regulamentos/2014/32014R0241.md
32014R0241	Artigo 17.º	Outras deduções aos instrumentos de fundos próprios das instituições financeiras para efeitos do artigo 36.º, n.º 3, do Regulamento (UE) n.º 575/2013	887	911	1140	ue/regulamentos/2014/32014R0241.md
32014R0241	Artigo 18.º	Instrumentos de fundos próprios de empresas de seguros e de resseguros de um país terceiro para efeitos do artigo 36.º, n.º 3, do Regulamento (UE) n.º 575/2013	913	927	838	ue/regulamentos/2014/32014R0241.md
32014R0241	Artigo 19.º	Instrumentos de fundos próprios de empresas excluídas do âmbito de aplicação da Diretiva 2009/138/CE para efeitos do artigo 36.º, n.º 3, do Regulamento (UE) n.º	929	941	506	ue/regulamentos/2014/32014R0241.md
32014R0241	Artigo 20.º	Forma e natureza dos incentivos ao resgate para efeitos do artigo 52.º, n.º 1, alínea g), do artigo 63.º, alínea h), do artigo 72.º-B, n.º 2, alínea g), e do ar	951	969	398	ue/regulamentos/2014/32014R0241.md
32014R0241	Artigo 21.º	Natureza da reposição do valor do capital no seguimento de uma redução para efeito dos artigos 52.º, n.º 1, alínea n), e 52.º, n.º 2, alínea c), subalínea ii), 	973	999	648	ue/regulamentos/2014/32014R0241.md
32014R0241	Artigo 22.º	Procedimentos e prazos para determinar se ocorreu um evento de desencadeamento para efeitos do artigo 52.º, n.º 1, alínea n), do Regulamento (UE) n.º 575/2013	1001	1009	476	ue/regulamentos/2014/32014R0241.md
32014R0241	Artigo 23.º	Características dos instrumentos suscetíveis de impedir a recapitalização para efeitos do artigo 52.º, n.º 1, alínea o), do Regulamento (UE) n.º 575/2013	1013	1015	110	ue/regulamentos/2014/32014R0241.md
32014R0241	Artigo 24.º	Utilização de entidades com objeto específico para a emissão indireta de instrumentos de fundos próprios para efeitos dos artigos 52.º, n.º 1, alínea p), e 63.º	1019	1025	318	ue/regulamentos/2014/32014R0241.md
32014R0241	Artigo 24.º-A	Distribuição dos instrumentos de fundos próprios — índices de mercado alargados	1027	1055	519	ue/regulamentos/2014/32014R0241.md
32014R0241	Artigo 25.º	Grau de prudência necessário nas estimativas para o cálculo de exposições utilizadas como uma alternativa às exposições subjacentes para efeitos do artigo 76.º,	1063	1077	699	ue/regulamentos/2014/32014R0241.md
32014R0241	Artigo 26.º	Significado de operacionalmente oneroso para efeitos do artigo 76.º, n.º 3, do Regulamento (UE) n.º 575/2013	1079	1095	512	ue/regulamentos/2014/32014R0241.md
32014R0241	Artigo 27.º	Significado de «sustentável para a capacidade da instituição em termos de receitas» para efeitos do artigo 78.º, n.º 1, alínea a), e do artigo 78.º, n.º 4, alín	1101	1103	232	ue/regulamentos/2014/32014R0241.md
32014R0241	Artigo 28.º	Requisitos processuais, incluindo limites e procedimentos de apresentação de pedidos de redução dos fundos próprios, por uma instituição, nos termos do artigo 7	1105	1117	762	ue/regulamentos/2014/32014R0241.md
32014R0241	Artigo 29.º	Apresentação de um pedido de autorização, por uma instituição, para a redução dos fundos próprios nos termos do artigo 77.º, n.º 1, do Regulamento (UE) n.º 575/	1119	1123	157	ue/regulamentos/2014/32014R0241.md
32014R0241	Artigo 30.º	Conteúdo dos pedidos a apresentar pela instituição para efeitos do artigo 77.º, n.º 1, do Regulamento (UE) n.º 575/2013	1125	1191	2209	ue/regulamentos/2014/32014R0241.md
32014R0241	Artigo 30.º-A	Informações adicionais a apresentar juntamente com o pedido de autorização geral prévia para as operações enumeradas no artigo 77.º, n.º 1, do Regulamento (UE) 	1193	1205	366	ue/regulamentos/2014/32014R0241.md
32014R0241	Artigo 30.º-B	Informações a apresentar juntamente com o pedido de renovação da autorização geral prévia para as operações enumeradas no artigo 77.º, n.º 1, do Regulamento (UE	1207	1211	228	ue/regulamentos/2014/32014R0241.md
32014R0241	Artigo 31.º	Calendário da apresentação dos pedidos a apresentar pela instituição e do tratamento desses mesmos pedidos pela autoridade competente para efeitos do artigo 77.	1213	1223	574	ue/regulamentos/2014/32014R0241.md
32014R0241	Artigo 32.º	Pedidos de resgates, reduções e recompras por mútuas, sociedades cooperativas, instituições de poupança ou instituições semelhantes para efeitos do artigo 77.º,	1225	1229	294	ue/regulamentos/2014/32014R0241.md
32014R0241	Artigo 32.º-A	Significado de «sustentável no que respeita à capacidade da instituição em termos de receitas» para efeitos do artigo 78.º-A, n.º 1, alínea a), do Regulamento (	1233	1235	204	ue/regulamentos/2014/32014R0241.md
32014R0241	Artigo 32.º-B	Requisitos processuais, incluindo os limites e procedimentos de apresentação de pedidos, por uma instituição, para a redução dos instrumentos de passivos elegív	1237	1249	581	ue/regulamentos/2014/32014R0241.md
32014R0241	Artigo 32.º-C	Apresentação de um pedido de autorização, por uma instituição, para a redução dos instrumentos de passivos elegíveis nos termos do artigo 77.º, n.º 2, do Regula	1251	1255	171	ue/regulamentos/2014/32014R0241.md
32014R0241	Artigo 32.º-D	Conteúdo dos pedidos a apresentar pela instituição para efeitos do artigo 77.º, n.º 2, do Regulamento (UE) n.º 575/2013	1257	1309	1658	ue/regulamentos/2014/32014R0241.md
32014R0241	Artigo 32.º-E	Informações adicionais a apresentar juntamente com o pedido de autorização geral prévia para as operações enumeradas no artigo 77.º, n.º 2, do Regulamento (UE) 	1311	1315	262	ue/regulamentos/2014/32014R0241.md
32014R0241	Artigo 32.º-F	Informações a apresentar juntamente com o pedido de renovação da autorização geral prévia para as operações enumeradas no artigo 77.º, n.º 2, do Regulamento (UE	1317	1321	233	ue/regulamentos/2014/32014R0241.md
32014R0241	Artigo 32.º-G	Calendário da apresentação dos pedidos a apresentar pela instituição e do tratamento desses mesmos pedidos pela autoridade de resolução para efeitos do artigo 7	1323	1333	582	ue/regulamentos/2014/32014R0241.md
32014R0241	Artigo 32.º-H	Requisitos simplificados para as instituições relativamente às quais a autoridade de resolução tenha fixado o requisito mínimo de fundos próprios e passivos ele	1335	1349	619	ue/regulamentos/2014/32014R0241.md
32014R0241	Artigo 32.º-I	Processo de cooperação entre a autoridade competente e a autoridade de resolução no momento da concessão da autorização referida no artigo 78.º-A do Regulamento	1351	1369	1010	ue/regulamentos/2014/32014R0241.md
32014R0241	Artigo 33.º	Dispensa temporária da dedução aos fundos próprios e passivos elegíveis para efeitos do artigo 79.º, n.º 1, do Regulamento (UE) n.º 575/2013	1373	1385	329	ue/regulamentos/2014/32014R0241.md
32014R0241	Artigo 34.º	Tipo de ativos que se podem relacionar com o funcionamento de entidades com objeto específico e significado de mínimo e insignificante em relação aos instrument	1389	1403	363	ue/regulamentos/2014/32014R0241.md
32014R0241	Artigo 34.º-A	Interesses minoritários incluídos nos fundos próprios principais de nível 1 consolidados	1405	1427	1139	ue/regulamentos/2014/32014R0241.md
32014R0241	Artigo 34.º-B	Cálculo do capital elegível de, pelo menos, um quarto das despesas gerais fixas do ano anterior para efeitos do artigo 97.º, n.º 1, do Regulamento (UE) n.º 575/	1431	1461	863	ue/regulamentos/2014/32014R0241.md
32014R0241	Artigo 34.º-C	Condições para o ajustamento pela autoridade competente do requisito de manter um capital elegível de, pelo menos, um quarto das despesas gerais fixas do ano an	1463	1487	490	ue/regulamentos/2014/32014R0241.md
32014R0241	Artigo 34.º-D	Cálculo das despesas gerais fixas previstas no caso de uma empresa que não tenha completado um ano de exercício de atividade, de acordo com o artigo 97.º, n.º 3	1489	1493	154	ue/regulamentos/2014/32014R0241.md
32014R0241	Artigo 35.º	Filtros e deduções adicionais para efeitos do artigo 481.º, n.º 1, do Regulamento (UE) n.º 575/2013	1497	1511	559	ue/regulamentos/2014/32014R0241.md
32014R0241	Artigo 36.º	Elementos excluídos dos direitos adquiridos de instrumentos de fundos próprios que não constituem auxílios estatais nos fundos próprios principais de nível 1, f	1513	1519	389	ue/regulamentos/2014/32014R0241.md
32014R0241	Artigo 37.º		1521	1545	694	ue/regulamentos/2014/32014R0241.md
32014R0242	Preâmbulo		18	32	208	ue/regulamentos/2014/32014R0242.md
32014R0242	Artigo 1.º		36	38	22	ue/regulamentos/2014/32014R0242.md
32014R0242	Artigo 2.º		40	56	111	ue/regulamentos/2014/32014R0242.md
32014R0242	ANEXO		58	66	58	ue/regulamentos/2014/32014R0242.md
32014R0243	Preâmbulo		18	32	227	ue/regulamentos/2014/32014R0243.md
32014R0243	Artigo 1.º		36	38	22	ue/regulamentos/2014/32014R0243.md
32014R0243	Artigo 2.º		40	56	111	ue/regulamentos/2014/32014R0243.md
32014R0243	ANEXO		58	66	66	ue/regulamentos/2014/32014R0243.md
32014R0244	Preâmbulo		18	32	203	ue/regulamentos/2014/32014R0244.md
32014R0244	Artigo 1.º		36	38	22	ue/regulamentos/2014/32014R0244.md
32014R0244	Artigo 2.º		40	56	111	ue/regulamentos/2014/32014R0244.md
32014R0244	ANEXO		58	66	38	ue/regulamentos/2014/32014R0244.md
32014R0245	Preâmbulo		22	64	1267	ue/regulamentos/2014/32014R0245.md
32014R0245	Artigo 1.º		68	72	35	ue/regulamentos/2014/32014R0245.md
32014R0245	«Artigo 3.º	Atribuição de licenças e certificação médica dos pilotos	74	102	835	ue/regulamentos/2014/32014R0245.md
32014R0245	Artigo 2.º		104	122	179	ue/regulamentos/2014/32014R0245.md
32014R0245	ANEXO I		124	735	11587	ue/regulamentos/2014/32014R0245.md
32014R0245	ANEXO II		737	767	2007	ue/regulamentos/2014/32014R0245.md
32014R0245	ANEXO III		769	816	954	ue/regulamentos/2014/32014R0245.md
32014R0245	ANEXO IV		818	954	1658	ue/regulamentos/2014/32014R0245.md
32014R0246	Preâmbulo		18	44	703	ue/regulamentos/2014/32014R0246.md
32014R0246	Artigo 1.º		48	50	34	ue/regulamentos/2014/32014R0246.md
32014R0246	Artigo 2.º		52	72	281	ue/regulamentos/2014/32014R0246.md
32014R0246	ANEXO		74	97	402	ue/regulamentos/2014/32014R0246.md
32014R0248	Preâmbulo		18	60	2260	ue/regulamentos/2014/32014R0248.md
32014R0248	Artigo 1.º		64	72	370	ue/regulamentos/2014/32014R0248.md
32014R0248	Artigo 2.º		74	102	302	ue/regulamentos/2014/32014R0248.md
32014R0249	Preâmbulo		18	52	899	ue/regulamentos/2014/32014R0249.md
32014R0249	Artigo 1.º		56	58	15	ue/regulamentos/2014/32014R0249.md
32014R0249	Artigo 2.º		60	86	418	ue/regulamentos/2014/32014R0249.md
32014R0251	Artigo 1.º	Objeto e âmbito de aplicação	36	46	153	ue/regulamentos/2014/32014R0251.md
32014R0251	Artigo 2.º	Definições	48	58	80	ue/regulamentos/2014/32014R0251.md
32014R0251	Artigo 3.º	Definições e classificação dos produtos vitivinícolas aromatizados	62	122	834	ue/regulamentos/2014/32014R0251.md
32014R0251	Artigo 4.º	Processos de produção e métodos de análise de produtos vitivinícolas aromatizados	124	136	387	ue/regulamentos/2014/32014R0251.md
32014R0251	Artigo 5.º	Denominações de venda	138	168	630	ue/regulamentos/2014/32014R0251.md
32014R0251	Artigo 6.º	Menções complementares das denominações de venda	170	192	396	ue/regulamentos/2014/32014R0251.md
32014R0251	Artigo 6.º-A	Declaração nutricional e lista de ingredientes	194	222	704	ue/regulamentos/2014/32014R0251.md
32014R0251	Artigo 6.º-B	Repetição das indicações obrigatórias	224	228	43	ue/regulamentos/2014/32014R0251.md
32014R0251	Artigo 7.º	Indicação de proveniência	230	232	82	ue/regulamentos/2014/32014R0251.md
32014R0251	Artigo 8.º	Línguas utilizadas na apresentação e rotulagem de produtos vitivinícolas aromatizados	234	250	263	ue/regulamentos/2014/32014R0251.md
32014R0251	Artigo 31.º	Controlos e verificações dos produtos vitivinícolas aromatizados	254	260	213	ue/regulamentos/2014/32014R0251.md
32014R0251	Artigo 32.º	Intercâmbio de informações	262	284	393	ue/regulamentos/2014/32014R0251.md
32014R0251	Artigo 33.º	Exercício da delegação	286	310	632	ue/regulamentos/2014/32014R0251.md
32014R0251	Artigo 34.º	Procedimento de comité	312	318	156	ue/regulamentos/2014/32014R0251.md
32014R0251	Artigo 35.º	Revogação	320	324	84	ue/regulamentos/2014/32014R0251.md
32014R0251	Artigo 36.º	Medidas transitórias	326	332	278	ue/regulamentos/2014/32014R0251.md
32014R0251	Artigo 37.º	Entrada em vigor	334	340	106	ue/regulamentos/2014/32014R0251.md
32014R0251	ANEXO I		342	442	1232	ue/regulamentos/2014/32014R0251.md
32014R0251	ANEXO II		444	728	3362	ue/regulamentos/2014/32014R0251.md
32014R0251	ANEXO III		730	779	540	ue/regulamentos/2014/32014R0251.md
32014R0255	Artigo 1.º		63	103	793	ue/regulamentos/2014/32014R0255.md
32014R0255	Artigo 4.º		105	109	64	ue/regulamentos/2014/32014R0255.md
32014R0257	Preâmbulo		18	48	793	ue/regulamentos/2014/32014R0257.md
32014R0257	Artigo 1.º		52	56	32	ue/regulamentos/2014/32014R0257.md
32014R0257	«Artigo 1.º		58	89	663	ue/regulamentos/2014/32014R0257.md
32014R0257	«Artigo 18.º		91	95	173	ue/regulamentos/2014/32014R0257.md
32014R0257	«Artigo 21.º		97	103	155	ue/regulamentos/2014/32014R0257.md
32014R0257	«Artigo 23.º		105	107	63	ue/regulamentos/2014/32014R0257.md
32014R0257	Artigo 2.º		109	133	260	ue/regulamentos/2014/32014R0257.md
32014R0260	Preâmbulo		18	38	757	ue/regulamentos/2014/32014R0260.md
32014R0260	Artigo 1.º		42	44	29	ue/regulamentos/2014/32014R0260.md
32014R0260	Artigo 2.º		46	66	125	ue/regulamentos/2014/32014R0260.md
32014R0260	ANEXO		68	480	12557	ue/regulamentos/2014/32014R0260.md
32014R0260	Apêndice 1		482	607	1564	ue/regulamentos/2014/32014R0260.md
32014R0260	Apêndice 2		609	870	12519	ue/regulamentos/2014/32014R0260.md
32014R0260	Apêndice 1		872	1120	10869	ue/regulamentos/2014/32014R0260.md
32014R0260	Apêndice 1		1122	1148	540	ue/regulamentos/2014/32014R0260.md
32014R0260	Apêndice 2		1150	1437	13116	ue/regulamentos/2014/32014R0260.md
32014R0260	Apêndice 1		1439	1690	12514	ue/regulamentos/2014/32014R0260.md
32014R0260	Apêndice 1		1692	1964	13848	ue/regulamentos/2014/32014R0260.md
32014R0260	Apêndice 1		1966	2214	12366	ue/regulamentos/2014/32014R0260.md
32014R0260	Apêndice 1		2216	2536	17857	ue/regulamentos/2014/32014R0260.md
32014R0260	Apêndice 1		2538	2894	14830	ue/regulamentos/2014/32014R0260.md
32014R0260	Apêndice		2896	3189	12423	ue/regulamentos/2014/32014R0260.md
32014R0260	Apêndice 1		3191	3195	34	ue/regulamentos/2014/32014R0260.md
32014R0260	Apêndice 2		3197	3213	135	ue/regulamentos/2014/32014R0260.md
32014R0260	Apêndice 2a		3215	3231	102	ue/regulamentos/2014/32014R0260.md
32014R0260	Apêndice 2b		3233	3249	102	ue/regulamentos/2014/32014R0260.md
32014R0260	Apêndice 2c		3251	3267	102	ue/regulamentos/2014/32014R0260.md
32014R0260	Apêndice 2d		3269	3285	103	ue/regulamentos/2014/32014R0260.md
32014R0260	Apêndice 3		3287	3303	135	ue/regulamentos/2014/32014R0260.md
32014R0260	Apêndice 3a		3305	3321	102	ue/regulamentos/2014/32014R0260.md
32014R0260	Apêndice 3b		3323	3339	101	ue/regulamentos/2014/32014R0260.md
32014R0260	Apêndice 3c		3341	3357	102	ue/regulamentos/2014/32014R0260.md
32014R0260	Apêndice 3d		3359	3375	102	ue/regulamentos/2014/32014R0260.md
32014R0260	Apêndice 4		3377	3393	136	ue/regulamentos/2014/32014R0260.md
32014R0260	Apêndice 4a		3395	3411	102	ue/regulamentos/2014/32014R0260.md
32014R0260	Apêndice 4b		3413	3429	103	ue/regulamentos/2014/32014R0260.md
32014R0260	Apêndice 4c		3431	3447	102	ue/regulamentos/2014/32014R0260.md
32014R0260	Apêndice 4d		3449	3788	12588	ue/regulamentos/2014/32014R0260.md
32014R0260	Apêndice 1		3790	3812	85	ue/regulamentos/2014/32014R0260.md
32014R0260	Apêndice 2		3814	3820	33	ue/regulamentos/2014/32014R0260.md
32014R0260	Apêndice 3		3822	3854	640	ue/regulamentos/2014/32014R0260.md
32014R0260	Apêndice 4		3856	3885	939	ue/regulamentos/2014/32014R0260.md
32014R0260	Apêndice 5		3887	3982	1721	ue/regulamentos/2014/32014R0260.md
32014R0260	Apêndice 6		3984	4142	3462	ue/regulamentos/2014/32014R0260.md
32014R0260	Apêndice 6.1		4144	4172	80	ue/regulamentos/2014/32014R0260.md
32014R0260	Apêndice 6.2		4174	4188	878	ue/regulamentos/2014/32014R0260.md
32014R0260	Apêndice 7		4190	4506	10111	ue/regulamentos/2014/32014R0260.md
32014R0260	Apêndice 8		4508	4812	11326	ue/regulamentos/2014/32014R0260.md
32014R0260	Apêndice 1		4814	4828	169	ue/regulamentos/2014/32014R0260.md
32014R0260	Apêndice 2		4830	4945	2283	ue/regulamentos/2014/32014R0260.md
32014R0260	Apêndice 3		4947	4976	656	ue/regulamentos/2014/32014R0260.md
32014R0260	Apêndice 4		4978	4991	124	ue/regulamentos/2014/32014R0260.md
32014R0260	Apêndice 5		4993	5282	11358	ue/regulamentos/2014/32014R0260.md
32014R0260	Apêndice 1		5284	5298	168	ue/regulamentos/2014/32014R0260.md
32014R0260	Apêndice 2		5300	5365	2259	ue/regulamentos/2014/32014R0260.md
32014R0260	Apêndice 3		5367	5396	656	ue/regulamentos/2014/32014R0260.md
32014R0260	Apêndice 4		5398	5411	124	ue/regulamentos/2014/32014R0260.md
32014R0260	Apêndice 5		5413	5767	13412	ue/regulamentos/2014/32014R0260.md
32014R0260	Apêndice 1		5769	5801	628	ue/regulamentos/2014/32014R0260.md
32014R0260	Apêndice 2		5803	6197	15344	ue/regulamentos/2014/32014R0260.md
32014R0260	Apêndice 1		6199	6233	1300	ue/regulamentos/2014/32014R0260.md
32014R0260	Apêndice 2		6235	6335	1473	ue/regulamentos/2014/32014R0260.md
32014R0260	Apêndice 3		6337	6352	1978	ue/regulamentos/2014/32014R0260.md
32014R0260	Apêndice 4		6354	6378	1058	ue/regulamentos/2014/32014R0260.md
32014R0260	Apêndice 5		6380	6488	4654	ue/regulamentos/2014/32014R0260.md
32014R0261	Preâmbulo		18	34	230	ue/regulamentos/2014/32014R0261.md
32014R0261	Artigo 1.º		38	40	29	ue/regulamentos/2014/32014R0261.md
32014R0261	Artigo 2.º		42	56	90	ue/regulamentos/2014/32014R0261.md
32014R0261	ANEXO		58	86	1955	ue/regulamentos/2014/32014R0261.md
32014R0263	Preâmbulo		18	34	226	ue/regulamentos/2014/32014R0263.md
32014R0263	Artigo 1.º		38	40	29	ue/regulamentos/2014/32014R0263.md
32014R0263	Artigo 2.º		42	56	90	ue/regulamentos/2014/32014R0263.md
32014R0263	ANEXO		58	185	10704	ue/regulamentos/2014/32014R0263.md
32014R0264	Preâmbulo		18	48	830	ue/regulamentos/2014/32014R0264.md
32014R0264	Artigo 1.º		52	54	32	ue/regulamentos/2014/32014R0264.md
32014R0264	Artigo 2.º		56	58	31	ue/regulamentos/2014/32014R0264.md
32014R0264	Artigo 3.º		60	80	181	ue/regulamentos/2014/32014R0264.md
32014R0264	ANEXO I		82	94	204	ue/regulamentos/2014/32014R0264.md
32014R0264	ANEXO II		96	133	541	ue/regulamentos/2014/32014R0264.md
32014R0269	Artigo 1.º		142	208	1382	ue/regulamentos/2014/32014R0269.md
32014R0269	Artigo 2.º		210	216	118	ue/regulamentos/2014/32014R0269.md
32014R0269	Artigo 2.º-A		218	228	365	ue/regulamentos/2014/32014R0269.md
32014R0269	Artigo 3.º		230	304	1787	ue/regulamentos/2014/32014R0269.md
32014R0269	Artigo 4.º		306	330	548	ue/regulamentos/2014/32014R0269.md
32014R0269	Artigo 5.º		332	346	311	ue/regulamentos/2014/32014R0269.md
32014R0269	Artigo 5.º-A		348	352	214	ue/regulamentos/2014/32014R0269.md
32014R0269	Artigo 5.º-B		354	360	353	ue/regulamentos/2014/32014R0269.md
32014R0269	Artigo 5.º-C		362	368	423	ue/regulamentos/2014/32014R0269.md
32014R0269	Artigo 6.º		370	380	224	ue/regulamentos/2014/32014R0269.md
32014R0269	Artigo 6.º-A		382	394	292	ue/regulamentos/2014/32014R0269.md
32014R0269	Artigo 6.º-B		396	616	6372	ue/regulamentos/2014/32014R0269.md
32014R0269	Artigo 6.º-C		618	622	130	ue/regulamentos/2014/32014R0269.md
32014R0269	Artigo 6.º-D		624	632	182	ue/regulamentos/2014/32014R0269.md
32014R0269	Artigo 6.º-E		634	654	548	ue/regulamentos/2014/32014R0269.md
32014R0269	Artigo 6.º-F		656	660	50	ue/regulamentos/2014/32014R0269.md
32014R0269	Artigo 6.º-G		662	666	306	ue/regulamentos/2014/32014R0269.md
32014R0269	Artigo 6.º-H		668	674	330	ue/regulamentos/2014/32014R0269.md
32014R0269	Artigo 7.º		676	690	274	ue/regulamentos/2014/32014R0269.md
32014R0269	Artigo 8.º		692	766	2196	ue/regulamentos/2014/32014R0269.md
32014R0269	Artigo 8.º-A		768	774	200	ue/regulamentos/2014/32014R0269.md
32014R0269	Artigo 9.º		776	808	537	ue/regulamentos/2014/32014R0269.md
32014R0269	Artigo 10.º		810	814	200	ue/regulamentos/2014/32014R0269.md
32014R0269	Artigo 11.º		816	834	438	ue/regulamentos/2014/32014R0269.md
32014R0269	Artigo 11.º-A		836	846	662	ue/regulamentos/2014/32014R0269.md
32014R0269	Artigo 11.º-B		848	852	105	ue/regulamentos/2014/32014R0269.md
32014R0269	Artigo 11.º-C		854	858	242	ue/regulamentos/2014/32014R0269.md
32014R0269	Artigo 12.º		860	880	274	ue/regulamentos/2014/32014R0269.md
32014R0269	Artigo 13.º		882	884	32	ue/regulamentos/2014/32014R0269.md
32014R0269	Artigo 14.º		886	894	200	ue/regulamentos/2014/32014R0269.md
32014R0269	Artigo 15.º		896	906	213	ue/regulamentos/2014/32014R0269.md
32014R0269	Artigo 15.º-A		908	912	82	ue/regulamentos/2014/32014R0269.md
32014R0269	Artigo 16.º		914	922	192	ue/regulamentos/2014/32014R0269.md
32014R0269	Artigo 16.º-A		924	934	266	ue/regulamentos/2014/32014R0269.md
32014R0269	Artigo 17.º		936	948	152	ue/regulamentos/2014/32014R0269.md
32014R0269	Artigo 18.º		950	954	59	ue/regulamentos/2014/32014R0269.md
32014R0269	ANEXO I		956	5241	813552	ue/regulamentos/2014/32014R0269.md
32014R0269	ANEXO II		5243	5401	1873	ue/regulamentos/2014/32014R0269.md
32014R0271	Preâmbulo		18	38	392	ue/regulamentos/2014/32014R0271.md
32014R0271	Artigo 1.º		42	70	682	ue/regulamentos/2014/32014R0271.md
32014R0271	Artigo 2.º		72	88	158	ue/regulamentos/2014/32014R0271.md
32014R0274	Preâmbulo		18	34	230	ue/regulamentos/2014/32014R0274.md
32014R0274	Artigo 1.º		38	40	16	ue/regulamentos/2014/32014R0274.md
32014R0274	Artigo 2.º		42	58	166	ue/regulamentos/2014/32014R0274.md
32014R0275	Preâmbulo		22	50	960	ue/regulamentos/2014/32014R0275.md
32014R0275	Artigo 1.º		54	56	26	ue/regulamentos/2014/32014R0275.md
32014R0275	Artigo 2.º		58	74	161	ue/regulamentos/2014/32014R0275.md
32014R0275	ANEXO		76	110	1304	ue/regulamentos/2014/32014R0275.md
32014R0284	Artigo 1.º		50	52	37	ue/regulamentos/2014/32014R0284.md
32014R0284	Artigo 2.º		54	58	59	ue/regulamentos/2014/32014R0284.md
32014R0284	ANEXO		60	79	868	ue/regulamentos/2014/32014R0284.md
32014R0285	Preâmbulo		22	58	1672	ue/regulamentos/2014/32014R0285.md
32014R0285	Artigo 1.º	Definições	62	66	128	ue/regulamentos/2014/32014R0285.md
32014R0285	Artigo 2.º	Contratos com um efeito direto, substancial e previsível na União	68	84	929	ue/regulamentos/2014/32014R0285.md
32014R0285	Artigo 3.º	Casos em que é necessário ou adequado evitar a evasão às regras ou obrigações previstas no Regulamento (UE) n.º 648/2012	86	92	338	ue/regulamentos/2014/32014R0285.md
32014R0285	Artigo 4.º	Entrada em vigor	94	114	247	ue/regulamentos/2014/32014R0285.md
32014R0288	Artigo 1.º		29	33	81	ue/regulamentos/2014/32014R0288.md
32014R0288	Artigo 2.º		35	41	63	ue/regulamentos/2014/32014R0288.md
32014R0288	ANEXO I		43	938	18872	ue/regulamentos/2014/32014R0288.md
32014R0288	ANEXO II		940	1682	12286	ue/regulamentos/2014/32014R0288.md
32014R0289	Preâmbulo		18	66	2819	ue/regulamentos/2014/32014R0289.md
32014R0289	Artigo 1.º		70	72	34	ue/regulamentos/2014/32014R0289.md
32014R0289	Artigo 2.º		74	80	144	ue/regulamentos/2014/32014R0289.md
32014R0289	Artigo 3.º		82	122	1201	ue/regulamentos/2014/32014R0289.md
32014R0289	ANEXO		124	1209	17512	ue/regulamentos/2014/32014R0289.md
32014R0294	Preâmbulo		18	34	315	ue/regulamentos/2014/32014R0294.md
32014R0294	Artigo 1.º		38	40	46	ue/regulamentos/2014/32014R0294.md
32014R0294	Artigo 2.º		42	60	121	ue/regulamentos/2014/32014R0294.md
32014R0294	ANEXO		62	70	59	ue/regulamentos/2014/32014R0294.md
32014R0295	Preâmbulo		18	34	306	ue/regulamentos/2014/32014R0295.md
32014R0295	Artigo 1.º		38	40	46	ue/regulamentos/2014/32014R0295.md
32014R0295	Artigo 2.º		42	60	120	ue/regulamentos/2014/32014R0295.md
32014R0295	ANEXO		62	70	49	ue/regulamentos/2014/32014R0295.md
32014R0296	Preâmbulo		18	34	306	ue/regulamentos/2014/32014R0296.md
32014R0296	Artigo 1.º		38	40	46	ue/regulamentos/2014/32014R0296.md
32014R0296	Artigo 2.º		42	60	120	ue/regulamentos/2014/32014R0296.md
32014R0296	ANEXO		62	70	38	ue/regulamentos/2014/32014R0296.md
32014R0297	Preâmbulo		18	34	306	ue/regulamentos/2014/32014R0297.md
32014R0297	Artigo 1.º		38	40	46	ue/regulamentos/2014/32014R0297.md
32014R0297	Artigo 2.º		42	60	120	ue/regulamentos/2014/32014R0297.md
32014R0297	ANEXO		62	70	38	ue/regulamentos/2014/32014R0297.md
32014R0298	Preâmbulo		22	54	1112	ue/regulamentos/2014/32014R0298.md
32014R0298	Artigo 1.º		58	60	32	ue/regulamentos/2014/32014R0298.md
32014R0298	Artigo 2.º		62	64	31	ue/regulamentos/2014/32014R0298.md
32014R0298	Artigo 3.º		66	84	172	ue/regulamentos/2014/32014R0298.md
32014R0298	ANEXO I		86	134	538	ue/regulamentos/2014/32014R0298.md
32014R0298	ANEXO II		136	160	427	ue/regulamentos/2014/32014R0298.md
32014R0301	Preâmbulo		18	58	1630	ue/regulamentos/2014/32014R0301.md
32014R0301	Artigo 1.º		62	64	32	ue/regulamentos/2014/32014R0301.md
32014R0301	Artigo 2.º		66	82	113	ue/regulamentos/2014/32014R0301.md
32014R0301	ANEXO		84	95	206	ue/regulamentos/2014/32014R0301.md
32014R0302	Preâmbulo		18	40	602	ue/regulamentos/2014/32014R0302.md
32014R0302	Artigo 1.º	Autorização	44	46	72	ue/regulamentos/2014/32014R0302.md
32014R0302	Artigo 2.º		48	64	107	ue/regulamentos/2014/32014R0302.md
32014R0302	ANEXO		66	78	606	ue/regulamentos/2014/32014R0302.md
32014R0308	Preâmbulo		18	32	241	ue/regulamentos/2014/32014R0308.md
32014R0308	Artigo 1.º		36	38	22	ue/regulamentos/2014/32014R0308.md
32014R0308	Artigo 2.º		40	56	112	ue/regulamentos/2014/32014R0308.md
32014R0308	ANEXO		58	66	72	ue/regulamentos/2014/32014R0308.md
32014R0309	Preâmbulo		18	32	212	ue/regulamentos/2014/32014R0309.md
32014R0309	Artigo 1.º		36	40	68	ue/regulamentos/2014/32014R0309.md
32014R0309	Artigo 2.º		42	60	189	ue/regulamentos/2014/32014R0309.md
32014R0310	Preâmbulo		18	38	456	ue/regulamentos/2014/32014R0310.md
32014R0310	Artigo 1.º		42	44	48	ue/regulamentos/2014/32014R0310.md
32014R0310	Artigo 2.º		46	48	81	ue/regulamentos/2014/32014R0310.md
32014R0310	Artigo 3.º		50	66	141	ue/regulamentos/2014/32014R0310.md
32014R0310	ANEXO		68	73	444	ue/regulamentos/2014/32014R0310.md
32014R0311	Preâmbulo		18	38	456	ue/regulamentos/2014/32014R0311.md
32014R0311	Artigo 1.º		42	44	49	ue/regulamentos/2014/32014R0311.md
32014R0311	Artigo 2.º		46	48	81	ue/regulamentos/2014/32014R0311.md
32014R0311	Artigo 3.º		50	66	141	ue/regulamentos/2014/32014R0311.md
32014R0311	ANEXO		68	74	924	ue/regulamentos/2014/32014R0311.md
32014R0312	Preâmbulo		22	56	1580	ue/regulamentos/2014/32014R0312.md
32014R0312	Artigo 1.º	Objeto	62	64	92	ue/regulamentos/2014/32014R0312.md
32014R0312	Artigo 2.º	Âmbito de aplicação	66	76	315	ue/regulamentos/2014/32014R0312.md
32014R0312	Artigo 3.º	Definições	78	122	1236	ue/regulamentos/2014/32014R0312.md
32014R0312	Artigo 4.º	Princípios gerais	126	134	323	ue/regulamentos/2014/32014R0312.md
32014R0312	Artigo 5.º	Notificações de transação e atribuições	136	166	740	ue/regulamentos/2014/32014R0312.md
32014R0312	Artigo 6.º	Disposições gerais	170	196	386	ue/regulamentos/2014/32014R0312.md
32014R0312	Artigo 7.º	Produtos normalizados de curto prazo	198	228	714	ue/regulamentos/2014/32014R0312.md
32014R0312	Artigo 8.º	Serviço de compensação	230	260	726	ue/regulamentos/2014/32014R0312.md
32014R0312	Artigo 9.º	Ordem de mérito	262	284	889	ue/regulamentos/2014/32014R0312.md
32014R0312	Artigo 10.º	Plataforma de negociação	286	318	800	ue/regulamentos/2014/32014R0312.md
32014R0312	Artigo 11.º	Incentivos	320	338	424	ue/regulamentos/2014/32014R0312.md
32014R0312	Artigo 12.º	Disposições gerais	342	350	311	ue/regulamentos/2014/32014R0312.md
32014R0312	Artigo 13.º	Informações relativas a nomeações e renomeações em pontos de interligação	352	368	193	ue/regulamentos/2014/32014R0312.md
32014R0312	Artigo 14.º	Procedimento de nomeação em pontos de interligação	370	386	438	ue/regulamentos/2014/32014R0312.md
32014R0312	Artigo 15.º	Procedimento de renomeação em pontos de interligação	388	400	280	ue/regulamentos/2014/32014R0312.md
32014R0312	Artigo 16.º	Disposições específicas aplicáveis em pontos de interligação	402	412	282	ue/regulamentos/2014/32014R0312.md
32014R0312	Artigo 17.º	Rejeição de nomeações e renomeações ou alteração da quantidade de gás solicitada em pontos de interligação	414	438	494	ue/regulamentos/2014/32014R0312.md
32014R0312	Artigo 18.º	Procedimento de nomeação e renomeação em pontos que não os pontos de interligação	440	448	178	ue/regulamentos/2014/32014R0312.md
32014R0312	Artigo 19.º	Disposições gerais	452	458	150	ue/regulamentos/2014/32014R0312.md
32014R0312	Artigo 20.º	Metodologia de cálculo dos encargos de compensação diária	460	472	177	ue/regulamentos/2014/32014R0312.md
32014R0312	Artigo 21.º	Cálculo do desequilíbrio diário	474	496	392	ue/regulamentos/2014/32014R0312.md
32014R0312	Artigo 22.º	Preço aplicável	498	540	813	ue/regulamentos/2014/32014R0312.md
32014R0312	Artigo 23.º	Encargos de compensação diária	542	550	266	ue/regulamentos/2014/32014R0312.md
32014R0312	Artigo 24.º	Disposições gerais	554	558	164	ue/regulamentos/2014/32014R0312.md
32014R0312	Artigo 25.º	Tipos de obrigações intradiárias	560	602	658	ue/regulamentos/2014/32014R0312.md
32014R0312	Artigo 26.º	Requisitos aplicáveis a obrigações intradiárias	604	642	1056	ue/regulamentos/2014/32014R0312.md
32014R0312	Artigo 27.º	Processo de decisão da entidade reguladora nacional	644	648	209	ue/regulamentos/2014/32014R0312.md
32014R0312	Artigo 28.º	Obrigações intradiárias existentes	650	652	120	ue/regulamentos/2014/32014R0312.md
32014R0312	Artigo 29.º	Princípios de neutralidade	656	676	594	ue/regulamentos/2014/32014R0312.md
32014R0312	Artigo 30.º	Fluxos monetários relativos à neutralidade da compensação	678	690	396	ue/regulamentos/2014/32014R0312.md
32014R0312	Artigo 31.º	Disposições relativas à gestão do risco de crédito	692	698	234	ue/regulamentos/2014/32014R0312.md
32014R0312	Artigo 32.º	Obrigações de informação dos operadores das redes de transporte perante os utilizadores da rede	702	710	135	ue/regulamentos/2014/32014R0312.md
32014R0312	Artigo 33.º	Disposições gerais	712	736	524	ue/regulamentos/2014/32014R0312.md
32014R0312	Artigo 34.º	Fornecimentos e consumos com medição intradiária	738	754	527	ue/regulamentos/2014/32014R0312.md
32014R0312	Artigo 35.º	Consumos com medição diária	756	764	172	ue/regulamentos/2014/32014R0312.md
32014R0312	Artigo 36.º	Consumos com medição não diária	766	788	469	ue/regulamentos/2014/32014R0312.md
32014R0312	Artigo 37.º	Fornecimentos e consumos após o dia de gás	790	802	352	ue/regulamentos/2014/32014R0312.md
32014R0312	Artigo 38.º	Análise custo-benefício	804	818	206	ue/regulamentos/2014/32014R0312.md
32014R0312	Artigo 39.º	Obrigações de informação dos operadores das redes de distribuição e das entidades responsáveis pelas previsões perante o operador da rede de transporte	820	830	562	ue/regulamentos/2014/32014R0312.md
32014R0312	Artigo 40.º	Obrigações de informação dos operadores das redes de distribuição perante o operador da rede de transporte	832	834	148	ue/regulamentos/2014/32014R0312.md
32014R0312	Artigo 41.º	Obrigações de informação dos operadores das redes de distribuição perante a entidade responsável pelas previsões	836	840	174	ue/regulamentos/2014/32014R0312.md
32014R0312	Artigo 42.º	Obrigações de informação da entidade responsável pelas previsões perante o operador da rede de transporte	842	852	495	ue/regulamentos/2014/32014R0312.md
32014R0312	Artigo 43.º	Disposições gerais	856	870	444	ue/regulamentos/2014/32014R0312.md
32014R0312	Artigo 44.º	Condições da prestação do serviço de flexibilidade do linepack	872	886	350	ue/regulamentos/2014/32014R0312.md
32014R0312	Artigo 45.º	Medidas provisórias: disposições gerais	890	898	310	ue/regulamentos/2014/32014R0312.md
32014R0312	Artigo 46.º	Medidas provisórias: relatório anual	900	930	595	ue/regulamentos/2014/32014R0312.md
32014R0312	Artigo 47.º	Plataforma de compensação	932	938	340	ue/regulamentos/2014/32014R0312.md
32014R0312	Artigo 48.º	Alternativa a uma plataforma de compensação	940	942	171	ue/regulamentos/2014/32014R0312.md
32014R0312	Artigo 49.º	Encargo da compensação do desequilíbrio	944	950	180	ue/regulamentos/2014/32014R0312.md
32014R0312	Artigo 50.º	Tolerância	952	992	687	ue/regulamentos/2014/32014R0312.md
32014R0312	Artigo 51.º	Cessão da flexibilidade excedentária do operador da rede de transporte	996	1018	558	ue/regulamentos/2014/32014R0312.md
32014R0312	Artigo 52.º	Disposições transitórias	1020	1024	223	ue/regulamentos/2014/32014R0312.md
32014R0312	Artigo 53.º	Entrada em vigor	1026	1052	341	ue/regulamentos/2014/32014R0312.md
32014R0313	Preâmbulo		18	34	325	ue/regulamentos/2014/32014R0313.md
32014R0313	Artigo 1.º		38	40	46	ue/regulamentos/2014/32014R0313.md
32014R0313	Artigo 2.º		42	62	129	ue/regulamentos/2014/32014R0313.md
32014R0313	ANEXO		64	72	39	ue/regulamentos/2014/32014R0313.md
32014R0315	Preâmbulo		18	38	584	ue/regulamentos/2014/32014R0315.md
32014R0315	Artigo 1.º	Alteração do Regulamento (UE) n.º 43/2014	42	44	42	ue/regulamentos/2014/32014R0315.md
32014R0315	Artigo 2.º	Entrada em vigor e aplicação	46	66	263	ue/regulamentos/2014/32014R0315.md
32014R0315	ANEXO		68	164	1351	ue/regulamentos/2014/32014R0315.md
32014R0317	Preâmbulo		18	42	736	ue/regulamentos/2014/32014R0317.md
32014R0317	Artigo 1.º		46	48	35	ue/regulamentos/2014/32014R0317.md
32014R0317	Artigo 2.º		50	76	395	ue/regulamentos/2014/32014R0317.md
32014R0317	ANEXO I		78	91	140	ue/regulamentos/2014/32014R0317.md
32014R0317	ANEXO II		93	111	270	ue/regulamentos/2014/32014R0317.md
32014R0317	ANEXO III		113	135	528	ue/regulamentos/2014/32014R0317.md
32014R0318	Preâmbulo		18	60	1561	ue/regulamentos/2014/32014R0318.md
32014R0318	Artigo 1.º		64	66	34	ue/regulamentos/2014/32014R0318.md
32014R0318	Artigo 2.º		68	70	54	ue/regulamentos/2014/32014R0318.md
32014R0318	Artigo 3.º		72	96	337	ue/regulamentos/2014/32014R0318.md
32014R0318	ANEXO		98	1311	13667	ue/regulamentos/2014/32014R0318.md
32014R0324	Artigo 1.º		34	54	443	ue/regulamentos/2014/32014R0324.md
32014R0324	Artigo 2.º		56	58	59	ue/regulamentos/2014/32014R0324.md
32014R0324	Artigo 3.º		60	72	296	ue/regulamentos/2014/32014R0324.md
32014R0324	Artigo 4.º		74	90	459	ue/regulamentos/2014/32014R0324.md
32014R0324	Artigo 5.º		92	102	225	ue/regulamentos/2014/32014R0324.md
32014R0324	Artigo 6.º		104	112	231	ue/regulamentos/2014/32014R0324.md
32014R0326	Preâmbulo		18	34	308	ue/regulamentos/2014/32014R0326.md
32014R0326	Artigo 1.º		38	40	46	ue/regulamentos/2014/32014R0326.md
32014R0326	Artigo 2.º		42	62	121	ue/regulamentos/2014/32014R0326.md
32014R0326	ANEXO		64	72	68	ue/regulamentos/2014/32014R0326.md
32014R0327	Preâmbulo		18	32	210	ue/regulamentos/2014/32014R0327.md
32014R0327	Artigo 1.º		36	38	22	ue/regulamentos/2014/32014R0327.md
32014R0327	Artigo 2.º		40	58	112	ue/regulamentos/2014/32014R0327.md
32014R0327	ANEXO		60	68	64	ue/regulamentos/2014/32014R0327.md
32014R0328	Preâmbulo		18	32	205	ue/regulamentos/2014/32014R0328.md
32014R0328	Artigo 1.º		36	38	22	ue/regulamentos/2014/32014R0328.md
32014R0328	Artigo 2.º		40	58	112	ue/regulamentos/2014/32014R0328.md
32014R0328	ANEXO		60	68	61	ue/regulamentos/2014/32014R0328.md
32014R0329	Preâmbulo		18	36	338	ue/regulamentos/2014/32014R0329.md
32014R0329	Artigo 1.º		40	42	31	ue/regulamentos/2014/32014R0329.md
32014R0329	Artigo 2.º		44	58	102	ue/regulamentos/2014/32014R0329.md
32014R0329	ANEXO		60	74	600	ue/regulamentos/2014/32014R0329.md
32014R0332	Preâmbulo		18	48	863	ue/regulamentos/2014/32014R0332.md
32014R0332	Artigo 1.º	Objeto	52	56	124	ue/regulamentos/2014/32014R0332.md
32014R0332	Artigo 2.º	Concessões em relação ao peixe e aos produtos da pesca	58	60	105	ue/regulamentos/2014/32014R0332.md
32014R0332	Artigo 3.º	Reduções pautais	62	70	128	ue/regulamentos/2014/32014R0332.md
32014R0332	Artigo 4.º	Adaptações técnicas	72	74	134	ue/regulamentos/2014/32014R0332.md
32014R0332	Artigo 5.º	Cláusula de salvaguarda geral	76	78	100	ue/regulamentos/2014/32014R0332.md
32014R0332	Artigo 6.º	Cláusula de escassez	80	82	84	ue/regulamentos/2014/32014R0332.md
32014R0332	Artigo 7.º	Circunstâncias excecionais e críticas	84	86	92	ue/regulamentos/2014/32014R0332.md
32014R0332	Artigo 8.º	Cláusula de salvaguarda relativa aos produtos agrícolas e da pesca	88	98	368	ue/regulamentos/2014/32014R0332.md
32014R0332	Artigo 9.º	Vigilância	100	102	81	ue/regulamentos/2014/32014R0332.md
32014R0332	Artigo 10.º	Dumping e subvenções	104	106	89	ue/regulamentos/2014/32014R0332.md
32014R0332	Artigo 11.º	Concorrência	108	114	204	ue/regulamentos/2014/32014R0332.md
32014R0332	Artigo 12.º	Fraude ou falta de cooperação administrativa	116	126	232	ue/regulamentos/2014/32014R0332.md
32014R0332	Artigo 13.º	Procedimento de Comité	128	136	211	ue/regulamentos/2014/32014R0332.md
32014R0332	Artigo 14.º	Notificação	138	140	58	ue/regulamentos/2014/32014R0332.md
32014R0332	Artigo 15.º	Entrada em vigor	142	182	733	ue/regulamentos/2014/32014R0332.md
32014R0334	Artigo 1.º		114	374	6464	ue/regulamentos/2014/32014R0334.md
32014R0334	Artigo 2.º		376	414	1072	ue/regulamentos/2014/32014R0334.md
32014R0336	Preâmbulo		18	38	456	ue/regulamentos/2014/32014R0336.md
32014R0336	Artigo 1.º		42	44	48	ue/regulamentos/2014/32014R0336.md
32014R0336	Artigo 2.º		46	48	81	ue/regulamentos/2014/32014R0336.md
32014R0336	Artigo 3.º		50	68	141	ue/regulamentos/2014/32014R0336.md
32014R0336	ANEXO		70	75	494	ue/regulamentos/2014/32014R0336.md
32014R0337	Preâmbulo		18	38	456	ue/regulamentos/2014/32014R0337.md
32014R0337	Artigo 1.º		42	44	48	ue/regulamentos/2014/32014R0337.md
32014R0337	Artigo 2.º		46	48	81	ue/regulamentos/2014/32014R0337.md
32014R0337	Artigo 3.º		50	68	141	ue/regulamentos/2014/32014R0337.md
32014R0337	ANEXO		70	79	390	ue/regulamentos/2014/32014R0337.md
32014R0342	Preâmbulo		22	58	2010	ue/regulamentos/2014/32014R0342.md
32014R0342	Artigo 1.º	Objeto	64	66	104	ue/regulamentos/2014/32014R0342.md
32014R0342	Artigo 2.º	Definições	68	74	142	ue/regulamentos/2014/32014R0342.md
32014R0342	Artigo 3.º	Supressão da utilização múltipla de capitais e da criação intragrupo de fundos próprios	78	80	80	ue/regulamentos/2014/32014R0342.md
32014R0342	Artigo 4.º	Caráter transferível e disponível dos fundos próprios	82	86	238	ue/regulamentos/2014/32014R0342.md
32014R0342	Artigo 5.º	Fundos próprios específicos de determinados setores	88	96	210	ue/regulamentos/2014/32014R0342.md
32014R0342	Artigo 6.º	Défice de fundos próprios a nível do conglomerado financeiro	98	116	402	ue/regulamentos/2014/32014R0342.md
32014R0342	Artigo 7.º	Coerência	118	120	48	ue/regulamentos/2014/32014R0342.md
32014R0342	Artigo 8.º	Consolidação	122	124	170	ue/regulamentos/2014/32014R0342.md
32014R0342	Artigo 9.º	Requisito de solvência	126	130	400	ue/regulamentos/2014/32014R0342.md
32014R0342	Artigo 10.º	Fundos próprios e requisitos de solvência do conglomerado financeiro	132	138	260	ue/regulamentos/2014/32014R0342.md
32014R0342	Artigo 11.º	Tratamento de participações transetoriais	140	144	200	ue/regulamentos/2014/32014R0342.md
32014R0342	Artigo 12.º	Fundos próprios nocionais e requisitos de solvência nocional para entidades não regulamentadas do setor financeiro	146	150	270	ue/regulamentos/2014/32014R0342.md
32014R0342	Artigo 13.º	Medidas setoriais transitórias e de salvaguarda de direitos adquiridos	152	154	75	ue/regulamentos/2014/32014R0342.md
32014R0342	Artigo 14.º	Especificação do cálculo técnico de acordo com o método 1 por força da Diretiva 2002/87/CE	158	184	980	ue/regulamentos/2014/32014R0342.md
32014R0342	Artigo 15.º	Especificação do cálculo técnico de acordo com o método 2 por força da Diretiva 2002/87/CE	186	198	454	ue/regulamentos/2014/32014R0342.md
32014R0342	Artigo 16.º	Especificação das circunstâncias de utilização do método 3 por força da Diretiva 2002/87/CE	200	210	316	ue/regulamentos/2014/32014R0342.md
32014R0342	Artigo 17.º	Entrada em vigor	214	246	676	ue/regulamentos/2014/32014R0342.md
32014R0342	ANEXO	Metodologia de cálculo do método 2 por força da Diretiva 2002/87/CE	248	268	432	ue/regulamentos/2014/32014R0342.md
32014R0349	Preâmbulo		18	38	450	ue/regulamentos/2014/32014R0349.md
32014R0349	Artigo 1.º		42	44	48	ue/regulamentos/2014/32014R0349.md
32014R0349	Artigo 2.º		46	48	81	ue/regulamentos/2014/32014R0349.md
32014R0349	Artigo 3.º		50	68	141	ue/regulamentos/2014/32014R0349.md
32014R0349	ANEXO		70	81	596	ue/regulamentos/2014/32014R0349.md
32014R0350	Preâmbulo		18	38	450	ue/regulamentos/2014/32014R0350.md
32014R0350	Artigo 1.º		42	44	48	ue/regulamentos/2014/32014R0350.md
32014R0350	Artigo 2.º		46	48	81	ue/regulamentos/2014/32014R0350.md
32014R0350	Artigo 3.º		50	68	141	ue/regulamentos/2014/32014R0350.md
32014R0350	ANEXO		70	79	779	ue/regulamentos/2014/32014R0350.md
32014R0351	Preâmbulo		18	34	310	ue/regulamentos/2014/32014R0351.md
32014R0351	Artigo 1.º		38	40	46	ue/regulamentos/2014/32014R0351.md
32014R0351	Artigo 2.º		42	62	121	ue/regulamentos/2014/32014R0351.md
32014R0351	ANEXO		64	72	42	ue/regulamentos/2014/32014R0351.md
32014R0352	Preâmbulo		18	34	308	ue/regulamentos/2014/32014R0352.md
32014R0352	Artigo 1.º		38	40	46	ue/regulamentos/2014/32014R0352.md
32014R0352	Artigo 2.º		42	62	120	ue/regulamentos/2014/32014R0352.md
32014R0352	ANEXO		64	72	40	ue/regulamentos/2014/32014R0352.md
32014R0357	Preâmbulo		22	58	2404	ue/regulamentos/2014/32014R0357.md
32014R0357	Artigo 1.º		62	96	904	ue/regulamentos/2014/32014R0357.md
32014R0357	Artigo 2.º		98	120	265	ue/regulamentos/2014/32014R0357.md
32014R0358	Preâmbulo		18	52	1208	ue/regulamentos/2014/32014R0358.md
32014R0358	Artigo 1.º		56	58	34	ue/regulamentos/2014/32014R0358.md
32014R0358	Artigo 2.º		60	64	72	ue/regulamentos/2014/32014R0358.md
32014R0358	Artigo 3.º		66	96	348	ue/regulamentos/2014/32014R0358.md
32014R0358	ANEXO		98	147	1299	ue/regulamentos/2014/32014R0358.md
32014R0361	Artigo 1.º		70	74	163	ue/regulamentos/2014/32014R0361.md
32014R0361	Artigo 2.º		76	84	140	ue/regulamentos/2014/32014R0361.md
32014R0361	Artigo 3.º		86	88	103	ue/regulamentos/2014/32014R0361.md
32014R0361	Artigo 4.º		90	94	216	ue/regulamentos/2014/32014R0361.md
32014R0361	Artigo 5.º		96	98	139	ue/regulamentos/2014/32014R0361.md
32014R0361	Artigo 6.º		100	102	32	ue/regulamentos/2014/32014R0361.md
32014R0361	Artigo 7.º		106	124	290	ue/regulamentos/2014/32014R0361.md
32014R0361	Artigo 8.º		126	132	78	ue/regulamentos/2014/32014R0361.md
32014R0361	Artigo 9.º		136	144	190	ue/regulamentos/2014/32014R0361.md
32014R0361	Artigo 10.º		148	150	67	ue/regulamentos/2014/32014R0361.md
32014R0361	Artigo 11.º		154	160	151	ue/regulamentos/2014/32014R0361.md
32014R0361	Artigo 12.º		162	164	15	ue/regulamentos/2014/32014R0361.md
32014R0361	Artigo 13.º		166	172	65	ue/regulamentos/2014/32014R0361.md
32014R0361	ANEXO I		174	178	8	ue/regulamentos/2014/32014R0361.md
32014R0361	ANEXO II		180	188	17	ue/regulamentos/2014/32014R0361.md
32014R0361	ANEXO III		190	329	1139	ue/regulamentos/2014/32014R0361.md
32014R0361	ANEXO IV		331	337	16	ue/regulamentos/2014/32014R0361.md
32014R0361	ANEXO V		339	343	11	ue/regulamentos/2014/32014R0361.md
32014R0361	ANEXO VI		345	363	193	ue/regulamentos/2014/32014R0361.md
32014R0364	Preâmbulo		18	50	1150	ue/regulamentos/2014/32014R0364.md
32014R0364	Artigo 1.º		54	56	34	ue/regulamentos/2014/32014R0364.md
32014R0364	Artigo 2.º		58	86	539	ue/regulamentos/2014/32014R0364.md
32014R0364	ANEXO		88	1302	15896	ue/regulamentos/2014/32014R0364.md
32014R0365	Preâmbulo		18	40	478	ue/regulamentos/2014/32014R0365.md
32014R0365	Artigo 1.º		44	49	200	ue/regulamentos/2014/32014R0365.md
32014R0365	Artigo 2.º		51	67	102	ue/regulamentos/2014/32014R0365.md
32014R0366	Preâmbulo		18	46	873	ue/regulamentos/2014/32014R0366.md
32014R0366	Artigo 1.º		50	67	348	ue/regulamentos/2014/32014R0366.md
32014R0366	Artigo 2.º		69	89	178	ue/regulamentos/2014/32014R0366.md
32014R0367	Artigo 1.º		37	41	86	ue/regulamentos/2014/32014R0367.md
32014R0367	Artigo 2.º		43	49	64	ue/regulamentos/2014/32014R0367.md
32014R0367	ANEXO		51	63	330	ue/regulamentos/2014/32014R0367.md
32014R0368	Preâmbulo		18	382	21375	ue/regulamentos/2014/32014R0368.md
32014R0368	Artigo 1.º		386	392	63	ue/regulamentos/2014/32014R0368.md
32014R0368	Artigo 2.º		394	426	611	ue/regulamentos/2014/32014R0368.md
32014R0368	ANEXO A	LISTA DAS TRANSPORTADORAS AÉREAS CUJAS OPERAÇÕES SÃO OBJETO DE UMA PROIBIÇÃO NA UE, COM EXCEÇÕES [^1]	428	750	6501	ue/regulamentos/2014/32014R0368.md
32014R0368	ANEXO B	LISTA DAS TRANSPORTADORAS AÉREAS CUJAS OPERAÇÕES SÃO OBJETO DE RESTRIÇÕES OPERACIONAIS NA UE [^1]	752	775	1126	ue/regulamentos/2014/32014R0368.md
32014R0369	Preâmbulo		18	34	262	ue/regulamentos/2014/32014R0369.md
32014R0369	Artigo 1.º		38	40	31	ue/regulamentos/2014/32014R0369.md
32014R0369	Artigo 2.º		42	56	105	ue/regulamentos/2014/32014R0369.md
32014R0369	ANEXO		58	66	358	ue/regulamentos/2014/32014R0369.md
32014R0371	Preâmbulo		18	36	236	ue/regulamentos/2014/32014R0371.md
32014R0371	Artigo 1.º		40	42	31	ue/regulamentos/2014/32014R0371.md
32014R0371	Artigo 2.º		44	62	202	ue/regulamentos/2014/32014R0371.md
32014R0371	ANEXO		64	87	2504	ue/regulamentos/2014/32014R0371.md
32014R0372	Preâmbulo		18	46	930	ue/regulamentos/2014/32014R0372.md
32014R0372	Artigo 1.º		50	66	319	ue/regulamentos/2014/32014R0372.md
32014R0372	Artigo 11.º-A	Admissibilidade das denúncias	70	76	171	ue/regulamentos/2014/32014R0372.md
32014R0372	Artigo 11.º-B	Proteção dos segredos comerciais e de outras informações confidenciais	80	84	155	ue/regulamentos/2014/32014R0372.md
32014R0372	Artigo 2.º		86	106	242	ue/regulamentos/2014/32014R0372.md
32014R0372	ANEXO	«ANEXO IV	108	316	2070	ue/regulamentos/2014/32014R0372.md
32014R0376	Artigo 1.º	Objetivos	36	48	241	ue/regulamentos/2014/32014R0376.md
32014R0376	Artigo 2.º	Definições	50	92	1053	ue/regulamentos/2014/32014R0376.md
32014R0376	Artigo 3.º	Objeto e âmbito de aplicação	94	118	468	ue/regulamentos/2014/32014R0376.md
32014R0376	Artigo 4.º	Comunicação obrigatória	120	198	1602	ue/regulamentos/2014/32014R0376.md
32014R0376	Artigo 5.º	Comunicação voluntária	200	240	822	ue/regulamentos/2014/32014R0376.md
32014R0376	Artigo 6.º	Recolha e armazenamento de informações	242	278	954	ue/regulamentos/2014/32014R0376.md
32014R0376	Artigo 7.º	Qualidade e conteúdo dos relatórios de ocorrências	280	316	661	ue/regulamentos/2014/32014R0376.md
32014R0376	Artigo 8.º	Repositório Central Europeu	318	326	282	ue/regulamentos/2014/32014R0376.md
32014R0376	Artigo 9.º	Intercâmbio de informações	328	350	410	ue/regulamentos/2014/32014R0376.md
32014R0376	Artigo 10.º	Divulgação das informações armazenadas no Repositório Central Europeu	352	368	335	ue/regulamentos/2014/32014R0376.md
32014R0376	Artigo 11.º	Tratamento dos pedidos e decisões	370	406	711	ue/regulamentos/2014/32014R0376.md
32014R0376	Artigo 12.º	Registo dos pedidos e intercâmbio de informações	408	414	120	ue/regulamentos/2014/32014R0376.md
32014R0376	Artigo 13.º	Análise e seguimento das ocorrências a nível nacional	416	474	1461	ue/regulamentos/2014/32014R0376.md
32014R0376	Artigo 14.º	Análise e seguimento das ocorrências a nível da União	476	488	303	ue/regulamentos/2014/32014R0376.md
32014R0376	Artigo 15.º	Confidencialidade e utilização adequada das informações	490	510	570	ue/regulamentos/2014/32014R0376.md
32014R0376	Artigo 16.º	Proteção das fontes de informação	512	560	1281	ue/regulamentos/2014/32014R0376.md
32014R0376	Artigo 17.º	Atualização dos anexos	562	572	229	ue/regulamentos/2014/32014R0376.md
32014R0376	Artigo 18.º	Exercício da delegação	574	584	436	ue/regulamentos/2014/32014R0376.md
32014R0376	Artigo 19.º	Procedimento de comité	586	590	126	ue/regulamentos/2014/32014R0376.md
32014R0376	Artigo 20.º	Acesso aos documentos e proteção dos dados pessoais	592	596	119	ue/regulamentos/2014/32014R0376.md
32014R0376	Artigo 21.º	Sanções	598	600	79	ue/regulamentos/2014/32014R0376.md
32014R0376	Artigo 22.º	Alteração do Regulamento (UE) n.º 996/2010	602	606	65	ue/regulamentos/2014/32014R0376.md
32014R0376	Artigo 23.º	Revogação	608	610	63	ue/regulamentos/2014/32014R0376.md
32014R0376	Artigo 24.º	Entrada em vigor e aplicação	612	620	277	ue/regulamentos/2014/32014R0376.md
32014R0376	ANEXO I	LISTA DOS REQUISITOS APLICÁVEIS AOS SISTEMAS OBRIGATÓRIOS E VOLUNTÁRIOS DE COMUNICAÇÃO DE OCORRÊNCIAS	622	760	1200	ue/regulamentos/2014/32014R0376.md
32014R0376	ANEXO II	PARTES INTERESSADAS	762	792	660	ue/regulamentos/2014/32014R0376.md
32014R0376	ANEXO III	PEDIDO DE INFORMAÇÕES QUE CONSTEM DO REPOSITÓRIO CENTRAL EUROPEU	794	838	633	ue/regulamentos/2014/32014R0376.md
32014R0379	Artigo 1.º		34	160	2653	ue/regulamentos/2014/32014R0379.md
32014R0379	Artigo 2.º		162	168	81	ue/regulamentos/2014/32014R0379.md
32014R0379	ANEXO I		170	1668	21487	ue/regulamentos/2014/32014R0379.md
32014R0379	ANEXO II		1670	1670	3	ue/regulamentos/2014/32014R0379.md
32014R0380	Preâmbulo		18	38	428	ue/regulamentos/2014/32014R0380.md
32014R0380	Artigo 1.º		42	50	61	ue/regulamentos/2014/32014R0380.md
32014R0380	«Artigo 7.º		52	58	121	ue/regulamentos/2014/32014R0380.md
32014R0380	Artigo 2.º		60	80	236	ue/regulamentos/2014/32014R0380.md
32014R0380	ANEXO	«ANEXO III	82	205	616	ue/regulamentos/2014/32014R0380.md
32014R0381	Preâmbulo		22	40	226	ue/regulamentos/2014/32014R0381.md
32014R0381	Artigo 1.º		44	46	37	ue/regulamentos/2014/32014R0381.md
32014R0381	Artigo 2.º		48	50	30	ue/regulamentos/2014/32014R0381.md
32014R0381	Artigo 3.º		52	66	88	ue/regulamentos/2014/32014R0381.md
32014R0381	ANEXO I		68	77	325	ue/regulamentos/2014/32014R0381.md
32014R0381	ANEXO II		79	87	285	ue/regulamentos/2014/32014R0381.md
32014R0383	Preâmbulo		18	32	206	ue/regulamentos/2014/32014R0383.md
32014R0383	Artigo 1.º		36	38	22	ue/regulamentos/2014/32014R0383.md
32014R0383	Artigo 2.º		40	58	112	ue/regulamentos/2014/32014R0383.md
32014R0383	ANEXO		60	68	50	ue/regulamentos/2014/32014R0383.md
32014R0384	Preâmbulo		18	32	205	ue/regulamentos/2014/32014R0384.md
32014R0384	Artigo 1.º		36	38	22	ue/regulamentos/2014/32014R0384.md
32014R0384	Artigo 2.º		40	58	112	ue/regulamentos/2014/32014R0384.md
32014R0384	ANEXO		60	68	61	ue/regulamentos/2014/32014R0384.md
32014R0385	Preâmbulo		18	32	207	ue/regulamentos/2014/32014R0385.md
32014R0385	Artigo 1.º		36	38	22	ue/regulamentos/2014/32014R0385.md
32014R0385	Artigo 2.º		40	58	112	ue/regulamentos/2014/32014R0385.md
32014R0385	ANEXO		60	68	53	ue/regulamentos/2014/32014R0385.md
32014R0388	Preâmbulo		18	46	705	ue/regulamentos/2014/32014R0388.md
32014R0388	Artigo 1.º		50	55	187	ue/regulamentos/2014/32014R0388.md
32014R0388	Artigo 2.º		57	75	138	ue/regulamentos/2014/32014R0388.md
32014R0391	Preâmbulo		18	76	1708	ue/regulamentos/2014/32014R0391.md
32014R0391	Artigo 1.º		80	82	127	ue/regulamentos/2014/32014R0391.md
32014R0391	Artigo 2.º		84	104	356	ue/regulamentos/2014/32014R0391.md
32014R0392	Preâmbulo		18	76	1711	ue/regulamentos/2014/32014R0392.md
32014R0392	Artigo 1.º		80	82	125	ue/regulamentos/2014/32014R0392.md
32014R0392	Artigo 2.º		84	104	358	ue/regulamentos/2014/32014R0392.md
32014R0397	Preâmbulo		22	42	297	ue/regulamentos/2014/32014R0397.md
32014R0397	Artigo 1.º		46	48	29	ue/regulamentos/2014/32014R0397.md
32014R0397	Artigo 2.º		50	68	170	ue/regulamentos/2014/32014R0397.md
32014R0397	ANEXO		70	80	306	ue/regulamentos/2014/32014R0397.md
32014R0398	Preâmbulo		18	60	2386	ue/regulamentos/2014/32014R0398.md
32014R0398	Artigo 1.º		64	66	34	ue/regulamentos/2014/32014R0398.md
32014R0398	Artigo 2.º		68	74	134	ue/regulamentos/2014/32014R0398.md
32014R0398	Artigo 3.º		76	104	762	ue/regulamentos/2014/32014R0398.md
32014R0398	ANEXO		106	1150	17351	ue/regulamentos/2014/32014R0398.md
32014R0405	Preâmbulo		18	46	627	ue/regulamentos/2014/32014R0405.md
32014R0405	Artigo 1.º		50	52	42	ue/regulamentos/2014/32014R0405.md
32014R0405	Artigo 2.º		54	72	218	ue/regulamentos/2014/32014R0405.md
32014R0405	ANEXO		74	82	334	ue/regulamentos/2014/32014R0405.md
32014R0406	Preâmbulo		18	46	650	ue/regulamentos/2014/32014R0406.md
32014R0406	Artigo 1.º		50	52	48	ue/regulamentos/2014/32014R0406.md
32014R0406	Artigo 2.º		54	72	218	ue/regulamentos/2014/32014R0406.md
32014R0406	ANEXO		74	82	433	ue/regulamentos/2014/32014R0406.md
32014R0407	Preâmbulo		18	46	647	ue/regulamentos/2014/32014R0407.md
32014R0407	Artigo 1.º		50	52	42	ue/regulamentos/2014/32014R0407.md
32014R0407	Artigo 2.º		54	72	218	ue/regulamentos/2014/32014R0407.md
32014R0407	ANEXO		74	82	477	ue/regulamentos/2014/32014R0407.md
32014R0408	Preâmbulo		18	48	840	ue/regulamentos/2014/32014R0408.md
32014R0408	Artigo 1.º		52	54	48	ue/regulamentos/2014/32014R0408.md
32014R0408	Artigo 2.º		56	74	218	ue/regulamentos/2014/32014R0408.md
32014R0408	ANEXO		76	86	505	ue/regulamentos/2014/32014R0408.md
32014R0409	Preâmbulo		18	32	219	ue/regulamentos/2014/32014R0409.md
32014R0409	Artigo 1.º		36	40	84	ue/regulamentos/2014/32014R0409.md
32014R0409	Artigo 2.º		42	60	178	ue/regulamentos/2014/32014R0409.md
32014R0411	Artigo 1.º	Abertura e gestão de um contingente pautal	34	44	179	ue/regulamentos/2014/32014R0411.md
32014R0411	Artigo 2.º	Períodos de contingentamento pautal da importação	46	60	152	ue/regulamentos/2014/32014R0411.md
32014R0411	Artigo 3.º		62	86	537	ue/regulamentos/2014/32014R0411.md
32014R0411	Artigo 3.º-A	Pedidos de direitos de importação para o período de contingentamento de 2015	88	106	562	ue/regulamentos/2014/32014R0411.md
32014R0411	Artigo 4.º		108	138	531	ue/regulamentos/2014/32014R0411.md
32014R0411	Artigo 4.º-A	Emissão dos certificados de importação para o período de contingentamento de 2015	140	164	531	ue/regulamentos/2014/32014R0411.md
32014R0411	Artigo 5.º	Notificações à Comissão para o período de contingentamento de 2014	166	178	258	ue/regulamentos/2014/32014R0411.md
32014R0411	Artigo 5.º-A	Notificações à Comissão para o período de contingentamento de 2015	180	194	383	ue/regulamentos/2014/32014R0411.md
32014R0411	Artigo 6.º	Entrada em vigor	196	202	68	ue/regulamentos/2014/32014R0411.md
32014R0411	ANEXO I		204	212	199	ue/regulamentos/2014/32014R0411.md
32014R0411	ANEXO II		214	264	434	ue/regulamentos/2014/32014R0411.md
32014R0412	Artigo 1.º	Abertura e gestão dos contingentes pautais	34	48	320	ue/regulamentos/2014/32014R0412.md
32014R0412	Artigo 2.º	Períodos de contingentamento pautal da importação	50	64	154	ue/regulamentos/2014/32014R0412.md
32014R0412	Artigo 3.º		66	94	470	ue/regulamentos/2014/32014R0412.md
32014R0412	Artigo 3.º-A	Pedidos de certificados de importação e certificados de importação para o período de contingentamento de 2015	96	122	594	ue/regulamentos/2014/32014R0412.md
32014R0412	Artigo 4.º		124	136	125	ue/regulamentos/2014/32014R0412.md
32014R0412	Artigo 4.º-A	Eficácia dos certificados de importação para o período de contingentamento de 2015	138	142	104	ue/regulamentos/2014/32014R0412.md
32014R0412	Artigo 5.º	Notificações à Comissão para o período de contingentamento de 2014	144	156	312	ue/regulamentos/2014/32014R0412.md
32014R0412	Artigo 5.º-A	Notificações à Comissão para o período de contingentamento de 2015	158	172	413	ue/regulamentos/2014/32014R0412.md
32014R0412	Artigo 6.º	Entrada em vigor	174	180	68	ue/regulamentos/2014/32014R0412.md
32014R0412	ANEXO I		182	193	374	ue/regulamentos/2014/32014R0412.md
32014R0412	ANEXO II		195	245	408	ue/regulamentos/2014/32014R0412.md
32014R0413	Artigo 1.º	Abertura e gestão dos contingentes pautais	34	44	177	ue/regulamentos/2014/32014R0413.md
32014R0413	Artigo 2.º	Períodos de contingentamento pautal da importação	46	60	154	ue/regulamentos/2014/32014R0413.md
32014R0413	Artigo 3.º		62	86	562	ue/regulamentos/2014/32014R0413.md
32014R0413	Artigo 3.º-A	Pedidos de direitos de importação para o período de contingentamento de 2015	88	106	581	ue/regulamentos/2014/32014R0413.md
32014R0413	Artigo 4.º		108	138	543	ue/regulamentos/2014/32014R0413.md
32014R0413	Artigo 4.º-A	Emissão dos certificados de importação para o período de contingentamento de 2015	140	164	542	ue/regulamentos/2014/32014R0413.md
32014R0413	Artigo 5.º	Notificações à Comissão para o período de contingentamento de 2014	166	178	264	ue/regulamentos/2014/32014R0413.md
32014R0413	Artigo 5.º-A	Notificações à Comissão para o período de contingentamento de 2015	180	194	372	ue/regulamentos/2014/32014R0413.md
32014R0413	Artigo 6.º	Entrada em vigor	196	202	68	ue/regulamentos/2014/32014R0413.md
32014R0413	ANEXO I		204	214	629	ue/regulamentos/2014/32014R0413.md
32014R0413	ANEXO II		216	266	434	ue/regulamentos/2014/32014R0413.md
32014R0414	Artigo 1.º	Abertura e gestão dos contingentes pautais	34	44	177	ue/regulamentos/2014/32014R0414.md
32014R0414	Artigo 2.º	Períodos de contingentamento pautal da importação	46	60	154	ue/regulamentos/2014/32014R0414.md
32014R0414	Artigo 3.º		62	86	547	ue/regulamentos/2014/32014R0414.md
32014R0414	Artigo 3.º-A	Pedidos de direitos de importação para o período de contingentamento de 2015	88	106	568	ue/regulamentos/2014/32014R0414.md
32014R0414	Artigo 4.º		108	138	543	ue/regulamentos/2014/32014R0414.md
32014R0414	Artigo 4.º-A	Emissão dos certificados de importação para o período de contingentamento de 2015	140	164	542	ue/regulamentos/2014/32014R0414.md
32014R0414	Artigo 5.º	Notificações à Comissão para o período de contingentamento de 2014	166	178	264	ue/regulamentos/2014/32014R0414.md
32014R0414	Artigo 5.º-A	Notificações à Comissão para o período de contingentamento de 2015	180	194	372	ue/regulamentos/2014/32014R0414.md
32014R0414	Artigo 6.º	Entrada em vigor	196	202	68	ue/regulamentos/2014/32014R0414.md
32014R0414	ANEXO I		204	213	308	ue/regulamentos/2014/32014R0414.md
32014R0414	ANEXO II		215	265	434	ue/regulamentos/2014/32014R0414.md
32014R0416	Artigo 1.º	Abertura e gestão dos contingentes pautais	34	40	129	ue/regulamentos/2014/32014R0416.md
32014R0416	Artigo 2.º	Pedido e emissão dos certificados de importação	42	62	352	ue/regulamentos/2014/32014R0416.md
32014R0416	Artigo 3.º	Eficácia dos certificados de importação	64	68	116	ue/regulamentos/2014/32014R0416.md
32014R0416	Artigo 4.º	Notificações	70	74	172	ue/regulamentos/2014/32014R0416.md
32014R0416	Artigo 5.º	Entrada em vigor	76	82	68	ue/regulamentos/2014/32014R0416.md
32014R0416	ANEXO		84	102	534	ue/regulamentos/2014/32014R0416.md
32014R0418	Preâmbulo		18	50	932	ue/regulamentos/2014/32014R0418.md
32014R0418	Artigo 1.º		54	56	30	ue/regulamentos/2014/32014R0418.md
32014R0418	Artigo 2.º		58	76	179	ue/regulamentos/2014/32014R0418.md
32014R0418	ANEXO		78	84	213	ue/regulamentos/2014/32014R0418.md
32014R0421	Artigo 1.º		88	130	1494	ue/regulamentos/2014/32014R0421.md
32014R0421	Artigo 2.º		132	148	398	ue/regulamentos/2014/32014R0421.md
32014R0422	Artigo 1.º		64	66	47	ue/regulamentos/2014/32014R0422.md
32014R0422	Artigo 2.º		68	90	326	ue/regulamentos/2014/32014R0422.md
32014R0422	Artigo 3.º		92	137	685	ue/regulamentos/2014/32014R0422.md
32014R0422	Artigo 4.º		139	141	62	ue/regulamentos/2014/32014R0422.md
32014R0422	Artigo 5.º		143	155	255	ue/regulamentos/2014/32014R0422.md
32014R0422	Artigo 6.º		157	174	277	ue/regulamentos/2014/32014R0422.md
32014R0422	Artigo 7.º		176	182	70	ue/regulamentos/2014/32014R0422.md
32014R0422	Artigo 8.º		184	190	77	ue/regulamentos/2014/32014R0422.md
32014R0422	Artigo 9.º		192	196	108	ue/regulamentos/2014/32014R0422.md
32014R0422	Artigo 10.º		198	222	486	ue/regulamentos/2014/32014R0422.md
32014R0422	Artigo 11.º		224	230	75	ue/regulamentos/2014/32014R0422.md
32014R0422	Artigo 12.º		232	238	162	ue/regulamentos/2014/32014R0422.md
32014R0422	Artigo 13.º		240	242	73	ue/regulamentos/2014/32014R0422.md
32014R0422	Artigo 14.º		244	246	52	ue/regulamentos/2014/32014R0422.md
32014R0422	Artigo 15.º		248	270	434	ue/regulamentos/2014/32014R0422.md
32014R0422	Artigo 16.º		272	278	104	ue/regulamentos/2014/32014R0422.md
32014R0422	Artigo 17.º		280	290	172	ue/regulamentos/2014/32014R0422.md
32014R0422	Artigo 18.º		292	310	452	ue/regulamentos/2014/32014R0422.md
32014R0423	Preâmbulo		18	48	1077	ue/regulamentos/2014/32014R0423.md
32014R0423	Artigo 1.º		52	54	47	ue/regulamentos/2014/32014R0423.md
32014R0423	Artigo 2.º		56	78	326	ue/regulamentos/2014/32014R0423.md
32014R0423	Artigo 3.º		80	129	609	ue/regulamentos/2014/32014R0423.md
32014R0423	Artigo 4.º		131	133	62	ue/regulamentos/2014/32014R0423.md
32014R0423	Artigo 5.º		135	147	255	ue/regulamentos/2014/32014R0423.md
32014R0423	Artigo 6.º		149	166	278	ue/regulamentos/2014/32014R0423.md
32014R0423	Artigo 7.º		168	174	72	ue/regulamentos/2014/32014R0423.md
32014R0423	Artigo 8.º		176	182	78	ue/regulamentos/2014/32014R0423.md
32014R0423	Artigo 9.º		184	188	108	ue/regulamentos/2014/32014R0423.md
32014R0423	Artigo 10.º		190	214	486	ue/regulamentos/2014/32014R0423.md
32014R0423	Artigo 11.º		216	222	76	ue/regulamentos/2014/32014R0423.md
32014R0423	Artigo 12.º		224	230	162	ue/regulamentos/2014/32014R0423.md
32014R0423	Artigo 13.º		232	234	72	ue/regulamentos/2014/32014R0423.md
32014R0423	Artigo 14.º		236	238	52	ue/regulamentos/2014/32014R0423.md
32014R0423	Artigo 15.º		240	262	434	ue/regulamentos/2014/32014R0423.md
32014R0423	Artigo 16.º		264	270	105	ue/regulamentos/2014/32014R0423.md
32014R0423	Artigo 17.º		272	282	172	ue/regulamentos/2014/32014R0423.md
32014R0423	Artigo 18.º		284	316	488	ue/regulamentos/2014/32014R0423.md
32014R0424	Preâmbulo		18	32	206	ue/regulamentos/2014/32014R0424.md
32014R0424	Artigo 1.º		36	38	22	ue/regulamentos/2014/32014R0424.md
32014R0424	Artigo 2.º		40	58	112	ue/regulamentos/2014/32014R0424.md
32014R0424	ANEXO		60	68	54	ue/regulamentos/2014/32014R0424.md
32014R0425	Preâmbulo		18	32	221	ue/regulamentos/2014/32014R0425.md
32014R0425	Artigo 1.º		36	38	22	ue/regulamentos/2014/32014R0425.md
32014R0425	Artigo 2.º		40	58	112	ue/regulamentos/2014/32014R0425.md
32014R0425	ANEXO		60	68	64	ue/regulamentos/2014/32014R0425.md
32014R0428	Preâmbulo		18	46	1336	ue/regulamentos/2014/32014R0428.md
32014R0428	Artigo 1.º		50	70	460	ue/regulamentos/2014/32014R0428.md
32014R0428	Artigo 2.º		72	74	61	ue/regulamentos/2014/32014R0428.md
32014R0428	Artigo 3.º		76	88	329	ue/regulamentos/2014/32014R0428.md
32014R0428	Artigo 4.º		90	106	481	ue/regulamentos/2014/32014R0428.md
32014R0428	Artigo 5.º		108	118	248	ue/regulamentos/2014/32014R0428.md
32014R0428	Artigo 6.º		120	127	167	ue/regulamentos/2014/32014R0428.md
32014R0428	Artigo 7.º		129	161	587	ue/regulamentos/2014/32014R0428.md
32014R0431	Preâmbulo		18	42	430	ue/regulamentos/2014/32014R0431.md
32014R0431	Artigo 1.º		46	48	30	ue/regulamentos/2014/32014R0431.md
32014R0431	Artigo 2.º		50	64	96	ue/regulamentos/2014/32014R0431.md
32014R0431	ANEXO	«ANEXO A	66	2216	26066	ue/regulamentos/2014/32014R0431.md
32014R0432	Artigo 1.º	Alteração do Regulamento (UE) n.º 43/2014	56	126	1009	ue/regulamentos/2014/32014R0432.md
32014R0432	Artigo 2.º	Entrada em vigor e aplicação	128	140	122	ue/regulamentos/2014/32014R0432.md
32014R0432	ANEXO I		142	852	11587	ue/regulamentos/2014/32014R0432.md
32014R0432	ANEXO II		854	1129	4771	ue/regulamentos/2014/32014R0432.md
32014R0432	ANEXO III		1131	1131	3	ue/regulamentos/2014/32014R0432.md
32014R0432	ANEXO IV		1144	1148	238	ue/regulamentos/2014/32014R0432.md
32014R0432	ANEXO V		1150	1150	3	ue/regulamentos/2014/32014R0432.md
32014R0432	ANEXO VI		1173	1173	3	ue/regulamentos/2014/32014R0432.md
32014R0433	Preâmbulo		22	38	221	ue/regulamentos/2014/32014R0433.md
32014R0433	Artigo 1.º		42	44	37	ue/regulamentos/2014/32014R0433.md
32014R0433	Artigo 2.º		46	60	90	ue/regulamentos/2014/32014R0433.md
32014R0433	ANEXO		62	82	1110	ue/regulamentos/2014/32014R0433.md
32014R0434	Preâmbulo		18	32	216	ue/regulamentos/2014/32014R0434.md
32014R0434	Artigo 1.º		36	38	22	ue/regulamentos/2014/32014R0434.md
32014R0434	Artigo 2.º		40	58	112	ue/regulamentos/2014/32014R0434.md
32014R0434	ANEXO		60	68	63	ue/regulamentos/2014/32014R0434.md
32014R0436	Preâmbulo		18	32	204	ue/regulamentos/2014/32014R0436.md
32014R0436	Artigo 1.º		36	38	22	ue/regulamentos/2014/32014R0436.md
32014R0436	Artigo 2.º		40	58	112	ue/regulamentos/2014/32014R0436.md
32014R0436	ANEXO		60	68	52	ue/regulamentos/2014/32014R0436.md
32014R0437	Preâmbulo		18	46	658	ue/regulamentos/2014/32014R0437.md
32014R0437	Artigo 1.º		50	52	49	ue/regulamentos/2014/32014R0437.md
32014R0437	Artigo 2.º		54	72	218	ue/regulamentos/2014/32014R0437.md
32014R0437	ANEXO		74	86	1176	ue/regulamentos/2014/32014R0437.md
32014R0438	Preâmbulo		18	52	902	ue/regulamentos/2014/32014R0438.md
32014R0438	Artigo 1.º		56	58	42	ue/regulamentos/2014/32014R0438.md
32014R0438	Artigo 2.º		60	80	295	ue/regulamentos/2014/32014R0438.md
32014R0438	ANEXO		82	90	966	ue/regulamentos/2014/32014R0438.md
32014R0447	Artigo 1.º	Objeto	39	41	170	ue/regulamentos/2014/32014R0447.md
32014R0447	Artigo 2.º	Definições	43	63	551	ue/regulamentos/2014/32014R0447.md
32014R0447	Artigo 3.º	Princípios de financiamento da União	67	71	129	ue/regulamentos/2014/32014R0447.md
32014R0447	Artigo 4.º	Princípio de apropriação	73	91	620	ue/regulamentos/2014/32014R0447.md
32014R0447	Artigo 5.º	Acordos-quadro e acordos setoriais	93	121	772	ue/regulamentos/2014/32014R0447.md
32014R0447	Artigo 6.º	Decisões de financiamento e convenções de financiamento	123	131	418	ue/regulamentos/2014/32014R0447.md
32014R0447	Artigo 7.º	Estruturas e autoridades	137	151	186	ue/regulamentos/2014/32014R0447.md
32014R0447	Artigo 8.º	Funções e responsabilidades do coordenador nacional do IPA	153	155	97	ue/regulamentos/2014/32014R0447.md
32014R0447	Artigo 9.º	Funções e responsabilidades do gestor orçamental nacional	157	175	368	ue/regulamentos/2014/32014R0447.md
32014R0447	Artigo 10.º	Funções e responsabilidades das estruturas operacionais	177	181	156	ue/regulamentos/2014/32014R0447.md
32014R0447	Artigo 11.º	Funções e responsabilidades da estrutura de gestão	183	187	132	ue/regulamentos/2014/32014R0447.md
32014R0447	Artigo 12.º	Funções e responsabilidades da autoridade de auditoria	189	197	382	ue/regulamentos/2014/32014R0447.md
32014R0447	Artigo 13.º	Condições aplicáveis à delegação de tarefas de execução orçamental a um beneficiário do IPA II	201	217	268	ue/regulamentos/2014/32014R0447.md
32014R0447	Artigo 14.º	Delegação de tarefas de execução orçamental	219	231	604	ue/regulamentos/2014/32014R0447.md
32014R0447	Artigo 15.º	Elegibilidade das despesas	237	245	173	ue/regulamentos/2014/32014R0447.md
32014R0447	Artigo 16.º	Notificação das fraudes e outras irregularidades	249	251	116	ue/regulamentos/2014/32014R0447.md
32014R0447	Artigo 17.º	Correções financeiras	253	267	288	ue/regulamentos/2014/32014R0447.md
32014R0447	Artigo 18.º	Comité de acompanhamento IPA	273	285	354	ue/regulamentos/2014/32014R0447.md
32014R0447	Artigo 19.º	Comités de acompanhamento setoriais	287	297	551	ue/regulamentos/2014/32014R0447.md
32014R0447	Artigo 20.º	Outras atividades de acompanhamento	299	301	50	ue/regulamentos/2014/32014R0447.md
32014R0447	Artigo 21.º	Princípios	305	311	160	ue/regulamentos/2014/32014R0447.md
32014R0447	Artigo 22.º	Avaliações pelo beneficiário do IPA II em regime de gestão indireta	313	317	109	ue/regulamentos/2014/32014R0447.md
32014R0447	Artigo 23.º	Relatórios anuais sobre a execução da assistência concedida ao abrigo do IPA II pelos beneficiários do IPA II em regime de gestão indireta	321	337	451	ue/regulamentos/2014/32014R0447.md
32014R0447	Artigo 24.º	Informação, publicidade e transparência	341	347	292	ue/regulamentos/2014/32014R0447.md
32014R0447	Artigo 25.º	Visibilidade e comunicação	349	353	110	ue/regulamentos/2014/32014R0447.md
32014R0447	Artigo 26.º	Definições	359	367	373	ue/regulamentos/2014/32014R0447.md
32014R0447	Artigo 27.º	Formas de assistência	369	377	128	ue/regulamentos/2014/32014R0447.md
32014R0447	Artigo 28.º	Intensidade do auxílio e taxa da assistência concedida ao abrigo do IPA II	379	399	549	ue/regulamentos/2014/32014R0447.md
32014R0447	Artigo 29.º	Prioridades temáticas e concentração da assistência IPA II	401	405	78	ue/regulamentos/2014/32014R0447.md
32014R0447	Artigo 30.º	Cobertura geográfica	407	413	220	ue/regulamentos/2014/32014R0447.md
32014R0447	Artigo 31.º	Preparação, avaliação, aprovação e alteração dos programas de cooperação transfronteiriça	415	435	612	ue/regulamentos/2014/32014R0447.md
32014R0447	Artigo 32.º	Assistência técnica	437	441	348	ue/regulamentos/2014/32014R0447.md
32014R0447	Artigo 33.º	Disposições aplicáveis	445	449	276	ue/regulamentos/2014/32014R0447.md
32014R0447	Artigo 34.º	Programação	451	463	467	ue/regulamentos/2014/32014R0447.md
32014R0447	Artigo 35.º	Assistência técnica	465	467	60	ue/regulamentos/2014/32014R0447.md
32014R0447	Artigo 36.º	Modalidades de execução e designação das autoridades responsáveis por um programa	469	483	504	ue/regulamentos/2014/32014R0447.md
32014R0447	Artigo 37.º	Funções das autoridades responsáveis por um programa	485	493	210	ue/regulamentos/2014/32014R0447.md
32014R0447	Artigo 38.º	Comité Misto de acompanhamento	495	515	452	ue/regulamentos/2014/32014R0447.md
32014R0447	Artigo 39.º	Seleção das operações	517	525	169	ue/regulamentos/2014/32014R0447.md
32014R0447	Artigo 40.º	Beneficiários	527	547	643	ue/regulamentos/2014/32014R0447.md
32014R0447	Artigo 41.º	Avaliação	549	557	144	ue/regulamentos/2014/32014R0447.md
32014R0447	Artigo 42.º	Relatórios, informação e comunicação	559	579	448	ue/regulamentos/2014/32014R0447.md
32014R0447	Artigo 43.º	Elegibilidade e validade	581	613	791	ue/regulamentos/2014/32014R0447.md
32014R0447	Artigo 44.º	Elegibilidade em função da localização	615	627	343	ue/regulamentos/2014/32014R0447.md
32014R0447	Artigo 45.º	Contratação pública	629	633	206	ue/regulamentos/2014/32014R0447.md
32014R0447	Artigo 46.º	Gestão financeira, anulação de dotações, fiscalização e aprovação das contas, encerramento e correções financeiras	635	653	482	ue/regulamentos/2014/32014R0447.md
32014R0447	Artigo 47.º	Sistemas de gestão e de controlo e auditoria	655	661	130	ue/regulamentos/2014/32014R0447.md
32014R0447	Artigo 48.º	Interrupção de programas de cooperação transfronteiriça	663	677	615	ue/regulamentos/2014/32014R0447.md
32014R0447	Artigo 49.º	Programação	681	685	96	ue/regulamentos/2014/32014R0447.md
32014R0447	Artigo 50.º	Assistência técnica	687	689	49	ue/regulamentos/2014/32014R0447.md
32014R0447	Artigo 51.º	Modalidades de execução	691	695	96	ue/regulamentos/2014/32014R0447.md
32014R0447	Artigo 52.º	Estruturas e autoridades	697	715	512	ue/regulamentos/2014/32014R0447.md
32014R0447	Artigo 53.º	Seleção das operações	717	727	278	ue/regulamentos/2014/32014R0447.md
32014R0447	Artigo 54.º	Beneficiários	729	735	249	ue/regulamentos/2014/32014R0447.md
32014R0447	Artigo 55.º	Disposições específicas relativas aos programas de desenvolvimento rural	739	755	640	ue/regulamentos/2014/32014R0447.md
32014R0447	Artigo 56.º	Entrada em vigor e aplicação	759	777	555	ue/regulamentos/2014/32014R0447.md
32014R0449	Preâmbulo		18	38	794	ue/regulamentos/2014/32014R0449.md
32014R0449	Artigo 1.º		42	44	27	ue/regulamentos/2014/32014R0449.md
32014R0449	«Artigo 15.º		46	50	92	ue/regulamentos/2014/32014R0449.md
32014R0449	Artigo 2.º		52	72	449	ue/regulamentos/2014/32014R0449.md
32014R0450	Preâmbulo		18	34	301	ue/regulamentos/2014/32014R0450.md
32014R0450	Artigo 1.º		38	40	31	ue/regulamentos/2014/32014R0450.md
32014R0450	Artigo 2.º		42	56	105	ue/regulamentos/2014/32014R0450.md
32014R0450	ANEXO		58	62	243	ue/regulamentos/2014/32014R0450.md
32014R0452	Artigo 1.º	Objeto e âmbito de aplicação	39	41	180	ue/regulamentos/2014/32014R0452.md
32014R0452	Artigo 2.º	Definições	43	49	90	ue/regulamentos/2014/32014R0452.md
32014R0452	Artigo 3.º	Autorizações	51	55	93	ue/regulamentos/2014/32014R0452.md
32014R0452	Artigo 4.º	Entrada em vigor	57	71	510	ue/regulamentos/2014/32014R0452.md
32014R0452	ANEXO 1	PARTE TCO	73	271	2916	ue/regulamentos/2014/32014R0452.md
32014R0452	ANEXO 2	PARTE ART	273	623	5804	ue/regulamentos/2014/32014R0452.md
32014R0453	Preâmbulo		18	38	456	ue/regulamentos/2014/32014R0453.md
32014R0453	Artigo 1.º		42	44	48	ue/regulamentos/2014/32014R0453.md
32014R0453	Artigo 2.º		46	48	81	ue/regulamentos/2014/32014R0453.md
32014R0453	Artigo 3.º		50	68	141	ue/regulamentos/2014/32014R0453.md
32014R0453	ANEXO		70	75	390	ue/regulamentos/2014/32014R0453.md
32014R0454	Preâmbulo		18	42	600	ue/regulamentos/2014/32014R0454.md
32014R0454	Artigo 1.º		46	48	18	ue/regulamentos/2014/32014R0454.md
32014R0454	Artigo 2.º		50	78	298	ue/regulamentos/2014/32014R0454.md
32014R0455	Preâmbulo		18	38	458	ue/regulamentos/2014/32014R0455.md
32014R0455	Artigo 1.º		42	44	49	ue/regulamentos/2014/32014R0455.md
32014R0455	Artigo 2.º		46	48	81	ue/regulamentos/2014/32014R0455.md
32014R0455	Artigo 3.º		50	68	141	ue/regulamentos/2014/32014R0455.md
32014R0455	ANEXO		70	76	688	ue/regulamentos/2014/32014R0455.md
32014R0456	Preâmbulo		18	38	456	ue/regulamentos/2014/32014R0456.md
32014R0456	Artigo 1.º		42	44	48	ue/regulamentos/2014/32014R0456.md
32014R0456	Artigo 2.º		46	48	81	ue/regulamentos/2014/32014R0456.md
32014R0456	Artigo 3.º		50	68	141	ue/regulamentos/2014/32014R0456.md
32014R0456	ANEXO		70	75	538	ue/regulamentos/2014/32014R0456.md
32014R0457	Preâmbulo		18	38	458	ue/regulamentos/2014/32014R0457.md
32014R0457	Artigo 1.º		42	44	49	ue/regulamentos/2014/32014R0457.md
32014R0457	Artigo 2.º		46	48	81	ue/regulamentos/2014/32014R0457.md
32014R0457	Artigo 3.º		50	68	141	ue/regulamentos/2014/32014R0457.md
32014R0457	ANEXO		70	77	1300	ue/regulamentos/2014/32014R0457.md
32014R0458	Preâmbulo		18	38	496	ue/regulamentos/2014/32014R0458.md
32014R0458	Artigo 1.º		42	44	49	ue/regulamentos/2014/32014R0458.md
32014R0458	Artigo 2.º		46	48	81	ue/regulamentos/2014/32014R0458.md
32014R0458	Artigo 3.º		50	68	141	ue/regulamentos/2014/32014R0458.md
32014R0458	ANEXO		70	76	1354	ue/regulamentos/2014/32014R0458.md
32014R0459	Preâmbulo		18	34	318	ue/regulamentos/2014/32014R0459.md
32014R0459	Artigo 1.º		38	46	188	ue/regulamentos/2014/32014R0459.md
32014R0459	Artigo 2.º		48	76	411	ue/regulamentos/2014/32014R0459.md
32014R0459	ANEXO I	«ANEXO	78	84	1227	ue/regulamentos/2014/32014R0459.md
32014R0459	ANEXO II	«ANEXO	86	91	504	ue/regulamentos/2014/32014R0459.md
32014R0459	ANEXO III	«ANEXO	93	98	680	ue/regulamentos/2014/32014R0459.md
32014R0459	ANEXO IV	«ANEXO	100	107	1072	ue/regulamentos/2014/32014R0459.md
32014R0460	Preâmbulo		18	38	368	ue/regulamentos/2014/32014R0460.md
32014R0460	Artigo 1.º	Alterações do Regulamento (UE) n.º 823/2012	42	54	221	ue/regulamentos/2014/32014R0460.md
32014R0460	Artigo 2.º	Entrada em vigor	56	74	373	ue/regulamentos/2014/32014R0460.md
32014R0462	Preâmbulo		22	46	857	ue/regulamentos/2014/32014R0462.md
32014R0462	Artigo 1.º	Aprovação de uma substância de base	50	52	50	ue/regulamentos/2014/32014R0462.md
32014R0462	Artigo 2.º	Alterações ao Regulamento de Execução (UE) n.º 540/2011	54	60	138	ue/regulamentos/2014/32014R0462.md
32014R0462	Artigo 3.º	Entrada em vigor e data de aplicação	62	86	390	ue/regulamentos/2014/32014R0462.md
32014R0462	ANEXO I		88	94	200	ue/regulamentos/2014/32014R0462.md
32014R0462	ANEXO II		96	116	362	ue/regulamentos/2014/32014R0462.md
32014R0463	Preâmbulo		22	50	822	ue/regulamentos/2014/32014R0463.md
32014R0463	Artigo 1.º	Estabelecimento do sistema de intercâmbio eletrónico de dados	58	60	60	ue/regulamentos/2014/32014R0463.md
32014R0463	Artigo 2.º	Conteúdo do sistema de intercâmbio eletrónico de dados	62	64	198	ue/regulamentos/2014/32014R0463.md
32014R0463	Artigo 3.º	Funcionamento do SFC2014	66	92	713	ue/regulamentos/2014/32014R0463.md
32014R0463	Artigo 4.º	Características do SFC2014	94	108	231	ue/regulamentos/2014/32014R0463.md
32014R0463	Artigo 5.º	Transmissão de dados através do SFC2014	110	120	369	ue/regulamentos/2014/32014R0463.md
32014R0463	Artigo 6.º	Segurança dos dados transmitidos através do SFC2014	122	164	953	ue/regulamentos/2014/32014R0463.md
32014R0463	Artigo 7.º		168	196	599	ue/regulamentos/2014/32014R0463.md
32014R0468	Preâmbulo		22	62	1512	ue/regulamentos/2014/32014R0468.md
32014R0468	Artigo 1.º	Objeto e finalidade	68	104	944	ue/regulamentos/2014/32014R0468.md
32014R0468	Artigo 2.º	Definições	106	174	2059	ue/regulamentos/2014/32014R0468.md
32014R0468	Artigo 3.º	Equipas conjuntas de supervisão	182	196	433	ue/regulamentos/2014/32014R0468.md
32014R0468	Artigo 4.º	Estabelecimento e composição de equipas conjuntas de supervisão	198	208	340	ue/regulamentos/2014/32014R0468.md
32014R0468	Artigo 5.º	Envolvimento de membros do pessoal dos BCN dos Estados-Membros participantes	210	216	191	ue/regulamentos/2014/32014R0468.md
32014R0468	Artigo 6.º	Coordenador e subcoordenadores da ECS	218	222	277	ue/regulamentos/2014/32014R0468.md
32014R0468	Artigo 7.º	Inclusão de membros do pessoal de outras ANC na equipa de supervisão de uma ANC	226	228	114	ue/regulamentos/2014/32014R0468.md
32014R0468	Artigo 8.º	Supervisão em base consolidada	232	236	174	ue/regulamentos/2014/32014R0468.md
32014R0468	Artigo 9.º	Presidência de colégios de autoridades de supervisão pelo BCE	238	242	226	ue/regulamentos/2014/32014R0468.md
32014R0468	Artigo 10.º	Participação do BCE e das ANC em colégios de autoridades de supervisão	244	252	334	ue/regulamentos/2014/32014R0468.md
32014R0468	Artigo 11.º	Direito de estabelecimento de instituições de crédito no âmbito do MUS	258	268	447	ue/regulamentos/2014/32014R0468.md
32014R0468	Artigo 12.º	Exercício da liberdade de prestação de serviços pelas instituições de crédito no âmbito do MUS	270	274	304	ue/regulamentos/2014/32014R0468.md
32014R0468	Artigo 13.º	Notificação do exercício do direito de estabelecimento no âmbito do MUS por instituições de crédito estabelecidas em Estados-Membros não participantes	278	286	466	ue/regulamentos/2014/32014R0468.md
32014R0468	Artigo 14.º	Autoridade competente do Estado-Membro de acolhimento relativamente às sucursais	288	292	152	ue/regulamentos/2014/32014R0468.md
32014R0468	Artigo 15.º	Notificação do exercício da liberdade de prestação de serviços no âmbito do MUS por instituições de crédito estabelecidas em Estados-Membros não participantes	294	296	130	ue/regulamentos/2014/32014R0468.md
32014R0468	Artigo 16.º	Autoridade competente do Estado-Membro de acolhimento para a liberdade de prestação de serviços	298	302	180	ue/regulamentos/2014/32014R0468.md
32014R0468	Artigo 17.º	Direito de estabelecimento e exercício da liberdade de prestação de serviços em relação a Estados-Membros não participantes	306	310	260	ue/regulamentos/2014/32014R0468.md
32014R0468	Artigo 18.º	Coordenador	314	318	114	ue/regulamentos/2014/32014R0468.md
32014R0468	Artigo 19.º	Panorâmica geral	324	328	82	ue/regulamentos/2014/32014R0468.md
32014R0468	Artigo 20.º	Dever de cooperação leal	330	332	39	ue/regulamentos/2014/32014R0468.md
32014R0468	Artigo 21.º	Obrigação geral de intercâmbio de informações	334	340	280	ue/regulamentos/2014/32014R0468.md
32014R0468	Artigo 22.º	Direito do BCE de dar instruções às ANC ou às AND para que exerçam os seus poderes e tomem medidas nos casos em que o BCE tenha uma atribuição de supervisão, ma	342	346	188	ue/regulamentos/2014/32014R0468.md
32014R0468	Artigo 23.º	Regime linguístico entre o BCE e as ANC	348	350	42	ue/regulamentos/2014/32014R0468.md
32014R0468	Artigo 24.º	Regime linguístico entre o BCE e as pessoas singulares e coletivas, incluindo entidades supervisionadas	352	360	288	ue/regulamentos/2014/32014R0468.md
32014R0468	Artigo 25.º	Princípios gerais	366	370	95	ue/regulamentos/2014/32014R0468.md
32014R0468	Artigo 26.º	Partes	372	380	65	ue/regulamentos/2014/32014R0468.md
32014R0468	Artigo 27.º	Representação das partes	382	388	186	ue/regulamentos/2014/32014R0468.md
32014R0468	Artigo 28.º	Obrigações gerais do BCE e das partes num procedimento de supervisão do BCE	390	396	212	ue/regulamentos/2014/32014R0468.md
32014R0468	Artigo 29.º	Provas em procedimentos de supervisão do BCE	398	404	147	ue/regulamentos/2014/32014R0468.md
32014R0468	Artigo 30.º	Testemunhas e peritos em procedimentos de supervisão do BCE	406	414	310	ue/regulamentos/2014/32014R0468.md
32014R0468	Artigo 31.º	Direito de audiência	416	432	876	ue/regulamentos/2014/32014R0468.md
32014R0468	Artigo 32.º	Consulta de processos num procedimento de supervisão do BCE	434	450	444	ue/regulamentos/2014/32014R0468.md
32014R0468	Artigo 33.º	Fundamentação das decisões de supervisão do BCE	454	460	131	ue/regulamentos/2014/32014R0468.md
32014R0468	Artigo 34.º	Efeito suspensivo	462	464	110	ue/regulamentos/2014/32014R0468.md
32014R0468	Artigo 35.º	Notificação das decisões de supervisão do BCE	466	492	961	ue/regulamentos/2014/32014R0468.md
32014R0468	Artigo 36.º	Comunicação das violações	496	498	102	ue/regulamentos/2014/32014R0468.md
32014R0468	Artigo 37.º	Proteção apropriada da comunicação de violações	500	506	210	ue/regulamentos/2014/32014R0468.md
32014R0468	Artigo 38.º	Procedimentos para o acompanhamento de relatórios	508	522	458	ue/regulamentos/2014/32014R0468.md
32014R0468	Artigo 39.º	Classificação de uma entidade supervisionada como significativa numa base individual	528	550	671	ue/regulamentos/2014/32014R0468.md
32014R0468	Artigo 40.º	Classificação de entidades supervisionadas que façam parte de um grupo como significativas	552	564	408	ue/regulamentos/2014/32014R0468.md
32014R0468	Artigo 41.º	Disposições específicas no que se refere a sucursais de instituições de crédito estabelecidas em Estados-Membros não participantes	566	572	264	ue/regulamentos/2014/32014R0468.md
32014R0468	Artigo 42.º	Disposições específicas relativas a filiais de instituições de crédito estabelecidas em Estados-Membros não participantes e países terceiros	574	584	244	ue/regulamentos/2014/32014R0468.md
32014R0468	Artigo 43.º	Reexame do estatuto de uma entidade supervisionada	590	604	768	ue/regulamentos/2014/32014R0468.md
32014R0468	Artigo 44.º	Procedimento a aplicar na determinação do caráter significativo de uma entidade supervisionada	606	618	492	ue/regulamentos/2014/32014R0468.md
32014R0468	Artigo 45.º	Início da supervisão direta pelo BCE	622	632	407	ue/regulamentos/2014/32014R0468.md
32014R0468	Artigo 46.º	Cessação da supervisão direta pelo BCE	634	640	254	ue/regulamentos/2014/32014R0468.md
32014R0468	Artigo 47.º	Motivos para a cessação da supervisão direta pelo BCE	642	650	703	ue/regulamentos/2014/32014R0468.md
32014R0468	Artigo 48.º	Procedimentos pendentes	652	666	911	ue/regulamentos/2014/32014R0468.md
32014R0468	Artigo 49.º	Publicação	670	678	314	ue/regulamentos/2014/32014R0468.md
32014R0468	Artigo 50.º	Determinação do caráter significativo com base na dimensão	682	686	118	ue/regulamentos/2014/32014R0468.md
32014R0468	Artigo 51.º	Base para a determinação do caráter significativo de uma entidade supervisionada com base no critério da dimensão	688	698	484	ue/regulamentos/2014/32014R0468.md
32014R0468	Artigo 52.º	Base para a determinação do caráter significativo com base no critério da dimensão em circunstâncias específicas ou excecionais	700	712	532	ue/regulamentos/2014/32014R0468.md
32014R0468	Artigo 53.º	Grupos de empresas consolidadas	714	718	143	ue/regulamentos/2014/32014R0468.md
32014R0468	Artigo 54.º	Método de consolidação	720	722	50	ue/regulamentos/2014/32014R0468.md
32014R0468	Artigo 55.º	Método de cálculo dos ativos totais	724	726	84	ue/regulamentos/2014/32014R0468.md
32014R0468	Artigo 56.º	Limiar da importância económica nacional	730	742	203	ue/regulamentos/2014/32014R0468.md
32014R0468	Artigo 57.º	Critérios para a determinação do caráter significativo com base na importância para a economia da União ou de qualquer Estado-Membro participante	744	756	262	ue/regulamentos/2014/32014R0468.md
32014R0468	Artigo 58.º	Determinação do caráter significativo com base na importância para a economia de qualquer Estado-Membro participante a pedido de uma ANC	758	764	110	ue/regulamentos/2014/32014R0468.md
32014R0468	Artigo 59.º	Critérios para a determinação do caráter significativo com base na importância para as atividades transfronteiras de um grupo supervisionado	768	778	222	ue/regulamentos/2014/32014R0468.md
32014R0468	Artigo 60.º	Ativos e passivos transfronteiras	780	784	189	ue/regulamentos/2014/32014R0468.md
32014R0468	Artigo 61.º	Pedido ou obtenção de assistência financeira pública direta do MEE	788	792	201	ue/regulamentos/2014/32014R0468.md
32014R0468	Artigo 62.º	Obrigação de uma ANC de informar o BCE de um possível pedido ou da obtenção de assistência financeira pública por uma entidade supervisionada menos significativ	794	798	201	ue/regulamentos/2014/32014R0468.md
32014R0468	Artigo 63.º	Início e cessação da supervisão direta	800	806	146	ue/regulamentos/2014/32014R0468.md
32014R0468	Artigo 64.º	Âmbito	808	810	74	ue/regulamentos/2014/32014R0468.md
32014R0468	Artigo 65.º	Critérios de determinação das três instituições de crédito mais significativas num Estado-Membro participante	814	818	163	ue/regulamentos/2014/32014R0468.md
32014R0468	Artigo 66.º	Processo de reexame	820	832	452	ue/regulamentos/2014/32014R0468.md
32014R0468	Artigo 67.º	Critérios para uma decisão do BCE nos termos do artigo 6.º, n.º 5, alínea b), do Regulamento do MUS	836	852	398	ue/regulamentos/2014/32014R0468.md
32014R0468	Artigo 68.º	Procedimento de elaboração de uma decisão do BCE nos termos do artigo 6.º, n.º 5, alínea b), do Regulamento do MUS a pedido de uma ANC	854	864	426	ue/regulamentos/2014/32014R0468.md
32014R0468	Artigo 69.º	Procedimento de elaboração de decisões do BCE nos termos do artigo 6.º, n.º 5, alínea b), do Regulamento do MUS por iniciativa própria do BCE	866	872	252	ue/regulamentos/2014/32014R0468.md
32014R0468	Artigo 70.º	Circunstâncias específicas conducentes à classificação de uma entidade supervisionada significativa como menos significativa	876	880	183	ue/regulamentos/2014/32014R0468.md
32014R0468	Artigo 71.º	Avaliação da existência de circunstâncias específicas	882	888	168	ue/regulamentos/2014/32014R0468.md
32014R0468	Artigo 72.º	Reexame	890	898	196	ue/regulamentos/2014/32014R0468.md
32014R0468	Artigo 73.º	Notificação do BCE de um pedido de autorização para o acesso à atividade de uma instituição de crédito	904	910	196	ue/regulamentos/2014/32014R0468.md
32014R0468	Artigo 74.º	Avaliação de pedidos pelas ANC	912	914	55	ue/regulamentos/2014/32014R0468.md
32014R0468	Artigo 75.º	Decisões de indeferimento de pedidos pelas ANC	916	918	57	ue/regulamentos/2014/32014R0468.md
32014R0468	Artigo 76.º	Projetos de decisões das ANC relativos à autorização de acesso à atividade de uma instituição de crédito	920	926	230	ue/regulamentos/2014/32014R0468.md
32014R0468	Artigo 77.º	Avaliação dos pedidos e audição de requerentes pelo BCE	928	932	173	ue/regulamentos/2014/32014R0468.md
32014R0468	Artigo 78.º	Decisão dos pedidos pelo BCE	934	944	352	ue/regulamentos/2014/32014R0468.md
32014R0468	Artigo 79.º	Procedimento para a caducidade da autorização	946	948	122	ue/regulamentos/2014/32014R0468.md
32014R0468	Artigo 80.º	Proposta de revogação de autorização por parte da ANC	952	956	180	ue/regulamentos/2014/32014R0468.md
32014R0468	Artigo 81.º	Avaliação pelo BCE de um projeto de decisão de revogação	958	962	80	ue/regulamentos/2014/32014R0468.md
32014R0468	Artigo 82.º	Avaliação por iniciativa própria do BCE e consulta das ANC	964	972	300	ue/regulamentos/2014/32014R0468.md
32014R0468	Artigo 83.º	Decisão do BCE de revogar uma autorização	974	980	262	ue/regulamentos/2014/32014R0468.md
32014R0468	Artigo 84.º	Procedimento em caso de possíveis medidas de resolução a aplicar pelas autoridades nacionais	982	988	299	ue/regulamentos/2014/32014R0468.md
32014R0468	Artigo 85.º	Notificação às ANC da aquisição de uma participação qualificada	992	998	219	ue/regulamentos/2014/32014R0468.md
32014R0468	Artigo 86.º	Avaliação de possíveis aquisições	1000	1004	145	ue/regulamentos/2014/32014R0468.md
32014R0468	Artigo 87.º	Decisão do BCE sobre a aquisição	1006	1008	61	ue/regulamentos/2014/32014R0468.md
32014R0468	Artigo 88.º	Procedimentos de notificação de decisões	1012	1040	404	ue/regulamentos/2014/32014R0468.md
32014R0468	Artigo 89.º	Supervisão de entidades supervisionadas significativas	1046	1048	79	ue/regulamentos/2014/32014R0468.md
32014R0468	Artigo 90.º	Papel das ANC na assistência ao BCE	1050	1060	259	ue/regulamentos/2014/32014R0468.md
32014R0468	Artigo 91.º	Projetos de decisões a preparar pelas ANC para apreciação do BCE	1062	1068	156	ue/regulamentos/2014/32014R0468.md
32014R0468	Artigo 92.º	Intercâmbio de informações	1070	1072	210	ue/regulamentos/2014/32014R0468.md
32014R0468	Artigo 93.º	Avaliação da idoneidade dos membros dos órgãos de administração de entidades supervisionadas significativas	1076	1080	268	ue/regulamentos/2014/32014R0468.md
32014R0468	Artigo 94.º	Análise permanente da idoneidade dos gestores	1082	1086	252	ue/regulamentos/2014/32014R0468.md
32014R0468	Artigo 95.º	Pedidos, notificações ou requerimentos por parte de entidades supervisionadas significativas	1090	1096	219	ue/regulamentos/2014/32014R0468.md
32014R0468	Artigo 96.º	Deterioração da situação financeira de uma entidade supervisionada menos significativa	1102	1104	104	ue/regulamentos/2014/32014R0468.md
32014R0468	Artigo 97.º	Notificação pelas ANC ao BCE de procedimentos de supervisão relevantes das ANC	1106	1124	552	ue/regulamentos/2014/32014R0468.md
32014R0468	Artigo 98.º	Notificação pelas ANC ao BCE de projetos de decisões de supervisão relevantes	1126	1142	484	ue/regulamentos/2014/32014R0468.md
32014R0468	Artigo 99.º	Obrigação geral das ANC de informar o BCE	1146	1150	205	ue/regulamentos/2014/32014R0468.md
32014R0468	Artigo 100.º	Frequência e âmbito dos relatórios submetidos pelas ANC ao BCE	1152	1154	75	ue/regulamentos/2014/32014R0468.md
32014R0468	Artigo 101.º	Disposições gerais	1160	1170	274	ue/regulamentos/2014/32014R0468.md
32014R0468	Artigo 102.º	Aplicação de instrumentos macroprudenciais pelo BCE	1172	1174	172	ue/regulamentos/2014/32014R0468.md
32014R0468	Artigo 103.º	Lista de ANC e AND responsáveis por instrumentos macroprudenciais	1178	1180	88	ue/regulamentos/2014/32014R0468.md
32014R0468	Artigo 104.º	Intercâmbio de informações e cooperação em matéria de utilização de instrumentos macroprudenciais por uma ANC ou uma AND	1182	1188	299	ue/regulamentos/2014/32014R0468.md
32014R0468	Artigo 105.º	Partilha de informações e cooperação em matéria de utilização de instrumentos macroprudenciais pelo BCE	1190	1194	429	ue/regulamentos/2014/32014R0468.md
32014R0468	Artigo 106.º	Procedimento a aplicar na instituição de uma cooperação estreita	1200	1202	64	ue/regulamentos/2014/32014R0468.md
32014R0468	Artigo 107.º	Princípios a aplicar quando do estabelecimento de uma cooperação estreita	1204	1212	515	ue/regulamentos/2014/32014R0468.md
32014R0468	Artigo 108.º	Instrumentos jurídicos relacionados com a supervisão no tocante à cooperação estreita	1214	1228	534	ue/regulamentos/2014/32014R0468.md
32014R0468	Artigo 109.º	Regime linguístico no quadro da cooperação estreita	1232	1234	51	ue/regulamentos/2014/32014R0468.md
32014R0468	Artigo 110.º	Avaliação do caráter significativo das instituições de crédito no quadro da cooperação estreita	1236	1242	277	ue/regulamentos/2014/32014R0468.md
32014R0468	Artigo 111.º	Procedimentos comuns no quadro da cooperação estreita	1244	1252	325	ue/regulamentos/2014/32014R0468.md
32014R0468	Artigo 112.º	Instrumentos macroprudenciais no quadro da cooperação estreita	1254	1256	101	ue/regulamentos/2014/32014R0468.md
32014R0468	Artigo 113.º	Sanções administrativas no quadro da cooperação estreita	1258	1264	316	ue/regulamentos/2014/32014R0468.md
32014R0468	Artigo 114.º	Poderes de investigação previstos nos artigos 10.º a 13.º do Regulamento do MUS no quadro da cooperação estreita	1266	1274	251	ue/regulamentos/2014/32014R0468.md
32014R0468	Artigo 115.º	Supervisão de entidades supervisionadas significativas estabelecidas num Estado-Membro participante em estreita cooperação	1278	1288	567	ue/regulamentos/2014/32014R0468.md
32014R0468	Artigo 116.º	Decisões relativas a entidades supervisionadas significativas e grupos supervisionados significativos	1290	1296	252	ue/regulamentos/2014/32014R0468.md
32014R0468	Artigo 117.º	Supervisão de entidades supervisionadas menos significativas e de grupos supervisionados menos significativos	1300	1306	290	ue/regulamentos/2014/32014R0468.md
32014R0468	Artigo 118.º	Procedimentos em caso de desacordo com um projeto de decisão do Conselho de Supervisão nos termos do artigo 7.º, n.º 8, do Regulamento do MUS	1310	1318	304	ue/regulamentos/2014/32014R0468.md
32014R0468	Artigo 119.º	Procedimentos em caso de desacordo com uma objeção do Conselho do BCE a um projeto de decisão do Conselho de Supervisão tomada nos termos do artigo 7.º, n.º 7, 	1320	1330	404	ue/regulamentos/2014/32014R0468.md
32014R0468	Artigo 120.º	Definição de sanções administrativas	1336	1342	108	ue/regulamentos/2014/32014R0468.md
32014R0468	Artigo 121.º	Relação com o Regulamento (CE) n.º 2532/98	1344	1348	147	ue/regulamentos/2014/32014R0468.md
32014R0468	Artigo 122.º	Poderes do BCE para impor sanções administrativas nos termos do artigo 18.º, n.º 7, do Regulamento do MUS	1350	1356	142	ue/regulamentos/2014/32014R0468.md
32014R0468	Artigo 123.º	Criação de uma unidade de investigação independente	1360	1366	167	ue/regulamentos/2014/32014R0468.md
32014R0468	Artigo 124.º	Comunicação das alegadas infrações à unidade de averiguação	1368	1376	199	ue/regulamentos/2014/32014R0468.md
32014R0468	Artigo 125.º	Poderes da unidade de averiguação	1378	1384	172	ue/regulamentos/2014/32014R0468.md
32014R0468	Artigo 126.º	Direitos processuais	1386	1394	335	ue/regulamentos/2014/32014R0468.md
32014R0468	Artigo 127.º	Exame do processo pelo Conselho de Supervisão	1396	1414	802	ue/regulamentos/2014/32014R0468.md
32014R0468	Artigo 128.º	Definição do volume de negócios anual total para efeitos da determinação do limite máximo das sanções administrativas pecuniárias	1416	1418	184	ue/regulamentos/2014/32014R0468.md
32014R0468	Artigo 129.º	Normas processuais aplicáveis às sanções pecuniárias temporárias	1422	1430	306	ue/regulamentos/2014/32014R0468.md
32014R0468	Artigo 130.º	Prescrição do procedimento de aplicação de sanções administrativas pecuniárias	1434	1444	400	ue/regulamentos/2014/32014R0468.md
32014R0468	Artigo 131.º	Prazos de prescrição da execução de sanções administrativas pecuniárias	1446	1458	221	ue/regulamentos/2014/32014R0468.md
32014R0468	Artigo 132.º	Publicação de decisões relativas a sanções administrativas pecuniárias	1462	1474	361	ue/regulamentos/2014/32014R0468.md
32014R0468	Artigo 133.º	Prestação de informações à ABE	1476	1478	113	ue/regulamentos/2014/32014R0468.md
32014R0468	Artigo 134.º	Entidades supervisionadas significativas	1482	1496	435	ue/regulamentos/2014/32014R0468.md
32014R0468	Artigo 135.º	Reporte respeitante a entidades supervisionadas menos significativas	1498	1500	72	ue/regulamentos/2014/32014R0468.md
32014R0468	Artigo 136.º	Prova de factos que possam dar origem a uma infração penal	1504	1506	99	ue/regulamentos/2014/32014R0468.md
32014R0468	Artigo 137.º	Produto de sanções	1510	1512	45	ue/regulamentos/2014/32014R0468.md
32014R0468	Artigo 138.º	Cooperação entre o BCE e as ANC no que respeita aos poderes referidos nos artigos 10.º a 13.º do Regulamento do MUS	1518	1520	183	ue/regulamentos/2014/32014R0468.md
32014R0468	Artigo 139.º	Pedidos ocasionais de informação previstos no artigo 10.º do Regulamento do MUS	1524	1530	222	ue/regulamentos/2014/32014R0468.md
32014R0468	Artigo 140.º	Atribuições relacionadas com o reporte de supervisão às autoridades competentes	1534	1542	350	ue/regulamentos/2014/32014R0468.md
32014R0468	Artigo 141.º	Pedidos de informação periódica ao abrigo do artigo 10.º do Regulamento do MUS	1544	1548	287	ue/regulamentos/2014/32014R0468.md
32014R0468	Artigo 142.º	Abertura de uma investigação de caráter geral ao abrigo do artigo 11.º do Regulamento do MUS	1552	1560	184	ue/regulamentos/2014/32014R0468.md
32014R0468	Artigo 143.º	Decisão do BCE de proceder a uma inspeção no local nos termos do artigo 12.º do Regulamento do MUS	1564	1574	393	ue/regulamentos/2014/32014R0468.md
32014R0468	Artigo 144.º	Criação e composição das equipas de inspeção no local	1576	1582	128	ue/regulamentos/2014/32014R0468.md
32014R0468	Artigo 145.º	Procedimento e notificação de uma inspeção no local	1584	1588	200	ue/regulamentos/2014/32014R0468.md
32014R0468	Artigo 146.º	Realização de inspeções no local	1590	1594	118	ue/regulamentos/2014/32014R0468.md
32014R0468	Artigo 147.º	Início da supervisão direta pelo BCE quando este assumir as suas atribuições pela primeira vez	1598	1604	338	ue/regulamentos/2014/32014R0468.md
32014R0468	Artigo 148.º	Definição do formato do relatório sobre o historial de supervisão e o perfil de risco a fornecer pelas ANC ao BCE	1606	1610	172	ue/regulamentos/2014/32014R0468.md
32014R0468	Artigo 149.º	Continuidade dos procedimentos em curso	1612	1616	108	ue/regulamentos/2014/32014R0468.md
32014R0468	Artigo 150.º	Decisões de supervisão tomadas pelas ANC	1618	1620	65	ue/regulamentos/2014/32014R0468.md
32014R0468	Artigo 151.º	Estados-Membros cuja moeda venha a ser o euro	1622	1626	158	ue/regulamentos/2014/32014R0468.md
32014R0468	Artigo 152.º	Continuidade dos acordos existentes	1628	1630	248	ue/regulamentos/2014/32014R0468.md
32014R0468	Artigo 153.º	Disposições finais	1632	1678	970	ue/regulamentos/2014/32014R0468.md
32014R0469	Artigo 1.º	Alterações	64	130	1402	ue/regulamentos/2014/32014R0469.md
32014R0469	Artigo 2.º	Disposições finais	132	146	340	ue/regulamentos/2014/32014R0469.md
32014R0474	Preâmbulo		18	60	2276	ue/regulamentos/2014/32014R0474.md
32014R0474	Artigo 1.º		64	66	32	ue/regulamentos/2014/32014R0474.md
32014R0474	Artigo 2.º		68	102	688	ue/regulamentos/2014/32014R0474.md
32014R0474	ANEXO		104	109	132	ue/regulamentos/2014/32014R0474.md
32014R0476	Preâmbulo		22	46	642	ue/regulamentos/2014/32014R0476.md
32014R0476	Artigo 1.º		50	54	32	ue/regulamentos/2014/32014R0476.md
32014R0476	«Artigo 2.º		56	64	357	ue/regulamentos/2014/32014R0476.md
32014R0476	Artigo 2.º		66	84	227	ue/regulamentos/2014/32014R0476.md
32014R0477	Artigo 1.º		52	62	127	ue/regulamentos/2014/32014R0477.md
32014R0477	Artigo 2.º		64	68	59	ue/regulamentos/2014/32014R0477.md
32014R0477	ANEXO		70	97	1127	ue/regulamentos/2014/32014R0477.md
32014R0478	Preâmbulo		18	40	608	ue/regulamentos/2014/32014R0478.md
32014R0478	Artigo 1.º		44	51	366	ue/regulamentos/2014/32014R0478.md
32014R0478	Artigo 2.º		53	71	184	ue/regulamentos/2014/32014R0478.md
32014R0480	Artigo 1.º	Objeto	37	75	878	ue/regulamentos/2014/32014R0480.md
32014R0480	Artigo 2.º		83	101	542	ue/regulamentos/2014/32014R0480.md
32014R0480	Artigo 3.º		103	123	374	ue/regulamentos/2014/32014R0480.md
32014R0480	Artigo 4.º		127	137	245	ue/regulamentos/2014/32014R0480.md
32014R0480	Artigo 5.º		139	145	107	ue/regulamentos/2014/32014R0480.md
32014R0480	Artigo 6.º		147	191	940	ue/regulamentos/2014/32014R0480.md
32014R0480	Artigo 7.º		193	239	804	ue/regulamentos/2014/32014R0480.md
32014R0480	Artigo 8.º		241	259	358	ue/regulamentos/2014/32014R0480.md
32014R0480	Artigo 9.º		261	333	1228	ue/regulamentos/2014/32014R0480.md
32014R0480	Artigo 10.º		335	343	246	ue/regulamentos/2014/32014R0480.md
32014R0480	Artigo 11.º		345	353	237	ue/regulamentos/2014/32014R0480.md
32014R0480	Artigo 12.º		355	371	331	ue/regulamentos/2014/32014R0480.md
32014R0480	Artigo 13.º		373	429	2072	ue/regulamentos/2014/32014R0480.md
32014R0480	Artigo 14.º		431	443	584	ue/regulamentos/2014/32014R0480.md
32014R0480	Artigo 15.º		447	461	332	ue/regulamentos/2014/32014R0480.md
32014R0480	Artigo 16.º		463	475	220	ue/regulamentos/2014/32014R0480.md
32014R0480	Artigo 17.º		477	489	185	ue/regulamentos/2014/32014R0480.md
32014R0480	Artigo 18.º		491	499	180	ue/regulamentos/2014/32014R0480.md
32014R0480	Artigo 19.º		501	525	344	ue/regulamentos/2014/32014R0480.md
32014R0480	Artigo 20.º		529	551	476	ue/regulamentos/2014/32014R0480.md
32014R0480	Artigo 21.º		553	575	437	ue/regulamentos/2014/32014R0480.md
32014R0480	Artigo 22.º		579	605	431	ue/regulamentos/2014/32014R0480.md
32014R0480	Artigo 23.º		607	629	594	ue/regulamentos/2014/32014R0480.md
32014R0480	Artigo 24.º		635	645	422	ue/regulamentos/2014/32014R0480.md
32014R0480	Artigo 25.º		649	693	1185	ue/regulamentos/2014/32014R0480.md
32014R0480	Artigo 26.º		695	705	268	ue/regulamentos/2014/32014R0480.md
32014R0480	Artigo 27.º		709	747	991	ue/regulamentos/2014/32014R0480.md
32014R0480	Artigo 28.º		749	795	1480	ue/regulamentos/2014/32014R0480.md
32014R0480	Artigo 29.º		797	821	723	ue/regulamentos/2014/32014R0480.md
32014R0480	Artigo 30.º		825	837	317	ue/regulamentos/2014/32014R0480.md
32014R0480	Artigo 31.º		839	869	791	ue/regulamentos/2014/32014R0480.md
32014R0480	Artigo 32.º		871	877	144	ue/regulamentos/2014/32014R0480.md
32014R0480	ANEXO I	Períodos de referência mencionados no artigo 15.º, n.º 2	879	893	116	ue/regulamentos/2014/32014R0480.md
32014R0480	ANEXO II	Critérios de avaliação da qualidade dos grandes projetos referidos no artigo 23.º	895	999	2737	ue/regulamentos/2014/32014R0480.md
32014R0480	ANEXO III	Lista dos dados a registar e armazenar em formato eletrónico no âmbito do sistema de monitorização (a que se refere o artigo 24.º)	1001	1134	5016	ue/regulamentos/2014/32014R0480.md
32014R0480	ANEXO IV	Requisitos-chave dos sistemas de gestão e controlo e sua classificação em termos de bom funcionamento como referido no artigo 30.º	1136	1205	2287	ue/regulamentos/2014/32014R0480.md
32014R0481	Artigo 1.º	Objeto e âmbito de aplicação	35	49	195	ue/regulamentos/2014/32014R0481.md
32014R0481	Artigo 2.º	Disposições gerais	51	61	139	ue/regulamentos/2014/32014R0481.md
32014R0481	Artigo 3.º	Custos de pessoal	63	127	941	ue/regulamentos/2014/32014R0481.md
32014R0481	Artigo 4.º	Despesas com instalações e administrativas	129	155	211	ue/regulamentos/2014/32014R0481.md
32014R0481	Artigo 5.º	Custos de deslocação e alojamento	157	183	604	ue/regulamentos/2014/32014R0481.md
32014R0481	Artigo 6.º	Custos de peritos e serviços externos	185	217	410	ue/regulamentos/2014/32014R0481.md
32014R0481	Artigo 7.º	Despesas de equipamento	219	245	202	ue/regulamentos/2014/32014R0481.md
32014R0481	Artigo 8.º		247	253	108	ue/regulamentos/2014/32014R0481.md
32014R0482	Preâmbulo		18	34	301	ue/regulamentos/2014/32014R0482.md
32014R0482	Artigo 1.º		38	40	52	ue/regulamentos/2014/32014R0482.md
32014R0482	Artigo 2.º		42	58	182	ue/regulamentos/2014/32014R0482.md
32014R0484	Preâmbulo		18	44	1640	ue/regulamentos/2014/32014R0484.md
32014R0484	Artigo 1.º	Frequência e datas do cálculo exigidas pelo artigo 50.º-A, n.º 3, do Regulamento (UE) n.º 648/2012	48	64	398	ue/regulamentos/2014/32014R0484.md
32014R0484	Artigo 2.º	A frequência, as datas e o formato uniforme da comunicação das informações previstos no artigo 50.º-C, n.º 2, e no artigo 89.º, n.º 5-A, do Regulamento (UE) n.º	66	76	378	ue/regulamentos/2014/32014R0484.md
32014R0484	Artigo 3.º	Condições aplicáveis às frequências mais elevadas de cálculo e comunicação de informações em conformidade com artigo 50.º-A, n.º 3, e o artigo 50.º-C, n.º 2, do	78	90	555	ue/regulamentos/2014/32014R0484.md
32014R0484	Artigo 4.º	Disposição transitória	92	94	88	ue/regulamentos/2014/32014R0484.md
32014R0484	Artigo 5.º	Entrada em vigor e data de aplicação	96	118	375	ue/regulamentos/2014/32014R0484.md
32014R0484	ANEXO I		120	134	304	ue/regulamentos/2014/32014R0484.md
32014R0484	ANEXO II	INSTRUÇÕES PARA A COMUNICAÇÃO DAS INFORMAÇÕES RELACIONADAS COM O CAPITAL HIPOTÉTICO	136	200	1311	ue/regulamentos/2014/32014R0484.md
32014R0485	Preâmbulo		18	50	1373	ue/regulamentos/2014/32014R0485.md
32014R0485	Artigo 1.º	Aprovação da substância ativa	54	56	48	ue/regulamentos/2014/32014R0485.md
32014R0485	Artigo 2.º	Reavaliação de produtos fitofarmacêuticos	58	70	561	ue/regulamentos/2014/32014R0485.md
32014R0485	Artigo 3.º	Alteração do Regulamento de Execução (UE) n.º 540/2011	72	74	48	ue/regulamentos/2014/32014R0485.md
32014R0485	Artigo 4.º	Entrada em vigor e data de aplicação	76	102	433	ue/regulamentos/2014/32014R0485.md
32014R0485	ANEXO I		104	110	406	ue/regulamentos/2014/32014R0485.md
32014R0485	ANEXO II		112	120	435	ue/regulamentos/2014/32014R0485.md
32014R0486	Preâmbulo		18	46	603	ue/regulamentos/2014/32014R0486.md
32014R0486	Artigo 1.º	Retirada da aprovação	50	52	27	ue/regulamentos/2014/32014R0486.md
32014R0486	Artigo 2.º	Revogação da Diretiva 2011/30/UE da Comissão	54	56	27	ue/regulamentos/2014/32014R0486.md
32014R0486	Artigo 3.º	Alteração do Regulamento de Execução (UE) n.º 540/2011	58	60	48	ue/regulamentos/2014/32014R0486.md
32014R0486	Artigo 4.º	Medidas transitórias	62	64	52	ue/regulamentos/2014/32014R0486.md
32014R0486	Artigo 5.º	Prazo de tolerância	66	68	64	ue/regulamentos/2014/32014R0486.md
32014R0486	Artigo 6.º	Entrada em vigor	70	90	270	ue/regulamentos/2014/32014R0486.md
32014R0487	Preâmbulo		18	40	684	ue/regulamentos/2014/32014R0487.md
32014R0487	Artigo 1.º		44	46	36	ue/regulamentos/2014/32014R0487.md
32014R0487	Artigo 2.º		48	66	256	ue/regulamentos/2014/32014R0487.md
32014R0487	ANEXO		68	88	380	ue/regulamentos/2014/32014R0487.md
32014R0491	Preâmbulo		18	44	1044	ue/regulamentos/2014/32014R0491.md
32014R0491	Artigo 1.º		48	50	34	ue/regulamentos/2014/32014R0491.md
32014R0491	Artigo 2.º		52	78	400	ue/regulamentos/2014/32014R0491.md
32014R0491	ANEXO		80	1807	35918	ue/regulamentos/2014/32014R0491.md
32014R0492	Preâmbulo		22	48	877	ue/regulamentos/2014/32014R0492.md
32014R0492	Artigo 1.º	Objeto e âmbito	52	66	388	ue/regulamentos/2014/32014R0492.md
32014R0492	Artigo 2.º	Teor do pedido	68	94	778	ue/regulamentos/2014/32014R0492.md
32014R0492	Artigo 3.º	Apresentação e validação do pedido	96	118	732	ue/regulamentos/2014/32014R0492.md
32014R0492	Artigo 4.º	Avaliação do pedido	120	130	483	ue/regulamentos/2014/32014R0492.md
32014R0492	Artigo 5.º	Decisão sobre a renovação	132	144	430	ue/regulamentos/2014/32014R0492.md
32014R0492	Artigo 6.º	Período derrogatório	146	152	157	ue/regulamentos/2014/32014R0492.md
32014R0492	Artigo 7.º	Grupo de coordenação, arbitragem e derrogações do reconhecimento mútuo	154	162	272	ue/regulamentos/2014/32014R0492.md
32014R0492	Artigo 8.º	Orientações para o processamento das renovações nos procedimentos de reconhecimento mútuo	164	168	132	ue/regulamentos/2014/32014R0492.md
32014R0492	Artigo 9.º		170	188	204	ue/regulamentos/2014/32014R0492.md
32014R0496	Preâmbulo		18	50	1431	ue/regulamentos/2014/32014R0496.md
32014R0496	Artigo 1.º	Aprovação da substância ativa	54	56	42	ue/regulamentos/2014/32014R0496.md
32014R0496	Artigo 2.º	Reavaliação de produtos fitofarmacêuticos	58	70	548	ue/regulamentos/2014/32014R0496.md
32014R0496	Artigo 3.º	Alteração do Regulamento de Execução (UE) n.º 540/2011	72	74	48	ue/regulamentos/2014/32014R0496.md
32014R0496	Artigo 4.º	Entrada em vigor e data de aplicação	76	104	586	ue/regulamentos/2014/32014R0496.md
32014R0496	ANEXO I		106	112	442	ue/regulamentos/2014/32014R0496.md
32014R0496	ANEXO II		114	122	472	ue/regulamentos/2014/32014R0496.md
32014R0497	Preâmbulo		22	54	1008	ue/regulamentos/2014/32014R0497.md
32014R0497	Artigo 1.º		58	60	32	ue/regulamentos/2014/32014R0497.md
32014R0497	Artigo 2.º		62	64	31	ue/regulamentos/2014/32014R0497.md
32014R0497	Artigo 3.º		66	86	181	ue/regulamentos/2014/32014R0497.md
32014R0497	ANEXO I		88	183	2057	ue/regulamentos/2014/32014R0497.md
32014R0497	ANEXO II		185	211	497	ue/regulamentos/2014/32014R0497.md
32014R0502	Preâmbulo		18	38	813	ue/regulamentos/2014/32014R0502.md
32014R0502	Artigo 1.º		42	46	153	ue/regulamentos/2014/32014R0502.md
32014R0502	Artigo 2.º		48	50	124	ue/regulamentos/2014/32014R0502.md
32014R0502	Artigo 3.º		52	80	722	ue/regulamentos/2014/32014R0502.md
32014R0503	Preâmbulo		18	34	348	ue/regulamentos/2014/32014R0503.md
32014R0503	Artigo 1.º		38	40	41	ue/regulamentos/2014/32014R0503.md
32014R0503	Artigo 2.º		42	44	37	ue/regulamentos/2014/32014R0503.md
32014R0503	Artigo 3.º		46	64	111	ue/regulamentos/2014/32014R0503.md
32014R0503	ANEXO I		66	124	1141	ue/regulamentos/2014/32014R0503.md
32014R0503	ANEXO II	DOCUMENTO ÚNICO CONSOLIDADO	126	218	1792	ue/regulamentos/2014/32014R0503.md
32014R0504	Preâmbulo		18	44	793	ue/regulamentos/2014/32014R0504.md
32014R0504	Artigo 1.º	Alteração do Regulamento de Execução (UE) n.º 540/2011	48	50	50	ue/regulamentos/2014/32014R0504.md
32014R0504	Artigo 2.º	Medidas transitórias	52	54	77	ue/regulamentos/2014/32014R0504.md
32014R0504	Artigo 3.º	Prazo de tolerância	56	58	64	ue/regulamentos/2014/32014R0504.md
32014R0504	Artigo 4.º		60	84	415	ue/regulamentos/2014/32014R0504.md
32014R0504	ANEXO		86	92	670	ue/regulamentos/2014/32014R0504.md
32014R0505	Preâmbulo		18	54	1568	ue/regulamentos/2014/32014R0505.md
32014R0505	Artigo 1.º		58	60	31	ue/regulamentos/2014/32014R0505.md
32014R0505	Artigo 2.º		62	82	181	ue/regulamentos/2014/32014R0505.md
32014R0505	ANEXO		84	91	142	ue/regulamentos/2014/32014R0505.md
32014R0506	Preâmbulo		18	50	943	ue/regulamentos/2014/32014R0506.md
32014R0506	Artigo 1.º		54	56	32	ue/regulamentos/2014/32014R0506.md
32014R0506	Artigo 2.º		58	60	31	ue/regulamentos/2014/32014R0506.md
32014R0506	Artigo 3.º		62	84	192	ue/regulamentos/2014/32014R0506.md
32014R0506	ANEXO I		86	98	150	ue/regulamentos/2014/32014R0506.md
32014R0506	ANEXO II		100	132	351	ue/regulamentos/2014/32014R0506.md
32014R0508	Artigo 1.º	Objeto	41	51	86	ue/regulamentos/2014/32014R0508.md
32014R0508	Artigo 2.º	Âmbito geográfico	53	55	43	ue/regulamentos/2014/32014R0508.md
32014R0508	Artigo 3.º	Definições	57	91	912	ue/regulamentos/2014/32014R0508.md
32014R0508	Artigo 4.º	Criação	97	99	24	ue/regulamentos/2014/32014R0508.md
32014R0508	Artigo 5.º	Objetivos	101	113	142	ue/regulamentos/2014/32014R0508.md
32014R0508	Artigo 6.º	Prioridades da União	115	159	832	ue/regulamentos/2014/32014R0508.md
32014R0508	Artigo 7.º	Gestão partilhada e gestão direta	163	167	101	ue/regulamentos/2014/32014R0508.md
32014R0508	Artigo 8.º	Auxílios estatais	171	179	302	ue/regulamentos/2014/32014R0508.md
32014R0508	Artigo 9.º	Condicionalidades específicas ex ante	181	183	36	ue/regulamentos/2014/32014R0508.md
32014R0508	Artigo 10.º	Admissibilidade dos pedidos	187	211	770	ue/regulamentos/2014/32014R0508.md
32014R0508	Artigo 11.º	Operações não elegíveis	213	227	172	ue/regulamentos/2014/32014R0508.md
32014R0508	Artigo 12.º	Execução orçamental	231	241	216	ue/regulamentos/2014/32014R0508.md
32014R0508	Artigo 13.º	Recursos orçamentais em gestão partilhada	243	267	428	ue/regulamentos/2014/32014R0508.md
32014R0508	Artigo 14.º	Recursos orçamentais em gestão direta	269	277	184	ue/regulamentos/2014/32014R0508.md
32014R0508	Artigo 15.º	Revisão intercalar	279	281	100	ue/regulamentos/2014/32014R0508.md
32014R0508	Artigo 16.º	Repartição financeira no quadro da gestão partilhada	283	311	561	ue/regulamentos/2014/32014R0508.md
32014R0508	Artigo 17.º	Preparação dos programas operacionais	317	323	180	ue/regulamentos/2014/32014R0508.md
32014R0508	Artigo 18.º	Conteúdo do programa operacional	325	397	2090	ue/regulamentos/2014/32014R0508.md
32014R0508	Artigo 19.º	Aprovação do programa operacional	399	403	110	ue/regulamentos/2014/32014R0508.md
32014R0508	Artigo 20.º	Alteração dos programas operacionais	405	411	236	ue/regulamentos/2014/32014R0508.md
32014R0508	Artigo 21.º	Planos de trabalho para a recolha de dados	413	417	199	ue/regulamentos/2014/32014R0508.md
32014R0508	Artigo 22.º	Regras relativas aos procedimentos e aos calendários	419	453	566	ue/regulamentos/2014/32014R0508.md
32014R0508	Artigo 23.º	Programa de trabalho anual	457	465	252	ue/regulamentos/2014/32014R0508.md
32014R0508	Artigo 24.º	Objetivos específicos	471	473	51	ue/regulamentos/2014/32014R0508.md
32014R0508	Artigo 25.º	Condições gerais	475	493	379	ue/regulamentos/2014/32014R0508.md
32014R0508	Artigo 26.º	Inovação	495	503	188	ue/regulamentos/2014/32014R0508.md
32014R0508	Artigo 27.º	Serviços de aconselhamento	505	523	318	ue/regulamentos/2014/32014R0508.md
32014R0508	Artigo 28.º	Parcerias entre cientistas e pescadores	525	535	224	ue/regulamentos/2014/32014R0508.md
32014R0508	Artigo 29.º	Promoção do capital humano, da criação de emprego e do diálogo social	537	551	666	ue/regulamentos/2014/32014R0508.md
32014R0508	Artigo 30.º	Diversificação e novas formas de rendimento	553	565	257	ue/regulamentos/2014/32014R0508.md
32014R0508	Artigo 31.º	Apoio ao arranque de atividade para jovens pescadores	567	583	346	ue/regulamentos/2014/32014R0508.md
32014R0508	Artigo 32.º	Saúde e segurança	585	593	248	ue/regulamentos/2014/32014R0508.md
32014R0508	Artigo 33.º	Cessação temporária das atividades de pesca	595	637	1104	ue/regulamentos/2014/32014R0508.md
32014R0508	Artigo 34.º	Cessação definitiva das atividades de pesca	639	685	1076	ue/regulamentos/2014/32014R0508.md
32014R0508	Artigo 35.º		687	727	838	ue/regulamentos/2014/32014R0508.md
32014R0508	Artigo 36.º	Apoio aos sistemas de atribuição de possibilidades de pesca	729	733	147	ue/regulamentos/2014/32014R0508.md
32014R0508	Artigo 37.º	Apoio à conceção e à execução de medidas de conservação e à cooperação regional	735	743	214	ue/regulamentos/2014/32014R0508.md
32014R0508	Artigo 38.º	Limitação do impacto da pesca no meio marinho e adaptação da pesca à proteção das espécies	745	769	672	ue/regulamentos/2014/32014R0508.md
32014R0508	Artigo 39.º	Inovação ligada à conservação dos recursos biológicos marinhos	771	785	627	ue/regulamentos/2014/32014R0508.md
32014R0508	Artigo 40.º	Proteção e restauração da biodiversidade e dos ecossistemas marinhos e regimes de compensação no quadro de atividades de pesca sustentáveis	787	817	718	ue/regulamentos/2014/32014R0508.md
32014R0508	Artigo 41.º	Eficiência energética e atenuação das alterações climáticas	819	855	964	ue/regulamentos/2014/32014R0508.md
32014R0508	Artigo 42.º	Valor acrescentado, qualidade dos produtos e utilização das capturas indesejadas	857	865	209	ue/regulamentos/2014/32014R0508.md
32014R0508	Artigo 43.º	Portos de pesca, locais de desembarque, lotas e abrigos	867	875	284	ue/regulamentos/2014/32014R0508.md
32014R0508	Artigo 44.º	Pesca interior e fauna e flora aquáticas interiores	877	925	896	ue/regulamentos/2014/32014R0508.md
32014R0508	Artigo 45.º	Objetivos específicos	929	931	51	ue/regulamentos/2014/32014R0508.md
32014R0508	Artigo 46.º	Condições gerais	933	943	344	ue/regulamentos/2014/32014R0508.md
32014R0508	Artigo 47.º	Inovação	945	957	287	ue/regulamentos/2014/32014R0508.md
32014R0508	Artigo 48.º	Investimentos produtivos na aquicultura	959	987	602	ue/regulamentos/2014/32014R0508.md
32014R0508	Artigo 49.º	Serviços de gestão, de substituição e de aconselhamento para as explorações aquícolas	989	1019	556	ue/regulamentos/2014/32014R0508.md
32014R0508	Artigo 50.º	Promoção do capital humano e da ligação em rede	1021	1035	365	ue/regulamentos/2014/32014R0508.md
32014R0508	Artigo 51.º	Aumento do potencial dos sítios aquícolas	1037	1049	428	ue/regulamentos/2014/32014R0508.md
32014R0508	Artigo 52.º	Incentivo aos novos aquicultores que pratiquem uma aquicultura sustentável	1051	1063	195	ue/regulamentos/2014/32014R0508.md
32014R0508	Artigo 53.º	Conversão para sistemas de ecogestão e auditoria e para a aquicultura biológica	1065	1079	365	ue/regulamentos/2014/32014R0508.md
32014R0508	Artigo 54.º	Prestação de serviços ambientais pela aquicultura	1081	1099	476	ue/regulamentos/2014/32014R0508.md
32014R0508	Artigo 55.º	Medidas de saúde pública	1101	1123	486	ue/regulamentos/2014/32014R0508.md
32014R0508	Artigo 56.º	Medidas de saúde e bem-estar animal	1125	1149	465	ue/regulamentos/2014/32014R0508.md
32014R0508	Artigo 57.º	Seguro das populações aquícolas	1151	1173	320	ue/regulamentos/2014/32014R0508.md
32014R0508	Artigo 58.º	Âmbito de aplicação	1179	1181	64	ue/regulamentos/2014/32014R0508.md
32014R0508	Artigo 59.º	Objetivos específicos	1183	1185	48	ue/regulamentos/2014/32014R0508.md
32014R0508	Artigo 60.º	Estratégias integradas de desenvolvimento local de base comunitária	1189	1197	279	ue/regulamentos/2014/32014R0508.md
32014R0508	Artigo 61.º	Grupos de ação local da pesca	1199	1217	323	ue/regulamentos/2014/32014R0508.md
32014R0508	Artigo 62.º	Apoio do FEAMP ao desenvolvimento local de base comunitária	1221	1233	162	ue/regulamentos/2014/32014R0508.md
32014R0508	Artigo 63.º	Execução das estratégias de desenvolvimento local de base comunitária	1235	1249	362	ue/regulamentos/2014/32014R0508.md
32014R0508	Artigo 64.º	Atividades de cooperação	1251	1267	432	ue/regulamentos/2014/32014R0508.md
32014R0508	Artigo 65.º	Objetivos específicos	1271	1273	51	ue/regulamentos/2014/32014R0508.md
32014R0508	Artigo 66.º	Planos de produção e de comercialização	1275	1289	328	ue/regulamentos/2014/32014R0508.md
32014R0508	Artigo 67.º	Ajuda ao armazenamento	1291	1325	834	ue/regulamentos/2014/32014R0508.md
32014R0508	Artigo 68.º	Medidas de comercialização	1327	1371	816	ue/regulamentos/2014/32014R0508.md
32014R0508	Artigo 69.º	Transformação de produtos da pesca e da aquicultura	1373	1395	314	ue/regulamentos/2014/32014R0508.md
32014R0508	Artigo 70.º	Regime de compensação	1399	1429	516	ue/regulamentos/2014/32014R0508.md
32014R0508	Artigo 71.º	Cálculo da compensação	1431	1437	114	ue/regulamentos/2014/32014R0508.md
32014R0508	Artigo 72.º	Plano de compensação	1439	1451	448	ue/regulamentos/2014/32014R0508.md
32014R0508	Artigo 73.º	Auxílios estatais para a execução dos planos de compensação	1453	1455	126	ue/regulamentos/2014/32014R0508.md
32014R0508	Artigo 74.º	Âmbito geográfico	1459	1461	40	ue/regulamentos/2014/32014R0508.md
32014R0508	Artigo 75.º	Objetivos específicos	1463	1465	51	ue/regulamentos/2014/32014R0508.md
32014R0508	Artigo 76.º	Controlo e execução	1467	1503	990	ue/regulamentos/2014/32014R0508.md
32014R0508	Artigo 77.º	Recolha de dados	1505	1521	320	ue/regulamentos/2014/32014R0508.md
32014R0508	Artigo 78.º	Assistência técnica por iniciativa dos Estados-Membros	1525	1533	158	ue/regulamentos/2014/32014R0508.md
32014R0508	Artigo 79.º	Objetivos específicos	1537	1547	203	ue/regulamentos/2014/32014R0508.md
32014R0508	Artigo 80.º	Operações elegíveis	1549	1559	195	ue/regulamentos/2014/32014R0508.md
32014R0508	Artigo 81.º	Âmbito geográfico	1565	1567	40	ue/regulamentos/2014/32014R0508.md
32014R0508	Artigo 82.º	Âmbito de aplicação e objetivos	1569	1597	979	ue/regulamentos/2014/32014R0508.md
32014R0508	Artigo 83.º	Operações elegíveis	1599	1623	688	ue/regulamentos/2014/32014R0508.md
32014R0508	Artigo 84.º	Âmbito geográfico	1627	1629	40	ue/regulamentos/2014/32014R0508.md
32014R0508	Artigo 85.º	Objetivos específicos	1631	1645	127	ue/regulamentos/2014/32014R0508.md
32014R0508	Artigo 86.º	Pareceres e conhecimentos científicos	1647	1663	583	ue/regulamentos/2014/32014R0508.md
32014R0508	Artigo 87.º	Controlo e execução	1665	1685	538	ue/regulamentos/2014/32014R0508.md
32014R0508	Artigo 88.º	Contribuições financeiras voluntárias para organizações internacionais	1687	1697	312	ue/regulamentos/2014/32014R0508.md
32014R0508	Artigo 89.º	Conselhos consultivos	1699	1703	81	ue/regulamentos/2014/32014R0508.md
32014R0508	Artigo 90.º	Informações sobre o mercado	1705	1707	62	ue/regulamentos/2014/32014R0508.md
32014R0508	Artigo 91.º	Atividades de comunicação mo âmbito da PCP e da PMI	1709	1721	213	ue/regulamentos/2014/32014R0508.md
32014R0508	Artigo 92.º	Assistência técnica por iniciativa da Comissão	1725	1733	282	ue/regulamentos/2014/32014R0508.md
32014R0508	Artigo 93.º	Âmbito de aplicação	1739	1741	39	ue/regulamentos/2014/32014R0508.md
32014R0508	Artigo 94.º	Determinação das taxas de cofinanciamento	1747	1773	405	ue/regulamentos/2014/32014R0508.md
32014R0508	Artigo 95.º	Intensidade da ajuda pública	1775	1811	566	ue/regulamentos/2014/32014R0508.md
32014R0508	Artigo 96.º	Cálculo dos custos adicionais ou da perda de rendimentos	1813	1815	84	ue/regulamentos/2014/32014R0508.md
32014R0508	Artigo 97.º	Autoridade de gestão	1819	1829	308	ue/regulamentos/2014/32014R0508.md
32014R0508	Artigo 98.º	Transmissão de dados financeiros	1831	1835	138	ue/regulamentos/2014/32014R0508.md
32014R0508	Artigo 99.º	Correções financeiras efetuadas pelos Estados-Membros	1839	1843	163	ue/regulamentos/2014/32014R0508.md
32014R0508	Artigo 100.º	Interrupção do prazo de pagamento	1849	1859	342	ue/regulamentos/2014/32014R0508.md
32014R0508	Artigo 101.º	Suspensão de pagamentos	1861	1871	292	ue/regulamentos/2014/32014R0508.md
32014R0508	Artigo 102.º	Poderes da Comissão	1873	1875	92	ue/regulamentos/2014/32014R0508.md
32014R0508	Artigo 103.º	Acesso à informação	1879	1881	74	ue/regulamentos/2014/32014R0508.md
32014R0508	Artigo 104.º	Confidencialidade	1883	1887	121	ue/regulamentos/2014/32014R0508.md
32014R0508	Artigo 105.º	Correções financeiras efetuadas pela Comissão	1889	1905	483	ue/regulamentos/2014/32014R0508.md
32014R0508	Artigo 106.º	Procedimento	1907	1909	56	ue/regulamentos/2014/32014R0508.md
32014R0508	Artigo 107.º	Sistema de acompanhamento e avaliação	1915	1925	398	ue/regulamentos/2014/32014R0508.md
32014R0508	Artigo 108.º	Objetivos	1927	1937	129	ue/regulamentos/2014/32014R0508.md
32014R0508	Artigo 109.º	Indicadores comuns	1941	1945	211	ue/regulamentos/2014/32014R0508.md
32014R0508	Artigo 110.º	Sistema eletrónico de informação	1947	1955	152	ue/regulamentos/2014/32014R0508.md
32014R0508	Artigo 111.º	Prestação de informações	1957	1959	118	ue/regulamentos/2014/32014R0508.md
32014R0508	Artigo 112.º	Procedimentos de acompanhamento	1963	1967	114	ue/regulamentos/2014/32014R0508.md
32014R0508	Artigo 113.º	Funções do comité de acompanhamento	1969	1983	276	ue/regulamentos/2014/32014R0508.md
32014R0508	Artigo 114.º	Relatório anual de execução	1985	2009	373	ue/regulamentos/2014/32014R0508.md
32014R0508	Artigo 115.º	Disposições gerais	2013	2019	228	ue/regulamentos/2014/32014R0508.md
32014R0508	Artigo 116.º	Avaliação ex ante	2021	2023	89	ue/regulamentos/2014/32014R0508.md
32014R0508	Artigo 117.º	Avaliação ex post	2025	2027	50	ue/regulamentos/2014/32014R0508.md
32014R0508	Artigo 118.º	Síntese das avaliações	2029	2031	74	ue/regulamentos/2014/32014R0508.md
32014R0508	Artigo 119.º	Informação e publicidade	2035	2055	470	ue/regulamentos/2014/32014R0508.md
32014R0508	Artigo 120.º	Âmbito de aplicação	2061	2063	33	ue/regulamentos/2014/32014R0508.md
32014R0508	Artigo 121.º	Proteção dos interesses financeiros da União	2067	2075	484	ue/regulamentos/2014/32014R0508.md
32014R0508	Artigo 122.º	Auditorias	2077	2085	392	ue/regulamentos/2014/32014R0508.md
32014R0508	Artigo 123.º	Suspensão dos pagamentos, redução e cancelamento da contribuição financeira	2087	2091	225	ue/regulamentos/2014/32014R0508.md
32014R0508	Artigo 124.º	Avaliação	2095	2099	66	ue/regulamentos/2014/32014R0508.md
32014R0508	Artigo 125.º	Comunicação de informações	2101	2107	113	ue/regulamentos/2014/32014R0508.md
32014R0508	Artigo 126.º	Exercício da delegação	2111	2121	368	ue/regulamentos/2014/32014R0508.md
32014R0508	Artigo 127.º	Procedimento de comité	2123	2131	178	ue/regulamentos/2014/32014R0508.md
32014R0508	Artigo 128.º	Revogação	2135	2139	103	ue/regulamentos/2014/32014R0508.md
32014R0508	Artigo 129.º	Disposições transitórias	2141	2147	301	ue/regulamentos/2014/32014R0508.md
32014R0508	Artigo 130.º	Entrada em vigor e data de aplicação	2149	2155	91	ue/regulamentos/2014/32014R0508.md
32014R0508	ANEXO I		2157	2171	321	ue/regulamentos/2014/32014R0508.md
32014R0508	ANEXO II		2173	2181	95	ue/regulamentos/2014/32014R0508.md
32014R0508	ANEXO III		2183	2209	240	ue/regulamentos/2014/32014R0508.md
32014R0508	ANEXO IV		2211	2221	1163	ue/regulamentos/2014/32014R0508.md
32014R0508	ANEXO V		2223	2357	2844	ue/regulamentos/2014/32014R0508.md
32014R0510	Preâmbulo		22	152	9958	ue/regulamentos/2014/32014R0510.md
32014R0510	Artigo 1.º	Objeto e âmbito de aplicação	158	162	155	ue/regulamentos/2014/32014R0510.md
32014R0510	Artigo 2.º	Definições	164	190	614	ue/regulamentos/2014/32014R0510.md
32014R0510	Artigo 3.º	Elementos dos direitos de importação	198	202	197	ue/regulamentos/2014/32014R0510.md
32014R0510	Artigo 4.º	Taxa máxima do direito de importação	204	208	137	ue/regulamentos/2014/32014R0510.md
32014R0510	Artigo 5.º	Direitos de importação adicionais destinados a evitar ou contrariar os efeitos adversos no mercado da União	210	238	749	ue/regulamentos/2014/32014R0510.md
32014R0510	Artigo 6.º	Certificados de importação para a ovalbumina e a lactalbumina	242	250	302	ue/regulamentos/2014/32014R0510.md
32014R0510	Artigo 7.º	Garantia relativa aos certificados de importação	252	258	168	ue/regulamentos/2014/32014R0510.md
32014R0510	Artigo 8.º	Poderes delegados	260	276	318	ue/regulamentos/2014/32014R0510.md
32014R0510	Artigo 9.º	Competências de execução	278	296	286	ue/regulamentos/2014/32014R0510.md
32014R0510	Artigo 10.º	Redução e supressão gradual de elementos agrícolas, direitos ad valorem e direitos adicionais	302	314	420	ue/regulamentos/2014/32014R0510.md
32014R0510	Artigo 11.º	Quantidades efetivamente utilizadas ou consideradas como tendo sido utilizadas	316	326	351	ue/regulamentos/2014/32014R0510.md
32014R0510	Artigo 12.º	Poderes delegados	328	338	213	ue/regulamentos/2014/32014R0510.md
32014R0510	Artigo 13.º	Competências de execução	340	356	424	ue/regulamentos/2014/32014R0510.md
32014R0510	Artigo 14.º	Abertura e gestão de contingentes pautais	360	372	324	ue/regulamentos/2014/32014R0510.md
32014R0510	Artigo 15.º	Poderes delegados	374	386	340	ue/regulamentos/2014/32014R0510.md
32014R0510	Artigo 16.º	Competências de execução	388	420	534	ue/regulamentos/2014/32014R0510.md
32014R0510	Artigo 17.º	Medidas de salvaguarda	424	436	543	ue/regulamentos/2014/32014R0510.md
32014R0510	Artigo 18.º	Aperfeiçoamento ativo de produtos agrícolas sem exame das condições económicas	442	460	433	ue/regulamentos/2014/32014R0510.md
32014R0510	Artigo 19.º	Poderes delegados	462	472	180	ue/regulamentos/2014/32014R0510.md
32014R0510	Artigo 20.º	Competências de execução	474	492	346	ue/regulamentos/2014/32014R0510.md
32014R0510	Artigo 21.º	Suspensão dos regimes de aperfeiçoamento ativo para a ovalbumina e para a lactalbumina	496	502	283	ue/regulamentos/2014/32014R0510.md
32014R0510	Artigo 22.º	Mercadorias e produtos elegíveis	508	518	326	ue/regulamentos/2014/32014R0510.md
32014R0510	Artigo 23.º	Determinação das restituições à exportação	520	524	177	ue/regulamentos/2014/32014R0510.md
32014R0510	Artigo 24.º	Regras horizontais e taxas de restituição à exportação	526	532	218	ue/regulamentos/2014/32014R0510.md
32014R0510	Artigo 25.º	Certificados relativos a exportações de mercadorias não incluídas no anexo I específicas para destinos específicos	534	536	127	ue/regulamentos/2014/32014R0510.md
32014R0510	Artigo 26.º	Poderes delegados	538	552	303	ue/regulamentos/2014/32014R0510.md
32014R0510	Artigo 27.º	Competências de execução	554	582	515	ue/regulamentos/2014/32014R0510.md
32014R0510	Artigo 28.º	Certificados de restituição	586	592	260	ue/regulamentos/2014/32014R0510.md
32014R0510	Artigo 29.º	Taxas de restituição aplicáveis	594	606	326	ue/regulamentos/2014/32014R0510.md
32014R0510	Artigo 30.º	Garantia relativa aos certificados de restituição	608	618	271	ue/regulamentos/2014/32014R0510.md
32014R0510	Artigo 31.º	Poderes delegados	620	632	287	ue/regulamentos/2014/32014R0510.md
32014R0510	Artigo 32.º	Competências de execução	634	658	481	ue/regulamentos/2014/32014R0510.md
32014R0510	Artigo 33.º	Outras medidas no que respeita às exportações	662	672	520	ue/regulamentos/2014/32014R0510.md
32014R0510	Artigo 34.º	Compensação direta nas trocas comerciais preferenciais	676	688	333	ue/regulamentos/2014/32014R0510.md
32014R0510	Artigo 35.º	Métodos de análise	690	702	188	ue/regulamentos/2014/32014R0510.md
32014R0510	Artigo 36.º	Adaptação do presente regulamento	704	710	158	ue/regulamentos/2014/32014R0510.md
32014R0510	Artigo 37.º	Intercâmbio de informações	712	754	700	ue/regulamentos/2014/32014R0510.md
32014R0510	Artigo 38.º	Tratamento e proteção de dados pessoais	756	764	310	ue/regulamentos/2014/32014R0510.md
32014R0510	Artigo 39.º	Montantes desprezáveis	766	768	126	ue/regulamentos/2014/32014R0510.md
32014R0510	Artigo 40.º	Garantias, controlos, verificação e sanções	770	776	276	ue/regulamentos/2014/32014R0510.md
32014R0510	Artigo 41.º	Obrigações internacionais e normas aplicáveis	778	780	112	ue/regulamentos/2014/32014R0510.md
32014R0510	Artigo 42.º	Exercício da delegação	784	794	516	ue/regulamentos/2014/32014R0510.md
32014R0510	Artigo 43.º	Procedimento de urgência	796	800	184	ue/regulamentos/2014/32014R0510.md
32014R0510	Artigo 44.º	Procedimento de comité	802	814	580	ue/regulamentos/2014/32014R0510.md
32014R0510	Artigo 45.º	Revogação	818	822	72	ue/regulamentos/2014/32014R0510.md
32014R0510	Artigo 46.º	Entrada em vigor	824	882	1264	ue/regulamentos/2014/32014R0510.md
32014R0510	ANEXO I		884	1008	4290	ue/regulamentos/2014/32014R0510.md
32014R0510	ANEXO II		1010	1216	5113	ue/regulamentos/2014/32014R0510.md
32014R0510	ANEXO III		1218	1241	482	ue/regulamentos/2014/32014R0510.md
32014R0510	ANEXO IV		1243	1272	764	ue/regulamentos/2014/32014R0510.md
32014R0510	ANEXO V		1274	1294	535	ue/regulamentos/2014/32014R0510.md
32014R0510	ANEXO VI		1296	1390	1137	ue/regulamentos/2014/32014R0510.md
32014R0511	Preâmbulo		18	108	5616	ue/regulamentos/2014/32014R0511.md
32014R0511	Artigo 1.º	Objeto	114	116	196	ue/regulamentos/2014/32014R0511.md
32014R0511	Artigo 2.º	Âmbito de aplicação	118	128	394	ue/regulamentos/2014/32014R0511.md
32014R0511	Artigo 3.º	Definições	130	154	824	ue/regulamentos/2014/32014R0511.md
32014R0511	Artigo 4.º	Obrigações dos utilizadores	158	204	1270	ue/regulamentos/2014/32014R0511.md
32014R0511	Artigo 5.º	Registo de coleções	206	232	809	ue/regulamentos/2014/32014R0511.md
32014R0511	Artigo 6.º	Autoridades competentes e ponto focal	234	242	264	ue/regulamentos/2014/32014R0511.md
32014R0511	Artigo 7.º	Monitorização do cumprimento pelos utilizadores	244	262	622	ue/regulamentos/2014/32014R0511.md
32014R0511	Artigo 8.º	Boas práticas	264	278	560	ue/regulamentos/2014/32014R0511.md
32014R0511	Artigo 9.º	Controlo do cumprimento pelos utilizadores	280	306	570	ue/regulamentos/2014/32014R0511.md
32014R0511	Artigo 10.º	Registos dos controlos	308	312	106	ue/regulamentos/2014/32014R0511.md
32014R0511	Artigo 11.º	Sanções	314	320	116	ue/regulamentos/2014/32014R0511.md
32014R0511	Artigo 12.º	Cooperação	324	336	235	ue/regulamentos/2014/32014R0511.md
32014R0511	Artigo 13.º	Medidas complementares	338	352	399	ue/regulamentos/2014/32014R0511.md
32014R0511	Artigo 14.º	Procedimento de comité	354	360	111	ue/regulamentos/2014/32014R0511.md
32014R0511	Artigo 15.º	Fórum de Consulta	362	364	86	ue/regulamentos/2014/32014R0511.md
32014R0511	Artigo 16.º	Relatórios e análise	366	374	371	ue/regulamentos/2014/32014R0511.md
32014R0511	Artigo 17.º	Entrada em vigor e aplicação	376	418	699	ue/regulamentos/2014/32014R0511.md
32014R0513	Preâmbulo		22	118	4939	ue/regulamentos/2014/32014R0513.md
32014R0513	Artigo 1.º	Objeto e âmbito de aplicação	124	142	704	ue/regulamentos/2014/32014R0513.md
32014R0513	Artigo 2.º	Definições	144	166	601	ue/regulamentos/2014/32014R0513.md
32014R0513	Artigo 3.º	Objetivos	168	200	1323	ue/regulamentos/2014/32014R0513.md
32014R0513	Artigo 4.º	Ações elegíveis ao abrigo dos programas nacionais	202	228	926	ue/regulamentos/2014/32014R0513.md
32014R0513	Artigo 5.º	Recursos globais e execução	232	266	704	ue/regulamentos/2014/32014R0513.md
32014R0513	Artigo 6.º	Recursos para ações elegíveis nos Estados-Membros	268	280	231	ue/regulamentos/2014/32014R0513.md
32014R0513	Artigo 7.º	Programas nacionais	282	288	354	ue/regulamentos/2014/32014R0513.md
32014R0513	Artigo 8.º	Ações da União	290	330	1044	ue/regulamentos/2014/32014R0513.md
32014R0513	Artigo 9.º	Assistência técnica	332	336	145	ue/regulamentos/2014/32014R0513.md
32014R0513	Artigo 10.º	Ajuda de emergência	338	342	82	ue/regulamentos/2014/32014R0513.md
32014R0513	Artigo 11.º	Exercício da delegação	346	356	420	ue/regulamentos/2014/32014R0513.md
32014R0513	Artigo 12.º	Aplicação do Regulamento (UE) n.º 514/2014	358	360	35	ue/regulamentos/2014/32014R0513.md
32014R0513	Artigo 13.º	Revogação	362	364	27	ue/regulamentos/2014/32014R0513.md
32014R0513	Artigo 14.º	Disposições transitórias	366	376	381	ue/regulamentos/2014/32014R0513.md
32014R0513	Artigo 15.º	Revisão	378	380	42	ue/regulamentos/2014/32014R0513.md
32014R0513	Artigo 16.º	Entrada em vigor e aplicação	382	446	1195	ue/regulamentos/2014/32014R0513.md
32014R0513	ANEXO I		448	464	844	ue/regulamentos/2014/32014R0513.md
32014R0513	ANEXO II		466	512	993	ue/regulamentos/2014/32014R0513.md
32014R0513	ANEXO III		514	558	1508	ue/regulamentos/2014/32014R0513.md
32014R0514	Artigo 1.º	Objeto e âmbito de aplicação	37	47	97	ue/regulamentos/2014/32014R0514.md
32014R0514	Artigo 2.º	Definições	49	71	410	ue/regulamentos/2014/32014R0514.md
32014R0514	Artigo 3.º	Princípios gerais	75	97	682	ue/regulamentos/2014/32014R0514.md
32014R0514	Artigo 4.º	Conformidade com o direito da União e o direito nacional	99	101	50	ue/regulamentos/2014/32014R0514.md
32014R0514	Artigo 5.º	Proteção dos interesses financeiros da União Europeia	103	121	802	ue/regulamentos/2014/32014R0514.md
32014R0514	Artigo 6.º	Quadro de execução	125	133	240	ue/regulamentos/2014/32014R0514.md
32014R0514	Artigo 7.º	Ajuda de emergência	135	145	218	ue/regulamentos/2014/32014R0514.md
32014R0514	Artigo 8.º	Ações da União e ajuda de emergência em países terceiros ou com estes relacionadas	147	165	343	ue/regulamentos/2014/32014R0514.md
32014R0514	Artigo 9.º	Assistência técnica por iniciativa da Comissão	167	195	660	ue/regulamentos/2014/32014R0514.md
32014R0514	Artigo 10.º	Programação	201	203	60	ue/regulamentos/2014/32014R0514.md
32014R0514	Artigo 11.º	Intervenção subsidiária e proporcional	205	209	218	ue/regulamentos/2014/32014R0514.md
32014R0514	Artigo 12.º	Parceria	211	221	296	ue/regulamentos/2014/32014R0514.md
32014R0514	Artigo 13.º	Diálogo político	223	231	424	ue/regulamentos/2014/32014R0514.md
32014R0514	Artigo 14.º	Elaboração e aprovação dos programas nacionais	233	285	1223	ue/regulamentos/2014/32014R0514.md
32014R0514	Artigo 15.º	Revisão intercalar	287	295	232	ue/regulamentos/2014/32014R0514.md
32014R0514	Artigo 16.º	Estrutura de financiamento	297	309	286	ue/regulamentos/2014/32014R0514.md
32014R0514	Artigo 17.º	Princípios gerais de elegibilidade	311	333	509	ue/regulamentos/2014/32014R0514.md
32014R0514	Artigo 18.º	Despesas elegíveis	335	389	1093	ue/regulamentos/2014/32014R0514.md
32014R0514	Artigo 19.º	Despesas não elegíveis	391	401	138	ue/regulamentos/2014/32014R0514.md
32014R0514	Artigo 20.º	Assistência técnica por iniciativa dos Estados-Membros	403	427	622	ue/regulamentos/2014/32014R0514.md
32014R0514	Artigo 21.º	Princípios gerais dos sistemas de gestão e controlo	431	449	302	ue/regulamentos/2014/32014R0514.md
32014R0514	Artigo 22.º	Responsabilidades no âmbito da gestão partilhada	451	453	82	ue/regulamentos/2014/32014R0514.md
32014R0514	Artigo 23.º	Responsabilidades dos beneficiários	455	457	63	ue/regulamentos/2014/32014R0514.md
32014R0514	Artigo 24.º	Responsabilidades dos Estados-Membros	459	469	308	ue/regulamentos/2014/32014R0514.md
32014R0514	Artigo 25.º	Autoridades competentes	471	481	272	ue/regulamentos/2014/32014R0514.md
32014R0514	Artigo 26.º	Designação das autoridades responsáveis	483	497	641	ue/regulamentos/2014/32014R0514.md
32014R0514	Artigo 27.º	Princípios gerais dos controlos feitos pelas autoridades responsáveis	499	517	676	ue/regulamentos/2014/32014R0514.md
32014R0514	Artigo 28.º	Pagamento aos beneficiários	519	521	92	ue/regulamentos/2014/32014R0514.md
32014R0514	Artigo 29.º	Funções da autoridade de auditoria	523	529	221	ue/regulamentos/2014/32014R0514.md
32014R0514	Artigo 30.º	Cooperação com as autoridades de auditoria	531	535	161	ue/regulamentos/2014/32014R0514.md
32014R0514	Artigo 31.º	Controlos e auditorias pela Comissão	537	559	888	ue/regulamentos/2014/32014R0514.md
32014R0514	Artigo 32.º	Autorizações orçamentais	563	571	245	ue/regulamentos/2014/32014R0514.md
32014R0514	Artigo 33.º	Disposições comuns em matéria de pagamentos	573	579	139	ue/regulamentos/2014/32014R0514.md
32014R0514	Artigo 34.º	Acumulação do pré-financiamento inicial e saldos anuais	581	585	96	ue/regulamentos/2014/32014R0514.md
32014R0514	Artigo 35.º	Disposições em matéria de pré-financiamento	587	597	413	ue/regulamentos/2014/32014R0514.md
32014R0514	Artigo 36.º	Apuramento do pré-financiamento	599	607	208	ue/regulamentos/2014/32014R0514.md
32014R0514	Artigo 37.º	Afetação de receitas internas	609	617	182	ue/regulamentos/2014/32014R0514.md
32014R0514	Artigo 38.º	Definição de exercício	619	621	86	ue/regulamentos/2014/32014R0514.md
32014R0514	Artigo 39.º	Pagamento do saldo anual	623	629	197	ue/regulamentos/2014/32014R0514.md
32014R0514	Artigo 40.º	Encerramento do programa	631	653	290	ue/regulamentos/2014/32014R0514.md
32014R0514	Artigo 41.º	Interrupção do prazo de pagamento	655	667	367	ue/regulamentos/2014/32014R0514.md
32014R0514	Artigo 42.º	Suspensão dos pagamentos	669	681	269	ue/regulamentos/2014/32014R0514.md
32014R0514	Artigo 43.º	Utilização do euro	683	689	264	ue/regulamentos/2014/32014R0514.md
32014R0514	Artigo 44.º	Pedido de pagamento do saldo anual	693	699	276	ue/regulamentos/2014/32014R0514.md
32014R0514	Artigo 45.º	Apuramento anual de contas	701	705	202	ue/regulamentos/2014/32014R0514.md
32014R0514	Artigo 46.º	Correções financeiras efetuadas pelos Estados-Membros	707	709	236	ue/regulamentos/2014/32014R0514.md
32014R0514	Artigo 47.º	Apuramento da conformidade e correções financeiras efetuadas pela Comissão	711	733	757	ue/regulamentos/2014/32014R0514.md
32014R0514	Artigo 48.º	Obrigações dos Estados-Membros	735	737	100	ue/regulamentos/2014/32014R0514.md
32014R0514	Artigo 49.º	Reembolso	739	743	169	ue/regulamentos/2014/32014R0514.md
32014R0514	Artigo 50.º	Princípios	747	767	560	ue/regulamentos/2014/32014R0514.md
32014R0514	Artigo 51.º	Exceções à regra de anulação	769	781	354	ue/regulamentos/2014/32014R0514.md
32014R0514	Artigo 52.º	Procedimento	783	793	234	ue/regulamentos/2014/32014R0514.md
32014R0514	Artigo 53.º	Informação e publicidade	797	813	417	ue/regulamentos/2014/32014R0514.md
32014R0514	Artigo 54.º	Relatórios de execução	815	845	703	ue/regulamentos/2014/32014R0514.md
32014R0514	Artigo 55.º	Quadro comum de acompanhamento e de avaliação	847	861	392	ue/regulamentos/2014/32014R0514.md
32014R0514	Artigo 56.º	Avaliação dos programas nacionais pelos Estados-Membros	863	871	322	ue/regulamentos/2014/32014R0514.md
32014R0514	Artigo 57.º	Relatórios de avaliação dos Estados-Membros e da Comissão	873	909	581	ue/regulamentos/2014/32014R0514.md
32014R0514	Artigo 58.º	Exercício da delegação	913	923	491	ue/regulamentos/2014/32014R0514.md
32014R0514	Artigo 59.º	Procedimento de comité	925	933	166	ue/regulamentos/2014/32014R0514.md
32014R0514	Artigo 60.º	Reexame	935	937	36	ue/regulamentos/2014/32014R0514.md
32014R0514	Artigo 61.º	Entrada em vigor e aplicação	939	955	490	ue/regulamentos/2014/32014R0514.md
32014R0515	Artigo 1.º	Objeto e âmbito de aplicação	37	53	271	ue/regulamentos/2014/32014R0515.md
32014R0515	Artigo 2.º	Definições	55	75	762	ue/regulamentos/2014/32014R0515.md
32014R0515	Artigo 3.º	Objetivos	77	117	1654	ue/regulamentos/2014/32014R0515.md
32014R0515	Artigo 4.º	Ações elegíveis	119	157	1158	ue/regulamentos/2014/32014R0515.md
32014R0515	Artigo 5.º	Recursos globais e execução	161	209	1185	ue/regulamentos/2014/32014R0515.md
32014R0515	Artigo 6.º	Recursos para ações elegíveis nos Estados-Membros	211	241	691	ue/regulamentos/2014/32014R0515.md
32014R0515	Artigo 7.º	Recursos para ações específicas	243	249	262	ue/regulamentos/2014/32014R0515.md
32014R0515	Artigo 8.º	Recursos no quadro da revisão intercalar	251	299	1064	ue/regulamentos/2014/32014R0515.md
32014R0515	Artigo 9.º	Programas nacionais	301	325	916	ue/regulamentos/2014/32014R0515.md
32014R0515	Artigo 10.º	Apoio operacional ao abrigo dos programas nacionais dos Estados-Membros	327	349	643	ue/regulamentos/2014/32014R0515.md
32014R0515	Artigo 11.º	Apoio operacional ao regime de trânsito facilitado	351	373	608	ue/regulamentos/2014/32014R0515.md
32014R0515	Artigo 12.º	Programação em função dos resultados do mecanismo de avaliação e controlo de Schengen	375	381	263	ue/regulamentos/2014/32014R0515.md
32014R0515	Artigo 13.º	Ações da União	383	409	694	ue/regulamentos/2014/32014R0515.md
32014R0515	Artigo 14.º	Ajuda de emergência	411	415	85	ue/regulamentos/2014/32014R0515.md
32014R0515	Artigo 15.º	Estabelecimento de um programa para o desenvolvimento de sistemas informáticos	417	423	273	ue/regulamentos/2014/32014R0515.md
32014R0515	Artigo 16.º	Assistência técnica	425	429	146	ue/regulamentos/2014/32014R0515.md
32014R0515	Artigo 17.º	Exercício da delegação	433	443	471	ue/regulamentos/2014/32014R0515.md
32014R0515	Artigo 18.º	Procedimento de Comité	445	449	80	ue/regulamentos/2014/32014R0515.md
32014R0515	Artigo 19.º	Aplicação do Regulamento (UE) n.º 514/2014	451	453	34	ue/regulamentos/2014/32014R0515.md
32014R0515	Artigo 20.º	Revogação	455	457	28	ue/regulamentos/2014/32014R0515.md
32014R0515	Artigo 21.º	Disposições transitórias	459	471	460	ue/regulamentos/2014/32014R0515.md
32014R0515	Artigo 22.º	Reexame	473	475	41	ue/regulamentos/2014/32014R0515.md
32014R0515	Artigo 23.º	Entrada em vigor e aplicação	477	483	90	ue/regulamentos/2014/32014R0515.md
32014R0515	ANEXO I		485	523	502	ue/regulamentos/2014/32014R0515.md
32014R0515	ANEXO II		525	537	327	ue/regulamentos/2014/32014R0515.md
32014R0515	ANEXO III		539	579	412	ue/regulamentos/2014/32014R0515.md
32014R0515	ANEXO IV		581	669	1430	ue/regulamentos/2014/32014R0515.md
32014R0516	Artigo 1.º	Objeto e âmbito de aplicação	38	54	193	ue/regulamentos/2014/32014R0516.md
32014R0516	Artigo 2.º	Definições	56	92	878	ue/regulamentos/2014/32014R0516.md
32014R0516	Artigo 3.º	Objetivos	94	112	570	ue/regulamentos/2014/32014R0516.md
32014R0516	Artigo 4.º	Parceria	114	116	59	ue/regulamentos/2014/32014R0516.md
32014R0516	Artigo 5.º	Sistemas de acolhimento e de asilo	120	166	1062	ue/regulamentos/2014/32014R0516.md
32014R0516	Artigo 6.º	Capacidade dos Estados-Membros para elaborarem, acompanharem e avaliarem as suas políticas e procedimentos em matéria de asilo	168	176	404	ue/regulamentos/2014/32014R0516.md
32014R0516	Artigo 7.º	Reinstalação, transferência dos requerentes e/ou beneficiários de proteção internacional e outras formas ad hoc de admissão humanitária	178	200	875	ue/regulamentos/2014/32014R0516.md
32014R0516	Artigo 8.º	Imigração e medidas prévias à partida	204	216	364	ue/regulamentos/2014/32014R0516.md
32014R0516	Artigo 9.º	Medidas de integração	218	242	878	ue/regulamentos/2014/32014R0516.md
32014R0516	Artigo 10.º	Cooperação prática e medidas de reforço das capacidades	244	260	933	ue/regulamentos/2014/32014R0516.md
32014R0516	Artigo 11.º	Medidas de acompanhamento dos procedimentos de regresso	264	290	616	ue/regulamentos/2014/32014R0516.md
32014R0516	Artigo 12.º	Medidas de regresso	292	308	447	ue/regulamentos/2014/32014R0516.md
32014R0516	Artigo 13.º	Cooperação prática e medidas de reforço das capacidades	310	324	553	ue/regulamentos/2014/32014R0516.md
32014R0516	Artigo 14.º	Recursos globais e execução	328	354	553	ue/regulamentos/2014/32014R0516.md
32014R0516	Artigo 15.º	Recursos para ações elegíveis nos Estados-Membros	356	370	506	ue/regulamentos/2014/32014R0516.md
32014R0516	Artigo 16.º	Recursos para ações específicas	372	382	360	ue/regulamentos/2014/32014R0516.md
32014R0516	Artigo 17.º	Recursos para o programa de reinstalação da União	384	422	990	ue/regulamentos/2014/32014R0516.md
32014R0516	Artigo 18.º		424	460	1120	ue/regulamentos/2014/32014R0516.md
32014R0516	Artigo 19.º	Programas nacionais	462	474	488	ue/regulamentos/2014/32014R0516.md
32014R0516	Artigo 20.º	Ações da União	476	498	700	ue/regulamentos/2014/32014R0516.md
32014R0516	Artigo 21.º	Ajuda de emergência	500	504	150	ue/regulamentos/2014/32014R0516.md
32014R0516	Artigo 22.º	Rede Europeia das Migrações	506	532	508	ue/regulamentos/2014/32014R0516.md
32014R0516	Artigo 23.º	Assistência técnica	534	538	141	ue/regulamentos/2014/32014R0516.md
32014R0516	Artigo 24.º	Coordenação	540	548	194	ue/regulamentos/2014/32014R0516.md
32014R0516	Artigo 25.º	Disposições específicas relativas aos montantes fixos para a reinstalação e a transferência de ►M1 requerentes de proteção internacional ou beneficiários de pro	552	558	240	ue/regulamentos/2014/32014R0516.md
32014R0516	Artigo 26.º	Exercício da delegação	560	570	458	ue/regulamentos/2014/32014R0516.md
32014R0516	Artigo 27.º	Procedimento de comité	572	576	83	ue/regulamentos/2014/32014R0516.md
32014R0516	Artigo 28.º	Reexame	578	580	36	ue/regulamentos/2014/32014R0516.md
32014R0516	Artigo 29.º	Aplicação do Regulamento (UE) n.º 514/2014	582	584	46	ue/regulamentos/2014/32014R0516.md
32014R0516	Artigo 30.º	Revogação	586	588	36	ue/regulamentos/2014/32014R0516.md
32014R0516	Artigo 31.º	Disposições transitórias	590	602	557	ue/regulamentos/2014/32014R0516.md
32014R0516	Artigo 32.º	Entrada em vigor e aplicação	604	610	91	ue/regulamentos/2014/32014R0516.md
32014R0516	ANEXO I		612	645	464	ue/regulamentos/2014/32014R0516.md
32014R0516	ANEXO II		647	671	640	ue/regulamentos/2014/32014R0516.md
32014R0516	ANEXO III		673	689	133	ue/regulamentos/2014/32014R0516.md
32014R0516	ANEXO IV		691	763	1493	ue/regulamentos/2014/32014R0516.md
32014R0518	Preâmbulo		18	42	798	ue/regulamentos/2014/32014R0518.md
32014R0518	Artigo 1.º	Alteração do Regulamento Delegado (UE) n.º 1059/2010	46	67	460	ue/regulamentos/2014/32014R0518.md
32014R0518	Artigo 2.º	Alteração do Regulamento Delegado (UE) n.º 1060/2010	69	90	455	ue/regulamentos/2014/32014R0518.md
32014R0518	Artigo 3.º	Alteração do Regulamento Delegado (UE) n.º 1061/2010	92	113	454	ue/regulamentos/2014/32014R0518.md
32014R0518	Artigo 4.º	Alteração do Regulamento Delegado (UE) n.º 1062/2010	115	136	420	ue/regulamentos/2014/32014R0518.md
32014R0518	Artigo 5.º	Alteração do Regulamento Delegado (UE) n.º 626/2011	138	159	464	ue/regulamentos/2014/32014R0518.md
32014R0518	Artigo 6.º	Alteração do Regulamento Delegado (UE) n.º 392/2012	161	182	466	ue/regulamentos/2014/32014R0518.md
32014R0518	Artigo 7.º	Alteração do Regulamento Delegado (UE) n.º 874/2012	184	212	522	ue/regulamentos/2014/32014R0518.md
32014R0518	Artigo 8.º	Alteração do Regulamento Delegado (UE) n.º 665/2013	214	235	442	ue/regulamentos/2014/32014R0518.md
32014R0518	Artigo 9.º	Alteração do Regulamento Delegado (UE) n.º 811/2013	237	325	1820	ue/regulamentos/2014/32014R0518.md
32014R0518	Artigo 10.º	Alteração do Regulamento Delegado (UE) n.º 812/2013	327	395	1248	ue/regulamentos/2014/32014R0518.md
32014R0518	Artigo 11.º	Entrada em vigor	397	431	840	ue/regulamentos/2014/32014R0518.md
32014R0518	ANEXO I	Alterações aos anexos do Regulamento Delegado (UE) n.º 1059/2010	433	479	960	ue/regulamentos/2014/32014R0518.md
32014R0518	ANEXO II	Alterações aos anexos do Regulamento Delegado (UE) n.º 1060/2010	481	527	976	ue/regulamentos/2014/32014R0518.md
32014R0518	ANEXO III	Alterações aos anexos do Regulamento Delegado (UE) n.º 1061/2010	529	575	977	ue/regulamentos/2014/32014R0518.md
32014R0518	ANEXO IV	Alterações aos anexos do Regulamento Delegado (UE) n.º 1062/2010	577	623	996	ue/regulamentos/2014/32014R0518.md
32014R0518	ANEXO V	Alterações aos anexos do Regulamento Delegado (UE) n.º 626/2011	625	671	995	ue/regulamentos/2014/32014R0518.md
32014R0518	ANEXO VI	Alterações aos anexos do Regulamento Delegado (UE) n.º 392/2012	673	719	976	ue/regulamentos/2014/32014R0518.md
32014R0518	ANEXO VII	Alterações aos anexos do Regulamento Delegado (UE) n.º 874/2012	721	765	828	ue/regulamentos/2014/32014R0518.md
32014R0518	ANEXO VIII	Alterações aos anexos do Regulamento Delegado (UE) n.º 665/2013	767	813	981	ue/regulamentos/2014/32014R0518.md
32014R0518	ANEXO IX	Alterações aos anexos do Regulamento Delegado (UE) n.º 811/2013:	815	865	1126	ue/regulamentos/2014/32014R0518.md
32014R0518	ANEXO X	Alterações aos anexos do Regulamento Delegado (UE) n.º 812/2013	867	917	1125	ue/regulamentos/2014/32014R0518.md
32014R0520	Preâmbulo		18	38	440	ue/regulamentos/2014/32014R0520.md
32014R0520	Artigo 1.º		42	44	48	ue/regulamentos/2014/32014R0520.md
32014R0520	Artigo 2.º		46	76	724	ue/regulamentos/2014/32014R0520.md
32014R0520	ANEXO		78	449	11744	ue/regulamentos/2014/32014R0520.md
32014R0522	Artigo 1.º	Gestão de ações inovadoras	34	68	606	ue/regulamentos/2014/32014R0522.md
32014R0522	Artigo 2.º	Seleção de ações inovadoras	70	102	478	ue/regulamentos/2014/32014R0522.md
32014R0522	Artigo 3.º	Entrada em vigor	104	110	144	ue/regulamentos/2014/32014R0522.md
32014R0523	Preâmbulo		18	40	726	ue/regulamentos/2014/32014R0523.md
32014R0523	Artigo 1.º	Definições	44	50	112	ue/regulamentos/2014/32014R0523.md
32014R0523	Artigo 2.º	Estreita correspondência	52	62	343	ue/regulamentos/2014/32014R0523.md
32014R0523	Artigo 3.º	Entrada em vigor	64	82	244	ue/regulamentos/2014/32014R0523.md
32014R0524	Preâmbulo		18	46	1955	ue/regulamentos/2014/32014R0524.md
32014R0524	Artigo 1.º	Objeto e âmbito de aplicação	52	56	128	ue/regulamentos/2014/32014R0524.md
32014R0524	Artigo 2.º	Informação em base consolidada	58	60	166	ue/regulamentos/2014/32014R0524.md
32014R0524	Artigo 3.º	Informações relativas à administração e propriedade	64	72	256	ue/regulamentos/2014/32014R0524.md
32014R0524	Artigo 4.º	Informações relativas à liquidez e às conclusões da supervisão	74	102	707	ue/regulamentos/2014/32014R0524.md
32014R0524	Artigo 5.º	Informações relativas à solvabilidade	104	136	909	ue/regulamentos/2014/32014R0524.md
32014R0524	Artigo 6.º	Informações relativas aos sistemas de garantia de depósitos	138	154	374	ue/regulamentos/2014/32014R0524.md
32014R0524	Artigo 7.º	Informações relativas à limitação dos grandes riscos	156	158	150	ue/regulamentos/2014/32014R0524.md
32014R0524	Artigo 8.º	Informações relativas ao risco sistémico que uma dada instituição representa	160	162	147	ue/regulamentos/2014/32014R0524.md
32014R0524	Artigo 9.º	Informações relativas aos procedimentos administrativos e contabilísticos	164	168	245	ue/regulamentos/2014/32014R0524.md
32014R0524	Artigo 10.º	Informações relativas aos mecanismos de controlo interno	170	174	251	ue/regulamentos/2014/32014R0524.md
32014R0524	Artigo 11.º	Informações relativas à alavancagem	176	180	255	ue/regulamentos/2014/32014R0524.md
32014R0524	Artigo 12.º	Informações relativas ao incumprimento geral	182	186	272	ue/regulamentos/2014/32014R0524.md
32014R0524	Artigo 13.º	Comunicação das medidas de supervisão e sancionatórias	188	198	264	ue/regulamentos/2014/32014R0524.md
32014R0524	Artigo 14.º	Informações relativas à preparação para situações de emergência	200	206	138	ue/regulamentos/2014/32014R0524.md
32014R0524	Artigo 15.º	Informações das autoridades de um Estado-Membro de acolhimento	208	230	438	ue/regulamentos/2014/32014R0524.md
32014R0524	Artigo 16.º	Informações relativas a prestadores de serviços transfronteiriços	234	250	436	ue/regulamentos/2014/32014R0524.md
32014R0524	Artigo 17.º	Âmbito das trocas de informações em caso de problemas de liquidez	254	268	377	ue/regulamentos/2014/32014R0524.md
32014R0524	Artigo 18.º	Entrada em vigor	272	294	332	ue/regulamentos/2014/32014R0524.md
32014R0525	Preâmbulo		18	38	764	ue/regulamentos/2014/32014R0525.md
32014R0525	Artigo 1.º	Definição de «mercado» para efeitos do cálculo da posição líquida global sobre títulos de capital a que se refere o artigo 341.º, n.º 2, do Regulamento (UE) n.º	42	48	134	ue/regulamentos/2014/32014R0525.md
32014R0525	Artigo 2.º	Entrada em vigor	50	66	173	ue/regulamentos/2014/32014R0525.md
32014R0526	Preâmbulo		18	50	1334	ue/regulamentos/2014/32014R0526.md
32014R0526	Artigo 1.º	Determinação de um proxy spread apropriado	54	90	675	ue/regulamentos/2014/32014R0526.md
32014R0526	Artigo 2.º	Identificação da LGDMKT	92	94	150	ue/regulamentos/2014/32014R0526.md
32014R0526	Artigo 3.º	Limites quantitativos para a quantidade e dimensão das carteiras elegíveis	96	118	654	ue/regulamentos/2014/32014R0526.md
32014R0526	Artigo 4.º	Entrada em vigor	120	134	164	ue/regulamentos/2014/32014R0526.md
32014R0527	Preâmbulo		18	56	3244	ue/regulamentos/2014/32014R0527.md
32014R0527	Artigo 1.º	Classes de instrumentos que refletem adequadamente a qualidade do crédito de uma instituição numa perspetiva de continuidade das operações e são apropriados par	60	82	718	ue/regulamentos/2014/32014R0527.md
32014R0527	Artigo 2.º	Condições relativas às classes de instrumentos de fundos próprios adicionais de nível 1	84	110	618	ue/regulamentos/2014/32014R0527.md
32014R0527	Artigo 3.º	Condições relativas às classes de instrumentos de fundos próprios de nível 2	112	126	325	ue/regulamentos/2014/32014R0527.md
32014R0527	Artigo 4.º	Condições relativas às classes dos outros instrumentos	128	174	1240	ue/regulamentos/2014/32014R0527.md
32014R0527	Artigo 5.º	Procedimentos de redução, reposição do valor e conversão	176	236	1789	ue/regulamentos/2014/32014R0527.md
32014R0527	Artigo 6.º		238	260	316	ue/regulamentos/2014/32014R0527.md
32014R0528	Artigo 1.º	Determinação dos requisitos de fundos próprios relativos ao risco não delta de opções e warrants	37	59	438	ue/regulamentos/2014/32014R0528.md
32014R0528	Artigo 2.º		61	65	32	ue/regulamentos/2014/32014R0528.md
32014R0528	Artigo 3.º	Determinação dos requisitos de fundos próprios de acordo com o método simplificado	67	99	836	ue/regulamentos/2014/32014R0528.md
32014R0528	Artigo 4.º	Síntese da determinação dos requisitos de fundos próprios de acordo com o método delta-mais	101	125	716	ue/regulamentos/2014/32014R0528.md
32014R0528	Artigo 5.º	Determinação dos requisitos de fundos próprios para o risco gama de acordo com o método delta-mais	127	147	380	ue/regulamentos/2014/32014R0528.md
32014R0528	Artigo 6.º	Determinação dos requisitos de fundos próprios para o risco vega de acordo com o método delta-mais	149	161	263	ue/regulamentos/2014/32014R0528.md
32014R0528	Artigo 7.º	Condições de aplicação do método dos cenários	163	173	276	ue/regulamentos/2014/32014R0528.md
32014R0528	Artigo 8.º	Definição da matriz de cenários de acordo com o método dos cenários	175	193	489	ue/regulamentos/2014/32014R0528.md
32014R0528	Artigo 9.º	Determinação dos requisitos de fundos próprios de acordo com o método dos cenários	195	207	405	ue/regulamentos/2014/32014R0528.md
32014R0528	Artigo 10.º	Entrada em vigor	209	213	69	ue/regulamentos/2014/32014R0528.md
32014R0528	ANEXO I	Fórmula a utilizar para efeitos do artigo 5.º, n.º 2	215	233	277	ue/regulamentos/2014/32014R0528.md
32014R0528	ANEXO II	Fórmula a utilizar para efeitos do artigo 9.º, alínea d)	235	253	263	ue/regulamentos/2014/32014R0528.md
32014R0529	Artigo 1.º	Objeto	38	42	95	ue/regulamentos/2014/32014R0529.md
32014R0529	Artigo 2.º	Categorias das extensões e alterações	44	60	319	ue/regulamentos/2014/32014R0529.md
32014R0529	Artigo 3.º	Princípios de classificação das extensões e alterações	62	94	724	ue/regulamentos/2014/32014R0529.md
32014R0529	Artigo 4.º	Alterações relevantes ao Método IRB	96	132	910	ue/regulamentos/2014/32014R0529.md
32014R0529	Artigo 5.º	Alterações ao Método IRB que não são consideradas relevantes	134	156	531	ue/regulamentos/2014/32014R0529.md
32014R0529	Artigo 6.º	Extensões e alterações relevantes ao MMA	158	198	810	ue/regulamentos/2014/32014R0529.md
32014R0529	Artigo 7.º	Alterações ao MMA que não são consideradas relevante	200	208	162	ue/regulamentos/2014/32014R0529.md
32014R0529	Artigo 7.º-A	Extensões e alterações relevantes ao MMI	210	240	1007	ue/regulamentos/2014/32014R0529.md
32014R0529	Artigo 7.º-B	Alterações ao MMI que não são consideradas relevantes	242	250	163	ue/regulamentos/2014/32014R0529.md
32014R0529	Artigo 8.º	Documentação relativa às extensões e alterações	252	276	356	ue/regulamentos/2014/32014R0529.md
32014R0529	Artigo 9.º	Entrada em vigor	278	282	68	ue/regulamentos/2014/32014R0529.md
32014R0529	ANEXO I	ALTERAÇÕES AO MÉTODO IRB	284	434	3936	ue/regulamentos/2014/32014R0529.md
32014R0529	ANEXO II	EXTENSÕES E ALTERAÇÕES AO MMA	436	574	3323	ue/regulamentos/2014/32014R0529.md
32014R0529	ANEXO III		576	670	1531	ue/regulamentos/2014/32014R0529.md
32014R0530	Preâmbulo		18	38	612	ue/regulamentos/2014/32014R0530.md
32014R0530	Artigo 1.º	Definição de «posições em risco específico significativas em termos absolutos» nos termos do artigo 77.º, n.º 4, da Diretiva 2013/36/UE	42	44	114	ue/regulamentos/2014/32014R0530.md
32014R0530	Artigo 2.º	Definição de elevado «número de posições em instrumentos de dívida de diferentes emitentes» significativas nos termos do artigo 77.º, n.º 4, da Diretiva 2013/36	46	48	150	ue/regulamentos/2014/32014R0530.md
32014R0530	Artigo 3.º	Entrada em vigor	50	68	243	ue/regulamentos/2014/32014R0530.md
32014R0532	Artigo 1.º	Objeto	36	48	307	ue/regulamentos/2014/32014R0532.md
32014R0532	Artigo 2.º		52	60	208	ue/regulamentos/2014/32014R0532.md
32014R0532	Artigo 3.º		62	92	928	ue/regulamentos/2014/32014R0532.md
32014R0532	Artigo 3.º-A		94	120	606	ue/regulamentos/2014/32014R0532.md
32014R0532	Artigo 4.º		122	132	259	ue/regulamentos/2014/32014R0532.md
32014R0532	Artigo 5.º		134	158	760	ue/regulamentos/2014/32014R0532.md
32014R0532	Artigo 6.º		160	200	1510	ue/regulamentos/2014/32014R0532.md
32014R0532	Artigo 7.º		202	224	657	ue/regulamentos/2014/32014R0532.md
32014R0532	Artigo 8.º		228	240	314	ue/regulamentos/2014/32014R0532.md
32014R0532	Artigo 9.º		242	272	800	ue/regulamentos/2014/32014R0532.md
32014R0532	Artigo 10.º		274	282	102	ue/regulamentos/2014/32014R0532.md
32014R0532	ANEXO I	Lista dos dados a registar e armazenar em formato eletrónico no âmbito do sistema de monitorização (a que se refere o artigo 2.º)	284	399	3851	ue/regulamentos/2014/32014R0532.md
32014R0532	ANEXO II	Requisitos-chave dos sistemas de gestão e controlo e classificação em termos do seu funcionamento como referido no artigo 9.º	401	438	1002	ue/regulamentos/2014/32014R0532.md
32014R0536	Artigo 1.º	Âmbito de aplicação	40	44	47	ue/regulamentos/2014/32014R0536.md
32014R0536	Artigo 2.º	Definições	46	152	2454	ue/regulamentos/2014/32014R0536.md
32014R0536	Artigo 3.º	Princípio geral	154	160	74	ue/regulamentos/2014/32014R0536.md
32014R0536	Artigo 4.º	Autorização prévia	164	170	213	ue/regulamentos/2014/32014R0536.md
32014R0536	Artigo 5.º	Apresentação de um pedido	172	208	1058	ue/regulamentos/2014/32014R0536.md
32014R0536	Artigo 6.º	Relatório de avaliação — Aspetos abrangidos pela parte I	210	282	1769	ue/regulamentos/2014/32014R0536.md
32014R0536	Artigo 7.º	Relatório de avaliação — Aspetos abrangidos pela parte II	284	318	586	ue/regulamentos/2014/32014R0536.md
32014R0536	Artigo 8.º	Decisão sobre o ensaio clínico	320	352	991	ue/regulamentos/2014/32014R0536.md
32014R0536	Artigo 9.º	Pessoas encarregadas de avaliar o pedido	354	362	256	ue/regulamentos/2014/32014R0536.md
32014R0536	Artigo 10.º	Situação específica das populações vulneráveis	364	374	394	ue/regulamentos/2014/32014R0536.md
32014R0536	Artigo 11.º	Apresentação e avaliação de pedidos limitados aos aspetos abrangidos pela parte I ou parte II do relatório de avaliação	376	380	339	ue/regulamentos/2014/32014R0536.md
32014R0536	Artigo 12.º	Retirada do pedido	382	384	76	ue/regulamentos/2014/32014R0536.md
32014R0536	Artigo 13.º	Nova apresentação	386	388	88	ue/regulamentos/2014/32014R0536.md
32014R0536	Artigo 14.º	Aditamento posterior de um Estado-Membro em causa	390	446	1822	ue/regulamentos/2014/32014R0536.md
32014R0536	Artigo 15.º	Princípios gerais	450	452	70	ue/regulamentos/2014/32014R0536.md
32014R0536	Artigo 16.º	Apresentação de um pedido	454	456	44	ue/regulamentos/2014/32014R0536.md
32014R0536	Artigo 17.º	Validação de um pedido de autorização de uma alteração substancial relativa a um aspeto abrangido pela parte I do relatório de avaliação	458	480	695	ue/regulamentos/2014/32014R0536.md
32014R0536	Artigo 18.º	Avaliação de uma alteração substancial de um aspeto abrangido pela parte I do relatório de avaliação	482	524	1220	ue/regulamentos/2014/32014R0536.md
32014R0536	Artigo 19.º	Decisão sobre a alteração substancial de um aspeto abrangido pela parte I do relatório de avaliação	526	550	668	ue/regulamentos/2014/32014R0536.md
32014R0536	Artigo 20.º	Validação, avaliação e decisão relativas a uma alteração substancial de um aspeto abrangido pela parte II do relatório de avaliação	552	592	1132	ue/regulamentos/2014/32014R0536.md
32014R0536	Artigo 21.º	Alteração substancial de aspetos abrangidos pelas partes I e II do relatório de avaliação	594	598	143	ue/regulamentos/2014/32014R0536.md
32014R0536	Artigo 22.º	Avaliação de uma alteração substancial de aspetos abrangidos pelas partes I e II do relatório de avaliação — Avaliação dos aspetos abrangidos pela parte II do r	600	614	406	ue/regulamentos/2014/32014R0536.md
32014R0536	Artigo 23.º	Decisão sobre a alteração substancial de aspetos abrangidos pelas partes I e II do relatório de avaliação	616	646	892	ue/regulamentos/2014/32014R0536.md
32014R0536	Artigo 24.º	Pessoas encarregadas de avaliar o pedido para uma alteração substancial	648	650	43	ue/regulamentos/2014/32014R0536.md
32014R0536	Artigo 25.º	Instrução do dossiê de pedido	654	692	946	ue/regulamentos/2014/32014R0536.md
32014R0536	Artigo 26.º	Requisitos linguísticos	694	698	94	ue/regulamentos/2014/32014R0536.md
32014R0536	Artigo 27.º	Atualização mediante atos delegados	700	702	94	ue/regulamentos/2014/32014R0536.md
32014R0536	Artigo 28.º	Regras gerais	706	730	798	ue/regulamentos/2014/32014R0536.md
32014R0536	Artigo 29.º	Consentimento esclarecido	732	766	1058	ue/regulamentos/2014/32014R0536.md
32014R0536	Artigo 30.º	Consentimento esclarecido em ensaios clínicos por grupos	768	790	611	ue/regulamentos/2014/32014R0536.md
32014R0536	Artigo 31.º	Ensaios clínicos em sujeitos incapazes	792	816	631	ue/regulamentos/2014/32014R0536.md
32014R0536	Artigo 32.º	Ensaios clínicos em menores	818	842	608	ue/regulamentos/2014/32014R0536.md
32014R0536	Artigo 33.º	Ensaios clínicos em grávidas ou lactantes	844	860	402	ue/regulamentos/2014/32014R0536.md
32014R0536	Artigo 34.º	Medidas nacionais complementares	862	864	96	ue/regulamentos/2014/32014R0536.md
32014R0536	Artigo 35.º	Ensaios clínicos em situações de emergência	866	890	944	ue/regulamentos/2014/32014R0536.md
32014R0536	Artigo 36.º	Notificação do início de um ensaio clínico e do final do recrutamento dos sujeitos do ensaio	894	906	261	ue/regulamentos/2014/32014R0536.md
32014R0536	Artigo 37.º	Conclusão de um ensaio clínico, interrupção temporária e conclusão antecipada de um ensaio clínico e apresentação dos resultados	908	944	1100	ue/regulamentos/2014/32014R0536.md
32014R0536	Artigo 38.º	Interrupção temporária ou conclusão antecipada pelo promotor por motivo de segurança dos sujeitos do ensaio	946	952	195	ue/regulamentos/2014/32014R0536.md
32014R0536	Artigo 39.º	Atualização do conteúdo do resumo dos resultados e do resumo para leigos	954	956	102	ue/regulamentos/2014/32014R0536.md
32014R0536	Artigo 40.º	Base de dados eletrónica para a comunicação de informações de segurança	960	964	173	ue/regulamentos/2014/32014R0536.md
32014R0536	Artigo 41.º	Notificação de acontecimentos adversos e de acontecimentos adversos graves pelo investigador ao promotor	966	976	424	ue/regulamentos/2014/32014R0536.md
32014R0536	Artigo 42.º	Notificação de suspeitas de reações adversas graves inesperadas pelo promotor à Agência	978	1002	823	ue/regulamentos/2014/32014R0536.md
32014R0536	Artigo 43.º	Apresentação de um relatório anual pelo promotor à Agência	1004	1012	243	ue/regulamentos/2014/32014R0536.md
32014R0536	Artigo 44.º	Avaliação pelos Estados-Membros	1014	1020	178	ue/regulamentos/2014/32014R0536.md
32014R0536	Artigo 45.º	Aspetos técnicos	1022	1030	188	ue/regulamentos/2014/32014R0536.md
32014R0536	Artigo 46.º	Comunicação de informações relativas aos medicamentos auxiliares	1032	1034	62	ue/regulamentos/2014/32014R0536.md
32014R0536	Artigo 47.º	Conformidade com o protocolo e as boas práticas clínicas	1038	1044	188	ue/regulamentos/2014/32014R0536.md
32014R0536	Artigo 48.º	Monitorização	1046	1054	187	ue/regulamentos/2014/32014R0536.md
32014R0536	Artigo 49.º	Idoneidade das pessoas envolvidas na realização do ensaio clínico	1056	1060	139	ue/regulamentos/2014/32014R0536.md
32014R0536	Artigo 50.º	Adequação dos centros de ensaio clínico	1062	1064	56	ue/regulamentos/2014/32014R0536.md
32014R0536	Artigo 51.º	Rastreabilidade, armazenamento, devolução e destruição de medicamentos experimentais	1066	1072	210	ue/regulamentos/2014/32014R0536.md
32014R0536	Artigo 52.º	Comunicação de infrações graves	1074	1078	145	ue/regulamentos/2014/32014R0536.md
32014R0536	Artigo 53.º	Outras obrigações de comunicação relevantes para a segurança dos sujeitos do ensaio	1080	1084	216	ue/regulamentos/2014/32014R0536.md
32014R0536	Artigo 54.º	Medidas de segurança urgentes	1086	1094	154	ue/regulamentos/2014/32014R0536.md
32014R0536	Artigo 55.º	Brochura do investigador	1096	1100	77	ue/regulamentos/2014/32014R0536.md
32014R0536	Artigo 56.º	Registo, processamento, tratamento e conservação de informações	1102	1106	215	ue/regulamentos/2014/32014R0536.md
32014R0536	Artigo 57.º	Processo permanente do ensaio clínico	1108	1112	207	ue/regulamentos/2014/32014R0536.md
32014R0536	Artigo 58.º	Arquivo do processo permanente do ensaio clínico	1114	1126	307	ue/regulamentos/2014/32014R0536.md
32014R0536	Artigo 59.º	Medicamentos auxiliares	1128	1134	152	ue/regulamentos/2014/32014R0536.md
32014R0536	Artigo 60.º	Âmbito de aplicação do presente capítulo	1138	1140	44	ue/regulamentos/2014/32014R0536.md
32014R0536	Artigo 61.º	Autorização de fabrico e de importação	1142	1174	949	ue/regulamentos/2014/32014R0536.md
32014R0536	Artigo 62.º	Responsabilidades da pessoa qualificada	1176	1180	101	ue/regulamentos/2014/32014R0536.md
32014R0536	Artigo 63.º	Fabrico e importação	1182	1192	350	ue/regulamentos/2014/32014R0536.md
32014R0536	Artigo 64.º	Alteração de medicamentos experimentais autorizados	1194	1196	72	ue/regulamentos/2014/32014R0536.md
32014R0536	Artigo 65.º	Fabrico de medicamentos auxiliares	1198	1200	104	ue/regulamentos/2014/32014R0536.md
32014R0536	Artigo 66.º	Medicamentos experimentais não autorizados e medicamentos auxiliares não autorizados	1204	1220	300	ue/regulamentos/2014/32014R0536.md
32014R0536	Artigo 67.º	Medicamentos experimentais autorizados e medicamentos auxiliares autorizados	1222	1230	225	ue/regulamentos/2014/32014R0536.md
32014R0536	Artigo 68.º	Medicamentos radiofarmacêuticos utilizados como medicamentos experimentais ou como medicamentos auxiliares para diagnóstico médico	1232	1236	131	ue/regulamentos/2014/32014R0536.md
32014R0536	Artigo 69.º	Idioma	1238	1240	43	ue/regulamentos/2014/32014R0536.md
32014R0536	Artigo 70.º	Atos delegados	1242	1244	74	ue/regulamentos/2014/32014R0536.md
32014R0536	Artigo 71.º	Promotor	1248	1254	120	ue/regulamentos/2014/32014R0536.md
32014R0536	Artigo 72.º	Copromotor	1256	1266	258	ue/regulamentos/2014/32014R0536.md
32014R0536	Artigo 73.º	Investigador principal	1268	1272	109	ue/regulamentos/2014/32014R0536.md
32014R0536	Artigo 74.º.º	Representante legal do promotor na União	1274	1280	355	ue/regulamentos/2014/32014R0536.md
32014R0536	Artigo 75.º	Responsabilidade	1282	1284	47	ue/regulamentos/2014/32014R0536.md
32014R0536	Artigo 76.º	Compensação por danos	1288	1294	246	ue/regulamentos/2014/32014R0536.md
32014R0536	Artigo 77.º	Medidas corretivas a tomar pelos Estados-Membros	1298	1312	244	ue/regulamentos/2014/32014R0536.md
32014R0536	Artigo 78.º	Inspeções efetuadas pelos Estados-Membros	1314	1328	439	ue/regulamentos/2014/32014R0536.md
32014R0536	Artigo 79.º	Controlos efetuados pela União	1330	1344	260	ue/regulamentos/2014/32014R0536.md
32014R0536	Artigo 80.º	Portal da UE	1348	1352	128	ue/regulamentos/2014/32014R0536.md
32014R0536	Artigo 81.º	Base de dados da UE	1354	1388	1461	ue/regulamentos/2014/32014R0536.md
32014R0536	Artigo 82.º	Funcionalidade do portal da UE e da base de dados da UE	1390	1396	180	ue/regulamentos/2014/32014R0536.md
32014R0536	Artigo 83.º	Pontos de contacto nacionais	1400	1404	86	ue/regulamentos/2014/32014R0536.md
32014R0536	Artigo 84.º	Apoio da Agência e da Comissão	1406	1410	120	ue/regulamentos/2014/32014R0536.md
32014R0536	Artigo 85.º	Grupo Consultivo e de Coordenação de Ensaios Clínicos	1412	1430	253	ue/regulamentos/2014/32014R0536.md
32014R0536	Artigo 86.º	Princípio geral	1434	1436	86	ue/regulamentos/2014/32014R0536.md
32014R0536	Artigo 87.º	Pagamento único por atividade e por Estado-Membro	1438	1440	56	ue/regulamentos/2014/32014R0536.md
32014R0536	Artigo 88.º	Procedimento de comité	1444	1450	132	ue/regulamentos/2014/32014R0536.md
32014R0536	Artigo 89.º	Exercício da delegação	1452	1462	459	ue/regulamentos/2014/32014R0536.md
32014R0536	Artigo 90.º	Requisitos específicos aplicáveis a grupos especiais de medicamentos	1466	1470	211	ue/regulamentos/2014/32014R0536.md
32014R0536	Artigo 91.º	Relação com a demais legislação da União	1472	1474	134	ue/regulamentos/2014/32014R0536.md
32014R0536	Artigo 92.º	Medicamentos experimentais, outros medicamentos e procedimentos, sem custos para o sujeito do ensaio	1476	1478	154	ue/regulamentos/2014/32014R0536.md
32014R0536	Artigo 93.º	Proteção de dados	1480	1484	86	ue/regulamentos/2014/32014R0536.md
32014R0536	Artigo 94.º	Sanções	1486	1494	156	ue/regulamentos/2014/32014R0536.md
32014R0536	Artigo 95.º	Responsabilidade civil e penal	1496	1498	51	ue/regulamentos/2014/32014R0536.md
32014R0536	Artigo 96.º	Revogação	1502	1506	81	ue/regulamentos/2014/32014R0536.md
32014R0536	Artigo 97.º	Reexame	1508	1510	186	ue/regulamentos/2014/32014R0536.md
32014R0536	Artigo 98.º	Disposições transitórias	1512	1516	308	ue/regulamentos/2014/32014R0536.md
32014R0536	Artigo 99.º	Entrada em vigor	1518	1524	108	ue/regulamentos/2014/32014R0536.md
32014R0536	ANEXO I	DOSSIÊ DE PEDIDO DE AUTORIZAÇÃO PARA UM PRIMEIRO PEDIDO	1526	1904	8746	ue/regulamentos/2014/32014R0536.md
32014R0536	ANEXO II	DOSSIÊ DE PEDIDO DE ALTERAÇÃO SUBSTANCIAL	1906	1972	1038	ue/regulamentos/2014/32014R0536.md
32014R0536	ANEXO III	COMUNICAÇÃO DE INFORMAÇÕES DE SEGURANÇA	1974	2064	2112	ue/regulamentos/2014/32014R0536.md
32014R0536	ANEXO IV	CONTEÚDO DO RESUMO DOS RESULTADOS DOS ENSAIOS CLÍNICOS	2066	2132	774	ue/regulamentos/2014/32014R0536.md
32014R0536	ANEXO V	CONTEÚDO DO RESUMO DOS RESULTADOS DOS ENSAIOS CLÍNICOS PARA LEIGOS	2134	2156	297	ue/regulamentos/2014/32014R0536.md
32014R0536	ANEXO VI	ROTULAGEM DE MEDICAMENTOS EXPERIMENTAIS E MEDICAMENTOS AUXILIARES	2158	2292	2006	ue/regulamentos/2014/32014R0536.md
32014R0536	ANEXO VII	TABELA DE CORRESPONDÊNCIA	2294	2367	1194	ue/regulamentos/2014/32014R0536.md
32014R0537	Artigo 1.º	Objeto	33	35	144	ue/regulamentos/2014/32014R0537.md
32014R0537	Artigo 2.º	Âmbito de aplicação	37	51	656	ue/regulamentos/2014/32014R0537.md
32014R0537	Artigo 3.º	Definições	53	55	60	ue/regulamentos/2014/32014R0537.md
32014R0537	Artigo 4.º	Honorários de auditoria	59	79	929	ue/regulamentos/2014/32014R0537.md
32014R0537	Artigo 5.º	Proibição da prestação de serviços distintos da auditoria	81	179	1923	ue/regulamentos/2014/32014R0537.md
32014R0537	Artigo 6.º	Preparação para a revisão legal de contas e avaliação das ameaças à independência	181	195	315	ue/regulamentos/2014/32014R0537.md
32014R0537	Artigo 7.º	Irregularidades	197	203	303	ue/regulamentos/2014/32014R0537.md
32014R0537	Artigo 8.º	Revisão de controlo de qualidade do trabalho	205	239	963	ue/regulamentos/2014/32014R0537.md
32014R0537	Artigo 9.º	Normas internacionais de auditoria	241	243	179	ue/regulamentos/2014/32014R0537.md
32014R0537	Artigo 10.º	Relatório de auditoria ou certificação legal das contas	245	277	808	ue/regulamentos/2014/32014R0537.md
32014R0537	Artigo 11.º	Relatório adicional dirigido ao comité de auditoria	279	333	1953	ue/regulamentos/2014/32014R0537.md
32014R0537	Artigo 12.º	Relatório para as autoridades de supervisão das entidades de interesse público	335	355	1134	ue/regulamentos/2014/32014R0537.md
32014R0537	Artigo 13.º	Relatório de transparência	357	409	1370	ue/regulamentos/2014/32014R0537.md
32014R0537	Artigo 13.º-A	Acessibilidade da informação no ponto de acesso único europeu	411	445	698	ue/regulamentos/2014/32014R0537.md
32014R0537	Artigo 14.º	Informação às autoridades competentes	447	455	186	ue/regulamentos/2014/32014R0537.md
32014R0537	Artigo 15.º	Conservação de dados	457	461	219	ue/regulamentos/2014/32014R0537.md
32014R0537	Artigo 16.º	Nomeação de revisores oficiais de contas ou de sociedades de revisores oficiais de contas	465	513	1930	ue/regulamentos/2014/32014R0537.md
32014R0537	Artigo 17.º	Duração do mandato de auditoria	515	551	1398	ue/regulamentos/2014/32014R0537.md
32014R0537	Artigo 18.º	Dossiê de transferência	553	559	270	ue/regulamentos/2014/32014R0537.md
32014R0537	Artigo 19.º	Destituição e renúncia dos revisores oficiais de contas ou das sociedades de revisores oficiais de contas	561	563	152	ue/regulamentos/2014/32014R0537.md
32014R0537	Artigo 20.º	Designação das autoridades competentes	569	601	446	ue/regulamentos/2014/32014R0537.md
32014R0537	Artigo 21.º	Condições de independência	603	619	315	ue/regulamentos/2014/32014R0537.md
32014R0537	Artigo 22.º	Sigilo profissional em relação às autoridades competentes	621	623	189	ue/regulamentos/2014/32014R0537.md
32014R0537	Artigo 23.º	Poderes das autoridades competentes	625	667	791	ue/regulamentos/2014/32014R0537.md
32014R0537	Artigo 24.º	Delegação de funções	669	687	541	ue/regulamentos/2014/32014R0537.md
32014R0537	Artigo 25.º	Cooperação com outras autoridades competentes a nível nacional	689	699	206	ue/regulamentos/2014/32014R0537.md
32014R0537	Artigo 26.º	Controlo da qualidade	703	773	1886	ue/regulamentos/2014/32014R0537.md
32014R0537	Artigo 27.º	Monitorização da qualidade e competitividade do mercado	775	789	464	ue/regulamentos/2014/32014R0537.md
32014R0537	Artigo 28.º	Transparência das autoridades competentes	791	801	271	ue/regulamentos/2014/32014R0537.md
32014R0537	Artigo 29.º	Obrigação de cooperar	805	807	85	ue/regulamentos/2014/32014R0537.md
32014R0537	Artigo 30.º	Criação do CEAOB	809	865	1406	ue/regulamentos/2014/32014R0537.md
32014R0537	Artigo 31.º	Cooperação na realização de verificações de controlo de qualidade, investigações e inspeções nas instalações do revisor oficial de contas	867	893	887	ue/regulamentos/2014/32014R0537.md
32014R0537	Artigo 32.º	Colégios de autoridades competentes	895	921	719	ue/regulamentos/2014/32014R0537.md
32014R0537	Artigo 33.º	Delegação de funções	923	925	75	ue/regulamentos/2014/32014R0537.md
32014R0537	Artigo 34.º	Confidencialidade e sigilo profissional em relação à cooperação entre autoridades competentes	927	933	338	ue/regulamentos/2014/32014R0537.md
32014R0537	Artigo 35.º	Proteção de dados pessoais	935	939	98	ue/regulamentos/2014/32014R0537.md
32014R0537	Artigo 36.º	Acordos de troca de informações	943	955	442	ue/regulamentos/2014/32014R0537.md
32014R0537	Artigo 37.º	Divulgação de informações recebidas de países terceiros	957	959	147	ue/regulamentos/2014/32014R0537.md
32014R0537	Artigo 38.º	Divulgação de informações transferidas para países terceiros	961	963	193	ue/regulamentos/2014/32014R0537.md
32014R0537	Artigo 39.º	Exercício da delegação	965	975	412	ue/regulamentos/2014/32014R0537.md
32014R0537	Artigo 40.º	Análise e relatórios	977	985	343	ue/regulamentos/2014/32014R0537.md
32014R0537	Artigo 41.º	Disposição transitória	987	995	335	ue/regulamentos/2014/32014R0537.md
32014R0537	Artigo 42.º	Disposições nacionais	997	999	38	ue/regulamentos/2014/32014R0537.md
32014R0537	Artigo 43.º	Revogação da Decisão 2005/909/CE	1001	1003	22	ue/regulamentos/2014/32014R0537.md
32014R0537	Artigo 44.º	Entrada em vigor	1005	1027	632	ue/regulamentos/2014/32014R0537.md
32014R0538	Preâmbulo		18	48	845	ue/regulamentos/2014/32014R0538.md
32014R0538	Artigo 1.º		52	106	1454	ue/regulamentos/2014/32014R0538.md
32014R0538	Artigo 2.º		108	134	319	ue/regulamentos/2014/32014R0538.md
32014R0538	ANEXO	«ANEXO IV	136	220	1724	ue/regulamentos/2014/32014R0538.md
32014R0538	ANEXO V	MÓDULO PARA AS CONTAS DO SETOR DOS BENS E SERVIÇOS AMBIENTAIS	222	294	1174	ue/regulamentos/2014/32014R0538.md
32014R0538	ANEXO VI	MÓDULO PARA AS CONTAS DE FLUXOS FÍSICOS DA ENERGIA	296	388	1852	ue/regulamentos/2014/32014R0538.md
32014R0539	Preâmbulo		18	50	1308	ue/regulamentos/2014/32014R0539.md
32014R0539	Artigo 1.º	Âmbito de aplicação	54	62	246	ue/regulamentos/2014/32014R0539.md
32014R0539	Artigo 2.º	Direitos de importação	64	74	228	ue/regulamentos/2014/32014R0539.md
32014R0539	Artigo 3.º	Poderes delegados	76	78	87	ue/regulamentos/2014/32014R0539.md
32014R0539	Artigo 4.º	Exercício da delegação	80	90	410	ue/regulamentos/2014/32014R0539.md
32014R0539	Artigo 5.º	Competências de execução	92	108	187	ue/regulamentos/2014/32014R0539.md
32014R0539	Artigo 6.º	Procedimento de comité	110	116	172	ue/regulamentos/2014/32014R0539.md
32014R0539	Artigo 7.º	Revogação	118	122	69	ue/regulamentos/2014/32014R0539.md
32014R0539	Artigo 8.º	Entrada em vigor	124	156	555	ue/regulamentos/2014/32014R0539.md
32014R0539	ANEXO		158	171	214	ue/regulamentos/2014/32014R0539.md
32014R0540	Artigo 1.º	Objeto	37	39	128	ue/regulamentos/2014/32014R0540.md
32014R0540	Artigo 2.º	Âmbito de aplicação	41	43	86	ue/regulamentos/2014/32014R0540.md
32014R0540	Artigo 3.º	Definições	45	161	2031	ue/regulamentos/2014/32014R0540.md
32014R0540	Artigo 4.º	Obrigações gerais dos Estados-Membros	163	175	567	ue/regulamentos/2014/32014R0540.md
32014R0540	Artigo 5.º	Obrigações gerais dos fabricantes	177	183	239	ue/regulamentos/2014/32014R0540.md
32014R0540	Artigo 6.º	Disposições adicionais em matéria de emissões sonoras (ASEP)	185	203	582	ue/regulamentos/2014/32014R0540.md
32014R0540	Artigo 7.º	Informação aos consumidores e rotulagem	205	209	197	ue/regulamentos/2014/32014R0540.md
32014R0540	Artigo 8.º	Sistema de aviso sonoro do veículo (AVAS)	211	215	206	ue/regulamentos/2014/32014R0540.md
32014R0540	Artigo 9.º	Alteração dos Anexos	217	219	49	ue/regulamentos/2014/32014R0540.md
32014R0540	Artigo 10.º	Exercício da delegação	221	231	357	ue/regulamentos/2014/32014R0540.md
32014R0540	Artigo 11.º	Cláusula de revisão	233	235	87	ue/regulamentos/2014/32014R0540.md
32014R0540	Artigo 12.º	Alteração da Diretiva 2007/46/CE	237	239	42	ue/regulamentos/2014/32014R0540.md
32014R0540	Artigo 13.º	Disposições transitórias	241	245	116	ue/regulamentos/2014/32014R0540.md
32014R0540	Artigo 14.º	Revogação	247	251	101	ue/regulamentos/2014/32014R0540.md
32014R0540	Artigo 15.º	Entrada em vigor	253	263	123	ue/regulamentos/2014/32014R0540.md
32014R0540	ANEXO I	HOMOLOGAÇÃO UE DE UM MODELO DE VEÍCULO NO QUE RESPEITA AO NÍVEL SONORO	292	336	824	ue/regulamentos/2014/32014R0540.md
32014R0540	Apêndice 1	Ficha de informações n.º … nos termos do Anexo I da Diretiva 2007/46/CE relativa à homologação UE de um veículo no que diz respeito ao nível sonoro admissível	338	561	1568	ue/regulamentos/2014/32014R0540.md
32014R0540	Apêndice 2	Modelo de certificado de homologação UE	563	623	300	ue/regulamentos/2014/32014R0540.md
32014R0540	ANEXO II	MÉTODOS E INSTRUMENTOS PARA MEDIR O RUÍDO EMITIDO PELOS VEÍCULOS A MOTOR	691	1042	9184	ue/regulamentos/2014/32014R0540.md
32014R0540	Apêndice	Figuras	1044	1095	182	ue/regulamentos/2014/32014R0540.md
32014R0540	ANEXO III	VALORES-LIMITE	1097	1124	713	ue/regulamentos/2014/32014R0540.md
32014R0540	ANEXO IV	SISTEMAS SILENCIOSOS COM MATERIAIS FIBROSOS INSONORIZANTES	1126	1206	1402	ue/regulamentos/2014/32014R0540.md
32014R0540	Apêndice		1208	1234	200	ue/regulamentos/2014/32014R0540.md
32014R0540	ANEXO V	RUÍDO DEVIDO AO AR COMPRIMIDO	1236	1250	382	ue/regulamentos/2014/32014R0540.md
32014R0540	Apêndice		1252	1258	76	ue/regulamentos/2014/32014R0540.md
32014R0540	ANEXO VI	VERIFICAÇÃO DA CONFORMIDADE DA PRODUÇÃO DE VEÍCULOS	1260	1288	543	ue/regulamentos/2014/32014R0540.md
32014R0540	ANEXO VII	MÉTODO DE MEDIÇÃO PARA AVALIAR A CONFORMIDADE COM AS DISPOSIÇÕES ADICIONAIS EM MATÉRIA DE EMISSÕES SONORAS	1290	1538	3297	ue/regulamentos/2014/32014R0540.md
32014R0540	Apêndice	Modelo de declaração de conformidade com as disposições adicionais em matéria de emissões sonoras	1540	1554	157	ue/regulamentos/2014/32014R0540.md
32014R0540	ANEXO VIII		1556	1683	2150	ue/regulamentos/2014/32014R0540.md
32014R0540	ANEXO IX	HOMOLOGAÇÃO UE NO QUE RESPEITA AO NÍVEL SONORO DOS SISTEMAS SILENCIOSOS ENQUANTO UNIDADES TÉCNICAS (SISTEMAS SILENCIOSOS DE SUBSTITUIÇÃO)	1685	2004	5557	ue/regulamentos/2014/32014R0540.md
32014R0540	Apêndice 1	Ficha de informações n.º ... relativa à homologação UE de sistemas silenciosos de substituição para veículos a motor enquanto unidades técnicas (Regulamento (EU	2006	2090	800	ue/regulamentos/2014/32014R0540.md
32014R0540	Apêndice 2		2092	2160	364	ue/regulamentos/2014/32014R0540.md
32014R0540	Apêndice 3	Modelo de marca de homologação UE	2196	2202	106	ue/regulamentos/2014/32014R0540.md
32014R0540	Apêndice 4	Aparelhagem de ensaio	2204	2226	183	ue/regulamentos/2014/32014R0540.md
32014R0540	Apêndice 5	Pontos de medição — Contrapressão	2228	2252	127	ue/regulamentos/2014/32014R0540.md
32014R0540	ANEXO X	VERIFICAÇÃO DA CONFORMIDADE DA PRODUÇÃO DO SISTEMA SILENCIOSO DE SUBSTITUIÇÃO ENQUANTO UNIDADE TÉCNICA	2254	2272	434	ue/regulamentos/2014/32014R0540.md
32014R0540	ANEXO XI	ALTERAÇÃO DA DIRETIVA 2007/46/CE	2274	2363	843	ue/regulamentos/2014/32014R0540.md
32014R0540	ANEXO XII	TABELA DE CORRESPONDÊNCIA	2365	2412	738	ue/regulamentos/2014/32014R0540.md
32014R0542	Preâmbulo		18	64	2111	ue/regulamentos/2014/32014R0542.md
32014R0542	Artigo 1.º		68	70	26	ue/regulamentos/2014/32014R0542.md
32014R0542	«Artigo 71.º-A		72	80	212	ue/regulamentos/2014/32014R0542.md
32014R0542	Artigo 71.º-B		82	94	352	ue/regulamentos/2014/32014R0542.md
32014R0542	Artigo 71.º-C		96	100	117	ue/regulamentos/2014/32014R0542.md
32014R0542	Artigo 71.º-D		102	110	194	ue/regulamentos/2014/32014R0542.md
32014R0542	Artigo 2.º		112	142	253	ue/regulamentos/2014/32014R0542.md
32014R0546	Preâmbulo		18	60	1294	ue/regulamentos/2014/32014R0546.md
32014R0546	Artigo 1.º		64	66	24	ue/regulamentos/2014/32014R0546.md
32014R0546	«Artigo 8.º		68	84	380	ue/regulamentos/2014/32014R0546.md
32014R0546	Artigo 2.º		86	116	369	ue/regulamentos/2014/32014R0546.md
32014R0548	Artigo 1.º	Objeto e âmbito de aplicação	37	87	1179	ue/regulamentos/2014/32014R0548.md
32014R0548	Artigo 2.º	Definições	89	147	1295	ue/regulamentos/2014/32014R0548.md
32014R0548	Artigo 3.º	Requisitos de conceção ecológica	149	155	128	ue/regulamentos/2014/32014R0548.md
32014R0548	Artigo 4.º	Avaliação da conformidade	157	173	354	ue/regulamentos/2014/32014R0548.md
32014R0548	Artigo 5.º	Procedimento de verificação para efeitos de fiscalização do mercado	175	177	81	ue/regulamentos/2014/32014R0548.md
32014R0548	Artigo 6.º	Parâmetros de referência indicativos	179	183	62	ue/regulamentos/2014/32014R0548.md
32014R0548	Artigo 7.º	Reexame	185	205	387	ue/regulamentos/2014/32014R0548.md
32014R0548	Artigo 8.º	Práticas de evasão	207	211	129	ue/regulamentos/2014/32014R0548.md
32014R0548	Artigo 9.º		213	221	68	ue/regulamentos/2014/32014R0548.md
32014R0548	ANEXO I	Requisitos de conceção ecológica	223	552	5480	ue/regulamentos/2014/32014R0548.md
32014R0548	ANEXO II		554	583	530	ue/regulamentos/2014/32014R0548.md
32014R0548	ANEXO III		585	641	1332	ue/regulamentos/2014/32014R0548.md
32014R0548	ANEXO IV	Parâmetros de referência indicativos	643	671	456	ue/regulamentos/2014/32014R0548.md
32014R0550	Preâmbulo		18	38	456	ue/regulamentos/2014/32014R0550.md
32014R0550	Artigo 1.º		42	44	48	ue/regulamentos/2014/32014R0550.md
32014R0550	Artigo 2.º		46	48	81	ue/regulamentos/2014/32014R0550.md
32014R0550	Artigo 3.º		50	68	141	ue/regulamentos/2014/32014R0550.md
32014R0550	ANEXO		70	75	594	ue/regulamentos/2014/32014R0550.md
32014R0563	Artigo 1.º	Aprovação de uma substância de base	36	38	52	ue/regulamentos/2014/32014R0563.md
32014R0563	Artigo 2.º	Alterações ao Regulamento de Execução (UE) n.º 540/2011	40	42	51	ue/regulamentos/2014/32014R0563.md
32014R0563	Artigo 3.º	Entrada em vigor e data de aplicação	44	48	74	ue/regulamentos/2014/32014R0563.md
32014R0563	ANEXO I		50	59	277	ue/regulamentos/2014/32014R0563.md
32014R0563	ANEXO II		61	66	193	ue/regulamentos/2014/32014R0563.md
32014R0566	Preâmbulo		18	44	537	ue/regulamentos/2014/32014R0566.md
32014R0566	Artigo 1.º		48	50	66	ue/regulamentos/2014/32014R0566.md
32014R0566	Artigo 2.º		52	54	22	ue/regulamentos/2014/32014R0566.md
32014R0566	Artigo 3.º		56	80	244	ue/regulamentos/2014/32014R0566.md
32014R0566	ANEXO		82	82	2	ue/regulamentos/2014/32014R0566.md
32014R0566	Artigo 1.º	Objetivos e critérios de elegibilidade	86	106	627	ue/regulamentos/2014/32014R0566.md
32014R0566	Artigo 2.º	Princípios gerais	108	140	1632	ue/regulamentos/2014/32014R0566.md
32014R0566	Artigo 3.º	Quadro geral de afetação dos fundos	144	162	519	ue/regulamentos/2014/32014R0566.md
32014R0566	Artigo 4.º	Quadro geral de programação	164	178	594	ue/regulamentos/2014/32014R0566.md
32014R0566	Artigo 5.º	Documentos de programação	180	212	1123	ue/regulamentos/2014/32014R0566.md
32014R0566	Artigo 6.º	Programação relativa a países e regiões em situação de crise, pós-crise ou fragilidade	214	224	610	ue/regulamentos/2014/32014R0566.md
32014R0566	Artigo 7.º	Aprovação e modificação dos documentos de programação	226	240	710	ue/regulamentos/2014/32014R0566.md
32014R0566	Artigo 8.º	Quadro geral de execução	244	246	82	ue/regulamentos/2014/32014R0566.md
32014R0566	Artigo 9.º	Adoção de programas de ação, de medidas individuais e de medidas especiais	248	276	1535	ue/regulamentos/2014/32014R0566.md
32014R0566	Artigo 10.º	Contribuições adicionais dos Estados-Membros	278	288	462	ue/regulamentos/2014/32014R0566.md
32014R0566	Artigo 11.º	Impostos, direitos e encargos	290	294	100	ue/regulamentos/2014/32014R0566.md
32014R0566	Artigo 12.º	Proteção dos interesses financeiros da União	296	304	512	ue/regulamentos/2014/32014R0566.md
32014R0566	Artigo 13.º	Regras em matéria de nacionalidade e origem aplicáveis a procedimentos de adjudicação de contratos públicos, de concessão de subvenções e outros procedimentos d	306	308	111	ue/regulamentos/2014/32014R0566.md
32014R0566	Artigo 14.º	Responsabilidades do Comité do FED	312	338	870	ue/regulamentos/2014/32014R0566.md
32014R0566	Artigo 15.º	Fundo de Apoio à Paz em África	340	354	734	ue/regulamentos/2014/32014R0566.md
32014R0566	Artigo 16.º	Comité da Facilidade de Investimento	356	416	2126	ue/regulamentos/2014/32014R0566.md
32014R0566	Artigo 17.º	Participação de um país ou de uma região terceiro	420	422	417	ue/regulamentos/2014/32014R0566.md
32014R0566	Artigo 18.º	Acompanhamento, apresentação de relatórios e avaliação da ajuda do FED	424	442	1186	ue/regulamentos/2014/32014R0566.md
32014R0566	Artigo 19.º	Despesas no domínio da ação climática e da biodiversidade	444	446	194	ue/regulamentos/2014/32014R0566.md
32014R0566	Artigo 20.º	Serviço Europeu para a Ação Externa	448	466	397	ue/regulamentos/2014/32014R0566.md
32014R0567	Preâmbulo		18	44	555	ue/regulamentos/2014/32014R0567.md
32014R0567	Artigo 1.º		48	50	51	ue/regulamentos/2014/32014R0567.md
32014R0567	Artigo 2.º		52	74	288	ue/regulamentos/2014/32014R0567.md
32014R0567	ANEXO		76	76	2	ue/regulamentos/2014/32014R0567.md
32014R0567	Artigo 1.º	Âmbito de aplicação	82	84	52	ue/regulamentos/2014/32014R0567.md
32014R0567	Artigo 2.º	Relação com o Regulamento (UE, Euratom) n.º 966/2012	86	112	588	ue/regulamentos/2014/32014R0567.md
32014R0567	Artigo 3.º	Prazos, datas e termos	114	116	48	ue/regulamentos/2014/32014R0567.md
32014R0567	Artigo 4.º	Proteção de dados pessoais	118	122	104	ue/regulamentos/2014/32014R0567.md
32014R0567	Artigo 5.º	Princípios financeiros	126	142	86	ue/regulamentos/2014/32014R0567.md
32014R0567	Artigo 6.º	Princípio da unicidade e verdade orçamental	144	148	72	ue/regulamentos/2014/32014R0567.md
32014R0567	Artigo 7.º	Princípio da unidade de conta	150	152	40	ue/regulamentos/2014/32014R0567.md
32014R0567	Artigo 8.º	Princípio da universalidade	154	162	162	ue/regulamentos/2014/32014R0567.md
32014R0567	Artigo 9.º	Receitas afetadas	164	190	616	ue/regulamentos/2014/32014R0567.md
32014R0567	Artigo 10.º	Princípio da especificação	192	198	254	ue/regulamentos/2014/32014R0567.md
32014R0567	Artigo 11.º	Princípio da boa gestão financeira	200	212	406	ue/regulamentos/2014/32014R0567.md
32014R0567	Artigo 12.º	Controlo interno	214	216	26	ue/regulamentos/2014/32014R0567.md
32014R0567	Artigo 13.º	Princípio da transparência	218	232	555	ue/regulamentos/2014/32014R0567.md
32014R0567	Artigo 14.º	Fontes dos recursos do FED	236	240	91	ue/regulamentos/2014/32014R0567.md
32014R0567	Artigo 15.º	Remuneração do FED	242	244	35	ue/regulamentos/2014/32014R0567.md
32014R0567	Artigo 16.º	Execução do FED em conformidade com o princípio da boa gestão financeira	246	250	153	ue/regulamentos/2014/32014R0567.md
32014R0567	Artigo 17.º	Modalidades de execução	252	274	849	ue/regulamentos/2014/32014R0567.md
32014R0567	Artigo 18.º	Disposições gerais sobre os intervenientes financeiros e respetiva responsabilidade	278	284	143	ue/regulamentos/2014/32014R0567.md
32014R0567	Artigo 19.º	Gestor orçamental	286	292	387	ue/regulamentos/2014/32014R0567.md
32014R0567	Artigo 20.º	Contabilista	294	298	128	ue/regulamentos/2014/32014R0567.md
32014R0567	Artigo 21.º	Contribuição anual e parcelas	302	350	1060	ue/regulamentos/2014/32014R0567.md
32014R0567	Artigo 22.º	Pagamento das parcelas	352	360	268	ue/regulamentos/2014/32014R0567.md
32014R0567	Artigo 23.º	Juros por montantes de contribuição em falta	362	372	269	ue/regulamentos/2014/32014R0567.md
32014R0567	Artigo 24.º	Solicitação das contribuições em falta	374	376	94	ue/regulamentos/2014/32014R0567.md
32014R0567	Artigo 25.º	Outras operações relativas às receitas	378	388	355	ue/regulamentos/2014/32014R0567.md
32014R0567	Artigo 26.º	Decisões de financiamento	392	396	58	ue/regulamentos/2014/32014R0567.md
32014R0567	Artigo 27.º	Regras aplicáveis às autorizações	398	412	639	ue/regulamentos/2014/32014R0567.md
32014R0567	Artigo 28.º	Liquidação das despesas, emissão de ordens de pagamento e pagamento das despesas	414	416	69	ue/regulamentos/2014/32014R0567.md
32014R0567	Artigo 29.º	Prazos para efetuar pagamentos	418	424	202	ue/regulamentos/2014/32014R0567.md
32014R0567	Artigo 30.º	Auditor interno	428	430	44	ue/regulamentos/2014/32014R0567.md
32014R0567	Artigo 31.º	Sistemas informáticos, transmissão eletrónica e administração em linha	432	434	64	ue/regulamentos/2014/32014R0567.md
32014R0567	Artigo 32.º	Boa administração e vias de recurso	436	438	34	ue/regulamentos/2014/32014R0567.md
32014R0567	Artigo 33.º	Utilização da base de dados central sobre as exclusões	440	446	226	ue/regulamentos/2014/32014R0567.md
32014R0567	Artigo 34.º	Acordos administrativos com o SEAE	448	450	94	ue/regulamentos/2014/32014R0567.md
32014R0567	Artigo 35.º	Disposições gerais sobre os tipos de financiamento	454	486	752	ue/regulamentos/2014/32014R0567.md
32014R0567	Artigo 36.º	Contratação pública	488	520	782	ue/regulamentos/2014/32014R0567.md
32014R0567	Artigo 37.º	Subvenções	522	542	482	ue/regulamentos/2014/32014R0567.md
32014R0567	Artigo 38.º	Prémios	544	546	40	ue/regulamentos/2014/32014R0567.md
32014R0567	Artigo 39.º	Apoio orçamental	548	562	411	ue/regulamentos/2014/32014R0567.md
32014R0567	Artigo 40.º	Instrumentos financeiros	564	572	372	ue/regulamentos/2014/32014R0567.md
32014R0567	Artigo 41.º	Peritos	574	576	57	ue/regulamentos/2014/32014R0567.md
32014R0567	Artigo 42.º	Fundos fiduciários da União	578	582	87	ue/regulamentos/2014/32014R0567.md
32014R0567	Artigo 43.º	Contabilidade do FED	586	606	351	ue/regulamentos/2014/32014R0567.md
32014R0567	Artigo 44.º	Demonstrações financeiras e relatório sobre a execução financeira	608	622	282	ue/regulamentos/2014/32014R0567.md
32014R0567	Artigo 45.º	Fiscalização e comunicação de informações pela Comissão e pelo BEI	624	630	262	ue/regulamentos/2014/32014R0567.md
32014R0567	Artigo 46.º	Contabilidade	632	640	178	ue/regulamentos/2014/32014R0567.md
32014R0567	Artigo 47.º	Contabilidade orçamental	642	666	409	ue/regulamentos/2014/32014R0567.md
32014R0567	Artigo 48.º	Auditoria externa	670	684	366	ue/regulamentos/2014/32014R0567.md
32014R0567	Artigo 49.º	Declaração de fiabilidade	686	688	93	ue/regulamentos/2014/32014R0567.md
32014R0567	Artigo 50.º	Quitação a dar à Comissão	690	696	170	ue/regulamentos/2014/32014R0567.md
32014R0567	Artigo 51.º	Papel do Banco Europeu de Investimento	700	706	180	ue/regulamentos/2014/32014R0567.md
32014R0567	Artigo 52.º	Previsões de autorizações e pagamentos da Facilidade de Investimento	708	710	172	ue/regulamentos/2014/32014R0567.md
32014R0567	Artigo 53.º	Gestão das contribuições para a Facilidade de Investimento	712	720	294	ue/regulamentos/2014/32014R0567.md
32014R0567	Artigo 54.º	Remuneração do BEI	722	724	98	ue/regulamentos/2014/32014R0567.md
32014R0567	Artigo 55.º	Execução da Facilidade de Investimento	726	734	331	ue/regulamentos/2014/32014R0567.md
32014R0567	Artigo 56.º	Comunicação de informações relativas à Facilidade de Investimento	736	738	125	ue/regulamentos/2014/32014R0567.md
32014R0567	Artigo 57.º	Contabilidade, demonstrações financeiras e relatório anual da Facilidade de Investimento	740	746	341	ue/regulamentos/2014/32014R0567.md
32014R0567	Artigo 58.º	Auditoria externa e quitação das operações do BEI	748	750	114	ue/regulamentos/2014/32014R0567.md
32014R0567	Artigo 59.º	Receitas provenientes dos juros sobre os recursos do 8.º, 9.º e 10.º FED	754	756	158	ue/regulamentos/2014/32014R0567.md
32014R0567	Artigo 60.º	Aplicação do presente regulamento às operações a título do 8.º, 9.º e 10.º FED	758	760	78	ue/regulamentos/2014/32014R0567.md
32014R0567	Artigo 61.º	Lançamento dos procedimentos de contribuição	762	778	518	ue/regulamentos/2014/32014R0567.md
32014R0575	Preâmbulo		18	38	280	ue/regulamentos/2014/32014R0575.md
32014R0575	Artigo 1.º		42	44	40	ue/regulamentos/2014/32014R0575.md
32014R0575	Artigo 2.º		46	62	154	ue/regulamentos/2014/32014R0575.md
32014R0575	ANEXO		64	136	376	ue/regulamentos/2014/32014R0575.md
32014R0577	Preâmbulo		18	34	212	ue/regulamentos/2014/32014R0577.md
32014R0577	Artigo 1.º		38	40	29	ue/regulamentos/2014/32014R0577.md
32014R0577	Artigo 2.º		42	56	89	ue/regulamentos/2014/32014R0577.md
32014R0577	ANEXO		58	89	2067	ue/regulamentos/2014/32014R0577.md
32014R0578	Preâmbulo		18	36	224	ue/regulamentos/2014/32014R0578.md
32014R0578	Artigo 1.º		40	42	29	ue/regulamentos/2014/32014R0578.md
32014R0578	Artigo 2.º		44	58	89	ue/regulamentos/2014/32014R0578.md
32014R0578	ANEXO		60	91	1437	ue/regulamentos/2014/32014R0578.md
32014R0579	Artigo 1.º	Derrogação	37	39	110	ue/regulamentos/2014/32014R0579.md
32014R0579	Artigo 2.º	Condições para a derrogação	41	67	412	ue/regulamentos/2014/32014R0579.md
32014R0579	Artigo 3.º	Conservação de registos	69	75	222	ue/regulamentos/2014/32014R0579.md
32014R0579	Artigo 4.º	Revogação	77	79	15	ue/regulamentos/2014/32014R0579.md
32014R0579	Artigo 5.º		81	85	64	ue/regulamentos/2014/32014R0579.md
32014R0579	ANEXO		87	213	1798	ue/regulamentos/2014/32014R0579.md
32014R0580	Preâmbulo		18	42	824	ue/regulamentos/2014/32014R0580.md
32014R0580	Artigo 1.º		46	50	76	ue/regulamentos/2014/32014R0580.md
32014R0580	Artigo 2.º		52	54	107	ue/regulamentos/2014/32014R0580.md
32014R0580	Artigo 3.º		56	76	240	ue/regulamentos/2014/32014R0580.md
32014R0581	Preâmbulo		18	42	838	ue/regulamentos/2014/32014R0581.md
32014R0581	Artigo 1.º		46	50	78	ue/regulamentos/2014/32014R0581.md
32014R0581	Artigo 2.º		52	54	110	ue/regulamentos/2014/32014R0581.md
32014R0581	Artigo 3.º		56	76	240	ue/regulamentos/2014/32014R0581.md
32014R0582	Preâmbulo		18	42	836	ue/regulamentos/2014/32014R0582.md
32014R0582	Artigo 1.º		46	50	78	ue/regulamentos/2014/32014R0582.md
32014R0582	Artigo 2.º		52	54	110	ue/regulamentos/2014/32014R0582.md
32014R0582	Artigo 3.º		56	76	240	ue/regulamentos/2014/32014R0582.md
32014R0583	Preâmbulo		18	34	333	ue/regulamentos/2014/32014R0583.md
32014R0583	Artigo 1.º		38	40	31	ue/regulamentos/2014/32014R0583.md
32014R0583	Artigo 2.º		42	56	102	ue/regulamentos/2014/32014R0583.md
32014R0583	ANEXO		58	78	1060	ue/regulamentos/2014/32014R0583.md
32014R0588	Preâmbulo		18	46	1179	ue/regulamentos/2014/32014R0588.md
32014R0588	Artigo 1.º		50	54	136	ue/regulamentos/2014/32014R0588.md
32014R0588	Artigo 2.º		56	92	1147	ue/regulamentos/2014/32014R0588.md
32014R0591	Preâmbulo		18	44	890	ue/regulamentos/2014/32014R0591.md
32014R0591	Artigo 1.º		48	50	64	ue/regulamentos/2014/32014R0591.md
32014R0591	Artigo 2.º		52	68	152	ue/regulamentos/2014/32014R0591.md
32014R0592	Preâmbulo		18	56	1328	ue/regulamentos/2014/32014R0592.md
32014R0592	Artigo 1.º		60	66	47	ue/regulamentos/2014/32014R0592.md
32014R0592	«Artigo 6.º	Eliminação por incineração, eliminação ou recuperação por coincineração e utilização como combustível para combustão»;	68	88	728	ue/regulamentos/2014/32014R0592.md
32014R0592	Artigo 2.º		90	92	88	ue/regulamentos/2014/32014R0592.md
32014R0592	Artigo 3.º		94	112	234	ue/regulamentos/2014/32014R0592.md
32014R0592	ANEXO		114	231	4064	ue/regulamentos/2014/32014R0592.md
32014R0593	Preâmbulo		18	36	527	ue/regulamentos/2014/32014R0593.md
32014R0593	Artigo 1.º	Objeto	40	42	71	ue/regulamentos/2014/32014R0593.md
32014R0593	Artigo 2.º	Formato da notificação	44	46	102	ue/regulamentos/2014/32014R0593.md
32014R0593	Artigo 3.º	Lista de endereços de correio eletrónico	48	52	92	ue/regulamentos/2014/32014R0593.md
32014R0593	Artigo 4.º	Entrada em vigor	54	70	162	ue/regulamentos/2014/32014R0593.md
32014R0593	ANEXO	Notificação do registo de um gestor de um fundo europeu de capital de risco (EuVECA) ou da atualização de informações já notificadas	72	108	387	ue/regulamentos/2014/32014R0593.md
32014R0594	Preâmbulo		18	36	522	ue/regulamentos/2014/32014R0594.md
32014R0594	Artigo 1.º	Objeto	40	42	71	ue/regulamentos/2014/32014R0594.md
32014R0594	Artigo 2.º	Formato da notificação	44	46	104	ue/regulamentos/2014/32014R0594.md
32014R0594	Artigo 3.º	Lista de endereços de correio eletrónico	48	52	94	ue/regulamentos/2014/32014R0594.md
32014R0594	Artigo 4.º	Entrada em vigor	54	70	162	ue/regulamentos/2014/32014R0594.md
32014R0594	ANEXO	Notificação do registo de um gestor de um fundo europeu de empreendedorismo social (EuSEF) ou da atualização de informações já notificadas	72	108	390	ue/regulamentos/2014/32014R0594.md
32014R0596	Artigo 1.º	Objeto	37	39	100	ue/regulamentos/2014/32014R0596.md
32014R0596	Artigo 2.º	Âmbito	41	65	631	ue/regulamentos/2014/32014R0596.md
32014R0596	Artigo 3.º	Definições	67	199	2584	ue/regulamentos/2014/32014R0596.md
32014R0596	Artigo 4.º	Notificações e lista de instrumentos financeiros	201	251	954	ue/regulamentos/2014/32014R0596.md
32014R0596	Artigo 5.º	Isenções para os programas de recompra e para as operações de estabilização	253	307	902	ue/regulamentos/2014/32014R0596.md
32014R0596	Artigo 6.º	Isenção das atividades monetárias e de gestão da dívida pública e das atividades da política para as alterações climáticas	309	353	997	ue/regulamentos/2014/32014R0596.md
32014R0596	Artigo 7.º	Informação privilegiada	357	381	1268	ue/regulamentos/2014/32014R0596.md
32014R0596	Artigo 8.º	Abuso de informação privilegiada	383	407	701	ue/regulamentos/2014/32014R0596.md
32014R0596	Artigo 9.º	Conduta legítima	409	441	1029	ue/regulamentos/2014/32014R0596.md
32014R0596	Artigo 10.º	Transmissão ilícita de informação privilegiada	443	449	213	ue/regulamentos/2014/32014R0596.md
32014R0596	Artigo 11.º	Sondagens de mercado	451	527	2032	ue/regulamentos/2014/32014R0596.md
32014R0596	Artigo 12.º	Manipulação de mercado	529	573	1565	ue/regulamentos/2014/32014R0596.md
32014R0596	Artigo 13.º	Práticas de mercado aceites	575	647	2030	ue/regulamentos/2014/32014R0596.md
32014R0596	Artigo 14.º	Proibição de abuso de informação privilegiada e de transmissão ilícita de informação privilegiada	649	657	96	ue/regulamentos/2014/32014R0596.md
32014R0596	Artigo 15.º	Proibição de manipulação de mercado	659	661	33	ue/regulamentos/2014/32014R0596.md
32014R0596	Artigo 16.º	Prevenção e deteção de abuso de mercado	663	687	684	ue/regulamentos/2014/32014R0596.md
32014R0596	Artigo 17.º	Divulgação pública de informação privilegiada	691	803	3011	ue/regulamentos/2014/32014R0596.md
32014R0596	Artigo 18.º	Listas de pessoas com acesso a informação privilegiada	805	877	1380	ue/regulamentos/2014/32014R0596.md
32014R0596	Artigo 19.º	Operações de dirigentes	879	1017	3306	ue/regulamentos/2014/32014R0596.md
32014R0596	Artigo 20.º	Recomendações de investimento e estatísticas	1019	1031	451	ue/regulamentos/2014/32014R0596.md
32014R0596	Artigo 21.º	Divulgação ou difusão de informação nos meios de comunicação social	1033	1041	244	ue/regulamentos/2014/32014R0596.md
32014R0596	Artigo 21.º-A	Acessibilidade da informação no ponto de acesso único europeu	1043	1101	1156	ue/regulamentos/2014/32014R0596.md
32014R0596	Artigo 22.º	Autoridades competentes	1105	1107	228	ue/regulamentos/2014/32014R0596.md
32014R0596	Artigo 23.º	Poderes das autoridades competentes	1109	1159	1154	ue/regulamentos/2014/32014R0596.md
32014R0596	Artigo 24.º	Cooperação com a ESMA	1161	1171	216	ue/regulamentos/2014/32014R0596.md
32014R0596	Artigo 25.º	Obrigação de cooperar	1173	1251	2266	ue/regulamentos/2014/32014R0596.md
32014R0596	Artigo 25.º-A	Mecanismo de intercâmbio de dados sobre as ordens	1253	1309	1656	ue/regulamentos/2014/32014R0596.md
32014R0596	Artigo 25.º-B	Plataformas de colaboração	1311	1323	392	ue/regulamentos/2014/32014R0596.md
32014R0596	Artigo 26.º	Cooperação com países terceiros	1325	1341	536	ue/regulamentos/2014/32014R0596.md
32014R0596	Artigo 27.º	Sigilo profissional	1343	1353	310	ue/regulamentos/2014/32014R0596.md
32014R0596	Artigo 29.º	Transmissão de dados pessoais a países terceiros	1355	1361	276	ue/regulamentos/2014/32014R0596.md
32014R0596	Artigo 30.º	Sanções administrativas e outras medidas administrativas	1365	1441	2015	ue/regulamentos/2014/32014R0596.md
32014R0596	Artigo 31.º	Exercício dos poderes de supervisão e sancionatórios	1443	1467	497	ue/regulamentos/2014/32014R0596.md
32014R0596	Artigo 32.º	Comunicação de infrações	1469	1487	611	ue/regulamentos/2014/32014R0596.md
32014R0596	Artigo 33.º	Troca de informação com a ESMA	1489	1507	533	ue/regulamentos/2014/32014R0596.md
32014R0596	Artigo 34.º	Publicação de decisões	1509	1535	687	ue/regulamentos/2014/32014R0596.md
32014R0596	Artigo 35.º	Exercício de delegação	1539	1557	550	ue/regulamentos/2014/32014R0596.md
32014R0596	Artigo 36.º	Procedimento de Comité	1559	1563	90	ue/regulamentos/2014/32014R0596.md
32014R0596	Artigo 37.º	Revogação da Diretiva 2003/6/CE e das suas medidas de execução	1567	1569	125	ue/regulamentos/2014/32014R0596.md
32014R0596	Artigo 38.º		1571	1609	714	ue/regulamentos/2014/32014R0596.md
32014R0596	Artigo 39.º	Entrada em vigor e aplicação	1611	1631	471	ue/regulamentos/2014/32014R0596.md
32014R0596	ANEXO I		1633	1659	1060	ue/regulamentos/2014/32014R0596.md
32014R0596	ANEXO II		1661	1904	3846	ue/regulamentos/2014/32014R0596.md
32014R0598	Preâmbulo		22	86	3665	ue/regulamentos/2014/32014R0598.md
32014R0598	Artigo 1.º	Objeto, objetivos e âmbito de aplicação	90	100	324	ue/regulamentos/2014/32014R0598.md
32014R0598	Artigo 2.º	Definições	102	116	662	ue/regulamentos/2014/32014R0598.md
32014R0598	Artigo 3.º	Autoridades competentes	118	124	162	ue/regulamentos/2014/32014R0598.md
32014R0598	Artigo 4.º	Direito de recurso	126	130	158	ue/regulamentos/2014/32014R0598.md
32014R0598	Artigo 5.º	Regras gerais de gestão do ruído das aeronaves	132	170	811	ue/regulamentos/2014/32014R0598.md
32014R0598	Artigo 6.º	Regras de avaliação do ruído	172	208	906	ue/regulamentos/2014/32014R0598.md
32014R0598	Artigo 7.º	Informações sobre o nível de ruído	210	228	554	ue/regulamentos/2014/32014R0598.md
32014R0598	Artigo 8.º	Regras de introdução de restrições de operação	230	238	587	ue/regulamentos/2014/32014R0598.md
32014R0598	Artigo 9.º	Países em desenvolvimento	240	252	249	ue/regulamentos/2014/32014R0598.md
32014R0598	Artigo 10.º	Isenção para as operações de aeronaves em circunstâncias excecionais	254	262	139	ue/regulamentos/2014/32014R0598.md
32014R0598	Artigo 11.º	Atos delegados	264	272	126	ue/regulamentos/2014/32014R0598.md
32014R0598	Artigo 12.º	Exercício da delegação	274	284	410	ue/regulamentos/2014/32014R0598.md
32014R0598	Artigo 13.º	Informação e revisão	286	292	96	ue/regulamentos/2014/32014R0598.md
32014R0598	Artigo 14.º	Restrições de operação em vigor	294	296	62	ue/regulamentos/2014/32014R0598.md
32014R0598	Artigo 15.º	Revogação	298	300	27	ue/regulamentos/2014/32014R0598.md
32014R0598	Artigo 16.º	Disposições transitórias	302	304	99	ue/regulamentos/2014/32014R0598.md
32014R0598	Artigo 17.º	Entrada em vigor	306	344	653	ue/regulamentos/2014/32014R0598.md
32014R0598	ANEXO I		346	407	1397	ue/regulamentos/2014/32014R0598.md
32014R0598	ANEXO II		409	433	329	ue/regulamentos/2014/32014R0598.md
32014R0600	Artigo 1.º	Objeto e âmbito de aplicação	39	125	1586	ue/regulamentos/2014/32014R0600.md
32014R0600	Artigo 2.º	Definições	127	387	4276	ue/regulamentos/2014/32014R0600.md
32014R0600	Artigo 3.º	Requisitos de transparência pré-negociação das plataformas de negociação relativamente a ações, certificados de depósito, ETS, certificados e outros instrumento	393	399	410	ue/regulamentos/2014/32014R0600.md
32014R0600	Artigo 4.º	Dispensas para instrumentos de capital	401	467	1875	ue/regulamentos/2014/32014R0600.md
32014R0600	Artigo 5.º		469	501	825	ue/regulamentos/2014/32014R0600.md
32014R0600	Artigo 6.º	Requisitos de transparência pós-negociação das plataformas de negociação relativamente a ações, certificados de depósito, ETF, certificados e outros instrumento	503	507	312	ue/regulamentos/2014/32014R0600.md
32014R0600	Artigo 7.º	Autorização de publicação diferida	509	531	911	ue/regulamentos/2014/32014R0600.md
32014R0600	Artigo 8.º		535	547	229	ue/regulamentos/2014/32014R0600.md
32014R0600	Artigo 8.º-A	Requisitos de transparência pré-negociação das plataformas de negociação relativamente a derivados	549	565	560	ue/regulamentos/2014/32014R0600.md
32014R0600	Artigo 8.º-B	Requisitos de transparência pré-negociação das plataformas de negociação relativamente a ordens em pacote	567	573	221	ue/regulamentos/2014/32014R0600.md
32014R0600	Artigo 9.º		575	667	1918	ue/regulamentos/2014/32014R0600.md
32014R0600	Artigo 10.º	Requisitos de transparência pós-negociação das plataformas de negociação relativamente a obrigações, produtos financeiros estruturados, licenças de emissão e de	669	679	510	ue/regulamentos/2014/32014R0600.md
32014R0600	Artigo 11.º		681	769	2592	ue/regulamentos/2014/32014R0600.md
32014R0600	Artigo 11.º-A	Publicação diferida dos derivados	771	821	1932	ue/regulamentos/2014/32014R0600.md
32014R0600	Artigo 12.º	Obrigação de disponibilizar separadamente dados pré-negociação e pós-negociação	825	839	240	ue/regulamentos/2014/32014R0600.md
32014R0600	Artigo 13.º	Obrigação de disponibilizar informações pré-negociação e pós-negociação em condições comerciais razoáveis	841	873	794	ue/regulamentos/2014/32014R0600.md
32014R0600	Artigo 14.º	Obrigação de tornar públicas as ofertas de preço firmes pelos internalizadores sistemáticos relativamente a ações, certificados de depósito, ETF, certificados e	883	921	1112	ue/regulamentos/2014/32014R0600.md
32014R0600	Artigo 15.º	Execução de ordens de clientes	923	949	786	ue/regulamentos/2014/32014R0600.md
32014R0600	Artigo 16.º	Obrigações das autoridades competentes	951	955	74	ue/regulamentos/2014/32014R0600.md
32014R0600	Artigo 17.º	Acesso às ofertas de preço	957	981	714	ue/regulamentos/2014/32014R0600.md
32014R0600	Artigo 17.º-A	Variação das ofertas de preço (tick)	983	991	147	ue/regulamentos/2014/32014R0600.md
32014R0600	Artigo 20.º	Divulgação de informações pós-negociação pelas empresas de investimento, incluindo os internalizadores sistemáticos, relativamente a ações, certificados de depó	993	1019	584	ue/regulamentos/2014/32014R0600.md
32014R0600	Artigo 21.º		1021	1059	641	ue/regulamentos/2014/32014R0600.md
32014R0600	Artigo 21.º-A	Entidades de publicação designadas	1061	1071	316	ue/regulamentos/2014/32014R0600.md
32014R0600	Artigo 22.º	Prestação de informações para efeitos de transparência e outros cálculos	1073	1089	374	ue/regulamentos/2014/32014R0600.md
32014R0600	Artigo 22.º-A	Transmissão de dados ao CTP	1091	1111	868	ue/regulamentos/2014/32014R0600.md
32014R0600	Artigo 22.º-B	Qualidade dos dados	1113	1141	964	ue/regulamentos/2014/32014R0600.md
32014R0600	Artigo 22.º-C	Sincronização dos relógios profissionais	1143	1153	211	ue/regulamentos/2014/32014R0600.md
32014R0600	Artigo 23.º	Obrigação de negociação para as empresas de investimento	1155	1179	532	ue/regulamentos/2014/32014R0600.md
32014R0600	Artigo 23.º-A	Acessibilidade da informação no ponto de acesso único europeu	1181	1199	338	ue/regulamentos/2014/32014R0600.md
32014R0600	Artigo 24.º	Obrigação de assegurar a integridade dos mercados	1203	1205	112	ue/regulamentos/2014/32014R0600.md
32014R0600	Artigo 25.º	Obrigação de manter registos	1207	1223	674	ue/regulamentos/2014/32014R0600.md
32014R0600	Artigo 26.º	Obrigação de reportar transações	1225	1345	3358	ue/regulamentos/2014/32014R0600.md
32014R0600	Artigo 27.º	Obrigação de fornecer dados de referência dos instrumentos financeiros	1347	1413	1565	ue/regulamentos/2014/32014R0600.md
32014R0600	Artigo 27.º-A		1419	1421	42	ue/regulamentos/2014/32014R0600.md
32014R0600	Artigo 27.º-B	Obrigatoriedade da autorização	1423	1435	495	ue/regulamentos/2014/32014R0600.md
32014R0600	Artigo 27.º-C	Autorização dos prestadores de serviços de comunicação de dados	1437	1449	376	ue/regulamentos/2014/32014R0600.md
32014R0600	Artigo 27.º-D		1451	1485	628	ue/regulamentos/2014/32014R0600.md
32014R0600	Artigo 27.º-DA	Processo de seleção de um único CTP para cada categoria de ativos	1487	1545	1128	ue/regulamentos/2014/32014R0600.md
32014R0600	Artigo 27.º-DB	Procedimentos de concessão e recusa de autorização a CTP	1547	1583	793	ue/regulamentos/2014/32014R0600.md
32014R0600	Artigo 27.º-E	Revogação de autorização	1585	1603	312	ue/regulamentos/2014/32014R0600.md
32014R0600	Artigo 27.º-F	Requisitos aplicáveis ao órgão de administração de um prestador de serviços de comunicação de dados	1605	1625	782	ue/regulamentos/2014/32014R0600.md
32014R0600	Artigo 27.º-G	Requisitos em matéria de organização aplicáveis aos APA	1629	1695	1039	ue/regulamentos/2014/32014R0600.md
32014R0600	Artigo 27.º-H	Requisitos em matéria de organização aplicáveis aos CTP	1697	1775	1826	ue/regulamentos/2014/32014R0600.md
32014R0600	Artigo 27.º-HA	Obrigações de comunicação de informações dos CTP	1777	1789	266	ue/regulamentos/2014/32014R0600.md
32014R0600	Artigo 27.º-I	Requisitos em matéria de organização aplicáveis aos ARM	1791	1833	713	ue/regulamentos/2014/32014R0600.md
32014R0600	Artigo 28.º	Obrigação de negociar em mercados regulamentados, em MTF ou em OTF	1837	1889	1198	ue/regulamentos/2014/32014R0600.md
32014R0600	Artigo 29.º	Obrigação de compensação de derivados negociados em mercados regulamentados e prazos de aceitação para compensação	1891	1909	500	ue/regulamentos/2014/32014R0600.md
32014R0600	Artigo 30.º	Acordos de compensação indireta	1911	1919	270	ue/regulamentos/2014/32014R0600.md
32014R0600	Artigo 31.º		1921	1941	320	ue/regulamentos/2014/32014R0600.md
32014R0600	Artigo 32.º	Procedimento relativo à obrigação de negociação	1943	2025	1880	ue/regulamentos/2014/32014R0600.md
32014R0600	Artigo 32.º-A	Suspensão autónoma da obrigação de negociação	2027	2057	984	ue/regulamentos/2014/32014R0600.md
32014R0600	Artigo 33.º	Mecanismos para evitar duplicação ou conflitos de normas	2059	2077	593	ue/regulamentos/2014/32014R0600.md
32014R0600	Artigo 34.º	Registo de derivados sujeitos à obrigação de negociação	2079	2081	106	ue/regulamentos/2014/32014R0600.md
32014R0600	Artigo 35.º	Acesso não discriminatório a uma CCP	2085	2143	1801	ue/regulamentos/2014/32014R0600.md
32014R0600	Artigo 36.º	Acesso não discriminatório às plataformas de negociação	2145	2189	1004	ue/regulamentos/2014/32014R0600.md
32014R0600	Artigo 37.º	Acesso não discriminatório a índices de referência e obrigação de licenciamento de índices de referência	2191	2227	918	ue/regulamentos/2014/32014R0600.md
32014R0600	Artigo 38.º	Acesso por parte de CCP e plataformas de negociação de países terceiros	2229	2265	867	ue/regulamentos/2014/32014R0600.md
32014R0600	Artigo 38.º-A	Exercício dos poderes da ESMA	2271	2273	80	ue/regulamentos/2014/32014R0600.md
32014R0600	Artigo 38.º-B	Pedidos de informação	2275	2317	726	ue/regulamentos/2014/32014R0600.md
32014R0600	Artigo 38.º-C	Investigações de caráter geral	2319	2347	1072	ue/regulamentos/2014/32014R0600.md
32014R0600	Artigo 38.º-D	Inspeções no local	2349	2375	1059	ue/regulamentos/2014/32014R0600.md
32014R0600	Artigo 38.º-E	Troca de informações	2377	2379	53	ue/regulamentos/2014/32014R0600.md
32014R0600	Artigo 38.º-F	Sigilo profissional	2381	2383	82	ue/regulamentos/2014/32014R0600.md
32014R0600	Artigo 38.º-G	Medidas de supervisão por parte da ESMA	2385	2425	673	ue/regulamentos/2014/32014R0600.md
32014R0600	Artigo 38.º-H	Coimas	2429	2437	212	ue/regulamentos/2014/32014R0600.md
32014R0600	Artigo 38.º-I	Sanções pecuniárias compulsórias	2439	2457	386	ue/regulamentos/2014/32014R0600.md
32014R0600	Artigo 38.º-J	Divulgação, natureza, execução e afetação das coimas e sanções pecuniárias compulsórias	2459	2471	310	ue/regulamentos/2014/32014R0600.md
32014R0600	Artigo 38.º-K	Regras processuais para a tomada de medidas de supervisão e a aplicação de coimas	2473	2495	960	ue/regulamentos/2014/32014R0600.md
32014R0600	Artigo 38.º-L	Audição das pessoas sujeitas ao processo	2497	2503	278	ue/regulamentos/2014/32014R0600.md
32014R0600	Artigo 38.º-M	Controlo da legalidade pelo Tribunal de Justiça	2505	2507	88	ue/regulamentos/2014/32014R0600.md
32014R0600	Artigo 38.º-N	Taxas de autorização e supervisão	2509	2515	302	ue/regulamentos/2014/32014R0600.md
32014R0600	Artigo 38.º-O	Delegação de funções da ESMA nas autoridades competentes	2517	2535	348	ue/regulamentos/2014/32014R0600.md
32014R0600	Artigo 39.º	Controlo do mercado	2541	2549	147	ue/regulamentos/2014/32014R0600.md
32014R0600	Artigo 39.º-A	Proibição de receber pagamentos por fluxos de ordens	2551	2561	528	ue/regulamentos/2014/32014R0600.md
32014R0600	Artigo 40.º	Poderes de intervenção temporária da ESMA	2563	2615	1064	ue/regulamentos/2014/32014R0600.md
32014R0600	Artigo 41.º	Poderes de intervenção temporária da EBA	2617	2667	978	ue/regulamentos/2014/32014R0600.md
32014R0600	Artigo 42.º	Intervenção das autoridades competentes sobre produtos	2669	2723	1595	ue/regulamentos/2014/32014R0600.md
32014R0600	Artigo 43.º	Coordenação pela ESMA e pela EBA	2725	2731	344	ue/regulamentos/2014/32014R0600.md
32014R0600	Artigo 44.º	Coordenação pela ESMA das medidas nacionais de gestão de posições e de limites às posições	2735	2739	304	ue/regulamentos/2014/32014R0600.md
32014R0600	Artigo 45.º	Poderes da ESMA em matéria de gestão de posições	2741	2791	1748	ue/regulamentos/2014/32014R0600.md
32014R0600	Artigo 46.º	Disposições gerais	2795	2893	2477	ue/regulamentos/2014/32014R0600.md
32014R0600	Artigo 47.º	Decisão de equivalência	2895	2977	2780	ue/regulamentos/2014/32014R0600.md
32014R0600	Artigo 48.º	Registo	2979	2983	124	ue/regulamentos/2014/32014R0600.md
32014R0600	Artigo 49.º	Medidas a tomar pela ESMA	2985	3011	827	ue/regulamentos/2014/32014R0600.md
32014R0600	Artigo 50.º	Exercício da delegação	3017	3035	592	ue/regulamentos/2014/32014R0600.md
32014R0600	Artigo 51.º	Procedimento de comité	3039	3043	90	ue/regulamentos/2014/32014R0600.md
32014R0600	Artigo 52.º	Relatórios e revisão	3047	3139	2702	ue/regulamentos/2014/32014R0600.md
32014R0600	Artigo 53.º	Alteração do Regulamento (UE) n.º 648/2012	3141	3171	634	ue/regulamentos/2014/32014R0600.md
32014R0600	Artigo 54.º	Disposições transitórias	3173	3185	196	ue/regulamentos/2014/32014R0600.md
32014R0600	Artigo 54.º-A	Medidas transitórias relacionadas com a ESMA	3187	3199	536	ue/regulamentos/2014/32014R0600.md
32014R0600	Artigo 54.º-B	Relações com os revisores de contas	3201	3215	435	ue/regulamentos/2014/32014R0600.md
32014R0600	Artigo 55.º	Entrada em vigor e aplicação	3217	3279	1980	ue/regulamentos/2014/32014R0600.md
32014R0601	Preâmbulo		22	74	2894	ue/regulamentos/2014/32014R0601.md
32014R0601	Artigo 1.º		78	80	31	ue/regulamentos/2014/32014R0601.md
32014R0601	Artigo 2.º		82	110	449	ue/regulamentos/2014/32014R0601.md
32014R0601	ANEXO		112	237	3565	ue/regulamentos/2014/32014R0601.md
32014R0602	Preâmbulo		18	34	500	ue/regulamentos/2014/32014R0602.md
32014R0602	Artigo 1.º	Considerações gerais	38	50	784	ue/regulamentos/2014/32014R0602.md
32014R0602	Artigo 2.º	Cálculo do ponderador de risco adicional	52	68	569	ue/regulamentos/2014/32014R0602.md
32014R0602	Artigo 3.º	Entrada em vigor	70	90	240	ue/regulamentos/2014/32014R0602.md
32014R0605	Artigo 1.º		60	68	81	ue/regulamentos/2014/32014R0605.md
32014R0605	Artigo 2.º		70	78	286	ue/regulamentos/2014/32014R0605.md
32014R0605	Artigo 3.º		80	92	126	ue/regulamentos/2014/32014R0605.md
32014R0605	ANEXO I		94	111	142	ue/regulamentos/2014/32014R0605.md
32014R0605	ANEXO II		113	239	1066	ue/regulamentos/2014/32014R0605.md
32014R0605	ANEXO III		241	324	3455	ue/regulamentos/2014/32014R0605.md
32014R0607	Preâmbulo		18	40	500	ue/regulamentos/2014/32014R0607.md
32014R0607	Artigo 1.º		44	72	375	ue/regulamentos/2014/32014R0607.md
32014R0607	Artigo 2.º		74	94	363	ue/regulamentos/2014/32014R0607.md
32014R0609	Artigo 1.º	Objeto	39	41	58	ue/regulamentos/2014/32014R0609.md
32014R0609	Artigo 2.º	Data de apuramento dos recursos próprios tradicionais	43	57	446	ue/regulamentos/2014/32014R0609.md
32014R0609	Artigo 3.º	Conservação dos documentos comprovativos	59	71	404	ue/regulamentos/2014/32014R0609.md
32014R0609	Artigo 4.º	Cooperação administrativa	73	85	260	ue/regulamentos/2014/32014R0609.md
32014R0609	Artigo 5.º	Taxas aplicáveis	87	91	192	ue/regulamentos/2014/32014R0609.md
32014R0609	Artigo 6.º	Lançamento nas contas e relatórios	95	135	840	ue/regulamentos/2014/32014R0609.md
32014R0609	Artigo 7.º	Correções contabilísticas	137	139	103	ue/regulamentos/2014/32014R0609.md
32014R0609	Artigo 8.º	Retificações dos direitos apurados	141	143	104	ue/regulamentos/2014/32014R0609.md
32014R0609	Artigo 9.º	Disposições relativas ao Tesouro e à contabilidade	147	187	713	ue/regulamentos/2014/32014R0609.md
32014R0609	Artigo 10.º	Colocação à disposição dos recursos próprios tradicionais	189	199	309	ue/regulamentos/2014/32014R0609.md
32014R0609	Artigo 10.º-A	Colocação à disposição dos recursos próprios IVA e RNB	201	231	1609	ue/regulamentos/2014/32014R0609.md
32014R0609	Artigo 10.º-B	Ajustamentos aos recursos próprios IVA e RNB de exercícios anteriores	233	265	1302	ue/regulamentos/2014/32014R0609.md
32014R0609	Artigo 11.º	Ajustamento decorrente da não participação	267	289	486	ue/regulamentos/2014/32014R0609.md
32014R0609	Artigo 12.º	Juros sobre os montantes disponibilizados tardiamente	291	343	1134	ue/regulamentos/2014/32014R0609.md
32014R0609	Artigo 13.º	Montantes incobráveis	345	397	1155	ue/regulamentos/2014/32014R0609.md
32014R0609	Artigo 13.º-A	Pagamento sob reserva	401	411	362	ue/regulamentos/2014/32014R0609.md
32014R0609	Artigo 13.º-B	Procedimento de revisão	413	429	648	ue/regulamentos/2014/32014R0609.md
32014R0609	Artigo 14.º	Requisitos em matéria de gestão de tesouraria	433	445	456	ue/regulamentos/2014/32014R0609.md
32014R0609	Artigo 15.º	Execução das ordens de pagamento	447	453	208	ue/regulamentos/2014/32014R0609.md
32014R0609	Artigo 16.º	Procedimento de comité	457	461	93	ue/regulamentos/2014/32014R0609.md
32014R0609	Artigo 17.º	Disposição transitória sobre a taxa de juro	463	467	98	ue/regulamentos/2014/32014R0609.md
32014R0609	Artigo 18.º	Revogação	469	477	122	ue/regulamentos/2014/32014R0609.md
32014R0609	Artigo 19.º	Entrada em vigor	479	485	82	ue/regulamentos/2014/32014R0609.md
32014R0609	ANEXO I	REGULAMENTO REVOGADO COM A LISTA DAS SUAS ALTERAÇÕES SUCESSIVAS	487	492	88	ue/regulamentos/2014/32014R0609.md
32014R0609	ANEXO II	TABELA DE CORRESPONDÊNCIA	494	571	1347	ue/regulamentos/2014/32014R0609.md
32014R0610	Preâmbulo		18	38	702	ue/regulamentos/2014/32014R0610.md
32014R0610	Artigo 1.º		42	44	83	ue/regulamentos/2014/32014R0610.md
32014R0610	Artigo 2.º		46	64	196	ue/regulamentos/2014/32014R0610.md
32014R0612	Preâmbulo		18	62	1959	ue/regulamentos/2014/32014R0612.md
32014R0612	Artigo 1.º		66	74	62	ue/regulamentos/2014/32014R0612.md
32014R0612	Artigo 5.º-B	Operações elegíveis	88	106	371	ue/regulamentos/2014/32014R0612.md
32014R0612	Artigo 5.º-C	Características das informações	108	112	191	ue/regulamentos/2014/32014R0612.md
32014R0612	Artigo 5.º-D	Duração do apoio	114	116	28	ue/regulamentos/2014/32014R0612.md
32014R0612	Artigo 5.º-E	Adiantamentos	118	120	49	ue/regulamentos/2014/32014R0612.md
32014R0612	Artigo 5.º-F	Demarcação com o desenvolvimento rural e a promoção de produtos agrícolas	122	124	98	ue/regulamentos/2014/32014R0612.md
32014R0612	Artigo 5.º-G	Custos elegíveis	128	142	352	ue/regulamentos/2014/32014R0612.md
32014R0612	«Artigo 6.º-A	Replantação por motivos de saúde ou de fitossanidade	144	160	404	ue/regulamentos/2014/32014R0612.md
32014R0612	Artigo 20.º-A	Operações elegíveis	164	180	316	ue/regulamentos/2014/32014R0612.md
32014R0612	Artigo 20.º-B	Demarcação com o desenvolvimento rural e outros regimes jurídicos e instrumentos financeiros	182	184	98	ue/regulamentos/2014/32014R0612.md
32014R0612	Artigo 2.º	Entrada em vigor	186	212	521	ue/regulamentos/2014/32014R0612.md
32014R0613	Preâmbulo		18	34	300	ue/regulamentos/2014/32014R0613.md
32014R0613	Artigo 1.º		38	40	42	ue/regulamentos/2014/32014R0613.md
32014R0613	Artigo 2.º		42	44	37	ue/regulamentos/2014/32014R0613.md
32014R0613	Artigo 3.º		46	64	111	ue/regulamentos/2014/32014R0613.md
32014R0613	ANEXO I		66	92	1026	ue/regulamentos/2014/32014R0613.md
32014R0613	ANEXO II	DOCUMENTO ÚNICO CONSOLIDADO	94	192	2619	ue/regulamentos/2014/32014R0613.md
32014R0614	Preâmbulo		18	46	1127	ue/regulamentos/2014/32014R0614.md
32014R0614	Artigo 1.º	Alteração do Regulamento (CE) n.º 555/2008	50	68	306	ue/regulamentos/2014/32014R0614.md
32014R0614	«Artigo 5.º-FA	Procedimento de seleção	70	106	562	ue/regulamentos/2014/32014R0614.md
32014R0614	«Artigo 20.º-C	Gestão financeira	108	150	1242	ue/regulamentos/2014/32014R0614.md
32014R0614	Artigo 2.º	Entrada em vigor	152	172	348	ue/regulamentos/2014/32014R0614.md
32014R0614	ANEXO		174	857	8036	ue/regulamentos/2014/32014R0614.md
32014R0617	Preâmbulo		18	60	2227	ue/regulamentos/2014/32014R0617.md
32014R0617	Artigo 1.º		64	66	34	ue/regulamentos/2014/32014R0617.md
32014R0617	Artigo 2.º		68	70	54	ue/regulamentos/2014/32014R0617.md
32014R0617	Artigo 3.º		72	102	766	ue/regulamentos/2014/32014R0617.md
32014R0617	ANEXO		104	1146	15145	ue/regulamentos/2014/32014R0617.md
32014R0618	Preâmbulo		18	34	332	ue/regulamentos/2014/32014R0618.md
32014R0618	Artigo 1.º		38	40	46	ue/regulamentos/2014/32014R0618.md
32014R0618	Artigo 2.º		42	64	128	ue/regulamentos/2014/32014R0618.md
32014R0618	ANEXO		66	74	46	ue/regulamentos/2014/32014R0618.md
32014R0620	Preâmbulo		18	48	1357	ue/regulamentos/2014/32014R0620.md
32014R0620	Artigo 1.º	Objeto	52	56	118	ue/regulamentos/2014/32014R0620.md
32014R0620	Artigo 2.º	Data limite de entrega e frequência do intercâmbio de informações respeitantes às instituições que operam através de uma sucursal	58	68	418	ue/regulamentos/2014/32014R0620.md
32014R0620	Artigo 3.º	Procedimentos operacionais para a transmissão de informações entre as autoridades competentes	70	92	666	ue/regulamentos/2014/32014R0620.md
32014R0620	Artigo 4.º	Formulários e modelos a utilizar para o intercâmbio de informações respeitantes às instituições que operam através de uma sucursal	94	118	756	ue/regulamentos/2014/32014R0620.md
32014R0620	Artigo 5.º	Pedidos de informações ad hoc das autoridades competentes	120	128	370	ue/regulamentos/2014/32014R0620.md
32014R0620	Artigo 6.º	Intercâmbio de informações respeitantes aos prestadores de serviços transfronteiras	130	132	183	ue/regulamentos/2014/32014R0620.md
32014R0620	Artigo 7.º	Intercâmbio de informações relativamente às instituições que operam através de uma sucursal em caso de dificuldades de liquidez que afetem a instituição ou a pr	134	136	124	ue/regulamentos/2014/32014R0620.md
32014R0620	Artigo 8.º	Entrada em vigor	138	156	264	ue/regulamentos/2014/32014R0620.md
32014R0620	ANEXO I		158	374	9758	ue/regulamentos/2014/32014R0620.md
32014R0620	ANEXO II		376	430	963	ue/regulamentos/2014/32014R0620.md
32014R0622	Preâmbulo		18	38	1311	ue/regulamentos/2014/32014R0622.md
32014R0622	Artigo 1.º		42	58	307	ue/regulamentos/2014/32014R0622.md
32014R0622	Artigo 2.º		60	68	238	ue/regulamentos/2014/32014R0622.md
32014R0622	Artigo 3.º		70	96	567	ue/regulamentos/2014/32014R0622.md
32014R0622	Artigo 4.º		98	102	135	ue/regulamentos/2014/32014R0622.md
32014R0622	Artigo 5.º		104	112	184	ue/regulamentos/2014/32014R0622.md
32014R0622	Artigo 6.º		114	120	209	ue/regulamentos/2014/32014R0622.md
32014R0622	Artigo 7.º		122	158	1282	ue/regulamentos/2014/32014R0622.md
32014R0622	Artigo 8.º		160	182	248	ue/regulamentos/2014/32014R0622.md
32014R0623	Preâmbulo		18	38	712	ue/regulamentos/2014/32014R0623.md
32014R0623	Artigo 1.º		42	54	164	ue/regulamentos/2014/32014R0623.md
32014R0623	Artigo 2.º		56	74	200	ue/regulamentos/2014/32014R0623.md
32014R0624	Preâmbulo		18	38	757	ue/regulamentos/2014/32014R0624.md
32014R0624	Artigo 1.º		42	44	74	ue/regulamentos/2014/32014R0624.md
32014R0624	Artigo 2.º		46	64	199	ue/regulamentos/2014/32014R0624.md
32014R0626	Preâmbulo		18	42	632	ue/regulamentos/2014/32014R0626.md
32014R0626	Artigo 1.º		46	51	257	ue/regulamentos/2014/32014R0626.md
32014R0626	Artigo 2.º		53	69	102	ue/regulamentos/2014/32014R0626.md
32014R0627	Preâmbulo		18	38	588	ue/regulamentos/2014/32014R0627.md
32014R0627	Artigo 1.º		42	50	145	ue/regulamentos/2014/32014R0627.md
32014R0627	Artigo 2.º		52	54	64	ue/regulamentos/2014/32014R0627.md
32014R0627	Artigo 3.º		56	72	183	ue/regulamentos/2014/32014R0627.md
32014R0627	ANEXO		74	107	544	ue/regulamentos/2014/32014R0627.md
32014R0629	Preâmbulo		18	46	693	ue/regulamentos/2014/32014R0629.md
32014R0629	Artigo 1.º	Alteração do Regulamento de Execução (UE) n.º 540/2011	50	52	58	ue/regulamentos/2014/32014R0629.md
32014R0629	Artigo 2.º	Medidas transitórias	54	56	73	ue/regulamentos/2014/32014R0629.md
32014R0629	Artigo 3.º	Prazo de tolerância	58	60	63	ue/regulamentos/2014/32014R0629.md
32014R0629	Artigo 4.º	Entrada em vigor	62	80	244	ue/regulamentos/2014/32014R0629.md
32014R0630	Preâmbulo		18	34	302	ue/regulamentos/2014/32014R0630.md
32014R0630	Artigo 1.º		38	40	31	ue/regulamentos/2014/32014R0630.md
32014R0630	Artigo 2.º		42	56	102	ue/regulamentos/2014/32014R0630.md
32014R0630	ANEXO		58	86	1452	ue/regulamentos/2014/32014R0630.md
32014R0632	Preâmbulo		18	48	1336	ue/regulamentos/2014/32014R0632.md
32014R0632	Artigo 1.º	Aprovação da substância ativa	52	54	42	ue/regulamentos/2014/32014R0632.md
32014R0632	Artigo 2.º	Reavaliação de produtos fitofarmacêuticos	56	68	552	ue/regulamentos/2014/32014R0632.md
32014R0632	Artigo 3.º	Alteração do Regulamento de Execução (UE) n.º 540/2011	70	72	48	ue/regulamentos/2014/32014R0632.md
32014R0632	Artigo 4.º	Entrada em vigor e data de aplicação	74	102	468	ue/regulamentos/2014/32014R0632.md
32014R0632	ANEXO I		104	110	297	ue/regulamentos/2014/32014R0632.md
32014R0632	ANEXO II		112	120	326	ue/regulamentos/2014/32014R0632.md
32014R0633	Preâmbulo		18	48	948	ue/regulamentos/2014/32014R0633.md
32014R0633	Artigo 1.º		52	54	32	ue/regulamentos/2014/32014R0633.md
32014R0633	Artigo 2.º		56	58	32	ue/regulamentos/2014/32014R0633.md
32014R0633	Artigo 3.º		60	80	194	ue/regulamentos/2014/32014R0633.md
32014R0633	ANEXO I		82	89	392	ue/regulamentos/2014/32014R0633.md
32014R0633	ANEXO II		91	98	180	ue/regulamentos/2014/32014R0633.md
32014R0643	Preâmbulo		18	54	1537	ue/regulamentos/2014/32014R0643.md
32014R0643	Artigo 1.º	Procedimento a seguir para a comunicação de informações	58	64	203	ue/regulamentos/2014/32014R0643.md
32014R0643	Artigo 2.º	Formato e formulários para a comunicação de informações	66	86	425	ue/regulamentos/2014/32014R0643.md
32014R0643	Artigo 3.º	Entrada em vigor	88	108	371	ue/regulamentos/2014/32014R0643.md
32014R0643	ANEXO		110	208	3105	ue/regulamentos/2014/32014R0643.md
32014R0646	Preâmbulo		18	38	456	ue/regulamentos/2014/32014R0646.md
32014R0646	Artigo 1.º		42	44	48	ue/regulamentos/2014/32014R0646.md
32014R0646	Artigo 2.º		46	48	81	ue/regulamentos/2014/32014R0646.md
32014R0646	Artigo 3.º		50	68	141	ue/regulamentos/2014/32014R0646.md
32014R0646	ANEXO		70	79	489	ue/regulamentos/2014/32014R0646.md
32014R0647	Preâmbulo		18	38	456	ue/regulamentos/2014/32014R0647.md
32014R0647	Artigo 1.º		42	44	48	ue/regulamentos/2014/32014R0647.md
32014R0647	Artigo 2.º		46	48	81	ue/regulamentos/2014/32014R0647.md
32014R0647	Artigo 3.º		50	68	141	ue/regulamentos/2014/32014R0647.md
32014R0647	ANEXO		70	79	290	ue/regulamentos/2014/32014R0647.md
32014R0650	Artigo 1.º	Disposições legais, regulamentares e administrativas e orientações gerais	28	30	117	ue/regulamentos/2014/32014R0650.md
32014R0650	Artigo 2.º	Opções e poderes discricionários	32	34	91	ue/regulamentos/2014/32014R0650.md
32014R0650	Artigo 3.º	Critérios e metodologias gerais dos processos de análise e avaliação para efeitos de supervisão	36	38	108	ue/regulamentos/2014/32014R0650.md
32014R0650	Artigo 4.º	Dados estatísticos agregados	40	42	87	ue/regulamentos/2014/32014R0650.md
32014R0650	Artigo 5.º	Data de publicação anual	44	54	197	ue/regulamentos/2014/32014R0650.md
32014R0650	Artigo 6.º	Disposições finais	56	62	70	ue/regulamentos/2014/32014R0650.md
32014R0650	ANEXO I	Regras e orientações	64	232	5793	ue/regulamentos/2014/32014R0650.md
32014R0650	ANEXO II	Opções e poderes discricionários	234	423	17017	ue/regulamentos/2014/32014R0650.md
32014R0650	ANEXO III		425	441	1749	ue/regulamentos/2014/32014R0650.md
32014R0650	ANNEX IV	Dados estatísticos agregados	443	694	10228	ue/regulamentos/2014/32014R0650.md
32014R0651	Artigo 1.º	Âmbito de aplicação	63	197	2619	ue/regulamentos/2014/32014R0651.md
32014R0651	Artigo 2.º	Definições	199	1115	23923	ue/regulamentos/2014/32014R0651.md
32014R0651	Artigo 3.º	Condições de isenção	1117	1119	138	ue/regulamentos/2014/32014R0651.md
32014R0651	Artigo 4.º	Limiares de notificação	1121	1285	3730	ue/regulamentos/2014/32014R0651.md
32014R0651	Artigo 5.º	Transparência dos auxílios	1287	1351	1300	ue/regulamentos/2014/32014R0651.md
32014R0651	Artigo 6.º	Efeito de incentivo	1353	1439	1624	ue/regulamentos/2014/32014R0651.md
32014R0651	Artigo 7.º	Intensidade de auxílio e custos elegíveis	1441	1459	794	ue/regulamentos/2014/32014R0651.md
32014R0651	Artigo 8.º	Cumulação	1461	1499	1638	ue/regulamentos/2014/32014R0651.md
32014R0651	Artigo 9.º	Publicação e informação	1501	1557	1182	ue/regulamentos/2014/32014R0651.md
32014R0651	Artigo 10.º	Retirada do benefício da isenção por categoria	1561	1565	214	ue/regulamentos/2014/32014R0651.md
32014R0651	Artigo 11.º	Relatórios	1567	1585	634	ue/regulamentos/2014/32014R0651.md
32014R0651	Artigo 12.º	Monitorização	1587	1601	546	ue/regulamentos/2014/32014R0651.md
32014R0651	Artigo 13.º	Âmbito de aplicação dos auxílios com finalidade regional	1611	1623	341	ue/regulamentos/2014/32014R0651.md
32014R0651	Artigo 14.º	Auxílios regionais ao investimento	1625	1707	2338	ue/regulamentos/2014/32014R0651.md
32014R0651	Artigo 15.º	Auxílios regionais ao funcionamento	1709	1743	739	ue/regulamentos/2014/32014R0651.md
32014R0651	Artigo 16.º	Auxílios regionais ao desenvolvimento urbano	1747	1811	1684	ue/regulamentos/2014/32014R0651.md
32014R0651	Artigo 17.º	Auxílios ao investimento a favor das PME	1815	1879	949	ue/regulamentos/2014/32014R0651.md
32014R0651	Artigo 18.º	Auxílios em matéria de consultoria a favor das PME	1881	1889	211	ue/regulamentos/2014/32014R0651.md
32014R0651	Artigo 19.º	Auxílios às PME para a participação em feiras	1891	1899	165	ue/regulamentos/2014/32014R0651.md
32014R0651	Artigo 19.º-A	Auxílios aos custos suportados pelas PME que participam em projetos de desenvolvimento local de base comunitária («DLBC»)	1901	1917	406	ue/regulamentos/2014/32014R0651.md
32014R0651	Artigo 19.º-B	Montantes limitados de auxílio para as PME que participam em projetos de desenvolvimento local de base comunitária («DLBC»)	1919	1925	162	ue/regulamentos/2014/32014R0651.md
32014R0651	Artigo 19.º-C	Auxílios às microempresas sob a forma de intervenções públicas relativas ao fornecimento de eletricidade, gás ou calor	1927	1945	457	ue/regulamentos/2014/32014R0651.md
32014R0651	Artigo 19.º-D	Auxílios às PME sob a forma de intervenções públicas temporárias relativas ao fornecimento de eletricidade, de gás ou de calor produzido a partir de gás natural	1947	1979	905	ue/regulamentos/2014/32014R0651.md
32014R0651	Artigo 20.º	Auxílios aos custos suportados pelas empresas que participam em projetos de cooperação territorial europeia	1985	2005	360	ue/regulamentos/2014/32014R0651.md
32014R0651	Artigo 20.º-A	Montantes limitados de auxílio a empresas pela participação em projetos de cooperação territorial europeia	2007	2015	190	ue/regulamentos/2014/32014R0651.md
32014R0651	Artigo 21.º	Auxílios ao financiamento de risco	2021	2139	4338	ue/regulamentos/2014/32014R0651.md
32014R0651	Artigo 21.º-A	Auxílios ao financiamento de risco a favor das PME sob a forma de incentivos fiscais para investidores privados que sejam pessoas singulares	2141	2163	1424	ue/regulamentos/2014/32014R0651.md
32014R0651	Artigo 22.º	Auxílio às empresas em fase de arranque	2165	2219	1974	ue/regulamentos/2014/32014R0651.md
32014R0651	Artigo 23.º	Auxílios a plataformas de negociação alternativas especializadas em PME	2221	2231	262	ue/regulamentos/2014/32014R0651.md
32014R0651	Artigo 24.º	Auxílios aos custos de prospeção	2233	2251	353	ue/regulamentos/2014/32014R0651.md
32014R0651	Artigo 25.º	Auxílios a projetos de investigação e desenvolvimento	2255	2339	1749	ue/regulamentos/2014/32014R0651.md
32014R0651	Artigo 25.º-A	Auxílios a projetos aos quais tenha sido atribuído um rótulo de qualidade Selo de Excelência	2341	2351	436	ue/regulamentos/2014/32014R0651.md
32014R0651	Artigo 25.º-B	Auxílios às ações Marie Skłodowska-Curie e às ações ao abrigo da prova de conceito do ERC	2353	2361	304	ue/regulamentos/2014/32014R0651.md
32014R0651	Artigo 25.º-C	Auxílios incluídos em projetos cofinanciados de investigação e desenvolvimento	2363	2373	571	ue/regulamentos/2014/32014R0651.md
32014R0651	Artigo 25.º-D	Auxílios às ações de associação de equipas	2375	2395	789	ue/regulamentos/2014/32014R0651.md
32014R0651	Artigo 25.º-E	Auxílios incluídos no cofinanciamento de projetos apoiados pelo Fundo Europeu de Defesa ou pelo Programa Europeu de Desenvolvimento Industrial no domínio da Def	2397	2407	506	ue/regulamentos/2014/32014R0651.md
32014R0651	Artigo 26.º	Auxílios ao investimento a favor de infraestruturas de investigação	2409	2429	556	ue/regulamentos/2014/32014R0651.md
32014R0651	Artigo 26.º-A	Auxílios ao investimento a favor de infraestruturas de ensaio e experimentação	2431	2451	517	ue/regulamentos/2014/32014R0651.md
32014R0651	Artigo 27.º	Auxílios aos polos de inovação	2453	2485	818	ue/regulamentos/2014/32014R0651.md
32014R0651	Artigo 28.º	Auxílios à inovação a favor das PME	2487	2509	380	ue/regulamentos/2014/32014R0651.md
32014R0651	Artigo 29.º	Auxílios à inovação em matéria de processos e organização	2511	2527	330	ue/regulamentos/2014/32014R0651.md
32014R0651	Artigo 30.º	Auxílios à investigação e desenvolvimento nos setores da pesca e da aquicultura	2529	2551	501	ue/regulamentos/2014/32014R0651.md
32014R0651	Artigo 31.º	Auxílios à formação	2555	2585	520	ue/regulamentos/2014/32014R0651.md
32014R0651	Artigo 32.º	Auxílios à contratação de trabalhadores desfavorecidos sob a forma de subvenções salariais	2589	2601	430	ue/regulamentos/2014/32014R0651.md
32014R0651	Artigo 33.º	Auxílios ao emprego de trabalhadores com deficiência sob a forma de subvenções salariais	2603	2613	340	ue/regulamentos/2014/32014R0651.md
32014R0651	Artigo 34.º	Auxílios sob a forma de compensação dos custos adicionais decorrentes do emprego de trabalhadores com deficiência	2615	2633	462	ue/regulamentos/2014/32014R0651.md
32014R0651	Artigo 35.º	Auxílios sob a forma de compensação dos custos da assistência prestada a trabalhadores desfavorecidos	2635	2647	342	ue/regulamentos/2014/32014R0651.md
32014R0651	Artigo 36.º	Auxílios ao investimento a favor da proteção do ambiente, incluindo a descarbonização	2653	2747	3419	ue/regulamentos/2014/32014R0651.md
32014R0651	Artigo 36.º-A	Auxílios ao investimento a favor de infraestruturas de carregamento ou de reabastecimento	2749	2789	2071	ue/regulamentos/2014/32014R0651.md
32014R0651	Artigo 36.º.ºB	Auxílios ao investimento para a aquisição de veículos não poluentes ou de veículos com nível nulo de emissões e para a adaptação de veículos	2791	2829	1527	ue/regulamentos/2014/32014R0651.md
32014R0651	Artigo 38.º	Auxílios ao investimento a favor de projetos de eficiência energética, exceto em edifícios	2831	2889	1720	ue/regulamentos/2014/32014R0651.md
32014R0651	Artigo 38.º-A	Auxílios ao investimento a favor de medidas de eficiência energética em edifícios	2891	2937	1857	ue/regulamentos/2014/32014R0651.md
32014R0651	Artigo 38.º-B	Auxílios à promoção dos contratos de desempenho energético	2939	2957	548	ue/regulamentos/2014/32014R0651.md
32014R0651	Artigo 39.º	Auxílios ao investimento a favor de projetos de eficiência energética em edifícios sob a forma de instrumentos financeiros	2959	3047	2565	ue/regulamentos/2014/32014R0651.md
32014R0651	Artigo 41.º	Auxílios ao investimento a favor da promoção de energia produzida a partir de fontes renováveis, de hidrogénio renovável e da cogeração de elevada eficiência	3049	3103	1740	ue/regulamentos/2014/32014R0651.md
32014R0651	Artigo 42.º	Auxílios ao funcionamento a favor da promoção de eletricidade produzida a partir de fontes renováveis	3105	3149	1252	ue/regulamentos/2014/32014R0651.md
32014R0651	Artigo 43.º	Auxílios ao funcionamento a favor da promoção da energia produzida a partir de fontes renováveis e de hidrogénio renovável em pequenos projetos e comunidades de	3151	3201	1296	ue/regulamentos/2014/32014R0651.md
32014R0651	Artigo 44.º	Auxílios sob a forma de reduções dos impostos nos termos da Diretiva 2003/96/CE	3203	3227	780	ue/regulamentos/2014/32014R0651.md
32014R0651	Artigo 44.º-A	Auxílios sob a forma de reduções de impostos ou imposições parafiscais ambientais	3229	3243	546	ue/regulamentos/2014/32014R0651.md
32014R0651	Artigo 45.º	Auxílios ao investimento a favor da reparação de danos ambientais, da reabilitação de habitats naturais e ecossistemas, da proteção ou restauração da biodiversi	3245	3277	1332	ue/regulamentos/2014/32014R0651.md
32014R0651	Artigo 46.º	Auxílios ao investimento a favor de um sistema de aquecimento e/ou arrefecimento urbano energeticamente eficiente	3279	3301	1218	ue/regulamentos/2014/32014R0651.md
32014R0651	Artigo 47.º	Auxílios ao investimento a favor da eficiência dos recursos e destinados a apoiar a transição para uma economia circular	3303	3349	1556	ue/regulamentos/2014/32014R0651.md
32014R0651	Artigo 48.º	Auxílios ao investimento a favor de infraestruturas energéticas	3351	3363	486	ue/regulamentos/2014/32014R0651.md
32014R0651	Artigo 49.º	Auxílios a estudos e serviços de consultoria em matéria de proteção do ambiente e energia	3365	3381	456	ue/regulamentos/2014/32014R0651.md
32014R0651	Artigo 50.º	Auxílios destinados a remediar os danos causados por certas calamidades naturais	3385	3399	712	ue/regulamentos/2014/32014R0651.md
32014R0651	Artigo 51.º	Auxílios sociais ao transporte para habitantes de regiões periféricas	3403	3415	324	ue/regulamentos/2014/32014R0651.md
32014R0651	Artigo 52.º	Auxílios a redes fixas de banda larga	3421	3475	2685	ue/regulamentos/2014/32014R0651.md
32014R0651	Artigo 52.º-A	Auxílios a redes móveis 4G e 5G	3477	3525	2314	ue/regulamentos/2014/32014R0651.md
32014R0651	Artigo 52.º-B	Auxílios a projetos de interesse comum no domínio das infraestruturas transeuropeias de conectividade digital	3527	3595	2540	ue/regulamentos/2014/32014R0651.md
32014R0651	Artigo 52.º-C	Vales de conectividade	3597	3629	1581	ue/regulamentos/2014/32014R0651.md
32014R0651	Artigo 52.º-D	Auxílios às redes intermédias	3631	3669	1945	ue/regulamentos/2014/32014R0651.md
32014R0651	Artigo 53.º	Auxílios à cultura e conservação do património	3673	3739	1809	ue/regulamentos/2014/32014R0651.md
32014R0651	Artigo 54.º	Regimes de auxílio a obras audiovisuais	3741	3789	947	ue/regulamentos/2014/32014R0651.md
32014R0651	Artigo 55.º	Auxílios a infraestruturas desportivas e recreativas multifuncionais	3793	3825	994	ue/regulamentos/2014/32014R0651.md
32014R0651	Artigo 56.º	Auxílios ao investimento a favor de infraestruturas locais	3829	3845	458	ue/regulamentos/2014/32014R0651.md
32014R0651	Artigo 56.º-A	Auxílios a favor de aeroportos regionais	3849	3889	1462	ue/regulamentos/2014/32014R0651.md
32014R0651	Artigo 56.º-B	Auxílios a favor de portos marítimos	3893	3957	1444	ue/regulamentos/2014/32014R0651.md
32014R0651	Artigo 56.º-C	Auxílios a favor de portos interiores	3959	4009	1198	ue/regulamentos/2014/32014R0651.md
32014R0651	Artigo 56.º-D	Âmbito de aplicação e condições comuns	4013	4031	434	ue/regulamentos/2014/32014R0651.md
32014R0651	Artigo 56.º-E	Condições aplicáveis aos auxílios incluídos em produtos financeiros apoiados pelo Fundo InvestEU	4033	4263	6296	ue/regulamentos/2014/32014R0651.md
32014R0651	Artigo 56.º-F	Condições aplicáveis aos auxílios incluídos em produtos financeiros intermediados com fins comerciais apoiados pelo Fundo InvestEU	4265	4275	180	ue/regulamentos/2014/32014R0651.md
32014R0651	Artigo 57.º	Revogação	4279	4281	18	ue/regulamentos/2014/32014R0651.md
32014R0651	Artigo 58.º	Disposições transitórias	4283	4307	854	ue/regulamentos/2014/32014R0651.md
32014R0651	Artigo 59.º		4309	4319	68	ue/regulamentos/2014/32014R0651.md
32014R0651	ANEXO I	DEFINIÇÃO DE PME	4321	4409	2400	ue/regulamentos/2014/32014R0651.md
32014R0651	Artigo 1.º	Empresa	4323	4325	96	ue/regulamentos/2014/32014R0651.md
32014R0651	Artigo 2.º	Efetivos e limiares financeiros que definem as categorias de empresas	4327	4333	178	ue/regulamentos/2014/32014R0651.md
32014R0651	Artigo 3.º	Tipos de empresa tomados em consideração para o cálculo dos efetivos e dos montantes financeiros	4335	4371	1052	ue/regulamentos/2014/32014R0651.md
32014R0651	Artigo 4.º	Dados a utilizar no cálculo dos efetivos e dos montantes financeiros e período de referência	4373	4379	256	ue/regulamentos/2014/32014R0651.md
32014R0651	Artigo 5.º	Efetivos	4381	4393	246	ue/regulamentos/2014/32014R0651.md
32014R0651	Artigo 6.º	Determinação dos dados da empresa	4395	4409	563	ue/regulamentos/2014/32014R0651.md
32014R0651	ANEXO II	INFORMAÇÕES RELATIVAS AOS AUXÍLIOS ESTATAIS ISENTOS NAS CONDIÇÕES DO PRESENTE REGULAMENTO	4411	4648	5148	ue/regulamentos/2014/32014R0651.md
32014R0651	ANEXO III	Disposições para a publicação de informações, tal como previsto no artigo 9.º, n.º 1	4650	4680	416	ue/regulamentos/2014/32014R0651.md
32014R0651	ANEXO IV	Lista das matérias-primas críticas a que se refere o artigo 21.º, n.º 3, alínea c), e o artigo 56.º-E, n.º 10, alínea a), subalínea ii)	4682	4898	4966	ue/regulamentos/2014/32014R0651.md
32014R0653	Artigo 1.º		38	422	8109	ue/regulamentos/2014/32014R0653.md
32014R0653	Artigo 2.º		438	448	357	ue/regulamentos/2014/32014R0653.md
32014R0654	Artigo 1.º	Objeto	35	45	190	ue/regulamentos/2014/32014R0654.md
32014R0654	Artigo 2.º	Definições	47	61	299	ue/regulamentos/2014/32014R0654.md
32014R0654	Artigo 3.º	Âmbito de aplicação	63	89	572	ue/regulamentos/2014/32014R0654.md
32014R0654	Artigo 4.º	Exercício dos direitos da União	91	125	909	ue/regulamentos/2014/32014R0654.md
32014R0654	Artigo 5.º	Medidas de política comercial	127	179	1218	ue/regulamentos/2014/32014R0654.md
32014R0654	Artigo 6.º	Regras de origem	181	203	537	ue/regulamentos/2014/32014R0654.md
32014R0654	Artigo 7.º	Suspensão, alteração e revogação das medidas	205	225	575	ue/regulamentos/2014/32014R0654.md
32014R0654	Artigo 8.º	Procedimento de comité	227	235	164	ue/regulamentos/2014/32014R0654.md
32014R0654	Artigo 9.º	Recolha de informações	237	271	769	ue/regulamentos/2014/32014R0654.md
32014R0654	Artigo 10.º	Revisão	273	281	170	ue/regulamentos/2014/32014R0654.md
32014R0654	Artigo 12.º	Entrada em vigor	283	287	69	ue/regulamentos/2014/32014R0654.md
32014R0655	Artigo 1.º	Objeto	30	34	141	ue/regulamentos/2014/32014R0655.md
32014R0655	Artigo 2.º	Âmbito de aplicação	36	54	389	ue/regulamentos/2014/32014R0655.md
32014R0655	Artigo 3.º	Processos transfronteiriços	56	64	154	ue/regulamentos/2014/32014R0655.md
32014R0655	Artigo 4.º	Definições	66	106	933	ue/regulamentos/2014/32014R0655.md
32014R0655	Artigo 5.º	Acesso	110	116	119	ue/regulamentos/2014/32014R0655.md
32014R0655	Artigo 6.º	Competência	118	126	328	ue/regulamentos/2014/32014R0655.md
32014R0655	Artigo 7.º	Condições de concessão de uma decisão de arresto	128	132	196	ue/regulamentos/2014/32014R0655.md
32014R0655	Artigo 8.º	Pedido de decisão de arresto	134	194	1416	ue/regulamentos/2014/32014R0655.md
32014R0655	Artigo 9.º	Obtenção de provas	196	200	182	ue/regulamentos/2014/32014R0655.md
32014R0655	Artigo 10.º	Início do processo relativo ao mérito da causa	202	218	608	ue/regulamentos/2014/32014R0655.md
32014R0655	Artigo 11.º	Processo ex parte	220	222	35	ue/regulamentos/2014/32014R0655.md
32014R0655	Artigo 12.º	Constituição de garantia pelo credor	224	232	376	ue/regulamentos/2014/32014R0655.md
32014R0655	Artigo 13.º	Responsabilidade do credor	234	258	527	ue/regulamentos/2014/32014R0655.md
32014R0655	Artigo 14.º	Pedido de informações sobre contas	260	288	1142	ue/regulamentos/2014/32014R0655.md
32014R0655	Artigo 15.º	Juros e despesas	290	294	174	ue/regulamentos/2014/32014R0655.md
32014R0655	Artigo 16.º	Pedidos paralelos	296	304	324	ue/regulamentos/2014/32014R0655.md
32014R0655	Artigo 17.º	Decisão sobre o pedido de decisão de arresto	306	322	328	ue/regulamentos/2014/32014R0655.md
32014R0655	Artigo 18.º	Prazos para decidir sobre o pedido de decisão de arresto	324	334	349	ue/regulamentos/2014/32014R0655.md
32014R0655	Artigo 19.º	Forma e conteúdo da decisão de arresto	336	382	876	ue/regulamentos/2014/32014R0655.md
32014R0655	Artigo 20.º	Vigência do arresto	384	392	144	ue/regulamentos/2014/32014R0655.md
32014R0655	Artigo 21.º	Recurso contra a recusa de concessão da decisão de arresto	394	400	165	ue/regulamentos/2014/32014R0655.md
32014R0655	Artigo 22.º	Reconhecimento e executoriedade	404	406	83	ue/regulamentos/2014/32014R0655.md
32014R0655	Artigo 23.º	Execução da decisão de arresto	408	422	450	ue/regulamentos/2014/32014R0655.md
32014R0655	Artigo 24.º	Aplicação da decisão de arresto	424	466	981	ue/regulamentos/2014/32014R0655.md
32014R0655	Artigo 25.º	Declaração relativa ao arresto de fundos	468	480	482	ue/regulamentos/2014/32014R0655.md
32014R0655	Artigo 26.º	Responsabilidade do banco	482	484	51	ue/regulamentos/2014/32014R0655.md
32014R0655	Artigo 27.º	Obrigação de o credor solicitar a liberação dos montantes arrestados em excesso	486	498	400	ue/regulamentos/2014/32014R0655.md
32014R0655	Artigo 28.º	Notificação ao devedor	500	524	761	ue/regulamentos/2014/32014R0655.md
32014R0655	Artigo 29.º	Transmissão de documentos	526	538	307	ue/regulamentos/2014/32014R0655.md
32014R0655	Artigo 30.º	Arresto de contas conjuntas e de contas de mandatários	540	542	103	ue/regulamentos/2014/32014R0655.md
32014R0655	Artigo 31.º	Montantes isentos de arresto	544	550	189	ue/regulamentos/2014/32014R0655.md
32014R0655	Artigo 32.º	Prioridade da decisão de arresto	552	554	44	ue/regulamentos/2014/32014R0655.md
32014R0655	Artigo 33.º	Vias de recurso de que o devedor dispõe contra a decisão de arresto	558	596	1044	ue/regulamentos/2014/32014R0655.md
32014R0655	Artigo 34.º	Vias de recurso de que o devedor dispõe contra a execução da decisão de arresto	598	614	372	ue/regulamentos/2014/32014R0655.md
32014R0655	Artigo 35.º	Outras vias de recurso de que dispõem o devedor e o credor	616	624	349	ue/regulamentos/2014/32014R0655.md
32014R0655	Artigo 36.º	Procedimento aplicável às vias de recurso previstas nos artigos 33.º, 34.º e 35.º	626	656	616	ue/regulamentos/2014/32014R0655.md
32014R0655	Artigo 37.º	Direito de recurso	658	660	81	ue/regulamentos/2014/32014R0655.md
32014R0655	Artigo 38.º	Direito de constituir garantia em alternativa ao arresto	662	670	302	ue/regulamentos/2014/32014R0655.md
32014R0655	Artigo 39.º	Direitos de terceiros	672	682	196	ue/regulamentos/2014/32014R0655.md
32014R0655	Artigo 40.º	Legalização ou outra formalidade análoga	686	688	40	ue/regulamentos/2014/32014R0655.md
32014R0655	Artigo 41.º	Representação em juízo	690	692	134	ue/regulamentos/2014/32014R0655.md
32014R0655	Artigo 42.º	Custas judiciais	694	696	70	ue/regulamentos/2014/32014R0655.md
32014R0655	Artigo 43.º	Despesas incorridas pelos bancos	698	704	249	ue/regulamentos/2014/32014R0655.md
32014R0655	Artigo 44.º	Taxas cobradas pelas autoridades	706	708	182	ue/regulamentos/2014/32014R0655.md
32014R0655	Artigo 45.º	Prazos	710	712	112	ue/regulamentos/2014/32014R0655.md
32014R0655	Artigo 46.º	Articulação com o direito processual nacional	714	718	112	ue/regulamentos/2014/32014R0655.md
32014R0655	Artigo 47.º	Proteção de dados	720	724	211	ue/regulamentos/2014/32014R0655.md
32014R0655	Artigo 48.º	Articulação com outros instrumentos	726	740	216	ue/regulamentos/2014/32014R0655.md
32014R0655	Artigo 49.º	Línguas	742	748	289	ue/regulamentos/2014/32014R0655.md
32014R0655	Artigo 50.º	Informações a fornecer pelos Estados-Membros	750	786	614	ue/regulamentos/2014/32014R0655.md
32014R0655	Artigo 51.º	Estabelecimento e subsequente alteração dos formulários	788	790	128	ue/regulamentos/2014/32014R0655.md
32014R0655	Artigo 52.º	Procedimento de comité	792	796	69	ue/regulamentos/2014/32014R0655.md
32014R0655	Artigo 53.º	Acompanhamento e reexame	798	814	292	ue/regulamentos/2014/32014R0655.md
32014R0655	Artigo 54.º	Entrada em vigor	818	840	672	ue/regulamentos/2014/32014R0655.md
32014R0656	Preâmbulo		22	88	4338	ue/regulamentos/2014/32014R0656.md
32014R0656	Artigo 1.º	Âmbito de aplicação	94	96	89	ue/regulamentos/2014/32014R0656.md
32014R0656	Artigo 2.º	Definições	98	130	846	ue/regulamentos/2014/32014R0656.md
32014R0656	Artigo 3.º	Segurança no mar	134	136	66	ue/regulamentos/2014/32014R0656.md
32014R0656	Artigo 4.º	Proteção dos direitos fundamentais e princípio da não repulsão	138	164	1255	ue/regulamentos/2014/32014R0656.md
32014R0656	Artigo 5.º	Deteção	168	174	402	ue/regulamentos/2014/32014R0656.md
32014R0656	Artigo 6.º	Interceção no mar territorial	176	200	810	ue/regulamentos/2014/32014R0656.md
32014R0656	Artigo 7.º	Interceção no alto mar	202	242	1777	ue/regulamentos/2014/32014R0656.md
32014R0656	Artigo 8.º	Interceção na zona contígua	244	250	299	ue/regulamentos/2014/32014R0656.md
32014R0656	Artigo 9.º	Situações de busca e salvamento	252	312	1426	ue/regulamentos/2014/32014R0656.md
32014R0656	Artigo 10.º	Desembarque	314	332	624	ue/regulamentos/2014/32014R0656.md
32014R0656	Artigo 11.º	Alteração do Regulamento (CE) n.º 2007/2004	334	340	182	ue/regulamentos/2014/32014R0656.md
32014R0656	Artigo 12.º	Mecanismos de solidariedade	342	356	415	ue/regulamentos/2014/32014R0656.md
32014R0656	Artigo 13.º	Relatório	358	362	155	ue/regulamentos/2014/32014R0656.md
32014R0656	Artigo 14.º	Efeitos da Decisão 2010/252/UE	366	368	40	ue/regulamentos/2014/32014R0656.md
32014R0656	Artigo 15.º	Entrada em vigor	370	428	1318	ue/regulamentos/2014/32014R0656.md
32014R0657	Preâmbulo		18	42	545	ue/regulamentos/2014/32014R0657.md
32014R0657	Artigo 1.º		46	66	436	ue/regulamentos/2014/32014R0657.md
32014R0657	«Artigo 10.º		68	92	562	ue/regulamentos/2014/32014R0657.md
32014R0657	«Artigo 11.º-A	Exercício da delegação	94	104	426	ue/regulamentos/2014/32014R0657.md
32014R0657	Artigo 2.º		106	132	352	ue/regulamentos/2014/32014R0657.md
32014R0661	Preâmbulo		18	90	2784	ue/regulamentos/2014/32014R0661.md
32014R0661	Artigo 1.º	Alterações	94	98	36	ue/regulamentos/2014/32014R0661.md
32014R0661	«Artigo 2.º		100	202	2768	ue/regulamentos/2014/32014R0661.md
32014R0661	«Artigo 4.º-A		204	220	644	ue/regulamentos/2014/32014R0661.md
32014R0661	«Artigo 5.º		222	258	1367	ue/regulamentos/2014/32014R0661.md
32014R0661	«Artigo 6.º		260	268	212	ue/regulamentos/2014/32014R0661.md
32014R0661	«Artigo 7.º		270	274	164	ue/regulamentos/2014/32014R0661.md
32014R0661	«Artigo 8.º		276	298	606	ue/regulamentos/2014/32014R0661.md
32014R0661	Artigo 9.º		300	310	362	ue/regulamentos/2014/32014R0661.md
32014R0661	«Artigo 11.º		312	326	619	ue/regulamentos/2014/32014R0661.md
32014R0661	Artigo 2.º	Entrada em vigor	328	358	349	ue/regulamentos/2014/32014R0661.md
32014R0665	Preâmbulo		22	56	1558	ue/regulamentos/2014/32014R0665.md
32014R0665	Artigo 1.º	Produtos de origem animal	60	66	186	ue/regulamentos/2014/32014R0665.md
32014R0665	Artigo 2.º	Alimentos para animais	68	74	194	ue/regulamentos/2014/32014R0665.md
32014R0665	Artigo 3.º	Produtos da apicultura	76	80	97	ue/regulamentos/2014/32014R0665.md
32014R0665	Artigo 4.º	Produtos de origem vegetal	82	84	85	ue/regulamentos/2014/32014R0665.md
32014R0665	Artigo 5.º	Ingredientes	86	92	84	ue/regulamentos/2014/32014R0665.md
32014R0665	Artigo 6.º	Operações de transformação fora de zonas de montanha	94	104	230	ue/regulamentos/2014/32014R0665.md
32014R0665	Artigo 7.º	Entrada em vigor	106	120	101	ue/regulamentos/2014/32014R0665.md
32014R0666	Preâmbulo		18	42	846	ue/regulamentos/2014/32014R0666.md
32014R0666	Artigo 1.º	Objeto	46	52	315	ue/regulamentos/2014/32014R0666.md
32014R0666	Artigo 2.º	Inventário de gases com efeito de estufa da União	54	66	318	ue/regulamentos/2014/32014R0666.md
32014R0666	Artigo 3.º	Programa da União de garantia e de controlo da qualidade do inventário de gases com efeito de estufa	68	74	264	ue/regulamentos/2014/32014R0666.md
32014R0666	Artigo 4.º	Suprimento de lacunas	76	98	974	ue/regulamentos/2014/32014R0666.md
32014R0666	Artigo 5.º	Calendários para a cooperação e a coordenação no contexto do processo anual de comunicação e da análise da CQNUAC	100	136	1238	ue/regulamentos/2014/32014R0666.md
32014R0666	Artigo 6.º	Orientações relativas aos inventários de gases com efeito de estufa	138	150	326	ue/regulamentos/2014/32014R0666.md
32014R0666	Artigo 7.º	Potenciais de aquecimento global	152	154	112	ue/regulamentos/2014/32014R0666.md
32014R0666	Artigo 8.º	Entrada em vigor e aplicação	156	178	285	ue/regulamentos/2014/32014R0666.md
32014R0667	Artigo 1.º	Objeto	37	39	106	ue/regulamentos/2014/32014R0667.md
32014R0667	Artigo 2.º	Direito a ser ouvido pelo inquiridor	41	49	382	ue/regulamentos/2014/32014R0667.md
32014R0667	Artigo 3.º	Direito a ser ouvido pela ESMA no que respeita às coimas e medidas de supervisão	51	81	739	ue/regulamentos/2014/32014R0667.md
32014R0667	Artigo 3.º-A	Direito a ser ouvido pela ESMA no que respeita a decisões provisórias sobre medidas de supervisão	83	107	737	ue/regulamentos/2014/32014R0667.md
32014R0667	Artigo 4.º	Direito a ser ouvido pela ESMA sobre as sanções pecuniárias	109	117	327	ue/regulamentos/2014/32014R0667.md
32014R0667	Artigo 5.º	Acesso ao processo e utilização de documentos	119	123	112	ue/regulamentos/2014/32014R0667.md
32014R0667	Artigo 6.º	Prazos de prescrição em matéria de imposição de sanções	125	135	434	ue/regulamentos/2014/32014R0667.md
32014R0667	Artigo 7.º	Prazos de prescrição em matéria de execução de sanções	137	155	334	ue/regulamentos/2014/32014R0667.md
32014R0667	Artigo 8.º	Cobrança de coimas e de sanções pecuniárias	157	171	287	ue/regulamentos/2014/32014R0667.md
32014R0667	Artigo 9.º	Cálculo dos prazos, das datas e dos termos	173	175	44	ue/regulamentos/2014/32014R0667.md
32014R0667	Artigo 10.º		177	181	64	ue/regulamentos/2014/32014R0667.md
32014R0673	Preâmbulo		18	34	412	ue/regulamentos/2014/32014R0673.md
32014R0673	Artigo 1.º	Natureza supletiva	40	42	65	ue/regulamentos/2014/32014R0673.md
32014R0673	Artigo 2.º	Instituição	46	48	34	ue/regulamentos/2014/32014R0673.md
32014R0673	Artigo 3.º	Composição	50	54	60	ue/regulamentos/2014/32014R0673.md
32014R0673	Artigo 4.º	Nomeação dos membros	56	62	136	ue/regulamentos/2014/32014R0673.md
32014R0673	Artigo 5.º	Participação nas reuniões do Painel de Mediação	64	68	86	ue/regulamentos/2014/32014R0673.md
32014R0673	Artigo 6.º	Reuniões do Painel de Mediação	70	80	322	ue/regulamentos/2014/32014R0673.md
32014R0673	Artigo 7.º	Votações	82	90	221	ue/regulamentos/2014/32014R0673.md
32014R0673	Artigo 8.º	Pedido de mediação	94	106	713	ue/regulamentos/2014/32014R0673.md
32014R0673	Artigo 9.º	Comité de Processo	108	118	411	ue/regulamentos/2014/32014R0673.md
32014R0673	Artigo 10.º	Mediação	122	128	138	ue/regulamentos/2014/32014R0673.md
32014R0673	Artigo 11.º	Elaboração de um novo projeto de decisão	130	136	158	ue/regulamentos/2014/32014R0673.md
32014R0673	Artigo 12.º	Confidencialidade e sigilo profissional	140	144	116	ue/regulamentos/2014/32014R0673.md
32014R0673	Artigo 13.º	Disposições finais	146	162	155	ue/regulamentos/2014/32014R0673.md
32014R0674	Preâmbulo		18	32	202	ue/regulamentos/2014/32014R0674.md
32014R0674	Artigo 1.º		36	38	22	ue/regulamentos/2014/32014R0674.md
32014R0674	Artigo 2.º		40	58	112	ue/regulamentos/2014/32014R0674.md
32014R0674	ANEXO		60	68	38	ue/regulamentos/2014/32014R0674.md
32014R0676	Preâmbulo		18	42	567	ue/regulamentos/2014/32014R0676.md
32014R0676	Artigo 1.º		46	48	30	ue/regulamentos/2014/32014R0676.md
32014R0676	Artigo 2.º		50	66	162	ue/regulamentos/2014/32014R0676.md
32014R0676	ANEXO		68	74	182	ue/regulamentos/2014/32014R0676.md
32014R0677	Preâmbulo		18	48	688	ue/regulamentos/2014/32014R0677.md
32014R0677	Artigo 1.º		52	54	30	ue/regulamentos/2014/32014R0677.md
32014R0677	Artigo 2.º		56	74	173	ue/regulamentos/2014/32014R0677.md
32014R0677	ANEXO		76	86	233	ue/regulamentos/2014/32014R0677.md
32014R0678	Preâmbulo		18	40	668	ue/regulamentos/2014/32014R0678.md
32014R0678	Artigo 1.º		44	46	36	ue/regulamentos/2014/32014R0678.md
32014R0678	Artigo 2.º		48	66	256	ue/regulamentos/2014/32014R0678.md
32014R0678	ANEXO		68	80	209	ue/regulamentos/2014/32014R0678.md
32014R0681	Preâmbulo		18	48	697	ue/regulamentos/2014/32014R0681.md
32014R0681	Artigo 1.º		52	54	30	ue/regulamentos/2014/32014R0681.md
32014R0681	Artigo 2.º		56	74	173	ue/regulamentos/2014/32014R0681.md
32014R0681	ANEXO		76	90	436	ue/regulamentos/2014/32014R0681.md
32014R0682	Preâmbulo		18	42	560	ue/regulamentos/2014/32014R0682.md
32014R0682	Artigo 1.º		46	48	30	ue/regulamentos/2014/32014R0682.md
32014R0682	Artigo 2.º		50	66	162	ue/regulamentos/2014/32014R0682.md
32014R0682	ANEXO		68	75	228	ue/regulamentos/2014/32014R0682.md
32014R0683	Preâmbulo		18	42	550	ue/regulamentos/2014/32014R0683.md
32014R0683	Artigo 1.º		46	48	30	ue/regulamentos/2014/32014R0683.md
32014R0683	Artigo 2.º		50	66	162	ue/regulamentos/2014/32014R0683.md
32014R0683	ANEXO		68	77	240	ue/regulamentos/2014/32014R0683.md
32014R0684	Artigo 1.º	Autorização	28	30	72	ue/regulamentos/2014/32014R0684.md
32014R0684	Artigo 2.º		32	38	65	ue/regulamentos/2014/32014R0684.md
32014R0684	ANEXO		40	47	918	ue/regulamentos/2014/32014R0684.md
32014R0685	Preâmbulo		18	48	801	ue/regulamentos/2014/32014R0685.md
32014R0685	Artigo 1.º		52	54	32	ue/regulamentos/2014/32014R0685.md
32014R0685	Artigo 2.º		56	58	31	ue/regulamentos/2014/32014R0685.md
32014R0685	Artigo 3.º		60	80	181	ue/regulamentos/2014/32014R0685.md
32014R0685	ANEXO I		82	94	205	ue/regulamentos/2014/32014R0685.md
32014R0685	ANEXO II		96	134	494	ue/regulamentos/2014/32014R0685.md
32014R0686	Preâmbulo		18	54	2122	ue/regulamentos/2014/32014R0686.md
32014R0686	Artigo 1.º	Alterações ao Regulamento (CE) n.º 983/2009	58	90	644	ue/regulamentos/2014/32014R0686.md
32014R0686	Artigo 2.º	Alterações ao Regulamento (UE) n.º 384/2010	92	106	340	ue/regulamentos/2014/32014R0686.md
32014R0686	Artigo 3.º	Entrada em vigor	108	136	428	ue/regulamentos/2014/32014R0686.md
32014R0691	Preâmbulo		18	34	211	ue/regulamentos/2014/32014R0691.md
32014R0691	Artigo 1.º		38	40	38	ue/regulamentos/2014/32014R0691.md
32014R0691	Artigo 2.º		42	56	89	ue/regulamentos/2014/32014R0691.md
32014R0691	ANEXO	Pessoas a que se refere o artigo 1.º	58	108	1732	ue/regulamentos/2014/32014R0691.md
32014R0692	Artigo 1.º		36	94	1040	ue/regulamentos/2014/32014R0692.md
32014R0692	Artigo 2.º		96	106	190	ue/regulamentos/2014/32014R0692.md
32014R0692	Artigo 2.º-A		108	126	364	ue/regulamentos/2014/32014R0692.md
32014R0692	Artigo 2.º-AA		128	140	275	ue/regulamentos/2014/32014R0692.md
32014R0692	Artigo 2.º-B		142	174	325	ue/regulamentos/2014/32014R0692.md
32014R0692	Artigo 2.º-C		176	226	1528	ue/regulamentos/2014/32014R0692.md
32014R0692	Artigo 2.º-D		228	238	217	ue/regulamentos/2014/32014R0692.md
32014R0692	Artigo 2.º-E		240	262	580	ue/regulamentos/2014/32014R0692.md
32014R0692	Artigo 4.º		264	268	96	ue/regulamentos/2014/32014R0692.md
32014R0692	Artigo 5.º		270	272	90	ue/regulamentos/2014/32014R0692.md
32014R0692	Artigo 6.º		274	298	468	ue/regulamentos/2014/32014R0692.md
32014R0692	Artigo 6.º-A		300	302	299	ue/regulamentos/2014/32014R0692.md
32014R0692	Artigo 6.º-B		304	308	104	ue/regulamentos/2014/32014R0692.md
32014R0692	Artigo 7.º		310	326	450	ue/regulamentos/2014/32014R0692.md
32014R0692	Artigo 7.º-A		328	342	728	ue/regulamentos/2014/32014R0692.md
32014R0692	Artigo 8.º		344	354	207	ue/regulamentos/2014/32014R0692.md
32014R0692	Artigo 8.º-A		356	360	88	ue/regulamentos/2014/32014R0692.md
32014R0692	Artigo 9.º		362	374	222	ue/regulamentos/2014/32014R0692.md
32014R0692	Artigo 10.º		376	388	152	ue/regulamentos/2014/32014R0692.md
32014R0692	Artigo 11.º		390	396	63	ue/regulamentos/2014/32014R0692.md
32014R0692	ANEXO I	Sítios Web para a informação sobre as autoridades competentes e endereço da Comissão Europeia para o envio das notificações	398	524	649	ue/regulamentos/2014/32014R0692.md
32014R0692	ANEXO II	Lista de bens e tecnologias a que se refere o Artigo 2.º-B	526	715	8961	ue/regulamentos/2014/32014R0692.md
32014R0692	ANEXO III	Lista dos portos situados na península da Crimeia a que se refere o artigo 2.º-D	717	733	52	ue/regulamentos/2014/32014R0692.md
32014R0692	ANEXO IV	Lista de software a que se refere o artigo 2.º-C, n.º 2-B	735	767	294	ue/regulamentos/2014/32014R0692.md
32014R0692	ANEXO V	Lista de países a que se refere no artigo 2.º-AA, n.º 2, alínea c)	769	809	725	ue/regulamentos/2014/32014R0692.md
32014R0693	Preâmbulo		18	36	230	ue/regulamentos/2014/32014R0693.md
32014R0693	Artigo 1.º		40	42	29	ue/regulamentos/2014/32014R0693.md
32014R0693	Artigo 2.º		44	58	89	ue/regulamentos/2014/32014R0693.md
32014R0693	ANEXO		60	83	917	ue/regulamentos/2014/32014R0693.md
32014R0694	Preâmbulo		18	46	1274	ue/regulamentos/2014/32014R0694.md
32014R0694	Artigo 1.º	Tipos de GFIA	50	68	556	ue/regulamentos/2014/32014R0694.md
32014R0694	Artigo 2.º	Entrada em vigor	70	86	181	ue/regulamentos/2014/32014R0694.md
32014R0697	Preâmbulo		18	36	451	ue/regulamentos/2014/32014R0697.md
32014R0697	Artigo 1.º		40	42	37	ue/regulamentos/2014/32014R0697.md
32014R0697	Artigo 2.º		44	60	224	ue/regulamentos/2014/32014R0697.md
32014R0698	Preâmbulo		18	36	349	ue/regulamentos/2014/32014R0698.md
32014R0698	Artigo 1.º	Alteração do Regulamento (CE) n.º 2076/2002	40	42	44	ue/regulamentos/2014/32014R0698.md
32014R0698	Artigo 2.º	Entrada em vigor	44	64	296	ue/regulamentos/2014/32014R0698.md
32014R0699	Artigo 1.º		56	58	49	ue/regulamentos/2014/32014R0699.md
32014R0699	Artigo 2.º		60	62	41	ue/regulamentos/2014/32014R0699.md
32014R0699	Artigo 3.º		64	72	180	ue/regulamentos/2014/32014R0699.md
32014R0699	Artigo 4.º		74	76	84	ue/regulamentos/2014/32014R0699.md
32014R0699	Artigo 5.º		78	84	80	ue/regulamentos/2014/32014R0699.md
32014R0699	ANEXO		86	104	254	ue/regulamentos/2014/32014R0699.md
32014R0700	Preâmbulo		18	34	348	ue/regulamentos/2014/32014R0700.md
32014R0700	Artigo 1.º		38	43	49	ue/regulamentos/2014/32014R0700.md
32014R0700	Artigo 2.º		45	61	165	ue/regulamentos/2014/32014R0700.md
32014R0703	Preâmbulo		22	72	2917	ue/regulamentos/2014/32014R0703.md
32014R0703	Artigo 1.º		76	78	34	ue/regulamentos/2014/32014R0703.md
32014R0703	Artigo 2.º		80	88	170	ue/regulamentos/2014/32014R0703.md
32014R0703	Artigo 3.º		90	130	1122	ue/regulamentos/2014/32014R0703.md
32014R0703	ANEXO		132	1695	21499	ue/regulamentos/2014/32014R0703.md
32014R0705	Preâmbulo		18	36	388	ue/regulamentos/2014/32014R0705.md
32014R0705	Artigo 1.º		40	42	47	ue/regulamentos/2014/32014R0705.md
32014R0705	Artigo 2.º		44	64	320	ue/regulamentos/2014/32014R0705.md
32014R0709	Preâmbulo		18	40	629	ue/regulamentos/2014/32014R0709.md
32014R0709	Artigo 1.º		44	46	34	ue/regulamentos/2014/32014R0709.md
32014R0709	Artigo 2.º		48	64	148	ue/regulamentos/2014/32014R0709.md
32014R0709	ANEXO		66	641	15902	ue/regulamentos/2014/32014R0709.md
32014R0710	Preâmbulo		18	60	1730	ue/regulamentos/2014/32014R0710.md
32014R0710	Artigo 1.º	Objeto	66	72	195	ue/regulamentos/2014/32014R0710.md
32014R0710	Artigo 2.º	Definições	74	96	483	ue/regulamentos/2014/32014R0710.md
32014R0710	Artigo 3.º	Planeamento das diferentes etapas do processo de decisão conjunta	100	140	1329	ue/regulamentos/2014/32014R0710.md
32014R0710	Artigo 4.º	Participação de outras autoridades competentes e de autoridades competentes de países terceiros no processo da avaliação de risco do grupo	142	158	683	ue/regulamentos/2014/32014R0710.md
32014R0710	Artigo 5.º	Elaboração dos relatórios SREP e dos relatórios de avaliação de risco de liquidez	160	168	327	ue/regulamentos/2014/32014R0710.md
32014R0710	Artigo 6.º	Elaboração do projeto de relatório de avaliação de risco do grupo e do relatório de avaliação de risco de liquidez do grupo	170	196	822	ue/regulamentos/2014/32014R0710.md
32014R0710	Artigo 7.º	Diálogo sobre o projeto de relatório de avaliação de risco do grupo e sobre o projeto de relatório de avaliação de risco de liquidez do grupo	198	208	377	ue/regulamentos/2014/32014R0710.md
32014R0710	Artigo 8.º	Conclusão do relatório de avaliação de risco do grupo e do relatório de avaliação de risco de liquidez do grupo	210	220	558	ue/regulamentos/2014/32014R0710.md
32014R0710	Artigo 9.º	Elaboração dos contributos para o projeto de decisão conjunta sobre o capital e para o projeto de decisão conjunta sobre a liquidez	222	240	484	ue/regulamentos/2014/32014R0710.md
32014R0710	Artigo 10.º	Elaboração da decisão conjunta sobre o capital	242	294	1139	ue/regulamentos/2014/32014R0710.md
32014R0710	Artigo 11.º	Elaboração do projeto de decisão conjunta sobre a liquidez	296	332	946	ue/regulamentos/2014/32014R0710.md
32014R0710	Artigo 12.º	Adoção da decisão conjunta sobre o capital e da decisão conjunta sobre a liquidez	334	340	260	ue/regulamentos/2014/32014R0710.md
32014R0710	Artigo 13.º	Comunicação da decisão conjunta sobre o capital e da decisão conjunta sobre a liquidez	342	350	444	ue/regulamentos/2014/32014R0710.md
32014R0710	Artigo 14.º	Controlo da aplicação da decisão conjunta sobre o capital e da decisão conjunta sobre a liquidez	352	368	481	ue/regulamentos/2014/32014R0710.md
32014R0710	Artigo 15.º	Processo de decisão na falta de uma decisão conjunta	372	386	411	ue/regulamentos/2014/32014R0710.md
32014R0710	Artigo 16.º	Elaboração das decisões sobre o capital adotadas na falta de uma decisão conjunta	388	418	673	ue/regulamentos/2014/32014R0710.md
32014R0710	Artigo 17.º	Elaboração das decisões sobre a liquidez adotadas na falta de uma decisão conjunta	420	448	722	ue/regulamentos/2014/32014R0710.md
32014R0710	Artigo 18.º	Comunicação das decisões sobre o capital e das decisões sobre a liquidez adotadas na falta de uma decisão conjunta	450	458	347	ue/regulamentos/2014/32014R0710.md
32014R0710	Artigo 19.º	Controlo da aplicação das decisões sobre o capital e das decisões sobre a liquidez adotadas na falta de uma decisão conjunta	460	462	120	ue/regulamentos/2014/32014R0710.md
32014R0710	Artigo 20.º	Atualização extraordinária das decisões conjuntas	466	476	598	ue/regulamentos/2014/32014R0710.md
32014R0710	Artigo 21.º	Atualização anual e extraordinária das decisões adotadas na falta de uma decisão conjunta	478	482	142	ue/regulamentos/2014/32014R0710.md
32014R0710	Artigo 22.º		486	506	321	ue/regulamentos/2014/32014R0710.md
32014R0710	ANEXO	MODELO DE RELATÓRIO SREP	508	660	3004	ue/regulamentos/2014/32014R0710.md
32014R0710	ANEXO II	MODELO DE RELATÓRIO SREP	662	860	1321	ue/regulamentos/2014/32014R0710.md
32014R0710	ANEXO III	MODELO DE RELATÓRIO DE AVALIAÇÃO DE RISCO DO GRUPO	862	1012	3104	ue/regulamentos/2014/32014R0710.md
32014R0710	ANEXO IV	MODELO DO RELATÓRIO DE AVALIAÇÃO DE RISCO DO GRUPO	1014	1332	1896	ue/regulamentos/2014/32014R0710.md
32014R0710	ANEXO V	MODELO DE RELATÓRIO SOBRE A AVALIAÇÃO DO RISCO DE LIQUIDEZ	1334	1388	794	ue/regulamentos/2014/32014R0710.md
32014R0710	ANEXO VI	MODELO DE RELATÓRIO DE AVALIAÇÃO DO RISCO DE LIQUIDEZ	1390	1474	662	ue/regulamentos/2014/32014R0710.md
32014R0710	ANEXO VII	MODELO DE RELATÓRIO DE AVALIAÇÃO DO RISCO DE LIQUIDEZ DO GRUPO	1476	1528	868	ue/regulamentos/2014/32014R0710.md
32014R0710	ANEXO VIII	MODELO DO RELATÓRIO DE AVALIAÇÃO DO RISCO DE LIQUIDEZ DO GRUPO	1530	1654	1058	ue/regulamentos/2014/32014R0710.md
32014R0717	Artigo 1.º	Âmbito de aplicação	30	62	808	ue/regulamentos/2014/32014R0717.md
32014R0717	Artigo 2.º	Definições	64	92	568	ue/regulamentos/2014/32014R0717.md
32014R0717	Artigo 3.º	Auxílios de minimis	94	130	916	ue/regulamentos/2014/32014R0717.md
32014R0717	Artigo 4.º	Cálculo do equivalente-subvenção bruto	132	176	1160	ue/regulamentos/2014/32014R0717.md
32014R0717	Artigo 5.º	Cumulação	178	188	606	ue/regulamentos/2014/32014R0717.md
32014R0717	Artigo 6.º	Controlo	190	212	930	ue/regulamentos/2014/32014R0717.md
32014R0717	Artigo 7.º	Disposições transitórias	214	222	332	ue/regulamentos/2014/32014R0717.md
32014R0717	Artigo 8.º	Entrada em vigor e período de aplicação	224	236	79	ue/regulamentos/2014/32014R0717.md
32014R0717	ANEXO	Limite máximo nacional a que se refere o artigo 3.º, n.º 3	238	279	692	ue/regulamentos/2014/32014R0717.md
32014R0723	Preâmbulo		18	34	304	ue/regulamentos/2014/32014R0723.md
32014R0723	Artigo 1.º		38	40	40	ue/regulamentos/2014/32014R0723.md
32014R0723	Artigo 2.º		42	60	112	ue/regulamentos/2014/32014R0723.md
32014R0723	ANEXO		62	74	263	ue/regulamentos/2014/32014R0723.md
32014R0724	Preâmbulo		18	38	550	ue/regulamentos/2014/32014R0724.md
32014R0724	Artigo 1.º	Norma para a transmissão de dados	42	44	47	ue/regulamentos/2014/32014R0724.md
32014R0724	Artigo 2.º	Especificações técnicas do formato dos dados	46	48	37	ue/regulamentos/2014/32014R0724.md
32014R0724	Artigo 3.º	Entrada em vigor	50	66	118	ue/regulamentos/2014/32014R0724.md
32014R0725	Preâmbulo		18	38	361	ue/regulamentos/2014/32014R0725.md
32014R0725	Artigo 1.º		42	48	91	ue/regulamentos/2014/32014R0725.md
32014R0725	Artigo 2.º		50	68	114	ue/regulamentos/2014/32014R0725.md
32014R0726	Preâmbulo		18	38	345	ue/regulamentos/2014/32014R0726.md
32014R0726	Artigo 1.º		42	47	78	ue/regulamentos/2014/32014R0726.md
32014R0726	Artigo 2.º		49	67	120	ue/regulamentos/2014/32014R0726.md
32014R0727	Preâmbulo		18	133	3047	ue/regulamentos/2014/32014R0727.md
32014R0727	Artigo 1.º		137	139	185	ue/regulamentos/2014/32014R0727.md
32014R0727	Artigo 2.º		141	143	47	ue/regulamentos/2014/32014R0727.md
32014R0727	Artigo 3.º		145	149	96	ue/regulamentos/2014/32014R0727.md
32014R0727	Artigo 4.º		151	157	337	ue/regulamentos/2014/32014R0727.md
32014R0727	Artigo 5.º		159	177	112	ue/regulamentos/2014/32014R0727.md
32014R0729	Preâmbulo		18	66	1799	ue/regulamentos/2014/32014R0729.md
32014R0729	Artigo 1.º		70	72	43	ue/regulamentos/2014/32014R0729.md
32014R0729	Artigo 2.º		74	82	118	ue/regulamentos/2014/32014R0729.md
32014R0729	Artigo 3.º		84	86	26	ue/regulamentos/2014/32014R0729.md
32014R0729	Artigo 4.º		88	92	131	ue/regulamentos/2014/32014R0729.md
32014R0729	Artigo 5.º		94	96	37	ue/regulamentos/2014/32014R0729.md
32014R0729	Artigo 6.º		98	102	142	ue/regulamentos/2014/32014R0729.md
32014R0729	Artigo 7.º		104	108	142	ue/regulamentos/2014/32014R0729.md
32014R0729	Artigo 8.º		110	112	47	ue/regulamentos/2014/32014R0729.md
32014R0729	Artigo 9.º		114	120	152	ue/regulamentos/2014/32014R0729.md
32014R0729	Artigo 10.º		122	140	545	ue/regulamentos/2014/32014R0729.md
32014R0729	Artigo 11.º		142	150	122	ue/regulamentos/2014/32014R0729.md
32014R0729	Artigo 12.º		152	156	62	ue/regulamentos/2014/32014R0729.md
32014R0729	Artigo 13.º		158	176	205	ue/regulamentos/2014/32014R0729.md
32014R0729	ANEXO I	Especificações técnicas referidas no artigo 1.º	178	191	364	ue/regulamentos/2014/32014R0729.md
32014R0729	ANEXO II	Regulamento revogado com as sucessivas alterações	193	198	76	ue/regulamentos/2014/32014R0729.md
32014R0729	ANEXO III	Tabela de correspondência	200	220	182	ue/regulamentos/2014/32014R0729.md
32014R0732	Preâmbulo		18	44	1279	ue/regulamentos/2014/32014R0732.md
32014R0732	Artigo 1.º	Alterações ao Regulamento (UE) n.º 43/2014	48	52	39	ue/regulamentos/2014/32014R0732.md
32014R0732	«Artigo 37.º-A	Tubarão-de-pontas-brancas	54	60	105	ue/regulamentos/2014/32014R0732.md
32014R0732	«Artigo 37.º-B	Tubarão-luzidio	62	74	210	ue/regulamentos/2014/32014R0732.md
32014R0732	Artigo 2.º	Alterações ao Regulamento (CE) n.º 754/2009	76	88	248	ue/regulamentos/2014/32014R0732.md
32014R0732	Artigo 3.º	Entrada em vigor	90	122	515	ue/regulamentos/2014/32014R0732.md
32014R0732	ANEXO I		124	194	1215	ue/regulamentos/2014/32014R0732.md
32014R0732	ANEXO II		196	238	703	ue/regulamentos/2014/32014R0732.md
32014R0732	ANEXO III		240	268	172	ue/regulamentos/2014/32014R0732.md
32014R0732	ANEXO IV	«ANEXO VIII	270	286	495	ue/regulamentos/2014/32014R0732.md
32014R0733	Preâmbulo		18	36	495	ue/regulamentos/2014/32014R0733.md
32014R0733	Artigo 1.º		40	42	30	ue/regulamentos/2014/32014R0733.md
32014R0733	Artigo 2.º		44	62	250	ue/regulamentos/2014/32014R0733.md
32014R0733	ANEXO		64	1367	18044	ue/regulamentos/2014/32014R0733.md
32014R0735	Preâmbulo		18	36	280	ue/regulamentos/2014/32014R0735.md
32014R0735	Artigo 1.º		40	42	31	ue/regulamentos/2014/32014R0735.md
32014R0735	Artigo 2.º		44	58	102	ue/regulamentos/2014/32014R0735.md
32014R0735	ANEXO		60	70	378	ue/regulamentos/2014/32014R0735.md
32014R0737	Preâmbulo		18	64	2535	ue/regulamentos/2014/32014R0737.md
32014R0737	Artigo 1.º		68	70	34	ue/regulamentos/2014/32014R0737.md
32014R0737	Artigo 2.º		72	126	1581	ue/regulamentos/2014/32014R0737.md
32014R0737	ANEXO		128	1875	30404	ue/regulamentos/2014/32014R0737.md
32014R0738	Preâmbulo		18	34	312	ue/regulamentos/2014/32014R0738.md
32014R0738	Artigo 1.º		38	40	46	ue/regulamentos/2014/32014R0738.md
32014R0738	Artigo 2.º		42	62	120	ue/regulamentos/2014/32014R0738.md
32014R0738	ANEXO		64	72	58	ue/regulamentos/2014/32014R0738.md
32014R0740	Preâmbulo		18	36	243	ue/regulamentos/2014/32014R0740.md
32014R0740	Artigo 1.º		40	42	29	ue/regulamentos/2014/32014R0740.md
32014R0740	Artigo 2.º		44	58	89	ue/regulamentos/2014/32014R0740.md
32014R0740	ANEXO		60	78	305	ue/regulamentos/2014/32014R0740.md
32014R0744	Preâmbulo		18	32	204	ue/regulamentos/2014/32014R0744.md
32014R0744	Artigo 1.º		36	38	22	ue/regulamentos/2014/32014R0744.md
32014R0744	Artigo 2.º		40	58	111	ue/regulamentos/2014/32014R0744.md
32014R0744	ANEXO		60	68	45	ue/regulamentos/2014/32014R0744.md
32014R0747	Artigo 1.º		36	88	1133	ue/regulamentos/2014/32014R0747.md
32014R0747	Artigo 2.º		90	96	239	ue/regulamentos/2014/32014R0747.md
32014R0747	Artigo 3.º		98	106	188	ue/regulamentos/2014/32014R0747.md
32014R0747	Artigo 4.º		108	110	109	ue/regulamentos/2014/32014R0747.md
32014R0747	Artigo 5.º		112	136	560	ue/regulamentos/2014/32014R0747.md
32014R0747	Artigo 6.º		138	152	487	ue/regulamentos/2014/32014R0747.md
32014R0747	Artigo 7.º		154	166	278	ue/regulamentos/2014/32014R0747.md
32014R0747	Artigo 8.º		168	180	260	ue/regulamentos/2014/32014R0747.md
32014R0747	Artigo 9.º		182	194	248	ue/regulamentos/2014/32014R0747.md
32014R0747	Artigo 10.º		196	200	53	ue/regulamentos/2014/32014R0747.md
32014R0747	Artigo 11.º		202	206	204	ue/regulamentos/2014/32014R0747.md
32014R0747	Artigo 12.º		208	218	319	ue/regulamentos/2014/32014R0747.md
32014R0747	Artigo 13.º		220	228	194	ue/regulamentos/2014/32014R0747.md
32014R0747	Artigo 14.º		230	232	31	ue/regulamentos/2014/32014R0747.md
32014R0747	Artigo 15.º		234	240	256	ue/regulamentos/2014/32014R0747.md
32014R0747	Artigo 16.º		242	244	221	ue/regulamentos/2014/32014R0747.md
32014R0747	Artigo 17.º		246	250	112	ue/regulamentos/2014/32014R0747.md
32014R0747	Artigo 18.º		252	258	188	ue/regulamentos/2014/32014R0747.md
32014R0747	Artigo 19.º		260	272	148	ue/regulamentos/2014/32014R0747.md
32014R0747	Artigo 20.º		274	276	60	ue/regulamentos/2014/32014R0747.md
32014R0747	Artigo 21.º		278	282	59	ue/regulamentos/2014/32014R0747.md
32014R0747	ANEXO I	LISTA DAS PESSOAS SINGULARES E COLETIVAS, ENTIDADES E ORGANISMOS A QUE SE REFERE O ARTIGO 5.º	284	658	7066	ue/regulamentos/2014/32014R0747.md
32014R0747	ANEXO II	SÍTIOS WEB PARA A INFORMAÇÃO SOBRE AS AUTORIDADES COMPETENTES E ENDEREÇO DA COMISSÃO EUROPEIA PARA O ENVIO DAS NOTIFICAÇÕES	660	782	645	ue/regulamentos/2014/32014R0747.md
32014R0752	Preâmbulo		18	44	569	ue/regulamentos/2014/32014R0752.md
32014R0752	Artigo 1.º		48	50	27	ue/regulamentos/2014/32014R0752.md
32014R0752	Artigo 2.º		52	68	108	ue/regulamentos/2014/32014R0752.md
32014R0752	ANEXO	«ANEXO I	70	1564	31302	ue/regulamentos/2014/32014R0752.md
32014R0753	Preâmbulo		18	34	226	ue/regulamentos/2014/32014R0753.md
32014R0753	Artigo 1.º		38	40	37	ue/regulamentos/2014/32014R0753.md
32014R0753	Artigo 2.º		42	56	88	ue/regulamentos/2014/32014R0753.md
32014R0753	ANEXO	LISTA DAS PESSOAS A QUE SE REFERE O ARTIGO 1.º	58	72	909	ue/regulamentos/2014/32014R0753.md
32014R0754	Preâmbulo		18	44	872	ue/regulamentos/2014/32014R0754.md
32014R0754	Artigo 1.º	Recusa de autorização	48	50	47	ue/regulamentos/2014/32014R0754.md
32014R0754	Artigo 2.º	Medidas transitórias	52	56	126	ue/regulamentos/2014/32014R0754.md
32014R0754	Artigo 3.º	Entrada em vigor	58	74	119	ue/regulamentos/2014/32014R0754.md
32014R0756	Preâmbulo		18	34	399	ue/regulamentos/2014/32014R0756.md
32014R0756	Artigo 1.º	Alteração	38	43	173	ue/regulamentos/2014/32014R0756.md
32014R0756	Artigo 2.º	Disposições finais	45	63	222	ue/regulamentos/2014/32014R0756.md
32014R0757	Preâmbulo		18	38	456	ue/regulamentos/2014/32014R0757.md
32014R0757	Artigo 1.º		42	44	48	ue/regulamentos/2014/32014R0757.md
32014R0757	Artigo 2.º		46	48	81	ue/regulamentos/2014/32014R0757.md
32014R0757	Artigo 3.º		50	68	141	ue/regulamentos/2014/32014R0757.md
32014R0757	ANEXO		70	81	471	ue/regulamentos/2014/32014R0757.md
32014R0758	Preâmbulo		22	42	456	ue/regulamentos/2014/32014R0758.md
32014R0758	Artigo 1.º		46	48	48	ue/regulamentos/2014/32014R0758.md
32014R0758	Artigo 2.º		50	52	81	ue/regulamentos/2014/32014R0758.md
32014R0758	Artigo 3.º		54	72	141	ue/regulamentos/2014/32014R0758.md
32014R0758	ANEXO		74	83	480	ue/regulamentos/2014/32014R0758.md
32014R0759	Preâmbulo		22	42	450	ue/regulamentos/2014/32014R0759.md
32014R0759	Artigo 1.º		46	48	48	ue/regulamentos/2014/32014R0759.md
32014R0759	Artigo 2.º		50	52	81	ue/regulamentos/2014/32014R0759.md
32014R0759	Artigo 3.º		54	72	141	ue/regulamentos/2014/32014R0759.md
32014R0759	ANEXO		74	79	419	ue/regulamentos/2014/32014R0759.md
32014R0760	Preâmbulo		22	42	456	ue/regulamentos/2014/32014R0760.md
32014R0760	Artigo 1.º		46	48	48	ue/regulamentos/2014/32014R0760.md
32014R0760	Artigo 2.º		50	52	81	ue/regulamentos/2014/32014R0760.md
32014R0760	Artigo 3.º		54	72	141	ue/regulamentos/2014/32014R0760.md
32014R0760	ANEXO		74	83	493	ue/regulamentos/2014/32014R0760.md
32014R0763	Preâmbulo		18	32	374	ue/regulamentos/2014/32014R0763.md
32014R0763	Artigo 1.º	Reconhecimento do apoio do Fundo Europeu dos Assuntos Marítimos e das Pescas	36	42	204	ue/regulamentos/2014/32014R0763.md
32014R0763	Artigo 2.º	Emblema da União	44	54	283	ue/regulamentos/2014/32014R0763.md
32014R0763	Artigo 3.º	Referência à União Europeia	56	62	182	ue/regulamentos/2014/32014R0763.md
32014R0763	Artigo 4.º	Referência ao Fundo Europeu dos Assuntos Marítimos e das Pescas	64	66	99	ue/regulamentos/2014/32014R0763.md
32014R0763	Artigo 5.º		68	82	95	ue/regulamentos/2014/32014R0763.md
32014R0763	ANEXO	Regras gráficas para criação do emblema da União e definição das cores normalizadas	84	138	629	ue/regulamentos/2014/32014R0763.md
32014R0764	Preâmbulo		18	38	456	ue/regulamentos/2014/32014R0764.md
32014R0764	Artigo 1.º		42	44	48	ue/regulamentos/2014/32014R0764.md
32014R0764	Artigo 2.º		46	48	81	ue/regulamentos/2014/32014R0764.md
32014R0764	Artigo 3.º		50	68	141	ue/regulamentos/2014/32014R0764.md
32014R0764	ANEXO		70	75	379	ue/regulamentos/2014/32014R0764.md
32014R0765	Preâmbulo		18	38	456	ue/regulamentos/2014/32014R0765.md
32014R0765	Artigo 1.º		42	44	48	ue/regulamentos/2014/32014R0765.md
32014R0765	Artigo 2.º		46	48	81	ue/regulamentos/2014/32014R0765.md
32014R0765	Artigo 3.º		50	68	141	ue/regulamentos/2014/32014R0765.md
32014R0765	ANEXO		70	75	216	ue/regulamentos/2014/32014R0765.md
32014R0766	Preâmbulo		18	38	458	ue/regulamentos/2014/32014R0766.md
32014R0766	Artigo 1.º		42	44	49	ue/regulamentos/2014/32014R0766.md
32014R0766	Artigo 2.º		46	48	81	ue/regulamentos/2014/32014R0766.md
32014R0766	Artigo 3.º		50	68	141	ue/regulamentos/2014/32014R0766.md
32014R0766	ANEXO		70	76	727	ue/regulamentos/2014/32014R0766.md
32014R0767	Preâmbulo		18	38	456	ue/regulamentos/2014/32014R0767.md
32014R0767	Artigo 1.º		42	44	48	ue/regulamentos/2014/32014R0767.md
32014R0767	Artigo 2.º		46	48	81	ue/regulamentos/2014/32014R0767.md
32014R0767	Artigo 3.º		50	68	141	ue/regulamentos/2014/32014R0767.md
32014R0767	ANEXO		70	75	319	ue/regulamentos/2014/32014R0767.md
32014R0771	Artigo 1.º	Apresentação do conteúdo dos programas operacionais	35	37	64	ue/regulamentos/2014/32014R0771.md
32014R0771	Artigo 2.º	Estrutura do plano de compensação para as regiões ultraperiféricas	39	41	64	ue/regulamentos/2014/32014R0771.md
32014R0771	Artigo 3.º	Modelo para a transmissão de dados financeiros	43	45	67	ue/regulamentos/2014/32014R0771.md
32014R0771	Artigo 4.º	Conteúdo da avaliação ex ante	47	55	109	ue/regulamentos/2014/32014R0771.md
32014R0771	Artigo 5.º	Requisitos mínimos para o plano de avaliação	57	59	55	ue/regulamentos/2014/32014R0771.md
32014R0771	Artigo 6.º		61	65	62	ue/regulamentos/2014/32014R0771.md
32014R0771	ANEXO I	Modelo para programas operacionais no âmbito do Fundo Europeu dos Assuntos Marítimos e das Pescas	67	496	8011	ue/regulamentos/2014/32014R0771.md
32014R0771	ANEXO II	ESTRUTURA DO PLANO DE COMPENSAÇÃO	498	639	2652	ue/regulamentos/2014/32014R0771.md
32014R0771	ANEXO III	Previsão do montante para o qual os Estados-Membros preveem apresentar pedidos de pagamento para o exercício financeiro em curso e o exercício seguinte	641	647	117	ue/regulamentos/2014/32014R0771.md
32014R0771	ANEXO IV	Elementos que devem constar dos relatórios de avaliação ex ante	649	713	583	ue/regulamentos/2014/32014R0771.md
32014R0772	Preâmbulo		18	42	933	ue/regulamentos/2014/32014R0772.md
32014R0772	Artigo 1.º	Intensidade específica da ajuda pública	46	54	240	ue/regulamentos/2014/32014R0772.md
32014R0772	Artigo 2.º		56	70	93	ue/regulamentos/2014/32014R0772.md
32014R0783	Preâmbulo		18	40	632	ue/regulamentos/2014/32014R0783.md
32014R0783	Artigo 1.º		44	54	258	ue/regulamentos/2014/32014R0783.md
32014R0783	Artigo 2.º		56	74	227	ue/regulamentos/2014/32014R0783.md
32014R0788	Artigo 1.º	Objeto	78	82	119	ue/regulamentos/2014/32014R0788.md
32014R0788	Artigo 2.º	Definições	84	90	206	ue/regulamentos/2014/32014R0788.md
32014R0788	Artigo 3.º	Determinação das infrações	94	104	284	ue/regulamentos/2014/32014R0788.md
32014R0788	Artigo 4.º	Cálculo das coimas	106	116	366	ue/regulamentos/2014/32014R0788.md
32014R0788	Artigo 5.º	Avaliação da gravidade das infrações	118	138	287	ue/regulamentos/2014/32014R0788.md
32014R0788	Artigo 6.º	Avaliação das consequências das infrações	140	148	244	ue/regulamentos/2014/32014R0788.md
32014R0788	Artigo 7.º	Sanções pecuniárias temporárias	150	168	653	ue/regulamentos/2014/32014R0788.md
32014R0788	Artigo 8.º	Determinação do montante agregado máximo das coimas e sanções pecuniárias temporárias	170	178	426	ue/regulamentos/2014/32014R0788.md
32014R0788	Artigo 9.º	Cálculo do volume de negócios	180	186	208	ue/regulamentos/2014/32014R0788.md
32014R0788	Artigo 10.º	Retirada do reconhecimento	190	200	315	ue/regulamentos/2014/32014R0788.md
32014R0788	Artigo 11.º	Procedimento de retirada do reconhecimento a pedido de um Estado-Membro	202	220	666	ue/regulamentos/2014/32014R0788.md
32014R0788	Artigo 12.º	Declaração de objeções	224	240	698	ue/regulamentos/2014/32014R0788.md
32014R0788	Artigo 13.º	Pedidos de informação	242	244	166	ue/regulamentos/2014/32014R0788.md
32014R0788	Artigo 14.º	Audição	246	256	320	ue/regulamentos/2014/32014R0788.md
32014R0788	Artigo 15.º	Sanções pecuniárias temporárias por não cooperação	258	264	233	ue/regulamentos/2014/32014R0788.md
32014R0788	Artigo 16.º	Acesso ao processo	266	280	338	ue/regulamentos/2014/32014R0788.md
32014R0788	Artigo 17.º	Representação legal	282	284	42	ue/regulamentos/2014/32014R0788.md
32014R0788	Artigo 18.º	Confidencialidade, segredo profissional e direito a guardar silêncio	286	298	391	ue/regulamentos/2014/32014R0788.md
32014R0788	Artigo 19.º	Decisões	300	312	398	ue/regulamentos/2014/32014R0788.md
32014R0788	Artigo 20.º	Recurso judicial, notificação e publicação	314	320	150	ue/regulamentos/2014/32014R0788.md
32014R0788	Artigo 21.º	Cobrança das coimas e sanções pecuniárias	322	324	115	ue/regulamentos/2014/32014R0788.md
32014R0788	Artigo 22.º	Prazos de prescrição para efeitos da aplicação de coimas e sanções pecuniárias temporárias	326	336	414	ue/regulamentos/2014/32014R0788.md
32014R0788	Artigo 23.º	Prazos de prescrição para efeitos da cobrança de coimas e sanções pecuniárias temporárias	338	350	206	ue/regulamentos/2014/32014R0788.md
32014R0788	Artigo 24.º	Aplicação dos prazos	352	360	176	ue/regulamentos/2014/32014R0788.md
32014R0788	Artigo 25.º	Cooperação com as autoridades nacionais competentes	362	368	139	ue/regulamentos/2014/32014R0788.md
32014R0788	Artigo 26.º	Aplicação	372	374	42	ue/regulamentos/2014/32014R0788.md
32014R0788	Artigo 27.º	Entrada em vigor	376	394	133	ue/regulamentos/2014/32014R0788.md
32014R0791	Preâmbulo		18	40	553	ue/regulamentos/2014/32014R0791.md
32014R0791	Artigo 1.º		44	56	120	ue/regulamentos/2014/32014R0791.md
32014R0791	«Artigo 4.º-A		58	62	92	ue/regulamentos/2014/32014R0791.md
32014R0791	«Artigo 5.º		64	80	506	ue/regulamentos/2014/32014R0791.md
32014R0791	Artigo 2.º		82	100	198	ue/regulamentos/2014/32014R0791.md
32014R0791	ANEXO	«ANEXO V	102	228	685	ue/regulamentos/2014/32014R0791.md
32014R0793	Preâmbulo		18	34	201	ue/regulamentos/2014/32014R0793.md
32014R0793	Artigo 1.º		38	40	41	ue/regulamentos/2014/32014R0793.md
32014R0793	Artigo 2.º		42	56	88	ue/regulamentos/2014/32014R0793.md
32014R0793	ANEXO	Lista de pessoas e entidades referidas no artigo 1.º	58	80	1188	ue/regulamentos/2014/32014R0793.md
32014R0799	Preâmbulo		18	42	525	ue/regulamentos/2014/32014R0799.md
32014R0799	Artigo 1.º	Modelos para os relatórios de execução	46	50	79	ue/regulamentos/2014/32014R0799.md
32014R0799	Artigo 2.º		52	68	252	ue/regulamentos/2014/32014R0799.md
32014R0799	ANEXO	MODELO DOS RELATÓRIOS DE EXECUÇÃO ANUAIS E FINAIS	70	214	1678	ue/regulamentos/2014/32014R0799.md
32014R0800	Preâmbulo		18	48	1341	ue/regulamentos/2014/32014R0800.md
32014R0800	Artigo 1.º	Medidas práticas relativas ao apoio operacional financiado ao abrigo do programa nacional e do Regime de Trânsito Facilitado	52	60	291	ue/regulamentos/2014/32014R0800.md
32014R0800	Artigo 2.º	Modelo para a elaboração de relatórios respeitantes ao apoio operacional financiado ao abrigo do programa nacional e do Regime de Trânsito Facilitado	62	72	346	ue/regulamentos/2014/32014R0800.md
32014R0800	Artigo 3.º		74	106	812	ue/regulamentos/2014/32014R0800.md
32014R0800	ANEXO I	PROGRAMAÇÃO DO APOIO OPERACIONAL NO ÂMBITO DO PROGRAMA NACIONAL	108	123	339	ue/regulamentos/2014/32014R0800.md
32014R0800	ANEXO II	FICHA DE PLANEAMENTO INDICATIVO DO APOIO OPERACIONAL NO ÂMBITO DOS PROGRAMAS NACIONAIS	125	209	1409	ue/regulamentos/2014/32014R0800.md
32014R0800	ANEXO III	PROGRAMAÇÃO DO APOIO OPERACIONAL NO ÂMBITO DO REGIME DE TRÂNSITO FACILITADO	211	221	180	ue/regulamentos/2014/32014R0800.md
32014R0800	ANEXO IV	COMUNICAÇÃO DE INFORMAÇÕES SOBRE O APOIO OPERACIONAL	223	235	136	ue/regulamentos/2014/32014R0800.md
32014R0800	ANEXO V	COMUNICAÇÃO DE INFORMAÇÕES SOBRE O APOIO OPERACIONAL NO ÂMBITO DO REGIME DE TRÂNSITO FACILITADO (RTF)	237	251	187	ue/regulamentos/2014/32014R0800.md
32014R0801	Artigo 1.º	Afetação de um montante suplementar para as pessoas reinstaladas	34	52	359	ue/regulamentos/2014/32014R0801.md
32014R0801	Artigo 2.º	Elegibilidade para o montante suplementar para as pessoas reinstaladas e apresentação de relatórios	54	66	380	ue/regulamentos/2014/32014R0801.md
32014R0801	Artigo 3.º	Entrada em vigor	68	72	72	ue/regulamentos/2014/32014R0801.md
32014R0802	Preâmbulo		18	54	1109	ue/regulamentos/2014/32014R0802.md
32014R0802	Artigo 1.º	Modelos destinados aos programas nacionais	58	60	30	ue/regulamentos/2014/32014R0802.md
32014R0802	Artigo 2.º	Estabelecimento do sistema de intercâmbio eletrónico de dados	62	64	69	ue/regulamentos/2014/32014R0802.md
32014R0802	Artigo 3.º	Conteúdo do sistema de intercâmbio eletrónico de dados	66	70	225	ue/regulamentos/2014/32014R0802.md
32014R0802	Artigo 4.º	Funcionamento do SFC2014	72	98	667	ue/regulamentos/2014/32014R0802.md
32014R0802	Artigo 5.º	Características do SFC2014	100	114	224	ue/regulamentos/2014/32014R0802.md
32014R0802	Artigo 6.º	Transmissão de dados através do SFC2014	116	126	351	ue/regulamentos/2014/32014R0802.md
32014R0802	Artigo 7.º	Segurança dos dados transmitidos através do SFC2014	128	170	920	ue/regulamentos/2014/32014R0802.md
32014R0802	Artigo 8.º		172	200	832	ue/regulamentos/2014/32014R0802.md
32014R0802	ANEXO	MODELO PARA O PROGRAMA NACIONAL	202	432	3091	ue/regulamentos/2014/32014R0802.md
32014R0806	Artigo 1.º	Objeto	36	42	255	ue/regulamentos/2014/32014R0806.md
32014R0806	Artigo 2.º	Âmbito de aplicação	44	60	224	ue/regulamentos/2014/32014R0806.md
32014R0806	Artigo 3.º	Definições	62	228	3172	ue/regulamentos/2014/32014R0806.md
32014R0806	Artigo 4.º	Estados-Membros participantes	230	260	832	ue/regulamentos/2014/32014R0806.md
32014R0806	Artigo 5.º	Relação com a Diretiva 2014/59/UE e legislação nacional aplicável	262	276	612	ue/regulamentos/2014/32014R0806.md
32014R0806	Artigo 6.º	Princípios gerais	278	298	693	ue/regulamentos/2014/32014R0806.md
32014R0806	Artigo 7.º	Divisão de competências no âmbito do MUR	300	358	1697	ue/regulamentos/2014/32014R0806.md
32014R0806	Artigo 8.º	Planos de resolução elaborados pelo CUR	366	518	3098	ue/regulamentos/2014/32014R0806.md
32014R0806	Artigo 9.º	Planos de resolução elaborados pelas autoridades nacionais de resolução	520	524	162	ue/regulamentos/2014/32014R0806.md
32014R0806	Artigo 10.º	Avaliação da resolubilidade	526	634	3088	ue/regulamentos/2014/32014R0806.md
32014R0806	Artigo 10.º-A	Poder para proibir determinadas distribuições	636	710	2074	ue/regulamentos/2014/32014R0806.md
32014R0806	Artigo 11.º	Obrigações simplificadas para determinadas instituições	712	762	1480	ue/regulamentos/2014/32014R0806.md
32014R0806	Artigo 12.º	Requisito mínimo de fundos próprios e passivos elegíveis	764	786	652	ue/regulamentos/2014/32014R0806.md
32014R0806	Artigo 12.º-A	Aplicação e cálculo do requisito mínimo de fundos próprios e passivos elegíveis	788	808	646	ue/regulamentos/2014/32014R0806.md
32014R0806	Artigo 12.º-B	Isenção do requisito mínimo de fundos próprios e passivos elegíveis	810	818	249	ue/regulamentos/2014/32014R0806.md
32014R0806	Artigo 12.º-C	Passivos elegíveis para as entidades de resolução	820	926	3552	ue/regulamentos/2014/32014R0806.md
32014R0806	Artigo 12.º-D	Determinação do requisito mínimo de fundos próprios e passivos elegíveis	928	1064	5043	ue/regulamentos/2014/32014R0806.md
32014R0806	Artigo 12.º-E	Determinação do requisito mínimo de fundos próprios e passivos elegíveis aplicável às entidades de resolução de G-SII e às filiais importantes da União de G-SII	1066	1086	550	ue/regulamentos/2014/32014R0806.md
32014R0806	Artigo 12.º-F	Aplicação do requisito mínimo de fundos próprios e passivos elegíveis às entidades de resolução	1088	1094	332	ue/regulamentos/2014/32014R0806.md
32014R0806	Artigo 12.º-G	Aplicação do requisito mínimo para os fundos próprios e passivos elegíveis a entidades que não sejam, elas próprias, entidades de resolução	1096	1222	2935	ue/regulamentos/2014/32014R0806.md
32014R0806	Artigo 12.º-H	Dispensa do requisito mínimo de fundos próprios e passivos elegíveis aplicado a entidades que não sejam, elas próprias, entidades de resolução	1224	1240	440	ue/regulamentos/2014/32014R0806.md
32014R0806	Artigo 12.º-I	Dispensa para os organismos centrais e as instituições de crédito associadas de modo permanente a um organismo central	1242	1256	440	ue/regulamentos/2014/32014R0806.md
32014R0806	Artigo 12.º-J	Incumprimento do requisito mínimo de fundos próprios e passivos elegíveis	1258	1274	260	ue/regulamentos/2014/32014R0806.md
32014R0806	Artigo 12.º-K	Disposições transitórias e pós-resolução	1276	1322	1209	ue/regulamentos/2014/32014R0806.md
32014R0806	Artigo 13.º	Intervenção precoce	1326	1346	676	ue/regulamentos/2014/32014R0806.md
32014R0806	Artigo 14.º	Objetivos da resolução	1350	1368	395	ue/regulamentos/2014/32014R0806.md
32014R0806	Artigo 15.º	Princípios gerais que regem a resolução	1370	1398	798	ue/regulamentos/2014/32014R0806.md
32014R0806	Artigo 16.º	Resolução de instituições financeiras e empresas-mãe	1400	1410	325	ue/regulamentos/2014/32014R0806.md
32014R0806	Artigo 17.º	Ordem de prioridade dos créditos	1412	1418	303	ue/regulamentos/2014/32014R0806.md
32014R0806	Artigo 18.º	Procedimento de resolução	1420	1524	2910	ue/regulamentos/2014/32014R0806.md
32014R0806	Artigo 19.º	Auxílios estatais e auxílios do Fundo	1526	1582	2191	ue/regulamentos/2014/32014R0806.md
32014R0806	Artigo 20.º	Avaliação para fins de resolução	1584	1672	2749	ue/regulamentos/2014/32014R0806.md
32014R0806	Artigo 21.º		1674	1760	2537	ue/regulamentos/2014/32014R0806.md
32014R0806	Artigo 22.º	Princípios gerais aplicáveis aos instrumentos de resolução	1762	1798	765	ue/regulamentos/2014/32014R0806.md
32014R0806	Artigo 23.º	Programa de resolução	1800	1810	539	ue/regulamentos/2014/32014R0806.md
32014R0806	Artigo 24.º	Instrumento de alienação da atividade	1812	1836	579	ue/regulamentos/2014/32014R0806.md
32014R0806	Artigo 25.º	Instrumento de criação de uma instituição de transição	1838	1854	370	ue/regulamentos/2014/32014R0806.md
32014R0806	Artigo 26.º	Instrumento de segregação de ativos	1856	1866	265	ue/regulamentos/2014/32014R0806.md
32014R0806	Artigo 27.º	Instrumento de recapitalização interna (bail-in)	1868	2014	4401	ue/regulamentos/2014/32014R0806.md
32014R0806	Artigo 28.º	Acompanhamento por parte do CUR	2016	2042	617	ue/regulamentos/2014/32014R0806.md
32014R0806	Artigo 29.º	Execução das decisões nos termos do presente regulamento	2044	2070	927	ue/regulamentos/2014/32014R0806.md
32014R0806	Artigo 30.º		2074	2120	972	ue/regulamentos/2014/32014R0806.md
32014R0806	Artigo 31.º	Cooperação no âmbito do MUR	2122	2146	668	ue/regulamentos/2014/32014R0806.md
32014R0806	Artigo 31.º-A	Intercâmbio de informações entre autoridades e com outras entidades	2148	2214	2033	ue/regulamentos/2014/32014R0806.md
32014R0806	Artigo 32.º	Consulta e cooperação com Estados-Membros não participantes e países terceiros	2216	2228	538	ue/regulamentos/2014/32014R0806.md
32014R0806	Artigo 33.º	Reconhecimento e execução dos procedimentos de resolução de países terceiros	2230	2256	813	ue/regulamentos/2014/32014R0806.md
32014R0806	Artigo 34.º	Pedidos de informação	2260	2282	703	ue/regulamentos/2014/32014R0806.md
32014R0806	Artigo 35.º	Investigações gerais	2284	2300	427	ue/regulamentos/2014/32014R0806.md
32014R0806	Artigo 36.º	Inspeções no local	2302	2312	617	ue/regulamentos/2014/32014R0806.md
32014R0806	Artigo 37.º	Autorização das autoridades judiciais	2314	2318	298	ue/regulamentos/2014/32014R0806.md
32014R0806	Artigo 38.º	Coimas	2322	2404	1723	ue/regulamentos/2014/32014R0806.md
32014R0806	Artigo 39.º	Sanções pecuniárias compulsórias	2406	2422	423	ue/regulamentos/2014/32014R0806.md
32014R0806	Artigo 40.º	Audição das pessoas sujeitas ao processo	2424	2428	233	ue/regulamentos/2014/32014R0806.md
32014R0806	Artigo 41.º	Divulgação, natureza, execução e afetação das multas e sanções pecuniárias compulsórias	2430	2456	602	ue/regulamentos/2014/32014R0806.md
32014R0806	Artigo 41.º-A	Revisão pelo Tribunal de Justiça da União Europeia	2458	2462	95	ue/regulamentos/2014/32014R0806.md
32014R0806	Artigo 42.º	Estatuto jurídico	2468	2474	122	ue/regulamentos/2014/32014R0806.md
32014R0806	Artigo 43.º	Composição	2476	2512	368	ue/regulamentos/2014/32014R0806.md
32014R0806	Artigo 44.º	Observância do direito da União	2514	2516	56	ue/regulamentos/2014/32014R0806.md
32014R0806	Artigo 45.º		2518	2548	915	ue/regulamentos/2014/32014R0806.md
32014R0806	Artigo 46.º	Parlamentos nacionais	2550	2558	408	ue/regulamentos/2014/32014R0806.md
32014R0806	Artigo 47.º	Independência	2560	2570	366	ue/regulamentos/2014/32014R0806.md
32014R0806	Artigo 48.º	Sede	2572	2574	18	ue/regulamentos/2014/32014R0806.md
32014R0806	Artigo 49.º	Participação nas sessões plenárias	2578	2580	38	ue/regulamentos/2014/32014R0806.md
32014R0806	Artigo 50.º	Competências	2582	2630	1248	ue/regulamentos/2014/32014R0806.md
32014R0806	Artigo 51.º	Reunião do CUR em sessão plenária	2632	2640	208	ue/regulamentos/2014/32014R0806.md
32014R0806	Artigo 52.º	Disposições gerais relativas ao processo de decisão	2642	2650	498	ue/regulamentos/2014/32014R0806.md
32014R0806	Artigo 53.º	Participação nas sessões executivas	2654	2672	520	ue/regulamentos/2014/32014R0806.md
32014R0806	Artigo 54.º	Competências	2674	2718	863	ue/regulamentos/2014/32014R0806.md
32014R0806	Artigo 55.º	Tomada de decisões	2720	2730	216	ue/regulamentos/2014/32014R0806.md
32014R0806	Artigo 56.º	Nomeação e funções	2734	2786	998	ue/regulamentos/2014/32014R0806.md
32014R0806	Artigo 57.º	Recursos	2792	2796	98	ue/regulamentos/2014/32014R0806.md
32014R0806	Artigo 58.º	Orçamento	2798	2804	114	ue/regulamentos/2014/32014R0806.md
32014R0806	Artigo 59.º	Parte I do orçamento relativa à administração do CUR	2806	2812	180	ue/regulamentos/2014/32014R0806.md
32014R0806	Artigo 60.º	Parte II do orçamento, relativa ao Fundo	2814	2838	332	ue/regulamentos/2014/32014R0806.md
32014R0806	Artigo 61.º	Elaboração do orçamento	2840	2850	217	ue/regulamentos/2014/32014R0806.md
32014R0806	Artigo 62.º	Auditoria interna e controlo	2852	2862	207	ue/regulamentos/2014/32014R0806.md
32014R0806	Artigo 63.º	Execução do orçamento, apresentação das contas e quitação	2864	2884	448	ue/regulamentos/2014/32014R0806.md
32014R0806	Artigo 64.º	Regras financeiras	2886	2890	152	ue/regulamentos/2014/32014R0806.md
32014R0806	Artigo 65.º	Contribuições para as despesas administrativas do CUR	2892	2908	392	ue/regulamentos/2014/32014R0806.md
32014R0806	Artigo 66.º	Medidas antifraude	2910	2916	290	ue/regulamentos/2014/32014R0806.md
32014R0806	Artigo 67.º	Disposições gerais	2922	2930	234	ue/regulamentos/2014/32014R0806.md
32014R0806	Artigo 68.º	Obrigatoriedade de criar mecanismos de financiamento da resolução	2932	2934	60	ue/regulamentos/2014/32014R0806.md
32014R0806	Artigo 69.º	Nível-alvo	2936	2954	593	ue/regulamentos/2014/32014R0806.md
32014R0806	Artigo 70.º	Contribuições ex ante	2956	2984	933	ue/regulamentos/2014/32014R0806.md
32014R0806	Artigo 71.º	Contribuições extraordinárias ex post	2986	2994	431	ue/regulamentos/2014/32014R0806.md
32014R0806	Artigo 72.º	Contração voluntária de empréstimos entre mecanismos de financiamento da resolução	2996	3008	324	ue/regulamentos/2014/32014R0806.md
32014R0806	Artigo 73.º	Meios alternativos de financiamento	3010	3016	248	ue/regulamentos/2014/32014R0806.md
32014R0806	Artigo 74.º	Acesso aos mecanismos de financiamento	3018	3026	198	ue/regulamentos/2014/32014R0806.md
32014R0806	Artigo 75.º	Investimentos	3030	3038	325	ue/regulamentos/2014/32014R0806.md
32014R0806	Artigo 76.º	Missão do Fundo	3042	3064	573	ue/regulamentos/2014/32014R0806.md
32014R0806	Artigo 77.º	Utilização do Fundo	3066	3070	213	ue/regulamentos/2014/32014R0806.md
32014R0806	Artigo 78.º	Mutualização dos mecanismos nacionais de financiamento em caso de resolução de um grupo que envolva instituições de Estados-Membros não participantes	3072	3074	134	ue/regulamentos/2014/32014R0806.md
32014R0806	Artigo 79.º	Utilização dos sistemas de garantia de depósitos no contexto de uma resolução	3076	3094	627	ue/regulamentos/2014/32014R0806.md
32014R0806	Artigo 79.º-B	Apresentação de relatório sobre a liquidez na resolução	3096	3102	160	ue/regulamentos/2014/32014R0806.md
32014R0806	Artigo 80.º	Privilégios e imunidades	3106	3108	44	ue/regulamentos/2014/32014R0806.md
32014R0806	Artigo 81.º	Regime linguístico	3110	3120	151	ue/regulamentos/2014/32014R0806.md
32014R0806	Artigo 82.º	Pessoal	3122	3130	316	ue/regulamentos/2014/32014R0806.md
32014R0806	Artigo 83.º	Intercâmbio de pessoal	3132	3140	264	ue/regulamentos/2014/32014R0806.md
32014R0806	Artigo 84.º	Comités internos	3142	3144	42	ue/regulamentos/2014/32014R0806.md
32014R0806	Artigo 85.º	Câmara de recurso	3146	3172	842	ue/regulamentos/2014/32014R0806.md
32014R0806	Artigo 86.º	Recursos perante o Tribunal de Justiça	3174	3182	194	ue/regulamentos/2014/32014R0806.md
32014R0806	Artigo 87.º	Responsabilidade do CUR	3184	3196	520	ue/regulamentos/2014/32014R0806.md
32014R0806	Artigo 88.º	Segredo profissional e intercâmbio de informações	3198	3226	1212	ue/regulamentos/2014/32014R0806.md
32014R0806	Artigo 89.º	Proteção de dados	3228	3230	106	ue/regulamentos/2014/32014R0806.md
32014R0806	Artigo 90.º	Acesso aos documentos	3232	3240	266	ue/regulamentos/2014/32014R0806.md
32014R0806	Artigo 91.º	Regras de segurança em matéria de proteção das informações classificadas e das informações sensíveis não classificadas	3242	3244	143	ue/regulamentos/2014/32014R0806.md
32014R0806	Artigo 92.º	Tribunal de Contas	3246	3268	546	ue/regulamentos/2014/32014R0806.md
32014R0806	Artigo 93.º	Exercício da delegação	3272	3286	509	ue/regulamentos/2014/32014R0806.md
32014R0806	Artigo 94.º	Avaliação	3288	3318	810	ue/regulamentos/2014/32014R0806.md
32014R0806	Artigo 95.º	Alteração ao Regulamento (UE) n.º 1093/2010	3320	3344	616	ue/regulamentos/2014/32014R0806.md
32014R0806	Artigo 96.º	Substituição dos mecanismos nacionais de financiamento dos procedimentos de resolução	3346	3348	88	ue/regulamentos/2014/32014R0806.md
32014R0806	Artigo 97.º	Acordo de sede e condições de funcionamento	3350	3354	218	ue/regulamentos/2014/32014R0806.md
32014R0806	Artigo 98.º	Início das atividades do CUR	3356	3368	291	ue/regulamentos/2014/32014R0806.md
32014R0806	Artigo 99.º	Entrada em vigor	3370	3440	2518	ue/regulamentos/2014/32014R0806.md
32014R0810	Artigo 1.º		50	52	42	ue/regulamentos/2014/32014R0810.md
32014R0810	Artigo 2.º		54	58	59	ue/regulamentos/2014/32014R0810.md
32014R0810	ANEXO	LISTA DAS PESSOAS E ENTIDADES A QUE SE REFERE O ARTIGO 1.º	60	107	6134	ue/regulamentos/2014/32014R0810.md
32014R0811	Preâmbulo		18	42	700	ue/regulamentos/2014/32014R0811.md
32014R0811	Artigo 1.º		46	60	322	ue/regulamentos/2014/32014R0811.md
32014R0811	Artigo 2.º		62	80	227	ue/regulamentos/2014/32014R0811.md
32014R0812	Preâmbulo		18	34	326	ue/regulamentos/2014/32014R0812.md
32014R0812	Artigo 1.º		38	40	41	ue/regulamentos/2014/32014R0812.md
32014R0812	Artigo 2.º		42	64	266	ue/regulamentos/2014/32014R0812.md
32014R0813	Preâmbulo		18	34	329	ue/regulamentos/2014/32014R0813.md
32014R0813	Artigo 1.º		38	40	41	ue/regulamentos/2014/32014R0813.md
32014R0813	Artigo 2.º		42	64	269	ue/regulamentos/2014/32014R0813.md
32014R0814	Preâmbulo		18	34	327	ue/regulamentos/2014/32014R0814.md
32014R0814	Artigo 1.º		38	40	42	ue/regulamentos/2014/32014R0814.md
32014R0814	Artigo 2.º		42	64	268	ue/regulamentos/2014/32014R0814.md
32014R0821	Artigo 1.º		40	62	614	ue/regulamentos/2014/32014R0821.md
32014R0821	Artigo 2.º		64	70	84	ue/regulamentos/2014/32014R0821.md
32014R0821	Artigo 3.º	Instruções para a criação do emblema e a definição das cores normalizadas	82	84	53	ue/regulamentos/2014/32014R0821.md
32014R0821	Artigo 4.º	Características técnicas para a presença do emblema da União e a referência ao fundo ou aos fundos que apoiam a operação	86	104	496	ue/regulamentos/2014/32014R0821.md
32014R0821	Artigo 5.º	Características técnicas dos painéis permanentes e dos cartazes temporários ou permanentes	106	110	196	ue/regulamentos/2014/32014R0821.md
32014R0821	Artigo 6.º	Disposições gerais	116	118	67	ue/regulamentos/2014/32014R0821.md
32014R0821	Artigo 7.º	Proteção e preservação dos dados e documentos e sua integridade	120	132	396	ue/regulamentos/2014/32014R0821.md
32014R0821	Artigo 8.º	Interoperabilidade	134	142	237	ue/regulamentos/2014/32014R0821.md
32014R0821	Artigo 9.º	Funções de pesquisa e de comunicação de informações	144	152	153	ue/regulamentos/2014/32014R0821.md
32014R0821	Artigo 10.º	Documentação do sistema	154	158	131	ue/regulamentos/2014/32014R0821.md
32014R0821	Artigo 11.º	Segurança do intercâmbio de dados	160	164	126	ue/regulamentos/2014/32014R0821.md
32014R0821	Artigo 12.º	Entrada em vigor	166	170	69	ue/regulamentos/2014/32014R0821.md
32014R0821	ANEXO I	Modelo para apresentação de relatórios sobre instrumentos financeiros	172	312	3936	ue/regulamentos/2014/32014R0821.md
32014R0821	ANEXO II	Instruções para criação do emblema da União e definição das cores normalizadas	314	368	806	ue/regulamentos/2014/32014R0821.md
32014R0822	Preâmbulo		18	56	1428	ue/regulamentos/2014/32014R0822.md
32014R0822	Artigo 1.º		60	64	154	ue/regulamentos/2014/32014R0822.md
32014R0822	Artigo 2.º		66	68	73	ue/regulamentos/2014/32014R0822.md
32014R0822	Artigo 3.º		70	72	44	ue/regulamentos/2014/32014R0822.md
32014R0822	Artigo 4.º		74	82	150	ue/regulamentos/2014/32014R0822.md
32014R0822	Artigo 5.º		84	86	128	ue/regulamentos/2014/32014R0822.md
32014R0822	Artigo 6.º		88	108	139	ue/regulamentos/2014/32014R0822.md
32014R0822	ANEXO		110	116	77	ue/regulamentos/2014/32014R0822.md
32014R0825	Preâmbulo		18	40	458	ue/regulamentos/2014/32014R0825.md
32014R0825	Artigo 1.º		44	59	315	ue/regulamentos/2014/32014R0825.md
32014R0825	«Artigo 2.º-A		61	85	498	ue/regulamentos/2014/32014R0825.md
32014R0825	Artigo 2.º-B		87	89	46	ue/regulamentos/2014/32014R0825.md
32014R0825	Artigo 2.º-C		91	113	535	ue/regulamentos/2014/32014R0825.md
32014R0825	Artigo 2.º-D		115	123	142	ue/regulamentos/2014/32014R0825.md
32014R0825	Artigo 2.º		125	143	231	ue/regulamentos/2014/32014R0825.md
32014R0825	ANEXO	«ANEXO II	145	394	6664	ue/regulamentos/2014/32014R0825.md
32014R0826	Preâmbulo		18	34	230	ue/regulamentos/2014/32014R0826.md
32014R0826	Artigo 1.º		38	40	40	ue/regulamentos/2014/32014R0826.md
32014R0826	Artigo 2.º		42	56	88	ue/regulamentos/2014/32014R0826.md
32014R0826	ANEXO	LISTA DAS PESSOAS E ENTIDADES A QUE SE REFERE O ARTIGO 1.º	58	79	2001	ue/regulamentos/2014/32014R0826.md
32014R0827	Preâmbulo		18	42	438	ue/regulamentos/2014/32014R0827.md
32014R0827	Artigo 1.º		46	51	64	ue/regulamentos/2014/32014R0827.md
32014R0827	Artigo 2.º		53	69	115	ue/regulamentos/2014/32014R0827.md
32014R0828	Preâmbulo		22	58	1739	ue/regulamentos/2014/32014R0828.md
32014R0828	Artigo 1.º	Objeto e âmbito de aplicação	62	64	48	ue/regulamentos/2014/32014R0828.md
32014R0828	Artigo 2.º	Definições	66	72	92	ue/regulamentos/2014/32014R0828.md
32014R0828	Artigo 3.º	Informações prestadas aos consumidores	74	84	259	ue/regulamentos/2014/32014R0828.md
32014R0828	Artigo 4.º	Fórmulas para lactentes e fórmulas de transição	86	88	76	ue/regulamentos/2014/32014R0828.md
32014R0828	Artigo 5.º	Entrada em vigor e aplicação	90	114	362	ue/regulamentos/2014/32014R0828.md
32014R0828	ANEXO	Menções autorizadas sobre a ausência ou a presença reduzida de glúten nos géneros alimentícios e condições aplicáveis a essas menções	116	130	297	ue/regulamentos/2014/32014R0828.md
32014R0833	Artigo 1.º		70	248	3338	ue/regulamentos/2014/32014R0833.md
32014R0833	Artigo 2.º		250	348	2090	ue/regulamentos/2014/32014R0833.md
32014R0833	Artigo 2.º-A		350	464	2432	ue/regulamentos/2014/32014R0833.md
32014R0833	Artigo 2.º-AA		466	490	492	ue/regulamentos/2014/32014R0833.md
32014R0833	Artigo 2.º-B		492	522	784	ue/regulamentos/2014/32014R0833.md
32014R0833	Artigo 2.º-C		524	528	144	ue/regulamentos/2014/32014R0833.md
32014R0833	Artigo 2.º-D		530	556	590	ue/regulamentos/2014/32014R0833.md
32014R0833	Artigo 2.º-E		558	588	393	ue/regulamentos/2014/32014R0833.md
32014R0833	Artigo 2.º-F		590	618	423	ue/regulamentos/2014/32014R0833.md
32014R0833	Artigo 3.º		620	670	868	ue/regulamentos/2014/32014R0833.md
32014R0833	Artigo 3.º-A		672	722	1052	ue/regulamentos/2014/32014R0833.md
32014R0833	Artigo 3.º-B		724	754	785	ue/regulamentos/2014/32014R0833.md
32014R0833	Artigo 3.º-C		756	838	1949	ue/regulamentos/2014/32014R0833.md
32014R0833	Artigo 3.º-D		840	892	1279	ue/regulamentos/2014/32014R0833.md
32014R0833	Artigo 3.º-E		894	904	168	ue/regulamentos/2014/32014R0833.md
32014R0833	Artigo 3.º.º–EA		906	998	1118	ue/regulamentos/2014/32014R0833.md
32014R0833	Artigo 3.º-EB		1000	1012	470	ue/regulamentos/2014/32014R0833.md
32014R0833	Artigo 3.º-EC		1014	1026	416	ue/regulamentos/2014/32014R0833.md
32014R0833	Artigo 3.º-F		1028	1052	718	ue/regulamentos/2014/32014R0833.md
32014R0833	Artigo 3.º-G		1054	1140	1296	ue/regulamentos/2014/32014R0833.md
32014R0833	Artigo 3.º-H		1142	1196	980	ue/regulamentos/2014/32014R0833.md
32014R0833	Artigo 3.º.º–I		1198	1344	2721	ue/regulamentos/2014/32014R0833.md
32014R0833	Artigo 3.º.º–K		1346	1504	3008	ue/regulamentos/2014/32014R0833.md
32014R0833	Artigo 3.º.º–L		1506	1574	1068	ue/regulamentos/2014/32014R0833.md
32014R0833	Artigo 3.º-M		1576	1694	2993	ue/regulamentos/2014/32014R0833.md
32014R0833	Artigo 3.º-MA		1696	1716	546	ue/regulamentos/2014/32014R0833.md
32014R0833	Artigo 3.º-N		1718	1848	2971	ue/regulamentos/2014/32014R0833.md
32014R0833	Artigo 3.º-NA		1850	1856	126	ue/regulamentos/2014/32014R0833.md
32014R0833	Artigo 3.º-NB		1858	1876	491	ue/regulamentos/2014/32014R0833.md
32014R0833	Artigo 3.º-O		1878	1898	524	ue/regulamentos/2014/32014R0833.md
32014R0833	Artigo 3.º-P		1900	1952	1915	ue/regulamentos/2014/32014R0833.md
32014R0833	Artigo 3.º-Q		1954	1980	1015	ue/regulamentos/2014/32014R0833.md
32014R0833	Artigo 3.º-QA		1982	2022	1062	ue/regulamentos/2014/32014R0833.md
32014R0833	Artigo 3.º-R		2024	2058	1125	ue/regulamentos/2014/32014R0833.md
32014R0833	Artigo 3.º-RA		2060	2142	1680	ue/regulamentos/2014/32014R0833.md
32014R0833	Artigo 3.º-RB		2144	2150	137	ue/regulamentos/2014/32014R0833.md
32014R0833	Artigo 3.º-S		2152	2228	1324	ue/regulamentos/2014/32014R0833.md
32014R0833	Artigo 3.º-SA		2230	2240	421	ue/regulamentos/2014/32014R0833.md
32014R0833	Artigo 3.º-T		2242	2256	387	ue/regulamentos/2014/32014R0833.md
32014R0833	Artigo 3.º-U		2258	2284	662	ue/regulamentos/2014/32014R0833.md
32014R0833	Artigo 3.º-V		2286	2298	289	ue/regulamentos/2014/32014R0833.md
32014R0833	Artigo 4.º		2300	2384	1805	ue/regulamentos/2014/32014R0833.md
32014R0833	Artigo 5.º		2386	2456	2005	ue/regulamentos/2014/32014R0833.md
32014R0833	Artigo 5.º-A		2458	2584	4774	ue/regulamentos/2014/32014R0833.md
32014R0833	Artigo 5.º-AA		2586	2722	2373	ue/regulamentos/2014/32014R0833.md
32014R0833	Artigo 5.º-AB		2724	2742	474	ue/regulamentos/2014/32014R0833.md
32014R0833	Artigo 5.º-AC		2744	2826	2213	ue/regulamentos/2014/32014R0833.md
32014R0833	Artigo 5.º-AD		2828	2912	1802	ue/regulamentos/2014/32014R0833.md
32014R0833	Artigo 5.º-AE		2914	3008	2053	ue/regulamentos/2014/32014R0833.md
32014R0833	Artigo 5.º-AF		3010	3036	759	ue/regulamentos/2014/32014R0833.md
32014R0833	Artigo 5.º-AG		3038	3058	408	ue/regulamentos/2014/32014R0833.md
32014R0833	Artigo 5.º-AH		3060	3110	1470	ue/regulamentos/2014/32014R0833.md
32014R0833	Artigo 5.º-AI		3112	3126	393	ue/regulamentos/2014/32014R0833.md
32014R0833	Artigo 5.º-AJ		3128	3146	500	ue/regulamentos/2014/32014R0833.md
32014R0833	Artigo 5.º-B		3148	3176	539	ue/regulamentos/2014/32014R0833.md
32014R0833	Artigo 5.º-BA		3178	3182	72	ue/regulamentos/2014/32014R0833.md
32014R0833	Artigo 5.º-BB		3184	3198	282	ue/regulamentos/2014/32014R0833.md
32014R0833	Artigo 5.º-BC		3200	3208	232	ue/regulamentos/2014/32014R0833.md
32014R0833	Artigo 5.º-C		3210	3250	727	ue/regulamentos/2014/32014R0833.md
32014R0833	Artigo 5.º-D		3252	3264	226	ue/regulamentos/2014/32014R0833.md
32014R0833	Artigo 5.º-E		3266	3274	169	ue/regulamentos/2014/32014R0833.md
32014R0833	Artigo 5.º-F		3276	3286	195	ue/regulamentos/2014/32014R0833.md
32014R0833	Artigo 5.º-G		3288	3302	386	ue/regulamentos/2014/32014R0833.md
32014R0833	Artigo 5.º-H		3304	3376	1436	ue/regulamentos/2014/32014R0833.md
32014R0833	Artigo 5.º-I		3378	3392	292	ue/regulamentos/2014/32014R0833.md
32014R0833	Artigo 5.º-J		3394	3406	175	ue/regulamentos/2014/32014R0833.md
32014R0833	Artigo 5.º.º–K		3408	3456	850	ue/regulamentos/2014/32014R0833.md
32014R0833	Artigo 5.º.º–L		3458	3500	702	ue/regulamentos/2014/32014R0833.md
32014R0833	Artigo 5.º-M		3502	3542	946	ue/regulamentos/2014/32014R0833.md
32014R0833	Artigo 5.º-N		3544	3672	2671	ue/regulamentos/2014/32014R0833.md
32014R0833	Artigo 5.º-O		3674	3678	106	ue/regulamentos/2014/32014R0833.md
32014R0833	Artigo 5.º-P		3680	3698	376	ue/regulamentos/2014/32014R0833.md
32014R0833	Artigo 5.º-Q		3700	3726	891	ue/regulamentos/2014/32014R0833.md
32014R0833	Artigo 5.º-R		3728	3746	532	ue/regulamentos/2014/32014R0833.md
32014R0833	Artigo 5.º-S		3748	3764	1044	ue/regulamentos/2014/32014R0833.md
32014R0833	Artigo 5.º-SA		3766	3774	413	ue/regulamentos/2014/32014R0833.md
32014R0833	Artigo 5.º-T		3776	3818	931	ue/regulamentos/2014/32014R0833.md
32014R0833	Artigo 5.º-U		3820	3822	126	ue/regulamentos/2014/32014R0833.md
32014R0833	Artigo 5.º-V		3824	3860	553	ue/regulamentos/2014/32014R0833.md
32014R0833	Artigo 5.º-W		3862	3892	644	ue/regulamentos/2014/32014R0833.md
32014R0833	Artigo 6.º		3894	3936	750	ue/regulamentos/2014/32014R0833.md
32014R0833	Artigo 6.º-A		3938	3942	270	ue/regulamentos/2014/32014R0833.md
32014R0833	Artigo 6.º-B		3944	3968	463	ue/regulamentos/2014/32014R0833.md
32014R0833	Artigo 7.º		3970	3974	35	ue/regulamentos/2014/32014R0833.md
32014R0833	Artigo 7.º-A		3976	3996	200	ue/regulamentos/2014/32014R0833.md
32014R0833	Artigo 8.º		3998	4008	202	ue/regulamentos/2014/32014R0833.md
32014R0833	Artigo 8.º-A		4010	4014	82	ue/regulamentos/2014/32014R0833.md
32014R0833	Artigo 9.º		4016	4022	172	ue/regulamentos/2014/32014R0833.md
32014R0833	Artigo 10.º		4024	4028	73	ue/regulamentos/2014/32014R0833.md
32014R0833	Artigo 11.º		4030	4074	1122	ue/regulamentos/2014/32014R0833.md
32014R0833	Artigo 11.º-A		4076	4086	666	ue/regulamentos/2014/32014R0833.md
32014R0833	Artigo 11.º-B		4088	4104	849	ue/regulamentos/2014/32014R0833.md
32014R0833	Artigo 11.º-C		4106	4116	374	ue/regulamentos/2014/32014R0833.md
32014R0833	Artigo 11.º-CA		4118	4128	540	ue/regulamentos/2014/32014R0833.md
32014R0833	Artigo 11.º-D		4130	4134	106	ue/regulamentos/2014/32014R0833.md
32014R0833	Artigo 11.º-E		4136	4140	311	ue/regulamentos/2014/32014R0833.md
32014R0833	Artigo 11.º-F		4142	4146	90	ue/regulamentos/2014/32014R0833.md
32014R0833	Artigo 12.º		4148	4152	96	ue/regulamentos/2014/32014R0833.md
32014R0833	Artigo 12.º-A		4154	4178	733	ue/regulamentos/2014/32014R0833.md
32014R0833	Artigo 12.º-B		4180	4228	1332	ue/regulamentos/2014/32014R0833.md
32014R0833	Artigo 12.º-C		4230	4240	277	ue/regulamentos/2014/32014R0833.md
32014R0833	Artigo 12.º-D		4242	4246	46	ue/regulamentos/2014/32014R0833.md
32014R0833	Artigo 12.º-E		4248	4260	358	ue/regulamentos/2014/32014R0833.md
32014R0833	Artigo 12.º-F		4262	4280	1029	ue/regulamentos/2014/32014R0833.md
32014R0833	Artigo 12.º-G		4282	4306	580	ue/regulamentos/2014/32014R0833.md
32014R0833	Artigo 12.º-GA		4308	4320	494	ue/regulamentos/2014/32014R0833.md
32014R0833	Artigo 12.º-GB		4322	4344	544	ue/regulamentos/2014/32014R0833.md
32014R0833	Artigo 12.º-H		4346	4352	217	ue/regulamentos/2014/32014R0833.md
32014R0833	Artigo 13.º		4354	4366	144	ue/regulamentos/2014/32014R0833.md
32014R0833	Artigo 14.º		4368	4374	63	ue/regulamentos/2014/32014R0833.md
32014R0833	ANEXO I		4376	4500	614	ue/regulamentos/2014/32014R0833.md
32014R0833	ANEXO II		4502	4526	198	ue/regulamentos/2014/32014R0833.md
32014R0833	ANEXO III	Lista das pessoas coletivas, entidades e organismos a que se refere o artigo 5.º, n.º 1, alínea a)	4528	4542	55	ue/regulamentos/2014/32014R0833.md
32014R0833	ANEXO IV		4544	5531	127680	ue/regulamentos/2014/32014R0833.md
32014R0833	ANEXO V	Lista das pessoas coletivas, entidades e organismos a que se refere o artigo 5.º, n.º 3, alínea a)	5533	5543	46	ue/regulamentos/2014/32014R0833.md
32014R0833	ANEXO VI	Lista das pessoas coletivas, entidades ou organismos a que se refere o artigo 5.º, n.º 3, alínea b)	5545	5555	40	ue/regulamentos/2014/32014R0833.md
32014R0833	ANEXO VII	Lista de bens e tecnologias a que se refere o artigo 2.º-A, n.º 1, e o artigo 2.º-B, n.º 1	5557	8511	43045	ue/regulamentos/2014/32014R0833.md
32014R0833	ANEXO VIII	Lista dos países parceiros a que se referem o artigo 2.º, n.º 4, o artigo 2.º-A, n.º 4, o artigo 2.º-D, n.º 4, o artigo 3.º-H, n.º 3, o artigo 3.º-K, n.º 4, o a	8513	8539	127	ue/regulamentos/2014/32014R0833.md
32014R0833	ANEXO IX		8541	8585	250	ue/regulamentos/2014/32014R0833.md
32014R0833	ANEXO X	Lista dos bens e tecnologias a que se refere o artigo 3.º-B, n.º 1	8587	8620	605	ue/regulamentos/2014/32014R0833.md
32014R0833	ANEXO XI		8622	8671	561	ue/regulamentos/2014/32014R0833.md
32014R0833	ANEXO XII		8673	8687	44	ue/regulamentos/2014/32014R0833.md
32014R0833	ANEXO XIII	Lista das pessoas coletivas, entidades e organismos a que se refere o artigo 5.º, n.º 4, alínea a)	8689	8711	96	ue/regulamentos/2014/32014R0833.md
32014R0833	ANEXO XIV		8713	8828	1348	ue/regulamentos/2014/32014R0833.md
32014R0833	ANEXO XV	Lista das pessoas coletivas, entidades ou organismos referidos no artigo 2.º-f	8830	8906	180	ue/regulamentos/2014/32014R0833.md
32014R0833	ANEXO XVI	Lista de bens e tecnologias a que se refere o artigo 3.º-f	8908	8918	266	ue/regulamentos/2014/32014R0833.md
32014R0833	ANEXO XVII	Lista de produtos siderúrgicos a que se refere o artigo 3.º-g	8920	8973	2448	ue/regulamentos/2014/32014R0833.md
32014R0833	ANEXO XVIII	Lista dos artigos de luxo a que se refere o artigo 3.º-H	8975	9373	7028	ue/regulamentos/2014/32014R0833.md
32014R0833	ANEXO XIX	Lista das pessoas coletivas, entidades ou organismos a que se refere o artigo 5.º-AA	9375	9411	133	ue/regulamentos/2014/32014R0833.md
32014R0833	ANEXO XX		9413	9454	712	ue/regulamentos/2014/32014R0833.md
32014R0833	ANEXO XXI	Lista de mercadorias e tecnologias a que se refere o artigo 3.º-I	9456	9791	12488	ue/regulamentos/2014/32014R0833.md
32014R0833	ANEXO XXIII	Lista de mercadorias e tecnologias a que se refere o artigo 3.º-K	9793	10352	23644	ue/regulamentos/2014/32014R0833.md
32014R0833	ANEXO XXIII-H	Lista de mercadorias e tecnologias a que se refere o artigo 3.º-K, n.º 3-AL	10354	10373	571	ue/regulamentos/2014/32014R0833.md
32014R0833	ANEXO XXIV		10375	10399	315	ue/regulamentos/2014/32014R0833.md
32014R0833	ANEXO XXV	Lista de petróleo bruto e produtos petrolíferos a que se referem os artigos 3.º-M e 3.º-N	10401	10410	132	ue/regulamentos/2014/32014R0833.md
32014R0833	ANEXO XXVI	Lista das mercadorias a que se refere o artigo 3.^O-o, n.ºs 1 e 2	10412	10418	110	ue/regulamentos/2014/32014R0833.md
32014R0833	ANEXO XXVII	Lista das mercadorias a que se refere o artigo 3.^O-o, n.º 3	10420	10427	96	ue/regulamentos/2014/32014R0833.md
32014R0833	ANEXO XXVIII	Lista de preços a que se refere o artigo 3.º-N, n.º 6, alínea a)	10429	10512	2124	ue/regulamentos/2014/32014R0833.md
32014R0833	ANEXO XXIX		10514	10529	371	ue/regulamentos/2014/32014R0833.md
32014R0833	ANEXO XXX	Lista dos produtos a que se refere o artigo 3.º-A	10531	10559	109	ue/regulamentos/2014/32014R0833.md
32014R0833	ANEXO XXXI	Lista dos produtos petrolíferos a que se refere o artigo 3.º-M, n.ºs 7 e 8	10561	10601	804	ue/regulamentos/2014/32014R0833.md
32014R0833	ANEXO XXXII	Lista dos produtos petrolíferos a que se refere o artigo 3.º-M, n.º 7	10603	10616	300	ue/regulamentos/2014/32014R0833.md
32014R0833	ANEXO XXXIII	Lista de mercadorias e tecnologias e países a que se refere o artigo 12.º-F	10618	10625	105	ue/regulamentos/2014/32014R0833.md
32014R0833	ANEXO XXXV	Lista de armas de fogo e outras armas a que se refere o artigo 2.º-AA	10627	10634	91	ue/regulamentos/2014/32014R0833.md
32014R0833	ANEXO XXXVI	Lista dos países parceiros para efeitos da importação de ferro e aço a que se refere o artigo 3.º-G, n.º 1	10636	10646	43	ue/regulamentos/2014/32014R0833.md
32014R0833	ANEXO XXXVII	Lista de mercadorias e tecnologias a que se refere o artigo 3.º-K, n.º 1-A	10648	10697	1775	ue/regulamentos/2014/32014R0833.md
32014R0833	ANEXO XXXVIII-A	Lista de mercadorias e produtos a que se refere o artigo 3.º-P	10699	10722	410	ue/regulamentos/2014/32014R0833.md
32014R0833	ANEXO XXXVIII-B	Autoridade para verificação de diamantes a que se refere o Artigo 3.º-P, n.º 8	10724	10734	52	ue/regulamentos/2014/32014R0833.md
32014R0833	ANEXO XXXIX	Lista de software a que se refere o artigo 5.º-N, n.º 3	10736	10784	361	ue/regulamentos/2014/32014R0833.md
32014R0833	ANEXO XL	Lista de mercadorias e tecnologias a que se referem os artigos 2.º, 2.º-A, 12.º-G e 12.º-GB	10786	10843	1340	ue/regulamentos/2014/32014R0833.md
32014R0833	ANEXO XLI	Afetação da contribuição financeira pelos diferentes instrumentos de despesa	10845	10855	212	ue/regulamentos/2014/32014R0833.md
32014R0833	ANEXO XLII	Lista de navios a que se refere o artigo 3.º-S	10857	11580	65279	ue/regulamentos/2014/32014R0833.md
32014R0833	ANEXO XLIII	Lista das pessoas coletivas, entidades e organismos a que se refere o artigo 5.º-AB	11582	11586	28	ue/regulamentos/2014/32014R0833.md
32014R0833	ANEXO XLIV	Lista das pessoas coletivas, entidades e organismos a que se refere o artigo 5.º-AC	11588	11603	173	ue/regulamentos/2014/32014R0833.md
32014R0833	ANEXO XLV	Lista das pessoas coletivas, entidades ou organismos a que se refere o artigo 5.º-AD	11605	11679	729	ue/regulamentos/2014/32014R0833.md
32014R0833	ANEXO XLVI	Lista das pessoas coletivas, entidades e organismos a que se refere o artigo 3.º-D, n.º 1-B	11681	11683	28	ue/regulamentos/2014/32014R0833.md
32014R0833	ANEXO XLVII	Lista de portos, eclusas e aeroportos a que se refere o artigo 5.º-AE	11685	11740	1994	ue/regulamentos/2014/32014R0833.md
32014R0833	ANEXO XLVIII	Lista de produtos a que se refere o artigo 12.º-GB	11742	11749	72	ue/regulamentos/2014/32014R0833.md
32014R0833	ANEXO XLIX	Pessoas coletivas, entidades ou organismos a que se refere o artigo 5.º-AG,alínea c)	11751	11758	104	ue/regulamentos/2014/32014R0833.md
32014R0833	ANEXO L	Pessoas coletivas, entidades ou organismos a que se refere o artigo 5.º-AG, alínea d)	11760	11762	26	ue/regulamentos/2014/32014R0833.md
32014R0833	ANEXO LI	Lista de países parceiros para a importação de produtos petrolíferos a que se refere o artigo 3.º MA, n.º 1	11764	11786	61	ue/regulamentos/2014/32014R0833.md
32014R0833	ANEXO LII	Lista de zonas económicas especiais, de inovação e preferenciais a que se refere o artigo 5.º-AH	11788	11811	320	ue/regulamentos/2014/32014R0833.md
32014R0833	ANEXO LIII	Lista de criptoativos e moedas digitais de bancos centrais a que se refere o artigo 5.º-BA	11813	11821	75	ue/regulamentos/2014/32014R0833.md
32014R0833	ANEXO LIV		11823	11825	114	ue/regulamentos/2014/32014R0833.md
32014R0833	ANEXO LV	Pessoas coletivas, entidades ou organismos a que se refere o artigo 5.º-AJ	11827	11831	186	ue/regulamentos/2014/32014R0833.md
32014R0833	ANEXO LVI	Pessoas coletivas, entidades ou organismos a que se refere o artigo 5.º-SA, n.º 1, que utilizam os direitos de propriedade intelectual ou segredos comerciais de	11833	11835	60	ue/regulamentos/2014/32014R0833.md
32014R0833	ANEXO LVII	Lista dos países referidos no artigo 5.º-BC	11837	12013	4491	ue/regulamentos/2014/32014R0833.md
32014R0834	Preâmbulo		18	36	775	ue/regulamentos/2014/32014R0834.md
32014R0834	Artigo 1.º	Indicadores	40	60	400	ue/regulamentos/2014/32014R0834.md
32014R0834	Artigo 2.º	Prestação de informações	62	72	258	ue/regulamentos/2014/32014R0834.md
32014R0834	Artigo 3.º		74	96	430	ue/regulamentos/2014/32014R0834.md
32014R0834	ANEXO	Indicadores do quadro comum de acompanhamento e avaliação da PAC	98	374	1954	ue/regulamentos/2014/32014R0834.md
32014R0835	Preâmbulo		18	32	210	ue/regulamentos/2014/32014R0835.md
32014R0835	Artigo 1.º		36	38	22	ue/regulamentos/2014/32014R0835.md
32014R0835	Artigo 2.º		40	56	105	ue/regulamentos/2014/32014R0835.md
32014R0835	ANEXO		58	66	55	ue/regulamentos/2014/32014R0835.md
32014R0837	Preâmbulo		18	32	219	ue/regulamentos/2014/32014R0837.md
32014R0837	Artigo 1.º		36	40	76	ue/regulamentos/2014/32014R0837.md
32014R0837	Artigo 2.º		42	60	174	ue/regulamentos/2014/32014R0837.md
32014R0839	Preâmbulo		18	34	314	ue/regulamentos/2014/32014R0839.md
32014R0839	Artigo 1.º		38	40	49	ue/regulamentos/2014/32014R0839.md
32014R0839	Artigo 2.º		42	62	188	ue/regulamentos/2014/32014R0839.md
32014R0842	Preâmbulo		18	40	318	ue/regulamentos/2014/32014R0842.md
32014R0842	Artigo 1.º		44	46	20	ue/regulamentos/2014/32014R0842.md
32014R0842	Artigo 2.º		48	64	108	ue/regulamentos/2014/32014R0842.md
32014R0842	ANEXO		66	9093	193108	ue/regulamentos/2014/32014R0842.md
32014R0843	Preâmbulo		18	32	206	ue/regulamentos/2014/32014R0843.md
32014R0843	Artigo 1.º		36	40	79	ue/regulamentos/2014/32014R0843.md
32014R0843	Artigo 2.º		42	62	188	ue/regulamentos/2014/32014R0843.md
32014R0844	Preâmbulo		18	32	204	ue/regulamentos/2014/32014R0844.md
32014R0844	Artigo 1.º		36	40	80	ue/regulamentos/2014/32014R0844.md
32014R0844	Artigo 2.º		42	62	188	ue/regulamentos/2014/32014R0844.md
32014R0847	Preâmbulo		22	46	648	ue/regulamentos/2014/32014R0847.md
32014R0847	Artigo 1.º		50	52	68	ue/regulamentos/2014/32014R0847.md
32014R0847	Artigo 2.º		54	70	107	ue/regulamentos/2014/32014R0847.md
32014R0847	ANEXO		72	81	744	ue/regulamentos/2014/32014R0847.md
32014R0851	Preâmbulo		18	40	361	ue/regulamentos/2014/32014R0851.md
32014R0851	Artigo 1.º		44	48	50	ue/regulamentos/2014/32014R0851.md
32014R0851	Artigo 2.º		50	66	88	ue/regulamentos/2014/32014R0851.md
32014R0852	Preâmbulo		18	42	709	ue/regulamentos/2014/32014R0852.md
32014R0852	Artigo 1.º		46	48	70	ue/regulamentos/2014/32014R0852.md
32014R0852	Artigo 2.º		50	66	107	ue/regulamentos/2014/32014R0852.md
32014R0852	ANEXO		68	79	671	ue/regulamentos/2014/32014R0852.md
32014R0853	Preâmbulo		18	34	424	ue/regulamentos/2014/32014R0853.md
32014R0853	Artigo 1.º		38	40	15	ue/regulamentos/2014/32014R0853.md
32014R0853	Artigo 2.º		42	58	169	ue/regulamentos/2014/32014R0853.md
32014R0855	Preâmbulo		18	34	328	ue/regulamentos/2014/32014R0855.md
32014R0855	Artigo 1.º		38	40	42	ue/regulamentos/2014/32014R0855.md
32014R0855	Artigo 2.º		42	44	37	ue/regulamentos/2014/32014R0855.md
32014R0855	Artigo 3.º		46	68	132	ue/regulamentos/2014/32014R0855.md
32014R0855	ANEXO I		70	74	239	ue/regulamentos/2014/32014R0855.md
32014R0855	ANEXO II	DOCUMENTO ÚNICO CONSOLIDADO	76	182	2846	ue/regulamentos/2014/32014R0855.md
32014R0856	Preâmbulo		18	34	348	ue/regulamentos/2014/32014R0856.md
32014R0856	Artigo 1.º		38	40	41	ue/regulamentos/2014/32014R0856.md
32014R0856	Artigo 2.º		42	44	37	ue/regulamentos/2014/32014R0856.md
32014R0856	Artigo 3.º		46	66	123	ue/regulamentos/2014/32014R0856.md
32014R0856	ANEXO I		68	106	1737	ue/regulamentos/2014/32014R0856.md
32014R0856	ANEXO II	DOCUMENTO ÚNICO CONSOLIDADO	108	206	1383	ue/regulamentos/2014/32014R0856.md
32014R0858	Preâmbulo		18	38	456	ue/regulamentos/2014/32014R0858.md
32014R0858	Artigo 1.º		42	44	48	ue/regulamentos/2014/32014R0858.md
32014R0858	Artigo 2.º		46	48	81	ue/regulamentos/2014/32014R0858.md
32014R0858	Artigo 3.º		50	68	142	ue/regulamentos/2014/32014R0858.md
32014R0858	ANEXO		70	79	290	ue/regulamentos/2014/32014R0858.md
32014R0859	Preâmbulo		18	38	456	ue/regulamentos/2014/32014R0859.md
32014R0859	Artigo 1.º		42	44	48	ue/regulamentos/2014/32014R0859.md
32014R0859	Artigo 2.º		46	48	81	ue/regulamentos/2014/32014R0859.md
32014R0859	Artigo 3.º		50	68	142	ue/regulamentos/2014/32014R0859.md
32014R0859	ANEXO		70	79	384	ue/regulamentos/2014/32014R0859.md
32014R0860	Preâmbulo		18	38	456	ue/regulamentos/2014/32014R0860.md
32014R0860	Artigo 1.º		42	44	48	ue/regulamentos/2014/32014R0860.md
32014R0860	Artigo 2.º		46	48	81	ue/regulamentos/2014/32014R0860.md
32014R0860	Artigo 3.º		50	68	142	ue/regulamentos/2014/32014R0860.md
32014R0860	ANEXO		70	79	360	ue/regulamentos/2014/32014R0860.md
32014R0861	Preâmbulo		18	40	424	ue/regulamentos/2014/32014R0861.md
32014R0861	Artigo 1.º		44	49	204	ue/regulamentos/2014/32014R0861.md
32014R0861	Artigo 2.º		51	69	165	ue/regulamentos/2014/32014R0861.md
32014R0865	Preâmbulo		18	34	286	ue/regulamentos/2014/32014R0865.md
32014R0865	Artigo 1.º		38	40	22	ue/regulamentos/2014/32014R0865.md
32014R0865	Artigo 2.º		42	60	122	ue/regulamentos/2014/32014R0865.md
32014R0866	Artigo 1.º		70	72	35	ue/regulamentos/2014/32014R0866.md
32014R0866	Artigo 2.º		74	80	65	ue/regulamentos/2014/32014R0866.md
32014R0866	ANEXO		82	142	1755	ue/regulamentos/2014/32014R0866.md
32014R0868	Preâmbulo		22	46	382	ue/regulamentos/2014/32014R0868.md
32014R0868	Artigo 1.º		50	52	28	ue/regulamentos/2014/32014R0868.md
32014R0868	Artigo 2.º		54	56	38	ue/regulamentos/2014/32014R0868.md
32014R0868	Artigo 3.º		58	74	170	ue/regulamentos/2014/32014R0868.md
32014R0868	ANEXO	«ANEXO I	76	2042	15779	ue/regulamentos/2014/32014R0868.md
32014R0871	Artigo 1.º		82	86	90	ue/regulamentos/2014/32014R0871.md
32014R0871	Artigo 2.º		88	94	64	ue/regulamentos/2014/32014R0871.md
32014R0871	ANEXO	DEDUÇÕES DAS QUOTAS RELATIVAS A UNIDADES POPULACIONAIS QUE FORAM SOBREEXPLORADAS	96	193	4388	ue/regulamentos/2014/32014R0871.md
32014R0873	Preâmbulo		18	38	456	ue/regulamentos/2014/32014R0873.md
32014R0873	Artigo 1.º		42	44	48	ue/regulamentos/2014/32014R0873.md
32014R0873	Artigo 2.º		46	48	81	ue/regulamentos/2014/32014R0873.md
32014R0873	Artigo 3.º		50	68	142	ue/regulamentos/2014/32014R0873.md
32014R0873	ANEXO		70	82	976	ue/regulamentos/2014/32014R0873.md
32014R0874	Preâmbulo		18	38	456	ue/regulamentos/2014/32014R0874.md
32014R0874	Artigo 1.º		42	44	48	ue/regulamentos/2014/32014R0874.md
32014R0874	Artigo 2.º		46	48	81	ue/regulamentos/2014/32014R0874.md
32014R0874	Artigo 3.º		50	68	142	ue/regulamentos/2014/32014R0874.md
32014R0874	ANEXO		70	79	586	ue/regulamentos/2014/32014R0874.md
32014R0875	Preâmbulo		18	38	456	ue/regulamentos/2014/32014R0875.md
32014R0875	Artigo 1.º		42	44	48	ue/regulamentos/2014/32014R0875.md
32014R0875	Artigo 2.º		46	48	81	ue/regulamentos/2014/32014R0875.md
32014R0875	Artigo 3.º		50	68	142	ue/regulamentos/2014/32014R0875.md
32014R0875	ANEXO		70	80	709	ue/regulamentos/2014/32014R0875.md
32014R0877	Preâmbulo		18	38	456	ue/regulamentos/2014/32014R0877.md
32014R0877	Artigo 1.º		42	44	48	ue/regulamentos/2014/32014R0877.md
32014R0877	Artigo 2.º		46	48	81	ue/regulamentos/2014/32014R0877.md
32014R0877	Artigo 3.º		50	68	142	ue/regulamentos/2014/32014R0877.md
32014R0877	ANEXO		70	75	982	ue/regulamentos/2014/32014R0877.md
32014R0878	Preâmbulo		18	40	647	ue/regulamentos/2014/32014R0878.md
32014R0878	Artigo 1.º		44	46	36	ue/regulamentos/2014/32014R0878.md
32014R0878	Artigo 2.º		48	66	257	ue/regulamentos/2014/32014R0878.md
32014R0878	ANEXO		68	76	133	ue/regulamentos/2014/32014R0878.md
32014R0880	Preâmbulo		18	40	718	ue/regulamentos/2014/32014R0880.md
32014R0880	Artigo 1.º	Alteração do Regulamento de Execução (UE) n.º 540/2011	44	46	117	ue/regulamentos/2014/32014R0880.md
32014R0880	Artigo 2.º	Entrada em vigor	48	74	382	ue/regulamentos/2014/32014R0880.md
32014R0882	Preâmbulo		18	32	206	ue/regulamentos/2014/32014R0882.md
32014R0882	Artigo 1.º		36	40	77	ue/regulamentos/2014/32014R0882.md
32014R0882	Artigo 2.º		42	62	191	ue/regulamentos/2014/32014R0882.md
32014R0883	Preâmbulo		18	32	202	ue/regulamentos/2014/32014R0883.md
32014R0883	Artigo 1.º		36	40	72	ue/regulamentos/2014/32014R0883.md
32014R0883	Artigo 2.º		42	62	189	ue/regulamentos/2014/32014R0883.md
32014R0887	Preâmbulo		18	34	200	ue/regulamentos/2014/32014R0887.md
32014R0887	Artigo 1.º		38	40	100	ue/regulamentos/2014/32014R0887.md
32014R0887	Artigo 2.º		42	44	32	ue/regulamentos/2014/32014R0887.md
32014R0887	Artigo 3.º		46	48	29	ue/regulamentos/2014/32014R0887.md
32014R0887	Artigo 4.º		50	52	22	ue/regulamentos/2014/32014R0887.md
32014R0887	Artigo 5.º		54	68	97	ue/regulamentos/2014/32014R0887.md
32014R0887	ANEXO	Estrutura dos dados para a transmissão de dados estatísticos sobre vinhas	70	618	5178	ue/regulamentos/2014/32014R0887.md
32014R0890	Preâmbulo		18	50	1437	ue/regulamentos/2014/32014R0890.md
32014R0890	Artigo 1.º	Aprovação da substância ativa	54	56	42	ue/regulamentos/2014/32014R0890.md
32014R0890	Artigo 2.º	Reavaliação de produtos fitofarmacêuticos	58	70	549	ue/regulamentos/2014/32014R0890.md
32014R0890	Artigo 3.º	Alterações ao Regulamento de Execução (UE) n.º 540/2011	72	74	48	ue/regulamentos/2014/32014R0890.md
32014R0890	Artigo 4.º	Entrada em vigor e data de aplicação	76	104	522	ue/regulamentos/2014/32014R0890.md
32014R0890	ANEXO I		106	112	392	ue/regulamentos/2014/32014R0890.md
32014R0890	ANEXO II		114	122	422	ue/regulamentos/2014/32014R0890.md
32014R0891	Preâmbulo		18	48	1367	ue/regulamentos/2014/32014R0891.md
32014R0891	Artigo 1.º	Aprovação da substância ativa	52	54	42	ue/regulamentos/2014/32014R0891.md
32014R0891	Artigo 2.º	Reavaliação de produtos fitofarmacêuticos	56	68	550	ue/regulamentos/2014/32014R0891.md
32014R0891	Artigo 3.º	Alteração do Regulamento de Execução (UE) n.º 540/2011	70	72	48	ue/regulamentos/2014/32014R0891.md
32014R0891	Artigo 4.º	Entrada em vigor e data de aplicação	74	102	493	ue/regulamentos/2014/32014R0891.md
32014R0891	ANEXO I		104	110	343	ue/regulamentos/2014/32014R0891.md
32014R0891	ANEXO II		112	120	372	ue/regulamentos/2014/32014R0891.md
32014R0895	Preâmbulo		18	68	2179	ue/regulamentos/2014/32014R0895.md
32014R0895	Artigo 1.º		72	74	32	ue/regulamentos/2014/32014R0895.md
32014R0895	Artigo 2.º		76	94	172	ue/regulamentos/2014/32014R0895.md
32014R0895	ANEXO		96	115	607	ue/regulamentos/2014/32014R0895.md
32014R0896	Preâmbulo		18	46	753	ue/regulamentos/2014/32014R0896.md
32014R0896	Artigo 1.º		50	52	18	ue/regulamentos/2014/32014R0896.md
32014R0896	Artigo 2.º		54	70	104	ue/regulamentos/2014/32014R0896.md
32014R0897	Artigo 1.º	Objeto	36	38	68	ue/regulamentos/2014/32014R0897.md
32014R0897	Artigo 2.º	Definições	40	84	1197	ue/regulamentos/2014/32014R0897.md
32014R0897	Artigo 3.º	Preparação	92	94	55	ue/regulamentos/2014/32014R0897.md
32014R0897	Artigo 4.º	Conteúdo	96	182	1628	ue/regulamentos/2014/32014R0897.md
32014R0897	Artigo 5.º	Adoção	184	198	409	ue/regulamentos/2014/32014R0897.md
32014R0897	Artigo 6.º	Adaptações e revisão dos programas	200	228	676	ue/regulamentos/2014/32014R0897.md
32014R0897	Artigo 7.º	Regime linguístico	230	236	255	ue/regulamentos/2014/32014R0897.md
32014R0897	Artigo 8.º	Convenções de financiamento com os países parceiros na cooperação transfronteiriça	240	244	361	ue/regulamentos/2014/32014R0897.md
32014R0897	Artigo 9.º	Convenções de financiamento com os países parceiros na cooperação transfronteiriça que participam no cofinanciamento	246	266	256	ue/regulamentos/2014/32014R0897.md
32014R0897	Artigo 10.º	Conteúdo	270	274	114	ue/regulamentos/2014/32014R0897.md
32014R0897	Artigo 11.º	Métodos de implementação	278	282	145	ue/regulamentos/2014/32014R0897.md
32014R0897	Artigo 12.º	Taxa de cofinanciamento	286	298	201	ue/regulamentos/2014/32014R0897.md
32014R0897	Artigo 13.º	Fontes de cofinanciamento	300	308	186	ue/regulamentos/2014/32014R0897.md
32014R0897	Artigo 14.º	Contribuições em espécie	310	314	161	ue/regulamentos/2014/32014R0897.md
32014R0897	Artigo 15.º	Período de execução	318	320	54	ue/regulamentos/2014/32014R0897.md
32014R0897	Artigo 16.º	Fase de arranque do programa	322	336	436	ue/regulamentos/2014/32014R0897.md
32014R0897	Artigo 17.º	Termo do programa	338	352	620	ue/regulamentos/2014/32014R0897.md
32014R0897	Artigo 18.º	Projetos	354	360	114	ue/regulamentos/2014/32014R0897.md
32014R0897	Artigo 19.º	Encerramento do programa	362	378	231	ue/regulamentos/2014/32014R0897.md
32014R0897	Artigo 20.º	Designação das autoridades e organismos de gestão	382	402	594	ue/regulamentos/2014/32014R0897.md
32014R0897	Artigo 21.º	Comité Misto de acompanhamento	406	408	49	ue/regulamentos/2014/32014R0897.md
32014R0897	Artigo 22.º	Composição do Comité Misto de acompanhamento	410	420	345	ue/regulamentos/2014/32014R0897.md
32014R0897	Artigo 23.º	Funcionamento	422	436	367	ue/regulamentos/2014/32014R0897.md
32014R0897	Artigo 24.º	Funções do Comité Misto de acompanhamento	438	466	454	ue/regulamentos/2014/32014R0897.md
32014R0897	Artigo 25.º	Designação	470	496	894	ue/regulamentos/2014/32014R0897.md
32014R0897	Artigo 26.º	Funções da autoridade de gestão	498	570	1256	ue/regulamentos/2014/32014R0897.md
32014R0897	Artigo 27.º	Secretariado técnico comum e delegações	572	580	318	ue/regulamentos/2014/32014R0897.md
32014R0897	Artigo 28.º	Funções da autoridade de auditoria	584	608	566	ue/regulamentos/2014/32014R0897.md
32014R0897	Artigo 29.º	Cooperação com a autoridade de auditoria	610	612	71	ue/regulamentos/2014/32014R0897.md
32014R0897	Artigo 30.º	Princípios gerais dos sistemas de gestão e de controlo	616	638	377	ue/regulamentos/2014/32014R0897.md
32014R0897	Artigo 31.º	Autoridades nacionais e responsabilidades dos países participantes	640	658	491	ue/regulamentos/2014/32014R0897.md
32014R0897	Artigo 32.º	Estruturas de controlo e de auditoria	660	692	870	ue/regulamentos/2014/32014R0897.md
32014R0897	Artigo 33.º	Controlos pela União	694	700	328	ue/regulamentos/2014/32014R0897.md
32014R0897	Artigo 34.º	Orçamento para assistência técnica	704	708	124	ue/regulamentos/2014/32014R0897.md
32014R0897	Artigo 35.º	Objeto	710	716	204	ue/regulamentos/2014/32014R0897.md
32014R0897	Artigo 36.º	Elegibilidade	718	722	193	ue/regulamentos/2014/32014R0897.md
32014R0897	Artigo 37.º	Regras em matéria de adjudicação de contratos	724	734	314	ue/regulamentos/2014/32014R0897.md
32014R0897	Artigo 38.º	Natureza do apoio	740	748	260	ue/regulamentos/2014/32014R0897.md
32014R0897	Artigo 39.º	Condições de financiamento	750	778	720	ue/regulamentos/2014/32014R0897.md
32014R0897	Artigo 40.º	Convites à apresentação de propostas	780	782	121	ue/regulamentos/2014/32014R0897.md
32014R0897	Artigo 41.º	Atribuição direta	784	808	668	ue/regulamentos/2014/32014R0897.md
32014R0897	Artigo 42.º	Contribuições para instrumentos financeiros	810	820	227	ue/regulamentos/2014/32014R0897.md
32014R0897	Artigo 43.º	Conteúdo do projeto	822	870	672	ue/regulamentos/2014/32014R0897.md
32014R0897	Artigo 44.º	Publicação da lista de projetos	872	896	359	ue/regulamentos/2014/32014R0897.md
32014R0897	Artigo 45.º	Participação em projetos	900	920	498	ue/regulamentos/2014/32014R0897.md
32014R0897	Artigo 46.º	Obrigações dos beneficiários	922	940	443	ue/regulamentos/2014/32014R0897.md
32014R0897	Artigo 47.º	Formas de subvenções	944	960	407	ue/regulamentos/2014/32014R0897.md
32014R0897	Artigo 48.º	Elegibilidade dos custos	962	1042	1474	ue/regulamentos/2014/32014R0897.md
32014R0897	Artigo 49.º	Custos não elegíveis	1044	1066	261	ue/regulamentos/2014/32014R0897.md
32014R0897	Artigo 50.º	Montantes fixos, custos unitários e financiamento a taxa fixa	1068	1084	414	ue/regulamentos/2014/32014R0897.md
32014R0897	Artigo 51.º	Custos indiretos	1086	1090	205	ue/regulamentos/2014/32014R0897.md
32014R0897	Artigo 52.º	Regras aplicáveis	1096	1126	812	ue/regulamentos/2014/32014R0897.md
32014R0897	Artigo 53.º	Procedimentos de adjudicação de contratos de prestação de serviços	1128	1132	217	ue/regulamentos/2014/32014R0897.md
32014R0897	Artigo 54.º	Procedimentos de adjudicação de contratos de fornecimentos	1134	1140	230	ue/regulamentos/2014/32014R0897.md
32014R0897	Artigo 55.º	Procedimentos de adjudicação dos contratos de obras	1142	1148	245	ue/regulamentos/2014/32014R0897.md
32014R0897	Artigo 56.º	Recurso ao procedimento por negociação	1150	1152	63	ue/regulamentos/2014/32014R0897.md
32014R0897	Artigo 57.º	Apoio financeiro concedido a terceiros	1156	1172	399	ue/regulamentos/2014/32014R0897.md
32014R0897	Artigo 58.º	Autorizações anuais	1178	1184	213	ue/regulamentos/2014/32014R0897.md
32014R0897	Artigo 59.º	Disposições comuns em matéria de pagamentos	1186	1192	176	ue/regulamentos/2014/32014R0897.md
32014R0897	Artigo 60.º	Disposições comuns em matéria de cálculo do pré-financiamento	1194	1200	488	ue/regulamentos/2014/32014R0897.md
32014R0897	Artigo 61.º	Interrupção do prazo de pagamento	1202	1216	396	ue/regulamentos/2014/32014R0897.md
32014R0897	Artigo 62.º	Suspensão dos pagamentos	1218	1234	320	ue/regulamentos/2014/32014R0897.md
32014R0897	Artigo 63.º	Pagamento aos beneficiários principais	1236	1248	158	ue/regulamentos/2014/32014R0897.md
32014R0897	Artigo 64.º	Pagamento do saldo final	1250	1260	227	ue/regulamentos/2014/32014R0897.md
32014R0897	Artigo 65.º	Exceções às regras em matéria de anulação de autorizações	1262	1274	334	ue/regulamentos/2014/32014R0897.md
32014R0897	Artigo 66.º	Procedimento de anulação das autorizações	1276	1286	255	ue/regulamentos/2014/32014R0897.md
32014R0897	Artigo 67.º	Utilização do euro	1288	1298	163	ue/regulamentos/2014/32014R0897.md
32014R0897	Artigo 68.º	Apresentação das contas	1302	1334	612	ue/regulamentos/2014/32014R0897.md
32014R0897	Artigo 69.º	Aprovação das contas	1336	1342	141	ue/regulamentos/2014/32014R0897.md
32014R0897	Artigo 70.º	Período de conservação dos registos	1344	1348	204	ue/regulamentos/2014/32014R0897.md
32014R0897	Artigo 71.º	Correções financeiras efetuadas pela autoridade de gestão	1354	1362	388	ue/regulamentos/2014/32014R0897.md
32014R0897	Artigo 72.º	Correções financeiras efetuadas pela Comissão	1364	1390	825	ue/regulamentos/2014/32014R0897.md
32014R0897	Artigo 73.º	Procedimento aplicável	1392	1422	1008	ue/regulamentos/2014/32014R0897.md
32014R0897	Artigo 74.º	Correções financeiras e recuperações	1426	1436	367	ue/regulamentos/2014/32014R0897.md
32014R0897	Artigo 75.º	Reembolso à autoridade de gestão	1438	1448	548	ue/regulamentos/2014/32014R0897.md
32014R0897	Artigo 76.º	Reembolso à Comissão	1450	1454	210	ue/regulamentos/2014/32014R0897.md
32014R0897	Artigo 77.º	Relatórios anuais da autoridade de gestão	1458	1492	486	ue/regulamentos/2014/32014R0897.md
32014R0897	Artigo 78.º	Acompanhamento e avaliação	1494	1504	324	ue/regulamentos/2014/32014R0897.md
32014R0897	Artigo 79.º	Visibilidade	1508	1516	266	ue/regulamentos/2014/32014R0897.md
32014R0897	Artigo 80.º	Organizações internacionais enquanto autoridade de gestão	1522	1530	146	ue/regulamentos/2014/32014R0897.md
32014R0897	Artigo 81.º	Regras aplicáveis aos programas geridos por uma organização internacional	1532	1536	162	ue/regulamentos/2014/32014R0897.md
32014R0897	Artigo 82.º	Países parceiros na cooperação transfronteiriça enquanto autoridade de gestão	1540	1546	199	ue/regulamentos/2014/32014R0897.md
32014R0897	Artigo 83.º	Disposições provisórias	1550	1552	52	ue/regulamentos/2014/32014R0897.md
32014R0897	Artigo 84.º	Entrada em vigor	1554	1560	86	ue/regulamentos/2014/32014R0897.md
32014R0897	ANEXO	Critérios para a designação da autoridade de gestão	1562	1638	1816	ue/regulamentos/2014/32014R0897.md
32014R0898	Preâmbulo		18	60	896	ue/regulamentos/2014/32014R0898.md
32014R0898	Artigo 1.º		64	66	70	ue/regulamentos/2014/32014R0898.md
32014R0898	Artigo 2.º		68	92	161	ue/regulamentos/2014/32014R0898.md
32014R0900	Preâmbulo		18	38	544	ue/regulamentos/2014/32014R0900.md
32014R0900	Artigo 1.º		42	44	30	ue/regulamentos/2014/32014R0900.md
32014R0900	Artigo 2.º		46	64	220	ue/regulamentos/2014/32014R0900.md
32014R0900	ANEXO		66	781	19718	ue/regulamentos/2014/32014R0900.md
32014R0900	Apêndice 1		783	827	2051	ue/regulamentos/2014/32014R0900.md
32014R0900	Apêndice 2		829	1191	14020	ue/regulamentos/2014/32014R0900.md
32014R0900	Apêndice 1		1193	1221	478	ue/regulamentos/2014/32014R0900.md
32014R0900	Apêndice 2		1223	1785	17880	ue/regulamentos/2014/32014R0900.md
32014R0900	Apêndice 1		1787	1813	354	ue/regulamentos/2014/32014R0900.md
32014R0900	Apêndice 2		1815	2710	25098	ue/regulamentos/2014/32014R0900.md
32014R0900	Apêndice 1	Medidas e observações incluídas na bateria de observação funcional (coorte 2a)	2712	2729	218	ue/regulamentos/2014/32014R0900.md
32014R0900	Apêndice 2		2731	3250	15530	ue/regulamentos/2014/32014R0900.md
32014R0900	Apêndice		3252	3676	12831	ue/regulamentos/2014/32014R0900.md
32014R0900	Apêndice		3678	3802	2412	ue/regulamentos/2014/32014R0900.md
32014R0901	Artigo 1.º	Objeto	39	41	160	ue/regulamentos/2014/32014R0901.md
32014R0901	Artigo 2.º	Modelos para a ficha de informações e o dossiê de fabrico	43	45	92	ue/regulamentos/2014/32014R0901.md
32014R0901	Artigo 3.º	Modelos para as declarações do fabricante sobre os ensaios de resistência e a integridade da estrutura do veículo	47	49	148	ue/regulamentos/2014/32014R0901.md
32014R0901	Artigo 4.º	Modelos para os certificados, a emitir pelo fabricante e destinados à entidade homologadora, com a prova do cumprimento das disposições relativas ao acesso às i	51	53	163	ue/regulamentos/2014/32014R0901.md
32014R0901	Artigo 5.º	Modelos para os certificados de conformidade	55	59	236	ue/regulamentos/2014/32014R0901.md
32014R0901	Artigo 6.º	Modelos para a chapa regulamentar e para a marca de homologação UE	61	63	77	ue/regulamentos/2014/32014R0901.md
32014R0901	Artigo 7.º	Modelos para o certificado de homologação UE	65	67	68	ue/regulamentos/2014/32014R0901.md
32014R0901	Artigo 8.º	Sistema de numeração do certificado de homologação UE	69	71	70	ue/regulamentos/2014/32014R0901.md
32014R0901	Artigo 9.º	Modelo para a ficha de resultados dos ensaios	73	75	68	ue/regulamentos/2014/32014R0901.md
32014R0901	Artigo 10.º	Formato dos relatórios de ensaio	77	79	64	ue/regulamentos/2014/32014R0901.md
32014R0901	Artigo 11.º	Lista das peças ou equipamentos suscetíveis de constituir um risco grave para o correto funcionamento de sistemas essenciais	81	83	114	ue/regulamentos/2014/32014R0901.md
32014R0901	Artigo 12.º	Modelo e sistema de numeração para o certificado para a colocação no mercado e a entrada em circulação de peças ou equipamentos suscetíveis de constituir um ris	85	89	178	ue/regulamentos/2014/32014R0901.md
32014R0901	Artigo 12.º-A	Disposições transitórias	91	97	126	ue/regulamentos/2014/32014R0901.md
32014R0901	Artigo 13.º	Entrada em vigor e aplicação	99	105	89	ue/regulamentos/2014/32014R0901.md
32014R0901	ANEXO I		122	1346	28221	ue/regulamentos/2014/32014R0901.md
32014R0901	Apêndice 1		1348	1432	1748	ue/regulamentos/2014/32014R0901.md
32014R0901	Apêndice 2		1434	1474	805	ue/regulamentos/2014/32014R0901.md
32014R0901	Apêndice 3		1476	1559	2452	ue/regulamentos/2014/32014R0901.md
32014R0901	Apêndice 4		1561	1607	844	ue/regulamentos/2014/32014R0901.md
32014R0901	Apêndice 5		1609	1656	836	ue/regulamentos/2014/32014R0901.md
32014R0901	Apêndice 5-A		1658	1712	954	ue/regulamentos/2014/32014R0901.md
32014R0901	Apêndice 6		1714	1803	1717	ue/regulamentos/2014/32014R0901.md
32014R0901	Apêndice 7		1805	1855	871	ue/regulamentos/2014/32014R0901.md
32014R0901	Apêndice 8		1857	1956	1880	ue/regulamentos/2014/32014R0901.md
32014R0901	Apêndice 8-A		1958	1992	535	ue/regulamentos/2014/32014R0901.md
32014R0901	Apêndice 9		1994	2061	1362	ue/regulamentos/2014/32014R0901.md
32014R0901	Apêndice 9-A		2063	2199	2384	ue/regulamentos/2014/32014R0901.md
32014R0901	Apêndice 9-B		2201	2234	1183	ue/regulamentos/2014/32014R0901.md
32014R0901	Apêndice 10		2236	2277	843	ue/regulamentos/2014/32014R0901.md
32014R0901	Apêndice 11		2279	2319	638	ue/regulamentos/2014/32014R0901.md
32014R0901	Apêndice 11-A		2321	2364	1302	ue/regulamentos/2014/32014R0901.md
32014R0901	Apêndice 11-B		2366	2448	1474	ue/regulamentos/2014/32014R0901.md
32014R0901	Apêndice 12		2450	2516	1195	ue/regulamentos/2014/32014R0901.md
32014R0901	Apêndice 13		2518	2550	469	ue/regulamentos/2014/32014R0901.md
32014R0901	Apêndice 13-A		2552	2612	1154	ue/regulamentos/2014/32014R0901.md
32014R0901	Apêndice 14		2614	2645	496	ue/regulamentos/2014/32014R0901.md
32014R0901	Apêndice 15		2647	2674	414	ue/regulamentos/2014/32014R0901.md
32014R0901	Apêndice 16		2676	2708	613	ue/regulamentos/2014/32014R0901.md
32014R0901	Apêndice 17		2710	2738	474	ue/regulamentos/2014/32014R0901.md
32014R0901	Apêndice 18		2740	2783	672	ue/regulamentos/2014/32014R0901.md
32014R0901	Apêndice 19		2785	2829	939	ue/regulamentos/2014/32014R0901.md
32014R0901	Apêndice 20		2831	2865	522	ue/regulamentos/2014/32014R0901.md
32014R0901	Apêndice 20-A		2867	2907	744	ue/regulamentos/2014/32014R0901.md
32014R0901	Apêndice 21		2909	2937	416	ue/regulamentos/2014/32014R0901.md
32014R0901	Apêndice 22		2939	2965	387	ue/regulamentos/2014/32014R0901.md
32014R0901	Apêndice 23		2967	3149	3936	ue/regulamentos/2014/32014R0901.md
32014R0901	Apêndice 24		3151	3289	1184	ue/regulamentos/2014/32014R0901.md
32014R0901	Apêndice 25		3291	3559	2373	ue/regulamentos/2014/32014R0901.md
32014R0901	ANEXO II		3561	3645	1147	ue/regulamentos/2014/32014R0901.md
32014R0901	ANEXO III		3647	3850	2094	ue/regulamentos/2014/32014R0901.md
32014R0901	ANEXO IV		3852	3911	1558	ue/regulamentos/2014/32014R0901.md
32014R0901	Apêndice 1		3913	4285	3380	ue/regulamentos/2014/32014R0901.md
32014R0901	Apêndice 2		4287	4511	1815	ue/regulamentos/2014/32014R0901.md
32014R0901	ANEXO V		4513	4654	2562	ue/regulamentos/2014/32014R0901.md
32014R0901	Apêndice 1		4656	4740	356	ue/regulamentos/2014/32014R0901.md
32014R0901	Apêndice 2		4742	4802	564	ue/regulamentos/2014/32014R0901.md
32014R0901	ANEXO VI		4804	4837	599	ue/regulamentos/2014/32014R0901.md
32014R0901	Apêndice 1		4839	4940	1007	ue/regulamentos/2014/32014R0901.md
32014R0901	Apêndice 2		4942	5108	1950	ue/regulamentos/2014/32014R0901.md
32014R0901	Apêndice 3		5110	5167	1595	ue/regulamentos/2014/32014R0901.md
32014R0901	Apêndice 4		5169	5264	782	ue/regulamentos/2014/32014R0901.md
32014R0901	Apêndice 5		5266	5365	848	ue/regulamentos/2014/32014R0901.md
32014R0901	Apêndice 6		5367	5395	137	ue/regulamentos/2014/32014R0901.md
32014R0901	ANEXO VII		5397	5621	2552	ue/regulamentos/2014/32014R0901.md
32014R0901	ANEXO VIII		5623	6145	12732	ue/regulamentos/2014/32014R0901.md
32014R0901	ANEXO IX		6147	6227	1340	ue/regulamentos/2014/32014R0901.md
32014R0901	Apêndice 1		6229	6322	733	ue/regulamentos/2014/32014R0901.md
32014R0901	ANEXO X		6324	6464	2269	ue/regulamentos/2014/32014R0901.md
32014R0902	Preâmbulo		18	38	418	ue/regulamentos/2014/32014R0902.md
32014R0902	Artigo 1.º	Alteração do Regulamento (CE) n.º 1415/2004	42	55	133	ue/regulamentos/2014/32014R0902.md
32014R0902	Artigo 2.º	Entrada em vigor	57	73	147	ue/regulamentos/2014/32014R0902.md
32014R0906	Artigo 1.º	Objeto	35	37	56	ue/regulamentos/2014/32014R0906.md
32014R0906	Artigo 2.º	Medidas de intervenção de armazenagem pública	39	41	91	ue/regulamentos/2014/32014R0906.md
32014R0906	Artigo 3.º	Financiamento das despesas de intervenção efetuadas no âmbito das operações de armazenagem pública	43	61	650	ue/regulamentos/2014/32014R0906.md
32014R0906	Artigo 4.º	Valorização das operações de armazenagem pública	63	93	931	ue/regulamentos/2014/32014R0906.md
32014R0906	Artigo 5.º		95	99	63	ue/regulamentos/2014/32014R0906.md
32014R0906	ANEXO I		101	205	1890	ue/regulamentos/2014/32014R0906.md
32014R0906	ANEXO II		207	351	1076	ue/regulamentos/2014/32014R0906.md
32014R0906	ANEXO III		353	402	1272	ue/regulamentos/2014/32014R0906.md
32014R0906	ANEXO IV		404	410	104	ue/regulamentos/2014/32014R0906.md
32014R0906	ANEXO V		412	446	772	ue/regulamentos/2014/32014R0906.md
32014R0906	ANEXO VI		448	464	538	ue/regulamentos/2014/32014R0906.md
32014R0906	ANEXO VII		466	484	416	ue/regulamentos/2014/32014R0906.md
32014R0906	ANEXO VIII		486	502	443	ue/regulamentos/2014/32014R0906.md
32014R0908	Artigo 1.º	Procedimento de acreditação dos organismos pagadores	44	88	1002	ue/regulamentos/2014/32014R0908.md
32014R0908	Artigo 2.º	Revisão da acreditação	90	104	755	ue/regulamentos/2014/32014R0908.md
32014R0908	Artigo 3.º	Declaração de gestão	106	112	192	ue/regulamentos/2014/32014R0908.md
32014R0908	Artigo 4.º	Organismo de coordenação	114	130	522	ue/regulamentos/2014/32014R0908.md
32014R0908	Artigo 5.º	Certificação	132	154	566	ue/regulamentos/2014/32014R0908.md
32014R0908	Artigo 6.º	Princípios de auditoria	156	168	289	ue/regulamentos/2014/32014R0908.md
32014R0908	Artigo 7.º	Métodos de auditoria	170	178	384	ue/regulamentos/2014/32014R0908.md
32014R0908	Artigo 8.º	Contabilidade dos organismos pagadores	184	196	347	ue/regulamentos/2014/32014R0908.md
32014R0908	Artigo 9.º	Disponibilização de informações pelos Estados-Membros	200	206	168	ue/regulamentos/2014/32014R0908.md
32014R0908	Artigo 10.º	Comunicação de informações pelos Estados-Membros	208	236	641	ue/regulamentos/2014/32014R0908.md
32014R0908	Artigo 11.º	Regras gerais aplicáveis à declaração de despesas e às receitas afetadas	238	270	815	ue/regulamentos/2014/32014R0908.md
32014R0908	Artigo 12.º	Regras específicas aplicáveis à declaração de despesas de armazenagem pública	272	282	297	ue/regulamentos/2014/32014R0908.md
32014R0908	Artigo 13.º	Decisão de pagamento da Comissão	284	288	284	ue/regulamentos/2014/32014R0908.md
32014R0908	Artigo 14.º	Disponibilização dos recursos aos Estados-Membros	290	300	176	ue/regulamentos/2014/32014R0908.md
32014R0908	Artigo 15.º	Comunicação relativa à intervenção pública	302	310	210	ue/regulamentos/2014/32014R0908.md
32014R0908	Artigo 16.º	Conteúdo da contabilidade das existências públicas a manter pelos organismos pagadores	312	356	812	ue/regulamentos/2014/32014R0908.md
32014R0908	Artigo 17.º	Contabilidade relacionada com a intervenção pública	358	376	573	ue/regulamentos/2014/32014R0908.md
32014R0908	Artigo 18.º	Datas de registo das despesas, das receitas e dos movimentos dos produtos na contabilidade da intervenção pública	378	398	468	ue/regulamentos/2014/32014R0908.md
32014R0908	Artigo 19.º	Montante financiado ao abrigo da intervenção pública	400	404	303	ue/regulamentos/2014/32014R0908.md
32014R0908	Artigo 20.º	Declarações de despesas e de receitas da intervenção pública	406	410	238	ue/regulamentos/2014/32014R0908.md
32014R0908	Artigo 21.º	Previsão das necessidades de financiamento	414	422	270	ue/regulamentos/2014/32014R0908.md
32014R0908	Artigo 22.º	Declarações de despesas	424	464	1166	ue/regulamentos/2014/32014R0908.md
32014R0908	Artigo 23.º	Cálculo do montante a pagar	466	494	667	ue/regulamentos/2014/32014R0908.md
32014R0908	Artigo 24.º	Intercâmbio eletrónico de informações e documentos	498	522	992	ue/regulamentos/2014/32014R0908.md
32014R0908	Artigo 25.º	Suspensão do pagamento por apresentação tardia do pedido	524	526	102	ue/regulamentos/2014/32014R0908.md
32014R0908	Artigo 26.º	Aquisição de imagens de satélite	528	540	341	ue/regulamentos/2014/32014R0908.md
32014R0908	Artigo 27.º	Juros aplicáveis à recuperação de pagamentos indevidos	546	550	198	ue/regulamentos/2014/32014R0908.md
32014R0908	Artigo 28.º	Cobrança por compensação	552	554	89	ue/regulamentos/2014/32014R0908.md
32014R0908	Artigo 29.º	Conteúdo das contas anuais	558	580	817	ue/regulamentos/2014/32014R0908.md
32014R0908	Artigo 30.º	Transmissão de informações	582	604	466	ue/regulamentos/2014/32014R0908.md
32014R0908	Artigo 31.º	Forma e conteúdo das informações contabilísticas	606	638	478	ue/regulamentos/2014/32014R0908.md
32014R0908	Artigo 32.º	Conservação das informações contabilísticas	640	654	555	ue/regulamentos/2014/32014R0908.md
32014R0908	Artigo 33.º	Apuramento financeiro	656	674	659	ue/regulamentos/2014/32014R0908.md
32014R0908	Artigo 34.º	Apuramento da conformidade	676	762	2190	ue/regulamentos/2014/32014R0908.md
32014R0908	Artigo 35.º	Decisão de não encetar ou não prosseguir um inquérito para apuramento da conformidade	764	768	228	ue/regulamentos/2014/32014R0908.md
32014R0908	Artigo 36.º	Órgão de Conciliação	770	778	208	ue/regulamentos/2014/32014R0908.md
32014R0908	Artigo 37.º	Composição do Órgão de Conciliação	780	800	506	ue/regulamentos/2014/32014R0908.md
32014R0908	Artigo 38.º	Independência do Órgão de Conciliação	802	808	178	ue/regulamentos/2014/32014R0908.md
32014R0908	Artigo 39.º	Disposições de funcionamento	810	818	176	ue/regulamentos/2014/32014R0908.md
32014R0908	Artigo 40.º	Processo de conciliação	820	854	736	ue/regulamentos/2014/32014R0908.md
32014R0908	Artigo 41.º	Redução das verificações no local	860	884	645	ue/regulamentos/2014/32014R0908.md
32014R0908	Artigo 42.º	Controlo pelos Estados-Membros	888	896	576	ue/regulamentos/2014/32014R0908.md
32014R0908	Artigo 43.º	Acesso aos documentos comerciais	898	900	68	ue/regulamentos/2014/32014R0908.md
32014R0908	Artigo 44.º	Ações conjuntas	902	904	89	ue/regulamentos/2014/32014R0908.md
32014R0908	Artigo 45.º	Assistência mútua	906	928	723	ue/regulamentos/2014/32014R0908.md
32014R0908	Artigo 46.º	Programas e relatórios anuais	930	940	289	ue/regulamentos/2014/32014R0908.md
32014R0908	Artigo 47.º	Serviços específicos	942	956	284	ue/regulamentos/2014/32014R0908.md
32014R0908	Artigo 48.º	Âmbito	962	966	97	ue/regulamentos/2014/32014R0908.md
32014R0908	Artigo 49.º	Administração eletrónica	968	974	236	ue/regulamentos/2014/32014R0908.md
32014R0908	Artigo 50.º	Limites temporais dos casos de força maior	976	988	370	ue/regulamentos/2014/32014R0908.md
32014R0908	Artigo 51.º	Forma	992	1008	200	ue/regulamentos/2014/32014R0908.md
32014R0908	Artigo 52.º	Garantias negociáveis	1010	1020	276	ue/regulamentos/2014/32014R0908.md
32014R0908	Artigo 53.º	Substituição e afetação	1022	1034	202	ue/regulamentos/2014/32014R0908.md
32014R0908	Artigo 54.º	Liberação parcial	1038	1044	147	ue/regulamentos/2014/32014R0908.md
32014R0908	Artigo 55.º	Execução	1046	1076	717	ue/regulamentos/2014/32014R0908.md
32014R0908	Artigo 56.º	Informações sobre execução e tipos de garantias, e entidades caucionárias	1080	1088	240	ue/regulamentos/2014/32014R0908.md
32014R0908	Artigo 57.º	Conteúdo da publicação	1092	1102	238	ue/regulamentos/2014/32014R0908.md
32014R0908	Artigo 58.º	Publicação da municipalidade	1104	1106	149	ue/regulamentos/2014/32014R0908.md
32014R0908	Artigo 59.º	Forma e data da publicação	1108	1114	242	ue/regulamentos/2014/32014R0908.md
32014R0908	Artigo 60.º	Informações aos beneficiários	1116	1120	128	ue/regulamentos/2014/32014R0908.md
32014R0908	Artigo 61.º	Publicação dos limiares relacionados com o Regime dos Pequenos Agricultores	1122	1124	84	ue/regulamentos/2014/32014R0908.md
32014R0908	Artigo 62.º	Cooperação entre a Comissão e os Estados-Membros	1126	1132	204	ue/regulamentos/2014/32014R0908.md
32014R0908	Artigo 63.º	Revogação	1136	1144	155	ue/regulamentos/2014/32014R0908.md
32014R0908	Artigo 64.º	Entrada em vigor e aplicação	1146	1162	267	ue/regulamentos/2014/32014R0908.md
32014R0908	ANEXO 1		1164	1188	434	ue/regulamentos/2014/32014R0908.md
32014R0908	ANEXO II		1190	1240	795	ue/regulamentos/2014/32014R0908.md
32014R0908	ANEXO III		1242	1252	184	ue/regulamentos/2014/32014R0908.md
32014R0908	ANEXO IV		1254	1264	64	ue/regulamentos/2014/32014R0908.md
32014R0908	ANEXO V		1266	1320	739	ue/regulamentos/2014/32014R0908.md
32014R0908	ANEXO VI		1322	1345	410	ue/regulamentos/2014/32014R0908.md
32014R0908	ANEXO VII		1347	1364	292	ue/regulamentos/2014/32014R0908.md
32014R0908	ANEXO VIII		1366	1471	938	ue/regulamentos/2014/32014R0908.md
32014R0908	ANEXO IX		1473	1537	316	ue/regulamentos/2014/32014R0908.md
32014R0908	ANEXO X		1539	1571	260	ue/regulamentos/2014/32014R0908.md
32014R0908	ANEXO XI		1573	1685	1335	ue/regulamentos/2014/32014R0908.md
32014R0908	ANEXO XII		1687	1881	2747	ue/regulamentos/2014/32014R0908.md
32014R0908	ANEXO XIII		1883	1961	1682	ue/regulamentos/2014/32014R0908.md
32014R0909	Artigo 1.º	Objeto e âmbito de aplicação	34	42	350	ue/regulamentos/2014/32014R0909.md
32014R0909	Artigo 2.º	Definições	44	158	2653	ue/regulamentos/2014/32014R0909.md
32014R0909	Artigo 3.º	Registo centralizado sob a forma escritural	164	170	250	ue/regulamentos/2014/32014R0909.md
32014R0909	Artigo 4.º	Execução	172	178	257	ue/regulamentos/2014/32014R0909.md
32014R0909	Artigo 5.º	Data de liquidação prevista	182	190	303	ue/regulamentos/2014/32014R0909.md
32014R0909	Artigo 6.º	Medidas destinadas a prevenir a ocorrência de falhas de liquidação	194	224	773	ue/regulamentos/2014/32014R0909.md
32014R0909	Artigo 7.º	Medidas destinadas a fazer face às falhas de liquidação	226	288	1736	ue/regulamentos/2014/32014R0909.md
32014R0909	Artigo 7.º-A	Procedimento de recompra obrigatória	290	408	3480	ue/regulamentos/2014/32014R0909.md
32014R0909	Artigo 8.º	Execução	410	416	304	ue/regulamentos/2014/32014R0909.md
32014R0909	Artigo 9.º	Internalizadores de liquidação	420	434	334	ue/regulamentos/2014/32014R0909.md
32014R0909	Artigo 10.º	Autoridade competente	442	444	62	ue/regulamentos/2014/32014R0909.md
32014R0909	Artigo 11.º	Designação da autoridade competente	446	454	222	ue/regulamentos/2014/32014R0909.md
32014R0909	Artigo 12.º	Autoridades relevantes	456	476	372	ue/regulamentos/2014/32014R0909.md
32014R0909	Artigo 13.º	Troca de informações	478	482	141	ue/regulamentos/2014/32014R0909.md
32014R0909	Artigo 14.º	Cooperação entre autoridades	484	490	296	ue/regulamentos/2014/32014R0909.md
32014R0909	Artigo 15.º	Situações de emergência	492	494	195	ue/regulamentos/2014/32014R0909.md
32014R0909	Artigo 16.º	Autorização de uma CSD	498	506	184	ue/regulamentos/2014/32014R0909.md
32014R0909	Artigo 17.º	Procedimento de concessão da autorização	508	584	1663	ue/regulamentos/2014/32014R0909.md
32014R0909	Artigo 18.º	Efeitos da autorização	586	598	388	ue/regulamentos/2014/32014R0909.md
32014R0909	Artigo 19.º	Extensão e subcontratação de atividades e serviços	600	636	1012	ue/regulamentos/2014/32014R0909.md
32014R0909	Artigo 20.º	Revogação da autorização	638	660	552	ue/regulamentos/2014/32014R0909.md
32014R0909	Artigo 21.º	Registo das CSDs	662	668	241	ue/regulamentos/2014/32014R0909.md
32014R0909	Artigo 22.º	Análise e avaliação	672	742	1212	ue/regulamentos/2014/32014R0909.md
32014R0909	Artigo 22.º-A	Planos de recuperação e liquidação ordenada	744	776	764	ue/regulamentos/2014/32014R0909.md
32014R0909	Artigo 23.º	Liberdade de prestação de serviços noutro Estado-Membro	780	822	1498	ue/regulamentos/2014/32014R0909.md
32014R0909	Artigo 24.º	Cooperação entre as autoridades do Estado-Membro de origem e do Estado-Membro de acolhimento e análise pelos pares	824	868	1250	ue/regulamentos/2014/32014R0909.md
32014R0909	Artigo 24.º-A	Colégio de autoridades de supervisão	870	944	1561	ue/regulamentos/2014/32014R0909.md
32014R0909	Artigo 25.º	Países terceiros	948	1048	2476	ue/regulamentos/2014/32014R0909.md
32014R0909	Artigo 26.º	Disposições gerais	1054	1116	1088	ue/regulamentos/2014/32014R0909.md
32014R0909	Artigo 27.º	Quadros superiores, órgão de administração e acionistas	1118	1158	912	ue/regulamentos/2014/32014R0909.md
32014R0909	Artigo 27.º-A	Informação às autoridades competentes	1160	1188	1247	ue/regulamentos/2014/32014R0909.md
32014R0909	Artigo 27.º-B	Avaliação	1190	1216	947	ue/regulamentos/2014/32014R0909.md
32014R0909	Artigo 27.º-C	Derrogação para as CSDs que prestam serviços bancários auxiliares	1218	1222	62	ue/regulamentos/2014/32014R0909.md
32014R0909	Artigo 28.º	Comité de utilizadores	1224	1240	578	ue/regulamentos/2014/32014R0909.md
32014R0909	Artigo 29.º	Manutenção e guarda de registos	1242	1266	505	ue/regulamentos/2014/32014R0909.md
32014R0909	Artigo 30.º	Subcontratação	1268	1296	694	ue/regulamentos/2014/32014R0909.md
32014R0909	Artigo 31.º	Serviços prestados por partes que não sejam CSDs	1298	1306	257	ue/regulamentos/2014/32014R0909.md
32014R0909	Artigo 32.º	Disposições gerais	1310	1314	82	ue/regulamentos/2014/32014R0909.md
32014R0909	Artigo 33.º	Requisitos de participação	1316	1344	834	ue/regulamentos/2014/32014R0909.md
32014R0909	Artigo 34.º	Transparência	1346	1362	460	ue/regulamentos/2014/32014R0909.md
32014R0909	Artigo 35.º	Procedimentos de comunicação com os participantes e com outras infraestruturas de mercado	1364	1366	120	ue/regulamentos/2014/32014R0909.md
32014R0909	Artigo 36.º	Disposições gerais	1372	1376	94	ue/regulamentos/2014/32014R0909.md
32014R0909	Artigo 37.º	Integridade da emissão	1378	1390	411	ue/regulamentos/2014/32014R0909.md
32014R0909	Artigo 38.º	Proteção dos valores mobiliários dos participantes e dos seus clientes	1392	1408	618	ue/regulamentos/2014/32014R0909.md
32014R0909	Artigo 39.º	Caráter definitivo da liquidação	1410	1424	458	ue/regulamentos/2014/32014R0909.md
32014R0909	Artigo 40.º	Liquidação financeira	1426	1436	434	ue/regulamentos/2014/32014R0909.md
32014R0909	Artigo 41.º	Regras e procedimentos em caso de incumprimento de um participante	1438	1446	239	ue/regulamentos/2014/32014R0909.md
32014R0909	Artigo 42.º	Requisitos gerais	1450	1452	69	ue/regulamentos/2014/32014R0909.md
32014R0909	Artigo 43.º	Riscos jurídicos	1454	1460	175	ue/regulamentos/2014/32014R0909.md
32014R0909	Artigo 44.º	Riscos comerciais gerais	1462	1464	85	ue/regulamentos/2014/32014R0909.md
32014R0909	Artigo 45.º	Riscos operacionais	1466	1494	811	ue/regulamentos/2014/32014R0909.md
32014R0909	Artigo 46.º	Política de investimento	1496	1512	450	ue/regulamentos/2014/32014R0909.md
32014R0909	Artigo 47.º	Requisitos de capital	1514	1532	295	ue/regulamentos/2014/32014R0909.md
32014R0909	Artigo 47.º-A	Liquidação diferida pelo valor líquido	1534	1550	280	ue/regulamentos/2014/32014R0909.md
32014R0909	Artigo 48.º	Ligações entre CSDs	1554	1586	957	ue/regulamentos/2014/32014R0909.md
32014R0909	Artigo 49.º	Liberdade de efetuar uma emissão através de uma CSD autorizada na União	1592	1634	1186	ue/regulamentos/2014/32014R0909.md
32014R0909	Artigo 50.º	Ligação de acesso comum	1638	1640	70	ue/regulamentos/2014/32014R0909.md
32014R0909	Artigo 51.º	Ligação de acesso personalizada	1642	1646	126	ue/regulamentos/2014/32014R0909.md
32014R0909	Artigo 52.º	Procedimento aplicável às ligações entre CSDs	1648	1678	702	ue/regulamentos/2014/32014R0909.md
32014R0909	Artigo 53.º	Acesso entre CSDs e outras infraestruturas de mercado	1682	1710	860	ue/regulamentos/2014/32014R0909.md
32014R0909	Artigo 54.º	Autorização e designação para prestar serviços bancários auxiliares	1714	1814	2657	ue/regulamentos/2014/32014R0909.md
32014R0909	Artigo 55.º	Procedimento de concessão ou recusa de autorização para prestar serviços bancários auxiliares	1816	1878	1462	ue/regulamentos/2014/32014R0909.md
32014R0909	Artigo 56.º	Extensão dos serviços bancários auxiliares	1880	1884	102	ue/regulamentos/2014/32014R0909.md
32014R0909	Artigo 57.º	Revogação da autorização	1886	1904	540	ue/regulamentos/2014/32014R0909.md
32014R0909	Artigo 58.º	Registo das CSDs	1906	1918	212	ue/regulamentos/2014/32014R0909.md
32014R0909	Artigo 59.º	Requisitos prudenciais aplicáveis às instituições de crédito ou às CSDs autorizadas a prestar serviços bancários auxiliares	1920	1990	1929	ue/regulamentos/2014/32014R0909.md
32014R0909	Artigo 60.º	Supervisão das instituições de crédito designadas e das CSDs autorizadas para a prestação de serviços bancários auxiliares	1992	2018	846	ue/regulamentos/2014/32014R0909.md
32014R0909	Artigo 61.º	Sanções administrativas e outras medidas	2022	2052	1054	ue/regulamentos/2014/32014R0909.md
32014R0909	Artigo 62.º	Publicação de decisões	2054	2076	882	ue/regulamentos/2014/32014R0909.md
32014R0909	Artigo 63.º	Sanções aplicáveis a infrações	2078	2120	993	ue/regulamentos/2014/32014R0909.md
32014R0909	Artigo 64.º	Aplicação efetiva de sanções	2122	2136	272	ue/regulamentos/2014/32014R0909.md
32014R0909	Artigo 65.º	Comunicação das violações	2138	2154	431	ue/regulamentos/2014/32014R0909.md
32014R0909	Artigo 66.º	Direito de recurso	2156	2158	122	ue/regulamentos/2014/32014R0909.md
32014R0909	Artigo 67.º	Exercício da delegação	2162	2188	397	ue/regulamentos/2014/32014R0909.md
32014R0909	Artigo 68.º	Procedimento de comité	2190	2200	130	ue/regulamentos/2014/32014R0909.md
32014R0909	Artigo 69.º	Disposições transitórias	2202	2260	1287	ue/regulamentos/2014/32014R0909.md
32014R0909	Artigo 70.º	Alteração da Diretiva 98/26/CE	2262	2276	201	ue/regulamentos/2014/32014R0909.md
32014R0909	Artigo 71.º	Alteração da Diretiva 2014/65/UE	2278	2296	266	ue/regulamentos/2014/32014R0909.md
32014R0909	Artigo 73.º	Aplicação da Diretiva 2014/65/UE e do Regulamento (UE) n.º 600/2014	2298	2302	192	ue/regulamentos/2014/32014R0909.md
32014R0909	Artigo 74.º	Relatórios	2304	2404	2436	ue/regulamentos/2014/32014R0909.md
32014R0909	Artigo 75.º	Revisão	2406	2428	453	ue/regulamentos/2014/32014R0909.md
32014R0909	Artigo 76.º	Entrada em vigor e aplicação	2430	2454	597	ue/regulamentos/2014/32014R0909.md
32014R0909	ANEXO		2456	2546	1929	ue/regulamentos/2014/32014R0909.md
32014R0910	Artigo 1.º	Objeto	37	47	337	ue/regulamentos/2014/32014R0910.md
32014R0910	Artigo 2.º	Âmbito de aplicação	49	65	225	ue/regulamentos/2014/32014R0910.md
32014R0910	Artigo 3.º	Definições	67	256	3700	ue/regulamentos/2014/32014R0910.md
32014R0910	Artigo 4.º	Princípios relativos ao mercado interno	258	264	116	ue/regulamentos/2014/32014R0910.md
32014R0910	Artigo 5.º	Pseudónimos nas transações eletrónicas	266	270	80	ue/regulamentos/2014/32014R0910.md
32014R0910	Artigo 5.º-A	Carteiras europeias de identidade digital	278	416	3660	ue/regulamentos/2014/32014R0910.md
32014R0910	Artigo 5.º-B	Utilizadores de carteiras europeias de identidade digital	418	450	710	ue/regulamentos/2014/32014R0910.md
32014R0910	Artigo 5.º-C	Certificação de carteiras europeias de identidade digital	452	468	808	ue/regulamentos/2014/32014R0910.md
32014R0910	Artigo 5.º-D	Publicação de uma lista de carteiras europeias de identidade digital certificadas	470	494	674	ue/regulamentos/2014/32014R0910.md
32014R0910	Artigo 5.º-E	Violação da segurança das carteiras europeias de identidade digital	496	510	615	ue/regulamentos/2014/32014R0910.md
32014R0910	Artigo 5.º-F	Recurso transfronteiriço às carteiras europeias de identidade digital	512	522	711	ue/regulamentos/2014/32014R0910.md
32014R0910	Artigo 6.º	Reconhecimento mútuo	528	540	427	ue/regulamentos/2014/32014R0910.md
32014R0910	Artigo 7.º	Elegibilidade para notificação dos sistemas de identificação eletrónica	542	574	791	ue/regulamentos/2014/32014R0910.md
32014R0910	Artigo 8.º	Níveis de garantia dos sistemas de identificação eletrónica	576	608	808	ue/regulamentos/2014/32014R0910.md
32014R0910	Artigo 9.º	Notificação	610	642	540	ue/regulamentos/2014/32014R0910.md
32014R0910	Artigo 10.º		644	658	296	ue/regulamentos/2014/32014R0910.md
32014R0910	Artigo 11.º	Responsabilidade	660	672	314	ue/regulamentos/2014/32014R0910.md
32014R0910	Artigo 11.º-A	Determinação de correspondência de identidade a nível transfronteiriço	674	682	242	ue/regulamentos/2014/32014R0910.md
32014R0910	Artigo 12.º		684	746	711	ue/regulamentos/2014/32014R0910.md
32014R0910	Artigo 12.º-A	Certificação de sistemas de identificação eletrónica	748	760	548	ue/regulamentos/2014/32014R0910.md
32014R0910	Artigo 12.º-B	Acesso a funcionalidades de hardware e de software	762	766	325	ue/regulamentos/2014/32014R0910.md
32014R0910	Artigo 13.º	Responsabilidade e ónus da prova	772	788	399	ue/regulamentos/2014/32014R0910.md
32014R0910	Artigo 14.º	Aspetos internacionais	790	798	435	ue/regulamentos/2014/32014R0910.md
32014R0910	Artigo 15.º	Acessibilidade para as pessoas com deficiência e necessidades especiais	800	802	149	ue/regulamentos/2014/32014R0910.md
32014R0910	Artigo 16.º	Sanções	804	816	334	ue/regulamentos/2014/32014R0910.md
32014R0910	Artigo 19.º-A	Requisitos aplicáveis aos prestadores não qualificados de serviços de confiança	830	846	470	ue/regulamentos/2014/32014R0910.md
32014R0910	Artigo 20.º	Fiscalização dos prestadores qualificados de serviços de confiança	850	896	1217	ue/regulamentos/2014/32014R0910.md
32014R0910	Artigo 21.º	Início de um serviço de confiança qualificado	898	920	707	ue/regulamentos/2014/32014R0910.md
32014R0910	Artigo 22.º	Listas de confiança	922	932	356	ue/regulamentos/2014/32014R0910.md
32014R0910	Artigo 23.º	Marca de confiança «UE» para serviços de confiança qualificados	934	940	264	ue/regulamentos/2014/32014R0910.md
32014R0910	Artigo 24.º	Requisitos aplicáveis aos prestadores qualificados de serviços de confiança	942	1056	2327	ue/regulamentos/2014/32014R0910.md
32014R0910	Artigo 24.º-A	Reconhecimento de serviços de confiança qualificados	1058	1082	875	ue/regulamentos/2014/32014R0910.md
32014R0910	Artigo 25.º	Efeitos legais das assinaturas eletrónicas	1086	1094	113	ue/regulamentos/2014/32014R0910.md
32014R0910	Artigo 26.º	Requisitos para as assinaturas eletrónicas avançadas	1096	1114	288	ue/regulamentos/2014/32014R0910.md
32014R0910	Artigo 27.º	Assinaturas eletrónicas em serviços públicos	1116	1128	408	ue/regulamentos/2014/32014R0910.md
32014R0910	Artigo 28.º	Certificados qualificados de assinaturas eletrónicas	1130	1150	477	ue/regulamentos/2014/32014R0910.md
32014R0910	Artigo 29.º	Requisitos aplicáveis aos dispositivos qualificados de criação de assinaturas eletrónicas	1152	1166	286	ue/regulamentos/2014/32014R0910.md
32014R0910	Artigo 29.º-A	Requisitos aplicáveis a um serviço qualificado para a gestão de dispositivos qualificados de criação de assinaturas eletrónicas à distância	1168	1184	361	ue/regulamentos/2014/32014R0910.md
32014R0910	Artigo 30.º	Certificação dos dispositivos qualificados de criação de assinaturas eletrónicas	1186	1208	469	ue/regulamentos/2014/32014R0910.md
32014R0910	Artigo 31.º	Publicação de uma lista de dispositivos qualificados e certificados de criação de assinaturas eletrónicas	1210	1220	272	ue/regulamentos/2014/32014R0910.md
32014R0910	Artigo 32.º	Requisitos aplicáveis à validade das assinaturas eletrónicas qualificadas	1222	1254	474	ue/regulamentos/2014/32014R0910.md
32014R0910	Artigo 32.º-A	Requisitos para a validação de assinaturas eletrónicas avançadas com base em certificados qualificados	1256	1278	495	ue/regulamentos/2014/32014R0910.md
32014R0910	Artigo 33.º	Serviço qualificado de validação de assinaturas eletrónicas qualificadas	1280	1292	298	ue/regulamentos/2014/32014R0910.md
32014R0910	Artigo 34.º	Serviço qualificado de preservação de assinaturas eletrónicas qualificadas	1294	1308	262	ue/regulamentos/2014/32014R0910.md
32014R0910	Artigo 35.º	Efeitos legais dos selos eletrónicos	1312	1320	114	ue/regulamentos/2014/32014R0910.md
32014R0910	Artigo 36.º	Requisitos para os selos eletrónicos avançados	1322	1340	292	ue/regulamentos/2014/32014R0910.md
32014R0910	Artigo 37.º	Selos eletrónicos em serviços públicos	1342	1354	388	ue/regulamentos/2014/32014R0910.md
32014R0910	Artigo 38.º	Certificados qualificados de selos eletrónicos	1356	1376	463	ue/regulamentos/2014/32014R0910.md
32014R0910	Artigo 39.º	Dispositivos qualificados de criação de selos eletrónicos	1378	1386	129	ue/regulamentos/2014/32014R0910.md
32014R0910	Artigo 39.º-A	Requisitos aplicáveis a um serviço qualificado para a gestão de dispositivos qualificados de criação de selos eletrónicos à distância	1388	1392	79	ue/regulamentos/2014/32014R0910.md
32014R0910	Artigo 40.º	Validação e preservação dos selos eletrónicos qualificados	1394	1398	54	ue/regulamentos/2014/32014R0910.md
32014R0910	Artigo 40.º-A	Requisitos para a validação de selos eletrónicos avançados com base em certificados qualificados	1400	1404	62	ue/regulamentos/2014/32014R0910.md
32014R0910	Artigo 41.º	Efeito legal dos selos temporais	1408	1416	117	ue/regulamentos/2014/32014R0910.md
32014R0910	Artigo 42.º	Requisitos aplicáveis aos selos temporais qualificados	1418	1438	291	ue/regulamentos/2014/32014R0910.md
32014R0910	Artigo 43.º	Efeito legal dos serviços de envio registado eletrónico	1442	1446	196	ue/regulamentos/2014/32014R0910.md
32014R0910	Artigo 44.º	Requisitos aplicáveis aos serviços qualificados de envio registado eletrónico	1448	1486	620	ue/regulamentos/2014/32014R0910.md
32014R0910	Artigo 45.º	Requisitos aplicáveis aos certificados qualificados de autenticação de sítios Web	1492	1506	427	ue/regulamentos/2014/32014R0910.md
32014R0910	Artigo 45.º-A	Medidas de precaução em matéria de cibersegurança	1508	1516	433	ue/regulamentos/2014/32014R0910.md
32014R0910	Artigo 45.º-B	Efeitos legais do certificado eletrónico de atributos	1520	1526	231	ue/regulamentos/2014/32014R0910.md
32014R0910	Artigo 45.º-C	Certificado eletrónico de atributos em serviços públicos	1528	1530	168	ue/regulamentos/2014/32014R0910.md
32014R0910	Artigo 45.º-D	Requisitos aplicáveis aos certificados eletrónicos qualificados de atributos	1532	1542	317	ue/regulamentos/2014/32014R0910.md
32014R0910	Artigo 45.º-E	Verificação de atributos por confronto com fontes autênticas	1544	1548	341	ue/regulamentos/2014/32014R0910.md
32014R0910	Artigo 45.º-F	Requisitos para o certificado eletrónico de atributos emitido por ou em nome de um organismo do setor público responsável por uma fonte autêntica	1550	1576	990	ue/regulamentos/2014/32014R0910.md
32014R0910	Artigo 45.º-G	Emissão de certificados eletrónicos de atributos para as carteiras europeias de identidade digital	1578	1582	156	ue/regulamentos/2014/32014R0910.md
32014R0910	Artigo 45.º-H	Regras adicionais para a prestação de serviços de certificados eletrónicos de atributos	1584	1590	210	ue/regulamentos/2014/32014R0910.md
32014R0910	Artigo 45.º-I	Efeito legal de serviços de arquivo eletrónico	1594	1598	166	ue/regulamentos/2014/32014R0910.md
32014R0910	Artigo 45.º-J	Requisitos aplicáveis aos serviços qualificados de arquivo eletrónico	1600	1614	483	ue/regulamentos/2014/32014R0910.md
32014R0910	Artigo 45.º-K	Efeitos legais dos livros-razão eletrónicos	1618	1622	119	ue/regulamentos/2014/32014R0910.md
32014R0910	Artigo 45.º-L	Requisitos aplicáveis aos livros-razão eletrónicos qualificados	1624	1640	280	ue/regulamentos/2014/32014R0910.md
32014R0910	Artigo 46.º	Efeitos legais dos documentos eletrónicos	1644	1648	61	ue/regulamentos/2014/32014R0910.md
32014R0910	Artigo 46.º-A	Supervisão do Regime para a carteira europeia de identidade digital	1652	1686	1239	ue/regulamentos/2014/32014R0910.md
32014R0910	Artigo 46.º-B	Supervisão dos serviços de confiança	1688	1730	1370	ue/regulamentos/2014/32014R0910.md
32014R0910	Artigo 46.º-C	Pontos de contacto único	1732	1740	244	ue/regulamentos/2014/32014R0910.md
32014R0910	Artigo 46.º-D	Assistência mútua	1742	1764	574	ue/regulamentos/2014/32014R0910.md
32014R0910	Artigo 46.º-E	Grupo de Cooperação Europeia para a Identidade Digital	1766	1806	1046	ue/regulamentos/2014/32014R0910.md
32014R0910	Artigo 47.º	Exercício da delegação	1810	1828	381	ue/regulamentos/2014/32014R0910.md
32014R0910	Artigo 48.º	Procedimento de comité	1830	1834	69	ue/regulamentos/2014/32014R0910.md
32014R0910	Artigo 48.º-A	Obrigações de comunicação de informações	1840	1860	342	ue/regulamentos/2014/32014R0910.md
32014R0910	Artigo 49.º	Revisão	1862	1870	355	ue/regulamentos/2014/32014R0910.md
32014R0910	Artigo 50.º	Revogação	1872	1878	52	ue/regulamentos/2014/32014R0910.md
32014R0910	Artigo 51.º	Medidas transitórias	1880	1890	385	ue/regulamentos/2014/32014R0910.md
32014R0910	Artigo 52.º	Entrada em vigor	1892	1908	496	ue/regulamentos/2014/32014R0910.md
32014R0910	ANEXO I		1910	1942	490	ue/regulamentos/2014/32014R0910.md
32014R0910	ANEXO II		1944	1962	330	ue/regulamentos/2014/32014R0910.md
32014R0910	ANEXO III		1964	1996	478	ue/regulamentos/2014/32014R0910.md
32014R0910	ANEXO IV		1998	2036	560	ue/regulamentos/2014/32014R0910.md
32014R0910	ANEXO V	REQUISITOS APLICÁVEIS AOS CERTIFICADOS ELETRÓNICOS QUALIFICADOS DE ATRIBUTOS	2038	2062	460	ue/regulamentos/2014/32014R0910.md
32014R0910	ANEXO VI	LISTA MÍNIMA DE ATRIBUTOS	2064	2088	254	ue/regulamentos/2014/32014R0910.md
32014R0910	ANEXO VII	REQUISITOS PARA O CERTIFICADO ELETRÓNICO DE ATRIBUTOS EMITIDO POR UM ORGANISMO DO SETOR PÚBLICO RESPONSÁVEL POR UMA FONTE AUTÊNTICA OU EM SEU NOME	2090	2126	994	ue/regulamentos/2014/32014R0910.md
32014R0912	Preâmbulo		18	80	3538	ue/regulamentos/2014/32014R0912.md
32014R0912	Artigo 1.º	Âmbito de aplicação	86	90	229	ue/regulamentos/2014/32014R0912.md
32014R0912	Artigo 2.º	Definições	92	118	773	ue/regulamentos/2014/32014R0912.md
32014R0912	Artigo 3.º	Critérios de repartição	122	142	412	ue/regulamentos/2014/32014R0912.md
32014R0912	Artigo 4.º	Tratamento concedido pela União	148	152	117	ue/regulamentos/2014/32014R0912.md
32014R0912	Artigo 5.º	Tratamento concedido por um Estado-Membro	156	158	46	ue/regulamentos/2014/32014R0912.md
32014R0912	Artigo 6.º	Cooperação e consultas entre a Comissão e o Estado-Membro em causa	160	164	155	ue/regulamentos/2014/32014R0912.md
32014R0912	Artigo 7.º	Pedidos de consulta	166	174	160	ue/regulamentos/2014/32014R0912.md
32014R0912	Artigo 8.º	Informação da intenção de dar início a um processo arbitral	176	182	247	ue/regulamentos/2014/32014R0912.md
32014R0912	Artigo 9.º	Estatuto da parte demandada	184	208	770	ue/regulamentos/2014/32014R0912.md
32014R0912	Artigo 10.º	Condução de processos arbitrais pelos Estados-Membros	210	222	282	ue/regulamentos/2014/32014R0912.md
32014R0912	Artigo 11.º	Condução de processos arbitrais pela União	224	238	328	ue/regulamentos/2014/32014R0912.md
32014R0912	Artigo 12.º	Aceitação pelo Estado-Membro em causa da responsabilidade financeira potencial se a União for a parte demandada	240	246	172	ue/regulamentos/2014/32014R0912.md
32014R0912	Artigo 13.º	Acordos transacionais para a resolução de litígios relativos ao tratamento concedido pela União	250	254	153	ue/regulamentos/2014/32014R0912.md
32014R0912	Artigo 14.º	Acordos transacionais para a resolução de litígios relativos ao tratamento total ou parcialmente concedido por um Estado-Membro se a União pretender a celebraçã	256	272	785	ue/regulamentos/2014/32014R0912.md
32014R0912	Artigo 15.º	Acordos transacionais para a resolução de litígios relativos ao tratamento exclusivamente concedido por um Estado-Membro se o Estado-Membro pretender a celebraç	274	286	370	ue/regulamentos/2014/32014R0912.md
32014R0912	Artigo 16.º	Acordos transacionais para a resolução de litígios relativos ao tratamento parcialmente concedido por um Estado-Membro se esse Estado-Membro pretender a celebra	288	294	276	ue/regulamentos/2014/32014R0912.md
32014R0912	Artigo 17.º	Âmbito de aplicação	298	300	35	ue/regulamentos/2014/32014R0912.md
32014R0912	Artigo 18.º	Procedimento para o pagamento de indemnizações fixadas em sentenças e acordos transacionais	302	306	198	ue/regulamentos/2014/32014R0912.md
32014R0912	Artigo 19.º	Procedimento em caso de falta de acordo sobre a responsabilidade financeira	308	320	515	ue/regulamentos/2014/32014R0912.md
32014R0912	Artigo 20.º	Adiantamento das custas decorrentes da arbitragem	322	326	187	ue/regulamentos/2014/32014R0912.md
32014R0912	Artigo 21.º	Pagamentos efetuados por um Estado-Membro	328	330	213	ue/regulamentos/2014/32014R0912.md
32014R0912	Artigo 22.º	Procedimento de comité	334	340	122	ue/regulamentos/2014/32014R0912.md
32014R0912	Artigo 23.º	Relatório e análise	342	348	232	ue/regulamentos/2014/32014R0912.md
32014R0912	Artigo 24.º	Litígios ao abrigo de acordos celebrados antes da entrada em vigor do presente regulamento	350	352	118	ue/regulamentos/2014/32014R0912.md
32014R0912	Artigo 25.º	Entrada em vigor	354	382	416	ue/regulamentos/2014/32014R0912.md
32014R0913	Artigo 1.º	Objeto e âmbito	64	72	214	ue/regulamentos/2014/32014R0913.md
32014R0913	Artigo 2.º	Assistência financeira a retiradas realizadas por organizações de produtores	74	98	650	ue/regulamentos/2014/32014R0913.md
32014R0913	Artigo 3.º	Apoio a retiradas realizadas por produtores que não são membros de organizações de produtores	100	140	1113	ue/regulamentos/2014/32014R0913.md
32014R0913	Artigo 4.º	Controlos às operações de retirada	142	150	157	ue/regulamentos/2014/32014R0913.md
32014R0913	Artigo 5.º	Apoio adicional às organizações de produtores para atividades de promoção	152	170	478	ue/regulamentos/2014/32014R0913.md
32014R0913	Artigo 6.º	Requerimento e pagamento do apoio da União	172	182	294	ue/regulamentos/2014/32014R0913.md
32014R0913	Artigo 7.º	Notificações e declarações de despesas	184	192	137	ue/regulamentos/2014/32014R0913.md
32014R0913	Artigo 8.º	Entrada em vigor e aplicação	194	200	84	ue/regulamentos/2014/32014R0913.md
32014R0913	ANEXO		202	216	158	ue/regulamentos/2014/32014R0913.md
32014R0914	Preâmbulo		18	36	296	ue/regulamentos/2014/32014R0914.md
32014R0914	Artigo 1.º		40	42	31	ue/regulamentos/2014/32014R0914.md
32014R0914	Artigo 2.º		44	58	102	ue/regulamentos/2014/32014R0914.md
32014R0914	ANEXO		60	100	1345	ue/regulamentos/2014/32014R0914.md
32014R0916	Preâmbulo		18	42	684	ue/regulamentos/2014/32014R0916.md
32014R0916	Artigo 1.º	Aprovação de uma substância de base	46	48	48	ue/regulamentos/2014/32014R0916.md
32014R0916	Artigo 2.º	Alterações ao Regulamento de Execução (UE) n.º 540/2011	50	52	52	ue/regulamentos/2014/32014R0916.md
32014R0916	Artigo 3.º	Entrada em vigor e data de aplicação	54	76	322	ue/regulamentos/2014/32014R0916.md
32014R0916	ANEXO I		78	84	236	ue/regulamentos/2014/32014R0916.md
32014R0916	ANEXO II		86	94	266	ue/regulamentos/2014/32014R0916.md
32014R0917	Preâmbulo		18	48	1354	ue/regulamentos/2014/32014R0917.md
32014R0917	Artigo 1.º	Aprovação da substância ativa	52	54	47	ue/regulamentos/2014/32014R0917.md
32014R0917	Artigo 2.º	Reavaliação de produtos fitofarmacêuticos	56	68	571	ue/regulamentos/2014/32014R0917.md
32014R0917	Artigo 3.º	Alterações do Regulamento de Execução (UE) n.º 540/2011	70	72	48	ue/regulamentos/2014/32014R0917.md
32014R0917	Artigo 4.º	Entrada em vigor e data de aplicação	74	100	417	ue/regulamentos/2014/32014R0917.md
32014R0917	ANEXO I		102	108	300	ue/regulamentos/2014/32014R0917.md
32014R0917	ANEXO II		110	118	330	ue/regulamentos/2014/32014R0917.md
32014R0918	Preâmbulo		18	42	811	ue/regulamentos/2014/32014R0918.md
32014R0918	Artigo 1.º	Alteração do Regulamento de Execução (UE) n.º 540/2011	46	48	50	ue/regulamentos/2014/32014R0918.md
32014R0918	Artigo 2.º	Entrada em vigor	50	74	440	ue/regulamentos/2014/32014R0918.md
32014R0918	ANEXO		76	82	431	ue/regulamentos/2014/32014R0918.md
32014R0920	Preâmbulo		18	44	573	ue/regulamentos/2014/32014R0920.md
32014R0920	Artigo 1.º		48	53	337	ue/regulamentos/2014/32014R0920.md
32014R0920	Artigo 2.º		55	71	102	ue/regulamentos/2014/32014R0920.md
32014R0921	Preâmbulo		18	50	1132	ue/regulamentos/2014/32014R0921.md
32014R0921	Artigo 1.º	Alteração do Regulamento (CE) n.º 540/2011	54	56	47	ue/regulamentos/2014/32014R0921.md
32014R0921	Artigo 2.º	Entrada em vigor	58	82	469	ue/regulamentos/2014/32014R0921.md
32014R0921	ANEXO		84	106	498	ue/regulamentos/2014/32014R0921.md
32014R0922	Preâmbulo		18	50	1446	ue/regulamentos/2014/32014R0922.md
32014R0922	Artigo 1.º	Aprovação da substância ativa	54	56	42	ue/regulamentos/2014/32014R0922.md
32014R0922	Artigo 2.º	Reavaliação de produtos fitofarmacêuticos	58	70	550	ue/regulamentos/2014/32014R0922.md
32014R0922	Artigo 3.º	Alterações ao Regulamento de Execução (UE) n.º 540/2011	72	74	48	ue/regulamentos/2014/32014R0922.md
32014R0922	Artigo 4.º	Entrada em vigor e data de aplicação	76	104	483	ue/regulamentos/2014/32014R0922.md
32014R0922	ANEXO I		106	112	510	ue/regulamentos/2014/32014R0922.md
32014R0922	ANEXO II		114	122	539	ue/regulamentos/2014/32014R0922.md
32014R0923	Preâmbulo		18	52	1336	ue/regulamentos/2014/32014R0923.md
32014R0923	Artigo 1.º		56	58	32	ue/regulamentos/2014/32014R0923.md
32014R0923	Artigo 2.º		60	62	31	ue/regulamentos/2014/32014R0923.md
32014R0923	Artigo 3.º		64	86	369	ue/regulamentos/2014/32014R0923.md
32014R0923	ANEXO I		88	211	2166	ue/regulamentos/2014/32014R0923.md
32014R0923	ANEXO II		213	223	100	ue/regulamentos/2014/32014R0923.md
32014R0926	Artigo 1.º	Objeto	38	40	85	ue/regulamentos/2014/32014R0926.md
32014R0926	Artigo 2.º	Definições	42	52	340	ue/regulamentos/2014/32014R0926.md
32014R0926	Artigo 3.º	Requisitos gerais das notificações de passaporte	54	68	253	ue/regulamentos/2014/32014R0926.md
32014R0926	Artigo 4.º	Apresentação da notificação de passaporte da sucursal	72	74	65	ue/regulamentos/2014/32014R0926.md
32014R0926	Artigo 5.º	Avaliação da exaustividade e da exatidão da notificação de passaporte da sucursal	76	82	226	ue/regulamentos/2014/32014R0926.md
32014R0926	Artigo 6.º	Comunicação da notificação de passaporte da sucursal	84	98	376	ue/regulamentos/2014/32014R0926.md
32014R0926	Artigo 7.º	Comunicação das condições por razões de interesse geral	100	104	166	ue/regulamentos/2014/32014R0926.md
32014R0926	Artigo 8.º	Apresentação da notificação de modificação das informações relativas a uma sucursal	108	116	256	ue/regulamentos/2014/32014R0926.md
32014R0926	Artigo 9.º	Avaliação da exaustividade e exatidão da notificação	118	124	297	ue/regulamentos/2014/32014R0926.md
32014R0926	Artigo 10.º	Comunicação das decisões tomadas na sequência da notificação	126	132	200	ue/regulamentos/2014/32014R0926.md
32014R0926	Artigo 11.º	Apresentação da notificação de passaporte de serviços	136	138	65	ue/regulamentos/2014/32014R0926.md
32014R0926	Artigo 12.º	Avaliação da exaustividade e exatidão da notificação de passaporte de serviços	140	146	224	ue/regulamentos/2014/32014R0926.md
32014R0926	Artigo 13.º	Comunicação da notificação de passaporte de serviços	148	150	71	ue/regulamentos/2014/32014R0926.md
32014R0926	Artigo 14.º	Entrada em vigor	154	160	70	ue/regulamentos/2014/32014R0926.md
32014R0926	ANEXO I	Formulário para apresentação de uma notificação de passaporte da sucursal ou de modificação das informações relativas a uma sucursal	162	317	2863	ue/regulamentos/2014/32014R0926.md
32014R0926	ANEXO II	Formulário para a comunicação da notificação de passaporte da sucursal	319	344	386	ue/regulamentos/2014/32014R0926.md
32014R0926	ANEXO III	Formulário para a comunicação do montante e da composição dos fundos próprios e dos requisitos de fundos próprios	346	373	1680	ue/regulamentos/2014/32014R0926.md
32014R0926	ANEXO IV	Formulário para a notificação de uma modificação relativa à cessação prevista das atividades de uma sucursal	375	400	477	ue/regulamentos/2014/32014R0926.md
32014R0926	ANEXO V	Formulário para a apresentação de uma notificação de passaporte de serviços	402	469	1590	ue/regulamentos/2014/32014R0926.md
32014R0926	ANEXO VI	Formulário para a comunicação de uma notificação de passaporte de serviços	471	496	351	ue/regulamentos/2014/32014R0926.md
32014R0928	Preâmbulo		18	34	312	ue/regulamentos/2014/32014R0928.md
32014R0928	Artigo 1.º		38	40	45	ue/regulamentos/2014/32014R0928.md
32014R0928	Artigo 2.º		42	62	180	ue/regulamentos/2014/32014R0928.md
32014R0929	Preâmbulo		18	34	310	ue/regulamentos/2014/32014R0929.md
32014R0929	Artigo 1.º		38	40	42	ue/regulamentos/2014/32014R0929.md
32014R0929	Artigo 2.º		42	62	179	ue/regulamentos/2014/32014R0929.md
32014R0930	Preâmbulo		18	36	276	ue/regulamentos/2014/32014R0930.md
32014R0930	Artigo 1.º		40	42	31	ue/regulamentos/2014/32014R0930.md
32014R0930	Artigo 2.º		44	58	102	ue/regulamentos/2014/32014R0930.md
32014R0930	ANEXO		60	64	130	ue/regulamentos/2014/32014R0930.md
32014R0932	Preâmbulo		22	78	2993	ue/regulamentos/2014/32014R0932.md
32014R0932	Artigo 1.º	Objeto e âmbito	84	120	339	ue/regulamentos/2014/32014R0932.md
32014R0932	Artigo 2.º	Montante máximo da assistência financeira da União	122	124	100	ue/regulamentos/2014/32014R0932.md
32014R0932	Artigo 3.º	Assistência financeira para retiradas efetuadas por organizações de produtores	126	144	673	ue/regulamentos/2014/32014R0932.md
32014R0932	Artigo 4.º	Assistência financeira para retiradas efetuadas por produtores que não são membros de organizações de produtores	146	176	932	ue/regulamentos/2014/32014R0932.md
32014R0932	Artigo 5.º	Assistência financeira às organizações de produtores por não-colheita e colheita em verde	178	194	832	ue/regulamentos/2014/32014R0932.md
32014R0932	Artigo 6.º	Assistência financeira a produtores não-membros de organizações de produtores, por não-colheita e colheita em verde	196	216	534	ue/regulamentos/2014/32014R0932.md
32014R0932	Artigo 7.º	Controlos das operações de retirada, de não-colheita e de colheita em verde	218	230	472	ue/regulamentos/2014/32014R0932.md
32014R0932	Artigo 8.º	Comunicação das operações previstas à Comissão	232	246	470	ue/regulamentos/2014/32014R0932.md
32014R0932	Artigo 9.º	Controlo do respeito dos montantes máximos	248	254	229	ue/regulamentos/2014/32014R0932.md
32014R0932	Artigo 10.º	Comunicações às organizações de produtores e aos produtores	256	260	330	ue/regulamentos/2014/32014R0932.md
32014R0932	Artigo 11.º	Requerimento e pagamento da assistência financeira da União	262	272	466	ue/regulamentos/2014/32014R0932.md
32014R0932	Artigo 12.º	Comunicação do montante total de assistência financeira da União requerido e do coeficiente de atribuição	274	286	420	ue/regulamentos/2014/32014R0932.md
32014R0932	Artigo 13.º	Pagamento da assistência financeira da União	288	290	118	ue/regulamentos/2014/32014R0932.md
32014R0932	Artigo 14.º	Alteração do Regulamento de Delegado (UE) n.º 913/2014	294	338	1021	ue/regulamentos/2014/32014R0932.md
32014R0932	Artigo 15.º	Entrada em vigor e aplicação	342	364	262	ue/regulamentos/2014/32014R0932.md
32014R0932	ANEXO I	Montantes máximos de apoio para retirada do mercado de produtos que não constam do anexo XI do Regulamento de Execução (UE) n.º 543/2011, a que se referem os ar	366	380	162	ue/regulamentos/2014/32014R0932.md
32014R0932	ANEXO II	Modelos de comunicação a que se refere o artigo 8.º	382	477	1708	ue/regulamentos/2014/32014R0932.md
32014R0932	ANEXO III	QUADROS A ENVIAR COM A PRIMEIRA COMUNICAÇÃO, EM CONFORMIDADE COM O ARTIGO 8.º, N.º 3	479	526	438	ue/regulamentos/2014/32014R0932.md
32014R0934	Preâmbulo		18	34	301	ue/regulamentos/2014/32014R0934.md
32014R0934	Artigo 1.º		38	40	31	ue/regulamentos/2014/32014R0934.md
32014R0934	Artigo 2.º		42	56	106	ue/regulamentos/2014/32014R0934.md
32014R0934	ANEXO		58	62	185	ue/regulamentos/2014/32014R0934.md
32014R0938	Preâmbulo		18	124	2745	ue/regulamentos/2014/32014R0938.md
32014R0938	Artigo 1.º		128	130	148	ue/regulamentos/2014/32014R0938.md
32014R0938	Artigo 2.º		132	138	173	ue/regulamentos/2014/32014R0938.md
32014R0938	Artigo 3.º		140	163	789	ue/regulamentos/2014/32014R0938.md
32014R0938	Artigo 4.º		165	191	946	ue/regulamentos/2014/32014R0938.md
32014R0939	Preâmbulo		18	36	238	ue/regulamentos/2014/32014R0939.md
32014R0939	Artigo 1.º		40	44	78	ue/regulamentos/2014/32014R0939.md
32014R0939	Artigo 2.º		46	60	88	ue/regulamentos/2014/32014R0939.md
32014R0939	ANEXO I		62	546	2784	ue/regulamentos/2014/32014R0939.md
32014R0939	ANEXO II		548	752	1086	ue/regulamentos/2014/32014R0939.md
32014R0941	Preâmbulo		18	32	213	ue/regulamentos/2014/32014R0941.md
32014R0941	Artigo 1.º		36	40	76	ue/regulamentos/2014/32014R0941.md
32014R0941	Artigo 2.º		42	60	183	ue/regulamentos/2014/32014R0941.md
32014R0945	Artigo 1.º	Índices de ações para efeitos do artigo 344.º do Regulamento (UE) n.º 575/2013	28	30	68	ue/regulamentos/2014/32014R0945.md
32014R0945	Artigo 2.º	Entrada em vigor	32	38	70	ue/regulamentos/2014/32014R0945.md
32014R0945	ANEXO		40	146	894	ue/regulamentos/2014/32014R0945.md
32014R0954	Preâmbulo		18	34	306	ue/regulamentos/2014/32014R0954.md
32014R0954	Artigo 1.º		38	40	39	ue/regulamentos/2014/32014R0954.md
32014R0954	Artigo 2.º		42	62	180	ue/regulamentos/2014/32014R0954.md
32014R0957	Preâmbulo		18	54	1137	ue/regulamentos/2014/32014R0957.md
32014R0957	Artigo 1.º		58	60	32	ue/regulamentos/2014/32014R0957.md
32014R0957	Artigo 2.º		62	64	31	ue/regulamentos/2014/32014R0957.md
32014R0957	Artigo 3.º		66	92	392	ue/regulamentos/2014/32014R0957.md
32014R0957	ANEXO I		94	100	100	ue/regulamentos/2014/32014R0957.md
32014R0957	ANEXO II		102	104	29	ue/regulamentos/2014/32014R0957.md
32014R0959	Preâmbulo		18	40	682	ue/regulamentos/2014/32014R0959.md
32014R0959	Artigo 1.º		44	51	68	ue/regulamentos/2014/32014R0959.md
32014R0959	Artigo 2.º		53	71	228	ue/regulamentos/2014/32014R0959.md
32014R0960	Artigo 1.º		66	168	2318	ue/regulamentos/2014/32014R0960.md
32014R0960	Artigo 2.º		170	174	59	ue/regulamentos/2014/32014R0960.md
32014R0960	ANEXO I		176	176	3	ue/regulamentos/2014/32014R0960.md
32014R0960	ANEXO II		198	198	3	ue/regulamentos/2014/32014R0960.md
32014R0960	ANEXO III		208	208	3	ue/regulamentos/2014/32014R0960.md
32014R0961	Preâmbulo		18	34	222	ue/regulamentos/2014/32014R0961.md
32014R0961	Artigo 1.º		38	40	40	ue/regulamentos/2014/32014R0961.md
32014R0961	Artigo 2.º		42	56	88	ue/regulamentos/2014/32014R0961.md
32014R0961	ANEXO	Lista das pessoas e entidades a que se refere o artigo 1.º	58	85	2903	ue/regulamentos/2014/32014R0961.md
32014R0962	Preâmbulo		18	32	203	ue/regulamentos/2014/32014R0962.md
32014R0962	Artigo 1.º		36	40	73	ue/regulamentos/2014/32014R0962.md
32014R0962	Artigo 2.º		42	62	188	ue/regulamentos/2014/32014R0962.md
32014R0963	Preâmbulo		18	32	206	ue/regulamentos/2014/32014R0963.md
32014R0963	Artigo 1.º		36	40	60	ue/regulamentos/2014/32014R0963.md
32014R0963	Artigo 2.º		42	62	188	ue/regulamentos/2014/32014R0963.md
32014R0964	Artigo 1.º	Objeto	37	51	97	ue/regulamentos/2014/32014R0964.md
32014R0964	Artigo 2.º	Normas e condições suplementares	53	57	76	ue/regulamentos/2014/32014R0964.md
32014R0964	Artigo 3.º	Subvenções ao abrigo das normas e condições	59	65	228	ue/regulamentos/2014/32014R0964.md
32014R0964	Artigo 4.º	Governação no âmbito das normas e condições	67	75	252	ue/regulamentos/2014/32014R0964.md
32014R0964	Artigo 5.º	Acordo de financiamento no âmbito das normas e condições	77	89	228	ue/regulamentos/2014/32014R0964.md
32014R0964	Artigo 6.º	Empréstimo com partilha de riscos	91	95	135	ue/regulamentos/2014/32014R0964.md
32014R0964	Artigo 7.º	Garantia máxima de carteira	97	101	132	ue/regulamentos/2014/32014R0964.md
32014R0964	Artigo 8.º	Empréstimo para renovação	103	111	231	ue/regulamentos/2014/32014R0964.md
32014R0964	Artigo 8.º-A	Instrumento de coinvestimento;	113	117	138	ue/regulamentos/2014/32014R0964.md
32014R0964	Artigo 8.º-B	Fundo de Desenvolvimento Urbano	119	125	212	ue/regulamentos/2014/32014R0964.md
32014R0964	Artigo 9.º		127	131	64	ue/regulamentos/2014/32014R0964.md
32014R0964	ANEXO I	Índice anotado de um acordo de financiamento entre uma autoridade de gestão e um intermediário financeiro	133	371	3360	ue/regulamentos/2014/32014R0964.md
32014R0964	ANEXO II	Empréstimos para PME baseados num modelo de carteira de empréstimos com partilha de riscos (empréstimos com partilha de riscos)	373	395	6465	ue/regulamentos/2014/32014R0964.md
32014R0964	ANEXO III	Garantia máxima de carteira para PME (garantia máxima)	397	423	6610	ue/regulamentos/2014/32014R0964.md
32014R0964	ANEXO IV	Empréstimo no domínio da eficiência energética e das energias renováveis no setor da construção habitacional (empréstimo para a renovação)	425	449	7140	ue/regulamentos/2014/32014R0964.md
32014R0964	ANEXO V		451	476	6461	ue/regulamentos/2014/32014R0964.md
32014R0964	ANEXO VI		478	507	8788	ue/regulamentos/2014/32014R0964.md
32014R0966	Preâmbulo		18	46	850	ue/regulamentos/2014/32014R0966.md
32014R0966	Artigo 1.º		50	52	30	ue/regulamentos/2014/32014R0966.md
32014R0966	Artigo 2.º		54	72	172	ue/regulamentos/2014/32014R0966.md
32014R0966	ANEXO		74	79	59	ue/regulamentos/2014/32014R0966.md
32014R0967	Preâmbulo		18	48	693	ue/regulamentos/2014/32014R0967.md
32014R0967	Artigo 1.º		52	54	30	ue/regulamentos/2014/32014R0967.md
32014R0967	Artigo 2.º		56	74	174	ue/regulamentos/2014/32014R0967.md
32014R0967	ANEXO		76	82	155	ue/regulamentos/2014/32014R0967.md
32014R0968	Preâmbulo		18	36	483	ue/regulamentos/2014/32014R0968.md
32014R0968	Artigo 1.º		40	70	299	ue/regulamentos/2014/32014R0968.md
32014R0968	Artigo 2.º		72	90	206	ue/regulamentos/2014/32014R0968.md
32014R0969	Preâmbulo		18	54	1442	ue/regulamentos/2014/32014R0969.md
32014R0969	Artigo 1.º		58	60	31	ue/regulamentos/2014/32014R0969.md
32014R0969	Artigo 2.º		62	80	198	ue/regulamentos/2014/32014R0969.md
32014R0969	ANEXO		82	88	157	ue/regulamentos/2014/32014R0969.md
32014R0972	Preâmbulo		18	38	456	ue/regulamentos/2014/32014R0972.md
32014R0972	Artigo 1.º		42	44	48	ue/regulamentos/2014/32014R0972.md
32014R0972	Artigo 2.º		46	48	81	ue/regulamentos/2014/32014R0972.md
32014R0972	Artigo 3.º		50	68	142	ue/regulamentos/2014/32014R0972.md
32014R0972	ANEXO		70	75	466	ue/regulamentos/2014/32014R0972.md
32014R0973	Preâmbulo		22	42	450	ue/regulamentos/2014/32014R0973.md
32014R0973	Artigo 1.º		46	48	48	ue/regulamentos/2014/32014R0973.md
32014R0973	Artigo 2.º		50	52	81	ue/regulamentos/2014/32014R0973.md
32014R0973	Artigo 3.º		54	72	142	ue/regulamentos/2014/32014R0973.md
32014R0973	ANEXO		74	79	476	ue/regulamentos/2014/32014R0973.md
32014R0974	Preâmbulo		18	42	496	ue/regulamentos/2014/32014R0974.md
32014R0974	Artigo 1.º		46	48	92	ue/regulamentos/2014/32014R0974.md
32014R0974	Artigo 2.º		50	70	241	ue/regulamentos/2014/32014R0974.md
32014R0974	ANEXO	MÉTODO REFRATOMÉTRICO DE MEDIDA DO RESÍDUO SECO SOLÚVEL NOS PRODUTOS TRANSFORMADOS À BASE DE FRUTAS E PRODUTOS HORTÍCOLAS	72	223	1889	ue/regulamentos/2014/32014R0974.md
32014R0975	Preâmbulo		18	40	456	ue/regulamentos/2014/32014R0975.md
32014R0975	Artigo 1.º		44	69	544	ue/regulamentos/2014/32014R0975.md
32014R0975	Artigo 2.º		71	89	183	ue/regulamentos/2014/32014R0975.md
32014R0976	Preâmbulo		18	189	6052	ue/regulamentos/2014/32014R0976.md
32014R0976	Artigo 1.º		193	209	498	ue/regulamentos/2014/32014R0976.md
32014R0976	Artigo 2.º		211	213	150	ue/regulamentos/2014/32014R0976.md
32014R0976	Artigo 3.º		215	217	47	ue/regulamentos/2014/32014R0976.md
32014R0976	Artigo 4.º		219	253	889	ue/regulamentos/2014/32014R0976.md
32014R0978	Preâmbulo		18	44	800	ue/regulamentos/2014/32014R0978.md
32014R0978	Artigo 1.º		48	50	29	ue/regulamentos/2014/32014R0978.md
32014R0978	Artigo 2.º		52	74	338	ue/regulamentos/2014/32014R0978.md
32014R0978	ANEXO	«ANEXO	76	80	145	ue/regulamentos/2014/32014R0978.md
32014R0991	Preâmbulo		18	50	1200	ue/regulamentos/2014/32014R0991.md
32014R0991	Artigo 1.º		54	56	31	ue/regulamentos/2014/32014R0991.md
32014R0991	Artigo 2.º		58	76	229	ue/regulamentos/2014/32014R0991.md
32014R0991	ANEXO		78	602	5560	ue/regulamentos/2014/32014R0991.md
32014R0992	Preâmbulo		18	40	689	ue/regulamentos/2014/32014R0992.md
32014R0992	Artigo 1.º	Revogação do Regulamento Delegado (UE) n.º 950/2014	44	50	276	ue/regulamentos/2014/32014R0992.md
32014R0992	Artigo 2.º	Entrada em vigor e aplicação	52	68	165	ue/regulamentos/2014/32014R0992.md
32014R1003	Preâmbulo		18	46	1086	ue/regulamentos/2014/32014R1003.md
32014R1003	Artigo 1.º		50	52	31	ue/regulamentos/2014/32014R1003.md
32014R1003	Artigo 2.º		54	58	105	ue/regulamentos/2014/32014R1003.md
32014R1003	Artigo 3.º		60	92	467	ue/regulamentos/2014/32014R1003.md
32014R1003	ANEXO		94	107	393	ue/regulamentos/2014/32014R1003.md
32014R1004	Preâmbulo		18	58	1391	ue/regulamentos/2014/32014R1004.md
32014R1004	Artigo 1.º		62	64	31	ue/regulamentos/2014/32014R1004.md
32014R1004	Artigo 2.º		66	70	72	ue/regulamentos/2014/32014R1004.md
32014R1004	Artigo 3.º		72	100	310	ue/regulamentos/2014/32014R1004.md
32014R1004	ANEXO		102	120	670	ue/regulamentos/2014/32014R1004.md
32014R1011	Artigo 1.º	Formato para a notificação de um grande projeto selecionado	36	38	87	ue/regulamentos/2014/32014R1011.md
32014R1011	Artigo 2.º	Modelo para a apresentação de dados financeiros	40	42	74	ue/regulamentos/2014/32014R1011.md
32014R1011	Artigo 3.º	Modelo para a descrição das funções e dos procedimentos em vigor da autoridade de gestão e da autoridade de certificação	44	48	132	ue/regulamentos/2014/32014R1011.md
32014R1011	Artigo 4.º	Modelo de relatório do organismo de auditoria independente	50	54	112	ue/regulamentos/2014/32014R1011.md
32014R1011	Artigo 5.º	Modelo de parecer do organismo de auditoria independente	56	60	102	ue/regulamentos/2014/32014R1011.md
32014R1011	Artigo 6.º	Modelo de pedido de pagamento, incluindo as informações adicionais relativas aos instrumentos financeiros	62	64	106	ue/regulamentos/2014/32014R1011.md
32014R1011	Artigo 7.º	Modelo para a apresentação de contas	66	68	61	ue/regulamentos/2014/32014R1011.md
32014R1011	Artigo 8.º	Definição e âmbito dos sistemas eletrónicos de intercâmbio de dados	72	78	353	ue/regulamentos/2014/32014R1011.md
32014R1011	Artigo 9.º	Características dos sistemas eletrónicos de intercâmbio de dados	80	102	486	ue/regulamentos/2014/32014R1011.md
32014R1011	Artigo 10.º	Envio de documentos e dados através dos sistemas eletrónicos de intercâmbio de dados	104	128	925	ue/regulamentos/2014/32014R1011.md
32014R1011	Artigo 11.º		130	134	64	ue/regulamentos/2014/32014R1011.md
32014R1011	ANEXO I	Formato para a notificação de um grande projeto selecionado	136	650	9208	ue/regulamentos/2014/32014R1011.md
32014R1011	ANEXO II	Modelo para a apresentação de dados financeiros ([^14])	652	726	2594	ue/regulamentos/2014/32014R1011.md
32014R1011	ANEXO III	Modelo para a descrição das funções e dos procedimentos em vigor da autoridade de gestão e da autoridade de certificação	728	886	4704	ue/regulamentos/2014/32014R1011.md
32014R1011	ANEXO IV	Modelo de relatório do organismo de auditoria independente, em conformidade com o artigo 124.º, n.º 2, do Regulamento (UE) n.º 1303/2013	888	951	2150	ue/regulamentos/2014/32014R1011.md
32014R1011	ANEXO V	Modelo de parecer do organismo de auditoria independente sobre o cumprimento, por parte da autoridade de gestão e da autoridade de certificação, dos critérios d	953	999	1050	ue/regulamentos/2014/32014R1011.md
32014R1011	ANEXO VI	Modelo para o pedido de pagamento, incluindo as informações adicionais relativas aos instrumentos financeiros	1001	1112	2107	ue/regulamentos/2014/32014R1011.md
32014R1011	APÊNDICE 1	Informações sobre as contribuições do programa pagas aos instrumentos financeiros, como referido no artigo 41.º o Regulamento (UE) n.º 1303/2013, e incluídas no	1114	1162	1624	ue/regulamentos/2014/32014R1011.md
32014R1011	APÊNDICE 2	Adiantamentos pagos no âmbito de auxílios estatais (artigo 131.º, n.º 5, do Regulamento (UE) n.º 1303/2013) e incluídos nos pedidos de pagamento (cumulativos de	1164	1210	1447	ue/regulamentos/2014/32014R1011.md
32014R1011	ANEXO VII	Modelo para a apresentação de contas	1212	1244	525	ue/regulamentos/2014/32014R1011.md
32014R1011	APÊNDICE 1		1246	1291	1216	ue/regulamentos/2014/32014R1011.md
32014R1011	APÊNDICE 2		1293	1354	1793	ue/regulamentos/2014/32014R1011.md
32014R1011	APÊNDICE 3		1356	1414	1259	ue/regulamentos/2014/32014R1011.md
32014R1011	APÊNDICE 4		1416	1474	1248	ue/regulamentos/2014/32014R1011.md
32014R1011	APÊNDICE 5		1476	1525	1108	ue/regulamentos/2014/32014R1011.md
32014R1011	APÊNDICE 6		1527	1578	1566	ue/regulamentos/2014/32014R1011.md
32014R1011	APÊNDICE 7		1580	1629	1458	ue/regulamentos/2014/32014R1011.md
32014R1011	APÊNDICE 8		1631	1740	3820	ue/regulamentos/2014/32014R1011.md
32014R1013	Preâmbulo		18	38	310	ue/regulamentos/2014/32014R1013.md
32014R1013	Artigo 1.º		42	44	29	ue/regulamentos/2014/32014R1013.md
32014R1013	Artigo 2.º		46	60	89	ue/regulamentos/2014/32014R1013.md
32014R1013	ANEXO		62	75	477	ue/regulamentos/2014/32014R1013.md
32014R1014	Artigo 1.º	Conteúdo e estrutura do sistema de acompanhamento e avaliação	57	75	467	ue/regulamentos/2014/32014R1014.md
32014R1014	Artigo 2.º	Lista de indicadores comuns	77	79	45	ue/regulamentos/2014/32014R1014.md
32014R1014	Artigo 3.º		81	85	62	ue/regulamentos/2014/32014R1014.md
32014R1014	ANEXO	INDICADORES COMUNS A UTILIZAR NO SISTEMA COMUM DE ACOMPANHAMENTO E AVALIAÇÃO	87	473	3714	ue/regulamentos/2014/32014R1014.md
32014R1015	Preâmbulo		18	48	1282	ue/regulamentos/2014/32014R1015.md
32014R1015	Artigo 1.º	Alterações do Regulamento (UE) n.º 978/2012	52	92	199	ue/regulamentos/2014/32014R1015.md
32014R1015	Artigo 2.º	Revogação	94	98	72	ue/regulamentos/2014/32014R1015.md
32014R1015	Artigo 3.º	Entrada em vigor e aplicação	100	124	302	ue/regulamentos/2014/32014R1015.md
32014R1016	Preâmbulo		18	46	1215	ue/regulamentos/2014/32014R1016.md
32014R1016	Artigo 1.º	Alteração do Regulamento (UE) n.º 978/2012	50	76	134	ue/regulamentos/2014/32014R1016.md
32014R1016	Artigo 2.º	Entrada em vigor e aplicação	78	100	303	ue/regulamentos/2014/32014R1016.md
32014R1020	Preâmbulo		18	32	222	ue/regulamentos/2014/32014R1020.md
32014R1020	Artigo 1.º		36	40	69	ue/regulamentos/2014/32014R1020.md
32014R1020	Artigo 2.º		42	62	189	ue/regulamentos/2014/32014R1020.md
32014R1022	Preâmbulo		18	34	332	ue/regulamentos/2014/32014R1022.md
32014R1022	Artigo 1.º		38	40	31	ue/regulamentos/2014/32014R1022.md
32014R1022	Artigo 2.º		42	58	163	ue/regulamentos/2014/32014R1022.md
32014R1022	ANEXO		60	80	672	ue/regulamentos/2014/32014R1022.md
32014R1031	Artigo 1.º	Objeto e âmbito de aplicação	36	98	581	ue/regulamentos/2014/32014R1031.md
32014R1031	Artigo 2.º	Atribuição de quantidades máximas aos Estados-Membros	100	134	636	ue/regulamentos/2014/32014R1031.md
32014R1031	Artigo 3.º	Atribuição das quantidades aos produtores	136	140	156	ue/regulamentos/2014/32014R1031.md
32014R1031	Artigo 4.º	Assistência financeira para retiradas efetuadas por organizações de produtores	142	160	738	ue/regulamentos/2014/32014R1031.md
32014R1031	Artigo 5.º	Assistência financeira para retiradas efetuadas por produtores não-membros de organizações de produtores	162	192	966	ue/regulamentos/2014/32014R1031.md
32014R1031	Artigo 6.º	Assistência financeira às organizações de produtores por não-colheita e colheita em verde	194	210	872	ue/regulamentos/2014/32014R1031.md
32014R1031	Artigo 7.º	Assistência financeira a produtores não-membros de organizações de produtores por não-colheita e colheita em verde	212	232	556	ue/regulamentos/2014/32014R1031.md
32014R1031	Artigo 8.º	Controlos das operações de retirada, de não-colheita e de colheita em verde	234	246	469	ue/regulamentos/2014/32014R1031.md
32014R1031	Artigo 9.º	Requerimento e pagamento da assistência financeira da União	248	260	498	ue/regulamentos/2014/32014R1031.md
32014R1031	Artigo 10.º	Comunicações	262	282	395	ue/regulamentos/2014/32014R1031.md
32014R1031	Artigo 11.º	Pagamento da assistência financeira da União	284	298	154	ue/regulamentos/2014/32014R1031.md
32014R1031	Artigo 12.º	Entrada em vigor	300	304	64	ue/regulamentos/2014/32014R1031.md
32014R1031	ANEXO I		306	330	206	ue/regulamentos/2014/32014R1031.md
32014R1031	ANEXO I-A	Quantidades máximas de produtos atribuídas por Estado-Membro, em conformidade com o artigo 2.º, n.º 1, alínea b)	332	349	190	ue/regulamentos/2014/32014R1031.md
32014R1031	ANEXO I-B		351	375	265	ue/regulamentos/2014/32014R1031.md
32014R1031	ANEXO II	Montantes máximos de apoio para as retiradas do mercado de produtos que não constam do anexo XI do Regulamento de Execução (UE) n.º 543/2011, a que se referem o	377	393	164	ue/regulamentos/2014/32014R1031.md
32014R1031	ANEXO III		395	509	1503	ue/regulamentos/2014/32014R1031.md
32014R1031	ANEXO IV		511	572	519	ue/regulamentos/2014/32014R1031.md
32014R1034	Preâmbulo		18	38	456	ue/regulamentos/2014/32014R1034.md
32014R1034	Artigo 1.º		42	44	48	ue/regulamentos/2014/32014R1034.md
32014R1034	Artigo 2.º		46	48	81	ue/regulamentos/2014/32014R1034.md
32014R1034	Artigo 3.º		50	68	149	ue/regulamentos/2014/32014R1034.md
32014R1034	ANEXO		70	75	545	ue/regulamentos/2014/32014R1034.md
32014R1035	Preâmbulo		18	38	456	ue/regulamentos/2014/32014R1035.md
32014R1035	Artigo 1.º		42	44	48	ue/regulamentos/2014/32014R1035.md
32014R1035	Artigo 2.º		46	48	81	ue/regulamentos/2014/32014R1035.md
32014R1035	Artigo 3.º		50	68	149	ue/regulamentos/2014/32014R1035.md
32014R1035	ANEXO		70	82	623	ue/regulamentos/2014/32014R1035.md
32014R1036	Preâmbulo		18	38	456	ue/regulamentos/2014/32014R1036.md
32014R1036	Artigo 1.º		42	44	48	ue/regulamentos/2014/32014R1036.md
32014R1036	Artigo 2.º		46	48	81	ue/regulamentos/2014/32014R1036.md
32014R1036	Artigo 3.º		50	68	149	ue/regulamentos/2014/32014R1036.md
32014R1036	ANEXO		70	75	742	ue/regulamentos/2014/32014R1036.md
32014R1037	Preâmbulo		18	38	456	ue/regulamentos/2014/32014R1037.md
32014R1037	Artigo 1.º		42	44	48	ue/regulamentos/2014/32014R1037.md
32014R1037	Artigo 2.º		46	48	81	ue/regulamentos/2014/32014R1037.md
32014R1037	Artigo 3.º		50	68	149	ue/regulamentos/2014/32014R1037.md
32014R1037	ANEXO		70	86	1947	ue/regulamentos/2014/32014R1037.md
32014R1038	Preâmbulo		18	38	458	ue/regulamentos/2014/32014R1038.md
32014R1038	Artigo 1.º		42	44	49	ue/regulamentos/2014/32014R1038.md
32014R1038	Artigo 2.º		46	48	81	ue/regulamentos/2014/32014R1038.md
32014R1038	Artigo 3.º		50	68	149	ue/regulamentos/2014/32014R1038.md
32014R1038	ANEXO		70	96	1979	ue/regulamentos/2014/32014R1038.md
32014R1040	Preâmbulo		18	34	325	ue/regulamentos/2014/32014R1040.md
32014R1040	Artigo 1.º		38	43	53	ue/regulamentos/2014/32014R1040.md
32014R1040	Artigo 2.º		45	59	96	ue/regulamentos/2014/32014R1040.md
32014R1042	Artigo 1.º	Definições	36	46	240	ue/regulamentos/2014/32014R1042.md
32014R1042	Artigo 2.º	Critérios e procedimento de designação da autoridade responsável	52	78	568	ue/regulamentos/2014/32014R1042.md
32014R1042	Artigo 3.º	Supervisão da autoridade responsável e revisão da designação	80	92	550	ue/regulamentos/2014/32014R1042.md
32014R1042	Artigo 4.º	Funções da autoridade responsável	96	140	1166	ue/regulamentos/2014/32014R1042.md
32014R1042	Artigo 5.º	Autoridade delegada	142	176	660	ue/regulamentos/2014/32014R1042.md
32014R1042	Artigo 6.º	Externalização de funções	178	182	93	ue/regulamentos/2014/32014R1042.md
32014R1042	Artigo 7.º	Papel da autoridade responsável como entidade adjudicante	186	206	483	ue/regulamentos/2014/32014R1042.md
32014R1042	Artigo 8.º	Condições de atuação da autoridade responsável como organismo de execução	208	222	412	ue/regulamentos/2014/32014R1042.md
32014R1042	Artigo 9.º	Procedimento de seleção e adjudicação	224	250	532	ue/regulamentos/2014/32014R1042.md
32014R1042	Artigo 10.º	Documentos que formalizam as subvenções nos casos em que a autoridade responsável atua como entidade adjudicante	252	292	666	ue/regulamentos/2014/32014R1042.md
32014R1042	Artigo 11.º	Documentos que formalizam as subvenções nos casos em que a autoridade responsável atua como organismo de execução	294	332	626	ue/regulamentos/2014/32014R1042.md
32014R1042	Artigo 12.º	Estatuto da autoridade de auditoria	336	340	170	ue/regulamentos/2014/32014R1042.md
32014R1042	Artigo 13.º	Externalização do trabalho de auditoria	342	348	136	ue/regulamentos/2014/32014R1042.md
32014R1042	Artigo 14.º	Auditorias	350	416	2586	ue/regulamentos/2014/32014R1042.md
32014R1042	Artigo 15.º	Entrada em vigor	420	424	73	ue/regulamentos/2014/32014R1042.md
32014R1042	ANEXO	Critérios para a designação da autoridade responsável	426	564	2384	ue/regulamentos/2014/32014R1042.md
32014R1042	ANEXO 2		566	747	5007	ue/regulamentos/2014/32014R1042.md
32014R1044	Preâmbulo		18	50	1358	ue/regulamentos/2014/32014R1044.md
32014R1044	Artigo 1.º		54	74	599	ue/regulamentos/2014/32014R1044.md
32014R1044	Artigo 2.º		76	92	197	ue/regulamentos/2014/32014R1044.md
32014R1044	ANEXO		94	282	1342	ue/regulamentos/2014/32014R1044.md
32014R1046	Preâmbulo		22	54	1426	ue/regulamentos/2014/32014R1046.md
32014R1046	Artigo 1.º		58	60	124	ue/regulamentos/2014/32014R1046.md
32014R1046	Artigo 2.º		62	80	394	ue/regulamentos/2014/32014R1046.md
32014R1046	Artigo 3.º		82	88	117	ue/regulamentos/2014/32014R1046.md
32014R1046	Artigo 4.º		90	112	552	ue/regulamentos/2014/32014R1046.md
32014R1048	Preâmbulo		18	40	564	ue/regulamentos/2014/32014R1048.md
32014R1048	Artigo 1.º	Responsabilidades do Estado-Membro relativamente a medidas de informação e de publicidade destinadas ao público	44	56	362	ue/regulamentos/2014/32014R1048.md
32014R1048	Artigo 2.º	Responsabilidades dos beneficiários relativamente a medidas de informação e de publicidade destinadas ao público	58	72	350	ue/regulamentos/2014/32014R1048.md
32014R1048	Artigo 3.º	Responsabilidade de o Estado-Membro informar os beneficiários potenciais	74	88	236	ue/regulamentos/2014/32014R1048.md
32014R1048	Artigo 4.º	Responsabilidade de o Estado-Membro informar os beneficiários	90	92	80	ue/regulamentos/2014/32014R1048.md
32014R1048	Artigo 5.º		94	110	224	ue/regulamentos/2014/32014R1048.md
32014R1049	Preâmbulo		18	40	471	ue/regulamentos/2014/32014R1049.md
32014R1049	Artigo 1.º	Características técnicas das ações de informação e publicidade do projeto	44	54	162	ue/regulamentos/2014/32014R1049.md
32014R1049	Artigo 2.º		56	70	94	ue/regulamentos/2014/32014R1049.md
32014R1049	ANEXO	INSTRUÇÕES PARA A CRIAÇÃO DO EMBLEMA E A DEFINIÇÃO DAS CORES NORMALIZADAS DESCRIÇÃO SIMBÓLICA	72	140	837	ue/regulamentos/2014/32014R1049.md
32014R1051	Preâmbulo		18	32	203	ue/regulamentos/2014/32014R1051.md
32014R1051	Artigo 1.º		36	40	75	ue/regulamentos/2014/32014R1051.md
32014R1051	Artigo 2.º		42	62	189	ue/regulamentos/2014/32014R1051.md
32014R1052	Preâmbulo		18	32	203	ue/regulamentos/2014/32014R1052.md
32014R1052	Artigo 1.º		36	40	72	ue/regulamentos/2014/32014R1052.md
32014R1052	Artigo 2.º		42	62	189	ue/regulamentos/2014/32014R1052.md
32014R1057	Preâmbulo		22	38	240	ue/regulamentos/2014/32014R1057.md
32014R1057	Artigo 1.º		42	44	32	ue/regulamentos/2014/32014R1057.md
32014R1057	Artigo 2.º		46	60	88	ue/regulamentos/2014/32014R1057.md
32014R1057	ANEXO		62	127	11142	ue/regulamentos/2014/32014R1057.md
32014R1058	Preâmbulo		18	36	312	ue/regulamentos/2014/32014R1058.md
32014R1058	Artigo 1.º		40	42	31	ue/regulamentos/2014/32014R1058.md
32014R1058	Artigo 2.º		44	58	102	ue/regulamentos/2014/32014R1058.md
32014R1058	ANEXO		60	102	2231	ue/regulamentos/2014/32014R1058.md
32014R1062	Artigo 1.º	Objeto	41	43	58	ue/regulamentos/2014/32014R1062.md
32014R1062	Artigo 2.º	Definições	45	63	388	ue/regulamentos/2014/32014R1062.md
32014R1062	Artigo 3.º	Pedido de aprovação ou de inclusão no anexo I do Regulamento (UE) n.º 528/2012	67	73	164	ue/regulamentos/2014/32014R1062.md
32014R1062	Artigo 4.º	Aceitação dos pedidos	75	83	282	ue/regulamentos/2014/32014R1062.md
32014R1062	Artigo 5.º	Validação dos pedidos de aprovação ou de inclusão na categoria 6 do anexo I do Regulamento (UE) n.º 528/2012	85	99	506	ue/regulamentos/2014/32014R1062.md
32014R1062	Artigo 6.º	Avaliação dos pedidos	101	137	1058	ue/regulamentos/2014/32014R1062.md
32014R1062	Artigo 6.º-A	Pedidos para os quais a autoridade competente do Reino Unido era a autoridade competente de avaliação antes de 30 de março de 2019	139	151	333	ue/regulamentos/2014/32014R1062.md
32014R1062	Artigo 7.º	Parecer da Agência	153	169	325	ue/regulamentos/2014/32014R1062.md
32014R1062	Artigo 8.º	Substâncias ativas candidatas a substituição	171	177	278	ue/regulamentos/2014/32014R1062.md
32014R1062	Artigo 9.º	Decisão da Comissão	179	181	76	ue/regulamentos/2014/32014R1062.md
32014R1062	Artigo 10.º	Adesão ou substituição de participantes por acordo mútuo	185	193	283	ue/regulamentos/2014/32014R1062.md
32014R1062	Artigo 11.º	Retirada de participantes	195	209	237	ue/regulamentos/2014/32014R1062.md
32014R1062	Artigo 12.º	Consequências de uma retirada atempada	211	217	182	ue/regulamentos/2014/32014R1062.md
32014R1062	Artigo 13.º	Redefinição de substâncias ativas	219	223	120	ue/regulamentos/2014/32014R1062.md
32014R1062	Artigo 14.º	Assunção das funções de participante	225	237	222	ue/regulamentos/2014/32014R1062.md
32014R1062	Artigo 15.º	Combinações substância/tipo de produto elegíveis para inclusão no programa de análise	239	247	469	ue/regulamentos/2014/32014R1062.md
32014R1062	Artigo 16.º	Declaração de interesse para notificar	249	273	652	ue/regulamentos/2014/32014R1062.md
32014R1062	Artigo 17.º	Procedimento de notificação	275	301	524	ue/regulamentos/2014/32014R1062.md
32014R1062	Artigo 18.º	Inclusão no programa de análise	303	305	86	ue/regulamentos/2014/32014R1062.md
32014R1062	Artigo 19.º	Informações sobre substâncias que deixaram de ser apoiadas no âmbito do programa de análise	307	309	116	ue/regulamentos/2014/32014R1062.md
32014R1062	Artigo 20.º	Decisões da Comissão sobre substâncias que deixaram de ser apoiadas no âmbito do programa de análise	311	325	318	ue/regulamentos/2014/32014R1062.md
32014R1062	Artigo 21.º	Medidas transitórias para as substâncias a que se refere o artigo 15.º	329	355	575	ue/regulamentos/2014/32014R1062.md
32014R1062	Artigo 22.º	Utilizações essenciais	357	373	536	ue/regulamentos/2014/32014R1062.md
32014R1062	Artigo 23.º	Revogação	377	381	46	ue/regulamentos/2014/32014R1062.md
32014R1062	Artigo 24.º	Entrada em vigor	383	387	69	ue/regulamentos/2014/32014R1062.md
32014R1062	ANEXO I	Informação necessária para as notificações a efetuar nos termos do artigo 17.º	389	407	310	ue/regulamentos/2014/32014R1062.md
32014R1062	ANEXO II	COMBINAÇÕES SUBSTÂNCIA/TIPO DE PRODUTO INCLUÍDAS NO PROGRAMA DE ANÁLISE EM 17 DE MARÇO DE 2022	409	554	5410	ue/regulamentos/2014/32014R1062.md
32014R1062	ANEXO III	Datas-limite	556	569	352	ue/regulamentos/2014/32014R1062.md
32014R1069	Preâmbulo		18	38	779	ue/regulamentos/2014/32014R1069.md
32014R1069	Artigo 1.º		42	46	112	ue/regulamentos/2014/32014R1069.md
32014R1069	Artigo 2.º		48	64	109	ue/regulamentos/2014/32014R1069.md
32014R1069	ANEXO	Comunidades Autónomas de Espanha referidas no artigo 1.º	66	86	51	ue/regulamentos/2014/32014R1069.md
32014R1071	Artigo 1.º		78	144	1078	ue/regulamentos/2014/32014R1071.md
32014R1071	Artigo 2.º		146	148	70	ue/regulamentos/2014/32014R1071.md
32014R1071	Artigo 3.º		150	162	158	ue/regulamentos/2014/32014R1071.md
32014R1071	Artigo 4.º		164	166	24	ue/regulamentos/2014/32014R1071.md
32014R1071	Artigo 5.º		168	182	438	ue/regulamentos/2014/32014R1071.md
32014R1078	Artigo 1.º		72	74	31	ue/regulamentos/2014/32014R1078.md
32014R1078	Artigo 2.º		76	82	82	ue/regulamentos/2014/32014R1078.md
32014R1078	ANEXO		84	167	1559	ue/regulamentos/2014/32014R1078.md
32014R1079	Preâmbulo		18	42	685	ue/regulamentos/2014/32014R1079.md
32014R1079	Artigo 1.º		46	48	110	ue/regulamentos/2014/32014R1079.md
32014R1079	Artigo 2.º		50	68	173	ue/regulamentos/2014/32014R1079.md
32014R1084	Preâmbulo		18	44	834	ue/regulamentos/2014/32014R1084.md
32014R1084	Artigo 1.º		48	50	31	ue/regulamentos/2014/32014R1084.md
32014R1084	Artigo 2.º		52	68	162	ue/regulamentos/2014/32014R1084.md
32014R1084	ANEXO		70	75	94	ue/regulamentos/2014/32014R1084.md
32014R1089	Preâmbulo		18	38	736	ue/regulamentos/2014/32014R1089.md
32014R1089	Artigo 1.º		42	46	35	ue/regulamentos/2014/32014R1089.md
32014R1089	«Artigo 1.º		48	54	135	ue/regulamentos/2014/32014R1089.md
32014R1089	Artigo 2.º		56	82	551	ue/regulamentos/2014/32014R1089.md
32014R1089	ANEXO	«ANEXO	84	96	298	ue/regulamentos/2014/32014R1089.md
32014R1090	Preâmbulo		18	46	606	ue/regulamentos/2014/32014R1090.md
32014R1090	Artigo 1.º		50	52	43	ue/regulamentos/2014/32014R1090.md
32014R1090	Artigo 2.º		54	72	218	ue/regulamentos/2014/32014R1090.md
32014R1090	ANEXO		74	83	1448	ue/regulamentos/2014/32014R1090.md
32014R1091	Preâmbulo		22	50	553	ue/regulamentos/2014/32014R1091.md
32014R1091	Artigo 1.º		54	56	42	ue/regulamentos/2014/32014R1091.md
32014R1091	Artigo 2.º		58	74	140	ue/regulamentos/2014/32014R1091.md
32014R1091	ANEXO		76	88	1031	ue/regulamentos/2014/32014R1091.md
32014R1092	Preâmbulo		18	48	968	ue/regulamentos/2014/32014R1092.md
32014R1092	Artigo 1.º		52	54	31	ue/regulamentos/2014/32014R1092.md
32014R1092	Artigo 2.º		56	74	213	ue/regulamentos/2014/32014R1092.md
32014R1092	ANEXO		76	83	246	ue/regulamentos/2014/32014R1092.md
32014R1093	Preâmbulo		18	50	1158	ue/regulamentos/2014/32014R1093.md
32014R1093	Artigo 1.º		54	56	31	ue/regulamentos/2014/32014R1093.md
32014R1093	Artigo 2.º		58	80	302	ue/regulamentos/2014/32014R1093.md
32014R1093	ANEXO		82	112	330	ue/regulamentos/2014/32014R1093.md
32014R1096	Preâmbulo		22	48	776	ue/regulamentos/2014/32014R1096.md
32014R1096	Artigo 1.º		52	54	34	ue/regulamentos/2014/32014R1096.md
32014R1096	Artigo 2.º		56	58	54	ue/regulamentos/2014/32014R1096.md
32014R1096	Artigo 3.º		60	78	360	ue/regulamentos/2014/32014R1096.md
32014R1096	ANEXO		80	1305	14675	ue/regulamentos/2014/32014R1096.md
32014R1097	Preâmbulo		18	36	488	ue/regulamentos/2014/32014R1097.md
32014R1097	Artigo 1.º		40	46	38	ue/regulamentos/2014/32014R1097.md
32014R1097	Artigo 1.º-A		50	62	262	ue/regulamentos/2014/32014R1097.md
32014R1097	«Artigo 8.º		64	72	296	ue/regulamentos/2014/32014R1097.md
32014R1097	Artigo 2.º		74	98	424	ue/regulamentos/2014/32014R1097.md
32014R1098	Preâmbulo		18	44	705	ue/regulamentos/2014/32014R1098.md
32014R1098	Artigo 1.º		48	50	34	ue/regulamentos/2014/32014R1098.md
32014R1098	Artigo 2.º		52	76	149	ue/regulamentos/2014/32014R1098.md
32014R1098	ANEXO		78	136	479	ue/regulamentos/2014/32014R1098.md
32014R1101	Preâmbulo		18	38	409	ue/regulamentos/2014/32014R1101.md
32014R1101	Artigo 1.º		42	44	27	ue/regulamentos/2014/32014R1101.md
32014R1101	Artigo 2.º		46	60	82	ue/regulamentos/2014/32014R1101.md
32014R1101	ANEXO I	NOMENCLATURA COMBINADA	62	33077	520111	ue/regulamentos/2014/32014R1101.md
32014R1104	Preâmbulo		18	34	244	ue/regulamentos/2014/32014R1104.md
32014R1104	Artigo 1.º		38	40	29	ue/regulamentos/2014/32014R1104.md
32014R1104	Artigo 2.º		42	56	90	ue/regulamentos/2014/32014R1104.md
32014R1104	ANEXO		58	70	730	ue/regulamentos/2014/32014R1104.md
32014R1105	Artigo 1.º		54	56	29	ue/regulamentos/2014/32014R1105.md
32014R1105	Artigo 2.º		58	62	59	ue/regulamentos/2014/32014R1105.md
32014R1105	ANEXO		64	116	2279	ue/regulamentos/2014/32014R1105.md
32014R1112	Artigo 1.º	Objeto e âmbito de aplicação	36	42	107	ue/regulamentos/2014/32014R1112.md
32014R1112	Artigo 2.º	Período de referência e data de entrega dos relatórios	44	50	218	ue/regulamentos/2014/32014R1112.md
32014R1112	Artigo 3.º	Elementos das informações a partilhar	52	54	46	ue/regulamentos/2014/32014R1112.md
32014R1112	Artigo 4.º	Entrada em vigor	56	62	70	ue/regulamentos/2014/32014R1112.md
32014R1112	ANEXO I		64	78	393	ue/regulamentos/2014/32014R1112.md
32014R1112	ANEXO II		80	88	140	ue/regulamentos/2014/32014R1112.md
32014R1113	Preâmbulo		18	34	358	ue/regulamentos/2014/32014R1113.md
32014R1113	Artigo 1.º		38	40	72	ue/regulamentos/2014/32014R1113.md
32014R1113	Artigo 2.º		42	44	23	ue/regulamentos/2014/32014R1113.md
32014R1113	Artigo 3.º		46	48	67	ue/regulamentos/2014/32014R1113.md
32014R1113	Artigo 4.º		50	74	420	ue/regulamentos/2014/32014R1113.md
32014R1113	ANEXO		76	1430	6043	ue/regulamentos/2014/32014R1113.md
32014R1115	Preâmbulo		18	40	613	ue/regulamentos/2014/32014R1115.md
32014R1115	Artigo 1.º		44	46	83	ue/regulamentos/2014/32014R1115.md
32014R1115	Artigo 2.º		48	64	107	ue/regulamentos/2014/32014R1115.md
32014R1115	ANEXO		66	76	618	ue/regulamentos/2014/32014R1115.md
32014R1117	Preâmbulo		18	42	780	ue/regulamentos/2014/32014R1117.md
32014R1117	Artigo 1.º		46	48	191	ue/regulamentos/2014/32014R1117.md
32014R1117	Artigo 2.º		50	68	277	ue/regulamentos/2014/32014R1117.md
32014R1118	Preâmbulo		18	38	476	ue/regulamentos/2014/32014R1118.md
32014R1118	Artigo 1.º		42	67	276	ue/regulamentos/2014/32014R1118.md
32014R1118	Artigo 2.º		69	87	218	ue/regulamentos/2014/32014R1118.md
32014R1119	Preâmbulo		18	48	1080	ue/regulamentos/2014/32014R1119.md
32014R1119	Artigo 1.º		52	54	31	ue/regulamentos/2014/32014R1119.md
32014R1119	Artigo 2.º		56	82	588	ue/regulamentos/2014/32014R1119.md
32014R1119	ANEXO		84	602	13542	ue/regulamentos/2014/32014R1119.md
32014R1125	Preâmbulo		18	42	1092	ue/regulamentos/2014/32014R1125.md
32014R1125	Artigo 1.º		46	52	97	ue/regulamentos/2014/32014R1125.md
32014R1125	Artigo 2.º		54	72	207	ue/regulamentos/2014/32014R1125.md
32014R1126	Preâmbulo		18	62	2321	ue/regulamentos/2014/32014R1126.md
32014R1126	Artigo 1.º		66	68	34	ue/regulamentos/2014/32014R1126.md
32014R1126	Artigo 2.º		70	72	54	ue/regulamentos/2014/32014R1126.md
32014R1126	Artigo 3.º		74	106	750	ue/regulamentos/2014/32014R1126.md
32014R1126	ANEXO		108	1668	19261	ue/regulamentos/2014/32014R1126.md
32014R1127	Preâmbulo		18	90	3967	ue/regulamentos/2014/32014R1127.md
32014R1127	Artigo 1.º		94	96	34	ue/regulamentos/2014/32014R1127.md
32014R1127	Artigo 2.º		98	106	128	ue/regulamentos/2014/32014R1127.md
32014R1127	Artigo 3.º		108	152	1384	ue/regulamentos/2014/32014R1127.md
32014R1127	ANEXO		154	1196	19799	ue/regulamentos/2014/32014R1127.md
32014R1130	Preâmbulo		18	44	922	ue/regulamentos/2014/32014R1130.md
32014R1130	Artigo 1.º		48	54	144	ue/regulamentos/2014/32014R1130.md
32014R1130	Artigo 2.º		56	58	51	ue/regulamentos/2014/32014R1130.md
32014R1130	Artigo 3.º		60	90	399	ue/regulamentos/2014/32014R1130.md
32014R1130	ANEXO	Contingente pautal isento de direitos para 2015 aplicável às importações para a União de certas mercadorias originárias da Noruega	92	97	140	ue/regulamentos/2014/32014R1130.md
32014R1135	Preâmbulo		18	46	1008	ue/regulamentos/2014/32014R1135.md
32014R1135	Artigo 1.º		50	54	94	ue/regulamentos/2014/32014R1135.md
32014R1135	Artigo 2.º		56	72	106	ue/regulamentos/2014/32014R1135.md
32014R1135	ANEXO	ALEGAÇÃO DE SAÚDE PERMITIDA	74	78	309	ue/regulamentos/2014/32014R1135.md
32014R1136	Preâmbulo		18	36	518	ue/regulamentos/2014/32014R1136.md
32014R1136	Artigo 1.º		40	46	266	ue/regulamentos/2014/32014R1136.md
32014R1136	Artigo 2.º		48	66	254	ue/regulamentos/2014/32014R1136.md
32014R1137	Preâmbulo		18	46	800	ue/regulamentos/2014/32014R1137.md
32014R1137	Artigo 1.º		50	57	195	ue/regulamentos/2014/32014R1137.md
32014R1137	Artigo 2.º		59	73	97	ue/regulamentos/2014/32014R1137.md
32014R1143	Artigo 1.º	Objeto	36	38	62	ue/regulamentos/2014/32014R1143.md
32014R1143	Artigo 2.º	Âmbito de aplicação	40	62	356	ue/regulamentos/2014/32014R1143.md
32014R1143	Artigo 3.º	Definições	64	100	1060	ue/regulamentos/2014/32014R1143.md
32014R1143	Artigo 4.º	Lista de espécies exóticas invasoras que suscitam preocupação na União	102	140	898	ue/regulamentos/2014/32014R1143.md
32014R1143	Artigo 5.º	Avaliação do risco	142	166	766	ue/regulamentos/2014/32014R1143.md
32014R1143	Artigo 6.º	Disposições aplicáveis às regiões ultraperiféricas	168	176	258	ue/regulamentos/2014/32014R1143.md
32014R1143	Artigo 7.º	Restrições	180	200	223	ue/regulamentos/2014/32014R1143.md
32014R1143	Artigo 8.º	Licenças	202	246	1241	ue/regulamentos/2014/32014R1143.md
32014R1143	Artigo 9.º	Autorizações	248	282	812	ue/regulamentos/2014/32014R1143.md
32014R1143	Artigo 10.º	Medidas de emergência	284	298	731	ue/regulamentos/2014/32014R1143.md
32014R1143	Artigo 11.º	Espécies exóticas invasoras que suscitam preocupação regional e espécies nativas da União	300	306	468	ue/regulamentos/2014/32014R1143.md
32014R1143	Artigo 12.º	Espécies exóticas invasoras que suscitam preocupação nos Estados-Membros	308	312	185	ue/regulamentos/2014/32014R1143.md
32014R1143	Artigo 13.º	Planos de ação relativos às vias de introdução de espécies exóticas invasoras	314	330	591	ue/regulamentos/2014/32014R1143.md
32014R1143	Artigo 14.º	Sistema de vigilância	334	346	396	ue/regulamentos/2014/32014R1143.md
32014R1143	Artigo 15.º	Controlos oficiais	348	382	1070	ue/regulamentos/2014/32014R1143.md
32014R1143	Artigo 16.º	Notificações de deteção precoce	384	392	231	ue/regulamentos/2014/32014R1143.md
32014R1143	Artigo 17.º	Erradicação rápida numa fase inicial de invasão	394	402	319	ue/regulamentos/2014/32014R1143.md
32014R1143	Artigo 18.º	Derrogações da obrigação de erradicação rápida	404	424	566	ue/regulamentos/2014/32014R1143.md
32014R1143	Artigo 19.º	Medidas de gestão	428	440	715	ue/regulamentos/2014/32014R1143.md
32014R1143	Artigo 20.º	Recuperação dos ecossistemas danificados	442	450	232	ue/regulamentos/2014/32014R1143.md
32014R1143	Artigo 21.º	Recuperação de custos	454	456	108	ue/regulamentos/2014/32014R1143.md
32014R1143	Artigo 22.º	Cooperação e coordenação	458	476	556	ue/regulamentos/2014/32014R1143.md
32014R1143	Artigo 23.º	Regras nacionais mais rigorosas	478	480	87	ue/regulamentos/2014/32014R1143.md
32014R1143	Artigo 24.º	Apresentação de relatórios e revisão	484	510	762	ue/regulamentos/2014/32014R1143.md
32014R1143	Artigo 25.º	Sistema de apoio à informação	512	522	298	ue/regulamentos/2014/32014R1143.md
32014R1143	Artigo 26.º	Participação do público	524	526	133	ue/regulamentos/2014/32014R1143.md
32014R1143	Artigo 27.º	Comité	528	534	130	ue/regulamentos/2014/32014R1143.md
32014R1143	Artigo 28.º	Fórum científico	536	538	113	ue/regulamentos/2014/32014R1143.md
32014R1143	Artigo 29.º	Exercício da delegação	540	550	428	ue/regulamentos/2014/32014R1143.md
32014R1143	Artigo 30.º	Sanções	552	566	182	ue/regulamentos/2014/32014R1143.md
32014R1143	Artigo 31.º	Disposições transitórias para proprietários não comerciais	568	580	380	ue/regulamentos/2014/32014R1143.md
32014R1143	Artigo 32.º	Disposições transitórias para unidades comerciais	582	588	380	ue/regulamentos/2014/32014R1143.md
32014R1143	Artigo 33.º	Entrada em vigor	590	600	258	ue/regulamentos/2014/32014R1143.md
32014R1144	Preâmbulo		18	86	4204	ue/regulamentos/2014/32014R1144.md
32014R1144	Artigo 1.º	Objeto	92	94	93	ue/regulamentos/2014/32014R1144.md
32014R1144	Artigo 2.º	Objetivos gerais e específicos das ações de informação e de promoção	96	110	270	ue/regulamentos/2014/32014R1144.md
32014R1144	Artigo 3.º	Descrição das ações de informação e de promoção	112	120	242	ue/regulamentos/2014/32014R1144.md
32014R1144	Artigo 4.º	Características das ações	122	140	562	ue/regulamentos/2014/32014R1144.md
32014R1144	Artigo 5.º	Produtos elegíveis e regimes	142	170	572	ue/regulamentos/2014/32014R1144.md
32014R1144	Artigo 6.º	Tipos de ações	176	192	239	ue/regulamentos/2014/32014R1144.md
32014R1144	Artigo 7.º	Entidades proponentes	194	206	442	ue/regulamentos/2014/32014R1144.md
32014R1144	Artigo 8.º	Programa anual de trabalho	208	212	356	ue/regulamentos/2014/32014R1144.md
32014R1144	Artigo 9.º	Ações da iniciativa da Comissão	214	224	268	ue/regulamentos/2014/32014R1144.md
32014R1144	Artigo 10.º	Proibição de duplo financiamento	226	228	54	ue/regulamentos/2014/32014R1144.md
32014R1144	Artigo 11.º	Seleção dos programas simples	232	236	162	ue/regulamentos/2014/32014R1144.md
32014R1144	Artigo 12.º	Informações sobre a seleção dos programas simples	238	246	153	ue/regulamentos/2014/32014R1144.md
32014R1144	Artigo 13.º	Organismos responsáveis pela execução dos programas simples	248	256	308	ue/regulamentos/2014/32014R1144.md
32014R1144	Artigo 14.º	Execução, acompanhamento e controlo dos programas simples	258	264	254	ue/regulamentos/2014/32014R1144.md
32014R1144	Artigo 15.º	Disposições financeiras relativas aos programas simples	266	284	531	ue/regulamentos/2014/32014R1144.md
32014R1144	Artigo 16.º	Formas de financiamento	288	296	121	ue/regulamentos/2014/32014R1144.md
32014R1144	Artigo 17.º	Avaliação dos programas multi	298	300	54	ue/regulamentos/2014/32014R1144.md
32014R1144	Artigo 18.º	Informações sobre a execução dos programas multi	302	304	63	ue/regulamentos/2014/32014R1144.md
32014R1144	Artigo 19.º	Disposições financeiras relativas aos programas multi	306	314	246	ue/regulamentos/2014/32014R1144.md
32014R1144	Artigo 20.º	Celebração de contratos relativos a ações da iniciativa da Comissão	316	318	92	ue/regulamentos/2014/32014R1144.md
32014R1144	Artigo 21.º	Proteção dos interesses financeiros da União	320	328	444	ue/regulamentos/2014/32014R1144.md
32014R1144	Artigo 22.º	Exercício da delegação	334	344	474	ue/regulamentos/2014/32014R1144.md
32014R1144	Artigo 23.º	Procedimento de comité	346	350	97	ue/regulamentos/2014/32014R1144.md
32014R1144	Artigo 24.º	Consulta	354	356	52	ue/regulamentos/2014/32014R1144.md
32014R1144	Artigo 25.º	Quadro comum de avaliação do impacto das ações	358	362	167	ue/regulamentos/2014/32014R1144.md
32014R1144	Artigo 26.º	Relatório	364	368	130	ue/regulamentos/2014/32014R1144.md
32014R1144	Artigo 27.º	Auxílios de estado	372	374	178	ue/regulamentos/2014/32014R1144.md
32014R1144	Artigo 28.º	Revogação	376	380	67	ue/regulamentos/2014/32014R1144.md
32014R1144	Artigo 29.º	Disposições transitórias	382	386	104	ue/regulamentos/2014/32014R1144.md
32014R1144	Artigo 30.º	Entrada em vigor e data de início de aplicação	388	448	1446	ue/regulamentos/2014/32014R1144.md
32014R1144	ANEXO I		450	472	96	ue/regulamentos/2014/32014R1144.md
32014R1144	ANEXO II		474	508	340	ue/regulamentos/2014/32014R1144.md
32014R1145	Preâmbulo		18	36	360	ue/regulamentos/2014/32014R1145.md
32014R1145	Artigo 1.º		40	42	15	ue/regulamentos/2014/32014R1145.md
32014R1145	Artigo 2.º		44	62	237	ue/regulamentos/2014/32014R1145.md
32014R1146	Preâmbulo		18	64	3446	ue/regulamentos/2014/32014R1146.md
32014R1146	Artigo 1.º		68	70	36	ue/regulamentos/2014/32014R1146.md
32014R1146	Artigo 2.º		72	74	54	ue/regulamentos/2014/32014R1146.md
32014R1146	Artigo 3.º		76	126	1571	ue/regulamentos/2014/32014R1146.md
32014R1146	ANEXO		128	1690	27896	ue/regulamentos/2014/32014R1146.md
32014R1147	Preâmbulo		18	38	364	ue/regulamentos/2014/32014R1147.md
32014R1147	Artigo 1.º		42	44	32	ue/regulamentos/2014/32014R1147.md
32014R1147	Artigo 2.º		46	62	98	ue/regulamentos/2014/32014R1147.md
32014R1147	ANEXO	«ANEXO II	64	619	2589	ue/regulamentos/2014/32014R1147.md
32014R1148	Preâmbulo		18	54	1640	ue/regulamentos/2014/32014R1148.md
32014R1148	Artigo 1.º		58	60	37	ue/regulamentos/2014/32014R1148.md
32014R1148	Artigo 2.º		62	80	133	ue/regulamentos/2014/32014R1148.md
32014R1148	ANEXO		82	502	8504	ue/regulamentos/2014/32014R1148.md
32014R1150	Preâmbulo		18	40	866	ue/regulamentos/2014/32014R1150.md
32014R1150	Artigo 1.º		44	48	32	ue/regulamentos/2014/32014R1150.md
32014R1150	«Artigo 1.º	Regime preferencial	50	71	276	ue/regulamentos/2014/32014R1150.md
32014R1150	Artigo 2.º		73	99	217	ue/regulamentos/2014/32014R1150.md
32014R1150	ANEXO I	«ANEXO II	101	178	2758	ue/regulamentos/2014/32014R1150.md
32014R1150	ANEXO II	«ANEXO III	180	195	1065	ue/regulamentos/2014/32014R1150.md
32014R1151	Artigo 1.º	Objeto	37	39	70	ue/regulamentos/2014/32014R1151.md
32014R1151	Artigo 2.º	Definições	41	49	292	ue/regulamentos/2014/32014R1151.md
32014R1151	Artigo 3.º	Notificação de passaporte da sucursal	51	129	1040	ue/regulamentos/2014/32014R1151.md
32014R1151	Artigo 4.º	Notificação da modificação das informações relativas a uma sucursal e notificação da cessação da atividade de uma sucursal	131	147	376	ue/regulamentos/2014/32014R1151.md
32014R1151	Artigo 5.º	Notificação de passaporte de serviços	149	161	148	ue/regulamentos/2014/32014R1151.md
32014R1151	Artigo 6.º	Entrada em vigor	163	169	126	ue/regulamentos/2014/32014R1151.md
32014R1152	Preâmbulo		18	48	1116	ue/regulamentos/2014/32014R1152.md
32014R1152	Artigo 1.º	Definições	52	70	698	ue/regulamentos/2014/32014R1152.md
32014R1152	Artigo 2.º	Localização das posições em risco gerais de crédito	72	88	583	ue/regulamentos/2014/32014R1152.md
32014R1152	Artigo 3.º	Localização geográfica das posições em risco na carteira de negociação	90	102	370	ue/regulamentos/2014/32014R1152.md
32014R1152	Artigo 4.º	Localização geográfica das posições em risco de titularização	104	110	242	ue/regulamentos/2014/32014R1152.md
32014R1152	Artigo 5.º	Entrada em vigor	112	130	318	ue/regulamentos/2014/32014R1152.md
32014R1153	Preâmbulo		18	40	420	ue/regulamentos/2014/32014R1153.md
32014R1153	Artigo 1.º		44	46	38	ue/regulamentos/2014/32014R1153.md
32014R1153	Artigo 2.º		48	64	159	ue/regulamentos/2014/32014R1153.md
32014R1153	ANEXO		66	512	7424	ue/regulamentos/2014/32014R1153.md
32014R1154	Preâmbulo		18	76	2982	ue/regulamentos/2014/32014R1154.md
32014R1154	Artigo 1.º		80	84	113	ue/regulamentos/2014/32014R1154.md
32014R1154	Artigo 2.º		86	120	252	ue/regulamentos/2014/32014R1154.md
32014R1154	ANEXO	ALEGAÇÕES DE SAÚDE REJEITADAS	122	133	746	ue/regulamentos/2014/32014R1154.md
32014R1155	Preâmbulo		18	34	205	ue/regulamentos/2014/32014R1155.md
32014R1155	Artigo 1.º		38	40	18	ue/regulamentos/2014/32014R1155.md
32014R1155	Artigo 2.º		42	58	186	ue/regulamentos/2014/32014R1155.md
32014R1157	Preâmbulo		18	34	276	ue/regulamentos/2014/32014R1157.md
32014R1157	Artigo 1.º		38	40	17	ue/regulamentos/2014/32014R1157.md
32014R1157	Artigo 2.º		42	58	193	ue/regulamentos/2014/32014R1157.md
32014R1159	Artigo 1.º		52	54	29	ue/regulamentos/2014/32014R1159.md
32014R1159	Artigo 2.º		56	60	58	ue/regulamentos/2014/32014R1159.md
32014R1159	ANEXO		62	167	7822	ue/regulamentos/2014/32014R1159.md
32014R1161	Preâmbulo		18	44	630	ue/regulamentos/2014/32014R1161.md
32014R1161	Artigo 1.º		48	52	62	ue/regulamentos/2014/32014R1161.md
32014R1161	Artigo 2.º		54	74	305	ue/regulamentos/2014/32014R1161.md
32014R1163	Artigo 1.º	Objeto e âmbito de aplicação	38	48	194	ue/regulamentos/2014/32014R1163.md
32014R1163	Artigo 2.º	Definições	50	98	1105	ue/regulamentos/2014/32014R1163.md
32014R1163	Artigo 3.º	Obrigação geral de pagar a taxa de supervisão anual	100	108	278	ue/regulamentos/2014/32014R1163.md
32014R1163	Artigo 4.º	Devedor de taxa	110	134	457	ue/regulamentos/2014/32014R1163.md
32014R1163	Artigo 5.º	Custos anuais	138	162	268	ue/regulamentos/2014/32014R1163.md
32014R1163	Artigo 7.º		166	182	315	ue/regulamentos/2014/32014R1163.md
32014R1163	Artigo 8.º	Repartição dos custos anuais entre entidades supervisionadas significativas e menos significativas	184	196	214	ue/regulamentos/2014/32014R1163.md
32014R1163	Artigo 10.º	Taxa de supervisão anual devida pelas entidades ou grupos supervisionados	198	268	1550	ue/regulamentos/2014/32014R1163.md
32014R1163	Artigo 11.º	Cooperação com as ANC	272	278	205	ue/regulamentos/2014/32014R1163.md
32014R1163	Artigo 12.º	Aviso de taxa a pagamento	282	292	143	ue/regulamentos/2014/32014R1163.md
32014R1163	Artigo 13.º	Notificação do aviso de taxa a pagamento	294	298	177	ue/regulamentos/2014/32014R1163.md
32014R1163	Artigo 14.º	Juros em caso de não pagamento	300	302	120	ue/regulamentos/2014/32014R1163.md
32014R1163	Artigo 15.º	Sanções	306	312	66	ue/regulamentos/2014/32014R1163.md
32014R1163	Artigo 17.º		314	328	132	ue/regulamentos/2014/32014R1163.md
32014R1163	Artigo 17.º-A	Disposições transitórias aplicáveis ao período de taxa de 2020	330	336	156	ue/regulamentos/2014/32014R1163.md
32014R1163	Artigo 18.º	Entrada em vigor	338	348	232	ue/regulamentos/2014/32014R1163.md
32014R1164	Preâmbulo		18	36	429	ue/regulamentos/2014/32014R1164.md
32014R1164	Artigo 1.º	Alteração do Regulamento de Execução (UE) n.º 411/2014	40	44	49	ue/regulamentos/2014/32014R1164.md
32014R1164	«Artigo 2.º	Períodos de contingentamento pautal da importação	46	72	238	ue/regulamentos/2014/32014R1164.md
32014R1164	«Artigo 3.º-A	Pedidos de direitos de importação para o período de contingentamento de 2015	74	104	650	ue/regulamentos/2014/32014R1164.md
32014R1164	«Artigo 4.º-A	Emissão dos certificados de importação para o período de contingentamento de 2015	106	134	636	ue/regulamentos/2014/32014R1164.md
32014R1164	«Artigo 5.º	Notificações à Comissão para o período de contingentamento de 2014	136	150	272	ue/regulamentos/2014/32014R1164.md
32014R1164	«Artigo 5.º-A	Notificações à Comissão para o período de contingentamento de 2015	152	168	406	ue/regulamentos/2014/32014R1164.md
32014R1164	Artigo 2.º	Entrada em vigor e aplicação	170	192	308	ue/regulamentos/2014/32014R1164.md
32014R1164	ANEXO	«ANEXO I	194	200	201	ue/regulamentos/2014/32014R1164.md
32014R1166	Preâmbulo		18	38	524	ue/regulamentos/2014/32014R1166.md
32014R1166	Artigo 1.º	Alteração do Regulamento de Execução (UE) n.º 412/2014	42	46	49	ue/regulamentos/2014/32014R1166.md
32014R1166	«Artigo 2.º	Períodos de contingentamento pautal da importação	48	70	215	ue/regulamentos/2014/32014R1166.md
32014R1166	«Artigo 3.º-A	Pedidos de certificados de importação e certificados de importação para o período de contingentamento de 2015	72	110	684	ue/regulamentos/2014/32014R1166.md
32014R1166	«Artigo 4.º-A	Eficácia dos certificados de importação para o período de contingentamento de 2015	112	118	117	ue/regulamentos/2014/32014R1166.md
32014R1166	«Artigo 5.º	Notificações à Comissão para o período de contingentamento de 2014	120	134	326	ue/regulamentos/2014/32014R1166.md
32014R1166	«Artigo 5.º-A	Notificações à Comissão para o período de contingentamento de 2015	136	152	435	ue/regulamentos/2014/32014R1166.md
32014R1166	Artigo 2.º	Entrada em vigor e aplicação	154	178	317	ue/regulamentos/2014/32014R1166.md
32014R1166	ANEXO	«ANEXO I	180	189	376	ue/regulamentos/2014/32014R1166.md
32014R1167	Preâmbulo		18	36	431	ue/regulamentos/2014/32014R1167.md
32014R1167	Artigo 1.º	Alteração do Regulamento de Execução (UE) n.º 413/2014	40	44	49	ue/regulamentos/2014/32014R1167.md
32014R1167	«Artigo 2.º	Períodos de contingentamento pautal da importação	46	68	236	ue/regulamentos/2014/32014R1167.md
32014R1167	«Artigo 3.º-A	Pedidos de direitos de importação para o período de contingentamento de 2015	70	96	665	ue/regulamentos/2014/32014R1167.md
32014R1167	«Artigo 4.º-A	Emissão dos certificados de importação para o período de contingentamento de 2015	98	126	646	ue/regulamentos/2014/32014R1167.md
32014R1167	«Artigo 5.º	Notificações à Comissão para o período de contingentamento de 2014	128	140	276	ue/regulamentos/2014/32014R1167.md
32014R1167	«Artigo 5.º-A	Notificações à Comissão para o período de contingentamento de 2015	142	158	396	ue/regulamentos/2014/32014R1167.md
32014R1167	Artigo 2.º	Entrada em vigor e aplicação	160	182	312	ue/regulamentos/2014/32014R1167.md
32014R1167	ANEXO	«ANEXO	184	193	626	ue/regulamentos/2014/32014R1167.md
32014R1168	Preâmbulo		18	36	433	ue/regulamentos/2014/32014R1168.md
32014R1168	Artigo 1.º	Alteração do Regulamento de Execução (UE) n.º 414/2014	40	44	49	ue/regulamentos/2014/32014R1168.md
32014R1168	«Artigo 2.º	Períodos de contingentamento pautal da importação	46	68	236	ue/regulamentos/2014/32014R1168.md
32014R1168	«Artigo 3.º-A	Pedidos de direitos de importação para o período de contingentamento de 2015	70	96	652	ue/regulamentos/2014/32014R1168.md
32014R1168	«Artigo 4.º-A	Emissão dos certificados de importação para o período de contingentamento de 2015	98	126	647	ue/regulamentos/2014/32014R1168.md
32014R1168	«Artigo 5.º	Notificações à Comissão para o período de contingentamento de 2014	128	142	278	ue/regulamentos/2014/32014R1168.md
32014R1168	«Artigo 5.º-A	Notificações à Comissão para o período de contingentamento de 2015	144	160	394	ue/regulamentos/2014/32014R1168.md
32014R1168	Artigo 2.º	Entrada em vigor e aplicação	162	184	314	ue/regulamentos/2014/32014R1168.md
32014R1168	ANEXO	«ANEXO I	186	193	310	ue/regulamentos/2014/32014R1168.md
32014R1169	Preâmbulo		18	38	432	ue/regulamentos/2014/32014R1169.md
32014R1169	Artigo 1.º	Alterações ao Regulamento de Execução (UE) n.º 416/2014	42	58	208	ue/regulamentos/2014/32014R1169.md
32014R1169	«Artigo 3.º	Eficácia dos certificados de importação	60	66	138	ue/regulamentos/2014/32014R1169.md
32014R1169	Artigo 2.º	Entrada em vigor e aplicação	68	90	308	ue/regulamentos/2014/32014R1169.md
32014R1169	ANEXO	«ANEXO	92	110	539	ue/regulamentos/2014/32014R1169.md
32014R1170	Preâmbulo		18	38	424	ue/regulamentos/2014/32014R1170.md
32014R1170	Artigo 1.º		42	44	17	ue/regulamentos/2014/32014R1170.md
32014R1170	Artigo 2.º		46	66	170	ue/regulamentos/2014/32014R1170.md
32014R1173	Preâmbulo		18	32	205	ue/regulamentos/2014/32014R1173.md
32014R1173	Artigo 1.º		36	40	72	ue/regulamentos/2014/32014R1173.md
32014R1173	Artigo 2.º		42	62	189	ue/regulamentos/2014/32014R1173.md
32014R1174	Preâmbulo		18	32	215	ue/regulamentos/2014/32014R1174.md
32014R1174	Artigo 1.º		36	40	84	ue/regulamentos/2014/32014R1174.md
32014R1174	Artigo 2.º		42	62	189	ue/regulamentos/2014/32014R1174.md
32014R1175	Preâmbulo		18	42	466	ue/regulamentos/2014/32014R1175.md
32014R1175	Artigo 1.º		46	48	110	ue/regulamentos/2014/32014R1175.md
32014R1175	Artigo 2.º		50	52	38	ue/regulamentos/2014/32014R1175.md
32014R1175	Artigo 3.º		54	56	70	ue/regulamentos/2014/32014R1175.md
32014R1175	Artigo 4.º		58	60	66	ue/regulamentos/2014/32014R1175.md
32014R1175	Artigo 5.º		62	64	118	ue/regulamentos/2014/32014R1175.md
32014R1175	Artigo 6.º		66	70	116	ue/regulamentos/2014/32014R1175.md
32014R1175	Artigo 7.º		72	74	82	ue/regulamentos/2014/32014R1175.md
32014R1175	Artigo 8.º		76	80	43	ue/regulamentos/2014/32014R1175.md
32014R1175	Artigo 9.º		82	98	196	ue/regulamentos/2014/32014R1175.md
32014R1175	ANEXO I	Variáveis	100	789	10608	ue/regulamentos/2014/32014R1175.md
32014R1175	ANEXO II	Amostra e requisitos de precisão	791	811	683	ue/regulamentos/2014/32014R1175.md
32014R1175	ANEXO III	Requisitos de qualidade e relatório de qualidade	813	943	1386	ue/regulamentos/2014/32014R1175.md
32014R1187	Preâmbulo		18	48	2181	ue/regulamentos/2014/32014R1187.md
32014R1187	Artigo 1.º	Objeto	52	54	102	ue/regulamentos/2014/32014R1187.md
32014R1187	Artigo 2.º	Definições	56	62	140	ue/regulamentos/2014/32014R1187.md
32014R1187	Artigo 3.º	Identificação das posições em risco decorrentes de operações	64	70	160	ue/regulamentos/2014/32014R1187.md
32014R1187	Artigo 4.º	Posições em risco subjacentes sobre operações que envolvem elas próprias ativos subjacentes	72	76	150	ue/regulamentos/2014/32014R1187.md
32014R1187	Artigo 5.º	Cálculo do valor da posição em risco	78	96	470	ue/regulamentos/2014/32014R1187.md
32014R1187	Artigo 6.º	Procedimento de determinação da contribuição das posições em risco subjacentes para os riscos globais	98	116	553	ue/regulamentos/2014/32014R1187.md
32014R1187	Artigo 7.º	Posição em risco adicional constituída pela estrutura de uma operação	118	130	312	ue/regulamentos/2014/32014R1187.md
32014R1187	Artigo 8.º	Entrada em vigor	132	150	245	ue/regulamentos/2014/32014R1187.md
32014R1188	Preâmbulo		18	34	315	ue/regulamentos/2014/32014R1188.md
32014R1188	Artigo 1.º		38	40	48	ue/regulamentos/2014/32014R1188.md
32014R1188	Artigo 2.º		42	62	450	ue/regulamentos/2014/32014R1188.md
32014R1189	Preâmbulo		18	34	312	ue/regulamentos/2014/32014R1189.md
32014R1189	Artigo 1.º		38	40	44	ue/regulamentos/2014/32014R1189.md
32014R1189	Artigo 2.º		42	62	179	ue/regulamentos/2014/32014R1189.md
32014R1190	Preâmbulo		18	34	309	ue/regulamentos/2014/32014R1190.md
32014R1190	Artigo 1.º		38	40	42	ue/regulamentos/2014/32014R1190.md
32014R1190	Artigo 2.º		42	62	450	ue/regulamentos/2014/32014R1190.md
32014R1193	Preâmbulo		18	34	302	ue/regulamentos/2014/32014R1193.md
32014R1193	Artigo 1.º		38	40	31	ue/regulamentos/2014/32014R1193.md
32014R1193	Artigo 2.º		42	56	106	ue/regulamentos/2014/32014R1193.md
32014R1193	ANEXO		58	62	150	ue/regulamentos/2014/32014R1193.md
32014R1195	Preâmbulo		18	991	27168	ue/regulamentos/2014/32014R1195.md
32014R1195	Artigo 1.º		995	1024	608	ue/regulamentos/2014/32014R1195.md
32014R1195	Artigo 2.º		1026	1030	158	ue/regulamentos/2014/32014R1195.md
32014R1195	Artigo 3.º		1032	1070	674	ue/regulamentos/2014/32014R1195.md
32014R1195	ANEXO I		1072	1099	285	ue/regulamentos/2014/32014R1195.md
32014R1195	ANEXO II		1101	1113	153	ue/regulamentos/2014/32014R1195.md
32014R1196	Preâmbulo		18	34	241	ue/regulamentos/2014/32014R1196.md
32014R1196	Artigo 1.º		38	40	104	ue/regulamentos/2014/32014R1196.md
32014R1196	Artigo 2.º		42	56	97	ue/regulamentos/2014/32014R1196.md
32014R1196	ANEXO I	Módulo 1: As empresas e a sociedade da informação	58	462	5282	ue/regulamentos/2014/32014R1196.md
32014R1196	ANEXO II	Módulo 2: Indivíduos, agregados domésticos privados e sociedade da informação	464	859	7359	ue/regulamentos/2014/32014R1196.md
32014R1198	Preâmbulo		22	48	976	ue/regulamentos/2014/32014R1198.md
32014R1198	Artigo 1.º	Âmbito de aplicação	52	64	213	ue/regulamentos/2014/32014R1198.md
32014R1198	Artigo 2.º	Limiar	66	68	74	ue/regulamentos/2014/32014R1198.md
32014R1198	Artigo 3.º	Plano de seleção	70	80	294	ue/regulamentos/2014/32014R1198.md
32014R1198	Artigo 4.º	Período de referência da produção-padrão	82	86	174	ue/regulamentos/2014/32014R1198.md
32014R1198	Artigo 5.º	Classes gerais e principais de OTE	88	90	56	ue/regulamentos/2014/32014R1198.md
32014R1198	Artigo 6.º	Ficha de exploração	92	94	57	ue/regulamentos/2014/32014R1198.md
32014R1198	Artigo 7.º	Revogação	96	102	133	ue/regulamentos/2014/32014R1198.md
32014R1198	Artigo 8.º	Entrada em vigor	104	128	417	ue/regulamentos/2014/32014R1198.md
32014R1198	ANEXO I	Classes gerais e principais de orientações técnico-económicas (OTE) e respetivas correspondências	130	155	639	ue/regulamentos/2014/32014R1198.md
32014R1198	ANEXO II		157	197	711	ue/regulamentos/2014/32014R1198.md
32014R1199	Preâmbulo		18	32	204	ue/regulamentos/2014/32014R1199.md
32014R1199	Artigo 1.º		36	40	72	ue/regulamentos/2014/32014R1199.md
32014R1199	Artigo 2.º		42	62	189	ue/regulamentos/2014/32014R1199.md
32014R1201	Preâmbulo		18	38	666	ue/regulamentos/2014/32014R1201.md
32014R1201	Artigo 1.º		42	50	65	ue/regulamentos/2014/32014R1201.md
32014R1201	Artigo 2.º		52	74	348	ue/regulamentos/2014/32014R1201.md
32014R1202	Preâmbulo		18	40	376	ue/regulamentos/2014/32014R1202.md
32014R1202	Artigo 1.º		44	46	29	ue/regulamentos/2014/32014R1202.md
32014R1202	Artigo 2.º		48	64	177	ue/regulamentos/2014/32014R1202.md
32014R1202	ANEXO		66	96	1600	ue/regulamentos/2014/32014R1202.md
32014R1209	Preâmbulo		18	38	363	ue/regulamentos/2014/32014R1209.md
32014R1209	Artigo 1.º		42	44	29	ue/regulamentos/2014/32014R1209.md
32014R1209	Artigo 2.º		46	66	231	ue/regulamentos/2014/32014R1209.md
32014R1209	ANEXO	«ANEXO	68	5635	104731	ue/regulamentos/2014/32014R1209.md
32014R1210	Preâmbulo		18	40	466	ue/regulamentos/2014/32014R1210.md
32014R1210	Artigo 1.º		44	79	390	ue/regulamentos/2014/32014R1210.md
32014R1210	Artigo 2.º		81	101	270	ue/regulamentos/2014/32014R1210.md
32014R1213	Preâmbulo		18	38	456	ue/regulamentos/2014/32014R1213.md
32014R1213	Artigo 1.º		42	44	48	ue/regulamentos/2014/32014R1213.md
32014R1213	Artigo 2.º		46	48	81	ue/regulamentos/2014/32014R1213.md
32014R1213	Artigo 3.º		50	68	149	ue/regulamentos/2014/32014R1213.md
32014R1213	ANEXO		70	75	408	ue/regulamentos/2014/32014R1213.md
32014R1214	Preâmbulo		18	38	457	ue/regulamentos/2014/32014R1214.md
32014R1214	Artigo 1.º		42	44	48	ue/regulamentos/2014/32014R1214.md
32014R1214	Artigo 2.º		46	48	81	ue/regulamentos/2014/32014R1214.md
32014R1214	Artigo 3.º		50	68	149	ue/regulamentos/2014/32014R1214.md
32014R1214	ANEXO		70	81	509	ue/regulamentos/2014/32014R1214.md
32014R1215	Preâmbulo		18	38	450	ue/regulamentos/2014/32014R1215.md
32014R1215	Artigo 1.º		42	44	48	ue/regulamentos/2014/32014R1215.md
32014R1215	Artigo 2.º		46	48	81	ue/regulamentos/2014/32014R1215.md
32014R1215	Artigo 3.º		50	68	149	ue/regulamentos/2014/32014R1215.md
32014R1215	ANEXO		70	75	566	ue/regulamentos/2014/32014R1215.md
32014R1216	Preâmbulo		18	38	457	ue/regulamentos/2014/32014R1216.md
32014R1216	Artigo 1.º		42	44	48	ue/regulamentos/2014/32014R1216.md
32014R1216	Artigo 2.º		46	48	81	ue/regulamentos/2014/32014R1216.md
32014R1216	Artigo 3.º		50	68	149	ue/regulamentos/2014/32014R1216.md
32014R1216	ANEXO		70	75	616	ue/regulamentos/2014/32014R1216.md
32014R1217	Preâmbulo		18	38	458	ue/regulamentos/2014/32014R1217.md
32014R1217	Artigo 1.º		42	44	49	ue/regulamentos/2014/32014R1217.md
32014R1217	Artigo 2.º		46	48	81	ue/regulamentos/2014/32014R1217.md
32014R1217	Artigo 3.º		50	68	149	ue/regulamentos/2014/32014R1217.md
32014R1217	ANEXO		70	83	780	ue/regulamentos/2014/32014R1217.md
32014R1221	Artigo 1.º	Objeto	74	76	56	ue/regulamentos/2014/32014R1221.md
32014R1221	Artigo 2.º	Âmbito de aplicação	78	80	32	ue/regulamentos/2014/32014R1221.md
32014R1221	Artigo 3.º	Definições	82	110	395	ue/regulamentos/2014/32014R1221.md
32014R1221	Artigo 4.º	TAC e repartição	114	116	39	ue/regulamentos/2014/32014R1221.md
32014R1221	Artigo 5.º	Disposições especiais relativas à repartição das possibilidades de pesca	118	132	218	ue/regulamentos/2014/32014R1221.md
32014R1221	Artigo 5.º-A	Flexibilidade na fixação das possibilidades de pesca de determinadas unidades populacionais	134	150	323	ue/regulamentos/2014/32014R1221.md
32014R1221	Artigo 6.º	Condições de desembarque das capturas e capturas acessórias não sujeitas à obrigação de desembarque	152	154	86	ue/regulamentos/2014/32014R1221.md
32014R1221	Artigo 7.º	Limitações do esforço de pesca	156	158	27	ue/regulamentos/2014/32014R1221.md
32014R1221	Artigo 8.º	Alteração do Regulamento (UE) n.º 43/2014	162	196	412	ue/regulamentos/2014/32014R1221.md
32014R1221	Artigo 9.º	Alteração do Regulamento (UE) n.º 1180/2013	198	228	449	ue/regulamentos/2014/32014R1221.md
32014R1221	Artigo 10.º	Transmissão de dados	232	234	85	ue/regulamentos/2014/32014R1221.md
32014R1221	Artigo 11.º	Flexibilidade	236	240	140	ue/regulamentos/2014/32014R1221.md
32014R1221	Artigo 12.º	Entrada em vigor	242	250	106	ue/regulamentos/2014/32014R1221.md
32014R1221	ANEXO I	TAC APLICÁVEIS, NAS ZONAS EM QUE EXISTAM, AOS NAVIOS DE PESCA DA UNIÃO, POR ESPÉCIE E POR ZONA	252	375	1432	ue/regulamentos/2014/32014R1221.md
32014R1221	ANEXO II	LIMITAÇÕES DO ESFORÇO DE PESCA	377	401	1089	ue/regulamentos/2014/32014R1221.md
32014R1222	Artigo 1.º	Objeto e âmbito de aplicação	37	39	149	ue/regulamentos/2014/32014R1222.md
32014R1222	Artigo 2.º	Definições	41	55	277	ue/regulamentos/2014/32014R1222.md
32014R1222	Artigo 3.º	Parâmetros comuns aplicáveis à metodologia	57	73	751	ue/regulamentos/2014/32014R1222.md
32014R1222	Artigo 4.º	Procedimento de identificação	75	87	612	ue/regulamentos/2014/32014R1222.md
32014R1222	Artigo 5.º	Identificação como G-SII, determinação das pontuações e afetação às subcategorias	89	145	1588	ue/regulamentos/2014/32014R1222.md
32014R1222	Artigo 6.º	Indicadores	147	191	475	ue/regulamentos/2014/32014R1222.md
32014R1222	Artigo 8.º	Entrada em vigor	193	209	459	ue/regulamentos/2014/32014R1222.md
32014R1225	Preâmbulo		18	34	189	ue/regulamentos/2014/32014R1225.md
32014R1225	Artigo 1.º		38	40	29	ue/regulamentos/2014/32014R1225.md
32014R1225	Artigo 2.º		42	56	93	ue/regulamentos/2014/32014R1225.md
32014R1225	ANEXO		58	64	186	ue/regulamentos/2014/32014R1225.md
32014R1226	Preâmbulo		22	54	1384	ue/regulamentos/2014/32014R1226.md
32014R1226	Artigo 1.º		58	62	95	ue/regulamentos/2014/32014R1226.md
32014R1226	Artigo 2.º		64	80	106	ue/regulamentos/2014/32014R1226.md
32014R1226	ANEXO	Alegação de saúde permitida	82	86	288	ue/regulamentos/2014/32014R1226.md
32014R1227	Preâmbulo		18	42	1065	ue/regulamentos/2014/32014R1227.md
32014R1227	Artigo 1.º		46	50	145	ue/regulamentos/2014/32014R1227.md
32014R1227	Artigo 2.º		52	54	18	ue/regulamentos/2014/32014R1227.md
32014R1227	Artigo 3.º		56	80	382	ue/regulamentos/2014/32014R1227.md
32014R1228	Preâmbulo		22	86	3786	ue/regulamentos/2014/32014R1228.md
32014R1228	Artigo 1.º		90	94	98	ue/regulamentos/2014/32014R1228.md
32014R1228	Artigo 2.º		96	98	53	ue/regulamentos/2014/32014R1228.md
32014R1228	Artigo 3.º		100	132	181	ue/regulamentos/2014/32014R1228.md
32014R1228	ANEXO I	Alegações de saúde permitidas	134	140	789	ue/regulamentos/2014/32014R1228.md
32014R1228	ANEXO II	Alegações de saúde rejeitadas	142	150	520	ue/regulamentos/2014/32014R1228.md
32014R1229	Preâmbulo		18	66	2293	ue/regulamentos/2014/32014R1229.md
32014R1229	Artigo 1.º		70	72	54	ue/regulamentos/2014/32014R1229.md
32014R1229	Artigo 2.º		74	102	172	ue/regulamentos/2014/32014R1229.md
32014R1229	ANEXO	Alegações de saúde rejeitadas	104	114	731	ue/regulamentos/2014/32014R1229.md
32014R1230	Artigo 1.º		37	39	68	ue/regulamentos/2014/32014R1230.md
32014R1230	Artigo 2.º		41	45	64	ue/regulamentos/2014/32014R1230.md
32014R1230	ANEXO		47	54	888	ue/regulamentos/2014/32014R1230.md
32014R1232	Preâmbulo		18	42	740	ue/regulamentos/2014/32014R1232.md
32014R1232	Artigo 1.º		46	59	194	ue/regulamentos/2014/32014R1232.md
32014R1232	Artigo 2.º		61	69	287	ue/regulamentos/2014/32014R1232.md
32014R1232	Artigo 3.º		71	89	419	ue/regulamentos/2014/32014R1232.md
32014R1232	ANEXO	«ANEXO III	91	164	1826	ue/regulamentos/2014/32014R1232.md
32014R1235	Preâmbulo		18	46	851	ue/regulamentos/2014/32014R1235.md
32014R1235	Artigo 1.º		50	52	57	ue/regulamentos/2014/32014R1235.md
32014R1235	Artigo 2.º		54	60	241	ue/regulamentos/2014/32014R1235.md
32014R1235	Artigo 3.º		62	64	81	ue/regulamentos/2014/32014R1235.md
32014R1235	Artigo 4.º		66	86	346	ue/regulamentos/2014/32014R1235.md
32014R1235	Artigo 5.º		88	104	149	ue/regulamentos/2014/32014R1235.md
32014R1235	ANEXO I	Quantidades máximas referidas nos artigos 2.º e 3.º	106	181	595	ue/regulamentos/2014/32014R1235.md
32014R1235	ANEXO II	Lista das instâncias encarregadas da emissão de licenças referidas no artigo 4.º	183	199	1998	ue/regulamentos/2014/32014R1235.md
32014R1236	Artigo 1.º	Autorização	36	38	74	ue/regulamentos/2014/32014R1236.md
32014R1236	Artigo 2.º	Entrada em vigor	40	44	68	ue/regulamentos/2014/32014R1236.md
32014R1236	ANEXO		46	53	560	ue/regulamentos/2014/32014R1236.md
32014R1241	Preâmbulo		18	32	211	ue/regulamentos/2014/32014R1241.md
32014R1241	Artigo 1.º		36	40	83	ue/regulamentos/2014/32014R1241.md
32014R1241	Artigo 2.º		42	62	188	ue/regulamentos/2014/32014R1241.md
32014R1242	Artigo 1.º		35	37	112	ue/regulamentos/2014/32014R1242.md
32014R1242	Artigo 2.º		39	43	62	ue/regulamentos/2014/32014R1242.md
32014R1242	ANEXO I	Informações a prestar para cada operação nos campos seguintes, segundo a estrutura da base de dados estabelecida no anexo I do Regulamento (UE) n.º 1243/2014	45	71	312	ue/regulamentos/2014/32014R1242.md
32014R1242	ANEXO II	Informações a prestar para cada operação nos campos seguintes, segundo a estrutura da base de dados estabelecida no anexo I do Regulamento (UE) n.º 1243/2014	73	83	110	ue/regulamentos/2014/32014R1242.md
32014R1242	ANEXO III	Informações sobre os dados relativos à execução do projeto a prestar para cada operação nos campos seguintes, segundo a estrutura da base de dados estabelecida 	85	97	127	ue/regulamentos/2014/32014R1242.md
32014R1242	ANEXO IV	Informações sobre os indicadores de resultados a prestar para cada operação nos campos seguintes, segundo a estrutura da base de dados estabelecida no anexo I d	99	113	146	ue/regulamentos/2014/32014R1242.md
32014R1242	ANEXO V	Quadros de referência	115	459	11180	ue/regulamentos/2014/32014R1242.md
32014R1243	Artigo 1.º	Objeto	36	38	78	ue/regulamentos/2014/32014R1243.md
32014R1243	Artigo 2.º	Lista de dados e estrutura da base de dados	40	50	185	ue/regulamentos/2014/32014R1243.md
32014R1243	Artigo 4.º	Dados relativos à execução da operação	52	54	49	ue/regulamentos/2014/32014R1243.md
32014R1243	Artigo 5.º	Entrada em vigor	56	60	66	ue/regulamentos/2014/32014R1243.md
32014R1243	ANEXO I	ESTRUTURA DA BASE DE DADOS	62	139	1985	ue/regulamentos/2014/32014R1243.md
32014R1243	ANEXO II	DADOS RELATIVOS À EXECUÇÃO DA OPERAÇÃO	141	209	5199	ue/regulamentos/2014/32014R1243.md
32014R1244	Preâmbulo		18	56	1638	ue/regulamentos/2014/32014R1244.md
32014R1244	Artigo 1.º	Objeto	62	78	439	ue/regulamentos/2014/32014R1244.md
32014R1244	Artigo 2.º	Definições	80	94	582	ue/regulamentos/2014/32014R1244.md
32014R1244	Artigo 3.º	Procedimento de identificação e de seleção	98	114	368	ue/regulamentos/2014/32014R1244.md
32014R1244	Artigo 4.º	Definição das tarefas atribuídas, do perfil de competências e dos critérios de seleção de Voluntários para a Ajuda da UE	116	122	345	ue/regulamentos/2014/32014R1244.md
32014R1244	Artigo 5.º	Anúncio e candidatura	124	132	354	ue/regulamentos/2014/32014R1244.md
32014R1244	Artigo 6.º	Avaliação, primeira seleção e elaboração da lista restrita	134	142	334	ue/regulamentos/2014/32014R1244.md
32014R1244	Artigo 7.º	Seleção	144	152	327	ue/regulamentos/2014/32014R1244.md
32014R1244	Artigo 8.º	Avaliação das necessidades de aprendizagem	154	164	317	ue/regulamentos/2014/32014R1244.md
32014R1244	Artigo 9.º	Programa de formação	168	206	480	ue/regulamentos/2014/32014R1244.md
32014R1244	Artigo 10.º	Avaliação dos candidatos a voluntários durante e após a formação	208	224	382	ue/regulamentos/2014/32014R1244.md
32014R1244	Artigo 11.º	Programa de integração	228	238	262	ue/regulamentos/2014/32014R1244.md
32014R1244	Artigo 12.º	Integração antes do destacamento	240	266	717	ue/regulamentos/2014/32014R1244.md
32014R1244	Artigo 13.º	Estágios de aprendizagem para profissionais juniores	268	288	627	ue/regulamentos/2014/32014R1244.md
32014R1244	Artigo 14.º	Avaliação dos candidatos a voluntários após o estágio	290	302	226	ue/regulamentos/2014/32014R1244.md
32014R1244	Artigo 15.º	Formação suplementar antes do destacamento	304	306	123	ue/regulamentos/2014/32014R1244.md
32014R1244	Artigo 16.º	Contrato com o Voluntário para a Ajuda da UE	308	362	766	ue/regulamentos/2014/32014R1244.md
32014R1244	Artigo 17.º	Inscrição na base de dados	364	366	165	ue/regulamentos/2014/32014R1244.md
32014R1244	Artigo 18.º	Integração no país	370	388	486	ue/regulamentos/2014/32014R1244.md
32014R1244	Artigo 19.º	Supervisão e gestão do desempenho	390	408	692	ue/regulamentos/2014/32014R1244.md
32014R1244	Artigo 20.º	Apoio permanente por parte das organizações de envio	410	422	229	ue/regulamentos/2014/32014R1244.md
32014R1244	Artigo 21.º	Mentoria	424	442	376	ue/regulamentos/2014/32014R1244.md
32014R1244	Artigo 22.º	Condições de trabalho	444	452	332	ue/regulamentos/2014/32014R1244.md
32014R1244	Artigo 23.º	Fim do destacamento e apoio após o destacamento	454	466	483	ue/regulamentos/2014/32014R1244.md
32014R1244	Artigo 24.º	Cobertura de seguro	470	500	446	ue/regulamentos/2014/32014R1244.md
32014R1244	Artigo 25.º	Ajudas de custo e subsídio de reinstalação	502	526	516	ue/regulamentos/2014/32014R1244.md
32014R1244	Artigo 26.º	Alojamento	528	534	241	ue/regulamentos/2014/32014R1244.md
32014R1244	Artigo 27.º	Despesas de viagem e despesas conexas	536	550	381	ue/regulamentos/2014/32014R1244.md
32014R1244	Artigo 28.º	Gestão da segurança e avaliação de riscos	554	582	1404	ue/regulamentos/2014/32014R1244.md
32014R1244	Artigo 29.º	Procedimentos a seguir em caso de incidente ou de evacuação	584	592	326	ue/regulamentos/2014/32014R1244.md
32014R1244	Artigo 30.º	Saúde e segurança	594	618	825	ue/regulamentos/2014/32014R1244.md
32014R1244	Artigo 31.º	Acompanhamento e avaliação do desempenho individual dos Voluntários para a Ajuda da UE.	622	636	494	ue/regulamentos/2014/32014R1244.md
32014R1244	Artigo 32.º	Mecanismo de certificação para as organizações de acolhimento	640	664	859	ue/regulamentos/2014/32014R1244.md
32014R1244	Artigo 33.º	Mecanismo de certificação para as organizações de envio	666	680	519	ue/regulamentos/2014/32014R1244.md
32014R1244	Artigo 34.º	Vias de recurso	682	686	216	ue/regulamentos/2014/32014R1244.md
32014R1244	Artigo 35.º	Viabilidade financeira e capacidade organizacional das organizações	688	690	124	ue/regulamentos/2014/32014R1244.md
32014R1244	Artigo 36.º	Validade da certificação e controlos regulares	692	698	241	ue/regulamentos/2014/32014R1244.md
32014R1244	Artigo 37.º	Suspensão e revogação da certificação	700	708	326	ue/regulamentos/2014/32014R1244.md
32014R1244	Artigo 38.º	Responsabilidade por danos	710	712	68	ue/regulamentos/2014/32014R1244.md
32014R1244	Artigo 39.º	Entrada em vigor	716	736	272	ue/regulamentos/2014/32014R1244.md
32014R1244	ANEXO I		738	877	3051	ue/regulamentos/2014/32014R1244.md
32014R1244	ANEXO II	Programa de formação	879	899	3714	ue/regulamentos/2014/32014R1244.md
32014R1244	ANEXO III		901	963	1400	ue/regulamentos/2014/32014R1244.md
32014R1252	Preâmbulo		22	54	1297	ue/regulamentos/2014/32014R1252.md
32014R1252	Artigo 1.º	Âmbito	58	60	59	ue/regulamentos/2014/32014R1252.md
32014R1252	Artigo 2.º	Definições	62	72	201	ue/regulamentos/2014/32014R1252.md
32014R1252	Artigo 3.º	Gestão da qualidade	74	84	216	ue/regulamentos/2014/32014R1252.md
32014R1252	Artigo 4.º	Pessoal	86	96	248	ue/regulamentos/2014/32014R1252.md
32014R1252	Artigo 5.º	Edifícios e instalações	98	110	371	ue/regulamentos/2014/32014R1252.md
32014R1252	Artigo 6.º	Equipamento	112	120	280	ue/regulamentos/2014/32014R1252.md
32014R1252	Artigo 7.º	Documentação e registos	122	150	527	ue/regulamentos/2014/32014R1252.md
32014R1252	Artigo 8.º	Gestão das matérias	152	174	114	ue/regulamentos/2014/32014R1252.md
32014R1252	Artigo 9.º	Controlo da produção e do processo de fabrico	176	182	272	ue/regulamentos/2014/32014R1252.md
32014R1252	Artigo 10.º	Embalagem e rotulagem	184	188	124	ue/regulamentos/2014/32014R1252.md
32014R1252	Artigo 11.º	Introdução no mercado	190	192	38	ue/regulamentos/2014/32014R1252.md
32014R1252	Artigo 12.º	Controlos laboratoriais	194	210	344	ue/regulamentos/2014/32014R1252.md
32014R1252	Artigo 13.º	Validação	212	214	72	ue/regulamentos/2014/32014R1252.md
32014R1252	Artigo 14.º	Controlo das alterações	216	222	162	ue/regulamentos/2014/32014R1252.md
32014R1252	Artigo 15.º	Rejeição e devoluções	224	234	252	ue/regulamentos/2014/32014R1252.md
32014R1252	Artigo 16.º	Queixas e retirada do mercado	236	242	98	ue/regulamentos/2014/32014R1252.md
32014R1252	Artigo 17.º	Subcontratação	244	252	174	ue/regulamentos/2014/32014R1252.md
32014R1252	Artigo 18.º	Reembalagem	254	256	92	ue/regulamentos/2014/32014R1252.md
32014R1252	Artigo 19.º	Entrada em vigor	258	274	118	ue/regulamentos/2014/32014R1252.md
32014R1253	Artigo 1.º	Objeto e âmbito de aplicação	36	66	554	ue/regulamentos/2014/32014R1253.md
32014R1253	Artigo 2.º	Definições	68	90	665	ue/regulamentos/2014/32014R1253.md
32014R1253	Artigo 3.º	Requisitos de conceção ecológica	92	100	156	ue/regulamentos/2014/32014R1253.md
32014R1253	Artigo 4.º	Requisitos de informação	102	106	100	ue/regulamentos/2014/32014R1253.md
32014R1253	Artigo 5.º	Avaliação da conformidade	108	126	409	ue/regulamentos/2014/32014R1253.md
32014R1253	Artigo 6.º	Procedimento de verificação para efeitos de fiscalização do mercado	128	130	107	ue/regulamentos/2014/32014R1253.md
32014R1253	Artigo 7.º	Valores de referência	132	134	58	ue/regulamentos/2014/32014R1253.md
32014R1253	Artigo 8.º	Reexame	136	150	274	ue/regulamentos/2014/32014R1253.md
32014R1253	Artigo 9.º	Entrada em vigor	152	156	68	ue/regulamentos/2014/32014R1253.md
32014R1253	ANEXO I	Definições	158	274	3711	ue/regulamentos/2014/32014R1253.md
32014R1253	ANEXO II	Requisitos específicos de conceção ecológica aplicáveis às UVR, tal como referido no artigo 3.º, n.ºs 1 e 3	276	298	352	ue/regulamentos/2014/32014R1253.md
32014R1253	ANEXO III	Requisitos específicos de conceção ecológica aplicáveis às UVNR, tal como referido no artigo 3.º, n.ºs 2 e 4	300	370	859	ue/regulamentos/2014/32014R1253.md
32014R1253	ANEXO IV	Requisitos de informação aplicáveis às UVR, tal como referido no artigo 4.º, n.º 1	372	424	906	ue/regulamentos/2014/32014R1253.md
32014R1253	ANEXO V	Requisitos de informação aplicáveis às UVNR, tal como referido no artigo 4.º, n.º 2	426	476	814	ue/regulamentos/2014/32014R1253.md
32014R1253	ANEXO VI		478	525	1239	ue/regulamentos/2014/32014R1253.md
32014R1253	ANEXO VII	Valores de referência	527	539	124	ue/regulamentos/2014/32014R1253.md
32014R1253	ANEXO VIII	Cálculo do requisito relativo ao consumo de energia específico	541	624	1059	ue/regulamentos/2014/32014R1253.md
32014R1253	ANEXO IX	Medições e cálculos para UVNR	626	678	1111	ue/regulamentos/2014/32014R1253.md
32014R1254	Artigo 1.º	Objeto e âmbito de aplicação	36	62	458	ue/regulamentos/2014/32014R1254.md
32014R1254	Artigo 2.º	Definições	64	84	572	ue/regulamentos/2014/32014R1254.md
32014R1254	Artigo 3.º	Responsabilidades dos fornecedores	86	102	484	ue/regulamentos/2014/32014R1254.md
32014R1254	Artigo 4.º	Responsabilidades dos distribuidores	104	114	316	ue/regulamentos/2014/32014R1254.md
32014R1254	Artigo 5.º	Métodos de medição	116	118	131	ue/regulamentos/2014/32014R1254.md
32014R1254	Artigo 6.º	Procedimento de verificação para efeitos de fiscalização do mercado	120	122	52	ue/regulamentos/2014/32014R1254.md
32014R1254	Artigo 7.º	Reexame	124	128	145	ue/regulamentos/2014/32014R1254.md
32014R1254	Artigo 8.º	Entrada em vigor	130	134	68	ue/regulamentos/2014/32014R1254.md
32014R1254	ANEXO I	Definições aplicáveis aos anexos II a IX	136	202	2265	ue/regulamentos/2014/32014R1254.md
32014R1254	ANEXO II	Classes de consumo de energia específico	204	221	134	ue/regulamentos/2014/32014R1254.md
32014R1254	ANEXO III	Rótulo	223	343	1024	ue/regulamentos/2014/32014R1254.md
32014R1254	ANEXO IV	Ficha do produto	345	393	777	ue/regulamentos/2014/32014R1254.md
32014R1254	ANEXO V	Documentação técnica	395	423	314	ue/regulamentos/2014/32014R1254.md
32014R1254	ANEXO VI	Informações a fornecer nos casos em que não se possa esperar que os utilizadores finais vejam o produto exposto, exceto na Internet	425	439	226	ue/regulamentos/2014/32014R1254.md
32014R1254	ANEXO VII	Informações a fornecer em caso de venda, locação ou locação com opção de compra através da Internet	441	481	952	ue/regulamentos/2014/32014R1254.md
32014R1254	ANEXO VIII	Medições e cálculos	483	578	1198	ue/regulamentos/2014/32014R1254.md
32014R1254	ANEXO IX		580	626	1209	ue/regulamentos/2014/32014R1254.md
32014R1255	Artigo 1.º	Objeto	34	36	59	ue/regulamentos/2014/32014R1255.md
32014R1255	Artigo 2.º		38	54	356	ue/regulamentos/2014/32014R1255.md
32014R1255	Artigo 3.º		56	62	63	ue/regulamentos/2014/32014R1255.md
32014R1255	ANEXO		64	248	1902	ue/regulamentos/2014/32014R1255.md
32014R1259	Preâmbulo		18	52	1435	ue/regulamentos/2014/32014R1259.md
32014R1259	Artigo 1.º		56	60	180	ue/regulamentos/2014/32014R1259.md
32014R1259	Artigo 2.º		62	64	59	ue/regulamentos/2014/32014R1259.md
32014R1259	Artigo 3.º		66	96	589	ue/regulamentos/2014/32014R1259.md
32014R1259	ANEXO	Montantes disponíveis para o reembolso de dotações transitadas	98	126	184	ue/regulamentos/2014/32014R1259.md
32014R1262	Preâmbulo		18	32	207	ue/regulamentos/2014/32014R1262.md
32014R1262	Artigo 1.º		36	40	61	ue/regulamentos/2014/32014R1262.md
32014R1262	Artigo 2.º		42	62	188	ue/regulamentos/2014/32014R1262.md
32014R1263	Preâmbulo		18	52	1343	ue/regulamentos/2014/32014R1263.md
32014R1263	Artigo 1.º		56	64	228	ue/regulamentos/2014/32014R1263.md
32014R1263	Artigo 2.º		66	70	110	ue/regulamentos/2014/32014R1263.md
32014R1263	Artigo 3.º		72	78	104	ue/regulamentos/2014/32014R1263.md
32014R1263	Artigo 4.º		80	94	98	ue/regulamentos/2014/32014R1263.md
32014R1263	ANEXO		96	102	32	ue/regulamentos/2014/32014R1263.md
32014R1264	Preâmbulo		18	36	270	ue/regulamentos/2014/32014R1264.md
32014R1264	Artigo 1.º		40	44	37	ue/regulamentos/2014/32014R1264.md
32014R1264	«Artigo 1.º		46	48	99	ue/regulamentos/2014/32014R1264.md
32014R1264	Artigo 2.º		50	56	102	ue/regulamentos/2014/32014R1264.md
32014R1264	Artigo 2.º		58	74	170	ue/regulamentos/2014/32014R1264.md
32014R1264	ANEXO	«ANEXO I	76	109	336	ue/regulamentos/2014/32014R1264.md
32014R1270	Preâmbulo		18	34	234	ue/regulamentos/2014/32014R1270.md
32014R1270	Artigo 1.º		38	40	40	ue/regulamentos/2014/32014R1270.md
32014R1270	Artigo 2.º		42	56	89	ue/regulamentos/2014/32014R1270.md
32014R1270	ANEXO	Lista das pessoas e entidades a que se refere o artigo 1.º	58	86	2501	ue/regulamentos/2014/32014R1270.md
32014R1271	Preâmbulo		18	40	1353	ue/regulamentos/2014/32014R1271.md
32014R1271	Artigo 1.º		44	52	216	ue/regulamentos/2014/32014R1271.md
32014R1271	Artigo 2.º		54	68	98	ue/regulamentos/2014/32014R1271.md
32014R1271	ANEXO	Castas de uva de vinho e regiões vitícolas ou parte das mesmas em que é autorizado o aumento do limite de enriquecimento em conformidade com o artigo 1.º	70	96	1242	ue/regulamentos/2014/32014R1271.md
32014R1273	Preâmbulo		18	36	288	ue/regulamentos/2014/32014R1273.md
32014R1273	Artigo 1.º		40	42	31	ue/regulamentos/2014/32014R1273.md
32014R1273	Artigo 2.º		44	58	103	ue/regulamentos/2014/32014R1273.md
32014R1273	ANEXO		60	70	244	ue/regulamentos/2014/32014R1273.md
32014R1275	Preâmbulo		18	38	310	ue/regulamentos/2014/32014R1275.md
32014R1275	Artigo 1.º		42	44	28	ue/regulamentos/2014/32014R1275.md
32014R1275	Artigo 2.º		46	60	89	ue/regulamentos/2014/32014R1275.md
32014R1275	ANEXO	«ANEXO I	62	408	20032	ue/regulamentos/2014/32014R1275.md
32014R1276	Preâmbulo		18	34	216	ue/regulamentos/2014/32014R1276.md
32014R1276	Artigo 1.º		38	40	27	ue/regulamentos/2014/32014R1276.md
32014R1276	Artigo 2.º		42	56	90	ue/regulamentos/2014/32014R1276.md
32014R1276	ANEXO	«ANEXO I	58	148	2192	ue/regulamentos/2014/32014R1276.md
32014R1277	Preâmbulo		18	50	820	ue/regulamentos/2014/32014R1277.md
32014R1277	Artigo 1.º		54	56	30	ue/regulamentos/2014/32014R1277.md
32014R1277	Artigo 2.º		58	76	180	ue/regulamentos/2014/32014R1277.md
32014R1277	ANEXO		78	85	228	ue/regulamentos/2014/32014R1277.md
32014R1278	Preâmbulo		18	48	1143	ue/regulamentos/2014/32014R1278.md
32014R1278	Artigo 1.º	Alteração do Regulamento (CE) n.º 967/2006	52	68	177	ue/regulamentos/2014/32014R1278.md
32014R1278	Artigo 2.º	Alteração do Regulamento (CE) n.º 828/2009	70	100	542	ue/regulamentos/2014/32014R1278.md
32014R1278	Artigo 3.º	Alteração do Regulamento (CE) n.º 891/2009	102	108	80	ue/regulamentos/2014/32014R1278.md
32014R1278	Artigo 4.º	Alteração do Regulamento de Execução (UE) n.º 75/2013	110	112	52	ue/regulamentos/2014/32014R1278.md
32014R1278	Artigo 5.º	Entrada em vigor	114	142	638	ue/regulamentos/2014/32014R1278.md
32014R1280	Preâmbulo		18	34	304	ue/regulamentos/2014/32014R1280.md
32014R1280	Artigo 1.º		38	40	38	ue/regulamentos/2014/32014R1280.md
32014R1280	Artigo 2.º		42	62	188	ue/regulamentos/2014/32014R1280.md
32014R1282	Preâmbulo		18	40	730	ue/regulamentos/2014/32014R1282.md
32014R1282	Artigo 1.º	Alteração do Regulamento de Execução (UE) n.º 180/2014	44	46	52	ue/regulamentos/2014/32014R1282.md
32014R1282	Artigo 2.º	Entrada em vigor	48	64	184	ue/regulamentos/2014/32014R1282.md
32014R1282	ANEXO		66	132	558	ue/regulamentos/2014/32014R1282.md
32014R1286	Artigo 1.º		34	36	89	ue/regulamentos/2014/32014R1286.md
32014R1286	Artigo 2.º		38	56	338	ue/regulamentos/2014/32014R1286.md
32014R1286	Artigo 3.º		58	62	78	ue/regulamentos/2014/32014R1286.md
32014R1286	Artigo 4.º		64	94	598	ue/regulamentos/2014/32014R1286.md
32014R1286	Artigo 5.º		100	104	119	ue/regulamentos/2014/32014R1286.md
32014R1286	Artigo 6.º		108	126	636	ue/regulamentos/2014/32014R1286.md
32014R1286	Artigo 7.º		128	134	172	ue/regulamentos/2014/32014R1286.md
32014R1286	Artigo 8.º		136	216	1995	ue/regulamentos/2014/32014R1286.md
32014R1286	Artigo 9.º		218	220	116	ue/regulamentos/2014/32014R1286.md
32014R1286	Artigo 10.º		222	238	371	ue/regulamentos/2014/32014R1286.md
32014R1286	Artigo 11.º		240	250	308	ue/regulamentos/2014/32014R1286.md
32014R1286	Artigo 12.º		252	254	67	ue/regulamentos/2014/32014R1286.md
32014R1286	Artigo 13.º		258	280	743	ue/regulamentos/2014/32014R1286.md
32014R1286	Artigo 14.º		282	314	838	ue/regulamentos/2014/32014R1286.md
32014R1286	Artigo 15.º		318	322	104	ue/regulamentos/2014/32014R1286.md
32014R1286	Artigo 16.º		324	370	982	ue/regulamentos/2014/32014R1286.md
32014R1286	Artigo 17.º		372	418	1414	ue/regulamentos/2014/32014R1286.md
32014R1286	Artigo 18.º		420	426	271	ue/regulamentos/2014/32014R1286.md
32014R1286	Artigo 19.º		430	438	168	ue/regulamentos/2014/32014R1286.md
32014R1286	Artigo 20.º		440	444	127	ue/regulamentos/2014/32014R1286.md
32014R1286	Artigo 21.º		446	450	59	ue/regulamentos/2014/32014R1286.md
32014R1286	Artigo 22.º		454	462	338	ue/regulamentos/2014/32014R1286.md
32014R1286	Artigo 23.º		464	474	89	ue/regulamentos/2014/32014R1286.md
32014R1286	Artigo 24.º		476	508	736	ue/regulamentos/2014/32014R1286.md
32014R1286	Artigo 25.º		510	524	160	ue/regulamentos/2014/32014R1286.md
32014R1286	Artigo 26.º		526	528	32	ue/regulamentos/2014/32014R1286.md
32014R1286	Artigo 27.º		530	536	110	ue/regulamentos/2014/32014R1286.md
32014R1286	Artigo 28.º		538	552	327	ue/regulamentos/2014/32014R1286.md
32014R1286	Artigo 29.º		554	586	780	ue/regulamentos/2014/32014R1286.md
32014R1286	Artigo 29.º-A	Acessibilidade da informação no ponto de acesso único europeu	588	644	1110	ue/regulamentos/2014/32014R1286.md
32014R1286	Artigo 30.º		648	658	446	ue/regulamentos/2014/32014R1286.md
32014R1286	Artigo 31.º		660	662	188	ue/regulamentos/2014/32014R1286.md
32014R1286	Artigo 32.º		664	668	235	ue/regulamentos/2014/32014R1286.md
32014R1286	Artigo 33.º		670	684	959	ue/regulamentos/2014/32014R1286.md
32014R1286	Artigo 34.º		686	704	407	ue/regulamentos/2014/32014R1286.md
32014R1290	Preâmbulo		18	40	356	ue/regulamentos/2014/32014R1290.md
32014R1290	Artigo 1.º		44	155	2799	ue/regulamentos/2014/32014R1290.md
32014R1290	Artigo 2.º		157	162	316	ue/regulamentos/2014/32014R1290.md
32014R1290	Artigo 3.º		164	182	211	ue/regulamentos/2014/32014R1290.md
32014R1290	ANEXO	«ANEXO IV	184	204	80	ue/regulamentos/2014/32014R1290.md
32014R1291	Preâmbulo		22	38	404	ue/regulamentos/2014/32014R1291.md
32014R1291	Artigo 1.º		42	44	98	ue/regulamentos/2014/32014R1291.md
32014R1291	Artigo 2.º		46	62	166	ue/regulamentos/2014/32014R1291.md
32014R1291	ANEXO		64	105	597	ue/regulamentos/2014/32014R1291.md
32014R1292	Preâmbulo		18	34	336	ue/regulamentos/2014/32014R1292.md
32014R1292	Artigo 1.º		38	40	58	ue/regulamentos/2014/32014R1292.md
32014R1292	Artigo 2.º		42	58	159	ue/regulamentos/2014/32014R1292.md
32014R1292	ANEXO		60	83	446	ue/regulamentos/2014/32014R1292.md
32014R1293	Preâmbulo		18	34	455	ue/regulamentos/2014/32014R1293.md
32014R1293	Artigo 1.º		38	40	123	ue/regulamentos/2014/32014R1293.md
32014R1293	Artigo 2.º		42	58	160	ue/regulamentos/2014/32014R1293.md
32014R1294	Preâmbulo		18	44	631	ue/regulamentos/2014/32014R1294.md
32014R1294	Artigo 1.º		48	60	292	ue/regulamentos/2014/32014R1294.md
32014R1294	Artigo 2.º		62	80	180	ue/regulamentos/2014/32014R1294.md
32014R1294	ANEXO		82	112	294	ue/regulamentos/2014/32014R1294.md
32014R1297	Preâmbulo		18	44	934	ue/regulamentos/2014/32014R1297.md
32014R1297	Artigo 1.º		48	58	182	ue/regulamentos/2014/32014R1297.md
32014R1297	Artigo 2.º		60	64	232	ue/regulamentos/2014/32014R1297.md
32014R1297	Artigo 3.º		66	86	320	ue/regulamentos/2014/32014R1297.md
32014R1297	ANEXO		88	118	500	ue/regulamentos/2014/32014R1297.md
32014R1299	Artigo 1.º	Objeto	29	31	48	ue/regulamentos/2014/32014R1299.md
32014R1299	Artigo 2.º	Âmbito de aplicação	33	51	335	ue/regulamentos/2014/32014R1299.md
32014R1299	Artigo 3.º	Pontos em aberto	53	71	272	ue/regulamentos/2014/32014R1299.md
32014R1299	Artigo 4.º	Casos específicos	73	91	244	ue/regulamentos/2014/32014R1299.md
32014R1299	Artigo 5.º	Notificação de acordos bilaterais	93	101	177	ue/regulamentos/2014/32014R1299.md
32014R1299	Artigo 6.º	Projetos em fase avançada de desenvolvimento	103	107	31	ue/regulamentos/2014/32014R1299.md
32014R1299	Artigo 7.º	Certificado CE de verificação	109	121	366	ue/regulamentos/2014/32014R1299.md
32014R1299	Artigo 8.º	Avaliação da conformidade	123	129	236	ue/regulamentos/2014/32014R1299.md
32014R1299	Artigo 9.º	Aplicação	131	141	210	ue/regulamentos/2014/32014R1299.md
32014R1299	Artigo 10.º	Soluções inovadoras	143	153	367	ue/regulamentos/2014/32014R1299.md
32014R1299	Artigo 11.º	Revogação	155	163	108	ue/regulamentos/2014/32014R1299.md
32014R1299	Artigo 12.º	Entrada em vigor	165	171	118	ue/regulamentos/2014/32014R1299.md
32014R1299	ANEXO		173	3251	40937	ue/regulamentos/2014/32014R1299.md
32014R1299	Apêndice A	Avaliação dos componentes de interoperabilidade	3253	3275	294	ue/regulamentos/2014/32014R1299.md
32014R1299	Apêndice B	Avaliação do subsistema «infraestrutura»	3277	3342	1089	ue/regulamentos/2014/32014R1299.md
32014R1299	Apêndice C	Características técnicas do projeto da via e dos aparelhos de via	3344	3344	20	ue/regulamentos/2014/32014R1299.md
32014R1299	Apêndice C.1	Características técnicas do projeto da via	3346	3394	257	ue/regulamentos/2014/32014R1299.md
32014R1299	Apêndice C.2	Características técnicas do projeto dos aparelhos de via	3396	3454	375	ue/regulamentos/2014/32014R1299.md
32014R1299	Apêndice D	Condições de utilização da conceção de via e de aparelho de mudança de via	3456	3456	23	ue/regulamentos/2014/32014R1299.md
32014R1299	Apêndice D.1	Condições de utilização da conceção de via	3458	3470	77	ue/regulamentos/2014/32014R1299.md
32014R1299	Apêndice D.2	Condições de utilização da conceção de aparelho de via	3472	3482	112	ue/regulamentos/2014/32014R1299.md
32014R1299	Apêndice E	Requisitos de aptidão para as estruturas existentes segundo o código de tráfego	3484	3596	2964	ue/regulamentos/2014/32014R1299.md
32014R1299	Apêndice F		3598	3640	525	ue/regulamentos/2014/32014R1299.md
32014R1299	Apêndice G		3642	3683	148	ue/regulamentos/2014/32014R1299.md
32014R1299	Apêndice H	Gabari de obstáculos para o sistema de 1 520 mm	3685	3741	641	ue/regulamentos/2014/32014R1299.md
32014R1299	Apêndice I		3743	3747	9	ue/regulamentos/2014/32014R1299.md
32014R1299	Apêndice J	Garantia de segurança nas cróssimas fixas de dois bicos	3749	3807	664	ue/regulamentos/2014/32014R1299.md
32014R1299	Apêndice K	Base dos requisitos mínimos aplicáveis às estruturas para efeitos da compatibilidade com as composições de passageiros e unidades múltiplas	3809	3830	404	ue/regulamentos/2014/32014R1299.md
32014R1299	Apêndice M	Caso específico da rede da Estónia	3832	3844	37	ue/regulamentos/2014/32014R1299.md
32014R1299	Apêndice N		3846	3850	9	ue/regulamentos/2014/32014R1299.md
32014R1299	Apêndice O	Caso específico das redes da Irlanda e do Reino Unido (Irlanda do Norte)	3852	3854	48	ue/regulamentos/2014/32014R1299.md
32014R1299	Apêndice P	Gabari de obstáculos para as partes inferiores na rede de Espanha com bitola de 1 668 mm	3856	3922	549	ue/regulamentos/2014/32014R1299.md
32014R1299	Apêndice Q		3924	3928	9	ue/regulamentos/2014/32014R1299.md
32014R1299	Apêndice R		3930	3952	297	ue/regulamentos/2014/32014R1299.md
32014R1299	Apêndice S	Glossário	3954	4044	3696	ue/regulamentos/2014/32014R1299.md
32014R1299	Apêndice T	Especificações técnicas referenciadas na presente ETI	4046	4188	3974	ue/regulamentos/2014/32014R1299.md
32014R1300	Artigo 1.º	Objeto	29	31	63	ue/regulamentos/2014/32014R1300.md
32014R1300	Artigo 2.º	Âmbito de aplicação	33	47	392	ue/regulamentos/2014/32014R1300.md
32014R1300	Artigo 3.º	Avaliação da conformidade	49	57	306	ue/regulamentos/2014/32014R1300.md
32014R1300	Artigo 4.º	Casos específicos	59	69	232	ue/regulamentos/2014/32014R1300.md
32014R1300	Artigo 5.º	Projetos em fase avançada de desenvolvimento	71	73	92	ue/regulamentos/2014/32014R1300.md
32014R1300	Artigo 6.º	Soluções inovadoras	75	85	366	ue/regulamentos/2014/32014R1300.md
32014R1300	Artigo 7.º	Inventário de ativos	87	109	420	ue/regulamentos/2014/32014R1300.md
32014R1300	Artigo 7.º-A	Recolha, manutenção e intercâmbio de dados em matéria de acessibilidade	111	123	365	ue/regulamentos/2014/32014R1300.md
32014R1300	Artigo 8.º	Planos nacionais de aplicação	125	145	724	ue/regulamentos/2014/32014R1300.md
32014R1300	Artigo 9.º	Órgão consultivo	147	175	319	ue/regulamentos/2014/32014R1300.md
32014R1300	Artigo 10.º	Disposições finais	177	179	90	ue/regulamentos/2014/32014R1300.md
32014R1300	Artigo 11.º	Revogação	181	191	132	ue/regulamentos/2014/32014R1300.md
32014R1300	Artigo 12.º	Entrada em vigor	193	199	118	ue/regulamentos/2014/32014R1300.md
32014R1300	ANEXO		201	2472	36579	ue/regulamentos/2014/32014R1300.md
32014R1300	Apêndice A	Normas e documentos normativos referenciados na ETI	2474	2537	1752	ue/regulamentos/2014/32014R1300.md
32014R1300	Apêndice B	Regra temporária de prioridade em caso de adaptação/renovação de estações	2539	2543	248	ue/regulamentos/2014/32014R1300.md
32014R1300	Apêndice C		2545	2549	9	ue/regulamentos/2014/32014R1300.md
32014R1300	Apêndice D	Avaliação dos componentes de interoperabilidade	2551	2584	428	ue/regulamentos/2014/32014R1300.md
32014R1300	Apêndice E	Avaliação dos subsistemas	2586	2654	710	ue/regulamentos/2014/32014R1300.md
32014R1300	Apêndice F	Renovação ou adaptação de material circulante	2656	2732	1639	ue/regulamentos/2014/32014R1300.md
32014R1300	Apêndice G	Sinais audíveis das portas exteriores de passageiros	2734	2816	995	ue/regulamentos/2014/32014R1300.md
32014R1300	Apêndice M	Cadeira de rodas interoperável transportável por comboio	2818	2860	554	ue/regulamentos/2014/32014R1300.md
32014R1300	Apêndice N	Sinalética PMR	2862	2906	417	ue/regulamentos/2014/32014R1300.md
32014R1300	Apêndice O		2908	2918	116	ue/regulamentos/2014/32014R1300.md
32014R1300	Apêndice P		2920	2982	1609	ue/regulamentos/2014/32014R1300.md
32014R1301	Artigo 1.º	Objeto	30	32	46	ue/regulamentos/2014/32014R1301.md
32014R1301	Artigo 2.º	Âmbito de aplicação	34	54	306	ue/regulamentos/2014/32014R1301.md
32014R1301	Artigo 4.º	Casos específicos	56	74	246	ue/regulamentos/2014/32014R1301.md
32014R1301	Artigo 5.º	Notificação de acordos bilaterais	76	82	170	ue/regulamentos/2014/32014R1301.md
32014R1301	Artigo 6.º	Projetos em fase avançada de desenvolvimento	84	90	32	ue/regulamentos/2014/32014R1301.md
32014R1301	Artigo 7.º	Certificado CE de verificação	92	104	370	ue/regulamentos/2014/32014R1301.md
32014R1301	Artigo 8.º	Avaliação da conformidade	106	112	236	ue/regulamentos/2014/32014R1301.md
32014R1301	Artigo 9.º	Aplicação	114	130	416	ue/regulamentos/2014/32014R1301.md
32014R1301	Artigo 10.º	Soluções inovadoras	132	142	365	ue/regulamentos/2014/32014R1301.md
32014R1301	Artigo 11.º	Revogação	144	152	108	ue/regulamentos/2014/32014R1301.md
32014R1301	Artigo 12.º	Entrada em vigor	154	160	117	ue/regulamentos/2014/32014R1301.md
32014R1301	ANEXO		162	1366	16268	ue/regulamentos/2014/32014R1301.md
32014R1301	Apêndice A	Avaliação da conformidade dos componentes de interoperabilidade	1368	1395	454	ue/regulamentos/2014/32014R1301.md
32014R1301	Apêndice B	Verificação CE do subsistema «energia»	1397	1434	668	ue/regulamentos/2014/32014R1301.md
32014R1301	Apêndice C		1436	1438	8	ue/regulamentos/2014/32014R1301.md
32014R1301	Apêndice D	Especificação do gabari estático do pantógrafo (sistema de 1 520 mm)	1440	1469	553	ue/regulamentos/2014/32014R1301.md
32014R1301	Apêndice E	Relação das normas referenciadas	1471	1523	1362	ue/regulamentos/2014/32014R1301.md
32014R1301	Apêndice F	Pontos em aberto	1525	1531	18	ue/regulamentos/2014/32014R1301.md
32014R1301	Apêndice G	Glossário	1533	1582	1300	ue/regulamentos/2014/32014R1301.md
32014R1302	Artigo 1.º		31	33	60	ue/regulamentos/2014/32014R1302.md
32014R1302	Artigo 2.º		35	47	189	ue/regulamentos/2014/32014R1302.md
32014R1302	Artigo 3.º		49	65	319	ue/regulamentos/2014/32014R1302.md
32014R1302	Artigo 4.º		67	85	266	ue/regulamentos/2014/32014R1302.md
32014R1302	Artigo 5.º		87	105	238	ue/regulamentos/2014/32014R1302.md
32014R1302	Artigo 6.º		107	111	144	ue/regulamentos/2014/32014R1302.md
32014R1302	Artigo 7.º		113	119	81	ue/regulamentos/2014/32014R1302.md
32014R1302	Artigo 9.º		121	123	119	ue/regulamentos/2014/32014R1302.md
32014R1302	Artigo 10.º		125	135	398	ue/regulamentos/2014/32014R1302.md
32014R1302	Artigo 11.º		137	157	196	ue/regulamentos/2014/32014R1302.md
32014R1302	Artigo 12.º		159	165	112	ue/regulamentos/2014/32014R1302.md
32014R1302	ANEXO		167	6755	119830	ue/regulamentos/2014/32014R1302.md
32014R1302	Apêndice A	Suprimido intencionalmente	6778	6780	12	ue/regulamentos/2014/32014R1302.md
32014R1302	Apêndice B	Gabari «T» para o sistema de 1 520 mm	6782	6800	151	ue/regulamentos/2014/32014R1302.md
32014R1302	Apêndice C	Disposições especiais para as máquinas de via (OTM)	6802	6842	766	ue/regulamentos/2014/32014R1302.md
32014R1302	Apêndice D	Não utilizado	6844	6844	8	ue/regulamentos/2014/32014R1302.md
32014R1302	Apêndice E	Medidas antropométricas do maquinista	6846	6852	80	ue/regulamentos/2014/32014R1302.md
32014R1302	Apêndice F	Visibilidade dianteira	6854	6898	688	ue/regulamentos/2014/32014R1302.md
32014R1302	Apêndice G	Assistência ao comboio	6900	6924	103	ue/regulamentos/2014/32014R1302.md
32014R1302	Apêndice H		6926	7118	3132	ue/regulamentos/2014/32014R1302.md
32014R1302	Apêndice I	Aspetos para os quais a especificação técnica não está disponível	7120	7138	531	ue/regulamentos/2014/32014R1302.md
32014R1302	Apêndice J	Especificações técnicas referenciadas na ETI	7140	7552	10610	ue/regulamentos/2014/32014R1302.md
32014R1302	Apêndice K	Processo de validação de novas peças de extremidade de freios de via magnéticos (MTB)	7554	7683	1480	ue/regulamentos/2014/32014R1302.md
32014R1302	Apêndice L	Alterações dos requisitos e regimes de transição	7685	7797	3446	ue/regulamentos/2014/32014R1302.md
32014R1303	Artigo 1.º		30	32	41	ue/regulamentos/2014/32014R1303.md
32014R1303	Artigo 2.º		34	38	73	ue/regulamentos/2014/32014R1303.md
32014R1303	Artigo 3.º		40	42	33	ue/regulamentos/2014/32014R1303.md
32014R1303	Artigo 4.º		44	62	256	ue/regulamentos/2014/32014R1303.md
32014R1303	Artigo 5.º		64	76	334	ue/regulamentos/2014/32014R1303.md
32014R1303	Artigo 6.º		78	84	81	ue/regulamentos/2014/32014R1303.md
32014R1303	Artigo 8.º		86	96	412	ue/regulamentos/2014/32014R1303.md
32014R1303	Artigo 9.º		98	106	96	ue/regulamentos/2014/32014R1303.md
32014R1303	Artigo 10.º		108	114	82	ue/regulamentos/2014/32014R1303.md
32014R1303	ANEXO		116	1235	16481	ue/regulamentos/2014/32014R1303.md
32014R1303	Apêndice A	Normas e documentos normativos referenciados na ETI	1237	1245	130	ue/regulamentos/2014/32014R1303.md
32014R1303	Apêndice B	Avaliação dos subsistemas	1247	1282	794	ue/regulamentos/2014/32014R1303.md
32014R1304	Artigo 1.º		29	31	52	ue/regulamentos/2014/32014R1304.md
32014R1304	Artigo 2.º		33	35	50	ue/regulamentos/2014/32014R1304.md
32014R1304	Artigo 3.º		37	47	290	ue/regulamentos/2014/32014R1304.md
32014R1304	Artigo 4.º		49	51	58	ue/regulamentos/2014/32014R1304.md
32014R1304	Artigo 5.º		53	71	235	ue/regulamentos/2014/32014R1304.md
32014R1304	Artigo 5.º-A		73	75	65	ue/regulamentos/2014/32014R1304.md
32014R1304	Artigo 5.º-B		77	79	172	ue/regulamentos/2014/32014R1304.md
32014R1304	Artigo 5.º-C		81	85	162	ue/regulamentos/2014/32014R1304.md
32014R1304	Artigo 5.º-D		87	89	86	ue/regulamentos/2014/32014R1304.md
32014R1304	Artigo 5.º-E		91	99	532	ue/regulamentos/2014/32014R1304.md
32014R1304	Artigo 6.º		101	103	103	ue/regulamentos/2014/32014R1304.md
32014R1304	Artigo 7.º		105	115	374	ue/regulamentos/2014/32014R1304.md
32014R1304	Artigo 8.º		117	125	199	ue/regulamentos/2014/32014R1304.md
32014R1304	Artigo 9.º		127	133	189	ue/regulamentos/2014/32014R1304.md
32014R1304	Artigo 10.º		135	143	118	ue/regulamentos/2014/32014R1304.md
32014R1304	ANEXO		145	822	11233	ue/regulamentos/2014/32014R1304.md
32014R1304	Apêndice A		824	826	8	ue/regulamentos/2014/32014R1304.md
32014R1304	Apêndice B	Normas referenciadas na presente ETI	828	854	601	ue/regulamentos/2014/32014R1304.md
32014R1304	Apêndice C	Avaliação do subsistema «material circulante»	856	865	188	ue/regulamentos/2014/32014R1304.md
32014R1304	Apêndice D	Itinerários silenciosos	867	899	788	ue/regulamentos/2014/32014R1304.md
32014R1304	Apêndice E	Cepos de freio compósitos históricos	901	928	389	ue/regulamentos/2014/32014R1304.md
32014R1304	Apêndice F	Avaliação do desempenho acústico de um cepo de freio	930	1072	2054	ue/regulamentos/2014/32014R1304.md
32014R1304	Apêndice G	Cepos de freio isentos	1074	1093	213	ue/regulamentos/2014/32014R1304.md
32014R1304	Apêndice H		1095	1156	1454	ue/regulamentos/2014/32014R1304.md
32014R1307	Preâmbulo		22	48	986	ue/regulamentos/2014/32014R1307.md
32014R1307	Artigo 1.º		52	82	691	ue/regulamentos/2014/32014R1307.md
32014R1307	Artigo 2.º		84	94	232	ue/regulamentos/2014/32014R1307.md
32014R1307	Artigo 3.º		96	98	90	ue/regulamentos/2014/32014R1307.md
32014R1307	Artigo 4.º		100	124	157	ue/regulamentos/2014/32014R1307.md
32014R1311	Preâmbulo		18	36	456	ue/regulamentos/2014/32014R1311.md
32014R1311	Artigo 1.º		40	47	168	ue/regulamentos/2014/32014R1311.md
32014R1311	Artigo 2.º		49	69	282	ue/regulamentos/2014/32014R1311.md
32014R1312	Preâmbulo		18	36	420	ue/regulamentos/2014/32014R1312.md
32014R1312	Artigo 1.º		40	44	32	ue/regulamentos/2014/32014R1312.md
32014R1312	«Artigo 1.º	Objeto e âmbito de aplicação	46	98	796	ue/regulamentos/2014/32014R1312.md
32014R1312	«Artigo 14.º-A	Requisitos para os serviços de dados geográficos invocáveis	100	102	69	ue/regulamentos/2014/32014R1312.md
32014R1312	Artigo 14.º-B	Acordos de interoperabilidade e requisitos de harmonização para os serviços de dados geográficos invocáveis	104	114	170	ue/regulamentos/2014/32014R1312.md
32014R1312	Artigo 2.º		116	134	231	ue/regulamentos/2014/32014R1312.md
32014R1312	ANEXO I	«ANEXO V	136	226	1091	ue/regulamentos/2014/32014R1312.md
32014R1312	ANEXO II	«ANEXO VI	228	313	774	ue/regulamentos/2014/32014R1312.md
32014R1312	ANEXO III	«ANEXO VII	315	405	943	ue/regulamentos/2014/32014R1312.md
32014R1316	Preâmbulo		18	50	1467	ue/regulamentos/2014/32014R1316.md
32014R1316	Artigo 1.º	Aprovação da substância ativa	54	56	52	ue/regulamentos/2014/32014R1316.md
32014R1316	Artigo 2.º	Reavaliação de produtos fitofarmacêuticos	58	70	593	ue/regulamentos/2014/32014R1316.md
32014R1316	Artigo 3.º	Alterações ao Regulamento de Execução (UE) n.º 540/2011	72	74	48	ue/regulamentos/2014/32014R1316.md
32014R1316	Artigo 4.º	Prorrogação das autorizações provisórias existentes	76	78	77	ue/regulamentos/2014/32014R1316.md
32014R1316	Artigo 5.º	Entrada em vigor e data de aplicação	80	108	452	ue/regulamentos/2014/32014R1316.md
32014R1316	ANEXO I		110	116	398	ue/regulamentos/2014/32014R1316.md
32014R1316	ANEXO II		118	126	428	ue/regulamentos/2014/32014R1316.md
32014R1317	Preâmbulo		18	40	914	ue/regulamentos/2014/32014R1317.md
32014R1317	Artigo 1.º		44	46	91	ue/regulamentos/2014/32014R1317.md
32014R1317	Artigo 2.º		48	66	245	ue/regulamentos/2014/32014R1317.md
32014R1318	Preâmbulo		18	326	13861	ue/regulamentos/2014/32014R1318.md
32014R1318	Artigo 1.º		330	336	63	ue/regulamentos/2014/32014R1318.md
32014R1318	Artigo 2.º		338	366	485	ue/regulamentos/2014/32014R1318.md
32014R1318	ANEXO A	LISTA DAS TRANSPORTADORAS AÉREAS CUJAS OPERAÇÕES SÃO OBJETO DE PROIBIÇÃO NA UE, COM EXCEÇÕES [^1]	368	727	6522	ue/regulamentos/2014/32014R1318.md
32014R1318	ANEXO B	LISTA DAS TRANSPORTADORAS AÉREAS CUJAS OPERAÇÕES SÃO OBJETO DE RESTRIÇÕES OPERACIONAIS NA UE [^1]	729	752	1140	ue/regulamentos/2014/32014R1318.md
32014R1320	Preâmbulo		18	56	996	ue/regulamentos/2014/32014R1320.md
32014R1320	Artigo 1.º		60	62	31	ue/regulamentos/2014/32014R1320.md
32014R1320	Artigo 2.º		64	78	96	ue/regulamentos/2014/32014R1320.md
32014R1320	ANEXO	Interpretação dos anexos A, B, C e D	80	2157	32889	ue/regulamentos/2014/32014R1320.md
32014R1321	Artigo 1.º	Objeto e âmbito de aplicação	46	58	277	ue/regulamentos/2014/32014R1321.md
32014R1321	Artigo 2.º	Definições	60	195	2075	ue/regulamentos/2014/32014R1321.md
32014R1321	Artigo 3.º	Requisitos de aeronavegabilidade permanente	197	243	964	ue/regulamentos/2014/32014R1321.md
32014R1321	Artigo 4.º	Certificação das entidades envolvidas na aeronavegabilidade permanente	245	275	1054	ue/regulamentos/2014/32014R1321.md
32014R1321	Artigo 5.º	Pessoal de certificação	277	311	890	ue/regulamentos/2014/32014R1321.md
32014R1321	Artigo 6.º		313	343	566	ue/regulamentos/2014/32014R1321.md
32014R1321	Artigo 7.º		345	351	62	ue/regulamentos/2014/32014R1321.md
32014R1321	Artigo 7.º- A	Autoridades competentes	353	379	515	ue/regulamentos/2014/32014R1321.md
32014R1321	Artigo 8.º	Entrada em vigor	381	441	1212	ue/regulamentos/2014/32014R1321.md
32014R1321	ANEXO I	(PARTE M)	443	2534	37347	ue/regulamentos/2014/32014R1321.md
32014R1321	Apêndice I		2536	2716	3389	ue/regulamentos/2014/32014R1321.md
32014R1321	Apêndice II	Certificado Autorizado de Aptidão para Serviço — Formulário 1 da AESA	2718	2934	4084	ue/regulamentos/2014/32014R1321.md
32014R1321	Apêndice III		2936	3058	956	ue/regulamentos/2014/32014R1321.md
32014R1321	Apêndice IV	Sistema de classes e de categorias a utilizar para os termos de certificação das entidades de manutenção a que se refere o anexo I (parte M), subparte F	3060	3136	2793	ue/regulamentos/2014/32014R1321.md
32014R1321	Apêndice V	Certificado da entidade de manutenção referido no anexo I (parte M), subparte F – Formulário 3-MF da AESA	3138	3225	1047	ue/regulamentos/2014/32014R1321.md
32014R1321	Apêndice VI	Certificado da entidade de gestão da aeronavegabilidade permanente referido na subparte G do anexo I (parte M) — Formulário 14-MG da AESA	3227	3316	1212	ue/regulamentos/2014/32014R1321.md
32014R1321	Apêndice VII	Trabalhos de Manutenção Complexos	3318	3408	1035	ue/regulamentos/2014/32014R1321.md
32014R1321	Apêndice VIII	Manutenção Limitada efetuada pelo Piloto-Proprietário	3410	3468	946	ue/regulamentos/2014/32014R1321.md
32014R1321	ANEXO II	(PARTE 145)	3470	4571	24109	ue/regulamentos/2014/32014R1321.md
32014R1321	Apêndice I	Certificado Autorizado de Aptidão para Serviço — Formulário 1 da AESA	4573	4577	38	ue/regulamentos/2014/32014R1321.md
32014R1321	Apêndice II		4579	4677	3199	ue/regulamentos/2014/32014R1321.md
32014R1321	Apêndice III		4679	4855	930	ue/regulamentos/2014/32014R1321.md
32014R1321	Apêndice IV	Condições para o recurso a pessoal não qualificado em conformidade com o anexo III (parte 66), a que se refere o ponto 145.A.30, alínea j) 1 e 2	4857	4879	719	ue/regulamentos/2014/32014R1321.md
32014R1321	ANEXO III	(PARTE 66)	4881	6001	18426	ue/regulamentos/2014/32014R1321.md
32014R1321	Apêndice I	Requisitos relaSTIvos aos conhecimentos básicos	6003	6619	7506	ue/regulamentos/2014/32014R1321.md
32014R1321	Apêndice II	Normas de exames de base	6621	6892	2677	ue/regulamentos/2014/32014R1321.md
32014R1321	Apêndice III	Normas de formação de tipo e de avaliação de tipo de aeronave — formação em contexto real de trabalho	6894	7617	13572	ue/regulamentos/2014/32014R1321.md
32014R1321	Apêndice IV	Experiência e módulos ou módulos parciais de conhecimentos básicos necessários para alargamento do âmbito da licença de manutenção aeronáutica prevista na parte	7619	7713	3106	ue/regulamentos/2014/32014R1321.md
32014R1321	Apêndice V		7715	7767	488	ue/regulamentos/2014/32014R1321.md
32014R1321	Apêndice VI		7769	7937	1830	ue/regulamentos/2014/32014R1321.md
32014R1321	Apêndice VII		7939	8144	2398	ue/regulamentos/2014/32014R1321.md
32014R1321	Apêndice VIII		8146	8220	729	ue/regulamentos/2014/32014R1321.md
32014R1321	Apêndice IX		8222	8328	1974	ue/regulamentos/2014/32014R1321.md
32014R1321	ANEXO IV	(PARTE147)	8330	8856	7938	ue/regulamentos/2014/32014R1321.md
32014R1321	Apêndice I		8858	8882	232	ue/regulamentos/2014/32014R1321.md
32014R1321	Apêndice II		8884	8940	524	ue/regulamentos/2014/32014R1321.md
32014R1321	Apêndice III		8942	8999	2130	ue/regulamentos/2014/32014R1321.md
32014R1321	ANEXO V	Regulamento revogado com a lista das suas alterações sucessivas	9001	9013	181	ue/regulamentos/2014/32014R1321.md
32014R1321	ANEXO V-A		9015	9332	3834	ue/regulamentos/2014/32014R1321.md
32014R1321	ANEXO V-B		9334	10412	18944	ue/regulamentos/2014/32014R1321.md
32014R1321	Apêndice I		10414	10522	1837	ue/regulamentos/2014/32014R1321.md
32014R1321	Apêndice II		10524	10568	880	ue/regulamentos/2014/32014R1321.md
32014R1321	Apêndice III		10570	10666	1100	ue/regulamentos/2014/32014R1321.md
32014R1321	Apêndice IV		10668	10760	820	ue/regulamentos/2014/32014R1321.md
32014R1321	ANEXO V-C		10762	11688	18596	ue/regulamentos/2014/32014R1321.md
32014R1321	Apêndice I	Certificado da entidade de gestão da aeronavegabilidade permanente — Formulário 14 da AESA	11690	11777	1164	ue/regulamentos/2014/32014R1321.md
32014R1321	ANEXO V-D		11779	12526	13207	ue/regulamentos/2014/32014R1321.md
32014R1321	Apêndice I		12528	12602	1374	ue/regulamentos/2014/32014R1321.md
32014R1321	ANEXO VI	Quadro de correspondência	12604	12662	1180	ue/regulamentos/2014/32014R1321.md
32014R1322	Artigo 1.º	Objeto	39	41	171	ue/regulamentos/2014/32014R1322.md
32014R1322	Artigo 2.º	Definições	43	59	380	ue/regulamentos/2014/32014R1322.md
32014R1322	Artigo 3.º	Obrigações gerais dos fabricantes no que diz respeito à construção dos veículos	63	71	386	ue/regulamentos/2014/32014R1322.md
32014R1322	Artigo 4.º	Aplicação dos regulamentos da UNECE	73	75	65	ue/regulamentos/2014/32014R1322.md
32014R1322	Artigo 5.º	Reconhecimento dos relatórios de ensaio emitidos com base nos códigos da OCDE para efeitos de homologação UE	77	79	110	ue/regulamentos/2014/32014R1322.md
32014R1322	Artigo 6.º	Disposições relativas aos procedimentos de homologação e requisitos aplicáveis aos ensaios virtuais	81	83	102	ue/regulamentos/2014/32014R1322.md
32014R1322	Artigo 7.º	Disposições relativas à conformidade da produção	85	87	61	ue/regulamentos/2014/32014R1322.md
32014R1322	Artigo 8.º	Requisitos relativos ao acesso à informação sobre reparação e manutenção	89	91	73	ue/regulamentos/2014/32014R1322.md
32014R1322	Artigo 9.º	Requisitos aplicáveis às estruturas de proteção em caso de capotagem (ensaio dinâmico)	93	95	114	ue/regulamentos/2014/32014R1322.md
32014R1322	Artigo 10.º	Requisitos aplicáveis às estruturas de proteção em caso de capotagem (tratores de lagartas)	97	99	119	ue/regulamentos/2014/32014R1322.md
32014R1322	Artigo 11.º	Requisitos aplicáveis às estruturas de proteção em caso de capotagem (ensaio estático)	101	103	178	ue/regulamentos/2014/32014R1322.md
32014R1322	Artigo 12.º	Requisitos aplicáveis às estruturas de proteção em caso de capotagem (montadas na frente em tratores de via estreita)	105	107	133	ue/regulamentos/2014/32014R1322.md
32014R1322	Artigo 13.º	Requisitos aplicáveis às estruturas de proteção em caso de capotagem (estruturas de proteção em caso de capotagem montadas na retaguarda em tratores de via estr	109	111	144	ue/regulamentos/2014/32014R1322.md
32014R1322	Artigo 14.º	Requisitos aplicáveis às estruturas de proteção contra a queda de objetos	113	115	102	ue/regulamentos/2014/32014R1322.md
32014R1322	Artigo 15.º	Requisitos aplicáveis aos bancos dos passageiros	117	119	89	ue/regulamentos/2014/32014R1322.md
32014R1322	Artigo 16.º	Requisitos aplicáveis à exposição do condutor ao nível sonoro	121	123	96	ue/regulamentos/2014/32014R1322.md
32014R1322	Artigo 17.º	Requisitos aplicáveis ao banco do condutor	125	127	86	ue/regulamentos/2014/32014R1322.md
32014R1322	Artigo 18.º	Requisitos aplicáveis ao espaço de manobra e ao acesso ao lugar de condução	129	131	102	ue/regulamentos/2014/32014R1322.md
32014R1322	Artigo 19.º	Requisitos aplicáveis às tomadas de força	133	135	86	ue/regulamentos/2014/32014R1322.md
32014R1322	Artigo 20.º	Requisitos aplicáveis à proteção dos elementos motores	137	139	92	ue/regulamentos/2014/32014R1322.md
32014R1322	Artigo 21.º	Requisitos aplicáveis às fixações dos cintos de segurança	141	143	94	ue/regulamentos/2014/32014R1322.md
32014R1322	Artigo 22.º	Requisitos aplicáveis aos cintos de segurança	145	147	88	ue/regulamentos/2014/32014R1322.md
32014R1322	Artigo 23.º	Requisitos aplicáveis à proteção contra a penetração de objetos	149	151	96	ue/regulamentos/2014/32014R1322.md
32014R1322	Artigo 24.º	Requisitos aplicáveis aos sistemas de escape	153	155	88	ue/regulamentos/2014/32014R1322.md
32014R1322	Artigo 25.º	Requisitos aplicáveis ao manual do utilizador	157	159	106	ue/regulamentos/2014/32014R1322.md
32014R1322	Artigo 26.º	Requisitos aplicáveis aos dispositivos de comando, incluindo segurança e fiabilidade dos sistemas de comando e dispositivos de paragem de emergência e de parage	161	163	152	ue/regulamentos/2014/32014R1322.md
32014R1322	Artigo 27.º	Requisitos aplicáveis à proteção contra outros riscos mecânicos	165	167	156	ue/regulamentos/2014/32014R1322.md
32014R1322	Artigo 28.º	Requisitos aplicáveis a resguardos e dispositivos de proteção	169	171	98	ue/regulamentos/2014/32014R1322.md
32014R1322	Artigo 29.º	Requisitos aplicáveis a informações, avisos e marcações	173	175	126	ue/regulamentos/2014/32014R1322.md
32014R1322	Artigo 30.º	Requisitos aplicáveis aos materiais e produtos	177	179	89	ue/regulamentos/2014/32014R1322.md
32014R1322	Artigo 31.º	Requisitos aplicáveis às baterias	181	183	82	ue/regulamentos/2014/32014R1322.md
32014R1322	Artigo 32.º	Requisitos aplicáveis à proteção contra substâncias perigosas	185	187	96	ue/regulamentos/2014/32014R1322.md
32014R1322	Artigo 33.º	Normas de desempenho e avaliação dos serviços técnicos	191	193	79	ue/regulamentos/2014/32014R1322.md
32014R1322	Artigo 34.º	Autorização de realização de autoensaios	195	197	69	ue/regulamentos/2014/32014R1322.md
32014R1322	Artigo 35.º	Homologação nacional de veículos, sistemas, componentes ou unidades técnicas	201	203	103	ue/regulamentos/2014/32014R1322.md
32014R1322	Artigo 35.º-A	Disposições transitórias	209	215	166	ue/regulamentos/2014/32014R1322.md
32014R1322	Artigo 36.º	Alterações ao anexo I do Regulamento (UE) n.º 167/2013	217	227	140	ue/regulamentos/2014/32014R1322.md
32014R1322	Artigo 37.º	Entrada em vigor e aplicação	229	235	89	ue/regulamentos/2014/32014R1322.md
32014R1322	ANEXO I		274	294	380	ue/regulamentos/2014/32014R1322.md
32014R1322	ANEXO II		296	308	595	ue/regulamentos/2014/32014R1322.md
32014R1322	ANEXO III		310	472	3111	ue/regulamentos/2014/32014R1322.md
32014R1322	ANEXO IV		474	584	3533	ue/regulamentos/2014/32014R1322.md
32014R1322	ANEXO V		586	735	3296	ue/regulamentos/2014/32014R1322.md
32014R1322	Apêndice 1		737	797	1565	ue/regulamentos/2014/32014R1322.md
32014R1322	Apêndice 2		799	855	861	ue/regulamentos/2014/32014R1322.md
32014R1322	ANEXO VI		857	1404	9603	ue/regulamentos/2014/32014R1322.md
32014R1322	ANEXO VII		1406	1983	9666	ue/regulamentos/2014/32014R1322.md
32014R1322	ANEXO VIII		1985	2758	11276	ue/regulamentos/2014/32014R1322.md
32014R1322	ANEXO IX		2760	5679	32494	ue/regulamentos/2014/32014R1322.md
32014R1322	ANEXO X		5681	6886	20030	ue/regulamentos/2014/32014R1322.md
32014R1322	ANEXO XI		6888	7156	5516	ue/regulamentos/2014/32014R1322.md
32014R1322	ANEXO XII		7158	7166	151	ue/regulamentos/2014/32014R1322.md
32014R1322	ANEXO XIII		7168	7340	3380	ue/regulamentos/2014/32014R1322.md
32014R1322	ANEXO XIV		7342	7717	7765	ue/regulamentos/2014/32014R1322.md
32014R1322	Apêndice 1		7719	7723	37	ue/regulamentos/2014/32014R1322.md
32014R1322	Apêndice 2		7725	8367	3378	ue/regulamentos/2014/32014R1322.md
32014R1322	Apêndice 3		8369	9086	3196	ue/regulamentos/2014/32014R1322.md
32014R1322	Apêndice 4a		9088	9805	3220	ue/regulamentos/2014/32014R1322.md
32014R1322	Apêndice 4b		9807	10846	5734	ue/regulamentos/2014/32014R1322.md
32014R1322	Apêndice 5		10848	10856	32	ue/regulamentos/2014/32014R1322.md
32014R1322	Apêndice 6		10858	10862	30	ue/regulamentos/2014/32014R1322.md
32014R1322	Apêndice 7		10864	10898	562	ue/regulamentos/2014/32014R1322.md
32014R1322	Apêndice 8		10900	10936	565	ue/regulamentos/2014/32014R1322.md
32014R1322	ANEXO XV		10938	11056	2902	ue/regulamentos/2014/32014R1322.md
32014R1322	Apêndice 1		11058	11104	154	ue/regulamentos/2014/32014R1322.md
32014R1322	ANEXO XVI		11106	11128	512	ue/regulamentos/2014/32014R1322.md
32014R1322	ANEXO XVII		11130	11426	5439	ue/regulamentos/2014/32014R1322.md
32014R1322	ANEXO XVIII		11428	11542	2244	ue/regulamentos/2014/32014R1322.md
32014R1322	ANEXO XIX		11544	11550	164	ue/regulamentos/2014/32014R1322.md
32014R1322	ANEXO XX		11552	11558	129	ue/regulamentos/2014/32014R1322.md
32014R1322	ANEXO XXI		11560	11590	414	ue/regulamentos/2014/32014R1322.md
32014R1322	ANEXO XXII		11592	11798	2880	ue/regulamentos/2014/32014R1322.md
32014R1322	ANEXO XXIII		11800	11993	4112	ue/regulamentos/2014/32014R1322.md
32014R1322	Apêndice 1		11995	12021	322	ue/regulamentos/2014/32014R1322.md
32014R1322	Apêndice 2		12023	12029	48	ue/regulamentos/2014/32014R1322.md
32014R1322	ANEXO XXIV		12031	12083	863	ue/regulamentos/2014/32014R1322.md
32014R1322	ANEXO XXV		12085	12101	165	ue/regulamentos/2014/32014R1322.md
32014R1322	ANEXO XXVI		12103	12137	455	ue/regulamentos/2014/32014R1322.md
32014R1322	ANEXO XXVII		12139	12153	183	ue/regulamentos/2014/32014R1322.md
32014R1322	ANEXO XXVIII		12155	12178	399	ue/regulamentos/2014/32014R1322.md
32014R1322	ANEXO XXIX		12180	12206	373	ue/regulamentos/2014/32014R1322.md
32014R1322	ANEXO XXX		12208	12246	920	ue/regulamentos/2014/32014R1322.md
32014R1323	Preâmbulo		18	44	547	ue/regulamentos/2014/32014R1323.md
32014R1323	Artigo 1.º		48	52	28	ue/regulamentos/2014/32014R1323.md
32014R1323	«Artigo 7.º-A		54	78	823	ue/regulamentos/2014/32014R1323.md
32014R1323	«Artigo 27.º		80	94	333	ue/regulamentos/2014/32014R1323.md
32014R1323	«Artigo 27.º-A		96	102	129	ue/regulamentos/2014/32014R1323.md
32014R1323	Artigo 2.º		104	122	195	ue/regulamentos/2014/32014R1323.md
32014R1323	ANEXO I	«ANEXO V-A	124	164	765	ue/regulamentos/2014/32014R1323.md
32014R1323	ANEXO II	«ANEXO V-B	166	198	598	ue/regulamentos/2014/32014R1323.md
32014R1329	Artigo 1.º		52	62	255	ue/regulamentos/2014/32014R1329.md
32014R1329	Artigo 2.º		64	68	56	ue/regulamentos/2014/32014R1329.md
32014R1329	ANEXO 1		70	84	32	ue/regulamentos/2014/32014R1329.md
32014R1329	ANEXO 2		86	98	28	ue/regulamentos/2014/32014R1329.md
32014R1329	ANEXO 3		100	110	24	ue/regulamentos/2014/32014R1329.md
32014R1329	ANEXO 4		112	146	73	ue/regulamentos/2014/32014R1329.md
32014R1329	ANEXO 5		148	188	93	ue/regulamentos/2014/32014R1329.md
32014R1330	Preâmbulo		18	50	1443	ue/regulamentos/2014/32014R1330.md
32014R1330	Artigo 1.º	Aprovação da substância ativa	54	56	45	ue/regulamentos/2014/32014R1330.md
32014R1330	Artigo 2.º	Reavaliação de produtos fitofarmacêuticos	58	70	551	ue/regulamentos/2014/32014R1330.md
32014R1330	Artigo 3.º	Alteração do Regulamento de Execução (UE) n.º 540/2011	72	74	48	ue/regulamentos/2014/32014R1330.md
32014R1330	Artigo 4.º	Entrada em vigor e data de aplicação	76	104	500	ue/regulamentos/2014/32014R1330.md
32014R1330	ANEXO I		106	112	532	ue/regulamentos/2014/32014R1330.md
32014R1330	ANEXO II		114	122	561	ue/regulamentos/2014/32014R1330.md
32014R1333	Artigo 1.º	Definições	38	116	2591	ue/regulamentos/2014/32014R1333.md
32014R1333	Artigo 2.º	População inquirida efetiva	118	138	916	ue/regulamentos/2014/32014R1333.md
32014R1333	Artigo 3.º	Requisitos de prestação de informação estatística	140	160	720	ue/regulamentos/2014/32014R1333.md
32014R1333	Artigo 4.º	Prazos de comunicação	162	182	458	ue/regulamentos/2014/32014R1333.md
32014R1333	Artigo 6.º	Fusões, cisões, reorganizações e insolvências	184	210	1044	ue/regulamentos/2014/32014R1333.md
32014R1333	Artigo 7.º	Disposições relativas à confidencialidade	212	216	240	ue/regulamentos/2014/32014R1333.md
32014R1333	Artigo 8.º	Verificação e recolha coerciva de informação	218	220	154	ue/regulamentos/2014/32014R1333.md
32014R1333	Artigo 9.º	Procedimento simplificado de alteração	222	224	120	ue/regulamentos/2014/32014R1333.md
32014R1333	Artigo 10.º	Reporte inicial	226	234	525	ue/regulamentos/2014/32014R1333.md
32014R1333	Artigo 11.º	Cláusula de revisão periódica	236	238	108	ue/regulamentos/2014/32014R1333.md
32014R1333	Artigo 12.º	Disposição transitória	240	242	91	ue/regulamentos/2014/32014R1333.md
32014R1333	Artigo 13.º	Disposições finais	244	250	62	ue/regulamentos/2014/32014R1333.md
32014R1333	ANEXO I		252	301	1930	ue/regulamentos/2014/32014R1333.md
32014R1333	ANEXO II		303	367	2762	ue/regulamentos/2014/32014R1333.md
32014R1333	ANEXO III		369	439	2123	ue/regulamentos/2014/32014R1333.md
32014R1333	ANEXO IV	Padrões mínimos a observar pela população inquirida efetiva	441	515	1688	ue/regulamentos/2014/32014R1333.md
32014R1334	Preâmbulo		18	52	1521	ue/regulamentos/2014/32014R1334.md
32014R1334	Artigo 1.º	Aprovação da substância ativa	56	58	46	ue/regulamentos/2014/32014R1334.md
32014R1334	Artigo 2.º	Reavaliação de produtos fitofarmacêuticos	60	72	552	ue/regulamentos/2014/32014R1334.md
32014R1334	Artigo 3.º	Alteração do Regulamento de Execução (UE) n.º 540/2011	74	76	48	ue/regulamentos/2014/32014R1334.md
32014R1334	Artigo 4.º	Prorrogação das autorizações provisórias existentes	78	80	66	ue/regulamentos/2014/32014R1334.md
32014R1334	Artigo 5.º	Entrada em vigor e data de aplicação	82	112	597	ue/regulamentos/2014/32014R1334.md
32014R1334	ANEXO I		114	120	464	ue/regulamentos/2014/32014R1334.md
32014R1334	ANEXO II		122	130	494	ue/regulamentos/2014/32014R1334.md
32014R1336	Preâmbulo		18	44	540	ue/regulamentos/2014/32014R1336.md
32014R1336	Artigo 1.º		48	50	54	ue/regulamentos/2014/32014R1336.md
32014R1336	Artigo 2.º		52	68	176	ue/regulamentos/2014/32014R1336.md
32014R1338	Preâmbulo		18	46	962	ue/regulamentos/2014/32014R1338.md
32014R1338	Artigo 1.º		50	54	35	ue/regulamentos/2014/32014R1338.md
32014R1338	«Artigo 2.º		56	60	175	ue/regulamentos/2014/32014R1338.md
32014R1338	Artigo 2.º		62	84	320	ue/regulamentos/2014/32014R1338.md
32014R1338	ANEXO		86	91	212	ue/regulamentos/2014/32014R1338.md
32014R1343	Preâmbulo		18	42	640	ue/regulamentos/2014/32014R1343.md
32014R1343	Artigo 1.º		46	50	30	ue/regulamentos/2014/32014R1343.md
32014R1343	«Artigo 26.º-A	Correções financeiras a efetuar pela autoridade de gestão conjunta	52	83	1126	ue/regulamentos/2014/32014R1343.md
32014R1343	Artigo 2.º		85	105	232	ue/regulamentos/2014/32014R1343.md
32014R1344	Preâmbulo		18	44	658	ue/regulamentos/2014/32014R1344.md
32014R1344	Artigo 1.º		48	50	39	ue/regulamentos/2014/32014R1344.md
32014R1344	Artigo 2.º		52	54	39	ue/regulamentos/2014/32014R1344.md
32014R1344	Artigo 3.º		56	78	296	ue/regulamentos/2014/32014R1344.md
32014R1345	Preâmbulo		18	42	670	ue/regulamentos/2014/32014R1345.md
32014R1345	Artigo 1.º		46	48	72	ue/regulamentos/2014/32014R1345.md
32014R1345	Artigo 2.º		50	64	97	ue/regulamentos/2014/32014R1345.md
32014R1347	Preâmbulo		18	728	16406	ue/regulamentos/2014/32014R1347.md
32014R1347	Artigo 1.º		732	736	115	ue/regulamentos/2014/32014R1347.md
32014R1347	Artigo 2.º		738	782	930	ue/regulamentos/2014/32014R1347.md
32014R1350	Preâmbulo		18	42	511	ue/regulamentos/2014/32014R1350.md
32014R1350	Artigo 1.º		46	80	392	ue/regulamentos/2014/32014R1350.md
32014R1350	Artigo 2.º		82	104	295	ue/regulamentos/2014/32014R1350.md
32014R1351	Artigo 1.º		64	182	2291	ue/regulamentos/2014/32014R1351.md
32014R1351	Artigo 2.º		184	188	62	ue/regulamentos/2014/32014R1351.md
32014R1351	ANEXO I		190	190	3	ue/regulamentos/2014/32014R1351.md
32014R1351	ANEXO II		360	360	3	ue/regulamentos/2014/32014R1351.md
32014R1352	Artigo 1.º		40	88	1035	ue/regulamentos/2014/32014R1352.md
32014R1352	Artigo 1.º-A		90	98	228	ue/regulamentos/2014/32014R1352.md
32014R1352	Artigo 2.º		100	122	435	ue/regulamentos/2014/32014R1352.md
32014R1352	Artigo 3.º		124	144	548	ue/regulamentos/2014/32014R1352.md
32014R1352	Artigo 3.º-A		146	156	209	ue/regulamentos/2014/32014R1352.md
32014R1352	Artigo 4.º		158	170	356	ue/regulamentos/2014/32014R1352.md
32014R1352	Artigo 5.º		172	174	146	ue/regulamentos/2014/32014R1352.md
32014R1352	Artigo 6.º		176	188	291	ue/regulamentos/2014/32014R1352.md
32014R1352	Artigo 7.º		190	198	240	ue/regulamentos/2014/32014R1352.md
32014R1352	Artigo 8.º		200	212	264	ue/regulamentos/2014/32014R1352.md
32014R1352	Artigo 9.º		214	226	236	ue/regulamentos/2014/32014R1352.md
32014R1352	Artigo 10.º		228	232	48	ue/regulamentos/2014/32014R1352.md
32014R1352	Artigo 11.º		234	238	200	ue/regulamentos/2014/32014R1352.md
32014R1352	Artigo 12.º		240	250	327	ue/regulamentos/2014/32014R1352.md
32014R1352	Artigo 13.º		252	264	206	ue/regulamentos/2014/32014R1352.md
32014R1352	Artigo 14.º		266	268	31	ue/regulamentos/2014/32014R1352.md
32014R1352	Artigo 15.º		270	276	237	ue/regulamentos/2014/32014R1352.md
32014R1352	Artigo 16.º		278	282	111	ue/regulamentos/2014/32014R1352.md
32014R1352	Artigo 17.º		284	290	188	ue/regulamentos/2014/32014R1352.md
32014R1352	Artigo 18.º		292	304	150	ue/regulamentos/2014/32014R1352.md
32014R1352	Artigo 19.º		306	312	60	ue/regulamentos/2014/32014R1352.md
32014R1352	ANEXO I		314	620	9167	ue/regulamentos/2014/32014R1352.md
32014R1352	ANEXO II	SÍTIOS INTERNET PARA INFORMAÇÃO SOBRE AS AUTORIDADES COMPETENTES E ENDEREÇO DA COMISSÃO EUROPEIA PARA O ENVIO DE NOTIFICAÇÕES	622	746	659	ue/regulamentos/2014/32014R1352.md
32014R1355	Preâmbulo		18	86	4666	ue/regulamentos/2014/32014R1355.md
32014R1355	Artigo 1.º		90	95	210	ue/regulamentos/2014/32014R1355.md
32014R1355	Artigo 2.º		97	119	263	ue/regulamentos/2014/32014R1355.md
32014R1357	Preâmbulo		18	50	932	ue/regulamentos/2014/32014R1357.md
32014R1357	Artigo 1.º		54	56	28	ue/regulamentos/2014/32014R1357.md
32014R1357	Artigo 2.º		58	80	480	ue/regulamentos/2014/32014R1357.md
32014R1357	ANEXO	«ANEXO III	82	282	4108	ue/regulamentos/2014/32014R1357.md
32014R1359	Preâmbulo		18	52	872	ue/regulamentos/2014/32014R1359.md
32014R1359	Artigo 1.º		56	58	30	ue/regulamentos/2014/32014R1359.md
32014R1359	Artigo 2.º		60	78	175	ue/regulamentos/2014/32014R1359.md
32014R1359	ANEXO		80	87	303	ue/regulamentos/2014/32014R1359.md
32014R1360	Preâmbulo		18	46	866	ue/regulamentos/2014/32014R1360.md
32014R1360	Artigo 1.º		50	52	50	ue/regulamentos/2014/32014R1360.md
32014R1360	Artigo 2.º		54	56	34	ue/regulamentos/2014/32014R1360.md
32014R1360	Artigo 3.º		58	92	799	ue/regulamentos/2014/32014R1360.md
32014R1360	ANEXO I	DEDUÇÕES DE QUOTAS ATRIBUÍDAS PARA UNIDADES POPULACIONAIS QUE NÃO FORAM SOBREEXPLORADAS	94	155	1936	ue/regulamentos/2014/32014R1360.md
32014R1360	ANEXO II		157	251	3466	ue/regulamentos/2014/32014R1360.md
32014R1362	Preâmbulo		18	44	939	ue/regulamentos/2014/32014R1362.md
32014R1362	Artigo 1.º	Aprovação por procedimento simplificado das alterações dos programas operacionais	48	58	406	ue/regulamentos/2014/32014R1362.md
32014R1362	Artigo 2.º	Formato e apresentação dos relatórios anuais de execução	60	62	83	ue/regulamentos/2014/32014R1362.md
32014R1362	Artigo 3.º		64	341	5586	ue/regulamentos/2014/32014R1362.md
32014R1367	Artigo 1.º	Objeto	66	68	79	ue/regulamentos/2014/32014R1367.md
32014R1367	Artigo 2.º	Definições	70	88	280	ue/regulamentos/2014/32014R1367.md
32014R1367	Artigo 3.º	TAC e sua repartição	90	92	85	ue/regulamentos/2014/32014R1367.md
32014R1367	Artigo 4.º	Disposições especiais relativas à repartição das possibilidades de pesca	94	106	262	ue/regulamentos/2014/32014R1367.md
32014R1367	Artigo 5.º	Condições de desembarque das capturas e das capturas acessórias	108	110	86	ue/regulamentos/2014/32014R1367.md
32014R1367	Artigo 6.º	Transmissão de dados	112	114	82	ue/regulamentos/2014/32014R1367.md
32014R1367	Artigo 7.º	Entrada em vigor	116	122	84	ue/regulamentos/2014/32014R1367.md
32014R1367	ANEXO		124	421	4039	ue/regulamentos/2014/32014R1367.md
32014R1368	Preâmbulo		18	42	540	ue/regulamentos/2014/32014R1368.md
32014R1368	Artigo 1.º		46	57	117	ue/regulamentos/2014/32014R1368.md
32014R1368	Artigo 2.º		59	61	21	ue/regulamentos/2014/32014R1368.md
32014R1368	Artigo 3.º		63	83	217	ue/regulamentos/2014/32014R1368.md
32014R1369	Preâmbulo		18	34	305	ue/regulamentos/2014/32014R1369.md
32014R1369	Artigo 1.º		38	40	38	ue/regulamentos/2014/32014R1369.md
32014R1369	Artigo 2.º		42	62	139	ue/regulamentos/2014/32014R1369.md
32014R1370	Preâmbulo		18	52	1121	ue/regulamentos/2014/32014R1370.md
32014R1370	Artigo 1.º		56	62	156	ue/regulamentos/2014/32014R1370.md
32014R1370	Artigo 2.º		64	70	144	ue/regulamentos/2014/32014R1370.md
32014R1370	Artigo 3.º		72	78	98	ue/regulamentos/2014/32014R1370.md
32014R1370	Artigo 4.º		80	96	190	ue/regulamentos/2014/32014R1370.md
32014R1371	Preâmbulo		18	40	692	ue/regulamentos/2014/32014R1371.md
32014R1371	Artigo 1.º	Alteração do Regulamento de Delegado (UE) n.º 1031/2014	44	97	864	ue/regulamentos/2014/32014R1371.md
32014R1371	«Artigo 11.º	Pagamento da assistência financeira da União	99	117	210	ue/regulamentos/2014/32014R1371.md
32014R1371	Artigo 2.º	Entrada em vigor	119	137	224	ue/regulamentos/2014/32014R1371.md
32014R1371	ANEXO I	«ANEXO I-A	139	156	193	ue/regulamentos/2014/32014R1371.md
32014R1371	ANEXO II	«ANEXO III	158	324	1897	ue/regulamentos/2014/32014R1371.md
32014R1374	Preâmbulo		18	50	1800	ue/regulamentos/2014/32014R1374.md
32014R1374	Artigo 1.º	Definições	54	98	904	ue/regulamentos/2014/32014R1374.md
32014R1374	Artigo 2.º	População efetivamente inquirida	100	114	370	ue/regulamentos/2014/32014R1374.md
32014R1374	Artigo 3.º	Lista de sociedades de seguros para fins estatísticos	116	124	316	ue/regulamentos/2014/32014R1374.md
32014R1374	Artigo 4.º	Requisitos de prestação de informação estatística	126	148	657	ue/regulamentos/2014/32014R1374.md
32014R1374	Artigo 5.º	Ajustamentos de reavaliação e operações financeiras	150	162	289	ue/regulamentos/2014/32014R1374.md
32014R1374	Artigo 6.º	Normas contabilísticas	164	170	291	ue/regulamentos/2014/32014R1374.md
32014R1374	Artigo 7.º	Derrogações	172	188	569	ue/regulamentos/2014/32014R1374.md
32014R1374	Artigo 8.º	Prazos de comunicação	190	194	186	ue/regulamentos/2014/32014R1374.md
32014R1374	Artigo 9.º	Padrões mínimos e procedimentos nacionais de reporte	196	200	176	ue/regulamentos/2014/32014R1374.md
32014R1374	Artigo 10.º	Fusões, cisões e reestruturações	202	204	141	ue/regulamentos/2014/32014R1374.md
32014R1374	Artigo 11.º	Verificação e recolha coerciva de informação	206	208	140	ue/regulamentos/2014/32014R1374.md
32014R1374	Artigo 12.º	Reporte inicial	210	214	151	ue/regulamentos/2014/32014R1374.md
32014R1374	Artigo 13.º	Disposição final	216	244	448	ue/regulamentos/2014/32014R1374.md
32014R1374	ANEXO I	REQUISITOS DE INFORMAÇÃO ESTATÍSTICA	246	925	9600	ue/regulamentos/2014/32014R1374.md
32014R1374	ANEXO II	DESCRIÇÕES	927	1071	8515	ue/regulamentos/2014/32014R1374.md
32014R1374	ANEXO III	PADRÕES MÍNIMOS A OBSERVAR PELA POPULAÇÃO EFETIVAMENTE INQUIRIDA	1073	1109	661	ue/regulamentos/2014/32014R1374.md
32014R1380	Preâmbulo		18	34	389	ue/regulamentos/2014/32014R1380.md
32014R1380	Artigo 1.º		38	44	152	ue/regulamentos/2014/32014R1380.md
32014R1380	Artigo 2.º		46	64	239	ue/regulamentos/2014/32014R1380.md
32014R1385	Preâmbulo		18	40	466	ue/regulamentos/2014/32014R1385.md
32014R1385	Artigo 1.º		44	71	287	ue/regulamentos/2014/32014R1385.md
32014R1385	Artigo 2.º		73	95	435	ue/regulamentos/2014/32014R1385.md
32014R1386	Preâmbulo		18	40	728	ue/regulamentos/2014/32014R1386.md
32014R1386	Artigo 1.º	Alteração do Regulamento (UE) n.º 978/2012	44	49	60	ue/regulamentos/2014/32014R1386.md
32014R1386	Artigo 2.º	Entrada em vigor	51	65	99	ue/regulamentos/2014/32014R1386.md
32014R1389	Preâmbulo		18	34	327	ue/regulamentos/2014/32014R1389.md
32014R1389	Artigo 1.º		38	40	39	ue/regulamentos/2014/32014R1389.md
32014R1389	Artigo 2.º		42	64	258	ue/regulamentos/2014/32014R1389.md
32014R1390	Preâmbulo		18	46	801	ue/regulamentos/2014/32014R1390.md
32014R1390	Artigo 1.º		50	52	30	ue/regulamentos/2014/32014R1390.md
32014R1390	Artigo 2.º		54	72	175	ue/regulamentos/2014/32014R1390.md
32014R1390	ANEXO		74	81	250	ue/regulamentos/2014/32014R1390.md
32014R1397	Preâmbulo		18	36	304	ue/regulamentos/2014/32014R1397.md
32014R1397	Artigo 1.º		40	42	32	ue/regulamentos/2014/32014R1397.md
32014R1397	Artigo 2.º		44	62	236	ue/regulamentos/2014/32014R1397.md
32014R1397	ANEXO	«ANEXO	64	118	651	ue/regulamentos/2014/32014R1397.md
32014R1398	Preâmbulo		18	46	1335	ue/regulamentos/2014/32014R1398.md
32014R1398	Artigo 1.º	Objeto	52	64	244	ue/regulamentos/2014/32014R1398.md
32014R1398	Artigo 2.º	Definições	66	78	355	ue/regulamentos/2014/32014R1398.md
32014R1398	Artigo 3.º	Quadro de competências	82	108	302	ue/regulamentos/2014/32014R1398.md
32014R1398	Artigo 4.º	Plano de aprendizagem e desenvolvimento	110	136	337	ue/regulamentos/2014/32014R1398.md
32014R1398	Artigo 5.º	Processo de avaliação e documentação	140	154	468	ue/regulamentos/2014/32014R1398.md
32014R1398	Artigo 6.º	Reconhecimento profissional	156	174	268	ue/regulamentos/2014/32014R1398.md
32014R1398	Artigo 7.º	Reconhecimento social	176	184	334	ue/regulamentos/2014/32014R1398.md
32014R1398	Artigo 8.º	Objetivo e membros de uma parceria	188	198	416	ue/regulamentos/2014/32014R1398.md
32014R1398	Artigo 9.º	Princípios da parceria	200	218	166	ue/regulamentos/2014/32014R1398.md
32014R1398	Artigo 10.º	Acordo de parceria e normas aplicáveis	220	272	858	ue/regulamentos/2014/32014R1398.md
32014R1398	Artigo 11.º	Princípio geral	276	280	163	ue/regulamentos/2014/32014R1398.md
32014R1398	Artigo 12.º	Igualdade de tratamento, igualdade de oportunidades e não-discriminação	282	300	675	ue/regulamentos/2014/32014R1398.md
32014R1398	Artigo 13.º	Disposições gerais	304	318	258	ue/regulamentos/2014/32014R1398.md
32014R1398	Artigo 14.º	Estatuto jurídico dos Voluntários para a Ajuda da UE	320	324	172	ue/regulamentos/2014/32014R1398.md
32014R1398	Artigo 15.º	Dever de informar o Voluntário para a Ajuda da UE sobre as normas fiscais	326	330	148	ue/regulamentos/2014/32014R1398.md
32014R1398	Artigo 16.º	Proteção de dados	332	360	585	ue/regulamentos/2014/32014R1398.md
32014R1398	Artigo 17.º	Integridade e código de conduta	362	394	542	ue/regulamentos/2014/32014R1398.md
32014R1398	Artigo 18.º	Proteção das crianças e dos adultos vulneráveis, nomeadamente tolerância zero aos abusos sexuais	396	404	300	ue/regulamentos/2014/32014R1398.md
32014R1398	Artigo 19.º	Entrada em vigor	408	436	296	ue/regulamentos/2014/32014R1398.md
32014R1398	ANEXO	Quadro de competências	438	556	2784	ue/regulamentos/2014/32014R1398.md
