celex	unidade	epigrafe	linha_ini	linha_fim	tokens	ficheiro
32022R0001	Preâmbulo		18	44	782	ue/regulamentos/2022/32022R0001.md
32022R0001	Artigo 1.º		48	54	57	ue/regulamentos/2022/32022R0001.md
32022R0001	Artigo 2.º		56	80	556	ue/regulamentos/2022/32022R0001.md
32022R0001	ANEXO I	«ANEXO I	82	11032	174188	ue/regulamentos/2022/32022R0001.md
32022R0001	ANEXO II	«ANEXO IV	11034	11291	5886	ue/regulamentos/2022/32022R0001.md
32022R0003	Preâmbulo		18	34	314	ue/regulamentos/2022/32022R0003.md
32022R0003	Artigo 1.º		38	40	14	ue/regulamentos/2022/32022R0003.md
32022R0003	Artigo 2.º		42	60	317	ue/regulamentos/2022/32022R0003.md
32022R0004	Preâmbulo		18	54	1048	ue/regulamentos/2022/32022R0004.md
32022R0004	Artigo 1.º	Aprovação da substância ativa	58	60	36	ue/regulamentos/2022/32022R0004.md
32022R0004	Artigo 2.º	Alterações do Regulamento de Execução (UE) n.º 540/2011	62	64	46	ue/regulamentos/2022/32022R0004.md
32022R0004	Artigo 3.º	Entrada em vigor	66	84	186	ue/regulamentos/2022/32022R0004.md
32022R0004	ANEXO I		86	94	399	ue/regulamentos/2022/32022R0004.md
32022R0004	ANEXO II		96	103	358	ue/regulamentos/2022/32022R0004.md
32022R0005	Preâmbulo		18	36	280	ue/regulamentos/2022/32022R0005.md
32022R0005	Artigo 1.º		40	42	31	ue/regulamentos/2022/32022R0005.md
32022R0005	Artigo 2.º		44	60	118	ue/regulamentos/2022/32022R0005.md
32022R0005	ANEXO		62	70	406	ue/regulamentos/2022/32022R0005.md
32022R0007	Preâmbulo		18	44	1038	ue/regulamentos/2022/32022R0007.md
32022R0007	Artigo 1.º		48	50	34	ue/regulamentos/2022/32022R0007.md
32022R0007	Artigo 2.º		52	78	552	ue/regulamentos/2022/32022R0007.md
32022R0007	ANEXO	«ANEXO V	80	133	2782	ue/regulamentos/2022/32022R0007.md
32022R0008	Preâmbulo		18	34	249	ue/regulamentos/2022/32022R0008.md
32022R0008	Artigo 1.º		38	40	31	ue/regulamentos/2022/32022R0008.md
32022R0008	Artigo 2.º		42	58	121	ue/regulamentos/2022/32022R0008.md
32022R0008	ANEXO		60	72	919	ue/regulamentos/2022/32022R0008.md
32022R0016	Preâmbulo		18	32	267	ue/regulamentos/2022/32022R0016.md
32022R0016	Artigo 1.º		36	38	14	ue/regulamentos/2022/32022R0016.md
32022R0016	Artigo 2.º		40	56	222	ue/regulamentos/2022/32022R0016.md
32022R0019	Preâmbulo		18	60	1173	ue/regulamentos/2022/32022R0019.md
32022R0019	Artigo 1.º	Renovação da aprovação da substância ativa	64	66	43	ue/regulamentos/2022/32022R0019.md
32022R0019	Artigo 2.º	Alterações do Regulamento de Execução (UE) n.º 540/2011	68	70	48	ue/regulamentos/2022/32022R0019.md
32022R0019	Artigo 3.º	Entrada em vigor e data de aplicação	72	100	768	ue/regulamentos/2022/32022R0019.md
32022R0019	ANEXO I		102	110	400	ue/regulamentos/2022/32022R0019.md
32022R0019	ANEXO II		112	123	396	ue/regulamentos/2022/32022R0019.md
32022R0020	Preâmbulo		18	62	2782	ue/regulamentos/2022/32022R0020.md
32022R0020	Artigo 1.º	Objeto e âmbito de aplicação	68	86	583	ue/regulamentos/2022/32022R0020.md
32022R0020	Artigo 2.º	Definições	88	110	756	ue/regulamentos/2022/32022R0020.md
32022R0020	Artigo 3.º	Seleção do Estado-Membro responsável pela avaliação da segurança	114	136	1416	ue/regulamentos/2022/32022R0020.md
32022R0020	Artigo 4.º	Alteração do Estado-Membro responsável pela avaliação da segurança	138	150	603	ue/regulamentos/2022/32022R0020.md
32022R0020	Artigo 5.º	Função e tarefas do Estado-Membro responsável pela avaliação da segurança	152	172	720	ue/regulamentos/2022/32022R0020.md
32022R0020	Artigo 6.º	Rastreio e avaliação de suspeitas de reações adversas graves inesperadas	174	196	864	ue/regulamentos/2022/32022R0020.md
32022R0020	Artigo 7.º	Avaliação dos relatórios anuais de segurança	198	212	796	ue/regulamentos/2022/32022R0020.md
32022R0020	Artigo 8.º	Recomendações sobre medidas corretivas e outras medidas de supervisão da segurança relacionadas com a substância ativa	214	220	285	ue/regulamentos/2022/32022R0020.md
32022R0020	Artigo 9.º	Função dos Estados-Membros em causa e dos Estados-Membros relatores na avaliação coordenada da segurança	222	242	563	ue/regulamentos/2022/32022R0020.md
32022R0020	Artigo 10.º	Estado-Membro principal responsável pela avaliação da segurança	244	248	203	ue/regulamentos/2022/32022R0020.md
32022R0020	Artigo 11.º	Sistemas de informação para apoiar a cooperação na avaliação da segurança	252	282	852	ue/regulamentos/2022/32022R0020.md
32022R0020	Artigo 12.º	Função do Grupo Consultivo e de Coordenação dos Ensaios Clínicos na avaliação coordenada da segurança	284	288	186	ue/regulamentos/2022/32022R0020.md
32022R0020	Artigo 13.º	Controlos efetuados pela União	290	292	108	ue/regulamentos/2022/32022R0020.md
32022R0020	Artigo 14.º	Taxas	296	298	77	ue/regulamentos/2022/32022R0020.md
32022R0020	Artigo 15.º	Entrada em vigor	300	320	255	ue/regulamentos/2022/32022R0020.md
32022R0021	Preâmbulo		18	36	228	ue/regulamentos/2022/32022R0021.md
32022R0021	Artigo 1.º		40	42	29	ue/regulamentos/2022/32022R0021.md
32022R0021	Artigo 2.º		44	58	90	ue/regulamentos/2022/32022R0021.md
32022R0021	ANEXO		60	92	1308	ue/regulamentos/2022/32022R0021.md
32022R0022	Preâmbulo		18	38	439	ue/regulamentos/2022/32022R0022.md
32022R0022	Artigo 1.º		42	44	28	ue/regulamentos/2022/32022R0022.md
32022R0022	Artigo 2.º		46	60	90	ue/regulamentos/2022/32022R0022.md
32022R0022	ANEXO		62	86	3104	ue/regulamentos/2022/32022R0022.md
32022R0025	Preâmbulo		18	54	2130	ue/regulamentos/2022/32022R0025.md
32022R0025	Artigo 1.º	Métodos de cálculo dos fatores K relativos ao risco para o cliente no caso dos serviços e atividades de investimento realizados com recurso a agentes vinculados	60	62	162	ue/regulamentos/2022/32022R0025.md
32022R0025	Artigo 2.º	Métodos de cálculo de AUM no caso de mecanismos de consultoria não discricionários de caráter permanente	64	68	220	ue/regulamentos/2022/32022R0025.md
32022R0025	Artigo 3.º	Métodos de cálculo do AUM no caso de gestão de carteiras discricionária	70	78	154	ue/regulamentos/2022/32022R0025.md
32022R0025	Artigo 4.º	Métodos de cálculo do CMH	80	86	82	ue/regulamentos/2022/32022R0025.md
32022R0025	Artigo 5.º	Métodos de cálculo do ASA	88	90	97	ue/regulamentos/2022/32022R0025.md
32022R0025	Artigo 6.º	Métodos de cálculo da execução de ordens no COH	92	96	182	ue/regulamentos/2022/32022R0025.md
32022R0025	Artigo 7.º	Métodos de cálculo da receção e transmissão de ordens no COH	98	106	325	ue/regulamentos/2022/32022R0025.md
32022R0025	Artigo 8.º	Métodos de cálculo das operações à vista para efeitos do COH	108	120	166	ue/regulamentos/2022/32022R0025.md
32022R0025	Artigo 9.º	Métodos de cálculo dos derivados para efeitos do COH	122	124	80	ue/regulamentos/2022/32022R0025.md
32022R0025	Artigo 10.º	Métodos de cálculo das operações à vista para efeitos do DTF	128	140	175	ue/regulamentos/2022/32022R0025.md
32022R0025	Artigo 11.º	Métodos de cálculo dos derivados para efeitos do DTF	142	144	80	ue/regulamentos/2022/32022R0025.md
32022R0025	Artigo 12.º	Entrada em vigor	146	166	301	ue/regulamentos/2022/32022R0025.md
32022R0026	Preâmbulo		18	34	528	ue/regulamentos/2022/32022R0026.md
32022R0026	Artigo 1.º	Conceito de contas segregadas	38	50	383	ue/regulamentos/2022/32022R0026.md
32022R0026	Artigo 2.º	Entrada em vigor	52	70	282	ue/regulamentos/2022/32022R0026.md
32022R0027	Preâmbulo		18	38	944	ue/regulamentos/2022/32022R0027.md
32022R0027	Artigo 1.º		42	46	65	ue/regulamentos/2022/32022R0027.md
32022R0027	Artigo 2.º		48	64	103	ue/regulamentos/2022/32022R0027.md
32022R0029	Artigo 1.º		28	30	82	ue/regulamentos/2022/32022R0029.md
32022R0029	Artigo 2.º		32	36	64	ue/regulamentos/2022/32022R0029.md
32022R0029	ANEXO		38	96	1684	ue/regulamentos/2022/32022R0029.md
32022R0030	Artigo 1.º		28	50	450	ue/regulamentos/2022/32022R0030.md
32022R0030	Artigo 2.º		52	66	170	ue/regulamentos/2022/32022R0030.md
32022R0030	Artigo 3.º		68	78	83	ue/regulamentos/2022/32022R0030.md
32022R0034	Preâmbulo		18	64	2504	ue/regulamentos/2022/32022R0034.md
32022R0034	Artigo 1.º		68	70	40	ue/regulamentos/2022/32022R0034.md
32022R0034	Artigo 2.º		72	74	12	ue/regulamentos/2022/32022R0034.md
32022R0034	Artigo 3.º		76	102	468	ue/regulamentos/2022/32022R0034.md
32022R0034	ANEXO	«ANEXO III	104	117	128	ue/regulamentos/2022/32022R0034.md
32022R0034	ANEXO VIII	Lista de países terceiros ou regiões de países terceiros autorizados para a entrada na União de remessas de moluscos bivalves, equinodermes, tunicados e gastróp	119	144	520	ue/regulamentos/2022/32022R0034.md
32022R0034	ANEXO IX	Lista de países terceiros ou regiões de países terceiros autorizados para a entrada na União de remessas de determinados produtos da pesca, tal como referido no	146	260	1756	ue/regulamentos/2022/32022R0034.md
32022R0034	ANEXO XI	Lista de países terceiros ou regiões de países terceiros autorizados para a entrada na União de remessas de coxas de rã e de caracóis, tal como referido no arti	262	324	1150	ue/regulamentos/2022/32022R0034.md
32022R0035	Preâmbulo		18	62	3222	ue/regulamentos/2022/32022R0035.md
32022R0035	Artigo 1.º		66	75	213	ue/regulamentos/2022/32022R0035.md
32022R0035	Artigo 2.º		77	105	708	ue/regulamentos/2022/32022R0035.md
32022R0035	ANEXO		107	399	7384	ue/regulamentos/2022/32022R0035.md
32022R0036	Preâmbulo		18	58	3081	ue/regulamentos/2022/32022R0036.md
32022R0036	Artigo 1.º		62	64	34	ue/regulamentos/2022/32022R0036.md
32022R0036	Artigo 2.º		66	68	175	ue/regulamentos/2022/32022R0036.md
32022R0036	Artigo 3.º		70	102	814	ue/regulamentos/2022/32022R0036.md
32022R0036	ANEXO		104	553	25685	ue/regulamentos/2022/32022R0036.md
32022R0037	Preâmbulo		18	48	1786	ue/regulamentos/2022/32022R0037.md
32022R0037	Artigo 1.º		52	70	234	ue/regulamentos/2022/32022R0037.md
32022R0037	Artigo 2.º		72	74	174	ue/regulamentos/2022/32022R0037.md
32022R0037	Artigo 3.º		76	104	700	ue/regulamentos/2022/32022R0037.md
32022R0037	ANEXO		106	223	648	ue/regulamentos/2022/32022R0037.md
32022R0038	Preâmbulo		18	60	1452	ue/regulamentos/2022/32022R0038.md
32022R0038	Artigo 1.º		64	66	36	ue/regulamentos/2022/32022R0038.md
32022R0038	Artigo 2.º		68	86	287	ue/regulamentos/2022/32022R0038.md
32022R0038	ANEXO		88	314	6905	ue/regulamentos/2022/32022R0038.md
32022R0042	Preâmbulo		18	42	820	ue/regulamentos/2022/32022R0042.md
32022R0042	Artigo 1.º		46	48	34	ue/regulamentos/2022/32022R0042.md
32022R0042	Artigo 2.º		50	66	115	ue/regulamentos/2022/32022R0042.md
32022R0042	ANEXO		68	134	412	ue/regulamentos/2022/32022R0042.md
32022R0043	Preâmbulo		18	70	1826	ue/regulamentos/2022/32022R0043.md
32022R0043	Artigo 1.º	Renovação da aprovação da substância ativa	74	76	36	ue/regulamentos/2022/32022R0043.md
32022R0043	Artigo 2.º	Alterações do Regulamento de Execução (UE) n.º 540/2011	78	80	48	ue/regulamentos/2022/32022R0043.md
32022R0043	Artigo 3.º	Alterações do Regulamento de Execução (UE) 2015/408	82	84	42	ue/regulamentos/2022/32022R0043.md
32022R0043	Artigo 4.º	Entrada em vigor e data de aplicação	86	128	1254	ue/regulamentos/2022/32022R0043.md
32022R0043	ANEXO I		130	138	442	ue/regulamentos/2022/32022R0043.md
32022R0043	ANEXO II		140	154	502	ue/regulamentos/2022/32022R0043.md
32022R0044	Preâmbulo		18	48	1041	ue/regulamentos/2022/32022R0044.md
32022R0044	Artigo 1.º	Objeto	52	54	74	ue/regulamentos/2022/32022R0044.md
32022R0044	Artigo 2.º	Critérios de fixação de níveis de correção financeira	56	66	124	ue/regulamentos/2022/32022R0044.md
32022R0044	Artigo 3.º	Critérios de aplicação das taxas fixas	68	82	527	ue/regulamentos/2022/32022R0044.md
32022R0044	Artigo 4.º	Entrada em vigor	84	102	338	ue/regulamentos/2022/32022R0044.md
32022R0044	ANEXO	CASOS DE INCUMPRIMENTO A QUE SE REFERE O ARTIGO 1.º [^1]	104	166	2974	ue/regulamentos/2022/32022R0044.md
32022R0045	Preâmbulo		18	46	943	ue/regulamentos/2022/32022R0045.md
32022R0045	Artigo 1.º	Casos de incumprimento	50	52	86	ue/regulamentos/2022/32022R0045.md
32022R0045	Artigo 2.º	Casos de incumprimento grave	54	56	146	ue/regulamentos/2022/32022R0045.md
32022R0045	Artigo 3.º	Entrada em vigor	58	76	338	ue/regulamentos/2022/32022R0045.md
32022R0045	ANEXO	CASOS DE INCUMPRIMENTO A QUE SE REFERE O Artigo 1.º	78	158	4881	ue/regulamentos/2022/32022R0045.md
32022R0046	Preâmbulo		18	42	576	ue/regulamentos/2022/32022R0046.md
32022R0046	Artigo 1.º	Tecnologias energeticamente eficientes utilizadas por novos motores	46	66	167	ue/regulamentos/2022/32022R0046.md
32022R0046	Artigo 2.º	Esforço de pesca normal dos navios de pesca	68	76	171	ue/regulamentos/2022/32022R0046.md
32022R0046	Artigo 3.º	Entrada em vigor	78	94	204	ue/regulamentos/2022/32022R0046.md
32022R0047	Preâmbulo		18	62	1551	ue/regulamentos/2022/32022R0047.md
32022R0047	Artigo 1.º		66	70	128	ue/regulamentos/2022/32022R0047.md
32022R0047	Artigo 2.º		72	74	32	ue/regulamentos/2022/32022R0047.md
32022R0047	Artigo 3.º		76	100	442	ue/regulamentos/2022/32022R0047.md
32022R0047	ANEXO		102	119	1100	ue/regulamentos/2022/32022R0047.md
32022R0054	Preâmbulo		18	40	884	ue/regulamentos/2022/32022R0054.md
32022R0054	Artigo 1.º		44	48	36	ue/regulamentos/2022/32022R0054.md
32022R0054	«Artigo 177.º	Requisitos adicionais aplicáveis à entrada na União de determinados ungulados originários da União e que são transportados para um país terceiro ou território o	50	66	512	ue/regulamentos/2022/32022R0054.md
32022R0054	Artigo 2.º		68	86	292	ue/regulamentos/2022/32022R0054.md
32022R0055	Preâmbulo		18	42	1468	ue/regulamentos/2022/32022R0055.md
32022R0055	Artigo 1.º		46	55	149	ue/regulamentos/2022/32022R0055.md
32022R0055	Artigo 2.º		57	59	34	ue/regulamentos/2022/32022R0055.md
32022R0055	Artigo 3.º		61	85	555	ue/regulamentos/2022/32022R0055.md
32022R0055	ANEXO I		87	109	296	ue/regulamentos/2022/32022R0055.md
32022R0055	ANEXO II		111	151	922	ue/regulamentos/2022/32022R0055.md
32022R0056	Preâmbulo		18	44	577	ue/regulamentos/2022/32022R0056.md
32022R0056	Artigo 1.º		48	60	160	ue/regulamentos/2022/32022R0056.md
32022R0056	Artigo 2.º		62	80	117	ue/regulamentos/2022/32022R0056.md
32022R0058	Artigo 1.º		34	78	1464	ue/regulamentos/2022/32022R0058.md
32022R0058	Artigo 2.º		80	84	62	ue/regulamentos/2022/32022R0058.md
32022R0058	ANEXO I		86	96	182	ue/regulamentos/2022/32022R0058.md
32022R0058	ANEXO II		98	110	298	ue/regulamentos/2022/32022R0058.md
32022R0063	Preâmbulo		22	74	3128	ue/regulamentos/2022/32022R0063.md
32022R0063	Artigo 1.º		78	80	34	ue/regulamentos/2022/32022R0063.md
32022R0063	Artigo 2.º		82	84	82	ue/regulamentos/2022/32022R0063.md
32022R0063	Artigo 3.º		86	88	102	ue/regulamentos/2022/32022R0063.md
32022R0063	Artigo 4.º		90	116	254	ue/regulamentos/2022/32022R0063.md
32022R0063	ANEXO		118	150	475	ue/regulamentos/2022/32022R0063.md
32022R0064	Preâmbulo		18	64	2085	ue/regulamentos/2022/32022R0064.md
32022R0064	Artigo 1.º	Alteração do Regulamento de Execução (UE) 2020/761	68	94	676	ue/regulamentos/2022/32022R0064.md
32022R0064	Artigo 2.º	Alteração do Regulamento de Execução (UE) 2020/1988	96	109	219	ue/regulamentos/2022/32022R0064.md
32022R0064	Artigo 3.º	Disposições transitórias	111	119	446	ue/regulamentos/2022/32022R0064.md
32022R0064	Artigo 4.º	Entrada em vigor e aplicação	121	159	1044	ue/regulamentos/2022/32022R0064.md
32022R0064	ANEXO I		161	204	678	ue/regulamentos/2022/32022R0064.md
32022R0064	ANEXO II		206	230	666	ue/regulamentos/2022/32022R0064.md
32022R0068	Preâmbulo		18	114	5231	ue/regulamentos/2022/32022R0068.md
32022R0068	Artigo 1.º	Alterações do Regulamento Delegado (UE) 2019/934	118	122	46	ue/regulamentos/2022/32022R0068.md
32022R0068	«Artigo 2.º	Zonas vitícolas cujos vinhos podem ter um título alcoométrico total máximo de 20% vol.	124	130	163	ue/regulamentos/2022/32022R0068.md
32022R0068	Artigo 2.º	Entrada em vigor	132	156	621	ue/regulamentos/2022/32022R0068.md
32022R0068	ANEXO I		158	354	9264	ue/regulamentos/2022/32022R0068.md
32022R0068	ANEXO II		356	420	801	ue/regulamentos/2022/32022R0068.md
32022R0069	Preâmbulo		18	34	374	ue/regulamentos/2022/32022R0069.md
32022R0069	Artigo 1.º		38	40	53	ue/regulamentos/2022/32022R0069.md
32022R0069	Artigo 2.º		42	62	181	ue/regulamentos/2022/32022R0069.md
32022R0070	Preâmbulo		18	34	413	ue/regulamentos/2022/32022R0070.md
32022R0070	Artigo 1.º		38	40	65	ue/regulamentos/2022/32022R0070.md
32022R0070	Artigo 2.º		42	62	194	ue/regulamentos/2022/32022R0070.md
32022R0071	Preâmbulo		18	34	408	ue/regulamentos/2022/32022R0071.md
32022R0071	Artigo 1.º		38	40	63	ue/regulamentos/2022/32022R0071.md
32022R0071	Artigo 2.º		42	62	194	ue/regulamentos/2022/32022R0071.md
32022R0072	Artigo 1.º		34	60	810	ue/regulamentos/2022/32022R0072.md
32022R0072	Artigo 2.º		62	96	524	ue/regulamentos/2022/32022R0072.md
32022R0072	Artigo 3.º		98	102	62	ue/regulamentos/2022/32022R0072.md
32022R0072	ANEXO I	Outras empresas que colaboraram no inquérito antissubvenções e no inquérito anti-dumping	104	126	457	ue/regulamentos/2022/32022R0072.md
32022R0072	ANEXO II	Outras empresas que colaboraram no inquérito anti-dumping mas não colaboraram no inquérito antissubvenções	128	139	300	ue/regulamentos/2022/32022R0072.md
32022R0076	Preâmbulo		18	40	864	ue/regulamentos/2022/32022R0076.md
32022R0076	Artigo 1.º	Ajustamentos dos coeficientes aplicáveis a K-DTF	44	72	607	ue/regulamentos/2022/32022R0076.md
32022R0076	Artigo 2.º	Período de situação de tensão no mercado	74	78	142	ue/regulamentos/2022/32022R0076.md
32022R0076	Artigo 3.º	Entrada em vigor	80	98	268	ue/regulamentos/2022/32022R0076.md
32022R0077	Preâmbulo		18	32	210	ue/regulamentos/2022/32022R0077.md
32022R0077	Artigo 1.º		36	40	78	ue/regulamentos/2022/32022R0077.md
32022R0077	Artigo 2.º		42	62	191	ue/regulamentos/2022/32022R0077.md
32022R0078	Preâmbulo		18	52	1793	ue/regulamentos/2022/32022R0078.md
32022R0078	Artigo 1.º		56	58	34	ue/regulamentos/2022/32022R0078.md
32022R0078	Artigo 2.º		60	62	57	ue/regulamentos/2022/32022R0078.md
32022R0078	Artigo 3.º		64	84	394	ue/regulamentos/2022/32022R0078.md
32022R0078	ANEXO		86	484	6901	ue/regulamentos/2022/32022R0078.md
32022R0079	Preâmbulo		22	40	412	ue/regulamentos/2022/32022R0079.md
32022R0079	Artigo 1.º	Âmbito	44	46	62	ue/regulamentos/2022/32022R0079.md
32022R0079	Artigo 2.º	Registo e transmissão dos dados de execução	48	50	64	ue/regulamentos/2022/32022R0079.md
32022R0079	Artigo 3.º	Apresentação dos dados	52	54	53	ue/regulamentos/2022/32022R0079.md
32022R0079	Artigo 4.º	Entrada em vigor	56	72	247	ue/regulamentos/2022/32022R0079.md
32022R0079	ANEXO I	Formato para transmissão dos dados	74	132	1794	ue/regulamentos/2022/32022R0079.md
32022R0079	ANEXO II	APRESENTAÇÃO DOS DADOS DE EXECUÇÃO	134	353	2303	ue/regulamentos/2022/32022R0079.md
32022R0080	Preâmbulo		18	66	1634	ue/regulamentos/2022/32022R0080.md
32022R0080	Artigo 1.º		70	72	36	ue/regulamentos/2022/32022R0080.md
32022R0080	Artigo 2.º		74	92	287	ue/regulamentos/2022/32022R0080.md
32022R0080	ANEXO		94	278	5549	ue/regulamentos/2022/32022R0080.md
32022R0083	Preâmbulo		18	38	460	ue/regulamentos/2022/32022R0083.md
32022R0083	Artigo 1.º		42	44	49	ue/regulamentos/2022/32022R0083.md
32022R0083	Artigo 2.º		46	48	80	ue/regulamentos/2022/32022R0083.md
32022R0083	Artigo 3.º		50	68	153	ue/regulamentos/2022/32022R0083.md
32022R0083	ANEXO		70	79	508	ue/regulamentos/2022/32022R0083.md
32022R0084	Preâmbulo		18	34	248	ue/regulamentos/2022/32022R0084.md
32022R0084	Artigo 1.º		38	40	31	ue/regulamentos/2022/32022R0084.md
32022R0084	Artigo 2.º		42	58	122	ue/regulamentos/2022/32022R0084.md
32022R0084	ANEXO		60	68	234	ue/regulamentos/2022/32022R0084.md
32022R0085	Preâmbulo		18	46	887	ue/regulamentos/2022/32022R0085.md
32022R0085	Artigo 1.º		50	52	31	ue/regulamentos/2022/32022R0085.md
32022R0085	Artigo 2.º		54	78	394	ue/regulamentos/2022/32022R0085.md
32022R0085	ANEXO		80	474	3595	ue/regulamentos/2022/32022R0085.md
32022R0089	Preâmbulo		18	40	794	ue/regulamentos/2022/32022R0089.md
32022R0089	Artigo 1.º		44	54	330	ue/regulamentos/2022/32022R0089.md
32022R0089	Artigo 2.º		56	62	72	ue/regulamentos/2022/32022R0089.md
32022R0089	Artigo 3.º		64	78	97	ue/regulamentos/2022/32022R0089.md
32022R0089	ANEXO I	Método de cálculo da capacidade suficiente de armazenamento de resíduos a bordo	80	129	863	ue/regulamentos/2022/32022R0089.md
32022R0089	ANEXO II		131	168	1198	ue/regulamentos/2022/32022R0089.md
32022R0090	Preâmbulo		18	40	569	ue/regulamentos/2022/32022R0090.md
32022R0090	Artigo 1.º		44	58	162	ue/regulamentos/2022/32022R0090.md
32022R0090	Artigo 2.º		60	66	91	ue/regulamentos/2022/32022R0090.md
32022R0090	Artigo 3.º		68	82	97	ue/regulamentos/2022/32022R0090.md
32022R0090	ANEXO		84	133	1489	ue/regulamentos/2022/32022R0090.md
32022R0091	Preâmbulo		18	38	381	ue/regulamentos/2022/32022R0091.md
32022R0091	Artigo 1.º		42	46	140	ue/regulamentos/2022/32022R0091.md
32022R0091	Artigo 2.º		48	62	97	ue/regulamentos/2022/32022R0091.md
32022R0091	ANEXO		64	96	1068	ue/regulamentos/2022/32022R0091.md
32022R0092	Artigo 1.º		28	42	234	ue/regulamentos/2022/32022R0092.md
32022R0092	Artigo 2.º		44	52	152	ue/regulamentos/2022/32022R0092.md
32022R0092	Artigo 3.º		54	64	78	ue/regulamentos/2022/32022R0092.md
32022R0092	Artigo 4.º		66	70	92	ue/regulamentos/2022/32022R0092.md
32022R0092	Artigo 5.º		72	76	64	ue/regulamentos/2022/32022R0092.md
32022R0092	ANEXO		78	112	632	ue/regulamentos/2022/32022R0092.md
32022R0093	Preâmbulo		18	50	1442	ue/regulamentos/2022/32022R0093.md
32022R0093	Artigo 1.º		54	56	35	ue/regulamentos/2022/32022R0093.md
32022R0093	Artigo 2.º		58	94	958	ue/regulamentos/2022/32022R0093.md
32022R0093	ANEXO		96	887	11976	ue/regulamentos/2022/32022R0093.md
32022R0094	Preâmbulo		18	66	1448	ue/regulamentos/2022/32022R0094.md
32022R0094	Artigo 1.º	Não renovação da aprovação da substância ativa	70	72	30	ue/regulamentos/2022/32022R0094.md
32022R0094	Artigo 2.º	Alteração do Regulamento de Execução (UE) n.º 540/2011	74	76	46	ue/regulamentos/2022/32022R0094.md
32022R0094	Artigo 3.º	Medidas transitórias	78	80	46	ue/regulamentos/2022/32022R0094.md
32022R0094	Artigo 4.º	Prazo de tolerância	82	84	52	ue/regulamentos/2022/32022R0094.md
32022R0094	Artigo 5.º	Entrada em vigor	86	112	644	ue/regulamentos/2022/32022R0094.md
32022R0095	Artigo 1.º		34	42	262	ue/regulamentos/2022/32022R0095.md
32022R0095	Artigo 2.º		44	58	688	ue/regulamentos/2022/32022R0095.md
32022R0095	Artigo 3.º		60	64	62	ue/regulamentos/2022/32022R0095.md
32022R0096	Preâmbulo		18	38	604	ue/regulamentos/2022/32022R0096.md
32022R0096	Artigo 1.º	Alteração do Regulamento de Execução (UE) 2019/1859	42	44	40	ue/regulamentos/2022/32022R0096.md
32022R0096	Artigo 2.º		46	64	267	ue/regulamentos/2022/32022R0096.md
32022R0104	Preâmbulo		18	50	999	ue/regulamentos/2022/32022R0104.md
32022R0104	Artigo 1.º		54	56	36	ue/regulamentos/2022/32022R0104.md
32022R0104	Artigo 2.º		58	76	287	ue/regulamentos/2022/32022R0104.md
32022R0104	ANEXO		78	136	1529	ue/regulamentos/2022/32022R0104.md
32022R0109	Artigo 1.º	Objeto	36	46	208	ue/regulamentos/2022/32022R0109.md
32022R0109	Artigo 2.º	Âmbito	48	60	96	ue/regulamentos/2022/32022R0109.md
32022R0109	Artigo 3.º	Definições	62	92	638	ue/regulamentos/2022/32022R0109.md
32022R0109	Artigo 4.º	Zonas de pesca	94	202	1286	ue/regulamentos/2022/32022R0109.md
32022R0109	Artigo 5.º	TAC e sua repartição	208	214	262	ue/regulamentos/2022/32022R0109.md
32022R0109	Artigo 6.º	TAC a determinar pelos Estados-Membros	216	240	261	ue/regulamentos/2022/32022R0109.md
32022R0109	Artigo 8.º	Condições de desembarque das capturas e das capturas acessórias	242	250	220	ue/regulamentos/2022/32022R0109.md
32022R0109	Artigo 9.º	Mecanismo de troca de quotas para os TAC de capturas acessórias inevitáveis	252	264	542	ue/regulamentos/2022/32022R0109.md
32022R0109	Artigo 10.º	Limites do esforço de pesca na divisão CIEM 7e	266	274	386	ue/regulamentos/2022/32022R0109.md
32022R0109	Artigo 11.º	Medidas aplicáveis à pesca de robalo-legítimo nas divisões CIEM 4b e 4c e na subzona CIEM 7	276	322	1070	ue/regulamentos/2022/32022R0109.md
32022R0109	Artigo 12.º	Medidas aplicáveis à pesca de robalo-legítimo nas divisões CIEM 8a e 8b	324	334	191	ue/regulamentos/2022/32022R0109.md
32022R0109	Artigo 13.º	Medidas aplicáveis à pesca de enguia-europeia nas águas da União da zona CIEM	336	342	219	ue/regulamentos/2022/32022R0109.md
32022R0109	Artigo 14.º	Disposições especiais sobre a repartição das possibilidades de pesca	344	368	442	ue/regulamentos/2022/32022R0109.md
32022R0109	Artigo 15.º	Épocas de defeso da pesca da galeota	370	374	91	ue/regulamentos/2022/32022R0109.md
32022R0109	Artigo 16.º	Medidas corretivas para o bacalhau no mar do Norte	376	408	1006	ue/regulamentos/2022/32022R0109.md
32022R0109	Artigo 17.º	Medidas corretivas para o bacalhau no Kattegat	410	424	352	ue/regulamentos/2022/32022R0109.md
32022R0109	Artigo 18.º	Espécies proibidas	426	460	554	ue/regulamentos/2022/32022R0109.md
32022R0109	Artigo 19.º	Transmissão de dados	462	464	81	ue/regulamentos/2022/32022R0109.md
32022R0109	Artigo 20.º	Autorizações de pesca	468	472	166	ue/regulamentos/2022/32022R0109.md
32022R0109	Artigo 21.º	Transferências e trocas de quotas	478	488	456	ue/regulamentos/2022/32022R0109.md
32022R0109	Artigo 22.º	Interdições aplicáveis ao cantarilho no mar de Irminger	492	502	90	ue/regulamentos/2022/32022R0109.md
32022R0109	Artigo 23.º	Limitações aplicáveis às capacidades de pesca, de cultura e de engorda	506	522	500	ue/regulamentos/2022/32022R0109.md
32022R0109	Artigo 24.º	Pesca recreativa	524	526	54	ue/regulamentos/2022/32022R0109.md
32022R0109	Artigo 25.º	Tubarões	528	540	249	ue/regulamentos/2022/32022R0109.md
32022R0109	Artigo 26.º	DCP para o atum tropical	542	548	218	ue/regulamentos/2022/32022R0109.md
32022R0109	Artigo 27.º	Notificações relativas à pesca exploratória de marlonga	552	554	124	ue/regulamentos/2022/32022R0109.md
32022R0109	Artigo 28.º	Limites aplicáveis à pesca exploratória de marlonga	556	564	314	ue/regulamentos/2022/32022R0109.md
32022R0109	Artigo 29.º	Pesca do krill-do-antártico na campanha de pesca de 2021-2022	566	584	521	ue/regulamentos/2022/32022R0109.md
32022R0109	Artigo 30.º	Limitação da capacidade de pesca dos navios que pescam na zona de competência da IOTC	588	598	359	ue/regulamentos/2022/32022R0109.md
32022R0109	Artigo 31.º	DCP derivantes e navios auxiliares	600	616	287	ue/regulamentos/2022/32022R0109.md
32022R0109	Artigo 32.º	Tubarões	618	624	193	ue/regulamentos/2022/32022R0109.md
32022R0109	Artigo 33.º	Raias mobulídeas	626	632	282	ue/regulamentos/2022/32022R0109.md
32022R0109	Artigo 34.º	Pescarias pelágicas	636	646	230	ue/regulamentos/2022/32022R0109.md
32022R0109	Artigo 35.º	Pesca com redes de cerco com retenida	650	682	372	ue/regulamentos/2022/32022R0109.md
32022R0109	Artigo 36.º	DCP derivantes	684	692	172	ue/regulamentos/2022/32022R0109.md
32022R0109	Artigo 37.º	Limites de captura de atum-patudo na pesca com palangre	694	696	57	ue/regulamentos/2022/32022R0109.md
32022R0109	Artigo 38.º	Proibição da pesca de tubarões-de-pontas-brancas	698	706	194	ue/regulamentos/2022/32022R0109.md
32022R0109	Artigo 39.º	Proibição de pescar raias mobulídeas	708	710	133	ue/regulamentos/2022/32022R0109.md
32022R0109	Artigo 40.º	Proibição da pesca de tubarões de profundidade	714	734	151	ue/regulamentos/2022/32022R0109.md
32022R0109	Artigo 41.º	Condições aplicáveis à pesca de atum-patudo, atum-albacora, gaiado e atum-voador do Pacífico sul	738	744	193	ue/regulamentos/2022/32022R0109.md
32022R0109	Artigo 42.º	Gestão da pesca com DCP	746	752	221	ue/regulamentos/2022/32022R0109.md
32022R0109	Artigo 43.º	Proibição das devoluções de atum tropical capturado por cercadores com rede de cerco com retenida	754	764	180	ue/regulamentos/2022/32022R0109.md
32022R0109	Artigo 44.º	Número máximo de navios de pesca da União autorizados a pescar espadarte	766	768	65	ue/regulamentos/2022/32022R0109.md
32022R0109	Artigo 45.º	Limites de capturas para o espadarte nas pescarias com palangre a sul de 20° S	770	772	100	ue/regulamentos/2022/32022R0109.md
32022R0109	Artigo 46.º	Tubarões-luzidios e tubarões-de-pontas-brancas	774	782	117	ue/regulamentos/2022/32022R0109.md
32022R0109	Artigo 47.º	Zona comum entre a área da Convenção IATTC e a zona da Convenção WCPFC	784	788	158	ue/regulamentos/2022/32022R0109.md
32022R0109	Artigo 48.º	Proibição de pesca nas águas do alto do mar de Bering	792	794	43	ue/regulamentos/2022/32022R0109.md
32022R0109	Artigo 49.º	Limites para a pesca de fundo	798	806	236	ue/regulamentos/2022/32022R0109.md
32022R0109	Artigo 50.º	Navios de pesca que arvoram o pavilhão da Noruega e navios de pesca registados nas ilhas Faroé	810	812	112	ue/regulamentos/2022/32022R0109.md
32022R0109	Artigo 51.º	Navios de pesca que arvoram o pavilhão do Reino Unido, registados no Reino Unido e licenciados por uma administração das pescas do Reino Unido	814	816	129	ue/regulamentos/2022/32022R0109.md
32022R0109	Artigo 52.º	Transferências e trocas de quotas com o Reino Unido	818	826	330	ue/regulamentos/2022/32022R0109.md
32022R0109	Artigo 53.º	Navios de pesca que arvoram o pavilhão da Venezuela	828	830	60	ue/regulamentos/2022/32022R0109.md
32022R0109	Artigo 54.º	Autorizações de pesca	832	834	44	ue/regulamentos/2022/32022R0109.md
32022R0109	Artigo 55.º	Condições de desembarque das capturas e das capturas acessórias	836	838	66	ue/regulamentos/2022/32022R0109.md
32022R0109	Artigo 56.º	Espécies proibidas	840	864	370	ue/regulamentos/2022/32022R0109.md
32022R0109	Artigo 57.º	Alterações ao Regulamento (UE) 2021/92	868	898	641	ue/regulamentos/2022/32022R0109.md
32022R0109	Artigo 58.º	Procedimento de comité	900	904	80	ue/regulamentos/2022/32022R0109.md
32022R0109	Artigo 59.º	Disposição transitória	906	908	67	ue/regulamentos/2022/32022R0109.md
32022R0109	Artigo 60.º	Entrada em vigor e aplicação	910	926	226	ue/regulamentos/2022/32022R0109.md
32022R0109	ANNEX		928	951	346	ue/regulamentos/2022/32022R0109.md
32022R0109	ANEXO I	TAC APLICÁVEIS AOS NAVIOS DE PESCA DA UNIÃO NAS ZONAS EM QUE EXISTEM TAC, POR ESPÉCIE E POR ZONA	953	1155	2410	ue/regulamentos/2022/32022R0109.md
32022R0109	ANEXO IA	SKAGERRAK, KATTEGAT, SUBZONAS CIEM 1, 2, 3, 4, 5, 6, 7, 8, 9, 10, 12 E 14, ÁGUAS DA UNIÃO DA ZONA CECAF, ÁGUAS DA GUIANA FRANCESA	1157	3150	39748	ue/regulamentos/2022/32022R0109.md
32022R0109	ANEXO IB	ATLÂNTICO NORDESTE E GRONELÂNDIA, SUBZONAS CIEM 1, 2, 5, 12 E 14 E ÁGUAS GRONELANDESAS DA SUBÁREA NAFO 1	3152	3529	5720	ue/regulamentos/2022/32022R0109.md
32022R0109	ANEXO IC	ATLÂNTICO NOROESTE – ÁREA DA CONVENÇÃO NAFO	3531	3752	3671	ue/regulamentos/2022/32022R0109.md
32022R0109	ANEXO ID	ÁREA DA CONVENÇÃO CICTA	3754	3938	3380	ue/regulamentos/2022/32022R0109.md
32022R0109	ANEXO IE	ATLÂNTICO SUDESTE – ZONA DA CONVENÇÃO SEAFO	3940	3978	643	ue/regulamentos/2022/32022R0109.md
32022R0109	ANEXO IF	ATUM-DO-SUL – ZONAS DE DISTRIBUIÇÃO	3980	3987	138	ue/regulamentos/2022/32022R0109.md
32022R0109	ANEXO IG	ZONA DA CONVENÇÃO WCPFC	3989	4006	205	ue/regulamentos/2022/32022R0109.md
32022R0109	ANEXO IH	ÁREA DA CONVENÇÃO SPRFMO	4008	4031	301	ue/regulamentos/2022/32022R0109.md
32022R0109	ANEXO IJ	ZONA DE COMPETÊNCIA DA IOTC	4033	4047	208	ue/regulamentos/2022/32022R0109.md
32022R0109	ANEXO IK	ZONA DO ACORDO SIOFA	4049	4099	940	ue/regulamentos/2022/32022R0109.md
32022R0109	ANEXO IL	ÁREA DA CONVENÇÃO IATTC	4101	4108	102	ue/regulamentos/2022/32022R0109.md
32022R0109	ANEXO II	ESFORÇO DE PESCA DOS NAVIOS NO ÂMBITO DA GESTÃO DAS UNIDADES POPULACIONAIS DE LINGUADO DO CANAL DA MANCHA OCIDENTAL, DIVISÃO CIEM 7e	4110	4320	4710	ue/regulamentos/2022/32022R0109.md
32022R0109	ANEXO III	ZONAS DE GESTÃO DA GALEOTA NAS DIVISÕES CIEM 2a E 3a, E NA SUBZONA CIEM 4	4322	4334	196	ue/regulamentos/2022/32022R0109.md
32022R0109	Apêndice	Zonas de gestão da galeota	4336	4338	14	ue/regulamentos/2022/32022R0109.md
32022R0109	ANEXO IV	PERÍODOS DE DEFESO SAZONAIS PARA PROTEGER A POPULAÇÃO REPRODUTORA DE BACALHAU	4340	4356	629	ue/regulamentos/2022/32022R0109.md
32022R0109	ANEXO V	AUTORIZAÇÕES DE PESCA	4358	4394	1035	ue/regulamentos/2022/32022R0109.md
32022R0109	ANEXO VI	ÁREA DA CONVENÇÃO CICTA ([^24])	4396	4499	1255	ue/regulamentos/2022/32022R0109.md
32022R0109	ANEXO VII	ZONA DA CONVENÇÃO CCAMLR	4501	4530	824	ue/regulamentos/2022/32022R0109.md
32022R0109	Apêndice		4532	4823	3770	ue/regulamentos/2022/32022R0109.md
32022R0109	ANEXO VIII	ZONA DE COMPETÊNCIA DA IOTC	4825	4849	279	ue/regulamentos/2022/32022R0109.md
32022R0109	ANEXO IX	ZONA DA CONVENÇÃO WCPFC	4851	4913	1703	ue/regulamentos/2022/32022R0109.md
32022R0110	Artigo 1.º	Objeto	37	39	61	ue/regulamentos/2022/32022R0110.md
32022R0110	Artigo 2.º	Âmbito	41	59	416	ue/regulamentos/2022/32022R0110.md
32022R0110	Artigo 3.º	Definições	61	83	414	ue/regulamentos/2022/32022R0110.md
32022R0110	Artigo 4.º	Zonas de pesca	85	105	338	ue/regulamentos/2022/32022R0110.md
32022R0110	Artigo 5.º	Enguia-europeia	111	117	319	ue/regulamentos/2022/32022R0110.md
32022R0110	Artigo 6.º	Coral-vermelho	119	127	213	ue/regulamentos/2022/32022R0110.md
32022R0110	Artigo 7.º	Dourado-comum	129	133	107	ue/regulamentos/2022/32022R0110.md
32022R0110	Artigo 8.º	Unidades populacionais demersais	137	159	446	ue/regulamentos/2022/32022R0110.md
32022R0110	Artigo 9.º	Transmissão de dados	161	165	93	ue/regulamentos/2022/32022R0110.md
32022R0110	Artigo 10.º	Unidades populacionais de pequenos pelágicos	169	175	142	ue/regulamentos/2022/32022R0110.md
32022R0110	Artigo 11.º	Unidades populacionais demersais	177	185	255	ue/regulamentos/2022/32022R0110.md
32022R0110	Artigo 12.º	Transmissão de dados	187	189	80	ue/regulamentos/2022/32022R0110.md
32022R0110	Artigo 13.º		193	197	108	ue/regulamentos/2022/32022R0110.md
32022R0110	Artigo 14.º		201	205	70	ue/regulamentos/2022/32022R0110.md
32022R0110	Artigo 15.º	Repartição das possibilidades de pesca de espadilha	209	213	120	ue/regulamentos/2022/32022R0110.md
32022R0110	Artigo 16.º	Repartição das possibilidades de pesca de pregado	215	219	124	ue/regulamentos/2022/32022R0110.md
32022R0110	Artigo 17.º	Gestão do esforço de pesca do pregado	221	223	61	ue/regulamentos/2022/32022R0110.md
32022R0110	Artigo 18.º	Período de defeso para o pregado	225	227	70	ue/regulamentos/2022/32022R0110.md
32022R0110	Artigo 19.º	Disposições especiais sobre a repartição das possibilidades de pesca no mar Negro	229	239	190	ue/regulamentos/2022/32022R0110.md
32022R0110	Artigo 20.º	Transmissão de dados	241	243	94	ue/regulamentos/2022/32022R0110.md
32022R0110	Artigo 21.º	Entrada em vigor	247	253	86	ue/regulamentos/2022/32022R0110.md
32022R0110	ANEXO I	POSSIBILIDADES DE PESCA PARA OS NAVIOS DE PESCA DA UNIÃO NO CONTEXTO DO PLANO PLURIANUAL DE GESTÃO DA COMISSÃO GERAL DAS PESCAS DO MEDITERRÂNEO PARA O CORAL-VER	255	293	477	ue/regulamentos/2022/32022R0110.md
32022R0110	ANEXO II	ESFORÇO DE PESCA PARA OS NAVIOS DE PESCA DA UNIÃO NO CONTEXTO DA GESTÃO DAS EXISTËNCIAS DO DOURADO-COMUM NO MAR MEDITERRÂNEO	295	312	209	ue/regulamentos/2022/32022R0110.md
32022R0110	ANEXO III	POSSIBILIDADES DE PESCA PARA OS NAVIOS DE PESCA DA UNIÃO NO CONTEXTO DA GESTÃO DAS UNIDADES POPULACIONAIS DEMERSAIS NO MAR MEDITERRÂNEO OCIDENTAL	314	417	1776	ue/regulamentos/2022/32022R0110.md
32022R0110	ANEXO IV	POSSIBILIDADES DE PESCA PARA OS NAVIOS DE PESCA DA UNIÃO NO MAR ADRIÁTICO	419	481	1260	ue/regulamentos/2022/32022R0110.md
32022R0110	ANEXO V	POSSIBILIDADES DE PESCA PARA OS NAVIOS DE PESCA DA UNIÃO NO MAR JÓNICO, NO MAR LEVANTINO E NO ESTREITO DA SICÍLIA	483	518	418	ue/regulamentos/2022/32022R0110.md
32022R0110	ANEXO VI	POSSIBILIDADES DE PESCA PARA OS NAVIOS DE PESCA DA UNIÃO NO MAR DE ALBORÃO	520	528	140	ue/regulamentos/2022/32022R0110.md
32022R0110	ANEXO VII	POSSIBILIDADES DE PESCA PARA OS NAVIOS DE PESCA DA UNIÃO NO MAR NEGRO	530	600	1759	ue/regulamentos/2022/32022R0110.md
32022R0111	Preâmbulo		18	40	418	ue/regulamentos/2022/32022R0111.md
32022R0111	Artigo 1.º		44	49	65	ue/regulamentos/2022/32022R0111.md
32022R0111	Artigo 2.º		51	75	263	ue/regulamentos/2022/32022R0111.md
32022R0112	Preâmbulo		18	62	2407	ue/regulamentos/2022/32022R0112.md
32022R0112	Artigo 1.º		66	115	955	ue/regulamentos/2022/32022R0112.md
32022R0112	Artigo 2.º		117	149	425	ue/regulamentos/2022/32022R0112.md
32022R0113	Preâmbulo		18	36	272	ue/regulamentos/2022/32022R0113.md
32022R0113	Artigo 1.º		40	42	29	ue/regulamentos/2022/32022R0113.md
32022R0113	Artigo 2.º		44	58	93	ue/regulamentos/2022/32022R0113.md
32022R0113	ANEXO		60	81	1132	ue/regulamentos/2022/32022R0113.md
32022R0116	Preâmbulo		18	1003	41959	ue/regulamentos/2022/32022R0116.md
32022R0116	Artigo 1.º		1007	1022	448	ue/regulamentos/2022/32022R0116.md
32022R0116	Artigo 2.º		1024	1204	3138	ue/regulamentos/2022/32022R0116.md
32022R0117	Preâmbulo		18	34	247	ue/regulamentos/2022/32022R0117.md
32022R0117	Artigo 1.º		38	40	31	ue/regulamentos/2022/32022R0117.md
32022R0117	Artigo 2.º		42	58	122	ue/regulamentos/2022/32022R0117.md
32022R0117	ANEXO		60	64	224	ue/regulamentos/2022/32022R0117.md
32022R0123	Artigo 1.º	Objeto	31	47	212	ue/regulamentos/2022/32022R0123.md
32022R0123	Artigo 2.º	Definições	49	69	655	ue/regulamentos/2022/32022R0123.md
32022R0123	Artigo 3.º	Grupo Diretor Executivo sobre Ruturas e Segurança dos Medicamentos	73	105	1070	ue/regulamentos/2022/32022R0123.md
32022R0123	Artigo 4.º	Monitorização de eventos e preparação para emergências de saúde pública e eventos graves	107	131	778	ue/regulamentos/2022/32022R0123.md
32022R0123	Artigo 5.º	Avaliação das informações e emissão de recomendações sobre ações relacionadas com a qualidade, a segurança e a eficácia dos medicamentos em caso de emergências 	133	139	329	ue/regulamentos/2022/32022R0123.md
32022R0123	Artigo 6.º	Listas de medicamentos críticos e informações a fornecer	141	169	1022	ue/regulamentos/2022/32022R0123.md
32022R0123	Artigo 7.º	Monitorização das ruturas dos medicamentos que constam das listas de medicamentos críticos	171	175	266	ue/regulamentos/2022/32022R0123.md
32022R0123	Artigo 8.º	Comunicação e recomendações sobre ruturas de medicamentos	177	199	873	ue/regulamentos/2022/32022R0123.md
32022R0123	Artigo 9.º	Métodos de trabalho e prestação de informações sobre medicamentos	201	255	1202	ue/regulamentos/2022/32022R0123.md
32022R0123	Artigo 10.º	Obrigações dos titulares de autorizações de introdução no mercado	257	285	874	ue/regulamentos/2022/32022R0123.md
32022R0123	Artigo 11.º	Papel dos Estados-Membros na monitorização e atenuação das ruturas de medicamentos	287	319	807	ue/regulamentos/2022/32022R0123.md
32022R0123	Artigo 12.º	Papel da Comissão na monitorização e na atenuação das ruturas de medicamentos	321	337	452	ue/regulamentos/2022/32022R0123.md
32022R0123	Artigo 13.º	Plataforma Europeia de Monitorização de Situações de Rutura	339	399	1287	ue/regulamentos/2022/32022R0123.md
32022R0123	Artigo 14.º	Comunicação respeitante ao GDRM	401	409	261	ue/regulamentos/2022/32022R0123.md
32022R0123	Artigo 15.º	Grupo de Trabalho sobre Emergências	413	479	1676	ue/regulamentos/2022/32022R0123.md
32022R0123	Artigo 16.º	Aconselhamento sobre ensaios clínicos	481	495	574	ue/regulamentos/2022/32022R0123.md
32022R0123	Artigo 17.º	Informação pública relativa a ensaios clínicos e decisões de autorização de introdução no mercado	497	515	423	ue/regulamentos/2022/32022R0123.md
32022R0123	Artigo 18.º	Análise dos medicamentos e recomendações sobre a sua utilização	517	535	601	ue/regulamentos/2022/32022R0123.md
32022R0123	Artigo 19.º	Comunicação relativa ao GTE	537	541	159	ue/regulamentos/2022/32022R0123.md
32022R0123	Artigo 20.º	Ferramentas informáticas e dados	543	555	403	ue/regulamentos/2022/32022R0123.md
32022R0123	Artigo 21.º	Grupo Diretor Executivo sobre Ruturas de Dispositivos Médicos	559	589	800	ue/regulamentos/2022/32022R0123.md
32022R0123	Artigo 22.º	Lista de dispositivos médicos críticos e informações a fornecer	591	609	476	ue/regulamentos/2022/32022R0123.md
32022R0123	Artigo 23.º	Monitorização de ruturas de dispositivos médicos da lista de dispositivos críticos para a emergência de saúde pública	611	617	321	ue/regulamentos/2022/32022R0123.md
32022R0123	Artigo 24.º	Comunicação e recomendações sobre as ruturas de dispositivos médicos	619	643	712	ue/regulamentos/2022/32022R0123.md
32022R0123	Artigo 25.º	Métodos de trabalho e prestação de informações sobre medicamentos	645	701	1392	ue/regulamentos/2022/32022R0123.md
32022R0123	Artigo 26.º	Obrigações dos fabricantes de dispositivos médicos, dos mandatários, dos importadores, dos distribuidores e dos organismos notificados	703	727	890	ue/regulamentos/2022/32022R0123.md
32022R0123	Artigo 27.º	Papel dos Estados-Membros em matéria de monitorização e atenuação de ruturas de dispositivos médicos	729	767	902	ue/regulamentos/2022/32022R0123.md
32022R0123	Artigo 28.º	Papel da Comissão relativo à monitorização e atenuação das ruturas de dispositivos médicos	769	781	438	ue/regulamentos/2022/32022R0123.md
32022R0123	Artigo 29.º	Comunicação relativa ao GDRDM	783	791	259	ue/regulamentos/2022/32022R0123.md
32022R0123	Artigo 30.º	Apoio aos painéis de peritos em dispositivos médicos	793	817	650	ue/regulamentos/2022/32022R0123.md
32022R0123	Artigo 31.º	Cooperação entre o GDRM, o GDRDM, o GTE e os painéis de peritos	821	829	213	ue/regulamentos/2022/32022R0123.md
32022R0123	Artigo 32.º	Transparência e conflitos de interesses	831	851	519	ue/regulamentos/2022/32022R0123.md
32022R0123	Artigo 33.º	Proteção contra ciberataques	853	857	156	ue/regulamentos/2022/32022R0123.md
32022R0123	Artigo 34.º	Confidencialidade	859	869	490	ue/regulamentos/2022/32022R0123.md
32022R0123	Artigo 35.º	Proteção dos dados pessoais	871	875	254	ue/regulamentos/2022/32022R0123.md
32022R0123	Artigo 36.º	Apresentação de relatórios e exame	877	897	492	ue/regulamentos/2022/32022R0123.md
32022R0123	Artigo 37.º	Financiamento da União	899	907	369	ue/regulamentos/2022/32022R0123.md
32022R0123	Artigo 38.º	Entrada em vigor e data de aplicação	909	929	504	ue/regulamentos/2022/32022R0123.md
32022R0125	Preâmbulo		18	60	1825	ue/regulamentos/2022/32022R0125.md
32022R0125	Artigo 1.º		64	66	33	ue/regulamentos/2022/32022R0125.md
32022R0125	Artigo 2.º		68	86	224	ue/regulamentos/2022/32022R0125.md
32022R0125	ANEXO		88	712	5768	ue/regulamentos/2022/32022R0125.md
32022R0126	Artigo 1.º	Objeto	34	46	205	ue/regulamentos/2022/32022R0126.md
32022R0126	Artigo 2.º	Requisitos de elegibilidade adicionais	54	64	274	ue/regulamentos/2022/32022R0126.md
32022R0126	Artigo 3.º	Verificação das variedades de cânhamo e determinação quantitativa do teor de THC	66	80	582	ue/regulamentos/2022/32022R0126.md
32022R0126	Artigo 4.º	Cultura secundária	82	84	49	ue/regulamentos/2022/32022R0126.md
32022R0126	Artigo 5.º	Requisitos de cultivo	86	92	215	ue/regulamentos/2022/32022R0126.md
32022R0126	Artigo 6.º	Autorização de terras agrícolas para a produção de algodão	96	108	164	ue/regulamentos/2022/32022R0126.md
32022R0126	Artigo 7.º	Autorização de variedades destinadas a sementeira	110	112	96	ue/regulamentos/2022/32022R0126.md
32022R0126	Artigo 8.º	Condições suplementares para a receção do pagamento específico para o algodão	114	116	121	ue/regulamentos/2022/32022R0126.md
32022R0126	Artigo 9.º	Aprovação das organizações interprofissionais	118	128	415	ue/regulamentos/2022/32022R0126.md
32022R0126	Artigo 10.º	Obrigações impostas aos agricultores que produzem algodão	130	136	130	ue/regulamentos/2022/32022R0126.md
32022R0126	Artigo 11.º	Investimentos em ativos corpóreos e incorpóreos	144	222	2260	ue/regulamentos/2022/32022R0126.md
32022R0126	Artigo 12.º	Intervenções relacionadas com os objetivos agroambientais e climáticos	224	258	1071	ue/regulamentos/2022/32022R0126.md
32022R0126	Artigo 13.º	Acompanhamento profissional	260	278	578	ue/regulamentos/2022/32022R0126.md
32022R0126	Artigo 14.º	Promoção, comunicação e comercialização	280	306	744	ue/regulamentos/2022/32022R0126.md
32022R0126	Artigo 15.º	Fundos mutualistas	308	326	597	ue/regulamentos/2022/32022R0126.md
32022R0126	Artigo 16.º	Replantação de pomares, olivais ou vinhas na sequência do arranque obrigatório	328	332	234	ue/regulamentos/2022/32022R0126.md
32022R0126	Artigo 17.º	Colheita em verde e não-colheita	334	374	1350	ue/regulamentos/2022/32022R0126.md
32022R0126	Artigo 18.º	Seguros de colheitas e de produção	376	380	248	ue/regulamentos/2022/32022R0126.md
32022R0126	Artigo 19.º	Retiradas do mercado não destinadas a distribuição gratuita	382	388	297	ue/regulamentos/2022/32022R0126.md
32022R0126	Artigo 20.º	Armazenamento coletivo	390	394	469	ue/regulamentos/2022/32022R0126.md
32022R0126	Artigo 21.º	Formas de apoio	398	416	756	ue/regulamentos/2022/32022R0126.md
32022R0126	Artigo 22.º	Tipos de despesas	418	434	708	ue/regulamentos/2022/32022R0126.md
32022R0126	Artigo 23.º	Custos administrativos e de pessoal	436	458	896	ue/regulamentos/2022/32022R0126.md
32022R0126	Artigo 24.º	Produtos abrangidos	464	466	188	ue/regulamentos/2022/32022R0126.md
32022R0126	Artigo 25.º	Custos de transporte e requisitos de acondicionamento para distribuição gratuita	468	490	561	ue/regulamentos/2022/32022R0126.md
32022R0126	Artigo 26.º	Apoio	494	518	1163	ue/regulamentos/2022/32022R0126.md
32022R0126	Artigo 27.º	Destino dos produtos retirados	520	536	590	ue/regulamentos/2022/32022R0126.md
32022R0126	Artigo 28.º	Condições a que estão sujeitos os destinatários dos produtos retirados	538	560	447	ue/regulamentos/2022/32022R0126.md
32022R0126	Artigo 29.º	Normas de comercialização dos produtos retirados	562	570	293	ue/regulamentos/2022/32022R0126.md
32022R0126	Artigo 30.º	Valor da produção comercializada para organizações ou agrupamentos recentemente reconhecidos	574	578	373	ue/regulamentos/2022/32022R0126.md
32022R0126	Artigo 31.º	Base de cálculo do valor da produção comercializada	580	644	2282	ue/regulamentos/2022/32022R0126.md
32022R0126	Artigo 32.º	Período de referência e limite máximo da assistência financeira da União	646	670	979	ue/regulamentos/2022/32022R0126.md
32022R0126	Artigo 32.º-A	Regras aplicáveis aos tipos de intervenções executadas por organizações transnacionais de produtores e associações transnacionais de organizações de produtores	674	682	255	ue/regulamentos/2022/32022R0126.md
32022R0126	Artigo 33.º	Custos de acondicionamento para a distribuição gratuita	688	694	167	ue/regulamentos/2022/32022R0126.md
32022R0126	Artigo 34.º	Cálculo do grau de organização dos produtores para efeitos de assistência financeira nacional	696	710	520	ue/regulamentos/2022/32022R0126.md
32022R0126	Artigo 35.º	Média trienal das retiradas do mercado para distribuição gratuita	712	720	192	ue/regulamentos/2022/32022R0126.md
32022R0126	Artigo 36.º	Definição de colmeia	724	726	84	ue/regulamentos/2022/32022R0126.md
32022R0126	Artigo 37.º	Método de cálculo do número de colmeias	728	730	70	ue/regulamentos/2022/32022R0126.md
32022R0126	Artigo 38.º	Notificação do número de colmeias	732	734	75	ue/regulamentos/2022/32022R0126.md
32022R0126	Artigo 39.º	Contribuição mínima da União	736	738	82	ue/regulamentos/2022/32022R0126.md
32022R0126	Artigo 40.º	Beneficiários	742	762	535	ue/regulamentos/2022/32022R0126.md
32022R0126	Artigo 41.º	Replantação de vinhas por razões sanitárias ou fitossanitárias	764	768	170	ue/regulamentos/2022/32022R0126.md
32022R0126	Artigo 42.º	Superfície plantada	770	774	192	ue/regulamentos/2022/32022R0126.md
32022R0126	Artigo 43.º	Assistência financeira da União	778	784	346	ue/regulamentos/2022/32022R0126.md
32022R0126	Artigo 44.º	Reposição do efetivo de animais após abate obrigatório por razões sanitárias ou na sequência de perdas resultantes de catástrofes naturais	788	792	191	ue/regulamentos/2022/32022R0126.md
32022R0126	Artigo 45.º	Conservação, utilização sustentável e desenvolvimento de recursos genéticos na agricultura e na silvicultura	796	856	1254	ue/regulamentos/2022/32022R0126.md
32022R0126	Artigo 46.º	Bem-estar dos animais	858	874	390	ue/regulamentos/2022/32022R0126.md
32022R0126	Artigo 47.º	Regimes de qualidade	876	896	468	ue/regulamentos/2022/32022R0126.md
32022R0126	Artigo 48.º	Regras relativas ao rácio para a norma 1 das BCAA	900	958	1909	ue/regulamentos/2022/32022R0126.md
32022R0126	Artigo 49.º	Entrada em vigor	962	966	66	ue/regulamentos/2022/32022R0126.md
32022R0126	ANEXO I	Método da União para a verificação das variedades de cânhamo e para a determinação do teor de Δ9-tetra-hidrocanabinol nas variedades de cânhamo, nos termos do a	968	1088	1728	ue/regulamentos/2022/32022R0126.md
32022R0126	ANEXO II	Lista dos tipos de despesas não elegíveis a que se refere o artigo 22.º, n.º 2	1090	1144	852	ue/regulamentos/2022/32022R0126.md
32022R0126	ANEXO III	Lista dos tipos de despesas não elegíveis a que se refere o artigo 22.º, n.º 3	1146	1178	800	ue/regulamentos/2022/32022R0126.md
32022R0126	ANEXO IV	Menções a inscrever nas embalagens dos produtos, referidas no artigo 25.º, n.º 3, alínea a)	1180	1228	505	ue/regulamentos/2022/32022R0126.md
32022R0126	ANEXO V	Montantes máximos de apoio para retiradas do mercado a que se refere o artigo 26.º, n.º 1 e n.º 4, primeiro parágrafo	1230	1251	205	ue/regulamentos/2022/32022R0126.md
32022R0126	ANEXO VI		1253	1273	205	ue/regulamentos/2022/32022R0126.md
32022R0126	ANEXO VII	Custos de acondicionamento a que se refere o artigo 33.º	1275	1321	1441	ue/regulamentos/2022/32022R0126.md
32022R0127	Artigo 1.º	Condições de acreditação dos organismos pagadores	35	61	510	ue/regulamentos/2022/32022R0127.md
32022R0127	Artigo 2.º	Condições de acreditação dos organismos de coordenação	63	85	522	ue/regulamentos/2022/32022R0127.md
32022R0127	Artigo 3.º	Obrigações dos organismos pagadores no que respeita à intervenção pública	87	139	1462	ue/regulamentos/2022/32022R0127.md
32022R0127	Artigo 4.º	Inventários	141	147	252	ue/regulamentos/2022/32022R0127.md
32022R0127	Artigo 5.º	Incumprimento da data-limite de pagamento	151	201	1174	ue/regulamentos/2022/32022R0127.md
32022R0127	Artigo 6.º	Incumprimento da primeira data de pagamento	203	207	236	ue/regulamentos/2022/32022R0127.md
32022R0127	Artigo 7.º	Compensação pelos organismos pagadores	209	221	450	ue/regulamentos/2022/32022R0127.md
32022R0127	Artigo 8.º	Atraso na adoção do orçamento da União	223	229	390	ue/regulamentos/2022/32022R0127.md
32022R0127	Artigo 9.º	Diferimento de pagamentos mensais	231	233	122	ue/regulamentos/2022/32022R0127.md
32022R0127	Artigo 10.º	Suspensão de pagamentos no âmbito do apuramento anual	235	247	255	ue/regulamentos/2022/32022R0127.md
32022R0127	Artigo 12.º	Taxa de câmbio aplicável na elaboração das declarações de despesas	249	257	393	ue/regulamentos/2022/32022R0127.md
32022R0127	Artigo 14.º	Critérios e metodologia para a aplicação de correções no quadro do procedimento de apuramento da conformidade das despesas não abrangidas pelo Regulamento (UE) 	265	319	1844	ue/regulamentos/2022/32022R0127.md
32022R0127	Artigo 15.º	Critérios e metodologia para a aplicação de correções no quadro do procedimento de apuramento da conformidade das despesas no âmbito do Regulamento (UE) 2021/21	321	351	1172	ue/regulamentos/2022/32022R0127.md
32022R0127	Artigo 15.º-A	Condições específicas para o pagamento dos adiantamentos a que se refere o artigo 44.º, n.º 3-A, do Regulamento (UE) 2021/2116	355	367	216	ue/regulamentos/2022/32022R0127.md
32022R0127	Artigo 15.º-B	Condições específicas para o pagamento dos adiantamentos a que se refere o artigo 44.º, n.º 3-B, do Regulamento (UE) 2021/2116	369	385	229	ue/regulamentos/2022/32022R0127.md
32022R0127	Artigo 16.º	Âmbito de aplicação	391	395	112	ue/regulamentos/2022/32022R0127.md
32022R0127	Artigo 17.º	Termos utilizados no presente capítulo	397	405	154	ue/regulamentos/2022/32022R0127.md
32022R0127	Artigo 18.º	Parte responsável	409	411	44	ue/regulamentos/2022/32022R0127.md
32022R0127	Artigo 19.º	Dispensa do cumprimento do requisito de garantia	413	423	213	ue/regulamentos/2022/32022R0127.md
32022R0127	Artigo 20.º	Condições aplicáveis às garantias	425	437	288	ue/regulamentos/2022/32022R0127.md
32022R0127	Artigo 21.º	Utilização do euro	439	443	104	ue/regulamentos/2022/32022R0127.md
32022R0127	Artigo 22.º	Garante	445	457	282	ue/regulamentos/2022/32022R0127.md
32022R0127	Artigo 23.º	Casos de força maior	459	461	117	ue/regulamentos/2022/32022R0127.md
32022R0127	Artigo 24.º	Execução de garantias	465	487	484	ue/regulamentos/2022/32022R0127.md
32022R0127	Artigo 25.º	Liberação de garantias	489	497	378	ue/regulamentos/2022/32022R0127.md
32022R0127	Artigo 26.º	Limiares	499	503	86	ue/regulamentos/2022/32022R0127.md
32022R0127	Artykuł 27	Zakres	509	513	59	ue/regulamentos/2022/32022R0127.md
32022R0127	Artigo 28.º		515	539	267	ue/regulamentos/2022/32022R0127.md
32022R0127	Artigo 29.º	Trocas comerciais com países terceiros	543	549	232	ue/regulamentos/2022/32022R0127.md
32022R0127	Artigo 30.º	Tipos específicos de ajuda	551	557	194	ue/regulamentos/2022/32022R0127.md
32022R0127	Artigo 31.º	Setor vitivinícola	559	577	517	ue/regulamentos/2022/32022R0127.md
32022R0127	Artigo 31.º-A	Programas apícolas	579	583	68	ue/regulamentos/2022/32022R0127.md
32022R0127	Artigo 32.º	Montantes e pagamentos da ajuda ligada à aplicação do regime de distribuição nas escolas	585	587	96	ue/regulamentos/2022/32022R0127.md
32022R0127	Artigo 33.º	Apoio de caráter estrutural ou organizacional	589	593	175	ue/regulamentos/2022/32022R0127.md
32022R0127	Artigo 34.º	Outros montantes e preços	595	611	274	ue/regulamentos/2022/32022R0127.md
32022R0127	Artigo 35.º	Pagamento de adiantamentos	613	615	140	ue/regulamentos/2022/32022R0127.md
32022R0127	Artigo 36.º	Garantias	617	627	170	ue/regulamentos/2022/32022R0127.md
32022R0127	Artigo 37.º	Determinação da taxa de câmbio	629	637	188	ue/regulamentos/2022/32022R0127.md
32022R0127	Artigo 38.º	Controlo das transações	639	641	95	ue/regulamentos/2022/32022R0127.md
32022R0127	Artigo 39.º	Disposições transitórias	647	653	128	ue/regulamentos/2022/32022R0127.md
32022R0127	Artigo 40.º	Revogações	655	675	395	ue/regulamentos/2022/32022R0127.md
32022R0127	Artigo 41.º	Entrada em vigor e aplicação	677	685	113	ue/regulamentos/2022/32022R0127.md
32022R0127	ANEXO I		687	861	4701	ue/regulamentos/2022/32022R0127.md
32022R0127	ANEXO II		863	877	268	ue/regulamentos/2022/32022R0127.md
32022R0127	ANEXO III		879	1081	2666	ue/regulamentos/2022/32022R0127.md
32022R0127	ANEXO IV		1083	1185	1622	ue/regulamentos/2022/32022R0127.md
32022R0127	ANEXO V		1187	1231	1140	ue/regulamentos/2022/32022R0127.md
32022R0128	Artigo 1.º	Procedimento de acreditação dos organismos pagadores	36	80	1038	ue/regulamentos/2022/32022R0128.md
32022R0128	Artigo 2.º	Revisão e retirada da acreditação de organismos pagadores	82	96	774	ue/regulamentos/2022/32022R0128.md
32022R0128	Artigo 3.º	Procedimento de emissão, revisão e retirada da acreditação do organismo de coordenação	98	134	896	ue/regulamentos/2022/32022R0128.md
32022R0128	Artigo 4.º	Declarações de gestão	136	142	203	ue/regulamentos/2022/32022R0128.md
32022R0128	Artigo 5.º	Certificação	144	178	906	ue/regulamentos/2022/32022R0128.md
32022R0128	Artigo 6.º	Princípios de auditoria	180	196	573	ue/regulamentos/2022/32022R0128.md
32022R0128	Artigo 7.º	Métodos de auditoria	198	228	995	ue/regulamentos/2022/32022R0128.md
32022R0128	Artigo 8.º	Contabilidade dos organismos pagadores	234	248	362	ue/regulamentos/2022/32022R0128.md
32022R0128	Artigo 9.º	Estabelecimento da declaração de despesas	252	266	523	ue/regulamentos/2022/32022R0128.md
32022R0128	Artigo 10.º	Comunicação de informações pelos Estados-Membros	268	296	650	ue/regulamentos/2022/32022R0128.md
32022R0128	Artigo 11.º	Regras gerais aplicáveis à declaração de despesas e às receitas afetadas	298	328	699	ue/regulamentos/2022/32022R0128.md
32022R0128	Artigo 12.º	Regras específicas aplicáveis às declarações de despesas de armazenamento público	330	340	300	ue/regulamentos/2022/32022R0128.md
32022R0128	Artigo 13.º	Decisão de pagamento da Comissão	342	350	282	ue/regulamentos/2022/32022R0128.md
32022R0128	Artigo 14.º	Disponibilização de recursos aos Estados-Membros	352	356	152	ue/regulamentos/2022/32022R0128.md
32022R0128	Artigo 15.º	Comunicação relativa à intervenção pública	358	366	210	ue/regulamentos/2022/32022R0128.md
32022R0128	Artigo 16.º	Conteúdo da contabilidade das existências públicas a manter pelos organismos pagadores	368	412	808	ue/regulamentos/2022/32022R0128.md
32022R0128	Artigo 17.º	Contabilidade relacionada com a intervenção pública	414	432	584	ue/regulamentos/2022/32022R0128.md
32022R0128	Artigo 18.º	Datas de registo das despesas, receitas e movimentos de produtos na contabilidade da intervenção pública	434	454	456	ue/regulamentos/2022/32022R0128.md
32022R0128	Artigo 19.º	Montante financiado ao abrigo da intervenção pública	456	460	300	ue/regulamentos/2022/32022R0128.md
32022R0128	Artigo 20.º	Declarações de despesas e de receitas de intervenção pública	462	466	236	ue/regulamentos/2022/32022R0128.md
32022R0128	Artigo 21.º	Previsão das necessidades de financiamento	470	474	196	ue/regulamentos/2022/32022R0128.md
32022R0128	Artigo 22.º	Declarações de despesas	476	512	1050	ue/regulamentos/2022/32022R0128.md
32022R0128	Artigo 23.º	Cálculo do montante a pagar	514	526	440	ue/regulamentos/2022/32022R0128.md
32022R0128	Artigo 24.º	Anulação automática de autorizações	528	530	118	ue/regulamentos/2022/32022R0128.md
32022R0128	Artigo 25.º	Intercâmbio eletrónico de informações e de documentos	534	558	812	ue/regulamentos/2022/32022R0128.md
32022R0128	Artigo 26.º	Requisitos para o reembolso das despesas financiadas pelos Fundos	560	570	304	ue/regulamentos/2022/32022R0128.md
32022R0128	Artigo 27.º	Suspensão de pagamentos	572	574	103	ue/regulamentos/2022/32022R0128.md
32022R0128	Artigo 28.º	Planos de ação relativos ao acompanhamento plurianual do desempenho	576	594	791	ue/regulamentos/2022/32022R0128.md
32022R0128	Artigo 29.º	Planos de ação relativos a deficiências nos sistemas de governação	596	610	778	ue/regulamentos/2022/32022R0128.md
32022R0128	Artigo 30.º	Recuperação de pagamentos indevidos	616	624	380	ue/regulamentos/2022/32022R0128.md
32022R0128	Artigo 31.º	Recuperação por compensação	626	628	102	ue/regulamentos/2022/32022R0128.md
32022R0128	Artigo 32.º	Conteúdo das contas anuais	632	664	1392	ue/regulamentos/2022/32022R0128.md
32022R0128	Artigo 33.º	Transmissão de informações	666	692	636	ue/regulamentos/2022/32022R0128.md
32022R0128	Artigo 34.º	Conservação das informações contabilísticas	694	710	607	ue/regulamentos/2022/32022R0128.md
32022R0128	Artigo 35.º	Apuramento financeiro	712	732	614	ue/regulamentos/2022/32022R0128.md
32022R0128	Artigo 37.º	Procedimento de conformidade	734	808	2376	ue/regulamentos/2022/32022R0128.md
32022R0128	Artigo 38.º	Decisão de não encetar ou de não prosseguir um inquérito de conformidade	810	814	222	ue/regulamentos/2022/32022R0128.md
32022R0128	Artigo 39.º	Órgão de conciliação	816	824	208	ue/regulamentos/2022/32022R0128.md
32022R0128	Artigo 40.º	Composição do órgão de conciliação	826	846	520	ue/regulamentos/2022/32022R0128.md
32022R0128	Artigo 41.º	Independência do órgão de conciliação	848	854	178	ue/regulamentos/2022/32022R0128.md
32022R0128	Artigo 42.º	Modalidades de funcionamento	856	864	174	ue/regulamentos/2022/32022R0128.md
32022R0128	Artigo 43.º	Procedimento de conciliação	866	898	742	ue/regulamentos/2022/32022R0128.md
32022R0128	Artigo 44.º	Informações a recolher sobre a identificação dos beneficiários	904	924	366	ue/regulamentos/2022/32022R0128.md
32022R0128	Artigo 45.º	Requisitos aplicáveis à ferramenta de mineração de dados	926	934	316	ue/regulamentos/2022/32022R0128.md
32022R0128	Artigo 46.º	Controlo pelos Estados-Membros	938	950	265	ue/regulamentos/2022/32022R0128.md
32022R0128	Artigo 47.º	Assistência mútua	952	954	132	ue/regulamentos/2022/32022R0128.md
32022R0128	Artigo 48.º	Planos e relatórios anuais de controlo	956	966	121	ue/regulamentos/2022/32022R0128.md
32022R0128	Artigo 49.º	Âmbito	972	976	108	ue/regulamentos/2022/32022R0128.md
32022R0128	Artigo 50.º	Administração eletrónica	978	984	247	ue/regulamentos/2022/32022R0128.md
32022R0128	Artigo 51.º	Limites temporais em caso de força maior	986	994	318	ue/regulamentos/2022/32022R0128.md
32022R0128	Artigo 52.º	Forma	998	1014	201	ue/regulamentos/2022/32022R0128.md
32022R0128	Artigo 53.º	Garantias negociáveis	1016	1026	276	ue/regulamentos/2022/32022R0128.md
32022R0128	Artigo 54.º	Substituição e afetação	1028	1040	207	ue/regulamentos/2022/32022R0128.md
32022R0128	Artigo 55.º	Liberação parcial	1044	1050	148	ue/regulamentos/2022/32022R0128.md
32022R0128	Artigo 56.º	Execução	1052	1082	724	ue/regulamentos/2022/32022R0128.md
32022R0128	Artigo 57.º	Informações sobre a execução de garantias, os tipos de garantias e os garantes	1086	1094	248	ue/regulamentos/2022/32022R0128.md
32022R0128	Artigo 58.º	Forma e modo de apresentação	1098	1120	597	ue/regulamentos/2022/32022R0128.md
32022R0128	Artigo 59.º	Publicação da lista de beneficiários em caso de pequenos montantes	1122	1126	193	ue/regulamentos/2022/32022R0128.md
32022R0128	Artigo 60.º	Data de publicação	1128	1132	46	ue/regulamentos/2022/32022R0128.md
32022R0128	Artigo 61.º	Informações sobre os beneficiários	1134	1138	68	ue/regulamentos/2022/32022R0128.md
32022R0128	Artigo 62.º	Cooperação entre a Comissão e os Estados-Membros	1140	1146	217	ue/regulamentos/2022/32022R0128.md
32022R0128	Artigo 63.º	Dados e transmissão	1150	1154	158	ue/regulamentos/2022/32022R0128.md
32022R0128	Artigo 64.º	Revogação	1158	1180	453	ue/regulamentos/2022/32022R0128.md
32022R0128	Artigo 65.º	Entrada em vigor e aplicação	1182	1202	218	ue/regulamentos/2022/32022R0128.md
32022R0128	ANEXO I	Declaração de gestão — organismo pagador a que se refere o artigo 4.º	1204	1230	767	ue/regulamentos/2022/32022R0128.md
32022R0128	ANEXO II	Declaração de gestão — organismo de coordenação a que se refere o artigo 4.º	1232	1246	251	ue/regulamentos/2022/32022R0128.md
32022R0128	ANEXO III	Elementos para a pista de auditoria relativa aos instrumentos financeiros a que se refere o artigo 7.º, n.º 6	1248	1272	532	ue/regulamentos/2022/32022R0128.md
32022R0128	ANEXO IV	Modelo de relatório anual de auditoria sobre os instrumentos financeiros, a que se refere o artigo 7.º, n.º 7	1274	1340	1108	ue/regulamentos/2022/32022R0128.md
32022R0128	ANEXO V	Modelo de quadro a que se refere o artigo 32.º, n.º 1, alínea f), relativo a irregularidades	1342	1348	180	ue/regulamentos/2022/32022R0128.md
32022R0128	ANEXO VI		1350	1430	1080	ue/regulamentos/2022/32022R0128.md
32022R0128	ANEXO VII		1432	1507	1232	ue/regulamentos/2022/32022R0128.md
32022R0128	ANEXO VIII		1509	1524	1060	ue/regulamentos/2022/32022R0128.md
32022R0128	ANEXO IX		1526	1638	9522	ue/regulamentos/2022/32022R0128.md
32022R0129	Artigo 1.º	Objeto	24	34	220	ue/regulamentos/2022/32022R0129.md
32022R0129	Artigo 2.º	Superfície de referência indicativa apoiada	36	38	81	ue/regulamentos/2022/32022R0129.md
32022R0129	Artigo 3.º	Procedimento de autorização de terras e variedades para efeitos do pagamento específico para o algodão e respetivas notificações	40	52	284	ue/regulamentos/2022/32022R0129.md
32022R0129	Artigo 4.º	Assistência financeira da União para a destilação de subprodutos da vinificação	54	62	200	ue/regulamentos/2022/32022R0129.md
32022R0129	Artigo 5.º	Emblema da União	64	66	114	ue/regulamentos/2022/32022R0129.md
32022R0129	Artigo 6.º	Requisitos em matéria de informação, divulgação e promoção da notoriedade	68	70	81	ue/regulamentos/2022/32022R0129.md
32022R0129	Artigo 7.º	Entrada em vigor	72	76	66	ue/regulamentos/2022/32022R0129.md
32022R0129	ANEXO I	Superfície de referência indicativa apoiada a que se refere o artigo 2.º	78	108	172	ue/regulamentos/2022/32022R0129.md
32022R0129	ANEXO II	Utilização e características técnicas do emblema da União (a seguir designado por «emblema»)	110	176	1070	ue/regulamentos/2022/32022R0129.md
32022R0129	ANEXO III	Requisitos de informação, divulgação e promoção da notoriedade	178	244	2192	ue/regulamentos/2022/32022R0129.md
32022R0130	Preâmbulo		18	32	209	ue/regulamentos/2022/32022R0130.md
32022R0130	Artigo 1.º		36	40	71	ue/regulamentos/2022/32022R0130.md
32022R0130	Artigo 2.º		42	62	190	ue/regulamentos/2022/32022R0130.md
32022R0131	Preâmbulo		18	32	204	ue/regulamentos/2022/32022R0131.md
32022R0131	Artigo 1.º		36	40	64	ue/regulamentos/2022/32022R0131.md
32022R0131	Artigo 2.º		42	62	191	ue/regulamentos/2022/32022R0131.md
32022R0132	Preâmbulo		18	40	676	ue/regulamentos/2022/32022R0132.md
32022R0132	Artigo 1.º		44	46	28	ue/regulamentos/2022/32022R0132.md
32022R0132	Artigo 2.º		48	64	232	ue/regulamentos/2022/32022R0132.md
32022R0132	ANEXO	«ANEXO A	66	1064	17553	ue/regulamentos/2022/32022R0132.md
32022R0132	ANEXO B	ESTATÍSTICAS ANUAIS DA ENERGIA	1066	3586	21797	ue/regulamentos/2022/32022R0132.md
32022R0132	ANEXO C	ESTATÍSTICAS MENSAIS DA ENERGIA	3588	4050	5946	ue/regulamentos/2022/32022R0132.md
32022R0132	ANEXO D	ESTATÍSTICAS MENSAIS DE CURTO PRAZO	4052	4170	1092	ue/regulamentos/2022/32022R0132.md
32022R0135	Preâmbulo		18	46	1071	ue/regulamentos/2022/32022R0135.md
32022R0135	Artigo 1.º		50	52	32	ue/regulamentos/2022/32022R0135.md
32022R0135	Artigo 2.º		54	74	220	ue/regulamentos/2022/32022R0135.md
32022R0135	ANEXO		76	87	354	ue/regulamentos/2022/32022R0135.md
32022R0139	Preâmbulo		22	54	2762	ue/regulamentos/2022/32022R0139.md
32022R0139	Artigo 1.º	Objeto e âmbito de aplicação	58	78	359	ue/regulamentos/2022/32022R0139.md
32022R0139	Artigo 2.º	Definições	80	102	530	ue/regulamentos/2022/32022R0139.md
32022R0139	Artigo 3.º	Regras relativas aos contratos com fabricantes para a gestão dos bancos de antigénios, vacinas e reagentes de diagnóstico da União	104	130	408	ue/regulamentos/2022/32022R0139.md
32022R0139	Artigo 4.º	Contratos-quadro de fornecimento para as vacinas e reagentes de diagnóstico	132	138	140	ue/regulamentos/2022/32022R0139.md
32022R0139	Artigo 5.º	Gestão dos bancos de reagentes de diagnóstico da União através de subvenções concedidas aos laboratórios de referência da União Europeia	140	154	336	ue/regulamentos/2022/32022R0139.md
32022R0139	Artigo 6.º	Condições para o fornecimento e armazenamento de antigénios, vacinas e reagentes de diagnóstico	156	160	262	ue/regulamentos/2022/32022R0139.md
32022R0139	Artigo 7.º	Princípios de seleção de estirpes e variações de antigénios, vacinas e reagentes de diagnóstico	162	164	126	ue/regulamentos/2022/32022R0139.md
32022R0139	Artigo 8.º	Destruição e eliminação segura de antigénios, vacinas e reagentes de diagnóstico	166	168	121	ue/regulamentos/2022/32022R0139.md
32022R0139	Artigo 9.º	Recompra dos antigénios cujo período de validade tenha expirado	170	172	76	ue/regulamentos/2022/32022R0139.md
32022R0139	Artigo 10.º	Requisitos de bioproteção, biossegurança e biocontenção para o funcionamento dos bancos de antigénios, vacinas e reagentes de diagnóstico da União	174	188	414	ue/regulamentos/2022/32022R0139.md
32022R0139	Artigo 11.º	Medidas transitórias	190	202	240	ue/regulamentos/2022/32022R0139.md
32022R0139	Artigo 12.º	Entrada em vigor e aplicação	204	242	1242	ue/regulamentos/2022/32022R0139.md
32022R0139	ANEXO I	CONDIÇÕES PARA O FORNECIMENTO E ARMAZENAMENTO DE ANTIGÉNIOS, VACINAS E REAGENTES DE DIAGNÓSTICO, COMO SE REFERE NO ARTIGO 6.º, N.º 1	244	270	730	ue/regulamentos/2022/32022R0139.md
32022R0139	ANEXO II	CONDIÇÕES ADICIONAIS PARA O FORNECIMENTO E ARMAZENAMENTO DE ANTIGÉNIOS CONCENTRADOS INATIVADOS DO VÍRUS DA FEBRE AFTOSA, COMO SE REFERE NO ARTIGO 6.º, N.º 2	272	296	722	ue/regulamentos/2022/32022R0139.md
32022R0140	Preâmbulo		18	44	1184	ue/regulamentos/2022/32022R0140.md
32022R0140	Artigo 1.º	Objeto e âmbito de aplicação	48	64	328	ue/regulamentos/2022/32022R0140.md
32022R0140	Artigo 2.º	Definições	66	68	40	ue/regulamentos/2022/32022R0140.md
32022R0140	Artigo 3.º	Produtos biológicos a incluir nos bancos de antigénios, vacinas e reagentes de diagnóstico da União para determinadas doenças de categoria A	70	74	187	ue/regulamentos/2022/32022R0140.md
32022R0140	Artigo 4.º	Requisitos adicionais relativos ao fornecimento e armazenamento de antigénios e vacinas	76	80	137	ue/regulamentos/2022/32022R0140.md
32022R0140	Artigo 5.º	Requisitos relativos à formulação de vacinas com antigénios do vírus da febre aftosa e à rotulagem das vacinas prontas a usar	82	86	213	ue/regulamentos/2022/32022R0140.md
32022R0140	Artigo 6.º	Procedimentos para a libertação e entrega de vacinas	88	94	164	ue/regulamentos/2022/32022R0140.md
32022R0140	Artigo 7.º	Requisitos relativos à substituição de antigénios, vacinas e reagentes de diagnóstico	96	98	123	ue/regulamentos/2022/32022R0140.md
32022R0140	Artigo 8.º	Requisitos processuais e técnicos para solicitar o acesso a antigénios, vacinas e reagentes de diagnóstico provenientes dos bancos de antigénios, vacinas e reag	100	110	460	ue/regulamentos/2022/32022R0140.md
32022R0140	Artigo 9.º	Entrada em vigor e aplicação	112	132	322	ue/regulamentos/2022/32022R0140.md
32022R0140	ANEXO I	Produtos biológicos a incluir nos bancos de antigénios, vacinas e reagentes de diagnóstico da União, como se refere no artigo 3.º	134	143	266	ue/regulamentos/2022/32022R0140.md
32022R0140	ANEXO II	Requisitos adicionais relativos ao armazenamento de antigénios e vacinas, como se refere no artigo 4.º, n.º 2	145	183	1136	ue/regulamentos/2022/32022R0140.md
32022R0140	ANEXO III	Requisitos relativos à formulação de vacinas com antigénios do vírus da febre aftosa e à rotulagem das vacinas prontas a usar, como se refere no artigo 5.º	185	203	514	ue/regulamentos/2022/32022R0140.md
32022R0140	ANEXO IV	Procedimentos para a libertação e entrega de vacinas formuladas a partir dos antigénios do vírus da febre aftosa, como se refere no artigo 6.º, n.º 2	205	223	664	ue/regulamentos/2022/32022R0140.md
32022R0140	ANEXO V	Procedimentos para a entrega de vacinas armazenadas nos bancos de vacinas da União, como se refere no artigo 6.º, n.º 3	225	233	144	ue/regulamentos/2022/32022R0140.md
32022R0140	ANEXO VI	Critérios adicionais para a distribuição das quantidades e dos tipos necessários de vacinas, como se refere no artigo 8.º, n.º 2	235	243	200	ue/regulamentos/2022/32022R0140.md
32022R0141	Preâmbulo		18	48	1290	ue/regulamentos/2022/32022R0141.md
32022R0141	Artigo 1.º		52	54	31	ue/regulamentos/2022/32022R0141.md
32022R0141	Artigo 2.º		56	76	280	ue/regulamentos/2022/32022R0141.md
32022R0141	ANEXO		78	91	200	ue/regulamentos/2022/32022R0141.md
32022R0143	Preâmbulo		18	38	428	ue/regulamentos/2022/32022R0143.md
32022R0143	Artigo 1.º		42	44	18	ue/regulamentos/2022/32022R0143.md
32022R0143	Artigo 2.º		46	64	230	ue/regulamentos/2022/32022R0143.md
32022R0144	Preâmbulo		22	70	1864	ue/regulamentos/2022/32022R0144.md
32022R0144	Artigo 1.º		74	78	81	ue/regulamentos/2022/32022R0144.md
32022R0144	Artigo 2.º		80	84	168	ue/regulamentos/2022/32022R0144.md
32022R0144	Artigo 3.º		86	104	184	ue/regulamentos/2022/32022R0144.md
32022R0148	Preâmbulo		18	40	386	ue/regulamentos/2022/32022R0148.md
32022R0148	Artigo 1.º		44	48	92	ue/regulamentos/2022/32022R0148.md
32022R0148	Artigo 2.º		50	68	221	ue/regulamentos/2022/32022R0148.md
32022R0149	Preâmbulo		18	38	331	ue/regulamentos/2022/32022R0149.md
32022R0149	Artigo 1.º		42	46	28	ue/regulamentos/2022/32022R0149.md
32022R0149	«Artigo 2.º-A		48	58	430	ue/regulamentos/2022/32022R0149.md
32022R0149	Artigo 2.º		60	78	214	ue/regulamentos/2022/32022R0149.md
32022R0150	Preâmbulo		18	36	415	ue/regulamentos/2022/32022R0150.md
32022R0150	Artigo 1.º	Alterações do Regulamento (CE) n.º 32/2000	40	42	66	ue/regulamentos/2022/32022R0150.md
32022R0150	Artigo 2.º	Disposições transitórias para o período de contingentamento pautal em curso	44	48	250	ue/regulamentos/2022/32022R0150.md
32022R0150	Artigo 3.º	Entrada em vigor	50	66	217	ue/regulamentos/2022/32022R0150.md
32022R0156	Preâmbulo		18	42	898	ue/regulamentos/2022/32022R0156.md
32022R0156	Artigo 1.º		46	48	28	ue/regulamentos/2022/32022R0156.md
32022R0156	Artigo 2.º		50	66	142	ue/regulamentos/2022/32022R0156.md
32022R0156	ANEXO		68	79	2852	ue/regulamentos/2022/32022R0156.md
32022R0158	Preâmbulo		18	46	1510	ue/regulamentos/2022/32022R0158.md
32022R0158	Artigo 1.º		50	52	34	ue/regulamentos/2022/32022R0158.md
32022R0158	Artigo 2.º		54	76	376	ue/regulamentos/2022/32022R0158.md
32022R0158	ANEXO	MODELO DE CERTIFICADO OFICIAL PARA A ENTRADA NA UNIÃO DE MOLUSCOS BIVALVES, EQUINODERMES, TUNICADOS E GASTRÓPODES MARINHOS VIVOS, REFRIGERADOS, CONGELADOS OU TR	78	97	1437	ue/regulamentos/2022/32022R0158.md
32022R0159	Preâmbulo		18	52	1043	ue/regulamentos/2022/32022R0159.md
32022R0159	Artigo 1.º	Aprovação da substância ativa	56	58	38	ue/regulamentos/2022/32022R0159.md
32022R0159	Artigo 2.º	Alterações do Regulamento de Execução (UE) n.º 540/2011	60	62	48	ue/regulamentos/2022/32022R0159.md
32022R0159	Artigo 3.º	Entrada em vigor	64	82	310	ue/regulamentos/2022/32022R0159.md
32022R0159	ANEXO I		84	90	200	ue/regulamentos/2022/32022R0159.md
32022R0159	ANEXO II		92	100	228	ue/regulamentos/2022/32022R0159.md
32022R0160	Preâmbulo		22	62	1741	ue/regulamentos/2022/32022R0160.md
32022R0160	Artigo 1.º	Objeto e âmbito de aplicação	66	76	247	ue/regulamentos/2022/32022R0160.md
32022R0160	Artigo 2.º	Definições	78	104	442	ue/regulamentos/2022/32022R0160.md
32022R0160	Artigo 3.º	Frequência mínima uniforme das inspeções em determinados estabelecimentos aprovados	106	124	236	ue/regulamentos/2022/32022R0160.md
32022R0160	Artigo 4.º	Frequência mínima uniforme das inspeções em estabelecimentos aprovados de produtos germinais	126	140	216	ue/regulamentos/2022/32022R0160.md
32022R0160	Artigo 5.º	Frequência mínima uniforme das inspeções em determinados estabelecimentos de aquicultura aprovados e em determinados grupos de estabelecimentos de aquicultura a	142	150	322	ue/regulamentos/2022/32022R0160.md
32022R0160	Artigo 6.º	Frequência mínima uniforme das inspeções em estabelecimentos que detêm bovinos, ovinos e caprinos	152	154	98	ue/regulamentos/2022/32022R0160.md
32022R0160	Artigo 7.º	Revogações	156	160	72	ue/regulamentos/2022/32022R0160.md
32022R0160	Artigo 8.º	Entrada em vigor	162	196	972	ue/regulamentos/2022/32022R0160.md
32022R0160	ANEXO	Quadros de correspondência referidos no artigo 7.º, n.º 2	198	230	216	ue/regulamentos/2022/32022R0160.md
32022R0163	Preâmbulo		18	46	1395	ue/regulamentos/2022/32022R0163.md
32022R0163	Artigo 1.º	Critérios para estabelecer a escala adequada dos controlos de verificação da conformidade	50	68	346	ue/regulamentos/2022/32022R0163.md
32022R0163	Artigo 2.º	Formato do resumo dos planos de controlo de fiscalização do mercado	70	72	76	ue/regulamentos/2022/32022R0163.md
32022R0163	Artigo 3.º	Formato do relatório com as conclusões dos controlos de verificação da conformidade	74	76	82	ue/regulamentos/2022/32022R0163.md
32022R0163	Artigo 4.º	Dados a disponibilizar pelos fabricantes à Comissão para a realização da verificação da conformidade	78	90	344	ue/regulamentos/2022/32022R0163.md
32022R0163	Artigo 5.º	Dados a disponibilizar pelos fabricantes a terceiros para determinar eventuais não conformidades	92	104	336	ue/regulamentos/2022/32022R0163.md
32022R0163	Artigo 6.º	Requisitos para terceiros demonstrarem o seu interesse legítimo e a utilização de instalações de ensaio adequadas	106	128	674	ue/regulamentos/2022/32022R0163.md
32022R0163	Artigo 7.º	Entrada em vigor e aplicação	130	150	443	ue/regulamentos/2022/32022R0163.md
32022R0163	ANEXO I	Formato do resumo global dos planos de controlos de fiscalização do mercado	152	185	380	ue/regulamentos/2022/32022R0163.md
32022R0163	ANEXO II	Formato do relatório com as conclusões dos controlos de verificação da conformidade	187	205	646	ue/regulamentos/2022/32022R0163.md
32022R0166	Preâmbulo		18	38	426	ue/regulamentos/2022/32022R0166.md
32022R0166	Artigo 1.º		42	44	18	ue/regulamentos/2022/32022R0166.md
32022R0166	Artigo 2.º		46	64	230	ue/regulamentos/2022/32022R0166.md
32022R0167	Preâmbulo		18	38	444	ue/regulamentos/2022/32022R0167.md
32022R0167	Artigo 1.º		42	44	30	ue/regulamentos/2022/32022R0167.md
32022R0167	Artigo 2.º		46	64	230	ue/regulamentos/2022/32022R0167.md
32022R0168	Preâmbulo		18	56	1679	ue/regulamentos/2022/32022R0168.md
32022R0168	Artigo 1.º		60	72	222	ue/regulamentos/2022/32022R0168.md
32022R0168	Artigo 2.º		74	76	122	ue/regulamentos/2022/32022R0168.md
32022R0168	Artigo 3.º		78	80	32	ue/regulamentos/2022/32022R0168.md
32022R0168	Artigo 4.º		82	118	514	ue/regulamentos/2022/32022R0168.md
32022R0168	ANEXO		120	136	877	ue/regulamentos/2022/32022R0168.md
32022R0169	Preâmbulo		18	60	2072	ue/regulamentos/2022/32022R0169.md
32022R0169	Artigo 1.º		64	76	236	ue/regulamentos/2022/32022R0169.md
32022R0169	Artigo 2.º		78	80	118	ue/regulamentos/2022/32022R0169.md
32022R0169	Artigo 3.º		82	84	32	ue/regulamentos/2022/32022R0169.md
32022R0169	Artigo 4.º		86	134	924	ue/regulamentos/2022/32022R0169.md
32022R0169	ANEXO		136	200	2734	ue/regulamentos/2022/32022R0169.md
32022R0175	Preâmbulo		18	46	1404	ue/regulamentos/2022/32022R0175.md
32022R0175	Artigo 1.º		50	52	31	ue/regulamentos/2022/32022R0175.md
32022R0175	Artigo 2.º		54	70	107	ue/regulamentos/2022/32022R0175.md
32022R0175	ANEXO		72	77	411	ue/regulamentos/2022/32022R0175.md
32022R0176	Preâmbulo		18	34	461	ue/regulamentos/2022/32022R0176.md
32022R0176	Artigo 1.º		38	40	14	ue/regulamentos/2022/32022R0176.md
32022R0176	Artigo 2.º		42	58	235	ue/regulamentos/2022/32022R0176.md
32022R0183	Preâmbulo		18	36	236	ue/regulamentos/2022/32022R0183.md
32022R0183	Artigo 1.º		40	42	28	ue/regulamentos/2022/32022R0183.md
32022R0183	Artigo 2.º		44	58	94	ue/regulamentos/2022/32022R0183.md
32022R0183	ANEXO		60	66	254	ue/regulamentos/2022/32022R0183.md
32022R0184	Preâmbulo		18	34	306	ue/regulamentos/2022/32022R0184.md
32022R0184	Artigo 1.º		38	40	28	ue/regulamentos/2022/32022R0184.md
32022R0184	Artigo 2.º		42	58	106	ue/regulamentos/2022/32022R0184.md
32022R0184	ANEXO	«ANEXO IV	60	91	456	ue/regulamentos/2022/32022R0184.md
32022R0185	Preâmbulo		18	34	487	ue/regulamentos/2022/32022R0185.md
32022R0185	Artigo 1.º		38	40	14	ue/regulamentos/2022/32022R0185.md
32022R0185	Artigo 2.º		42	58	188	ue/regulamentos/2022/32022R0185.md
32022R0186	Preâmbulo		18	38	615	ue/regulamentos/2022/32022R0186.md
32022R0186	Artigo 1.º		42	52	236	ue/regulamentos/2022/32022R0186.md
32022R0186	Artigo 2.º		54	72	188	ue/regulamentos/2022/32022R0186.md
32022R0186	ANEXO I		74	994	14316	ue/regulamentos/2022/32022R0186.md
32022R0186	ANEXO II	Spreads fundamentais para o cálculo do ajustamento compensatório	996	3352	28242	ue/regulamentos/2022/32022R0186.md
32022R0186	ANEXO III	Ajustamento à volatilidade da estrutura pertinente das taxas de juro sem risco para os diferentes prazos	3354	3395	325	ue/regulamentos/2022/32022R0186.md
32022R0187	Preâmbulo		18	60	1704	ue/regulamentos/2022/32022R0187.md
32022R0187	Artigo 1.º		64	76	221	ue/regulamentos/2022/32022R0187.md
32022R0187	Artigo 2.º		78	80	118	ue/regulamentos/2022/32022R0187.md
32022R0187	Artigo 3.º		82	84	32	ue/regulamentos/2022/32022R0187.md
32022R0187	Artigo 4.º		86	132	625	ue/regulamentos/2022/32022R0187.md
32022R0187	ANEXO		134	149	666	ue/regulamentos/2022/32022R0187.md
32022R0188	Preâmbulo		18	62	2266	ue/regulamentos/2022/32022R0188.md
32022R0188	Artigo 1.º		66	78	232	ue/regulamentos/2022/32022R0188.md
32022R0188	Artigo 2.º		80	82	118	ue/regulamentos/2022/32022R0188.md
32022R0188	Artigo 3.º		84	86	32	ue/regulamentos/2022/32022R0188.md
32022R0188	Artigo 4.º		88	124	328	ue/regulamentos/2022/32022R0188.md
32022R0188	ANEXO		126	164	2192	ue/regulamentos/2022/32022R0188.md
32022R0191	Artigo 1.º		37	57	581	ue/regulamentos/2022/32022R0191.md
32022R0191	Artigo 2.º		59	69	204	ue/regulamentos/2022/32022R0191.md
32022R0191	Artigo 3.º		71	77	115	ue/regulamentos/2022/32022R0191.md
32022R0191	Artigo 4.º		79	85	63	ue/regulamentos/2022/32022R0191.md
32022R0191	ANEXO		87	201	1988	ue/regulamentos/2022/32022R0191.md
32022R0192	Preâmbulo		18	46	1049	ue/regulamentos/2022/32022R0192.md
32022R0192	Artigo 1.º	Alterações do Regulamento Delegado (UE) n.º 1151/2014	50	95	672	ue/regulamentos/2022/32022R0192.md
32022R0192	Artigo 2.º	Entrada em vigor	97	115	265	ue/regulamentos/2022/32022R0192.md
32022R0193	Preâmbulo		18	42	739	ue/regulamentos/2022/32022R0193.md
32022R0193	Artigo 1.º	Alteração do Regulamento de Execução (UE) n.º 926/2014	46	58	415	ue/regulamentos/2022/32022R0193.md
32022R0193	Artigo 2.º	Entrada em vigor	60	82	462	ue/regulamentos/2022/32022R0193.md
32022R0193	ANEXO	«ANEXO I	84	177	2654	ue/regulamentos/2022/32022R0193.md
32022R0193	ANEXO II	Formulário para a comunicação da notificação de passaporte da sucursal	179	204	386	ue/regulamentos/2022/32022R0193.md
32022R0193	ANEXO III	Formulário para a comunicação do montante e da composição dos fundos próprios e dos requisitos de fundos próprios	206	232	1526	ue/regulamentos/2022/32022R0193.md
32022R0193	ANEXO IV	Formulário para a notificação de uma modificação relativa à cessação prevista das atividades de uma sucursal	234	259	477	ue/regulamentos/2022/32022R0193.md
32022R0193	ANEXO V	Formulário para a apresentação de uma notificação de passaporte de serviços	261	327	1458	ue/regulamentos/2022/32022R0193.md
32022R0193	ANEXO VI	Formulário para a comunicação de uma notificação de passaporte de serviços	329	380	742	ue/regulamentos/2022/32022R0193.md
32022R0194	Preâmbulo		18	54	1165	ue/regulamentos/2022/32022R0194.md
32022R0194	Artigo 1.º		58	60	36	ue/regulamentos/2022/32022R0194.md
32022R0194	Artigo 2.º		62	80	288	ue/regulamentos/2022/32022R0194.md
32022R0194	ANEXO		82	168	2440	ue/regulamentos/2022/32022R0194.md
32022R0195	Preâmbulo		18	50	1776	ue/regulamentos/2022/32022R0195.md
32022R0195	Artigo 1.º	Alterações do Regulamento de Execução (UE) 2020/683	54	56	52	ue/regulamentos/2022/32022R0195.md
32022R0195	Artigo 2.º	Retificações do Regulamento de Execução (UE) 2020/683	58	60	52	ue/regulamentos/2022/32022R0195.md
32022R0195	Artigo 3.º	Entrada em vigor e aplicação	62	86	494	ue/regulamentos/2022/32022R0195.md
32022R0195	ANEXO I		88	594	4990	ue/regulamentos/2022/32022R0195.md
32022R0195	ANEXO II		596	789	1879	ue/regulamentos/2022/32022R0195.md
32022R0196	Preâmbulo		18	56	1484	ue/regulamentos/2022/32022R0196.md
32022R0196	Artigo 1.º		60	64	109	ue/regulamentos/2022/32022R0196.md
32022R0196	Artigo 2.º		66	100	760	ue/regulamentos/2022/32022R0196.md
32022R0196	ANEXO		102	142	1830	ue/regulamentos/2022/32022R0196.md
32022R0199	Preâmbulo		18	44	1102	ue/regulamentos/2022/32022R0199.md
32022R0199	Artigo 1.º		48	50	30	ue/regulamentos/2022/32022R0199.md
32022R0199	Artigo 2.º		52	70	134	ue/regulamentos/2022/32022R0199.md
32022R0199	ANEXO		72	88	496	ue/regulamentos/2022/32022R0199.md
32022R0200	Preâmbulo		18	46	1341	ue/regulamentos/2022/32022R0200.md
32022R0200	Artigo 1.º		50	52	27	ue/regulamentos/2022/32022R0200.md
32022R0200	Artigo 2.º		54	74	202	ue/regulamentos/2022/32022R0200.md
32022R0200	ANEXO		76	100	764	ue/regulamentos/2022/32022R0200.md
32022R0201	Preâmbulo		18	50	1156	ue/regulamentos/2022/32022R0201.md
32022R0201	Artigo 1.º		54	66	308	ue/regulamentos/2022/32022R0201.md
32022R0201	Artigo 2.º		68	70	35	ue/regulamentos/2022/32022R0201.md
32022R0201	Artigo 3.º		72	98	491	ue/regulamentos/2022/32022R0201.md
32022R0201	ANEXO I		100	1773	23550	ue/regulamentos/2022/32022R0201.md
32022R0201	Apêndice XI	Carta de acordo para produção sem aprovação como entidade de produção — Formulário AESA 65	1775	1791	708	ue/regulamentos/2022/32022R0201.md
32022R0201	ANEXO II		1793	1800	194	ue/regulamentos/2022/32022R0201.md
32022R0202	Preâmbulo		18	44	1101	ue/regulamentos/2022/32022R0202.md
32022R0202	Artigo 1.º		48	50	33	ue/regulamentos/2022/32022R0202.md
32022R0202	Artigo 2.º		52	76	469	ue/regulamentos/2022/32022R0202.md
32022R0202	ANEXO		78	116	1146	ue/regulamentos/2022/32022R0202.md
32022R0203	Preâmbulo		18	48	1023	ue/regulamentos/2022/32022R0203.md
32022R0203	Artigo 1.º		52	68	470	ue/regulamentos/2022/32022R0203.md
32022R0203	Artigo 2.º		70	72	32	ue/regulamentos/2022/32022R0203.md
32022R0203	Artigo 3.º		74	100	508	ue/regulamentos/2022/32022R0203.md
32022R0203	ANEXO I		102	534	8934	ue/regulamentos/2022/32022R0203.md
32022R0203	ANEXO II		536	543	294	ue/regulamentos/2022/32022R0203.md
32022R0204	Preâmbulo		18	58	1842	ue/regulamentos/2022/32022R0204.md
32022R0204	Artigo 1.º		62	66	33	ue/regulamentos/2022/32022R0204.md
32022R0204	«Artigo 4.º	Estrutura e organização dos conselhos consultivos	68	96	732	ue/regulamentos/2022/32022R0204.md
32022R0204	«Artigo 5.º	Métodos de trabalho	98	110	247	ue/regulamentos/2022/32022R0204.md
32022R0204	«Artigo 7.º-A	Análises de desempenho	112	140	757	ue/regulamentos/2022/32022R0204.md
32022R0204	Artigo 2.º		142	160	196	ue/regulamentos/2022/32022R0204.md
32022R0208	Preâmbulo		18	42	803	ue/regulamentos/2022/32022R0208.md
32022R0208	Artigo 1.º		46	48	28	ue/regulamentos/2022/32022R0208.md
32022R0208	Artigo 2.º		50	70	199	ue/regulamentos/2022/32022R0208.md
32022R0208	ANEXO		72	204	2546	ue/regulamentos/2022/32022R0208.md
32022R0209	Preâmbulo		22	52	1437	ue/regulamentos/2022/32022R0209.md
32022R0209	Artigo 1.º	Dados a comunicar à Agência sobre o volume de vendas de medicamentos antimicrobianos veterinários	56	60	178	ue/regulamentos/2022/32022R0209.md
32022R0209	Artigo 2.º	Dados a comunicar à Agência sobre a utilização de medicamentos antimicrobianos em animais	62	66	197	ue/regulamentos/2022/32022R0209.md
32022R0209	Artigo 3.º	Informações a fornecer pela Agência para efeitos de cálculo e validação	68	70	74	ue/regulamentos/2022/32022R0209.md
32022R0209	Artigo 4.º	Dados sobre as populações animais	72	82	384	ue/regulamentos/2022/32022R0209.md
32022R0209	Artigo 5.º	Ajustamentos dos dados relativos às populações animais para efeitos de análise	84	90	220	ue/regulamentos/2022/32022R0209.md
32022R0209	Artigo 6.º		92	112	283	ue/regulamentos/2022/32022R0209.md
32022R0209	ANEXO I	Formato para a comunicação à Agência de dados sobre o volume de vendas de medicamentos antimicrobianos veterinários	114	140	1539	ue/regulamentos/2022/32022R0209.md
32022R0209	ANEXO II	Formato para a comunicação à Agência de dados sobre a utilização de medicamentos antimicrobianos em animais	142	167	1706	ue/regulamentos/2022/32022R0209.md
32022R0209	ANEXO III	Informações a fornecer pela Agência para efeitos de cálculo e validação	169	177	512	ue/regulamentos/2022/32022R0209.md
32022R0212	Preâmbulo		18	40	569	ue/regulamentos/2022/32022R0212.md
32022R0212	Artigo 1.º		44	148	2129	ue/regulamentos/2022/32022R0212.md
32022R0212	«Artigo 2.º-A		150	159	270	ue/regulamentos/2022/32022R0212.md
32022R0212	«Artigo 3.º-A		161	173	329	ue/regulamentos/2022/32022R0212.md
32022R0212	«Artigo 8.º-D		175	189	354	ue/regulamentos/2022/32022R0212.md
32022R0212	Artigo 8.º-E		191	217	613	ue/regulamentos/2022/32022R0212.md
32022R0212	Artigo 2.º		219	241	286	ue/regulamentos/2022/32022R0212.md
32022R0212	ANEXO I		243	249	159	ue/regulamentos/2022/32022R0212.md
32022R0212	ANEXO II		251	255	45	ue/regulamentos/2022/32022R0212.md
32022R0212	ANEXO III		257	285	539	ue/regulamentos/2022/32022R0212.md
32022R0212	ANEXO IV		287	305	83	ue/regulamentos/2022/32022R0212.md
32022R0213	Preâmbulo		18	38	448	ue/regulamentos/2022/32022R0213.md
32022R0213	Artigo 1.º		42	44	31	ue/regulamentos/2022/32022R0213.md
32022R0213	Artigo 2.º		46	64	230	ue/regulamentos/2022/32022R0213.md
32022R0214	Preâmbulo		18	70	3326	ue/regulamentos/2022/32022R0214.md
32022R0214	Artigo 1.º		74	84	183	ue/regulamentos/2022/32022R0214.md
32022R0214	Artigo 2.º		86	104	310	ue/regulamentos/2022/32022R0214.md
32022R0214	ANEXO		106	268	3735	ue/regulamentos/2022/32022R0214.md
32022R0215	Preâmbulo		18	50	1008	ue/regulamentos/2022/32022R0215.md
32022R0215	Artigo 1.º		54	56	36	ue/regulamentos/2022/32022R0215.md
32022R0215	Artigo 2.º		58	76	288	ue/regulamentos/2022/32022R0215.md
32022R0215	ANEXO		78	155	1751	ue/regulamentos/2022/32022R0215.md
32022R0225	Preâmbulo		18	40	427	ue/regulamentos/2022/32022R0225.md
32022R0225	Artigo 1.º		44	50	37	ue/regulamentos/2022/32022R0225.md
32022R0225	Artigo 2.º		52	72	195	ue/regulamentos/2022/32022R0225.md
32022R0226	Preâmbulo		18	36	284	ue/regulamentos/2022/32022R0226.md
32022R0226	Artigo 1.º		40	42	31	ue/regulamentos/2022/32022R0226.md
32022R0226	Artigo 2.º		44	64	219	ue/regulamentos/2022/32022R0226.md
32022R0226	ANEXO		66	75	406	ue/regulamentos/2022/32022R0226.md
32022R0229	Preâmbulo		18	72	6112	ue/regulamentos/2022/32022R0229.md
32022R0229	Artigo 1.º		76	89	113	ue/regulamentos/2022/32022R0229.md
32022R0229	Artigo 2.º		91	100	97	ue/regulamentos/2022/32022R0229.md
32022R0229	Artigo 3.º		102	130	196	ue/regulamentos/2022/32022R0229.md
32022R0229	Artigo 4.º		132	150	256	ue/regulamentos/2022/32022R0229.md
32022R0230	Preâmbulo		18	46	939	ue/regulamentos/2022/32022R0230.md
32022R0230	Artigo 1.º	Alteração do Regulamento de Execução (UE) 2018/2019	50	52	46	ue/regulamentos/2022/32022R0230.md
32022R0230	Artigo 2.º	Entrada em vigor	54	78	524	ue/regulamentos/2022/32022R0230.md
32022R0230	ANEXO		80	84	74	ue/regulamentos/2022/32022R0230.md
32022R0235	Preâmbulo		18	36	264	ue/regulamentos/2022/32022R0235.md
32022R0235	Artigo 1.º		40	42	28	ue/regulamentos/2022/32022R0235.md
32022R0235	Artigo 2.º		44	58	92	ue/regulamentos/2022/32022R0235.md
32022R0235	ANEXO		60	79	253	ue/regulamentos/2022/32022R0235.md
32022R0236	Preâmbulo		18	38	388	ue/regulamentos/2022/32022R0236.md
32022R0236	Artigo 1.º		42	44	43	ue/regulamentos/2022/32022R0236.md
32022R0236	Artigo 2.º		46	60	92	ue/regulamentos/2022/32022R0236.md
32022R0236	ANEXO		62	72	1002	ue/regulamentos/2022/32022R0236.md
32022R0237	Preâmbulo		18	40	428	ue/regulamentos/2022/32022R0237.md
32022R0237	Artigo 1.º		44	46	29	ue/regulamentos/2022/32022R0237.md
32022R0237	Artigo 2.º		48	64	150	ue/regulamentos/2022/32022R0237.md
32022R0237	ANEXO		66	76	283	ue/regulamentos/2022/32022R0237.md
32022R0238	Preâmbulo		18	40	450	ue/regulamentos/2022/32022R0238.md
32022R0238	Artigo 1.º		44	46	20	ue/regulamentos/2022/32022R0238.md
32022R0238	«Artigo 4.º-DB		48	54	275	ue/regulamentos/2022/32022R0238.md
32022R0238	Artigo 2.º		56	74	195	ue/regulamentos/2022/32022R0238.md
32022R0239	Preâmbulo		18	38	429	ue/regulamentos/2022/32022R0239.md
32022R0239	Artigo 1.º		42	44	29	ue/regulamentos/2022/32022R0239.md
32022R0239	Artigo 2.º		46	60	92	ue/regulamentos/2022/32022R0239.md
32022R0239	ANEXO		62	100	7274	ue/regulamentos/2022/32022R0239.md
32022R0244	Preâmbulo		18	44	1508	ue/regulamentos/2022/32022R0244.md
32022R0244	Artigo 1.º	Cálculo do montante da margem total exigida	48	58	440	ue/regulamentos/2022/32022R0244.md
32022R0244	Artigo 2.º	Prevenção da arbitragem regulamentar	60	88	822	ue/regulamentos/2022/32022R0244.md
32022R0244	Artigo 3.º	Entrada em vigor	90	108	244	ue/regulamentos/2022/32022R0244.md
32022R0245	Preâmbulo		18	36	842	ue/regulamentos/2022/32022R0245.md
32022R0245	Artigo 1.º		40	72	777	ue/regulamentos/2022/32022R0245.md
32022R0245	«Artigo 6.º	Condições de aprovação dos requerentes de ajuda	74	102	808	ue/regulamentos/2022/32022R0245.md
32022R0245	Artigo 2.º		104	122	216	ue/regulamentos/2022/32022R0245.md
32022R0246	Preâmbulo		18	40	881	ue/regulamentos/2022/32022R0246.md
32022R0246	Artigo 1.º		44	77	692	ue/regulamentos/2022/32022R0246.md
32022R0246	Artigo 2.º		79	97	194	ue/regulamentos/2022/32022R0246.md
32022R0248	Preâmbulo		18	38	474	ue/regulamentos/2022/32022R0248.md
32022R0248	Artigo 1.º		42	44	76	ue/regulamentos/2022/32022R0248.md
32022R0248	Artigo 2.º		46	66	192	ue/regulamentos/2022/32022R0248.md
32022R0249	Preâmbulo		18	48	914	ue/regulamentos/2022/32022R0249.md
32022R0249	Artigo 1.º		52	54	36	ue/regulamentos/2022/32022R0249.md
32022R0249	Artigo 2.º		56	74	288	ue/regulamentos/2022/32022R0249.md
32022R0249	ANEXO		76	106	592	ue/regulamentos/2022/32022R0249.md
32022R0250	Preâmbulo		18	44	1395	ue/regulamentos/2022/32022R0250.md
32022R0250	Artigo 1.º		48	57	113	ue/regulamentos/2022/32022R0250.md
32022R0250	Artigo 2.º		59	61	34	ue/regulamentos/2022/32022R0250.md
32022R0250	Artigo 3.º		63	89	598	ue/regulamentos/2022/32022R0250.md
32022R0250	ANEXO I		91	119	4933	ue/regulamentos/2022/32022R0250.md
32022R0250	ANEXO II		121	139	524	ue/regulamentos/2022/32022R0250.md
32022R0255	Preâmbulo		18	64	2269	ue/regulamentos/2022/32022R0255.md
32022R0255	Artigo 1.º		68	74	394	ue/regulamentos/2022/32022R0255.md
32022R0255	Artigo 2.º		76	90	95	ue/regulamentos/2022/32022R0255.md
32022R0256	Preâmbulo		18	64	3014	ue/regulamentos/2022/32022R0256.md
32022R0256	Artigo 1.º		68	89	617	ue/regulamentos/2022/32022R0256.md
32022R0256	Artigo 2.º		91	115	302	ue/regulamentos/2022/32022R0256.md
32022R0256	ANEXO		117	122	176	ue/regulamentos/2022/32022R0256.md
32022R0259	Preâmbulo		22	42	378	ue/regulamentos/2022/32022R0259.md
32022R0259	Artigo 1.º		46	50	35	ue/regulamentos/2022/32022R0259.md
32022R0259	«Artigo 6.º-B		52	54	177	ue/regulamentos/2022/32022R0259.md
32022R0259	Artigo 2.º		56	72	155	ue/regulamentos/2022/32022R0259.md
32022R0260	Preâmbulo		18	50	1600	ue/regulamentos/2022/32022R0260.md
32022R0260	Artigo 1.º		54	56	45	ue/regulamentos/2022/32022R0260.md
32022R0260	Artigo 2.º		58	72	90	ue/regulamentos/2022/32022R0260.md
32022R0260	ANEXO		74	112	5900	ue/regulamentos/2022/32022R0260.md
32022R0261	Preâmbulo		18	48	1382	ue/regulamentos/2022/32022R0261.md
32022R0261	Artigo 1.º		52	54	40	ue/regulamentos/2022/32022R0261.md
32022R0261	Artigo 2.º		56	70	90	ue/regulamentos/2022/32022R0261.md
32022R0261	ANEXO		72	414	48012	ue/regulamentos/2022/32022R0261.md
32022R0262	Artigo 1.º		36	80	804	ue/regulamentos/2022/32022R0262.md
32022R0262	Artigo 2.º		82	86	59	ue/regulamentos/2022/32022R0262.md
32022R0263	Artigo 1.º		37	91	990	ue/regulamentos/2022/32022R0263.md
32022R0263	Artigo 2.º		93	105	184	ue/regulamentos/2022/32022R0263.md
32022R0263	Artigo 3.º		107	125	382	ue/regulamentos/2022/32022R0263.md
32022R0263	Artigo 3.º-A		127	139	291	ue/regulamentos/2022/32022R0263.md
32022R0263	Artigo 4.º		141	173	317	ue/regulamentos/2022/32022R0263.md
32022R0263	Artigo 4.º-A		175	207	816	ue/regulamentos/2022/32022R0263.md
32022R0263	Artigo 5.º		209	259	1514	ue/regulamentos/2022/32022R0263.md
32022R0263	Artigo 5.º-A		261	287	508	ue/regulamentos/2022/32022R0263.md
32022R0263	Artigo 6.º		289	293	34	ue/regulamentos/2022/32022R0263.md
32022R0263	Artigo 7.º		295	315	570	ue/regulamentos/2022/32022R0263.md
32022R0263	Artigo 8.º		317	321	98	ue/regulamentos/2022/32022R0263.md
32022R0263	Artigo 9.º		323	325	90	ue/regulamentos/2022/32022R0263.md
32022R0263	Artigo 10.º		327	351	480	ue/regulamentos/2022/32022R0263.md
32022R0263	Artigo 10.º-A		353	355	284	ue/regulamentos/2022/32022R0263.md
32022R0263	Artigo 10.º-B		357	361	103	ue/regulamentos/2022/32022R0263.md
32022R0263	Artigo 11.º		363	379	466	ue/regulamentos/2022/32022R0263.md
32022R0263	Artigo 11.º-A		381	395	730	ue/regulamentos/2022/32022R0263.md
32022R0263	Artigo 12.º		397	399	31	ue/regulamentos/2022/32022R0263.md
32022R0263	Artigo 13.º		401	411	206	ue/regulamentos/2022/32022R0263.md
32022R0263	Artigo 13.º-A		413	417	82	ue/regulamentos/2022/32022R0263.md
32022R0263	Artigo 14.º		419	425	172	ue/regulamentos/2022/32022R0263.md
32022R0263	Artigo 15.º		427	439	152	ue/regulamentos/2022/32022R0263.md
32022R0263	Artigo 16.º		441	445	62	ue/regulamentos/2022/32022R0263.md
32022R0263	ANEXO I	Sítios Internet para a informação sobre as autoridades competentes dos Estados-Membros e endereço da Comissão Europeia para o envio das notificações	447	571	652	ue/regulamentos/2022/32022R0263.md
32022R0263	ANEXO II	Lista de bens e tecnologias a que se refere o Artigo 4.º	573	762	8996	ue/regulamentos/2022/32022R0263.md
32022R0263	ANEXO III	Lista de software a que se refere o artigo 5.º, n.º 2-B	764	796	293	ue/regulamentos/2022/32022R0263.md
32022R0263	ANEXO IV	Lista de países a que se refere no artigo 3.º-A, n.º 2, alínea c)	798	836	650	ue/regulamentos/2022/32022R0263.md
32022R0268	Preâmbulo		18	48	618	ue/regulamentos/2022/32022R0268.md
32022R0268	Artigo 1.º	Alterações do Regulamento de Execução (UE) 2016/898	52	58	106	ue/regulamentos/2022/32022R0268.md
32022R0268	Artigo 2.º	Alterações do Regulamento de Execução (UE) 2018/982	60	66	106	ue/regulamentos/2022/32022R0268.md
32022R0268	Artigo 3.º	Medidas transitórias	68	70	66	ue/regulamentos/2022/32022R0268.md
32022R0268	Artigo 4.º	Entrada em vigor	72	90	292	ue/regulamentos/2022/32022R0268.md
32022R0270	Preâmbulo		18	40	453	ue/regulamentos/2022/32022R0270.md
32022R0270	Artigo 1.º		44	46	29	ue/regulamentos/2022/32022R0270.md
32022R0270	Artigo 2.º		48	52	177	ue/regulamentos/2022/32022R0270.md
32022R0270	Artigo 3.º		54	70	195	ue/regulamentos/2022/32022R0270.md
32022R0270	ANEXO		72	80	657	ue/regulamentos/2022/32022R0270.md
32022R0271	Preâmbulo		18	40	432	ue/regulamentos/2022/32022R0271.md
32022R0271	Artigo 1.º		44	46	29	ue/regulamentos/2022/32022R0271.md
32022R0271	Artigo 2.º		48	52	177	ue/regulamentos/2022/32022R0271.md
32022R0271	Artigo 3.º		54	70	191	ue/regulamentos/2022/32022R0271.md
32022R0271	ANEXO		72	80	683	ue/regulamentos/2022/32022R0271.md
32022R0272	Preâmbulo		22	44	709	ue/regulamentos/2022/32022R0272.md
32022R0272	Artigo 1.º		48	50	69	ue/regulamentos/2022/32022R0272.md
32022R0272	Artigo 2.º		52	70	117	ue/regulamentos/2022/32022R0272.md
32022R0272	ANEXO		72	80	614	ue/regulamentos/2022/32022R0272.md
32022R0273	Preâmbulo		18	40	892	ue/regulamentos/2022/32022R0273.md
32022R0273	Artigo 1.º		44	46	68	ue/regulamentos/2022/32022R0273.md
32022R0273	Artigo 2.º		48	74	156	ue/regulamentos/2022/32022R0273.md
32022R0273	ANEXO		76	136	4114	ue/regulamentos/2022/32022R0273.md
32022R0299	Preâmbulo		18	36	194	ue/regulamentos/2022/32022R0299.md
32022R0299	Artigo 1.º		40	42	29	ue/regulamentos/2022/32022R0299.md
32022R0299	Artigo 2.º		44	58	95	ue/regulamentos/2022/32022R0299.md
32022R0299	ANEXO		60	64	38	ue/regulamentos/2022/32022R0299.md
32022R0300	Preâmbulo		18	38	285	ue/regulamentos/2022/32022R0300.md
32022R0300	Artigo 1.º		42	44	30	ue/regulamentos/2022/32022R0300.md
32022R0300	Artigo 2.º		46	62	133	ue/regulamentos/2022/32022R0300.md
32022R0300	ANEXO		64	130	15410	ue/regulamentos/2022/32022R0300.md
32022R0301	Preâmbulo		22	405	17612	ue/regulamentos/2022/32022R0301.md
32022R0301	Artigo 1.º		409	417	444	ue/regulamentos/2022/32022R0301.md
32022R0301	Artigo 2.º		419	421	93	ue/regulamentos/2022/32022R0301.md
32022R0301	Artigo 3.º		423	425	52	ue/regulamentos/2022/32022R0301.md
32022R0301	Artigo 4.º		427	429	21	ue/regulamentos/2022/32022R0301.md
32022R0301	Artigo 5.º		431	443	192	ue/regulamentos/2022/32022R0301.md
32022R0301	Artigo 6.º		445	517	1537	ue/regulamentos/2022/32022R0301.md
32022R0302	Preâmbulo		22	389	15731	ue/regulamentos/2022/32022R0302.md
32022R0302	Artigo 1.º		393	401	458	ue/regulamentos/2022/32022R0302.md
32022R0302	Artigo 2.º		403	405	93	ue/regulamentos/2022/32022R0302.md
32022R0302	Artigo 3.º		407	409	52	ue/regulamentos/2022/32022R0302.md
32022R0302	Artigo 4.º		411	413	21	ue/regulamentos/2022/32022R0302.md
32022R0302	Artigo 5.º		415	427	192	ue/regulamentos/2022/32022R0302.md
32022R0302	Artigo 6.º		429	497	1608	ue/regulamentos/2022/32022R0302.md
32022R0303	Preâmbulo		18	68	2886	ue/regulamentos/2022/32022R0303.md
32022R0303	Artigo 1.º		72	74	31	ue/regulamentos/2022/32022R0303.md
32022R0303	Artigo 2.º		76	118	918	ue/regulamentos/2022/32022R0303.md
32022R0303	ANEXO		120	444	4573	ue/regulamentos/2022/32022R0303.md
32022R0305	Preâmbulo		18	60	1546	ue/regulamentos/2022/32022R0305.md
32022R0305	Artigo 1.º		64	66	36	ue/regulamentos/2022/32022R0305.md
32022R0305	Artigo 2.º		68	86	288	ue/regulamentos/2022/32022R0305.md
32022R0305	ANEXO		88	208	4076	ue/regulamentos/2022/32022R0305.md
32022R0312	Preâmbulo		18	60	1416	ue/regulamentos/2022/32022R0312.md
32022R0312	Artigo 1.º	Alterações do Regulamento (UE) 2020/1429	64	68	42	ue/regulamentos/2022/32022R0312.md
32022R0312	«Artigo 1.º		70	80	348	ue/regulamentos/2022/32022R0312.md
32022R0312	Artigo 2.º	Entrada em vigor	82	112	325	ue/regulamentos/2022/32022R0312.md
32022R0315	Preâmbulo		18	50	1524	ue/regulamentos/2022/32022R0315.md
32022R0315	Artigo 1.º		54	63	111	ue/regulamentos/2022/32022R0315.md
32022R0315	«Artigo 20.º	Verificação da autenticidade do identificador único pelos grossistas	65	90	802	ue/regulamentos/2022/32022R0315.md
32022R0315	Artigo 2.º		92	112	266	ue/regulamentos/2022/32022R0315.md
32022R0316	Preâmbulo		18	38	334	ue/regulamentos/2022/32022R0316.md
32022R0316	Artigo 1.º		42	44	37	ue/regulamentos/2022/32022R0316.md
32022R0316	Artigo 2.º		46	64	115	ue/regulamentos/2022/32022R0316.md
32022R0317	Preâmbulo		18	36	301	ue/regulamentos/2022/32022R0317.md
32022R0317	Artigo 1.º		40	42	19	ue/regulamentos/2022/32022R0317.md
32022R0317	Artigo 2.º		44	62	115	ue/regulamentos/2022/32022R0317.md
32022R0318	Preâmbulo		18	32	209	ue/regulamentos/2022/32022R0318.md
32022R0318	Artigo 1.º		36	40	82	ue/regulamentos/2022/32022R0318.md
32022R0318	Artigo 2.º		42	62	191	ue/regulamentos/2022/32022R0318.md
32022R0319	Preâmbulo		18	34	309	ue/regulamentos/2022/32022R0319.md
32022R0319	Artigo 1.º		38	40	40	ue/regulamentos/2022/32022R0319.md
32022R0319	Artigo 2.º		42	62	184	ue/regulamentos/2022/32022R0319.md
32022R0320	Artigo 1.º	Autorização	28	32	72	ue/regulamentos/2022/32022R0320.md
32022R0320	Artigo 2.º	Medidas transitórias	34	42	309	ue/regulamentos/2022/32022R0320.md
32022R0320	Artigo 3.º	Entrada em vigor	44	50	70	ue/regulamentos/2022/32022R0320.md
32022R0320	ANEXO		52	63	1002	ue/regulamentos/2022/32022R0320.md
32022R0328	Artigo 1.º		34	504	11474	ue/regulamentos/2022/32022R0328.md
32022R0328	Artigo 2.º		506	510	62	ue/regulamentos/2022/32022R0328.md
32022R0328	ANEXO I		512	512	3	ue/regulamentos/2022/32022R0328.md
32022R0328	ANEXO II		646	648	25	ue/regulamentos/2022/32022R0328.md
32022R0328	ANEXO III		656	656	3	ue/regulamentos/2022/32022R0328.md
32022R0328	ANEXO IV		790	792	24	ue/regulamentos/2022/32022R0328.md
32022R0328	ANEXO V		800	802	24	ue/regulamentos/2022/32022R0328.md
32022R0328	ANEXO VI		810	810	3	ue/regulamentos/2022/32022R0328.md
32022R0328	ANEXO VII		2010	2010	3	ue/regulamentos/2022/32022R0328.md
32022R0328	ANEXO VIII		2018	2018	4	ue/regulamentos/2022/32022R0328.md
32022R0328	ANEXO IX		2052	2052	3	ue/regulamentos/2022/32022R0328.md
32022R0328	ANEXO X		2082	2082	3	ue/regulamentos/2022/32022R0328.md
32022R0328	ANEXO XI		2092	2092	3	ue/regulamentos/2022/32022R0328.md
32022R0328	ANEXO XII		2106	2106	3	ue/regulamentos/2022/32022R0328.md
32022R0330	Preâmbulo		18	40	339	ue/regulamentos/2022/32022R0330.md
32022R0330	Artigo 1.º		44	64	487	ue/regulamentos/2022/32022R0330.md
32022R0330	Artigo 2.º		66	84	229	ue/regulamentos/2022/32022R0330.md
32022R0332	Preâmbulo		18	54	1838	ue/regulamentos/2022/32022R0332.md
32022R0332	Artigo 1.º		58	60	42	ue/regulamentos/2022/32022R0332.md
32022R0332	Artigo 2.º		62	76	92	ue/regulamentos/2022/32022R0332.md
32022R0332	ANEXO		78	186	12716	ue/regulamentos/2022/32022R0332.md
32022R0334	Preâmbulo		18	40	438	ue/regulamentos/2022/32022R0334.md
32022R0334	Artigo 1.º		44	53	94	ue/regulamentos/2022/32022R0334.md
32022R0334	«Artigo 3.º-D		55	63	274	ue/regulamentos/2022/32022R0334.md
32022R0334	Artigo 3.º-E		65	79	365	ue/regulamentos/2022/32022R0334.md
32022R0334	«Artigo 12.º		81	83	132	ue/regulamentos/2022/32022R0334.md
32022R0334	Artigo 2.º		85	101	140	ue/regulamentos/2022/32022R0334.md
32022R0336	Preâmbulo		18	56	1861	ue/regulamentos/2022/32022R0336.md
32022R0336	Artigo 1.º		60	62	40	ue/regulamentos/2022/32022R0336.md
32022R0336	Artigo 2.º		64	78	91	ue/regulamentos/2022/32022R0336.md
32022R0336	ANEXO		80	131	11301	ue/regulamentos/2022/32022R0336.md
32022R0340	Preâmbulo		18	36	248	ue/regulamentos/2022/32022R0340.md
32022R0340	Artigo 1.º		40	42	29	ue/regulamentos/2022/32022R0340.md
32022R0340	Artigo 2.º		44	58	91	ue/regulamentos/2022/32022R0340.md
32022R0340	ANEXO		60	82	243	ue/regulamentos/2022/32022R0340.md
32022R0342	Preâmbulo		18	70	2973	ue/regulamentos/2022/32022R0342.md
32022R0342	Artigo 1.º	Objeto	76	78	64	ue/regulamentos/2022/32022R0342.md
32022R0342	Artigo 2.º	Definições	80	106	500	ue/regulamentos/2022/32022R0342.md
32022R0342	Artigo 3.º	Tecnologias, componentes e investimentos elegíveis	110	124	512	ue/regulamentos/2022/32022R0342.md
32022R0342	Artigo 4.º	Mecanismos de cooperação que criam os projetos transfronteiriços de energias renováveis e aplicação	126	132	273	ue/regulamentos/2022/32022R0342.md
32022R0342	Artigo 5.º	Benefícios socioeconómicos líquidos dos projetos transfronteiriços de energias renováveis	134	140	325	ue/regulamentos/2022/32022R0342.md
32022R0342	Artigo 6.º	Grupo para os projetos transfronteiriços de energias renováveis	144	156	336	ue/regulamentos/2022/32022R0342.md
32022R0342	Artigo 7.º	Projeto de lista de projetos transfronteiriços de energias renováveis	158	164	254	ue/regulamentos/2022/32022R0342.md
32022R0342	Artigo 8.º	Lista definitiva de projetos transfronteiriços de energias renováveis	166	170	154	ue/regulamentos/2022/32022R0342.md
32022R0342	Artigo 9.º	Revisão da lista definitiva de projetos transfronteiriços de energias renováveis	172	192	250	ue/regulamentos/2022/32022R0342.md
32022R0342	Artigo 10.º	Acompanhamento da execução dos projetos incluídos na lista de projetos transfronteiriços de energias renováveis	194	210	389	ue/regulamentos/2022/32022R0342.md
32022R0342	Artigo 11.º	Informação e publicidade	212	218	141	ue/regulamentos/2022/32022R0342.md
32022R0342	Artigo 12.º	Entrada em vigor	220	242	277	ue/regulamentos/2022/32022R0342.md
32022R0345	Preâmbulo		18	42	474	ue/regulamentos/2022/32022R0345.md
32022R0345	Artigo 1.º		46	62	386	ue/regulamentos/2022/32022R0345.md
32022R0345	«Artigo 5.º-H		64	66	112	ue/regulamentos/2022/32022R0345.md
32022R0345	Artigo 5.º-I		68	78	208	ue/regulamentos/2022/32022R0345.md
32022R0345	«Artigo 12.º		80	84	162	ue/regulamentos/2022/32022R0345.md
32022R0345	Artigo 2.º		86	104	192	ue/regulamentos/2022/32022R0345.md
32022R0345	ANEXO	«ANEXO XIV	106	124	55	ue/regulamentos/2022/32022R0345.md
32022R0347	Preâmbulo		22	56	1132	ue/regulamentos/2022/32022R0347.md
32022R0347	Artigo 1.º	Autorizaçã o	60	62	71	ue/regulamentos/2022/32022R0347.md
32022R0347	Artigo 2.º	Medidas transitórias	64	70	300	ue/regulamentos/2022/32022R0347.md
32022R0347	Artigo 3.º	Entrada em vigor	72	90	148	ue/regulamentos/2022/32022R0347.md
32022R0347	ANEXO		92	102	985	ue/regulamentos/2022/32022R0347.md
32022R0350	Preâmbulo		18	56	1385	ue/regulamentos/2022/32022R0350.md
32022R0350	Artigo 1.º		60	64	35	ue/regulamentos/2022/32022R0350.md
32022R0350	«Artigo 2.º-F		66	77	286	ue/regulamentos/2022/32022R0350.md
32022R0350	«Artigo 12.º		79	83	182	ue/regulamentos/2022/32022R0350.md
32022R0350	Artigo 2.º		85	103	198	ue/regulamentos/2022/32022R0350.md
32022R0350	ANEXO	«ANEXO XV	105	121	62	ue/regulamentos/2022/32022R0350.md
32022R0352	Preâmbulo		18	44	1098	ue/regulamentos/2022/32022R0352.md
32022R0352	Artigo 1.º	Alterações do Regulamento Delegado (UE) 2019/815	48	54	75	ue/regulamentos/2022/32022R0352.md
32022R0352	Artigo 2.º	Disposição transitória	56	58	94	ue/regulamentos/2022/32022R0352.md
32022R0352	Artigo 3.º	Entrada em vigor e aplicação	60	88	564	ue/regulamentos/2022/32022R0352.md
32022R0352	ANEXO I		90	104	185	ue/regulamentos/2022/32022R0352.md
32022R0352	ANEXO II		106	10959	784936	ue/regulamentos/2022/32022R0352.md
32022R0353	Preâmbulo		18	44	640	ue/regulamentos/2022/32022R0353.md
32022R0353	Artigo 1.º		48	50	31	ue/regulamentos/2022/32022R0353.md
32022R0353	Artigo 2.º		52	66	89	ue/regulamentos/2022/32022R0353.md
32022R0353	ANEXO		68	97	7555	ue/regulamentos/2022/32022R0353.md
32022R0355	Preâmbulo		18	40	708	ue/regulamentos/2022/32022R0355.md
32022R0355	Artigo 1.º		44	66	568	ue/regulamentos/2022/32022R0355.md
32022R0355	«Artigo 1.º-E		68	124	1547	ue/regulamentos/2022/32022R0355.md
32022R0355	«Artigo 1.º-F		126	182	1514	ue/regulamentos/2022/32022R0355.md
32022R0355	«Artigo 1.º-FA		184	194	393	ue/regulamentos/2022/32022R0355.md
32022R0355	Artigo 1.º-FB		196	200	140	ue/regulamentos/2022/32022R0355.md
32022R0355	Artigo 1.º-FC		202	236	767	ue/regulamentos/2022/32022R0355.md
32022R0355	«Artigo 1.º-O		238	254	259	ue/regulamentos/2022/32022R0355.md
32022R0355	Artigo 1.º-P		256	272	260	ue/regulamentos/2022/32022R0355.md
32022R0355	Artigo 1.º-Q		274	290	262	ue/regulamentos/2022/32022R0355.md
32022R0355	Artigo 1.º-R		292	308	262	ue/regulamentos/2022/32022R0355.md
32022R0355	Artigo 1.º-S		310	338	598	ue/regulamentos/2022/32022R0355.md
32022R0355	«Artigo 8.º		340	366	356	ue/regulamentos/2022/32022R0355.md
32022R0355	Artigo 2.º		368	386	139	ue/regulamentos/2022/32022R0355.md
32022R0355	ANEXO I		388	398	69	ue/regulamentos/2022/32022R0355.md
32022R0355	ANEXO II	«ANEXO V-A	400	651	20482	ue/regulamentos/2022/32022R0355.md
32022R0355	ANEXO III	«ANEXO V-B	653	659	38	ue/regulamentos/2022/32022R0355.md
32022R0355	ANEXO IV	«ANEXO V-C	661	762	3478	ue/regulamentos/2022/32022R0355.md
32022R0355	ANEXO V		764	782	160	ue/regulamentos/2022/32022R0355.md
32022R0355	ANEXO VI		784	803	384	ue/regulamentos/2022/32022R0355.md
32022R0355	ANEXO VII		805	822	201	ue/regulamentos/2022/32022R0355.md
32022R0355	ANEXO VIII	«ANEXO X	824	834	78	ue/regulamentos/2022/32022R0355.md
32022R0355	ANEXO IX	«ANEXO XI	836	847	101	ue/regulamentos/2022/32022R0355.md
32022R0355	ANEXO X	«ANEXO XII	849	860	86	ue/regulamentos/2022/32022R0355.md
32022R0355	ANEXO XI	«ANEXO XIII	862	872	76	ue/regulamentos/2022/32022R0355.md
32022R0355	ANEXO XII	«ANEXO XIV	874	954	3560	ue/regulamentos/2022/32022R0355.md
32022R0358	Artigo 1.º		34	40	168	ue/regulamentos/2022/32022R0358.md
32022R0358	Artigo 3.º		42	46	85	ue/regulamentos/2022/32022R0358.md
32022R0358	Artigo 4.º		48	54	233	ue/regulamentos/2022/32022R0358.md
32022R0358	Artigo 5.º		56	60	62	ue/regulamentos/2022/32022R0358.md
32022R0363	Artigo 1.º		36	38	33	ue/regulamentos/2022/32022R0363.md
32022R0363	Artigo 2.º		40	44	62	ue/regulamentos/2022/32022R0363.md
32022R0363	ANEXO		46	108	749	ue/regulamentos/2022/32022R0363.md
32022R0364	Artigo 1.º		36	38	36	ue/regulamentos/2022/32022R0364.md
32022R0364	Artigo 2.º		40	44	62	ue/regulamentos/2022/32022R0364.md
32022R0364	ANEXO		46	263	7078	ue/regulamentos/2022/32022R0364.md
32022R0375	Preâmbulo		18	36	230	ue/regulamentos/2022/32022R0375.md
32022R0375	Artigo 1.º		40	42	29	ue/regulamentos/2022/32022R0375.md
32022R0375	Artigo 2.º		44	58	88	ue/regulamentos/2022/32022R0375.md
32022R0375	ANEXO		60	162	5983	ue/regulamentos/2022/32022R0375.md
32022R0377	Preâmbulo		18	32	216	ue/regulamentos/2022/32022R0377.md
32022R0377	Artigo 1.º		36	40	84	ue/regulamentos/2022/32022R0377.md
32022R0377	Artigo 2.º		42	62	191	ue/regulamentos/2022/32022R0377.md
32022R0378	Preâmbulo		19	45	1076	ue/regulamentos/2022/32022R0378.md
32022R0378	Artigo 1.º		49	51	33	ue/regulamentos/2022/32022R0378.md
32022R0378	Artigo 2.º		53	77	748	ue/regulamentos/2022/32022R0378.md
32022R0378	ANEXO		79	141	1093	ue/regulamentos/2022/32022R0378.md
32022R0379	Preâmbulo		18	32	208	ue/regulamentos/2022/32022R0379.md
32022R0379	Artigo 1.º		36	40	82	ue/regulamentos/2022/32022R0379.md
32022R0379	Artigo 2.º		42	62	192	ue/regulamentos/2022/32022R0379.md
32022R0380	Preâmbulo		18	38	474	ue/regulamentos/2022/32022R0380.md
32022R0380	Artigo 1.º		42	44	76	ue/regulamentos/2022/32022R0380.md
32022R0380	Artigo 2.º		46	66	192	ue/regulamentos/2022/32022R0380.md
32022R0383	Preâmbulo		18	60	1390	ue/regulamentos/2022/32022R0383.md
32022R0383	Artigo 1.º	Renovação da aprovação da substância ativa	64	66	52	ue/regulamentos/2022/32022R0383.md
32022R0383	Artigo 2.º	Alteração do Regulamento de Execução (UE) n.º 540/2011	68	70	48	ue/regulamentos/2022/32022R0383.md
32022R0383	Artigo 3.º	Entrada em vigor e data de aplicação	72	98	396	ue/regulamentos/2022/32022R0383.md
32022R0383	ANEXO I		100	106	257	ue/regulamentos/2022/32022R0383.md
32022R0383	ANEXO II		108	120	325	ue/regulamentos/2022/32022R0383.md
32022R0384	Preâmbulo		18	42	919	ue/regulamentos/2022/32022R0384.md
32022R0384	Artigo 1.º		46	48	31	ue/regulamentos/2022/32022R0384.md
32022R0384	Artigo 2.º		50	74	729	ue/regulamentos/2022/32022R0384.md
32022R0384	ANEXO		76	127	8356	ue/regulamentos/2022/32022R0384.md
32022R0385	Preâmbulo		19	45	722	ue/regulamentos/2022/32022R0385.md
32022R0385	Artigo 1.º		49	51	29	ue/regulamentos/2022/32022R0385.md
32022R0385	Artigo 2.º		53	55	30	ue/regulamentos/2022/32022R0385.md
32022R0385	Artigo 3.º		57	59	30	ue/regulamentos/2022/32022R0385.md
32022R0385	Artigo 4.º		61	63	82	ue/regulamentos/2022/32022R0385.md
32022R0385	Artigo 5.º		65	85	414	ue/regulamentos/2022/32022R0385.md
32022R0385	ANEXO I		87	97	892	ue/regulamentos/2022/32022R0385.md
32022R0385	ANEXO II		99	129	2802	ue/regulamentos/2022/32022R0385.md
32022R0385	ANEXO III		131	165	3230	ue/regulamentos/2022/32022R0385.md
32022R0388	Preâmbulo		18	50	1452	ue/regulamentos/2022/32022R0388.md
32022R0388	Artigo 1.º		54	58	128	ue/regulamentos/2022/32022R0388.md
32022R0388	Artigo 2.º		60	84	384	ue/regulamentos/2022/32022R0388.md
32022R0389	Artigo 1.º	Disposições legais, regulamentares e administrativas e orientações gerais	29	31	120	ue/regulamentos/2022/32022R0389.md
32022R0389	Artigo 2.º	Opções e poderes discricionários	33	35	82	ue/regulamentos/2022/32022R0389.md
32022R0389	Artigo 3.º	Critérios e metodologias gerais dos processos de análise e avaliação para efeitos de supervisão	37	39	113	ue/regulamentos/2022/32022R0389.md
32022R0389	Artigo 4.º	Dados estatísticos agregados	41	43	87	ue/regulamentos/2022/32022R0389.md
32022R0389	Artigo 5.º	Data de publicação anual	45	51	190	ue/regulamentos/2022/32022R0389.md
32022R0389	Artigo 6.º	Entrada em vigor	53	57	68	ue/regulamentos/2022/32022R0389.md
32022R0389	ANEXO I		59	134	1648	ue/regulamentos/2022/32022R0389.md
32022R0389	ANEXO II		136	220	4824	ue/regulamentos/2022/32022R0389.md
32022R0389	ANEXO III		222	240	1768	ue/regulamentos/2022/32022R0389.md
32022R0389	ANEXO IV		242	398	5178	ue/regulamentos/2022/32022R0389.md
32022R0394	Preâmbulo		18	46	553	ue/regulamentos/2022/32022R0394.md
32022R0394	Artigo 1.º		50	68	284	ue/regulamentos/2022/32022R0394.md
32022R0394	«Artigo 3.º-F		70	98	804	ue/regulamentos/2022/32022R0394.md
32022R0394	Artigo 2.º		100	118	199	ue/regulamentos/2022/32022R0394.md
32022R0394	ANEXO I		120	151	484	ue/regulamentos/2022/32022R0394.md
32022R0394	ANEXO II		153	159	88	ue/regulamentos/2022/32022R0394.md
32022R0394	ANEXO III		161	165	44	ue/regulamentos/2022/32022R0394.md
32022R0394	ANEXO IV	«ANEXO XVI	167	176	273	ue/regulamentos/2022/32022R0394.md
32022R0396	Preâmbulo		18	44	744	ue/regulamentos/2022/32022R0396.md
32022R0396	Artigo 1.º		48	50	29	ue/regulamentos/2022/32022R0396.md
32022R0396	Artigo 2.º		52	68	164	ue/regulamentos/2022/32022R0396.md
32022R0396	ANEXO		70	239	20036	ue/regulamentos/2022/32022R0396.md
32022R0398	Preâmbulo		18	44	840	ue/regulamentos/2022/32022R0398.md
32022R0398	Artigo 1.º		48	84	928	ue/regulamentos/2022/32022R0398.md
32022R0398	«Artigo 1.º-JA		86	92	166	ue/regulamentos/2022/32022R0398.md
32022R0398	Artigo 1.º-JB		94	96	81	ue/regulamentos/2022/32022R0398.md
32022R0398	Artigo 1.º-T		98	108	158	ue/regulamentos/2022/32022R0398.md
32022R0398	Artigo 1.º-U		110	116	206	ue/regulamentos/2022/32022R0398.md
32022R0398	Artigo 1.º-V		118	130	342	ue/regulamentos/2022/32022R0398.md
32022R0398	Artigo 1.º-W		132	140	208	ue/regulamentos/2022/32022R0398.md
32022R0398	Artigo 1.º-X		142	146	143	ue/regulamentos/2022/32022R0398.md
32022R0398	Artigo 1.º-Y		148	152	138	ue/regulamentos/2022/32022R0398.md
32022R0398	Artigo 1.º-Z		154	160	260	ue/regulamentos/2022/32022R0398.md
32022R0398	Artigo 1.º-ZA		162	170	203	ue/regulamentos/2022/32022R0398.md
32022R0398	Artigo 1.º-ZB		172	174	115	ue/regulamentos/2022/32022R0398.md
32022R0398	Artigo 8.º-CA		176	208	628	ue/regulamentos/2022/32022R0398.md
32022R0398	Artigo 2.º		210	228	166	ue/regulamentos/2022/32022R0398.md
32022R0398	ANEXO I	«ANEXO XV	230	240	51	ue/regulamentos/2022/32022R0398.md
32022R0398	ANEXO II		242	263	310	ue/regulamentos/2022/32022R0398.md
32022R0400	Preâmbulo		18	46	886	ue/regulamentos/2022/32022R0400.md
32022R0400	Artigo 1.º		50	52	34	ue/regulamentos/2022/32022R0400.md
32022R0400	Artigo 2.º		54	76	373	ue/regulamentos/2022/32022R0400.md
32022R0400	ANEXO	«ANEXO	78	94	205	ue/regulamentos/2022/32022R0400.md
32022R0401	Preâmbulo		18	34	271	ue/regulamentos/2022/32022R0401.md
32022R0401	Artigo 1.º		38	40	31	ue/regulamentos/2022/32022R0401.md
32022R0401	Artigo 2.º		42	58	120	ue/regulamentos/2022/32022R0401.md
32022R0401	ANEXO		60	148	533	ue/regulamentos/2022/32022R0401.md
32022R0402	Preâmbulo		18	819	27268	ue/regulamentos/2022/32022R0402.md
32022R0402	Artigo 1.º		823	849	806	ue/regulamentos/2022/32022R0402.md
32022R0402	Artigo 2.º		851	987	3650	ue/regulamentos/2022/32022R0402.md
32022R0408	Preâmbulo		18	36	234	ue/regulamentos/2022/32022R0408.md
32022R0408	Artigo 1.º		40	42	29	ue/regulamentos/2022/32022R0408.md
32022R0408	Artigo 2.º		44	58	92	ue/regulamentos/2022/32022R0408.md
32022R0408	ANEXO		60	117	9375	ue/regulamentos/2022/32022R0408.md
32022R0409	Preâmbulo		18	36	307	ue/regulamentos/2022/32022R0409.md
32022R0409	Artigo 1.º		40	42	31	ue/regulamentos/2022/32022R0409.md
32022R0409	Artigo 2.º		44	60	121	ue/regulamentos/2022/32022R0409.md
32022R0409	ANEXO		62	72	288	ue/regulamentos/2022/32022R0409.md
32022R0410	Preâmbulo		18	42	764	ue/regulamentos/2022/32022R0410.md
32022R0410	Artigo 1.º		46	57	151	ue/regulamentos/2022/32022R0410.md
32022R0410	Artigo 2.º		59	79	240	ue/regulamentos/2022/32022R0410.md
32022R0410	ANEXO I		81	140	2446	ue/regulamentos/2022/32022R0410.md
32022R0410	ANEXO II		142	293	2421	ue/regulamentos/2022/32022R0410.md
32022R0413	Preâmbulo		18	36	278	ue/regulamentos/2022/32022R0413.md
32022R0413	Artigo 1.º		40	42	31	ue/regulamentos/2022/32022R0413.md
32022R0413	Artigo 2.º		44	60	118	ue/regulamentos/2022/32022R0413.md
32022R0413	ANEXO		62	66	274	ue/regulamentos/2022/32022R0413.md
32022R0414	Preâmbulo		18	34	375	ue/regulamentos/2022/32022R0414.md
32022R0414	Artigo 1.º		38	40	14	ue/regulamentos/2022/32022R0414.md
32022R0414	Artigo 2.º		42	58	170	ue/regulamentos/2022/32022R0414.md
32022R0415	Artigo 1.º	Autorização	29	31	76	ue/regulamentos/2022/32022R0415.md
32022R0415	Artigo 2.º	Medidas transitórias	33	39	304	ue/regulamentos/2022/32022R0415.md
32022R0415	Artigo 3.º	Entrada em vigor	41	45	68	ue/regulamentos/2022/32022R0415.md
32022R0415	ANEXO		47	188	13260	ue/regulamentos/2022/32022R0415.md
32022R0416	Preâmbulo		18	64	1816	ue/regulamentos/2022/32022R0416.md
32022R0416	Artigo 1.º		68	70	36	ue/regulamentos/2022/32022R0416.md
32022R0416	Artigo 2.º		72	90	287	ue/regulamentos/2022/32022R0416.md
32022R0416	ANEXO		92	312	7531	ue/regulamentos/2022/32022R0416.md
32022R0419	Preâmbulo		18	36	233	ue/regulamentos/2022/32022R0419.md
32022R0419	Artigo 1.º		40	42	29	ue/regulamentos/2022/32022R0419.md
32022R0419	Artigo 2.º		44	58	89	ue/regulamentos/2022/32022R0419.md
32022R0419	ANEXO		60	89	492	ue/regulamentos/2022/32022R0419.md
32022R0421	Preâmbulo		18	54	1318	ue/regulamentos/2022/32022R0421.md
32022R0421	Artigo 1.º		58	60	32	ue/regulamentos/2022/32022R0421.md
32022R0421	Artigo 2.º		62	86	464	ue/regulamentos/2022/32022R0421.md
32022R0421	ANEXO		88	140	786	ue/regulamentos/2022/32022R0421.md
32022R0422	Preâmbulo		18	40	506	ue/regulamentos/2022/32022R0422.md
32022R0422	Artigo 1.º	Especificações técnicas do sistema informático descentralizado	44	46	66	ue/regulamentos/2022/32022R0422.md
32022R0422	Artigo 2.º	Entrada em vigor	48	64	205	ue/regulamentos/2022/32022R0422.md
32022R0422	ANEXO	Especificações técnicas, medidas e outros requisitos do sistema informático descentralizado referido no artigo 1.º	66	145	1711	ue/regulamentos/2022/32022R0422.md
32022R0423	Artigo 1.º	Especificações técnicas do sistema informático descentralizado	28	30	66	ue/regulamentos/2022/32022R0423.md
32022R0423	Artigo 2.º	Entrada em vigor	32	36	75	ue/regulamentos/2022/32022R0423.md
32022R0423	ANEXO	Especificações técnicas, medidas e outros requisitos do sistema informático descentralizado referido no artigo 1.º	38	118	1990	ue/regulamentos/2022/32022R0423.md
32022R0424	Preâmbulo		18	50	1609	ue/regulamentos/2022/32022R0424.md
32022R0424	Artigo 1.º		54	56	44	ue/regulamentos/2022/32022R0424.md
32022R0424	Artigo 2.º		58	82	598	ue/regulamentos/2022/32022R0424.md
32022R0424	ANEXO		84	166	1428	ue/regulamentos/2022/32022R0424.md
32022R0425	Preâmbulo		18	38	922	ue/regulamentos/2022/32022R0425.md
32022R0425	Artigo 1.º		42	62	408	ue/regulamentos/2022/32022R0425.md
32022R0425	Artigo 2.º		64	82	202	ue/regulamentos/2022/32022R0425.md
32022R0427	Preâmbulo		18	44	613	ue/regulamentos/2022/32022R0427.md
32022R0427	Artigo 1.º		48	50	31	ue/regulamentos/2022/32022R0427.md
32022R0427	Artigo 2.º		52	68	164	ue/regulamentos/2022/32022R0427.md
32022R0427	ANEXO		70	112	7622	ue/regulamentos/2022/32022R0427.md
32022R0428	Preâmbulo		22	52	586	ue/regulamentos/2022/32022R0428.md
32022R0428	Artigo 1.º		56	89	774	ue/regulamentos/2022/32022R0428.md
32022R0428	"""Artigo 3.º"		91	119	807	ue/regulamentos/2022/32022R0428.md
32022R0428	"""Artigo 3.º-A"		121	145	630	ue/regulamentos/2022/32022R0428.md
32022R0428	"""Artigo 3.º-G"		147	163	261	ue/regulamentos/2022/32022R0428.md
32022R0428	Artigo 3.º-H		165	173	195	ue/regulamentos/2022/32022R0428.md
32022R0428	"""Artigo 5.º-AA"		175	193	411	ue/regulamentos/2022/32022R0428.md
32022R0428	"""Artigo 5.º-J"		195	208	315	ue/regulamentos/2022/32022R0428.md
32022R0428	"""Artigo 12.º"		210	216	94	ue/regulamentos/2022/32022R0428.md
32022R0428	Artigo 2.º		218	236	195	ue/regulamentos/2022/32022R0428.md
32022R0428	ANEXO I		238	402	762	ue/regulamentos/2022/32022R0428.md
32022R0428	ANEXO II		404	750	5484	ue/regulamentos/2022/32022R0428.md
32022R0428	ANEXO XVIII	LISTA DOS ARTIGOS DE LUXO A QUE SE REFERE O ARTIGO 3.º-H	752	1181	8156	ue/regulamentos/2022/32022R0428.md
32022R0428	ANEXO XIX	LISTA DAS EMPRESAS ESTATAIS A QUE SE REFERE O ARTIGO 5.º-AA	1183	1209	119	ue/regulamentos/2022/32022R0428.md
32022R0432	Preâmbulo		18	44	925	ue/regulamentos/2022/32022R0432.md
32022R0432	Artigo 1.º		48	54	67	ue/regulamentos/2022/32022R0432.md
32022R0432	Artigo 2.º		56	82	386	ue/regulamentos/2022/32022R0432.md
32022R0432	ANEXO I	«ANEXO II	84	170	2771	ue/regulamentos/2022/32022R0432.md
32022R0432	ANEXO II	«ANEXO II	172	259	2817	ue/regulamentos/2022/32022R0432.md
32022R0433	Preâmbulo		22	3256	170721	ue/regulamentos/2022/32022R0433.md
32022R0433	Artigo 1.º		3260	3281	637	ue/regulamentos/2022/32022R0433.md
32022R0433	Artigo 2.º		3283	3308	472	ue/regulamentos/2022/32022R0433.md
32022R0433	Artigo 3.º		3310	3320	414	ue/regulamentos/2022/32022R0433.md
32022R0433	Artigo 4.º		3322	3804	9732	ue/regulamentos/2022/32022R0433.md
32022R0433	ANEXO 1	Informações relativas ao segundo semestre de 2020	3806	3908	838	ue/regulamentos/2022/32022R0433.md
32022R0433	ANEXO 2	Produtores-exportadores indonésios colaborantes não incluídos na amostra	3910	3914	48	ue/regulamentos/2022/32022R0433.md
32022R0436	Preâmbulo		18	32	204	ue/regulamentos/2022/32022R0436.md
32022R0436	Artigo 1.º		36	40	72	ue/regulamentos/2022/32022R0436.md
32022R0436	Artigo 2.º		42	62	190	ue/regulamentos/2022/32022R0436.md
32022R0437	Preâmbulo		18	56	1008	ue/regulamentos/2022/32022R0437.md
32022R0437	Artigo 1.º	Renovação da aprovação da substância ativa	60	62	50	ue/regulamentos/2022/32022R0437.md
32022R0437	Artigo 2.º	Alteração do Regulamento de Execução (UE) n.º 540/2011	64	66	48	ue/regulamentos/2022/32022R0437.md
32022R0437	Artigo 3.º	Entrada em vigor e data de aplicação	68	96	681	ue/regulamentos/2022/32022R0437.md
32022R0437	ANEXO I		98	104	382	ue/regulamentos/2022/32022R0437.md
32022R0437	ANEXO II		106	118	441	ue/regulamentos/2022/32022R0437.md
32022R0439	Preâmbulo		18	104	8744	ue/regulamentos/2022/32022R0439.md
32022R0439	Artigo 1.º	Avaliação do cumprimento dos requisitos para utilização do Método das Notações Internas	110	126	584	ue/regulamentos/2022/32022R0439.md
32022R0439	Artigo 2.º	Métodos a aplicar pelas autoridades competentes	128	154	920	ue/regulamentos/2022/32022R0439.md
32022R0439	Artigo 3.º	Qualidade da documentação	156	180	603	ue/regulamentos/2022/32022R0439.md
32022R0439	Artigo 4.º	Envolvimento de terceiros	182	214	794	ue/regulamentos/2022/32022R0439.md
32022R0439	Artigo 5.º	Incumprimento temporário dos requisitos do Método IRB	216	230	216	ue/regulamentos/2022/32022R0439.md
32022R0439	Artigo 6.º	Disposições gerais	234	264	588	ue/regulamentos/2022/32022R0439.md
32022R0439	Artigo 7.º	Aplicação sequencial do Método IRB	266	314	1051	ue/regulamentos/2022/32022R0439.md
32022R0439	Artigo 8.º	Condições para a utilização parcial permanente	316	336	574	ue/regulamentos/2022/32022R0439.md
32022R0439	Artigo 9.º	Disposições gerais	342	410	1300	ue/regulamentos/2022/32022R0439.md
32022R0439	Artigo 10.º	Independência da função de validação	414	462	1200	ue/regulamentos/2022/32022R0439.md
32022R0439	Artigo 11.º	Caráter exaustivo e frequência do processo de validação	464	488	746	ue/regulamentos/2022/32022R0439.md
32022R0439	Artigo 12.º	Adequação dos métodos e procedimentos da função de validação	490	504	482	ue/regulamentos/2022/32022R0439.md
32022R0439	Artigo 13.º	Solidez do processo de reporte e do processo para dar resposta às conclusões, constatações e recomendações de validação	506	516	358	ue/regulamentos/2022/32022R0439.md
32022R0439	Artigo 14.º	Papel da direção de topo e do órgão de administração	520	544	624	ue/regulamentos/2022/32022R0439.md
32022R0439	Artigo 15.º	Relatórios de gestão	546	570	372	ue/regulamentos/2022/32022R0439.md
32022R0439	Artigo 16.º	Unidade de controlo do risco de crédito	572	602	741	ue/regulamentos/2022/32022R0439.md
32022R0439	Artigo 17.º	Auditoria interna	604	634	665	ue/regulamentos/2022/32022R0439.md
32022R0439	Artigo 18.º	Disposições gerais	638	698	1129	ue/regulamentos/2022/32022R0439.md
32022R0439	Artigo 19.º	Utilizar testes na gestão dos riscos, na tomada de decisões e nos processos de aprovação de créditos	700	724	660	ue/regulamentos/2022/32022R0439.md
32022R0439	Artigo 20.º	Teste de utilização na afetação interna do capital	726	734	310	ue/regulamentos/2022/32022R0439.md
32022R0439	Artigo 21.º	Testes de utilização nas funções de governo das sociedades	736	748	278	ue/regulamentos/2022/32022R0439.md
32022R0439	Artigo 22.º	Teste de experiência	750	758	369	ue/regulamentos/2022/32022R0439.md
32022R0439	Artigo 23.º	Disposições gerais	762	796	641	ue/regulamentos/2022/32022R0439.md
32022R0439	Artigo 24.º	Definições, processos e critérios de afetação	798	842	1411	ue/regulamentos/2022/32022R0439.md
32022R0439	Artigo 25.º	Integridade do processo de afetação	844	874	909	ue/regulamentos/2022/32022R0439.md
32022R0439	Artigo 26.º	Disposições gerais	878	912	689	ue/regulamentos/2022/32022R0439.md
32022R0439	Artigo 27.º	Eventos que desencadeiam a identificação do incumprimento de um devedor	914	938	578	ue/regulamentos/2022/32022R0439.md
32022R0439	Artigo 28.º	Solidez e eficácia do processo de identificação do incumprimento de um devedor	940	970	1143	ue/regulamentos/2022/32022R0439.md
32022R0439	Artigo 29.º	Reclassificação para o estatuto de não incumprimento	972	984	514	ue/regulamentos/2022/32022R0439.md
32022R0439	Artigo 30.º	Disposições gerais	990	1028	805	ue/regulamentos/2022/32022R0439.md
32022R0439	Artigo 31.º	Caráter exaustivo da documentação dos sistemas de notação	1032	1114	1854	ue/regulamentos/2022/32022R0439.md
32022R0439	Artigo 32.º	Registo dos sistemas de notação	1116	1128	374	ue/regulamentos/2022/32022R0439.md
32022R0439	Artigo 33.º	Fatores de risco e critérios de notação	1132	1152	485	ue/regulamentos/2022/32022R0439.md
32022R0439	Artigo 34.º	Distribuição dos devedores e posições em risco pelos graus ou categorias	1154	1176	807	ue/regulamentos/2022/32022R0439.md
32022R0439	Artigo 35.º	Diferenciação dos riscos	1178	1188	412	ue/regulamentos/2022/32022R0439.md
32022R0439	Artigo 36.º	Homogeneidade	1190	1206	318	ue/regulamentos/2022/32022R0439.md
32022R0439	Artigo 37.º	Requisitos de dados	1210	1238	726	ue/regulamentos/2022/32022R0439.md
32022R0439	Artigo 38.º	Conceção do modelo	1240	1254	273	ue/regulamentos/2022/32022R0439.md
32022R0439	Artigo 39.º	Julgamento humano	1256	1274	530	ue/regulamentos/2022/32022R0439.md
32022R0439	Artigo 40.º	Desempenho do modelo	1276	1286	376	ue/regulamentos/2022/32022R0439.md
32022R0439	Artigo 41.º	Disposições gerais	1292	1336	853	ue/regulamentos/2022/32022R0439.md
32022R0439	Artigo 42.º	Requisitos de dados	1340	1372	992	ue/regulamentos/2022/32022R0439.md
32022R0439	Artigo 43.º	Reanálise das estimativas	1374	1390	328	ue/regulamentos/2022/32022R0439.md
32022R0439	Artigo 44.º	Margem de prudência	1392	1402	269	ue/regulamentos/2022/32022R0439.md
32022R0439	Artigo 45.º	Duração do período histórico de observação	1406	1418	646	ue/regulamentos/2022/32022R0439.md
32022R0439	Artigo 46.º	Método de estimativa da PD	1420	1462	1299	ue/regulamentos/2022/32022R0439.md
32022R0439	Artigo 47.º	Duração do período histórico de observação	1466	1474	350	ue/regulamentos/2022/32022R0439.md
32022R0439	Artigo 48.º	Método de estimativa das LGD	1476	1510	560	ue/regulamentos/2022/32022R0439.md
32022R0439	Artigo 49.º	Tratamento de incumprimentos múltiplos	1512	1522	332	ue/regulamentos/2022/32022R0439.md
32022R0439	Artigo 50.º	Utilização de estimativas das LGD adequadas a uma recessão económica	1524	1534	268	ue/regulamentos/2022/32022R0439.md
32022R0439	Artigo 51.º	Estimativa das LGD, ELBE e UL para as posições em risco em situação de incumprimento	1536	1558	640	ue/regulamentos/2022/32022R0439.md
32022R0439	Artigo 52.º	Requisitos em matéria de gestão das cauções, segurança jurídica e gestão dos riscos	1560	1562	187	ue/regulamentos/2022/32022R0439.md
32022R0439	Artigo 53.º	Duração do período histórico de observação	1566	1574	330	ue/regulamentos/2022/32022R0439.md
32022R0439	Artigo 54.º	Método de estimativa dos fatores de conversão	1576	1604	396	ue/regulamentos/2022/32022R0439.md
32022R0439	Artigo 55.º	Utilização de estimativas dos fatores de conversão adequadas à recessão económica	1606	1616	296	ue/regulamentos/2022/32022R0439.md
32022R0439	Artigo 56.º	Requisitos em matéria de políticas e estratégias para o controlo das contas e o processamento de pagamentos	1618	1620	144	ue/regulamentos/2022/32022R0439.md
32022R0439	Artigo 57.º	Elegibilidade dos garantes e das garantias	1624	1646	615	ue/regulamentos/2022/32022R0439.md
32022R0439	Artigo 58.º	Estimativas dos parâmetros de risco para montantes a receber sobre empresas adquiridos	1650	1666	367	ue/regulamentos/2022/32022R0439.md
32022R0439	Artigo 59.º	Disposições gerais	1670	1706	688	ue/regulamentos/2022/32022R0439.md
32022R0439	Artigo 60.º	Metodologia de afetação e sua implementação	1708	1728	549	ue/regulamentos/2022/32022R0439.md
32022R0439	Artigo 61.º	Sequência de afetação	1730	1738	330	ue/regulamentos/2022/32022R0439.md
32022R0439	Artigo 62.º	Requisitos específicos aplicáveis às posições em risco da carteira de retalho	1740	1782	907	ue/regulamentos/2022/32022R0439.md
32022R0439	Artigo 63.º	Disposições gerais	1786	1820	545	ue/regulamentos/2022/32022R0439.md
32022R0439	Artigo 64.º	Adequação dos métodos utilizados na conceção dos testes de esforço	1822	1848	571	ue/regulamentos/2022/32022R0439.md
32022R0439	Artigo 65.º	Organização do processo de testes de esforço	1850	1860	197	ue/regulamentos/2022/32022R0439.md
32022R0439	Artigo 66.º	Integração dos testes de esforço nos processos de gestão dos riscos e do capital	1862	1868	180	ue/regulamentos/2022/32022R0439.md
32022R0439	Artigo 67.º	Disposições gerais	1872	1914	829	ue/regulamentos/2022/32022R0439.md
32022R0439	Artigo 68.º	Fiabilidade do sistema utilizado para o cálculo dos requisitos de fundos próprios	1916	1924	290	ue/regulamentos/2022/32022R0439.md
32022R0439	Artigo 69.º	Qualidade dos dados	1926	1948	763	ue/regulamentos/2022/32022R0439.md
32022R0439	Artigo 70.º	Exatidão da implementação da metodologia e dos procedimentos aplicáveis às diferentes classes de risco	1950	2002	1412	ue/regulamentos/2022/32022R0439.md
32022R0439	Artigo 71.º	Organização do processo de cálculo dos requisitos de fundos próprios	2004	2014	289	ue/regulamentos/2022/32022R0439.md
32022R0439	Artigo 72.º	Disposições gerais	2018	2048	526	ue/regulamentos/2022/32022R0439.md
32022R0439	Artigo 73.º	Qualidade dos dados	2050	2082	679	ue/regulamentos/2022/32022R0439.md
32022R0439	Artigo 74.º	Documentação e reporte dos dados	2084	2114	576	ue/regulamentos/2022/32022R0439.md
32022R0439	Artigo 75.º	Infraestrutura informática	2116	2158	776	ue/regulamentos/2022/32022R0439.md
32022R0439	Artigo 76.º	Disposições gerais	2162	2206	790	ue/regulamentos/2022/32022R0439.md
32022R0439	Artigo 77.º	Adequação dos dados	2208	2222	368	ue/regulamentos/2022/32022R0439.md
32022R0439	Artigo 78.º	Adequação dos modelos	2224	2236	263	ue/regulamentos/2022/32022R0439.md
32022R0439	Artigo 79.º	Exaustividade do programa de testes de esforço	2238	2248	258	ue/regulamentos/2022/32022R0439.md
32022R0439	Artigo 80.º	Integridade do modelo e do processo de modelização	2250	2272	547	ue/regulamentos/2022/32022R0439.md
32022R0439	Artigo 81.º	Adequação da afetação das posições em risco ao método dos modelos internos	2274	2276	117	ue/regulamentos/2022/32022R0439.md
32022R0439	Artigo 82.º	Adequação da função de validação	2278	2286	214	ue/regulamentos/2022/32022R0439.md
32022R0439	Artigo 83.º	Disposições gerais	2290	2306	470	ue/regulamentos/2022/32022R0439.md
32022R0439	Artigo 84.º	Conteúdo da política de alterações	2308	2318	248	ue/regulamentos/2022/32022R0439.md
32022R0439	Artigo 85.º	Entrada em vigor	2322	2348	620	ue/regulamentos/2022/32022R0439.md
32022R0441	Preâmbulo		18	56	1487	ue/regulamentos/2022/32022R0441.md
32022R0441	Artigo 1.º		60	62	36	ue/regulamentos/2022/32022R0441.md
32022R0441	Artigo 2.º		64	82	287	ue/regulamentos/2022/32022R0441.md
32022R0441	ANEXO		84	237	4411	ue/regulamentos/2022/32022R0441.md
32022R0455	Preâmbulo		18	40	381	ue/regulamentos/2022/32022R0455.md
32022R0455	Artigo 1.º		44	46	32	ue/regulamentos/2022/32022R0455.md
32022R0455	Artigo 2.º		48	66	196	ue/regulamentos/2022/32022R0455.md
32022R0455	ANEXO	«ANEXO	68	5050	53834	ue/regulamentos/2022/32022R0455.md
32022R0456	Preâmbulo		18	42	821	ue/regulamentos/2022/32022R0456.md
32022R0456	Artigo 1.º	Aprovação de uma substância de base	46	48	48	ue/regulamentos/2022/32022R0456.md
32022R0456	Artigo 2.º	Alteração do Regulamento de Execução (UE) n.º 540/2011	50	52	48	ue/regulamentos/2022/32022R0456.md
32022R0456	Artigo 3.º	Entrada em vigor	54	78	624	ue/regulamentos/2022/32022R0456.md
32022R0456	ANEXO I		80	88	308	ue/regulamentos/2022/32022R0456.md
32022R0456	ANEXO II		90	100	338	ue/regulamentos/2022/32022R0456.md
32022R0462	Preâmbulo		18	46	1001	ue/regulamentos/2022/32022R0462.md
32022R0462	Artigo 1.º		50	52	73	ue/regulamentos/2022/32022R0462.md
32022R0462	Artigo 2.º		54	70	176	ue/regulamentos/2022/32022R0462.md
32022R0463	Preâmbulo		18	34	240	ue/regulamentos/2022/32022R0463.md
32022R0463	Artigo 1.º		38	40	14	ue/regulamentos/2022/32022R0463.md
32022R0463	Artigo 2.º		42	58	149	ue/regulamentos/2022/32022R0463.md
32022R0466	Preâmbulo		18	38	716	ue/regulamentos/2022/32022R0466.md
32022R0466	Artigo 1.º	Avaliação dos APA e dos ARM	42	50	382	ue/regulamentos/2022/32022R0466.md
32022R0466	Artigo 2.º	Critérios para identificação da derrogação à supervisão da ESMA	52	62	443	ue/regulamentos/2022/32022R0466.md
32022R0466	Artigo 3.º	Disposições transitórias	64	66	62	ue/regulamentos/2022/32022R0466.md
32022R0466	Artigo 4.º	Entrada em vigor e data de aplicação	68	86	396	ue/regulamentos/2022/32022R0466.md
32022R0467	Preâmbulo		18	66	2073	ue/regulamentos/2022/32022R0467.md
32022R0467	Artigo 1.º		70	92	528	ue/regulamentos/2022/32022R0467.md
32022R0467	Artigo 2.º		94	98	108	ue/regulamentos/2022/32022R0467.md
32022R0467	Artigo 3.º		100	118	228	ue/regulamentos/2022/32022R0467.md
32022R0467	Artigo 4.º		120	142	419	ue/regulamentos/2022/32022R0467.md
32022R0467	ANEXO	Montantes à disposição dos Estados-Membros a que se refere o artigo 1.º, n.º 2,	144	174	198	ue/regulamentos/2022/32022R0467.md
32022R0468	Preâmbulo		18	590	28913	ue/regulamentos/2022/32022R0468.md
32022R0468	Artigo 1.º		594	609	480	ue/regulamentos/2022/32022R0468.md
32022R0468	Artigo 2.º		611	613	65	ue/regulamentos/2022/32022R0468.md
32022R0468	Artigo 3.º		615	665	888	ue/regulamentos/2022/32022R0468.md
32022R0469	Preâmbulo		18	48	779	ue/regulamentos/2022/32022R0469.md
32022R0469	Artigo 1.º		52	90	620	ue/regulamentos/2022/32022R0469.md
32022R0469	Artigo 2.º		92	110	295	ue/regulamentos/2022/32022R0469.md
32022R0470	Preâmbulo		18	54	946	ue/regulamentos/2022/32022R0470.md
32022R0470	Artigo 1.º	Âmbito de aplicação	58	62	94	ue/regulamentos/2022/32022R0470.md
32022R0470	Artigo 2.º	Produtos elegíveis	64	68	80	ue/regulamentos/2022/32022R0470.md
32022R0470	Artigo 3.º	Apresentação dos pedidos	70	78	186	ue/regulamentos/2022/32022R0470.md
32022R0470	Artigo 4.º	Garantia	80	82	82	ue/regulamentos/2022/32022R0470.md
32022R0470	Artigo 5.º	Frequência da notificação das quantidades pedidas	84	90	176	ue/regulamentos/2022/32022R0470.md
32022R0470	Artigo 6.º	Entrada em vigor	92	112	250	ue/regulamentos/2022/32022R0470.md
32022R0470	ANEXO		114	136	541	ue/regulamentos/2022/32022R0470.md
32022R0474	Preâmbulo		18	52	1436	ue/regulamentos/2022/32022R0474.md
32022R0474	Artigo 1.º		56	58	30	ue/regulamentos/2022/32022R0474.md
32022R0474	Artigo 2.º		60	76	112	ue/regulamentos/2022/32022R0474.md
32022R0474	ANEXO		78	145	2398	ue/regulamentos/2022/32022R0474.md
32022R0476	Preâmbulo		18	50	1347	ue/regulamentos/2022/32022R0476.md
32022R0476	Artigo 1.º		54	56	35	ue/regulamentos/2022/32022R0476.md
32022R0476	Artigo 2.º		58	96	864	ue/regulamentos/2022/32022R0476.md
32022R0476	ANEXO		98	887	11628	ue/regulamentos/2022/32022R0476.md
32022R0477	Preâmbulo		18	54	2428	ue/regulamentos/2022/32022R0477.md
32022R0477	Artigo 1.º		58	60	34	ue/regulamentos/2022/32022R0477.md
32022R0477	Artigo 2.º		62	86	337	ue/regulamentos/2022/32022R0477.md
32022R0477	ANEXO		88	411	9084	ue/regulamentos/2022/32022R0477.md
32022R0478	Artigo 1.º	Objeto	28	30	56	ue/regulamentos/2022/32022R0478.md
32022R0478	Artigo 2.º	Proibição de entrada de moluscos bivalves vivos ou refrigerados	32	34	55	ue/regulamentos/2022/32022R0478.md
32022R0478	Artigo 3.º	Medidas relativas aos moluscos bivalves congelados ou transformados	36	50	334	ue/regulamentos/2022/32022R0478.md
32022R0478	Artigo 4.º	Despesas	52	54	68	ue/regulamentos/2022/32022R0478.md
32022R0478	Artigo 5.º	Entrada em vigor e período de aplicação	56	62	92	ue/regulamentos/2022/32022R0478.md
32022R0479	Preâmbulo		18	66	1900	ue/regulamentos/2022/32022R0479.md
32022R0479	Artigo 1.º		70	72	36	ue/regulamentos/2022/32022R0479.md
32022R0479	Artigo 2.º		74	92	287	ue/regulamentos/2022/32022R0479.md
32022R0479	ANEXO		94	317	7937	ue/regulamentos/2022/32022R0479.md
32022R0486	Preâmbulo		18	44	1033	ue/regulamentos/2022/32022R0486.md
32022R0486	Artigo 1.º		48	91	825	ue/regulamentos/2022/32022R0486.md
32022R0486	Artigo 2.º		93	109	161	ue/regulamentos/2022/32022R0486.md
32022R0487	Preâmbulo		18	38	535	ue/regulamentos/2022/32022R0487.md
32022R0487	Artigo 1.º		42	44	39	ue/regulamentos/2022/32022R0487.md
32022R0487	Artigo 2.º		46	68	270	ue/regulamentos/2022/32022R0487.md
32022R0488	Preâmbulo		18	34	281	ue/regulamentos/2022/32022R0488.md
32022R0488	Artigo 1.º		38	40	14	ue/regulamentos/2022/32022R0488.md
32022R0488	Artigo 2.º		42	58	217	ue/regulamentos/2022/32022R0488.md
32022R0489	Preâmbulo		18	40	588	ue/regulamentos/2022/32022R0489.md
32022R0489	Artigo 1.º		44	46	33	ue/regulamentos/2022/32022R0489.md
32022R0489	Artigo 2.º		48	70	657	ue/regulamentos/2022/32022R0489.md
32022R0489	ANEXO		72	82	150	ue/regulamentos/2022/32022R0489.md
32022R0490	Preâmbulo		18	64	1901	ue/regulamentos/2022/32022R0490.md
32022R0490	Artigo 1.º	Alteração do Regulamento de Execução (UE) 2018/2019	68	70	46	ue/regulamentos/2022/32022R0490.md
32022R0490	Artigo 2.º	Alteração do Regulamento de Execução (UE) 2020/1213	72	74	47	ue/regulamentos/2022/32022R0490.md
32022R0490	Artigo 3.º	Entrada em vigor	76	106	794	ue/regulamentos/2022/32022R0490.md
32022R0490	ANEXO I		108	122	291	ue/regulamentos/2022/32022R0490.md
32022R0490	ANEXO II		124	139	1112	ue/regulamentos/2022/32022R0490.md
32022R0496	Preâmbulo		18	56	1328	ue/regulamentos/2022/32022R0496.md
32022R0496	Artigo 1.º	Aprovação da substância ativa	60	62	58	ue/regulamentos/2022/32022R0496.md
32022R0496	Artigo 2.º	Alterações do Regulamento de Execução (UE) n.º 540/2011	64	66	48	ue/regulamentos/2022/32022R0496.md
32022R0496	Artigo 3.º	Entrada em vigor	68	88	329	ue/regulamentos/2022/32022R0496.md
32022R0496	ANEXO I		90	98	442	ue/regulamentos/2022/32022R0496.md
32022R0496	ANEXO II		100	114	508	ue/regulamentos/2022/32022R0496.md
32022R0497	Preâmbulo		18	78	5346	ue/regulamentos/2022/32022R0497.md
32022R0497	Artigo 1.º		82	84	39	ue/regulamentos/2022/32022R0497.md
32022R0497	Artigo 2.º		86	88	182	ue/regulamentos/2022/32022R0497.md
32022R0497	Artigo 3.º		90	114	533	ue/regulamentos/2022/32022R0497.md
32022R0497	ANEXO		116	753	20255	ue/regulamentos/2022/32022R0497.md
32022R0501	Preâmbulo		18	52	1064	ue/regulamentos/2022/32022R0501.md
32022R0501	Artigo 1.º	Aprovação da substância ativa	56	58	47	ue/regulamentos/2022/32022R0501.md
32022R0501	Artigo 2.º	Alterações do Regulamento de Execução (UE) n.º 540/2011	60	62	48	ue/regulamentos/2022/32022R0501.md
32022R0501	Artigo 3.º	Entrada em vigor	64	82	248	ue/regulamentos/2022/32022R0501.md
32022R0501	ANEXO I		84	92	499	ue/regulamentos/2022/32022R0501.md
32022R0501	ANEXO II		94	101	462	ue/regulamentos/2022/32022R0501.md
32022R0502	Preâmbulo		18	40	505	ue/regulamentos/2022/32022R0502.md
32022R0502	Artigo 1.º	Alteração do Regulamento de Execução (UE) n.º 1321/2013	44	50	140	ue/regulamentos/2022/32022R0502.md
32022R0502	Artigo 2.º	Medidas transitórias	52	54	146	ue/regulamentos/2022/32022R0502.md
32022R0502	Artigo 3.º	Entrada em vigor	56	72	183	ue/regulamentos/2022/32022R0502.md
32022R0503	Preâmbulo		18	58	2010	ue/regulamentos/2022/32022R0503.md
32022R0503	Artigo 1.º		62	67	104	ue/regulamentos/2022/32022R0503.md
32022R0503	Artigo 2.º		69	71	66	ue/regulamentos/2022/32022R0503.md
32022R0503	Artigo 3.º		73	97	388	ue/regulamentos/2022/32022R0503.md
32022R0504	Preâmbulo		18	54	1653	ue/regulamentos/2022/32022R0504.md
32022R0504	Artigo 1.º	Alterações	58	82	604	ue/regulamentos/2022/32022R0504.md
32022R0504	«Artigo 11.º-A	Artigo 12.º, n.º 1, alínea c), subalínea i), do Regulamento Delegado (UE) 2015/61: Identificação dos principais índices de ações dos Estados-Membros ou de paíse	84	100	376	ue/regulamentos/2022/32022R0504.md
32022R0504	Artigo 12.º-A	Artigo 428.º-P, n.º 10, do Regulamento (UE) n.º 575/2013: Fatores de financiamento estável requerido a aplicar a posições em risco extrapatrimoniais	102	104	195	ue/regulamentos/2022/32022R0504.md
32022R0504	Artigo 12.º-B	Artigo 428.º-Q, n.º 2, do Regulamento (UE) n.º 575/2013: Determinação do prazo do ónus para ativos segregados	106	108	134	ue/regulamentos/2022/32022R0504.md
32022R0504	Artigo 12.º-C	Artigo 428.º-AQ, n.º 10, do Regulamento (UE) n.º 575/2013: Fatores de financiamento estável requerido a aplicar a posições em risco extrapatrimoniais	110	112	106	ue/regulamentos/2022/32022R0504.md
32022R0504	Artigo 12.º-D	Artigo 428.º-AR, n.º 2, do Regulamento (UE) n.º 575/2013: Determinação do prazo do ónus para ativos segregados	114	122	182	ue/regulamentos/2022/32022R0504.md
32022R0504	Artigo 2.º	Disposições finais	124	146	254	ue/regulamentos/2022/32022R0504.md
32022R0504	ANEXO		148	160	124	ue/regulamentos/2022/32022R0504.md
32022R0509	Preâmbulo		18	32	210	ue/regulamentos/2022/32022R0509.md
32022R0509	Artigo 1.º		36	40	64	ue/regulamentos/2022/32022R0509.md
32022R0509	Artigo 2.º		42	62	190	ue/regulamentos/2022/32022R0509.md
32022R0515	Preâmbulo		18	74	4107	ue/regulamentos/2022/32022R0515.md
32022R0515	Artigo 1.º		78	84	39	ue/regulamentos/2022/32022R0515.md
32022R0515	«Artigo 11.º	Medidas aplicáveis à pesca de robalo-legítimo nas divisões CIEM 4b e 4c e na subzona CIEM 7	86	132	1092	ue/regulamentos/2022/32022R0515.md
32022R0515	«Artigo 15.º	Épocas de defeso da pesca da galeota	134	156	349	ue/regulamentos/2022/32022R0515.md
32022R0515	Artigo 2.º		158	200	996	ue/regulamentos/2022/32022R0515.md
32022R0515	ANEXO I		202	1366	24320	ue/regulamentos/2022/32022R0515.md
32022R0515	ANEXO II		1368	1385	368	ue/regulamentos/2022/32022R0515.md
32022R0515	ANEXO III		1387	1401	246	ue/regulamentos/2022/32022R0515.md
32022R0515	ANEXO IV		1403	1483	1572	ue/regulamentos/2022/32022R0515.md
32022R0515	ANEXO V	«ANEXO IH	1485	1510	304	ue/regulamentos/2022/32022R0515.md
32022R0515	ANEXO VI	«ANEXO IJ	1512	1530	317	ue/regulamentos/2022/32022R0515.md
32022R0515	ANEXO VII		1532	1545	146	ue/regulamentos/2022/32022R0515.md
32022R0515	ANEXO VIII		1547	1577	711	ue/regulamentos/2022/32022R0515.md
32022R0516	Preâmbulo		18	42	666	ue/regulamentos/2022/32022R0516.md
32022R0516	Artigo 1.º		46	56	142	ue/regulamentos/2022/32022R0516.md
32022R0516	Artigo 2.º		58	74	164	ue/regulamentos/2022/32022R0516.md
32022R0517	Preâmbulo		18	42	783	ue/regulamentos/2022/32022R0517.md
32022R0517	Artigo 1.º		46	48	32	ue/regulamentos/2022/32022R0517.md
32022R0517	Artigo 2.º		50	64	98	ue/regulamentos/2022/32022R0517.md
32022R0517	ANEXO	«ANEXO I	66	106	473	ue/regulamentos/2022/32022R0517.md
32022R0518	Preâmbulo		18	40	780	ue/regulamentos/2022/32022R0518.md
32022R0518	Artigo 1.º		44	48	152	ue/regulamentos/2022/32022R0518.md
32022R0518	Artigo 2.º		50	72	418	ue/regulamentos/2022/32022R0518.md
32022R0519	Preâmbulo		18	42	1217	ue/regulamentos/2022/32022R0519.md
32022R0519	Artigo 1.º		46	48	36	ue/regulamentos/2022/32022R0519.md
32022R0519	Artigo 2.º		50	70	441	ue/regulamentos/2022/32022R0519.md
32022R0519	ANEXO		72	204	2272	ue/regulamentos/2022/32022R0519.md
32022R0520	Preâmbulo		18	44	836	ue/regulamentos/2022/32022R0520.md
32022R0520	Artigo 1.º		48	50	30	ue/regulamentos/2022/32022R0520.md
32022R0520	Artigo 2.º		52	70	313	ue/regulamentos/2022/32022R0520.md
32022R0520	ANEXO		72	164	2590	ue/regulamentos/2022/32022R0520.md
32022R0524	Preâmbulo		18	36	327	ue/regulamentos/2022/32022R0524.md
32022R0524	Artigo 1.º		40	61	338	ue/regulamentos/2022/32022R0524.md
32022R0524	Artigo 2.º		63	81	225	ue/regulamentos/2022/32022R0524.md
32022R0525	Preâmbulo		18	38	463	ue/regulamentos/2022/32022R0525.md
32022R0525	Artigo 1.º		42	61	180	ue/regulamentos/2022/32022R0525.md
32022R0525	Artigo 2.º		63	81	163	ue/regulamentos/2022/32022R0525.md
32022R0526	Preâmbulo		18	38	752	ue/regulamentos/2022/32022R0526.md
32022R0526	Artigo 1.º		42	46	196	ue/regulamentos/2022/32022R0526.md
32022R0526	Artigo 2.º		48	68	362	ue/regulamentos/2022/32022R0526.md
32022R0527	Artigo 1.º		28	32	112	ue/regulamentos/2022/32022R0527.md
32022R0527	Artigo 2.º		34	40	65	ue/regulamentos/2022/32022R0527.md
32022R0527	ANEXO	RESUMO DAS CARACTERÍSTICAS DO PRODUTO BIOCIDA (SPC BP)	42	219	2929	ue/regulamentos/2022/32022R0527.md
32022R0528	Preâmbulo		18	70	2244	ue/regulamentos/2022/32022R0528.md
32022R0528	Artigo 1.º		74	76	36	ue/regulamentos/2022/32022R0528.md
32022R0528	Artigo 2.º		78	96	286	ue/regulamentos/2022/32022R0528.md
32022R0528	ANEXO		98	488	14471	ue/regulamentos/2022/32022R0528.md
32022R0535	Preâmbulo		18	36	232	ue/regulamentos/2022/32022R0535.md
32022R0535	Artigo 1.º		40	42	29	ue/regulamentos/2022/32022R0535.md
32022R0535	Artigo 2.º		44	58	94	ue/regulamentos/2022/32022R0535.md
32022R0535	ANEXO		60	66	48	ue/regulamentos/2022/32022R0535.md
32022R0536	Preâmbulo		18	34	307	ue/regulamentos/2022/32022R0536.md
32022R0536	Artigo 1.º		38	40	40	ue/regulamentos/2022/32022R0536.md
32022R0536	Artigo 2.º		42	62	178	ue/regulamentos/2022/32022R0536.md
32022R0537	Preâmbulo		22	56	1113	ue/regulamentos/2022/32022R0537.md
32022R0537	Artigo 1.º	Autorização	60	62	71	ue/regulamentos/2022/32022R0537.md
32022R0537	Artigo 2.º	Medidas transitórias	64	70	300	ue/regulamentos/2022/32022R0537.md
32022R0537	Artigo 3.º	Entrada em vigor	72	92	149	ue/regulamentos/2022/32022R0537.md
32022R0537	ANEXO		94	108	918	ue/regulamentos/2022/32022R0537.md
32022R0538	Preâmbulo		18	44	958	ue/regulamentos/2022/32022R0538.md
32022R0538	Artigo 1.º		48	50	71	ue/regulamentos/2022/32022R0538.md
32022R0538	Artigo 2.º		52	54	18	ue/regulamentos/2022/32022R0538.md
32022R0538	Artigo 3.º		56	60	175	ue/regulamentos/2022/32022R0538.md
32022R0538	Artigo 4.º		62	80	159	ue/regulamentos/2022/32022R0538.md
32022R0538	ANEXO		82	92	838	ue/regulamentos/2022/32022R0538.md
32022R0545	Preâmbulo		18	58	1598	ue/regulamentos/2022/32022R0545.md
32022R0545	Artigo 1.º	Âmbito de aplicação	62	64	52	ue/regulamentos/2022/32022R0545.md
32022R0545	Artigo 2.º	Requisitos técnicos aplicáveis	66	76	221	ue/regulamentos/2022/32022R0545.md
32022R0545	Artigo 3.º	Segurança dos dados	78	82	147	ue/regulamentos/2022/32022R0545.md
32022R0545	Artigo 4.º	Extração de dados	84	104	504	ue/regulamentos/2022/32022R0545.md
32022R0545	Artigo 5.º	Disposições relativas às inspeções técnicas	106	112	325	ue/regulamentos/2022/32022R0545.md
32022R0545	Artigo 6.º	Disposições temporárias relativas a homologações ao abrigo do Regulamento n.º 160 da ONU	114	118	418	ue/regulamentos/2022/32022R0545.md
32022R0545	Artigo 7.º	Alteração do Regulamento (UE) 2019/2144	120	122	43	ue/regulamentos/2022/32022R0545.md
32022R0545	Artigo 8.º	Entrada em vigor e data de aplicação	124	152	593	ue/regulamentos/2022/32022R0545.md
32022R0545	ANEXO	Alteração do Regulamento (UE) 2019/2144	154	167	308	ue/regulamentos/2022/32022R0545.md
32022R0547	Preâmbulo		18	1211	49841	ue/regulamentos/2022/32022R0547.md
32022R0547	Artigo 1.º		1215	1228	452	ue/regulamentos/2022/32022R0547.md
32022R0547	Artigo 2.º		1230	1276	1008	ue/regulamentos/2022/32022R0547.md
32022R0555	Preâmbulo		18	74	2363	ue/regulamentos/2022/32022R0555.md
32022R0555	Artigo 1.º	Alteração do Regulamento (CE) n.º 168/2007	78	82	43	ue/regulamentos/2022/32022R0555.md
32022R0555	«Artigo 2.º	Objetivo	84	88	112	ue/regulamentos/2022/32022R0555.md
32022R0555	«Artigo 3.º	Âmbito de aplicação	90	124	806	ue/regulamentos/2022/32022R0555.md
32022R0555	«Artigo 5.º	Domínios de atividade	126	130	157	ue/regulamentos/2022/32022R0555.md
32022R0555	«Artigo 5.º-A	Programação anual e plurianual	132	149	517	ue/regulamentos/2022/32022R0555.md
32022R0555	«Artigo 7.º	Relações com as instituições, órgãos e organismos competentes da União	151	171	342	ue/regulamentos/2022/32022R0555.md
32022R0555	«Artigo 9.º	Colaboração com o Conselho da Europa	173	258	1941	ue/regulamentos/2022/32022R0555.md
32022R0555	«Artigo 13.º	Comissão Executiva	260	354	2148	ue/regulamentos/2022/32022R0555.md
32022R0555	«Artigo 19.°	Controlo pelo Provedor de Justiça Europeu	356	370	226	ue/regulamentos/2022/32022R0555.md
32022R0555	«Artigo 24.º	Pessoal	372	378	111	ue/regulamentos/2022/32022R0555.md
32022R0555	«Artigo 26.º	Privilégios e imunidades	380	412	856	ue/regulamentos/2022/32022R0555.md
32022R0555	Artigo 2.º	Entrada em vigor	414	434	304	ue/regulamentos/2022/32022R0555.md
32022R0556	Preâmbulo		18	38	464	ue/regulamentos/2022/32022R0556.md
32022R0556	Artigo 1.º		42	44	49	ue/regulamentos/2022/32022R0556.md
32022R0556	Artigo 2.º		46	48	81	ue/regulamentos/2022/32022R0556.md
32022R0556	Artigo 3.º		50	70	158	ue/regulamentos/2022/32022R0556.md
32022R0556	ANEXO		72	82	665	ue/regulamentos/2022/32022R0556.md
32022R0557	Preâmbulo		18	38	464	ue/regulamentos/2022/32022R0557.md
32022R0557	Artigo 1.º		42	44	49	ue/regulamentos/2022/32022R0557.md
32022R0557	Artigo 2.º		46	48	81	ue/regulamentos/2022/32022R0557.md
32022R0557	Artigo 3.º		50	68	152	ue/regulamentos/2022/32022R0557.md
32022R0557	ANEXO		70	76	1070	ue/regulamentos/2022/32022R0557.md
32022R0558	Artigo 1.º		29	46	587	ue/regulamentos/2022/32022R0558.md
32022R0558	Artigo 2.º		48	50	154	ue/regulamentos/2022/32022R0558.md
32022R0558	Artigo 3.º		52	60	191	ue/regulamentos/2022/32022R0558.md
32022R0558	Artigo 4.º		62	72	106	ue/regulamentos/2022/32022R0558.md
32022R0558	Artigo 5.º		74	80	63	ue/regulamentos/2022/32022R0558.md
32022R0558	ANEXO	Produtores-exportadores colaborantes não incluídos na amostra	82	111	556	ue/regulamentos/2022/32022R0558.md
32022R0562	Preâmbulo		18	70	2841	ue/regulamentos/2022/32022R0562.md
32022R0562	Artigo 1.º	Alteração do Regulamento (UE) n.º 1303/2013	74	102	868	ue/regulamentos/2022/32022R0562.md
32022R0562	Artigo 2.º	Alteração do Regulamento (UE) n.º 223/2014	104	120	417	ue/regulamentos/2022/32022R0562.md
32022R0562	Artigo 3.º	Entrada em vigor	122	160	905	ue/regulamentos/2022/32022R0562.md
32022R0564	Preâmbulo		18	48	981	ue/regulamentos/2022/32022R0564.md
32022R0564	Artigo 1.º		52	54	31	ue/regulamentos/2022/32022R0564.md
32022R0564	Artigo 2.º		56	70	98	ue/regulamentos/2022/32022R0564.md
32022R0564	ANEXO		72	587	6911	ue/regulamentos/2022/32022R0564.md
32022R0565	Artigo 1.º		28	30	73	ue/regulamentos/2022/32022R0565.md
32022R0565	Artigo 2.º		32	36	64	ue/regulamentos/2022/32022R0565.md
32022R0565	ANEXO		38	47	768	ue/regulamentos/2022/32022R0565.md
32022R0566	Preâmbulo		18	44	854	ue/regulamentos/2022/32022R0566.md
32022R0566	Artigo 1.º		48	50	31	ue/regulamentos/2022/32022R0566.md
32022R0566	Artigo 2.º		52	70	173	ue/regulamentos/2022/32022R0566.md
32022R0566	ANEXO		72	464	3423	ue/regulamentos/2022/32022R0566.md
32022R0576	Artigo 1.º		35	377	7390	ue/regulamentos/2022/32022R0576.md
32022R0576	Artigo 2.º		379	383	62	ue/regulamentos/2022/32022R0576.md
32022R0576	ANEXO I		385	573	2047	ue/regulamentos/2022/32022R0576.md
32022R0576	ANEXO II		575	579	26	ue/regulamentos/2022/32022R0576.md
32022R0576	ANEXO III		581	583	22	ue/regulamentos/2022/32022R0576.md
32022R0576	ANEXO IV		619	621	23	ue/regulamentos/2022/32022R0576.md
32022R0576	ANEXO V		963	1007	825	ue/regulamentos/2022/32022R0576.md
32022R0576	ANEXO VI		1009	1011	12	ue/regulamentos/2022/32022R0576.md
32022R0576	ANEXO XXI		1054	1094	1036	ue/regulamentos/2022/32022R0576.md
32022R0576	ANEXO XXII		1096	1109	283	ue/regulamentos/2022/32022R0576.md
32022R0576	ANEXO XXIII		1111	1790	26359	ue/regulamentos/2022/32022R0576.md
32022R0576	ANEXO XXIV		1792	1826	822	ue/regulamentos/2022/32022R0576.md
32022R0577	Preâmbulo		18	40	355	ue/regulamentos/2022/32022R0577.md
32022R0577	Artigo 1.º		44	57	223	ue/regulamentos/2022/32022R0577.md
32022R0577	«Artigo 1.º-ZA		59	69	238	ue/regulamentos/2022/32022R0577.md
32022R0577	«Artigo 1.º-ZC		71	93	484	ue/regulamentos/2022/32022R0577.md
32022R0577	Artigo 2.º		95	113	221	ue/regulamentos/2022/32022R0577.md
32022R0580	Preâmbulo		18	40	414	ue/regulamentos/2022/32022R0580.md
32022R0580	Artigo 1.º		44	53	141	ue/regulamentos/2022/32022R0580.md
32022R0580	«Artigo 6.º-B		55	65	566	ue/regulamentos/2022/32022R0580.md
32022R0580	Artigo 2.º		67	85	228	ue/regulamentos/2022/32022R0580.md
32022R0581	Preâmbulo		18	52	991	ue/regulamentos/2022/32022R0581.md
32022R0581	Artigo 1.º		56	58	31	ue/regulamentos/2022/32022R0581.md
32022R0581	Artigo 2.º		60	76	162	ue/regulamentos/2022/32022R0581.md
32022R0581	ANEXO		78	327	35103	ue/regulamentos/2022/32022R0581.md
32022R0585	Preâmbulo		18	80	3122	ue/regulamentos/2022/32022R0585.md
32022R0585	Artigo 1.º		84	120	525	ue/regulamentos/2022/32022R0585.md
32022R0585	Artigo 2.º		122	132	406	ue/regulamentos/2022/32022R0585.md
32022R0585	Artigo 3.º		134	138	86	ue/regulamentos/2022/32022R0585.md
32022R0585	Artigo 4.º		140	178	895	ue/regulamentos/2022/32022R0585.md
32022R0586	Preâmbulo		18	64	3373	ue/regulamentos/2022/32022R0586.md
32022R0586	Artigo 1.º		68	70	32	ue/regulamentos/2022/32022R0586.md
32022R0586	Artigo 2.º		72	98	409	ue/regulamentos/2022/32022R0586.md
32022R0586	ANEXO		100	111	500	ue/regulamentos/2022/32022R0586.md
32022R0588	Preâmbulo		18	58	1550	ue/regulamentos/2022/32022R0588.md
32022R0588	Artigo 1.º		62	64	36	ue/regulamentos/2022/32022R0588.md
32022R0588	Artigo 2.º		66	84	286	ue/regulamentos/2022/32022R0588.md
32022R0588	ANEXO		86	354	11382	ue/regulamentos/2022/32022R0588.md
32022R0590	Preâmbulo		18	56	1766	ue/regulamentos/2022/32022R0590.md
32022R0590	Artigo 1.º		60	72	187	ue/regulamentos/2022/32022R0590.md
32022R0590	"""Artigo 3.º-A"	Divulgação das estatísticas	74	76	80	ue/regulamentos/2022/32022R0590.md
32022R0590	Artigo 3.º-B	Avaliação da qualidade	78	94	544	ue/regulamentos/2022/32022R0590.md
32022R0590	"""Artigo 4.º-A"	Procedimento de comité	96	100	82	ue/regulamentos/2022/32022R0590.md
32022R0590	Artigo 4.º-B	Derrogações	102	112	365	ue/regulamentos/2022/32022R0590.md
32022R0590	Artigo 2.º		114	144	497	ue/regulamentos/2022/32022R0590.md
32022R0590	ANEXO I		146	534	10192	ue/regulamentos/2022/32022R0590.md
32022R0590	ANEXO II	«ANEXO II	536	722	2361	ue/regulamentos/2022/32022R0590.md
32022R0592	Preâmbulo		18	38	298	ue/regulamentos/2022/32022R0592.md
32022R0592	Artigo 1.º		42	44	29	ue/regulamentos/2022/32022R0592.md
32022R0592	Artigo 2.º		46	62	142	ue/regulamentos/2022/32022R0592.md
32022R0592	ANEXO		64	100	4596	ue/regulamentos/2022/32022R0592.md
32022R0593	Preâmbulo		18	52	1149	ue/regulamentos/2022/32022R0593.md
32022R0593	Artigo 1.º	Autorização	56	58	71	ue/regulamentos/2022/32022R0593.md
32022R0593	Artigo 2.º	Medidas transitórias	60	66	298	ue/regulamentos/2022/32022R0593.md
32022R0593	Artigo 3.º	Entrada em vigor	68	86	148	ue/regulamentos/2022/32022R0593.md
32022R0593	ANEXO		88	98	950	ue/regulamentos/2022/32022R0593.md
32022R0594	Preâmbulo		18	80	3458	ue/regulamentos/2022/32022R0594.md
32022R0594	Artigo 1.º		84	90	58	ue/regulamentos/2022/32022R0594.md
32022R0594	Artigo 2.º		92	118	478	ue/regulamentos/2022/32022R0594.md
32022R0594	ANEXO I	«ANEXO A	120	262	2398	ue/regulamentos/2022/32022R0594.md
32022R0594	ANEXO II	«ANEXO B	264	275	305	ue/regulamentos/2022/32022R0594.md
32022R0595	Preâmbulo		18	32	2656	ue/regulamentos/2022/32022R0595.md
32022R0595	Artigo 1.º		36	38	35	ue/regulamentos/2022/32022R0595.md
32022R0595	Artigo 2.º		40	42	35	ue/regulamentos/2022/32022R0595.md
32022R0595	Artigo 3.º		44	46	35	ue/regulamentos/2022/32022R0595.md
32022R0595	Artigo 4.º		48	50	35	ue/regulamentos/2022/32022R0595.md
32022R0595	Artigo 5.º		52	54	35	ue/regulamentos/2022/32022R0595.md
32022R0595	Artigo 6.º		56	58	36	ue/regulamentos/2022/32022R0595.md
32022R0595	Artigo 7.º		60	62	35	ue/regulamentos/2022/32022R0595.md
32022R0595	Artigo 8.º		64	66	35	ue/regulamentos/2022/32022R0595.md
32022R0595	Artigo 9.º		68	70	35	ue/regulamentos/2022/32022R0595.md
32022R0595	Artigo 10.º		72	74	36	ue/regulamentos/2022/32022R0595.md
32022R0595	Artigo 11.º		76	78	36	ue/regulamentos/2022/32022R0595.md
32022R0595	Artigo 12.º		80	82	36	ue/regulamentos/2022/32022R0595.md
32022R0595	Artigo 13.º		84	86	36	ue/regulamentos/2022/32022R0595.md
32022R0595	Artigo 14.º		88	90	36	ue/regulamentos/2022/32022R0595.md
32022R0595	Artigo 15.º		92	94	36	ue/regulamentos/2022/32022R0595.md
32022R0595	Artigo 16.º		96	98	35	ue/regulamentos/2022/32022R0595.md
32022R0595	Artigo 17.º		100	102	36	ue/regulamentos/2022/32022R0595.md
32022R0595	Artigo 18.º		104	106	36	ue/regulamentos/2022/32022R0595.md
32022R0595	Artigo 19.º		108	110	36	ue/regulamentos/2022/32022R0595.md
32022R0595	Artigo 20.º		112	114	36	ue/regulamentos/2022/32022R0595.md
32022R0595	Artigo 21.º		116	118	36	ue/regulamentos/2022/32022R0595.md
32022R0595	Artigo 22.º		120	122	36	ue/regulamentos/2022/32022R0595.md
32022R0595	Artigo 23.º		124	126	35	ue/regulamentos/2022/32022R0595.md
32022R0595	Artigo 24.º		128	130	36	ue/regulamentos/2022/32022R0595.md
32022R0595	Artigo 25.º		132	134	35	ue/regulamentos/2022/32022R0595.md
32022R0595	Artigo 26.º		136	138	35	ue/regulamentos/2022/32022R0595.md
32022R0595	Artigo 27.º		140	142	34	ue/regulamentos/2022/32022R0595.md
32022R0595	Artigo 28.º		144	146	35	ue/regulamentos/2022/32022R0595.md
32022R0595	Artigo 29.º		148	150	34	ue/regulamentos/2022/32022R0595.md
32022R0595	Artigo 30.º		152	154	35	ue/regulamentos/2022/32022R0595.md
32022R0595	Artigo 31.º		156	158	35	ue/regulamentos/2022/32022R0595.md
32022R0595	Artigo 32.º		160	162	35	ue/regulamentos/2022/32022R0595.md
32022R0595	Artigo 33.º		164	166	34	ue/regulamentos/2022/32022R0595.md
32022R0595	Artigo 34.º		168	170	35	ue/regulamentos/2022/32022R0595.md
32022R0595	Artigo 35.º		172	174	35	ue/regulamentos/2022/32022R0595.md
32022R0595	Artigo 36.º		176	178	35	ue/regulamentos/2022/32022R0595.md
32022R0595	Artigo 37.º		180	182	34	ue/regulamentos/2022/32022R0595.md
32022R0595	Artigo 38.º		184	272	452	ue/regulamentos/2022/32022R0595.md
32022R0595	ANEXO		274	392	588	ue/regulamentos/2022/32022R0595.md
32022R0612	Preâmbulo		22	202	22190	ue/regulamentos/2022/32022R0612.md
32022R0612	Artigo 1.º	Objeto e âmbito de aplicação	206	220	694	ue/regulamentos/2022/32022R0612.md
32022R0612	Artigo 2.º	Definições	222	256	1176	ue/regulamentos/2022/32022R0612.md
32022R0612	Artigo 3.º	Acesso grossista à itinerância	258	296	2306	ue/regulamentos/2022/32022R0612.md
32022R0612	Artigo 4.º	Prestação de serviços regulamentados de itinerância a nível retalhista	298	306	362	ue/regulamentos/2022/32022R0612.md
32022R0612	Artigo 5.º	Utilização responsável	308	314	282	ue/regulamentos/2022/32022R0612.md
32022R0612	Artigo 6.º	Mecanismo de sustentabilidade	316	324	638	ue/regulamentos/2022/32022R0612.md
32022R0612	Artigo 7.º	Aplicação das políticas de utilização responsável e do mecanismo de sustentabilidade	326	366	1035	ue/regulamentos/2022/32022R0612.md
32022R0612	Artigo 8.º	Aplicação excecional de sobretaxas retalhistas ao consumo de serviços regulamentados de itinerância a nível retalhista e fixação de tarifas alternativas	368	402	1749	ue/regulamentos/2022/32022R0612.md
32022R0612	Artigo 9.º	Tarifas grossistas para as chamadas de itinerância regulamentadas efetuadas	404	410	372	ue/regulamentos/2022/32022R0612.md
32022R0612	Artigo 10.º	Tarifas grossistas para as mensagens SMS itinerantes regulamentadas	412	420	426	ue/regulamentos/2022/32022R0612.md
32022R0612	Artigo 11.º	Tarifas grossistas para os serviços regulamentados de itinerância de dados	422	428	436	ue/regulamentos/2022/32022R0612.md
32022R0612	Artigo 12.º	Tarifas grossistas para comunicações de emergência	430	432	103	ue/regulamentos/2022/32022R0612.md
32022R0612	Artigo 13.º	Transparência das condições retalhistas para chamadas e mensagens SMS itinerantes	434	464	1710	ue/regulamentos/2022/32022R0612.md
32022R0612	Artigo 14.º	Transparência e mecanismos de salvaguarda para os serviços retalhistas de itinerância de dados	466	512	2444	ue/regulamentos/2022/32022R0612.md
32022R0612	Artigo 15.º	Transparência quanto aos meios de acesso a serviços de emergência	514	520	466	ue/regulamentos/2022/32022R0612.md
32022R0612	Artigo 16.º	Bases de dados de gamas de numeração usadas para a prestação de serviços de valor acrescentado e meios de acesso aos serviços de emergência	522	532	340	ue/regulamentos/2022/32022R0612.md
32022R0612	Artigo 17.º	Supervisão e execução	534	554	1112	ue/regulamentos/2022/32022R0612.md
32022R0612	Artigo 18.º	Resolução de litígios	556	562	346	ue/regulamentos/2022/32022R0612.md
32022R0612	Artigo 19.º	Sanções	564	566	107	ue/regulamentos/2022/32022R0612.md
32022R0612	Artigo 20.º	Procedimento de comité	568	572	82	ue/regulamentos/2022/32022R0612.md
32022R0612	Artigo 21.º	Revisão	574	618	1803	ue/regulamentos/2022/32022R0612.md
32022R0612	Artigo 22.º	Notificação	620	622	60	ue/regulamentos/2022/32022R0612.md
32022R0612	Artigo 23.º	Revogação	624	628	62	ue/regulamentos/2022/32022R0612.md
32022R0612	Artigo 24.º	Entrada em vigor e caducidade	630	694	1552	ue/regulamentos/2022/32022R0612.md
32022R0612	ANEXO I	Regulamento revogado com a lista das suas alterações sucessivas	696	701	106	ue/regulamentos/2022/32022R0612.md
32022R0612	ANEXO II	Tabela de correspondência	703	815	1436	ue/regulamentos/2022/32022R0612.md
32022R0613	Preâmbulo		18	56	1790	ue/regulamentos/2022/32022R0613.md
32022R0613	Artigo 1.º	Alteração do Regulamento (UE) n.º 1303/2013	60	64	40	ue/regulamentos/2022/32022R0613.md
32022R0613	«Artigo 68.º-C	Custo unitário das operações destinadas a fazer face aos desafios migratórios resultantes da agressão militar por parte da Federação da Rússia	66	92	1021	ue/regulamentos/2022/32022R0613.md
32022R0613	Artigo 2.º	Alteração do Regulamento (UE) n.º 223/2014	94	104	232	ue/regulamentos/2022/32022R0613.md
32022R0613	Artigo 3.º	Entrada em vigor	106	136	578	ue/regulamentos/2022/32022R0613.md
32022R0615	Preâmbulo		18	66	2245	ue/regulamentos/2022/32022R0615.md
32022R0615	Artigo 1.º		70	104	684	ue/regulamentos/2022/32022R0615.md
32022R0615	«Artigo 10.º-A	Colocação à disposição dos recursos próprios IVA e RNB	106	198	3309	ue/regulamentos/2022/32022R0615.md
32022R0615	Artigo 13.º-A	Pagamento sob reserva	200	210	364	ue/regulamentos/2022/32022R0615.md
32022R0615	Artigo 13.º-B	Procedimento de revisão	212	226	652	ue/regulamentos/2022/32022R0615.md
32022R0615	Artigo 2.º		228	248	329	ue/regulamentos/2022/32022R0615.md
32022R0616	Preâmbulo		18	34	330	ue/regulamentos/2022/32022R0616.md
32022R0616	Artigo 1.º		38	40	38	ue/regulamentos/2022/32022R0616.md
32022R0616	Artigo 2.º		42	64	263	ue/regulamentos/2022/32022R0616.md
32022R0619	Preâmbulo		18	172	6030	ue/regulamentos/2022/32022R0619.md
32022R0619	Artigo 1.º		176	180	130	ue/regulamentos/2022/32022R0619.md
32022R0619	Artigo 2.º		182	188	154	ue/regulamentos/2022/32022R0619.md
32022R0619	Artigo 3.º		190	194	76	ue/regulamentos/2022/32022R0619.md
32022R0619	Artigo 4.º		196	230	441	ue/regulamentos/2022/32022R0619.md
32022R0625	Preâmbulo		18	36	412	ue/regulamentos/2022/32022R0625.md
32022R0625	Artigo 1.º		40	42	20	ue/regulamentos/2022/32022R0625.md
32022R0625	«Artigo 2.º-A		44	52	364	ue/regulamentos/2022/32022R0625.md
32022R0625	Artigo 2.º		54	72	218	ue/regulamentos/2022/32022R0625.md
32022R0626	Preâmbulo		18	36	520	ue/regulamentos/2022/32022R0626.md
32022R0626	Artigo 1.º		40	42	20	ue/regulamentos/2022/32022R0626.md
32022R0626	«Artigo 4.º-A		44	74	814	ue/regulamentos/2022/32022R0626.md
32022R0626	Artigo 5.º-A		76	92	634	ue/regulamentos/2022/32022R0626.md
32022R0626	Artigo 2.º		94	112	250	ue/regulamentos/2022/32022R0626.md
32022R0629	Preâmbulo		18	44	1090	ue/regulamentos/2022/32022R0629.md
32022R0629	Artigo 1.º	Alterações do Regulamento Delegado (UE) 2017/583	48	60	328	ue/regulamentos/2022/32022R0629.md
32022R0629	Artigo 2.º	Entrada em vigor	62	80	308	ue/regulamentos/2022/32022R0629.md
32022R0630	Preâmbulo		18	34	307	ue/regulamentos/2022/32022R0630.md
32022R0630	Artigo 1.º		38	40	41	ue/regulamentos/2022/32022R0630.md
32022R0630	Artigo 2.º		42	62	181	ue/regulamentos/2022/32022R0630.md
32022R0631	Preâmbulo		18	42	631	ue/regulamentos/2022/32022R0631.md
32022R0631	Artigo 1.º	Alteração do Regulamento de Execução (UE) 2021/637	46	50	45	ue/regulamentos/2022/32022R0631.md
32022R0631	«Artigo 16.º-A	Divulgação das exposições ao risco de taxa de juro sobre posições não detidas na carteira de negociação	52	62	268	ue/regulamentos/2022/32022R0631.md
32022R0631	Artigo 2.º	Entrada em vigor	64	86	531	ue/regulamentos/2022/32022R0631.md
32022R0631	ANEXO I	«ANEXO XXXVII	88	120	757	ue/regulamentos/2022/32022R0631.md
32022R0631	ANEXO II	«ANEXO XXXVIII	122	157	3612	ue/regulamentos/2022/32022R0631.md
32022R0632	Artigo 1.º	Objeto	30	32	70	ue/regulamentos/2022/32022R0632.md
32022R0632	Artigo 2.º	Definições	34	40	83	ue/regulamentos/2022/32022R0632.md
32022R0632	Artigo 3.º	Introdução no território da União de frutos especificados, com exceção dos frutos destinados exclusivamente à transformação industrial	44	46	172	ue/regulamentos/2022/32022R0632.md
32022R0632	Artigo 4.º	Notificação prévia das remessas de frutos especificados destinados a importação para a União	48	50	114	ue/regulamentos/2022/32022R0632.md
32022R0632	Artigo 5.º	Inspeção na União dos frutos especificados, com exceção dos frutos destinados exclusivamente à transformação industrial	52	58	304	ue/regulamentos/2022/32022R0632.md
32022R0632	Artigo 6.º	Introdução e circulação no território da União de frutos especificados destinados exclusivamente à transformação industrial	62	86	542	ue/regulamentos/2022/32022R0632.md
32022R0632	Artigo 7.º	Circulação dos frutos especificados no território da União	88	92	215	ue/regulamentos/2022/32022R0632.md
32022R0632	Artigo 8.º	Transformação dos frutos especificados	94	102	332	ue/regulamentos/2022/32022R0632.md
32022R0632	Artigo 9.º	Armazenamento dos frutos especificados	104	110	121	ue/regulamentos/2022/32022R0632.md
32022R0632	Artigo 10.º	Notificações	114	118	102	ue/regulamentos/2022/32022R0632.md
32022R0632	Artigo 11.º	Data de expiração	120	124	24	ue/regulamentos/2022/32022R0632.md
32022R0632	Artigo 12.º	Entrada em vigor e aplicação	126	132	128	ue/regulamentos/2022/32022R0632.md
32022R0632	ANEXO I	Condições aplicáveis à introdução no território da União de frutos especificados originários da Argentina, tal como previsto no artigo 3.º	134	178	1309	ue/regulamentos/2022/32022R0632.md
32022R0632	ANEXO II	Condições aplicáveis à introdução no território da União de frutos especificados originários do Brasil, tal como previsto no artigo 3.º	180	206	862	ue/regulamentos/2022/32022R0632.md
32022R0632	ANEXO III	Condições aplicáveis à introdução no território da União de frutos especificados originários da África do Sul, tal como previsto no artigo 3.º	208	244	1013	ue/regulamentos/2022/32022R0632.md
32022R0632	ANEXO IV	Condições aplicáveis à introdução na União de frutos especificados originários do Uruguai, tal como previsto no artigo 3.º	246	272	856	ue/regulamentos/2022/32022R0632.md
32022R0632	ANEXO V	Condições aplicáveis à introdução na União de frutos especificados originários do Zimbabué, tal como previsto no artigo 3.º	274	310	1020	ue/regulamentos/2022/32022R0632.md
32022R0633	Preâmbulo		18	40	643	ue/regulamentos/2022/32022R0633.md
32022R0633	Artigo 1.º		44	46	66	ue/regulamentos/2022/32022R0633.md
32022R0633	Artigo 2.º		48	64	106	ue/regulamentos/2022/32022R0633.md
32022R0633	ANEXO		66	76	595	ue/regulamentos/2022/32022R0633.md
32022R0634	Preâmbulo		18	54	984	ue/regulamentos/2022/32022R0634.md
32022R0634	Artigo 1.º		58	60	30	ue/regulamentos/2022/32022R0634.md
32022R0634	Artigo 2.º		62	78	162	ue/regulamentos/2022/32022R0634.md
32022R0634	ANEXO		80	90	333	ue/regulamentos/2022/32022R0634.md
32022R0641	Preâmbulo		18	52	1293	ue/regulamentos/2022/32022R0641.md
32022R0641	Artigo 1.º		56	64	227	ue/regulamentos/2022/32022R0641.md
32022R0641	Artigo 2.º		66	98	367	ue/regulamentos/2022/32022R0641.md
32022R0643	Preâmbulo		18	78	3683	ue/regulamentos/2022/32022R0643.md
32022R0643	Artigo 1.º		82	88	58	ue/regulamentos/2022/32022R0643.md
32022R0643	Artigo 2.º		90	152	1975	ue/regulamentos/2022/32022R0643.md
32022R0643	ANEXO I	«ANEXO I	154	722	12612	ue/regulamentos/2022/32022R0643.md
32022R0643	ANEXO II	«ANEXO V	724	799	2792	ue/regulamentos/2022/32022R0643.md
32022R0648	Preâmbulo		18	44	892	ue/regulamentos/2022/32022R0648.md
32022R0648	Artigo 1.º		48	50	32	ue/regulamentos/2022/32022R0648.md
32022R0648	Artigo 2.º		52	70	280	ue/regulamentos/2022/32022R0648.md
32022R0648	ANEXO	«ANEXO XI	72	110	832	ue/regulamentos/2022/32022R0648.md
32022R0649	Preâmbulo		18	78	2785	ue/regulamentos/2022/32022R0649.md
32022R0649	Artigo 1.º		82	84	36	ue/regulamentos/2022/32022R0649.md
32022R0649	Artigo 2.º		86	104	287	ue/regulamentos/2022/32022R0649.md
32022R0649	ANEXO		106	1069	38129	ue/regulamentos/2022/32022R0649.md
32022R0650	Preâmbulo		18	50	864	ue/regulamentos/2022/32022R0650.md
32022R0650	Artigo 1.º		54	56	30	ue/regulamentos/2022/32022R0650.md
32022R0650	Artigo 2.º		58	76	172	ue/regulamentos/2022/32022R0650.md
32022R0650	ANEXO		78	83	80	ue/regulamentos/2022/32022R0650.md
32022R0651	Preâmbulo		18	160	4401	ue/regulamentos/2022/32022R0651.md
32022R0651	Artigo 1.º		164	166	213	ue/regulamentos/2022/32022R0651.md
32022R0651	Artigo 2.º		168	170	46	ue/regulamentos/2022/32022R0651.md
32022R0651	Artigo 3.º		172	176	78	ue/regulamentos/2022/32022R0651.md
32022R0651	Artigo 4.º		178	212	1075	ue/regulamentos/2022/32022R0651.md
32022R0652	Artigo 1.º	Autorização	28	32	72	ue/regulamentos/2022/32022R0652.md
32022R0652	Artigo 2.º	Medidas transitórias	34	42	309	ue/regulamentos/2022/32022R0652.md
32022R0652	Artigo 3.º	Entrada em vigor	44	50	70	ue/regulamentos/2022/32022R0652.md
32022R0652	ANEXO		52	59	1152	ue/regulamentos/2022/32022R0652.md
32022R0653	Preâmbulo		18	52	1240	ue/regulamentos/2022/32022R0653.md
32022R0653	Artigo 1.º	Autorização	56	58	71	ue/regulamentos/2022/32022R0653.md
32022R0653	Artigo 2.º	Medidas transitórias	60	66	299	ue/regulamentos/2022/32022R0653.md
32022R0653	Artigo 3.º	Entrada em vigor	68	90	158	ue/regulamentos/2022/32022R0653.md
32022R0653	ANEXO		92	102	851	ue/regulamentos/2022/32022R0653.md
32022R0654	Preâmbulo		22	54	1453	ue/regulamentos/2022/32022R0654.md
32022R0654	Artigo 1.º	Autorização	58	60	68	ue/regulamentos/2022/32022R0654.md
32022R0654	Artigo 2.º	Retirada do mercado	62	64	56	ue/regulamentos/2022/32022R0654.md
32022R0654	Artigo 3.º	Medidas transitórias relativas à retirada do mercado	66	70	194	ue/regulamentos/2022/32022R0654.md
32022R0654	Artigo 4.º	Entrada em vigor	72	96	257	ue/regulamentos/2022/32022R0654.md
32022R0654	ANEXO		98	108	620	ue/regulamentos/2022/32022R0654.md
32022R0658	Preâmbulo		18	38	328	ue/regulamentos/2022/32022R0658.md
32022R0658	Artigo 1.º		42	44	28	ue/regulamentos/2022/32022R0658.md
32022R0658	Artigo 2.º		46	60	90	ue/regulamentos/2022/32022R0658.md
32022R0658	ANEXO		62	71	1000	ue/regulamentos/2022/32022R0658.md
32022R0659	Preâmbulo		18	44	935	ue/regulamentos/2022/32022R0659.md
32022R0659	Artigo 1.º		48	50	31	ue/regulamentos/2022/32022R0659.md
32022R0659	Artigo 2.º		52	66	90	ue/regulamentos/2022/32022R0659.md
32022R0659	ANEXO		68	97	2927	ue/regulamentos/2022/32022R0659.md
32022R0662	Preâmbulo		18	36	249	ue/regulamentos/2022/32022R0662.md
32022R0662	Artigo 1.º		40	42	29	ue/regulamentos/2022/32022R0662.md
32022R0662	Artigo 2.º		44	58	92	ue/regulamentos/2022/32022R0662.md
32022R0662	ANEXO		60	74	5514	ue/regulamentos/2022/32022R0662.md
32022R0663	Preâmbulo		18	44	702	ue/regulamentos/2022/32022R0663.md
32022R0663	Artigo 1.º		48	50	34	ue/regulamentos/2022/32022R0663.md
32022R0663	Artigo 2.º		52	74	380	ue/regulamentos/2022/32022R0663.md
32022R0663	ANEXO		76	81	71	ue/regulamentos/2022/32022R0663.md
32022R0665	Preâmbulo		18	34	253	ue/regulamentos/2022/32022R0665.md
32022R0665	Artigo 1.º		38	40	32	ue/regulamentos/2022/32022R0665.md
32022R0665	Artigo 2.º		42	44	32	ue/regulamentos/2022/32022R0665.md
32022R0665	Artigo 3.º		46	62	120	ue/regulamentos/2022/32022R0665.md
32022R0665	ANEXO I		64	69	68	ue/regulamentos/2022/32022R0665.md
32022R0665	ANEXO II		71	79	127	ue/regulamentos/2022/32022R0665.md
32022R0670	Preâmbulo		18	80	4474	ue/regulamentos/2022/32022R0670.md
32022R0670	Artigo 1.º	Objeto e âmbito de aplicação	84	90	205	ue/regulamentos/2022/32022R0670.md
32022R0670	Artigo 2.º	Definições	92	160	1669	ue/regulamentos/2022/32022R0670.md
32022R0670	Artigo 3.º	Pontos de acesso nacionais	162	174	410	ue/regulamentos/2022/32022R0670.md
32022R0670	Artigo 4.º	Acessibilidade, intercâmbio e reutilização de dados sobre infraestruturas	176	196	496	ue/regulamentos/2022/32022R0670.md
32022R0670	Artigo 5.º	Acessibilidade, intercâmbio e reutilização de dados sobre regulamentação e restrições	198	220	559	ue/regulamentos/2022/32022R0670.md
32022R0670	Artigo 6.º	Acessibilidade, intercâmbio e reutilização de dados sobre o estado da rede	222	254	1110	ue/regulamentos/2022/32022R0670.md
32022R0670	Artigo 7.º	Acessibilidade, intercâmbio e reutilização de dados sobre a utilização da rede em tempo real	256	284	1000	ue/regulamentos/2022/32022R0670.md
32022R0670	Artigo 8.º	Atualização dos dados relativos às infraestruturas	286	310	506	ue/regulamentos/2022/32022R0670.md
32022R0670	Artigo 9.º	Dados sobre regulamentação e restrições:	312	338	550	ue/regulamentos/2022/32022R0670.md
32022R0670	Artigo 10.º	Atualização dos dados sobre o estado da rede	340	360	474	ue/regulamentos/2022/32022R0670.md
32022R0670	Artigo 11.º	Dados sobre a utilização em tempo real da rede	362	376	340	ue/regulamentos/2022/32022R0670.md
32022R0670	Artigo 12.º	Avaliação do cumprimento	378	388	238	ue/regulamentos/2022/32022R0670.md
32022R0670	Artigo 13.º	Comunicação de informações	390	402	268	ue/regulamentos/2022/32022R0670.md
32022R0670	Artigo 14.º	Disposições transitórias	404	412	102	ue/regulamentos/2022/32022R0670.md
32022R0670	Artigo 15.º	Revogação	414	416	31	ue/regulamentos/2022/32022R0670.md
32022R0670	Artigo 16.º	Entrada em vigor e aplicação	418	460	1026	ue/regulamentos/2022/32022R0670.md
32022R0670	ANEXO		462	576	837	ue/regulamentos/2022/32022R0670.md
32022R0671	Preâmbulo		18	52	2420	ue/regulamentos/2022/32022R0671.md
32022R0671	Artigo 1.º	Objeto e âmbito de aplicação	56	64	248	ue/regulamentos/2022/32022R0671.md
32022R0671	Artigo 2.º	Definições	66	96	502	ue/regulamentos/2022/32022R0671.md
32022R0671	Artigo 3.º	Controlos oficiais em determinados estabelecimentos aprovados	98	134	557	ue/regulamentos/2022/32022R0671.md
32022R0671	Artigo 4.º	Regras específicas aplicáveis aos controlos oficiais em estabelecimentos confinados de animais terrestres	136	146	352	ue/regulamentos/2022/32022R0671.md
32022R0671	Artigo 5.º	Regras específicas aplicáveis aos controlos oficiais para verificar o cumprimento dos requisitos em matéria de identificação e registo de bovinos, ovinos ou cap	148	176	696	ue/regulamentos/2022/32022R0671.md
32022R0671	Artigo 6.º	Medidas de acompanhamento em caso de incumprimento durante o trânsito na União de determinados bovinos	178	180	208	ue/regulamentos/2022/32022R0671.md
32022R0671	Artigo 7.º	Revogação	182	184	18	ue/regulamentos/2022/32022R0671.md
32022R0671	Artigo 8.º	Entrada em vigor	186	222	1159	ue/regulamentos/2022/32022R0671.md
32022R0672	Preâmbulo		18	52	1152	ue/regulamentos/2022/32022R0672.md
32022R0672	Artigo 1.º		56	58	32	ue/regulamentos/2022/32022R0672.md
32022R0672	Artigo 2.º		60	86	433	ue/regulamentos/2022/32022R0672.md
32022R0672	ANEXO		88	94	294	ue/regulamentos/2022/32022R0672.md
32022R0673	Preâmbulo		18	58	1766	ue/regulamentos/2022/32022R0673.md
32022R0673	Artigo 1.º		62	74	210	ue/regulamentos/2022/32022R0673.md
32022R0673	Artigo 2.º		76	78	136	ue/regulamentos/2022/32022R0673.md
32022R0673	Artigo 3.º		80	82	32	ue/regulamentos/2022/32022R0673.md
32022R0673	Artigo 4.º		84	118	345	ue/regulamentos/2022/32022R0673.md
32022R0673	ANEXO		120	135	628	ue/regulamentos/2022/32022R0673.md
32022R0674	Preâmbulo		18	40	608	ue/regulamentos/2022/32022R0674.md
32022R0674	Artigo 1.º		44	48	152	ue/regulamentos/2022/32022R0674.md
32022R0674	Artigo 2.º		50	52	120	ue/regulamentos/2022/32022R0674.md
32022R0674	Artigo 3.º		54	74	524	ue/regulamentos/2022/32022R0674.md
32022R0676	Preâmbulo		18	44	1908	ue/regulamentos/2022/32022R0676.md
32022R0676	Artigo 1.º	Definições	48	64	352	ue/regulamentos/2022/32022R0676.md
32022R0676	Artigo 2.º	Condições em que deve ser efetuada a consolidação, no caso de grupos de empresas relacionadas na aceção do artigo 22.º, n.º 7, da Diretiva 2013/34/UE	66	84	789	ue/regulamentos/2022/32022R0676.md
32022R0676	Artigo 3.º	Condições em que deve ser efetuada a consolidação, no caso de instituições ou instituições financeiras geridas por uma empresa incluída na consolidação juntamen	86	96	442	ue/regulamentos/2022/32022R0676.md
32022R0676	Artigo 4.º	Condições em que deve ser efetuada a consolidação, no caso de participações ou de vínculos de capital em instituições ou instituições financeiras diferentes das	98	126	1240	ue/regulamentos/2022/32022R0676.md
32022R0676	Artigo 5.º	Condições em que deve ser efetuada a consolidação, nos casos em que uma instituição exerce uma influência significativa sobre uma ou mais instituições ou instit	128	150	852	ue/regulamentos/2022/32022R0676.md
32022R0676	Artigo 6.º	Condições em que deve ser efetuada a consolidação nos casos em que duas ou mais instituições ou instituições financeiras são colocadas sob direção única sem que	152	168	558	ue/regulamentos/2022/32022R0676.md
32022R0676	Artigo 7.º	Condições em que deve ser efetuada a consolidação nos casos em que uma filial ou uma empresa na qual uma instituição detenha uma participação não é uma institui	170	180	518	ue/regulamentos/2022/32022R0676.md
32022R0676	Artigo 8.º	Condições para a inclusão nos fundos próprios principais de nível 1, fundos próprios adicionais de nível 1 e fundos próprios de nível 2 consolidados de instrume	182	200	1180	ue/regulamentos/2022/32022R0676.md
32022R0676	Artigo 9.º	Entrada em vigor	202	232	751	ue/regulamentos/2022/32022R0676.md
32022R0678	Preâmbulo		18	76	2672	ue/regulamentos/2022/32022R0678.md
32022R0678	Artigo 1.º		80	82	36	ue/regulamentos/2022/32022R0678.md
32022R0678	Artigo 2.º		84	102	287	ue/regulamentos/2022/32022R0678.md
32022R0678	ANEXO		104	940	25019	ue/regulamentos/2022/32022R0678.md
32022R0680	Preâmbulo		18	36	665	ue/regulamentos/2022/32022R0680.md
32022R0680	Artigo 1.º	Alteração do Regulamento de Execução (UE) 2020/178	40	42	47	ue/regulamentos/2022/32022R0680.md
32022R0680	Artigo 2.º	Entrada em vigor	44	60	220	ue/regulamentos/2022/32022R0680.md
32022R0680	ANEXO	«ANEXO	62	68	19	ue/regulamentos/2022/32022R0680.md
32022R0682	Preâmbulo		18	40	804	ue/regulamentos/2022/32022R0682.md
32022R0682	Artigo 1.º		44	46	22	ue/regulamentos/2022/32022R0682.md
32022R0682	«Artigo 2.º		48	50	77	ue/regulamentos/2022/32022R0682.md
32022R0682	Artigo 2.º		52	70	188	ue/regulamentos/2022/32022R0682.md
32022R0682	ANEXO	«ANEXO I	72	84	139	ue/regulamentos/2022/32022R0682.md
32022R0684	Preâmbulo		18	52	1046	ue/regulamentos/2022/32022R0684.md
32022R0684	Artigo 1.º		56	58	32	ue/regulamentos/2022/32022R0684.md
32022R0684	Artigo 2.º		60	86	502	ue/regulamentos/2022/32022R0684.md
32022R0684	ANEXO		88	120	719	ue/regulamentos/2022/32022R0684.md
32022R0685	Preâmbulo		18	40	817	ue/regulamentos/2022/32022R0685.md
32022R0685	Artigo 1.º		44	46	30	ue/regulamentos/2022/32022R0685.md
32022R0685	Artigo 2.º		48	68	252	ue/regulamentos/2022/32022R0685.md
32022R0685	ANEXO		70	136	1491	ue/regulamentos/2022/32022R0685.md
32022R0686	Preâmbulo		18	64	1503	ue/regulamentos/2022/32022R0686.md
32022R0686	Artigo 1.º	Alteração do Regulamento de Execução (UE) 2015/1295	68	70	47	ue/regulamentos/2022/32022R0686.md
32022R0686	Artigo 2.º	Alteração do Regulamento de Execução (UE) 540/2011	72	74	46	ue/regulamentos/2022/32022R0686.md
32022R0686	Artigo 3.º	Medidas transitórias	76	78	62	ue/regulamentos/2022/32022R0686.md
32022R0686	Artigo 4.º	Prazo de tolerância	80	82	55	ue/regulamentos/2022/32022R0686.md
32022R0686	Artigo 5.º	Entrada em vigor	84	108	588	ue/regulamentos/2022/32022R0686.md
32022R0686	ANEXO I		110	120	234	ue/regulamentos/2022/32022R0686.md
32022R0686	ANEXO II		122	132	245	ue/regulamentos/2022/32022R0686.md
32022R0692	Artigo 1.º	Alterações do Regulamento (CE) n.º 1272/2008	36	38	43	ue/regulamentos/2022/32022R0692.md
32022R0692	Artigo 2.º	Entrada em vigor e aplicação	40	52	141	ue/regulamentos/2022/32022R0692.md
32022R0692	ANEXO		54	128	4615	ue/regulamentos/2022/32022R0692.md
32022R0694	Preâmbulo		18	40	603	ue/regulamentos/2022/32022R0694.md
32022R0694	Artigo 1.º		44	50	60	ue/regulamentos/2022/32022R0694.md
32022R0694	Artigo 2.º		52	72	381	ue/regulamentos/2022/32022R0694.md
32022R0694	ANEXO I		74	284	5928	ue/regulamentos/2022/32022R0694.md
32022R0694	ANEXO II	«ANEXO II	286	306	372	ue/regulamentos/2022/32022R0694.md
32022R0695	Preâmbulo		18	44	834	ue/regulamentos/2022/32022R0695.md
32022R0695	Artigo 1.º		48	50	40	ue/regulamentos/2022/32022R0695.md
32022R0695	Artigo 2.º		52	78	581	ue/regulamentos/2022/32022R0695.md
32022R0695	ANEXO	FÓRMULA COMUM PARA O CÁLCULO DA CLASSIFICAÇÃO DOS RISCOS DAS EMPRESAS DE TRANSPORTE E DOS REQUISITOS PARA A SUA APLICAÇÃO	80	133	674	ue/regulamentos/2022/32022R0695.md
32022R0697	Preâmbulo		18	32	291	ue/regulamentos/2022/32022R0697.md
32022R0697	Artigo 1.º		36	38	14	ue/regulamentos/2022/32022R0697.md
32022R0697	Artigo 2.º		40	56	167	ue/regulamentos/2022/32022R0697.md
32022R0698	Preâmbulo		18	68	1831	ue/regulamentos/2022/32022R0698.md
32022R0698	Artigo 1.º	Renovação da aprovação da substância ativa	72	74	54	ue/regulamentos/2022/32022R0698.md
32022R0698	Artigo 2.º	Alterações do Regulamento de Execução (UE) n.º 540/2011	76	78	48	ue/regulamentos/2022/32022R0698.md
32022R0698	Artigo 3.º	Entrada em vigor e data de aplicação	80	116	1050	ue/regulamentos/2022/32022R0698.md
32022R0698	ANEXO I		118	124	449	ue/regulamentos/2022/32022R0698.md
32022R0698	ANEXO II		126	138	505	ue/regulamentos/2022/32022R0698.md
32022R0699	Preâmbulo		18	38	705	ue/regulamentos/2022/32022R0699.md
32022R0699	Artigo 1.º		42	44	30	ue/regulamentos/2022/32022R0699.md
32022R0699	Artigo 2.º		46	68	342	ue/regulamentos/2022/32022R0699.md
32022R0699	ANEXO		70	78	102	ue/regulamentos/2022/32022R0699.md
32022R0702	Preâmbulo		22	50	867	ue/regulamentos/2022/32022R0702.md
32022R0702	Artigo 1.º		54	56	68	ue/regulamentos/2022/32022R0702.md
32022R0702	Artigo 2.º		58	76	115	ue/regulamentos/2022/32022R0702.md
32022R0702	ANEXO		78	94	911	ue/regulamentos/2022/32022R0702.md
32022R0703	Preâmbulo		18	52	1462	ue/regulamentos/2022/32022R0703.md
32022R0703	Artigo 1.º	Renovação da autorização	56	58	70	ue/regulamentos/2022/32022R0703.md
32022R0703	Artigo 2.º	Alterações do Regulamento de Execução (UE) 2016/897	60	74	260	ue/regulamentos/2022/32022R0703.md
32022R0703	Artigo 3.º	Alterações do Regulamento de Execução (UE) 2017/2312	76	88	263	ue/regulamentos/2022/32022R0703.md
32022R0703	Artigo 4.º	Alterações do Regulamento de Execução (UE) 2018/1081	90	102	246	ue/regulamentos/2022/32022R0703.md
32022R0703	Artigo 5.º	Período de transição	104	110	429	ue/regulamentos/2022/32022R0703.md
32022R0703	Artigo 6.º	Revogações	112	114	38	ue/regulamentos/2022/32022R0703.md
32022R0703	Artigo 7.º	Entrada em vigor	116	146	730	ue/regulamentos/2022/32022R0703.md
32022R0703	ANEXO		148	158	715	ue/regulamentos/2022/32022R0703.md
32022R0704	Preâmbulo		18	90	2863	ue/regulamentos/2022/32022R0704.md
32022R0704	Artigo 1.º		94	100	68	ue/regulamentos/2022/32022R0704.md
32022R0704	Artigo 2.º		102	124	428	ue/regulamentos/2022/32022R0704.md
32022R0704	ANEXO		126	1198	32024	ue/regulamentos/2022/32022R0704.md
32022R0708	Preâmbulo		19	47	1236	ue/regulamentos/2022/32022R0708.md
32022R0708	Artigo 1.º		51	53	33	ue/regulamentos/2022/32022R0708.md
32022R0708	Artigo 2.º		55	83	890	ue/regulamentos/2022/32022R0708.md
32022R0708	ANEXO		85	189	1691	ue/regulamentos/2022/32022R0708.md
32022R0709	Preâmbulo		18	42	692	ue/regulamentos/2022/32022R0709.md
32022R0709	Artigo 1.º		46	48	51	ue/regulamentos/2022/32022R0709.md
32022R0709	Artigo 2.º		50	66	105	ue/regulamentos/2022/32022R0709.md
32022R0709	ANEXO	Alegação de saúde rejeitada	68	72	154	ue/regulamentos/2022/32022R0709.md
32022R0710	Preâmbulo		18	42	671	ue/regulamentos/2022/32022R0710.md
32022R0710	Artigo 1.º		46	48	51	ue/regulamentos/2022/32022R0710.md
32022R0710	Artigo 2.º		50	66	106	ue/regulamentos/2022/32022R0710.md
32022R0710	ANEXO	Alegação de saúde rejeitada	68	72	185	ue/regulamentos/2022/32022R0710.md
32022R0711	Preâmbulo		18	48	1016	ue/regulamentos/2022/32022R0711.md
32022R0711	Artigo 1.º		52	54	54	ue/regulamentos/2022/32022R0711.md
32022R0711	Artigo 2.º		56	74	116	ue/regulamentos/2022/32022R0711.md
32022R0711	ANEXO	Alegações de saúde rejeitadas	76	81	290	ue/regulamentos/2022/32022R0711.md
32022R0719	Preâmbulo		18	52	1252	ue/regulamentos/2022/32022R0719.md
32022R0719	Artigo 1.º		56	58	54	ue/regulamentos/2022/32022R0719.md
32022R0719	Artigo 2.º		60	80	126	ue/regulamentos/2022/32022R0719.md
32022R0719	ANEXO	Alegações de saúde rejeitadas	82	88	326	ue/regulamentos/2022/32022R0719.md
32022R0720	Artigo 1.º	Definições	27	85	1680	ue/regulamentos/2022/32022R0720.md
32022R0720	Artigo 2.º	Isenção	87	105	834	ue/regulamentos/2022/32022R0720.md
32022R0720	Artigo 3.º	Limiar da quota de mercado	107	111	197	ue/regulamentos/2022/32022R0720.md
32022R0720	Artigo 4.º	Restrições que eliminam o benefício da isenção por categoria — restrições graves	113	167	1417	ue/regulamentos/2022/32022R0720.md
32022R0720	Artigo 5.º	Restrições excluídas	169	193	555	ue/regulamentos/2022/32022R0720.md
32022R0720	Artigo 6.º	Retirada em casos individuais	195	199	270	ue/regulamentos/2022/32022R0720.md
32022R0720	Artigo 7.º	Não aplicação do presente regulamento	201	203	100	ue/regulamentos/2022/32022R0720.md
32022R0720	Artigo 8.º	Aplicação do limiar da quota de mercado	205	217	347	ue/regulamentos/2022/32022R0720.md
32022R0720	Artigo 9.º	Aplicação do limiar de volume de negócios	219	223	201	ue/regulamentos/2022/32022R0720.md
32022R0720	Artigo 10.º	Período transitório	225	227	107	ue/regulamentos/2022/32022R0720.md
32022R0720	Artigo 11.º	Período de validade	229	237	135	ue/regulamentos/2022/32022R0720.md
32022R0721	Preâmbulo		18	34	238	ue/regulamentos/2022/32022R0721.md
32022R0721	Artigo 1.º		38	40	14	ue/regulamentos/2022/32022R0721.md
32022R0721	Artigo 2.º		42	58	168	ue/regulamentos/2022/32022R0721.md
32022R0727	Preâmbulo		18	44	726	ue/regulamentos/2022/32022R0727.md
32022R0727	Artigo 1.º		48	50	51	ue/regulamentos/2022/32022R0727.md
32022R0727	Artigo 2.º		52	68	106	ue/regulamentos/2022/32022R0727.md
32022R0727	ANEXO	Alegação de saúde rejeitada	70	74	160	ue/regulamentos/2022/32022R0727.md
32022R0730	Preâmbulo		18	32	204	ue/regulamentos/2022/32022R0730.md
32022R0730	Artigo 1.º		36	40	58	ue/regulamentos/2022/32022R0730.md
32022R0730	Artigo 2.º		42	62	190	ue/regulamentos/2022/32022R0730.md
32022R0731	Preâmbulo		18	108	3411	ue/regulamentos/2022/32022R0731.md
32022R0731	Artigo 1.º		112	121	122	ue/regulamentos/2022/32022R0731.md
32022R0731	Artigo 2.º		123	132	122	ue/regulamentos/2022/32022R0731.md
32022R0731	Artigo 3.º		134	138	73	ue/regulamentos/2022/32022R0731.md
32022R0731	Artigo 4.º		140	174	812	ue/regulamentos/2022/32022R0731.md
32022R0732	Preâmbulo		18	38	614	ue/regulamentos/2022/32022R0732.md
32022R0732	Artigo 1.º		42	52	235	ue/regulamentos/2022/32022R0732.md
32022R0732	Artigo 2.º		54	72	185	ue/regulamentos/2022/32022R0732.md
32022R0732	ANEXO I	Estruturas pertinentes das taxas de juro sem risco para os diferentes prazos para o cálculo da melhor estimativa, sem qualquer ajustamento compensatório ou ajus	74	992	14316	ue/regulamentos/2022/32022R0732.md
32022R0732	ANEXO II	Spreads fundamentais para o cálculo do ajustamento compensatório	994	3350	28261	ue/regulamentos/2022/32022R0732.md
32022R0732	ANEXO III	Ajustamento à volatilidade da estrutura pertinente das taxas de juro sem risco para os diferentes prazos	3352	3393	323	ue/regulamentos/2022/32022R0732.md
32022R0733	Preâmbulo		18	36	279	ue/regulamentos/2022/32022R0733.md
32022R0733	Artigo 1.º		40	42	14	ue/regulamentos/2022/32022R0733.md
32022R0733	Artigo 2.º		44	46	14	ue/regulamentos/2022/32022R0733.md
32022R0733	Artigo 3.º		48	66	244	ue/regulamentos/2022/32022R0733.md
32022R0739	Preâmbulo		18	46	759	ue/regulamentos/2022/32022R0739.md
32022R0739	Artigo 1.º	Alteração do Regulamento de Execução (UE) 2020/761	50	59	234	ue/regulamentos/2022/32022R0739.md
32022R0739	Artigo 2.º	Entrada em vigor	61	81	342	ue/regulamentos/2022/32022R0739.md
32022R0739	ANEXO		83	109	426	ue/regulamentos/2022/32022R0739.md
32022R0740	Preâmbulo		18	54	1002	ue/regulamentos/2022/32022R0740.md
32022R0740	Artigo 1.º	Não aprovação da substância ativa	58	60	26	ue/regulamentos/2022/32022R0740.md
32022R0740	Artigo 2.º	Entrada em vigor	62	78	154	ue/regulamentos/2022/32022R0740.md
32022R0742	Preâmbulo		18	78	2301	ue/regulamentos/2022/32022R0742.md
32022R0742	Artigo 1.º		82	84	36	ue/regulamentos/2022/32022R0742.md
32022R0742	Artigo 2.º		86	104	286	ue/regulamentos/2022/32022R0742.md
32022R0742	ANEXO		106	503	11760	ue/regulamentos/2022/32022R0742.md
32022R0748	Preâmbulo		18	38	278	ue/regulamentos/2022/32022R0748.md
32022R0748	Artigo 1.º		42	44	28	ue/regulamentos/2022/32022R0748.md
32022R0748	Artigo 2.º		46	60	94	ue/regulamentos/2022/32022R0748.md
32022R0748	ANEXO		62	68	393	ue/regulamentos/2022/32022R0748.md
32022R0749	Preâmbulo		18	42	1220	ue/regulamentos/2022/32022R0749.md
32022R0749	Artigo 1.º	Alteração do Regulamento Delegado (UE) 2017/2417	46	48	37	ue/regulamentos/2022/32022R0749.md
32022R0749	Artigo 2.º	Entrada em vigor	50	70	338	ue/regulamentos/2022/32022R0749.md
32022R0750	Preâmbulo		18	50	2679	ue/regulamentos/2022/32022R0750.md
32022R0750	Artigo 1.º	Alteração do Regulamento Delegado (UE) 2015/2205	54	86	704	ue/regulamentos/2022/32022R0750.md
32022R0750	Artigo 2.º	Entrada em vigor	88	106	249	ue/regulamentos/2022/32022R0750.md
32022R0750	ANEXO	«ANEXO	108	147	417	ue/regulamentos/2022/32022R0750.md
32022R0751	Preâmbulo		18	58	1086	ue/regulamentos/2022/32022R0751.md
32022R0751	Artigo 1.º	Não aprovação da substância ativa	62	64	25	ue/regulamentos/2022/32022R0751.md
32022R0751	Artigo 2.º	Entrada em vigor	66	82	151	ue/regulamentos/2022/32022R0751.md
32022R0759	Preâmbulo		18	74	3624	ue/regulamentos/2022/32022R0759.md
32022R0759	Artigo 1.º	Alteração	78	80	29	ue/regulamentos/2022/32022R0759.md
32022R0759	Artigo 2.º	Revisão	82	84	56	ue/regulamentos/2022/32022R0759.md
32022R0759	Artigo 3.º	Entrada em vigor	86	102	165	ue/regulamentos/2022/32022R0759.md
32022R0759	ANEXO	«ANEXO VII	104	373	7570	ue/regulamentos/2022/32022R0759.md
32022R0760	Preâmbulo		18	42	855	ue/regulamentos/2022/32022R0760.md
32022R0760	Artigo 1.º	Alterações do Regulamento Delegado (UE) 2021/2306	46	57	312	ue/regulamentos/2022/32022R0760.md
32022R0760	Artigo 2.º	Entrada em vigor e aplicação	59	77	208	ue/regulamentos/2022/32022R0760.md
32022R0761	Preâmbulo		18	34	308	ue/regulamentos/2022/32022R0761.md
32022R0761	Artigo 1.º		38	40	40	ue/regulamentos/2022/32022R0761.md
32022R0761	Artigo 2.º		42	62	179	ue/regulamentos/2022/32022R0761.md
32022R0782	Preâmbulo		18	56	1076	ue/regulamentos/2022/32022R0782.md
32022R0782	Artigo 1.º	Retirada da aprovação	60	62	24	ue/regulamentos/2022/32022R0782.md
32022R0782	Artigo 2.º	Alteração do Regulamento de Execução (UE) n.º 540/2011	64	66	47	ue/regulamentos/2022/32022R0782.md
32022R0782	Artigo 3.º	Medidas transitórias	68	70	48	ue/regulamentos/2022/32022R0782.md
32022R0782	Artigo 4.º	Prazo de tolerância	72	74	52	ue/regulamentos/2022/32022R0782.md
32022R0782	Artigo 5.º	Revogação	76	78	21	ue/regulamentos/2022/32022R0782.md
32022R0782	Artigo 6.º	Entrada em vigor	80	106	648	ue/regulamentos/2022/32022R0782.md
32022R0786	Preâmbulo		18	44	1962	ue/regulamentos/2022/32022R0786.md
32022R0786	Artigo 1.º		48	161	2209	ue/regulamentos/2022/32022R0786.md
32022R0786	Artigo 2.º		163	187	384	ue/regulamentos/2022/32022R0786.md
32022R0787	Preâmbulo		18	32	202	ue/regulamentos/2022/32022R0787.md
32022R0787	Artigo 1.º		36	40	79	ue/regulamentos/2022/32022R0787.md
32022R0787	Artigo 2.º		42	62	190	ue/regulamentos/2022/32022R0787.md
32022R0788	Preâmbulo		18	38	456	ue/regulamentos/2022/32022R0788.md
32022R0788	Artigo 1.º		42	44	49	ue/regulamentos/2022/32022R0788.md
32022R0788	Artigo 2.º		46	48	80	ue/regulamentos/2022/32022R0788.md
32022R0788	Artigo 3.º		50	68	152	ue/regulamentos/2022/32022R0788.md
32022R0788	ANEXO		70	79	492	ue/regulamentos/2022/32022R0788.md
32022R0790	Preâmbulo		18	34	366	ue/regulamentos/2022/32022R0790.md
32022R0790	Artigo 1.º		38	40	14	ue/regulamentos/2022/32022R0790.md
32022R0790	Artigo 2.º		42	60	260	ue/regulamentos/2022/32022R0790.md
32022R0791	Preâmbulo		18	42	709	ue/regulamentos/2022/32022R0791.md
32022R0791	Artigo 1.º	Alterações do Regulamento de Execução (UE) 2017/1185	46	50	48	ue/regulamentos/2022/32022R0791.md
32022R0791	«Artigo 5.º	Notificação por defeito	52	64	200	ue/regulamentos/2022/32022R0791.md
32022R0791	Artigo 2.º	Entrada em vigor e aplicação	66	84	208	ue/regulamentos/2022/32022R0791.md
32022R0791	ANEXO		86	138	727	ue/regulamentos/2022/32022R0791.md
32022R0792	Preâmbulo		18	76	2439	ue/regulamentos/2022/32022R0792.md
32022R0792	Artigo 1.º		80	82	36	ue/regulamentos/2022/32022R0792.md
32022R0792	Artigo 2.º		84	102	286	ue/regulamentos/2022/32022R0792.md
32022R0792	ANEXO		104	646	15759	ue/regulamentos/2022/32022R0792.md
32022R0799	Preâmbulo		18	34	385	ue/regulamentos/2022/32022R0799.md
32022R0799	Artigo 1.º		38	40	14	ue/regulamentos/2022/32022R0799.md
32022R0799	Artigo 2.º		42	58	196	ue/regulamentos/2022/32022R0799.md
32022R0800	Preâmbulo		18	52	1018	ue/regulamentos/2022/32022R0800.md
32022R0800	Artigo 1.º	Alteração do Regulamento de Execução (UE) n.º 540/2011	56	58	48	ue/regulamentos/2022/32022R0800.md
32022R0800	Artigo 2.º	Entrada em vigor	60	84	360	ue/regulamentos/2022/32022R0800.md
32022R0800	ANEXO		86	98	190	ue/regulamentos/2022/32022R0800.md
32022R0801	Preâmbulo		18	40	536	ue/regulamentos/2022/32022R0801.md
32022R0801	Artigo 1.º		44	46	33	ue/regulamentos/2022/32022R0801.md
32022R0801	Artigo 2.º		48	66	202	ue/regulamentos/2022/32022R0801.md
32022R0801	ANEXO		68	224	830	ue/regulamentos/2022/32022R0801.md
32022R0802	Preâmbulo		18	1120	39154	ue/regulamentos/2022/32022R0802.md
32022R0802	Artigo 1.º		1124	1143	558	ue/regulamentos/2022/32022R0802.md
32022R0802	Artigo 2.º		1145	1151	198	ue/regulamentos/2022/32022R0802.md
32022R0802	Artigo 3.º		1153	1275	2912	ue/regulamentos/2022/32022R0802.md
32022R0803	Artigo 1.º	Âmbito de aplicação	30	34	68	ue/regulamentos/2022/32022R0803.md
32022R0803	Artigo 2.º	Regras processuais em processos de infração perante o inquiridor	36	44	454	ue/regulamentos/2022/32022R0803.md
32022R0803	Artigo 3.º	Regras processuais em processos de infração perante a ESMA no que diz respeito a coimas e medidas de supervisão	46	66	700	ue/regulamentos/2022/32022R0803.md
32022R0803	Artigo 4.º	Regras processuais em processos de infração perante a ESMA no que diz respeito a sanções pecuniárias compulsórias	68	76	371	ue/regulamentos/2022/32022R0803.md
32022R0803	Artigo 5.º	Regras processuais para a tomada de decisões provisórias sobre medidas de supervisão	78	94	551	ue/regulamentos/2022/32022R0803.md
32022R0803	Artigo 6.º	Consulta do processo e utilização de documentos	96	100	130	ue/regulamentos/2022/32022R0803.md
32022R0803	Artigo 7.º	Prazos de prescrição para efeitos da aplicação de coimas e sanções pecuniárias compulsórias	102	112	525	ue/regulamentos/2022/32022R0803.md
32022R0803	Artigo 8.º	Prazos de prescrição para a execução de sanções	114	132	351	ue/regulamentos/2022/32022R0803.md
32022R0803	Artigo 9.º	Cobrança de coimas e sanções pecuniárias compulsórias	134	140	254	ue/regulamentos/2022/32022R0803.md
32022R0803	Artigo 10.º	Entrada em vigor e data de aplicação	142	148	157	ue/regulamentos/2022/32022R0803.md
32022R0804	Preâmbulo		18	52	1957	ue/regulamentos/2022/32022R0804.md
32022R0804	Artigo 1.º	Definições	56	62	94	ue/regulamentos/2022/32022R0804.md
32022R0804	Artigo 2.º	Regras processuais em processos de infração perante o inquiridor	64	72	447	ue/regulamentos/2022/32022R0804.md
32022R0804	Artigo 3.º	Regras processuais em processos de infração perante a ESMA no que diz respeito a coimas e medidas de supervisão	74	94	712	ue/regulamentos/2022/32022R0804.md
32022R0804	Artigo 4.º	Regras processuais em processos de infração perante a ESMA no que diz respeito a sanções pecuniárias compulsórias	96	104	375	ue/regulamentos/2022/32022R0804.md
32022R0804	Artigo 5.º	Regras processuais para a tomada de decisões provisórias sobre medidas de supervisão	106	122	539	ue/regulamentos/2022/32022R0804.md
32022R0804	Artigo 6.º	Consulta do processo e utilização de documentos	124	128	131	ue/regulamentos/2022/32022R0804.md
32022R0804	Artigo 7.º	Prazos de prescrição para efeitos da aplicação de coimas e sanções pecuniárias compulsórias	130	140	493	ue/regulamentos/2022/32022R0804.md
32022R0804	Artigo 8.º	Prazos de prescrição aplicáveis à execução de sanções	142	160	341	ue/regulamentos/2022/32022R0804.md
32022R0804	Artigo 9.º	Cobrança de coimas e sanções pecuniárias compulsórias	162	168	252	ue/regulamentos/2022/32022R0804.md
32022R0804	Artigo 10.º	Entrada em vigor e data de aplicação	170	188	292	ue/regulamentos/2022/32022R0804.md
32022R0805	Artigo 1.º	Objeto e âmbito de aplicação	31	35	68	ue/regulamentos/2022/32022R0805.md
32022R0805	Artigo 2.º	Definições	37	49	98	ue/regulamentos/2022/32022R0805.md
32022R0805	Artigo 2.º-A	Recuperação na íntegra dos custos de supervisão	51	63	164	ue/regulamentos/2022/32022R0805.md
32022R0805	Artigo 3.º	Taxas de pedido	65	99	579	ue/regulamentos/2022/32022R0805.md
32022R0805	Artigo 4.º	Taxas de supervisão anuais	101	123	1175	ue/regulamentos/2022/32022R0805.md
32022R0805	Artigo 5.º	Taxas de supervisão anuais no ano do reconhecimento, validação ou autorização	125	133	277	ue/regulamentos/2022/32022R0805.md
32022R0805	Artigo 6.º	Volume de negócios aplicável	135	153	1041	ue/regulamentos/2022/32022R0805.md
32022R0805	Artigo 7.º	Modalidades gerais de pagamento	155	165	70	ue/regulamentos/2022/32022R0805.md
32022R0805	Artigo 10.º	Reembolso das autoridades nacionais competentes	167	179	220	ue/regulamentos/2022/32022R0805.md
32022R0805	Artigo 11.º	Disposições transitórias	181	203	584	ue/regulamentos/2022/32022R0805.md
32022R0805	Artigo 12.º	Entrada em vigor e data de aplicação	205	211	205	ue/regulamentos/2022/32022R0805.md
32022R0806	Preâmbulo		22	154	6062	ue/regulamentos/2022/32022R0806.md
32022R0806	Artigo 1.º		158	182	1374	ue/regulamentos/2022/32022R0806.md
32022R0806	Artigo 2.º		184	226	1163	ue/regulamentos/2022/32022R0806.md
32022R0806	ANEXO I	Outras empresas que colaboraram no inquérito antissubvenções e no inquérito anti-dumping	228	237	122	ue/regulamentos/2022/32022R0806.md
32022R0806	ANEXO II	Outras empresas que colaboraram no inquérito anti-dumping mas não colaboraram no inquérito antissubvenções	239	243	57	ue/regulamentos/2022/32022R0806.md
32022R0807	Preâmbulo		18	36	412	ue/regulamentos/2022/32022R0807.md
32022R0807	Artigo 1.º		40	47	244	ue/regulamentos/2022/32022R0807.md
32022R0807	Artigo 2.º		49	65	156	ue/regulamentos/2022/32022R0807.md
32022R0807	ANEXO		67	162	1808	ue/regulamentos/2022/32022R0807.md
32022R0808	Preâmbulo		18	42	462	ue/regulamentos/2022/32022R0808.md
32022R0808	Artigo 1.º		46	48	33	ue/regulamentos/2022/32022R0808.md
32022R0808	Artigo 2.º		50	70	321	ue/regulamentos/2022/32022R0808.md
32022R0808	ANEXO		72	74	48	ue/regulamentos/2022/32022R0808.md
32022R0812	Preâmbulo		18	38	336	ue/regulamentos/2022/32022R0812.md
32022R0812	Artigo 1.º		42	44	39	ue/regulamentos/2022/32022R0812.md
32022R0812	Artigo 2.º		46	64	114	ue/regulamentos/2022/32022R0812.md
32022R0814	Preâmbulo		18	44	729	ue/regulamentos/2022/32022R0814.md
32022R0814	Artigo 1.º		48	50	33	ue/regulamentos/2022/32022R0814.md
32022R0814	Artigo 2.º		52	74	622	ue/regulamentos/2022/32022R0814.md
32022R0814	ANEXO		76	78	50	ue/regulamentos/2022/32022R0814.md
32022R0815	Preâmbulo		18	34	272	ue/regulamentos/2022/32022R0815.md
32022R0815	Artigo 1.º		38	40	31	ue/regulamentos/2022/32022R0815.md
32022R0815	Artigo 2.º		42	58	121	ue/regulamentos/2022/32022R0815.md
32022R0815	ANEXO		60	71	120	ue/regulamentos/2022/32022R0815.md
32022R0825	Preâmbulo		18	44	899	ue/regulamentos/2022/32022R0825.md
32022R0825	Artigo 1.º		48	50	28	ue/regulamentos/2022/32022R0825.md
32022R0825	Artigo 2.º		52	70	254	ue/regulamentos/2022/32022R0825.md
32022R0825	ANEXO	«ANEXO II	72	219	5413	ue/regulamentos/2022/32022R0825.md
32022R0826	Preâmbulo		18	40	818	ue/regulamentos/2022/32022R0826.md
32022R0826	Artigo 1.º		44	46	27	ue/regulamentos/2022/32022R0826.md
32022R0826	Artigo 2.º		48	66	241	ue/regulamentos/2022/32022R0826.md
32022R0826	ANEXO		68	75	117	ue/regulamentos/2022/32022R0826.md
32022R0827	Preâmbulo		18	34	238	ue/regulamentos/2022/32022R0827.md
32022R0827	Artigo 1.º		38	40	14	ue/regulamentos/2022/32022R0827.md
32022R0827	Artigo 2.º		42	58	189	ue/regulamentos/2022/32022R0827.md
32022R0828	Preâmbulo		18	34	240	ue/regulamentos/2022/32022R0828.md
32022R0828	Artigo 1.º		38	40	14	ue/regulamentos/2022/32022R0828.md
32022R0828	Artigo 2.º		42	58	141	ue/regulamentos/2022/32022R0828.md
32022R0836	Preâmbulo		18	36	264	ue/regulamentos/2022/32022R0836.md
32022R0836	Artigo 1.º		40	42	28	ue/regulamentos/2022/32022R0836.md
32022R0836	Artigo 2.º		44	58	89	ue/regulamentos/2022/32022R0836.md
32022R0836	ANEXO		60	74	256	ue/regulamentos/2022/32022R0836.md
32022R0838	Preâmbulo		18	74	3076	ue/regulamentos/2022/32022R0838.md
32022R0838	Artigo 1.º	Alterações do Regulamento (UE) 2018/1727	78	119	1002	ue/regulamentos/2022/32022R0838.md
32022R0838	Artigo 2.º	Entrada em vigor	121	145	308	ue/regulamentos/2022/32022R0838.md
32022R0839	Preâmbulo		22	54	864	ue/regulamentos/2022/32022R0839.md
32022R0839	Artigo 1.º	Definições	58	68	132	ue/regulamentos/2022/32022R0839.md
32022R0839	Artigo 2.º	Regras transitórias	70	72	123	ue/regulamentos/2022/32022R0839.md
32022R0839	Artigo 3.º	Entrada em vigor e aplicação	74	104	346	ue/regulamentos/2022/32022R0839.md
32022R0840	Preâmbulo		18	40	353	ue/regulamentos/2022/32022R0840.md
32022R0840	Artigo 1.º		44	46	29	ue/regulamentos/2022/32022R0840.md
32022R0840	Artigo 2.º		48	62	91	ue/regulamentos/2022/32022R0840.md
32022R0840	ANEXO		64	115	6297	ue/regulamentos/2022/32022R0840.md
32022R0841	Preâmbulo		18	36	298	ue/regulamentos/2022/32022R0841.md
32022R0841	Artigo 1.º		40	42	17	ue/regulamentos/2022/32022R0841.md
32022R0841	Artigo 2.º		44	62	114	ue/regulamentos/2022/32022R0841.md
32022R0842	Preâmbulo		18	36	302	ue/regulamentos/2022/32022R0842.md
32022R0842	Artigo 1.º		40	42	17	ue/regulamentos/2022/32022R0842.md
32022R0842	Artigo 2.º		44	62	114	ue/regulamentos/2022/32022R0842.md
32022R0843	Preâmbulo		18	38	335	ue/regulamentos/2022/32022R0843.md
32022R0843	Artigo 1.º		42	44	38	ue/regulamentos/2022/32022R0843.md
32022R0843	Artigo 2.º		46	64	114	ue/regulamentos/2022/32022R0843.md
32022R0844	Preâmbulo		18	36	410	ue/regulamentos/2022/32022R0844.md
32022R0844	Artigo 1.º		40	42	14	ue/regulamentos/2022/32022R0844.md
32022R0844	Artigo 2.º		44	60	173	ue/regulamentos/2022/32022R0844.md
32022R0845	Preâmbulo		18	58	1650	ue/regulamentos/2022/32022R0845.md
32022R0845	Artigo 1.º		62	64	36	ue/regulamentos/2022/32022R0845.md
32022R0845	Artigo 2.º		66	84	286	ue/regulamentos/2022/32022R0845.md
32022R0845	ANEXO		86	302	5614	ue/regulamentos/2022/32022R0845.md
32022R0850	Preâmbulo		18	136	7328	ue/regulamentos/2022/32022R0850.md
32022R0850	Artigo 1.º	Objeto	142	154	158	ue/regulamentos/2022/32022R0850.md
32022R0850	Artigo 2.º	Âmbito de aplicação	156	158	71	ue/regulamentos/2022/32022R0850.md
32022R0850	Artigo 3.º	Definições	160	180	712	ue/regulamentos/2022/32022R0850.md
32022R0850	Artigo 4.º	Não discriminação e respeito dos direitos fundamentais	182	184	117	ue/regulamentos/2022/32022R0850.md
32022R0850	Artigo 5.º	Composição do sistema e-CODEX	188	208	249	ue/regulamentos/2022/32022R0850.md
32022R0850	Artigo 6.º	Responsabilidades da Comissão	210	226	527	ue/regulamentos/2022/32022R0850.md
32022R0850	Artigo 7.º	Responsabilidades da eu-LISA	228	268	944	ue/regulamentos/2022/32022R0850.md
32022R0850	Artigo 8.º	Responsabilidades dos Estados-Membros	270	274	337	ue/regulamentos/2022/32022R0850.md
32022R0850	Artigo 9.º	Responsabilidades das entidades que operam os pontos de acesso e-CODEX autorizados	276	282	238	ue/regulamentos/2022/32022R0850.md
32022R0850	Artigo 10.º	Transferência e tomada de controlo	284	292	520	ue/regulamentos/2022/32022R0850.md
32022R0850	Artigo 11.º	Segurança	294	306	666	ue/regulamentos/2022/32022R0850.md
32022R0850	Artigo 12.º	Grupo Consultivo e-CODEX	308	328	488	ue/regulamentos/2022/32022R0850.md
32022R0850	Artigo 13.º	Conselho de Gestão do Programa do e-CODEX	330	376	905	ue/regulamentos/2022/32022R0850.md
32022R0850	Artigo 14.º	Independência do poder judicial	378	382	142	ue/regulamentos/2022/32022R0850.md
32022R0850	Artigo 15.º	Notificações	384	398	514	ue/regulamentos/2022/32022R0850.md
32022R0850	Artigo 16.º	Acompanhamento e apresentação de relatórios	400	414	450	ue/regulamentos/2022/32022R0850.md
32022R0850	Artigo 17.º	Cooperação com organizações internacionais	416	420	264	ue/regulamentos/2022/32022R0850.md
32022R0850	Artigo 18.º	Alterações do Regulamento (UE) 2018/1726	424	438	321	ue/regulamentos/2022/32022R0850.md
32022R0850	«Artigo 8.º-B	Atribuições relacionadas com o sistema e-CODEX	440	477	1158	ue/regulamentos/2022/32022R0850.md
32022R0850	Artigo 19.º	Procedimento de comité	481	485	63	ue/regulamentos/2022/32022R0850.md
32022R0850	Artigo 20.º	Custos	487	491	88	ue/regulamentos/2022/32022R0850.md
32022R0850	Artigo 21.º	Entrada em vigor	493	531	778	ue/regulamentos/2022/32022R0850.md
32022R0850	ANEXO	PRODUTOS DE SOFTWARE, DOCUMENTAÇÃO E OUTROS RECURSOS A ENTREGAR À EU-LISA NOS TERMOS DO ARTIGO 10.º	533	543	246	ue/regulamentos/2022/32022R0850.md
32022R0851	Preâmbulo		18	34	363	ue/regulamentos/2022/32022R0851.md
32022R0851	Artigo 1.º		38	60	502	ue/regulamentos/2022/32022R0851.md
32022R0851	Artigo 2.º		62	80	170	ue/regulamentos/2022/32022R0851.md
32022R0853	Preâmbulo		18	54	1337	ue/regulamentos/2022/32022R0853.md
32022R0853	Artigo 1.º	Alteração do Regulamento de Execução (UE) 2018/2019	58	60	46	ue/regulamentos/2022/32022R0853.md
32022R0853	Artigo 2.º	Alteração do Regulamento de Execução (UE) 2019/2072	62	64	48	ue/regulamentos/2022/32022R0853.md
32022R0853	Artigo 3.º	Entrada em vigor	66	96	816	ue/regulamentos/2022/32022R0853.md
32022R0853	ANEXO I		98	102	72	ue/regulamentos/2022/32022R0853.md
32022R0853	ANEXO II		104	119	1080	ue/regulamentos/2022/32022R0853.md
32022R0854	Preâmbulo		18	44	1162	ue/regulamentos/2022/32022R0854.md
32022R0854	Artigo 1.º		48	50	34	ue/regulamentos/2022/32022R0854.md
32022R0854	Artigo 2.º		52	54	151	ue/regulamentos/2022/32022R0854.md
32022R0854	Artigo 3.º		56	76	298	ue/regulamentos/2022/32022R0854.md
32022R0854	ANEXO		78	139	474	ue/regulamentos/2022/32022R0854.md
32022R0858	Preâmbulo		22	162	14843	ue/regulamentos/2022/32022R0858.md
32022R0858	Artigo 1.º	Objeto e âmbito de aplicação	166	180	250	ue/regulamentos/2022/32022R0858.md
32022R0858	Artigo 2.º	Definições	182	232	962	ue/regulamentos/2022/32022R0858.md
32022R0858	Artigo 3.º	Limitações dos instrumentos financeiros admitidos à negociação ou registados numa infraestrutura de mercado DLT	234	266	1160	ue/regulamentos/2022/32022R0858.md
32022R0858	Artigo 4.º	Requisitos e isenções relativos aos MTF DLT	268	312	1024	ue/regulamentos/2022/32022R0858.md
32022R0858	Artigo 5.º	Requisitos e isenções relativos aos SS DLT	314	396	2450	ue/regulamentos/2022/32022R0858.md
32022R0858	Artigo 6.º	Requisitos e isenções relativos aos TSS DLT	398	426	548	ue/regulamentos/2022/32022R0858.md
32022R0858	Artigo 7.º	Requisitos adicionais para as infraestruturas de mercado DLT	428	478	2873	ue/regulamentos/2022/32022R0858.md
32022R0858	Artigo 8.º	Autorização específica para operar MTF DLT	480	566	2390	ue/regulamentos/2022/32022R0858.md
32022R0858	Artigo 9.º	Autorização específica para operar um SS DLT	568	660	2452	ue/regulamentos/2022/32022R0858.md
32022R0858	Artigo 10.º	Autorização específica para operar TSS DLT	662	748	2754	ue/regulamentos/2022/32022R0858.md
32022R0858	Artigo 11.º	Cooperação entre os operadores de infraestruturas de mercado DLT, as autoridades competentes e a ESMA	750	798	1356	ue/regulamentos/2022/32022R0858.md
32022R0858	Artigo 12.º	Designação das autoridades competentes	800	806	239	ue/regulamentos/2022/32022R0858.md
32022R0858	Artigo 13.º	Notificação das autoridades competentes	808	810	64	ue/regulamentos/2022/32022R0858.md
32022R0858	Artigo 14.º	Relatório e revisão	812	860	1342	ue/regulamentos/2022/32022R0858.md
32022R0858	Artigo 15.º	Relatórios intercalares	862	864	184	ue/regulamentos/2022/32022R0858.md
32022R0858	Artigo 16.º	Alteração do Regulamento (UE) n.º 600/2014	866	870	378	ue/regulamentos/2022/32022R0858.md
32022R0858	Artigo 17.º	Alteração do Regulamento (UE) n.º 909/2014	872	876	110	ue/regulamentos/2022/32022R0858.md
32022R0858	Artigo 18.º	Alteração da Diretiva 2014/65/UE	878	891	284	ue/regulamentos/2022/32022R0858.md
32022R0858	Artigo 19.º	Entrada em vigor e aplicação	893	955	1486	ue/regulamentos/2022/32022R0858.md
32022R0859	Preâmbulo		18	50	973	ue/regulamentos/2022/32022R0859.md
32022R0859	Artigo 1.º		54	56	31	ue/regulamentos/2022/32022R0859.md
32022R0859	Artigo 2.º		58	82	258	ue/regulamentos/2022/32022R0859.md
32022R0859	ANEXO		84	104	275	ue/regulamentos/2022/32022R0859.md
32022R0860	Preâmbulo		18	68	4543	ue/regulamentos/2022/32022R0860.md
32022R0860	Artigo 1.º		72	84	362	ue/regulamentos/2022/32022R0860.md
32022R0860	Artigo 2.º		86	128	749	ue/regulamentos/2022/32022R0860.md
32022R0861	Preâmbulo		18	44	1541	ue/regulamentos/2022/32022R0861.md
32022R0861	Artigo 1.º		48	58	474	ue/regulamentos/2022/32022R0861.md
32022R0861	Artigo 2.º		60	62	96	ue/regulamentos/2022/32022R0861.md
32022R0861	Artigo 3.º		64	86	379	ue/regulamentos/2022/32022R0861.md
32022R0862	Preâmbulo		18	216	9598	ue/regulamentos/2022/32022R0862.md
32022R0862	Artigo 1.º		220	226	58	ue/regulamentos/2022/32022R0862.md
32022R0862	Artigo 2.º		228	266	920	ue/regulamentos/2022/32022R0862.md
32022R0862	ANEXO I	«ANEXO A	268	411	2406	ue/regulamentos/2022/32022R0862.md
32022R0862	ANEXO II	«ANEXO B	413	424	305	ue/regulamentos/2022/32022R0862.md
32022R0868	Preâmbulo		25	195	22801	ue/regulamentos/2022/32022R0868.md
32022R0868	Artigo 1.º	Objeto e âmbito de aplicação	201	227	747	ue/regulamentos/2022/32022R0868.md
32022R0868	Artigo 2.º	Definições	229	293	2316	ue/regulamentos/2022/32022R0868.md
32022R0868	Artigo 3.º	Categorias de dados	297	325	435	ue/regulamentos/2022/32022R0868.md
32022R0868	Artigo 4.º	Proibição de acordos de exclusividade	327	339	449	ue/regulamentos/2022/32022R0868.md
32022R0868	Artigo 5.º	Condições de reutilização	341	399	2534	ue/regulamentos/2022/32022R0868.md
32022R0868	Artigo 6.º	Taxas	401	425	678	ue/regulamentos/2022/32022R0868.md
32022R0868	Artigo 7.º	Organismos competentes	427	447	860	ue/regulamentos/2022/32022R0868.md
32022R0868	Artigo 8.º	Pontos de informação únicos	449	457	510	ue/regulamentos/2022/32022R0868.md
32022R0868	Artigo 9.º	Procedimento relativo aos pedidos de reutilização	459	465	382	ue/regulamentos/2022/32022R0868.md
32022R0868	Artigo 10.º	Serviços de intermediação de dados	469	477	291	ue/regulamentos/2022/32022R0868.md
32022R0868	Artigo 11.º	Notificação por parte dos prestadores de serviços de intermediação de dados	479	529	1840	ue/regulamentos/2022/32022R0868.md
32022R0868	Artigo 12.º	Condições de prestação de serviços de intermediação de dados	531	563	1599	ue/regulamentos/2022/32022R0868.md
32022R0868	Artigo 13.º	Autoridades competentes em matéria de serviços de intermediação de dados	565	571	327	ue/regulamentos/2022/32022R0868.md
32022R0868	Artigo 14.º	Controlo do cumprimento	573	601	1438	ue/regulamentos/2022/32022R0868.md
32022R0868	Artigo 15.º	Exceções	603	605	139	ue/regulamentos/2022/32022R0868.md
32022R0868	Artigo 16.º	Mecanismos nacionais para o altruísmo de dados	609	613	190	ue/regulamentos/2022/32022R0868.md
32022R0868	Artigo 17.º	Registos públicos de organizações de altruísmo de dados reconhecidas	615	623	340	ue/regulamentos/2022/32022R0868.md
32022R0868	Artigo 18.º	Requisitos gerais para a inscrição num registo	625	637	215	ue/regulamentos/2022/32022R0868.md
32022R0868	Artigo 19.º	Inscrição das organizações de altruísmo de dados reconhecidas num registo	639	681	1163	ue/regulamentos/2022/32022R0868.md
32022R0868	Artigo 20.º	Requisitos de transparência	683	705	484	ue/regulamentos/2022/32022R0868.md
32022R0868	Artigo 21.º	Requisitos específicos para salvaguardar os direitos e interesses dos titulares dos dados e dos detentores dos dados no que respeita aos seus dados	707	723	583	ue/regulamentos/2022/32022R0868.md
32022R0868	Artigo 22.º	Conjunto de regras	725	737	378	ue/regulamentos/2022/32022R0868.md
32022R0868	Artigo 23.º	Autoridades competentes em matéria de registo das organizações de altruísmo de dados	739	747	260	ue/regulamentos/2022/32022R0868.md
32022R0868	Artigo 24.º	Controlo do cumprimento	749	771	1034	ue/regulamentos/2022/32022R0868.md
32022R0868	Artigo 25.º	Formulário europeu de consentimento para o altruísmo de dados	773	781	339	ue/regulamentos/2022/32022R0868.md
32022R0868	Artigo 26.º	Requisitos aplicáveis às autoridades competentes	785	797	930	ue/regulamentos/2022/32022R0868.md
32022R0868	Artigo 27.º	Direito de reclamação	799	807	224	ue/regulamentos/2022/32022R0868.md
32022R0868	Artigo 28.º	Direito à ação judicial	809	815	400	ue/regulamentos/2022/32022R0868.md
32022R0868	Artigo 29.º	Comité Europeu da Inovação de Dados	819	833	506	ue/regulamentos/2022/32022R0868.md
32022R0868	Artigo 30.º	Atribuições do Comité Europeu da Inovação de Dados	835	873	1535	ue/regulamentos/2022/32022R0868.md
32022R0868	Artigo 31.º	Acesso e transferência internacionais	877	893	1062	ue/regulamentos/2022/32022R0868.md
32022R0868	Artigo 32.º	Exercício da delegação	897	909	410	ue/regulamentos/2022/32022R0868.md
32022R0868	Artigo 33.º	Procedimento de comité	911	917	88	ue/regulamentos/2022/32022R0868.md
32022R0868	Artigo 34.º	Sanções	921	935	523	ue/regulamentos/2022/32022R0868.md
32022R0868	Artigo 35.º	Avaliação e revisão	937	949	288	ue/regulamentos/2022/32022R0868.md
32022R0868	Artigo 36.º	Alteração do Regulamento (UE) 2018/1724	951	964	482	ue/regulamentos/2022/32022R0868.md
32022R0868	Artigo 37.º	Disposições transitórias	966	968	59	ue/regulamentos/2022/32022R0868.md
32022R0868	Artigo 38.º	Entrada em vigor e aplicação	970	1056	2291	ue/regulamentos/2022/32022R0868.md
32022R0869	Artigo 1.º	Objeto, objetivos e âmbito de aplicação	32	44	385	ue/regulamentos/2022/32022R0869.md
32022R0869	Artigo 2.º	Definições	46	90	1764	ue/regulamentos/2022/32022R0869.md
32022R0869	Artigo 3.º	Lista da União de projetos de interesse comum e de projetos de interesse mútuo	94	128	1142	ue/regulamentos/2022/32022R0869.md
32022R0869	Artigo 4.º	Critérios de avaliação dos projetos pelos Grupos	130	230	3336	ue/regulamentos/2022/32022R0869.md
32022R0869	Artigo 5.º	Execução e acompanhamento dos projetos constantes da lista da União	232	282	1785	ue/regulamentos/2022/32022R0869.md
32022R0869	Artigo 6.º	Coordenadores europeus	284	306	504	ue/regulamentos/2022/32022R0869.md
32022R0869	Artigo 7.º	Estatuto prioritário dos projetos constantes da lista da União	310	332	984	ue/regulamentos/2022/32022R0869.md
32022R0869	Artigo 8.º	Organização do processo de concessão de licenças	334	372	1789	ue/regulamentos/2022/32022R0869.md
32022R0869	Artigo 9.º	Transparência e participação pública	374	396	1418	ue/regulamentos/2022/32022R0869.md
32022R0869	Artigo 10.º	Duração e execução do processo de concessão de licenças	398	444	2024	ue/regulamentos/2022/32022R0869.md
32022R0869	Artigo 11.º	Análise de custo-benefício a nível de todo o sistema energético	450	498	2833	ue/regulamentos/2022/32022R0869.md
32022R0869	Artigo 12.º	Cenários para os planos decenais de desenvolvimento da rede	500	532	1550	ue/regulamentos/2022/32022R0869.md
32022R0869	Artigo 13.º	Identificação das lacunas em matéria de infraestruturas	534	554	863	ue/regulamentos/2022/32022R0869.md
32022R0869	Artigo 14.º	Planeamento das redes ao largo	558	574	889	ue/regulamentos/2022/32022R0869.md
32022R0869	Artigo 15.º	Partilha transfronteiriça dos custos ligados às redes ao largo para a energia de fontes renováveis	576	580	273	ue/regulamentos/2022/32022R0869.md
32022R0869	Artigo 16.º	Realização de investimentos com um impacto transfronteiriço	584	664	3400	ue/regulamentos/2022/32022R0869.md
32022R0869	Artigo 17.º	Incentivos regulamentares	666	702	1111	ue/regulamentos/2022/32022R0869.md
32022R0869	Artigo 18.º	Elegibilidade dos projetos para assistência financeira da União nos termos do Regulamento (UE) 2021/1153	706	724	935	ue/regulamentos/2022/32022R0869.md
32022R0869	Artigo 19.º	Orientações relativas aos critérios de concessão de assistência financeira da União	726	728	155	ue/regulamentos/2022/32022R0869.md
32022R0869	Artigo 20.º	Exercício da delegação	732	744	470	ue/regulamentos/2022/32022R0869.md
32022R0869	Artigo 21.º	Relatórios e avaliação	746	776	742	ue/regulamentos/2022/32022R0869.md
32022R0869	Artigo 22.º	Reexame	778	780	85	ue/regulamentos/2022/32022R0869.md
32022R0869	Artigo 23.º	Informação e publicidade	782	798	329	ue/regulamentos/2022/32022R0869.md
32022R0869	Artigo 24.º	Derrogação aplicável às interligações de Chipre e Malta	800	820	663	ue/regulamentos/2022/32022R0869.md
32022R0869	Artigo 25.º	Alteração do Regulamento (CE) n.º 715/2009	822	828	146	ue/regulamentos/2022/32022R0869.md
32022R0869	Artigo 26.º	Alteração do Regulamento (UE) 2019/942	830	836	142	ue/regulamentos/2022/32022R0869.md
32022R0869	Artigo 27.º	Alteração do Regulamento (UE) 2019/943	838	844	172	ue/regulamentos/2022/32022R0869.md
32022R0869	Artigo 28.º	Alteração da Diretiva 2009/73/CE	846	850	76	ue/regulamentos/2022/32022R0869.md
32022R0869	Artigo 29.º	Alteração da Diretiva (UE) 2019/944	852	856	78	ue/regulamentos/2022/32022R0869.md
32022R0869	Artigo 30.º	Disposições transitórias	858	862	124	ue/regulamentos/2022/32022R0869.md
32022R0869	Artigo 31.º	Período transitório	864	878	500	ue/regulamentos/2022/32022R0869.md
32022R0869	Artigo 32.º	Revogação	880	886	343	ue/regulamentos/2022/32022R0869.md
32022R0869	Artigo 33.º	Entrada em vigor	888	892	69	ue/regulamentos/2022/32022R0869.md
32022R0869	ANEXO I	CORREDORES E DOMÍNIOS PRIORITÁRIOS DAS INFRAESTRUTURAS ENERGÉTICAS	894	968	3292	ue/regulamentos/2022/32022R0869.md
32022R0869	ANEXO II	CATEGORIAS DE INFRAESTRUTURAS ENERGÉTICAS	970	1024	2176	ue/regulamentos/2022/32022R0869.md
32022R0869	ANEXO III	LISTAS REGIONAIS DOS PROJETOS	1026	1096	3312	ue/regulamentos/2022/32022R0869.md
32022R0869	ANEXO IV	REGRAS E INDICADORES RELATIVOS AOS CRITÉRIOS APLICÁVEIS AOS PROJETOS	1098	1186	4260	ue/regulamentos/2022/32022R0869.md
32022R0869	ANEXO V	ANÁLISE DE CUSTO-BENEFÍCIO A NÍVEL DO SISTEMA ENERGÉTICO	1188	1208	1246	ue/regulamentos/2022/32022R0869.md
32022R0869	ANEXO VI	ORIENTAÇÕES EM MATÉRIA DE TRANSPARÊNCIA E DE PARTICIPAÇÃO PÚBLICA	1210	1290	1715	ue/regulamentos/2022/32022R0869.md
32022R0869	ANEXO VII	LISTA DE PROJETOS DE INTERESSE COMUM E DE PROJETOS DE INTERESSE MÚTUO DA UNIÃO («LISTA DA UNIÃO»)	1292	1776	11059	ue/regulamentos/2022/32022R0869.md
32022R0872	Preâmbulo		18	42	920	ue/regulamentos/2022/32022R0872.md
32022R0872	Artigo 1.º		46	50	70	ue/regulamentos/2022/32022R0872.md
32022R0872	Artigo 2.º		52	72	464	ue/regulamentos/2022/32022R0872.md
32022R0872	ANEXO I	«ANEXO I	74	1100	19742	ue/regulamentos/2022/32022R0872.md
32022R0872	ANEXO II	«ANEXO II	1102	1822	10528	ue/regulamentos/2022/32022R0872.md
32022R0873	Preâmbulo		18	34	248	ue/regulamentos/2022/32022R0873.md
32022R0873	Artigo 1.º		38	40	31	ue/regulamentos/2022/32022R0873.md
32022R0873	Artigo 2.º		42	58	121	ue/regulamentos/2022/32022R0873.md
32022R0873	ANEXO		60	98	2204	ue/regulamentos/2022/32022R0873.md
32022R0876	Preâmbulo		18	36	265	ue/regulamentos/2022/32022R0876.md
32022R0876	Artigo 1.º		40	42	29	ue/regulamentos/2022/32022R0876.md
32022R0876	Artigo 2.º		44	58	88	ue/regulamentos/2022/32022R0876.md
32022R0876	ANEXO		60	92	5848	ue/regulamentos/2022/32022R0876.md
32022R0877	Preâmbulo		18	40	480	ue/regulamentos/2022/32022R0877.md
32022R0877	Artigo 1.º		44	48	33	ue/regulamentos/2022/32022R0877.md
32022R0877	«Artigo 1.º-ZB		50	62	400	ue/regulamentos/2022/32022R0877.md
32022R0877	Artigo 2.º		64	82	219	ue/regulamentos/2022/32022R0877.md
32022R0877	ANEXO I	«ANEXO V	84	138	259	ue/regulamentos/2022/32022R0877.md
32022R0877	ANEXO II	«ANEXO XV	140	149	114	ue/regulamentos/2022/32022R0877.md
32022R0878	Preâmbulo		18	40	396	ue/regulamentos/2022/32022R0878.md
32022R0878	Artigo 1.º		44	46	29	ue/regulamentos/2022/32022R0878.md
32022R0878	Artigo 2.º		48	62	88	ue/regulamentos/2022/32022R0878.md
32022R0878	ANEXO		64	171	22714	ue/regulamentos/2022/32022R0878.md
32022R0879	Preâmbulo		18	88	3336	ue/regulamentos/2022/32022R0879.md
32022R0879	Artigo 1.º		92	125	570	ue/regulamentos/2022/32022R0879.md
32022R0879	"""Artigo 3.º-M"		127	167	1753	ue/regulamentos/2022/32022R0879.md
32022R0879	Artigo 3.º-N		169	197	649	ue/regulamentos/2022/32022R0879.md
32022R0879	"""Artigo 5.º-C"		199	219	527	ue/regulamentos/2022/32022R0879.md
32022R0879	"""Artigo 5.º-H"		221	232	325	ue/regulamentos/2022/32022R0879.md
32022R0879	"""Artigo 5.º-M"		234	270	930	ue/regulamentos/2022/32022R0879.md
32022R0879	"""Artigo 5.º-N"		272	312	816	ue/regulamentos/2022/32022R0879.md
32022R0879	Artigo 2.º		314	334	202	ue/regulamentos/2022/32022R0879.md
32022R0879	ANEXO I		336	522	1178	ue/regulamentos/2022/32022R0879.md
32022R0879	ANEXO II		524	555	1381	ue/regulamentos/2022/32022R0879.md
32022R0879	ANEXO III		557	563	34	ue/regulamentos/2022/32022R0879.md
32022R0879	ANEXO IV		565	569	48	ue/regulamentos/2022/32022R0879.md
32022R0879	ANEXO V		571	592	183	ue/regulamentos/2022/32022R0879.md
32022R0879	ANEXO VI		594	602	43	ue/regulamentos/2022/32022R0879.md
32022R0879	ANEXO VII		604	650	1158	ue/regulamentos/2022/32022R0879.md
32022R0879	ANEXO VIII		652	665	135	ue/regulamentos/2022/32022R0879.md
32022R0880	Preâmbulo		18	38	373	ue/regulamentos/2022/32022R0880.md
32022R0880	Artigo 1.º		42	46	28	ue/regulamentos/2022/32022R0880.md
32022R0880	«Artigo 6.º-C		48	54	255	ue/regulamentos/2022/32022R0880.md
32022R0880	Artigo 2.º		56	74	226	ue/regulamentos/2022/32022R0880.md
32022R0887	Preâmbulo		18	74	3413	ue/regulamentos/2022/32022R0887.md
32022R0887	Artigo 1.º	Alterações do Regulamento Delegado (UE) 2019/625	78	82	46	ue/regulamentos/2022/32022R0887.md
32022R0887	«Artigo 3.º	Animais e mercadorias que devem provir de países terceiros ou de regiões de países terceiros constantes da lista referida no artigo 126.º, n.º 2, alínea a), do 	84	120	992	ue/regulamentos/2022/32022R0887.md
32022R0887	«Artigo 12.º	Requisitos aplicáveis aos produtos compostos	122	186	2049	ue/regulamentos/2022/32022R0887.md
32022R0887	Artigo 2.º	Alterações do Regulamento Delegado (UE) 2019/2122	188	229	1422	ue/regulamentos/2022/32022R0887.md
32022R0887	Artigo 3.º	Alterações do Regulamento Delegado (UE) 2021/630	231	263	802	ue/regulamentos/2022/32022R0887.md
32022R0887	Artigo 4.º	Entrada em vigor	265	319	1776	ue/regulamentos/2022/32022R0887.md
32022R0887	ANEXO		321	367	614	ue/regulamentos/2022/32022R0887.md
32022R0888	Preâmbulo		18	38	483	ue/regulamentos/2022/32022R0888.md
32022R0888	Artigo 1.º		42	44	85	ue/regulamentos/2022/32022R0888.md
32022R0888	Artigo 2.º		46	66	190	ue/regulamentos/2022/32022R0888.md
32022R0893	Preâmbulo		18	40	908	ue/regulamentos/2022/32022R0893.md
32022R0893	Artigo 1.º		44	46	31	ue/regulamentos/2022/32022R0893.md
32022R0893	Artigo 2.º		48	70	391	ue/regulamentos/2022/32022R0893.md
32022R0893	ANEXO		72	307	7646	ue/regulamentos/2022/32022R0893.md
32022R0897	Preâmbulo		18	32	205	ue/regulamentos/2022/32022R0897.md
32022R0897	Artigo 1.º		36	40	76	ue/regulamentos/2022/32022R0897.md
32022R0897	Artigo 2.º		42	62	190	ue/regulamentos/2022/32022R0897.md
32022R0913	Preâmbulo		18	84	4948	ue/regulamentos/2022/32022R0913.md
32022R0913	Artigo 1.º		88	126	699	ue/regulamentos/2022/32022R0913.md
32022R0913	«Artigo 14.º	Período transitório	128	134	307	ue/regulamentos/2022/32022R0913.md
32022R0913	Artigo 2.º		136	156	284	ue/regulamentos/2022/32022R0913.md
32022R0913	ANEXO	«ANEXO I	158	348	5388	ue/regulamentos/2022/32022R0913.md
32022R0913	ANEXO II	Géneros alimentícios e alimentos para animais provenientes de certos países terceiros sujeitos a condições especiais para a entrada na União devido ao risco de 	350	666	8185	ue/regulamentos/2022/32022R0913.md
32022R0914	Preâmbulo		18	74	2246	ue/regulamentos/2022/32022R0914.md
32022R0914	Artigo 1.º		78	80	36	ue/regulamentos/2022/32022R0914.md
32022R0914	Artigo 2.º		82	100	287	ue/regulamentos/2022/32022R0914.md
32022R0914	ANEXO		102	654	16121	ue/regulamentos/2022/32022R0914.md
32022R0916	Preâmbulo		18	36	402	ue/regulamentos/2022/32022R0916.md
32022R0916	Artigo 1.º		40	42	38	ue/regulamentos/2022/32022R0916.md
32022R0916	Artigo 2.º		44	64	194	ue/regulamentos/2022/32022R0916.md
32022R0918	Artigo 1.º		28	30	69	ue/regulamentos/2022/32022R0918.md
32022R0918	Artigo 2.º		32	36	50	ue/regulamentos/2022/32022R0918.md
32022R0918	Artigo 2.º-A	Medidas transitórias em matéria de estimação retrospetiva	38	42	184	ue/regulamentos/2022/32022R0918.md
32022R0918	Artigo 3.º		44	50	65	ue/regulamentos/2022/32022R0918.md
32022R0918	ANEXO	Especificações técnicas dos requisitos em matéria de dados relativos ao tópico «Cadeias de valor mundiais» (CVM)	52	80	3618	ue/regulamentos/2022/32022R0918.md
32022R0922	Preâmbulo		22	124	9186	ue/regulamentos/2022/32022R0922.md
32022R0922	Artigo 1.º	Objeto e âmbito de aplicação	130	140	430	ue/regulamentos/2022/32022R0922.md
32022R0922	Artigo 2.º	Definições	142	170	870	ue/regulamentos/2022/32022R0922.md
32022R0922	Artigo 3.º	Responsabilidades e dever de cooperação	172	192	852	ue/regulamentos/2022/32022R0922.md
32022R0922	Artigo 4.º	Formas de avaliação	194	216	342	ue/regulamentos/2022/32022R0922.md
32022R0922	Artigo 5.º	Formas das atividades de monitorização	218	226	73	ue/regulamentos/2022/32022R0922.md
32022R0922	Artigo 6.º	Métodos de avaliação e de monitorização	228	232	98	ue/regulamentos/2022/32022R0922.md
32022R0922	Artigo 7.º	Cooperação com órgãos, organismos e agências da União	234	242	268	ue/regulamentos/2022/32022R0922.md
32022R0922	Artigo 8.º	Cooperação com a Frontex	244	252	384	ue/regulamentos/2022/32022R0922.md
32022R0922	Artigo 9.º	Cooperação com a Europol	254	256	69	ue/regulamentos/2022/32022R0922.md
32022R0922	Artigo 10.º	Sinergias com outras atividades de avaliação e de monitorização	258	266	370	ue/regulamentos/2022/32022R0922.md
32022R0922	Artigo 11.º	Informações provenientes de terceiros	268	272	176	ue/regulamentos/2022/32022R0922.md
32022R0922	Artigo 12.º	Programa plurianual de avaliação	276	292	608	ue/regulamentos/2022/32022R0922.md
32022R0922	Artigo 13.º	Programa anual de avaliação	294	310	360	ue/regulamentos/2022/32022R0922.md
32022R0922	Artigo 14.º	Questionário-tipo	312	326	352	ue/regulamentos/2022/32022R0922.md
32022R0922	Artigo 15.º	Membros das equipas e observadores	330	334	184	ue/regulamentos/2022/32022R0922.md
32022R0922	Artigo 16.º	Formação de peritos, observadores e peritos estagiários	336	346	286	ue/regulamentos/2022/32022R0922.md
32022R0922	Artigo 17.º	Grupo de peritos dos Estados-Membros	348	376	928	ue/regulamentos/2022/32022R0922.md
32022R0922	Artigo 18.º	Constituição das equipas	378	406	1038	ue/regulamentos/2022/32022R0922.md
32022R0922	Artigo 19.º	Desenrolar das visitas	408	420	471	ue/regulamentos/2022/32022R0922.md
32022R0922	Artigo 20.º	Relatórios de avaliação e recomendações	422	450	896	ue/regulamentos/2022/32022R0922.md
32022R0922	Artigo 21.º	Acompanhamento e monitorização	452	466	480	ue/regulamentos/2022/32022R0922.md
32022R0922	Artigo 22.º	Disposições específicas na eventualidade de deficiência grave identificada no relatório de avaliação	470	516	1644	ue/regulamentos/2022/32022R0922.md
32022R0922	Artigo 23.º	Disposições específicas relativas às primeiras avaliações	518	548	731	ue/regulamentos/2022/32022R0922.md
32022R0922	Artigo 24.º	Disposições específicas relativas às avaliações temáticas	550	554	58	ue/regulamentos/2022/32022R0922.md
32022R0922	Artigo 25.º	Relatório ao Parlamento Europeu e ao Conselho	558	566	456	ue/regulamentos/2022/32022R0922.md
32022R0922	Artigo 26.º	Guia de Avaliação de Schengen	568	588	303	ue/regulamentos/2022/32022R0922.md
32022R0922	Artigo 27.º	Reexame	590	592	138	ue/regulamentos/2022/32022R0922.md
32022R0922	Artigo 28.º	Informações sensíveis	594	602	275	ue/regulamentos/2022/32022R0922.md
32022R0922	Artigo 29.º	Condições de participação da Irlanda	604	610	125	ue/regulamentos/2022/32022R0922.md
32022R0922	Artigo 30.º	Procedimento de comité	612	620	144	ue/regulamentos/2022/32022R0922.md
32022R0922	Artigo 31.º	Disposições transitórias	622	630	269	ue/regulamentos/2022/32022R0922.md
32022R0922	Artigo 32.º	Revogação	632	636	134	ue/regulamentos/2022/32022R0922.md
32022R0922	Artigo 33.º	Entrada em vigor e aplicação	638	696	1423	ue/regulamentos/2022/32022R0922.md
32022R0922	ANEXO	Tabela de correlação	698	737	285	ue/regulamentos/2022/32022R0922.md
32022R0923	Preâmbulo		18	32	228	ue/regulamentos/2022/32022R0923.md
32022R0923	Artigo 1.º		36	38	14	ue/regulamentos/2022/32022R0923.md
32022R0923	Artigo 2.º		40	56	181	ue/regulamentos/2022/32022R0923.md
32022R0924	Preâmbulo		18	32	210	ue/regulamentos/2022/32022R0924.md
32022R0924	Artigo 1.º		36	40	73	ue/regulamentos/2022/32022R0924.md
32022R0924	Artigo 2.º		42	62	190	ue/regulamentos/2022/32022R0924.md
32022R0925	Preâmbulo		18	48	1485	ue/regulamentos/2022/32022R0925.md
32022R0925	Artigo 1.º		52	54	32	ue/regulamentos/2022/32022R0925.md
32022R0925	Artigo 2.º		56	74	204	ue/regulamentos/2022/32022R0925.md
32022R0925	ANEXO		76	95	1992	ue/regulamentos/2022/32022R0925.md
32022R0926	Artigo 1.º		28	46	457	ue/regulamentos/2022/32022R0926.md
32022R0926	Artigo 2.º		48	52	62	ue/regulamentos/2022/32022R0926.md
32022R0927	Preâmbulo		22	1043	36826	ue/regulamentos/2022/32022R0927.md
32022R0927	Artigo 1.º		1047	1061	454	ue/regulamentos/2022/32022R0927.md
32022R0927	Artigo 2.º		1063	1153	1959	ue/regulamentos/2022/32022R0927.md
32022R0928	Preâmbulo		18	62	1834	ue/regulamentos/2022/32022R0928.md
32022R0928	Artigo 1.º		66	68	36	ue/regulamentos/2022/32022R0928.md
32022R0928	Artigo 2.º		70	88	287	ue/regulamentos/2022/32022R0928.md
32022R0928	ANEXO		90	331	6144	ue/regulamentos/2022/32022R0928.md
32022R0930	Artigo 1.º	Âmbito de aplicação	30	34	68	ue/regulamentos/2022/32022R0930.md
32022R0930	Artigo 1.º-A	Recuperação na íntegra dos custos de supervisão	36	44	140	ue/regulamentos/2022/32022R0930.md
32022R0930	Artigo 2.º	Taxas de pedido e de autorização	46	54	182	ue/regulamentos/2022/32022R0930.md
32022R0930	Artigo 3.º	Taxas de supervisão anuais aplicáveis aos APA e aos ARM	56	84	717	ue/regulamentos/2022/32022R0930.md
32022R0930	Artigo 3.º-A	Taxas de supervisão anuais aplicáveis aos CTP	86	132	1091	ue/regulamentos/2022/32022R0930.md
32022R0930	Artigo 4.º	Volume de negócios aplicável	134	178	689	ue/regulamentos/2022/32022R0930.md
32022R0930	Artigo 5.º	Modalidades gerais de pagamento	180	184	82	ue/regulamentos/2022/32022R0930.md
32022R0930	Artigo 6.º	Pagamento das taxas de pedido e de autorização	186	190	122	ue/regulamentos/2022/32022R0930.md
32022R0930	Artigo 7.º	Pagamento das taxas de supervisão anuais	192	196	142	ue/regulamentos/2022/32022R0930.md
32022R0930	Artigo 8.º	Reembolso das autoridades nacionais competentes	198	212	306	ue/regulamentos/2022/32022R0930.md
32022R0930	Artigo 9.º	Disposições transitórias para 2022	214	226	462	ue/regulamentos/2022/32022R0930.md
32022R0930	Artigo 10.º	Disposições transitórias para 2023	228	252	631	ue/regulamentos/2022/32022R0930.md
32022R0930	Artigo 11.º	Entrada em vigor e data de aplicação	254	262	314	ue/regulamentos/2022/32022R0930.md
32022R0931	Preâmbulo		18	42	1620	ue/regulamentos/2022/32022R0931.md
32022R0931	Artigo 1.º		46	48	48	ue/regulamentos/2022/32022R0931.md
32022R0931	Artigo 2.º		50	54	64	ue/regulamentos/2022/32022R0931.md
32022R0931	Artigo 3.º		56	86	682	ue/regulamentos/2022/32022R0931.md
32022R0931	ANEXO I	Regras para a seleção de combinações específicas de contaminantes ou grupos de contaminantes e grupos de produtos	88	131	962	ue/regulamentos/2022/32022R0931.md
32022R0931	ANEXO II	Critérios para a estratégia de amostragem	133	157	630	ue/regulamentos/2022/32022R0931.md
32022R0932	Artigo 1.º	Objeto e âmbito de aplicação	30	36	117	ue/regulamentos/2022/32022R0932.md
32022R0932	Artigo 2.º	Definições	38	40	144	ue/regulamentos/2022/32022R0932.md
32022R0932	Artigo 3.º	Disposições gerais	44	50	114	ue/regulamentos/2022/32022R0932.md
32022R0932	Artigo 4.º	Plano de controlo dos géneros alimentícios colocados no mercado da União	52	64	394	ue/regulamentos/2022/32022R0932.md
32022R0932	Artigo 5.º	Plano de controlo dos géneros alimentícios de origem animal que entram na União	66	78	380	ue/regulamentos/2022/32022R0932.md
32022R0932	Artigo 6.º	Requisitos comuns aplicáveis aos planos de controlo	80	88	212	ue/regulamentos/2022/32022R0932.md
32022R0932	Artigo 7.º	Apresentação e avaliação dos planos de controlo	92	100	235	ue/regulamentos/2022/32022R0932.md
32022R0932	Artigo 8.º	Apresentação de dados pelos Estados-Membros	102	104	65	ue/regulamentos/2022/32022R0932.md
32022R0932	Artigo 9.º	Entrada em vigor e aplicação	108	114	89	ue/regulamentos/2022/32022R0932.md
32022R0932	ANEXO I	Frequência mínima de controlo por Estado-Membro no plano de controlo dos géneros alimentícios colocados no mercado da União	116	172	1614	ue/regulamentos/2022/32022R0932.md
32022R0932	ANEXO II	Frequência mínima de controlo por Estado-Membro no plano de controlo dos géneros alimentícios de origem animal que entram na União	174	226	1730	ue/regulamentos/2022/32022R0932.md
32022R0933	Preâmbulo		18	38	468	ue/regulamentos/2022/32022R0933.md
32022R0933	Artigo 1.º		42	44	49	ue/regulamentos/2022/32022R0933.md
32022R0933	Artigo 2.º		46	48	81	ue/regulamentos/2022/32022R0933.md
32022R0933	Artigo 3.º		50	68	153	ue/regulamentos/2022/32022R0933.md
32022R0933	ANEXO		70	84	1029	ue/regulamentos/2022/32022R0933.md
32022R0934	Preâmbulo		18	106	2512	ue/regulamentos/2022/32022R0934.md
32022R0934	Artigo 1.º		110	114	152	ue/regulamentos/2022/32022R0934.md
32022R0934	Artigo 2.º		116	134	200	ue/regulamentos/2022/32022R0934.md
32022R0938	Preâmbulo		18	44	1082	ue/regulamentos/2022/32022R0938.md
32022R0938	Artigo 1.º		48	50	37	ue/regulamentos/2022/32022R0938.md
32022R0938	Artigo 2.º		52	72	358	ue/regulamentos/2022/32022R0938.md
32022R0938	ANEXO I		74	101	424	ue/regulamentos/2022/32022R0938.md
32022R0938	ANEXO II		103	698	18345	ue/regulamentos/2022/32022R0938.md
32022R0938	ANEXO III		700	1050	5839	ue/regulamentos/2022/32022R0938.md
32022R0939	Preâmbulo		18	32	207	ue/regulamentos/2022/32022R0939.md
32022R0939	Artigo 1.º		36	40	77	ue/regulamentos/2022/32022R0939.md
32022R0939	Artigo 2.º		42	62	190	ue/regulamentos/2022/32022R0939.md
32022R0940	Preâmbulo		18	32	204	ue/regulamentos/2022/32022R0940.md
32022R0940	Artigo 1.º		36	40	73	ue/regulamentos/2022/32022R0940.md
32022R0940	Artigo 2.º		42	62	190	ue/regulamentos/2022/32022R0940.md
32022R0941	Preâmbulo		18	32	208	ue/regulamentos/2022/32022R0941.md
32022R0941	Artigo 1.º		36	40	64	ue/regulamentos/2022/32022R0941.md
32022R0941	Artigo 2.º		42	62	190	ue/regulamentos/2022/32022R0941.md
32022R0942	Preâmbulo		18	34	337	ue/regulamentos/2022/32022R0942.md
32022R0942	Artigo 1.º		38	40	49	ue/regulamentos/2022/32022R0942.md
32022R0942	Artigo 2.º		42	64	278	ue/regulamentos/2022/32022R0942.md
32022R0943	Preâmbulo		18	34	240	ue/regulamentos/2022/32022R0943.md
32022R0943	Artigo 1.º		38	40	14	ue/regulamentos/2022/32022R0943.md
32022R0943	Artigo 2.º		42	56	97	ue/regulamentos/2022/32022R0943.md
32022R0944	Preâmbulo		18	94	4341	ue/regulamentos/2022/32022R0944.md
32022R0944	Artigo 1.º	Pessoal	100	108	266	ue/regulamentos/2022/32022R0944.md
32022R0944	Artigo 2.º	Equipamento e materiais de referência	110	120	186	ue/regulamentos/2022/32022R0944.md
32022R0944	Artigo 3.º	Normas e melhores práticas internacionais	122	130	176	ue/regulamentos/2022/32022R0944.md
32022R0944	Artigo 4.º	Organização administrativa e estrutura	132	158	486	ue/regulamentos/2022/32022R0944.md
32022R0944	Artigo 5.º	Confidencialidade	160	174	298	ue/regulamentos/2022/32022R0944.md
32022R0944	Artigo 6.º	Interesse público, independência e conflitos de interesses	176	190	539	ue/regulamentos/2022/32022R0944.md
32022R0944	Artigo 7.º	Subcontratação de ensaios e acesso ao equipamento de outros laboratórios	192	208	522	ue/regulamentos/2022/32022R0944.md
32022R0944	Artigo 8.º	Acreditação	210	232	348	ue/regulamentos/2022/32022R0944.md
32022R0944	Artigo 9.º	Verificação do cumprimento dos critérios	234	240	223	ue/regulamentos/2022/32022R0944.md
32022R0944	Artigo 10.º	Contratos entre os laboratórios de referência da UE e as partes requerentes	244	254	306	ue/regulamentos/2022/32022R0944.md
32022R0944	Artigo 11.º	Pedidos dos organismos notificados relativos às tarefas referidas no artigo 100.º, n.º 2, alíneas a) e b), do Regulamento (UE) 2017/746	256	270	686	ue/regulamentos/2022/32022R0944.md
32022R0944	Artigo 12.º	Verificação do desempenho e da conformidade com especificações comuns ou com outras soluções escolhidas pelo fabricante	272	292	617	ue/regulamentos/2022/32022R0944.md
32022R0944	Artigo 13.º	Ensaios em amostras ou lotes	294	312	630	ue/regulamentos/2022/32022R0944.md
32022R0944	Artigo 14.º	Pedidos relativos à execução de tarefas referidas no artigo 100.º, n.º 2, alíneas c), d), f), g) e i), do Regulamento (UE) 2017/746	314	324	582	ue/regulamentos/2022/32022R0944.md
32022R0944	Artigo 15.º	Criação de uma rede de laboratórios nacionais de referência	326	334	284	ue/regulamentos/2022/32022R0944.md
32022R0944	Artigo 16.º	Recomendações sobre materiais de referência e procedimentos de medição de referência de grau metrológico superior adequados	336	344	337	ue/regulamentos/2022/32022R0944.md
32022R0944	Artigo 17.º	Sub-redes de laboratórios de referência da UE	346	362	414	ue/regulamentos/2022/32022R0944.md
32022R0944	Artigo 18.º	Regulamento interno	364	370	180	ue/regulamentos/2022/32022R0944.md
32022R0944	Artigo 19.º	Entrada em vigor	374	394	343	ue/regulamentos/2022/32022R0944.md
32022R0945	Preâmbulo		18	46	806	ue/regulamentos/2022/32022R0945.md
32022R0945	Artigo 1.º	Estrutura das taxas	50	66	242	ue/regulamentos/2022/32022R0945.md
32022R0945	Artigo 2.º	Nível das taxas	68	76	200	ue/regulamentos/2022/32022R0945.md
32022R0945	Artigo 3.º	Regras para o cálculo das taxas	78	82	114	ue/regulamentos/2022/32022R0945.md
32022R0945	Artigo 4.º	Entrada em vigor	84	100	201	ue/regulamentos/2022/32022R0945.md
32022R0949	Preâmbulo		18	36	263	ue/regulamentos/2022/32022R0949.md
32022R0949	Artigo 1.º		40	42	28	ue/regulamentos/2022/32022R0949.md
32022R0949	Artigo 2.º		44	58	92	ue/regulamentos/2022/32022R0949.md
32022R0949	ANEXO		60	76	312	ue/regulamentos/2022/32022R0949.md
32022R0951	Preâmbulo		18	40	870	ue/regulamentos/2022/32022R0951.md
32022R0951	Artigo 1.º		44	64	223	ue/regulamentos/2022/32022R0951.md
32022R0951	Artigo 2.º		66	90	504	ue/regulamentos/2022/32022R0951.md
32022R0951	ANEXO I	«ANEXO I	92	55295	6028488	ue/regulamentos/2022/32022R0951.md
32022R0951	ANEXO II	«ANEXO II	55297	55392	6404	ue/regulamentos/2022/32022R0951.md
32022R0951	ANEXO III	«ANEXO III	55394	55447	1542	ue/regulamentos/2022/32022R0951.md
32022R0951	ANEXO IV	«ANEXO IV	55449	55618	13673	ue/regulamentos/2022/32022R0951.md
32022R0951	ANEXO V	«ANEXO V	55620	56217	13292	ue/regulamentos/2022/32022R0951.md
32022R0951	ANEXO VI	«ANEXO VI	56219	56661	16303	ue/regulamentos/2022/32022R0951.md
32022R0951	ANEXO VII	«ANEXO VII	56663	56825	1502	ue/regulamentos/2022/32022R0951.md
32022R0951	ANEXO VIII	«ANEXO VIII	56827	56917	1680	ue/regulamentos/2022/32022R0951.md
32022R0951	ANEXO IX	«ANEXO IX	56919	57062	8811	ue/regulamentos/2022/32022R0951.md
32022R0952	Preâmbulo		18	60	1742	ue/regulamentos/2022/32022R0952.md
32022R0952	Artigo 1.º		64	68	33	ue/regulamentos/2022/32022R0952.md
32022R0952	«Artigo 2.º	Definições	70	90	579	ue/regulamentos/2022/32022R0952.md
32022R0952	«Artigo 3.º	Proibição de pesca	92	118	500	ue/regulamentos/2022/32022R0952.md
32022R0952	«Artigo 5.º	Sistema de identificação automática	120	134	232	ue/regulamentos/2022/32022R0952.md
32022R0952	Artigo 2.º		136	166	416	ue/regulamentos/2022/32022R0952.md
32022R0952	ANEXO		168	409	5442	ue/regulamentos/2022/32022R0952.md
32022R0953	Preâmbulo		18	38	339	ue/regulamentos/2022/32022R0953.md
32022R0953	Artigo 1.º		42	44	41	ue/regulamentos/2022/32022R0953.md
32022R0953	Artigo 2.º		46	64	115	ue/regulamentos/2022/32022R0953.md
32022R0954	Preâmbulo		18	38	1012	ue/regulamentos/2022/32022R0954.md
32022R0954	Artigo 1.º	Alteração do Regulamento Delegado (UE) n.º 183/2014	42	50	199	ue/regulamentos/2022/32022R0954.md
32022R0954	Artigo 2.º	Entrada em vigor	52	70	285	ue/regulamentos/2022/32022R0954.md
32022R0955	Preâmbulo		18	34	305	ue/regulamentos/2022/32022R0955.md
32022R0955	Artigo 1.º		38	40	39	ue/regulamentos/2022/32022R0955.md
32022R0955	Artigo 2.º		42	62	182	ue/regulamentos/2022/32022R0955.md
32022R0956	Preâmbulo		18	34	306	ue/regulamentos/2022/32022R0956.md
32022R0956	Artigo 1.º		38	40	39	ue/regulamentos/2022/32022R0956.md
32022R0956	Artigo 2.º		42	62	189	ue/regulamentos/2022/32022R0956.md
32022R0957	Preâmbulo		18	34	309	ue/regulamentos/2022/32022R0957.md
32022R0957	Artigo 1.º		38	40	42	ue/regulamentos/2022/32022R0957.md
32022R0957	Artigo 2.º		42	62	203	ue/regulamentos/2022/32022R0957.md
32022R0958	Preâmbulo		18	32	207	ue/regulamentos/2022/32022R0958.md
32022R0958	Artigo 1.º		36	40	82	ue/regulamentos/2022/32022R0958.md
32022R0958	Artigo 2.º		42	62	190	ue/regulamentos/2022/32022R0958.md
32022R0959	Preâmbulo		18	52	1546	ue/regulamentos/2022/32022R0959.md
32022R0959	Artigo 1.º		56	58	34	ue/regulamentos/2022/32022R0959.md
32022R0959	Artigo 2.º		60	86	454	ue/regulamentos/2022/32022R0959.md
32022R0959	ANEXO		88	115	2728	ue/regulamentos/2022/32022R0959.md
32022R0960	Preâmbulo		18	34	286	ue/regulamentos/2022/32022R0960.md
32022R0960	Artigo 1.º		38	40	14	ue/regulamentos/2022/32022R0960.md
32022R0960	Artigo 2.º		42	58	217	ue/regulamentos/2022/32022R0960.md
32022R0961	Preâmbulo		18	58	1856	ue/regulamentos/2022/32022R0961.md
32022R0961	Artigo 1.º		62	68	88	ue/regulamentos/2022/32022R0961.md
32022R0961	Artigo 2.º		70	72	102	ue/regulamentos/2022/32022R0961.md
32022R0961	Artigo 3.º		74	76	83	ue/regulamentos/2022/32022R0961.md
32022R0961	Artigo 4.º		78	108	336	ue/regulamentos/2022/32022R0961.md
32022R0961	ANEXO		110	125	776	ue/regulamentos/2022/32022R0961.md
32022R0964	Artigo 1.º		28	32	96	ue/regulamentos/2022/32022R0964.md
32022R0964	Artigo 2.º		34	40	65	ue/regulamentos/2022/32022R0964.md
32022R0964	ANEXO	RESUMO DAS CARACTERÍSTICAS DO PRODUTO PARA UMA FAMÍLIA DE PRODUTOS BIOCIDAS (SPC BPF)	42	4031	68324	ue/regulamentos/2022/32022R0964.md
32022R0965	Preâmbulo		18	60	2716	ue/regulamentos/2022/32022R0965.md
32022R0965	Artigo 1.º		64	70	107	ue/regulamentos/2022/32022R0965.md
32022R0965	Artigo 2.º		72	74	103	ue/regulamentos/2022/32022R0965.md
32022R0965	Artigo 3.º		76	78	87	ue/regulamentos/2022/32022R0965.md
32022R0965	Artigo 4.º		80	118	345	ue/regulamentos/2022/32022R0965.md
32022R0965	ANEXO		120	149	1626	ue/regulamentos/2022/32022R0965.md
32022R0966	Preâmbulo		18	56	1806	ue/regulamentos/2022/32022R0966.md
32022R0966	Artigo 1.º		60	62	32	ue/regulamentos/2022/32022R0966.md
32022R0966	Artigo 2.º		64	68	170	ue/regulamentos/2022/32022R0966.md
32022R0966	Artigo 3.º		70	92	321	ue/regulamentos/2022/32022R0966.md
32022R0966	ANEXO		94	109	640	ue/regulamentos/2022/32022R0966.md
32022R0972	Preâmbulo		18	40	576	ue/regulamentos/2022/32022R0972.md
32022R0972	Artigo 1.º		44	46	31	ue/regulamentos/2022/32022R0972.md
32022R0972	Artigo 2.º		48	64	171	ue/regulamentos/2022/32022R0972.md
32022R0972	ANEXO	«ANEXO	66	198	7545	ue/regulamentos/2022/32022R0972.md
32022R0973	Preâmbulo		18	56	2152	ue/regulamentos/2022/32022R0973.md
32022R0973	Artigo 1.º		60	88	530	ue/regulamentos/2022/32022R0973.md
32022R0973	Artigo 2.º		90	116	436	ue/regulamentos/2022/32022R0973.md
32022R0973	Artigo 3.º		118	120	145	ue/regulamentos/2022/32022R0973.md
32022R0973	Artigo 4.º		122	130	396	ue/regulamentos/2022/32022R0973.md
32022R0973	Artigo 5.º		132	170	944	ue/regulamentos/2022/32022R0973.md
32022R0974	Preâmbulo		18	32	206	ue/regulamentos/2022/32022R0974.md
32022R0974	Artigo 1.º		36	40	74	ue/regulamentos/2022/32022R0974.md
32022R0974	Artigo 2.º		42	62	190	ue/regulamentos/2022/32022R0974.md
32022R0975	Preâmbulo		18	36	1083	ue/regulamentos/2022/32022R0975.md
32022R0975	Artigo 1.º	Alteração do Regulamento Delegado (UE) 2017/653	40	44	62	ue/regulamentos/2022/32022R0975.md
32022R0975	Artigo 2.º	Alteração do Regulamento Delegado (UE) 2021/2268	46	48	52	ue/regulamentos/2022/32022R0975.md
32022R0975	Artigo 3.º	Entrada em vigor	50	74	796	ue/regulamentos/2022/32022R0975.md
32022R0976	Preâmbulo		18	64	2225	ue/regulamentos/2022/32022R0976.md
32022R0976	Artigo 1.º		68	70	36	ue/regulamentos/2022/32022R0976.md
32022R0976	Artigo 2.º		72	90	287	ue/regulamentos/2022/32022R0976.md
32022R0976	ANEXO		92	487	10107	ue/regulamentos/2022/32022R0976.md
32022R0980	Preâmbulo		18	42	650	ue/regulamentos/2022/32022R0980.md
32022R0980	Artigo 1.º		46	48	38	ue/regulamentos/2022/32022R0980.md
32022R0980	Artigo 2.º		50	74	455	ue/regulamentos/2022/32022R0980.md
32022R0981	Preâmbulo		18	44	606	ue/regulamentos/2022/32022R0981.md
32022R0981	Artigo 1.º		48	62	214	ue/regulamentos/2022/32022R0981.md
32022R0981	Artigo 2.º		64	82	187	ue/regulamentos/2022/32022R0981.md
32022R0991	Preâmbulo		18	152	16613	ue/regulamentos/2022/32022R0991.md
32022R0991	Artigo 1.º		156	408	6332	ue/regulamentos/2022/32022R0991.md
32022R0991	«Artigo 18.º-A	Tratamento de dados pessoais para apoiar uma investigação criminal	410	468	2078	ue/regulamentos/2022/32022R0991.md
32022R0991	«Artigo 20.º-A	Relações com a Procuradoria Europeia	470	500	998	ue/regulamentos/2022/32022R0991.md
32022R0991	«Artigo 24.º	Transmissão de dados pessoais para organismos da União	502	639	3318	ue/regulamentos/2022/32022R0991.md
32022R0991	«Artigo 26.º-A	Intercâmbio de dados pessoais com organismos privados em situações de crise em linha	641	661	858	ue/regulamentos/2022/32022R0991.md
32022R0991	Artigo 26.º-B	Intercâmbio de dados pessoais com organismos privados para combater a difusão em linha de material pedopornográfico em linha	663	703	1212	ue/regulamentos/2022/32022R0991.md
32022R0991	«Artigo 27.º-A	Tratamento de dados pessoais pela Europol	705	739	911	ue/regulamentos/2022/32022R0991.md
32022R0991	«Artigo 32.º	Segurança do tratamento	741	747	103	ue/regulamentos/2022/32022R0991.md
32022R0991	«Artigo 33.º-A	Tratamento de dados pessoais para fins de investigação e inovação	749	865	2496	ue/regulamentos/2022/32022R0991.md
32022R0991	«Artigo 39.º	Consulta prévia	867	881	509	ue/regulamentos/2022/32022R0991.md
32022R0991	«Artigo 39.º-A	Registos de categorias de atividades de tratamento	883	907	355	ue/regulamentos/2022/32022R0991.md
32022R0991	«Artigo 40.º	Registo cronológico	909	915	149	ue/regulamentos/2022/32022R0991.md
32022R0991	«Artigo 41.º	Designação do responsável pela proteção de dados	917	929	284	ue/regulamentos/2022/32022R0991.md
32022R0991	«Artigo 41.º-A	Cargo de responsável pela proteção de dados	931	957	660	ue/regulamentos/2022/32022R0991.md
32022R0991	Artigo 41.º-B	Funções do responsável pela proteção de dados	959	997	1248	ue/regulamentos/2022/32022R0991.md
32022R0991	Artigo 41.º-C	Provedor de direitos fundamentais	999	1019	380	ue/regulamentos/2022/32022R0991.md
32022R0991	Artigo 41.º-D	Formação em direitos fundamentais	1021	1086	1619	ue/regulamentos/2022/32022R0991.md
32022R0991	«Artigo 50.º	Direito a indemnização	1088	1128	1208	ue/regulamentos/2022/32022R0991.md
32022R0991	«Artigo 52.º-A	Fórum consultivo	1130	1154	511	ue/regulamentos/2022/32022R0991.md
32022R0991	«Artigo 61.º	Regras financeiras	1156	1180	640	ue/regulamentos/2022/32022R0991.md
32022R0991	«Artigo 74.º-A	Disposições transitórias relativas ao tratamento de dados pessoais em apoio de uma investigação criminal em curso	1182	1212	1419	ue/regulamentos/2022/32022R0991.md
32022R0991	Artigo 74.º-B	Disposições transitórias relativas ao tratamento de dados pessoais conservados pela Europol	1214	1218	200	ue/regulamentos/2022/32022R0991.md
32022R0991	Artigo 2.º		1220	1268	1196	ue/regulamentos/2022/32022R0991.md
32022R0992	Preâmbulo		18	40	546	ue/regulamentos/2022/32022R0992.md
32022R0992	Artigo 1.º		44	48	190	ue/regulamentos/2022/32022R0992.md
32022R0992	Artigo 2.º		50	74	258	ue/regulamentos/2022/32022R0992.md
32022R0994	Preâmbulo		18	34	344	ue/regulamentos/2022/32022R0994.md
32022R0994	Artigo 1.º		38	40	52	ue/regulamentos/2022/32022R0994.md
32022R0994	Artigo 2.º		42	58	145	ue/regulamentos/2022/32022R0994.md
32022R0996	Artigo 1.º	Objeto	30	38	164	ue/regulamentos/2022/32022R0996.md
32022R0996	Artigo 2.º	Definições	40	104	2000	ue/regulamentos/2022/32022R0996.md
32022R0996	Artigo 3.º	Estrutura de governação do regime voluntário	108	120	648	ue/regulamentos/2022/32022R0996.md
32022R0996	Artigo 4.º	Não conformidades dos operadores económicos no âmbito do regime	122	128	416	ue/regulamentos/2022/32022R0996.md
32022R0996	Artigo 5.º	Controlo interno, procedimento de reclamação e sistema de gestão da documentação	130	164	939	ue/regulamentos/2022/32022R0996.md
32022R0996	Artigo 6.º	Publicação de informações pelos regimes voluntários	166	180	690	ue/regulamentos/2022/32022R0996.md
32022R0996	Artigo 7.º	Mudança de regime por parte dos operadores económicos	182	198	492	ue/regulamentos/2022/32022R0996.md
32022R0996	Artigo 8.º	Reconhecimento de outros regimes voluntários	200	202	83	ue/regulamentos/2022/32022R0996.md
32022R0996	Artigo 9.º	Reconhecimento de regimes nacionais	204	206	156	ue/regulamentos/2022/32022R0996.md
32022R0996	Artigo 10.º	Processo de auditoria e níveis de segurança	210	270	2224	ue/regulamentos/2022/32022R0996.md
32022R0996	Artigo 11.º		272	310	1532	ue/regulamentos/2022/32022R0996.md
32022R0996	Artigo 12.º	Auditorias de grupo	312	334	788	ue/regulamentos/2022/32022R0996.md
32022R0996	Artigo 13.º	Auditoria de resíduos e detritos	336	352	824	ue/regulamentos/2022/32022R0996.md
32022R0996	Artigo 14.º	Auditoria dos cálculos das emissões efetivas de GEE	354	374	664	ue/regulamentos/2022/32022R0996.md
32022R0996	Artigo 15.º	Auditorias de métodos de balanço de massa	376	396	335	ue/regulamentos/2022/32022R0996.md
32022R0996	Artigo 16.º	Auditoria de terrenos de pastagem naturais e não naturais ricos em biodiversidade	398	414	851	ue/regulamentos/2022/32022R0996.md
32022R0996	Artigo 17.º	Supervisão pelos Estados-Membros e pela Comissão	416	452	1285	ue/regulamentos/2022/32022R0996.md
32022R0996	Artigo 18.º	Rastreabilidade e base de dados da União	456	462	529	ue/regulamentos/2022/32022R0996.md
32022R0996	Artigo 19.º	Aplicação do método de balanço de massa	464	494	1566	ue/regulamentos/2022/32022R0996.md
32022R0996	Artigo 20.º	Determinação das emissões de GEE dos biocombustíveis, dos biolíquidos e dos combustíveis biomássicos	496	510	586	ue/regulamentos/2022/32022R0996.md
32022R0996	Artigo 21.º	Regras específicas relativas aos resíduos e detritos	512	524	650	ue/regulamentos/2022/32022R0996.md
32022R0996	Artigo 22.º	Regras específicas relativas aos combustíveis de carbono reciclado e aos combustíveis renováveis de origem não biológica	526	528	110	ue/regulamentos/2022/32022R0996.md
32022R0996	Artigo 23.º	Regras específicas relativas ao coprocessamento	530	538	494	ue/regulamentos/2022/32022R0996.md
32022R0996	Artigo 24.º	Requisitos específicos relativos à certificação de baixo risco ILUC	542	568	1080	ue/regulamentos/2022/32022R0996.md
32022R0996	Artigo 25.º	Requisitos específicos para provar a adicionalidade	570	576	433	ue/regulamentos/2022/32022R0996.md
32022R0996	Artigo 26.º	Produção em terrenos não utilizados, abandonados ou gravemente degradados	578	616	952	ue/regulamentos/2022/32022R0996.md
32022R0996	Artigo 27.º	Determinação da biomassa adicional para as medidas de aumento do rendimento	618	624	258	ue/regulamentos/2022/32022R0996.md
32022R0996	Artigo 28.º	Entrada em vigor e aplicação	628	640	112	ue/regulamentos/2022/32022R0996.md
32022R0996	ANEXO I	DADOS A TRANSMITIR AO LONGO DE TODA A CADEIA DE ABASTECIMENTO E DADOS RELATIVOS ÀS TRANSAÇÕES	642	684	504	ue/regulamentos/2022/32022R0996.md
32022R0996	ANEXO II	CONTEÚDO MÍNIMO DOS RELATÓRIOS DE AUDITORIA, DOS RELATÓRIOS DE SÍNTESE DAS AUDITORIAS OU DOS CERTIFICADOS	686	778	1011	ue/regulamentos/2022/32022R0996.md
32022R0996	ANEXO III	LISTA DAS INFORMAÇÕES A COMUNICAR PELOS REGIMES VOLUNTÁRIOS NOS SEUS RELATÓRIOS ANUAIS DE ATIVIDADES À COMISSÃO	780	804	746	ue/regulamentos/2022/32022R0996.md
32022R0996	ANEXO IV	LISTA NÃO EXAUSTIVA DE RESÍDUOS E DETRITOS ATUALMENTE ABRANGIDOS PELO ANEXO IX DA DIRETIVA (UE) 2018/2001	806	833	627	ue/regulamentos/2022/32022R0996.md
32022R0996	ANEXO V	METODOLOGIA PARA DETERMINAR A REDUÇÃO DAS EMISSÕES RESULTANTE DA ACUMULAÇÃO DE CARBONO NO SOLO POR MEIO DE UMA MELHOR GESTÃO AGRÍCOLA	835	930	3384	ue/regulamentos/2022/32022R0996.md
32022R0996	ANEXO VI	LISTAS NÃO EXAUSTIVAS DE EXEMPLOS DE PRÁTICAS DE GESTÃO E MONITORIZAÇÃO ESSENCIAIS PARA PROMOVER E MONITORIZAR A FIXAÇÃO DE CARBONO NO SOLO E A QUALIDADE DO SOL	932	959	953	ue/regulamentos/2022/32022R0996.md
32022R0996	ANEXO VII	METODOLOGIA PARA DETERMINAR AS EMISSÕES PROVENIENTES DA EXTRAÇÃO OU DO CULTIVO DE MATÉRIAS-PRIMAS	961	1182	4765	ue/regulamentos/2022/32022R0996.md
32022R0996	ANEXO VIII	REQUISITOS MÍNIMOS RELATIVOS AO PROCESSO E AO MÉTODO DE CERTIFICAÇÃO DA BIOMASSA COM BAIXO RISCO DE ALTERAÇÃO INDIRETA DO USO DO SOLO (ILUC)	1184	1560	9182	ue/regulamentos/2022/32022R0996.md
32022R0996	ANEXO IX	VALORES NORMALIZADOS DOS FATORES DE EMISSÃO	1562	1890	5650	ue/regulamentos/2022/32022R0996.md
32022R1008	Preâmbulo		18	42	765	ue/regulamentos/2022/32022R1008.md
32022R1008	Artigo 1.º		46	48	30	ue/regulamentos/2022/32022R1008.md
32022R1008	Artigo 2.º		50	68	225	ue/regulamentos/2022/32022R1008.md
32022R1008	ANEXO		70	162	6030	ue/regulamentos/2022/32022R1008.md
32022R1009	Preâmbulo		18	36	226	ue/regulamentos/2022/32022R1009.md
32022R1009	Artigo 1.º		40	42	27	ue/regulamentos/2022/32022R1009.md
32022R1009	Artigo 2.º		44	60	125	ue/regulamentos/2022/32022R1009.md
32022R1009	ANEXO		62	67	45	ue/regulamentos/2022/32022R1009.md
32022R1010	Preâmbulo		18	36	264	ue/regulamentos/2022/32022R1010.md
32022R1010	Artigo 1.º		40	42	29	ue/regulamentos/2022/32022R1010.md
32022R1010	Artigo 2.º		44	60	140	ue/regulamentos/2022/32022R1010.md
32022R1010	ANEXO		62	102	1876	ue/regulamentos/2022/32022R1010.md
32022R1011	Preâmbulo		18	42	1680	ue/regulamentos/2022/32022R1011.md
32022R1011	Artigo 1.º	Regras gerais para a determinação do valor das exposições indiretas sobre um cliente decorrentes de contratos de derivados e de derivados de crédito	46	54	540	ue/regulamentos/2022/32022R1011.md
32022R1011	Artigo 2.º	Afetação das exposições indiretas a categorias de contratos de derivados	56	64	162	ue/regulamentos/2022/32022R1011.md
32022R1011	Artigo 3.º	Cálculo do valor das exposições indiretas das opções sobre instrumentos de dívida e instrumentos de capital próprio	66	76	512	ue/regulamentos/2022/32022R1011.md
32022R1011	Artigo 4.º	Cálculo do valor das exposições indiretas de contratos de derivados de crédito	78	82	294	ue/regulamentos/2022/32022R1011.md
32022R1011	Artigo 5.º	Cálculo do valor das exposições indiretas de outros contratos de derivados enumerados no anexo II do Regulamento (UE) n.º 575/2013	84	90	268	ue/regulamentos/2022/32022R1011.md
32022R1011	Artigo 6.º	Cálculo dos valores das exposições indiretas decorrentes de contratos de derivados de crédito com múltiplos subjacentes	92	104	576	ue/regulamentos/2022/32022R1011.md
32022R1011	Artigo 7.º		106	124	270	ue/regulamentos/2022/32022R1011.md
32022R1012	Preâmbulo		18	54	1449	ue/regulamentos/2022/32022R1012.md
32022R1012	Artigo 1.º	Níveis de serviço e de segurança	58	64	116	ue/regulamentos/2022/32022R1012.md
32022R1012	Artigo 2.º	Procedimentos de certificação	66	68	75	ue/regulamentos/2022/32022R1012.md
32022R1012	Artigo 3.º	Cláusula de revisão	70	72	77	ue/regulamentos/2022/32022R1012.md
32022R1012	Artigo 4.º	Entrada em vigor	74	92	150	ue/regulamentos/2022/32022R1012.md
32022R1012	ANEXO I	NORMAS PORMENORIZADAS DA UNIÃO RELATIVAS AO NÍVEL DE SERVIÇO E DE SEGURANÇA DAS ZONAS DE ESTACIONAMENTO SEGURAS E PROTEGIDAS	94	175	6467	ue/regulamentos/2022/32022R1012.md
32022R1012	ANEXO II	NORMAS E PROCEDIMENTOS DE CERTIFICAÇÃO	177	227	2124	ue/regulamentos/2022/32022R1012.md
32022R1013	Preâmbulo		22	742	23282	ue/regulamentos/2022/32022R1013.md
32022R1013	Artigo 1.º		746	768	903	ue/regulamentos/2022/32022R1013.md
32022R1013	Artigo 2.º		770	772	31	ue/regulamentos/2022/32022R1013.md
32022R1013	Artigo 3.º		774	910	3836	ue/regulamentos/2022/32022R1013.md
32022R1023	Preâmbulo		18	52	926	ue/regulamentos/2022/32022R1023.md
32022R1023	Artigo 1.º		56	58	32	ue/regulamentos/2022/32022R1023.md
32022R1023	Artigo 2.º		60	62	31	ue/regulamentos/2022/32022R1023.md
32022R1023	Artigo 3.º		64	86	230	ue/regulamentos/2022/32022R1023.md
32022R1023	ANEXO I		88	100	162	ue/regulamentos/2022/32022R1023.md
32022R1023	ANEXO II		102	138	532	ue/regulamentos/2022/32022R1023.md
32022R1031	Preâmbulo		18	106	5139	ue/regulamentos/2022/32022R1031.md
32022R1031	Artigo 1.º	Objeto e âmbito de aplicação	112	130	507	ue/regulamentos/2022/32022R1031.md
32022R1031	Artigo 2.º	Definições	132	172	1045	ue/regulamentos/2022/32022R1031.md
32022R1031	Artigo 3.º	Determinação da origem	174	200	782	ue/regulamentos/2022/32022R1031.md
32022R1031	Artigo 4.º	Isenção para os bens e serviços originários de países menos avançados	202	204	89	ue/regulamentos/2022/32022R1031.md
32022R1031	Artigo 5.º	Investigações e consultas	208	230	805	ue/regulamentos/2022/32022R1031.md
32022R1031	Artigo 6.º	Medidas ICPI	232	278	1559	ue/regulamentos/2022/32022R1031.md
32022R1031	Artigo 7.º	Lista de autoridades adjudicantes isentas da aplicação do presente regulamento	280	288	452	ue/regulamentos/2022/32022R1031.md
32022R1031	Artigo 8.º	Obrigações do adjudicatário	290	304	568	ue/regulamentos/2022/32022R1031.md
32022R1031	Artigo 9.º	Exceções	306	326	322	ue/regulamentos/2022/32022R1031.md
32022R1031	Artigo 10.º	Vias de recurso	328	330	71	ue/regulamentos/2022/32022R1031.md
32022R1031	Artigo 11.º	Procedimento de comité	334	340	158	ue/regulamentos/2022/32022R1031.md
32022R1031	Artigo 12.º	Orientações	342	344	65	ue/regulamentos/2022/32022R1031.md
32022R1031	Artigo 13.º	Relatórios e comunicação de informações	346	350	452	ue/regulamentos/2022/32022R1031.md
32022R1031	Artigo 14.º	Revisão	352	354	93	ue/regulamentos/2022/32022R1031.md
32022R1031	Artigo 15.º	Entrada em vigor	356	414	1518	ue/regulamentos/2022/32022R1031.md
32022R1032	Artigo 1.º	Alterações do Regulamento (UE) 2017/1938	36	282	6820	ue/regulamentos/2022/32022R1032.md
32022R1032	Artigo 2.º	Alterações do Regulamento (CE) n.º 715/2009	284	356	2168	ue/regulamentos/2022/32022R1032.md
32022R1032	Artigo 3.º	Entrada em vigor	358	362	66	ue/regulamentos/2022/32022R1032.md
32022R1032	ANEXO		364	364	2	ue/regulamentos/2022/32022R1032.md
32022R1032	ANEXO I-B	Responsabilidade partilhada pela meta de enchimento e pela trajetória de enchimento	389	405	652	ue/regulamentos/2022/32022R1032.md
32022R1033	Preâmbulo		18	56	1286	ue/regulamentos/2022/32022R1033.md
32022R1033	Artigo 1.º		60	64	28	ue/regulamentos/2022/32022R1033.md
32022R1033	«Artigo 39.º-C	Apoio temporário excecional aos agricultores e às PME, particularmente afetados pelo impacto da invasão da Ucrânia pela Rússia	66	94	776	ue/regulamentos/2022/32022R1033.md
32022R1033	Artigo 2.º		96	120	224	ue/regulamentos/2022/32022R1033.md
32022R1034	Preâmbulo		18	74	5117	ue/regulamentos/2022/32022R1034.md
32022R1034	Artigo 1.º		78	150	1990	ue/regulamentos/2022/32022R1034.md
32022R1034	«Artigo 11.º	Restrições à livre circulação e intercâmbio de informações	152	205	1377	ue/regulamentos/2022/32022R1034.md
32022R1034	Artigo 2.º		207	241	592	ue/regulamentos/2022/32022R1034.md
32022R1035	Preâmbulo		18	60	2004	ue/regulamentos/2022/32022R1035.md
32022R1035	Artigo 1.º		64	66	22	ue/regulamentos/2022/32022R1035.md
32022R1035	«Artigo 3.º		68	72	60	ue/regulamentos/2022/32022R1035.md
32022R1035	Artigo 2.º		74	118	903	ue/regulamentos/2022/32022R1035.md
32022R1036	Preâmbulo		18	50	1254	ue/regulamentos/2022/32022R1036.md
32022R1036	Artigo 1.º		54	56	23	ue/regulamentos/2022/32022R1036.md
32022R1036	«Artigo 1.º		58	60	122	ue/regulamentos/2022/32022R1036.md
32022R1036	Artigo 2.º		62	78	178	ue/regulamentos/2022/32022R1036.md
32022R1037	Preâmbulo		18	50	877	ue/regulamentos/2022/32022R1037.md
32022R1037	Artigo 1.º		54	56	32	ue/regulamentos/2022/32022R1037.md
32022R1037	Artigo 2.º		58	60	31	ue/regulamentos/2022/32022R1037.md
32022R1037	Artigo 3.º		62	82	181	ue/regulamentos/2022/32022R1037.md
32022R1037	ANEXO I		84	108	308	ue/regulamentos/2022/32022R1037.md
32022R1037	ANEXO II		110	140	491	ue/regulamentos/2022/32022R1037.md
32022R1038	Preâmbulo		18	48	912	ue/regulamentos/2022/32022R1038.md
32022R1038	Artigo 1.º		52	57	104	ue/regulamentos/2022/32022R1038.md
32022R1038	Artigo 2.º		59	81	279	ue/regulamentos/2022/32022R1038.md
32022R1040	Preâmbulo		18	52	1401	ue/regulamentos/2022/32022R1040.md
32022R1040	Artigo 1.º		56	58	36	ue/regulamentos/2022/32022R1040.md
32022R1040	Artigo 2.º		60	78	287	ue/regulamentos/2022/32022R1040.md
32022R1040	ANEXO		80	95	233	ue/regulamentos/2022/32022R1040.md
32022R1092	Artigo 1.º		30	32	66	ue/regulamentos/2022/32022R1092.md
32022R1092	Artigo 2.º		34	40	65	ue/regulamentos/2022/32022R1092.md
32022R1092	ANEXO I	Dados a transmitir	42	58	492	ue/regulamentos/2022/32022R1092.md
32022R1092	ANEXO II	Conjuntos de dados	60	100	4902	ue/regulamentos/2022/32022R1092.md
32022R1092	ANEXO III	Desagregação(ões) por empresa	102	109	1460	ue/regulamentos/2022/32022R1092.md
32022R1103	Preâmbulo		18	38	468	ue/regulamentos/2022/32022R1103.md
32022R1103	Artigo 1.º		42	44	49	ue/regulamentos/2022/32022R1103.md
32022R1103	Artigo 2.º		46	48	80	ue/regulamentos/2022/32022R1103.md
32022R1103	Artigo 3.º		50	68	153	ue/regulamentos/2022/32022R1103.md
32022R1103	ANEXO		70	75	488	ue/regulamentos/2022/32022R1103.md
32022R1104	Preâmbulo		18	44	1376	ue/regulamentos/2022/32022R1104.md
32022R1104	Artigo 1.º		48	50	26	ue/regulamentos/2022/32022R1104.md
32022R1104	Artigo 2.º		52	54	84	ue/regulamentos/2022/32022R1104.md
32022R1104	Artigo 3.º		56	58	80	ue/regulamentos/2022/32022R1104.md
32022R1104	Artigo 4.º		60	1137	48354	ue/regulamentos/2022/32022R1104.md
32022R1106	Preâmbulo		18	32	204	ue/regulamentos/2022/32022R1106.md
32022R1106	Artigo 1.º		36	40	60	ue/regulamentos/2022/32022R1106.md
32022R1106	Artigo 2.º		42	62	190	ue/regulamentos/2022/32022R1106.md
32022R1107	Preâmbulo		18	40	630	ue/regulamentos/2022/32022R1107.md
32022R1107	Artigo 1.º	Especificações comuns	44	72	618	ue/regulamentos/2022/32022R1107.md
32022R1107	Artigo 2.º	Definições	74	108	802	ue/regulamentos/2022/32022R1107.md
32022R1107	Artigo 3.º	Disposições transitórias	110	116	272	ue/regulamentos/2022/32022R1107.md
32022R1107	Artigo 4.º	Entrada em vigor e data de aplicação	118	140	232	ue/regulamentos/2022/32022R1107.md
32022R1107	ANEXO I	ESPECIFICAÇÕES COMUNS GERAIS	142	165	1724	ue/regulamentos/2022/32022R1107.md
32022R1107	ANEXO II	ESPECIFICAÇÕES COMUNS PARA OS DISPOSITIVOS DESTINADOS À DETEÇÃO DE ANTIGÉNIOS DE GRUPOS SANGUÍNEOS NOS SISTEMAS ABO, RH, KELL, DUFFY E KIDD	167	229	1561	ue/regulamentos/2022/32022R1107.md
32022R1107	ANEXO III	ESPECIFICAÇÕES COMUNS PARA OS DISPOSITIVOS DESTINADOS À DETEÇÃO OU QUANTIFICAÇÃO DE MARCADORES DA INFEÇÃO PELO VÍRUS DA IMUNODEFICIÊNCIA HUMANA (VIH)	231	273	3702	ue/regulamentos/2022/32022R1107.md
32022R1107	ANEXO IV	ESPECIFICAÇÕES COMUNS PARA OS DISPOSITIVOS DESTINADOS À DETEÇÃO OU QUANTIFICAÇÃO DE MARCADORES DA INFEÇÃO PELO VÍRUS LINFOTRÓPICO DE CÉLULAS T HUMANAS (HTLV)	275	336	2072	ue/regulamentos/2022/32022R1107.md
32022R1107	ANEXO V	ESPECIFICAÇÕES COMUNS PARA OS DISPOSITIVOS DESTINADOS À DETEÇÃO OU QUANTIFICAÇÃO DE MARCADORES DA INFEÇÃO PELO VÍRUS DA HEPATITE C (VHC)	338	430	3623	ue/regulamentos/2022/32022R1107.md
32022R1107	ANEXO VI	ESPECIFICAÇÕES COMUNS PARA OS DISPOSITIVOS DESTINADOS À DETEÇÃO OU QUANTIFICAÇÃO DE MARCADORES DA INFEÇÃO PELO VÍRUS DA HEPATITE B (VHB)	432	523	3452	ue/regulamentos/2022/32022R1107.md
32022R1107	ANEXO VII	ESPECIFICAÇÕES COMUNS PARA OS DISPOSITIVOS DESTINADOS À DETEÇÃO OU QUANTIFICAÇÃO DE MARCADORES DA INFEÇÃO PELO VÍRUS DA HEPATITE D (VHD)	525	556	1283	ue/regulamentos/2022/32022R1107.md
32022R1107	ANEXO VIII	ESPECIFICAÇÕES COMUNS PARA OS DISPOSITIVOS DESTINADOS À DETEÇÃO DE MARCADORES DA VARIANTE DA DOENÇA DE CREUTZFELDT-JAKOB (vDCJ)	558	576	524	ue/regulamentos/2022/32022R1107.md
32022R1107	ANEXO IX	ESPECIFICAÇÕES COMUNS PARA OS DISPOSITIVOS DESTINADOS À DETEÇÃO OU QUANTIFICAÇÃO DE MARCADORES DA INFEÇÃO POR CITOMEGALOVÍRUS (CMV)	578	623	1652	ue/regulamentos/2022/32022R1107.md
32022R1107	ANEXO X	ESPECIFICAÇÕES COMUNS PARA OS DISPOSITIVOS DESTINADOS À DETEÇÃO OU QUANTIFICAÇÃO DE MARCADORES DA INFEÇÃO PELO VÍRUS DE EPSTEIN-BARR (VEB)	625	668	1597	ue/regulamentos/2022/32022R1107.md
32022R1107	ANEXO XI	ESPECIFICAÇÕES COMUNS PARA OS DISPOSITIVOS DESTINADOS À DETEÇÃO DE MARCADORES DA INFEÇÃO POR TREPONEMA PALLIDUM	670	702	1020	ue/regulamentos/2022/32022R1107.md
32022R1107	ANEXO XII	ESPECIFICAÇÕES COMUNS PARA OS DISPOSITIVOS DESTINADOS À DETEÇÃO OU QUANTIFICAÇÃO DE MARCADORES DA INFEÇÃO POR TRYPANOSOMA CRUZI	704	754	1855	ue/regulamentos/2022/32022R1107.md
32022R1107	ANEXO XIII	ESPECIFICAÇÕES COMUNS PARA OS DISPOSITIVOS DESTINADOS À DETEÇÃO OU QUANTIFICAÇÃO DE MARCADORES DA INFEÇÃO PELO CORONAVÍRUS DA SÍNDROME RESPIRATÓRIA AGUDA GRAVE 	756	954	6403	ue/regulamentos/2022/32022R1107.md
32022R1159	Artigo 1.º	Princípios aplicáveis à divulgação	36	46	328	ue/regulamentos/2022/32022R1159.md
32022R1159	Artigo 2.º	Requisitos gerais	48	60	200	ue/regulamentos/2022/32022R1159.md
32022R1159	Artigo 3.º	Divulgação da proporção dos direitos de voto	62	64	81	ue/regulamentos/2022/32022R1159.md
32022R1159	Artigo 4.º	Divulgação do sentido de voto	66	74	207	ue/regulamentos/2022/32022R1159.md
32022R1159	Artigo 5.º	Divulgação da explicação do recurso a empresas de consultoria em matéria de votação	76	82	185	ue/regulamentos/2022/32022R1159.md
32022R1159	Artigo 6.º	Divulgação das recomendações de voto	84	90	139	ue/regulamentos/2022/32022R1159.md
32022R1159	ANEXO I	DIVULGAÇÃO DE INFORMAÇÕES DA POLÍTICA DE INVESTIMENTO PELAS EMPRESAS DE INVESTIMENTO	92	212	1409	ue/regulamentos/2022/32022R1159.md
32022R1159	ANEXO II	INSTRUÇÕES SOBRE A DIVULGAÇÃO DA POLÍTICA DE INVESTIMENTO PELAS EMPRESAS DE INVESTIMENTO	214	555	4724	ue/regulamentos/2022/32022R1159.md
32022R1160	Preâmbulo		18	60	2024	ue/regulamentos/2022/32022R1160.md
32022R1160	Artigo 1.º		64	66	32	ue/regulamentos/2022/32022R1160.md
32022R1160	Artigo 2.º		68	102	848	ue/regulamentos/2022/32022R1160.md
32022R1160	ANEXO		104	122	1179	ue/regulamentos/2022/32022R1160.md
32022R1161	Preâmbulo		18	48	1330	ue/regulamentos/2022/32022R1161.md
32022R1161	Artigo 1.º		52	68	480	ue/regulamentos/2022/32022R1161.md
32022R1161	Artigo 2.º		70	86	113	ue/regulamentos/2022/32022R1161.md
32022R1161	ANEXO		88	282	1258	ue/regulamentos/2022/32022R1161.md
32022R1166	Preâmbulo		18	44	709	ue/regulamentos/2022/32022R1166.md
32022R1166	Artigo 1.º		48	52	32	ue/regulamentos/2022/32022R1166.md
32022R1166	«Artigo 3.º	Inspeção fitossanitária e apresentação de relatórios	54	93	1296	ue/regulamentos/2022/32022R1166.md
32022R1166	Artigo 2.º		95	117	451	ue/regulamentos/2022/32022R1166.md
32022R1167	Preâmbulo		18	112	2990	ue/regulamentos/2022/32022R1167.md
32022R1167	Artigo 1.º		116	125	134	ue/regulamentos/2022/32022R1167.md
32022R1167	Artigo 2.º		127	151	140	ue/regulamentos/2022/32022R1167.md
32022R1171	Preâmbulo		18	62	2606	ue/regulamentos/2022/32022R1171.md
32022R1171	Artigo 1.º		66	74	82	ue/regulamentos/2022/32022R1171.md
32022R1171	Artigo 2.º		76	106	571	ue/regulamentos/2022/32022R1171.md
32022R1171	ANEXO I		108	200	3152	ue/regulamentos/2022/32022R1171.md
32022R1171	ANEXO II		202	211	382	ue/regulamentos/2022/32022R1171.md
32022R1171	ANEXO III		213	283	1350	ue/regulamentos/2022/32022R1171.md
32022R1172	Artigo 1.º	Âmbito de aplicação	31	43	154	ue/regulamentos/2022/32022R1172.md
32022R1172	Artigo 2.º	Sistema de identificação das parcelas agrícolas	47	83	1751	ue/regulamentos/2022/32022R1172.md
32022R1172	Artigo 3.º	Avaliação da qualidade do sistema de identificação das parcelas agrícolas	85	109	463	ue/regulamentos/2022/32022R1172.md
32022R1172	Artigo 4.º	Avaliação da qualidade do sistema de pedido geoespacial	111	131	791	ue/regulamentos/2022/32022R1172.md
32022R1172	Artigo 5.º	Avaliação da qualidade do sistema de vigilância de superfícies	133	157	1086	ue/regulamentos/2022/32022R1172.md
32022R1172	Artigo 6.º	Definições	161	173	225	ue/regulamentos/2022/32022R1172.md
32022R1172	Artigo 7.º	Princípios gerais relativos aos incumprimentos	175	185	272	ue/regulamentos/2022/32022R1172.md
32022R1172	Artigo 8.º	Princípios gerais das sanções administrativas	187	193	301	ue/regulamentos/2022/32022R1172.md
32022R1172	Artigo 9.º	Percentagens de reduções em caso de incumprimento não intencional	195	205	597	ue/regulamentos/2022/32022R1172.md
32022R1172	Artigo 10.º	Percentagens de reduções em caso de incumprimento intencional	207	209	146	ue/regulamentos/2022/32022R1172.md
32022R1172	Artigo 11.º	Cálculo das reduções para vários incumprimentos ocorridos no mesmo ano civil	211	225	643	ue/regulamentos/2022/32022R1172.md
32022R1172	Artigo 12.º	Disposições transitórias	229	237	331	ue/regulamentos/2022/32022R1172.md
32022R1172	Artigo 13.º	Revogação	239	249	124	ue/regulamentos/2022/32022R1172.md
32022R1172	Artigo 14.º	Entrada em vigor e aplicação	251	267	365	ue/regulamentos/2022/32022R1172.md
32022R1173	Artigo 1.º	Âmbito de aplicação	30	52	380	ue/regulamentos/2022/32022R1173.md
32022R1173	Artigo 2.º	Relatório de avaliação da qualidade	54	66	529	ue/regulamentos/2022/32022R1173.md
32022R1173	Artigo 3.º	Regras gerais para o sistema de pedidos de ajuda	68	82	630	ue/regulamentos/2022/32022R1173.md
32022R1173	Artigo 4.º	Simplificação dos procedimentos relativos ao sistema de pedidos de ajuda	84	90	322	ue/regulamentos/2022/32022R1173.md
32022R1173	Artigo 5.º	Requisitos para o sistema de pedidos de ajuda	92	116	725	ue/regulamentos/2022/32022R1173.md
32022R1173	Artigo 6.º	Teor dos pedidos de ajuda	118	134	294	ue/regulamentos/2022/32022R1173.md
32022R1173	Artigo 7.º	Alterações ou retiradas de pedidos de ajuda	136	158	1296	ue/regulamentos/2022/32022R1173.md
32022R1173	Artigo 8.º	Pedido geoespacial	160	186	746	ue/regulamentos/2022/32022R1173.md
32022R1173	Artigo 9.º	Pedidos relativos a intervenções com base nos animais	188	198	339	ue/regulamentos/2022/32022R1173.md
32022R1173	Artigo 10.º	Sistema de vigilância de superfícies	200	234	1197	ue/regulamentos/2022/32022R1173.md
32022R1173	Artigo 11.º	Dados de valor pelo menos equivalente para efeitos do sistema de vigilância de superfícies	236	238	204	ue/regulamentos/2022/32022R1173.md
32022R1173	Artigo 12.º	Aquisição de dados de satélite	240	254	556	ue/regulamentos/2022/32022R1173.md
32022R1173	Artigo 13.º	Controlos das organizações interprofissionais aprovadas para o pagamento específico para o algodão	256	262	216	ue/regulamentos/2022/32022R1173.md
32022R1173	Artigo 14.º	Revogação	264	278	164	ue/regulamentos/2022/32022R1173.md
32022R1173	Artigo 15.º	Entrada em vigor e aplicação	280	294	391	ue/regulamentos/2022/32022R1173.md
32022R1174	Preâmbulo		18	38	530	ue/regulamentos/2022/32022R1174.md
32022R1174	Artigo 1.º		42	44	32	ue/regulamentos/2022/32022R1174.md
32022R1174	Artigo 2.º		46	64	188	ue/regulamentos/2022/32022R1174.md
32022R1174	ANEXO		66	329	5616	ue/regulamentos/2022/32022R1174.md
32022R1176	Preâmbulo		18	50	1303	ue/regulamentos/2022/32022R1176.md
32022R1176	Artigo 1.º		54	56	31	ue/regulamentos/2022/32022R1176.md
32022R1176	Artigo 2.º		58	76	263	ue/regulamentos/2022/32022R1176.md
32022R1176	ANEXO		78	93	554	ue/regulamentos/2022/32022R1176.md
32022R1177	Preâmbulo		18	44	777	ue/regulamentos/2022/32022R1177.md
32022R1177	Artigo 1.º	Alterações do Regulamento de Execução (UE) 2020/683	48	60	140	ue/regulamentos/2022/32022R1177.md
32022R1177	Artigo 2.º	Entrada em vigor e aplicação	62	82	318	ue/regulamentos/2022/32022R1177.md
32022R1177	ANEXO I		84	584	5862	ue/regulamentos/2022/32022R1177.md
32022R1177	ANEXO II		586	707	1073	ue/regulamentos/2022/32022R1177.md
32022R1177	ANEXO III		709	749	461	ue/regulamentos/2022/32022R1177.md
32022R1177	ANEXO IV		751	755	103	ue/regulamentos/2022/32022R1177.md
32022R1177	ANEXO V		757	889	1499	ue/regulamentos/2022/32022R1177.md
32022R1180	Preâmbulo		18	36	370	ue/regulamentos/2022/32022R1180.md
32022R1180	Artigo 1.º		40	46	93	ue/regulamentos/2022/32022R1180.md
32022R1180	Artigo 2.º		48	64	188	ue/regulamentos/2022/32022R1180.md
32022R1181	Preâmbulo		18	42	991	ue/regulamentos/2022/32022R1181.md
32022R1181	Artigo 1.º		46	51	207	ue/regulamentos/2022/32022R1181.md
32022R1181	Artigo 2.º		53	71	244	ue/regulamentos/2022/32022R1181.md
32022R1182	Preâmbulo		18	32	202	ue/regulamentos/2022/32022R1182.md
32022R1182	Artigo 1.º		36	40	74	ue/regulamentos/2022/32022R1182.md
32022R1182	Artigo 2.º		42	62	190	ue/regulamentos/2022/32022R1182.md
32022R1183	Preâmbulo		18	42	950	ue/regulamentos/2022/32022R1183.md
32022R1183	Artigo 1.º		46	48	36	ue/regulamentos/2022/32022R1183.md
32022R1183	Artigo 2.º		50	70	394	ue/regulamentos/2022/32022R1183.md
32022R1183	ANEXO		72	98	332	ue/regulamentos/2022/32022R1183.md
32022R1184	Preâmbulo		18	48	1007	ue/regulamentos/2022/32022R1184.md
32022R1184	Artigo 1.º		52	54	34	ue/regulamentos/2022/32022R1184.md
32022R1184	Artigo 2.º		56	100	1345	ue/regulamentos/2022/32022R1184.md
32022R1184	ANEXO		102	288	9425	ue/regulamentos/2022/32022R1184.md
32022R1185	Preâmbulo		18	44	704	ue/regulamentos/2022/32022R1185.md
32022R1185	Artigo 1.º		48	52	106	ue/regulamentos/2022/32022R1185.md
32022R1185	Artigo 2.º		54	70	151	ue/regulamentos/2022/32022R1185.md
32022R1185	ANEXO	Resumo das características do produto para uma família de produtos biocidas (SPC BPF)	72	401	5279	ue/regulamentos/2022/32022R1185.md
32022R1186	Artigo 1.º		28	32	107	ue/regulamentos/2022/32022R1186.md
32022R1186	Artigo 2.º		34	40	65	ue/regulamentos/2022/32022R1186.md
32022R1186	ANEXO	RESUMO DAS CARACTERÍSTICAS DO PRODUTO PARA UMA FAMÍLIA DE PRODUTOS BIOCIDAS (SPC BPF)	42	553	7702	ue/regulamentos/2022/32022R1186.md
32022R1190	Preâmbulo		18	78	3149	ue/regulamentos/2022/32022R1190.md
32022R1190	Artigo 1.º		82	117	592	ue/regulamentos/2022/32022R1190.md
32022R1190	Artigo 37.º-A	Objetivos e condições para a introdução de indicações	119	161	1632	ue/regulamentos/2022/32022R1190.md
32022R1190	Artigo 37.º-B	Execução das medidas a tomar com base numa indicação de informação	163	261	2225	ue/regulamentos/2022/32022R1190.md
32022R1190	Artigo 2.º		263	317	1282	ue/regulamentos/2022/32022R1190.md
32022R1191	Preâmbulo		18	34	314	ue/regulamentos/2022/32022R1191.md
32022R1191	Artigo 1.º		38	40	46	ue/regulamentos/2022/32022R1191.md
32022R1191	Artigo 2.º		42	62	185	ue/regulamentos/2022/32022R1191.md
32022R1192	Artigo 1.º	Objeto	30	32	58	ue/regulamentos/2022/32022R1192.md
32022R1192	Artigo 2.º	Definições	34	50	232	ue/regulamentos/2022/32022R1192.md
32022R1192	Artigo 3.º	Prospeções oficiais de deteção	54	74	539	ue/regulamentos/2022/32022R1192.md
32022R1192	Artigo 4.º	Amostragem e testagem para as prospeções oficiais de deteção	76	86	310	ue/regulamentos/2022/32022R1192.md
32022R1192	Artigo 5.º	Declaração de sítios de produção infestados e de vegetais especificados infestados	88	98	256	ue/regulamentos/2022/32022R1192.md
32022R1192	Artigo 6.º	Prospeções oficiais de monitorização	102	106	158	ue/regulamentos/2022/32022R1192.md
32022R1192	Artigo 7.º	Amostragem e testagem para as prospeções oficiais de monitorização	108	114	182	ue/regulamentos/2022/32022R1192.md
32022R1192	Artigo 8.º	Medidas de erradicação	118	146	663	ue/regulamentos/2022/32022R1192.md
32022R1192	Artigo 9.º	Medidas relativas aos vegetais infestados	148	158	274	ue/regulamentos/2022/32022R1192.md
32022R1192	Artigo 10.º	Notificação da presença confirmada da praga especificada numa variedade de batata resistente	162	168	253	ue/regulamentos/2022/32022R1192.md
32022R1192	Artigo 11.º	Notificação de variedades resistentes às pragas especificadas	170	172	154	ue/regulamentos/2022/32022R1192.md
32022R1192	Artigo 12.º	Reamostragem oficial e testagem com vista à revogação das medidas num sítio de produção infestado	174	192	530	ue/regulamentos/2022/32022R1192.md
32022R1192	Artigo 14.º	Entrada em vigor	200	204	69	ue/regulamentos/2022/32022R1192.md
32022R1192	ANEXO I	Lista dos vegetais especificados referidos no artigo 2.º, ponto 3, alínea b)	206	246	201	ue/regulamentos/2022/32022R1192.md
32022R1192	ANEXO II	Medidas oficiais a que se referem o artigo 3.º, n.º 3, alínea c), o artigo 9.º, n.º 1, alíneas b) e c), e o anexo I, ponto 3	248	256	282	ue/regulamentos/2022/32022R1192.md
32022R1192	ANEXO III	Amostragem e testagem a que se referem os artigos 4.º e 7.º	258	316	1432	ue/regulamentos/2022/32022R1192.md
32022R1192	ANEXO IV	Modelo de prospeção referido nos artigos 3.º e 6.º	318	331	748	ue/regulamentos/2022/32022R1192.md
32022R1192	ANEXO V		333	413	1518	ue/regulamentos/2022/32022R1192.md
32022R1193	Artigo 1.º	Objeto	29	31	69	ue/regulamentos/2022/32022R1193.md
32022R1193	Artigo 2.º	Definições	33	45	210	ue/regulamentos/2022/32022R1193.md
32022R1193	Artigo 3.º	Prospeções anuais	47	71	739	ue/regulamentos/2022/32022R1193.md
32022R1193	Artigo 4.º	Medidas em caso de suspeita da presença da praga especificada	73	97	544	ue/regulamentos/2022/32022R1193.md
32022R1193	Artigo 5.º	Medidas em caso de confirmação da presença da praga especificada	99	169	1456	ue/regulamentos/2022/32022R1193.md
32022R1193	Artigo 6.º	Medidas de erradicação da praga especificada	171	183	673	ue/regulamentos/2022/32022R1193.md
32022R1193	Artigo 7.º	Medidas específicas de testagem para tubérculos para plantação	185	189	212	ue/regulamentos/2022/32022R1193.md
32022R1193	Artigo 8.º	Entrada em vigor	191	195	68	ue/regulamentos/2022/32022R1193.md
32022R1193	ANEXO I		197	303	1764	ue/regulamentos/2022/32022R1193.md
32022R1193	ANEXO II	Modelo de prospeção referido no artigo 3.º, n.º 3	305	332	940	ue/regulamentos/2022/32022R1193.md
32022R1193	ANEXO III		334	358	537	ue/regulamentos/2022/32022R1193.md
32022R1193	ANEXO IV		360	414	1245	ue/regulamentos/2022/32022R1193.md
32022R1193	ANEXO V		416	566	4208	ue/regulamentos/2022/32022R1193.md
32022R1193	ANEXO VI		568	612	1513	ue/regulamentos/2022/32022R1193.md
32022R1194	Artigo 1.º	Objeto	28	30	68	ue/regulamentos/2022/32022R1194.md
32022R1194	Artigo 2.º	Definições	32	44	252	ue/regulamentos/2022/32022R1194.md
32022R1194	Artigo 3.º	Prospeções anuais	46	68	648	ue/regulamentos/2022/32022R1194.md
32022R1194	Artigo 4.º	Medidas em caso de suspeita da presença da praga especificada	70	92	438	ue/regulamentos/2022/32022R1194.md
32022R1194	Artigo 5.º	Medidas em caso de confirmação da presença da praga especificada	94	126	721	ue/regulamentos/2022/32022R1194.md
32022R1194	Artigo 6.º	Medidas de erradicação da praga especificada	128	140	560	ue/regulamentos/2022/32022R1194.md
32022R1194	Artigo 7.º	Medidas específicas de testagem para tubérculos para plantação	142	146	212	ue/regulamentos/2022/32022R1194.md
32022R1194	Artigo 8.º	Medidas temporárias relativas à circulação de tubérculos de vegetais especificados originários de uma área fortemente infetada	148	156	238	ue/regulamentos/2022/32022R1194.md
32022R1194	Artigo 9.º	Entrada em vigor	158	162	68	ue/regulamentos/2022/32022R1194.md
32022R1194	ANEXO I		164	278	1762	ue/regulamentos/2022/32022R1194.md
32022R1194	ANEXO II	Modelo de prospeção referido no artigo 3.º, n.º 3	280	297	783	ue/regulamentos/2022/32022R1194.md
32022R1194	ANEXO III		299	325	693	ue/regulamentos/2022/32022R1194.md
32022R1194	ANEXO IV		327	333	36	ue/regulamentos/2022/32022R1194.md
32022R1194	ANEXO V		335	419	2560	ue/regulamentos/2022/32022R1194.md
32022R1194	ANEXO VI		421	455	922	ue/regulamentos/2022/32022R1194.md
32022R1195	Artigo 1.º	Objeto	28	30	48	ue/regulamentos/2022/32022R1195.md
32022R1195	Artigo 2.º	Definições	32	38	64	ue/regulamentos/2022/32022R1195.md
32022R1195	Artigo 3.º	Prospeções e testes laboratoriais da praga especificada	40	46	213	ue/regulamentos/2022/32022R1195.md
32022R1195	Artigo 4.º	Declaração de sítios de produção infestados e de vegetais especificados infetados	48	58	212	ue/regulamentos/2022/32022R1195.md
32022R1195	Artigo 5.º	Estabelecimento de áreas demarcadas	60	74	388	ue/regulamentos/2022/32022R1195.md
32022R1195	Artigo 6.º	Medidas de erradicação	76	106	767	ue/regulamentos/2022/32022R1195.md
32022R1195	Artigo 7.º	Variedades de batata resistentes aos patótipos da praga especificada	108	114	255	ue/regulamentos/2022/32022R1195.md
32022R1195	Artigo 8.º	Notificação da presença confirmada da praga especificada numa variedade de batata resistente	116	124	269	ue/regulamentos/2022/32022R1195.md
32022R1195	Artigo 9.º	Revogação das medidas	126	134	362	ue/regulamentos/2022/32022R1195.md
32022R1195	Artigo 10.º	Entrada em vigor	136	140	69	ue/regulamentos/2022/32022R1195.md
32022R1195	ANEXO I	Métodos de testagem para deteção e identificação da praga especificada referidos no artigo 3.º, n.º 2	142	218	1256	ue/regulamentos/2022/32022R1195.md
32022R1195	ANEXO II		220	235	360	ue/regulamentos/2022/32022R1195.md
32022R1195	ANEXO III	Protocolo para a avaliação da resistência de uma variedade a que se refere o artigo 7.º, n.º 2	237	311	1605	ue/regulamentos/2022/32022R1195.md
32022R1195	ANEXO IV	Condições de revogação das medidas referidas no artigo 9.º	313	393	2048	ue/regulamentos/2022/32022R1195.md
32022R1197	Preâmbulo		18	60	1890	ue/regulamentos/2022/32022R1197.md
32022R1197	Artigo 1.º	Alterações do Regulamento de Execução (UE) 2021/404	64	66	49	ue/regulamentos/2022/32022R1197.md
32022R1197	Artigo 2.º	Retificação do Regulamento de Execução (UE) 2021/404	68	75	129	ue/regulamentos/2022/32022R1197.md
32022R1197	Artigo 3.º	Entrada em vigor e aplicação	77	99	428	ue/regulamentos/2022/32022R1197.md
32022R1197	ANEXO		101	330	5634	ue/regulamentos/2022/32022R1197.md
32022R1202	Preâmbulo		18	38	364	ue/regulamentos/2022/32022R1202.md
32022R1202	Artigo 1.º		42	44	41	ue/regulamentos/2022/32022R1202.md
32022R1202	Artigo 2.º		46	64	114	ue/regulamentos/2022/32022R1202.md
32022R1203	Preâmbulo		18	42	736	ue/regulamentos/2022/32022R1203.md
32022R1203	Artigo 1.º		46	48	32	ue/regulamentos/2022/32022R1203.md
32022R1203	Artigo 2.º		50	70	201	ue/regulamentos/2022/32022R1203.md
32022R1203	ANEXO		72	121	779	ue/regulamentos/2022/32022R1203.md
32022R1207	Preâmbulo		18	42	403	ue/regulamentos/2022/32022R1207.md
32022R1207	Artigo 1.º		46	51	60	ue/regulamentos/2022/32022R1207.md
32022R1207	Artigo 2.º		53	71	166	ue/regulamentos/2022/32022R1207.md
32022R1208	Preâmbulo		18	40	334	ue/regulamentos/2022/32022R1208.md
32022R1208	Artigo 1.º		44	48	49	ue/regulamentos/2022/32022R1208.md
32022R1208	Artigo 2.º		50	68	184	ue/regulamentos/2022/32022R1208.md
32022R1209	Preâmbulo		18	38	1101	ue/regulamentos/2022/32022R1209.md
32022R1209	Artigo 1.º	Procedimento	42	52	348	ue/regulamentos/2022/32022R1209.md
32022R1209	Artigo 2.º	Confidencialidade	54	60	178	ue/regulamentos/2022/32022R1209.md
32022R1209	Artigo 3.º	Método de cálculo das coimas	62	94	599	ue/regulamentos/2022/32022R1209.md
32022R1209	Artigo 4.º	Método de cálculo das coimas	96	98	112	ue/regulamentos/2022/32022R1209.md
32022R1209	Artigo 5.º	Entrada em vigor	100	116	219	ue/regulamentos/2022/32022R1209.md
32022R1214	Preâmbulo		18	68	6002	ue/regulamentos/2022/32022R1214.md
32022R1214	Artigo 1.º	Alterações do Regulamento Delegado (UE) 2021/2139	72	76	44	ue/regulamentos/2022/32022R1214.md
32022R1214	«Artigo 2.º-A	Revisão	78	86	182	ue/regulamentos/2022/32022R1214.md
32022R1214	Artigo 2.º	Alterações ao Regulamento Delegado (UE) 2021/2178	88	112	464	ue/regulamentos/2022/32022R1214.md
32022R1214	Artigo 3.º	Entrada em vigor e aplicação	114	150	998	ue/regulamentos/2022/32022R1214.md
32022R1214	ANEXO I		152	343	16916	ue/regulamentos/2022/32022R1214.md
32022R1214	ANEXO II		345	527	15295	ue/regulamentos/2022/32022R1214.md
32022R1214	ANEXO III	«ANEXO XII	529	605	2583	ue/regulamentos/2022/32022R1214.md
32022R1216	Preâmbulo		18	80	5006	ue/regulamentos/2022/32022R1216.md
32022R1216	Artigo 1.º		86	90	311	ue/regulamentos/2022/32022R1216.md
32022R1216	Artigo 2.º		92	94	158	ue/regulamentos/2022/32022R1216.md
32022R1216	Artigo 3.º		96	152	1488	ue/regulamentos/2022/32022R1216.md
32022R1216	Artigo 4.º		158	172	599	ue/regulamentos/2022/32022R1216.md
32022R1216	Artigo 5.º		176	190	628	ue/regulamentos/2022/32022R1216.md
32022R1216	Artigo 6.º		196	208	540	ue/regulamentos/2022/32022R1216.md
32022R1216	Artigo 7.º		212	216	262	ue/regulamentos/2022/32022R1216.md
32022R1216	Artigo 8.º		220	226	303	ue/regulamentos/2022/32022R1216.md
32022R1216	Artigo 9.º		230	232	126	ue/regulamentos/2022/32022R1216.md
32022R1216	Artigo 10.º		236	238	139	ue/regulamentos/2022/32022R1216.md
32022R1216	Artigo 11.º		242	266	457	ue/regulamentos/2022/32022R1216.md
32022R1216	Artigo 12.º		270	272	129	ue/regulamentos/2022/32022R1216.md
32022R1216	Artigo 13.º		276	334	1741	ue/regulamentos/2022/32022R1216.md
32022R1217	Preâmbulo		18	36	484	ue/regulamentos/2022/32022R1217.md
32022R1217	Artigo 1.º		40	42	30	ue/regulamentos/2022/32022R1217.md
32022R1217	Artigo 2.º		44	60	163	ue/regulamentos/2022/32022R1217.md
32022R1217	ANEXO		62	69	190	ue/regulamentos/2022/32022R1217.md
32022R1218	Preâmbulo		18	54	1912	ue/regulamentos/2022/32022R1218.md
32022R1218	Artigo 1.º		58	60	39	ue/regulamentos/2022/32022R1218.md
32022R1218	Artigo 2.º		62	80	309	ue/regulamentos/2022/32022R1218.md
32022R1218	ANEXO		82	235	3150	ue/regulamentos/2022/32022R1218.md
32022R1219	Preâmbulo		18	44	1397	ue/regulamentos/2022/32022R1219.md
32022R1219	Artigo 1.º		48	50	34	ue/regulamentos/2022/32022R1219.md
32022R1219	Artigo 2.º		52	54	143	ue/regulamentos/2022/32022R1219.md
32022R1219	Artigo 3.º		56	78	395	ue/regulamentos/2022/32022R1219.md
32022R1219	ANEXO		80	136	338	ue/regulamentos/2022/32022R1219.md
32022R1220	Preâmbulo		18	38	854	ue/regulamentos/2022/32022R1220.md
32022R1220	Artigo 1.º	Formato das informações a comunicar anualmente às autoridades competentes pelas sucursais de empresas de países terceiros	42	48	276	ue/regulamentos/2022/32022R1220.md
32022R1220	Artigo 2.º	Formato das informações a comunicar à Autoridade Europeia dos Valores Mobiliários e dos Mercados (ESMA) a pedido das autoridades competentes	50	62	241	ue/regulamentos/2022/32022R1220.md
32022R1220	Artigo 3.º	Entrada em vigor	64	82	238	ue/regulamentos/2022/32022R1220.md
32022R1220	ANEXO I	Formato para a apresentação das informações a que se refere o artigo 41.º, n.ºs 3 e 4, da Diretiva 2014/65/UE [^1]	84	176	5150	ue/regulamentos/2022/32022R1220.md
32022R1220	ANEXO II	Formato para a apresentação das informações a que se refere o artigo 41.º, n.ºs 3 e 4, da Diretiva 2014/65/UE, caso a Comissão tenha adotado uma decisão de equi	178	250	4763	ue/regulamentos/2022/32022R1220.md
32022R1221	Preâmbulo		18	745	24771	ue/regulamentos/2022/32022R1221.md
32022R1221	Artigo 1.º		749	766	538	ue/regulamentos/2022/32022R1221.md
32022R1221	Artigo 2.º		768	774	196	ue/regulamentos/2022/32022R1221.md
32022R1221	Artigo 3.º		776	780	128	ue/regulamentos/2022/32022R1221.md
32022R1221	Artigo 4.º		782	840	1025	ue/regulamentos/2022/32022R1221.md
32022R1225	Preâmbulo		18	38	928	ue/regulamentos/2022/32022R1225.md
32022R1225	Artigo 1.º	Derrogação temporária do artigo 33.º, n.º 3, e do artigo 34.º, n.º 1, do Regulamento (UE) n.º 1308/2013	42	46	188	ue/regulamentos/2022/32022R1225.md
32022R1225	Artigo 2.º	Entrada em vigor	48	62	100	ue/regulamentos/2022/32022R1225.md
32022R1226	Artigo 1.º		28	32	99	ue/regulamentos/2022/32022R1226.md
32022R1226	Artigo 2.º		34	40	65	ue/regulamentos/2022/32022R1226.md
32022R1226	ANEXO	RESUMO DAS CARACTERÍSTICAS DO PRODUTO BIOCIDA (SPC BP)	42	282	7680	ue/regulamentos/2022/32022R1226.md
32022R1228	Preâmbulo		18	38	1052	ue/regulamentos/2022/32022R1228.md
32022R1228	Artigo 1.º	Derrogações do Regulamento de Execução (UE) 2017/892	42	48	194	ue/regulamentos/2022/32022R1228.md
32022R1228	Artigo 2.º	Entrada em vigor e aplicação	50	68	204	ue/regulamentos/2022/32022R1228.md
32022R1231	Preâmbulo		18	36	237	ue/regulamentos/2022/32022R1231.md
32022R1231	Artigo 1.º		40	42	29	ue/regulamentos/2022/32022R1231.md
32022R1231	Artigo 2.º		44	58	94	ue/regulamentos/2022/32022R1231.md
32022R1231	ANEXO		60	65	61	ue/regulamentos/2022/32022R1231.md
32022R1232	Preâmbulo		18	44	697	ue/regulamentos/2022/32022R1232.md
32022R1232	Artigo 1.º		48	52	108	ue/regulamentos/2022/32022R1232.md
32022R1232	Artigo 2.º		54	70	146	ue/regulamentos/2022/32022R1232.md
32022R1232	ANEXO	Resumo das características do produto para uma família de produtos biocidas (SPC BPF)	72	2312	39919	ue/regulamentos/2022/32022R1232.md
32022R1246	Preâmbulo		18	38	565	ue/regulamentos/2022/32022R1246.md
32022R1246	Artigo 1.º		42	44	38	ue/regulamentos/2022/32022R1246.md
32022R1246	Artigo 2.º		46	68	270	ue/regulamentos/2022/32022R1246.md
32022R1247	Preâmbulo		18	44	850	ue/regulamentos/2022/32022R1247.md
32022R1247	Artigo 1.º		48	50	62	ue/regulamentos/2022/32022R1247.md
32022R1247	Artigo 2.º		52	72	168	ue/regulamentos/2022/32022R1247.md
32022R1247	ANEXO		74	94	1192	ue/regulamentos/2022/32022R1247.md
32022R1248	Preâmbulo		22	52	1050	ue/regulamentos/2022/32022R1248.md
32022R1248	Artigo 1.º	Autorização	56	58	70	ue/regulamentos/2022/32022R1248.md
32022R1248	Artigo 2.º	Medidas transitórias	60	64	194	ue/regulamentos/2022/32022R1248.md
32022R1248	Artigo 3.º	Entrada em vigor	66	84	149	ue/regulamentos/2022/32022R1248.md
32022R1248	ANEXO		86	109	1152	ue/regulamentos/2022/32022R1248.md
32022R1249	Preâmbulo		18	40	825	ue/regulamentos/2022/32022R1249.md
32022R1249	Artigo 1.º	Autorização	44	46	85	ue/regulamentos/2022/32022R1249.md
32022R1249	Artigo 2.º	Medidas transitórias	48	54	299	ue/regulamentos/2022/32022R1249.md
32022R1249	Artigo 3.º	Entrada em vigor	56	76	159	ue/regulamentos/2022/32022R1249.md
32022R1249	ANEXO		78	89	693	ue/regulamentos/2022/32022R1249.md
32022R1250	Preâmbulo		18	52	1284	ue/regulamentos/2022/32022R1250.md
32022R1250	Artigo 1.º	Autorização	56	58	73	ue/regulamentos/2022/32022R1250.md
32022R1250	Artigo 2.º	Medidas transitórias	60	66	303	ue/regulamentos/2022/32022R1250.md
32022R1250	Artigo 3.º	Entrada em vigor	68	110	268	ue/regulamentos/2022/32022R1250.md
32022R1250	ANEXO		112	283	13986	ue/regulamentos/2022/32022R1250.md
32022R1251	Preâmbulo		18	64	1283	ue/regulamentos/2022/32022R1251.md
32022R1251	Artigo 1.º	Renovação da aprovação da substância ativa	68	70	81	ue/regulamentos/2022/32022R1251.md
32022R1251	Artigo 2.º	Alterações do Regulamento de Execução (UE) n.º 540/2011	72	74	48	ue/regulamentos/2022/32022R1251.md
32022R1251	Artigo 3.º	Entrada em vigor e data de aplicação	76	104	570	ue/regulamentos/2022/32022R1251.md
32022R1251	ANEXO I		106	112	657	ue/regulamentos/2022/32022R1251.md
32022R1251	ANEXO II		114	131	790	ue/regulamentos/2022/32022R1251.md
32022R1252	Preâmbulo		18	38	548	ue/regulamentos/2022/32022R1252.md
32022R1252	Artigo 1.º		42	44	32	ue/regulamentos/2022/32022R1252.md
32022R1252	Artigo 2.º		46	68	422	ue/regulamentos/2022/32022R1252.md
32022R1252	ANEXO		70	166	252	ue/regulamentos/2022/32022R1252.md
32022R1253	Preâmbulo		18	48	1071	ue/regulamentos/2022/32022R1253.md
32022R1253	Artigo 1.º		52	60	294	ue/regulamentos/2022/32022R1253.md
32022R1253	Artigo 2.º		62	84	386	ue/regulamentos/2022/32022R1253.md
32022R1254	Preâmbulo		18	38	1184	ue/regulamentos/2022/32022R1254.md
32022R1254	Artigo 1.º		42	57	317	ue/regulamentos/2022/32022R1254.md
32022R1254	Artigo 2.º		59	87	429	ue/regulamentos/2022/32022R1254.md
32022R1254	ANEXO		89	371	4750	ue/regulamentos/2022/32022R1254.md
32022R1255	Preâmbulo		18	50	1247	ue/regulamentos/2022/32022R1255.md
32022R1255	Artigo 1.º	Antimicrobianos ou grupos de antimicrobianos designados como reservados para o tratamento de determinadas infeções nos seres humanos	54	58	121	ue/regulamentos/2022/32022R1255.md
32022R1255	Artigo 2.º	Entrada em vigor e aplicação	60	80	278	ue/regulamentos/2022/32022R1255.md
32022R1255	ANEXO	Antimicrobianos ou grupos de antimicrobianos reservados para o tratamento de determinadas infeções nos seres humanos	82	162	240	ue/regulamentos/2022/32022R1255.md
32022R1264	Preâmbulo		18	44	792	ue/regulamentos/2022/32022R1264.md
32022R1264	Artigo 1.º		48	50	31	ue/regulamentos/2022/32022R1264.md
32022R1264	Artigo 2.º		52	68	184	ue/regulamentos/2022/32022R1264.md
32022R1264	ANEXO		70	463	3665	ue/regulamentos/2022/32022R1264.md
32022R1266	Preâmbulo		18	46	876	ue/regulamentos/2022/32022R1266.md
32022R1266	Artigo 1.º		50	52	68	ue/regulamentos/2022/32022R1266.md
32022R1266	Artigo 2.º		54	70	107	ue/regulamentos/2022/32022R1266.md
32022R1266	ANEXO		72	82	703	ue/regulamentos/2022/32022R1266.md
32022R1267	Preâmbulo		18	40	578	ue/regulamentos/2022/32022R1267.md
32022R1267	Artigo 1.º	Procedimentos para a designação das instalações de ensaio da União	44	54	273	ue/regulamentos/2022/32022R1267.md
32022R1267	Artigo 2.º	Revisão da designação	56	62	186	ue/regulamentos/2022/32022R1267.md
32022R1267	Artigo 3.º	Entrada em vigor	64	78	101	ue/regulamentos/2022/32022R1267.md
32022R1269	Preâmbulo		22	64	1125	ue/regulamentos/2022/32022R1269.md
32022R1269	Artigo 1.º		68	152	1581	ue/regulamentos/2022/32022R1269.md
32022R1269	"""Artigo 3.º-O"		154	270	2640	ue/regulamentos/2022/32022R1269.md
32022R1269	Artigo 2.º		272	288	142	ue/regulamentos/2022/32022R1269.md
32022R1269	ANEXO I		290	300	78	ue/regulamentos/2022/32022R1269.md
32022R1269	ANEXO II		302	475	9844	ue/regulamentos/2022/32022R1269.md
32022R1269	ANEXO III		477	590	3412	ue/regulamentos/2022/32022R1269.md
32022R1269	ANEXO IV		592	629	628	ue/regulamentos/2022/32022R1269.md
32022R1269	ANEXO V		631	635	40	ue/regulamentos/2022/32022R1269.md
32022R1269	ANEXO VI		637	1317	26372	ue/regulamentos/2022/32022R1269.md
32022R1269	ANEXO VII		1319	1323	44	ue/regulamentos/2022/32022R1269.md
32022R1269	ANEXO VIII		1325	1337	122	ue/regulamentos/2022/32022R1269.md
32022R1269	ANEXO IX		1339	1350	106	ue/regulamentos/2022/32022R1269.md
32022R1270	Preâmbulo		18	38	309	ue/regulamentos/2022/32022R1270.md
32022R1270	Artigo 1.º		42	44	40	ue/regulamentos/2022/32022R1270.md
32022R1270	Artigo 2.º		46	60	88	ue/regulamentos/2022/32022R1270.md
32022R1270	ANEXO		62	131	17006	ue/regulamentos/2022/32022R1270.md
32022R1273	Preâmbulo		18	46	846	ue/regulamentos/2022/32022R1273.md
32022R1273	Artigo 1.º		50	67	524	ue/regulamentos/2022/32022R1273.md
32022R1273	«Artigo 6.º-D		69	77	184	ue/regulamentos/2022/32022R1273.md
32022R1273	Artigo 6.º-E		79	105	902	ue/regulamentos/2022/32022R1273.md
32022R1273	«Artigo 9.º		107	125	458	ue/regulamentos/2022/32022R1273.md
32022R1273	Artigo 2.º		127	145	222	ue/regulamentos/2022/32022R1273.md
32022R1274	Preâmbulo		18	38	361	ue/regulamentos/2022/32022R1274.md
32022R1274	Artigo 1.º		42	44	29	ue/regulamentos/2022/32022R1274.md
32022R1274	Artigo 2.º		46	60	88	ue/regulamentos/2022/32022R1274.md
32022R1274	ANEXO		62	81	1381	ue/regulamentos/2022/32022R1274.md
32022R1275	Preâmbulo		18	38	334	ue/regulamentos/2022/32022R1275.md
32022R1275	Artigo 1.º		42	44	29	ue/regulamentos/2022/32022R1275.md
32022R1275	Artigo 2.º		46	60	88	ue/regulamentos/2022/32022R1275.md
32022R1275	ANEXO		62	79	941	ue/regulamentos/2022/32022R1275.md
32022R1278	Preâmbulo		18	54	1807	ue/regulamentos/2022/32022R1278.md
32022R1278	Artigo 1.º	Alteração do Regulamento (UE) n.º 508/2014	58	113	1536	ue/regulamentos/2022/32022R1278.md
32022R1278	Artigo 2.º	Entrada em vigor	115	143	495	ue/regulamentos/2022/32022R1278.md
32022R1280	Preâmbulo		18	70	2793	ue/regulamentos/2022/32022R1280.md
32022R1280	Artigo 1.º	Objeto	74	76	97	ue/regulamentos/2022/32022R1280.md
32022R1280	Artigo 2.º	Definição	78	84	214	ue/regulamentos/2022/32022R1280.md
32022R1280	Artigo 3.º	Reconhecimento das cartas de condução emitidas pela Ucrânia	86	90	340	ue/regulamentos/2022/32022R1280.md
32022R1280	Artigo 4.º	Cartas de qualificação de motorista e certificados de motorista	92	124	1936	ue/regulamentos/2022/32022R1280.md
32022R1280	Artigo 5.º	Prorrogação da validade dos documentos de condução caducados emitidos pela Ucrânia	126	128	177	ue/regulamentos/2022/32022R1280.md
32022R1280	Artigo 6.º	Cartas de condução emitidas pela Ucrânia perdidas ou roubadas	130	144	939	ue/regulamentos/2022/32022R1280.md
32022R1280	Artigo 7.º	Prevenção da fraude e da falsificação	146	152	254	ue/regulamentos/2022/32022R1280.md
32022R1280	Artigo 8.º	Acompanhamento	154	156	66	ue/regulamentos/2022/32022R1280.md
32022R1280	Artigo 9.º	Entrada em vigor e aplicação	158	194	688	ue/regulamentos/2022/32022R1280.md
32022R1281	Preâmbulo		18	44	565	ue/regulamentos/2022/32022R1281.md
32022R1281	Artigo 1.º		48	71	518	ue/regulamentos/2022/32022R1281.md
32022R1281	Artigo 2.º		73	75	32	ue/regulamentos/2022/32022R1281.md
32022R1281	Artigo 3.º		77	101	475	ue/regulamentos/2022/32022R1281.md
32022R1281	ANEXO		103	422	5008	ue/regulamentos/2022/32022R1281.md
32022R1282	Preâmbulo		18	44	690	ue/regulamentos/2022/32022R1282.md
32022R1282	Artigo 1.º		48	52	104	ue/regulamentos/2022/32022R1282.md
32022R1282	Artigo 2.º		54	70	146	ue/regulamentos/2022/32022R1282.md
32022R1282	ANEXO	Resumo das características do produto para uma família de produtos biocidas (SPC BPF)	72	1931	30164	ue/regulamentos/2022/32022R1282.md
32022R1283	Preâmbulo		18	32	242	ue/regulamentos/2022/32022R1283.md
32022R1283	Artigo 1.º		36	40	81	ue/regulamentos/2022/32022R1283.md
32022R1283	Artigo 2.º		42	62	190	ue/regulamentos/2022/32022R1283.md
32022R1288	Artigo 1.º	Definições	44	58	494	ue/regulamentos/2022/32022R1288.md
32022R1288	Artigo 2.º	Princípios gerais para a apresentação de informações	60	68	476	ue/regulamentos/2022/32022R1288.md
32022R1288	Artigo 3.º	Índices de referência com cabazes de índices	70	72	86	ue/regulamentos/2022/32022R1288.md
32022R1288	Artigo 4.º	Declaração dos intervenientes no mercado financeiro no sentido de que tomam em consideração os principais impactos negativos das suas decisões de investimento n	78	84	454	ue/regulamentos/2022/32022R1288.md
32022R1288	Artigo 5.º	Secção de resumo	86	104	253	ue/regulamentos/2022/32022R1288.md
32022R1288	Artigo 6.º	Descrição dos principais impactos negativos das decisões de investimento sobre os fatores de sustentabilidade	106	118	451	ue/regulamentos/2022/32022R1288.md
32022R1288	Artigo 7.º	Descrição das políticas de identificação e definição de prioridades no que se refere aos principais impactos negativos das decisões de investimento sobre os fat	120	134	541	ue/regulamentos/2022/32022R1288.md
32022R1288	Artigo 8.º	Secção de políticas de envolvimento	136	148	213	ue/regulamentos/2022/32022R1288.md
32022R1288	Artigo 9.º	Secção de referências às normas internacionais	150	162	356	ue/regulamentos/2022/32022R1288.md
32022R1288	Artigo 10.º	Comparação em termos históricos	164	166	154	ue/regulamentos/2022/32022R1288.md
32022R1288	Artigo 11.º	Declaração dos consultores financeiros no sentido de que tomam em consideração, no aconselhamento que prestam relativamente a seguros ou investimentos, os princ	170	182	508	ue/regulamentos/2022/32022R1288.md
32022R1288	Artigo 12.º	Declaração dos intervenientes no mercado financeiro no sentido de que não tomam em consideração os impactos negativos das suas decisões de investimento nos fato	186	194	298	ue/regulamentos/2022/32022R1288.md
32022R1288	Artigo 13.º	Declaração dos consultores financeiros no sentido de que, no aconselhamento que prestam em matéria de investimento ou de seguros, não tomam em consideração os i	196	206	478	ue/regulamentos/2022/32022R1288.md
32022R1288	Artigo 14.º	Apresentação pelos intervenientes no mercado financeiro das informações pré-contratuais a divulgar nos termos do artigo 8.º, n.ºs 1, 2 e 2-A, do Regulamento (UE	212	222	321	ue/regulamentos/2022/32022R1288.md
32022R1288	Artigo 15.º	Informação sobre o investimento sustentável na secção de afetação dos ativos para produtos financeiros que promovem características ambientais	224	266	1214	ue/regulamentos/2022/32022R1288.md
32022R1288	Artigo 16.º	Informação sobre o investimento sustentável na secção de afetação dos ativos para produtos financeiros que promovem características sociais	268	270	140	ue/regulamentos/2022/32022R1288.md
32022R1288	Artigo 17.º	Cálculo da medida em que os investimentos são realizados em atividades económicas sustentáveis do ponto de vista ambiental	272	306	1298	ue/regulamentos/2022/32022R1288.md
32022R1288	Artigo 18.º	Apresentação pelos intervenientes no mercado financeiro das informações pré-contratuais sobre os produtos financeiros a divulgar nos termos do artigo 9.º, n.ºs 	310	316	282	ue/regulamentos/2022/32022R1288.md
32022R1288	Artigo 19.º	Informações sobre o investimento sustentável dos produtos financeiros com um objetivo de investimento sustentável	318	338	508	ue/regulamentos/2022/32022R1288.md
32022R1288	Artigo 20.º	Produtos financeiros com uma ou mais opções de investimento subjacente que qualificam esses produtos financeiros como produtos financeiros que promovem caracter	342	368	928	ue/regulamentos/2022/32022R1288.md
32022R1288	Artigo 21.º	Produtos financeiros em que todas as opções de investimento subjacente têm como objetivo o investimento sustentável	370	388	721	ue/regulamentos/2022/32022R1288.md
32022R1288	Artigo 22.º	Informação relativa a opções de investimento subjacente que têm como objetivo o investimento sustentável e não são, elas próprias, produtos financeiros	390	402	341	ue/regulamentos/2022/32022R1288.md
32022R1288	Artigo 23.º	Secção do sítio Web para divulgação da informação relacionada com a sustentabilidade dos produtos financeiros	406	408	212	ue/regulamentos/2022/32022R1288.md
32022R1288	Artigo 24.º	Secções do sítio Web para divulgação de informações relativas aos produtos financeiros que promovem características ambientais ou sociais	412	438	286	ue/regulamentos/2022/32022R1288.md
32022R1288	Artigo 25.º	Secção «Resumo» do sítio Web para os produtos financeiros que promovem características ambientais ou sociais	440	448	246	ue/regulamentos/2022/32022R1288.md
32022R1288	Artigo 26.º	Secção «Produto sem objetivo de investimento sustentável» do sítio Web para os produtos financeiros que promovem características ambientais ou sociais	450	458	384	ue/regulamentos/2022/32022R1288.md
32022R1288	Artigo 27.º	Secção «Características ambientais ou sociais do produto financeiro» do sítio Web para os produtos financeiros que promovem características ambientais ou sociai	460	462	107	ue/regulamentos/2022/32022R1288.md
32022R1288	Artigo 28.º	Secção «Estratégia de investimento» do sítio Web para os produtos financeiros que promovem características ambientais ou sociais	464	470	178	ue/regulamentos/2022/32022R1288.md
32022R1288	Artigo 29.º	Secção «Proporção dos investimentos» do sítio Web para os produtos financeiros que promovem características ambientais ou sociais	472	474	112	ue/regulamentos/2022/32022R1288.md
32022R1288	Artigo 30.º	Secção «Monitorização das características ambientais ou sociais» do sítio Web para os produtos financeiros que promovem características ambientais ou sociais	476	478	182	ue/regulamentos/2022/32022R1288.md
32022R1288	Artigo 31.º	Secção «Metodologias relativas às características ambientais ou sociais» do sítio Web para os produtos financeiros que promovem características ambientais ou so	480	482	126	ue/regulamentos/2022/32022R1288.md
32022R1288	Artigo 32.º	Secção «Fontes e tratamento dos dados» do sítio Web para os produtos financeiros que promovem características ambientais ou sociais	484	494	160	ue/regulamentos/2022/32022R1288.md
32022R1288	Artigo 33.º	Secção «Limitações da metodologia e dos dados» do sítio Web para os produtos financeiros que promovem características ambientais ou sociais	496	502	154	ue/regulamentos/2022/32022R1288.md
32022R1288	Artigo 34.º	Secção «Diligência devida» do sítio Web para os produtos financeiros que promovem características ambientais ou sociais	504	506	118	ue/regulamentos/2022/32022R1288.md
32022R1288	Artigo 35.º	Secção «Políticas de envolvimento» do sítio Web para os produtos financeiros que promovem características ambientais ou sociais	508	510	146	ue/regulamentos/2022/32022R1288.md
32022R1288	Artigo 36.º	Secção «Índice de referência designado» do sítio Web para os produtos financeiros que promovem características ambientais ou sociais	512	516	228	ue/regulamentos/2022/32022R1288.md
32022R1288	Artigo 37.º	Informações no sítio Web para os produtos financeiros que têm como objetivo investimentos sustentáveis	520	546	252	ue/regulamentos/2022/32022R1288.md
32022R1288	Artigo 38.º	Secção «Resumo» do sítio Web para os produtos financeiros que têm como objetivo o investimento sustentável	548	556	245	ue/regulamentos/2022/32022R1288.md
32022R1288	Artigo 39.º	Secção «Princípio de não prejudicar significativamente o objetivo de investimento sustentável» do sítio Web para os produtos financeiros que têm como objetivo o	558	564	312	ue/regulamentos/2022/32022R1288.md
32022R1288	Artigo 40.º	Secção «Objetivo de investimento sustentável do produto financeiro» do sítio Web para os produtos financeiros que têm como objetivo o investimento sustentável	566	568	103	ue/regulamentos/2022/32022R1288.md
32022R1288	Artigo 41.º	Secção «Estratégia de investimento» do sítio Web para os produtos financeiros que têm como objetivo o investimento sustentável	570	576	170	ue/regulamentos/2022/32022R1288.md
32022R1288	Artigo 42.º	Secção «Proporção dos investimentos» do sítio Web para os produtos financeiros que têm como objetivo o investimento sustentável	578	580	148	ue/regulamentos/2022/32022R1288.md
32022R1288	Artigo 43.º	Secção «Monitorização do objetivo de investimento sustentável» do sítio Web para os produtos financeiros que têm como objetivo o investimento sustentável	582	584	161	ue/regulamentos/2022/32022R1288.md
32022R1288	Artigo 44.º	Secção «Metodologias» do sítio Web para os produtos financeiros que têm como objetivo o investimento sustentável	586	588	111	ue/regulamentos/2022/32022R1288.md
32022R1288	Artigo 45.º	Secção «Fontes e tratamento dos dados» do sítio Web para os produtos financeiros que têm como objetivo o investimento sustentável	590	600	149	ue/regulamentos/2022/32022R1288.md
32022R1288	Artigo 46.º	Secção «Limitações à metodologia e dados» do sítio Web para os produtos financeiros que têm como objetivo o investimento sustentável	602	608	141	ue/regulamentos/2022/32022R1288.md
32022R1288	Artigo 47.º	Secção «Diligência devida» do sítio Web para os produtos financeiros que têm como objetivo o investimento sustentável	610	612	117	ue/regulamentos/2022/32022R1288.md
32022R1288	Artigo 48.º	Secção «Políticas de envolvimento» do sítio Web para os produtos financeiros que têm como objetivo o investimento sustentável	614	616	140	ue/regulamentos/2022/32022R1288.md
32022R1288	Artigo 49.º	Secção «Realização do objetivo de investimento sustentável» do sítio Web para os produtos financeiros que têm como objetivo o investimento sustentável	618	628	580	ue/regulamentos/2022/32022R1288.md
32022R1288	Artigo 50.º	Requisitos de apresentação e conteúdo aplicáveis aos relatórios periódicos sobre produtos financeiros que promovem características ambientais ou sociais	634	638	216	ue/regulamentos/2022/32022R1288.md
32022R1288	Artigo 51.º	Cumprimento das características ambientais ou sociais promovidas pelos produtos financeiros	640	656	688	ue/regulamentos/2022/32022R1288.md
32022R1288	Artigo 52.º	Principais investimentos dos produtos financeiros que promovem características ambientais ou sociais	658	662	234	ue/regulamentos/2022/32022R1288.md
32022R1288	Artigo 53.º	Alocação dos ativos dos produtos financeiros que promovem características ambientais ou sociais	664	670	238	ue/regulamentos/2022/32022R1288.md
32022R1288	Artigo 54.º	Proporção dos investimentos nos diferentes sectores e subsectores económicos	672	674	194	ue/regulamentos/2022/32022R1288.md
32022R1288	Artigo 55.º	Informações sobre os investimentos em atividades económicas sustentáveis do ponto de vista ambiental dos produtos financeiros que promovem características ambie	676	720	1180	ue/regulamentos/2022/32022R1288.md
32022R1288	Artigo 56.º	Informação sobre os produtos financeiros que promovem características sociais	722	724	116	ue/regulamentos/2022/32022R1288.md
32022R1288	Artigo 57.º	Desempenho sustentável do índice de referência designado em matéria de características ambientais ou sociais	726	736	402	ue/regulamentos/2022/32022R1288.md
32022R1288	Artigo 58.º	Requisitos de apresentação e conteúdo aplicáveis aos relatórios periódicos sobre produtos financeiros que têm como objetivo o investimento sustentável	740	742	202	ue/regulamentos/2022/32022R1288.md
32022R1288	Artigo 59.º	Realização do objetivo de investimento sustentável do produto financeiro	744	766	920	ue/regulamentos/2022/32022R1288.md
32022R1288	Artigo 60.º	Principais investimentos dos produtos financeiros que têm como objetivo o investimento sustentável	768	772	244	ue/regulamentos/2022/32022R1288.md
32022R1288	Artigo 61.º	Proporção dos investimentos relacionados com a sustentabilidade dos produtos financeiros que têm como objetivo o investimento sustentável	774	782	242	ue/regulamentos/2022/32022R1288.md
32022R1288	Artigo 62.º	Informação sobre os investimentos sustentáveis dos produtos financeiros com um objetivo de investimento sustentável	784	814	614	ue/regulamentos/2022/32022R1288.md
32022R1288	Artigo 63.º	Desempenho sustentável do índice designado como índice de referência para o objetivo sustentável	816	826	402	ue/regulamentos/2022/32022R1288.md
32022R1288	Artigo 64.º	Comparações históricas entre os relatórios periódicos	830	840	361	ue/regulamentos/2022/32022R1288.md
32022R1288	Artigo 65.º	Produtos financeiros com uma ou mais opções de investimento subjacente que qualificam esses produtos financeiros como produtos financeiros que promovem caracter	844	862	574	ue/regulamentos/2022/32022R1288.md
32022R1288	Artigo 66.º	Produtos financeiros em que todas as opções de investimento subjacente têm como objetivo o investimento sustentável	864	874	362	ue/regulamentos/2022/32022R1288.md
32022R1288	Artigo 67.º	Informação relativa a opções de investimento subjacente que têm como objetivo o investimento sustentável e não são, elas próprias, produtos financeiros	876	888	390	ue/regulamentos/2022/32022R1288.md
32022R1288	Artigo 68.º	Entrada em vigor e aplicação	892	898	89	ue/regulamentos/2022/32022R1288.md
32022R1288	ANEXO I	Modelo de declaração dos principais impactos negativos sobre a sustentabilidade	900	1122	7879	ue/regulamentos/2022/32022R1288.md
32022R1288	ANEXO II		1124	1136	76	ue/regulamentos/2022/32022R1288.md
32022R1288	ANEXO III		1138	1150	76	ue/regulamentos/2022/32022R1288.md
32022R1288	ANEXO IV		1152	1166	80	ue/regulamentos/2022/32022R1288.md
32022R1288	ANEXO V		1168	1228	1817	ue/regulamentos/2022/32022R1288.md
32022R1289	Preâmbulo		18	32	204	ue/regulamentos/2022/32022R1289.md
32022R1289	Artigo 1.º		36	40	80	ue/regulamentos/2022/32022R1289.md
32022R1289	Artigo 2.º		42	62	190	ue/regulamentos/2022/32022R1289.md
32022R1290	Preâmbulo		18	58	2119	ue/regulamentos/2022/32022R1290.md
32022R1290	Artigo 1.º		62	64	35	ue/regulamentos/2022/32022R1290.md
32022R1290	Artigo 2.º		66	96	618	ue/regulamentos/2022/32022R1290.md
32022R1290	ANEXO		98	1041	12836	ue/regulamentos/2022/32022R1290.md
32022R1291	Preâmbulo		18	80	3408	ue/regulamentos/2022/32022R1291.md
32022R1291	Artigo 1.º		84	86	41	ue/regulamentos/2022/32022R1291.md
32022R1291	Artigo 2.º		88	90	66	ue/regulamentos/2022/32022R1291.md
32022R1291	Artigo 3.º		92	108	106	ue/regulamentos/2022/32022R1291.md
32022R1292	Preâmbulo		22	48	656	ue/regulamentos/2022/32022R1292.md
32022R1292	Artigo 1.º		52	66	237	ue/regulamentos/2022/32022R1292.md
32022R1292	Artigo 2.º		68	86	194	ue/regulamentos/2022/32022R1292.md
32022R1299	Artigo 1.º	Obrigações gerais de controlo	36	38	76	ue/regulamentos/2022/32022R1299.md
32022R1299	Artigo 2.º	Níveis de responsabilização	40	52	430	ue/regulamentos/2022/32022R1299.md
32022R1299	Artigo 3.º	Revisão e comunicação dos níveis de responsabilização	54	60	180	ue/regulamentos/2022/32022R1299.md
32022R1299	Artigo 4.º		62	68	162	ue/regulamentos/2022/32022R1299.md
32022R1300	Preâmbulo		18	38	471	ue/regulamentos/2022/32022R1300.md
32022R1300	Artigo 1.º		42	44	33	ue/regulamentos/2022/32022R1300.md
32022R1300	Artigo 2.º		46	66	354	ue/regulamentos/2022/32022R1300.md
32022R1300	ANEXO		68	99	1984	ue/regulamentos/2022/32022R1300.md
32022R1301	Preâmbulo		18	46	1139	ue/regulamentos/2022/32022R1301.md
32022R1301	Artigo 1.º	Alterações do Regulamento Delegado (UE) 2020/1226	50	79	471	ue/regulamentos/2022/32022R1301.md
32022R1301	Artigo 2.º	Entrada em vigor	81	103	430	ue/regulamentos/2022/32022R1301.md
32022R1301	ANEXO I		105	142	1108	ue/regulamentos/2022/32022R1301.md
32022R1301	ANEXO II	«ANEXO IV	144	328	18825	ue/regulamentos/2022/32022R1301.md
32022R1302	Artigo 1.º	Objeto	26	28	82	ue/regulamentos/2022/32022R1302.md
32022R1302	Artigo 2.º	Definições	30	64	672	ue/regulamentos/2022/32022R1302.md
32022R1302	Artigo 3.º	Agregação e compensação de posições num derivado de mercadorias	68	88	867	ue/regulamentos/2022/32022R1302.md
32022R1302	Artigo 4.º	Método para calcular as posições das entidades jurídicas num grupo	90	98	193	ue/regulamentos/2022/32022R1302.md
32022R1302	Artigo 5.º	Volumes significativos	100	104	160	ue/regulamentos/2022/32022R1302.md
32022R1302	Artigo 6.º	Contratos OTC economicamente equivalentes a derivados de mercadorias negociados em plataformas de negociação	106	108	132	ue/regulamentos/2022/32022R1302.md
32022R1302	Artigo 7.º	Posições consideradas como fatores de redução dos riscos diretamente relacionados com as atividades comerciais	110	132	871	ue/regulamentos/2022/32022R1302.md
32022R1302	Artigo 8.º	Pedido de isenção dos limites às posições no que diz respeito às posições consideradas como fatores de redução dos riscos diretamente relacionados com atividade	134	168	1233	ue/regulamentos/2022/32022R1302.md
32022R1302	Artigo 9.º	Pedido de isenção dos limites às posições no que diz respeito ao fornecimento obrigatório de liquidez	170	186	583	ue/regulamentos/2022/32022R1302.md
32022R1302	Artigo 10.º	Posições consideradas como resultantes do fornecimento obrigatório de liquidez	188	198	388	ue/regulamentos/2022/32022R1302.md
32022R1302	Artigo 11.º	Metodologia de determinação do valor de referência para os limites do mês spot	204	212	473	ue/regulamentos/2022/32022R1302.md
32022R1302	Artigo 12.º	Quantidade suscetível de ser entregue	214	228	324	ue/regulamentos/2022/32022R1302.md
32022R1302	Artigo 13.º	Metodologia de determinação do valor de referência para os limites dos outros meses	230	234	111	ue/regulamentos/2022/32022R1302.md
32022R1302	Artigo 14.º	Posições abertas	236	240	360	ue/regulamentos/2022/32022R1302.md
32022R1302	Artigo 15.º	Metodologia de determinação do valor de referência no que diz respeito a determinados derivados de mercadorias	242	246	282	ue/regulamentos/2022/32022R1302.md
32022R1302	Artigo 16.º	Avaliação dos fatores	250	256	224	ue/regulamentos/2022/32022R1302.md
32022R1302	Artigo 17.º	Derivados de mercadorias agrícolas novos e com menor liquidez	258	262	222	ue/regulamentos/2022/32022R1302.md
32022R1302	Artigo 18.º	Quantidade suscetível de ser entregue da mercadoria subjacente	264	266	144	ue/regulamentos/2022/32022R1302.md
32022R1302	Artigo 19.º	Total de posições abertas	268	274	180	ue/regulamentos/2022/32022R1302.md
32022R1302	Artigo 20.º	Número de participantes no mercado	276	286	322	ue/regulamentos/2022/32022R1302.md
32022R1302	Artigo 21.º	Características do mercado da mercadoria subjacente	288	308	438	ue/regulamentos/2022/32022R1302.md
32022R1302	Artigo 22.º	Revogação	310	314	75	ue/regulamentos/2022/32022R1302.md
32022R1302	Artigo 23.º	Entrada em vigor e aplicação	316	320	72	ue/regulamentos/2022/32022R1302.md
32022R1302	ANEXO	Tabela de correspondência	322	399	1070	ue/regulamentos/2022/32022R1302.md
32022R1303	Preâmbulo		18	48	1482	ue/regulamentos/2022/32022R1303.md
32022R1303	Artigo 1.º		52	54	22	ue/regulamentos/2022/32022R1303.md
32022R1303	«Artigo 5.º	Definição de álcool etílico de origem agrícola e requisitos aplicáveis	56	76	274	ue/regulamentos/2022/32022R1303.md
32022R1303	Artigo 2.º		78	96	228	ue/regulamentos/2022/32022R1303.md
32022R1304	Preâmbulo		18	34	312	ue/regulamentos/2022/32022R1304.md
32022R1304	Artigo 1.º		38	40	38	ue/regulamentos/2022/32022R1304.md
32022R1304	Artigo 2.º		42	62	182	ue/regulamentos/2022/32022R1304.md
32022R1305	Preâmbulo		18	709	21552	ue/regulamentos/2022/32022R1305.md
32022R1305	Artigo 1.º		713	717	143	ue/regulamentos/2022/32022R1305.md
32022R1305	Artigo 2.º		719	721	106	ue/regulamentos/2022/32022R1305.md
32022R1305	Artigo 3.º		723	725	102	ue/regulamentos/2022/32022R1305.md
32022R1305	Artigo 4.º		727	729	97	ue/regulamentos/2022/32022R1305.md
32022R1305	Artigo 5.º		731	733	31	ue/regulamentos/2022/32022R1305.md
32022R1305	Artigo 6.º		735	855	2742	ue/regulamentos/2022/32022R1305.md
32022R1306	Preâmbulo		18	48	1287	ue/regulamentos/2022/32022R1306.md
32022R1306	Artigo 1.º		52	54	36	ue/regulamentos/2022/32022R1306.md
32022R1306	Artigo 2.º		56	74	287	ue/regulamentos/2022/32022R1306.md
32022R1306	ANEXO I		76	417	8647	ue/regulamentos/2022/32022R1306.md
32022R1308	Preâmbulo		18	38	331	ue/regulamentos/2022/32022R1308.md
32022R1308	Artigo 1.º		42	44	28	ue/regulamentos/2022/32022R1308.md
32022R1308	Artigo 2.º		46	60	91	ue/regulamentos/2022/32022R1308.md
32022R1308	ANEXO		62	76	649	ue/regulamentos/2022/32022R1308.md
32022R1309	Preâmbulo		18	56	1405	ue/regulamentos/2022/32022R1309.md
32022R1309	Artigo 1.º		60	62	36	ue/regulamentos/2022/32022R1309.md
32022R1309	Artigo 2.º		64	92	782	ue/regulamentos/2022/32022R1309.md
32022R1309	ANEXO		94	104	190	ue/regulamentos/2022/32022R1309.md
32022R1317	Preâmbulo		18	50	2433	ue/regulamentos/2022/32022R1317.md
32022R1317	Artigo 1.º	Decisões que derrogam a aplicação de determinadas normas em matéria de boas condições agrícolas e ambientais das terras para o ano do pedido de 2023	54	76	772	ue/regulamentos/2022/32022R1317.md
32022R1317	Artigo 2.º	Prazo, notificação das decisões e respetiva aplicação	78	88	424	ue/regulamentos/2022/32022R1317.md
32022R1317	Artigo 3.º	Entrada em vigor	90	108	197	ue/regulamentos/2022/32022R1317.md
32022R1321	Preâmbulo		18	54	1659	ue/regulamentos/2022/32022R1321.md
32022R1321	Artigo 1.º		58	60	34	ue/regulamentos/2022/32022R1321.md
32022R1321	Artigo 2.º		62	64	58	ue/regulamentos/2022/32022R1321.md
32022R1321	Artigo 3.º		66	90	378	ue/regulamentos/2022/32022R1321.md
32022R1321	ANEXO		92	489	12085	ue/regulamentos/2022/32022R1321.md
32022R1322	Preâmbulo		18	38	783	ue/regulamentos/2022/32022R1322.md
32022R1322	Artigo 1.º		42	44	34	ue/regulamentos/2022/32022R1322.md
32022R1322	Artigo 2.º		46	70	591	ue/regulamentos/2022/32022R1322.md
32022R1322	ANEXO	«ANEXO	72	964	27188	ue/regulamentos/2022/32022R1322.md
32022R1324	Preâmbulo		18	46	1361	ue/regulamentos/2022/32022R1324.md
32022R1324	Artigo 1.º		50	52	34	ue/regulamentos/2022/32022R1324.md
32022R1324	Artigo 2.º		54	82	574	ue/regulamentos/2022/32022R1324.md
32022R1324	ANEXO		84	879	20329	ue/regulamentos/2022/32022R1324.md
32022R1329	Preâmbulo		18	38	342	ue/regulamentos/2022/32022R1329.md
32022R1329	Artigo 1.º		42	44	58	ue/regulamentos/2022/32022R1329.md
32022R1329	Artigo 2.º		46	64	231	ue/regulamentos/2022/32022R1329.md
32022R1330	Preâmbulo		18	36	240	ue/regulamentos/2022/32022R1330.md
32022R1330	Artigo 1.º		40	42	29	ue/regulamentos/2022/32022R1330.md
32022R1330	Artigo 2.º		44	58	90	ue/regulamentos/2022/32022R1330.md
32022R1330	ANEXO		60	81	110	ue/regulamentos/2022/32022R1330.md
32022R1331	Preâmbulo		18	40	414	ue/regulamentos/2022/32022R1331.md
32022R1331	Artigo 1.º		44	46	32	ue/regulamentos/2022/32022R1331.md
32022R1331	Artigo 2.º		48	62	91	ue/regulamentos/2022/32022R1331.md
32022R1331	ANEXO		64	169	11856	ue/regulamentos/2022/32022R1331.md
32022R1332	Preâmbulo		18	34	320	ue/regulamentos/2022/32022R1332.md
32022R1332	Artigo 1.º		38	40	54	ue/regulamentos/2022/32022R1332.md
32022R1332	Artigo 2.º		42	62	182	ue/regulamentos/2022/32022R1332.md
32022R1343	Preâmbulo		18	54	2345	ue/regulamentos/2022/32022R1343.md
32022R1343	Artigo 1.º		58	60	34	ue/regulamentos/2022/32022R1343.md
32022R1343	Artigo 2.º		62	64	58	ue/regulamentos/2022/32022R1343.md
32022R1343	Artigo 3.º		66	92	599	ue/regulamentos/2022/32022R1343.md
32022R1343	ANEXO		94	491	6306	ue/regulamentos/2022/32022R1343.md
32022R1344	Preâmbulo		18	34	352	ue/regulamentos/2022/32022R1344.md
32022R1344	Artigo 1.º		38	40	68	ue/regulamentos/2022/32022R1344.md
32022R1344	Artigo 2.º		42	46	106	ue/regulamentos/2022/32022R1344.md
32022R1344	Artigo 3.º		48	62	97	ue/regulamentos/2022/32022R1344.md
32022R1344	ANEXO		64	92	5358	ue/regulamentos/2022/32022R1344.md
32022R1345	Preâmbulo		18	46	1637	ue/regulamentos/2022/32022R1345.md
32022R1345	Artigo 1.º	Objeto e âmbito de aplicação	50	58	212	ue/regulamentos/2022/32022R1345.md
32022R1345	Artigo 2.º	Informações a facultar pelos operadores para efeitos de registo do seu estabelecimento	60	68	314	ue/regulamentos/2022/32022R1345.md
32022R1345	Artigo 3.º	Tipos de estabelecimentos que detêm animais terrestres que podem ser isentos da obrigação de registo pelos Estados-Membros	70	82	326	ue/regulamentos/2022/32022R1345.md
32022R1345	Artigo 4.º	Informações a facultar pelos operadores para efeitos do pedido de aprovação do seu estabelecimento	84	90	208	ue/regulamentos/2022/32022R1345.md
32022R1345	Artigo 5.º	Entrada em vigor	92	108	200	ue/regulamentos/2022/32022R1345.md
32022R1346	Preâmbulo		18	54	1674	ue/regulamentos/2022/32022R1346.md
32022R1346	Artigo 1.º		58	60	34	ue/regulamentos/2022/32022R1346.md
32022R1346	Artigo 2.º		62	64	58	ue/regulamentos/2022/32022R1346.md
32022R1346	Artigo 3.º		66	90	381	ue/regulamentos/2022/32022R1346.md
32022R1346	ANEXO		92	489	11793	ue/regulamentos/2022/32022R1346.md
32022R1352	Preâmbulo		18	34	542	ue/regulamentos/2022/32022R1352.md
32022R1352	Artigo 1.º		38	40	108	ue/regulamentos/2022/32022R1352.md
32022R1352	Artigo 2.º		42	64	514	ue/regulamentos/2022/32022R1352.md
32022R1354	Preâmbulo		18	38	328	ue/regulamentos/2022/32022R1354.md
32022R1354	Artigo 1.º		42	44	26	ue/regulamentos/2022/32022R1354.md
32022R1354	Artigo 2.º		46	60	88	ue/regulamentos/2022/32022R1354.md
32022R1354	ANEXO		62	71	1031	ue/regulamentos/2022/32022R1354.md
32022R1356	Preâmbulo		18	36	232	ue/regulamentos/2022/32022R1356.md
32022R1356	Artigo 1.º		40	42	29	ue/regulamentos/2022/32022R1356.md
32022R1356	Artigo 2.º		44	58	90	ue/regulamentos/2022/32022R1356.md
32022R1356	ANEXO		60	72	242	ue/regulamentos/2022/32022R1356.md
32022R1357	Preâmbulo		18	48	1193	ue/regulamentos/2022/32022R1357.md
32022R1357	Artigo 1.º		52	54	27	ue/regulamentos/2022/32022R1357.md
32022R1357	Artigo 2.º		56	74	223	ue/regulamentos/2022/32022R1357.md
32022R1357	ANEXO		76	125	491	ue/regulamentos/2022/32022R1357.md
32022R1358	Preâmbulo		18	46	916	ue/regulamentos/2022/32022R1358.md
32022R1358	Artigo 1.º		50	64	129	ue/regulamentos/2022/32022R1358.md
32022R1358	«Artigo 1.º	Âmbito de aplicação e definições	66	154	1426	ue/regulamentos/2022/32022R1358.md
32022R1358	«Artigo 2.º	Certificação de produtos, peças e equipamentos	156	190	554	ue/regulamentos/2022/32022R1358.md
32022R1358	«Artigo 2.º-A	Disposições transitórias aplicáveis aos certificados anteriormente emitidos ao abrigo do anexo I (parte 21)	192	246	1517	ue/regulamentos/2022/32022R1358.md
32022R1358	«Artigo 10.º	Medidas da responsabilidade da Agência	248	256	183	ue/regulamentos/2022/32022R1358.md
32022R1358	Artigo 2.º		258	280	326	ue/regulamentos/2022/32022R1358.md
32022R1358	ANEXO I		282	588	9375	ue/regulamentos/2022/32022R1358.md
32022R1358	ANEXO II		590	3623	57593	ue/regulamentos/2022/32022R1358.md
32022R1358	Apêndice I	Certificado de Aeronavegabilidade Restrito — Formulário 24B da AESA	3625	3641	464	ue/regulamentos/2022/32022R1358.md
32022R1358	Apêndice II		3643	3658	344	ue/regulamentos/2022/32022R1358.md
32022R1358	Apêndice III		3660	3717	2256	ue/regulamentos/2022/32022R1358.md
32022R1358	Apêndice IV	Certificado de aptidão para serviço — Formulário 53B DA EASA	3719	3759	562	ue/regulamentos/2022/32022R1358.md
32022R1359	Preâmbulo		18	40	388	ue/regulamentos/2022/32022R1359.md
32022R1359	Artigo 1.º		44	50	64	ue/regulamentos/2022/32022R1359.md
32022R1359	Artigo 2.º		52	68	104	ue/regulamentos/2022/32022R1359.md
32022R1359	ANEXO I	«ANEXO II	70	823	3730	ue/regulamentos/2022/32022R1359.md
32022R1359	ANEXO II	«ANEXO III	825	967	1338	ue/regulamentos/2022/32022R1359.md
32022R1360	Preâmbulo		18	42	658	ue/regulamentos/2022/32022R1360.md
32022R1360	Artigo 1.º		46	58	142	ue/regulamentos/2022/32022R1360.md
32022R1360	Artigo 2.º		60	84	440	ue/regulamentos/2022/32022R1360.md
32022R1360	ANEXO I		86	191	2944	ue/regulamentos/2022/32022R1360.md
32022R1360	ANEXO II		193	212	457	ue/regulamentos/2022/32022R1360.md
32022R1360	ANEXO III		214	226	454	ue/regulamentos/2022/32022R1360.md
32022R1360	ANEXO IV		228	318	2209	ue/regulamentos/2022/32022R1360.md
32022R1360	ANEXO V		320	327	214	ue/regulamentos/2022/32022R1360.md
32022R1361	Preâmbulo		18	42	681	ue/regulamentos/2022/32022R1361.md
32022R1361	Artigo 1.º		46	48	36	ue/regulamentos/2022/32022R1361.md
32022R1361	Artigo 2.º		50	72	363	ue/regulamentos/2022/32022R1361.md
32022R1361	ANEXO		74	650	13568	ue/regulamentos/2022/32022R1361.md
32022R1362	Artigo 1.º	Âmbito de aplicação	30	46	157	ue/regulamentos/2022/32022R1362.md
32022R1362	Artigo 2.º	Definições	48	76	1014	ue/regulamentos/2022/32022R1362.md
32022R1362	Artigo 3.º	Grupos de veículos	80	82	40	ue/regulamentos/2022/32022R1362.md
32022R1362	Artigo 4.º	Ferramentas eletrónicas	84	94	140	ue/regulamentos/2022/32022R1362.md
32022R1362	Artigo 5.º	Pedido de licença de utilização da ferramenta de simulação para avaliar o desempenho dos veículos novos no que diz respeito à influência dos mesmos nas emissões	98	110	283	ue/regulamentos/2022/32022R1362.md
32022R1362	Artigo 6.º	Disposições administrativas relativas à concessão da licença de utilização da ferramenta de simulação	112	116	124	ue/regulamentos/2022/32022R1362.md
32022R1362	Artigo 7.º	Alterações posteriores aos processos estabelecidos para avaliar o desempenho dos veículos novos no que diz respeito à influência dos mesmos nas emissões de CO2 	118	124	341	ue/regulamentos/2022/32022R1362.md
32022R1362	Artigo 8.º	Obrigação de avaliar o desempenho dos veículos novos no que diz respeito à influência dos mesmos nas emissões de CO2 e no consumo de combustível	128	148	859	ue/regulamentos/2022/32022R1362.md
32022R1362	Artigo 9.º	Alterações, atualizações e anomalias da ferramenta de simulação e dispersão	150	156	369	ue/regulamentos/2022/32022R1362.md
32022R1362	Artigo 10.º	Acessibilidade dos dados de entrada e das informações de saída da ferramenta de simulação	158	164	408	ue/regulamentos/2022/32022R1362.md
32022R1362	Artigo 11.º	Componentes, unidades técnicas e sistemas relevantes para a avaliação do desempenho dos veículos novos no que diz respeito à influência desses veículos nas emis	168	180	436	ue/regulamentos/2022/32022R1362.md
32022R1362	Artigo 12.º	Valores normalizados	182	184	59	ue/regulamentos/2022/32022R1362.md
32022R1362	Artigo 13.º	Valores certificados	186	188	39	ue/regulamentos/2022/32022R1362.md
32022R1362	Artigo 14.º	Geometrias genéricas dos veículos	190	218	298	ue/regulamentos/2022/32022R1362.md
32022R1362	Artigo 15.º	Conceito de família para dispositivos aerodinâmicos que utilizam valores certificados	220	232	468	ue/regulamentos/2022/32022R1362.md
32022R1362	Artigo 16.º	Pedido de certificação das propriedades relacionadas com as emissões de CO2 e o consumo de combustível dos dispositivos aerodinâmicos e respetivas famílias	234	252	386	ue/regulamentos/2022/32022R1362.md
32022R1362	Artigo 17.º	Certificação das propriedades relacionadas com as emissões de CO2 e o consumo de combustível dos dispositivos aerodinâmicos	254	262	342	ue/regulamentos/2022/32022R1362.md
32022R1362	Artigo 18.º	Extensão para incluir um dispositivo aerodinâmico numa família de dispositivos aerodinâmicos	264	270	246	ue/regulamentos/2022/32022R1362.md
32022R1362	Artigo 19.º	Alterações relevantes para a certificação das propriedades relacionadas com as emissões de CO2 e o consumo de combustível dos dispositivos aerodinâmicos	272	280	367	ue/regulamentos/2022/32022R1362.md
32022R1362	Artigo 20.º	Responsabilidades do fabricante de veículos, da entidade homologadora e da Comissão no que se refere à conformidade do funcionamento da ferramenta de simulação	284	290	298	ue/regulamentos/2022/32022R1362.md
32022R1362	Artigo 21.º	Medidas corretivas relativas à conformidade do funcionamento da ferramenta de simulação	292	302	509	ue/regulamentos/2022/32022R1362.md
32022R1362	Artigo 22.º	Responsabilidades do fabricante e da entidade homologadora no que respeita à conformidade das propriedades relacionadas com as emissões de CO2 e o consumo de co	304	306	166	ue/regulamentos/2022/32022R1362.md
32022R1362	Artigo 23.º	Medidas corretivas relativas à conformidade das propriedades relacionadas com as emissões de CO2 e o consumo de combustível dos dispositivos aerodinâmicos	308	322	706	ue/regulamentos/2022/32022R1362.md
32022R1362	Artigo 24.º	Disposições transitórias	326	328	99	ue/regulamentos/2022/32022R1362.md
32022R1362	Artigo 25.º	Alterações do Regulamento de Execução (UE) 2020/683	330	332	52	ue/regulamentos/2022/32022R1362.md
32022R1362	Artigo 26.º	Entrada em vigor e aplicação	334	338	94	ue/regulamentos/2022/32022R1362.md
32022R1362	ANEXO I	CLASSIFICAÇÃO DOS VEÍCULOS EM GRUPOS DE VEÍCULOS	340	491	3266	ue/regulamentos/2022/32022R1362.md
32022R1362	ANEXO II	REQUISITOS E PROCESSOS RELATIVOS À UTILIZAÇÃO DA FERRAMENTA DE SIMULAÇÃO	493	535	896	ue/regulamentos/2022/32022R1362.md
32022R1362	Apêndice 1	MODELO DE FICHA DE INFORMAÇÕES RELATIVA À UTILIZAÇÃO DA FERRAMENTA DE SIMULAÇÃO PARA AVALIAR A INFLUÊNCIA DOS VEÍCULOS NOVOS NAS EMISSÕES DE CO2 E NO CONSUMO DE	537	565	239	ue/regulamentos/2022/32022R1362.md
32022R1362	Apêndice 2	MODELO DE LICENÇA DE UTILIZAÇÃO DA FERRAMENTA DE SIMULAÇÃO PARA AVALIAR A INFLUÊNCIA DOS VEÍCULOS NOVOS NAS EMISSÕES DE CO2 E NO CONSUMO DE COMBUSTÍVEL	567	621	483	ue/regulamentos/2022/32022R1362.md
32022R1362	ANEXO III	INFORMAÇÕES DE ENTRADA RELATIVAS ÀS CARACTERÍSTICAS DO VEÍCULO	623	751	2389	ue/regulamentos/2022/32022R1362.md
32022R1362	Apêndice 1	MODELO DE DOCUMENTO DE DADOS DE ENTRADA E DE INFORMAÇÕES DE ENTRADA PARA FINS DE AVALIAÇÃO DO DESEMPENHO DOA VEÍCULOS NOVOS NO QUE RESPEITA À INFLUÊNCIA DESSES 	753	837	493	ue/regulamentos/2022/32022R1362.md
32022R1362	ANEXO IV	MODELO DO FICHEIRO DE REGISTOS DO FABRICANTE E DO FICHEIRO DE INFORMAÇÕES AO CLIENTE	839	1277	2577	ue/regulamentos/2022/32022R1362.md
32022R1362	ANEXO V	DADOS RELATIVOS À RESISTÊNCIA AERODINÂMICA DO VEÍCULO	1279	1536	2676	ue/regulamentos/2022/32022R1362.md
32022R1362	Apêndice 1	MODELO DE CERTIFICADO DE COMPONENTE, UNIDADE TÉCNICA OU SISTEMA	1538	1609	510	ue/regulamentos/2022/32022R1362.md
32022R1362	Apêndice 2	Ficha de informações sobre o dispositivo aerodinâmico	1611	1669	455	ue/regulamentos/2022/32022R1362.md
32022R1362	Apêndice 3	Marcas	1671	1763	1088	ue/regulamentos/2022/32022R1362.md
32022R1362	Apêndice 4	Conceito de família	1765	1795	634	ue/regulamentos/2022/32022R1362.md
32022R1362	Apêndice 5		1797	1953	1476	ue/regulamentos/2022/32022R1362.md
32022R1362	Apêndice 6	Parâmetros de entrada para a ferramenta de simulação	1955	1996	623	ue/regulamentos/2022/32022R1362.md
32022R1362	ANEXO VI	Alterações do Regulamento de Execução (UE) 2020/683	1998	2088	1243	ue/regulamentos/2022/32022R1362.md
32022R1363	Preâmbulo		18	64	3120	ue/regulamentos/2022/32022R1363.md
32022R1363	Artigo 1.º		68	70	31	ue/regulamentos/2022/32022R1363.md
32022R1363	Artigo 2.º		72	74	58	ue/regulamentos/2022/32022R1363.md
32022R1363	Artigo 3.º		76	118	1288	ue/regulamentos/2022/32022R1363.md
32022R1363	ANEXO		120	513	7918	ue/regulamentos/2022/32022R1363.md
32022R1365	Artigo 1.º		28	30	32	ue/regulamentos/2022/32022R1365.md
32022R1365	Artigo 2.º		32	36	64	ue/regulamentos/2022/32022R1365.md
32022R1365	ANEXO		38	66	1111	ue/regulamentos/2022/32022R1365.md
32022R1371	Preâmbulo		18	34	329	ue/regulamentos/2022/32022R1371.md
32022R1371	Artigo 1.º		38	40	129	ue/regulamentos/2022/32022R1371.md
32022R1371	Artigo 2.º		42	58	185	ue/regulamentos/2022/32022R1371.md
32022R1373	Preâmbulo		18	66	3038	ue/regulamentos/2022/32022R1373.md
32022R1373	Artigo 1.º		70	76	95	ue/regulamentos/2022/32022R1373.md
32022R1373	Artigo 2.º		78	80	101	ue/regulamentos/2022/32022R1373.md
32022R1373	Artigo 3.º		82	84	93	ue/regulamentos/2022/32022R1373.md
32022R1373	Artigo 4.º		86	118	440	ue/regulamentos/2022/32022R1373.md
32022R1373	ANEXO		120	149	1447	ue/regulamentos/2022/32022R1373.md
32022R1374	Preâmbulo		18	42	730	ue/regulamentos/2022/32022R1374.md
32022R1374	Artigo 1.º		46	48	59	ue/regulamentos/2022/32022R1374.md
32022R1374	Artigo 2.º		50	52	18	ue/regulamentos/2022/32022R1374.md
32022R1374	Artigo 3.º	Medidas transitórias	54	60	301	ue/regulamentos/2022/32022R1374.md
32022R1374	Artigo 4.º		62	80	178	ue/regulamentos/2022/32022R1374.md
32022R1374	ANEXO		82	91	902	ue/regulamentos/2022/32022R1374.md
32022R1375	Preâmbulo		18	52	1608	ue/regulamentos/2022/32022R1375.md
32022R1375	Artigo 1.º	Recusa de autorização	56	58	60	ue/regulamentos/2022/32022R1375.md
32022R1375	Artigo 2.º	Revogação do Regulamento de Execução (UE) 2017/962	60	62	30	ue/regulamentos/2022/32022R1375.md
32022R1375	Artigo 3.º	Entrada em vigor	64	86	214	ue/regulamentos/2022/32022R1375.md
32022R1379	Preâmbulo		18	48	1164	ue/regulamentos/2022/32022R1379.md
32022R1379	Artigo 1.º		52	56	34	ue/regulamentos/2022/32022R1379.md
32022R1379	«Artigo 1.º	Objeto	58	60	151	ue/regulamentos/2022/32022R1379.md
32022R1379	Artigo 2.º	Âmbito de aplicação	62	150	2140	ue/regulamentos/2022/32022R1379.md
32022R1379	«Artigo 4.º	Grupos de veículos	152	502	7116	ue/regulamentos/2022/32022R1379.md
32022R1379	Artigo 2.º		504	506	34	ue/regulamentos/2022/32022R1379.md
32022R1379	Artigo 3.º		508	532	539	ue/regulamentos/2022/32022R1379.md
32022R1379	ANEXO		534	749	1746	ue/regulamentos/2022/32022R1379.md
32022R1379	ANEXO I	CLASSIFICAÇÃO DOS VEÍCULOS EM GRUPOS DE VEÍCULOS E MÉTODO PARA DETERMINAR AS EMISSÕES DE CO2 E O CONSUMO DE COMBUSTÍVEL DOS AUTOCARROS PESADOS	751	911	6014	ue/regulamentos/2022/32022R1379.md
32022R1379	ANEXO II		913	956	486	ue/regulamentos/2022/32022R1379.md
32022R1379	ANEXO III	«ANEXO III	958	1547	19626	ue/regulamentos/2022/32022R1379.md
32022R1379	ANEXO IV	«ANEXO IV	1549	2653	7418	ue/regulamentos/2022/32022R1379.md
32022R1379	ANEXO V		2655	3454	17968	ue/regulamentos/2022/32022R1379.md
32022R1379	ANEXO VI		3456	3870	9511	ue/regulamentos/2022/32022R1379.md
32022R1379	ANEXO VII		3872	4098	3552	ue/regulamentos/2022/32022R1379.md
32022R1379	ANEXO VIII		4100	4616	10846	ue/regulamentos/2022/32022R1379.md
32022R1379	ANEXO IX	«ANEXO IX	4618	5100	10486	ue/regulamentos/2022/32022R1379.md
32022R1379	ANEXO X		5102	5252	2742	ue/regulamentos/2022/32022R1379.md
32022R1379	ANEXO XI	«ANEXO X-A	5254	6140	13701	ue/regulamentos/2022/32022R1379.md
32022R1379	Apêndice 1	Principais etapas e equações de avaliação realizadas pela ferramenta numa simulação de procedimento de ensaio de verificação	6142	6353	2984	ue/regulamentos/2022/32022R1379.md
32022R1379	ANEXO XII	«ANEXO X-B	6355	9310	55610	ue/regulamentos/2022/32022R1379.md
32022R1380	Preâmbulo		18	74	2520	ue/regulamentos/2022/32022R1380.md
32022R1380	Artigo 1.º	Objeto	78	86	204	ue/regulamentos/2022/32022R1380.md
32022R1380	Artigo 2.º	Definições	88	96	273	ue/regulamentos/2022/32022R1380.md
32022R1380	Artigo 3.º	Obrigações das transportadoras	98	112	206	ue/regulamentos/2022/32022R1380.md
32022R1380	Artigo 4.º	Conexão e acesso à interface das transportadoras	114	128	127	ue/regulamentos/2022/32022R1380.md
32022R1380	Artigo 5.º	Consultas	130	156	394	ue/regulamentos/2022/32022R1380.md
32022R1380	Artigo 6.º	Resposta	158	218	1608	ue/regulamentos/2022/32022R1380.md
32022R1380	Artigo 7.º	Formato da mensagem	220	230	104	ue/regulamentos/2022/32022R1380.md
32022R1380	Artigo 8.º	Requisitos relativos à extração de dados para a interface das transportadoras e qualidade dos dados	232	240	261	ue/regulamentos/2022/32022R1380.md
32022R1380	Artigo 9.º	Sistema de autenticação	242	250	195	ue/regulamentos/2022/32022R1380.md
32022R1380	Artigo 10.º	Registo no sistema de autenticação	252	298	1146	ue/regulamentos/2022/32022R1380.md
32022R1380	Artigo 11.º	Cancelamento do registo no sistema de autenticação	300	318	679	ue/regulamentos/2022/32022R1380.md
32022R1380	Artigo 12.º	Desenvolvimento, teste e conexão da interface das transportadoras	320	330	359	ue/regulamentos/2022/32022R1380.md
32022R1380	Artigo 13.º	Impossibilidade técnica	332	348	379	ue/regulamentos/2022/32022R1380.md
32022R1380	Artigo 14.º	Assistência às transportadoras	350	372	422	ue/regulamentos/2022/32022R1380.md
32022R1380	Artigo 15.º	Revogação do Regulamento de Execução (UE) 2021/1217	374	376	31	ue/regulamentos/2022/32022R1380.md
32022R1380	Artigo 16.º	Entrada em vigor	378	410	700	ue/regulamentos/2022/32022R1380.md
32022R1381	Preâmbulo		18	54	1080	ue/regulamentos/2022/32022R1381.md
32022R1381	Artigo 1.º		58	60	32	ue/regulamentos/2022/32022R1381.md
32022R1381	Artigo 2.º		62	90	564	ue/regulamentos/2022/32022R1381.md
32022R1381	ANEXO		92	125	807	ue/regulamentos/2022/32022R1381.md
32022R1382	Preâmbulo		18	40	722	ue/regulamentos/2022/32022R1382.md
32022R1382	Artigo 1.º		44	46	66	ue/regulamentos/2022/32022R1382.md
32022R1382	Artigo 2.º		48	64	106	ue/regulamentos/2022/32022R1382.md
32022R1382	ANEXO		66	76	867	ue/regulamentos/2022/32022R1382.md
32022R1383	Preâmbulo		18	48	1028	ue/regulamentos/2022/32022R1383.md
32022R1383	Artigo 1.º	Autorização	52	54	71	ue/regulamentos/2022/32022R1383.md
32022R1383	Artigo 2.º	Medidas transitórias	56	62	301	ue/regulamentos/2022/32022R1383.md
32022R1383	Artigo 3.º	Entrada em vigor	64	82	148	ue/regulamentos/2022/32022R1383.md
32022R1383	ANEXO		84	95	884	ue/regulamentos/2022/32022R1383.md
32022R1384	Preâmbulo		18	38	614	ue/regulamentos/2022/32022R1384.md
32022R1384	Artigo 1.º		42	52	236	ue/regulamentos/2022/32022R1384.md
32022R1384	Artigo 2.º		54	72	186	ue/regulamentos/2022/32022R1384.md
32022R1384	ANEXO I	Estruturas pertinentes das taxas de juro sem risco para os diferentes prazos para o cálculo da melhor estimativa, sem qualquer ajustamento compensatório ou ajus	74	992	14300	ue/regulamentos/2022/32022R1384.md
32022R1384	ANEXO II	Spreads fundamentais para o cálculo do ajustamento compensatório	994	3350	28242	ue/regulamentos/2022/32022R1384.md
32022R1384	ANEXO III	Ajustamento à volatilidade da estrutura pertinente das taxas de juro sem risco para os diferentes prazos	3352	3393	330	ue/regulamentos/2022/32022R1384.md
32022R1385	Preâmbulo		18	66	2450	ue/regulamentos/2022/32022R1385.md
32022R1385	Artigo 1.º	Alterações ao Regulamento de Execução (UE) 2021/404	70	72	49	ue/regulamentos/2022/32022R1385.md
32022R1385	Artigo 2.º	Entrada em vigor e aplicação	74	92	294	ue/regulamentos/2022/32022R1385.md
32022R1385	ANEXO		94	910	21582	ue/regulamentos/2022/32022R1385.md
32022R1387	Preâmbulo		18	48	764	ue/regulamentos/2022/32022R1387.md
32022R1387	Artigo 1.º		52	64	215	ue/regulamentos/2022/32022R1387.md
32022R1387	Artigo 2.º		66	84	240	ue/regulamentos/2022/32022R1387.md
32022R1389	Preâmbulo		18	48	1595	ue/regulamentos/2022/32022R1389.md
32022R1389	Artigo 1.º		52	54	36	ue/regulamentos/2022/32022R1389.md
32022R1389	Artigo 2.º		56	80	482	ue/regulamentos/2022/32022R1389.md
32022R1389	ANEXO		82	207	819	ue/regulamentos/2022/32022R1389.md
32022R1391	Artigo 1.º		28	32	129	ue/regulamentos/2022/32022R1391.md
32022R1391	Artigo 2.º		34	38	64	ue/regulamentos/2022/32022R1391.md
32022R1391	ANEXO I		40	48	126	ue/regulamentos/2022/32022R1391.md
32022R1391	ANEXO II	Resumo das características do produto para uma família de produtos biocidas (SPC BPF)	50	2685	38512	ue/regulamentos/2022/32022R1391.md
32022R1394	Preâmbulo		18	1064	36493	ue/regulamentos/2022/32022R1394.md
32022R1394	Artigo 1.º		1068	1083	509	ue/regulamentos/2022/32022R1394.md
32022R1394	Artigo 2.º		1085	1219	2868	ue/regulamentos/2022/32022R1394.md
32022R1395	Preâmbulo		18	1271	50760	ue/regulamentos/2022/32022R1395.md
32022R1395	Artigo 1.º		1275	1301	822	ue/regulamentos/2022/32022R1395.md
32022R1395	Artigo 2.º		1303	1313	586	ue/regulamentos/2022/32022R1395.md
32022R1395	Artigo 3.º		1315	1323	197	ue/regulamentos/2022/32022R1395.md
32022R1395	Artigo 4.º		1325	1455	3264	ue/regulamentos/2022/32022R1395.md
32022R1395	ANEXO	Produtores-exportadores turcos colaborantes não incluídos na amostra	1457	1466	118	ue/regulamentos/2022/32022R1395.md
32022R1396	Preâmbulo		18	48	1323	ue/regulamentos/2022/32022R1396.md
32022R1396	Artigo 1.º		52	54	30	ue/regulamentos/2022/32022R1396.md
32022R1396	Artigo 2.º		56	88	686	ue/regulamentos/2022/32022R1396.md
32022R1396	ANEXO		90	104	341	ue/regulamentos/2022/32022R1396.md
32022R1398	Preâmbulo		18	50	1961	ue/regulamentos/2022/32022R1398.md
32022R1398	Artigo 1.º	Alterações do Regulamento (UE) 2019/2144	54	56	43	ue/regulamentos/2022/32022R1398.md
32022R1398	Artigo 2.º	Entrada em vigor	58	150	2581	ue/regulamentos/2022/32022R1398.md
32022R1398	ANEXO		152	386	4690	ue/regulamentos/2022/32022R1398.md
32022R1399	Preâmbulo		18	40	544	ue/regulamentos/2022/32022R1399.md
32022R1399	Artigo 1.º	Objeto	44	46	87	ue/regulamentos/2022/32022R1399.md
32022R1399	Artigo 2.º	Definições	48	54	80	ue/regulamentos/2022/32022R1399.md
32022R1399	Artigo 3.º	Descrição das variáveis	56	68	66	ue/regulamentos/2022/32022R1399.md
32022R1399	Artigo 4.º	Características das populações-alvo, unidades de observação e regras aplicáveis aos respondentes	70	80	330	ue/regulamentos/2022/32022R1399.md
32022R1399	Artigo 5.º	Períodos de referência e data de referência	82	88	140	ue/regulamentos/2022/32022R1399.md
32022R1399	Artigo 6.º	Período de recolha dos dados	90	92	45	ue/regulamentos/2022/32022R1399.md
32022R1399	Artigo 7.º	Normas comuns para a edição, a imputação e a estimação dos dados	94	100	151	ue/regulamentos/2022/32022R1399.md
32022R1399	Artigo 8.º	Prazo e normas para a transmissão de dados	102	108	203	ue/regulamentos/2022/32022R1399.md
32022R1399	Artigo 9.º	Forma e conteúdo dos relatórios anuais de qualidade	110	118	255	ue/regulamentos/2022/32022R1399.md
32022R1399	Artigo 10.º	Entrada em vigor	120	142	344	ue/regulamentos/2022/32022R1399.md
32022R1399	ANEXO	Descrição e formatos técnicos de variáveis recolhidas para cada tópico e cada tópico detalhado do domínio utilização das tecnologias de informação e comunicação	144	727	33972	ue/regulamentos/2022/32022R1399.md
32022R1403	Preâmbulo		18	34	276	ue/regulamentos/2022/32022R1403.md
32022R1403	Artigo 1.º		38	40	14	ue/regulamentos/2022/32022R1403.md
32022R1403	Artigo 2.º		42	56	97	ue/regulamentos/2022/32022R1403.md
32022R1404	Preâmbulo		18	54	1544	ue/regulamentos/2022/32022R1404.md
32022R1404	Artigo 1.º		58	60	32	ue/regulamentos/2022/32022R1404.md
32022R1404	Artigo 2.º		62	88	614	ue/regulamentos/2022/32022R1404.md
32022R1404	ANEXO		90	104	266	ue/regulamentos/2022/32022R1404.md
32022R1405	Preâmbulo		18	46	920	ue/regulamentos/2022/32022R1405.md
32022R1405	Artigo 1.º		50	52	99	ue/regulamentos/2022/32022R1405.md
32022R1405	Artigo 2.º		54	72	178	ue/regulamentos/2022/32022R1405.md
32022R1406	Preâmbulo		18	62	2014	ue/regulamentos/2022/32022R1406.md
32022R1406	Artigo 1.º		66	68	34	ue/regulamentos/2022/32022R1406.md
32022R1406	Artigo 2.º		70	72	94	ue/regulamentos/2022/32022R1406.md
32022R1406	Artigo 3.º		74	104	502	ue/regulamentos/2022/32022R1406.md
32022R1406	ANEXO		106	898	9466	ue/regulamentos/2022/32022R1406.md
32022R1407	Preâmbulo		18	32	321	ue/regulamentos/2022/32022R1407.md
32022R1407	Artigo 1.º		36	48	121	ue/regulamentos/2022/32022R1407.md
32022R1407	Artigo 2.º		50	66	174	ue/regulamentos/2022/32022R1407.md
32022R1408	Preâmbulo		18	38	736	ue/regulamentos/2022/32022R1408.md
32022R1408	Artigo 1.º		42	50	235	ue/regulamentos/2022/32022R1408.md
32022R1408	Artigo 2.º		52	72	385	ue/regulamentos/2022/32022R1408.md
32022R1409	Preâmbulo		18	82	3098	ue/regulamentos/2022/32022R1409.md
32022R1409	Artigo 1.º	Objeto	86	94	246	ue/regulamentos/2022/32022R1409.md
32022R1409	Artigo 2.º	Definições	96	104	449	ue/regulamentos/2022/32022R1409.md
32022R1409	Artigo 3.º	Obrigações das transportadoras	106	128	572	ue/regulamentos/2022/32022R1409.md
32022R1409	Artigo 4.º	Conexão e acesso à interface das transportadoras	130	144	129	ue/regulamentos/2022/32022R1409.md
32022R1409	Artigo 5.º	Consultas	146	190	1034	ue/regulamentos/2022/32022R1409.md
32022R1409	Artigo 6.º	Resposta	192	320	2250	ue/regulamentos/2022/32022R1409.md
32022R1409	Artigo 7.º	Formato da mensagem	322	332	104	ue/regulamentos/2022/32022R1409.md
32022R1409	Artigo 8.º	Requisitos relativos à extração de dados para a interface das transportadoras e o serviço Web para nacionais de países terceiros e à qualidade dos dados	334	342	302	ue/regulamentos/2022/32022R1409.md
32022R1409	Artigo 9.º	Sistema de autenticação	344	352	196	ue/regulamentos/2022/32022R1409.md
32022R1409	Artigo 10.º	Registo no sistema de autenticação	354	400	1179	ue/regulamentos/2022/32022R1409.md
32022R1409	Artigo 11.º	Cancelamento do registo no sistema de autenticação	402	420	696	ue/regulamentos/2022/32022R1409.md
32022R1409	Artigo 12.º	Desenvolvimento, teste e conexão da interface das transportadoras	422	432	392	ue/regulamentos/2022/32022R1409.md
32022R1409	Artigo 13.º	Impossibilidade técnica	434	450	389	ue/regulamentos/2022/32022R1409.md
32022R1409	Artigo 14.º	Assistência às transportadoras	452	474	426	ue/regulamentos/2022/32022R1409.md
32022R1409	Artigo 15.º	Acesso ao serviço Web por nacionais de países terceiros	476	552	1394	ue/regulamentos/2022/32022R1409.md
32022R1409	Artigo 16.º	Conservação dos registos das operações de tratamento de dados	554	556	80	ue/regulamentos/2022/32022R1409.md
32022R1409	Artigo 17.º	Revogação do Regulamento de Execução (UE) 2021/1224	558	560	31	ue/regulamentos/2022/32022R1409.md
32022R1409	Artigo 18.º	Entrada em vigor e aplicação	562	634	1680	ue/regulamentos/2022/32022R1409.md
32022R1410	Preâmbulo		18	44	874	ue/regulamentos/2022/32022R1410.md
32022R1410	Artigo 1.º		48	56	156	ue/regulamentos/2022/32022R1410.md
32022R1410	Artigo 2.º		58	62	110	ue/regulamentos/2022/32022R1410.md
32022R1410	Artigo 3.º		64	66	18	ue/regulamentos/2022/32022R1410.md
32022R1410	Artigo 4.º		68	90	402	ue/regulamentos/2022/32022R1410.md
32022R1412	Artigo 1.º	Autorização	36	38	70	ue/regulamentos/2022/32022R1412.md
32022R1412	Artigo 2.º	Medidas transitórias	40	50	305	ue/regulamentos/2022/32022R1412.md
32022R1412	Artigo 3.º	Entrada em vigor	52	56	68	ue/regulamentos/2022/32022R1412.md
32022R1412	ANEXO		58	66	1064	ue/regulamentos/2022/32022R1412.md
32022R1416	Preâmbulo		18	32	211	ue/regulamentos/2022/32022R1416.md
32022R1416	Artigo 1.º		36	40	78	ue/regulamentos/2022/32022R1416.md
32022R1416	Artigo 2.º		42	62	190	ue/regulamentos/2022/32022R1416.md
32022R1417	Preâmbulo		18	44	828	ue/regulamentos/2022/32022R1417.md
32022R1417	Artigo 1.º		48	50	70	ue/regulamentos/2022/32022R1417.md
32022R1417	Artigo 2.º		52	54	30	ue/regulamentos/2022/32022R1417.md
32022R1417	Artigo 3.º		56	78	353	ue/regulamentos/2022/32022R1417.md
32022R1417	ANEXO I		80	90	678	ue/regulamentos/2022/32022R1417.md
32022R1417	ANEXO II	«ANEXO	92	104	652	ue/regulamentos/2022/32022R1417.md
32022R1418	Preâmbulo		18	40	850	ue/regulamentos/2022/32022R1418.md
32022R1418	Artigo 1.º		44	208	2824	ue/regulamentos/2022/32022R1418.md
32022R1418	Artigo 2.º		210	230	282	ue/regulamentos/2022/32022R1418.md
32022R1419	Preâmbulo		18	52	1195	ue/regulamentos/2022/32022R1419.md
32022R1419	Artigo 1.º	Autorização	56	58	70	ue/regulamentos/2022/32022R1419.md
32022R1419	Artigo 2.º	Medidas transitórias	60	66	303	ue/regulamentos/2022/32022R1419.md
32022R1419	Artigo 3.º	Entrada em vigor	68	86	148	ue/regulamentos/2022/32022R1419.md
32022R1419	ANEXO		88	99	986	ue/regulamentos/2022/32022R1419.md
32022R1420	Preâmbulo		18	44	965	ue/regulamentos/2022/32022R1420.md
32022R1420	Artigo 1.º		48	52	138	ue/regulamentos/2022/32022R1420.md
32022R1420	Artigo 2.º		54	70	107	ue/regulamentos/2022/32022R1420.md
32022R1420	ANEXO		72	104	3398	ue/regulamentos/2022/32022R1420.md
32022R1421	Artigo 1.º	Autorização	28	32	74	ue/regulamentos/2022/32022R1421.md
32022R1421	Artigo 2.º	Medidas transitórias	34	42	312	ue/regulamentos/2022/32022R1421.md
32022R1421	Artigo 3.º	Entrada em vigor	44	50	70	ue/regulamentos/2022/32022R1421.md
32022R1421	ANEXO		52	121	5480	ue/regulamentos/2022/32022R1421.md
32022R1423	Artigo 1.º		28	32	104	ue/regulamentos/2022/32022R1423.md
32022R1423	Artigo 2.º		34	40	65	ue/regulamentos/2022/32022R1423.md
32022R1423	ANEXO	RESUMO DAS CARACTERÍSTICAS DO PRODUTO PARA UMA FAMÍLIA DE PRODUTOS BIOCIDAS (SPC BPF)	42	3271	65423	ue/regulamentos/2022/32022R1423.md
32022R1425	Preâmbulo		18	32	204	ue/regulamentos/2022/32022R1425.md
32022R1425	Artigo 1.º		36	40	75	ue/regulamentos/2022/32022R1425.md
32022R1425	Artigo 2.º		42	62	190	ue/regulamentos/2022/32022R1425.md
32022R1426	Artigo 1.º	Âmbito de aplicação	28	42	338	ue/regulamentos/2022/32022R1426.md
32022R1426	Artigo 2.º	Definições	44	166	2826	ue/regulamentos/2022/32022R1426.md
32022R1426	Artigo 3.º	Disposições administrativas e especificações técnicas para a homologação do sistema de condução automatizada de veículos totalmente automatizados	168	180	338	ue/regulamentos/2022/32022R1426.md
32022R1426	Artigo 4.º	Entrada em vigor	182	186	68	ue/regulamentos/2022/32022R1426.md
32022R1426	ANEXO I	Ficha de informações para a homologação UE de veículos totalmente automatizados no que diz respeito ao seu sistema de condução automatizada	188	364	1709	ue/regulamentos/2022/32022R1426.md
32022R1426	ANEXO II	Requisitos de desempenho	366	674	6304	ue/regulamentos/2022/32022R1426.md
32022R1426	ANEXO III	Avaliação da Conformidade	676	851	3272	ue/regulamentos/2022/32022R1426.md
32022R1426	Apêndice 1	Princípios a seguir para determinar cenários relevantes para o ODD do ADS	853	1218	10449	ue/regulamentos/2022/32022R1426.md
32022R1426	Apêndice 1	Modelo do relatório de avaliação do conceito de segurança do ADS	1220	1329	886	ue/regulamentos/2022/32022R1426.md
32022R1426	Apêndice 2	Modelo dos resultados da avaliação do ADS a anexar ao certificado de homologação	1331	1385	405	ue/regulamentos/2022/32022R1426.md
32022R1426	Apêndice 3	Modelo de declaração de conformidade do SGS a preencher pelo fabricante	1387	1405	143	ue/regulamentos/2022/32022R1426.md
32022R1426	Apêndice 4	Modelo de certificado de conformidade do SGS	1407	2153	14110	ue/regulamentos/2022/32022R1426.md
32022R1426	Apêndice 1	Lista de ocorrências para comunicação de informações em serviço	2155	2176	632	ue/regulamentos/2022/32022R1426.md
32022R1426	ANEXO IV	CERTIFICADO DE HOMOLOGAÇÃO UE (SISTEMA DE VEÍCULO)	2178	2222	303	ue/regulamentos/2022/32022R1426.md
32022R1426	ANEXO V	Especificações técnicas para o AVP referido no artigo 3.º, n.º 2	2300	2686	5941	ue/regulamentos/2022/32022R1426.md
32022R1427	Preâmbulo		18	32	210	ue/regulamentos/2022/32022R1427.md
32022R1427	Artigo 1.º		36	40	78	ue/regulamentos/2022/32022R1427.md
32022R1427	Artigo 2.º		42	62	190	ue/regulamentos/2022/32022R1427.md
32022R1428	Preâmbulo		18	32	513	ue/regulamentos/2022/32022R1428.md
32022R1428	Artigo 1.º		36	62	626	ue/regulamentos/2022/32022R1428.md
32022R1428	Artigo 2.º		64	66	74	ue/regulamentos/2022/32022R1428.md
32022R1428	Artigo 3.º		68	86	195	ue/regulamentos/2022/32022R1428.md
32022R1428	ANEXO		88	312	4498	ue/regulamentos/2022/32022R1428.md
32022R1429	Preâmbulo		18	62	1673	ue/regulamentos/2022/32022R1429.md
32022R1429	Artigo 1.º	Alterações do Regulamento de Execução (UE) 2021/404	66	68	49	ue/regulamentos/2022/32022R1429.md
32022R1429	Artigo 2.º	Entrada em vigor e aplicação	70	88	295	ue/regulamentos/2022/32022R1429.md
32022R1429	ANEXO		90	800	18046	ue/regulamentos/2022/32022R1429.md
32022R1434	Artigo 1.º		28	36	106	ue/regulamentos/2022/32022R1434.md
32022R1434	Artigo 2.º		38	44	65	ue/regulamentos/2022/32022R1434.md
32022R1434	ANEXO	RESUMO DAS CARACTERÍSTICAS DO PRODUTO PARA UMA FAMÍLIA DE PRODUTOS BIOCIDAS (SPC BPF)	46	7214	133174	ue/regulamentos/2022/32022R1434.md
32022R1435	Preâmbulo		18	46	976	ue/regulamentos/2022/32022R1435.md
32022R1435	Artigo 1.º		50	52	34	ue/regulamentos/2022/32022R1435.md
32022R1435	Artigo 2.º		54	90	799	ue/regulamentos/2022/32022R1435.md
32022R1435	ANEXO		92	491	4497	ue/regulamentos/2022/32022R1435.md
32022R1438	Preâmbulo		18	56	3034	ue/regulamentos/2022/32022R1438.md
32022R1438	Artigo 1.º	Alteração do Regulamento (CE) n.º 1107/2009	60	62	40	ue/regulamentos/2022/32022R1438.md
32022R1438	Artigo 2.º	Medidas transitórias	64	70	178	ue/regulamentos/2022/32022R1438.md
32022R1438	Artigo 3.º	Entrada em vigor e aplicação	72	92	303	ue/regulamentos/2022/32022R1438.md
32022R1438	ANEXO		94	121	1493	ue/regulamentos/2022/32022R1438.md
32022R1439	Preâmbulo		18	54	2062	ue/regulamentos/2022/32022R1439.md
32022R1439	Artigo 1.º	Alteração do Regulamento (UE) n.º 283/2013	58	64	77	ue/regulamentos/2022/32022R1439.md
32022R1439	Artigo 2.º	Medidas transitórias no que se refere a certos procedimentos relativos às substâncias ativas que são microrganismos	66	74	274	ue/regulamentos/2022/32022R1439.md
32022R1439	Artigo 3.º	Medidas transitórias no que se refere a certos procedimentos relativos aos produtos fitofarmacêuticos que contêm substâncias ativas que são microrganismos	76	84	342	ue/regulamentos/2022/32022R1439.md
32022R1439	Artigo 4.º	Entrada em vigor e aplicação	86	108	387	ue/regulamentos/2022/32022R1439.md
32022R1439	ANEXO I		110	230	5273	ue/regulamentos/2022/32022R1439.md
32022R1439	ANEXO II		232	1044	20506	ue/regulamentos/2022/32022R1439.md
32022R1440	Preâmbulo		18	54	1872	ue/regulamentos/2022/32022R1440.md
32022R1440	Artigo 1.º	Alteração do Regulamento (UE) n.º 284/2013	58	64	77	ue/regulamentos/2022/32022R1440.md
32022R1440	Artigo 2.º	Medidas transitórias no que se refere a certos procedimentos relativos aos produtos fitofarmacêuticos que contêm substâncias ativas que são microrganismos	66	76	351	ue/regulamentos/2022/32022R1440.md
32022R1440	Artigo 3.º	Medidas transitórias no que se refere a certos procedimentos relativos às substâncias ativas que são microrganismos e estão contidas em produtos fitofarmacêutic	78	86	200	ue/regulamentos/2022/32022R1440.md
32022R1440	Artigo 4.º	Entrada em vigor e aplicação	88	116	650	ue/regulamentos/2022/32022R1440.md
32022R1440	ANEXO I		118	220	3886	ue/regulamentos/2022/32022R1440.md
32022R1440	ANEXO II		222	1110	22155	ue/regulamentos/2022/32022R1440.md
32022R1441	Preâmbulo		18	52	1794	ue/regulamentos/2022/32022R1441.md
32022R1441	Artigo 1.º		56	58	32	ue/regulamentos/2022/32022R1441.md
32022R1441	Artigo 2.º		60	62	105	ue/regulamentos/2022/32022R1441.md
32022R1441	Artigo 3.º		64	94	676	ue/regulamentos/2022/32022R1441.md
32022R1441	ANEXO	«ANEXO	96	990	42194	ue/regulamentos/2022/32022R1441.md
32022R1442	Preâmbulo		18	44	776	ue/regulamentos/2022/32022R1442.md
32022R1442	Artigo 1.º		48	50	52	ue/regulamentos/2022/32022R1442.md
32022R1442	Artigo 2.º		52	70	230	ue/regulamentos/2022/32022R1442.md
32022R1442	ANEXO		72	87	1847	ue/regulamentos/2022/32022R1442.md
32022R1443	Preâmbulo		18	54	1193	ue/regulamentos/2022/32022R1443.md
32022R1443	Artigo 1.º		58	60	22	ue/regulamentos/2022/32022R1443.md
32022R1443	Artigo 2.º		62	82	323	ue/regulamentos/2022/32022R1443.md
32022R1444	Preâmbulo		18	50	1078	ue/regulamentos/2022/32022R1444.md
32022R1444	Artigo 1.º		54	56	22	ue/regulamentos/2022/32022R1444.md
32022R1444	Artigo 2.º		58	80	551	ue/regulamentos/2022/32022R1444.md
32022R1445	Preâmbulo		18	44	775	ue/regulamentos/2022/32022R1445.md
32022R1445	Artigo 1.º		48	50	53	ue/regulamentos/2022/32022R1445.md
32022R1445	Artigo 2.º		52	70	305	ue/regulamentos/2022/32022R1445.md
32022R1445	ANEXO		72	85	2140	ue/regulamentos/2022/32022R1445.md
32022R1446	Preâmbulo		18	38	327	ue/regulamentos/2022/32022R1446.md
32022R1446	Artigo 1.º		42	44	31	ue/regulamentos/2022/32022R1446.md
32022R1446	Artigo 2.º		46	60	88	ue/regulamentos/2022/32022R1446.md
32022R1446	ANEXO		62	72	544	ue/regulamentos/2022/32022R1446.md
32022R1450	Preâmbulo		18	42	646	ue/regulamentos/2022/32022R1450.md
32022R1450	Artigo 1.º		46	54	282	ue/regulamentos/2022/32022R1450.md
32022R1450	Artigo 2.º		56	62	182	ue/regulamentos/2022/32022R1450.md
32022R1450	Artigo 3.º		64	82	182	ue/regulamentos/2022/32022R1450.md
32022R1451	Preâmbulo		18	52	1330	ue/regulamentos/2022/32022R1451.md
32022R1451	Artigo 1.º	Autorização	56	58	73	ue/regulamentos/2022/32022R1451.md
32022R1451	Artigo 2.º	Medidas transitórias	60	66	318	ue/regulamentos/2022/32022R1451.md
32022R1451	Artigo 3.º	Entrada em vigor	68	88	159	ue/regulamentos/2022/32022R1451.md
32022R1451	ANEXO		90	111	1790	ue/regulamentos/2022/32022R1451.md
32022R1452	Artigo 1.º	Autorização	30	32	73	ue/regulamentos/2022/32022R1452.md
32022R1452	Artigo 2.º	Medidas transitórias	34	40	317	ue/regulamentos/2022/32022R1452.md
32022R1452	Artigo 3.º	Entrada em vigor	42	46	68	ue/regulamentos/2022/32022R1452.md
32022R1452	ANEXO		48	123	7048	ue/regulamentos/2022/32022R1452.md
32022R1453	Preâmbulo		18	44	900	ue/regulamentos/2022/32022R1453.md
32022R1453	Artigo 1.º		48	50	63	ue/regulamentos/2022/32022R1453.md
32022R1453	Artigo 2.º		52	54	18	ue/regulamentos/2022/32022R1453.md
32022R1453	Artigo 3.º		56	58	104	ue/regulamentos/2022/32022R1453.md
32022R1453	Artigo 4.º		60	78	226	ue/regulamentos/2022/32022R1453.md
32022R1453	ANEXO		80	91	680	ue/regulamentos/2022/32022R1453.md
32022R1454	Preâmbulo		18	64	1753	ue/regulamentos/2022/32022R1454.md
32022R1454	Artigo 1.º	Alterações do Regulamento de Execução (UE) 2021/404	68	70	49	ue/regulamentos/2022/32022R1454.md
32022R1454	Artigo 2.º	Entrada em vigor e aplicação	72	90	295	ue/regulamentos/2022/32022R1454.md
32022R1454	ANEXO		92	628	13065	ue/regulamentos/2022/32022R1454.md
32022R1455	Preâmbulo		18	48	1344	ue/regulamentos/2022/32022R1455.md
32022R1455	Artigo 1.º	Cálculo do requisito baseado nas despesas gerais fixas	52	90	1282	ue/regulamentos/2022/32022R1455.md
32022R1455	Artigo 2.º	Cálculo do requisito baseado nas despesas gerais fixas para os operadores de mercadorias e licenças de emissão	92	94	88	ue/regulamentos/2022/32022R1455.md
32022R1455	Artigo 3.º	Noção de alteração significativa	96	102	184	ue/regulamentos/2022/32022R1455.md
32022R1455	Artigo 4.º	Entrada em vigor	104	124	291	ue/regulamentos/2022/32022R1455.md
32022R1457	Preâmbulo		18	44	775	ue/regulamentos/2022/32022R1457.md
32022R1457	Artigo 1.º		48	50	54	ue/regulamentos/2022/32022R1457.md
32022R1457	Artigo 2.º		52	70	278	ue/regulamentos/2022/32022R1457.md
32022R1457	ANEXO		72	87	1885	ue/regulamentos/2022/32022R1457.md
32022R1458	Preâmbulo		18	44	781	ue/regulamentos/2022/32022R1458.md
32022R1458	Artigo 1.º		48	50	52	ue/regulamentos/2022/32022R1458.md
32022R1458	Artigo 2.º		52	70	286	ue/regulamentos/2022/32022R1458.md
32022R1458	ANEXO		72	85	1809	ue/regulamentos/2022/32022R1458.md
32022R1459	Preâmbulo		18	44	728	ue/regulamentos/2022/32022R1459.md
32022R1459	Artigo 1.º		48	50	59	ue/regulamentos/2022/32022R1459.md
32022R1459	Artigo 2.º		52	70	214	ue/regulamentos/2022/32022R1459.md
32022R1459	ANEXO		72	85	1501	ue/regulamentos/2022/32022R1459.md
32022R1463	Preâmbulo		22	94	5412	ue/regulamentos/2022/32022R1463.md
32022R1463	Artigo 1.º	Definições	100	140	1520	ue/regulamentos/2022/32022R1463.md
32022R1463	Artigo 2.º	Estrutura do STDU	142	160	183	ue/regulamentos/2022/32022R1463.md
32022R1463	Artigo 3.º	Nós eIDAS e pontos de acesso à plataforma eDelivery	164	170	177	ue/regulamentos/2022/32022R1463.md
32022R1463	Artigo 4.º	Serviços comuns	172	184	277	ue/regulamentos/2022/32022R1463.md
32022R1463	Artigo 5.º	Registo de serviços de dados	186	208	671	ue/regulamentos/2022/32022R1463.md
32022R1463	Artigo 6.º	Serviço de mediação de elementos de prova	210	224	539	ue/regulamentos/2022/32022R1463.md
32022R1463	Artigo 7.º	Repositório semântico e modelos de dados	226	252	689	ue/regulamentos/2022/32022R1463.md
32022R1463	Artigo 8.º	Registos e serviços nacionais	254	262	271	ue/regulamentos/2022/32022R1463.md
32022R1463	Artigo 9.º	Explicação aos utilizadores	266	278	302	ue/regulamentos/2022/32022R1463.md
32022R1463	Artigo 10.º	Seleção do tipo de elementos de prova	280	284	190	ue/regulamentos/2022/32022R1463.md
32022R1463	Artigo 11.º	Autenticação do utilizador	286	296	485	ue/regulamentos/2022/32022R1463.md
32022R1463	Artigo 12.º	Pedido expresso	298	306	114	ue/regulamentos/2022/32022R1463.md
32022R1463	Artigo 13.º	Pedido de elementos de prova	308	334	413	ue/regulamentos/2022/32022R1463.md
32022R1463	Artigo 14.º	Reencaminhamento do utilizador para o emitente de elementos de prova	336	340	257	ue/regulamentos/2022/32022R1463.md
32022R1463	Artigo 15.º	Papel no intercâmbio de elementos de prova	344	376	922	ue/regulamentos/2022/32022R1463.md
32022R1463	Artigo 16.º	Correspondência da identidade e dos elementos de prova	378	388	381	ue/regulamentos/2022/32022R1463.md
32022R1463	Artigo 17.º	Sistema de registo	392	414	652	ue/regulamentos/2022/32022R1463.md
32022R1463	Artigo 18.º	Grupo de coordenação da plataforma	418	432	268	ue/regulamentos/2022/32022R1463.md
32022R1463	Artigo 19.º	Subgrupos do grupo de coordenação da plataforma	434	452	433	ue/regulamentos/2022/32022R1463.md
32022R1463	Artigo 20.º	Ponto único de contacto para apoio técnico da Comissão	456	462	165	ue/regulamentos/2022/32022R1463.md
32022R1463	Artigo 21.º.ª	Ponto único de contacto para apoio técnico nacional	464	484	502	ue/regulamentos/2022/32022R1463.md
32022R1463	Artigo 22.º	Painel de controlo de assistência técnica	486	504	295	ue/regulamentos/2022/32022R1463.md
32022R1463	Artigo 23.º	Âmbito de cooperação	508	510	100	ue/regulamentos/2022/32022R1463.md
32022R1463	Artigo 24.º	Responsabilidades da Comissão	514	516	63	ue/regulamentos/2022/32022R1463.md
32022R1463	Artigo 25.º	Responsabilidades dos Estados-Membros	518	520	91	ue/regulamentos/2022/32022R1463.md
32022R1463	Artigo 26.º	Alterações e atualizações	522	528	178	ue/regulamentos/2022/32022R1463.md
32022R1463	Artigo 27.º	Disponibilidade do STDU	530	550	591	ue/regulamentos/2022/32022R1463.md
32022R1463	Artigo 28.º	Segurança dos serviços comuns e dos componentes nacionais	554	578	700	ue/regulamentos/2022/32022R1463.md
32022R1463	Artigo 29.º	Supervisão dos sistemas eletrónicos	580	584	123	ue/regulamentos/2022/32022R1463.md
32022R1463	Artigo 30.º	Sistema de gestão da administração	586	588	76	ue/regulamentos/2022/32022R1463.md
32022R1463	Artigo 31.º	Testes do STDU	592	598	186	ue/regulamentos/2022/32022R1463.md
32022R1463	Artigo 32.º	Assistência da Comissão	600	608	115	ue/regulamentos/2022/32022R1463.md
32022R1463	Artigo 33.º	Tratamento de dados pessoais	610	612	153	ue/regulamentos/2022/32022R1463.md
32022R1463	Artigo 34.º	Responsabilidades do requerente de elementos de prova enquanto responsável pelo tratamento dos dados	614	618	316	ue/regulamentos/2022/32022R1463.md
32022R1463	Artigo 35.º	Responsabilidades do emitente de elementos de prova enquanto responsável pelo tratamento dos dados	620	628	225	ue/regulamentos/2022/32022R1463.md
32022R1463	Artigo 36.º	Entrada em vigor	630	688	1266	ue/regulamentos/2022/32022R1463.md
32022R1464	Preâmbulo		18	34	269	ue/regulamentos/2022/32022R1464.md
32022R1464	Artigo 1.º		38	40	32	ue/regulamentos/2022/32022R1464.md
32022R1464	Artigo 2.º		42	58	121	ue/regulamentos/2022/32022R1464.md
32022R1464	ANEXO		60	65	77	ue/regulamentos/2022/32022R1464.md
32022R1465	Preâmbulo		18	72	2506	ue/regulamentos/2022/32022R1465.md
32022R1465	Artigo 1.º		76	78	34	ue/regulamentos/2022/32022R1465.md
32022R1465	Artigo 2.º		80	126	1487	ue/regulamentos/2022/32022R1465.md
32022R1465	ANEXO		128	255	1481	ue/regulamentos/2022/32022R1465.md
32022R1466	Preâmbulo		18	46	1180	ue/regulamentos/2022/32022R1466.md
32022R1466	Artigo 1.º	Alterações do Regulamento (CE) n.º 1334/2008	50	52	43	ue/regulamentos/2022/32022R1466.md
32022R1466	Artigo 2.º	Medidas transitórias	54	62	361	ue/regulamentos/2022/32022R1466.md
32022R1466	Artigo 3.º	Entrada em vigor	64	82	214	ue/regulamentos/2022/32022R1466.md
32022R1466	ANEXO		84	110	523	ue/regulamentos/2022/32022R1466.md
32022R1467	Preâmbulo		18	42	606	ue/regulamentos/2022/32022R1467.md
32022R1467	Artigo 1.º		46	58	166	ue/regulamentos/2022/32022R1467.md
32022R1467	«Artigo 2.º-F	Formulários normalizados para a comunicação de informações ao registo central sobre operadores de plataformas excluídos e operadores de plataformas estrangeiros	60	78	704	ue/regulamentos/2022/32022R1467.md
32022R1467	Artigo 2.º		80	102	342	ue/regulamentos/2022/32022R1467.md
32022R1467	ANEXO I		104	266	1715	ue/regulamentos/2022/32022R1467.md
32022R1467	ANEXO II		268	273	55	ue/regulamentos/2022/32022R1467.md
32022R1467	ANEXO III		275	2799	20054	ue/regulamentos/2022/32022R1467.md
32022R1468	Preâmbulo		18	56	1224	ue/regulamentos/2022/32022R1468.md
32022R1468	Artigo 1.º	Alteração do Regulamento de Execução (UE) n.º 540/2011	60	62	48	ue/regulamentos/2022/32022R1468.md
32022R1468	Artigo 2.º	Revogação do Regulamento de Execução (UE) 2018/185	64	66	30	ue/regulamentos/2022/32022R1468.md
32022R1468	Artigo 3.º	Medidas transitórias	68	70	61	ue/regulamentos/2022/32022R1468.md
32022R1468	Artigo 4.º	Prazo de tolerância	72	74	64	ue/regulamentos/2022/32022R1468.md
32022R1468	Artigo 5.º	Entrada em vigor	76	102	560	ue/regulamentos/2022/32022R1468.md
32022R1468	ANEXO		104	126	288	ue/regulamentos/2022/32022R1468.md
32022R1469	Preâmbulo		18	40	789	ue/regulamentos/2022/32022R1469.md
32022R1469	Artigo 1.º		44	46	69	ue/regulamentos/2022/32022R1469.md
32022R1469	Artigo 2.º		48	64	107	ue/regulamentos/2022/32022R1469.md
32022R1469	ANEXO		66	78	871	ue/regulamentos/2022/32022R1469.md
32022R1470	Preâmbulo		18	42	888	ue/regulamentos/2022/32022R1470.md
32022R1470	Artigo 1.º		46	48	68	ue/regulamentos/2022/32022R1470.md
32022R1470	Artigo 2.º		50	68	118	ue/regulamentos/2022/32022R1470.md
32022R1470	ANEXO		70	84	964	ue/regulamentos/2022/32022R1470.md
32022R1471	Artigo 1.º		28	30	67	ue/regulamentos/2022/32022R1471.md
32022R1471	Artigo 2.º		32	36	64	ue/regulamentos/2022/32022R1471.md
32022R1471	ANEXO		38	47	806	ue/regulamentos/2022/32022R1471.md
32022R1472	Preâmbulo		18	40	683	ue/regulamentos/2022/32022R1472.md
32022R1472	Artigo 1.º		44	46	68	ue/regulamentos/2022/32022R1472.md
32022R1472	Artigo 2.º		48	64	108	ue/regulamentos/2022/32022R1472.md
32022R1472	ANEXO		66	76	826	ue/regulamentos/2022/32022R1472.md
32022R1473	Preâmbulo		18	34	339	ue/regulamentos/2022/32022R1473.md
32022R1473	Artigo 1.º		38	40	42	ue/regulamentos/2022/32022R1473.md
32022R1473	Artigo 2.º		42	62	184	ue/regulamentos/2022/32022R1473.md
32022R1474	Preâmbulo		22	64	1245	ue/regulamentos/2022/32022R1474.md
32022R1474	Artigo 1.º	Renovação da aprovação da substância ativa	68	70	55	ue/regulamentos/2022/32022R1474.md
32022R1474	Artigo 2.º	Alterações do Regulamento de Execução (UE) n.º 540/2011	72	74	48	ue/regulamentos/2022/32022R1474.md
32022R1474	Artigo 3.º	Entrada em vigor e data de aplicação	76	104	867	ue/regulamentos/2022/32022R1474.md
32022R1474	ANEXO I		106	112	214	ue/regulamentos/2022/32022R1474.md
32022R1474	ANEXO II		114	126	274	ue/regulamentos/2022/32022R1474.md
32022R1475	Artigo 1.º	Apreciação dos critérios de avaliação	32	38	278	ue/regulamentos/2022/32022R1475.md
32022R1475	Artigo 2.º	Avaliações dos planos estratégicos da PAC durante o período de execução	40	52	544	ue/regulamentos/2022/32022R1475.md
32022R1475	Artigo 3.º	Avaliações ex post dos planos estratégicos da PAC	54	60	241	ue/regulamentos/2022/32022R1475.md
32022R1475	Artigo 4.º	Plano de avaliação	62	66	163	ue/regulamentos/2022/32022R1475.md
32022R1475	Artigo 5.º	Comunicação de informações sobre as atividades de avaliação e as constatações efetuadas	68	70	132	ue/regulamentos/2022/32022R1475.md
32022R1475	Artigo 6.º	Apreciação do contributo dos planos estratégicos da PAC	72	82	471	ue/regulamentos/2022/32022R1475.md
32022R1475	Artigo 7.º	Dados e apoio técnico às avaliações	84	94	465	ue/regulamentos/2022/32022R1475.md
32022R1475	Artigo 8.º	Âmbito dos dados a fornecer pelos Estados-Membros	98	116	260	ue/regulamentos/2022/32022R1475.md
32022R1475	Artigo 9.º	Dados desagregados sobre as intervenções	118	124	270	ue/regulamentos/2022/32022R1475.md
32022R1475	Artigo 10.º	Dados desagregados sobre os beneficiários	126	132	211	ue/regulamentos/2022/32022R1475.md
32022R1475	Artigo 11.º	Rácio de prados permanentes	134	138	78	ue/regulamentos/2022/32022R1475.md
32022R1475	Artigo 11.º-A	Dados sobre derrogações temporárias aos requisitos das normas BCAA	140	160	217	ue/regulamentos/2022/32022R1475.md
32022R1475	Artigo 12.º	Dados sobre as intervenções em determinados setores	162	166	106	ue/regulamentos/2022/32022R1475.md
32022R1475	Artigo 13.º	Dados sobre os grupos operacionais da PEI	168	172	110	ue/regulamentos/2022/32022R1475.md
32022R1475	Artigo 14.º	Dados sobre os GAL e as respetivas atividades no âmbito da iniciativa LEADER	174	178	133	ue/regulamentos/2022/32022R1475.md
32022R1475	Artigo 15.º	Data e frequência da transmissão dos dados	180	226	993	ue/regulamentos/2022/32022R1475.md
32022R1475	Artigo 16.º	Transferência de dados	228	246	456	ue/regulamentos/2022/32022R1475.md
32022R1475	Artigo 17.º	Dados exaustivos	248	250	98	ue/regulamentos/2022/32022R1475.md
32022R1475	Artigo 18.º	Controlos e correção dos dados	252	258	178	ue/regulamentos/2022/32022R1475.md
32022R1475	Artigo 19.º	Utilização dos dados	260	262	96	ue/regulamentos/2022/32022R1475.md
32022R1475	Artigo 20.º	Entrada em vigor	266	270	66	ue/regulamentos/2022/32022R1475.md
32022R1475	ANEXO I	ELEMENTOS FUNDAMENTAIS DE AVALIAÇÃO E FATORES DE SUCESSO RECOMENDADOS A QUE SE REFERE O ARTIGO 1.º, N.º 2	272	292	2157	ue/regulamentos/2022/32022R1475.md
32022R1475	ANEXO II	REQUISITOS MÍNIMOS PARA A ESTRUTURA E O CONTEÚDO DO PLANO DE AVALIAÇÃO A QUE SE REFERE O ARTIGO 4.º, N.º 1	294	334	734	ue/regulamentos/2022/32022R1475.md
32022R1475	ANEXO III	INDICADORES DE IMPACTO REFERIDOS NO ARTIGO 6.º, N.º 5	336	349	321	ue/regulamentos/2022/32022R1475.md
32022R1475	ANEXO IV	REGRAS RELATIVAS AOS DADOS DESAGREGADOS SOBRE AS INTERVENÇÕES E OS BENEFICIÁRIOS A QUE SE REFERE O ARTIGO 9.º, N.º 3, E O Artigo 10.º, N.º 3	351	621	5086	ue/regulamentos/2022/32022R1475.md
32022R1475	ANEXO V	REGRAS RELATIVAS AOS DADOS SOBRE AS INTERVENÇÕES EM DETERMINADOS SETORES A QUE SE REFERE O ARTIGO 12.º, N.º 2	623	905	3111	ue/regulamentos/2022/32022R1475.md
32022R1475	ANEXO VI	REGRAS RELATIVAS AOS DADOS SOBRE OS GRUPOS OPERACIONAIS DA PARCERIA EUROPEIA DE INOVAÇÃO PARA A PRODUTIVIDADE E A SUSTENTABILIDADE AGRÍCOLAS (PEI) A QUE SE REFE	907	1023	1552	ue/regulamentos/2022/32022R1475.md
32022R1475	ANEXO VII	REGRAS RELATIVAS AOS DADOS SOBRE OS GAL E AS RESPETIVAS ATIVIDADES NO ÂMBITO DA INICIATIVA LEADER A QUE SE REFERE O ARTIGO 14.º, N.º 2	1025	1207	3490	ue/regulamentos/2022/32022R1475.md
32022R1478	Artigo 1.º		28	47	638	ue/regulamentos/2022/32022R1478.md
32022R1478	Artigo 2.º		49	51	52	ue/regulamentos/2022/32022R1478.md
32022R1478	Artigo 3.º		53	55	36	ue/regulamentos/2022/32022R1478.md
32022R1478	Artigo 4.º		57	73	204	ue/regulamentos/2022/32022R1478.md
32022R1478	Artigo 5.º		75	79	62	ue/regulamentos/2022/32022R1478.md
32022R1479	Preâmbulo		18	34	271	ue/regulamentos/2022/32022R1479.md
32022R1479	Artigo 1.º		38	40	33	ue/regulamentos/2022/32022R1479.md
32022R1479	Artigo 2.º		42	56	97	ue/regulamentos/2022/32022R1479.md
32022R1479	ANEXO	«ANEXO I	58	173	4966	ue/regulamentos/2022/32022R1479.md
32022R1480	Preâmbulo		18	50	1232	ue/regulamentos/2022/32022R1480.md
32022R1480	Artigo 1.º		54	56	33	ue/regulamentos/2022/32022R1480.md
32022R1480	Artigo 2.º		58	90	1077	ue/regulamentos/2022/32022R1480.md
32022R1480	ANEXO		92	190	1522	ue/regulamentos/2022/32022R1480.md
32022R1490	Artigo 1.º	Autorização	28	32	74	ue/regulamentos/2022/32022R1490.md
32022R1490	Artigo 2.º	Medidas transitórias	34	42	312	ue/regulamentos/2022/32022R1490.md
32022R1490	Artigo 3.º	Entrada em vigor	44	50	70	ue/regulamentos/2022/32022R1490.md
32022R1490	ANEXO		52	117	5155	ue/regulamentos/2022/32022R1490.md
32022R1492	Preâmbulo		18	44	826	ue/regulamentos/2022/32022R1492.md
32022R1492	Artigo 1.º		48	50	68	ue/regulamentos/2022/32022R1492.md
32022R1492	Artigo 2.º		52	68	107	ue/regulamentos/2022/32022R1492.md
32022R1492	ANEXO		70	80	839	ue/regulamentos/2022/32022R1492.md
32022R1493	Artigo 1.º		36	38	70	ue/regulamentos/2022/32022R1493.md
32022R1493	Artigo 2.º		40	44	64	ue/regulamentos/2022/32022R1493.md
32022R1493	ANEXO		46	58	1866	ue/regulamentos/2022/32022R1493.md
32022R1501	Preâmbulo		18	36	267	ue/regulamentos/2022/32022R1501.md
32022R1501	Artigo 1.º		40	42	29	ue/regulamentos/2022/32022R1501.md
32022R1501	Artigo 2.º		44	58	92	ue/regulamentos/2022/32022R1501.md
32022R1501	ANEXO		60	82	170	ue/regulamentos/2022/32022R1501.md
32022R1502	Preâmbulo		18	36	236	ue/regulamentos/2022/32022R1502.md
32022R1502	Artigo 1.º		40	42	28	ue/regulamentos/2022/32022R1502.md
32022R1502	Artigo 2.º		44	58	92	ue/regulamentos/2022/32022R1502.md
32022R1502	ANEXO		60	65	276	ue/regulamentos/2022/32022R1502.md
32022R1503	Preâmbulo		18	36	241	ue/regulamentos/2022/32022R1503.md
32022R1503	Artigo 1.º		40	42	29	ue/regulamentos/2022/32022R1503.md
32022R1503	Artigo 2.º		44	58	92	ue/regulamentos/2022/32022R1503.md
32022R1503	ANEXO		60	137	5525	ue/regulamentos/2022/32022R1503.md
32022R1504	Preâmbulo		18	50	1703	ue/regulamentos/2022/32022R1504.md
32022R1504	Artigo 1.º	Medidas técnicas para estabelecer e manter o CESOP	54	90	524	ue/regulamentos/2022/32022R1504.md
32022R1504	Artigo 2.º	Tarefas da Comissão na gestão técnica do CESOP	92	106	251	ue/regulamentos/2022/32022R1504.md
32022R1504	Artigo 3.º	Ligação e interoperabilidade global entre o CESOP e os sistemas eletrónicos nacionais	108	114	220	ue/regulamentos/2022/32022R1504.md
32022R1504	Artigo 4.º	Formulário eletrónico normalizado	116	118	72	ue/regulamentos/2022/32022R1504.md
32022R1504	Artigo 5.º	Disposições práticas relativas aos funcionários de ligação da rede Eurofisc que terão acesso ao CESOP	120	126	190	ue/regulamentos/2022/32022R1504.md
32022R1504	Artigo 6.º	Procedimentos para as medidas de segurança técnicas e organizativas para o desenvolvimento e funcionamento do CESOP	128	142	299	ue/regulamentos/2022/32022R1504.md
32022R1504	Artigo 7.º	Papéis e responsabilidades dos responsáveis pelo tratamento e do subcontratante	144	178	704	ue/regulamentos/2022/32022R1504.md
32022R1504	Artigo 8.º		180	206	460	ue/regulamentos/2022/32022R1504.md
32022R1504	ANEXO	Formulário eletrónico para a transmissão de dados	208	228	1306	ue/regulamentos/2022/32022R1504.md
32022R1518	Preâmbulo		18	50	943	ue/regulamentos/2022/32022R1518.md
32022R1518	Artigo 1.º	Alterações do Regulamento (CE) n.º 273/2004	54	56	43	ue/regulamentos/2022/32022R1518.md
32022R1518	Artigo 2.º	Alterações do Regulamento (CE) n.º 111/2005	58	60	42	ue/regulamentos/2022/32022R1518.md
32022R1518	Artigo 3.º	Entrada em vigor	62	80	177	ue/regulamentos/2022/32022R1518.md
32022R1518	ANEXO I		82	93	191	ue/regulamentos/2022/32022R1518.md
32022R1518	ANEXO II		95	106	190	ue/regulamentos/2022/32022R1518.md
32022R1519	Preâmbulo		18	50	2548	ue/regulamentos/2022/32022R1519.md
32022R1519	Artigo 1.º		54	64	102	ue/regulamentos/2022/32022R1519.md
32022R1519	Artigo 2.º		66	98	729	ue/regulamentos/2022/32022R1519.md
32022R1519	ANEXO I		100	118	308	ue/regulamentos/2022/32022R1519.md
32022R1519	ANEXO II		120	240	2737	ue/regulamentos/2022/32022R1519.md
32022R1519	ANEXO III		242	295	922	ue/regulamentos/2022/32022R1519.md
32022R1519	ANEXO IV		297	309	149	ue/regulamentos/2022/32022R1519.md
32022R1522	Preâmbulo		18	38	464	ue/regulamentos/2022/32022R1522.md
32022R1522	Artigo 1.º		42	44	49	ue/regulamentos/2022/32022R1522.md
32022R1522	Artigo 2.º		46	48	81	ue/regulamentos/2022/32022R1522.md
32022R1522	Artigo 3.º		50	68	153	ue/regulamentos/2022/32022R1522.md
32022R1522	ANEXO		70	79	797	ue/regulamentos/2022/32022R1522.md
32022R1523	Preâmbulo		18	38	460	ue/regulamentos/2022/32022R1523.md
32022R1523	Artigo 1.º		42	44	49	ue/regulamentos/2022/32022R1523.md
32022R1523	Artigo 2.º		46	48	81	ue/regulamentos/2022/32022R1523.md
32022R1523	Artigo 3.º		50	68	153	ue/regulamentos/2022/32022R1523.md
32022R1523	ANEXO		70	79	767	ue/regulamentos/2022/32022R1523.md
32022R1524	Preâmbulo		18	38	464	ue/regulamentos/2022/32022R1524.md
32022R1524	Artigo 1.º		42	44	49	ue/regulamentos/2022/32022R1524.md
32022R1524	Artigo 2.º		46	48	81	ue/regulamentos/2022/32022R1524.md
32022R1524	Artigo 3.º		50	68	153	ue/regulamentos/2022/32022R1524.md
32022R1524	ANEXO		70	79	619	ue/regulamentos/2022/32022R1524.md
32022R1525	Preâmbulo		18	42	852	ue/regulamentos/2022/32022R1525.md
32022R1525	Artigo 1.º		46	48	70	ue/regulamentos/2022/32022R1525.md
32022R1525	Artigo 2.º		50	66	107	ue/regulamentos/2022/32022R1525.md
32022R1525	ANEXO		68	80	1408	ue/regulamentos/2022/32022R1525.md
32022R1528	Preâmbulo		18	36	434	ue/regulamentos/2022/32022R1528.md
32022R1528	Artigo 1.º	Indicadores do quadro de acompanhamento e avaliação e obrigações de notificação	40	50	324	ue/regulamentos/2022/32022R1528.md
32022R1528	Artigo 2.º		52	68	110	ue/regulamentos/2022/32022R1528.md
32022R1528	ANEXO	Lista de indicadores adicionais relativos ao quadro de acompanhamento e avaliação do Instrumento de Apoio Financeiro aos Equipamentos de Controlo Aduaneiro (IEC	70	98	491	ue/regulamentos/2022/32022R1528.md
32022R1529	Preâmbulo		18	36	270	ue/regulamentos/2022/32022R1529.md
32022R1529	Artigo 1.º		40	42	29	ue/regulamentos/2022/32022R1529.md
32022R1529	Artigo 2.º		44	58	91	ue/regulamentos/2022/32022R1529.md
32022R1529	ANEXO		60	651	87185	ue/regulamentos/2022/32022R1529.md
32022R1531	Preâmbulo		18	58	1766	ue/regulamentos/2022/32022R1531.md
32022R1531	Artigo 1.º		62	64	38	ue/regulamentos/2022/32022R1531.md
32022R1531	Artigo 2.º		66	68	35	ue/regulamentos/2022/32022R1531.md
32022R1531	Artigo 3.º		70	96	512	ue/regulamentos/2022/32022R1531.md
32022R1531	ANEXO I		98	142	1603	ue/regulamentos/2022/32022R1531.md
32022R1531	ANEXO II		144	156	249	ue/regulamentos/2022/32022R1531.md
32022R1609	Preâmbulo		18	32	212	ue/regulamentos/2022/32022R1609.md
32022R1609	Artigo 1.º		36	40	78	ue/regulamentos/2022/32022R1609.md
32022R1609	Artigo 2.º		42	62	191	ue/regulamentos/2022/32022R1609.md
32022R1610	Preâmbulo		18	44	947	ue/regulamentos/2022/32022R1610.md
32022R1610	Artigo 1.º		48	50	35	ue/regulamentos/2022/32022R1610.md
32022R1610	Artigo 2.º		52	74	224	ue/regulamentos/2022/32022R1610.md
32022R1614	Preâmbulo		18	54	1076	ue/regulamentos/2022/32022R1614.md
32022R1614	Artigo 1.º	Zonas de pesca de profundidade existentes	58	62	122	ue/regulamentos/2022/32022R1614.md
32022R1614	Artigo 2.º	Lista das zonas que abrigam ou podem abrigar ecossistemas marinhos vulneráveis (EMV)	64	68	148	ue/regulamentos/2022/32022R1614.md
32022R1614	Artigo 3.º	Entrada em vigor	70	92	308	ue/regulamentos/2022/32022R1614.md
32022R1614	ANEXO I	Coordenadas das zonas de pesca de profundidade existentes	94	3132	26289	ue/regulamentos/2022/32022R1614.md
32022R1614	ANEXO II	Coordenadas da lista das zonas que abrigam ou podem abrigar ecossistemas marinhos vulneráveis (EMV)	3134	5972	25056	ue/regulamentos/2022/32022R1614.md
32022R1615	Preâmbulo		18	32	412	ue/regulamentos/2022/32022R1615.md
32022R1615	Artigo 1.º		36	38	14	ue/regulamentos/2022/32022R1615.md
32022R1615	Artigo 2.º		40	56	186	ue/regulamentos/2022/32022R1615.md
32022R1616	Artigo 1.º	Objeto e âmbito de aplicação	32	44	306	ue/regulamentos/2022/32022R1616.md
32022R1616	Artigo 2.º	Definições	46	98	1331	ue/regulamentos/2022/32022R1616.md
32022R1616	Artigo 3.º	Tecnologias de reciclagem adequadas	100	120	502	ue/regulamentos/2022/32022R1616.md
32022R1616	Artigo 4.º	Requisitos aplicáveis aos materiais e objetos de plástico reciclado	124	164	845	ue/regulamentos/2022/32022R1616.md
32022R1616	Artigo 5.º	Requisitos em matéria de documentação, instruções e rotulagem	166	190	612	ue/regulamentos/2022/32022R1616.md
32022R1616	Artigo 6.º	Requisitos aplicáveis à recolha e ao pré-tratamento	194	224	760	ue/regulamentos/2022/32022R1616.md
32022R1616	Artigo 7.º	Requisitos de descontaminação	226	240	376	ue/regulamentos/2022/32022R1616.md
32022R1616	Artigo 8.º	Pós-tratamento e utilização de materiais e objetos de plástico reciclado	242	256	320	ue/regulamentos/2022/32022R1616.md
32022R1616	Artigo 9.º	Requisitos para o funcionamento dos regimes de reciclagem	258	294	1143	ue/regulamentos/2022/32022R1616.md
32022R1616	Artigo 10.º	Requisitos para o desenvolvimento de uma tecnologia nova	298	342	1880	ue/regulamentos/2022/32022R1616.md
32022R1616	Artigo 11.º	Condições de funcionamento de equipamentos de reciclagem que aplicam tecnologias novas	344	360	380	ue/regulamentos/2022/32022R1616.md
32022R1616	Artigo 12.º	Requisitos de informação suplementar sobre os equipamentos de reciclagem que utilizam tecnologias novas	362	396	930	ue/regulamentos/2022/32022R1616.md
32022R1616	Artigo 13.º	Monitorização e comunicação dos níveis de contaminação	398	434	1552	ue/regulamentos/2022/32022R1616.md
32022R1616	Artigo 14.º	Avaliação de tecnologias novas	436	480	1219	ue/regulamentos/2022/32022R1616.md
32022R1616	Artigo 15.º	Decisão sobre a adequação de uma tecnologia nova	482	490	342	ue/regulamentos/2022/32022R1616.md
32022R1616	Artigo 16.º	Cláusula de salvaguarda relativa à colocação no mercado de materiais e objetos de plástico reciclado fabricados com uma tecnologia de reciclagem nova ou adequad	492	506	393	ue/regulamentos/2022/32022R1616.md
32022R1616	Artigo 17.º	Pedido de autorização de processos de reciclagem individuais	510	558	959	ue/regulamentos/2022/32022R1616.md
32022R1616	Artigo 18.º	Parecer da Autoridade	560	588	707	ue/regulamentos/2022/32022R1616.md
32022R1616	Artigo 19.º	Autorização de um processo de reciclagem individual	590	614	477	ue/regulamentos/2022/32022R1616.md
32022R1616	Artigo 20.º	Orientações publicadas pela Autoridade	616	620	217	ue/regulamentos/2022/32022R1616.md
32022R1616	Artigo 21.º	Obrigações gerais decorrentes da autorização de um processo de reciclagem	622	632	493	ue/regulamentos/2022/32022R1616.md
32022R1616	Artigo 22.º	Pedido de alteração de uma autorização apresentado pelo titular da autorização	634	650	482	ue/regulamentos/2022/32022R1616.md
32022R1616	Artigo 23.º	Alteração, suspensão e revogação da autorização de um processo de reciclagem por iniciativa das autoridades competentes, da Autoridade ou da Comissão	652	658	393	ue/regulamentos/2022/32022R1616.md
32022R1616	Artigo 24.º	Registo da União para tecnologias, recicladores, processos de reciclagem, regimes de reciclagem e equipamentos de descontaminação	662	704	620	ue/regulamentos/2022/32022R1616.md
32022R1616	Artigo 25.º	Registo de recicladores e equipamentos de descontaminação	706	720	522	ue/regulamentos/2022/32022R1616.md
32022R1616	Artigo 26.º	Ficha de síntese da monitorização da conformidade e verificação do funcionamento de um equipamento de descontaminação	722	740	663	ue/regulamentos/2022/32022R1616.md
32022R1616	Artigo 27.º	Controlos oficiais dos equipamentos de reciclagem	744	752	189	ue/regulamentos/2022/32022R1616.md
32022R1616	Artigo 28.º	Não conformidade do plástico reciclado	754	776	633	ue/regulamentos/2022/32022R1616.md
32022R1616	Artigo 29.º	Requisitos específicos para as declarações de conformidade de recicladores e transformadores	780	786	224	ue/regulamentos/2022/32022R1616.md
32022R1616	Artigo 30.º	Revogação	790	792	18	ue/regulamentos/2022/32022R1616.md
32022R1616	Artigo 31.º	Disposições transitórias	794	810	771	ue/regulamentos/2022/32022R1616.md
32022R1616	Artigo 32.º	Disposições transitórias específicas aplicáveis ao fabrico de materiais e objetos em que o plástico reciclado é utilizado atrás de uma barreira funcional	812	824	820	ue/regulamentos/2022/32022R1616.md
32022R1616	Artigo 33.º	Entrada em vigor	826	832	96	ue/regulamentos/2022/32022R1616.md
32022R1616	ANEXO I		834	910	2594	ue/regulamentos/2022/32022R1616.md
32022R1616	ANEXO II		912	1125	2564	ue/regulamentos/2022/32022R1616.md
32022R1616	ANEXO III		1127	1221	2503	ue/regulamentos/2022/32022R1616.md
32022R1618	Preâmbulo		18	88	2736	ue/regulamentos/2022/32022R1618.md
32022R1618	Artigo 1.º	Alterações do Regulamento de Execução (UE) 2021/404	92	94	49	ue/regulamentos/2022/32022R1618.md
32022R1618	Artigo 2.º	Entrada em vigor e aplicação	96	114	295	ue/regulamentos/2022/32022R1618.md
32022R1618	ANEXO		116	1235	30314	ue/regulamentos/2022/32022R1618.md
32022R1619	Preâmbulo		18	50	1038	ue/regulamentos/2022/32022R1619.md
32022R1619	Artigo 1.º		54	56	34	ue/regulamentos/2022/32022R1619.md
32022R1619	Artigo 2.º		58	76	288	ue/regulamentos/2022/32022R1619.md
32022R1619	ANEXO		78	100	311	ue/regulamentos/2022/32022R1619.md
32022R1621	Preâmbulo		18	40	398	ue/regulamentos/2022/32022R1621.md
32022R1621	Artigo 1.º		44	46	24	ue/regulamentos/2022/32022R1621.md
32022R1621	«Artigo 3.º		48	60	582	ue/regulamentos/2022/32022R1621.md
32022R1621	Artigo 2.º		62	80	190	ue/regulamentos/2022/32022R1621.md
32022R1622	Artigo 1.º	Economias avançadas e mercados emergentes	36	70	320	ue/regulamentos/2022/32022R1622.md
32022R1622	Artigo 2.º		72	76	64	ue/regulamentos/2022/32022R1622.md
32022R1623	Preâmbulo		18	40	1481	ue/regulamentos/2022/32022R1623.md
32022R1623	Artigo 1.º	Derrogações do Regulamento Delegado (UE) 2017/891 para 2022	44	50	343	ue/regulamentos/2022/32022R1623.md
32022R1623	Artigo 2.º	Entrada em vigor e aplicação	52	70	248	ue/regulamentos/2022/32022R1623.md
32022R1629	Artigo 1.º	Objeto	29	31	52	ue/regulamentos/2022/32022R1629.md
32022R1629	Artigo 2.º	Definições	33	45	154	ue/regulamentos/2022/32022R1629.md
32022R1629	Artigo 3.º	Estabelecimento de áreas demarcadas para confinamento	47	49	73	ue/regulamentos/2022/32022R1629.md
32022R1629	Artigo 4.º	Medidas de confinamento nas áreas demarcadas	51	85	706	ue/regulamentos/2022/32022R1629.md
32022R1629	Artigo 5.º	Prospeções	87	101	256	ue/regulamentos/2022/32022R1629.md
32022R1629	Artigo 6.º	Comunicação das informações	103	109	126	ue/regulamentos/2022/32022R1629.md
32022R1629	Artigo 7.º	Entrada em vigor	111	117	70	ue/regulamentos/2022/32022R1629.md
32022R1629	ANEXO I	Listas de áreas demarcadas para confinamento referidas no artigo 2.º	119	219	6264	ue/regulamentos/2022/32022R1629.md
32022R1629	ANEXO II	Modelos para a comunicação dos resultados das prospeções anuais realizadas nos termos do artigo 6.º, alínea b),	221	288	2952	ue/regulamentos/2022/32022R1629.md
32022R1630	Artigo 1.º	Objeto	29	31	50	ue/regulamentos/2022/32022R1630.md
32022R1630	Artigo 2.º	Definições	33	45	157	ue/regulamentos/2022/32022R1630.md
32022R1630	Artigo 3.º	Estabelecimento de áreas demarcadas para confinamento	47	49	74	ue/regulamentos/2022/32022R1630.md
32022R1630	Artigo 4.º	Medidas de confinamento nas áreas demarcadas	51	65	291	ue/regulamentos/2022/32022R1630.md
32022R1630	Artigo 5.º	Prospeções	67	83	291	ue/regulamentos/2022/32022R1630.md
32022R1630	Artigo 6.º	Comunicação das informações	85	91	126	ue/regulamentos/2022/32022R1630.md
32022R1630	Artigo 7.º	Entrada em vigor	93	99	70	ue/regulamentos/2022/32022R1630.md
32022R1630	ANEXO I	Listas de áreas demarcadas para confinamento referidas no artigo 2.º	101	194	13145	ue/regulamentos/2022/32022R1630.md
32022R1630	ANEXO II	Modelos para a comunicação dos resultados das prospeções anuais realizadas nos termos do artigo 6.º, alínea b)	196	329	3082	ue/regulamentos/2022/32022R1630.md
32022R1636	Artigo 1.º	Limiar para a perda devida à natureza dos produtos de tabacos manufaturados	29	31	81	ue/regulamentos/2022/32022R1636.md
32022R1636	Artigo 2.º	Requisitos para as mensagens trocadas através do sistema informatizado	33	35	107	ue/regulamentos/2022/32022R1636.md
32022R1636	Artigo 3.º	Projeto de documento administrativo eletrónico e documento administrativo eletrónico	37	39	133	ue/regulamentos/2022/32022R1636.md
32022R1636	Artigo 4.º	Projeto de documento administrativo simplificado eletrónico e documento administrativo simplificado eletrónico	41	43	146	ue/regulamentos/2022/32022R1636.md
32022R1636	Artigo 5.º	Mensagens relativas ao cancelamento do documento administrativo eletrónico	45	47	80	ue/regulamentos/2022/32022R1636.md
32022R1636	Artigo 6.º	Mensagens relativas a uma alteração de destino da circulação de produtos sujeitos a impostos especiais de consumo	49	53	90	ue/regulamentos/2022/32022R1636.md
32022R1636	Artigo 6.º-A	Mensagens relativas aos produtos sujeitos a impostos especiais de consumo exportados em regime de suspensão do imposto	55	61	185	ue/regulamentos/2022/32022R1636.md
32022R1636	Artigo 7.º	Mensagens relativas à repartição da circulação de produtos energéticos em regime de suspensão do imposto especial de consumo	63	65	104	ue/regulamentos/2022/32022R1636.md
32022R1636	Artigo 8.º	Mensagens relativas ao final da circulação de produtos sujeitos a impostos especiais de consumo	67	69	100	ue/regulamentos/2022/32022R1636.md
32022R1636	Artigo 9.º	Documentos de contingência	71	81	593	ue/regulamentos/2022/32022R1636.md
32022R1636	Artigo 10.º	Revogação	83	87	81	ue/regulamentos/2022/32022R1636.md
32022R1636	Artigo 11.º	Entrada em vigor e aplicação	89	97	91	ue/regulamentos/2022/32022R1636.md
32022R1636	ANEXO I	Mensagens utilizadas para efeitos da circulação de produtos sujeitos a impostos especiais de consumo em regime de suspensão do imposto ou previamente introduzid	99	652	23642	ue/regulamentos/2022/32022R1636.md
32022R1636	ANEXO II	Listas de códigos	654	881	3867	ue/regulamentos/2022/32022R1636.md
32022R1637	Artigo 1.º	Certificado de isenção	28	38	242	ue/regulamentos/2022/32022R1637.md
32022R1637	Artigo 2.º	Formalidades a cumprir antes do início da circulação dos produtos sujeitos a impostos especiais de consumo em regime de suspensão do imposto	40	44	202	ue/regulamentos/2022/32022R1637.md
32022R1637	Artigo 3.º	Cancelamento do documento administrativo eletrónico	46	56	342	ue/regulamentos/2022/32022R1637.md
32022R1637	Artigo 4.º	Mensagens relativas a uma alteração de destino ou à alteração de destinatário durante a circulação de produtos sujeitos a impostos especiais de consumo em regim	58	80	778	ue/regulamentos/2022/32022R1637.md
32022R1637	Artigo 4.º-A	Mensagens relativas aos produtos sujeitos a impostos especiais de consumo exportados em regime de suspensão do imposto especial de consumo	82	88	174	ue/regulamentos/2022/32022R1637.md
32022R1637	Artigo 5.º	Mensagens relativas à repartição da circulação de produtos energéticos em regime de suspensão do imposto	90	108	456	ue/regulamentos/2022/32022R1637.md
32022R1637	Artigo 6.º	Formalidades a cumprir antes do início da circulação dos produtos sujeitos a impostos especiais de consumo após a introdução no consumo	110	114	150	ue/regulamentos/2022/32022R1637.md
32022R1637	Artigo 7.º	Mensagens relativas a uma alteração de destino da circulação dos produtos sujeitos a impostos especiais de consumo após a introdução no consumo	116	134	402	ue/regulamentos/2022/32022R1637.md
32022R1637	Artigo 7.º-A	Utilização de documentos de contingência	136	140	174	ue/regulamentos/2022/32022R1637.md
32022R1637	Artigo 8.º	Revogação	142	144	17	ue/regulamentos/2022/32022R1637.md
32022R1637	Artigo 9.º	Entrada em vigor e aplicação	146	152	90	ue/regulamentos/2022/32022R1637.md
32022R1637	ANEXO		154	346	2330	ue/regulamentos/2022/32022R1637.md
32022R1638	Preâmbulo		18	46	480	ue/regulamentos/2022/32022R1638.md
32022R1638	Artigo 1.º		50	55	99	ue/regulamentos/2022/32022R1638.md
32022R1638	Artigo 2.º		57	77	124	ue/regulamentos/2022/32022R1638.md
32022R1644	Artigo 1.º		28	46	519	ue/regulamentos/2022/32022R1644.md
32022R1644	Artigo 2.º		48	56	429	ue/regulamentos/2022/32022R1644.md
32022R1644	Artigo 3.º		58	60	33	ue/regulamentos/2022/32022R1644.md
32022R1644	Artigo 4.º		62	68	82	ue/regulamentos/2022/32022R1644.md
32022R1644	ANEXO I		70	126	583	ue/regulamentos/2022/32022R1644.md
32022R1644	ANEXO II	Critérios para a seleção das combinações específicas de grupos de substâncias e grupos de produtos para o plano nacional de controlo baseado no risco relativo à	128	214	1912	ue/regulamentos/2022/32022R1644.md
32022R1644	ANEXO III	Critérios para a estratégia de amostragem para o plano nacional de controlo baseado no risco relativo à produção nos Estados-Membros (conforme referido no artig	216	260	1206	ue/regulamentos/2022/32022R1644.md
32022R1644	ANEXO IV	Critérios para a seleção das combinações específicas de grupos de substâncias e grupos de produtos para os planos nacionais de vigilância aleatória relativos à 	262	289	500	ue/regulamentos/2022/32022R1644.md
32022R1644	ANEXO V	Critérios para a estratégia de amostragem para os planos nacionais de vigilância aleatória relativos à produção nos Estados-Membros (conforme referido no artigo	291	299	299	ue/regulamentos/2022/32022R1644.md
32022R1644	ANEXO VI	Critérios para a seleção das combinações específicas de grupos de substâncias e grupos de produtos para o plano nacional de controlo baseado no risco relativo à	301	323	459	ue/regulamentos/2022/32022R1644.md
32022R1644	ANEXO VII	Critérios para a estratégia de amostragem para o plano nacional de controlo baseado no risco relativo às importações de países terceiros (conforme referido no a	325	351	884	ue/regulamentos/2022/32022R1644.md
32022R1645	Artigo 1.º	Objeto	29	31	157	ue/regulamentos/2022/32022R1645.md
32022R1645	Artigo 2.º	Âmbito de aplicação	33	41	218	ue/regulamentos/2022/32022R1645.md
32022R1645	Artigo 3.º	Definições	43	57	397	ue/regulamentos/2022/32022R1645.md
32022R1645	Artigo 4.º	Requisitos decorrentes de outra legislação da União	59	65	316	ue/regulamentos/2022/32022R1645.md
32022R1645	Artigo 5.º	Autoridade competente	67	75	240	ue/regulamentos/2022/32022R1645.md
32022R1645	Artigo 6.º	Alteração do Regulamento (UE) n.º 748/2012	77	101	370	ue/regulamentos/2022/32022R1645.md
32022R1645	Artigo 7.º	Alteração do Regulamento (UE) n.º 139/2014	103	141	680	ue/regulamentos/2022/32022R1645.md
32022R1645	Artigo 8.º		143	149	82	ue/regulamentos/2022/32022R1645.md
32022R1645	ANEXO	SEGURANÇA DA INFORMAÇÃO — REQUISITOS APLICÁVEIS ÀS ENTIDADES	151	483	7538	ue/regulamentos/2022/32022R1645.md
32022R1646	Artigo 1.º	Objeto	30	36	186	ue/regulamentos/2022/32022R1646.md
32022R1646	Artigo 2.º	Definições	38	40	73	ue/regulamentos/2022/32022R1646.md
32022R1646	Artigo 3.º	Disposições gerais	44	52	206	ue/regulamentos/2022/32022R1646.md
32022R1646	Artigo 4.º	Plano nacional de controlo da produção nos Estados-Membros baseado no risco	54	70	446	ue/regulamentos/2022/32022R1646.md
32022R1646	Artigo 5.º	Plano nacional de vigilância aleatória da produção nos Estados-Membros	72	88	561	ue/regulamentos/2022/32022R1646.md
32022R1646	Artigo 6.º	Plano nacional de controlo baseado no risco aplicável às importações de países terceiros	90	108	546	ue/regulamentos/2022/32022R1646.md
32022R1646	Artigo 7.º	Conteúdo adicional dos planos nacionais de controlo baseados no risco e dos planos nacionais de vigilância aleatória	110	128	416	ue/regulamentos/2022/32022R1646.md
32022R1646	Artigo 8.º		132	148	314	ue/regulamentos/2022/32022R1646.md
32022R1646	Artigo 9.º	Apresentação de dados pelo Estado-Membro	150	156	209	ue/regulamentos/2022/32022R1646.md
32022R1646	Artigo 10.º	Revogação da Decisão 97/747/CE	160	162	20	ue/regulamentos/2022/32022R1646.md
32022R1646	Artigo 11.º	Referências	164	166	58	ue/regulamentos/2022/32022R1646.md
32022R1646	Artigo 12.º	Entrada em vigor e aplicação	168	174	90	ue/regulamentos/2022/32022R1646.md
32022R1646	ANEXO I		176	240	2159	ue/regulamentos/2022/32022R1646.md
32022R1646	ANEXO II		242	272	441	ue/regulamentos/2022/32022R1646.md
32022R1646	ANEXO III		274	315	1667	ue/regulamentos/2022/32022R1646.md
32022R1650	Preâmbulo		18	44	1482	ue/regulamentos/2022/32022R1650.md
32022R1650	Artigo 1.º	Alterações do Regulamento de Execução (UE) 2016/1646	48	54	101	ue/regulamentos/2022/32022R1650.md
32022R1650	Artigo 2.º	Entrada em vigor	56	78	415	ue/regulamentos/2022/32022R1650.md
32022R1650	ANEXO I	ÍNDICES PRINCIPAIS ENUMERADOS NOS TERMOS DO ARTIGO 197.º DO REGULAMENTO (UE) N.º 575/2013	80	133	382	ue/regulamentos/2022/32022R1650.md
32022R1650	ANEXO II	BOLSAS RECONHECIDAS ENUMERADAS NOS TERMOS DO ARTIGO 197.º DO REGULAMENTO (UE) N.º 575/2013	135	282	1388	ue/regulamentos/2022/32022R1650.md
32022R1651	Preâmbulo		18	34	306	ue/regulamentos/2022/32022R1651.md
32022R1651	Artigo 1.º		38	40	40	ue/regulamentos/2022/32022R1651.md
32022R1651	Artigo 2.º		42	62	182	ue/regulamentos/2022/32022R1651.md
32022R1652	Preâmbulo		18	36	423	ue/regulamentos/2022/32022R1652.md
32022R1652	Artigo 1.º		40	42	40	ue/regulamentos/2022/32022R1652.md
32022R1652	Artigo 2.º		44	64	194	ue/regulamentos/2022/32022R1652.md
32022R1653	Preâmbulo		18	42	741	ue/regulamentos/2022/32022R1653.md
32022R1653	Artigo 1.º		46	48	43	ue/regulamentos/2022/32022R1653.md
32022R1653	Artigo 2.º		50	74	562	ue/regulamentos/2022/32022R1653.md
32022R1653	ANEXO		76	423	13010	ue/regulamentos/2022/32022R1653.md
32022R1659	Artigo 1.º	Definições	28	34	52	ue/regulamentos/2022/32022R1659.md
32022R1659	Artigo 2.º	Requisitos equivalentes	36	38	83	ue/regulamentos/2022/32022R1659.md
32022R1659	Artigo 3.º	Certificado fitossanitário	40	48	116	ue/regulamentos/2022/32022R1659.md
32022R1659	Artigo 4.º	Entrada em vigor	50	56	70	ue/regulamentos/2022/32022R1659.md
32022R1659	ANEXO	Requisitos para a introdução no território da União dos frutos especificados originários de Israel, como referido no artigo 2.º	58	92	1156	ue/regulamentos/2022/32022R1659.md
32022R1666	Preâmbulo		18	32	213	ue/regulamentos/2022/32022R1666.md
32022R1666	Artigo 1.º		36	38	14	ue/regulamentos/2022/32022R1666.md
32022R1666	Artigo 2.º		40	56	246	ue/regulamentos/2022/32022R1666.md
32022R1667	Preâmbulo		18	34	507	ue/regulamentos/2022/32022R1667.md
32022R1667	Artigo 1.º		38	40	14	ue/regulamentos/2022/32022R1667.md
32022R1667	Artigo 2.º		42	58	246	ue/regulamentos/2022/32022R1667.md
32022R1671	Preâmbulo		18	48	1828	ue/regulamentos/2022/32022R1671.md
32022R1671	Artigo 1.º		52	54	40	ue/regulamentos/2022/32022R1671.md
32022R1671	Artigo 2.º		56	78	183	ue/regulamentos/2022/32022R1671.md
32022R1672	Preâmbulo		18	32	214	ue/regulamentos/2022/32022R1672.md
32022R1672	Artigo 1.º		36	40	84	ue/regulamentos/2022/32022R1672.md
32022R1672	Artigo 2.º		42	62	191	ue/regulamentos/2022/32022R1672.md
32022R1676	Preâmbulo		18	90	3034	ue/regulamentos/2022/32022R1676.md
32022R1676	Artigo 1.º	Alterações do Regulamento de Execução (UE) 2021/404	94	96	49	ue/regulamentos/2022/32022R1676.md
32022R1676	Artigo 2.º	Entrada em vigor e aplicação	98	116	295	ue/regulamentos/2022/32022R1676.md
32022R1676	ANEXO		118	1110	28466	ue/regulamentos/2022/32022R1676.md
32022R1840	Preâmbulo		18	32	211	ue/regulamentos/2022/32022R1840.md
32022R1840	Artigo 1.º		36	40	67	ue/regulamentos/2022/32022R1840.md
32022R1840	Artigo 2.º		42	62	191	ue/regulamentos/2022/32022R1840.md
32022R1848	Preâmbulo		18	40	402	ue/regulamentos/2022/32022R1848.md
32022R1848	Artigo 1.º		44	56	120	ue/regulamentos/2022/32022R1848.md
32022R1848	Artigo 2.º		58	74	141	ue/regulamentos/2022/32022R1848.md
32022R1848	ANEXO		76	200	669	ue/regulamentos/2022/32022R1848.md
32022R1849	Preâmbulo		18	32	206	ue/regulamentos/2022/32022R1849.md
32022R1849	Artigo 1.º		36	40	81	ue/regulamentos/2022/32022R1849.md
32022R1849	Artigo 2.º		42	62	191	ue/regulamentos/2022/32022R1849.md
32022R1855	Preâmbulo		18	56	2108	ue/regulamentos/2022/32022R1855.md
32022R1855	Artigo 1.º	Dados a especificar nas comunicações de informações efetuadas nos termos do artigo 9.º, n.ºs 1 e 3, do Regulamento (UE) n.º 648/2012	60	76	610	ue/regulamentos/2022/32022R1855.md
32022R1855	Artigo 2.º	Transações que são objeto de compensação	78	82	288	ue/regulamentos/2022/32022R1855.md
32022R1855	Artigo 3.º	Comunicação de informações ao nível da posição	84	106	553	ue/regulamentos/2022/32022R1855.md
32022R1855	Artigo 4.º	Comunicação das exposições	108	118	452	ue/regulamentos/2022/32022R1855.md
32022R1855	Artigo 5.º	Montante nocional	120	154	571	ue/regulamentos/2022/32022R1855.md
32022R1855	Artigo 6.º	Preço	156	166	140	ue/regulamentos/2022/32022R1855.md
32022R1855	Artigo 7.º	Ligação das comunicações de informações	168	176	376	ue/regulamentos/2022/32022R1855.md
32022R1855	Artigo 8.º	Revogação	178	182	46	ue/regulamentos/2022/32022R1855.md
32022R1855	Artigo 9.º	Entrada em vigor	184	204	261	ue/regulamentos/2022/32022R1855.md
32022R1855	ANEXO		206	438	19034	ue/regulamentos/2022/32022R1855.md
32022R1856	Preâmbulo		18	46	1218	ue/regulamentos/2022/32022R1856.md
32022R1856	Artigo 1.º	Alterações do Regulamento Delegado (UE) n. 151/2013	50	54	48	ue/regulamentos/2022/32022R1856.md
32022R1856	«Artigo 2.º	Concessão de acesso aos dados respeitantes aos derivados	56	138	2843	ue/regulamentos/2022/32022R1856.md
32022R1856	«Artigo 4.º	Concessão de acesso aos dados relativos a derivados	140	258	1857	ue/regulamentos/2022/32022R1856.md
32022R1856	Artigo 2.º	Entrada em vigor	260	284	540	ue/regulamentos/2022/32022R1856.md
32022R1857	Preâmbulo		18	46	1089	ue/regulamentos/2022/32022R1857.md
32022R1857	Artigo 1.º		50	54	34	ue/regulamentos/2022/32022R1857.md
32022R1857	«Artigo 19.º	Verificação da completude e exatidão dos dados	56	102	1418	ue/regulamentos/2022/32022R1857.md
32022R1857	«Artigo 23.º-B	Extensão do registo	104	116	256	ue/regulamentos/2022/32022R1857.md
32022R1857	«Artigo 23.º-C	Pagamento de taxas	118	126	269	ue/regulamentos/2022/32022R1857.md
32022R1857	Artigo 2.º	O presente regulamento entra em vigor no vigésimo dia seguinte ao da sua publicação no Jornal Oficial da União Europeia.	128	152	673	ue/regulamentos/2022/32022R1857.md
32022R1858	Preâmbulo		18	46	1190	ue/regulamentos/2022/32022R1858.md
32022R1858	Artigo 1.º	Verificação dos derivados pelos repositórios de transações	50	80	808	ue/regulamentos/2022/32022R1858.md
32022R1858	Artigo 2.º	Procedimento de atualização dos identificadores de entidade jurídica	82	114	966	ue/regulamentos/2022/32022R1858.md
32022R1858	Artigo 3.º	Conciliação de dados pelos repositórios de transações	116	146	1125	ue/regulamentos/2022/32022R1858.md
32022R1858	Artigo 4.º	Mecanismos de resposta de final de dia	148	166	461	ue/regulamentos/2022/32022R1858.md
32022R1858	Artigo 5.º	Entrada em vigor e aplicação	168	188	295	ue/regulamentos/2022/32022R1858.md
32022R1858	ANEXO		190	392	6660	ue/regulamentos/2022/32022R1858.md
32022R1859	Preâmbulo		18	36	652	ue/regulamentos/2022/32022R1859.md
32022R1859	Artigo 1.º		40	44	35	ue/regulamentos/2022/32022R1859.md
32022R1859	«Artigo 1.º	Modelo dos pedidos	46	60	492	ue/regulamentos/2022/32022R1859.md
32022R1859	Artigo 2.º		62	82	397	ue/regulamentos/2022/32022R1859.md
32022R1859	ANEXO		84	98	121	ue/regulamentos/2022/32022R1859.md
32022R1860	Artigo 1.º	Padrões relativos aos dados e formatos das comunicações sobre derivados	30	32	132	ue/regulamentos/2022/32022R1860.md
32022R1860	Artigo 2.º	Periodicidade das comunicações	34	44	449	ue/regulamentos/2022/32022R1860.md
32022R1860	Artigo 3.º	Identificação das contrapartes e outras entidades	46	64	270	ue/regulamentos/2022/32022R1860.md
32022R1860	Artigo 4.º	Direção do derivado	66	92	937	ue/regulamentos/2022/32022R1860.md
32022R1860	Artigo 5.º	Cobertura por garantias	94	114	828	ue/regulamentos/2022/32022R1860.md
32022R1860	Artigo 6.º	Especificação, identificação e classificação dos derivados	116	130	350	ue/regulamentos/2022/32022R1860.md
32022R1860	Artigo 7.º	Identificador de transação único	132	172	1235	ue/regulamentos/2022/32022R1860.md
32022R1860	Artigo 8.º	Comunicação das alterações do LEI e atualização do código de identificação do LEI	174	200	1172	ue/regulamentos/2022/32022R1860.md
32022R1860	Artigo 9.º	Métodos e mecanismos de comunicação de informações	202	234	877	ue/regulamentos/2022/32022R1860.md
32022R1860	Artigo 10.º	Data até à qual os contratos de derivados devem ser comunicados	236	240	160	ue/regulamentos/2022/32022R1860.md
32022R1860	Artigo 11.º	Revogação	242	246	47	ue/regulamentos/2022/32022R1860.md
32022R1860	Artigo 12.º	Entrada em vigor e aplicação	248	254	90	ue/regulamentos/2022/32022R1860.md
32022R1860	ANEXO		256	526	19048	ue/regulamentos/2022/32022R1860.md
32022R1861	Preâmbulo		18	32	212	ue/regulamentos/2022/32022R1861.md
32022R1861	Artigo 1.º		36	40	67	ue/regulamentos/2022/32022R1861.md
32022R1861	Artigo 2.º		42	62	191	ue/regulamentos/2022/32022R1861.md
32022R1862	Artigo 1.º		28	32	82	ue/regulamentos/2022/32022R1862.md
32022R1862	Artigo 2.º		34	36	41	ue/regulamentos/2022/32022R1862.md
32022R1862	Artigo 3.º		38	42	50	ue/regulamentos/2022/32022R1862.md
32022R1862	ANEXO		44	15948	39233	ue/regulamentos/2022/32022R1862.md
32022R1863	Preâmbulo		18	36	603	ue/regulamentos/2022/32022R1863.md
32022R1863	Artigo 1.º	Alteração do Regulamento de Execução (UE) 2017/892	40	44	150	ue/regulamentos/2022/32022R1863.md
32022R1863	Artigo 2.º	Entrada em vigor	46	66	322	ue/regulamentos/2022/32022R1863.md
32022R1901	Preâmbulo		18	36	233	ue/regulamentos/2022/32022R1901.md
32022R1901	Artigo 1.º		40	42	29	ue/regulamentos/2022/32022R1901.md
32022R1901	Artigo 2.º		44	58	89	ue/regulamentos/2022/32022R1901.md
32022R1901	ANEXO		60	146	3056	ue/regulamentos/2022/32022R1901.md
32022R1903	Preâmbulo		18	38	394	ue/regulamentos/2022/32022R1903.md
32022R1903	Artigo 1.º		42	53	147	ue/regulamentos/2022/32022R1903.md
32022R1903	Artigo 2.º		55	73	262	ue/regulamentos/2022/32022R1903.md
32022R1904	Preâmbulo		18	74	3210	ue/regulamentos/2022/32022R1904.md
32022R1904	Artigo 1.º		78	82	28	ue/regulamentos/2022/32022R1904.md
32022R1904	«Artigo 2.º-AA		84	286	4868	ue/regulamentos/2022/32022R1904.md
32022R1904	«Artigo 5.º-N		288	338	1464	ue/regulamentos/2022/32022R1904.md
32022R1904	"""Artigo 7.º-A"		340	364	319	ue/regulamentos/2022/32022R1904.md
32022R1904	Artigo 2.º		366	398	690	ue/regulamentos/2022/32022R1904.md
32022R1904	ANEXO I		400	496	1966	ue/regulamentos/2022/32022R1904.md
32022R1904	ANEXO II		498	502	71	ue/regulamentos/2022/32022R1904.md
32022R1904	ANEXO III		504	532	366	ue/regulamentos/2022/32022R1904.md
32022R1904	ANEXO IV		534	935	7990	ue/regulamentos/2022/32022R1904.md
32022R1904	ANEXO V		937	973	124	ue/regulamentos/2022/32022R1904.md
32022R1904	ANEXO VI		975	1172	9589	ue/regulamentos/2022/32022R1904.md
32022R1904	ANEXO VII		1174	1861	26586	ue/regulamentos/2022/32022R1904.md
32022R1904	ANEXO VIII		1863	1873	70	ue/regulamentos/2022/32022R1904.md
32022R1904	ANEXO IX		1875	1887	155	ue/regulamentos/2022/32022R1904.md
32022R1905	Preâmbulo		18	38	450	ue/regulamentos/2022/32022R1905.md
32022R1905	Artigo 1.º		42	65	601	ue/regulamentos/2022/32022R1905.md
32022R1905	«Artigo 6.º-A		67	79	566	ue/regulamentos/2022/32022R1905.md
32022R1905	Artigo 2.º		81	99	228	ue/regulamentos/2022/32022R1905.md
32022R1906	Preâmbulo		18	44	1306	ue/regulamentos/2022/32022R1906.md
32022R1906	Artigo 1.º		48	50	40	ue/regulamentos/2022/32022R1906.md
32022R1906	Artigo 2.º		52	66	88	ue/regulamentos/2022/32022R1906.md
32022R1906	ANEXO		68	117	8811	ue/regulamentos/2022/32022R1906.md
32022R1915	Preâmbulo		18	34	307	ue/regulamentos/2022/32022R1915.md
32022R1915	Artigo 1.º		38	40	39	ue/regulamentos/2022/32022R1915.md
32022R1915	Artigo 2.º		42	62	182	ue/regulamentos/2022/32022R1915.md
32022R1916	Preâmbulo		18	50	994	ue/regulamentos/2022/32022R1916.md
32022R1916	Artigo 1.º		54	56	32	ue/regulamentos/2022/32022R1916.md
32022R1916	Artigo 2.º		58	82	555	ue/regulamentos/2022/32022R1916.md
32022R1916	ANEXO	Alteração do Regulamento de Execução (UE) 2018/2019	84	92	151	ue/regulamentos/2022/32022R1916.md
32022R1917	Preâmbulo		22	66	2700	ue/regulamentos/2022/32022R1917.md
32022R1917	Artigo 1.º	Objeto e âmbito de aplicação	70	82	169	ue/regulamentos/2022/32022R1917.md
32022R1917	Artigo 2.º	Definições	84	110	477	ue/regulamentos/2022/32022R1917.md
32022R1917	Artigo 3.º	Monitorização e registo	112	120	281	ue/regulamentos/2022/32022R1917.md
32022R1917	Artigo 4.º	Acordos de cooperação local	122	128	368	ue/regulamentos/2022/32022R1917.md
32022R1917	Artigo 5.º	Reporte	130	160	510	ue/regulamentos/2022/32022R1917.md
32022R1917	Artigo 6.º	Notificação	162	186	518	ue/regulamentos/2022/32022R1917.md
32022R1917	Artigo 7.º	Plano de regularização	188	238	1422	ue/regulamentos/2022/32022R1917.md
32022R1917	Artigo 8.º	Procedimento de infração	240	312	1396	ue/regulamentos/2022/32022R1917.md
32022R1917	Artigo 9.º	Metodologia das sanções	314	316	34	ue/regulamentos/2022/32022R1917.md
32022R1917	Artigo 10.º	Revisão	318	320	78	ue/regulamentos/2022/32022R1917.md
32022R1917	Artigo 11.º	Disposições transitórias	322	334	342	ue/regulamentos/2022/32022R1917.md
32022R1917	Artigo 12.º	Aplicação específica a infrações relacionadas com o reporte de estatísticas de mercados monetários	336	338	81	ue/regulamentos/2022/32022R1917.md
32022R1917	Artigo 13.º	Revogação	340	342	63	ue/regulamentos/2022/32022R1917.md
32022R1917	Artigo 14.º	Entrada em vigor	344	368	299	ue/regulamentos/2022/32022R1917.md
32022R1922	Preâmbulo		18	54	1348	ue/regulamentos/2022/32022R1922.md
32022R1922	Artigo 1.º		58	60	30	ue/regulamentos/2022/32022R1922.md
32022R1922	Artigo 2.º		62	84	195	ue/regulamentos/2022/32022R1922.md
32022R1922	ANEXO		86	174	2449	ue/regulamentos/2022/32022R1922.md
32022R1923	Preâmbulo		18	56	1702	ue/regulamentos/2022/32022R1923.md
32022R1923	Artigo 1.º		60	62	31	ue/regulamentos/2022/32022R1923.md
32022R1923	Artigo 2.º		64	86	478	ue/regulamentos/2022/32022R1923.md
32022R1923	ANEXO		88	110	347	ue/regulamentos/2022/32022R1923.md
32022R1924	Preâmbulo		18	897	27954	ue/regulamentos/2022/32022R1924.md
32022R1924	Artigo 1.º		901	920	746	ue/regulamentos/2022/32022R1924.md
32022R1924	Artigo 2.º		922	1062	2848	ue/regulamentos/2022/32022R1924.md
32022R1925	Artigo 1.º	Objeto e âmbito	33	57	815	ue/regulamentos/2022/32022R1925.md
32022R1925	Artigo 2.º	Definições	59	147	1877	ue/regulamentos/2022/32022R1925.md
32022R1925	Artigo 3.º	Designação de controladores de acesso	151	213	2184	ue/regulamentos/2022/32022R1925.md
32022R1925	Artigo 4.º	Revisão do estatuto de controlador de acesso	215	229	444	ue/regulamentos/2022/32022R1925.md
32022R1925	Artigo 5.º	Obrigações dos controladores de acesso	233	283	1709	ue/regulamentos/2022/32022R1925.md
32022R1925	Artigo 6.º	Obrigações dos controladores de acesso suscetíveis de serem mais bem especificadas nos termos do artigo 8.º	285	325	2687	ue/regulamentos/2022/32022R1925.md
32022R1925	Artigo 7.º	Obrigações dos controladores de acesso relativas aos serviços de comunicações interpessoais independentes do número	327	367	1263	ue/regulamentos/2022/32022R1925.md
32022R1925	Artigo 8.º	Cumprimento das obrigações por parte dos controladores de acesso	369	399	1113	ue/regulamentos/2022/32022R1925.md
32022R1925	Artigo 9.º	Suspensão	401	409	614	ue/regulamentos/2022/32022R1925.md
32022R1925	Artigo 10.º	Isenção por razões de saúde pública e de segurança pública	411	421	588	ue/regulamentos/2022/32022R1925.md
32022R1925	Artigo 11.º	Relatórios	423	431	182	ue/regulamentos/2022/32022R1925.md
32022R1925	Artigo 12.º	Atualização das obrigações dos controladores de acesso	433	467	1086	ue/regulamentos/2022/32022R1925.md
32022R1925	Artigo 13.º	Antievasão	469	489	825	ue/regulamentos/2022/32022R1925.md
32022R1925	Artigo 14.º	Obrigação de comunicar concentrações	491	507	664	ue/regulamentos/2022/32022R1925.md
32022R1925	Artigo 15.º	Obrigação de auditoria	509	515	256	ue/regulamentos/2022/32022R1925.md
32022R1925	Artigo 16.º	Abertura de uma investigação de mercado	519	539	294	ue/regulamentos/2022/32022R1925.md
32022R1925	Artigo 17.º	Investigação de mercado para fins de designação de controladores de acesso	541	551	731	ue/regulamentos/2022/32022R1925.md
32022R1925	Artigo 18.º	Investigação de mercado sobre incumprimentos sistemáticos	553	569	1013	ue/regulamentos/2022/32022R1925.md
32022R1925	Artigo 19.º	Investigação de mercado sobre novos serviços e novas práticas	571	585	558	ue/regulamentos/2022/32022R1925.md
32022R1925	Artigo 20.º	Abertura de procedimento	589	593	103	ue/regulamentos/2022/32022R1925.md
32022R1925	Artigo 21.º	Pedidos de informação	595	605	522	ue/regulamentos/2022/32022R1925.md
32022R1925	Artigo 22.º	Poderes para realizar inquirições e registar declarações	607	611	230	ue/regulamentos/2022/32022R1925.md
32022R1925	Artigo 23.º	Poderes para realizar inspeções	613	645	1456	ue/regulamentos/2022/32022R1925.md
32022R1925	Artigo 24.º	Medidas provisórias	647	649	195	ue/regulamentos/2022/32022R1925.md
32022R1925	Artigo 25.º	Compromissos	651	665	328	ue/regulamentos/2022/32022R1925.md
32022R1925	Artigo 26.º	Acompanhamento das obrigações e medidas	667	671	217	ue/regulamentos/2022/32022R1925.md
32022R1925	Artigo 27.º	Informações provenientes de terceiros	673	679	310	ue/regulamentos/2022/32022R1925.md
32022R1925	Artigo 28.º	Função de verificação do cumprimento	681	711	830	ue/regulamentos/2022/32022R1925.md
32022R1925	Artigo 29.º	Incumprimento	713	739	454	ue/regulamentos/2022/32022R1925.md
32022R1925	Artigo 30.º	Coimas	741	791	1193	ue/regulamentos/2022/32022R1925.md
32022R1925	Artigo 31.º	Sanções pecuniárias compulsórias	793	813	450	ue/regulamentos/2022/32022R1925.md
32022R1925	Artigo 32.º	Prescrição em matéria de aplicação de sanções	815	831	429	ue/regulamentos/2022/32022R1925.md
32022R1925	Artigo 33.º	Prescrição em matéria de execução de sanções	833	851	270	ue/regulamentos/2022/32022R1925.md
32022R1925	Artigo 34.º	Direito de ser ouvido e de acesso ao processo	853	865	543	ue/regulamentos/2022/32022R1925.md
32022R1925	Artigo 35.º	Relatórios anuais	867	883	264	ue/regulamentos/2022/32022R1925.md
32022R1925	Artigo 36.º	Segredo profissional	885	893	271	ue/regulamentos/2022/32022R1925.md
32022R1925	Artigo 37.º	Cooperação com as autoridades nacionais	895	899	122	ue/regulamentos/2022/32022R1925.md
32022R1925	Artigo 38.º	Cooperação e coordenação com as autoridades nacionais competentes responsáveis pela aplicação das regras de concorrência	901	917	1014	ue/regulamentos/2022/32022R1925.md
32022R1925	Artigo 39.º	Cooperação com os tribunais nacionais	919	929	402	ue/regulamentos/2022/32022R1925.md
32022R1925	Artigo 40.º	Grupo de alto nível	931	959	678	ue/regulamentos/2022/32022R1925.md
32022R1925	Artigo 41.º	Pedido de investigação de mercado	961	975	510	ue/regulamentos/2022/32022R1925.md
32022R1925	Artigo 42.º	Ações coletivas	977	979	71	ue/regulamentos/2022/32022R1925.md
32022R1925	Artigo 43.º	Denúncia de violações e proteção dos denunciantes	981	983	51	ue/regulamentos/2022/32022R1925.md
32022R1925	Artigo 44.º	Publicação das decisões	987	991	130	ue/regulamentos/2022/32022R1925.md
32022R1925	Artigo 45.º	Reapreciação pelo Tribunal de Justiça	993	995	92	ue/regulamentos/2022/32022R1925.md
32022R1925	Artigo 46.º	Disposições de execução	997	1031	673	ue/regulamentos/2022/32022R1925.md
32022R1925	Artigo 47.º	Orientações	1033	1035	42	ue/regulamentos/2022/32022R1925.md
32022R1925	Artigo 48.º	Normalização	1037	1039	62	ue/regulamentos/2022/32022R1925.md
32022R1925	Artigo 49.º	Exercício da delegação	1041	1053	500	ue/regulamentos/2022/32022R1925.md
32022R1925	Artigo 50.º	Procedimento de comité	1055	1065	218	ue/regulamentos/2022/32022R1925.md
32022R1925	Artigo 51.º	Alteração da Diretiva (UE) 2019/1937	1067	1071	110	ue/regulamentos/2022/32022R1925.md
32022R1925	Artigo 52.º	Alteração da Diretiva (UE) 2020/1828	1073	1077	104	ue/regulamentos/2022/32022R1925.md
32022R1925	Artigo 53.º	Reexame	1079	1087	325	ue/regulamentos/2022/32022R1925.md
32022R1925	Artigo 54.º	Entrada em vigor e aplicação	1089	1099	184	ue/regulamentos/2022/32022R1925.md
32022R1925	ANEXO		1101	1166	4093	ue/regulamentos/2022/32022R1925.md
32022R1927	Artigo 1.º	Objeto	29	31	47	ue/regulamentos/2022/32022R1927.md
32022R1927	Artigo 2.º	Definições	33	43	283	ue/regulamentos/2022/32022R1927.md
32022R1927	Artigo 3.º	Estabelecimento de áreas demarcadas para confinamento	45	47	73	ue/regulamentos/2022/32022R1927.md
32022R1927	Artigo 4.º	Medidas de confinamento nas áreas demarcadas	49	65	286	ue/regulamentos/2022/32022R1927.md
32022R1927	Artigo 5.º	Prospeções	67	83	289	ue/regulamentos/2022/32022R1927.md
32022R1927	Artigo 6.º	Comunicação das informações	85	91	126	ue/regulamentos/2022/32022R1927.md
32022R1927	Artigo 7.º	Entrada em vigor	93	99	70	ue/regulamentos/2022/32022R1927.md
32022R1927	ANEXO I		101	298	6340	ue/regulamentos/2022/32022R1927.md
32022R1927	ANEXO II	Modelos para a comunicação dos resultados das prospeções realizadas nos termos do artigo 5.º, n.º 3	300	369	2964	ue/regulamentos/2022/32022R1927.md
32022R1929	Preâmbulo		18	44	796	ue/regulamentos/2022/32022R1929.md
32022R1929	Artigo 1.º	Alteração do Regulamento de Execução (UE) 2020/1227	48	68	331	ue/regulamentos/2022/32022R1929.md
32022R1929	Artigo 2.º	Entrada em vigor	70	94	513	ue/regulamentos/2022/32022R1929.md
32022R1929	ANEXO I		96	119	373	ue/regulamentos/2022/32022R1929.md
32022R1929	ANEXO II	«ANEXO IV	121	300	4780	ue/regulamentos/2022/32022R1929.md
32022R1930	Preâmbulo		18	46	1512	ue/regulamentos/2022/32022R1930.md
32022R1930	Artigo 1.º	Alterações ao Regulamento Delegado (UE) 2018/1229	50	54	58	ue/regulamentos/2022/32022R1930.md
32022R1930	«Artigo 41.º-A	Disposições transitórias	56	74	323	ue/regulamentos/2022/32022R1930.md
32022R1930	Artigo 2.º	Entrada em vigor	76	104	632	ue/regulamentos/2022/32022R1930.md
32022R1931	Preâmbulo		18	34	310	ue/regulamentos/2022/32022R1931.md
32022R1931	Artigo 1.º		38	40	42	ue/regulamentos/2022/32022R1931.md
32022R1931	Artigo 2.º		42	62	196	ue/regulamentos/2022/32022R1931.md
32022R1934	Preâmbulo		18	40	344	ue/regulamentos/2022/32022R1934.md
32022R1934	Artigo 1.º		44	52	77	ue/regulamentos/2022/32022R1934.md
32022R1934	Artigo 2.º		54	70	136	ue/regulamentos/2022/32022R1934.md
32022R1934	ANEXO		72	199	704	ue/regulamentos/2022/32022R1934.md
32022R1935	Preâmbulo		18	36	259	ue/regulamentos/2022/32022R1935.md
32022R1935	Artigo 1.º		40	42	28	ue/regulamentos/2022/32022R1935.md
32022R1935	Artigo 2.º		44	58	93	ue/regulamentos/2022/32022R1935.md
32022R1935	ANEXO		60	67	540	ue/regulamentos/2022/32022R1935.md
32022R1936	Preâmbulo		18	36	234	ue/regulamentos/2022/32022R1936.md
32022R1936	Artigo 1.º		40	42	30	ue/regulamentos/2022/32022R1936.md
32022R1936	Artigo 2.º		44	58	93	ue/regulamentos/2022/32022R1936.md
32022R1936	ANEXO		60	66	635	ue/regulamentos/2022/32022R1936.md
32022R1937	Preâmbulo		18	32	217	ue/regulamentos/2022/32022R1937.md
32022R1937	Artigo 1.º		36	40	64	ue/regulamentos/2022/32022R1937.md
32022R1937	Artigo 2.º		42	62	190	ue/regulamentos/2022/32022R1937.md
32022R1938	Preâmbulo		18	38	334	ue/regulamentos/2022/32022R1938.md
32022R1938	Artigo 1.º		42	44	38	ue/regulamentos/2022/32022R1938.md
32022R1938	Artigo 2.º		46	64	114	ue/regulamentos/2022/32022R1938.md
32022R1939	Preâmbulo		18	38	334	ue/regulamentos/2022/32022R1939.md
32022R1939	Artigo 1.º		42	44	38	ue/regulamentos/2022/32022R1939.md
32022R1939	Artigo 2.º		46	64	114	ue/regulamentos/2022/32022R1939.md
32022R1940	Preâmbulo		18	36	299	ue/regulamentos/2022/32022R1940.md
32022R1940	Artigo 1.º		40	42	17	ue/regulamentos/2022/32022R1940.md
32022R1940	Artigo 2.º		44	62	114	ue/regulamentos/2022/32022R1940.md
32022R1941	Artigo 1.º	Proibição de pragas	31	33	58	ue/regulamentos/2022/32022R1941.md
32022R1941	Artigo 2.º	Entrada em vigor	35	43	71	ue/regulamentos/2022/32022R1941.md
32022R1941	ANEXO		45	56	145	ue/regulamentos/2022/32022R1941.md
32022R1942	Preâmbulo		18	62	1608	ue/regulamentos/2022/32022R1942.md
32022R1942	Artigo 1.º		66	68	33	ue/regulamentos/2022/32022R1942.md
32022R1942	Artigo 2.º		70	72	33	ue/regulamentos/2022/32022R1942.md
32022R1942	Artigo 3.º		74	76	34	ue/regulamentos/2022/32022R1942.md
32022R1942	Artigo 4.º		78	106	738	ue/regulamentos/2022/32022R1942.md
32022R1942	ANEXO I		108	114	124	ue/regulamentos/2022/32022R1942.md
32022R1942	ANEXO II		116	124	409	ue/regulamentos/2022/32022R1942.md
32022R1942	ANEXO III		126	134	546	ue/regulamentos/2022/32022R1942.md
32022R1950	Preâmbulo		18	78	4106	ue/regulamentos/2022/32022R1950.md
32022R1950	Artigo 1.º		82	84	46	ue/regulamentos/2022/32022R1950.md
32022R1950	Artigo 2.º		86	88	16	ue/regulamentos/2022/32022R1950.md
32022R1950	Artigo 3.º		90	114	458	ue/regulamentos/2022/32022R1950.md
32022R1950	ANEXO		116	122	1370	ue/regulamentos/2022/32022R1950.md
32022R1955	Preâmbulo		18	38	574	ue/regulamentos/2022/32022R1955.md
32022R1955	Artigo 1.º		42	44	29	ue/regulamentos/2022/32022R1955.md
32022R1955	Artigo 2.º		46	60	92	ue/regulamentos/2022/32022R1955.md
32022R1955	ANEXO		62	89	3858	ue/regulamentos/2022/32022R1955.md
32022R1959	Preâmbulo		18	52	2142	ue/regulamentos/2022/32022R1959.md
32022R1959	Artigo 1.º	Modelo de contrato de liquidez	56	58	90	ue/regulamentos/2022/32022R1959.md
32022R1959	Artigo 2.º	Entrada em vigor	60	76	181	ue/regulamentos/2022/32022R1959.md
32022R1959	ANEXO	Modelo de contrato de liquidez	78	264	4092	ue/regulamentos/2022/32022R1959.md
32022R1961	Preâmbulo		18	102	3482	ue/regulamentos/2022/32022R1961.md
32022R1961	Artigo 1.º	Alterações do Regulamento de Execução (UE) 2021/404	106	108	49	ue/regulamentos/2022/32022R1961.md
32022R1961	Artigo 2.º	Retificações do Regulamento de Execução (UE) 2021/404	110	141	695	ue/regulamentos/2022/32022R1961.md
32022R1961	Artigo 3.º	Entrada em vigor e aplicação	143	169	692	ue/regulamentos/2022/32022R1961.md
32022R1961	ANEXO		171	1043	26062	ue/regulamentos/2022/32022R1961.md
32022R1985	Preâmbulo		18	38	334	ue/regulamentos/2022/32022R1985.md
32022R1985	Artigo 1.º		42	44	29	ue/regulamentos/2022/32022R1985.md
32022R1985	Artigo 2.º		46	60	88	ue/regulamentos/2022/32022R1985.md
32022R1985	ANEXO		62	78	1060	ue/regulamentos/2022/32022R1985.md
32022R1988	Preâmbulo		18	38	786	ue/regulamentos/2022/32022R1988.md
32022R1988	Artigo 1.º		42	44	35	ue/regulamentos/2022/32022R1988.md
32022R1988	Artigo 2.º		46	62	112	ue/regulamentos/2022/32022R1988.md
32022R1990	Preâmbulo		18	46	1169	ue/regulamentos/2022/32022R1990.md
32022R1990	Artigo 1.º		50	52	31	ue/regulamentos/2022/32022R1990.md
32022R1990	Artigo 2.º		54	56	29	ue/regulamentos/2022/32022R1990.md
32022R1990	Artigo 3.º		58	60	51	ue/regulamentos/2022/32022R1990.md
32022R1990	Artigo 4.º		62	78	152	ue/regulamentos/2022/32022R1990.md
32022R1991	Preâmbulo		18	46	783	ue/regulamentos/2022/32022R1991.md
32022R1991	Artigo 1.º		50	52	46	ue/regulamentos/2022/32022R1991.md
32022R1991	Artigo 2.º		54	74	278	ue/regulamentos/2022/32022R1991.md
32022R1991	ANEXO		76	83	454	ue/regulamentos/2022/32022R1991.md
32022R1992	Preâmbulo		18	46	862	ue/regulamentos/2022/32022R1992.md
32022R1992	Artigo 1.º		50	52	73	ue/regulamentos/2022/32022R1992.md
32022R1992	Artigo 2.º		54	74	299	ue/regulamentos/2022/32022R1992.md
32022R1992	ANEXO		76	86	730	ue/regulamentos/2022/32022R1992.md
32022R1993	Preâmbulo		18	46	867	ue/regulamentos/2022/32022R1993.md
32022R1993	Artigo 1.º		50	52	74	ue/regulamentos/2022/32022R1993.md
32022R1993	Artigo 2.º		54	74	300	ue/regulamentos/2022/32022R1993.md
32022R1993	ANEXO		76	86	728	ue/regulamentos/2022/32022R1993.md
32022R1994	Preâmbulo		18	52	1534	ue/regulamentos/2022/32022R1994.md
32022R1994	Artigo 1.º		56	60	34	ue/regulamentos/2022/32022R1994.md
32022R1994	«Artigo 18.º	Relato de informações sobre as medidas adicionais de monitorização da liquidez em base individual e em base consolidada	62	100	939	ue/regulamentos/2022/32022R1994.md
32022R1994	«Artigo 20.º	Relato suplementar para fins de identificação das G-SII e de definição das respetivas taxas de reserva	102	150	1190	ue/regulamentos/2022/32022R1994.md
32022R1994	Artigo 2.º	Entrada em vigor e aplicação	152	186	947	ue/regulamentos/2022/32022R1994.md
32022R1994	ANEXO I	«ANEXO I	188	1951	63700	ue/regulamentos/2022/32022R1994.md
32022R1994	ANEXO II	«ANEXO II	1953	6358	174976	ue/regulamentos/2022/32022R1994.md
32022R1994	ANEXO III	«ANEXO XVI	6360	6579	6011	ue/regulamentos/2022/32022R1994.md
32022R1994	ANEXO IV	«ANEXO XVII	6581	7543	23573	ue/regulamentos/2022/32022R1994.md
32022R1994	ANEXO V	«ANEXO XVIII	7545	7753	6402	ue/regulamentos/2022/32022R1994.md
32022R1994	ANEXO VI	«ANEXO XIX	7755	7922	9736	ue/regulamentos/2022/32022R1994.md
32022R1994	ANEXO VII	«ANEXO XX	7924	7953	375	ue/regulamentos/2022/32022R1994.md
32022R1994	ANEXO VIII	«ANEXO XXI	7955	7979	1758	ue/regulamentos/2022/32022R1994.md
32022R1994	ANEXO IX	«ANEXO XXII	7981	8141	6412	ue/regulamentos/2022/32022R1994.md
32022R1994	ANEXO X	«ANEXO XXIII	8143	8362	17634	ue/regulamentos/2022/32022R1994.md
32022R1994	ANEXO XI	«ANEXO XXVI	8364	8396	434	ue/regulamentos/2022/32022R1994.md
32022R1994	ANEXO XII	«ANEXO XXVII	8398	8494	2714	ue/regulamentos/2022/32022R1994.md
32022R1998	Preâmbulo		18	44	649	ue/regulamentos/2022/32022R1998.md
32022R1998	Artigo 1.º		48	50	32	ue/regulamentos/2022/32022R1998.md
32022R1998	Artigo 2.º		52	76	260	ue/regulamentos/2022/32022R1998.md
32022R1998	ANEXO I	NOMENCLATURA COMBINADA	78	34264	546231	ue/regulamentos/2022/32022R1998.md
32022R2000	Preâmbulo		18	108	3983	ue/regulamentos/2022/32022R2000.md
32022R2000	Artigo 1.º		112	116	95	ue/regulamentos/2022/32022R2000.md
32022R2000	Artigo 2.º		118	130	686	ue/regulamentos/2022/32022R2000.md
32022R2000	Artigo 3.º		132	134	138	ue/regulamentos/2022/32022R2000.md
32022R2000	Artigo 4.º		136	138	27	ue/regulamentos/2022/32022R2000.md
32022R2000	Artigo 5.º		140	158	183	ue/regulamentos/2022/32022R2000.md
32022R2000	ANEXO	«WATERCRESS»/«CRESSON DE FONTAINE»/«BERROS DE AGUA»/«AGRIÃO DE ÁGUA»/«WATERKERS»/«BRUNNENKRESSE»	160	288	4174	ue/regulamentos/2022/32022R2000.md
32022R2001	Preâmbulo		18	925	38315	ue/regulamentos/2022/32022R2001.md
32022R2001	Artigo 1.º		929	954	610	ue/regulamentos/2022/32022R2001.md
32022R2001	Artigo 2.º		956	1046	1860	ue/regulamentos/2022/32022R2001.md
32022R2034	Preâmbulo		18	36	232	ue/regulamentos/2022/32022R2034.md
32022R2034	Artigo 1.º		40	42	29	ue/regulamentos/2022/32022R2034.md
32022R2034	Artigo 2.º		44	58	91	ue/regulamentos/2022/32022R2034.md
32022R2034	ANEXO		60	91	802	ue/regulamentos/2022/32022R2034.md
32022R2036	Preâmbulo		18	66	4701	ue/regulamentos/2022/32022R2036.md
32022R2036	Artigo 1.º	Alteração do Regulamento (UE) n.º 575/2013	70	79	102	ue/regulamentos/2022/32022R2036.md
32022R2036	«Artigo 12.º-A	Cálculo consolidado para G-SII com várias entidades de resolução	81	168	2348	ue/regulamentos/2022/32022R2036.md
32022R2036	Artigo 477.º-A	Deduções aos elementos de passivos elegíveis	170	182	441	ue/regulamentos/2022/32022R2036.md
32022R2036	Artigo 2.º	Alteração da Diretiva 2014/59/UE	184	220	996	ue/regulamentos/2022/32022R2036.md
32022R2036	Artigo 3.º	Transposição	222	228	180	ue/regulamentos/2022/32022R2036.md
32022R2036	Artigo 4.º	Entrada em vigor e aplicação	230	276	1064	ue/regulamentos/2022/32022R2036.md
32022R2037	Preâmbulo		18	46	877	ue/regulamentos/2022/32022R2037.md
32022R2037	Artigo 1.º	Alteração do Regulamento (UE) 2019/833	50	107	1418	ue/regulamentos/2022/32022R2037.md
32022R2037	Artigo 2.º	Entrada em vigor	109	137	332	ue/regulamentos/2022/32022R2037.md
32022R2038	Preâmbulo		18	88	4046	ue/regulamentos/2022/32022R2038.md
32022R2038	Artigo 1.º		92	185	2736	ue/regulamentos/2022/32022R2038.md
32022R2038	«Artigo 10.º-A	Atribuição de faixas horárias em resposta a determinadas situações de crise»;	187	247	2582	ue/regulamentos/2022/32022R2038.md
32022R2038	Artigo 2.º		249	279	345	ue/regulamentos/2022/32022R2038.md
32022R2039	Preâmbulo		18	62	2890	ue/regulamentos/2022/32022R2039.md
32022R2039	Artigo 1.º	Alteração do Regulamento (UE) n.º 1303/2013	66	126	1864	ue/regulamentos/2022/32022R2039.md
32022R2039	Artigo 2.º	Alteração do Regulamento (UE) 2021/1060	128	150	630	ue/regulamentos/2022/32022R2039.md
32022R2039	«Artigo 118.º-A	Condições aplicáveis às operações sujeitas a execução faseada selecionadas para apoio antes de 29 de junho de 2022 ao abrigo do Regulamento (UE) n.º 1303/2013	152	187	1088	ue/regulamentos/2022/32022R2039.md
32022R2039	Artigo 3.º	Entrada em vigor	189	221	684	ue/regulamentos/2022/32022R2039.md
32022R2040	Preâmbulo		18	52	1070	ue/regulamentos/2022/32022R2040.md
32022R2040	Artigo 1.º	Alterações ao Regulamento (CE) n.º 805/2004	56	60	44	ue/regulamentos/2022/32022R2040.md
32022R2040	«Artigo 31.º	Alterações aos anexos	62	66	56	ue/regulamentos/2022/32022R2040.md
32022R2040	«Artigo 31.º-A	Exercício da delegação	68	84	490	ue/regulamentos/2022/32022R2040.md
32022R2040	Artigo 2.º	Procedimentos em curso	86	88	55	ue/regulamentos/2022/32022R2040.md
32022R2040	Artigo 3.º	Entrada em vigor	90	118	289	ue/regulamentos/2022/32022R2040.md
32022R2042	Preâmbulo		18	38	290	ue/regulamentos/2022/32022R2042.md
32022R2042	Artigo 1.º		42	46	58	ue/regulamentos/2022/32022R2042.md
32022R2042	Artigo 2.º		48	64	144	ue/regulamentos/2022/32022R2042.md
32022R2043	Preâmbulo		18	36	222	ue/regulamentos/2022/32022R2043.md
32022R2043	Artigo 1.º		40	42	28	ue/regulamentos/2022/32022R2043.md
32022R2043	Artigo 2.º		44	58	93	ue/regulamentos/2022/32022R2043.md
32022R2043	ANEXO		60	68	82	ue/regulamentos/2022/32022R2043.md
32022R2044	Preâmbulo		18	38	334	ue/regulamentos/2022/32022R2044.md
32022R2044	Artigo 1.º		42	44	38	ue/regulamentos/2022/32022R2044.md
32022R2044	Artigo 2.º		46	64	114	ue/regulamentos/2022/32022R2044.md
32022R2045	Preâmbulo		18	34	341	ue/regulamentos/2022/32022R2045.md
32022R2045	Artigo 1.º		38	40	41	ue/regulamentos/2022/32022R2045.md
32022R2045	Artigo 2.º		42	66	390	ue/regulamentos/2022/32022R2045.md
32022R2046	Preâmbulo		18	46	611	ue/regulamentos/2022/32022R2046.md
32022R2046	Artigo 1.º	Alterações do Regulamento (UE) n.º 1408/2013	50	67	404	ue/regulamentos/2022/32022R2046.md
32022R2046	Artigo 2.º	Entrada em vigor	69	87	172	ue/regulamentos/2022/32022R2046.md
32022R2047	Preâmbulo		18	40	612	ue/regulamentos/2022/32022R2047.md
32022R2047	Artigo 1.º		44	46	31	ue/regulamentos/2022/32022R2047.md
32022R2047	Artigo 2.º		48	68	296	ue/regulamentos/2022/32022R2047.md
32022R2047	ANEXO		70	86	212	ue/regulamentos/2022/32022R2047.md
32022R2048	Preâmbulo		18	50	1124	ue/regulamentos/2022/32022R2048.md
32022R2048	Artigo 1.º		54	56	44	ue/regulamentos/2022/32022R2048.md
32022R2048	Artigo 2.º		58	78	301	ue/regulamentos/2022/32022R2048.md
32022R2048	ANEXO		80	88	840	ue/regulamentos/2022/32022R2048.md
32022R2049	Preâmbulo		18	74	1829	ue/regulamentos/2022/32022R2049.md
32022R2049	Artigo 1.º		78	84	60	ue/regulamentos/2022/32022R2049.md
32022R2049	Artigo 2.º		86	112	632	ue/regulamentos/2022/32022R2049.md
32022R2049	ANEXO I		114	116	38	ue/regulamentos/2022/32022R2049.md
32022R2049	ANEXO II		118	176	835	ue/regulamentos/2022/32022R2049.md
32022R2056	Preâmbulo		18	58	2007	ue/regulamentos/2022/32022R2056.md
32022R2056	Artigo 1.º	Objeto	64	66	94	ue/regulamentos/2022/32022R2056.md
32022R2056	Artigo 2.º	Âmbito	68	70	36	ue/regulamentos/2022/32022R2056.md
32022R2056	Artigo 3.º	Definições	72	146	1242	ue/regulamentos/2022/32022R2056.md
32022R2056	Artigo 4.º	Autorizações	148	160	228	ue/regulamentos/2022/32022R2056.md
32022R2056	Artigo 5.º	Retenção das capturas nas pescarias de atum tropical com redes de cerco com retenida	164	206	808	ue/regulamentos/2022/32022R2056.md
32022R2056	Artigo 6.º	Monitorização e controlo das pescarias de atum tropical efetuadas com redes de cerco com retenida	208	222	288	ue/regulamentos/2022/32022R2056.md
32022R2056	Artigo 7.º	DCP e boias instrumentadas na pescaria de atum tropical com redes de cerco com retenida	224	246	648	ue/regulamentos/2022/32022R2056.md
32022R2056	Artigo 8.º	Boias instrumentadas	248	250	36	ue/regulamentos/2022/32022R2056.md
32022R2056	Artigo 9.º	Boias de recolha de dados	252	260	298	ue/regulamentos/2022/32022R2056.md
32022R2056	Artigo 10.º	Zona de gestão especial da bolsa leste do alto mar	262	266	174	ue/regulamentos/2022/32022R2056.md
32022R2056	Artigo 11.º	Transbordo	268	278	498	ue/regulamentos/2022/32022R2056.md
32022R2056	Artigo 12.º	Transbordos para ou a partir de navios de partes não contratantes	280	288	212	ue/regulamentos/2022/32022R2056.md
32022R2056	Artigo 13.º	Raias mobulídeas	292	302	326	ue/regulamentos/2022/32022R2056.md
32022R2056	Artigo 14.º	Medida geral de proteção dos tubarões	304	306	79	ue/regulamentos/2022/32022R2056.md
32022R2056	Artigo 15.º	Tubarões-de-pontas-brancas	308	316	252	ue/regulamentos/2022/32022R2056.md
32022R2056	Artigo 16.º	Tubarões-baleia	318	328	271	ue/regulamentos/2022/32022R2056.md
32022R2056	Artigo 17.º	Tubarões-luzidios	330	340	336	ue/regulamentos/2022/32022R2056.md
32022R2056	Artigo 18.º	Cetáceos	342	348	196	ue/regulamentos/2022/32022R2056.md
32022R2056	Artigo 19.º	Medidas de atenuação ligadas às aves marinhas	350	364	281	ue/regulamentos/2022/32022R2056.md
32022R2056	Artigo 20.º	Tartarugas marinhas	366	388	610	ue/regulamentos/2022/32022R2056.md
32022R2056	Artigo 21.º	Poluição marinha	390	392	97	ue/regulamentos/2022/32022R2056.md
32022R2056	Artigo 22.º	Registo	396	402	175	ue/regulamentos/2022/32022R2056.md
32022R2056	Artigo 23.º	Apresentação de informações sobre os navios	404	456	852	ue/regulamentos/2022/32022R2056.md
32022R2056	Artigo 24.º	Abastecimento de combustível	458	466	145	ue/regulamentos/2022/32022R2056.md
32022R2056	Artigo 25.º	Marcação e identificação dos navios de pesca	468	472	92	ue/regulamentos/2022/32022R2056.md
32022R2056	Artigo 26.º	Sistema de monitorização de navios (VMS)	474	492	361	ue/regulamentos/2022/32022R2056.md
32022R2056	Artigo 27.º	Regime de notificação de fretamentos	494	526	491	ue/regulamentos/2022/32022R2056.md
32022R2056	Artigo 28.º	POR	530	600	1364	ue/regulamentos/2022/32022R2056.md
32022R2056	Artigo 29.º	Direitos e obrigações dos operadores, capitães e tripulações dos navios	602	662	1200	ue/regulamentos/2022/32022R2056.md
32022R2056	Artigo 30.º	Segurança dos observadores	664	742	1750	ue/regulamentos/2022/32022R2056.md
32022R2056	Artigo 31.º	Deveres do capitão de um navio de pesca da União durante uma inspeção	746	768	649	ue/regulamentos/2022/32022R2056.md
32022R2056	Artigo 32.º	Procedimento em caso de infração grave	770	780	368	ue/regulamentos/2022/32022R2056.md
32022R2056	Artigo 33.º	Infrações graves	782	818	508	ue/regulamentos/2022/32022R2056.md
32022R2056	Artigo 34.º	Execução	820	826	274	ue/regulamentos/2022/32022R2056.md
32022R2056	Artigo 35.º	Medidas do Estado do porto	830	832	62	ue/regulamentos/2022/32022R2056.md
32022R2056	Artigo 36.º	Procedimento em caso de suspeita de pesca INN	834	836	119	ue/regulamentos/2022/32022R2056.md
32022R2056	Artigo 37.º	Diretrizes	840	852	172	ue/regulamentos/2022/32022R2056.md
32022R2056	Artigo 38.º	Comunicação de informações	854	888	1061	ue/regulamentos/2022/32022R2056.md
32022R2056	Artigo 39.º	Presumíveis casos de incumprimento comunicados pela WCPFC	890	896	199	ue/regulamentos/2022/32022R2056.md
32022R2056	Artigo 40.º	Confidencialidade e proteção dos dados	898	904	232	ue/regulamentos/2022/32022R2056.md
32022R2056	Artigo 41.º	Procedimento de alteração	906	924	241	ue/regulamentos/2022/32022R2056.md
32022R2056	Artigo 42.º	Exercício da delegação	926	938	466	ue/regulamentos/2022/32022R2056.md
32022R2056	Artigo 43.º	Alteração do Regulamento (CE) n.º 520/2007	940	942	37	ue/regulamentos/2022/32022R2056.md
32022R2056	Artigo 44.º	Entrada em vigor	944	988	1010	ue/regulamentos/2022/32022R2056.md
32022R2056	ANEXO I	MEDIDAS DE ATENUAÇÃO LIGADAS ÀS AVES	990	1035	2302	ue/regulamentos/2022/32022R2056.md
32022R2056	ANEXO II	MARCAÇÕES E OUTRAS ESPECIFICAÇÕES TÉCNICAS DOS NAVIOS DE PESCA	1037	1087	920	ue/regulamentos/2022/32022R2056.md
32022R2056	ANEXO III	NORMAS MÍNIMAS APLICÁVEIS AOS COMUNICADORES AUTOMÁTICOS DE LOCALIZAÇÃO (ALC) UTILIZADOS NO SISTEMA DE MONITORIZAÇÃO DE NAVIOS DA WCPFC	1089	1135	667	ue/regulamentos/2022/32022R2056.md
32022R2056	ANEXO IV	INFORMAÇÕES A INCLUIR NA DECLARAÇÃO DE TRANSBORDO DA WCPFC	1137	1171	437	ue/regulamentos/2022/32022R2056.md
32022R2056	ANEXO V	COORDENADAS E MAPA DA BOLSA LESTE DO ALTO-MAR	1173	1276	668	ue/regulamentos/2022/32022R2056.md
32022R2056	ANEXO VI	DIAGRAMA ESQUEMÁTICO DE UMA LINHA DE TUBARÃO	1278	1294	52	ue/regulamentos/2022/32022R2056.md
32022R2057	Preâmbulo		18	40	524	ue/regulamentos/2022/32022R2057.md
32022R2057	Artigo 1.º		44	46	30	ue/regulamentos/2022/32022R2057.md
32022R2057	Artigo 2.º		48	66	222	ue/regulamentos/2022/32022R2057.md
32022R2057	ANEXO		68	98	824	ue/regulamentos/2022/32022R2057.md
32022R2058	Preâmbulo		18	42	1370	ue/regulamentos/2022/32022R2058.md
32022R2058	Artigo 1.º	Metodologia geral	48	60	518	ue/regulamentos/2022/32022R2058.md
32022R2058	Artigo 2.º	Metodologia específica para instrumentos sobre índices homogéneos	62	86	525	ue/regulamentos/2022/32022R2058.md
32022R2058	Artigo 3.º	Metodologia específica para os fatores de risco de inflação, de risco com base numa única moeda e de risco de base cambial	88	92	160	ue/regulamentos/2022/32022R2058.md
32022R2058	Artigo 4.º	Metodologia específica para os fatores de risco de acordos de recompra e de dividendos	94	98	171	ue/regulamentos/2022/32022R2058.md
32022R2058	Artigo 5.º	Subcategoria de moedas mais líquidas	102	104	72	ue/regulamentos/2022/32022R2058.md
32022R2058	Artigo 6.º	Subcategoria de pares de moedas mais líquidas	106	108	75	ue/regulamentos/2022/32022R2058.md
32022R2058	Artigo 7.º	Definição de pequena e grande capitalização bolsista	110	118	200	ue/regulamentos/2022/32022R2058.md
32022R2058	Artigo 8.º	Entrada em vigor	120	144	380	ue/regulamentos/2022/32022R2058.md
32022R2058	ANEXO I	Lista das moedas mais líquidas a que se refere o artigo 5.º	146	160	63	ue/regulamentos/2022/32022R2058.md
32022R2058	ANEXO II	Lista dos pares de moedas a que se refere o artigo 6.º	162	204	618	ue/regulamentos/2022/32022R2058.md
32022R2059	Artigo 1.º	Elementos técnicos a incluir nas variações reais do valor da carteira de uma mesa de negociação para efeitos dos requisitos aplicáveis às verificações a posteri	32	60	808	ue/regulamentos/2022/32022R2059.md
32022R2059	Artigo 2.º	Elementos técnicos a incluir nas variações reais do valor de uma carteira para efeitos dos requisitos aplicáveis às verificações a posteriori realizadas a nível	62	82	591	ue/regulamentos/2022/32022R2059.md
32022R2059	Artigo 3.º	Elementos técnicos a incluir nas variações hipotéticas do valor da carteira de uma mesa de negociação para efeitos dos requisitos aplicáveis às verificações a p	86	118	906	ue/regulamentos/2022/32022R2059.md
32022R2059	Artigo 4.º	Elementos técnicos a incluir nas variações hipotéticas do valor de uma carteira para efeitos dos requisitos aplicáveis às verificações a posteriori realizadas a	120	142	637	ue/regulamentos/2022/32022R2059.md
32022R2059	Artigo 5.º	Requisitos em matéria de documentação	144	168	545	ue/regulamentos/2022/32022R2059.md
32022R2059	Artigo 6.º	Requisitos gerais	174	182	186	ue/regulamentos/2022/32022R2059.md
32022R2059	Artigo 7.º	Cálculo do coeficiente de correlação de Spearman	184	256	904	ue/regulamentos/2022/32022R2059.md
32022R2059	Artigo 8.º	Cálculo da métrica do teste de Kolmogorov-Smirnov	258	270	359	ue/regulamentos/2022/32022R2059.md
32022R2059	Artigo 9.º	Especificação dos critérios necessários para assegurar que as variações teóricas e as variações hipotéticas do valor da carteira de uma mesa de negociação são s	272	308	704	ue/regulamentos/2022/32022R2059.md
32022R2059	Artigo 10.º	Cálculo do requisito de fundos próprios adicionais referido no artigo 325.º-BG, n.º 2, do Regulamento (UE) n.º 575/2013	310	345	451	ue/regulamentos/2022/32022R2059.md
32022R2059	Artigo 11.º	Frequência da avaliação do cumprimento do requisito de atribuição de lucros e perdas	347	349	116	ue/regulamentos/2022/32022R2059.md
32022R2059	Artigo 12.º	Elementos técnicos a incluir nas variações teóricas do valor da carteira de uma mesa de negociação	353	359	246	ue/regulamentos/2022/32022R2059.md
32022R2059	Artigo 13.º	Elementos técnicos a incluir nas variações hipotéticas do valor da carteira de uma mesa de negociação para efeitos do requisito de atribuição de lucros e perdas	361	363	102	ue/regulamentos/2022/32022R2059.md
32022R2059	Artigo 14.º	Alinhamento dos dados para efeitos dos requisitos de atribuição de lucros e perdas	365	379	484	ue/regulamentos/2022/32022R2059.md
32022R2059	Artigo 15.º	Requisitos em matéria de documentação	381	391	359	ue/regulamentos/2022/32022R2059.md
32022R2059	Artigo 17.º	Entrada em vigor	399	403	69	ue/regulamentos/2022/32022R2059.md
32022R2060	Artigo 1.º	Critérios para a avaliação do caráter modelizável dos fatores de risco não pertencentes a uma curva, uma superfície ou um cubo	28	46	550	ue/regulamentos/2022/32022R2060.md
32022R2060	Artigo 2.º	Preços verificáveis	48	96	1240	ue/regulamentos/2022/32022R2060.md
32022R2060	Artigo 3.º	Representatividade dos preços verificáveis relativamente aos fatores de risco	98	110	333	ue/regulamentos/2022/32022R2060.md
32022R2060	Artigo 4.º	Critérios para a avaliação do caráter modelizável dos fatores de risco pertencentes a uma curva, uma superfície ou um cubo	112	142	722	ue/regulamentos/2022/32022R2060.md
32022R2060	Artigo 5.º	Métodos de escalonamento de fatores de risco pertencentes a curvas, superfícies ou cubos	144	213	1678	ue/regulamentos/2022/32022R2060.md
32022R2060	Artigo 6.º	Critérios para a avaliação do caráter modelizável dos fatores de risco que representam parâmetros funcionais de uma curva, superfície ou cubo paramétricos	215	225	410	ue/regulamentos/2022/32022R2060.md
32022R2060	Artigo 7.º	Documentação	227	251	606	ue/regulamentos/2022/32022R2060.md
32022R2060	Artigo 8.º	Entrada em vigor	253	259	160	ue/regulamentos/2022/32022R2060.md
32022R2061	Preâmbulo		18	60	1710	ue/regulamentos/2022/32022R2061.md
32022R2061	Artigo 1.º	Alterações do Regulamento de Execução (UE) 2021/404	64	66	49	ue/regulamentos/2022/32022R2061.md
32022R2061	Artigo 2.º	Retificação do Regulamento de Execução (UE) 2021/404	68	73	100	ue/regulamentos/2022/32022R2061.md
32022R2061	Artigo 3.º	Entrada em vigor e aplicação	75	97	430	ue/regulamentos/2022/32022R2061.md
32022R2061	ANEXO		99	1774	48514	ue/regulamentos/2022/32022R2061.md
32022R2065	Preâmbulo		25	375	53374	ue/regulamentos/2022/32022R2065.md
32022R2065	Artigo 1.º	Objeto	381	391	248	ue/regulamentos/2022/32022R2065.md
32022R2065	Artigo 2.º	Âmbito de aplicação	393	421	503	ue/regulamentos/2022/32022R2065.md
32022R2065	Artigo 3.º	Definições	423	483	1782	ue/regulamentos/2022/32022R2065.md
32022R2065	Artigo 4.º	Simples transporte	487	499	283	ue/regulamentos/2022/32022R2065.md
32022R2065	Artigo 5.º	Armazenagem temporária («caching»)	501	515	382	ue/regulamentos/2022/32022R2065.md
32022R2065	Artigo 6.º	Alojamento virtual	517	529	414	ue/regulamentos/2022/32022R2065.md
32022R2065	Artigo 7.º	Investigações voluntárias por iniciativa própria e conformidade legal	531	533	156	ue/regulamentos/2022/32022R2065.md
32022R2065	Artigo 8.º	Inexistência de obrigações gerais de vigilância ou de apuramento ativo dos factos	535	537	84	ue/regulamentos/2022/32022R2065.md
32022R2065	Artigo 9.º	Decisões de atuação contra conteúdos ilegais	539	569	1001	ue/regulamentos/2022/32022R2065.md
32022R2065	Artigo 10.º	Decisões de prestação de informações	571	601	1034	ue/regulamentos/2022/32022R2065.md
32022R2065	Artigo 11.º	Pontos de contacto para as autoridades dos Estados-Membros, a Comissão e o Comité	607	613	291	ue/regulamentos/2022/32022R2065.md
32022R2065	Artigo 12.º	Pontos de contacto para os destinatários do serviço	615	619	196	ue/regulamentos/2022/32022R2065.md
32022R2065	Artigo 13.º	Representantes legais	621	631	455	ue/regulamentos/2022/32022R2065.md
32022R2065	Artigo 14.º	Termos e condições	633	645	576	ue/regulamentos/2022/32022R2065.md
32022R2065	Artigo 15.º	Obrigações de apresentação de relatórios de transparência dos prestadores de serviços intermediários	647	663	938	ue/regulamentos/2022/32022R2065.md
32022R2065	Artigo 16.º	Mecanismos de notificação e ação	667	687	736	ue/regulamentos/2022/32022R2065.md
32022R2065	Artigo 17.º	Exposição de motivos	689	721	902	ue/regulamentos/2022/32022R2065.md
32022R2065	Artigo 18.º	Notificação de suspeitas de crime	723	729	304	ue/regulamentos/2022/32022R2065.md
32022R2065	Artigo 19.º	Exclusão das micro e pequenas empresas	733	739	244	ue/regulamentos/2022/32022R2065.md
32022R2065	Artigo 20.º	Sistema interno de gestão de reclamações	741	761	748	ue/regulamentos/2022/32022R2065.md
32022R2065	Artigo 21.º	Resolução extrajudicial de litígios	763	827	2230	ue/regulamentos/2022/32022R2065.md
32022R2065	Artigo 22.º	Sinalizadores de confiança	829	861	1063	ue/regulamentos/2022/32022R2065.md
32022R2065	Artigo 23.º	Medidas e proteção contra a utilização abusiva	863	879	548	ue/regulamentos/2022/32022R2065.md
32022R2065	Artigo 24.º	Obrigações de apresentação de relatórios de transparência dos fornecedores de plataformas em linha	881	897	799	ue/regulamentos/2022/32022R2065.md
32022R2065	Artigo 25.º	Conceção e organização da interface em linha	899	911	256	ue/regulamentos/2022/32022R2065.md
32022R2065	Artigo 26.º	Publicidade nas plataformas em linha	913	929	510	ue/regulamentos/2022/32022R2065.md
32022R2065	Artigo 27.º	Transparência dos sistemas de recomendação	931	941	323	ue/regulamentos/2022/32022R2065.md
32022R2065	Artigo 28.º	Proteção dos menores em linha	943	951	238	ue/regulamentos/2022/32022R2065.md
32022R2065	Artigo 29.º	Exclusão das micro e pequenas empresas	955	961	285	ue/regulamentos/2022/32022R2065.md
32022R2065	Artigo 30.º	Rastreabilidade dos comerciantes	963	991	1301	ue/regulamentos/2022/32022R2065.md
32022R2065	Artigo 31.º	Conformidade desde a conceção	993	1007	570	ue/regulamentos/2022/32022R2065.md
32022R2065	Artigo 32.º	Direito à informação	1009	1021	332	ue/regulamentos/2022/32022R2065.md
32022R2065	Artigo 33.º	Plataformas em linha de muito grande dimensão e motores de pesquisa em linha de muito grande dimensão	1025	1045	1220	ue/regulamentos/2022/32022R2065.md
32022R2065	Artigo 34.º	Avaliação dos riscos	1047	1077	887	ue/regulamentos/2022/32022R2065.md
32022R2065	Artigo 35.º	Atenuação de riscos	1079	1113	1091	ue/regulamentos/2022/32022R2065.md
32022R2065	Artigo 36.º	Mecanismo de resposta em caso de crise	1115	1165	1506	ue/regulamentos/2022/32022R2065.md
32022R2065	Artigo 37.º	Auditoria independente	1167	1215	1617	ue/regulamentos/2022/32022R2065.md
32022R2065	Artigo 38.º	Sistemas de recomendação	1217	1219	112	ue/regulamentos/2022/32022R2065.md
32022R2065	Artigo 39.º	Transparência acrescida da publicidade em linha	1221	1243	759	ue/regulamentos/2022/32022R2065.md
32022R2065	Artigo 40.º	Acesso aos dados e controlo	1245	1295	2384	ue/regulamentos/2022/32022R2065.md
32022R2065	Artigo 41.º	Função da verificação da conformidade	1297	1329	1328	ue/regulamentos/2022/32022R2065.md
32022R2065	Artigo 42.º	Obrigações de apresentação de relatórios de transparência	1331	1359	858	ue/regulamentos/2022/32022R2065.md
32022R2065	Artigo 43.º	Taxa de supervisão	1361	1393	882	ue/regulamentos/2022/32022R2065.md
32022R2065	Artigo 44.º	Normas	1397	1421	507	ue/regulamentos/2022/32022R2065.md
32022R2065	Artigo 45.º	Códigos de conduta	1423	1435	735	ue/regulamentos/2022/32022R2065.md
32022R2065	Artigo 46.º	Códigos de conduta para a publicidade em linha	1437	1451	495	ue/regulamentos/2022/32022R2065.md
32022R2065	Artigo 47.º	Códigos de conduta em matéria de acessibilidade	1453	1465	408	ue/regulamentos/2022/32022R2065.md
32022R2065	Artigo 48.º	Protocolos de crise	1467	1495	872	ue/regulamentos/2022/32022R2065.md
32022R2065	Artigo 49.º	Autoridades competentes e coordenadores dos serviços digitais	1501	1515	600	ue/regulamentos/2022/32022R2065.md
32022R2065	Artigo 50.º	Requisitos aplicáveis aos coordenadores dos serviços digitais	1517	1523	482	ue/regulamentos/2022/32022R2065.md
32022R2065	Artigo 51.º	Poderes dos coordenadores dos serviços digitais	1525	1569	2217	ue/regulamentos/2022/32022R2065.md
32022R2065	Artigo 52.º	Sanções	1571	1579	395	ue/regulamentos/2022/32022R2065.md
32022R2065	Artigo 53.º	Direito de apresentação de reclamação	1581	1583	260	ue/regulamentos/2022/32022R2065.md
32022R2065	Artigo 54.º	Indemnização	1585	1587	91	ue/regulamentos/2022/32022R2065.md
32022R2065	Artigo 55.º	Relatórios de atividades	1589	1599	360	ue/regulamentos/2022/32022R2065.md
32022R2065	Artigo 56.º	Competência	1603	1619	677	ue/regulamentos/2022/32022R2065.md
32022R2065	Artigo 57.º	Assistência mútua	1621	1635	548	ue/regulamentos/2022/32022R2065.md
32022R2065	Artigo 58.º	Cooperação transfronteiriça entre coordenadores dos serviços digitais	1637	1653	850	ue/regulamentos/2022/32022R2065.md
32022R2065	Artigo 59.º	Submissão à Comissão	1655	1663	475	ue/regulamentos/2022/32022R2065.md
32022R2065	Artigo 60.º	Investigações conjuntas	1665	1685	693	ue/regulamentos/2022/32022R2065.md
32022R2065	Artigo 61.º	Comité Europeu dos Serviços Digitais	1689	1699	266	ue/regulamentos/2022/32022R2065.md
32022R2065	Artigo 62.º	Estrutura do Comité	1701	1717	526	ue/regulamentos/2022/32022R2065.md
32022R2065	Artigo 63.º	Funções do Comité	1719	1733	458	ue/regulamentos/2022/32022R2065.md
32022R2065	Artigo 64.º	Desenvolvimento de conhecimentos especializados e de capacidades	1737	1745	310	ue/regulamentos/2022/32022R2065.md
32022R2065	Artigo 65.º	Execução das obrigações das plataformas em linha de muito grande dimensão e dos motores de pesquisa em linha de muito grande dimensão	1747	1759	536	ue/regulamentos/2022/32022R2065.md
32022R2065	Artigo 66.º	Início do processo pela Comissão e cooperação na investigação	1761	1773	672	ue/regulamentos/2022/32022R2065.md
32022R2065	Artigo 67.º	Pedidos de informação	1775	1787	796	ue/regulamentos/2022/32022R2065.md
32022R2065	Artigo 68.º	Competências para realizar entrevistas e registar declarações	1789	1793	223	ue/regulamentos/2022/32022R2065.md
32022R2065	Artigo 69.º	Poderes para realizar inspeções	1795	1829	1758	ue/regulamentos/2022/32022R2065.md
32022R2065	Artigo 70.º	Medidas provisórias	1831	1835	158	ue/regulamentos/2022/32022R2065.md
32022R2065	Artigo 71.º	Compromissos	1837	1849	390	ue/regulamentos/2022/32022R2065.md
32022R2065	Artigo 72.º	Medidas de acompanhamento	1851	1855	325	ue/regulamentos/2022/32022R2065.md
32022R2065	Artigo 73.º	Incumprimento	1857	1873	468	ue/regulamentos/2022/32022R2065.md
32022R2065	Artigo 74.º	Coimas	1875	1901	573	ue/regulamentos/2022/32022R2065.md
32022R2065	Artigo 75.º	Supervisão reforçada das medidas corretivas destinadas a dar resposta às violações das obrigações estabelecidas no capítulo III, secção 5	1903	1919	896	ue/regulamentos/2022/32022R2065.md
32022R2065	Artigo 76.º	Sanções pecuniárias compulsórias	1921	1935	389	ue/regulamentos/2022/32022R2065.md
32022R2065	Artigo 77.º	Prazo de prescrição para a imposição de sanções	1937	1953	415	ue/regulamentos/2022/32022R2065.md
32022R2065	Artigo 78.º	Prazo de prescrição para a execução de sanções	1955	1973	271	ue/regulamentos/2022/32022R2065.md
32022R2065	Artigo 79.º	Direito de ser ouvido e de acesso ao processo	1975	1989	592	ue/regulamentos/2022/32022R2065.md
32022R2065	Artigo 80.º	Publicação de decisões	1991	1995	151	ue/regulamentos/2022/32022R2065.md
32022R2065	Artigo 81.º	Fiscalização pelo Tribunal de Justiça da União Europeia	1997	1999	94	ue/regulamentos/2022/32022R2065.md
32022R2065	Artigo 82.º	Pedidos de restrição de acesso e cooperação com os tribunais nacionais	2001	2011	519	ue/regulamentos/2022/32022R2065.md
32022R2065	Artigo 83.º	Atos de execução relativos à intervenção da Comissão	2013	2023	188	ue/regulamentos/2022/32022R2065.md
32022R2065	Artigo 84.º	Sigilo profissional	2027	2029	151	ue/regulamentos/2022/32022R2065.md
32022R2065	Artigo 85.º	Sistema de partilha de informações	2031	2037	232	ue/regulamentos/2022/32022R2065.md
32022R2065	Artigo 86.º	Representação	2039	2049	271	ue/regulamentos/2022/32022R2065.md
32022R2065	Artigo 87.º	Exercício da delegação	2053	2065	484	ue/regulamentos/2022/32022R2065.md
32022R2065	Artigo 88.º	Procedimento de comité	2067	2071	71	ue/regulamentos/2022/32022R2065.md
32022R2065	Artigo 89.º	Alteração da Diretiva 2000/31/CE	2075	2079	72	ue/regulamentos/2022/32022R2065.md
32022R2065	Artigo 90.º	Alteração da Diretiva (UE) 2020/1828	2081	2086	98	ue/regulamentos/2022/32022R2065.md
32022R2065	Artigo 91.º	Reexame	2088	2122	737	ue/regulamentos/2022/32022R2065.md
32022R2065	Artigo 92.º	Aplicação antecipada aos fornecedores de plataformas em linha de muito grande dimensão e aos motores de pesquisa em linha de muito grande dimensão	2124	2126	130	ue/regulamentos/2022/32022R2065.md
32022R2065	Artigo 93.º	Entrada em vigor e aplicação	2128	2232	2687	ue/regulamentos/2022/32022R2065.md
32022R2068	Preâmbulo		18	935	38616	ue/regulamentos/2022/32022R2068.md
32022R2068	Artigo 1.º		939	975	1010	ue/regulamentos/2022/32022R2068.md
32022R2068	Artigo 2.º		977	987	418	ue/regulamentos/2022/32022R2068.md
32022R2068	Artigo 3.º		989	1165	4429	ue/regulamentos/2022/32022R2068.md
32022R2068	ANEXO		1167	1183	218	ue/regulamentos/2022/32022R2068.md
32022R2073	Preâmbulo		18	36	232	ue/regulamentos/2022/32022R2073.md
32022R2073	Artigo 1.º		40	42	31	ue/regulamentos/2022/32022R2073.md
32022R2073	Artigo 2.º		44	58	91	ue/regulamentos/2022/32022R2073.md
32022R2073	ANEXO		60	83	146	ue/regulamentos/2022/32022R2073.md
32022R2074	Preâmbulo		18	38	569	ue/regulamentos/2022/32022R2074.md
32022R2074	Artigo 1.º		42	47	106	ue/regulamentos/2022/32022R2074.md
32022R2074	Artigo 2.º		49	69	300	ue/regulamentos/2022/32022R2074.md
32022R2075	Preâmbulo		18	32	206	ue/regulamentos/2022/32022R2075.md
32022R2075	Artigo 1.º		36	40	61	ue/regulamentos/2022/32022R2075.md
32022R2075	Artigo 2.º		42	62	190	ue/regulamentos/2022/32022R2075.md
32022R2076	Preâmbulo		18	38	463	ue/regulamentos/2022/32022R2076.md
32022R2076	Artigo 1.º		42	44	48	ue/regulamentos/2022/32022R2076.md
32022R2076	Artigo 2.º		46	48	80	ue/regulamentos/2022/32022R2076.md
32022R2076	Artigo 3.º		50	68	153	ue/regulamentos/2022/32022R2076.md
32022R2076	ANEXO		70	75	508	ue/regulamentos/2022/32022R2076.md
32022R2077	Preâmbulo		18	42	835	ue/regulamentos/2022/32022R2077.md
32022R2077	Artigo 1.º		46	50	152	ue/regulamentos/2022/32022R2077.md
32022R2077	Artigo 2.º		52	68	115	ue/regulamentos/2022/32022R2077.md
32022R2091	Preâmbulo		18	44	841	ue/regulamentos/2022/32022R2091.md
32022R2091	Artigo 1.º		48	50	26	ue/regulamentos/2022/32022R2091.md
32022R2091	Artigo 2.º		52	54	22	ue/regulamentos/2022/32022R2091.md
32022R2091	Artigo 3.º		56	80	443	ue/regulamentos/2022/32022R2091.md
32022R2092	Preâmbulo		18	48	1134	ue/regulamentos/2022/32022R2092.md
32022R2092	Artigo 1.º		52	54	25	ue/regulamentos/2022/32022R2092.md
32022R2092	«Artigo 5.º	Notificações	56	84	846	ue/regulamentos/2022/32022R2092.md
32022R2092	Artigo 2.º		86	88	25	ue/regulamentos/2022/32022R2092.md
32022R2092	Artigo 3.º		90	114	517	ue/regulamentos/2022/32022R2092.md
32022R2094	Preâmbulo		18	38	850	ue/regulamentos/2022/32022R2094.md
32022R2094	Artigo 1.º	Objeto	42	44	74	ue/regulamentos/2022/32022R2094.md
32022R2094	Artigo 2.º	Definições	46	68	338	ue/regulamentos/2022/32022R2094.md
32022R2094	Artigo 3.º	Conceitos estatísticos e descrição das variáveis	70	84	104	ue/regulamentos/2022/32022R2094.md
32022R2094	Artigo 4.º	Características das populações estatísticas, unidades de observação e regras aplicáveis aos respondentes	86	92	126	ue/regulamentos/2022/32022R2094.md
32022R2094	Artigo 5.º	Períodos de referência	94	102	162	ue/regulamentos/2022/32022R2094.md
32022R2094	Artigo 6.º	Características detalhadas das amostras	104	130	594	ue/regulamentos/2022/32022R2094.md
32022R2094	Artigo 7.º	Períodos e métodos de recolha de dados	132	138	292	ue/regulamentos/2022/32022R2094.md
32022R2094	Artigo 8.º	Normas comuns para a edição, imputação, ponderação e estimação dos dados	140	152	404	ue/regulamentos/2022/32022R2094.md
32022R2094	Artigo 9.º	Formatos de transmissão das informações	154	158	205	ue/regulamentos/2022/32022R2094.md
32022R2094	Artigo 10.º	Comunicação de dados relativos à qualidade	160	164	188	ue/regulamentos/2022/32022R2094.md
32022R2094	Artigo 11.º		166	200	572	ue/regulamentos/2022/32022R2094.md
32022R2094	ANEXO I	DEFINIÇÕES DOS CONCEITOS ESTATÍSTICOS	202	430	4326	ue/regulamentos/2022/32022R2094.md
32022R2094	ANEXO II	Características técnicas das variáveis	432	748	10147	ue/regulamentos/2022/32022R2094.md
32022R2094	ANEXO III	Forma e conteúdo dos relatórios de qualidade	750	904	3156	ue/regulamentos/2022/32022R2094.md
32022R2095	Artigo 1.º	Objeto	30	32	71	ue/regulamentos/2022/32022R2095.md
32022R2095	Artigo 2.º	Definições	34	60	439	ue/regulamentos/2022/32022R2095.md
32022R2095	Artigo 3.º	Prospeções dos vegetais hospedeiros nos Estados-Membros	64	84	398	ue/regulamentos/2022/32022R2095.md
32022R2095	Artigo 4.º	Planos de contingência	86	100	292	ue/regulamentos/2022/32022R2095.md
32022R2095	Artigo 5.º	Estabelecimento de áreas demarcadas	104	120	436	ue/regulamentos/2022/32022R2095.md
32022R2095	Artigo 6.º	Derrogações ao estabelecimento de áreas demarcadas	122	146	574	ue/regulamentos/2022/32022R2095.md
32022R2095	Artigo 7.º	Levantamento da demarcação	148	154	172	ue/regulamentos/2022/32022R2095.md
32022R2095	Artigo 8.º	Medidas de erradicação	158	198	1230	ue/regulamentos/2022/32022R2095.md
32022R2095	Artigo 9.º	Medidas de confinamento	200	236	930	ue/regulamentos/2022/32022R2095.md
32022R2095	Artigo 13.º	Relatório sobre as medidas	252	256	119	ue/regulamentos/2022/32022R2095.md
32022R2095	Artigo 14.º	Cumprimento	258	260	90	ue/regulamentos/2022/32022R2095.md
32022R2095	Artigo 15.º	Revogação	262	264	47	ue/regulamentos/2022/32022R2095.md
32022R2095	Artigo 16.º	Entrada em vigor e aplicação	266	288	214	ue/regulamentos/2022/32022R2095.md
32022R2095	ANEXO I	Modelos para a comunicação dos resultados das prospeções anuais nas áreas demarcadas realizadas nos termos dos artigos 8.º e 9.°	290	419	3015	ue/regulamentos/2022/32022R2095.md
32022R2095	ANEXO II	Áreas demarcadas para confinamento	421	440	600	ue/regulamentos/2022/32022R2095.md
32022R2104	Artigo 1.º	Âmbito de aplicação	29	35	120	ue/regulamentos/2022/32022R2104.md
32022R2104	Artigo 2.º	Categorias de azeite	37	57	444	ue/regulamentos/2022/32022R2104.md
32022R2104	Artigo 3.º	Misturas e azeite incorporado noutros géneros alimentícios	59	65	182	ue/regulamentos/2022/32022R2104.md
32022R2104	Artigo 4.º	Acondicionamento	67	71	174	ue/regulamentos/2022/32022R2104.md
32022R2104	Artigo 5.º	Rotulagem	73	79	162	ue/regulamentos/2022/32022R2104.md
32022R2104	Artigo 6.º	Denominação legal e rotulagem da categoria de azeite	81	103	315	ue/regulamentos/2022/32022R2104.md
32022R2104	Artigo 7.º	Condições de armazenagem especiais	105	107	66	ue/regulamentos/2022/32022R2104.md
32022R2104	Artigo 8.º	Local de origem	109	135	604	ue/regulamentos/2022/32022R2104.md
32022R2104	Artigo 9.º	Número do embalador	137	139	65	ue/regulamentos/2022/32022R2104.md
32022R2104	Artigo 10.º	Menções reservadas facultativas	141	151	430	ue/regulamentos/2022/32022R2104.md
32022R2104	Artigo 11.º	Indicação da campanha de colheita	153	163	315	ue/regulamentos/2022/32022R2104.md
32022R2104	Artigo 12.º	Indicação exteriormente à lista dos ingredientes da presença de azeite em misturas e géneros alimentícios	165	179	556	ue/regulamentos/2022/32022R2104.md
32022R2104	Artigo 13.º	Revogações	181	185	94	ue/regulamentos/2022/32022R2104.md
32022R2104	Artigo 14.º	Entrada em vigor	187	191	69	ue/regulamentos/2022/32022R2104.md
32022R2104	ANEXO I	CARACTERÍSTICAS DOS AZEITES	193	259	2468	ue/regulamentos/2022/32022R2104.md
32022R2104	ANEXO II	Definições da terminologia facultativa relativa a características organoléticas para efeitos de rotulagem	261	306	692	ue/regulamentos/2022/32022R2104.md
32022R2104	ANEXO III	QUADRO DE CORRESPONDÊNCIA	308	441	1825	ue/regulamentos/2022/32022R2104.md
32022R2105	Artigo 1.º	Âmbito de aplicação	29	39	148	ue/regulamentos/2022/32022R2105.md
32022R2105	Artigo 2.º	Obrigações dos Estados-Membros no que diz respeito aos controlos de conformidade	41	47	232	ue/regulamentos/2022/32022R2105.md
32022R2105	Artigo 3.º	Frequência dos controlos de conformidade e análise de risco	49	77	638	ue/regulamentos/2022/32022R2105.md
32022R2105	Artigo 4.º	Cooperação entre Estados-Membros no que diz respeito aos controlos de conformidade	79	103	532	ue/regulamentos/2022/32022R2105.md
32022R2105	Artigo 5.º	Obrigações dos operadores	105	115	199	ue/regulamentos/2022/32022R2105.md
32022R2105	Artigo 6.º	Aprovação facultativa dos embaladores a nível nacional	117	129	242	ue/regulamentos/2022/32022R2105.md
32022R2105	Artigo 7.º	Métodos de análise para a determinação das características dos azeites	131	133	73	ue/regulamentos/2022/32022R2105.md
32022R2105	Artigo 8.º	Amostragem para os controlos de conformidade	135	139	260	ue/regulamentos/2022/32022R2105.md
32022R2105	Artigo 9.º	Verificação das características dos azeites	141	157	462	ue/regulamentos/2022/32022R2105.md
32022R2105	Artigo 10.º	Painéis de provadores	159	173	328	ue/regulamentos/2022/32022R2105.md
32022R2105	Artigo 11.º	Verificação das características organoléticas dos azeites virgens	175	183	454	ue/regulamentos/2022/32022R2105.md
32022R2105	Artigo 12.º	Teor de óleo dos bagaços e outros resíduos	185	189	85	ue/regulamentos/2022/32022R2105.md
32022R2105	Artigo 13.º	Sanções	191	195	129	ue/regulamentos/2022/32022R2105.md
32022R2105	Artigo 14.º	Comunicação de informações	197	199	115	ue/regulamentos/2022/32022R2105.md
32022R2105	Artigo 15.º	Entrada em vigor	201	205	69	ue/regulamentos/2022/32022R2105.md
32022R2105	ANEXO I	MÉTODOS DE ANÁLISE PARA A DETERMINAÇÃO DAS CARACTERÍSTICAS DOS AZEITES	207	220	425	ue/regulamentos/2022/32022R2105.md
32022R2105	ANEXO II		222	312	1196	ue/regulamentos/2022/32022R2105.md
32022R2105	ANEXO III		314	386	341	ue/regulamentos/2022/32022R2105.md
32022R2105	ANEXO IV		388	507	1478	ue/regulamentos/2022/32022R2105.md
32022R2105	ANEXO V		509	531	667	ue/regulamentos/2022/32022R2105.md
32022R2107	Preâmbulo		18	64	1818	ue/regulamentos/2022/32022R2107.md
32022R2107	Artigo 1.º		68	72	80	ue/regulamentos/2022/32022R2107.md
32022R2107	Artigo 2.º		74	76	53	ue/regulamentos/2022/32022R2107.md
32022R2107	Artigo 3.º		78	96	183	ue/regulamentos/2022/32022R2107.md
32022R2108	Preâmbulo		18	46	965	ue/regulamentos/2022/32022R2108.md
32022R2108	Artigo 1.º		50	54	131	ue/regulamentos/2022/32022R2108.md
32022R2108	Artigo 2.º		56	72	154	ue/regulamentos/2022/32022R2108.md
32022R2108	ANEXO I		74	82	249	ue/regulamentos/2022/32022R2108.md
32022R2108	ANEXO II		84	240	3881	ue/regulamentos/2022/32022R2108.md
32022R2111	Preâmbulo		18	44	1108	ue/regulamentos/2022/32022R2111.md
32022R2111	Artigo 1.º	Manutenção e aplicação das regras internas para prevenir conflitos de interesses	48	84	1319	ue/regulamentos/2022/32022R2111.md
32022R2111	Artigo 2.º	Medidas para prevenir, identificar e gerir conflitos de interesses	86	96	342	ue/regulamentos/2022/32022R2111.md
32022R2111	Artigo 3.º	Divulgações relativas à natureza geral e às fontes de eventuais conflitos de interesses e medidas de atenuação	98	102	259	ue/regulamentos/2022/32022R2111.md
32022R2111	Artigo 4.º	Entrada em vigor	104	122	278	ue/regulamentos/2022/32022R2111.md
32022R2112	Preâmbulo		18	42	768	ue/regulamentos/2022/32022R2112.md
32022R2112	Artigo 1.º	Designação de um ponto de contacto	46	48	105	ue/regulamentos/2022/32022R2112.md
32022R2112	Artigo 2.º	Formulário normalizado	50	52	52	ue/regulamentos/2022/32022R2112.md
32022R2112	Artigo 3.º	Aviso de receção	54	56	136	ue/regulamentos/2022/32022R2112.md
32022R2112	Artigo 4.º	Suspensão do prazo em caso de informações em falta	58	60	117	ue/regulamentos/2022/32022R2112.md
32022R2112	Artigo 5.º	Notificação de alterações	62	66	172	ue/regulamentos/2022/32022R2112.md
32022R2112	Artigo 6.º	Entrada em vigor e aplicação	68	86	282	ue/regulamentos/2022/32022R2112.md
32022R2112	ANEXO	PEDIDO DE AUTORIZAÇÃO COMO PRESTADOR DE SERVIÇOS DE FINANCIAMENTO COLABORATIVO	88	167	7850	ue/regulamentos/2022/32022R2112.md
32022R2113	Preâmbulo		18	46	1135	ue/regulamentos/2022/32022R2113.md
32022R2113	Artigo 1.º	Informações sobre os prestadores de serviços de financiamento colaborativo que devem ser objeto de intercâmbio	50	96	1368	ue/regulamentos/2022/32022R2113.md
32022R2113	Artigo 2.º	Informações sobre outras pessoas e entidades não societárias que devem ser objeto de intercâmbio	98	114	423	ue/regulamentos/2022/32022R2113.md
32022R2113	Artigo 3.º	Entrada em vigor	116	136	362	ue/regulamentos/2022/32022R2113.md
32022R2114	Preâmbulo		18	50	1536	ue/regulamentos/2022/32022R2114.md
32022R2114	Artigo 1.º	Avaliação da adequação dos serviços de financiamento colaborativo	54	62	258	ue/regulamentos/2022/32022R2114.md
32022R2114	Artigo 2.º	Informações a solicitar em conformidade com o artigo 21.º, n.º 2, do Regulamento (UE) 2020/1503	64	82	547	ue/regulamentos/2022/32022R2114.md
32022R2114	Artigo 3.º	Fiabilidade das informações solicitadas em conformidade com o artigo 21.º, n.º 2, do Regulamento (UE) 2020/1503	84	94	348	ue/regulamentos/2022/32022R2114.md
32022R2114	Artigo 4.º	Advertência de risco nos termos do artigo 21.º, n.º 4, do Regulamento (UE) 2020/1503	96	106	272	ue/regulamentos/2022/32022R2114.md
32022R2114	Artigo 5.º	Simulação da capacidade de suportar perdas com recurso a uma ferramenta de cálculo em linha	108	118	415	ue/regulamentos/2022/32022R2114.md
32022R2114	Artigo 6.º	Simulação da capacidade de suportar perdas, para além da ferramenta de cálculo em linha	120	122	150	ue/regulamentos/2022/32022R2114.md
32022R2114	Artigo 7.º	Cálculo do património líquido de um potencial investidor não sofisticado	124	128	104	ue/regulamentos/2022/32022R2114.md
32022R2114	Artigo 8.º	Rendimento anual líquido	130	142	391	ue/regulamentos/2022/32022R2114.md
32022R2114	Artigo 9.º	Total de ativos líquidos	144	160	272	ue/regulamentos/2022/32022R2114.md
32022R2114	Artigo 10.º	Compromissos financeiros anuais	162	178	173	ue/regulamentos/2022/32022R2114.md
32022R2114	Artigo 11.º	Data de avaliação do total dos ativos líquidos e dos compromissos financeiros anuais	180	188	404	ue/regulamentos/2022/32022R2114.md
32022R2114	Artigo 12.º	Transmissão do resultado da simulação da capacidade de suportar perdas	190	192	82	ue/regulamentos/2022/32022R2114.md
32022R2114	Artigo 13.º	Entrada em vigor	194	214	336	ue/regulamentos/2022/32022R2114.md
32022R2115	Preâmbulo		18	44	2002	ue/regulamentos/2022/32022R2115.md
32022R2115	Artigo 1.º	Incumprimento de empréstimos oferecidos numa plataforma de financiamento colaborativo	48	68	731	ue/regulamentos/2022/32022R2115.md
32022R2115	Artigo 2.º	Metodologia para o cálculo da taxa de incumprimento de empréstimos oferecidos numa plataforma de financiamento colaborativo	70	84	542	ue/regulamentos/2022/32022R2115.md
32022R2115	Artigo 3.º	Metodologia do cálculo da taxa de incumprimento efetiva dos empréstimos por categoria de risco	86	100	586	ue/regulamentos/2022/32022R2115.md
32022R2115	Artigo 4.º	Metodologia para o cálculo da taxa de incumprimento prevista dos empréstimos, por categoria de risco	102	106	320	ue/regulamentos/2022/32022R2115.md
32022R2115	Artigo 5.º	Afetação a categorias de risco	108	110	106	ue/regulamentos/2022/32022R2115.md
32022R2115	Artigo 6.º	Exatidão dos dados	112	114	60	ue/regulamentos/2022/32022R2115.md
32022R2115	Artigo 7.º	Entrada em vigor	116	136	338	ue/regulamentos/2022/32022R2115.md
32022R2116	Preâmbulo		18	44	765	ue/regulamentos/2022/32022R2116.md
32022R2116	Artigo 1.º	Definições	48	56	220	ue/regulamentos/2022/32022R2116.md
32022R2116	Artigo 2.º	Conteúdo mínimo do plano de continuidade das atividades	58	66	178	ue/regulamentos/2022/32022R2116.md
32022R2116	Artigo 3.º	Continuidade da prestação de serviços essenciais	68	84	330	ue/regulamentos/2022/32022R2116.md
32022R2116	Artigo 4.º	Boa administração dos acordos	86	104	328	ue/regulamentos/2022/32022R2116.md
32022R2116	Artigo 5.º	Procedimentos	106	124	350	ue/regulamentos/2022/32022R2116.md
32022R2116	Artigo 6.º	Entrada em vigor	126	144	278	ue/regulamentos/2022/32022R2116.md
32022R2117	Preâmbulo		18	52	1304	ue/regulamentos/2022/32022R2117.md
32022R2117	Artigo 1.º	Procedimentos para o tratamento de queixas	56	84	554	ue/regulamentos/2022/32022R2117.md
32022R2117	Artigo 2.º	Formato normalizado e língua	86	90	104	ue/regulamentos/2022/32022R2117.md
32022R2117	Artigo 3.º	Aviso de receção e verificação da admissibilidade	92	100	230	ue/regulamentos/2022/32022R2117.md
32022R2117	Artigo 4.º	Investigação de queixas	102	108	259	ue/regulamentos/2022/32022R2117.md
32022R2117	Artigo 5.º	Decisões	110	118	314	ue/regulamentos/2022/32022R2117.md
32022R2117	Artigo 6.º	Comunicação com o autor da queixa	120	124	160	ue/regulamentos/2022/32022R2117.md
32022R2117	Artigo 7.º	Entrada em vigor	126	144	278	ue/regulamentos/2022/32022R2117.md
32022R2117	ANEXO	Formato normalizado para a apresentação de queixas	146	231	720	ue/regulamentos/2022/32022R2117.md
32022R2118	Preâmbulo		18	44	1222	ue/regulamentos/2022/32022R2118.md
32022R2118	Artigo 1.º	Exatidão e fiabilidade das informações a fornecer aos investidores	50	60	238	ue/regulamentos/2022/32022R2118.md
32022R2118	Artigo 2.º	Formato das informações a divulgar	62	68	233	ue/regulamentos/2022/32022R2118.md
32022R2118	Artigo 3.º	Risco de crédito dos projetos individuais de financiamento colaborativo	72	90	390	ue/regulamentos/2022/32022R2118.md
32022R2118	Artigo 4.º	Risco de crédito ao nível da carteira do investidor	92	116	502	ue/regulamentos/2022/32022R2118.md
32022R2118	Artigo 5.º	Risco de crédito dos promotores de projetos	118	130	237	ue/regulamentos/2022/32022R2118.md
32022R2118	Artigo 6.º	Utilização de modelos	132	148	439	ue/regulamentos/2022/32022R2118.md
32022R2118	Artigo 7.º	Informações sobre testes de esforço e análises de sensibilidade	150	156	193	ue/regulamentos/2022/32022R2118.md
32022R2118	Artigo 8.º	Cálculo da taxa de juro anual média ponderada	160	180	376	ue/regulamentos/2022/32022R2118.md
32022R2118	Artigo 9.º	Distribuição dos empréstimos em função da categoria de risco	182	196	360	ue/regulamentos/2022/32022R2118.md
32022R2118	Artigo 10.º	Informações essenciais relativamente a cada empréstimo incluído na carteira	198	242	762	ue/regulamentos/2022/32022R2118.md
32022R2118	Artigo 11.º	Informações sobre as medidas de redução dos riscos	244	276	699	ue/regulamentos/2022/32022R2118.md
32022R2118	Artigo 12.º	Informações sobre incumprimentos de contratos de crédito por parte do promotor de projetos	278	318	768	ue/regulamentos/2022/32022R2118.md
32022R2118	Artigo 13.º	Informações sobre comissões pagas relativamente a esse empréstimo pelo investidor, pelo prestador de serviços de financiamento colaborativo ou pelo promotor de 	320	334	313	ue/regulamentos/2022/32022R2118.md
32022R2118	Artigo 14.º	Informações sobre a avaliação do empréstimo	336	360	395	ue/regulamentos/2022/32022R2118.md
32022R2118	Artigo 15.º	Requisitos gerais	364	368	176	ue/regulamentos/2022/32022R2118.md
32022R2118	Artigo 16.º	Disposições organizacionais	370	382	282	ue/regulamentos/2022/32022R2118.md
32022R2118	Artigo 17.º	Política de governo	384	410	459	ue/regulamentos/2022/32022R2118.md
32022R2118	Artigo 18.º	Política de financiamento	412	436	365	ue/regulamentos/2022/32022R2118.md
32022R2118	Artigo 19.º	Política de desembolso	438	452	232	ue/regulamentos/2022/32022R2118.md
32022R2118	Artigo 20.º	Política de continuidade das atividades	454	456	91	ue/regulamentos/2022/32022R2118.md
32022R2118	Artigo 21.º	Transparência e divulgação de informações aos investidores	458	462	182	ue/regulamentos/2022/32022R2118.md
32022R2118	Artigo 22.º	Entrada em vigor	464	488	512	ue/regulamentos/2022/32022R2118.md
32022R2119	Preâmbulo		18	46	1048	ue/regulamentos/2022/32022R2119.md
32022R2119	Artigo 1.º	Modelo de ficha de informação fundamental sobre o investimento	50	54	141	ue/regulamentos/2022/32022R2119.md
32022R2119	Artigo 2.º	Requisitos linguísticos e de formato do modelo da ficha de informação fundamental sobre o investimento	56	60	173	ue/regulamentos/2022/32022R2119.md
32022R2119	Artigo 3.º	Identificador da oferta de financiamento colaborativo	62	78	346	ue/regulamentos/2022/32022R2119.md
32022R2119	Artigo 4.º	Escolha dos termos no modelo da ficha de informação fundamental sobre o investimento	80	88	246	ue/regulamentos/2022/32022R2119.md
32022R2119	Artigo 5.º	Utilização de hiperligações no modelo da ficha de informação fundamental sobre o investimento	90	96	153	ue/regulamentos/2022/32022R2119.md
32022R2119	Artigo 6.º	Tipos de principais riscos associados a uma oferta de financiamento colaborativo	98	102	196	ue/regulamentos/2022/32022R2119.md
32022R2119	Artigo 7.º	Rácios financeiros, demonstrações e informações no modelo da ficha de informação fundamental sobre o investimento	104	106	113	ue/regulamentos/2022/32022R2119.md
32022R2119	Artigo 8.º		108	128	386	ue/regulamentos/2022/32022R2119.md
32022R2119	ANEXO	MODELO DE FICHA DE INFORMAÇÃO FUNDAMENTAL SOBRE O INVESTIMENTO	130	399	7187	ue/regulamentos/2022/32022R2119.md
32022R2120	Preâmbulo		18	44	1213	ue/regulamentos/2022/32022R2120.md
32022R2120	Artigo 1.º	Normas e formatos dos dados, modelos e procedimentos para a comunicação de informações às autoridades competentes	48	66	384	ue/regulamentos/2022/32022R2120.md
32022R2120	Artigo 2.º	Normas e formatos dos dados, modelos e procedimentos para a comunicação de informações à ESMA	68	72	148	ue/regulamentos/2022/32022R2120.md
32022R2120	Artigo 3.º	Entrada em vigor	74	96	441	ue/regulamentos/2022/32022R2120.md
32022R2120	ANEXO		98	162	2838	ue/regulamentos/2022/32022R2120.md
32022R2121	Preâmbulo		18	44	719	ue/regulamentos/2022/32022R2121.md
32022R2121	Artigo 1.º	Pontos de contacto	48	54	136	ue/regulamentos/2022/32022R2121.md
32022R2121	Artigo 2.º	Pedido de cooperação ou troca de informações	56	62	261	ue/regulamentos/2022/32022R2121.md
32022R2121	Artigo 3.º	Aviso de receção dos pedidos	64	68	227	ue/regulamentos/2022/32022R2121.md
32022R2121	Artigo 4.º	Resposta aos pedidos	70	80	222	ue/regulamentos/2022/32022R2121.md
32022R2121	Artigo 5.º	Meios de comunicação	82	88	165	ue/regulamentos/2022/32022R2121.md
32022R2121	Artigo 6.º	Procedimentos de tratamento de um pedido de cooperação ou troca de informações	90	98	292	ue/regulamentos/2022/32022R2121.md
32022R2121	Artigo 7.º	Pedido à ESMA de coordenação de uma inspeção no local ou de uma investigação de âmbito transfronteiras	100	106	220	ue/regulamentos/2022/32022R2121.md
32022R2121	Artigo 8.º	Transmissão de informações não solicitada	108	112	214	ue/regulamentos/2022/32022R2121.md
32022R2121	Artigo 9.º	Entrada em vigor	114	132	278	ue/regulamentos/2022/32022R2121.md
32022R2121	ANEXO I	Formulário para o pedido de cooperação ou de troca de informações nos termos do artigo 32.º do Regulamento (UE) 2020/1503	134	266	753	ue/regulamentos/2022/32022R2121.md
32022R2121	ANEXO II	Formulário para o aviso de receção	268	314	338	ue/regulamentos/2022/32022R2121.md
32022R2121	ANEXO III	Formulário para a resposta a um pedido de cooperação ou de troca de informações e para a resposta a um pedido de cooperação ou de troca de informações não solic	316	402	628	ue/regulamentos/2022/32022R2121.md
32022R2121	ANEXO IV	Formulário para um pedido à ESMA no sentido de coordenar uma inspeção no local ou uma investigação de âmbito transfronteiras nos termos do artigo 32.º, n.º 2, d	404	504	606	ue/regulamentos/2022/32022R2121.md
32022R2122	Preâmbulo		18	44	950	ue/regulamentos/2022/32022R2122.md
32022R2122	Artigo 1.º	Pontos de contacto	48	54	151	ue/regulamentos/2022/32022R2122.md
32022R2122	Artigo 2.º	Pedido de cooperação ou de troca de informações	56	66	228	ue/regulamentos/2022/32022R2122.md
32022R2122	Artigo 3.º	Aviso de receção de um pedido de cooperação ou de troca de informações	68	72	169	ue/regulamentos/2022/32022R2122.md
32022R2122	Artigo 4.º	Resposta a um pedido de cooperação ou de troca de informações	74	84	246	ue/regulamentos/2022/32022R2122.md
32022R2122	Artigo 5.º	Meios de comunicação	86	92	179	ue/regulamentos/2022/32022R2122.md
32022R2122	Artigo 6.º	Procedimentos de tratamento e execução de um pedido de cooperação ou de troca de informações	94	104	347	ue/regulamentos/2022/32022R2122.md
32022R2122	Artigo 7.º	Notificação do indeferimento do pedido de cooperação ou de troca de informações	106	108	124	ue/regulamentos/2022/32022R2122.md
32022R2122	Artigo 8.º	Procedimentos de pedido de cooperação no quadro de uma recolha de depoimento	110	142	682	ue/regulamentos/2022/32022R2122.md
32022R2122	Artigo 9.º	Procedimentos de pedido de cooperação no quadro de uma inspeção no local ou uma investigação	144	188	1062	ue/regulamentos/2022/32022R2122.md
32022R2122	Artigo 10.º	Troca de informações não solicitada	190	194	186	ue/regulamentos/2022/32022R2122.md
32022R2122	Artigo 11.º	Entrada em vigor	196	214	279	ue/regulamentos/2022/32022R2122.md
32022R2122	ANEXO I	Formulário de pedido de cooperação ou de troca de informações	216	510	2323	ue/regulamentos/2022/32022R2122.md
32022R2122	ANEXO II	Formulário de aviso de receção	512	562	321	ue/regulamentos/2022/32022R2122.md
32022R2122	ANEXO III	Formulário de resposta a um pedido de cooperação ou de troca de informações e de troca de informações não solicitada	564	654	734	ue/regulamentos/2022/32022R2122.md
32022R2122	ANEXO IV	Formulário de notificação de indeferimento	656	720	544	ue/regulamentos/2022/32022R2122.md
32022R2123	Preâmbulo		18	38	610	ue/regulamentos/2022/32022R2123.md
32022R2123	Artigo 1.º	Ponto de contacto	42	44	66	ue/regulamentos/2022/32022R2123.md
32022R2123	Artigo 2.º	Prazos	46	50	103	ue/regulamentos/2022/32022R2123.md
32022R2123	Artigo 3.º	Modelos e respetiva apresentação	52	58	156	ue/regulamentos/2022/32022R2123.md
32022R2123	Artigo 4.º	Entrada em vigor	60	78	278	ue/regulamentos/2022/32022R2123.md
32022R2123	ANEXO I		80	119	460	ue/regulamentos/2022/32022R2123.md
32022R2123	ANEXO II		121	161	674	ue/regulamentos/2022/32022R2123.md
32022R2125	Preâmbulo		18	34	306	ue/regulamentos/2022/32022R2125.md
32022R2125	Artigo 1.º		38	40	40	ue/regulamentos/2022/32022R2125.md
32022R2125	Artigo 2.º		42	62	191	ue/regulamentos/2022/32022R2125.md
32022R2126	Preâmbulo		18	32	209	ue/regulamentos/2022/32022R2126.md
32022R2126	Artigo 1.º		36	40	77	ue/regulamentos/2022/32022R2126.md
32022R2126	Artigo 2.º		42	62	190	ue/regulamentos/2022/32022R2126.md
32022R2127	Artigo 1.º		28	32	104	ue/regulamentos/2022/32022R2127.md
32022R2127	Artigo 2.º		34	40	65	ue/regulamentos/2022/32022R2127.md
32022R2127	ANEXO	Resumo das características do produto para uma família de produtos biocidas (SPC BPF)	42	260	5728	ue/regulamentos/2022/32022R2127.md
32022R2175	Preâmbulo		18	52	1206	ue/regulamentos/2022/32022R2175.md
32022R2175	Artigo 1.º		56	58	89	ue/regulamentos/2022/32022R2175.md
32022R2175	Artigo 2.º	Entrada em vigor	60	78	163	ue/regulamentos/2022/32022R2175.md
32022R2175	ANEXO		80	110	777	ue/regulamentos/2022/32022R2175.md
32022R2175	Apêndice 1	Reembolso com base em custos unitários	112	136	261	ue/regulamentos/2022/32022R2175.md
32022R2175	Apêndice 2	Reembolso com base em montantes de financiamento não associado aos custos	138	200	960	ue/regulamentos/2022/32022R2175.md
32022R2177	Preâmbulo		18	42	579	ue/regulamentos/2022/32022R2177.md
32022R2177	Artigo 1.º		46	48	29	ue/regulamentos/2022/32022R2177.md
32022R2177	Artigo 2.º		50	64	90	ue/regulamentos/2022/32022R2177.md
32022R2177	ANEXO		66	98	5620	ue/regulamentos/2022/32022R2177.md
32022R2179	Preâmbulo		18	36	220	ue/regulamentos/2022/32022R2179.md
32022R2179	Artigo 1.º		40	42	28	ue/regulamentos/2022/32022R2179.md
32022R2179	Artigo 2.º		44	58	92	ue/regulamentos/2022/32022R2179.md
32022R2179	ANEXO		60	168	2926	ue/regulamentos/2022/32022R2179.md
32022R2180	Preâmbulo		18	36	234	ue/regulamentos/2022/32022R2180.md
32022R2180	Artigo 1.º		40	42	29	ue/regulamentos/2022/32022R2180.md
32022R2180	Artigo 2.º		44	58	93	ue/regulamentos/2022/32022R2180.md
32022R2180	ANEXO		60	67	256	ue/regulamentos/2022/32022R2180.md
32022R2181	Preâmbulo		18	50	1457	ue/regulamentos/2022/32022R2181.md
32022R2181	Artigo 1.º	Objeto e âmbito de aplicação	56	58	102	ue/regulamentos/2022/32022R2181.md
32022R2181	Artigo 2.º	Definição	60	64	106	ue/regulamentos/2022/32022R2181.md
32022R2181	Artigo 3.º	Inadmissibilidade dos pedidos apresentados por operadores que tenham cometido ou sejam considerados responsáveis por infrações graves, na aceção do artigo 42.º,	68	76	325	ue/regulamentos/2022/32022R2181.md
32022R2181	Artigo 4.º	Inadmissibilidade dos pedidos apresentados por operadores cujo navio esteja incluído na lista de navios INN da União ou cujo navio arvore o pavilhão de um país 	78	86	244	ue/regulamentos/2022/32022R2181.md
32022R2181	Artigo 5.º	Inadmissibilidade dos pedidos apresentados por operadores do setor da aquicultura que tenham cometido ou sejam considerados responsáveis por infrações ambientai	88	94	261	ue/regulamentos/2022/32022R2181.md
32022R2181	Artigo 6.º	Inadmissibilidade dos pedidos apresentados por operadores que tenham cometido ou sejam considerados responsáveis por uma fraude no quadro do FEAMP ou do FEAMPA	96	100	176	ue/regulamentos/2022/32022R2181.md
32022R2181	Artigo 7.º	Determinação do limiar que desencadeia a inadmissibilidade e duração da inadmissibilidade	104	112	209	ue/regulamentos/2022/32022R2181.md
32022R2181	Artigo 8.º	Determinação do limiar que desencadeia a inadmissibilidade caso o operador possua ou controle mais de um navio de pesca	114	122	250	ue/regulamentos/2022/32022R2181.md
32022R2181	Artigo 9.º	Transferência de propriedade	124	128	308	ue/regulamentos/2022/32022R2181.md
32022R2181	Artigo 10.º	Retirada definitiva da licença de pesca	130	136	210	ue/regulamentos/2022/32022R2181.md
32022R2181	Artigo 11.º	Modalidades de recuperação da ajuda	138	142	162	ue/regulamentos/2022/32022R2181.md
32022R2181	Artigo 12.º	Disposições transitórias	144	146	62	ue/regulamentos/2022/32022R2181.md
32022R2181	Artigo 13.º	Entrada em vigor	148	180	856	ue/regulamentos/2022/32022R2181.md
32022R2181	ANEXO I	Limiar que desencadeia a inadmissibilidade e período de inadmissibilidade aplicáveis aos operadores que tenham cometido infrações graves na aceção do artigo 42.	182	189	563	ue/regulamentos/2022/32022R2181.md
32022R2181	ANEXO II	Limiar que desencadeia a inadmissibilidade e período de inadmissibilidade aplicáveis aos operadores cujo navio esteja incluído na lista de navios INN da União o	191	196	265	ue/regulamentos/2022/32022R2181.md
32022R2181	ANEXO III	Limiar que desencadeia a inadmissibilidade e período de inadmissibilidade aplicáveis aos operadores que tenham cometido as infrações ambientais enunciadas nos a	198	204	360	ue/regulamentos/2022/32022R2181.md
32022R2181	ANEXO IV	Limiar que desencadeia a inadmissibilidade e período de inadmissibilidade aplicáveis aos operadores que tenham cometido uma fraude no quadro do FEAMP ou do FEAM	206	210	156	ue/regulamentos/2022/32022R2181.md
32022R2182	Preâmbulo		18	40	1032	ue/regulamentos/2022/32022R2182.md
32022R2182	Artigo 1.º		44	46	32	ue/regulamentos/2022/32022R2182.md
32022R2182	Artigo 2.º		48	70	386	ue/regulamentos/2022/32022R2182.md
32022R2182	ANEXO		72	84	133	ue/regulamentos/2022/32022R2182.md
32022R2183	Preâmbulo		18	60	1747	ue/regulamentos/2022/32022R2183.md
32022R2183	Artigo 1.º	Alterações do Regulamento de Execução (UE) 2021/404	64	66	49	ue/regulamentos/2022/32022R2183.md
32022R2183	Artigo 2.º	Retificação do Regulamento de Execução (UE) 2021/404	68	89	501	ue/regulamentos/2022/32022R2183.md
32022R2183	Artigo 3.º	Entrada em vigor e aplicação	91	113	426	ue/regulamentos/2022/32022R2183.md
32022R2183	ANEXO		115	1211	34144	ue/regulamentos/2022/32022R2183.md
32022R2189	Preâmbulo		18	44	562	ue/regulamentos/2022/32022R2189.md
32022R2189	Artigo 1.º		48	60	177	ue/regulamentos/2022/32022R2189.md
32022R2189	Artigo 2.º		62	80	175	ue/regulamentos/2022/32022R2189.md
32022R2192	Preâmbulo		18	88	3835	ue/regulamentos/2022/32022R2192.md
32022R2192	Artigo 1.º	Objeto e âmbito de aplicação	92	98	229	ue/regulamentos/2022/32022R2192.md
32022R2192	Artigo 2.º	Definições	100	112	217	ue/regulamentos/2022/32022R2192.md
32022R2192	Artigo 3.º	Cofinanciamento	114	116	101	ue/regulamentos/2022/32022R2192.md
32022R2192	Artigo 4.º	Programação	118	124	300	ue/regulamentos/2022/32022R2192.md
32022R2192	Artigo 5.º	Elegibilidade das despesas com projetos destinados a fazer face aos desafios migratórios	126	128	72	ue/regulamentos/2022/32022R2192.md
32022R2192	Artigo 6.º	Projetos	130	138	266	ue/regulamentos/2022/32022R2192.md
32022R2192	Artigo 7.º	Funcionamento da autoridade de gestão	140	144	196	ue/regulamentos/2022/32022R2192.md
32022R2192	Artigo 8.º	Impacto dos projetos na cooperação transfronteiriça	146	162	431	ue/regulamentos/2022/32022R2192.md
32022R2192	Artigo 9.º	Participação em projetos	164	170	244	ue/regulamentos/2022/32022R2192.md
32022R2192	Artigo 10.º	Obrigações dos beneficiários principais	172	196	655	ue/regulamentos/2022/32022R2192.md
32022R2192	Artigo 11.º	Atribuição direta	198	200	102	ue/regulamentos/2022/32022R2192.md
32022R2192	Artigo 12.º	Pagamentos	202	204	80	ue/regulamentos/2022/32022R2192.md
32022R2192	Artigo 13.º	Utilização do euro	206	214	154	ue/regulamentos/2022/32022R2192.md
32022R2192	Artigo 14.º	Responsabilidades financeiras, recuperações e reembolsos à autoridade de gestão	216	234	714	ue/regulamentos/2022/32022R2192.md
32022R2192	Artigo 15.º	Derrogações ao Regulamento (UE) n.º 1299/2013 aplicáveis aos programas transnacionais	236	262	877	ue/regulamentos/2022/32022R2192.md
32022R2192	Artigo 16.º	Entrada em vigor	264	290	346	ue/regulamentos/2022/32022R2192.md
32022R2192	ANEXO		292	347	354	ue/regulamentos/2022/32022R2192.md
32022R2194	Preâmbulo		18	40	439	ue/regulamentos/2022/32022R2194.md
32022R2194	Artigo 1.º		44	46	28	ue/regulamentos/2022/32022R2194.md
32022R2194	Artigo 2.º		48	66	204	ue/regulamentos/2022/32022R2194.md
32022R2194	ANEXO		68	90	4246	ue/regulamentos/2022/32022R2194.md
32022R2195	Preâmbulo		18	76	2978	ue/regulamentos/2022/32022R2195.md
32022R2195	Artigo 1.º	Alterações	80	82	37	ue/regulamentos/2022/32022R2195.md
32022R2195	Artigo 2.º	Retificação	84	88	55	ue/regulamentos/2022/32022R2195.md
32022R2195	Artigo 3.º	Entrada em vigor	90	118	640	ue/regulamentos/2022/32022R2195.md
32022R2195	ANEXO		120	160	1114	ue/regulamentos/2022/32022R2195.md
32022R2202	Artigo 1.º		30	52	758	ue/regulamentos/2022/32022R2202.md
32022R2202	Artigo 2.º		54	58	64	ue/regulamentos/2022/32022R2202.md
32022R2203	Preâmbulo		18	40	652	ue/regulamentos/2022/32022R2203.md
32022R2203	Artigo 1.º		44	54	197	ue/regulamentos/2022/32022R2203.md
32022R2203	Artigo 2.º		56	72	171	ue/regulamentos/2022/32022R2203.md
32022R2228	Preâmbulo		18	40	579	ue/regulamentos/2022/32022R2228.md
32022R2228	Artigo 1.º		44	46	28	ue/regulamentos/2022/32022R2228.md
32022R2228	Artigo 2.º		48	62	92	ue/regulamentos/2022/32022R2228.md
32022R2228	ANEXO		64	87	2787	ue/regulamentos/2022/32022R2228.md
32022R2229	Preâmbulo		18	40	358	ue/regulamentos/2022/32022R2229.md
32022R2229	Artigo 1.º		44	46	29	ue/regulamentos/2022/32022R2229.md
32022R2229	Artigo 2.º		48	64	172	ue/regulamentos/2022/32022R2229.md
32022R2229	ANEXO		66	82	1029	ue/regulamentos/2022/32022R2229.md
32022R2230	Preâmbulo		18	40	652	ue/regulamentos/2022/32022R2230.md
32022R2230	Artigo 1.º		44	46	29	ue/regulamentos/2022/32022R2230.md
32022R2230	Artigo 2.º		48	64	163	ue/regulamentos/2022/32022R2230.md
32022R2230	ANEXO		66	74	442	ue/regulamentos/2022/32022R2230.md
32022R2231	Preâmbulo		18	38	578	ue/regulamentos/2022/32022R2231.md
32022R2231	Artigo 1.º		42	44	29	ue/regulamentos/2022/32022R2231.md
32022R2231	Artigo 2.º		46	60	92	ue/regulamentos/2022/32022R2231.md
32022R2231	ANEXO		62	105	7784	ue/regulamentos/2022/32022R2231.md
32022R2236	Preâmbulo		18	48	1636	ue/regulamentos/2022/32022R2236.md
32022R2236	Artigo 1.º	Alterações do Regulamento (UE) 2018/858	52	62	112	ue/regulamentos/2022/32022R2236.md
32022R2236	Artigo 2.º	Disposições transitórias	64	80	1073	ue/regulamentos/2022/32022R2236.md
32022R2236	Artigo 3.º	Entrada em vigor e aplicação	82	104	639	ue/regulamentos/2022/32022R2236.md
32022R2236	ANEXO I		106	119	164	ue/regulamentos/2022/32022R2236.md
32022R2236	ANEXO II		121	616	26947	ue/regulamentos/2022/32022R2236.md
32022R2236	Apêndice 1	Autocaravanas, ambulâncias e carros funerários	618	750	10366	ue/regulamentos/2022/32022R2236.md
32022R2236	Apêndice 2	Veículos blindados	752	883	11190	ue/regulamentos/2022/32022R2236.md
32022R2236	Apêndice 3	Veículos acessíveis em cadeira de rodas	885	1016	7930	ue/regulamentos/2022/32022R2236.md
32022R2236	Apêndice 4	Outros veículos para fins especiais	1018	1151	12113	ue/regulamentos/2022/32022R2236.md
32022R2236	Apêndice 5	Gruas móveis	1153	1284	3928	ue/regulamentos/2022/32022R2236.md
32022R2236	Apêndice 6	Veículos para transportar cargas excecionais	1286	1421	4698	ue/regulamentos/2022/32022R2236.md
32022R2236	ANEXO III		1423	1429	80	ue/regulamentos/2022/32022R2236.md
32022R2236	ANEXO IV		1431	1442	156	ue/regulamentos/2022/32022R2236.md
32022R2237	Preâmbulo		18	38	474	ue/regulamentos/2022/32022R2237.md
32022R2237	Artigo 1.º		42	58	442	ue/regulamentos/2022/32022R2237.md
32022R2237	Artigo 2.º		60	78	196	ue/regulamentos/2022/32022R2237.md
32022R2238	Preâmbulo		18	48	998	ue/regulamentos/2022/32022R2238.md
32022R2238	Artigo 1.º		52	70	368	ue/regulamentos/2022/32022R2238.md
32022R2238	Artigo 2.º		72	90	203	ue/regulamentos/2022/32022R2238.md
32022R2239	Preâmbulo		18	36	586	ue/regulamentos/2022/32022R2239.md
32022R2239	Artigo 1.º		40	42	31	ue/regulamentos/2022/32022R2239.md
32022R2239	Artigo 2.º		44	58	97	ue/regulamentos/2022/32022R2239.md
32022R2239	ANEXO		60	102	538	ue/regulamentos/2022/32022R2239.md
32022R2240	Preâmbulo		18	48	1191	ue/regulamentos/2022/32022R2240.md
32022R2240	Artigo 1.º	Alteração do Regulamento de Execução (UE) 2021/2119	52	64	225	ue/regulamentos/2022/32022R2240.md
32022R2240	Artigo 2.º	Alteração do Regulamento de Execução (UE) 2021/1378	66	81	247	ue/regulamentos/2022/32022R2240.md
32022R2240	Artigo 3.º	Alteração do Regulamento de Execução (UE) 2021/2307	83	85	76	ue/regulamentos/2022/32022R2240.md
32022R2240	Artigo 4.º	Entrada em vigor e aplicação	87	117	785	ue/regulamentos/2022/32022R2240.md
32022R2240	ANEXO	«ANEXO I	119	222	1896	ue/regulamentos/2022/32022R2240.md
32022R2246	Preâmbulo		18	60	2308	ue/regulamentos/2022/32022R2246.md
32022R2246	Artigo 1.º		64	66	34	ue/regulamentos/2022/32022R2246.md
32022R2246	Artigo 2.º		68	96	418	ue/regulamentos/2022/32022R2246.md
32022R2246	ANEXO		98	145	1847	ue/regulamentos/2022/32022R2246.md
32022R2247	Preâmbulo		18	758	42982	ue/regulamentos/2022/32022R2247.md
32022R2247	Artigo 1.º		762	781	664	ue/regulamentos/2022/32022R2247.md
32022R2247	Artigo 2.º		783	785	102	ue/regulamentos/2022/32022R2247.md
32022R2247	Artigo 3.º		787	795	194	ue/regulamentos/2022/32022R2247.md
32022R2247	Artigo 4.º		797	803	188	ue/regulamentos/2022/32022R2247.md
32022R2247	Artigo 5.º		805	887	1704	ue/regulamentos/2022/32022R2247.md
32022R2252	Artigo 1.º		28	32	106	ue/regulamentos/2022/32022R2252.md
32022R2252	Artigo 2.º		34	40	65	ue/regulamentos/2022/32022R2252.md
32022R2252	ANEXO	Resumo das características do produto para uma família de produtos biocidas (SPC BPF)	42	1119	15622	ue/regulamentos/2022/32022R2252.md
32022R2253	Preâmbulo		18	46	936	ue/regulamentos/2022/32022R2253.md
32022R2253	Artigo 1.º		50	54	128	ue/regulamentos/2022/32022R2253.md
32022R2253	Artigo 2.º		56	72	146	ue/regulamentos/2022/32022R2253.md
32022R2253	ANEXO I	TERMOS E CONDIÇÕES (EU-0028421-0000)	74	80	221	ue/regulamentos/2022/32022R2253.md
32022R2253	ANEXO II	Resumo das características do produto para uma família de produtos biocidas (SPC BPF)	82	827	13962	ue/regulamentos/2022/32022R2253.md
32022R2257	Preâmbulo		18	34	583	ue/regulamentos/2022/32022R2257.md
32022R2257	Artigo 1.º	Determinação das componentes P&L longa , P&L curta , Ajustamento longa e Ajustamento curta para o cálculo dos montantes brutos por incumprimento súbito (JTD) da	38	71	434	ue/regulamentos/2022/32022R2257.md
32022R2257	Artigo 2.º	Estimativa dos montantes brutos por incumprimento súbito (JTD) das exposições referidas no artigo 325.º-W, n.º 7, do Regulamento (UE) n.º 575/2013	73	77	275	ue/regulamentos/2022/32022R2257.md
32022R2257	Artigo 3.º	Determinação dos montantes nocionais de outros instrumentos que não aqueles referidos no artigo 325.º-W, n.º 4, do Regulamento (UE) n.º 575/2013	79	102	463	ue/regulamentos/2022/32022R2257.md
32022R2257	Artigo 4.º	Entrada em vigor	104	122	322	ue/regulamentos/2022/32022R2257.md
32022R2258	Preâmbulo		18	62	3015	ue/regulamentos/2022/32022R2258.md
32022R2258	Artigo 1.º	Alterações e retificações ao Regulamento (CE) n.º 853/2004	66	68	50	ue/regulamentos/2022/32022R2258.md
32022R2258	Artigo 2.º	Alterações do Regulamento Delegado (UE) 2019/624	70	79	122	ue/regulamentos/2022/32022R2258.md
32022R2258	«Artigo 11.º	Controlos oficiais de Pectinidae, gastrópodes marinhos e equinodermes, que não se alimentam por filtração, apanhados em zonas de produção não classificadas em c	81	89	278	ue/regulamentos/2022/32022R2258.md
32022R2258	Artigo 3.º		91	125	786	ue/regulamentos/2022/32022R2258.md
32022R2258	ANEXO		127	221	3576	ue/regulamentos/2022/32022R2258.md
32022R2259	Preâmbulo		18	38	464	ue/regulamentos/2022/32022R2259.md
32022R2259	Artigo 1.º		42	44	49	ue/regulamentos/2022/32022R2259.md
32022R2259	Artigo 2.º		46	48	80	ue/regulamentos/2022/32022R2259.md
32022R2259	Artigo 3.º		50	68	154	ue/regulamentos/2022/32022R2259.md
32022R2259	ANEXO		70	80	483	ue/regulamentos/2022/32022R2259.md
32022R2260	Preâmbulo		18	38	464	ue/regulamentos/2022/32022R2260.md
32022R2260	Artigo 1.º		42	44	49	ue/regulamentos/2022/32022R2260.md
32022R2260	Artigo 2.º		46	48	80	ue/regulamentos/2022/32022R2260.md
32022R2260	Artigo 3.º		50	68	154	ue/regulamentos/2022/32022R2260.md
32022R2260	ANEXO		70	75	651	ue/regulamentos/2022/32022R2260.md
32022R2264	Preâmbulo		18	34	313	ue/regulamentos/2022/32022R2264.md
32022R2264	Artigo 1.º		38	40	45	ue/regulamentos/2022/32022R2264.md
32022R2264	Artigo 2.º		42	62	187	ue/regulamentos/2022/32022R2264.md
32022R2265	Preâmbulo		18	32	214	ue/regulamentos/2022/32022R2265.md
32022R2265	Artigo 1.º		36	40	69	ue/regulamentos/2022/32022R2265.md
32022R2265	Artigo 2.º		42	62	191	ue/regulamentos/2022/32022R2265.md
32022R2266	Preâmbulo		18	32	214	ue/regulamentos/2022/32022R2266.md
32022R2266	Artigo 1.º		36	40	79	ue/regulamentos/2022/32022R2266.md
32022R2266	Artigo 2.º		42	62	191	ue/regulamentos/2022/32022R2266.md
32022R2267	Preâmbulo		18	32	236	ue/regulamentos/2022/32022R2267.md
32022R2267	Artigo 1.º		36	40	77	ue/regulamentos/2022/32022R2267.md
32022R2267	Artigo 2.º		42	62	191	ue/regulamentos/2022/32022R2267.md
32022R2279	Preâmbulo		18	30	266	ue/regulamentos/2022/32022R2279.md
32022R2279	Artigo 1.º		34	36	44	ue/regulamentos/2022/32022R2279.md
32022R2279	Artigo 2.º		38	52	97	ue/regulamentos/2022/32022R2279.md
32022R2279	ANEXO	Número e designações das variáveis para o domínio utilização das tecnologias de informação e comunicação para o ano de referência de 2023	54	240	15763	ue/regulamentos/2022/32022R2279.md
32022R2280	Preâmbulo		18	32	205	ue/regulamentos/2022/32022R2280.md
32022R2280	Artigo 1.º		36	40	82	ue/regulamentos/2022/32022R2280.md
32022R2280	Artigo 2.º		42	62	191	ue/regulamentos/2022/32022R2280.md
32022R2281	Preâmbulo		18	32	200	ue/regulamentos/2022/32022R2281.md
32022R2281	Artigo 1.º		36	40	78	ue/regulamentos/2022/32022R2281.md
32022R2281	Artigo 2.º		42	62	191	ue/regulamentos/2022/32022R2281.md
32022R2282	Preâmbulo		18	38	615	ue/regulamentos/2022/32022R2282.md
32022R2282	Artigo 1.º		42	52	236	ue/regulamentos/2022/32022R2282.md
32022R2282	Artigo 2.º		54	72	187	ue/regulamentos/2022/32022R2282.md
32022R2282	ANEXO I	Estruturas pertinentes das taxas de juro sem risco para os diferentes prazos para o cálculo da melhor estimativa, sem qualquer ajustamento compensatório ou ajus	74	992	14318	ue/regulamentos/2022/32022R2282.md
32022R2282	ANEXO II		994	3352	28252	ue/regulamentos/2022/32022R2282.md
32022R2282	ANEXO III	Ajustamento à volatilidade da estrutura pertinente das taxas de juro sem risco para os diferentes prazos	3354	3395	328	ue/regulamentos/2022/32022R2282.md
32022R2287	Preâmbulo		18	42	1012	ue/regulamentos/2022/32022R2287.md
32022R2287	Artigo 1.º		46	58	181	ue/regulamentos/2022/32022R2287.md
32022R2287	Artigo 2.º		60	82	245	ue/regulamentos/2022/32022R2287.md
32022R2291	Preâmbulo		18	42	502	ue/regulamentos/2022/32022R2291.md
32022R2291	Artigo 1.º		46	48	30	ue/regulamentos/2022/32022R2291.md
32022R2291	Artigo 2.º		50	68	115	ue/regulamentos/2022/32022R2291.md
32022R2291	ANEXO		70	74	116	ue/regulamentos/2022/32022R2291.md
32022R2292	Artigo 1.º	Objeto e âmbito de aplicação	32	72	1406	ue/regulamentos/2022/32022R2292.md
32022R2292	Artigo 2.º	Definições	74	180	1916	ue/regulamentos/2022/32022R2292.md
32022R2292	Artigo 3.º	Animais destinados à produção de géneros alimentícios e mercadorias que devem ser provenientes de países terceiros ou de regiões de países terceiros incluídos n	184	202	432	ue/regulamentos/2022/32022R2292.md
32022R2292	Artigo 4.º	Requisitos adicionais aplicáveis à entrada na União de animais destinados à produção de géneros alimentícios e de mercadorias provenientes de um país terceiro o	204	224	646	ue/regulamentos/2022/32022R2292.md
32022R2292	Artigo 5.º	Animais e produtos a que se aplicam os artigos 6.º a 12.°	226	248	367	ue/regulamentos/2022/32022R2292.md
32022R2292	Artigo 6.º	Requisitos adicionais para a entrada na União de animais destinados à produção de géneros alimentícios, produtos de origem animal e produtos compostos no que di	250	262	596	ue/regulamentos/2022/32022R2292.md
32022R2292	Artigo 7.º	Inclusão de um país terceiro numa lista de países terceiros que cumprem os requisitos da União em matéria de substâncias farmacologicamente ativas e respetivos 	264	266	190	ue/regulamentos/2022/32022R2292.md
32022R2292	Artigo 8.º	Derrogação dos requisitos para a entrada na União de animais destinados à produção de géneros alimentícios, produtos de origem animal e produtos compostos	268	284	1052	ue/regulamentos/2022/32022R2292.md
32022R2292	Artigo 9.º	Requisitos relativos à utilização de substâncias farmacologicamente ativas em animais destinados à produção de géneros alimentícios e aos resíduos dessas substâ	288	292	364	ue/regulamentos/2022/32022R2292.md
32022R2292	Artigo 10.º	Requisitos relativos à proibição de determinadas substâncias	294	302	393	ue/regulamentos/2022/32022R2292.md
32022R2292	Artigo 11.º	Requisitos relativos aos resíduos de pesticidas em produtos de origem animal e em produtos compostos	304	306	164	ue/regulamentos/2022/32022R2292.md
32022R2292	Artigo 12.º	Requisitos relativos aos contaminantes em produtos de origem animal e em produtos compostos	308	310	153	ue/regulamentos/2022/32022R2292.md
32022R2292	Artigo 13.º	Requisitos aplicáveis aos estabelecimentos	314	346	810	ue/regulamentos/2022/32022R2292.md
32022R2292	Artigo 14.º	Estabelecimentos não sujeitos aos requisitos do artigo 13.º, n.º 1	348	364	144	ue/regulamentos/2022/32022R2292.md
32022R2292	Artigo 15.º	Requisitos aplicáveis a remessas de carne fresca, carne picada, preparados de carne, carne separada mecanicamente, produtos à base de carne e matérias-primas de	368	384	322	ue/regulamentos/2022/32022R2292.md
32022R2292	Artigo 16.º	Requisitos aplicáveis às remessas de moluscos bivalves, equinodermes, tunicados e gastrópodes marinhos vivos	386	394	337	ue/regulamentos/2022/32022R2292.md
32022R2292	Artigo 17.º	Listagem das zonas de produção	396	402	246	ue/regulamentos/2022/32022R2292.md
32022R2292	Artigo 18.º	Requisitos especiais aplicáveis aos produtos da pesca	404	406	195	ue/regulamentos/2022/32022R2292.md
32022R2292	Artigo 19.º	Requisitos especiais para a listagem de navios	408	426	623	ue/regulamentos/2022/32022R2292.md
32022R2292	Artigo 20.º	Requisitos aplicáveis às remessas de produtos compostos	428	442	886	ue/regulamentos/2022/32022R2292.md
32022R2292	Artigo 21.º	Certificados oficiais	446	498	1010	ue/regulamentos/2022/32022R2292.md
32022R2292	Artigo 22.º	Atestado privado	500	552	904	ue/regulamentos/2022/32022R2292.md
32022R2292	Artigo 23.º	Referências	556	558	35	ue/regulamentos/2022/32022R2292.md
32022R2292	Artigo 24.º	Revogação	560	564	66	ue/regulamentos/2022/32022R2292.md
32022R2292	Artigo 25.º	Entrada em vigor e aplicação	566	572	90	ue/regulamentos/2022/32022R2292.md
32022R2292	ANEXO I		574	752	6478	ue/regulamentos/2022/32022R2292.md
32022R2292	ANEXO II		754	795	1014	ue/regulamentos/2022/32022R2292.md
32022R2293	Preâmbulo		18	50	1404	ue/regulamentos/2022/32022R2293.md
32022R2293	Artigo 1.º	Alterações do Regulamento de Execução (UE) 2021/405	54	58	50	ue/regulamentos/2022/32022R2293.md
32022R2293	«Artigo 2.º-A	Lista de países terceiros com planos de controlo aprovados de substâncias farmacologicamente ativas, pesticidas e contaminantes em determinados animais destinad	60	94	1408	ue/regulamentos/2022/32022R2293.md
32022R2293	Artigo 2.º	Revogação	96	98	16	ue/regulamentos/2022/32022R2293.md
32022R2293	Artigo 3.º	Entrada em vigor e aplicação	100	124	380	ue/regulamentos/2022/32022R2293.md
32022R2293	ANEXO	«ANEXO I	126	262	2383	ue/regulamentos/2022/32022R2293.md
32022R2294	Preâmbulo		18	36	558	ue/regulamentos/2022/32022R2294.md
32022R2294	Artigo 1.º	Âmbito de aplicação	40	42	103	ue/regulamentos/2022/32022R2294.md
32022R2294	Artigo 2.º	Definições	44	46	30	ue/regulamentos/2022/32022R2294.md
32022R2294	Artigo 3.º	Dados necessários	48	50	50	ue/regulamentos/2022/32022R2294.md
32022R2294	Artigo 4.º	Metadados	52	62	157	ue/regulamentos/2022/32022R2294.md
32022R2294	Artigo 5.º	Período de referência	64	70	82	ue/regulamentos/2022/32022R2294.md
32022R2294	Artigo 6.º	Transmissão de dados e metadados à Comissão (Eurostat)	72	78	186	ue/regulamentos/2022/32022R2294.md
32022R2294	Artigo 7.º	Fontes de dados	80	84	136	ue/regulamentos/2022/32022R2294.md
32022R2294	Artigo 8.º	Entrada em vigor	86	102	237	ue/regulamentos/2022/32022R2294.md
32022R2294	ANEXO I	Definições referidas no artigo 2.º	104	218	3706	ue/regulamentos/2022/32022R2294.md
32022R2294	ANEXO II	Lista de variáveis, suas características e desagregações referidas no artigo 3.º	220	265	2304	ue/regulamentos/2022/32022R2294.md
32022R2295	Preâmbulo		18	144	5569	ue/regulamentos/2022/32022R2295.md
32022R2295	Artigo 1.º		148	154	58	ue/regulamentos/2022/32022R2295.md
32022R2295	Artigo 2.º		156	194	918	ue/regulamentos/2022/32022R2295.md
32022R2295	ANEXO I	«ANEXO A	196	339	2402	ue/regulamentos/2022/32022R2295.md
32022R2295	ANEXO II	«ANEXO B	341	350	305	ue/regulamentos/2022/32022R2295.md
32022R2299	Artigo 1.º	Definições	30	44	198	ue/regulamentos/2022/32022R2299.md
32022R2299	Artigo 2.º	Comunicação de informações sobre os progressos realizados na dimensão «Descarbonização»	48	56	456	ue/regulamentos/2022/32022R2299.md
32022R2299	Artigo 3.º	Comunicação de informações sobre os progressos realizados na dimensão «Eficiência energética»	58	60	117	ue/regulamentos/2022/32022R2299.md
32022R2299	Artigo 4.º	Comunicação de informações sobre os progressos realizados na dimensão «Segurança energética»	62	64	118	ue/regulamentos/2022/32022R2299.md
32022R2299	Artigo 5.º	Comunicação de informações sobre os progressos realizados na dimensão «Mercado interno da energia»	66	68	123	ue/regulamentos/2022/32022R2299.md
32022R2299	Artigo 6.º	Comunicação de informações sobre os progressos realizados na dimensão «Investigação, inovação e competitividade»	70	76	133	ue/regulamentos/2022/32022R2299.md
32022R2299	Artigo 7.º	Comunicação de informações sobre as políticas e medidas nacionais	80	86	340	ue/regulamentos/2022/32022R2299.md
32022R2299	Artigo 8.º		88	102	162	ue/regulamentos/2022/32022R2299.md
32022R2299	Artigo 9.º	Comunicação de informações em conformidade com o artigo 5.º da Diretiva 2012/27/UE	104	108	192	ue/regulamentos/2022/32022R2299.md
32022R2299	Artigo 10.º	Comunicação de informações sobre os progressos realizados no financiamento	110	112	187	ue/regulamentos/2022/32022R2299.md
32022R2299	Artigo 11.º	Comunicação de informações sobre o impacto na qualidade do ar e nas emissões de poluentes atmosféricos	114	118	121	ue/regulamentos/2022/32022R2299.md
32022R2299	Artigo 12.º	Comunicação de informações sobre as políticas e medidas para a redução faseada dos subsídios ao setor da energia, sobretudo às fontes de energia fósseis	120	124	280	ue/regulamentos/2022/32022R2299.md
32022R2299	Artigo 13.º	Obrigações de comunicação de informações suplementares no domínio da energia de fontes renováveis	128	132	93	ue/regulamentos/2022/32022R2299.md
32022R2299	Artigo 14.º	Obrigações de comunicação de informações suplementares no domínio da eficiência energética	134	144	367	ue/regulamentos/2022/32022R2299.md
32022R2299	Artigo 15.º	Comunicação de informações sobre a pobreza energética e a transição justa	146	166	422	ue/regulamentos/2022/32022R2299.md
32022R2299	Artigo 16.º	Comunicação de informações sobre a execução da cooperação regional	168	172	155	ue/regulamentos/2022/32022R2299.md
32022R2299	Artigo 17.º	Comunicação de informações sobre a aplicação das recomendações da Comissão formuladas em conformidade com o Regulamento (UE) 2018/1999	174	180	228	ue/regulamentos/2022/32022R2299.md
32022R2299	Artigo 18.º	Comunicação de informações sobre o diálogo a vários níveis sobre clima e energia a que se refere o artigo 11.º do Regulamento (UE) 2018/1999	182	184	102	ue/regulamentos/2022/32022R2299.md
32022R2299	Artigo 19.º	Apresentação de relatórios	188	190	86	ue/regulamentos/2022/32022R2299.md
32022R2299	Artigo 20.º	Entrada em vigor	194	198	69	ue/regulamentos/2022/32022R2299.md
32022R2299	ANEXO I	DESCARBONIZAÇÃO: EMISSÕES E REMOÇÕES DE GASES COM EFEITO DE ESTUFA	200	294	5370	ue/regulamentos/2022/32022R2299.md
32022R2299	ANEXO II	DESCARBONIZAÇÃO: ENERGIA DE FONTES RENOVÁVEIS	296	739	8954	ue/regulamentos/2022/32022R2299.md
32022R2299	ANEXO III	DESCARBONIZAÇÃO: ADAPTAÇÃO	741	838	2448	ue/regulamentos/2022/32022R2299.md
32022R2299	ANEXO IV	EFICIÊNCIA ENERGÉTICA	840	970	5023	ue/regulamentos/2022/32022R2299.md
32022R2299	ANEXO V	SEGURANÇA ENERGÉTICA	972	1035	2548	ue/regulamentos/2022/32022R2299.md
32022R2299	ANEXO VI	MERCADO INTERNO DA ENERGIA	1037	1159	3927	ue/regulamentos/2022/32022R2299.md
32022R2299	ANEXO VII	INVESTIGAÇÃO, INOVAÇÃO E COMPETITIVIDADE	1161	1237	2547	ue/regulamentos/2022/32022R2299.md
32022R2299	ANEXO IX	PROGRESSOS REALIZADOS NA EXECUÇÃO DAS POLÍTICAS E MEDIDAS NACIONAIS	1239	1269	2045	ue/regulamentos/2022/32022R2299.md
32022R2299	ANEXO X	NOVAS POLÍTICAS E MEDIDAS NOS TERMOS DO ARTIGO 21.º, ALÍNEA B), PONTO 3, DO REGULAMENTO (UE) 2018/1999	1271	1444	6852	ue/regulamentos/2022/32022R2299.md
32022R2299	ANEXO XI	INFORMAÇÕES SOBRE AS ECONOMIAS DE ENERGIA OBTIDAS NOS TERMOS DO ARTIGO 7.º DA DIRETIVA 2012/27/UE E DO ARTIGO 8.º DA DIRETIVA (UE) 2023/1791 ()	1446	1472	1786	ue/regulamentos/2022/32022R2299.md
32022R2299	Quadro 1	Economias de energia realizadas por aplicação do artigo 7.º da Diretiva 2012/27/UE e do artigo 8.º da Diretiva (UE) 2023/1791 no ano X–2	1448	1472	1746	ue/regulamentos/2022/32022R2299.md
32022R2299	ANEXO XII	COMUNICAÇÃO DE INFORMAÇÕES EM CONFORMIDADE COM O ARTIGO 5.^O DA DIRETIVA 2012/27/UE	1474	1501	911	ue/regulamentos/2022/32022R2299.md
32022R2299	ANEXO XIII	PROGRESSOS REALIZADOS NO FINANCIAMENTO	1503	1519	623	ue/regulamentos/2022/32022R2299.md
32022R2299	ANEXO XIV	IMPACTOS NA QUALIDADE DO AR E NAS EMISSÕES PARA A ATMOSFERA	1521	1536	748	ue/regulamentos/2022/32022R2299.md
32022R2299	ANEXO XV	POLÍTICAS E MEDIDAS PARA A REDUÇÃO FASEADA DOS SUBSÍDIOS AO SETOR DA ENERGIA, SOBRETUDO ÀS FONTES DE ENERGIA FÓSSEIS, E OBJETIVOS NACIONAIS PARA A REDUÇÃO FASEA	1538	1564	2597	ue/regulamentos/2022/32022R2299.md
32022R2299	ANEXO XVI	OBRIGAÇÕES DE COMUNICAÇÃO DE INFORMAÇÕES SUPLEMENTARES NO DOMÍNIO DA ENERGIA DE FONTES RENOVÁVEIS	1566	1680	2374	ue/regulamentos/2022/32022R2299.md
32022R2299	ANEXO XVII	REQUISITOS EM MATÉRIA DE COMUNICAÇÃO DE INFORMAÇÕES SUPLEMENTARES NO DOMÍNIO DA EFICIÊNCIA ENERGÉTICA	1682	1782	2647	ue/regulamentos/2022/32022R2299.md
32022R2299	ANEXO XIX	POBREZA ENERGÉTICA	1784	1821	858	ue/regulamentos/2022/32022R2299.md
32022R2299	ANEXO XX	INFORMAÇÕES SOBRE A FORMA COMO A EXECUÇÃO DO PLANO NACIONAL INTEGRADO EM MATÉRIA DE ENERGIA E DE CLIMA CONTRIBUI PARA A TRANSIÇÃO JUSTA, A PROMOÇÃO DOS DIREITOS	1823	1846	1296	ue/regulamentos/2022/32022R2299.md
32022R2299	ANEXO XXI	EXECUÇÃO DA COOPERAÇÃO REGIONAL	1848	1862	319	ue/regulamentos/2022/32022R2299.md
32022R2299	ANEXO XXII	COMUNICAÇÃO DE INFORMAÇÕES SOBRE A APLICAÇÃO DAS RECOMENDAÇÕES DA COMISSÃO EM CONFORMIDADE COM O REGULAMENTO (UE) 2018/1999	1864	1878	211	ue/regulamentos/2022/32022R2299.md
32022R2299	ANEXO XXIII	COMUNICAÇÃO DE INFORMAÇÕES SOBRE O DIÁLOGO A VÁRIOS NÍVEIS SOBRE CLIMA E ENERGIA A QUE SE REFERE O ARTIGO 11.^O DO REGULAMENTO (UE) 2018/1999	1880	1893	389	ue/regulamentos/2022/32022R2299.md
32022R2300	Preâmbulo		18	36	454	ue/regulamentos/2022/32022R2300.md
32022R2300	Artigo 1.º	Indicadores do quadro de acompanhamento e avaliação e obrigações de apresentação de relatórios	40	50	283	ue/regulamentos/2022/32022R2300.md
32022R2300	Artigo 2.º	Entrada em vigor e aplicação	52	68	122	ue/regulamentos/2022/32022R2300.md
32022R2300	ANEXO	Lista de indicadores adicionais relativos ao quadro de acompanhamento e avaliação do Programa Fiscalis referidos nos artigos 14.º e 15.º do Regulamento (UE) 202	70	136	809	ue/regulamentos/2022/32022R2300.md
32022R2301	Preâmbulo		18	60	2034	ue/regulamentos/2022/32022R2301.md
32022R2301	Artigo 1.º	Trajetórias de enchimento para 2023	64	66	71	ue/regulamentos/2022/32022R2301.md
32022R2301	Artigo 2.º	Entrada em vigor e aplicação	68	86	200	ue/regulamentos/2022/32022R2301.md
32022R2301	ANEXO		88	113	306	ue/regulamentos/2022/32022R2301.md
32022R2303	Preâmbulo		18	52	1293	ue/regulamentos/2022/32022R2303.md
32022R2303	Artigo 1.º		56	60	34	ue/regulamentos/2022/32022R2303.md
32022R2303	«Artigo 3.º	Revogação	62	66	44	ue/regulamentos/2022/32022R2303.md
32022R2303	«Artigo 3.º-A	Disposição transitória	68	72	98	ue/regulamentos/2022/32022R2303.md
32022R2303	Artigo 2.º		74	106	417	ue/regulamentos/2022/32022R2303.md
32022R2303	ANEXO		108	422	28188	ue/regulamentos/2022/32022R2303.md
32022R2304	Preâmbulo		18	40	804	ue/regulamentos/2022/32022R2304.md
32022R2304	Artigo 1.º		44	48	64	ue/regulamentos/2022/32022R2304.md
32022R2304	Artigo 2.º		50	52	22	ue/regulamentos/2022/32022R2304.md
32022R2304	Artigo 3.º		54	74	316	ue/regulamentos/2022/32022R2304.md
32022R2305	Preâmbulo		18	58	1248	ue/regulamentos/2022/32022R2305.md
32022R2305	Artigo 1.º	Renovação da aprovação da substância ativa	62	64	54	ue/regulamentos/2022/32022R2305.md
32022R2305	Artigo 2.º	Alterações do Regulamento de Execução (UE) n.º 540/2011	66	68	48	ue/regulamentos/2022/32022R2305.md
32022R2305	Artigo 3.º	Entrada em vigor e data de aplicação	70	98	823	ue/regulamentos/2022/32022R2305.md
32022R2305	ANEXO I		100	112	475	ue/regulamentos/2022/32022R2305.md
32022R2305	ANEXO II		114	132	531	ue/regulamentos/2022/32022R2305.md
32022R2309	Artigo 1.º		39	97	1334	ue/regulamentos/2022/32022R2309.md
32022R2309	Artigo 2.º		99	115	778	ue/regulamentos/2022/32022R2309.md
32022R2309	Artigo 3.º		117	123	126	ue/regulamentos/2022/32022R2309.md
32022R2309	Artigo 4.º		125	155	946	ue/regulamentos/2022/32022R2309.md
32022R2309	Artigo 4.º-A		157	193	906	ue/regulamentos/2022/32022R2309.md
32022R2309	Artigo 5.º		195	211	330	ue/regulamentos/2022/32022R2309.md
32022R2309	Artigo 6.º		213	233	668	ue/regulamentos/2022/32022R2309.md
32022R2309	Artigo 6.º-A		235	239	219	ue/regulamentos/2022/32022R2309.md
32022R2309	Artigo 6.º-B		241	247	253	ue/regulamentos/2022/32022R2309.md
32022R2309	Artigo 7.º		249	271	580	ue/regulamentos/2022/32022R2309.md
32022R2309	Artigo 8.º		273	291	328	ue/regulamentos/2022/32022R2309.md
32022R2309	Artigo 9.º		293	309	306	ue/regulamentos/2022/32022R2309.md
32022R2309	Artigo 10.º		311	321	240	ue/regulamentos/2022/32022R2309.md
32022R2309	Artigo 11.º		323	359	661	ue/regulamentos/2022/32022R2309.md
32022R2309	Artigo 12.º		361	365	203	ue/regulamentos/2022/32022R2309.md
32022R2309	Artigo 13.º		367	381	341	ue/regulamentos/2022/32022R2309.md
32022R2309	Artigo 14.º		383	395	200	ue/regulamentos/2022/32022R2309.md
32022R2309	Artigo 15.º		397	401	32	ue/regulamentos/2022/32022R2309.md
32022R2309	Artigo 16.º		403	421	346	ue/regulamentos/2022/32022R2309.md
32022R2309	Artigo 17.º		423	427	114	ue/regulamentos/2022/32022R2309.md
32022R2309	Artigo 18.º		429	449	431	ue/regulamentos/2022/32022R2309.md
32022R2309	Artigo 19.º		451	457	195	ue/regulamentos/2022/32022R2309.md
32022R2309	Artigo 20.º		459	471	154	ue/regulamentos/2022/32022R2309.md
32022R2309	Artigo 21.º		473	477	59	ue/regulamentos/2022/32022R2309.md
32022R2309	ANEXO I	Lista das pessoas singulares e coletivas, entidades e organismos a que se referem os artigos 2.º, 3.º e 9.º	479	691	8005	ue/regulamentos/2022/32022R2309.md
32022R2309	ANEXO I-A		693	721	2532	ue/regulamentos/2022/32022R2309.md
32022R2309	ANEXO II	Sítios Web para informações sobre as autoridades competentes e endereço para o envio de notificações à Comissão	723	849	821	ue/regulamentos/2022/32022R2309.md
32022R2310	Preâmbulo		18	42	922	ue/regulamentos/2022/32022R2310.md
32022R2310	Artigo 1.º	Alteração do Regulamento Delegado (UE) n.º 149/2013	46	51	89	ue/regulamentos/2022/32022R2310.md
32022R2310	Artigo 2.º	Entrada em vigor	53	71	312	ue/regulamentos/2022/32022R2310.md
32022R2311	Preâmbulo		18	48	1182	ue/regulamentos/2022/32022R2311.md
32022R2311	Artigo 1.º		52	64	206	ue/regulamentos/2022/32022R2311.md
32022R2311	Artigo 2.º		66	84	254	ue/regulamentos/2022/32022R2311.md
32022R2311	ANEXO		86	120	651	ue/regulamentos/2022/32022R2311.md
32022R2312	Preâmbulo		18	34	400	ue/regulamentos/2022/32022R2312.md
32022R2312	Artigo 1.º		38	40	104	ue/regulamentos/2022/32022R2312.md
32022R2312	Artigo 2.º		42	58	233	ue/regulamentos/2022/32022R2312.md
32022R2312	ANEXO		60	195	12064	ue/regulamentos/2022/32022R2312.md
32022R2313	Preâmbulo		18	36	334	ue/regulamentos/2022/32022R2313.md
32022R2313	Artigo 1.º		40	46	137	ue/regulamentos/2022/32022R2313.md
32022R2313	Artigo 2.º		48	70	309	ue/regulamentos/2022/32022R2313.md
32022R2314	Preâmbulo		18	60	1231	ue/regulamentos/2022/32022R2314.md
32022R2314	Artigo 1.º	Renovação da aprovação da substância ativa	64	66	58	ue/regulamentos/2022/32022R2314.md
32022R2314	Artigo 2.º	Alterações do Regulamento de Execução (UE) n.º 540/2011	68	70	48	ue/regulamentos/2022/32022R2314.md
32022R2314	Artigo 3.º	Entrada em vigor e data de aplicação	72	102	830	ue/regulamentos/2022/32022R2314.md
32022R2314	ANEXO I		104	110	373	ue/regulamentos/2022/32022R2314.md
32022R2314	ANEXO II		112	124	437	ue/regulamentos/2022/32022R2314.md
32022R2315	Preâmbulo		18	62	1455	ue/regulamentos/2022/32022R2315.md
32022R2315	Artigo 1.º	Renovação da aprovação da substância ativa	66	68	38	ue/regulamentos/2022/32022R2315.md
32022R2315	Artigo 2.º	Alterações do Regulamento de Execução (UE) n.º 540/2011	70	72	48	ue/regulamentos/2022/32022R2315.md
32022R2315	Artigo 3.º	Entrada em vigor e data de aplicação	74	102	470	ue/regulamentos/2022/32022R2315.md
32022R2315	ANEXO I		104	110	257	ue/regulamentos/2022/32022R2315.md
32022R2315	ANEXO II		112	124	318	ue/regulamentos/2022/32022R2315.md
32022R2316	Preâmbulo		18	52	1300	ue/regulamentos/2022/32022R2316.md
32022R2316	Artigo 1.º	Alterações do Regulamento de Execução (UE) 2021/404	56	58	49	ue/regulamentos/2022/32022R2316.md
32022R2316	Artigo 2.º	Entrada em vigor e aplicação	60	78	295	ue/regulamentos/2022/32022R2316.md
32022R2316	ANEXO		80	1512	39338	ue/regulamentos/2022/32022R2316.md
32022R2328	Preâmbulo		18	40	839	ue/regulamentos/2022/32022R2328.md
32022R2328	Artigo 1.º	Especificação dos subjacentes exóticos	44	46	72	ue/regulamentos/2022/32022R2328.md
32022R2328	Artigo 2.º	Especificação dos instrumentos que comportam riscos residuais	48	50	82	ue/regulamentos/2022/32022R2328.md
32022R2328	Artigo 3.º	Especificação dos instrumentos que não se presume comportarem riscos residuais	52	64	366	ue/regulamentos/2022/32022R2328.md
32022R2328	Artigo 4.º	Entrada em vigor	66	82	174	ue/regulamentos/2022/32022R2328.md
32022R2328	ANEXO	Lista dos instrumentos que comportam riscos residuais a que se refere o artigo 2.º	84	110	351	ue/regulamentos/2022/32022R2328.md
32022R2329	Preâmbulo		18	50	1184	ue/regulamentos/2022/32022R2329.md
32022R2329	Artigo 1.º		54	56	33	ue/regulamentos/2022/32022R2329.md
32022R2329	Artigo 2.º		58	76	288	ue/regulamentos/2022/32022R2329.md
32022R2329	ANEXO		78	97	291	ue/regulamentos/2022/32022R2329.md
32022R2330	Preâmbulo		18	52	1026	ue/regulamentos/2022/32022R2330.md
32022R2330	Artigo 1.º		56	60	117	ue/regulamentos/2022/32022R2330.md
32022R2330	Artigo 2.º		62	78	149	ue/regulamentos/2022/32022R2330.md
32022R2330	ANEXO I	TERMOS E CONDIÇÕES (EU-0026815-0000)	80	82	33	ue/regulamentos/2022/32022R2330.md
32022R2330	ANEXO II		84	293	2678	ue/regulamentos/2022/32022R2330.md
32022R2334	Preâmbulo		18	48	1377	ue/regulamentos/2022/32022R2334.md
32022R2334	Artigo 1.º		52	56	34	ue/regulamentos/2022/32022R2334.md
32022R2334	«Artigo 20.º	Monitorização das decisões relativas a informações vinculativas	58	132	1886	ue/regulamentos/2022/32022R2334.md
32022R2334	Artigo 2.º		134	160	290	ue/regulamentos/2022/32022R2334.md
32022R2340	Preâmbulo		18	68	3142	ue/regulamentos/2022/32022R2340.md
32022R2340	Artigo 1.º		72	86	348	ue/regulamentos/2022/32022R2340.md
32022R2340	Artigo 2.º		88	90	80	ue/regulamentos/2022/32022R2340.md
32022R2340	Artigo 3.º		92	122	592	ue/regulamentos/2022/32022R2340.md
32022R2343	Artigo 1.º	Objeto	30	32	55	ue/regulamentos/2022/32022R2343.md
32022R2343	Artigo 2.º	Âmbito de aplicação	34	42	103	ue/regulamentos/2022/32022R2343.md
32022R2343	Artigo 3.º	Definições	44	80	922	ue/regulamentos/2022/32022R2343.md
32022R2343	Artigo 4.º	Proibição de devoluções	86	98	412	ue/regulamentos/2022/32022R2343.md
32022R2343	Artigo 5.º	Proibição de pescar junto das boias oceanográficas	100	116	470	ue/regulamentos/2022/32022R2343.md
32022R2343	Artigo 6.º	Espadins e veleiros	120	128	337	ue/regulamentos/2022/32022R2343.md
32022R2343	Artigo 7.º	Tintureira	132	140	308	ue/regulamentos/2022/32022R2343.md
32022R2343	Artigo 8.º	Proibição da utilização de aeronaves para capturar peixe	144	148	180	ue/regulamentos/2022/32022R2343.md
32022R2343	Artigo 9.º	Dispositivos de concentração de peixes	150	164	507	ue/regulamentos/2022/32022R2343.md
32022R2343	Artigo 10.º	Dispositivos de concentração de peixes biodegradáveis e que não enredem	166	172	262	ue/regulamentos/2022/32022R2343.md
32022R2343	Artigo 11.º	Proibição da utilização de luzes artificiais para atrair peixe	174	184	241	ue/regulamentos/2022/32022R2343.md
32022R2343	Artigo 12.º	Transbordo	188	190	72	ue/regulamentos/2022/32022R2343.md
32022R2343	Artigo 13.º	Operações de transbordo	192	210	347	ue/regulamentos/2022/32022R2343.md
32022R2343	Artigo 14.º	Desembarque de capturas transbordadas por navios de transporte da União	212	222	442	ue/regulamentos/2022/32022R2343.md
32022R2343	Artigo 15.º	Medidas gerais de conservação para os tubarões	228	234	235	ue/regulamentos/2022/32022R2343.md
32022R2343	Artigo 16.º	Tubarões-de-pontas-brancas	236	242	206	ue/regulamentos/2022/32022R2343.md
32022R2343	Artigo 17.º	Tubarões-raposo	244	252	306	ue/regulamentos/2022/32022R2343.md
32022R2343	Artigo 18.º	Raias mobulídeas	254	264	400	ue/regulamentos/2022/32022R2343.md
32022R2343	Artigo 19.º	Tubarões-baleia	266	284	281	ue/regulamentos/2022/32022R2343.md
32022R2343	Artigo 20.º	Cetáceos	288	310	408	ue/regulamentos/2022/32022R2343.md
32022R2343	Artigo 21.º	Tartarugas marinhas	312	336	811	ue/regulamentos/2022/32022R2343.md
32022R2343	Artigo 22.º	Aves marinhas	338	344	324	ue/regulamentos/2022/32022R2343.md
32022R2343	Artigo 23.º	Documentação a bordo dos navios de pesca da União	350	372	347	ue/regulamentos/2022/32022R2343.md
32022R2343	Artigo 24.º	Registo dos navios de pesca autorizados	376	428	662	ue/regulamentos/2022/32022R2343.md
32022R2343	Artigo 25.º	Comunicação de informações	430	432	78	ue/regulamentos/2022/32022R2343.md
32022R2343	Artigo 26.º	Autorização dos navios de pesca	434	448	276	ue/regulamentos/2022/32022R2343.md
32022R2343	Artigo 27.º	Obrigações dos Estados-Membros que emitem autorizações de pesca	450	474	630	ue/regulamentos/2022/32022R2343.md
32022R2343	Artigo 28.º	Medidas contra navios não inscritos no registo de navios da IOTC	476	488	359	ue/regulamentos/2022/32022R2343.md
32022R2343	Artigo 29.º	Registo de navios em atividade que dirigem a pesca ao atum e ao espadarte	490	520	391	ue/regulamentos/2022/32022R2343.md
32022R2343	Artigo 30.º	Programa regional de observação	524	530	222	ue/regulamentos/2022/32022R2343.md
32022R2343	Artigo 31.º	Obrigações dos observadores	532	546	345	ue/regulamentos/2022/32022R2343.md
32022R2343	Artigo 32.º	Amostradores de campo	548	554	205	ue/regulamentos/2022/32022R2343.md
32022R2343	Artigo 33.º	Obrigações dos Estados-Membros	556	572	270	ue/regulamentos/2022/32022R2343.md
32022R2343	Artigo 34.º	Sistema de monitorização de navios	576	580	226	ue/regulamentos/2022/32022R2343.md
32022R2343	Artigo 35.º	Fretamento	582	610	668	ue/regulamentos/2022/32022R2343.md
32022R2343	Artigo 36.º	Regime de notificação de fretamentos	612	640	651	ue/regulamentos/2022/32022R2343.md
32022R2343	Artigo 37.º	Navios sem nacionalidade	642	644	112	ue/regulamentos/2022/32022R2343.md
32022R2343	Artigo 38.º	Navios de pesca com pavilhões de conveniência	646	658	354	ue/regulamentos/2022/32022R2343.md
32022R2343	Artigo 39.º	Registo dos dados das capturas e do esforço de pesca	662	668	177	ue/regulamentos/2022/32022R2343.md
32022R2343	Artigo 40.º	Certificado de captura do atum-patudo	670	686	535	ue/regulamentos/2022/32022R2343.md
32022R2343	Artigo 41.º	Pontos de contacto e portos designados	692	702	291	ue/regulamentos/2022/32022R2343.md
32022R2343	Artigo 42.º	Notificação prévia	704	712	302	ue/regulamentos/2022/32022R2343.md
32022R2343	Artigo 43.º	Autorização de entrada, desembarque e transbordo nos portos	714	724	706	ue/regulamentos/2022/32022R2343.md
32022R2343	Artigo 44.º	Inspeção portuária	728	732	163	ue/regulamentos/2022/32022R2343.md
32022R2343	Artigo 45.º	Procedimento de inspeção	734	744	453	ue/regulamentos/2022/32022R2343.md
32022R2343	Artigo 46.º	Procedimento em caso de provas de infração às medidas da IOTC durante as inspeções no porto	748	754	250	ue/regulamentos/2022/32022R2343.md
32022R2343	Artigo 47.º	Presumíveis infrações comunicadas pelos Estados-Membros	756	774	422	ue/regulamentos/2022/32022R2343.md
32022R2343	Artigo 48.º	Infrações presumíveis comunicadas pela PCC e pelo Secretariado da IOTC	776	780	182	ue/regulamentos/2022/32022R2343.md
32022R2343	Artigo 49.º	Projeto de lista de navios INN da IOTC	782	792	314	ue/regulamentos/2022/32022R2343.md
32022R2343	Artigo 50.º	Lista provisória de navios INN da IOTC	794	808	274	ue/regulamentos/2022/32022R2343.md
32022R2343	Artigo 51.º	Comunicação dos dados	812	856	1215	ue/regulamentos/2022/32022R2343.md
32022R2343	Artigo 52.º	Confidencialidade e proteção dos dados	858	864	222	ue/regulamentos/2022/32022R2343.md
32022R2343	Artigo 53.º	Orientações	866	880	226	ue/regulamentos/2022/32022R2343.md
32022R2343	Artigo 54.º	Procedimento de alteração	882	906	430	ue/regulamentos/2022/32022R2343.md
32022R2343	Artigo 55.º	Exercício da delegação	908	920	466	ue/regulamentos/2022/32022R2343.md
32022R2343	Artigo 56.º	Alteração dos Regulamentos (CE) n.º 1936/2001, (CE) n.º 1984/2003 e (CE) n.º 520/2007	922	928	112	ue/regulamentos/2022/32022R2343.md
32022R2343	Artigo 57.º	Entrada em vigor	930	934	69	ue/regulamentos/2022/32022R2343.md
32022R2343	ANEXO 1	Registar para cada lanço/largada/operação	936	1107	2411	ue/regulamentos/2022/32022R2343.md
32022R2343	ANEXO 2		1109	1241	1577	ue/regulamentos/2022/32022R2343.md
32022R2343	ANEXO 3	Recolha de dados sobre os dispositivos de concentração de peixes derivantes e os dispositivos de concentração de peixes fundeados	1243	1279	607	ue/regulamentos/2022/32022R2343.md
32022R2343	ANEXO 4	Medidas de proteção das aves marinhas na pesca com palangre	1281	1288	612	ue/regulamentos/2022/32022R2343.md
32022R2343	ANEXO 5	Diretrizes suplementares relativas à conceção e utilização de cabos de galhardetes	1290	1354	1309	ue/regulamentos/2022/32022R2343.md
32022R2343	ANEXO 6	Disposições gerais do contrato de fretamento	1356	1386	960	ue/regulamentos/2022/32022R2343.md
32022R2343	ANEXO 7	Declaração de transbordo da IOTC	1388	1413	404	ue/regulamentos/2022/32022R2343.md
32022R2343	ANEXO 8	Documento estatístico da IOTC para o atum-patudo	1415	1496	1679	ue/regulamentos/2022/32022R2343.md
32022R2343	ANEXO 9	Certificado IOTC de reexportação de atum-patudo	1498	1554	1365	ue/regulamentos/2022/32022R2343.md
32022R2343	ANEXO 10	Informações prévias a transmitir pelos navios que solicitam entrada nos portos	1556	1593	650	ue/regulamentos/2022/32022R2343.md
32022R2344	Preâmbulo		18	50	1298	ue/regulamentos/2022/32022R2344.md
32022R2344	Artigo 1.º		54	58	147	ue/regulamentos/2022/32022R2344.md
32022R2344	Artigo 2.º		60	62	59	ue/regulamentos/2022/32022R2344.md
32022R2344	Artigo 3.º		64	96	596	ue/regulamentos/2022/32022R2344.md
32022R2344	ANEXO	Montantes disponíveis para reembolso das dotações transitadas	98	127	186	ue/regulamentos/2022/32022R2344.md
32022R2345	Preâmbulo		18	34	347	ue/regulamentos/2022/32022R2345.md
32022R2345	Artigo 1.º		38	40	14	ue/regulamentos/2022/32022R2345.md
32022R2345	Artigo 2.º		42	58	215	ue/regulamentos/2022/32022R2345.md
32022R2346	Artigo 1.º	Especificações comuns	37	55	601	ue/regulamentos/2022/32022R2346.md
32022R2346	Artigo 2.º	Disposições transitórias	57	87	1015	ue/regulamentos/2022/32022R2346.md
32022R2346	Artigo 3.º	Entrada em vigor e data de aplicação	89	95	105	ue/regulamentos/2022/32022R2346.md
32022R2346	ANEXO I		97	293	4109	ue/regulamentos/2022/32022R2346.md
32022R2346	ANEXO II		295	467	3222	ue/regulamentos/2022/32022R2346.md
32022R2346	ANEXO III		469	621	2078	ue/regulamentos/2022/32022R2346.md
32022R2346	ANEXO IV		623	781	2171	ue/regulamentos/2022/32022R2346.md
32022R2346	ANEXO V		783	999	3336	ue/regulamentos/2022/32022R2346.md
32022R2346	ANEXO VI		1001	1229	3989	ue/regulamentos/2022/32022R2346.md
32022R2346	ANEXO VII		1231	1371	2993	ue/regulamentos/2022/32022R2346.md
32022R2347	Preâmbulo		18	48	1734	ue/regulamentos/2022/32022R2347.md
32022R2347	Artigo 1.º		52	60	269	ue/regulamentos/2022/32022R2347.md
32022R2347	Artigo 2.º		62	76	97	ue/regulamentos/2022/32022R2347.md
32022R2360	Preâmbulo		18	56	1934	ue/regulamentos/2022/32022R2360.md
32022R2360	Artigo 1.º	Alterações do Regulamento Delegado (UE) 2018/389	60	64	46	ue/regulamentos/2022/32022R2360.md
32022R2360	«Artigo 10.º	Acesso às informações sobre contas de pagamento diretamente junto do prestador de serviços de pagamento gestor de contas	66	82	324	ue/regulamentos/2022/32022R2360.md
32022R2360	«Artigo 10.º-A	Acesso às informações sobre contas de pagamento através de um prestador de serviços de informação sobre contas	84	108	723	ue/regulamentos/2022/32022R2360.md
32022R2360	Artigo 2.º	Disposições transitórias	110	114	181	ue/regulamentos/2022/32022R2360.md
32022R2360	Artigo 3.º	Entrada em vigor e aplicação	116	136	279	ue/regulamentos/2022/32022R2360.md
32022R2361	Preâmbulo		18	58	1698	ue/regulamentos/2022/32022R2361.md
32022R2361	Artigo 1.º		62	64	36	ue/regulamentos/2022/32022R2361.md
32022R2361	Artigo 2.º		66	84	287	ue/regulamentos/2022/32022R2361.md
32022R2361	ANEXO		86	2579	53653	ue/regulamentos/2022/32022R2361.md
32022R2364	Preâmbulo		18	48	1071	ue/regulamentos/2022/32022R2364.md
32022R2364	Artigo 1.º	Alteração do Regulamento de Execução (UE) n.º 540/2011	52	54	64	ue/regulamentos/2022/32022R2364.md
32022R2364	Artigo 2.º	Entrada em vigor	56	78	457	ue/regulamentos/2022/32022R2364.md
32022R2365	Preâmbulo		18	46	910	ue/regulamentos/2022/32022R2365.md
32022R2365	Artigo 1.º		50	56	42	ue/regulamentos/2022/32022R2365.md
32022R2365	«Artigo 2.º	Quadros de mapeamento no âmbito do Método das Notações Externas	58	66	133	ue/regulamentos/2022/32022R2365.md
32022R2365	Artigo 2.º		68	90	376	ue/regulamentos/2022/32022R2365.md
32022R2365	ANEXO	«ANEXO II	92	161	1926	ue/regulamentos/2022/32022R2365.md
32022R2367	Preâmbulo		18	56	1693	ue/regulamentos/2022/32022R2367.md
32022R2367	Artigo 1.º		60	122	1609	ue/regulamentos/2022/32022R2367.md
32022R2367	Artigo 2.º		124	144	254	ue/regulamentos/2022/32022R2367.md
32022R2368	Preâmbulo		18	38	500	ue/regulamentos/2022/32022R2368.md
32022R2368	Artigo 1.º		42	44	32	ue/regulamentos/2022/32022R2368.md
32022R2368	Artigo 2.º		46	64	197	ue/regulamentos/2022/32022R2368.md
32022R2368	ANEXO		66	72	72	ue/regulamentos/2022/32022R2368.md
32022R2370	Preâmbulo		18	104	6125	ue/regulamentos/2022/32022R2370.md
32022R2370	Artigo 1.º		108	112	32	ue/regulamentos/2022/32022R2370.md
32022R2370	“Artigo 2.º	Definições	114	138	564	ue/regulamentos/2022/32022R2370.md
32022R2370	«Artigo 3.º	Missão e atribuições do Centro	140	182	1812	ue/regulamentos/2022/32022R2370.md
32022R2370	«Artigo 4.º	Obrigações dos Estados-Membros	184	202	634	ue/regulamentos/2022/32022R2370.md
32022R2370	«Artigo 5.º	Funcionamento das redes especializadas e atividades de ligação em rede	204	268	2489	ue/regulamentos/2022/32022R2370.md
32022R2370	«Artigo 5.º-A	Prevenção de doenças transmissíveis	270	284	456	ue/regulamentos/2022/32022R2370.md
32022R2370	«Artigo 5.º-B	Planeamento da prevenção, da preparação e da resposta	286	344	1494	ue/regulamentos/2022/32022R2370.md
32022R2370	«Artigo 7.º	Procedimento aplicável à emissão de pareceres científicos	346	370	520	ue/regulamentos/2022/32022R2370.md
32022R2370	«Artigo 8.º	Funcionamento do Sistema de Alerta Rápido e de Resposta	372	394	681	ue/regulamentos/2022/32022R2370.md
32022R2370	«Artigo 8.º-A	Avaliação dos riscos para a saúde pública	396	420	561	ue/regulamentos/2022/32022R2370.md
32022R2370	«Artigo 8.º-B	Coordenação da resposta	422	510	1779	ue/regulamentos/2022/32022R2370.md
32022R2370	«Artigo 11.º-A	Apoio para a preparação e resposta internacional e no terreno	512	580	2011	ue/regulamentos/2022/32022R2370.md
32022R2370	«Artigo 17.º	Nomeação do diretor	582	626	806	ue/regulamentos/2022/32022R2370.md
32022R2370	«Artigo 20.º-A	Proteção de dados pessoais	628	638	360	ue/regulamentos/2022/32022R2370.md
32022R2370	«Artigo 21.º	Segredo profissional e confidencialidade	640	711	1880	ue/regulamentos/2022/32022R2370.md
32022R2370	«Artigo 24.º	Aplicação do Regulamento Financeiro	713	765	703	ue/regulamentos/2022/32022R2370.md
32022R2370	«Artigo 28.º	Exame de legalidade	767	779	233	ue/regulamentos/2022/32022R2370.md
32022R2370	«Artigo 30.º-A	Procedimento de comité	781	791	230	ue/regulamentos/2022/32022R2370.md
32022R2370	«Artigo 31.º	Cláusula de revisão	793	817	650	ue/regulamentos/2022/32022R2370.md
32022R2370	Artigo 2.º		819	859	774	ue/regulamentos/2022/32022R2370.md
32022R2371	Preâmbulo		18	136	12371	ue/regulamentos/2022/32022R2371.md
32022R2371	Artigo 1.º	Objeto	142	178	342	ue/regulamentos/2022/32022R2371.md
32022R2371	Artigo 2.º	Âmbito de aplicação	180	208	770	ue/regulamentos/2022/32022R2371.md
32022R2371	Artigo 3.º	Definições	210	238	1103	ue/regulamentos/2022/32022R2371.md
32022R2371	Artigo 4.º	Comité de Segurança da Saúde	240	292	1052	ue/regulamentos/2022/32022R2371.md
32022R2371	Artigo 5.º	Plano de prevenção, preparação e resposta da União	296	330	1195	ue/regulamentos/2022/32022R2371.md
32022R2371	Artigo 6.º	Planos nacionais de prevenção, preparação e resposta	332	340	266	ue/regulamentos/2022/32022R2371.md
32022R2371	Artigo 7.º	Apresentação de relatórios sobre o planeamento da prevenção, da preparação e da resposta	342	382	1630	ue/regulamentos/2022/32022R2371.md
32022R2371	Artigo 8.º	Avaliação do planeamento da prevenção, da preparação e da resposta	384	402	402	ue/regulamentos/2022/32022R2371.md
32022R2371	Artigo 9.º	Relatório da Comissão sobre o planeamento da prevenção, da preparação e da resposta	404	410	212	ue/regulamentos/2022/32022R2371.md
32022R2371	Artigo 10.º	Coordenação do planeamento da prevenção, da preparação e da resposta no CSS	412	432	518	ue/regulamentos/2022/32022R2371.md
32022R2371	Artigo 11.º	Formação dos profissionais dos cuidados de saúde e da saúde pública	434	452	738	ue/regulamentos/2022/32022R2371.md
32022R2371	Artigo 12.º	Contratação pública conjunta de contramedidas médicas	454	486	1247	ue/regulamentos/2022/32022R2371.md
32022R2371	Artigo 13.º	Vigilância epidemiológica	490	558	1936	ue/regulamentos/2022/32022R2371.md
32022R2371	Artigo 14.º	Plataforma digital de vigilância	560	594	1076	ue/regulamentos/2022/32022R2371.md
32022R2371	Artigo 15.º	Laboratórios de referência da UE	596	638	908	ue/regulamentos/2022/32022R2371.md
32022R2371	Artigo 16.º	Rede para substâncias de origem humana	640	646	220	ue/regulamentos/2022/32022R2371.md
32022R2371	Artigo 17.º	Monitorização ad hoc	648	660	473	ue/regulamentos/2022/32022R2371.md
32022R2371	Artigo 18.º	Sistema de Alerta Rápido e de Resposta	664	682	676	ue/regulamentos/2022/32022R2371.md
32022R2371	Artigo 19.º	Notificação de alertas	684	724	719	ue/regulamentos/2022/32022R2371.md
32022R2371	Artigo 20.º	Avaliação dos riscos para a saúde pública	726	752	1177	ue/regulamentos/2022/32022R2371.md
32022R2371	Artigo 21.º	Coordenação da resposta no âmbito do CSS	754	774	757	ue/regulamentos/2022/32022R2371.md
32022R2371	Artigo 22.º	Recomendações sobre medidas temporárias comuns em matéria de saúde pública	776	788	371	ue/regulamentos/2022/32022R2371.md
32022R2371	Artigo 23.º	Reconhecimento de emergências de saúde pública a nível da União	792	804	395	ue/regulamentos/2022/32022R2371.md
32022R2371	Artigo 24.º	Comité consultivo para as emergências de saúde pública	806	838	1087	ue/regulamentos/2022/32022R2371.md
32022R2371	Artigo 25.º	Efeitos jurídicos do reconhecimento	840	850	226	ue/regulamentos/2022/32022R2371.md
32022R2371	Artigo 26.º	Transparência e conflito de interesses	854	866	424	ue/regulamentos/2022/32022R2371.md
32022R2371	Artigo 27.º	Proteção dos dados pessoais	868	872	195	ue/regulamentos/2022/32022R2371.md
32022R2371	Artigo 28.º	Proteção dos dados pessoais no que respeita à funcionalidade de transmissão seletiva de mensagens do SARR	874	898	922	ue/regulamentos/2022/32022R2371.md
32022R2371	Artigo 29.º	Procedimento de comité	900	908	157	ue/regulamentos/2022/32022R2371.md
32022R2371	Artigo 30.º	Cooperação com a OMS	910	912	44	ue/regulamentos/2022/32022R2371.md
32022R2371	Artigo 31.º	Exercício da delegação	914	926	428	ue/regulamentos/2022/32022R2371.md
32022R2371	Artigo 32.º	Procedimento de urgência	928	932	168	ue/regulamentos/2022/32022R2371.md
32022R2371	Artigo 33.º	Avaliações relativas ao presente regulamento	934	938	303	ue/regulamentos/2022/32022R2371.md
32022R2371	Artigo 34.º	Revogação	940	944	61	ue/regulamentos/2022/32022R2371.md
32022R2371	Artigo 35.º	Entrada em vigor	946	1052	2811	ue/regulamentos/2022/32022R2371.md
32022R2371	ANEXO I		1054	1102	518	ue/regulamentos/2022/32022R2371.md
32022R2371	ANEXO II	Tabela de correspondência	1104	1132	215	ue/regulamentos/2022/32022R2371.md
32022R2372	Preâmbulo		18	78	5239	ue/regulamentos/2022/32022R2372.md
32022R2372	Artigo 1.º	Objeto e âmbito de aplicação	82	98	359	ue/regulamentos/2022/32022R2372.md
32022R2372	Artigo 2.º	Definições	100	112	222	ue/regulamentos/2022/32022R2372.md
32022R2372	Artigo 3.º	Ativação do quadro de emergência	114	124	355	ue/regulamentos/2022/32022R2372.md
32022R2372	Artigo 4.º	Prorrogação, desativação e termo do período pelo qual o quadro de emergência é ativado	126	136	465	ue/regulamentos/2022/32022R2372.md
32022R2372	Artigo 5.º	O Conselho de Crise Sanitária	138	178	1454	ue/regulamentos/2022/32022R2372.md
32022R2372	Artigo 6.º	Declaração de interesses	180	184	256	ue/regulamentos/2022/32022R2372.md
32022R2372	Artigo 7.º	Mecanismo para monitorização de contramedidas médicas relevantes para situações de crise	186	210	1006	ue/regulamentos/2022/32022R2372.md
32022R2372	Artigo 8.º	Contratação pública, aquisição e fabrico de contramedidas médicas e matérias-primas relevantes para situações de crise	212	254	2111	ue/regulamentos/2022/32022R2372.md
32022R2372	Artigo 9.º	Aspetos de investigação e inovação de emergência dos planos de preparação e resposta e utilização de redes de ensaios clínicos e plataformas de partilha de dado	256	264	470	ue/regulamentos/2022/32022R2372.md
32022R2372	Artigo 10.º	Inventário da produção e das instalações de produção de contramedidas médicas relevantes para situações de crise	266	276	645	ue/regulamentos/2022/32022R2372.md
32022R2372	Artigo 11.º	Inventário de matérias-primas, consumíveis, dispositivos médicos, equipamentos e infraestruturas relevantes para situações de crise	278	280	158	ue/regulamentos/2022/32022R2372.md
32022R2372	Artigo 12.º	Medidas destinadas a garantir a disponibilidade e o abastecimento de contramedidas médicas relevantes para situações de crise	282	298	585	ue/regulamentos/2022/32022R2372.md
32022R2372	Artigo 13.º	Financiamento de emergência	300	302	74	ue/regulamentos/2022/32022R2372.md
32022R2372	Artigo 14.º	Procedimento de comité	304	312	173	ue/regulamentos/2022/32022R2372.md
32022R2372	Artigo 15.º	Proteção de dados pessoais	314	324	338	ue/regulamentos/2022/32022R2372.md
32022R2372	Artigo 16.º	Reexame	326	328	247	ue/regulamentos/2022/32022R2372.md
32022R2372	Artigo 17.º	Entrada em vigor	330	372	1082	ue/regulamentos/2022/32022R2372.md
32022R2373	Preâmbulo		18	38	322	ue/regulamentos/2022/32022R2373.md
32022R2373	Artigo 1.º		42	68	353	ue/regulamentos/2022/32022R2373.md
32022R2373	Artigo 2.º		70	88	193	ue/regulamentos/2022/32022R2373.md
32022R2374	Preâmbulo		18	36	256	ue/regulamentos/2022/32022R2374.md
32022R2374	Artigo 1.º		40	42	28	ue/regulamentos/2022/32022R2374.md
32022R2374	Artigo 2.º		44	58	92	ue/regulamentos/2022/32022R2374.md
32022R2374	ANEXO		60	92	3336	ue/regulamentos/2022/32022R2374.md
32022R2375	Preâmbulo		18	36	432	ue/regulamentos/2022/32022R2375.md
32022R2375	Artigo 1.º		40	42	45	ue/regulamentos/2022/32022R2375.md
32022R2375	Artigo 2.º		44	64	195	ue/regulamentos/2022/32022R2375.md
32022R2379	Preâmbulo		18	118	6823	ue/regulamentos/2022/32022R2379.md
32022R2379	Artigo 1.º	Objeto	122	124	72	ue/regulamentos/2022/32022R2379.md
32022R2379	Artigo 2.º	Definições	126	162	936	ue/regulamentos/2022/32022R2379.md
32022R2379	Artigo 3.º	População estatística e unidades de observação	164	176	250	ue/regulamentos/2022/32022R2379.md
32022R2379	Artigo 4.º	Requisitos de cobertura	178	194	762	ue/regulamentos/2022/32022R2379.md
32022R2379	Artigo 5.º	Requisitos regulares em matéria de dados	196	292	1636	ue/regulamentos/2022/32022R2379.md
32022R2379	Artigo 6.º	Requisitos de dados ad hoc	294	328	573	ue/regulamentos/2022/32022R2379.md
32022R2379	Artigo 7.º	Frequência de transmissão dos conjuntos de dados	330	340	393	ue/regulamentos/2022/32022R2379.md
32022R2379	Artigo 8.º	Fontes de dados e métodos	342	362	772	ue/regulamentos/2022/32022R2379.md
32022R2379	Artigo 9.º	Período de referência	364	372	241	ue/regulamentos/2022/32022R2379.md
32022R2379	Artigo 10.º	Requisitos de qualidade e relatórios de qualidade	374	396	657	ue/regulamentos/2022/32022R2379.md
32022R2379	Artigo 11.º	Estudos-piloto e de viabilidade	398	414	515	ue/regulamentos/2022/32022R2379.md
32022R2379	Artigo 12.º	Divulgação dos dados	416	420	153	ue/regulamentos/2022/32022R2379.md
32022R2379	Artigo 13.º	Contribuição da União	422	440	408	ue/regulamentos/2022/32022R2379.md
32022R2379	Artigo 14.º	Regime transitório para dados sobre o tópico detalhado da utilização de produtos fitofarmacêuticos na agricultura	442	456	448	ue/regulamentos/2022/32022R2379.md
32022R2379	Artigo 15.º	Proteção dos interesses financeiros da União	458	466	473	ue/regulamentos/2022/32022R2379.md
32022R2379	Artigo 16.º	Derrogações	468	476	342	ue/regulamentos/2022/32022R2379.md
32022R2379	Artigo 17.º	Exercício da delegação	478	490	496	ue/regulamentos/2022/32022R2379.md
32022R2379	Artigo 18.º	Comunicação de informações	492	494	58	ue/regulamentos/2022/32022R2379.md
32022R2379	Artigo 19.º	Procedimento de comité	496	500	80	ue/regulamentos/2022/32022R2379.md
32022R2379	Artigo 20.º	Alteração do Regulamento (CE) n.º 617/2008	502	510	63	ue/regulamentos/2022/32022R2379.md
32022R2379	Artigo 21.º	Revogação	512	516	135	ue/regulamentos/2022/32022R2379.md
32022R2379	Artigo 22.º	Entrada em vigor	518	598	2199	ue/regulamentos/2022/32022R2379.md
32022R2379	ANEXO	DOMÍNIOS, TÓPICOS E TÓPICOS DETALHADOS, FREQUÊNCIAS DE TRANSMISSÃO, PERÍODOS DE REFERÊNCIA E DIMENSÕES POR TÓPICO DETALHADO	600	684	3715	ue/regulamentos/2022/32022R2379.md
32022R2383	Preâmbulo		18	40	635	ue/regulamentos/2022/32022R2383.md
32022R2383	Artigo 1.º		44	46	34	ue/regulamentos/2022/32022R2383.md
32022R2383	Artigo 2.º		48	64	184	ue/regulamentos/2022/32022R2383.md
32022R2383	ANEXO		66	235	2986	ue/regulamentos/2022/32022R2383.md
32022R2387	Preâmbulo		18	38	740	ue/regulamentos/2022/32022R2387.md
32022R2387	Artigo 1.º	Alterações do Regulamento Delegado (UE) 2017/655	42	66	207	ue/regulamentos/2022/32022R2387.md
32022R2387	«Artigo 3.º	Procedimentos e requisitos para a monitorização das emissões de motores em serviço	68	88	570	ue/regulamentos/2022/32022R2387.md
32022R2387	Artigo 2.º		90	106	184	ue/regulamentos/2022/32022R2387.md
32022R2387	ANEXO		108	1223	21140	ue/regulamentos/2022/32022R2387.md
32022R2387	Apêndice 10	Determinação da potência aproximada instantânea do caudal mássico de CO2	1225	1320	2682	ue/regulamentos/2022/32022R2387.md
32022R2389	Artigo 1.º	Objeto e âmbito de aplicação	28	30	90	ue/regulamentos/2022/32022R2389.md
32022R2389	Artigo 2.º	Definições	32	38	145	ue/regulamentos/2022/32022R2389.md
32022R2389	Artigo 3.º	Seleção das remessas para os controlos físicos	40	48	180	ue/regulamentos/2022/32022R2389.md
32022R2389	Artigo 4.º	Taxas de frequência para os controlos de identidade e os controlos físicos	50	72	492	ue/regulamentos/2022/32022R2389.md
32022R2389	Artigo 5.º	Pedidos de alteração das taxas de frequência dos controlos de identidade e dos controlos físicos de determinados vegetais, produtos vegetais e outros objetos	74	76	140	ue/regulamentos/2022/32022R2389.md
32022R2389	Artigo 6.º	Alteração das taxas de frequência dos controlos de identidade e dos controlos físicos efetuados a determinados vegetais, produtos vegetais e outros objetos	78	84	263	ue/regulamentos/2022/32022R2389.md
32022R2389	Artigo 7.º	Revogações	86	88	30	ue/regulamentos/2022/32022R2389.md
32022R2389	Artigo 8.º	Entrada em vigor e data de aplicação	90	98	90	ue/regulamentos/2022/32022R2389.md
32022R2389	ANEXO I	Taxas de frequência dos controlos de identidade e dos controlos físicos das remessas de determinados vegetais, produtos vegetais e outros objetos, ou categorias	100	165	980	ue/regulamentos/2022/32022R2389.md
32022R2389	ANEXO II	Critérios para o estabelecimento e a alteração das taxas de frequência aplicáveis aos vegetais, produtos vegetais e outros objetos, ou às categorias dos mesmos,	167	191	591	ue/regulamentos/2022/32022R2389.md
32022R2389	ANEXO IΙΙ	Informações necessárias para a apresentação dos pedidos à Comissão a que se refere o artigo 5.º	193	215	431	ue/regulamentos/2022/32022R2389.md
32022R2397	Preâmbulo		18	36	242	ue/regulamentos/2022/32022R2397.md
32022R2397	Artigo 1.º		40	42	30	ue/regulamentos/2022/32022R2397.md
32022R2397	Artigo 2.º		44	58	89	ue/regulamentos/2022/32022R2397.md
32022R2397	ANEXO		60	75	2432	ue/regulamentos/2022/32022R2397.md
32022R2399	Artigo 1.º	Objeto	30	34	210	ue/regulamentos/2022/32022R2399.md
32022R2399	Artigo 2.º	Definições	36	70	762	ue/regulamentos/2022/32022R2399.md
32022R2399	Artigo 3.º	Criação do Ambiente de Janela Única Aduaneira da UE	72	84	247	ue/regulamentos/2022/32022R2399.md
32022R2399	Artigo 4.º	Criação do Sistema Eletrónico de Intercâmbio de Certificados da Janela Única Aduaneira da União Europeia	88	90	111	ue/regulamentos/2022/32022R2399.md
32022R2399	Artigo 5.º	Funções e responsabilidades do EU CSW-CERTEX	92	116	618	ue/regulamentos/2022/32022R2399.md
32022R2399	Artigo 6.º	Tratamento de dados pessoais no EU CSW-CERTEX	118	144	604	ue/regulamentos/2022/32022R2399.md
32022R2399	Artigo 7.º	Responsabilidade conjunta pelo EU CSW-CERTEX	146	160	406	ue/regulamentos/2022/32022R2399.md
32022R2399	Artigo 8.º	Criação de ambientes de janela única aduaneira nacionais	164	180	492	ue/regulamentos/2022/32022R2399.md
32022R2399	Artigo 9.º	Tratamento de dados pessoais no âmbito dos ambientes de janela única aduaneira nacionais	182	188	228	ue/regulamentos/2022/32022R2399.md
32022R2399	Artigo 10.º	Informações que são objeto de intercâmbio e tratamento através do EU CSW-CERTEX e a sua utilização	194	214	735	ue/regulamentos/2022/32022R2399.md
32022R2399	Artigo 11.º	Simplificação do cumprimento das formalidades aduaneiras e das formalidades não aduaneiras da União	218	226	262	ue/regulamentos/2022/32022R2399.md
32022R2399	Artigo 12.º	Formalidades não aduaneiras da União objeto de cooperação digital suplementar	228	242	341	ue/regulamentos/2022/32022R2399.md
32022R2399	Artigo 13.º	Harmonização e racionalização dos dados	244	252	359	ue/regulamentos/2022/32022R2399.md
32022R2399	Artigo 14.º	Apresentação de dados aduaneiros e não aduaneiros da União pelos operadores económicos	254	258	206	ue/regulamentos/2022/32022R2399.md
32022R2399	Artigo 15.º	Intercâmbio suplementar de informações através do EU CSW-CERTEX	260	270	387	ue/regulamentos/2022/32022R2399.md
32022R2399	Artigo 16.º	Utilização do sistema EORI pelas autoridades competentes parceiras	274	276	71	ue/regulamentos/2022/32022R2399.md
32022R2399	Artigo 17.º	Coordenadores nacionais	278	286	174	ue/regulamentos/2022/32022R2399.md
32022R2399	Artigo 18.º	Custos	290	294	118	ue/regulamentos/2022/32022R2399.md
32022R2399	Artigo 19.º	Programa de trabalho	296	300	159	ue/regulamentos/2022/32022R2399.md
32022R2399	Artigo 20.º	Acompanhamento e apresentação de relatórios	302	318	442	ue/regulamentos/2022/32022R2399.md
32022R2399	Artigo 21.º	Exercício da delegação	322	334	431	ue/regulamentos/2022/32022R2399.md
32022R2399	Artigo 22.º	Procedimento de comité	336	340	78	ue/regulamentos/2022/32022R2399.md
32022R2399	Artigo 23.º	Alteração do Regulamento (UE) n.º 952/2013	342	352	232	ue/regulamentos/2022/32022R2399.md
32022R2399	Artigo 24.º	Entrada em vigor e aplicação	354	360	115	ue/regulamentos/2022/32022R2399.md
32022R2399	ANEXO		362	410	2166	ue/regulamentos/2022/32022R2399.md
32022R2400	Preâmbulo		18	64	2633	ue/regulamentos/2022/32022R2400.md
32022R2400	Artigo 1.º		68	72	28	ue/regulamentos/2022/32022R2400.md
32022R2400	«Artigo 21.º-A	Disposição transitória	74	80	314	ue/regulamentos/2022/32022R2400.md
32022R2400	Artigo 2.º		82	84	152	ue/regulamentos/2022/32022R2400.md
32022R2400	Artigo 3.º		86	124	614	ue/regulamentos/2022/32022R2400.md
32022R2400	ANEXO		126	248	2138	ue/regulamentos/2022/32022R2400.md
32022R2401	Preâmbulo		18	36	236	ue/regulamentos/2022/32022R2401.md
32022R2401	Artigo 1.º		40	42	33	ue/regulamentos/2022/32022R2401.md
32022R2401	Artigo 2.º		44	58	92	ue/regulamentos/2022/32022R2401.md
32022R2401	ANEXO	«ANEXO I-A	60	80	2903	ue/regulamentos/2022/32022R2401.md
32022R2402	Preâmbulo		18	32	294	ue/regulamentos/2022/32022R2402.md
32022R2402	Artigo 1.º		36	41	66	ue/regulamentos/2022/32022R2402.md
32022R2402	Artigo 2.º		43	59	201	ue/regulamentos/2022/32022R2402.md
32022R2403	Preâmbulo		18	32	316	ue/regulamentos/2022/32022R2403.md
32022R2403	Artigo 1.º		36	38	62	ue/regulamentos/2022/32022R2403.md
32022R2403	Artigo 2.º		40	56	188	ue/regulamentos/2022/32022R2403.md
32022R2404	Preâmbulo		18	46	1043	ue/regulamentos/2022/32022R2404.md
32022R2404	Artigo 1.º	Objeto	50	56	87	ue/regulamentos/2022/32022R2404.md
32022R2404	Artigo 2.º	Definições	58	70	237	ue/regulamentos/2022/32022R2404.md
32022R2404	Artigo 3.º	Preparação das prospeções	72	102	654	ue/regulamentos/2022/32022R2404.md
32022R2404	Artigo 4.º	Conteúdo das prospeções	104	140	402	ue/regulamentos/2022/32022R2404.md
32022R2404	Artigo 5.º	Comunicação dos resultados das prospeções	142	150	126	ue/regulamentos/2022/32022R2404.md
32022R2404	Artigo 6.º	Revogação da Diretiva 92/70/CEE	152	154	21	ue/regulamentos/2022/32022R2404.md
32022R2404	Artigo 7.º	Entrada em vigor	156	180	363	ue/regulamentos/2022/32022R2404.md
32022R2404	ANEXO I	Modelo para informações gerais sobre os resultados das prospeções	182	202	479	ue/regulamentos/2022/32022R2404.md
32022R2404	ANEXO II	Modelos para a comunicação dos resultados das prospeções anuais ou das prospeções para apresentar o pedido relativo a uma nova praga de quarentena de zona prote	204	271	3208	ue/regulamentos/2022/32022R2404.md
32022R2405	Preâmbulo		18	38	346	ue/regulamentos/2022/32022R2405.md
32022R2405	Artigo 1.º		42	48	90	ue/regulamentos/2022/32022R2405.md
32022R2405	Artigo 2.º		50	68	200	ue/regulamentos/2022/32022R2405.md
32022R2406	Preâmbulo		18	60	1865	ue/regulamentos/2022/32022R2406.md
32022R2406	Artigo 1.º		64	66	104	ue/regulamentos/2022/32022R2406.md
32022R2406	Artigo 2.º		68	80	276	ue/regulamentos/2022/32022R2406.md
32022R2406	Artigo 3.º		82	152	1080	ue/regulamentos/2022/32022R2406.md
32022R2406	Artigo 4.º		154	168	261	ue/regulamentos/2022/32022R2406.md
32022R2406	Artigo 5.º		170	172	91	ue/regulamentos/2022/32022R2406.md
32022R2406	Artigo 6.º		174	176	24	ue/regulamentos/2022/32022R2406.md
32022R2406	Artigo 7.º		178	278	3323	ue/regulamentos/2022/32022R2406.md
32022R2406	ANEXO	Lista da legislação da União que enumera as zonas regulamentadas e os períodos a que se refere o artigo 2.º	280	354	446	ue/regulamentos/2022/32022R2406.md
32022R2418	Preâmbulo		18	36	580	ue/regulamentos/2022/32022R2418.md
32022R2418	Artigo 1.º		40	42	30	ue/regulamentos/2022/32022R2418.md
32022R2418	Artigo 2.º		44	62	238	ue/regulamentos/2022/32022R2418.md
32022R2418	ANEXO		64	69	356	ue/regulamentos/2022/32022R2418.md
32022R2419	Preâmbulo		18	38	612	ue/regulamentos/2022/32022R2419.md
32022R2419	Artigo 1.º	Alteração	42	44	29	ue/regulamentos/2022/32022R2419.md
32022R2419	«Artigo 9.º	Remuneração	46	66	450	ue/regulamentos/2022/32022R2419.md
32022R2419	Artigo 2.º	Disposições finais	68	84	176	ue/regulamentos/2022/32022R2419.md
32022R2428	Preâmbulo		18	38	578	ue/regulamentos/2022/32022R2428.md
32022R2428	Artigo 1.º		42	44	29	ue/regulamentos/2022/32022R2428.md
32022R2428	Artigo 2.º		46	60	92	ue/regulamentos/2022/32022R2428.md
32022R2428	ANEXO		62	97	5802	ue/regulamentos/2022/32022R2428.md
32022R2429	Preâmbulo		18	44	1026	ue/regulamentos/2022/32022R2429.md
32022R2429	Artigo 1.º		48	50	33	ue/regulamentos/2022/32022R2429.md
32022R2429	Artigo 2.º		52	66	92	ue/regulamentos/2022/32022R2429.md
32022R2429	ANEXO		68	116	3026	ue/regulamentos/2022/32022R2429.md
32022R2430	Preâmbulo		18	38	330	ue/regulamentos/2022/32022R2430.md
32022R2430	Artigo 1.º		42	44	29	ue/regulamentos/2022/32022R2430.md
32022R2430	Artigo 2.º		46	60	92	ue/regulamentos/2022/32022R2430.md
32022R2430	ANEXO		62	82	2268	ue/regulamentos/2022/32022R2430.md
32022R2436	Preâmbulo		18	38	387	ue/regulamentos/2022/32022R2436.md
32022R2436	Artigo 1.º		42	44	28	ue/regulamentos/2022/32022R2436.md
32022R2436	Artigo 2.º		46	66	241	ue/regulamentos/2022/32022R2436.md
32022R2436	ANEXO		68	84	3378	ue/regulamentos/2022/32022R2436.md
32022R2447	Preâmbulo		18	32	337	ue/regulamentos/2022/32022R2447.md
32022R2447	Artigo 1.º		36	38	92	ue/regulamentos/2022/32022R2447.md
32022R2447	Artigo 2.º		40	54	98	ue/regulamentos/2022/32022R2447.md
32022R2447	ANEXO	Número e designação das variáveis com periodicidade de oito em oito anos no domínio população ativa a recolher referentes aos «jovens no mercado de trabalho», a	56	77	1249	ue/regulamentos/2022/32022R2447.md
32022R2448	Preâmbulo		22	52	1930	ue/regulamentos/2022/32022R2448.md
32022R2448	Artigo 1.º	Objeto e âmbito de aplicação	56	58	106	ue/regulamentos/2022/32022R2448.md
32022R2448	Artigo 2.º	Definições	60	102	1015	ue/regulamentos/2022/32022R2448.md
32022R2448	Artigo 3.º	Avaliação do cumprimento dos critérios de extração a nível nacional ou subnacional	104	142	1306	ue/regulamentos/2022/32022R2448.md
32022R2448	Artigo 4.º	Avaliação do cumprimento dos critérios de extração ao nível da área de aprovisionamento florestal	144	176	1201	ue/regulamentos/2022/32022R2448.md
32022R2448	Artigo 5.º	Avaliação do cumprimento dos critérios LULUCF a nível nacional	178	192	567	ue/regulamentos/2022/32022R2448.md
32022R2448	Artigo 6.º	Avaliação do cumprimento dos critérios LULUCF ao nível da área de aprovisionamento florestal	194	206	952	ue/regulamentos/2022/32022R2448.md
32022R2448	Artigo 7.º	Auditorias e verificações	208	226	540	ue/regulamentos/2022/32022R2448.md
32022R2448	Artigo 8.º	Entrada em vigor e aplicação	228	252	450	ue/regulamentos/2022/32022R2448.md
32022R2449	Preâmbulo		18	56	1712	ue/regulamentos/2022/32022R2449.md
32022R2449	Artigo 1.º		60	92	630	ue/regulamentos/2022/32022R2449.md
32022R2449	Artigo 2.º		94	130	879	ue/regulamentos/2022/32022R2449.md
32022R2449	ANEXO I		132	350	7470	ue/regulamentos/2022/32022R2449.md
32022R2449	ANEXO II		352	375	355	ue/regulamentos/2022/32022R2449.md
32022R2453	Preâmbulo		18	44	1436	ue/regulamentos/2022/32022R2453.md
32022R2453	Artigo 1.º	Alterações ao Regulamento de Execução (UE) 2021/637	48	52	49	ue/regulamentos/2022/32022R2453.md
32022R2453	«Artigo 18.º-A	Divulgação dos riscos ambientais, sociais e de governação (riscos ASG)	54	96	1612	ue/regulamentos/2022/32022R2453.md
32022R2453	Artigo 2.º	Entrada em vigor	98	126	756	ue/regulamentos/2022/32022R2453.md
32022R2453	ANEXO I	«ANEXO XXXIX	128	289	3001	ue/regulamentos/2022/32022R2453.md
32022R2453	ANEXO II	«ANEXO XL	291	548	35187	ue/regulamentos/2022/32022R2453.md
32022R2454	Artigo 1.º	Âmbito e frequência da notificação das operações intragrupo e concentrações de riscos significativas	28	36	372	ue/regulamentos/2022/32022R2454.md
32022R2454	Artigo 2.º	Formato da notificação de concentrações de riscos significativas	38	42	240	ue/regulamentos/2022/32022R2454.md
32022R2454	Artigo 3.º	Formato da notificação de operações intragrupo significativas	44	48	232	ue/regulamentos/2022/32022R2454.md
32022R2454	Artigo 4.º	Transmissão	50	56	127	ue/regulamentos/2022/32022R2454.md
32022R2454	Artigo 5.º	Entrada em vigor e data de aplicação	58	64	92	ue/regulamentos/2022/32022R2454.md
32022R2454	Anexo I	Modelos para a notificação de operações intragrupo (IGT) e da concentração de riscos (RC)	66	179	626	ue/regulamentos/2022/32022R2454.md
32022R2454	ANEXO II	INSTRUÇÕES SOBRE A NOTIFICAÇÃO DE OPERAÇÕES INTRAGRUPO E DA CONCENTRAÇÃO DE RISCOS	181	800	32616	ue/regulamentos/2022/32022R2454.md
32022R2455	Preâmbulo		18	42	532	ue/regulamentos/2022/32022R2455.md
32022R2455	Artigo 1.º		46	50	44	ue/regulamentos/2022/32022R2455.md
32022R2455	Artigo 2.º		52	70	280	ue/regulamentos/2022/32022R2455.md
32022R2456	Preâmbulo		18	42	516	ue/regulamentos/2022/32022R2456.md
32022R2456	Artigo 1.º		46	50	44	ue/regulamentos/2022/32022R2456.md
32022R2456	Artigo 2.º		52	70	274	ue/regulamentos/2022/32022R2456.md
32022R2458	Preâmbulo		18	54	1500	ue/regulamentos/2022/32022R2458.md
32022R2458	Artigo 1.º		58	60	70	ue/regulamentos/2022/32022R2458.md
32022R2458	Artigo 2.º		62	64	35	ue/regulamentos/2022/32022R2458.md
32022R2458	Artigo 3.º		66	70	106	ue/regulamentos/2022/32022R2458.md
32022R2458	Artigo 4.º		72	104	810	ue/regulamentos/2022/32022R2458.md
32022R2458	ANEXO I	DEDUÇÕES DAS QUOTAS DE PESCA PARA O ANO DE 2022 A APLICAR A OUTRAS UNIDADES POPULACIONAIS	106	117	507	ue/regulamentos/2022/32022R2458.md
32022R2458	ANEXO II		119	172	1967	ue/regulamentos/2022/32022R2458.md
32022R2463	Preâmbulo		18	114	5801	ue/regulamentos/2022/32022R2463.md
32022R2463	Artigo 1.º	Objeto	122	126	105	ue/regulamentos/2022/32022R2463.md
32022R2463	Artigo 2.º	Objetivos do Instrumento	128	138	249	ue/regulamentos/2022/32022R2463.md
32022R2463	Artigo 3.º	Áreas de apoio	140	154	307	ue/regulamentos/2022/32022R2463.md
32022R2463	Artigo 4.º	Apoio disponível ao abrigo do Instrumento	156	168	652	ue/regulamentos/2022/32022R2463.md
32022R2463	Artigo 5.º	Contribuições sob a forma de garantias prestadas pelos Estados-Membros	170	184	672	ue/regulamentos/2022/32022R2463.md
32022R2463	Artigo 6.º	Acordos de garantia	186	200	712	ue/regulamentos/2022/32022R2463.md
32022R2463	Artigo 7.º	Contribuições dos Estados-Membros e de terceiros	202	212	407	ue/regulamentos/2022/32022R2463.md
32022R2463	Artigo 8.º	Condição prévia para beneficiar do apoio ao abrigo do Instrumento	216	222	234	ue/regulamentos/2022/32022R2463.md
32022R2463	Artigo 9.º	Memorando de entendimento	224	232	318	ue/regulamentos/2022/32022R2463.md
32022R2463	Artigo 10.º	Obrigações de prestação de informações	234	238	156	ue/regulamentos/2022/32022R2463.md
32022R2463	Artigo 11.º	Disponibilização do apoio ao abrigo do Instrumento	242	246	125	ue/regulamentos/2022/32022R2463.md
32022R2463	Artigo 12.º	Decisão sobre a disponibilização do apoio ao abrigo do Instrumento	248	260	212	ue/regulamentos/2022/32022R2463.md
32022R2463	Artigo 13.º	Redução, suspensão e cancelamento do apoio ao abrigo do Instrumento	262	266	127	ue/regulamentos/2022/32022R2463.md
32022R2463	Artigo 14.º	Avaliação da execução do apoio ao abrigo do Instrumento	268	270	115	ue/regulamentos/2022/32022R2463.md
32022R2463	Artigo 15.º	Comunicação de informações ao Parlamento Europeu e do Conselho	272	274	141	ue/regulamentos/2022/32022R2463.md
32022R2463	Artigo 16.º	Operações de contração e concessão de empréstimos	278	286	298	ue/regulamentos/2022/32022R2463.md
32022R2463	Artigo 17.º	Bonificação de juros	288	292	142	ue/regulamentos/2022/32022R2463.md
32022R2463	Artigo 18.º	Acordo de financiamento do apoio não reembolsável	294	296	162	ue/regulamentos/2022/32022R2463.md
32022R2463	Artigo 19.º	Procedimento de Comité	300	304	63	ue/regulamentos/2022/32022R2463.md
32022R2463	Artigo 20.º	Relatório anual	306	316	276	ue/regulamentos/2022/32022R2463.md
32022R2463	Artigo 21.º	Disposições finais	318	366	1072	ue/regulamentos/2022/32022R2463.md
32022R2466	Preâmbulo		18	32	204	ue/regulamentos/2022/32022R2466.md
32022R2466	Artigo 1.º		36	40	75	ue/regulamentos/2022/32022R2466.md
32022R2466	Artigo 2.º		42	62	191	ue/regulamentos/2022/32022R2466.md
32022R2468	Preâmbulo		18	36	286	ue/regulamentos/2022/32022R2468.md
32022R2468	Artigo 1.º	Retificação do Regulamento de Execução (UE) 2021/2325	40	42	55	ue/regulamentos/2022/32022R2468.md
32022R2468	Artigo 2.º	Entrada em vigor	44	60	216	ue/regulamentos/2022/32022R2468.md
32022R2472	Artigo 1.º	Âmbito de aplicação	44	122	1759	ue/regulamentos/2022/32022R2472.md
32022R2472	Artigo 2.º	Definições	124	268	3813	ue/regulamentos/2022/32022R2472.md
32022R2472	Artigo 3.º	Condições de isenção	270	272	132	ue/regulamentos/2022/32022R2472.md
32022R2472	Artigo 4.º	Limiares de notificação	274	322	1186	ue/regulamentos/2022/32022R2472.md
32022R2472	Artigo 5.º	Transparência do auxílio	324	352	610	ue/regulamentos/2022/32022R2472.md
32022R2472	Artigo 6.º	Efeito de incentivo	354	428	1476	ue/regulamentos/2022/32022R2472.md
32022R2472	Artigo 7.º	Intensidade do auxílio e custos elegíveis	430	444	720	ue/regulamentos/2022/32022R2472.md
32022R2472	Artigo 8.º	Cumulação	446	472	1062	ue/regulamentos/2022/32022R2472.md
32022R2472	Artigo 9.º	Publicação e informação	474	516	740	ue/regulamentos/2022/32022R2472.md
32022R2472	Artigo 10.º	Retirada do benefício da isenção por categoria	520	522	196	ue/regulamentos/2022/32022R2472.md
32022R2472	Artigo 11.º	Apresentação de relatórios	524	540	335	ue/regulamentos/2022/32022R2472.md
32022R2472	Artigo 12.º	Avaliação	542	562	865	ue/regulamentos/2022/32022R2472.md
32022R2472	Artigo 13.º	Controlo	564	566	172	ue/regulamentos/2022/32022R2472.md
32022R2472	Artigo 14.º	Auxílios aos investimentos em explorações agrícolas ligadas à produção agrícola primária	572	694	3688	ue/regulamentos/2022/32022R2472.md
32022R2472	Artigo 15.º	Auxílios ao emparcelamento rural	696	698	132	ue/regulamentos/2022/32022R2472.md
32022R2472	Artigo 16.º	Auxílios a investimentos para a relocalização de edifícios agrícolas	700	714	490	ue/regulamentos/2022/32022R2472.md
32022R2472	Artigo 17.º	Auxílios aos investimentos relacionados com a transformação ou a comercialização de produtos agrícolas	716	758	924	ue/regulamentos/2022/32022R2472.md
32022R2472	Artigo 18.º	Auxílios à instalação de jovens agricultores e auxílios ao arranque de atividades agrícolas	760	774	564	ue/regulamentos/2022/32022R2472.md
32022R2472	Artigo 19.º	Auxílios à constituição de agrupamentos e organizações de produtores no setor agrícola	776	812	670	ue/regulamentos/2022/32022R2472.md
32022R2472	Artigo 20.º	Auxílios à participação de produtores de produtos agrícolas em regimes de qualidade	814	868	1094	ue/regulamentos/2022/32022R2472.md
32022R2472	Artigo 21.º	Auxílios ao intercâmbio de conhecimentos e a ações de informação	870	920	1102	ue/regulamentos/2022/32022R2472.md
32022R2472	Artigo 22.º	Auxílios a serviços de aconselhamento	922	968	1320	ue/regulamentos/2022/32022R2472.md
32022R2472	Artigo 23.º	Auxílios aos serviços de substituição nas explorações agrícolas	970	982	437	ue/regulamentos/2022/32022R2472.md
32022R2472	Artigo 24.º	Auxílios a medidas de promoção a favor de produtos agrícolas	984	1042	1003	ue/regulamentos/2022/32022R2472.md
32022R2472	Artigo 25.º	Auxílios destinados a remediar os danos causados por acontecimentos climáticos adversos equiparáveis a calamidades naturais	1044	1098	1530	ue/regulamentos/2022/32022R2472.md
32022R2472	Artigo 26.º	Auxílios destinados a cobrir os custos de prevenção, controlo e erradicação de doenças dos animais ou pragas vegetais e auxílios destinados a remediar os danos 	1100	1192	2126	ue/regulamentos/2022/32022R2472.md
32022R2472	Artigo 27.º	Auxílios ao setor da pecuária e auxílios por animais mortos	1194	1234	662	ue/regulamentos/2022/32022R2472.md
32022R2472	Artigo 28.º	Auxílios ao pagamento de prémios de seguro e às contribuições financeiras para fundos mutualistas	1236	1276	655	ue/regulamentos/2022/32022R2472.md
32022R2472	Artigo 29.º	Auxílios destinados a remediar os danos causados por animais protegidos	1278	1306	888	ue/regulamentos/2022/32022R2472.md
32022R2472	Artigo 30.º	Auxílios à conservação dos recursos genéticos na agricultura	1308	1342	863	ue/regulamentos/2022/32022R2472.md
32022R2472	Artigo 31.º	Auxílios para compromissos relativos ao bem-estar dos animais	1344	1384	1188	ue/regulamentos/2022/32022R2472.md
32022R2472	Artigo 32.º	Auxílios à cooperação no setor agrícola	1386	1448	1264	ue/regulamentos/2022/32022R2472.md
32022R2472	Artigo 33.º	Auxílios para lidar com desvantagens relacionadas com as zonas da rede Natura 2000	1452	1466	472	ue/regulamentos/2022/32022R2472.md
32022R2472	Artigo 34.º	Auxílios para compromissos agroambientais e climáticos	1468	1510	1283	ue/regulamentos/2022/32022R2472.md
32022R2472	Artigo 35.º	Auxílios à agricultura biológica	1512	1540	972	ue/regulamentos/2022/32022R2472.md
32022R2472	Artigo 36.º	Auxílios aos investimentos a favor da conservação do património cultural e natural localizado em explorações agrícolas ou nas florestas	1544	1560	335	ue/regulamentos/2022/32022R2472.md
32022R2472	Artigo 37.º	Auxílios destinados a remediar os danos causados por calamidades naturais no setor agrícola	1564	1612	1062	ue/regulamentos/2022/32022R2472.md
32022R2472	Artigo 38.º	Auxílios à investigação e ao desenvolvimento nos setores agrícola e florestal	1616	1660	1010	ue/regulamentos/2022/32022R2472.md
32022R2472	Artigo 39.º	Auxílios aos custos incorridos pelas empresas que participam em projetos do grupo operacional da PEI	1662	1678	363	ue/regulamentos/2022/32022R2472.md
32022R2472	Artigo 40.º	Montantes limitados de auxílio às empresas que beneficiam de projetos do grupo operacional da PEI	1680	1684	166	ue/regulamentos/2022/32022R2472.md
32022R2472	Artigo 41.º	Auxílios à florestação e à criação de áreas arborizadas	1688	1760	2026	ue/regulamentos/2022/32022R2472.md
32022R2472	Artigo 42.º	Auxílios aos sistemas agroflorestais	1762	1814	1103	ue/regulamentos/2022/32022R2472.md
32022R2472	Artigo 43.º	Auxílios à prevenção e reparação dos danos causados às florestas	1816	1854	1232	ue/regulamentos/2022/32022R2472.md
32022R2472	Artigo 44.º	Auxílios a investimentos destinados a melhorar a resistência e o valor ambiental dos ecossistemas florestais	1856	1888	967	ue/regulamentos/2022/32022R2472.md
32022R2472	Artigo 45.º	Auxílios para desvantagens locais específicas, decorrentes de determinados requisitos obrigatórios	1890	1904	419	ue/regulamentos/2022/32022R2472.md
32022R2472	Artigo 46.º	Auxílios aos serviços silvoambientais e climáticos e à conservação das florestas	1906	1922	499	ue/regulamentos/2022/32022R2472.md
32022R2472	Artigo 47.º	Auxílios ao intercâmbio de conhecimentos e a ações de informação no setor florestal	1924	1962	898	ue/regulamentos/2022/32022R2472.md
32022R2472	Artigo 48.º	Auxílios a serviços de aconselhamento no setor florestal	1964	1986	521	ue/regulamentos/2022/32022R2472.md
32022R2472	Artigo 49.º	Auxílios aos investimentos em infraestruturas relacionadas com o desenvolvimento, a modernização ou a adaptação do setor florestal	1988	2038	1102	ue/regulamentos/2022/32022R2472.md
32022R2472	Artigo 50.º	Auxílios aos investimentos em tecnologias florestais e na transformação, mobilização e comercialização de produtos florestais	2040	2076	916	ue/regulamentos/2022/32022R2472.md
32022R2472	Artigo 51.º	Auxílios à conservação dos recursos genéticos florestais	2078	2100	504	ue/regulamentos/2022/32022R2472.md
32022R2472	Artigo 52.º	Auxílios à constituição de agrupamentos e organizações de produtores no setor florestal	2102	2126	570	ue/regulamentos/2022/32022R2472.md
32022R2472	Artigo 53.º	Auxílios ao emparcelamento florestal	2128	2134	151	ue/regulamentos/2022/32022R2472.md
32022R2472	Artigo 54.º	Auxílios à cooperação no setor florestal	2136	2188	968	ue/regulamentos/2022/32022R2472.md
32022R2472	Artigo 55.º	Auxílios aos serviços básicos e às infraestruturas em zonas rurais	2192	2240	1304	ue/regulamentos/2022/32022R2472.md
32022R2472	Artigo 56.º	Auxílios ao arranque de empresas para atividades não agrícolas em zonas rurais	2242	2280	580	ue/regulamentos/2022/32022R2472.md
32022R2472	Artigo 57.º	Auxílios à primeira participação de agricultores em regimes de qualidade do algodão e dos géneros alimentícios	2282	2324	806	ue/regulamentos/2022/32022R2472.md
32022R2472	Artigo 58.º	Auxílios às atividades de informação e promoção do algodão e dos géneros alimentícios abrangidos por um regime de qualidade	2326	2358	643	ue/regulamentos/2022/32022R2472.md
32022R2472	Artigo 59.º	Auxílios à cooperação nas zonas rurais	2360	2434	1498	ue/regulamentos/2022/32022R2472.md
32022R2472	Artigo 60.º	Auxílios a projetos de DLBC	2436	2470	615	ue/regulamentos/2022/32022R2472.md
32022R2472	Artigo 61.º	Montantes limitados de auxílios a projetos de DLBC	2472	2494	361	ue/regulamentos/2022/32022R2472.md
32022R2472	Artigo 62.º	Substituição e continuação da aplicação do Regulamento (UE) n.º 702/2014	2498	2502	136	ue/regulamentos/2022/32022R2472.md
32022R2472	Artigo 63.º	Disposições transitórias	2504	2514	374	ue/regulamentos/2022/32022R2472.md
32022R2472	Artigo 64.º		2516	2522	71	ue/regulamentos/2022/32022R2472.md
32022R2472	ANEXO I		2524	2614	2407	ue/regulamentos/2022/32022R2472.md
32022R2472	Artigo 1.º	Empresa	2528	2530	92	ue/regulamentos/2022/32022R2472.md
32022R2472	Artigo 2.º	Efetivos e limiares financeiros que definem as categorias de empresas	2532	2538	178	ue/regulamentos/2022/32022R2472.md
32022R2472	Artigo 3.º	Tipos de empresa tomados em consideração para o cálculo dos efetivos e dos montantes financeiros	2540	2576	1070	ue/regulamentos/2022/32022R2472.md
32022R2472	Artigo 4.º	Dados a utilizar no cálculo dos efetivos e dos montantes financeiros, e período de referência	2578	2584	258	ue/regulamentos/2022/32022R2472.md
32022R2472	Artigo 5.º	Efetivos	2586	2598	238	ue/regulamentos/2022/32022R2472.md
32022R2472	Artigo 6.º	Determinação dos dados da empresa	2600	2614	560	ue/regulamentos/2022/32022R2472.md
32022R2472	ANEXO II		2616	2716	2694	ue/regulamentos/2022/32022R2472.md
32022R2472	ANEXO III		2718	2824	2744	ue/regulamentos/2022/32022R2472.md
32022R2473	Artigo 1.º	Âmbito de aplicação	31	135	1954	ue/regulamentos/2022/32022R2473.md
32022R2473	Artigo 2.º	Definições	137	203	1767	ue/regulamentos/2022/32022R2473.md
32022R2473	Artigo 3.º	Limiar de notificação	205	209	97	ue/regulamentos/2022/32022R2473.md
32022R2473	Artigo 4.º	Condições de isenção	211	215	217	ue/regulamentos/2022/32022R2473.md
32022R2473	Artigo 5.º	Transparência dos auxílios	217	241	540	ue/regulamentos/2022/32022R2473.md
32022R2473	Artigo 6.º	Efeito de incentivo	243	297	1009	ue/regulamentos/2022/32022R2473.md
32022R2473	Artigo 7.º	Intensidade de auxílio e custos elegíveis	299	313	536	ue/regulamentos/2022/32022R2473.md
32022R2473	Artigo 8.º	Cumulação	315	325	292	ue/regulamentos/2022/32022R2473.md
32022R2473	Artigo 9.º	Publicação e informação	327	361	630	ue/regulamentos/2022/32022R2473.md
32022R2473	Artigo 10.º	Retirada do benefício da isenção por categoria	365	367	215	ue/regulamentos/2022/32022R2473.md
32022R2473	Artigo 11.º	Informação	369	379	222	ue/regulamentos/2022/32022R2473.md
32022R2473	Artigo 12.º	Avaliação	381	409	872	ue/regulamentos/2022/32022R2473.md
32022R2473	Artigo 13.º	Controlo	411	413	172	ue/regulamentos/2022/32022R2473.md
32022R2473	Artigo 14.º	Condições gerais	419	425	197	ue/regulamentos/2022/32022R2473.md
32022R2473	Artigo 15.º	Auxílios à inovação no setor das pescas	427	451	740	ue/regulamentos/2022/32022R2473.md
32022R2473	Artigo 16.º	Auxílios aos serviços de aconselhamento	453	473	518	ue/regulamentos/2022/32022R2473.md
32022R2473	Artigo 17.º	Auxílios às parcerias entre cientistas e pescadores	475	505	521	ue/regulamentos/2022/32022R2473.md
32022R2473	Artigo 18.º	Auxílios para a promoção do capital humano e do diálogo social	507	519	602	ue/regulamentos/2022/32022R2473.md
32022R2473	Artigo 19.º	Auxílios para facilitar a diversificação e novas formas de rendimento	521	535	361	ue/regulamentos/2022/32022R2473.md
32022R2473	Artigo 20.º	Auxílios para a primeira aquisição de um navio de pesca	537	563	801	ue/regulamentos/2022/32022R2473.md
32022R2473	Artigo 21.º	Auxílios para melhorar a saúde, a segurança e as condições de trabalho dos pescadores	565	669	1570	ue/regulamentos/2022/32022R2473.md
32022R2473	Artigo 22.º	Auxílios para o pagamento de prémios de seguro e para contribuições financeiras para fundos mutualistas	671	699	742	ue/regulamentos/2022/32022R2473.md
32022R2473	Artigo 23.º	Auxílios para sistemas de atribuição de possibilidades de pesca	701	721	402	ue/regulamentos/2022/32022R2473.md
32022R2473	Artigo 24.º	Auxílios para a limitação do impacto da pesca no ambiente e a adaptação da pesca à proteção das espécies	723	749	790	ue/regulamentos/2022/32022R2473.md
32022R2473	Artigo 25.º	Auxílios para a inovação ligada à conservação dos recursos biológicos marinhos	751	783	920	ue/regulamentos/2022/32022R2473.md
32022R2473	Artigo 26.º	Auxílios para a proteção e restauração da biodiversidade e dos ecossistemas marinhos e regimes no quadro de atividades de pesca sustentáveis	785	859	1357	ue/regulamentos/2022/32022R2473.md
32022R2473	Artigo 27.º	Auxílios para aumentar a eficiência energética e para atenuar os efeitos das alterações climáticas	861	919	1059	ue/regulamentos/2022/32022R2473.md
32022R2473	Artigo 28.º	Auxílios destinados a melhorar o valor acrescentado, a qualidade dos produtos e a utilização das capturas indesejadas	921	935	438	ue/regulamentos/2022/32022R2473.md
32022R2473	Artigo 29.º	Auxílios para portos de pesca, locais de desembarque, lotas e abrigos	937	951	448	ue/regulamentos/2022/32022R2473.md
32022R2473	Artigo 30.º	Auxílios para a pesca interior e a fauna e a flora aquáticas interiores	953	1001	1051	ue/regulamentos/2022/32022R2473.md
32022R2473	Artigo 31.º	Condições gerais	1005	1019	404	ue/regulamentos/2022/32022R2473.md
32022R2473	Artigo 32.º	Auxílios à inovação na aquicultura	1021	1057	840	ue/regulamentos/2022/32022R2473.md
32022R2473	Artigo 33.º	Auxílios a investimentos na aquicultura para aumentar a produtividade ou que tenham um efeito positivo no ambiente	1059	1091	1041	ue/regulamentos/2022/32022R2473.md
32022R2473	Artigo 34.º	Auxílios para serviços de gestão, de substituição e de aconselhamento para as explorações aquícolas	1093	1123	720	ue/regulamentos/2022/32022R2473.md
32022R2473	Artigo 35.º	Auxílios para a promoção do capital humano e da ligação em rede na aquicultura	1125	1153	534	ue/regulamentos/2022/32022R2473.md
32022R2473	Artigo 36.º	Auxílios para o aumento do potencial dos sítios aquícolas	1155	1183	737	ue/regulamentos/2022/32022R2473.md
32022R2473	Artigo 37.º	Auxílios para o incentivo aos novos aquicultores no setor da aquicultura sustentável	1185	1213	466	ue/regulamentos/2022/32022R2473.md
32022R2473	Artigo 38.º	Auxílios para a conversão para sistemas de ecogestão e auditoria e para a aquicultura biológica	1215	1237	760	ue/regulamentos/2022/32022R2473.md
32022R2473	Artigo 39.º	Auxílios para serviços ambientais	1239	1265	763	ue/regulamentos/2022/32022R2473.md
32022R2473	Artigo 40.º	Auxílios para medidas de saúde pública	1267	1283	572	ue/regulamentos/2022/32022R2473.md
32022R2473	Artigo 41.º	Auxílios para medidas de saúde e bem-estar dos animais	1285	1313	679	ue/regulamentos/2022/32022R2473.md
32022R2473	Artigo 42.º	Auxílios destinados à prevenção, ao controlo e à erradicação de doenças	1315	1349	738	ue/regulamentos/2022/32022R2473.md
32022R2473	Artigo 43.º	Auxílios aos investimentos na aquicultura destinados a prevenir e atenuar os danos causados por doenças dos animais	1351	1361	361	ue/regulamentos/2022/32022R2473.md
32022R2473	Artigo 44.º	Auxílios para o seguro das populações aquícolas	1363	1389	439	ue/regulamentos/2022/32022R2473.md
32022R2473	Artigo 45.º	Auxílios a medidas de comercialização	1393	1449	1034	ue/regulamentos/2022/32022R2473.md
32022R2473	Artigo 46.º	Auxílios para a transformação de produtos da pesca e da aquicultura	1451	1471	608	ue/regulamentos/2022/32022R2473.md
32022R2473	Artigo 47.º	Auxílios à recolha, gestão, utilização e tratamento de dados no setor das pescas	1475	1505	493	ue/regulamentos/2022/32022R2473.md
32022R2473	Artigo 48.º	Auxílios destinados a prevenir e atenuar os danos causados por calamidades naturais	1507	1519	397	ue/regulamentos/2022/32022R2473.md
32022R2473	Artigo 49.º	Auxílios destinados a remediar os danos causados por calamidades naturais	1521	1551	973	ue/regulamentos/2022/32022R2473.md
32022R2473	Artigo 50.º	Auxílios destinados a prevenir e atenuar os danos causados por acontecimentos climáticos adversos equiparáveis a calamidades naturais	1553	1565	426	ue/regulamentos/2022/32022R2473.md
32022R2473	Artigo 51.º	Auxílios destinados a remediar os danos causados por acontecimentos climáticos adversos equiparáveis a calamidades naturais	1567	1599	1080	ue/regulamentos/2022/32022R2473.md
32022R2473	Artigo 52.º	Auxílios aos investimentos destinados a prevenir e atenuar os danos causados por animais protegidos	1601	1621	441	ue/regulamentos/2022/32022R2473.md
32022R2473	Artigo 53.º	Auxílios destinados a remediar os danos causados por animais protegidos	1623	1653	912	ue/regulamentos/2022/32022R2473.md
32022R2473	Artigo 54.º	Auxílios para projetos de DLBC	1655	1693	618	ue/regulamentos/2022/32022R2473.md
32022R2473	Artigo 55.º	Montantes limitados de auxílios para projetos de DLBC	1695	1717	374	ue/regulamentos/2022/32022R2473.md
32022R2473	Artigo 56.º	Reduções e isenções fiscais ao abrigo da Diretiva 2003/96/CE	1719	1729	218	ue/regulamentos/2022/32022R2473.md
32022R2473	Artigo 57.º	Continuação da aplicação do Regulamento (UE) n.º 1388/2014	1733	1735	76	ue/regulamentos/2022/32022R2473.md
32022R2473	Artigo 58.º	Disposições transitórias	1737	1745	293	ue/regulamentos/2022/32022R2473.md
32022R2473	Artigo 59.º	Entrada em vigor e aplicabilidade	1747	1753	80	ue/regulamentos/2022/32022R2473.md
32022R2473	ANEXO I		1755	1847	2382	ue/regulamentos/2022/32022R2473.md
32022R2473	ANEXO II		1849	1944	2932	ue/regulamentos/2022/32022R2473.md
32022R2473	ANEXO III		1946	1978	414	ue/regulamentos/2022/32022R2473.md
32022R2473	ANEXO IV		1980	2069	3204	ue/regulamentos/2022/32022R2473.md
32022R2474	Preâmbulo		22	94	3609	ue/regulamentos/2022/32022R2474.md
32022R2474	Artigo 1.º		98	107	85	ue/regulamentos/2022/32022R2474.md
32022R2474	«Artigo 3.º-A		109	352	5317	ue/regulamentos/2022/32022R2474.md
32022R2474	«Artigo 5.º-N		354	408	1457	ue/regulamentos/2022/32022R2474.md
32022R2474	«Artigo 12.º-B		410	428	769	ue/regulamentos/2022/32022R2474.md
32022R2474	Artigo 12.º-C		430	464	598	ue/regulamentos/2022/32022R2474.md
32022R2474	Artigo 2.º		466	484	194	ue/regulamentos/2022/32022R2474.md
32022R2474	ANEXO I		486	1302	4678	ue/regulamentos/2022/32022R2474.md
32022R2474	ANEXO II		1304	1937	36512	ue/regulamentos/2022/32022R2474.md
32022R2474	ANEXO III		1939	2020	1334	ue/regulamentos/2022/32022R2474.md
32022R2474	ANEXO IV		2022	2061	471	ue/regulamentos/2022/32022R2474.md
32022R2474	ANEXO V		2063	2073	38	ue/regulamentos/2022/32022R2474.md
32022R2474	ANEXO VI		2075	2138	2550	ue/regulamentos/2022/32022R2474.md
32022R2474	ANEXO VII		2140	2180	154	ue/regulamentos/2022/32022R2474.md
32022R2474	ANEXO VIII		2182	2902	27420	ue/regulamentos/2022/32022R2474.md
32022R2474	ANEXO IX		2904	2917	184	ue/regulamentos/2022/32022R2474.md
32022R2474	ANEXO X		2919	2955	121	ue/regulamentos/2022/32022R2474.md
32022R2474	ANEXO XI		2957	3005	816	ue/regulamentos/2022/32022R2474.md
32022R2474	ANEXO XII		3007	3026	312	ue/regulamentos/2022/32022R2474.md
32022R2475	Preâmbulo		18	44	1024	ue/regulamentos/2022/32022R2475.md
32022R2475	Artigo 1.º		48	94	1364	ue/regulamentos/2022/32022R2475.md
32022R2475	«Artigo 16.º-A		96	98	54	ue/regulamentos/2022/32022R2475.md
32022R2475	Artigo 2.º		100	118	229	ue/regulamentos/2022/32022R2475.md
32022R2476	Preâmbulo		18	40	555	ue/regulamentos/2022/32022R2476.md
32022R2476	Artigo 1.º		44	46	29	ue/regulamentos/2022/32022R2476.md
32022R2476	Artigo 2.º		48	62	88	ue/regulamentos/2022/32022R2476.md
32022R2476	ANEXO		64	273	46908	ue/regulamentos/2022/32022R2476.md
32022R2480	Preâmbulo		18	56	1728	ue/regulamentos/2022/32022R2480.md
32022R2480	Artigo 1.º		60	80	392	ue/regulamentos/2022/32022R2480.md
32022R2480	Artigo 2.º		82	108	283	ue/regulamentos/2022/32022R2480.md
32022R2482	Preâmbulo		18	38	340	ue/regulamentos/2022/32022R2482.md
32022R2482	Artigo 1.º		42	44	39	ue/regulamentos/2022/32022R2482.md
32022R2482	Artigo 2.º		46	64	115	ue/regulamentos/2022/32022R2482.md
32022R2483	Preâmbulo		18	38	340	ue/regulamentos/2022/32022R2483.md
32022R2483	Artigo 1.º		42	44	36	ue/regulamentos/2022/32022R2483.md
32022R2483	Artigo 2.º		46	64	115	ue/regulamentos/2022/32022R2483.md
32022R2484	Preâmbulo		18	36	304	ue/regulamentos/2022/32022R2484.md
32022R2484	Artigo 1.º		40	42	18	ue/regulamentos/2022/32022R2484.md
32022R2484	Artigo 2.º		44	62	114	ue/regulamentos/2022/32022R2484.md
32022R2485	Preâmbulo		18	36	300	ue/regulamentos/2022/32022R2485.md
32022R2485	Artigo 1.º		40	42	17	ue/regulamentos/2022/32022R2485.md
32022R2485	Artigo 2.º		44	62	115	ue/regulamentos/2022/32022R2485.md
32022R2487	Preâmbulo		18	60	1722	ue/regulamentos/2022/32022R2487.md
32022R2487	Artigo 1.º		64	66	36	ue/regulamentos/2022/32022R2487.md
32022R2487	Artigo 2.º	Retificação do Regulamento de Execução (UE) 2021/404	68	75	154	ue/regulamentos/2022/32022R2487.md
32022R2487	Artigo 3.º		77	99	422	ue/regulamentos/2022/32022R2487.md
32022R2487	ANEXO		101	349	6226	ue/regulamentos/2022/32022R2487.md
32022R2495	Preâmbulo		18	56	1031	ue/regulamentos/2022/32022R2495.md
32022R2495	Artigo 1.º		60	74	128	ue/regulamentos/2022/32022R2495.md
32022R2495	Artigo 2.º		76	102	254	ue/regulamentos/2022/32022R2495.md
32022R2495	ANEXO	«ANEXO I	104	318	3580	ue/regulamentos/2022/32022R2495.md
32022R2496	Preâmbulo		18	56	1012	ue/regulamentos/2022/32022R2496.md
32022R2496	Artigo 1.º		60	64	98	ue/regulamentos/2022/32022R2496.md
32022R2496	Artigo 2.º		66	86	261	ue/regulamentos/2022/32022R2496.md
32022R2497	Preâmbulo		18	38	533	ue/regulamentos/2022/32022R2497.md
32022R2497	Artigo 1.º		42	44	31	ue/regulamentos/2022/32022R2497.md
32022R2497	Artigo 2.º		46	62	118	ue/regulamentos/2022/32022R2497.md
32022R2497	ANEXO		64	120	180	ue/regulamentos/2022/32022R2497.md
32022R2498	Artigo 1.º		36	48	137	ue/regulamentos/2022/32022R2498.md
32022R2498	Artigo 2.º		50	54	64	ue/regulamentos/2022/32022R2498.md
32022R2498	ANEXO		56	249	8658	ue/regulamentos/2022/32022R2498.md
32022R2500	Preâmbulo		18	32	205	ue/regulamentos/2022/32022R2500.md
32022R2500	Artigo 1.º		36	40	65	ue/regulamentos/2022/32022R2500.md
32022R2500	Artigo 2.º		42	62	191	ue/regulamentos/2022/32022R2500.md
32022R2502	Preâmbulo		18	34	413	ue/regulamentos/2022/32022R2502.md
32022R2502	Artigo 1.º		38	40	14	ue/regulamentos/2022/32022R2502.md
32022R2502	Artigo 2.º		42	58	171	ue/regulamentos/2022/32022R2502.md
32022R2503	Preâmbulo		18	48	1452	ue/regulamentos/2022/32022R2503.md
32022R2503	Artigo 1.º		52	72	383	ue/regulamentos/2022/32022R2503.md
32022R2503	«Artigo 51.º	Exclusões	74	89	411	ue/regulamentos/2022/32022R2503.md
32022R2503	Artigo 2.º		91	121	922	ue/regulamentos/2022/32022R2503.md
32022R2504	Preâmbulo		18	50	1671	ue/regulamentos/2022/32022R2504.md
32022R2504	Artigo 1.º		54	56	36	ue/regulamentos/2022/32022R2504.md
32022R2504	Artigo 2.º		58	62	296	ue/regulamentos/2022/32022R2504.md
32022R2504	Artigo 3.º		64	96	860	ue/regulamentos/2022/32022R2504.md
32022R2504	ANEXO		98	286	15463	ue/regulamentos/2022/32022R2504.md
32022R2513	Preâmbulo		18	38	874	ue/regulamentos/2022/32022R2513.md
32022R2513	Artigo 1.º	Alteração do Regulamento Delegado (UE) 2017/891	42	52	348	ue/regulamentos/2022/32022R2513.md
32022R2513	Artigo 2.º	Entrada em vigor	54	74	312	ue/regulamentos/2022/32022R2513.md
32022R2514	Preâmbulo		18	42	652	ue/regulamentos/2022/32022R2514.md
32022R2514	Artigo 1.º		46	50	46	ue/regulamentos/2022/32022R2514.md
32022R2514	Artigo 2.º		52	74	309	ue/regulamentos/2022/32022R2514.md
32022R2525	Preâmbulo		18	36	212	ue/regulamentos/2022/32022R2525.md
32022R2525	Artigo 1.º		40	42	30	ue/regulamentos/2022/32022R2525.md
32022R2525	Artigo 2.º		44	60	125	ue/regulamentos/2022/32022R2525.md
32022R2525	ANEXO		62	67	73	ue/regulamentos/2022/32022R2525.md
32022R2526	Preâmbulo		18	38	548	ue/regulamentos/2022/32022R2526.md
32022R2526	Artigo 1.º		42	46	56	ue/regulamentos/2022/32022R2526.md
32022R2526	Artigo 2.º		48	66	176	ue/regulamentos/2022/32022R2526.md
32022R2528	Preâmbulo		18	46	1416	ue/regulamentos/2022/32022R2528.md
32022R2528	Artigo 1.º	Alterações do Regulamento Delegado (UE) 2017/891 e disposições transitórias	50	58	287	ue/regulamentos/2022/32022R2528.md
32022R2528	Artigo 2.º	Revogação dos Regulamentos Delegados (UE) n.º 611/2014, (UE) 2015/1366 e (UE) 2016/1149 e disposições transitórias	60	76	424	ue/regulamentos/2022/32022R2528.md
32022R2528	Artigo 3.º	Entrada em vigor	78	110	916	ue/regulamentos/2022/32022R2528.md
32022R2532	Preâmbulo		18	50	1556	ue/regulamentos/2022/32022R2532.md
32022R2532	Artigo 1.º	Alterações do Regulamento de Execução (UE) 2017/892 e disposições transitórias	54	62	253	ue/regulamentos/2022/32022R2532.md
32022R2532	Artigo 2.º	Revogação dos Regulamentos de Execução (UE) n.º 615/2014, (UE) 2015/1368 e (UE) 2016/1150 e do Regulamento (UE) n.º 738/2010 e disposições transitórias	64	84	520	ue/regulamentos/2022/32022R2532.md
32022R2532	Artigo 3.º	Entrada em vigor	86	122	1079	ue/regulamentos/2022/32022R2532.md
32022R2533	Preâmbulo		18	34	308	ue/regulamentos/2022/32022R2533.md
32022R2533	Artigo 1.º		38	40	40	ue/regulamentos/2022/32022R2533.md
32022R2533	Artigo 2.º		42	62	216	ue/regulamentos/2022/32022R2533.md
32022R2534	Preâmbulo		18	60	2117	ue/regulamentos/2022/32022R2534.md
32022R2534	Artigo 1.º		64	70	104	ue/regulamentos/2022/32022R2534.md
32022R2534	Artigo 2.º		72	74	109	ue/regulamentos/2022/32022R2534.md
32022R2534	Artigo 3.º		76	78	97	ue/regulamentos/2022/32022R2534.md
32022R2534	Artigo 4.º		80	116	568	ue/regulamentos/2022/32022R2534.md
32022R2534	ANEXO		118	136	962	ue/regulamentos/2022/32022R2534.md
32022R2535	Preâmbulo		18	50	1203	ue/regulamentos/2022/32022R2535.md
32022R2535	Artigo 1.º		54	60	105	ue/regulamentos/2022/32022R2535.md
32022R2535	Artigo 2.º		62	82	237	ue/regulamentos/2022/32022R2535.md
32022R2535	ANEXO		84	99	558	ue/regulamentos/2022/32022R2535.md
32022R2552	Artigo 1.º		28	30	28	ue/regulamentos/2022/32022R2552.md
32022R2552	Artigo 2.º		32	38	122	ue/regulamentos/2022/32022R2552.md
32022R2552	Artigo 3.º		40	48	82	ue/regulamentos/2022/32022R2552.md
32022R2552	ANEXO		50	6034	165570	ue/regulamentos/2022/32022R2552.md
32022R2553	Preâmbulo		18	42	1127	ue/regulamentos/2022/32022R2553.md
32022R2553	Artigo 1.º	Alterações do Regulamento Delegado (UE) 2019/815	46	54	100	ue/regulamentos/2022/32022R2553.md
32022R2553	Artigo 2.º	Disposição transitória	56	58	94	ue/regulamentos/2022/32022R2553.md
32022R2553	Artigo 3.º	Entrada em vigor e aplicação	60	88	574	ue/regulamentos/2022/32022R2553.md
32022R2553	ANEXO I	«ANEXO I	90	117	806	ue/regulamentos/2022/32022R2553.md
32022R2553	ANEXO II	«ANEXO II	119	386	6852	ue/regulamentos/2022/32022R2553.md
32022R2553	ANEXO III	«ANEXO VI	388	11252	795380	ue/regulamentos/2022/32022R2553.md
32022R2554	Artigo 1.º	Objeto	33	59	532	ue/regulamentos/2022/32022R2554.md
32022R2554	Artigo 2.º	Âmbito	61	123	748	ue/regulamentos/2022/32022R2554.md
32022R2554	Artigo 3.º	Definições	125	257	3713	ue/regulamentos/2022/32022R2554.md
32022R2554	Artigo 4.º	Princípio da proporcionalidade	259	265	240	ue/regulamentos/2022/32022R2554.md
32022R2554	Artigo 5.º	Governação e organização	271	305	996	ue/regulamentos/2022/32022R2554.md
32022R2554	Artigo 6.º	Quadro de gestão do risco associado às TIC	309	345	1465	ue/regulamentos/2022/32022R2554.md
32022R2554	Artigo 7.º	Sistemas, protocolos e ferramentas de TIC	347	357	234	ue/regulamentos/2022/32022R2554.md
32022R2554	Artigo 8.º	Identificação	359	373	649	ue/regulamentos/2022/32022R2554.md
32022R2554	Artigo 9.º	Proteção e prevenção	375	407	1036	ue/regulamentos/2022/32022R2554.md
32022R2554	Artigo 10.º	Deteção	409	419	311	ue/regulamentos/2022/32022R2554.md
32022R2554	Artigo 11.º	Resposta e recuperação	421	461	1426	ue/regulamentos/2022/32022R2554.md
32022R2554	Artigo 12.º	Políticas e procedimentos de salvaguarda e procedimentos e métodos de restauração e recuperação	463	493	1055	ue/regulamentos/2022/32022R2554.md
32022R2554	Artigo 13.º	Aprendizagem e evolução	495	525	1042	ue/regulamentos/2022/32022R2554.md
32022R2554	Artigo 14.º	Comunicação	527	533	270	ue/regulamentos/2022/32022R2554.md
32022R2554	Artigo 15.º	Maior harmonização das ferramentas, dos métodos, dos processos e das políticas de gestão do risco associado às TIC	535	557	884	ue/regulamentos/2022/32022R2554.md
32022R2554	Artigo 16.º	Quadro simplificado de gestão do risco associado às TIC	559	599	1302	ue/regulamentos/2022/32022R2554.md
32022R2554	Artigo 17.º	Processo de gestão de incidentes relacionados com as TIC	603	621	572	ue/regulamentos/2022/32022R2554.md
32022R2554	Artigo 18.º	Classificação dos incidentes relacionados com as TIC e das ciberameaças	623	653	986	ue/regulamentos/2022/32022R2554.md
32022R2554	Artigo 19.º	Comunicação dos incidentes de caráter severo relacionados com as TIC e notificação voluntária de ciberameaças significativas	655	703	1964	ue/regulamentos/2022/32022R2554.md
32022R2554	Artigo 20.º	Harmonização dos modelos e conteúdos da notificação	705	725	655	ue/regulamentos/2022/32022R2554.md
32022R2554	Artigo 21.º	Centralização da notificação de incidentes de caráter severo relacionados com as TIC	727	747	402	ue/regulamentos/2022/32022R2554.md
32022R2554	Artigo 22.º	Observações das autoridades de supervisão	749	755	426	ue/regulamentos/2022/32022R2554.md
32022R2554	Artigo 23.º	Incidentes operacionais ou de segurança relacionados com pagamentos que envolvam instituições de crédito, instituições de pagamento, prestadores de serviços de 	757	759	157	ue/regulamentos/2022/32022R2554.md
32022R2554	Artigo 24.º	Requisitos gerais para a realização de testes de resiliência operacional digital	763	775	593	ue/regulamentos/2022/32022R2554.md
32022R2554	Artigo 25.º	Teste dos sistemas e ferramentas no domínio das TIC	777	783	386	ue/regulamentos/2022/32022R2554.md
32022R2554	Artigo 26.º	Testes avançados às ferramentas, sistemas e processos com base nos TLPT	785	847	1998	ue/regulamentos/2022/32022R2554.md
32022R2554	Artigo 27.º	Requisitos aplicáveis aos testadores para a realização dos TLPT	849	871	480	ue/regulamentos/2022/32022R2554.md
32022R2554	Artigo 28.º	Princípios gerais	877	953	2620	ue/regulamentos/2022/32022R2554.md
32022R2554	Artigo 29.º	Avaliação preliminar do risco de concentração no domínio das TIC ao nível da entidade	955	971	732	ue/regulamentos/2022/32022R2554.md
32022R2554	Artigo 30.º	Principais disposições contratuais	973	1033	1908	ue/regulamentos/2022/32022R2554.md
32022R2554	Artigo 31.º	Designação dos terceiros prestadores de serviços de TIC críticos	1037	1097	1998	ue/regulamentos/2022/32022R2554.md
32022R2554	Artigo 32.º	Estrutura do quadro de superintendência	1099	1135	1234	ue/regulamentos/2022/32022R2554.md
32022R2554	Artigo 33.º	Atribuições da autoridade fiscalizadora principal	1137	1171	1052	ue/regulamentos/2022/32022R2554.md
32022R2554	Artigo 34.º	Coordenação operacional entre autoridades fiscalizadoras principais	1173	1179	352	ue/regulamentos/2022/32022R2554.md
32022R2554	Artigo 35.º	Poderes da autoridade fiscalizadora principal	1181	1245	2142	ue/regulamentos/2022/32022R2554.md
32022R2554	Artigo 36.º	Exercício de poderes pela autoridade fiscalizadora principal fora da União	1247	1285	1290	ue/regulamentos/2022/32022R2554.md
32022R2554	Artigo 37.º	Pedidos de informações	1287	1319	718	ue/regulamentos/2022/32022R2554.md
32022R2554	Artigo 38.º	Investigações de caráter geral	1321	1345	718	ue/regulamentos/2022/32022R2554.md
32022R2554	Artigo 39.º	Inspeções	1347	1369	843	ue/regulamentos/2022/32022R2554.md
32022R2554	Artigo 40.º	Superintendência contínua	1371	1391	508	ue/regulamentos/2022/32022R2554.md
32022R2554	Artigo 41.º	Harmonização das condições que permitem o exercício de atividades de superintendência	1393	1407	384	ue/regulamentos/2022/32022R2554.md
32022R2554	Artigo 42.º	Acompanhamento pelas autoridades competentes	1409	1451	1847	ue/regulamentos/2022/32022R2554.md
32022R2554	Artigo 43.º	Taxas de superintendência	1453	1459	304	ue/regulamentos/2022/32022R2554.md
32022R2554	Artigo 44.º	Cooperação internacional	1461	1465	289	ue/regulamentos/2022/32022R2554.md
32022R2554	Artigo 45.º	Acordos de partilha de informações específicas e sensíveis relativas a ciberataques	1469	1481	496	ue/regulamentos/2022/32022R2554.md
32022R2554	Artigo 46.º	Autoridades competentes	1485	1521	955	ue/regulamentos/2022/32022R2554.md
32022R2554	Artigo 47.º	Cooperação com as estruturas e autoridades estabelecidas pela Diretiva (UE) 2022/2555	1523	1531	558	ue/regulamentos/2022/32022R2554.md
32022R2554	Artigo 48.º	Cooperação entre autoridades	1533	1537	162	ue/regulamentos/2022/32022R2554.md
32022R2554	Artigo 49.º	Exercícios, comunicação e cooperação transetorial no domínio financeiro	1539	1547	438	ue/regulamentos/2022/32022R2554.md
32022R2554	Artigo 50.º	Sanções administrativas e medidas corretivas	1549	1583	823	ue/regulamentos/2022/32022R2554.md
32022R2554	Artigo 51.º	Exercício do poder de aplicar sanções administrativas e medidas corretivas	1585	1611	408	ue/regulamentos/2022/32022R2554.md
32022R2554	Artigo 52.º	Sanções penais	1613	1617	244	ue/regulamentos/2022/32022R2554.md
32022R2554	Artigo 53.º	Deveres de notificação	1619	1621	110	ue/regulamentos/2022/32022R2554.md
32022R2554	Artigo 54.º	Publicação das sanções administrativas	1623	1641	622	ue/regulamentos/2022/32022R2554.md
32022R2554	Artigo 55.º	Segredo profissional	1643	1651	372	ue/regulamentos/2022/32022R2554.md
32022R2554	Artigo 56.º	Proteção de dados	1653	1657	218	ue/regulamentos/2022/32022R2554.md
32022R2554	Artigo 57.º	Exercício da delegação	1661	1673	491	ue/regulamentos/2022/32022R2554.md
32022R2554	Artigo 58.º	Cláusula de revisão	1679	1699	988	ue/regulamentos/2022/32022R2554.md
32022R2554	Artigo 59.º	Alteração do Regulamento (CE) n.º 1060/2009	1703	1713	293	ue/regulamentos/2022/32022R2554.md
32022R2554	Artigo 60.º	Alteração do Regulamento (UE) n.º 648/2012	1715	1781	1280	ue/regulamentos/2022/32022R2554.md
32022R2554	Artigo 61.º	Alteração do Regulamento (UE) n.º 909/2014	1783	1813	799	ue/regulamentos/2022/32022R2554.md
32022R2554	Artigo 62.º	Alteração do Regulamento (UE) n.º 600/2014	1815	1851	338	ue/regulamentos/2022/32022R2554.md
32022R2554	Artigo 63.º	Alteração do Regulamento (UE) 2016/1011	1853	1857	133	ue/regulamentos/2022/32022R2554.md
32022R2554	Artigo 64.º	Entrada em vigor e aplicação	1859	1893	1144	ue/regulamentos/2022/32022R2554.md
32022R2560	Artigo 1.º	Objeto e âmbito de aplicação	30	34	283	ue/regulamentos/2022/32022R2560.md
32022R2560	Artigo 2.º	Definições	36	58	690	ue/regulamentos/2022/32022R2560.md
32022R2560	Artigo 3.º	Existência de uma subvenção estrangeira	60	78	424	ue/regulamentos/2022/32022R2560.md
32022R2560	Artigo 4.º	Distorções no mercado interno	80	98	418	ue/regulamentos/2022/32022R2560.md
32022R2560	Artigo 5.º	Categorias de subvenções estrangeiras com maior probabilidade de distorcer o mercado interno	100	114	381	ue/regulamentos/2022/32022R2560.md
32022R2560	Artigo 6.º	Exercício de ponderação	116	120	200	ue/regulamentos/2022/32022R2560.md
32022R2560	Artigo 7.º	Compromissos e medidas corretivas	122	152	685	ue/regulamentos/2022/32022R2560.md
32022R2560	Artigo 8.º	Informação sobre futuras concentrações e futuros procedimentos de contratação pública	154	156	118	ue/regulamentos/2022/32022R2560.md
32022R2560	Artigo 9.º	Análise oficiosa das subvenções estrangeiras	160	166	137	ue/regulamentos/2022/32022R2560.md
32022R2560	Artigo 10.º	Análise preliminar	168	188	648	ue/regulamentos/2022/32022R2560.md
32022R2560	Artigo 11.º	Investigação aprofundada	190	206	488	ue/regulamentos/2022/32022R2560.md
32022R2560	Artigo 12.º	Medidas provisórias	208	220	250	ue/regulamentos/2022/32022R2560.md
32022R2560	Artigo 13.º	Pedidos de informações	222	246	544	ue/regulamentos/2022/32022R2560.md
32022R2560	Artigo 14.º	Inspeções na União	248	278	823	ue/regulamentos/2022/32022R2560.md
32022R2560	Artigo 15.º	Inspeções fora da União	280	282	131	ue/regulamentos/2022/32022R2560.md
32022R2560	Artigo 16.º	Falta de colaboração	284	300	340	ue/regulamentos/2022/32022R2560.md
32022R2560	Artigo 17.º	Coimas e sanções pecuniárias periódicas	302	338	930	ue/regulamentos/2022/32022R2560.md
32022R2560	Artigo 18.º	Revogação	340	352	230	ue/regulamentos/2022/32022R2560.md
32022R2560	Artigo 19.º	Distorções no mercado interno causadas por subvenções estrangeiras no âmbito de concentrações	356	358	123	ue/regulamentos/2022/32022R2560.md
32022R2560	Artigo 20.º	Concentrações e limiares de notificação	360	402	1077	ue/regulamentos/2022/32022R2560.md
32022R2560	Artigo 21.º	Notificação prévia das concentrações	404	414	464	ue/regulamentos/2022/32022R2560.md
32022R2560	Artigo 22.º	Cálculo do volume de negócios	416	476	1120	ue/regulamentos/2022/32022R2560.md
32022R2560	Artigo 23.º	Montante total das contribuições financeiras	478	480	82	ue/regulamentos/2022/32022R2560.md
32022R2560	Artigo 24.º	Suspensão das concentrações e prazos	482	520	1066	ue/regulamentos/2022/32022R2560.md
32022R2560	Artigo 25.º	Regras processuais aplicáveis à análise preliminar e à investigação aprofundada de concentrações notificadas	522	560	946	ue/regulamentos/2022/32022R2560.md
32022R2560	Artigo 26.º	Coimas e sanções pecuniárias periódicas aplicáveis às concentrações	562	576	308	ue/regulamentos/2022/32022R2560.md
32022R2560	Artigo 27.º	Subvenções estrangeiras que distorcem o mercado interno no contexto de procedimentos de contratação pública	580	582	197	ue/regulamentos/2022/32022R2560.md
32022R2560	Artigo 28.º	Limiares de notificação nos procedimentos de contratação pública	584	600	848	ue/regulamentos/2022/32022R2560.md
32022R2560	Artigo 29.º	Notificação prévia ou declaração de contribuições financeiras estrangeiras no contexto de procedimentos de contratação pública	602	618	1530	ue/regulamentos/2022/32022R2560.md
32022R2560	Artigo 30.º	Regras processuais aplicáveis à análise preliminar e à investigação aprofundada das contribuições financeiras notificadas no contexto de procedimentos de contra	620	632	744	ue/regulamentos/2022/32022R2560.md
32022R2560	Artigo 31.º	Decisões da Comissão	634	642	427	ue/regulamentos/2022/32022R2560.md
32022R2560	Artigo 32.º	Avaliações no contexto de procedimentos de contratação pública que impliquem uma notificação e a suspensão da adjudicação	644	660	886	ue/regulamentos/2022/32022R2560.md
32022R2560	Artigo 33.º	Coimas e sanções pecuniárias periódicas aplicáveis às contribuições financeiras no contexto de procedimentos de contratação pública	662	672	285	ue/regulamentos/2022/32022R2560.md
32022R2560	Artigo 34.º	Articulação entre os procedimentos	676	680	156	ue/regulamentos/2022/32022R2560.md
32022R2560	Artigo 35.º	Comunicação de informações	682	688	265	ue/regulamentos/2022/32022R2560.md
32022R2560	Artigo 36.º	Investigação de mercado	690	698	316	ue/regulamentos/2022/32022R2560.md
32022R2560	Artigo 37.º	Diálogo com países terceiros	700	704	243	ue/regulamentos/2022/32022R2560.md
32022R2560	Artigo 38.º	Prazos de prescrição	706	720	562	ue/regulamentos/2022/32022R2560.md
32022R2560	Artigo 39.º	Antievasão	722	726	154	ue/regulamentos/2022/32022R2560.md
32022R2560	Artigo 40.º	Publicação das decisões	728	734	174	ue/regulamentos/2022/32022R2560.md
32022R2560	Artigo 41.º	Destinatários das decisões	736	742	202	ue/regulamentos/2022/32022R2560.md
32022R2560	Artigo 42.º	Divulgação e direitos de defesa	744	756	482	ue/regulamentos/2022/32022R2560.md
32022R2560	Artigo 43.º	Sigilo profissional e confidencialidade	758	766	262	ue/regulamentos/2022/32022R2560.md
32022R2560	Artigo 44.º	Articulação com outros instrumentos	770	788	653	ue/regulamentos/2022/32022R2560.md
32022R2560	Artigo 45.º	Fiscalização pelo Tribunal de Justiça	792	794	98	ue/regulamentos/2022/32022R2560.md
32022R2560	Artigo 46.º	Orientações	796	812	254	ue/regulamentos/2022/32022R2560.md
32022R2560	Artigo 47.º	Atos de execução	814	842	495	ue/regulamentos/2022/32022R2560.md
32022R2560	Artigo 48.º	Procedimento de comité	844	848	63	ue/regulamentos/2022/32022R2560.md
32022R2560	Artigo 49.º	Atos delegados	850	928	2413	ue/regulamentos/2022/32022R2560.md
32022R2560	Artigo 50.º	Exercício da delegação	930	948	520	ue/regulamentos/2022/32022R2560.md
32022R2560	Artigo 51.º	Atos delegados separados para diferentes poderes delegados	950	952	48	ue/regulamentos/2022/32022R2560.md
32022R2560	Artigo 52.º	Apresentação de relatórios e revisão	954	974	533	ue/regulamentos/2022/32022R2560.md
32022R2560	Artigo 53.º	Disposições transitórias	976	988	242	ue/regulamentos/2022/32022R2560.md
32022R2560	Artigo 54.º	Entrada em vigor e data de aplicação	990	1020	806	ue/regulamentos/2022/32022R2560.md
32022R2563	Preâmbulo		18	64	2000	ue/regulamentos/2022/32022R2563.md
32022R2563	Artigo 1.º		68	76	102	ue/regulamentos/2022/32022R2563.md
32022R2563	Artigo 2.º		78	96	216	ue/regulamentos/2022/32022R2563.md
32022R2563	ANEXO	«ANEXO	98	221	7318	ue/regulamentos/2022/32022R2563.md
32022R2565	Preâmbulo		18	38	544	ue/regulamentos/2022/32022R2565.md
32022R2565	Artigo 1.º	Indicadores do quadro de acompanhamento e avaliação e requisitos em matéria de apresentação de relatórios	42	52	292	ue/regulamentos/2022/32022R2565.md
32022R2565	Artigo 2.º	Entrada em vigor e aplicação	54	72	192	ue/regulamentos/2022/32022R2565.md
32022R2565	ANEXO	Lista de indicadores adicionais no que diz respeito ao quadro de acompanhamento e avaliação do Programa Alfândega referido nos artigos 13.º e 14.º do Regulament	74	154	953	ue/regulamentos/2022/32022R2565.md
32022R2566	Preâmbulo		18	44	1093	ue/regulamentos/2022/32022R2566.md
32022R2566	Artigo 1.º	Alterações do Regulamento Delegado (UE) 2018/273	48	134	2033	ue/regulamentos/2022/32022R2566.md
32022R2566	Artigo 2.º	Retificação do Regulamento Delegado (UE) 2018/273	136	148	248	ue/regulamentos/2022/32022R2566.md
32022R2566	Artigo 3.º	Entrada em vigor	150	168	467	ue/regulamentos/2022/32022R2566.md
32022R2567	Preâmbulo		18	52	1362	ue/regulamentos/2022/32022R2567.md
32022R2567	Artigo 1.º		56	60	34	ue/regulamentos/2022/32022R2567.md
32022R2567	«Artigo 3.º	Decisões preliminares sobre as superfícies a disponibilizar para novas plantações	62	108	1248	ue/regulamentos/2022/32022R2567.md
32022R2567	Artigo 2.º		110	130	605	ue/regulamentos/2022/32022R2567.md
32022R2567	ANEXO I		132	167	980	ue/regulamentos/2022/32022R2567.md
32022R2567	ANEXO II		169	209	189	ue/regulamentos/2022/32022R2567.md
32022R2567	ANEXO III		211	245	581	ue/regulamentos/2022/32022R2567.md
32022R2573	Preâmbulo		18	42	794	ue/regulamentos/2022/32022R2573.md
32022R2573	Artigo 1.º		46	60	266	ue/regulamentos/2022/32022R2573.md
32022R2573	«Artigo 2.º	Definições	62	100	1250	ue/regulamentos/2022/32022R2573.md
32022R2573	«Artigo 6.º-A	Pedido de encerramento manual	102	106	210	ue/regulamentos/2022/32022R2573.md
32022R2573	«Artigo 10.º	Troca obrigatória de informações — Resultados da cooperação administrativa	108	114	299	ue/regulamentos/2022/32022R2573.md
32022R2573	«Artigo 13.º	Troca obrigatória de informações — notificação de alerta ou rejeição	116	128	469	ue/regulamentos/2022/32022R2573.md
32022R2573	Artigo 2.º		130	158	493	ue/regulamentos/2022/32022R2573.md
32022R2573	ANEXO I		160	1063	35215	ue/regulamentos/2022/32022R2573.md
32022R2573	ANEXO II		1065	1204	1919	ue/regulamentos/2022/32022R2573.md
32022R2579	Preâmbulo		18	46	1106	ue/regulamentos/2022/32022R2579.md
32022R2579	Artigo 1.º	Âmbito das informações exigidas	50	62	447	ue/regulamentos/2022/32022R2579.md
32022R2579	Artigo 2.º	Entrada em vigor	64	84	346	ue/regulamentos/2022/32022R2579.md
32022R2580	Artigo 1.º	Informações sobre a identidade da instituição de crédito requerente	36	62	500	ue/regulamentos/2022/32022R2580.md
32022R2580	Artigo 2.º	Informações sobre o histórico da instituição de crédito requerente	64	104	1268	ue/regulamentos/2022/32022R2580.md
32022R2580	Artigo 3.º	Programa de atividades da instituição de crédito requerente	106	114	201	ue/regulamentos/2022/32022R2580.md
32022R2580	Artigo 4.º	Informações financeiras sobre a instituição de crédito requerente	116	184	1762	ue/regulamentos/2022/32022R2580.md
32022R2580	Artigo 5.º	Informações sobre o programa de atividades, a estrutura organizativa, os sistemas de controlo interno e os auditores da instituição de crédito requerente	186	276	1964	ue/regulamentos/2022/32022R2580.md
32022R2580	Artigo 6.º	Informações sobre o capital no momento da autorização da instituição de crédito requerente	278	296	780	ue/regulamentos/2022/32022R2580.md
32022R2580	Artigo 7.º	Informações sobre a direção efetiva da instituição de crédito requerente	298	312	556	ue/regulamentos/2022/32022R2580.md
32022R2580	Artigo 8.º	Informações sobre acionistas ou membros com participações qualificadas na instituição de crédito requerente	314	328	532	ue/regulamentos/2022/32022R2580.md
32022R2580	Artigo 9.º	Informações sobre os 20 maiores acionistas ou membros da instituição de crédito requerente, que não os acionistas ou membros com participações qualificadas	330	342	230	ue/regulamentos/2022/32022R2580.md
32022R2580	Artigo 10.º	Informações adicionais	344	354	390	ue/regulamentos/2022/32022R2580.md
32022R2580	Artigo 11.º	Isenção	356	362	145	ue/regulamentos/2022/32022R2580.md
32022R2580	Artigo 12.º	Potenciais obstáculos ao exercício efetivo da supervisão	364	376	337	ue/regulamentos/2022/32022R2580.md
32022R2580	Artigo 13.º	Entrada em vigor e data de aplicação	378	388	93	ue/regulamentos/2022/32022R2580.md
32022R2580	ANEXO I	Informações sobre a direção efetiva da instituição de crédito requerente	390	466	2078	ue/regulamentos/2022/32022R2580.md
32022R2580	ANEXO II	Informações para permitir às autoridades competentes avaliarem os acionistas ou membros com participações qualificadas	468	724	6595	ue/regulamentos/2022/32022R2580.md
32022R2581	Artigo 1.º	Apresentação do pedido de autorização enquanto instituição de crédito	36	40	157	ue/regulamentos/2022/32022R2581.md
32022R2581	Artigo 2.º	Avaliação da completude dos pedidos de autorização enquanto instituição de crédito	42	50	247	ue/regulamentos/2022/32022R2581.md
32022R2581	Artigo 3.º	Pedidos de autorização enquanto instituição de crédito que são objeto do presente regulamento	52	58	64	ue/regulamentos/2022/32022R2581.md
32022R2581	Artigo 4.º	Entrada em vigor e aplicação	60	70	91	ue/regulamentos/2022/32022R2581.md
32022R2581	ANEXO		72	349	7126	ue/regulamentos/2022/32022R2581.md
32022R2583	Preâmbulo		18	60	2113	ue/regulamentos/2022/32022R2583.md
32022R2583	Artigo 1.º		64	78	161	ue/regulamentos/2022/32022R2583.md
32022R2583	Artigo 2.º		80	100	269	ue/regulamentos/2022/32022R2583.md
32022R2583	ANEXO	«ANEXO	102	2484	136865	ue/regulamentos/2022/32022R2583.md
32022R2584	Preâmbulo		18	48	578	ue/regulamentos/2022/32022R2584.md
32022R2584	Artigo 1.º		52	68	130	ue/regulamentos/2022/32022R2584.md
32022R2584	Artigo 2.º		70	96	429	ue/regulamentos/2022/32022R2584.md
32022R2586	Preâmbulo		18	52	1628	ue/regulamentos/2022/32022R2586.md
32022R2586	Artigo 1.º	Isenções por categoria	56	88	498	ue/regulamentos/2022/32022R2586.md
32022R2586	Artigo 2.º	Transparência e controlo	90	98	359	ue/regulamentos/2022/32022R2586.md
32022R2586	Artigo 3.º	Período de vigência e alteração dos regulamentos	100	104	137	ue/regulamentos/2022/32022R2586.md
32022R2586	Artigo 4.º	Audição das pessoas e organizações interessadas	106	108	104	ue/regulamentos/2022/32022R2586.md
32022R2586	Artigo 5.º	Consulta do Comité Consultivo em matéria de auxílios estatais	110	124	373	ue/regulamentos/2022/32022R2586.md
32022R2586	Artigo 6.º	Relatório de avaliação	126	128	69	ue/regulamentos/2022/32022R2586.md
32022R2586	Artigo 7.º	Entrada em vigor	130	150	316	ue/regulamentos/2022/32022R2586.md
32022R2588	Preâmbulo		18	60	2328	ue/regulamentos/2022/32022R2588.md
32022R2588	Artigo 1.º		64	66	30	ue/regulamentos/2022/32022R2588.md
32022R2588	Artigo 2.º		68	94	226	ue/regulamentos/2022/32022R2588.md
32022R2588	ANEXO		96	128	694	ue/regulamentos/2022/32022R2588.md
