celex	unidade	epigrafe	linha_ini	linha_fim	tokens	ficheiro
32004D0002	Artigo único		33	37	106	ue/decisoes/2004/32004D0002.md
32004D0002	Artigo 1.º	Definições	43	49	180	ue/decisoes/2004/32004D0002.md
32004D0002	Artigo 2.º	Data e local das reuniões do Conselho do BCE	53	63	183	ue/decisoes/2004/32004D0002.md
32004D0002	Artigo 3.º	Participação nas reuniões do Conselho do BCE	65	77	256	ue/decisoes/2004/32004D0002.md
32004D0002	Artigo 3.º-A	Sistema de rotação	79	95	606	ue/decisoes/2004/32004D0002.md
32004D0002	Artigo 4.º	Votação	97	119	719	ue/decisoes/2004/32004D0002.md
32004D0002	Artigo 5.º	Organização das reuniões do Conselho do BCE	121	129	330	ue/decisoes/2004/32004D0002.md
32004D0002	Artigo 5.º-A	Código de Conduta dos membros do Conselho do BCE	131	141	130	ue/decisoes/2004/32004D0002.md
32004D0002	Artigo 6.º	Data e local das reuniões da Comissão Executiva	145	149	64	ue/decisoes/2004/32004D0002.md
32004D0002	Artigo 7.º	Votação	151	157	173	ue/decisoes/2004/32004D0002.md
32004D0002	Artigo 8.º	Organização das reuniões da Comissão Executiva	159	161	34	ue/decisoes/2004/32004D0002.md
32004D0002	Artigo 9.º	Comités do SEBC/Eurosistema	167	183	598	ue/decisoes/2004/32004D0002.md
32004D0002	Artigo 9.º.ºA		185	189	30	ue/decisoes/2004/32004D0002.md
32004D0002	Artigo 9.º-B	Comité de Auditoria	191	195	128	ue/decisoes/2004/32004D0002.md
32004D0002	Artigo 10.º	Estrutura interna	197	201	169	ue/decisoes/2004/32004D0002.md
32004D0002	Artigo 11.º	Pessoal do BCE	203	213	168	ue/decisoes/2004/32004D0002.md
32004D0002	Artigo 12.º	Relações entre o Conselho do BCE e o Conselho Geral	217	237	364	ue/decisoes/2004/32004D0002.md
32004D0002	Artigo 13.º	Relações entre a Comissão Executiva e o Conselho Geral	239	249	259	ue/decisoes/2004/32004D0002.md
32004D0002	Artigo 13.º-A	Conselho de Supervisão	253	255	116	ue/decisoes/2004/32004D0002.md
32004D0002	Artigo 13.º-B	Composição do Conselho de Supervisão	257	281	417	ue/decisoes/2004/32004D0002.md
32004D0002	Artigo 13.º-C	Votação nos termos do artigo 26.º, n.º 7, do Regulamento (UE) n.º 1024/2013	283	299	332	ue/decisoes/2004/32004D0002.md
32004D0002	Artigo 13.º-D	Regulamento Interno do Conselho de Supervisão	301	303	66	ue/decisoes/2004/32004D0002.md
32004D0002	Artigo 13.º-E	Código de Conduta dos membros do Conselho de Supervisão	305	315	142	ue/decisoes/2004/32004D0002.md
32004D0002	Artigo 13.º-F	Reuniões do Conselho de Supervisão	317	321	67	ue/decisoes/2004/32004D0002.md
32004D0002	Artigo 13.º-G	Adoção de decisões para efeitos do desempenhodas atribuições referidas no artigo 4.º do Regulamento (UE) n.º 1024/2013	323	339	715	ue/decisoes/2004/32004D0002.md
32004D0002	Artigo 13.º-H	Adoção de decisões para o desempenho das atribuições referidas no artigo 5.º do Regulamento (UE) n.º 1024/2013	341	357	723	ue/decisoes/2004/32004D0002.md
32004D0002	Artigo 13.º-J	Regulamento-Quadro referido no artigo 6.º, n.º 7, do Regulamento (UE) n.º 1024/2013	359	361	113	ue/decisoes/2004/32004D0002.md
32004D0002	Artigo 13.º-K	Separação entre política monetária e atribuições de supervisão	363	375	168	ue/decisoes/2004/32004D0002.md
32004D0002	Artigo 13.º-L	Organização das reuniões do Conselho do BCE relativas às atribuições de supervisão	377	393	378	ue/decisoes/2004/32004D0002.md
32004D0002	Artigo 13.º-M	Estrutura interna relativa às atribuições de supervisão	395	411	323	ue/decisoes/2004/32004D0002.md
32004D0002	Artigo 13.º-N	Apresentação dos relatórios previstos no artigo 20.º, n.º 2, do Regulamento (UE) n.º 1024/2013	413	415	99	ue/decisoes/2004/32004D0002.md
32004D0002	Artigo 13.º-O	Representantes do BCE na Autoridade Bancária Europeia	417	427	201	ue/decisoes/2004/32004D0002.md
32004D0002	Artigo 14.º	Delegação de poderes	431	435	168	ue/decisoes/2004/32004D0002.md
32004D0002	Artigo 15.º	Procedimento orçamental	437	445	154	ue/decisoes/2004/32004D0002.md
32004D0002	Artigo 16.º	Apresentação de relatórios e contas anuais	447	455	240	ue/decisoes/2004/32004D0002.md
32004D0002	Artigo 17.º	Instrumentos jurídicos do BCE	457	489	826	ue/decisoes/2004/32004D0002.md
32004D0002	Artigo 17.º-A	Instrumentos jurídicos do BCE relativos às atribuições de supervisão	491	511	344	ue/decisoes/2004/32004D0002.md
32004D0002	Artigo 18.º	Procedimento previsto no artigo 128.º, n.º 2, do Tratado	513	517	80	ue/decisoes/2004/32004D0002.md
32004D0002	Artigo 19.º	Aquisições	519	527	138	ue/decisoes/2004/32004D0002.md
32004D0002	Artigo 21.º	Regime aplicável ao pessoal	529	537	164	ue/decisoes/2004/32004D0002.md
32004D0002	Artigo 22.º	Comunicações e anúncios	539	541	84	ue/decisoes/2004/32004D0002.md
32004D0002	Artigo 23.º	Confidencialidade dos documentos do BCE e acesso aos mesmos	543	555	318	ue/decisoes/2004/32004D0002.md
32004D0002	Artigo 23.º-A	Confidencialidade e segredo profissional relativos às atribuições de supervisão	557	571	184	ue/decisoes/2004/32004D0002.md
32004D0002	Artigo 24.º	Alterações ao presente Regulamento Interno	575	579	64	ue/decisoes/2004/32004D0002.md
32004D0002	ANEXO	(referido no artigo 13.º-C, alínea iv))	581	599	549	ue/decisoes/2004/32004D0002.md
32004D0003	Artigo 1.º		43	61	404	ue/decisoes/2004/32004D0003.md
32004D0003	Artigo 2.º		63	65	69	ue/decisoes/2004/32004D0003.md
32004D0003	Artigo 3.º		67	69	40	ue/decisoes/2004/32004D0003.md
32004D0003	Artigo 4.º		71	75	57	ue/decisoes/2004/32004D0003.md
32004D0003	Artigo 5.º		77	81	20	ue/decisoes/2004/32004D0003.md
32004D0003	ANEXO I		83	94	271	ue/decisoes/2004/32004D0003.md
32004D0003	ANEXO II		96	105	82	ue/decisoes/2004/32004D0003.md
32004D0003	ANEXO III		107	123	139	ue/decisoes/2004/32004D0003.md
32004D0003(01)	Artigo 1.º	Objectivo	63	65	64	ue/decisoes/2004/32004D0003(01).md
32004D0003(01)	Artigo 2.º	Beneficiários e âmbito de aplicação	67	73	172	ue/decisoes/2004/32004D0003(01).md
32004D0003(01)	Artigo 3.º	Definições	75	89	264	ue/decisoes/2004/32004D0003(01).md
32004D0003(01)	Artigo 4.º	Excepções	91	159	926	ue/decisoes/2004/32004D0003(01).md
32004D0003(01)	Artigo 5.º	Documentos em poder dos BCN	161	165	101	ue/decisoes/2004/32004D0003(01).md
32004D0003(01)	Artigo 6.º	Pedidos	167	173	176	ue/decisoes/2004/32004D0003(01).md
32004D0003(01)	Artigo 7.º	Processamento dos pedidos iniciais	175	183	377	ue/decisoes/2004/32004D0003(01).md
32004D0003(01)	Artigo 8.º	Processamento dos pedidos confirmativos	185	191	274	ue/decisoes/2004/32004D0003(01).md
32004D0003(01)	Artigo 9.º	Acesso na sequência de um pedido	193	199	239	ue/decisoes/2004/32004D0003(01).md
32004D0003(01)	Artigo 10.º	Reprodução de documentos	201	205	118	ue/decisoes/2004/32004D0003(01).md
32004D0003(01)	Artigo 11.º	Disposições finais	207	227	238	ue/decisoes/2004/32004D0003(01).md
32004D0011	Preâmbulo		18	58	980	ue/decisoes/2004/32004D0011.md
32004D0011	Artigo 1.º		62	68	94	ue/decisoes/2004/32004D0011.md
32004D0011	Artigo 2.º		70	72	66	ue/decisoes/2004/32004D0011.md
32004D0011	Artigo 3.º		74	78	82	ue/decisoes/2004/32004D0011.md
32004D0011	Artigo 4.º		80	112	295	ue/decisoes/2004/32004D0011.md
32004D0012	Preâmbulo		18	268	14470	ue/decisoes/2004/32004D0012.md
32004D0012	Artigo 1.º		272	274	79	ue/decisoes/2004/32004D0012.md
32004D0012	Artigo 2.º		276	330	987	ue/decisoes/2004/32004D0012.md
32004D0012(01)	Preâmbulo		22	28	50	ue/decisoes/2004/32004D0012(01).md
32004D0012(01)	Artigo único		32	36	70	ue/decisoes/2004/32004D0012(01).md
32004D0012(01)	Artigo 1.º	Definições	40	42	77	ue/decisoes/2004/32004D0012(01).md
32004D0012(01)	Artigo 2.º	Data e local das reuniões do Conselho Geral	46	56	153	ue/decisoes/2004/32004D0012(01).md
32004D0012(01)	Artigo 3.º	Participação nas reuniões do Conselho Geral	58	68	262	ue/decisoes/2004/32004D0012(01).md
32004D0012(01)	Artigo 4.º	Votação	70	84	283	ue/decisoes/2004/32004D0012(01).md
32004D0012(01)	Artigo 5.º	Organização das reuniões do Conselho Geral	86	90	267	ue/decisoes/2004/32004D0012(01).md
32004D0012(01)	Artigo 6.º	Relações entre o Conselho Geral e o Conselho do BCE	94	126	784	ue/decisoes/2004/32004D0012(01).md
32004D0012(01)	Artigo 7.º	Relações entre o Conselho Geral e a Comissão Executiva	128	136	272	ue/decisoes/2004/32004D0012(01).md
32004D0012(01)	Artigo 8.º	Comités do Sistema Europeu de Bancos Centrais	138	142	169	ue/decisoes/2004/32004D0012(01).md
32004D0012(01)	Artigo 9.º	Instrumentos jurídicos	146	150	135	ue/decisoes/2004/32004D0012(01).md
32004D0012(01)	Artigo 10.º	Confidencialidade dos documentos do BCE e acesso aos mesmos	152	158	252	ue/decisoes/2004/32004D0012(01).md
32004D0012(01)	Artigo 11.º	Termo da vigência	160	170	108	ue/decisoes/2004/32004D0012(01).md
32004D0013	Preâmbulo		18	50	1700	ue/decisoes/2004/32004D0013.md
32004D0014(01)	Preâmbulo		18	36	448	ue/decisoes/2004/32004D0014(01).md
32004D0014(01)	Artigo 1.º		40	58	128	ue/decisoes/2004/32004D0014(01).md
32004D0014(01)	Artigo 2.º		60	70	95	ue/decisoes/2004/32004D0014(01).md
32004D0016	Preâmbulo		18	36	426	ue/decisoes/2004/32004D0016.md
32004D0016	Artigo 1.º		40	42	68	ue/decisoes/2004/32004D0016.md
32004D0016	Artigo 2.º		44	46	43	ue/decisoes/2004/32004D0016.md
32004D0016	Artigo 3.º		48	50	43	ue/decisoes/2004/32004D0016.md
32004D0016	Artigo 4.º		52	72	126	ue/decisoes/2004/32004D0016.md
32004D0018	Preâmbulo		18	48	772	ue/decisoes/2004/32004D0018.md
32004D0018	Artigo 1.º		52	108	924	ue/decisoes/2004/32004D0018.md
32004D0018	Artigo 2.º	Destinatário	110	130	180	ue/decisoes/2004/32004D0018.md
32004D0019(01)	Preâmbulo		18	30	163	ue/decisoes/2004/32004D0019(01).md
32004D0019(01)	Artigo 1.º	Aprovação do volume de moeda metálica de euro a emitir em 2005	34	52	160	ue/decisoes/2004/32004D0019(01).md
32004D0019(01)	Artigo 2.º	Disposição final	54	62	52	ue/decisoes/2004/32004D0019(01).md
32004D0023	Preâmbulo		18	36	551	ue/decisoes/2004/32004D0023.md
32004D0026	Preâmbulo		18	46	708	ue/decisoes/2004/32004D0026.md
32004D0026	Artigo 1.º		50	52	64	ue/decisoes/2004/32004D0026.md
32004D0026	Artigo 2.º		54	80	248	ue/decisoes/2004/32004D0026.md
32004D0026	Artigo 3.º		82	86	96	ue/decisoes/2004/32004D0026.md
32004D0026	Artigo 4.º		88	90	36	ue/decisoes/2004/32004D0026.md
32004D0026	Artigo 5.º		92	98	150	ue/decisoes/2004/32004D0026.md
32004D0026	Artigo 6.º		100	102	88	ue/decisoes/2004/32004D0026.md
32004D0026	Artigo 7.º		104	110	229	ue/decisoes/2004/32004D0026.md
32004D0026	Artigo 8.º		112	114	48	ue/decisoes/2004/32004D0026.md
32004D0026	Artigo 9.º		116	136	86	ue/decisoes/2004/32004D0026.md
32004D0026	ANEXO I	Quadro financeiro para 2003	138	140	16	ue/decisoes/2004/32004D0026.md
32004D0026	ANEXO II	I. Disposições de aplicação do programa Acompanhamento e avaliação	142	210	1314	ue/decisoes/2004/32004D0026.md
32004D0026(01)	Preâmbulo		18	56	1270	ue/decisoes/2004/32004D0026(01).md
32004D0026(01)	Artigo 1.º	Obrigação de cooperar com o Organismo	60	62	128	ue/decisoes/2004/32004D0026(01).md
32004D0026(01)	Artigo 2.º	Obrigação de informação	64	72	388	ue/decisoes/2004/32004D0026(01).md
32004D0026(01)	Artigo 3.º	Assistência do serviço de segurança	74	76	48	ue/decisoes/2004/32004D0026(01).md
32004D0026(01)	Artigo 4.º	Informação ao interessado	78	82	220	ue/decisoes/2004/32004D0026(01).md
32004D0026(01)	Artigo 5.º	Informação sobre o arquivamento do inquérito	84	86	73	ue/decisoes/2004/32004D0026(01).md
32004D0026(01)	Artigo 6.º	Levantamento de imunidade	88	90	114	ue/decisoes/2004/32004D0026(01).md
32004D0026(01)	Artigo 7.º	Disposição final	92	110	147	ue/decisoes/2004/32004D0026(01).md
32004D0027	Preâmbulo		18	48	854	ue/decisoes/2004/32004D0027.md
32004D0027	Artigo 1.º		52	106	958	ue/decisoes/2004/32004D0027.md
32004D0027	Artigo 2.º		108	132	195	ue/decisoes/2004/32004D0027.md
32004D0032	Preâmbulo		18	326	15672	ue/decisoes/2004/32004D0032.md
32004D0032	Artigo 1.º		330	332	46	ue/decisoes/2004/32004D0032.md
32004D0032	Artigo 2.º		334	404	898	ue/decisoes/2004/32004D0032.md
32004D0033	Preâmbulo		18	472	26913	ue/decisoes/2004/32004D0033.md
32004D0033	Artigo 1.º		476	480	132	ue/decisoes/2004/32004D0033.md
32004D0033	Artigo 2.º		482	486	143	ue/decisoes/2004/32004D0033.md
32004D0033	Artigo 3.º		488	492	152	ue/decisoes/2004/32004D0033.md
32004D0033	Artigo 4.º		494	496	59	ue/decisoes/2004/32004D0033.md
32004D0033	Artigo 5.º		498	500	53	ue/decisoes/2004/32004D0033.md
32004D0033	Artigo 6.º		502	708	5904	ue/decisoes/2004/32004D0033.md
32004D0042	Preâmbulo		18	38	384	ue/decisoes/2004/32004D0042.md
32004D0042	Artigo 1.º		42	46	90	ue/decisoes/2004/32004D0042.md
32004D0042	Artigo 2.º	O Presidente do Conselho fica autorizado a designar as pessoas habilitadas a assinar o acordo referido no artigo 1.º	48	62	82	ue/decisoes/2004/32004D0042.md
32004D0050	Preâmbulo		18	142	6123	ue/decisoes/2004/32004D0050.md
32004D0050	Artigo 1.º		146	150	107	ue/decisoes/2004/32004D0050.md
32004D0050	Artigo 2.º		152	188	401	ue/decisoes/2004/32004D0050.md
32004D0051	Preâmbulo		18	42	742	ue/decisoes/2004/32004D0051.md
32004D0051	Artigo 1.º	Pagamento de uma participação financeira da Comunidade a favor da Alemanha	46	52	254	ue/decisoes/2004/32004D0051.md
32004D0051	Artigo 2.º	Definições	54	66	212	ue/decisoes/2004/32004D0051.md
32004D0051	Artigo 3.º	Despesas elegíveis cobertas pela participação financeira da Comunidade	68	92	410	ue/decisoes/2004/32004D0051.md
32004D0051	Artigo 4.º	Condições de pagamento e documentos comprovativos	94	110	365	ue/decisoes/2004/32004D0051.md
32004D0051	Artigo 5.º	Controlos no local efectuados pela Comissão	112	114	71	ue/decisoes/2004/32004D0051.md
32004D0051	Artigo 6.º	Destinatário	116	150	136	ue/decisoes/2004/32004D0051.md
32004D0051	ANEXO II	Pedido referido no artigo 4.º	152	154	20	ue/decisoes/2004/32004D0051.md
32004D0051	ANEXO III	Despesas elegíveis referidas no n.º 3 do artigo 3.º	156	188	504	ue/decisoes/2004/32004D0051.md
32004D0056	Preâmbulo		18	34	229	ue/decisoes/2004/32004D0056.md
32004D0057	Preâmbulo		18	48	510	ue/decisoes/2004/32004D0057.md
32004D0058	Preâmbulo		18	34	227	ue/decisoes/2004/32004D0058.md
32004D0059	Preâmbulo		18	34	234	ue/decisoes/2004/32004D0059.md
32004D0060	Preâmbulo		18	34	239	ue/decisoes/2004/32004D0060.md
32004D0061	Preâmbulo		18	36	238	ue/decisoes/2004/32004D0061.md
32004D0061	Artigo 1.º		40	44	78	ue/decisoes/2004/32004D0061.md
32004D0061	Artigo 2.º		46	48	37	ue/decisoes/2004/32004D0061.md
32004D0061	Artigo 3.º		50	52	22	ue/decisoes/2004/32004D0061.md
32004D0061	Artigo 4.º		54	66	47	ue/decisoes/2004/32004D0061.md
32004D0064	Preâmbulo		18	36	340	ue/decisoes/2004/32004D0064.md
32004D0064	Artigo 1.º		40	42	24	ue/decisoes/2004/32004D0064.md
32004D0064	Artigo 2.º		44	62	176	ue/decisoes/2004/32004D0064.md
32004D0065	Preâmbulo		18	42	658	ue/decisoes/2004/32004D0065.md
32004D0065	Artigo 1.º		46	48	92	ue/decisoes/2004/32004D0065.md
32004D0065	Artigo 2.º		50	52	74	ue/decisoes/2004/32004D0065.md
32004D0065	Artigo 3.º		54	56	79	ue/decisoes/2004/32004D0065.md
32004D0065	Artigo 4.º		58	60	71	ue/decisoes/2004/32004D0065.md
32004D0065	Artigo 5.º		62	64	45	ue/decisoes/2004/32004D0065.md
32004D0065	Artigo 6.º		66	68	44	ue/decisoes/2004/32004D0065.md
32004D0065	Artigo 7.º		70	96	244	ue/decisoes/2004/32004D0065.md
32004D0066	Preâmbulo		18	40	510	ue/decisoes/2004/32004D0066.md
32004D0066	Artigo 1.º		44	64	454	ue/decisoes/2004/32004D0066.md
32004D0066	Artigo 2.º		66	82	129	ue/decisoes/2004/32004D0066.md
32004D0072	Preâmbulo		18	46	686	ue/decisoes/2004/32004D0072.md
32004D0073	Preâmbulo		18	90	3323	ue/decisoes/2004/32004D0073.md
32004D0073	Artigo 1.º		94	98	131	ue/decisoes/2004/32004D0073.md
32004D0073	Artigo 2.º		100	104	131	ue/decisoes/2004/32004D0073.md
32004D0073	Artigo 3.º		106	134	250	ue/decisoes/2004/32004D0073.md
32004D0075	Preâmbulo		18	36	304	ue/decisoes/2004/32004D0075.md
32004D0075	Artigo 1.º		40	44	71	ue/decisoes/2004/32004D0075.md
32004D0075	Artigo 2.º		46	48	37	ue/decisoes/2004/32004D0075.md
32004D0075	Artigo 3.º		50	52	22	ue/decisoes/2004/32004D0075.md
32004D0075	Artigo 4.º		54	66	52	ue/decisoes/2004/32004D0075.md
32004D0076	Preâmbulo		18	266	15123	ue/decisoes/2004/32004D0076.md
32004D0076	Artigo 1.º		270	272	108	ue/decisoes/2004/32004D0076.md
32004D0076	Artigo 2.º		274	280	114	ue/decisoes/2004/32004D0076.md
32004D0076	Artigo 3.º		282	284	44	ue/decisoes/2004/32004D0076.md
32004D0076	Artigo 4.º		286	334	436	ue/decisoes/2004/32004D0076.md
32004D0077	Preâmbulo		18	258	13850	ue/decisoes/2004/32004D0077.md
32004D0077	Artigo 1.º		262	264	54	ue/decisoes/2004/32004D0077.md
32004D0077	Artigo 2.º		266	268	46	ue/decisoes/2004/32004D0077.md
32004D0077	Artigo 3.º		270	272	45	ue/decisoes/2004/32004D0077.md
32004D0077	Artigo 4.º		274	328	914	ue/decisoes/2004/32004D0077.md
32004D0079	Preâmbulo		18	40	656	ue/decisoes/2004/32004D0079.md
32004D0079	Artigo 1.º		44	48	123	ue/decisoes/2004/32004D0079.md
32004D0079	Artigo 2.º		50	52	37	ue/decisoes/2004/32004D0079.md
32004D0079	Artigo 3.º		54	70	77	ue/decisoes/2004/32004D0079.md
32004D0080	Preâmbulo		18	42	425	ue/decisoes/2004/32004D0080.md
32004D0080	Artigo 1.º		46	50	72	ue/decisoes/2004/32004D0080.md
32004D0080	Artigo 2.º		52	54	28	ue/decisoes/2004/32004D0080.md
32004D0080	Artigo 3.º		56	58	39	ue/decisoes/2004/32004D0080.md
32004D0080	Artigo 4.º		60	64	108	ue/decisoes/2004/32004D0080.md
32004D0080	Artigo 5.º		66	68	22	ue/decisoes/2004/32004D0080.md
32004D0080	Artigo 6.º		70	84	112	ue/decisoes/2004/32004D0080.md
32004D0089	Preâmbulo		18	460	22827	ue/decisoes/2004/32004D0089.md
32004D0089	Artigo 1.º		464	480	644	ue/decisoes/2004/32004D0089.md
32004D0089	Artigo 2.º		482	484	40	ue/decisoes/2004/32004D0089.md
32004D0089	Artigo 3.º		486	554	1459	ue/decisoes/2004/32004D0089.md
32004D0090	Artigo 1.º		56	58	44	ue/decisoes/2004/32004D0090.md
32004D0090	Artigo 2.º		60	62	20	ue/decisoes/2004/32004D0090.md
32004D0090	Artigo 3.º		64	66	19	ue/decisoes/2004/32004D0090.md
32004D0090	ANEXO	ÍNDICE	68	909	18548	ue/decisoes/2004/32004D0090.md
32004D0090	Apêndice I	CERTIFICAÇÃO DOS PÊNDULOS	911	1097	3860	ue/decisoes/2004/32004D0090.md
32004D0091	Preâmbulo		18	38	464	ue/decisoes/2004/32004D0091.md
32004D0091	Artigo 1.º		42	46	64	ue/decisoes/2004/32004D0091.md
32004D0091	Artigo 2.º		48	50	38	ue/decisoes/2004/32004D0091.md
32004D0091	Artigo 3.º		52	54	26	ue/decisoes/2004/32004D0091.md
32004D0091	Artigo 4.º		56	58	82	ue/decisoes/2004/32004D0091.md
32004D0091	Artigo 5.º		60	62	82	ue/decisoes/2004/32004D0091.md
32004D0091	Artigo 6.º		64	78	121	ue/decisoes/2004/32004D0091.md
32004D0096	Preâmbulo		18	42	509	ue/decisoes/2004/32004D0096.md
32004D0096	Artigo 1.º		46	50	163	ue/decisoes/2004/32004D0096.md
32004D0096	Artigo 2.º		52	60	178	ue/decisoes/2004/32004D0096.md
32004D0096	Artigo 3.º		62	64	72	ue/decisoes/2004/32004D0096.md
32004D0096	Artigo 4.º		66	186	2167	ue/decisoes/2004/32004D0096.md
32004D0098	Preâmbulo		18	34	313	ue/decisoes/2004/32004D0098.md
32004D0098	Artigo 1.º		38	40	12	ue/decisoes/2004/32004D0098.md
32004D0098	Artigo 2.º		42	44	21	ue/decisoes/2004/32004D0098.md
32004D0098	Artigo 3.º		46	62	112	ue/decisoes/2004/32004D0098.md
32004D0099	Preâmbulo		18	50	988	ue/decisoes/2004/32004D0099.md
32004D0099	Artigo 1.º		54	60	142	ue/decisoes/2004/32004D0099.md
32004D0099	Artigo 2.º		62	64	38	ue/decisoes/2004/32004D0099.md
32004D0099	Artigo 3.º		66	68	20	ue/decisoes/2004/32004D0099.md
32004D0099	Artigo 4.º		70	86	160	ue/decisoes/2004/32004D0099.md
32004D0103	Preâmbulo		18	312	18252	ue/decisoes/2004/32004D0103.md
32004D0103	Artigo 1.º		316	318	48	ue/decisoes/2004/32004D0103.md
32004D0103	Artigo 2.º		320	386	907	ue/decisoes/2004/32004D0103.md
32004D0103	ANEXO 1		388	392	54	ue/decisoes/2004/32004D0103.md
32004D0104	Preâmbulo		18	838	26349	ue/decisoes/2004/32004D0104.md
32004D0104	Artigo 1.º		842	846	100	ue/decisoes/2004/32004D0104.md
32004D0104	Artigo 2.º		848	850	80	ue/decisoes/2004/32004D0104.md
32004D0104	Artigo 3.º		852	858	77	ue/decisoes/2004/32004D0104.md
32004D0104	Artigo 4.º		860	868	151	ue/decisoes/2004/32004D0104.md
32004D0104	Artigo 5.º		870	1208	3356	ue/decisoes/2004/32004D0104.md
32004D0105	Preâmbulo		18	636	30036	ue/decisoes/2004/32004D0105.md
32004D0105	Artigo 1.º		640	642	82	ue/decisoes/2004/32004D0105.md
32004D0105	Artigo 2.º		644	684	421	ue/decisoes/2004/32004D0105.md
32004D0107	Preâmbulo		18	34	238	ue/decisoes/2004/32004D0107.md
32004D0107	Artigo 1.º		38	42	92	ue/decisoes/2004/32004D0107.md
32004D0107	Artigo 2.º	O presidente do Conselho deve notificar o Governo da Roménia da aprovação do protocolo pela Comunidade nos termos do seu artigo 4.º	44	54	68	ue/decisoes/2004/32004D0107.md
32004D0110	Preâmbulo		18	42	643	ue/decisoes/2004/32004D0110.md
32004D0110	Artigo 1.º		46	50	122	ue/decisoes/2004/32004D0110.md
32004D0110	Artigo 2.º		52	58	120	ue/decisoes/2004/32004D0110.md
32004D0110	Artigo 3.º		60	62	33	ue/decisoes/2004/32004D0110.md
32004D0110	Artigo 4.º		64	66	20	ue/decisoes/2004/32004D0110.md
32004D0110	Artigo 5.º		68	82	121	ue/decisoes/2004/32004D0110.md
32004D0111	Artigo 1.º		74	80	70	ue/decisoes/2004/32004D0111.md
32004D0111	Artigo 2.º		82	84	68	ue/decisoes/2004/32004D0111.md
32004D0111	Artigo 3.º		86	90	20	ue/decisoes/2004/32004D0111.md
32004D0111	ANEXO		92	218	2240	ue/decisoes/2004/32004D0111.md
32004D0112	Artigo 1.º		50	54	180	ue/decisoes/2004/32004D0112.md
32004D0112	Artigo 2.º		56	74	135	ue/decisoes/2004/32004D0112.md
32004D0113	Preâmbulo		18	34	214	ue/decisoes/2004/32004D0113.md
32004D0113	Artigo 1.º		38	42	75	ue/decisoes/2004/32004D0113.md
32004D0113	Artigo 2.º		44	46	47	ue/decisoes/2004/32004D0113.md
32004D0113	Artigo 3.º		48	76	702	ue/decisoes/2004/32004D0113.md
32004D0114	Preâmbulo		18	198	7762	ue/decisoes/2004/32004D0114.md
32004D0114	Artigo 1.º		202	204	64	ue/decisoes/2004/32004D0114.md
32004D0114	Artigo 2.º		206	250	469	ue/decisoes/2004/32004D0114.md
32004D0115	Preâmbulo		18	60	1155	ue/decisoes/2004/32004D0115.md
32004D0115	Artigo 1.º		64	66	87	ue/decisoes/2004/32004D0115.md
32004D0115	Artigo 2.º		68	84	70	ue/decisoes/2004/32004D0115.md
32004D0123	Preâmbulo		18	332	12494	ue/decisoes/2004/32004D0123.md
32004D0123	Artigo 1.º		336	338	70	ue/decisoes/2004/32004D0123.md
32004D0123	Artigo 2.º		340	386	453	ue/decisoes/2004/32004D0123.md
32004D0124	Preâmbulo		18	1318	82570	ue/decisoes/2004/32004D0124.md
32004D0124	Artigo 1.º		1322	1324	66	ue/decisoes/2004/32004D0124.md
32004D0124	Artigo 2.º		1326	1720	7752	ue/decisoes/2004/32004D0124.md
32004D0125	Preâmbulo		18	296	12750	ue/decisoes/2004/32004D0125.md
32004D0125	Artigo 1.º		300	302	68	ue/decisoes/2004/32004D0125.md
32004D0125	Artigo 2.º		304	308	54	ue/decisoes/2004/32004D0125.md
32004D0125	Artigo 3.º		310	314	154	ue/decisoes/2004/32004D0125.md
32004D0125	Artigo 4.º		316	318	39	ue/decisoes/2004/32004D0125.md
32004D0125	Artigo 5.º		320	386	842	ue/decisoes/2004/32004D0125.md
32004D0126	Preâmbulo		18	36	169	ue/decisoes/2004/32004D0126.md
32004D0126	Artigo 1.º		40	44	50	ue/decisoes/2004/32004D0126.md
32004D0126	Artigo 2.º		46	60	107	ue/decisoes/2004/32004D0126.md
32004D0127	Preâmbulo		18	36	173	ue/decisoes/2004/32004D0127.md
32004D0127	Artigo 1.º		40	44	50	ue/decisoes/2004/32004D0127.md
32004D0127	Artigo 2.º		46	58	75	ue/decisoes/2004/32004D0127.md
32004D0128	Preâmbulo		18	40	449	ue/decisoes/2004/32004D0128.md
32004D0128	Artigo 1.º		44	48	96	ue/decisoes/2004/32004D0128.md
32004D0128	Artigo 2.º		50	54	96	ue/decisoes/2004/32004D0128.md
32004D0128	Artigo 3.º		56	60	101	ue/decisoes/2004/32004D0128.md
32004D0128	Artigo 4.º		62	78	216	ue/decisoes/2004/32004D0128.md
32004D0128	Artigo 5.º		80	100	206	ue/decisoes/2004/32004D0128.md
32004D0129	Artigo 1.º		63	65	40	ue/decisoes/2004/32004D0129.md
32004D0129	Artigo 2.º		67	83	371	ue/decisoes/2004/32004D0129.md
32004D0129	Artigo 3.º		85	91	139	ue/decisoes/2004/32004D0129.md
32004D0129	Artigo 4.º		93	95	19	ue/decisoes/2004/32004D0129.md
32004D0129	ANEXO I	Lista das substâncias activas referidas no artigo 1.º	97	315	686	ue/decisoes/2004/32004D0129.md
32004D0129	ANEXO II		317	363	466	ue/decisoes/2004/32004D0129.md
32004D0131	Preâmbulo		18	40	628	ue/decisoes/2004/32004D0131.md
32004D0131	Artigo 1.º		44	48	138	ue/decisoes/2004/32004D0131.md
32004D0131	Artigo 2.º		50	52	104	ue/decisoes/2004/32004D0131.md
32004D0131	Artigo 3.º		54	70	101	ue/decisoes/2004/32004D0131.md
32004D0134	Preâmbulo		18	1736	94919	ue/decisoes/2004/32004D0134.md
32004D0134	Artigo 1.º		1740	1742	54	ue/decisoes/2004/32004D0134.md
32004D0134	Artigo 2.º		1744	2046	6984	ue/decisoes/2004/32004D0134.md
32004D0135	Preâmbulo		18	474	26068	ue/decisoes/2004/32004D0135.md
32004D0135	Artigo 1.º		478	480	125	ue/decisoes/2004/32004D0135.md
32004D0135	Artigo 2.º		482	592	2583	ue/decisoes/2004/32004D0135.md
32004D0135	ANEXO I	COMPROMISSOS	594	598	58	ue/decisoes/2004/32004D0135.md
32004D0135	ANEXO II	COMPROMISSOS	600	604	58	ue/decisoes/2004/32004D0135.md
32004D0136	Preâmbulo		18	46	774	ue/decisoes/2004/32004D0136.md
32004D0136	Artigo 1.º		50	52	64	ue/decisoes/2004/32004D0136.md
32004D0136	Artigo 2.º		54	76	231	ue/decisoes/2004/32004D0136.md
32004D0138	Preâmbulo		18	1424	87516	ue/decisoes/2004/32004D0138.md
32004D0138	Artigo 1.º		1428	1430	211	ue/decisoes/2004/32004D0138.md
32004D0138	Artigo 2.º	As empresas mencionadas no artigo 1.º porão termo imediato, caso não o tenham já feito, à infracção referida no artigo 1.º	1432	1434	68	ue/decisoes/2004/32004D0138.md
32004D0138	Artigo 3.º		1436	1440	29	ue/decisoes/2004/32004D0138.md
32004D0138	Artigo 4.º		1442	1454	156	ue/decisoes/2004/32004D0138.md
32004D0138	Artigo 5.º		1456	2568	11898	ue/decisoes/2004/32004D0138.md
32004D0140	Artigo 1.º		84	86	25	ue/decisoes/2004/32004D0140.md
32004D0140	Artigo 2.º		88	104	346	ue/decisoes/2004/32004D0140.md
32004D0140	Artigo 3.º		106	112	118	ue/decisoes/2004/32004D0140.md
32004D0140	Artigo 4.º		114	116	19	ue/decisoes/2004/32004D0140.md
32004D0140	ANEXO	Lista das autorizações referidas no n.º 3 do artigo 2.º	118	144	177	ue/decisoes/2004/32004D0140.md
32004D0141	Preâmbulo		18	58	1554	ue/decisoes/2004/32004D0141.md
32004D0141	Artigo 1.º		62	64	25	ue/decisoes/2004/32004D0141.md
32004D0141	Artigo 2.º		66	82	348	ue/decisoes/2004/32004D0141.md
32004D0141	Artigo 3.º		84	90	118	ue/decisoes/2004/32004D0141.md
32004D0141	Artigo 4.º		92	122	134	ue/decisoes/2004/32004D0141.md
32004D0142	Preâmbulo		18	42	604	ue/decisoes/2004/32004D0142.md
32004D0142	Artigo 1.º		46	52	167	ue/decisoes/2004/32004D0142.md
32004D0142	Artigo 2.º		54	60	200	ue/decisoes/2004/32004D0142.md
32004D0142	Artigo 3.º		62	68	187	ue/decisoes/2004/32004D0142.md
32004D0142	Artigo 4.º		70	78	262	ue/decisoes/2004/32004D0142.md
32004D0142	Artigo 5.º		80	104	125	ue/decisoes/2004/32004D0142.md
32004D0143	Preâmbulo		18	48	1198	ue/decisoes/2004/32004D0143.md
32004D0143	Artigo 1.º		52	54	63	ue/decisoes/2004/32004D0143.md
32004D0143	Artigo 2.º		56	62	156	ue/decisoes/2004/32004D0143.md
32004D0143	Artigo 3.º		64	84	216	ue/decisoes/2004/32004D0143.md
32004D0145	Artigo 1.º		74	80	208	ue/decisoes/2004/32004D0145.md
32004D0145	Artigo 2.º		82	88	234	ue/decisoes/2004/32004D0145.md
32004D0145	Artigo 3.º		90	96	150	ue/decisoes/2004/32004D0145.md
32004D0145	Artigo 4.º		98	104	148	ue/decisoes/2004/32004D0145.md
32004D0145	Artigo 5.º		106	112	166	ue/decisoes/2004/32004D0145.md
32004D0145	Artigo 6.º		114	124	222	ue/decisoes/2004/32004D0145.md
32004D0145	Artigo 7.º		126	146	243	ue/decisoes/2004/32004D0145.md
32004D0147	Preâmbulo		18	66	1050	ue/decisoes/2004/32004D0147.md
32004D0147	Artigo 1.º		70	76	156	ue/decisoes/2004/32004D0147.md
32004D0147	Artigo 2.º		78	82	108	ue/decisoes/2004/32004D0147.md
32004D0147	Artigo 3.º		84	88	105	ue/decisoes/2004/32004D0147.md
32004D0147	Artigo 4.º		90	94	105	ue/decisoes/2004/32004D0147.md
32004D0147	Artigo 5.º		96	100	108	ue/decisoes/2004/32004D0147.md
32004D0147	Artigo 6.º		102	106	102	ue/decisoes/2004/32004D0147.md
32004D0147	Artigo 7.º		108	112	106	ue/decisoes/2004/32004D0147.md
32004D0147	Artigo 8.º		114	118	99	ue/decisoes/2004/32004D0147.md
32004D0147	Artigo 9.º		120	124	100	ue/decisoes/2004/32004D0147.md
32004D0147	Artigo 10.º		126	130	111	ue/decisoes/2004/32004D0147.md
32004D0147	Artigo 11.º		132	136	129	ue/decisoes/2004/32004D0147.md
32004D0147	Artigo 12.º		138	178	354	ue/decisoes/2004/32004D0147.md
32004D0155	Preâmbulo		18	32	321	ue/decisoes/2004/32004D0155.md
32004D0155	Artigo 1.º		36	40	121	ue/decisoes/2004/32004D0155.md
32004D0155	Artigo 2.º		42	62	114	ue/decisoes/2004/32004D0155.md
32004D0157	Preâmbulo		18	38	363	ue/decisoes/2004/32004D0157.md
32004D0157	Artigo 1.º		42	46	107	ue/decisoes/2004/32004D0157.md
32004D0157	Artigo 2.º		48	96	947	ue/decisoes/2004/32004D0157.md
32004D0158	Preâmbulo		18	38	316	ue/decisoes/2004/32004D0158.md
32004D0158	Artigo 1.º		42	48	108	ue/decisoes/2004/32004D0158.md
32004D0158	Artigo 2.º		50	64	61	ue/decisoes/2004/32004D0158.md
32004D0162	Artigo 1.º		101	117	444	ue/decisoes/2004/32004D0162.md
32004D0162	Artigo 2.º		119	121	68	ue/decisoes/2004/32004D0162.md
32004D0162	Artigo 3.º		123	125	96	ue/decisoes/2004/32004D0162.md
32004D0162	Artigo 4.º		127	133	164	ue/decisoes/2004/32004D0162.md
32004D0162	Artigo 5.º		135	139	36	ue/decisoes/2004/32004D0162.md
32004D0162	Artigo 6.º		141	143	19	ue/decisoes/2004/32004D0162.md
32004D0162	Artigo 7.º		145	147	19	ue/decisoes/2004/32004D0162.md
32004D0162	ANEXO		149	241	2293	ue/decisoes/2004/32004D0162.md
32004D0164	Preâmbulo		18	36	314	ue/decisoes/2004/32004D0164.md
32004D0164	Artigo 1.º		40	42	34	ue/decisoes/2004/32004D0164.md
32004D0164	Artigo 2.º		44	60	70	ue/decisoes/2004/32004D0164.md
32004D0165	Preâmbulo		18	298	11411	ue/decisoes/2004/32004D0165.md
32004D0165	Artigo 1.º		302	310	260	ue/decisoes/2004/32004D0165.md
32004D0165	Artigo 2.º		312	314	45	ue/decisoes/2004/32004D0165.md
32004D0165	Artigo 3.º		316	318	62	ue/decisoes/2004/32004D0165.md
32004D0165	Artigo 4.º		320	322	64	ue/decisoes/2004/32004D0165.md
32004D0165	Artigo 5.º		324	326	56	ue/decisoes/2004/32004D0165.md
32004D0165	Artigo 6.º	A Alemanha tomará as medidas necessárias para recuperar junto dos respectivos beneficiários os auxílios pagos indevidamente referidos nos artigos 3.º e 4.º	328	330	178	ue/decisoes/2004/32004D0165.md
32004D0165	Artigo 7.º		332	340	284	ue/decisoes/2004/32004D0165.md
32004D0165	Artigo 8.º		342	344	46	ue/decisoes/2004/32004D0165.md
32004D0165	Artigo 9.º		346	404	1019	ue/decisoes/2004/32004D0165.md
32004D0167	Preâmbulo		18	218	10885	ue/decisoes/2004/32004D0167.md
32004D0167	Artigo 1.º		222	224	112	ue/decisoes/2004/32004D0167.md
32004D0167	Artigo 2.º		226	228	114	ue/decisoes/2004/32004D0167.md
32004D0167	Artigo 3.º		230	232	82	ue/decisoes/2004/32004D0167.md
32004D0167	Artigo 4.º		234	236	42	ue/decisoes/2004/32004D0167.md
32004D0167	Artigo 5.º		238	318	1331	ue/decisoes/2004/32004D0167.md
32004D0168	Preâmbulo		18	172	6322	ue/decisoes/2004/32004D0168.md
32004D0168	Artigo 1.º		176	178	124	ue/decisoes/2004/32004D0168.md
32004D0168	Artigo 2.º		180	182	82	ue/decisoes/2004/32004D0168.md
32004D0168	Artigo 3.º		184	186	42	ue/decisoes/2004/32004D0168.md
32004D0168	Artigo 4.º		188	240	464	ue/decisoes/2004/32004D0168.md
32004D0169	Preâmbulo		18	178	4708	ue/decisoes/2004/32004D0169.md
32004D0169	Artigo 1.º		182	186	136	ue/decisoes/2004/32004D0169.md
32004D0169	Artigo 2.º		188	210	108	ue/decisoes/2004/32004D0169.md
32004D0170	Preâmbulo		18	382	20457	ue/decisoes/2004/32004D0170.md
32004D0170	Artigo 1.º		386	390	89	ue/decisoes/2004/32004D0170.md
32004D0170	Artigo 2.º		392	394	84	ue/decisoes/2004/32004D0170.md
32004D0170	Artigo 3.º		396	398	58	ue/decisoes/2004/32004D0170.md
32004D0170	Artigo 4.º		400	402	48	ue/decisoes/2004/32004D0170.md
32004D0170	Artigo 5.º		404	448	379	ue/decisoes/2004/32004D0170.md
32004D0181	Preâmbulo		18	34	189	ue/decisoes/2004/32004D0181.md
32004D0181	Artigo 1.º		38	42	124	ue/decisoes/2004/32004D0181.md
32004D0181	Artigo 2.º		44	46	31	ue/decisoes/2004/32004D0181.md
32004D0181	Artigo 3.º		48	58	42	ue/decisoes/2004/32004D0181.md
32004D0182	Preâmbulo		18	34	200	ue/decisoes/2004/32004D0182.md
32004D0182	Artigo 1.º		38	42	115	ue/decisoes/2004/32004D0182.md
32004D0182	Artigo 2.º		44	46	35	ue/decisoes/2004/32004D0182.md
32004D0182	Artigo 3.º		48	58	42	ue/decisoes/2004/32004D0182.md
32004D0183	Preâmbulo		18	34	186	ue/decisoes/2004/32004D0183.md
32004D0183	Artigo 1.º		38	42	111	ue/decisoes/2004/32004D0183.md
32004D0183	Artigo 2.º		44	46	31	ue/decisoes/2004/32004D0183.md
32004D0183	Artigo 3.º		48	58	42	ue/decisoes/2004/32004D0183.md
32004D0184	Preâmbulo		18	34	193	ue/decisoes/2004/32004D0184.md
32004D0184	Artigo 1.º		38	42	116	ue/decisoes/2004/32004D0184.md
32004D0184	Artigo 2.º		44	46	31	ue/decisoes/2004/32004D0184.md
32004D0184	Artigo 3.º		48	58	42	ue/decisoes/2004/32004D0184.md
32004D0190	Preâmbulo		18	38	278	ue/decisoes/2004/32004D0190.md
32004D0190	Artigo 1.º	Contributos de Estados terceiros não aderentes	42	52	52	ue/decisoes/2004/32004D0190.md
32004D0190	Artigo 2.º	Entrada em vigor	54	66	60	ue/decisoes/2004/32004D0190.md
32004D0191	Preâmbulo		18	50	1316	ue/decisoes/2004/32004D0191.md
32004D0191	Artigo 1.º		54	56	76	ue/decisoes/2004/32004D0191.md
32004D0191	Artigo 2.º		58	78	672	ue/decisoes/2004/32004D0191.md
32004D0191	Artigo 3.º		80	98	386	ue/decisoes/2004/32004D0191.md
32004D0191	Artigo 4.º		100	104	141	ue/decisoes/2004/32004D0191.md
32004D0191	Artigo 5.º		106	108	31	ue/decisoes/2004/32004D0191.md
32004D0191	Artigo 6.º		110	126	67	ue/decisoes/2004/32004D0191.md
32004D0192	Preâmbulo		18	44	581	ue/decisoes/2004/32004D0192.md
32004D0195	Preâmbulo		18	300	18054	ue/decisoes/2004/32004D0195.md
32004D0195	Artigo 1.º		304	306	156	ue/decisoes/2004/32004D0195.md
32004D0195	Artigo 2.º	É destinatária da presente decisão: The Boeing Company 7755 East Marginal Way South Seattle, WE 98108 EUA À atenção do Sr. Theodore J Collins	308	342	510	ue/decisoes/2004/32004D0195.md
32004D0204	Preâmbulo		18	48	1554	ue/decisoes/2004/32004D0204.md
32004D0204	Artigo 1.º		52	54	88	ue/decisoes/2004/32004D0204.md
32004D0204	Artigo 2.º		56	60	154	ue/decisoes/2004/32004D0204.md
32004D0204	Artigo 3.º		62	102	617	ue/decisoes/2004/32004D0204.md
32004D0204	Artigo 4.º		104	112	108	ue/decisoes/2004/32004D0204.md
32004D0204	Artigo 5.º		114	118	268	ue/decisoes/2004/32004D0204.md
32004D0204	Artigo 6.º		120	122	73	ue/decisoes/2004/32004D0204.md
32004D0204	Artigo 7.º		124	140	100	ue/decisoes/2004/32004D0204.md
32004D0205	Preâmbulo		18	42	758	ue/decisoes/2004/32004D0205.md
32004D0205	Artigo 1.º		46	48	112	ue/decisoes/2004/32004D0205.md
32004D0205	Artigo 2.º		50	52	33	ue/decisoes/2004/32004D0205.md
32004D0205	Artigo 3.º		54	70	255	ue/decisoes/2004/32004D0205.md
32004D0205	Artigo 4.º		72	74	48	ue/decisoes/2004/32004D0205.md
32004D0205	Artigo 5.º		76	78	33	ue/decisoes/2004/32004D0205.md
32004D0205	Artigo 6.º		80	100	196	ue/decisoes/2004/32004D0205.md
32004D0206	Preâmbulo		18	824	33379	ue/decisoes/2004/32004D0206.md
32004D0206	Artigo 1.º		828	840	179	ue/decisoes/2004/32004D0206.md
32004D0206	Artigo 2.º		842	846	86	ue/decisoes/2004/32004D0206.md
32004D0206	Artigo 3.º		848	868	238	ue/decisoes/2004/32004D0206.md
32004D0206	Artigo 4.º		870	1220	4422	ue/decisoes/2004/32004D0206.md
32004D0213	Preâmbulo		18	28	155	ue/decisoes/2004/32004D0213.md
32004D0213	Artigo 1.º		32	36	166	ue/decisoes/2004/32004D0213.md
32004D0213	Artigo 2.º		38	238	3860	ue/decisoes/2004/32004D0213.md
32004D0223	Preâmbulo		18	38	442	ue/decisoes/2004/32004D0223.md
32004D0223	Artigo 1.º		42	54	267	ue/decisoes/2004/32004D0223.md
32004D0223	Artigo 2.º		56	68	155	ue/decisoes/2004/32004D0223.md
32004D0223	Artigo 3.º		70	78	136	ue/decisoes/2004/32004D0223.md
32004D0223	Artigo 4.º		80	86	106	ue/decisoes/2004/32004D0223.md
32004D0223	Artigo 5.º		88	92	75	ue/decisoes/2004/32004D0223.md
32004D0223	Artigo 6.º		94	118	348	ue/decisoes/2004/32004D0223.md
32004D0223	Artigo 7.º		120	126	125	ue/decisoes/2004/32004D0223.md
32004D0223	Artigo 8.º		128	130	45	ue/decisoes/2004/32004D0223.md
32004D0223	Artigo 9.º		132	136	109	ue/decisoes/2004/32004D0223.md
32004D0223	Artigo 10.º		138	140	43	ue/decisoes/2004/32004D0223.md
32004D0223	Artigo 11.º		142	156	119	ue/decisoes/2004/32004D0223.md
32004D0225	Preâmbulo		18	40	433	ue/decisoes/2004/32004D0225.md
32004D0225	Artigo 1.º		44	46	64	ue/decisoes/2004/32004D0225.md
32004D0225	Artigo 2.º		48	52	57	ue/decisoes/2004/32004D0225.md
32004D0225	Artigo 3.º		54	72	116	ue/decisoes/2004/32004D0225.md
32004D0225	ANEXO I	Decisão revogada com as sucessivas alterações	74	76	20	ue/decisoes/2004/32004D0225.md
32004D0225	ANEXO II	Quadro de correspondência	78	80	16	ue/decisoes/2004/32004D0225.md
32004D0234	Preâmbulo		18	54	1077	ue/decisoes/2004/32004D0234.md
32004D0234	Artigo 1.º		58	60	72	ue/decisoes/2004/32004D0234.md
32004D0234	Artigo 2.º		62	78	79	ue/decisoes/2004/32004D0234.md
32004D0235	Preâmbulo		18	46	542	ue/decisoes/2004/32004D0235.md
32004D0235	Artigo 1.º		50	52	58	ue/decisoes/2004/32004D0235.md
32004D0235	Artigo 2.º		54	56	31	ue/decisoes/2004/32004D0235.md
32004D0235	Artigo 3.º		58	66	81	ue/decisoes/2004/32004D0235.md
32004D0235	Artigo 4.º		68	70	69	ue/decisoes/2004/32004D0235.md
32004D0235	Artigo 5.º		72	76	58	ue/decisoes/2004/32004D0235.md
32004D0235	Artigo 6.º		78	94	111	ue/decisoes/2004/32004D0235.md
32004D0235	ANEXO I		96	132	393	ue/decisoes/2004/32004D0235.md
32004D0235	ANEXO II	">PIC FILE= ""L_2004072PT.008902.TIF"">"	134	134	13	ue/decisoes/2004/32004D0235.md
32004D0235	ANEXO III	Decisão revogada e sua alteração	136	138	18	ue/decisoes/2004/32004D0235.md
32004D0235	ANEXO IV	Quadro de correspondência	140	142	16	ue/decisoes/2004/32004D0235.md
32004D0236	Preâmbulo		18	564	21164	ue/decisoes/2004/32004D0236.md
32004D0236	Artigo 1.º		568	570	107	ue/decisoes/2004/32004D0236.md
32004D0236	Artigo 2.º		572	588	268	ue/decisoes/2004/32004D0236.md
32004D0236	Artigo 3.º		590	602	194	ue/decisoes/2004/32004D0236.md
32004D0236	Artigo 4.º	>POSIÇÃO NUMA TABELA>	604	642	854	ue/decisoes/2004/32004D0236.md
32004D0236	ANEXO I		644	648	34	ue/decisoes/2004/32004D0236.md
32004D0236	ANEXO II		650	654	53	ue/decisoes/2004/32004D0236.md
32004D0237	Preâmbulo		18	908	43308	ue/decisoes/2004/32004D0237.md
32004D0237	Artigo 1.º		912	914	75	ue/decisoes/2004/32004D0237.md
32004D0237	Artigo 2.º		916	1368	11125	ue/decisoes/2004/32004D0237.md
32004D0238	Preâmbulo		18	302	14917	ue/decisoes/2004/32004D0238.md
32004D0238	Artigo 1.º		306	308	70	ue/decisoes/2004/32004D0238.md
32004D0238	Artigo 2.º		310	312	40	ue/decisoes/2004/32004D0238.md
32004D0238	Artigo 3.º		314	316	57	ue/decisoes/2004/32004D0238.md
32004D0238	Artigo 4.º		318	374	1888	ue/decisoes/2004/32004D0238.md
32004D0239	Artigo 1.º		54	58	113	ue/decisoes/2004/32004D0239.md
32004D0239	Artigo 2.º		60	66	235	ue/decisoes/2004/32004D0239.md
32004D0239	Artigo 3.º		68	90	182	ue/decisoes/2004/32004D0239.md
32004D0244	Preâmbulo		18	176	7971	ue/decisoes/2004/32004D0244.md
32004D0244	Artigo 1.º		180	182	130	ue/decisoes/2004/32004D0244.md
32004D0244	Artigo 2.º		184	186	58	ue/decisoes/2004/32004D0244.md
32004D0244	Artigo 3.º		188	192	76	ue/decisoes/2004/32004D0244.md
32004D0244	Artigo 4.º		194	222	331	ue/decisoes/2004/32004D0244.md
32004D0246	Artigo 1.º		68	82	330	ue/decisoes/2004/32004D0246.md
32004D0246	Artigo 2.º		84	98	252	ue/decisoes/2004/32004D0246.md
32004D0246	Artigo 3.º		100	102	70	ue/decisoes/2004/32004D0246.md
32004D0246	Artigo 4.º		104	106	68	ue/decisoes/2004/32004D0246.md
32004D0246	Artigo 5.º		108	110	34	ue/decisoes/2004/32004D0246.md
32004D0246	ANEXO I	Protocolo de 2003 à Convenção Internacional para a constituição de um fundo internacional para compensação dos prejuízos devidos à poluição por hidrocarbonetos,	112	130	504	ue/decisoes/2004/32004D0246.md
32004D0246	Artigo 1.º		134	158	485	ue/decisoes/2004/32004D0246.md
32004D0246	Artigo 2.º		160	164	173	ue/decisoes/2004/32004D0246.md
32004D0246	Artigo 3.º		166	176	178	ue/decisoes/2004/32004D0246.md
32004D0246	Artigo 4.º		180	190	446	ue/decisoes/2004/32004D0246.md
32004D0246	Artigo 5.º		192	194	173	ue/decisoes/2004/32004D0246.md
32004D0246	Artigo 6.º		196	200	96	ue/decisoes/2004/32004D0246.md
32004D0246	Artigo 7.º		202	208	451	ue/decisoes/2004/32004D0246.md
32004D0246	Artigo 8.º		210	214	189	ue/decisoes/2004/32004D0246.md
32004D0246	Artigo 9.º		216	224	321	ue/decisoes/2004/32004D0246.md
32004D0246	Artigo 10.º		228	236	259	ue/decisoes/2004/32004D0246.md
32004D0246	Artigo 11.º		238	266	620	ue/decisoes/2004/32004D0246.md
32004D0246	Artigo 12.º		268	272	79	ue/decisoes/2004/32004D0246.md
32004D0246	Artigo 13.º		274	278	210	ue/decisoes/2004/32004D0246.md
32004D0246	Artigo 14.º		280	284	179	ue/decisoes/2004/32004D0246.md
32004D0246	Artigo 15.º		286	294	416	ue/decisoes/2004/32004D0246.md
32004D0246	Artigo 16.º		298	304	82	ue/decisoes/2004/32004D0246.md
32004D0246	Artigo 17.º		306	316	356	ue/decisoes/2004/32004D0246.md
32004D0246	Artigo 18.º		320	328	418	ue/decisoes/2004/32004D0246.md
32004D0246	Artigo 19.º	Assinatura, ratificação, aceitação, aprovação e adesão	332	346	196	ue/decisoes/2004/32004D0246.md
32004D0246	Artigo 20.º	Informações sobre os hidrocarbonetos contribuintes	348	350	184	ue/decisoes/2004/32004D0246.md
32004D0246	Artigo 21.º	Entrada em vigor	352	362	318	ue/decisoes/2004/32004D0246.md
32004D0246	Artigo 22.º	Primeira sessão da Assembleia	364	366	72	ue/decisoes/2004/32004D0246.md
32004D0246	Artigo 23.º	Revisão e alteração	368	372	85	ue/decisoes/2004/32004D0246.md
32004D0246	Artigo 24.º	Alteração dos limites de indemnização	374	398	872	ue/decisoes/2004/32004D0246.md
32004D0246	Artigo 25.º	Protocolos à Convenção FIPOL 1992	400	404	182	ue/decisoes/2004/32004D0246.md
32004D0246	Artigo 26.º	Denúncia	406	416	280	ue/decisoes/2004/32004D0246.md
32004D0246	Artigo 27.º	Sessões extraordinárias da Assembleia	418	424	314	ue/decisoes/2004/32004D0246.md
32004D0246	Artigo 28.º	Cessação	426	430	172	ue/decisoes/2004/32004D0246.md
32004D0246	Artigo 29.º	Liquidação do fundo complementar	432	442	219	ue/decisoes/2004/32004D0246.md
32004D0246	Artigo 30.º	Depositário	444	468	348	ue/decisoes/2004/32004D0246.md
32004D0246	Artigo 31.º	Línguas	470	482	126	ue/decisoes/2004/32004D0246.md
32004D0247	Artigo 1.º		83	85	25	ue/decisoes/2004/32004D0247.md
32004D0247	Artigo 2.º		87	103	348	ue/decisoes/2004/32004D0247.md
32004D0247	Artigo 3.º		105	111	119	ue/decisoes/2004/32004D0247.md
32004D0247	Artigo 4.º		113	115	19	ue/decisoes/2004/32004D0247.md
32004D0247	ANEXO		117	151	302	ue/decisoes/2004/32004D0247.md
32004D0249	Preâmbulo		18	34	223	ue/decisoes/2004/32004D0249.md
32004D0249	Artigo 1.º		38	40	43	ue/decisoes/2004/32004D0249.md
32004D0249	Artigo 2.º		42	168	1851	ue/decisoes/2004/32004D0249.md
32004D0251	Preâmbulo		18	416	16256	ue/decisoes/2004/32004D0251.md
32004D0251	Artigo 1.º		420	422	77	ue/decisoes/2004/32004D0251.md
32004D0251	Artigo 2.º		424	426	128	ue/decisoes/2004/32004D0251.md
32004D0251	Artigo 3.º		428	430	38	ue/decisoes/2004/32004D0251.md
32004D0251	Artigo 4.º	É destinatária da presente decisão a empresa: Promatech SpA Via Case Sparse, n.º 4 I - 24020 Colzate ( BG )	432	476	825	ue/decisoes/2004/32004D0251.md
32004D0251	ANEXO I		478	482	52	ue/decisoes/2004/32004D0251.md
32004D0251	ANEXO II		484	488	52	ue/decisoes/2004/32004D0251.md
32004D0254	Preâmbulo		18	666	39685	ue/decisoes/2004/32004D0254.md
32004D0254	Artigo 1.º		670	672	70	ue/decisoes/2004/32004D0254.md
32004D0254	Artigo 2.º		674	708	365	ue/decisoes/2004/32004D0254.md
32004D0254	ANEXO I		710	714	38	ue/decisoes/2004/32004D0254.md
32004D0254	ANEXO II		716	720	53	ue/decisoes/2004/32004D0254.md
32004D0255	Artigo 1.º		58	60	12	ue/decisoes/2004/32004D0255.md
32004D0255	Artigo 2.º		62	84	189	ue/decisoes/2004/32004D0255.md
32004D0259	Preâmbulo		18	50	642	ue/decisoes/2004/32004D0259.md
32004D0259	Artigo 1.º		54	58	63	ue/decisoes/2004/32004D0259.md
32004D0259	Artigo 2.º		60	78	173	ue/decisoes/2004/32004D0259.md
32004D0260	Preâmbulo		18	294	6852	ue/decisoes/2004/32004D0260.md
32004D0260	Artigo 1.º		298	300	76	ue/decisoes/2004/32004D0260.md
32004D0260	Artigo 2.º		302	306	192	ue/decisoes/2004/32004D0260.md
32004D0260	Artigo 3.º		308	310	87	ue/decisoes/2004/32004D0260.md
32004D0260	Artigo 4.º		312	314	45	ue/decisoes/2004/32004D0260.md
32004D0260	Artigo 5.º		316	352	288	ue/decisoes/2004/32004D0260.md
32004D0261	Preâmbulo		18	162	6786	ue/decisoes/2004/32004D0261.md
32004D0261	Artigo 1.º		166	170	129	ue/decisoes/2004/32004D0261.md
32004D0261	Artigo 2.º		172	218	1148	ue/decisoes/2004/32004D0261.md
32004D0265	Preâmbulo		18	42	392	ue/decisoes/2004/32004D0265.md
32004D0265	Artigo 1.º		46	50	86	ue/decisoes/2004/32004D0265.md
32004D0265	Artigo 2.º		52	54	32	ue/decisoes/2004/32004D0265.md
32004D0265	Artigo 3.º		56	60	125	ue/decisoes/2004/32004D0265.md
32004D0265	Artigo 4.º		62	76	105	ue/decisoes/2004/32004D0265.md
32004D0266	Preâmbulo		18	38	480	ue/decisoes/2004/32004D0266.md
32004D0266	Artigo 1.º		42	58	407	ue/decisoes/2004/32004D0266.md
32004D0266	Artigo 2.º	Os Estados-Membros comunicarão à Comissão as regras segundo as quais utilizam a autorização referida no artigo 1.º	60	62	48	ue/decisoes/2004/32004D0266.md
32004D0266	Artigo 3.º		64	68	57	ue/decisoes/2004/32004D0266.md
32004D0266	Artigo 4.º		70	92	90	ue/decisoes/2004/32004D0266.md
32004D0266	ANEXO I	Decisão revogada e suas alterações sucessivas	94	96	20	ue/decisoes/2004/32004D0266.md
32004D0266	ANEXO II	Quadro de correspondência	98	100	16	ue/decisoes/2004/32004D0266.md
32004D0269	Preâmbulo		18	958	60394	ue/decisoes/2004/32004D0269.md
32004D0269	Artigo 1.º		962	964	133	ue/decisoes/2004/32004D0269.md
32004D0269	Artigo 2.º		966	1106	2762	ue/decisoes/2004/32004D0269.md
32004D0270	Preâmbulo		18	790	45610	ue/decisoes/2004/32004D0270.md
32004D0270	Artigo 1.º		794	796	89	ue/decisoes/2004/32004D0270.md
32004D0270	Artigo 2.º		798	910	1863	ue/decisoes/2004/32004D0270.md
32004D0271	Preâmbulo		18	558	28698	ue/decisoes/2004/32004D0271.md
32004D0271	Artigo 1.º		562	564	121	ue/decisoes/2004/32004D0271.md
32004D0271	Artigo 2.º		566	568	57	ue/decisoes/2004/32004D0271.md
32004D0271	Artigo 3.º		570	572	55	ue/decisoes/2004/32004D0271.md
32004D0271	Artigo 4.º		574	726	4694	ue/decisoes/2004/32004D0271.md
32004D0272	Preâmbulo		18	250	8289	ue/decisoes/2004/32004D0272.md
32004D0272	Artigo 1.º		254	256	86	ue/decisoes/2004/32004D0272.md
32004D0272	Artigo 2.º		258	338	587	ue/decisoes/2004/32004D0272.md
32004D0275	Preâmbulo		18	2654	132159	ue/decisoes/2004/32004D0275.md
32004D0275	Artigo 1.º		2658	2660	60	ue/decisoes/2004/32004D0275.md
32004D0275	Artigo 2.º		2662	3258	5986	ue/decisoes/2004/32004D0275.md
32004D0275	ANEXO 1	ESQUEMA GERAL: EQUIPAMENTOS DE DISTRIBUIÇÃO ELÉCTRICA	3260	3262	26	ue/decisoes/2004/32004D0275.md
32004D0275	ANEXO 2	MARCAS DETIDAS PELAS PARTES	3264	3266	16	ue/decisoes/2004/32004D0275.md
32004D0276	Preâmbulo		18	236	11743	ue/decisoes/2004/32004D0276.md
32004D0276	Artigo 1.º		240	242	40	ue/decisoes/2004/32004D0276.md
32004D0276	Artigo 2.º		244	286	1126	ue/decisoes/2004/32004D0276.md
32004D0276	ANEXO 1	">PIC FILE= ""L_2004101PT.014502.TIF"">"	288	288	12	ue/decisoes/2004/32004D0276.md
32004D0276	ANEXO II	Ponto 1	290	362	1801	ue/decisoes/2004/32004D0276.md
32004D0278	Preâmbulo		18	38	307	ue/decisoes/2004/32004D0278.md
32004D0278	Artigo 1.º		42	44	81	ue/decisoes/2004/32004D0278.md
32004D0278	Artigo 2.º		46	96	823	ue/decisoes/2004/32004D0278.md
32004D0278	Artigo 1.º		98	100	27	ue/decisoes/2004/32004D0278.md
32004D0278	Artigo 2.º		102	952	6186	ue/decisoes/2004/32004D0278.md
32004D0279	Preâmbulo		18	38	412	ue/decisoes/2004/32004D0279.md
32004D0279	Artigo 1.º		42	48	166	ue/decisoes/2004/32004D0279.md
32004D0279	Artigo 2.º		50	64	61	ue/decisoes/2004/32004D0279.md
32004D0279	ANEXO I	ASPECTOS GERAIS A TOMAR EM CONSIDERAÇÃO PELOS ESTADOS-MEMBROS AO ELABORAR PLANOS DE ACÇÃO A CURTO PRAZO NOS TERMOS DO ARTIGO 7.º DA DIRECTIVA 2002/3/CE	66	126	2214	ue/decisoes/2004/32004D0279.md
32004D0279	ANEXO II	MEDIDAS A CURTO PRAZO: EXEMPLOS E EXPERIÊNCIA	128	304	5253	ue/decisoes/2004/32004D0279.md
32004D0279	ANEXO III	ORIENTAÇÕES PARA UMA ESTRATÉGIA DE MEDIÇÃO DAS SUBSTÂNCIAS PRECURSORAS DE OZONO NOS TERMOS DO N.º 3 DO ARTIGO 9.º DA DIRECTIVA 2002/3/CE	306	354	1307	ue/decisoes/2004/32004D0279.md
32004D0280(01)	Preâmbulo		22	48	1056	ue/decisoes/2004/32004D0280(01).md
32004D0280(01)	Artigo 1.º		52	54	113	ue/decisoes/2004/32004D0280(01).md
32004D0280(01)	Artigo 2.º		56	60	137	ue/decisoes/2004/32004D0280(01).md
32004D0280(01)	Artigo 3.º		62	72	160	ue/decisoes/2004/32004D0280(01).md
32004D0280(01)	Artigo 4.º		74	76	87	ue/decisoes/2004/32004D0280(01).md
32004D0280(01)	Artigo 5.º		78	80	33	ue/decisoes/2004/32004D0280(01).md
32004D0280(01)	Artigo 6.º		82	114	370	ue/decisoes/2004/32004D0280(01).md
32004D0281	Preâmbulo		22	58	1312	ue/decisoes/2004/32004D0281.md
32004D0281	Artigo 1.º		62	210	3036	ue/decisoes/2004/32004D0281.md
32004D0281	Artigo 143.ºA	Introdução de regimes de apoio	212	234	119	ue/decisoes/2004/32004D0281.md
32004D0281	Artigo 143.ºB	Regime de pagamento único por superfície	236	296	1995	ue/decisoes/2004/32004D0281.md
32004D0281	Artigo 143.ºC	Pagamentos directos nacionais de carácter complementar e pagamentos directos	298	396	2462	ue/decisoes/2004/32004D0281.md
32004D0281	ANEXO XIII	Auxílios estatais em Chipre	398	400	17	ue/decisoes/2004/32004D0281.md
32004D0281	ANEXO XIV	Auxílios estatais na Letónia	402	570	4006	ue/decisoes/2004/32004D0281.md
32004D0281	Artigo 2.º		406	418	553	ue/decisoes/2004/32004D0281.md
32004D0281	Artigo 3.º		420	426	233	ue/decisoes/2004/32004D0281.md
32004D0281	Artigo 4.º		428	440	554	ue/decisoes/2004/32004D0281.md
32004D0281	Artigo 5.º		442	454	555	ue/decisoes/2004/32004D0281.md
32004D0281	Artigo 6.º		456	484	870	ue/decisoes/2004/32004D0281.md
32004D0281	Artigo 7.º		486	500	566	ue/decisoes/2004/32004D0281.md
32004D0281	Artigo 8.º		502	504	74	ue/decisoes/2004/32004D0281.md
32004D0281	Artigo 9.º		506	570	582	ue/decisoes/2004/32004D0281.md
32004D0282	Preâmbulo		18	28	98	ue/decisoes/2004/32004D0282.md
32004D0286	Preâmbulo		18	230	8161	ue/decisoes/2004/32004D0286.md
32004D0286	Artigo 1.º		234	238	134	ue/decisoes/2004/32004D0286.md
32004D0286	Artigo 2.º		240	242	47	ue/decisoes/2004/32004D0286.md
32004D0286	Artigo 3.º		244	270	147	ue/decisoes/2004/32004D0286.md
32004D0287	Preâmbulo		18	42	567	ue/decisoes/2004/32004D0287.md
32004D0287	Artigo 1.º		46	54	185	ue/decisoes/2004/32004D0287.md
32004D0287	Artigo 2.º		56	64	180	ue/decisoes/2004/32004D0287.md
32004D0287	Artigo 3.º		66	74	166	ue/decisoes/2004/32004D0287.md
32004D0287	Artigo 4.º		76	82	162	ue/decisoes/2004/32004D0287.md
32004D0287	Artigo 5.º		84	86	48	ue/decisoes/2004/32004D0287.md
32004D0287	Artigo 6.º		88	106	140	ue/decisoes/2004/32004D0287.md
32004D0289	Preâmbulo		22	50	820	ue/decisoes/2004/32004D0289.md
32004D0289	Artigo 1.º		54	56	26	ue/decisoes/2004/32004D0289.md
32004D0289	Artigo 2.º		58	68	286	ue/decisoes/2004/32004D0289.md
32004D0289	Artigo 3.º		70	76	122	ue/decisoes/2004/32004D0289.md
32004D0289	Artigo 4.º		78	80	20	ue/decisoes/2004/32004D0289.md
32004D0289	Artigo 5.º		82	94	48	ue/decisoes/2004/32004D0289.md
32004D0291	Preâmbulo		18	44	406	ue/decisoes/2004/32004D0291.md
32004D0291	Artigo 1.º		48	66	225	ue/decisoes/2004/32004D0291.md
32004D0291	Artigo 2.º		68	70	20	ue/decisoes/2004/32004D0291.md
32004D0291	Artigo 3.º		72	88	97	ue/decisoes/2004/32004D0291.md
32004D0294	Preâmbulo		18	54	1237	ue/decisoes/2004/32004D0294.md
32004D0294	Artigo 1.º		58	64	150	ue/decisoes/2004/32004D0294.md
32004D0294	Artigo 2.º		66	70	189	ue/decisoes/2004/32004D0294.md
32004D0294	Artigo 3.º		72	74	79	ue/decisoes/2004/32004D0294.md
32004D0294	Artigo 4.º		76	92	94	ue/decisoes/2004/32004D0294.md
32004D0297	Preâmbulo		18	38	674	ue/decisoes/2004/32004D0297.md
32004D0297	Artigo 1.º		42	46	239	ue/decisoes/2004/32004D0297.md
32004D0297	Artigo 2.º		48	50	97	ue/decisoes/2004/32004D0297.md
32004D0297	Artigo 3.º		52	66	119	ue/decisoes/2004/32004D0297.md
32004D0299	Preâmbulo		18	28	150	ue/decisoes/2004/32004D0299.md
32004D0299	Artigo 1.º		32	36	101	ue/decisoes/2004/32004D0299.md
32004D0299	Artigo 2.º		38	50	116	ue/decisoes/2004/32004D0299.md
32004D0300	Preâmbulo		18	188	5087	ue/decisoes/2004/32004D0300.md
32004D0300	Artigo 1.º		192	194	46	ue/decisoes/2004/32004D0300.md
32004D0300	Artigo 2.º		196	198	84	ue/decisoes/2004/32004D0300.md
32004D0300	Artigo 3.º		200	204	169	ue/decisoes/2004/32004D0300.md
32004D0300	Artigo 4.º		206	208	41	ue/decisoes/2004/32004D0300.md
32004D0300	Artigo 5.º		210	242	431	ue/decisoes/2004/32004D0300.md
32004D0304	Preâmbulo		18	2778	161776	ue/decisoes/2004/32004D0304.md
32004D0304	Artigo 1.º		2782	2784	84	ue/decisoes/2004/32004D0304.md
32004D0304	Artigo 2.º		2786	2788	122	ue/decisoes/2004/32004D0304.md
32004D0304	Artigo 3.º		2790	2792	60	ue/decisoes/2004/32004D0304.md
32004D0304	Artigo 4.º		2794	2946	2080	ue/decisoes/2004/32004D0304.md
32004D0307	Preâmbulo		18	454	26288	ue/decisoes/2004/32004D0307.md
32004D0307	Artigo 1.º		458	470	540	ue/decisoes/2004/32004D0307.md
32004D0307	Artigo 2.º		472	484	571	ue/decisoes/2004/32004D0307.md
32004D0307	Artigo 3.º		486	488	40	ue/decisoes/2004/32004D0307.md
32004D0307	Artigo 4.º		490	614	4429	ue/decisoes/2004/32004D0307.md
32004D0308	Preâmbulo		18	50	1300	ue/decisoes/2004/32004D0308.md
32004D0308	Artigo 1.º		54	56	64	ue/decisoes/2004/32004D0308.md
32004D0308	Artigo 2.º		58	64	166	ue/decisoes/2004/32004D0308.md
32004D0308	Artigo 3.º		66	68	62	ue/decisoes/2004/32004D0308.md
32004D0308	Artigo 4.º		70	90	209	ue/decisoes/2004/32004D0308.md
32004D0310	Preâmbulo		18	1420	78213	ue/decisoes/2004/32004D0310.md
32004D0310	Artigo 1.º		1424	1426	162	ue/decisoes/2004/32004D0310.md
32004D0310	Artigo 2.º		1428	1614	3925	ue/decisoes/2004/32004D0310.md
32004D0310	ANEXO I		1616	1620	48	ue/decisoes/2004/32004D0310.md
32004D0310	ANEXO II		1622	1626	48	ue/decisoes/2004/32004D0310.md
32004D0311	Preâmbulo		18	1074	54686	ue/decisoes/2004/32004D0311.md
32004D0311	Artigo 1.º		1078	1080	60	ue/decisoes/2004/32004D0311.md
32004D0311	Artigo 2.º		1082	1084	38	ue/decisoes/2004/32004D0311.md
32004D0311	Artigo 3.º		1086	1320	5768	ue/decisoes/2004/32004D0311.md
32004D0312	Preâmbulo		18	42	984	ue/decisoes/2004/32004D0312.md
32004D0312	Artigo 1.º		46	50	116	ue/decisoes/2004/32004D0312.md
32004D0312	Artigo 2.º		52	66	151	ue/decisoes/2004/32004D0312.md
32004D0313	Preâmbulo		18	156	5588	ue/decisoes/2004/32004D0313.md
32004D0313	Artigo 1.º		160	162	66	ue/decisoes/2004/32004D0313.md
32004D0313	Artigo 2.º		164	184	88	ue/decisoes/2004/32004D0313.md
32004D0314	Artigo 1.º		110	114	62	ue/decisoes/2004/32004D0314.md
32004D0314	Artigo 2.º		116	118	44	ue/decisoes/2004/32004D0314.md
32004D0314	Artigo 3.º		120	140	102	ue/decisoes/2004/32004D0314.md
32004D0315	Preâmbulo		18	46	661	ue/decisoes/2004/32004D0315.md
32004D0315	Artigo 1.º		50	52	63	ue/decisoes/2004/32004D0315.md
32004D0315	Artigo 2.º		54	56	17	ue/decisoes/2004/32004D0315.md
32004D0315	Artigo 3.º		58	80	206	ue/decisoes/2004/32004D0315.md
32004D0316	Preâmbulo		18	110	2168	ue/decisoes/2004/32004D0316.md
32004D0316	Artigo 1.º		114	116	234	ue/decisoes/2004/32004D0316.md
32004D0316	Artigo 2.º		118	120	15	ue/decisoes/2004/32004D0316.md
32004D0316	Artigo 3.º		122	152	140	ue/decisoes/2004/32004D0316.md
32004D0317	Preâmbulo		18	238	15118	ue/decisoes/2004/32004D0317.md
32004D0317	Artigo 1.º		242	246	71	ue/decisoes/2004/32004D0317.md
32004D0317	Artigo 2.º		248	290	406	ue/decisoes/2004/32004D0317.md
32004D0321	Preâmbulo		18	36	380	ue/decisoes/2004/32004D0321.md
32004D0321	Artigo 1.º	Âmbito de aplicação	40	46	216	ue/decisoes/2004/32004D0321.md
32004D0321	Artigo 2.º	Pedidos de acesso	48	58	290	ue/decisoes/2004/32004D0321.md
32004D0321	Artigo 3.º	Processamento dos pedidos iniciais	60	68	180	ue/decisoes/2004/32004D0321.md
32004D0321	Artigo 4.º	Processamento dos pedidos confirmativos	70	74	150	ue/decisoes/2004/32004D0321.md
32004D0321	Artigo 5.º	Consultas	76	86	214	ue/decisoes/2004/32004D0321.md
32004D0321	Artigo 6.º	Exercício do direito de acesso	88	94	203	ue/decisoes/2004/32004D0321.md
32004D0321	Artigo 7.º	Registo de documentos	96	100	109	ue/decisoes/2004/32004D0321.md
32004D0321	Artigo 8.º	Documentos directamente acessíveis ao público	102	114	184	ue/decisoes/2004/32004D0321.md
32004D0321	Artigo 9.º	Relatório	116	118	74	ue/decisoes/2004/32004D0321.md
32004D0321	Artigo 10.º	Entrada em vigor	120	132	78	ue/decisoes/2004/32004D0321.md
32004D0322	Preâmbulo		18	1114	59368	ue/decisoes/2004/32004D0322.md
32004D0322	Artigo 1.º		1118	1120	90	ue/decisoes/2004/32004D0322.md
32004D0322	Artigo 2.º		1122	1124	111	ue/decisoes/2004/32004D0322.md
32004D0322	Artigo 3.º		1126	1128	72	ue/decisoes/2004/32004D0322.md
32004D0322	Artigo 4.º		1130	1572	10273	ue/decisoes/2004/32004D0322.md
32004D0322	ANEXO I		1574	1576	52	ue/decisoes/2004/32004D0322.md
32004D0322	ANEXO II		1578	1580	52	ue/decisoes/2004/32004D0322.md
32004D0323	Artigo 1.º		48	50	57	ue/decisoes/2004/32004D0323.md
32004D0323	Artigo 2.º		52	72	72	ue/decisoes/2004/32004D0323.md
32004D0324	Preâmbulo		18	40	775	ue/decisoes/2004/32004D0324.md
32004D0325	Preâmbulo		18	46	830	ue/decisoes/2004/32004D0325.md
32004D0327	Preâmbulo		18	42	1127	ue/decisoes/2004/32004D0327.md
32004D0328	Preâmbulo		18	40	554	ue/decisoes/2004/32004D0328.md
32004D0328	Artigo 1.º		44	50	58	ue/decisoes/2004/32004D0328.md
32004D0328	Artigo 2.º		52	68	141	ue/decisoes/2004/32004D0328.md
32004D0328	ANEXO I	"""ANEXO I"	70	186	1178	ue/decisoes/2004/32004D0328.md
32004D0328	ANEXO II	"""ANEXO II"	188	216	260	ue/decisoes/2004/32004D0328.md
32004D0329	Preâmbulo		18	40	494	ue/decisoes/2004/32004D0329.md
32004D0329	Artigo 1.º		44	52	180	ue/decisoes/2004/32004D0329.md
32004D0329	Artigo 2.º		54	62	162	ue/decisoes/2004/32004D0329.md
32004D0329	Artigo 3.º		64	70	158	ue/decisoes/2004/32004D0329.md
32004D0329	Artigo 4.º		72	74	48	ue/decisoes/2004/32004D0329.md
32004D0329	Artigo 5.º		76	92	113	ue/decisoes/2004/32004D0329.md
32004D0330	Preâmbulo		18	28	182	ue/decisoes/2004/32004D0330.md
32004D0330	Artigo 1.º		32	36	133	ue/decisoes/2004/32004D0330.md
32004D0330	Artigo 2.º		38	50	116	ue/decisoes/2004/32004D0330.md
32004D0331	Preâmbulo		18	38	653	ue/decisoes/2004/32004D0331.md
32004D0331	Artigo 1.º		42	44	64	ue/decisoes/2004/32004D0331.md
32004D0331	Artigo 2.º		46	62	127	ue/decisoes/2004/32004D0331.md
32004D0331	Artigo 3.º		64	70	132	ue/decisoes/2004/32004D0331.md
32004D0331	Artigo 4.º		72	94	144	ue/decisoes/2004/32004D0331.md
32004D0332	Preâmbulo		18	36	589	ue/decisoes/2004/32004D0332.md
32004D0332	Artigo 1.º		40	42	116	ue/decisoes/2004/32004D0332.md
32004D0332	Artigo 2.º		44	46	31	ue/decisoes/2004/32004D0332.md
32004D0332	Artigo 3.º		48	62	87	ue/decisoes/2004/32004D0332.md
32004D0333	Preâmbulo		22	48	652	ue/decisoes/2004/32004D0333.md
32004D0333	Artigo 1.º		52	54	61	ue/decisoes/2004/32004D0333.md
32004D0333	Artigo 2.º		56	62	113	ue/decisoes/2004/32004D0333.md
32004D0333	Artigo 3.º		64	78	74	ue/decisoes/2004/32004D0333.md
32004D0333	ANEXO 1	Produtos referidos no artigo 1.º	80	88	188	ue/decisoes/2004/32004D0333.md
32004D0333	ANEXO 2	Especificações de fitoesteróis e de fitoestanóis para adição a alimentos e a ingredientes alimentares	90	114	214	ue/decisoes/2004/32004D0333.md
32004D0334	Preâmbulo		22	48	639	ue/decisoes/2004/32004D0334.md
32004D0334	Artigo 1.º		52	54	61	ue/decisoes/2004/32004D0334.md
32004D0334	Artigo 2.º		56	62	112	ue/decisoes/2004/32004D0334.md
32004D0334	Artigo 3.º		64	78	68	ue/decisoes/2004/32004D0334.md
32004D0334	ANEXO 1	Produtos referidos no artigo 1.º	80	88	136	ue/decisoes/2004/32004D0334.md
32004D0334	ANEXO 2	Especificações de fitoesteróis e de fitoestanóis para adição a alimentos e a ingredientes alimentares	90	114	214	ue/decisoes/2004/32004D0334.md
32004D0335	Preâmbulo		18	44	664	ue/decisoes/2004/32004D0335.md
32004D0335	Artigo 1.º		48	50	60	ue/decisoes/2004/32004D0335.md
32004D0335	Artigo 2.º		52	56	105	ue/decisoes/2004/32004D0335.md
32004D0335	Artigo 3.º		58	72	69	ue/decisoes/2004/32004D0335.md
32004D0335	ANEXO 1	Produtos referidos no artigo 1.º	74	76	70	ue/decisoes/2004/32004D0335.md
32004D0335	ANEXO 2	Especificações de fitoesteróis e de fitoestanóis para adição a alimentos e a ingredientes alimentares	78	102	214	ue/decisoes/2004/32004D0335.md
32004D0336	Preâmbulo		22	48	643	ue/decisoes/2004/32004D0336.md
32004D0336	Artigo 1.º		52	54	61	ue/decisoes/2004/32004D0336.md
32004D0336	Artigo 2.º		56	60	93	ue/decisoes/2004/32004D0336.md
32004D0336	Artigo 3.º		62	76	66	ue/decisoes/2004/32004D0336.md
32004D0336	ANEXO 1	Produtos referidos no artigo 1.º	78	84	135	ue/decisoes/2004/32004D0336.md
32004D0336	ANEXO 2	Especificações de fitoesteróis e de fitoestanóis para adição a alimentos e a ingredientes alimentares	86	110	214	ue/decisoes/2004/32004D0336.md
32004D0337	Preâmbulo		18	1432	65052	ue/decisoes/2004/32004D0337.md
32004D0337	Artigo 1.º		1436	1442	142	ue/decisoes/2004/32004D0337.md
32004D0337	Artigo 2.º		1444	1446	85	ue/decisoes/2004/32004D0337.md
32004D0337	Artigo 3.º		1448	1464	183	ue/decisoes/2004/32004D0337.md
32004D0337	Artigo 4.º		1466	2276	15771	ue/decisoes/2004/32004D0337.md
32004D0337	ANEXO I	REUNIÕES AEMCP E REUNIÕES GERAIS DE CARTEL	2278	2290	76	ue/decisoes/2004/32004D0337.md
32004D0337	ANEXO II	REUNIÕES NACIONAIS E REGIONAIS DE CARTEL: DATAS, PARTICIPANTES E MERCADOS	2292	2294	28	ue/decisoes/2004/32004D0337.md
32004D0337	ANEXO III	QUOTAS DE VENDAS ACORDADAS / INFORMAÇÕES TROCADAS SOBRE OS VOLUMES DE VENDAS / VENDAS EFECTIVAS	2296	2300	39	ue/decisoes/2004/32004D0337.md
32004D0337	ANEXO IV	INFORMAÇÕES TROCADAS SOBRE OS VOLUMES DE VENDAS EM 6.12.1994 / INFORMAÇÕES SOBRE OS VOLUMES RECEBIDAS EM RESPOSTA AOS PEDIDOS DE INFORMAÇÃO DA COMISSÃO	2302	2306	60	ue/decisoes/2004/32004D0337.md
32004D0337	ANEXO V	INICIATIVAS DE AUMENTOS DE PREÇOS DE JANEIRO DE 1994 A SETEMBRO DE 1995	2308	2332	114	ue/decisoes/2004/32004D0337.md
32004D0338	Artigo único		55	513	9332	ue/decisoes/2004/32004D0338.md
32004D0338	ANEXO I	LISTA DAS FORMAÇÕES DO CONSELHO	515	539	222	ue/decisoes/2004/32004D0338.md
32004D0338	ANEXO II	DISPOSIÇÕES ESPECÍFICAS RELATIVAS AO ACESSO DO PÚBLICO AOS DOCUMENTOS DO CONSELHO	541	659	2151	ue/decisoes/2004/32004D0338.md
32004D0338	ANEXO II A		661	661	4	ue/decisoes/2004/32004D0338.md
32004D0338	ANEXO III		711	747	787	ue/decisoes/2004/32004D0338.md
32004D0338	ANEXO IV	MÉTODOS DE TRABALHO PARA UM CONSELHO ALARGADO	749	785	1297	ue/decisoes/2004/32004D0338.md
32004D0338	ANEXO V	DISPOSIÇÕES RELATIVAS À FORMA DOS ACTOS	787	981	2801	ue/decisoes/2004/32004D0338.md
32004D0339	Preâmbulo		18	562	23575	ue/decisoes/2004/32004D0339.md
32004D0339	Artigo 1.º		566	568	119	ue/decisoes/2004/32004D0339.md
32004D0339	Artigo 2.º		570	572	56	ue/decisoes/2004/32004D0339.md
32004D0339	Artigo 3.º		574	734	3962	ue/decisoes/2004/32004D0339.md
32004D0340	Preâmbulo		18	472	20357	ue/decisoes/2004/32004D0340.md
32004D0340	Artigo 1.º		476	478	92	ue/decisoes/2004/32004D0340.md
32004D0340	Artigo 2.º		480	482	81	ue/decisoes/2004/32004D0340.md
32004D0340	Artigo 3.º		484	492	190	ue/decisoes/2004/32004D0340.md
32004D0340	Artigo 4.º		494	502	258	ue/decisoes/2004/32004D0340.md
32004D0340	Artigo 5.º		504	506	42	ue/decisoes/2004/32004D0340.md
32004D0340	Artigo 6.º		508	510	21	ue/decisoes/2004/32004D0340.md
32004D0340	Artigo 7.º		512	550	173	ue/decisoes/2004/32004D0340.md
32004D0341	Preâmbulo		18	182	5962	ue/decisoes/2004/32004D0341.md
32004D0341	Artigo 1.º		186	190	102	ue/decisoes/2004/32004D0341.md
32004D0341	Artigo 2.º		192	194	42	ue/decisoes/2004/32004D0341.md
32004D0341	Artigo 3.º		196	246	1174	ue/decisoes/2004/32004D0341.md
32004D0342	Preâmbulo		18	378	20821	ue/decisoes/2004/32004D0342.md
32004D0342	Artigo 1.º		382	388	213	ue/decisoes/2004/32004D0342.md
32004D0342	Artigo 2.º		390	392	76	ue/decisoes/2004/32004D0342.md
32004D0342	Artigo 3.º		394	396	52	ue/decisoes/2004/32004D0342.md
32004D0342	Artigo 4.º		398	400	40	ue/decisoes/2004/32004D0342.md
32004D0342	Artigo 5.º		402	506	2323	ue/decisoes/2004/32004D0342.md
32004D0343	Preâmbulo		18	238	11813	ue/decisoes/2004/32004D0343.md
32004D0343	Artigo 1.º		242	244	90	ue/decisoes/2004/32004D0343.md
32004D0343	Artigo 2.º		246	248	63	ue/decisoes/2004/32004D0343.md
32004D0343	Artigo 3.º		250	252	94	ue/decisoes/2004/32004D0343.md
32004D0343	Artigo 4.º	A França deve suprimir o regime de auxílios referido no artigo 1.º	254	254	21	ue/decisoes/2004/32004D0343.md
32004D0343	Artigo 5.º		256	260	220	ue/decisoes/2004/32004D0343.md
32004D0343	Artigo 6.º		262	264	43	ue/decisoes/2004/32004D0343.md
32004D0343	Artigo 7.º		266	270	196	ue/decisoes/2004/32004D0343.md
32004D0343	Artigo 8.º		272	368	1058	ue/decisoes/2004/32004D0343.md
32004D0344	Artigo 1.º		57	59	34	ue/decisoes/2004/32004D0344.md
32004D0344	Artigo 2.º		61	63	34	ue/decisoes/2004/32004D0344.md
32004D0344	Artigo 3.º		65	67	34	ue/decisoes/2004/32004D0344.md
32004D0344	Artigo 4.º		69	71	48	ue/decisoes/2004/32004D0344.md
32004D0344	Artigo 5.º		73	75	19	ue/decisoes/2004/32004D0344.md
32004D0344	ANEXO 1	Montantes da reserva de eficiência dos objectivo n.º 1 e transitório	77	386	4728	ue/decisoes/2004/32004D0344.md
32004D0344	ANEXO 2	Montantes da reserva de eficiência dos objectivo n.º 2 e objectivo n.º 2 transitório	388	671	4123	ue/decisoes/2004/32004D0344.md
32004D0344	ANEXO 3	Montantes da reserva de eficiência do objectivo n.º 3	673	882	2450	ue/decisoes/2004/32004D0344.md
32004D0344	ANEXO 4	Montantes da reserva de eficiência dos programas no sector das pescas fora do objectivo n.º 1	884	1015	1380	ue/decisoes/2004/32004D0344.md
32004D0368	Preâmbulo		18	40	544	ue/decisoes/2004/32004D0368.md
32004D0368	Artigo 1.º		44	48	90	ue/decisoes/2004/32004D0368.md
32004D0368	Artigo 2.º		50	52	45	ue/decisoes/2004/32004D0368.md
32004D0368	Artigo 3.º		54	64	43	ue/decisoes/2004/32004D0368.md
32004D0370	Artigo 1.º		69	85	328	ue/decisoes/2004/32004D0370.md
32004D0370	Artigo 2.º		87	99	199	ue/decisoes/2004/32004D0370.md
32004D0370	Artigo 3.º		101	103	97	ue/decisoes/2004/32004D0370.md
32004D0370	Artigo 4.º		105	117	142	ue/decisoes/2004/32004D0370.md
32004D0370	Artigo 6.º		119	121	24	ue/decisoes/2004/32004D0370.md
32004D0370	Artigo 7.º		123	125	12	ue/decisoes/2004/32004D0370.md
32004D0370	Artigo 8.º		127	129	26	ue/decisoes/2004/32004D0370.md
32004D0370	ANEXO I	MÉTODOS DE CLASSIFICAÇÃO DAS CARCAÇAS DE SUÍNOS NO REINO UNIDO (COM EXCLUSÃO DA IRLANDA DO NORTE)	131	269	2006	ue/decisoes/2004/32004D0370.md
32004D0370	ANEXO II	Métodos de classificação das carcaças de suínos na Irlanda do Norte	271	642	1828	ue/decisoes/2004/32004D0370.md
32004D0371	Preâmbulo		18	34	284	ue/decisoes/2004/32004D0371.md
32004D0371	Artigo 1.º		38	40	68	ue/decisoes/2004/32004D0371.md
32004D0371	Artigo 2.º		42	52	106	ue/decisoes/2004/32004D0371.md
32004D0371	Artigo 3.º		54	60	92	ue/decisoes/2004/32004D0371.md
32004D0371	Artigo 4.º		62	70	101	ue/decisoes/2004/32004D0371.md
32004D0371	Artigo 5.º		72	74	44	ue/decisoes/2004/32004D0371.md
32004D0371	Artigo 6.º		76	88	79	ue/decisoes/2004/32004D0371.md
32004D0376	Preâmbulo		18	44	689	ue/decisoes/2004/32004D0376.md
32004D0376	Artigo 1.º		48	50	143	ue/decisoes/2004/32004D0376.md
32004D0376	Artigo 2.º		52	54	40	ue/decisoes/2004/32004D0376.md
32004D0376	Artigo 3.º		56	88	388	ue/decisoes/2004/32004D0376.md
32004D0382	Artigo 1.º		68	70	61	ue/decisoes/2004/32004D0382.md
32004D0382	Artigo 2.º		72	74	46	ue/decisoes/2004/32004D0382.md
32004D0382	Artigo 3.º		76	78	100	ue/decisoes/2004/32004D0382.md
32004D0382	ANEXO I	Decisão definitiva sobre a importação dos produtos químicos actinolite, amosite, antofilite e tremolite e decisão definitiva actualizada sobre a importação de c	80	90	85	ue/decisoes/2004/32004D0382.md
32004D0382	ANEXO II	Decisão definitiva sobre a importação do produto químico DNOC	92	102	38	ue/decisoes/2004/32004D0382.md
32004D0382	ANEXO III	Decisão provisória sobre a importação de formulações pesticidas para aplicação em pó que contenham combinações de benomil em concentração igual ou superior a 7 	104	138	224	ue/decisoes/2004/32004D0382.md
32004D0388	Artigo 1.º		54	60	128	ue/decisoes/2004/32004D0388.md
32004D0388	Artigo 2.º		62	64	77	ue/decisoes/2004/32004D0388.md
32004D0388	Artigo 3.º		66	70	51	ue/decisoes/2004/32004D0388.md
32004D0388	Artigo 3.º.ºA		72	84	356	ue/decisoes/2004/32004D0388.md
32004D0388	Artigo 4.º		86	88	76	ue/decisoes/2004/32004D0388.md
32004D0388	Artigo 5.º		90	92	19	ue/decisoes/2004/32004D0388.md
32004D0388	ANEXO	Documento de transferência intracomunitária de explosivos	94	106	86	ue/decisoes/2004/32004D0388.md
32004D0389	Preâmbulo		18	40	602	ue/decisoes/2004/32004D0389.md
32004D0389	Artigo 1.º		44	46	134	ue/decisoes/2004/32004D0389.md
32004D0389	Artigo 2.º		48	66	78	ue/decisoes/2004/32004D0389.md
32004D0390	Preâmbulo		18	40	667	ue/decisoes/2004/32004D0390.md
32004D0390	Artigo 1.º		44	46	56	ue/decisoes/2004/32004D0390.md
32004D0390	Artigo 2.º		48	62	89	ue/decisoes/2004/32004D0390.md
32004D0392	Preâmbulo		18	36	233	ue/decisoes/2004/32004D0392.md
32004D0392	Artigo 1.º		40	44	68	ue/decisoes/2004/32004D0392.md
32004D0392	Artigo 2.º		46	48	37	ue/decisoes/2004/32004D0392.md
32004D0392	Artigo 3.º		50	52	19	ue/decisoes/2004/32004D0392.md
32004D0392	Artigo 4.º		54	64	44	ue/decisoes/2004/32004D0392.md
32004D0393	Preâmbulo		18	1078	65208	ue/decisoes/2004/32004D0393.md
32004D0393	Artigo 1.º		1082	1084	155	ue/decisoes/2004/32004D0393.md
32004D0393	Artigo 2.º		1086	1090	229	ue/decisoes/2004/32004D0393.md
32004D0393	Artigo 3.º		1092	1094	129	ue/decisoes/2004/32004D0393.md
32004D0393	Artigo 4.º		1096	1114	898	ue/decisoes/2004/32004D0393.md
32004D0393	Artigo 5.º		1116	1120	316	ue/decisoes/2004/32004D0393.md
32004D0393	Artigo 6.º		1122	1124	40	ue/decisoes/2004/32004D0393.md
32004D0393	Artigo 7.º		1126	1402	11900	ue/decisoes/2004/32004D0393.md
32004D0400	Preâmbulo		18	40	660	ue/decisoes/2004/32004D0400.md
32004D0400	Artigo 1.º		44	46	55	ue/decisoes/2004/32004D0400.md
32004D0400	Artigo 2.º		48	62	89	ue/decisoes/2004/32004D0400.md
32004D0401	Preâmbulo		18	36	590	ue/decisoes/2004/32004D0401.md
32004D0401	Artigo 1.º		40	42	21	ue/decisoes/2004/32004D0401.md
32004D0401	Artigo 2.º		44	50	102	ue/decisoes/2004/32004D0401.md
32004D0401	Artigo 3.º		52	54	60	ue/decisoes/2004/32004D0401.md
32004D0401	Artigo 4.º		56	72	142	ue/decisoes/2004/32004D0401.md
32004D0404	Preâmbulo		18	40	348	ue/decisoes/2004/32004D0404.md
32004D0404	Artigo 1.º		44	50	70	ue/decisoes/2004/32004D0404.md
32004D0404	Artigo 2.º		52	64	121	ue/decisoes/2004/32004D0404.md
32004D0411	Artigo 1.º		43	45	51	ue/decisoes/2004/32004D0411.md
32004D0411	Artigo 2.º		47	51	92	ue/decisoes/2004/32004D0411.md
32004D0411	Artigo 3.º		53	55	116	ue/decisoes/2004/32004D0411.md
32004D0411	Artigo 4.º		57	67	359	ue/decisoes/2004/32004D0411.md
32004D0411	Artigo 5.º		69	71	124	ue/decisoes/2004/32004D0411.md
32004D0411	Artigo 6.º		73	75	42	ue/decisoes/2004/32004D0411.md
32004D0411	Artigo 7.º		77	79	19	ue/decisoes/2004/32004D0411.md
32004D0424	Preâmbulo		18	44	488	ue/decisoes/2004/32004D0424.md
32004D0424	Artigo 1.º		48	52	74	ue/decisoes/2004/32004D0424.md
32004D0424	Artigo 2.º		54	56	28	ue/decisoes/2004/32004D0424.md
32004D0424	Artigo 3.º		58	60	40	ue/decisoes/2004/32004D0424.md
32004D0424	Artigo 4.º		62	66	107	ue/decisoes/2004/32004D0424.md
32004D0424	Artigo 5.º		68	82	101	ue/decisoes/2004/32004D0424.md
32004D0441	Preâmbulo		18	36	254	ue/decisoes/2004/32004D0441.md
32004D0441	Artigo 1.º		40	44	107	ue/decisoes/2004/32004D0441.md
32004D0441	Artigo 2.º		46	48	31	ue/decisoes/2004/32004D0441.md
32004D0441	Artigo 3.º		50	52	64	ue/decisoes/2004/32004D0441.md
32004D0441	Artigo 4.º		54	64	43	ue/decisoes/2004/32004D0441.md
32004D0452	Artigo 1.º		81	83	56	ue/decisoes/2004/32004D0452.md
32004D0452	Artigo 2.º		85	89	21	ue/decisoes/2004/32004D0452.md
32004D0452	ANEXO		91	175	966	ue/decisoes/2004/32004D0452.md
32004D0459	Artigo 1.º		73	81	186	ue/decisoes/2004/32004D0459.md
32004D0459	Artigo 2.º		83	85	64	ue/decisoes/2004/32004D0459.md
32004D0459	Artigo 3.º		87	91	20	ue/decisoes/2004/32004D0459.md
32004D0459	ANEXO		93	108	195	ue/decisoes/2004/32004D0459.md
32004D0475	Artigo 1.º		70	78	250	ue/decisoes/2004/32004D0475.md
32004D0475	Artigo 2.º		80	82	64	ue/decisoes/2004/32004D0475.md
32004D0475	Artigo 3.º		84	88	20	ue/decisoes/2004/32004D0475.md
32004D0475	ANEXO		90	106	286	ue/decisoes/2004/32004D0475.md
32004D0485	Preâmbulo		18	38	350	ue/decisoes/2004/32004D0485.md
32004D0485	Artigo 1.º		42	44	77	ue/decisoes/2004/32004D0485.md
32004D0485	Artigo 2.º		46	56	43	ue/decisoes/2004/32004D0485.md
32004D0486	Preâmbulo		18	42	981	ue/decisoes/2004/32004D0486.md
32004D0486	Artigo 1.º		46	48	50	ue/decisoes/2004/32004D0486.md
32004D0486	Artigo 2.º		50	64	126	ue/decisoes/2004/32004D0486.md
32004D0491	Preâmbulo		18	36	557	ue/decisoes/2004/32004D0491.md
32004D0491	Artigo 1.º		40	50	408	ue/decisoes/2004/32004D0491.md
32004D0491	Artigo 2.º		52	54	106	ue/decisoes/2004/32004D0491.md
32004D0491	Artigo 3.º		56	72	83	ue/decisoes/2004/32004D0491.md
32004D0508	Preâmbulo		18	38	74	ue/decisoes/2004/32004D0508.md
32004D0508	Artigo 1.º	Beneficiários	42	48	275	ue/decisoes/2004/32004D0508.md
32004D0508	Artigo 2.º	Pedidos de acesso	50	56	324	ue/decisoes/2004/32004D0508.md
32004D0508	Artigo 3.º	Processamento dos pedidos iniciais	58	68	194	ue/decisoes/2004/32004D0508.md
32004D0508	Artigo 4.º	Processamento dos pedidos confirmativos	70	74	115	ue/decisoes/2004/32004D0508.md
32004D0508	Artigo 5.º	Consultas	76	96	555	ue/decisoes/2004/32004D0508.md
32004D0508	Artigo 6.º	Exercício do direito de acesso	98	104	207	ue/decisoes/2004/32004D0508.md
32004D0508	Artigo 7.º	Medidas destinadas a facilitar o acesso aos documentos	106	112	158	ue/decisoes/2004/32004D0508.md
32004D0508	Artigo 8.º	Documentos directamente acessíveis ao público	114	122	148	ue/decisoes/2004/32004D0508.md
32004D0508	Artigo 9.º	Relatórios	124	126	93	ue/decisoes/2004/32004D0508.md
32004D0508	Artigo 10.º	Entrada em vigor	128	142	84	ue/decisoes/2004/32004D0508.md
32004D0509	Preâmbulo		18	34	379	ue/decisoes/2004/32004D0509.md
32004D0509	Artigo único		38	58	194	ue/decisoes/2004/32004D0509.md
32004D0509	ANEXO		60	85	155	ue/decisoes/2004/32004D0509.md
32004D0511	Preâmbulo		18	36	486	ue/decisoes/2004/32004D0511.md
32004D0511	Artigo 1.º		40	48	342	ue/decisoes/2004/32004D0511.md
32004D0511	Artigo 2.º		50	64	70	ue/decisoes/2004/32004D0511.md
32004D0512	Artigo 1.º		36	56	359	ue/decisoes/2004/32004D0512.md
32004D0512	Artigo 2.º		58	62	88	ue/decisoes/2004/32004D0512.md
32004D0512	Artigo 3.º		64	66	98	ue/decisoes/2004/32004D0512.md
32004D0512	Artigo 4.º		68	78	198	ue/decisoes/2004/32004D0512.md
32004D0512	Artigo 5.º		80	92	176	ue/decisoes/2004/32004D0512.md
32004D0512	Artigo 6.º		94	96	124	ue/decisoes/2004/32004D0512.md
32004D0512	Artigo 7.º		98	100	30	ue/decisoes/2004/32004D0512.md
32004D0512	Artigo 8.º		102	108	151	ue/decisoes/2004/32004D0512.md
32004D0513	Preâmbulo		22	42	308	ue/decisoes/2004/32004D0513.md
32004D0513	Artigo 1.º		46	50	52	ue/decisoes/2004/32004D0513.md
32004D0513	Artigo 2.º		52	64	150	ue/decisoes/2004/32004D0513.md
32004D0513	ANEXO I		66	70	52	ue/decisoes/2004/32004D0513.md
32004D0513	ANEXO II		72	76	65	ue/decisoes/2004/32004D0513.md
32004D0513	ANEXO III		78	82	51	ue/decisoes/2004/32004D0513.md
32004D0527	Preâmbulo		18	38	288	ue/decisoes/2004/32004D0527.md
32004D0527	Artigo único		42	56	88	ue/decisoes/2004/32004D0527.md
32004D0527	ANEXO		58	72	226	ue/decisoes/2004/32004D0527.md
32004D0541	Preâmbulo		18	42	344	ue/decisoes/2004/32004D0541.md
32004D0541	Artigo único		46	64	158	ue/decisoes/2004/32004D0541.md
32004D0544	Preâmbulo		18	72	829	ue/decisoes/2004/32004D0544.md
32004D0544	Artigo único		76	88	128	ue/decisoes/2004/32004D0544.md
32004D0544	Article 1	Definitions	92	104	317	ue/decisoes/2004/32004D0544.md
32004D0544	Article 2	Species	106	114	108	ue/decisoes/2004/32004D0544.md
32004D0544	Article 3	Application of the Convention	116	124	173	ue/decisoes/2004/32004D0544.md
32004D0544	Article 4	Main principles of the Convention	126	140	298	ue/decisoes/2004/32004D0544.md
32004D0544	Article 5	Authorisation of transporters	142	154	288	ue/decisoes/2004/32004D0544.md
32004D0544	Article 6	Design and construction	158	186	628	ue/decisoes/2004/32004D0544.md
32004D0544	Article 7	Planning	190	210	579	ue/decisoes/2004/32004D0544.md
32004D0544	Article 8	Attendants	212	222	238	ue/decisoes/2004/32004D0544.md
32004D0544	Article 9	Fitness for transport	224	244	362	ue/decisoes/2004/32004D0544.md
32004D0544	Article 10	Inspection/Certificate	246	252	169	ue/decisoes/2004/32004D0544.md
32004D0544	Article 11	Rest, water and feed prior to loading	254	260	159	ue/decisoes/2004/32004D0544.md
32004D0544	Article 12	Principles	264	272	144	ue/decisoes/2004/32004D0544.md
32004D0544	Article 13	Equipment and procedures	274	286	406	ue/decisoes/2004/32004D0544.md
32004D0544	Article 14	Handling	288	298	386	ue/decisoes/2004/32004D0544.md
32004D0544	Article 15	Separation	300	314	150	ue/decisoes/2004/32004D0544.md
32004D0544	Article 16	Floors and bedding	318	320	111	ue/decisoes/2004/32004D0544.md
32004D0544	Article 17	Space allowances (floor area and height)	322	330	220	ue/decisoes/2004/32004D0544.md
32004D0544	Article 18	Tying of animals	332	334	137	ue/decisoes/2004/32004D0544.md
32004D0544	Article 19	Ventilation and temperature	336	342	131	ue/decisoes/2004/32004D0544.md
32004D0544	Article 20	Water, feed and rest	344	350	124	ue/decisoes/2004/32004D0544.md
32004D0544	Article 21	Females in lactation	352	354	72	ue/decisoes/2004/32004D0544.md
32004D0544	Article 22	Lighting	356	358	59	ue/decisoes/2004/32004D0544.md
32004D0544	Article 23	Containers	360	364	65	ue/decisoes/2004/32004D0544.md
32004D0544	Article 24	Care during transport	366	368	47	ue/decisoes/2004/32004D0544.md
32004D0544	Article 25	Emergency and casualty care during transport	370	372	77	ue/decisoes/2004/32004D0544.md
32004D0544	Article 26	Special provisions for transport by rail	376	386	263	ue/decisoes/2004/32004D0544.md
32004D0544	Article 27	Special provisions for transport by road	388	396	146	ue/decisoes/2004/32004D0544.md
32004D0544	Article 28	Special provisions for transport by water (except roll-on/roll-off vessels)	398	434	696	ue/decisoes/2004/32004D0544.md
32004D0544	Article 29	Special provisions for transport in road vehicles or rail wagons on roll-on/roll-off vessels	436	450	476	ue/decisoes/2004/32004D0544.md
32004D0544	Article 30	Special provisions for transport by air	452	464	328	ue/decisoes/2004/32004D0544.md
32004D0544	Article 31	Multilateral consultations	468	482	476	ue/decisoes/2004/32004D0544.md
32004D0544	Article 32	Functions of multilateral consultations	484	494	173	ue/decisoes/2004/32004D0544.md
32004D0544	Article 33	Object	498	500	82	ue/decisoes/2004/32004D0544.md
32004D0544	Article 34	Adoption and entry into force	502	508	259	ue/decisoes/2004/32004D0544.md
32004D0544	Article 35	Amendments	510	516	274	ue/decisoes/2004/32004D0544.md
32004D0544	Article 36	Settlement of disputes	520	530	652	ue/decisoes/2004/32004D0544.md
32004D0544	Article 37	Signature, ratification, acceptance, approval	534	544	400	ue/decisoes/2004/32004D0544.md
32004D0544	Article 38	Accession of non-Member States	546	550	161	ue/decisoes/2004/32004D0544.md
32004D0544	Article 39	Territorial clause	552	558	242	ue/decisoes/2004/32004D0544.md
32004D0544	Article 40	Denunciation	560	564	76	ue/decisoes/2004/32004D0544.md
32004D0544	Article 41	Notifications	566	888	4780	ue/decisoes/2004/32004D0544.md
32004D0544	Article 1	Définitions	892	904	366	ue/decisoes/2004/32004D0544.md
32004D0544	Article 2	Espèces	906	914	129	ue/decisoes/2004/32004D0544.md
32004D0544	Article 3	Application de la convention	916	924	193	ue/decisoes/2004/32004D0544.md
32004D0544	Article 4	Principes fondamentaux de la convention	926	940	340	ue/decisoes/2004/32004D0544.md
32004D0544	Article 5	Autorisation des transporteurs	942	954	294	ue/decisoes/2004/32004D0544.md
32004D0544	Article 6	Conception et construction	958	986	766	ue/decisoes/2004/32004D0544.md
32004D0544	Article 7	Planification	990	1010	620	ue/decisoes/2004/32004D0544.md
32004D0544	Article 8	Convoyeurs	1012	1022	255	ue/decisoes/2004/32004D0544.md
32004D0544	Article 9	Aptitude au transport	1024	1044	430	ue/decisoes/2004/32004D0544.md
32004D0544	Article 10	Inspection/Certificat	1046	1052	173	ue/decisoes/2004/32004D0544.md
32004D0544	Article 11	Repos, abreuvement, alimentation avant le chargement	1054	1060	184	ue/decisoes/2004/32004D0544.md
32004D0544	Article 12	Principes	1064	1072	152	ue/decisoes/2004/32004D0544.md
32004D0544	Article 13	Équipement et procédures	1074	1086	456	ue/decisoes/2004/32004D0544.md
32004D0544	Article 14	Traitement des animaux	1088	1098	474	ue/decisoes/2004/32004D0544.md
32004D0544	Article 15	Séparation	1100	1114	183	ue/decisoes/2004/32004D0544.md
32004D0544	Article 16	Planchers et litière	1118	1120	120	ue/decisoes/2004/32004D0544.md
32004D0544	Article 17	Espace disponible (surface au sol et hauteur)	1122	1130	243	ue/decisoes/2004/32004D0544.md
32004D0544	Article 18	Attache des animaux	1132	1134	183	ue/decisoes/2004/32004D0544.md
32004D0544	Article 19	Aération et température	1136	1142	140	ue/decisoes/2004/32004D0544.md
32004D0544	Article 20	Abreuvement, alimentation et repos	1144	1150	152	ue/decisoes/2004/32004D0544.md
32004D0544	Article 21	Femelles en lactation	1152	1154	85	ue/decisoes/2004/32004D0544.md
32004D0544	Article 22	Lumière	1156	1158	72	ue/decisoes/2004/32004D0544.md
32004D0544	Article 23	Conteneurs	1160	1164	83	ue/decisoes/2004/32004D0544.md
32004D0544	Article 24	Soins pendant le transport	1166	1168	52	ue/decisoes/2004/32004D0544.md
32004D0544	Article 25	Traitement des urgences/accidents pendant le transport	1170	1172	86	ue/decisoes/2004/32004D0544.md
32004D0544	Article 26	Dispositions spéciales concernant le transport par chemin de fer	1176	1186	308	ue/decisoes/2004/32004D0544.md
32004D0544	Article 27	Dispositions spéciales concernant le transport par route	1188	1196	190	ue/decisoes/2004/32004D0544.md
32004D0544	Article 28	Dispositions spéciales concernant le transport par eau (à l'exception des navires transrouliers)	1198	1234	797	ue/decisoes/2004/32004D0544.md
32004D0544	Article 29	Dispositions spéciales concernant le transport effectué dans des véhicules routiers ou des wagons chargés sur des navires transrouliers	1236	1250	536	ue/decisoes/2004/32004D0544.md
32004D0544	Article 30	Dispositions concernant le transport par air	1252	1264	379	ue/decisoes/2004/32004D0544.md
32004D0544	Article 31	Consultations multilatérales	1268	1282	484	ue/decisoes/2004/32004D0544.md
32004D0544	Article 32	Fonctionnement des consultations multilatérales	1284	1294	183	ue/decisoes/2004/32004D0544.md
32004D0544	Article 33	Objet	1298	1300	99	ue/decisoes/2004/32004D0544.md
32004D0544	Article 34	Adoption et entrée en vigueur	1302	1308	252	ue/decisoes/2004/32004D0544.md
32004D0544	Article 35	Amendements	1310	1316	269	ue/decisoes/2004/32004D0544.md
32004D0544	Article 36	Règlement des différends	1320	1330	640	ue/decisoes/2004/32004D0544.md
32004D0544	Article 37	Signature, ratification, acceptation, approbation	1334	1344	416	ue/decisoes/2004/32004D0544.md
32004D0544	Article 38	Adhésion d'États non membres	1346	1350	156	ue/decisoes/2004/32004D0544.md
32004D0544	Article 39	Clause territoriale	1352	1358	252	ue/decisoes/2004/32004D0544.md
32004D0544	Article 40	Dénonciation	1360	1364	73	ue/decisoes/2004/32004D0544.md
32004D0544	Article 41	Notifications	1366	1690	5208	ue/decisoes/2004/32004D0544.md
32004D0545	Preâmbulo		18	42	982	ue/decisoes/2004/32004D0545.md
32004D0545	Artigo 1.º		46	48	62	ue/decisoes/2004/32004D0545.md
32004D0545	Artigo 2.º		50	58	176	ue/decisoes/2004/32004D0545.md
32004D0545	Artigo 3.º		60	66	155	ue/decisoes/2004/32004D0545.md
32004D0545	Artigo 4.º		68	90	150	ue/decisoes/2004/32004D0545.md
32004D0548	Preâmbulo		18	58	1234	ue/decisoes/2004/32004D0548.md
32004D0548	Artigo 1.º		62	64	51	ue/decisoes/2004/32004D0548.md
32004D0548	Artigo 2.º		66	68	55	ue/decisoes/2004/32004D0548.md
32004D0548	Artigo 3.º		70	74	47	ue/decisoes/2004/32004D0548.md
32004D0548	Artigo 4.º		76	80	86	ue/decisoes/2004/32004D0548.md
32004D0548	Artigo 5.º		82	86	87	ue/decisoes/2004/32004D0548.md
32004D0548	Artigo 6.º		88	92	198	ue/decisoes/2004/32004D0548.md
32004D0548	Artigo 7.º		94	96	71	ue/decisoes/2004/32004D0548.md
32004D0548	Artigo 8.º		98	104	188	ue/decisoes/2004/32004D0548.md
32004D0548	Artigo 9.º		106	110	76	ue/decisoes/2004/32004D0548.md
32004D0548	Artigo 10.º		112	130	133	ue/decisoes/2004/32004D0548.md
32004D0555	Artigo 1.º		60	62	66	ue/decisoes/2004/32004D0555.md
32004D0555	Artigo 2.º		64	66	84	ue/decisoes/2004/32004D0555.md
32004D0555	Artigo 3.º		68	70	85	ue/decisoes/2004/32004D0555.md
32004D0555	Artigo 4.º		72	76	77	ue/decisoes/2004/32004D0555.md
32004D0555	Artigo 5.º		78	82	113	ue/decisoes/2004/32004D0555.md
32004D0555	Artigo 6.º		84	88	96	ue/decisoes/2004/32004D0555.md
32004D0555	ANEXO I BILAG I ANHANG IΠΑΡΑΡΤΗΜΑ I ANNEX I ANNEXE IALLEGATO IBIJLAGE IANEXO I BILAGA ILIITE I PŘÍLOHA ILISA I PIELIKUMS IPRIEDAS I I. MELLÉKLETANNESS IZAŁĄCZNIK IPRILOGA I PRÍLOHA I		90	108	520	ue/decisoes/2004/32004D0555.md
32004D0555	ANEXO IIBILAG II ANHANG IIΠΑΡΑΡΤΗΜΑ II ANNEX II ANNEXE IIALLEGATO IIBIJLAGE IIANEXO II BILAGA IILIITE II PŘÍLOHA IILISA IIPIELIKUMS IIPRIEDAS II II. MELLÉKLETANNESS IIZAŁĄCZNIK IIPRILOGA II PRÍLOHA II		110	134	532	ue/decisoes/2004/32004D0555.md
32004D0560	Preâmbulo		18	38	351	ue/decisoes/2004/32004D0560.md
32004D0560	Artigo 1.º		42	44	50	ue/decisoes/2004/32004D0560.md
32004D0560	Artigo 2.º		46	58	66	ue/decisoes/2004/32004D0560.md
32004D0560	ANEXO		60	77	2459	ue/decisoes/2004/32004D0560.md
32004D0561	Preâmbulo		18	46	778	ue/decisoes/2004/32004D0561.md
32004D0561	Artigo 1.º		50	52	63	ue/decisoes/2004/32004D0561.md
32004D0561	Artigo 2.º		54	72	236	ue/decisoes/2004/32004D0561.md
32004D0561	ANEXO		74	115	1654	ue/decisoes/2004/32004D0561.md
32004D0562	Preâmbulo		22	58	1106	ue/decisoes/2004/32004D0562.md
32004D0562	ANEXO 1		94	126	2243	ue/decisoes/2004/32004D0562.md
32004D0564	Preâmbulo		18	42	901	ue/decisoes/2004/32004D0564.md
32004D0564	Artigo 1.º		46	48	48	ue/decisoes/2004/32004D0564.md
32004D0564	Artigo 2.º		50	54	104	ue/decisoes/2004/32004D0564.md
32004D0564	Artigo 3.º		56	58	52	ue/decisoes/2004/32004D0564.md
32004D0564	Artigo 4.º		60	62	20	ue/decisoes/2004/32004D0564.md
32004D0564	Artigo 5.º		64	82	108	ue/decisoes/2004/32004D0564.md
32004D0564	ANEXO I		84	100	972	ue/decisoes/2004/32004D0564.md
32004D0564	ANEXO II		102	130	504	ue/decisoes/2004/32004D0564.md
32004D0571	Preâmbulo		18	46	650	ue/decisoes/2004/32004D0571.md
32004D0571	Artigo 1.º		50	54	64	ue/decisoes/2004/32004D0571.md
32004D0571	Artigo 2.º		56	58	25	ue/decisoes/2004/32004D0571.md
32004D0571	Artigo 3.º		60	64	74	ue/decisoes/2004/32004D0571.md
32004D0571	Artigo 4.º		66	68	25	ue/decisoes/2004/32004D0571.md
32004D0571	Artigo 5.º		70	72	46	ue/decisoes/2004/32004D0571.md
32004D0571	Artigo 6.º		74	90	136	ue/decisoes/2004/32004D0571.md
32004D0573	Preâmbulo		22	58	1447	ue/decisoes/2004/32004D0573.md
32004D0573	Artigo 1.º	Objectivo	62	64	83	ue/decisoes/2004/32004D0573.md
32004D0573	Artigo 2.º	Definições	66	80	253	ue/decisoes/2004/32004D0573.md
32004D0573	Artigo 3.º	Autoridade nacional	82	84	54	ue/decisoes/2004/32004D0573.md
32004D0573	Artigo 4.º	Tarefas do Estado–Membro organizador	86	100	345	ue/decisoes/2004/32004D0573.md
32004D0573	Artigo 5.º	Tarefas do Estado–Membro participante	102	108	201	ue/decisoes/2004/32004D0573.md
32004D0573	Artigo 6.º	Tarefas comuns	110	116	144	ue/decisoes/2004/32004D0573.md
32004D0573	Artigo 7.º	Cláusula final	118	120	72	ue/decisoes/2004/32004D0573.md
32004D0573	Artigo 8.º	Produção de efeitos	122	124	39	ue/decisoes/2004/32004D0573.md
32004D0573	Artigo 9.º	Destinatários	126	146	99	ue/decisoes/2004/32004D0573.md
32004D0573	ANEXO		148	328	4588	ue/decisoes/2004/32004D0573.md
32004D0575	Preâmbulo		18	44	569	ue/decisoes/2004/32004D0575.md
32004D0575	Artigo 1.º		48	52	96	ue/decisoes/2004/32004D0575.md
32004D0575	Artigo 2.º		54	72	135	ue/decisoes/2004/32004D0575.md
32004D0577	Preâmbulo		18	34	323	ue/decisoes/2004/32004D0577.md
32004D0577	Artigo 1.º		38	42	96	ue/decisoes/2004/32004D0577.md
32004D0577	Artigo 2.º		44	62	113	ue/decisoes/2004/32004D0577.md
32004D0578	Preâmbulo		18	36	169	ue/decisoes/2004/32004D0578.md
32004D0578	Artigo 1.º		40	44	42	ue/decisoes/2004/32004D0578.md
32004D0578	Artigo 2.º		46	60	123	ue/decisoes/2004/32004D0578.md
32004D0579	Preâmbulo		18	44	371	ue/decisoes/2004/32004D0579.md
32004D0579	Artigo 1.º		48	52	43	ue/decisoes/2004/32004D0579.md
32004D0579	Artigo 2.º		54	56	99	ue/decisoes/2004/32004D0579.md
32004D0579	Artigo 3.º		58	74	89	ue/decisoes/2004/32004D0579.md
32004D0580	Preâmbulo		18	58	1030	ue/decisoes/2004/32004D0580.md
32004D0580	Artigo 1.º		62	72	322	ue/decisoes/2004/32004D0580.md
32004D0580	Artigo 2.º		74	80	242	ue/decisoes/2004/32004D0580.md
32004D0580	Artigo 3.º		82	88	254	ue/decisoes/2004/32004D0580.md
32004D0580	Artigo 4.º		90	92	174	ue/decisoes/2004/32004D0580.md
32004D0580	Artigo 5.º		94	104	360	ue/decisoes/2004/32004D0580.md
32004D0580	Artigo 6.º		106	108	52	ue/decisoes/2004/32004D0580.md
32004D0580	Artigo 7.º		110	112	12	ue/decisoes/2004/32004D0580.md
32004D0580	Artigo 8.º		114	128	81	ue/decisoes/2004/32004D0580.md
32004D0586	Preâmbulo		18	38	582	ue/decisoes/2004/32004D0586.md
32004D0586	Artigo único		42	58	179	ue/decisoes/2004/32004D0586.md
32004D0588	Preâmbulo		18	40	582	ue/decisoes/2004/32004D0588.md
32004D0588	Artigo 1.º		44	46	34	ue/decisoes/2004/32004D0588.md
32004D0588	Artigo 2.º		48	62	94	ue/decisoes/2004/32004D0588.md
32004D0589	Preâmbulo		18	42	315	ue/decisoes/2004/32004D0589.md
32004D0589	Artigo 1.º		46	48	39	ue/decisoes/2004/32004D0589.md
32004D0589	Artigo 2.º		50	66	84	ue/decisoes/2004/32004D0589.md
32004D0590	Preâmbulo		18	38	572	ue/decisoes/2004/32004D0590.md
32004D0590	Artigo 1.º		42	44	34	ue/decisoes/2004/32004D0590.md
32004D0590	Artigo 2.º		46	60	94	ue/decisoes/2004/32004D0590.md
32004D0597	Preâmbulo		18	48	630	ue/decisoes/2004/32004D0597.md
32004D0597	Artigo 1.º		52	56	88	ue/decisoes/2004/32004D0597.md
32004D0597	Artigo 2.º		58	72	115	ue/decisoes/2004/32004D0597.md
32004D0597	ANEXO I		74	440	8772	ue/decisoes/2004/32004D0597.md
32004D0597	Article I	Purpose and responsibility	92	100	311	ue/decisoes/2004/32004D0597.md
32004D0597	Article II	Use of terms	102	144	836	ue/decisoes/2004/32004D0597.md
32004D0597	Article III	Relationship with other international agreements	146	148	51	ue/decisoes/2004/32004D0597.md
32004D0597	Article IV	General provisions relating to the organisational arrangements for national plant protection	150	182	673	ue/decisoes/2004/32004D0597.md
32004D0597	Article V	Phytosanitary certification	184	196	470	ue/decisoes/2004/32004D0597.md
32004D0597	Article VI	Regulated pests	198	206	143	ue/decisoes/2004/32004D0597.md
32004D0597	Article VII	Requirements in relation to imports	208	248	1497	ue/decisoes/2004/32004D0597.md
32004D0597	Article VIII	International cooperation	250	260	234	ue/decisoes/2004/32004D0597.md
32004D0597	Article IX	Regional plant protection organisations	262	274	277	ue/decisoes/2004/32004D0597.md
32004D0597	Article X	Standards	276	284	160	ue/decisoes/2004/32004D0597.md
32004D0597	Article XI	Commission on Phytosanitary Measures	286	322	740	ue/decisoes/2004/32004D0597.md
32004D0597	Article XII	Secretariat	324	344	352	ue/decisoes/2004/32004D0597.md
32004D0597	Article XIII	Settlement of disputes	346	358	542	ue/decisoes/2004/32004D0597.md
32004D0597	Article XIV	Substitution of prior agreements	360	362	98	ue/decisoes/2004/32004D0597.md
32004D0597	Article XV	Territorial application	364	370	271	ue/decisoes/2004/32004D0597.md
32004D0597	Article XVI	Supplementary agreements	372	378	239	ue/decisoes/2004/32004D0597.md
32004D0597	Article XVII	Ratification and adherence	380	386	376	ue/decisoes/2004/32004D0597.md
32004D0597	Article XVIII	Non-Contracting Parties	388	390	91	ue/decisoes/2004/32004D0597.md
32004D0597	Article XIX	Languages	392	410	266	ue/decisoes/2004/32004D0597.md
32004D0597	Article XX	Technical assistance	412	414	87	ue/decisoes/2004/32004D0597.md
32004D0597	Article XXI	Amendment	416	430	596	ue/decisoes/2004/32004D0597.md
32004D0597	Article XXII	Entry into force	432	434	80	ue/decisoes/2004/32004D0597.md
32004D0597	Article XXIII	Denunciation	436	440	92	ue/decisoes/2004/32004D0597.md
32004D0597	ANEXO AO ANEXO I		442	454	658	ue/decisoes/2004/32004D0597.md
32004D0597	ANEXO II		456	460	118	ue/decisoes/2004/32004D0597.md
32004D0598	Preâmbulo		18	42	521	ue/decisoes/2004/32004D0598.md
32004D0598	Artigo 1.º	Concessão de uma contribuição financeira da Comunidade a favor do Luxemburgo	46	52	241	ue/decisoes/2004/32004D0598.md
32004D0598	Artigo 2.º	Definições	54	62	173	ue/decisoes/2004/32004D0598.md
32004D0598	Artigo 3.º	Despesas elegíveis cobertas pela contribuição financeira da Comunidade	64	88	376	ue/decisoes/2004/32004D0598.md
32004D0598	Artigo 4.º	Condições de pagamento e documentos comprovativos	90	104	261	ue/decisoes/2004/32004D0598.md
32004D0598	Artigo 5.º	Controlos no local efectuados pela Comissão	106	108	70	ue/decisoes/2004/32004D0598.md
32004D0598	Artigo 6.º	Beneficiários	110	124	102	ue/decisoes/2004/32004D0598.md
32004D0598	ANEXO I		126	132	259	ue/decisoes/2004/32004D0598.md
32004D0598	ANEXO II		134	146	120	ue/decisoes/2004/32004D0598.md
32004D0598	ANEXO III	Despesas elegíveis referidas no n.º 3 do artigo 3.º	148	178	489	ue/decisoes/2004/32004D0598.md
32004D0600	Preâmbulo		18	50	855	ue/decisoes/2004/32004D0600.md
32004D0600	Artigo 1.º		54	60	93	ue/decisoes/2004/32004D0600.md
32004D0600	Artigo 2.º		62	78	112	ue/decisoes/2004/32004D0600.md
32004D0604	Preâmbulo		18	34	224	ue/decisoes/2004/32004D0604.md
32004D0604	Artigo 1.º		38	42	77	ue/decisoes/2004/32004D0604.md
32004D0604	Artigo 2.º		44	58	78	ue/decisoes/2004/32004D0604.md
32004D0605	Preâmbulo		18	32	380	ue/decisoes/2004/32004D0605.md
32004D0605	Artigo 1.º	Beneficiários e âmbito de aplicação	36	40	138	ue/decisoes/2004/32004D0605.md
32004D0605	Artigo 2.º	Definições	42	48	135	ue/decisoes/2004/32004D0605.md
32004D0605	Artigo 3.º	Pedidos de acesso	50	56	316	ue/decisoes/2004/32004D0605.md
32004D0605	Artigo 4.º	Processamento dos pedidos iniciais	58	70	275	ue/decisoes/2004/32004D0605.md
32004D0605	Artigo 5.º	Processamento dos pedidos confirmativos	72	76	106	ue/decisoes/2004/32004D0605.md
32004D0605	Artigo 6.º	Consultas	78	96	502	ue/decisoes/2004/32004D0605.md
32004D0605	Artigo 7.º	Exercício do direito de acesso	98	104	215	ue/decisoes/2004/32004D0605.md
32004D0605	Artigo 8.º	Medidas destinadas a facilitar o acesso aos documentos	106	112	172	ue/decisoes/2004/32004D0605.md
32004D0605	Artigo 9.º	Documentos directamente acessíveis ao público	114	124	191	ue/decisoes/2004/32004D0605.md
32004D0605	Artigo 10.º	Relatórios	126	128	98	ue/decisoes/2004/32004D0605.md
32004D0605	Artigo 11.º	Entrada em vigor	130	132	26	ue/decisoes/2004/32004D0605.md
32004D0605	Artigo 12.º	Publicação	134	150	80	ue/decisoes/2004/32004D0605.md
32004D0612(01)	Artigo 1.º	Objecto	48	50	65	ue/decisoes/2004/32004D0612(01).md
32004D0612(01)	Artigo 2.º	Convite à apresentação de propostas	52	54	109	ue/decisoes/2004/32004D0612(01).md
32004D0612(01)	Artigo 3.º	Pedido de financiamento	56	62	222	ue/decisoes/2004/32004D0612(01).md
32004D0612(01)	Artigo 4.º	Decisão sobre o pedido de financiamento	64	72	443	ue/decisoes/2004/32004D0612(01).md
32004D0612(01)	Artigo 5.º	Convenção de subvenção	74	76	133	ue/decisoes/2004/32004D0612(01).md
32004D0612(01)	Artigo 6.º	Pagamento	78	108	868	ue/decisoes/2004/32004D0612(01).md
32004D0612(01)	Artigo 7.º	Determinação da subvenção final	110	122	373	ue/decisoes/2004/32004D0612(01).md
32004D0612(01)	Artigo 8.º	Suspensão e redução da subvenção	124	136	212	ue/decisoes/2004/32004D0612(01).md
32004D0612(01)	Artigo 9.º	Recuperação de somas	138	142	183	ue/decisoes/2004/32004D0612(01).md
32004D0612(01)	Artigo 10.º	Controlos e auditorias	144	156	563	ue/decisoes/2004/32004D0612(01).md
32004D0612(01)	Artigo 11.º	Apoio técnico	158	162	220	ue/decisoes/2004/32004D0612(01).md
32004D0612(01)	Artigo 12.º	Publicidade	164	172	118	ue/decisoes/2004/32004D0612(01).md
32004D0612(01)	Artigo 13.º	Direito de recurso	174	176	70	ue/decisoes/2004/32004D0612(01).md
32004D0612(01)	Artigo 14.º	Normas transitórias aplicáveis ao exercício orçamental de 2004	178	182	141	ue/decisoes/2004/32004D0612(01).md
32004D0612(01)	Artigo 15.º	Revisão da regulamentação	184	186	90	ue/decisoes/2004/32004D0612(01).md
32004D0612(01)	Artigo 16.º	Entrada em vigor	188	200	85	ue/decisoes/2004/32004D0612(01).md
32004D0612(01)	ANEXO 1		202	214	28	ue/decisoes/2004/32004D0612(01).md
32004D0612(01)	ANEXO 2		216	242	58	ue/decisoes/2004/32004D0612(01).md
32004D0615	Preâmbulo		18	42	583	ue/decisoes/2004/32004D0615.md
32004D0615	Artigo 1.º		46	56	138	ue/decisoes/2004/32004D0615.md
32004D0615	Artigo 2.º		58	72	96	ue/decisoes/2004/32004D0615.md
32004D0615	ANEXO	«ANEXO	74	201	2212	ue/decisoes/2004/32004D0615.md
32004D0617	Artigo 1.º		58	64	86	ue/decisoes/2004/32004D0617.md
32004D0617	Artigo 2.º		66	72	115	ue/decisoes/2004/32004D0617.md
32004D0617	Artigo 3.º		74	82	124	ue/decisoes/2004/32004D0617.md
32004D0617	Artigo 4.º		84	94	103	ue/decisoes/2004/32004D0617.md
32004D0617(01)	Artigo 1.º		44	78	334	ue/decisoes/2004/32004D0617(01).md
32004D0617(01)	Artigo 2.º		80	82	22	ue/decisoes/2004/32004D0617(01).md
32004D0617(01)	Artigo 3.º		84	96	64	ue/decisoes/2004/32004D0617(01).md
32004D0618	Artigo 1.º		58	64	87	ue/decisoes/2004/32004D0618.md
32004D0618	Artigo 2.º		66	72	115	ue/decisoes/2004/32004D0618.md
32004D0618	Artigo 3.º		74	82	124	ue/decisoes/2004/32004D0618.md
32004D0618	Artigo 4.º		84	94	102	ue/decisoes/2004/32004D0618.md
32004D0619	Artigo 1.º		60	64	46	ue/decisoes/2004/32004D0619.md
32004D0619	Artigo 2.º		66	68	84	ue/decisoes/2004/32004D0619.md
32004D0619	Artigo 3.º		70	84	164	ue/decisoes/2004/32004D0619.md
32004D0621	Preâmbulo		18	44	849	ue/decisoes/2004/32004D0621.md
32004D0621	Artigo 1.º		48	52	32	ue/decisoes/2004/32004D0621.md
32004D0621	«Artigo 2.º		54	56	63	ue/decisoes/2004/32004D0621.md
32004D0621	Artigo 3.º		58	66	160	ue/decisoes/2004/32004D0621.md
32004D0621	«Artigo 6.º		68	74	79	ue/decisoes/2004/32004D0621.md
32004D0621	Artigo 2.º		76	78	20	ue/decisoes/2004/32004D0621.md
32004D0621	Artigo 3.º		80	96	152	ue/decisoes/2004/32004D0621.md
32004D0621	ANEXO	«ANEXO	98	130	232	ue/decisoes/2004/32004D0621.md
32004D0627	Preâmbulo		18	42	832	ue/decisoes/2004/32004D0627.md
32004D0627	Artigo 1.º		46	48	57	ue/decisoes/2004/32004D0627.md
32004D0627	Artigo 2.º		50	66	100	ue/decisoes/2004/32004D0627.md
32004D0629	Preâmbulo		18	40	498	ue/decisoes/2004/32004D0629.md
32004D0629	Artigo 1.º		44	46	12	ue/decisoes/2004/32004D0629.md
32004D0629	Artigo 2.º		48	50	45	ue/decisoes/2004/32004D0629.md
32004D0629	Artigo 3.º		52	54	21	ue/decisoes/2004/32004D0629.md
32004D0629	Artigo 4.º		56	72	147	ue/decisoes/2004/32004D0629.md
32004D0630	Artigo 1.º		66	78	293	ue/decisoes/2004/32004D0630.md
32004D0630	Artigo 2.º		80	84	103	ue/decisoes/2004/32004D0630.md
32004D0630	ANEXO I		86	120	393	ue/decisoes/2004/32004D0630.md
32004D0630	ANEXO II		122	135	192	ue/decisoes/2004/32004D0630.md
32004D0630	ANEXO III		137	154	286	ue/decisoes/2004/32004D0630.md
32004D0630	ANEXO IV		156	172	198	ue/decisoes/2004/32004D0630.md
32004D0630	ANEXO V		174	200	278	ue/decisoes/2004/32004D0630.md
32004D0631	Preâmbulo		18	44	566	ue/decisoes/2004/32004D0631.md
32004D0631	Artigo 1.º	Concessão de uma contribuição financeira da Comunidade a favor da República Eslovaca	48	54	246	ue/decisoes/2004/32004D0631.md
32004D0631	Artigo 2.º	Definições	56	64	173	ue/decisoes/2004/32004D0631.md
32004D0631	Artigo 3.º	Despesas elegíveis cobertas pela contribuição financeira da Comunidade	66	90	382	ue/decisoes/2004/32004D0631.md
32004D0631	Artigo 4.º	Condições de pagamento e documentos comprovativos	92	106	261	ue/decisoes/2004/32004D0631.md
32004D0631	Artigo 5.º	Controlos no local efectuados pela Comissão	108	110	70	ue/decisoes/2004/32004D0631.md
32004D0631	Artigo 6.º	Beneficiários	112	126	101	ue/decisoes/2004/32004D0631.md
32004D0631	ANEXO I		128	134	259	ue/decisoes/2004/32004D0631.md
32004D0631	ANEXO II		136	148	118	ue/decisoes/2004/32004D0631.md
32004D0631	ANEXO III	Despesas elegíveis referidas no n.º 3 do artigo 3.º	150	180	489	ue/decisoes/2004/32004D0631.md
32004D0633	Preâmbulo		18	32	120	ue/decisoes/2004/32004D0633.md
32004D0633	Artigo 1.º		36	40	61	ue/decisoes/2004/32004D0633.md
32004D0633	Artigo 2.º		42	44	45	ue/decisoes/2004/32004D0633.md
32004D0633	Artigo 3.º		46	48	38	ue/decisoes/2004/32004D0633.md
32004D0633	Artigo 4.º		50	80	472	ue/decisoes/2004/32004D0633.md
32004D0633	Artigo 1.º	Definições	86	104	447	ue/decisoes/2004/32004D0633.md
32004D0633	Artigo 2.º	Âmbito de aplicação territorial	106	108	57	ue/decisoes/2004/32004D0633.md
32004D0633	Artigo 3.º	Evolução futura	110	112	74	ue/decisoes/2004/32004D0633.md
32004D0633	Artigo 4.º	Âmbito de cooperação	114	126	212	ue/decisoes/2004/32004D0633.md
32004D0633	Artigo 5.º	Âmbito da assistência	128	134	247	ue/decisoes/2004/32004D0633.md
32004D0633	Artigo 6.º	Obrigações impostas ao abrigo de outros acordos	136	148	355	ue/decisoes/2004/32004D0633.md
32004D0633	Artigo 7.º	Cooperação em matéria de procedimentos aduaneiros	154	156	104	ue/decisoes/2004/32004D0633.md
32004D0633	Artigo 8.º	Assistência técnica	158	160	96	ue/decisoes/2004/32004D0633.md
32004D0633	Artigo 9.º	Discussões no âmbito de organizações internacionais	162	164	71	ue/decisoes/2004/32004D0633.md
32004D0633	Artigo 10.º	Assistência mediante pedido	170	190	564	ue/decisoes/2004/32004D0633.md
32004D0633	Artigo 11.º	Assistência espontânea	192	204	311	ue/decisoes/2004/32004D0633.md
32004D0633	Artigo 12.º	Entrega e notificação	206	214	210	ue/decisoes/2004/32004D0633.md
32004D0633	Artigo 13.º	Forma e conteúdo dos pedidos de assistência	216	236	316	ue/decisoes/2004/32004D0633.md
32004D0633	Artigo 14.º	Execução dos pedidos	238	248	441	ue/decisoes/2004/32004D0633.md
32004D0633	Artigo 15.º	Forma de comunicação das informações	250	256	158	ue/decisoes/2004/32004D0633.md
32004D0633	Artigo 16.º	Excepções à obrigação de prestar assistência	258	272	350	ue/decisoes/2004/32004D0633.md
32004D0633	Artigo 17.º	Intercâmbio de informações e confidencialidade	274	286	570	ue/decisoes/2004/32004D0633.md
32004D0633	Artigo 18.º	Peritos e testemunhas	288	290	160	ue/decisoes/2004/32004D0633.md
32004D0633	Artigo 19.º	Despesas de assistência	292	296	144	ue/decisoes/2004/32004D0633.md
32004D0633	Artigo 20.º	Execução	302	306	216	ue/decisoes/2004/32004D0633.md
32004D0633	Artigo 21.º	Comité Misto de Cooperação Aduaneira	308	326	286	ue/decisoes/2004/32004D0633.md
32004D0633	Artigo 22.º	Entrada em vigor e vigência	328	332	145	ue/decisoes/2004/32004D0633.md
32004D0633	Artigo 23.º	Textos autênticos	334	412	464	ue/decisoes/2004/32004D0633.md
32004D0634	Preâmbulo		18	50	1043	ue/decisoes/2004/32004D0634.md
32004D0634	Artigo 1.º		54	58	102	ue/decisoes/2004/32004D0634.md
32004D0634	Artigo 2.º		60	62	38	ue/decisoes/2004/32004D0634.md
32004D0634	Artigo 3.º		64	130	1641	ue/decisoes/2004/32004D0634.md
32004D0634	Artigo 1.º		132	134	80	ue/decisoes/2004/32004D0634.md
32004D0634	Artigo 2.º		136	138	100	ue/decisoes/2004/32004D0634.md
32004D0634	Artigo 3.º		140	150	240	ue/decisoes/2004/32004D0634.md
32004D0634	Artigo 4.º		152	154	49	ue/decisoes/2004/32004D0634.md
32004D0634	Artigo 5.º		156	158	82	ue/decisoes/2004/32004D0634.md
32004D0634	Artigo 6.º		160	162	79	ue/decisoes/2004/32004D0634.md
32004D0634	Artigo 7.º		164	196	296	ue/decisoes/2004/32004D0634.md
32004D0634	ANEXO		198	198	2	ue/decisoes/2004/32004D0634.md
32004D0634	Anexo ao Acordo entre a Comunidade Europeia e os Estados Unidos da América relativo à intensificação e extensão da cooperação prevista no CMAA a fim de incluir a cooperação em matéria de segurança de contentores e questões conexas		200	216	578	ue/decisoes/2004/32004D0634.md
32004D0635	Preâmbulo		18	94	1021	ue/decisoes/2004/32004D0635.md
32004D0635	Artigo 1.º		98	102	129	ue/decisoes/2004/32004D0635.md
32004D0635	Artigo 2.º		104	110	175	ue/decisoes/2004/32004D0635.md
32004D0635	Artigo 3.º		112	128	141	ue/decisoes/2004/32004D0635.md
32004D0635	Artigo 1.º		130	146	208	ue/decisoes/2004/32004D0635.md
32004D0635	Artigo 2.º		148	150	90	ue/decisoes/2004/32004D0635.md
32004D0635	Artigo 3.º		154	166	180	ue/decisoes/2004/32004D0635.md
32004D0635	Artigo 4.º		168	170	41	ue/decisoes/2004/32004D0635.md
32004D0635	Artigo 5.º		172	184	198	ue/decisoes/2004/32004D0635.md
32004D0635	Artigo 6.º		190	192	131	ue/decisoes/2004/32004D0635.md
32004D0635	Artigo 7.º		196	198	65	ue/decisoes/2004/32004D0635.md
32004D0635	Artigo 8.º		200	202	68	ue/decisoes/2004/32004D0635.md
32004D0635	Artigo 9.º		204	276	1378	ue/decisoes/2004/32004D0635.md
32004D0635	Artigo 10.º		278	280	41	ue/decisoes/2004/32004D0635.md
32004D0635	Artigo 11.º		282	296	604	ue/decisoes/2004/32004D0635.md
32004D0635	Artigo 12.º		300	302	62	ue/decisoes/2004/32004D0635.md
32004D0635	Artigo 13.º		304	306	62	ue/decisoes/2004/32004D0635.md
32004D0635	Artigo 14.º		308	314	125	ue/decisoes/2004/32004D0635.md
32004D0635	Artigo 15.º		316	320	174	ue/decisoes/2004/32004D0635.md
32004D0635	Artigo 16.º		322	330	238	ue/decisoes/2004/32004D0635.md
32004D0635	Artigo 17.º		334	340	155	ue/decisoes/2004/32004D0635.md
32004D0635	Artigo 18.º		342	348	170	ue/decisoes/2004/32004D0635.md
32004D0635	Artigo 19.º		350	354	86	ue/decisoes/2004/32004D0635.md
32004D0635	Artigo 20.º		356	360	128	ue/decisoes/2004/32004D0635.md
32004D0635	Artigo 21.º		362	366	184	ue/decisoes/2004/32004D0635.md
32004D0635	Artigo 22.º		368	370	92	ue/decisoes/2004/32004D0635.md
32004D0635	Artigo 23.º		372	376	145	ue/decisoes/2004/32004D0635.md
32004D0635	Artigo 24.º		378	388	331	ue/decisoes/2004/32004D0635.md
32004D0635	Artigo 25.º		390	400	296	ue/decisoes/2004/32004D0635.md
32004D0635	Artigo 26.º		402	404	162	ue/decisoes/2004/32004D0635.md
32004D0635	Artigo 27.º		406	408	51	ue/decisoes/2004/32004D0635.md
32004D0635	Artigo 28.º		410	412	56	ue/decisoes/2004/32004D0635.md
32004D0635	Artigo 29.º		416	424	200	ue/decisoes/2004/32004D0635.md
32004D0635	Artigo 30.º		426	434	230	ue/decisoes/2004/32004D0635.md
32004D0635	Artigo 31.º		440	442	47	ue/decisoes/2004/32004D0635.md
32004D0635	Artigo 32.º		444	448	145	ue/decisoes/2004/32004D0635.md
32004D0635	Artigo 33.º		450	452	164	ue/decisoes/2004/32004D0635.md
32004D0635	Artigo 34.º		456	484	706	ue/decisoes/2004/32004D0635.md
32004D0635	Artigo 35.º		486	488	140	ue/decisoes/2004/32004D0635.md
32004D0635	Artigo 36.º		490	492	130	ue/decisoes/2004/32004D0635.md
32004D0635	Artigo 37.º		494	498	158	ue/decisoes/2004/32004D0635.md
32004D0635	Artigo 38.º		500	502	55	ue/decisoes/2004/32004D0635.md
32004D0635	Artigo 39.º	Objectivos	506	516	109	ue/decisoes/2004/32004D0635.md
32004D0635	Artigo 40.º	Âmbito de aplicação	518	528	222	ue/decisoes/2004/32004D0635.md
32004D0635	Artigo 41.º	Métodos e modalidades	530	542	142	ue/decisoes/2004/32004D0635.md
32004D0635	Artigo 42.º	Educação e formação	544	548	213	ue/decisoes/2004/32004D0635.md
32004D0635	Artigo 43.º	Cooperação científica e tecnológica	550	564	186	ue/decisoes/2004/32004D0635.md
32004D0635	Artigo 44.º	Ambiente	566	590	213	ue/decisoes/2004/32004D0635.md
32004D0635	Artigo 45.º	Cooperação industrial	592	608	212	ue/decisoes/2004/32004D0635.md
32004D0635	Artigo 46.º	Promoção e protecção dos investimentos	610	624	346	ue/decisoes/2004/32004D0635.md
32004D0635	Artigo 47.º	Normalização e avaliação de conformidade	626	634	211	ue/decisoes/2004/32004D0635.md
32004D0635	Artigo 48.º	Aproximação das legislações	636	638	48	ue/decisoes/2004/32004D0635.md
32004D0635	Artigo 49.º	Serviços financeiros	640	646	94	ue/decisoes/2004/32004D0635.md
32004D0635	Artigo 50.º	Agricultura e pesca	648	656	186	ue/decisoes/2004/32004D0635.md
32004D0635	Artigo 51.º	Transportes	658	670	174	ue/decisoes/2004/32004D0635.md
32004D0635	Artigo 52.º	Sociedade da informação e telecomunicações	672	688	350	ue/decisoes/2004/32004D0635.md
32004D0635	Artigo 53.º	Energia	690	700	126	ue/decisoes/2004/32004D0635.md
32004D0635	Artigo 54.º	Turismo	702	718	162	ue/decisoes/2004/32004D0635.md
32004D0635	Artigo 55.º	Alfândegas	720	728	184	ue/decisoes/2004/32004D0635.md
32004D0635	Artigo 56.º	Cooperação em matéria de estatísticas	730	732	86	ue/decisoes/2004/32004D0635.md
32004D0635	Artigo 57.º	Branqueamento de capitais	734	738	118	ue/decisoes/2004/32004D0635.md
32004D0635	Artigo 58.º	Luta contra a droga	740	758	372	ue/decisoes/2004/32004D0635.md
32004D0635	Artigo 59.º	Luta contra o terrorismo	760	768	113	ue/decisoes/2004/32004D0635.md
32004D0635	Artigo 60.º	Cooperação regional	770	784	83	ue/decisoes/2004/32004D0635.md
32004D0635	Artigo 61.º	Defesa dos consumidores	786	796	164	ue/decisoes/2004/32004D0635.md
32004D0635	Artigo 62.º		802	804	128	ue/decisoes/2004/32004D0635.md
32004D0635	Artigo 63.º		806	820	210	ue/decisoes/2004/32004D0635.md
32004D0635	Artigo 64.º		822	824	39	ue/decisoes/2004/32004D0635.md
32004D0635	Artigo 65.º		826	844	283	ue/decisoes/2004/32004D0635.md
32004D0635	Artigo 66.º		846	848	39	ue/decisoes/2004/32004D0635.md
32004D0635	Artigo 67.º		850	852	68	ue/decisoes/2004/32004D0635.md
32004D0635	Artigo 68.º		856	868	292	ue/decisoes/2004/32004D0635.md
32004D0635	Artigo 69.º		870	874	163	ue/decisoes/2004/32004D0635.md
32004D0635	Artigo 70.º		876	878	56	ue/decisoes/2004/32004D0635.md
32004D0635	Artigo 71.º		882	914	553	ue/decisoes/2004/32004D0635.md
32004D0635	Artigo 72.º		918	938	307	ue/decisoes/2004/32004D0635.md
32004D0635	Artigo 73.º		940	942	99	ue/decisoes/2004/32004D0635.md
32004D0635	Artigo 74.º		946	950	102	ue/decisoes/2004/32004D0635.md
32004D0635	Artigo 75.º		952	960	153	ue/decisoes/2004/32004D0635.md
32004D0635	Artigo 76.º		962	968	119	ue/decisoes/2004/32004D0635.md
32004D0635	Artigo 77.º		970	974	72	ue/decisoes/2004/32004D0635.md
32004D0635	Artigo 78.º		976	982	128	ue/decisoes/2004/32004D0635.md
32004D0635	Artigo 79.º		984	988	105	ue/decisoes/2004/32004D0635.md
32004D0635	Artigo 80.º		990	992	71	ue/decisoes/2004/32004D0635.md
32004D0635	Artigo 81.º		994	996	48	ue/decisoes/2004/32004D0635.md
32004D0635	Artigo 82.º		998	1012	233	ue/decisoes/2004/32004D0635.md
32004D0635	Artigo 83.º		1014	1022	231	ue/decisoes/2004/32004D0635.md
32004D0635	Artigo 84.º		1024	1030	121	ue/decisoes/2004/32004D0635.md
32004D0635	Artigo 85.º		1032	1040	146	ue/decisoes/2004/32004D0635.md
32004D0635	Artigo 86.º		1042	1052	410	ue/decisoes/2004/32004D0635.md
32004D0635	Artigo 87.º		1054	1056	26	ue/decisoes/2004/32004D0635.md
32004D0635	Artigo 88.º		1058	1060	58	ue/decisoes/2004/32004D0635.md
32004D0635	Artigo 89.º		1062	1066	60	ue/decisoes/2004/32004D0635.md
32004D0635	Artigo 90.º		1068	1070	70	ue/decisoes/2004/32004D0635.md
32004D0635	Artigo 91.º		1072	1074	57	ue/decisoes/2004/32004D0635.md
32004D0635	Artigo 92.º		1076	1239	1203	ue/decisoes/2004/32004D0635.md
32004D0635	ANEXO I		1241	1261	264	ue/decisoes/2004/32004D0635.md
32004D0635	ANEXO II		1263	5381	5708	ue/decisoes/2004/32004D0635.md
32004D0635	ANEXO III		5383	7897	3503	ue/decisoes/2004/32004D0635.md
32004D0635	ANEXO IV		7899	11425	4894	ue/decisoes/2004/32004D0635.md
32004D0635	ANEXO V		11427	11455	72	ue/decisoes/2004/32004D0635.md
32004D0635	ANEXO VI		11457	11488	1123	ue/decisoes/2004/32004D0635.md
32004D0635	ANEXO AO PROTOCOLO N.º 1		11490	11557	2256	ue/decisoes/2004/32004D0635.md
32004D0635	ANEXO AO PROTOCOLO N.º 2		11559	11672	1921	ue/decisoes/2004/32004D0635.md
32004D0635	Artigo 1.º		11624	11656	451	ue/decisoes/2004/32004D0635.md
32004D0635	Artigo 2.º		11658	11666	182	ue/decisoes/2004/32004D0635.md
32004D0635	Artigo 3.º		11668	11672	81	ue/decisoes/2004/32004D0635.md
32004D0635	ANEXO I AO PROTOCOLO N.º 3		11674	11876	4443	ue/decisoes/2004/32004D0635.md
32004D0635	ANEXO II		11878	12264	6506	ue/decisoes/2004/32004D0635.md
32004D0635	Artigo 1.º	Definições	12268	12296	582	ue/decisoes/2004/32004D0635.md
32004D0635	Artigo 2.º	Requisitos gerais	12300	12312	270	ue/decisoes/2004/32004D0635.md
32004D0635	Artigo 3.º	Acumulação bilateral da origem	12314	12318	238	ue/decisoes/2004/32004D0635.md
32004D0635	Artigo 4.º	Acumulação diagonal da origem	12320	12328	478	ue/decisoes/2004/32004D0635.md
32004D0635	Artigo 5.º	Produtos inteiramente obtidos	12330	12366	588	ue/decisoes/2004/32004D0635.md
32004D0635	Artigo 6.º	Produtos objecto de operações de complemento de fabrico ou de transformação suficientes	12368	12386	526	ue/decisoes/2004/32004D0635.md
32004D0635	Artigo 7.º	Operações de complemento de fabrico ou de transformação insuficientes	12388	12412	471	ue/decisoes/2004/32004D0635.md
32004D0635	Artigo 8.º	Unidade de qualificação	12414	12424	229	ue/decisoes/2004/32004D0635.md
32004D0635	Artigo 9.º	Acessórios, peças sobressalentes e ferramentas	12426	12428	106	ue/decisoes/2004/32004D0635.md
32004D0635	Artigo 10.º	Sortidos	12430	12432	105	ue/decisoes/2004/32004D0635.md
32004D0635	Artigo 11.º	Elementos neutros	12434	12444	95	ue/decisoes/2004/32004D0635.md
32004D0635	Artigo 12.º	Princípio da territorialidade	12448	12456	200	ue/decisoes/2004/32004D0635.md
32004D0635	Artigo 13.º	Transporte directo	12458	12476	406	ue/decisoes/2004/32004D0635.md
32004D0635	Artigo 14.º	Exposições	12478	12492	388	ue/decisoes/2004/32004D0635.md
32004D0635	Artigo 15.º	Proibição de draubaque ou de isenção de direitos aduaneiros	12496	12516	695	ue/decisoes/2004/32004D0635.md
32004D0635	Artigo 16.º	Requisitos gerais	12520	12528	239	ue/decisoes/2004/32004D0635.md
32004D0635	Artigo 17.º	Procedimento para a emissão do certificado de circulação EUR.1	12530	12544	660	ue/decisoes/2004/32004D0635.md
32004D0635	Artigo 18.º	Emissão a posteriori do certificado de circulação EUR.1	12546	12562	370	ue/decisoes/2004/32004D0635.md
32004D0635	Artigo 19.º	Emissão de uma segunda via do certificado de circulação EUR.1	12564	12574	199	ue/decisoes/2004/32004D0635.md
32004D0635	Artigo 20.º	Emissão de certificados de circulação EUR.1 com base numa prova de origem emitida anteriormente	12576	12578	147	ue/decisoes/2004/32004D0635.md
32004D0635	Artigo 21.º	Condições para efectuar uma declaração na factura	12580	12596	517	ue/decisoes/2004/32004D0635.md
32004D0635	Artigo 22.º	Exportador autorizado	12598	12608	300	ue/decisoes/2004/32004D0635.md
32004D0635	Artigo 23.º	Prazo de validade da prova de origem	12610	12616	180	ue/decisoes/2004/32004D0635.md
32004D0635	Artigo 24.º	Apresentação da prova de origem	12618	12620	112	ue/decisoes/2004/32004D0635.md
32004D0635	Artigo 25.º	Importação em remessas escalonadas	12622	12624	133	ue/decisoes/2004/32004D0635.md
32004D0635	Artigo 26.º	Isenções da prova de origem	12626	12632	288	ue/decisoes/2004/32004D0635.md
32004D0635	Artigo 27.º	Documentos comprovativos	12634	12644	354	ue/decisoes/2004/32004D0635.md
32004D0635	Artigo 28.º	Conservação da prova de origem e dos documentos comprovativos	12646	12654	212	ue/decisoes/2004/32004D0635.md
32004D0635	Artigo 29.º	Discrepâncias e erros formais	12656	12660	162	ue/decisoes/2004/32004D0635.md
32004D0635	Artigo 30.º	Montantes expressos em euros	12662	12670	322	ue/decisoes/2004/32004D0635.md
32004D0635	Artigo 31.º	Assistência mútua	12674	12678	184	ue/decisoes/2004/32004D0635.md
32004D0635	Artigo 32.º	Controlo da prova de origem	12680	12692	572	ue/decisoes/2004/32004D0635.md
32004D0635	Artigo 33.º	Resolução de litígios	12694	12698	136	ue/decisoes/2004/32004D0635.md
32004D0635	Artigo 34.º	Sanções	12700	12702	48	ue/decisoes/2004/32004D0635.md
32004D0635	Artigo 35.º	Zonas francas	12704	12708	207	ue/decisoes/2004/32004D0635.md
32004D0635	Artigo 36.º	Aplicação do protocolo	12712	12718	213	ue/decisoes/2004/32004D0635.md
32004D0635	Artigo 37.º	Condições especiais	12720	12748	530	ue/decisoes/2004/32004D0635.md
32004D0635	Artigo 38.º	Alterações ao protocolo	12752	12754	32	ue/decisoes/2004/32004D0635.md
32004D0635	Artigo 39.º	Execução do protocolo	12756	12758	44	ue/decisoes/2004/32004D0635.md
32004D0635	Artigo 40.º	Mercadorias em trânsito ou depósito temporário	12760	12764	201	ue/decisoes/2004/32004D0635.md
32004D0635	ANEXO I		12766	12858	4426	ue/decisoes/2004/32004D0635.md
32004D0635	ANEXO II		12860	13471	41134	ue/decisoes/2004/32004D0635.md
32004D0635	ANEXO II A		13473	13493	1372	ue/decisoes/2004/32004D0635.md
32004D0635	ANEXO III		13495	13546	1057	ue/decisoes/2004/32004D0635.md
32004D0635	ANEXO IV		13548	13582	1438	ue/decisoes/2004/32004D0635.md
32004D0635	ANEXO V		13584	13652	969	ue/decisoes/2004/32004D0635.md
32004D0635	ANEXO VI		13654	14141	8294	ue/decisoes/2004/32004D0635.md
32004D0635	Artigo 1.º	Definições	13680	13692	256	ue/decisoes/2004/32004D0635.md
32004D0635	Artigo 2.º	Âmbito	13694	13700	252	ue/decisoes/2004/32004D0635.md
32004D0635	Artigo 3.º	Assistência mediante pedido	13702	13720	477	ue/decisoes/2004/32004D0635.md
32004D0635	Artigo 4.º	Assistência espontânea	13722	13734	263	ue/decisoes/2004/32004D0635.md
32004D0635	Artigo 5.º	Entrega e notificação	13736	13746	160	ue/decisoes/2004/32004D0635.md
32004D0635	Artigo 6.º	Forma e conteúdo dos pedidos de assistência	13748	13768	322	ue/decisoes/2004/32004D0635.md
32004D0635	Artigo 7.º	Execução dos pedidos	13770	13778	364	ue/decisoes/2004/32004D0635.md
32004D0635	Artigo 8.º	Forma de comunicação das informações	13780	13786	135	ue/decisoes/2004/32004D0635.md
32004D0635	Artigo 9.º	Excepções à obrigação de prestar assistência	13788	13802	338	ue/decisoes/2004/32004D0635.md
32004D0635	Artigo 10.º	Intercâmbio de informações e confidencialidade	13804	13812	502	ue/decisoes/2004/32004D0635.md
32004D0635	Artigo 11.º	Peritos e testemunhas	13814	13816	167	ue/decisoes/2004/32004D0635.md
32004D0635	Artigo 12.º	Despesas de assistência	13818	13820	78	ue/decisoes/2004/32004D0635.md
32004D0635	Artigo 13.º	Aplicação	13822	13826	187	ue/decisoes/2004/32004D0635.md
32004D0635	Artigo 14.º	Outros acordos	13828	14141	4084	ue/decisoes/2004/32004D0635.md
32004D0636	Preâmbulo		18	42	467	ue/decisoes/2004/32004D0636.md
32004D0636	Artigo 1.º		46	50	55	ue/decisoes/2004/32004D0636.md
32004D0636	Artigo 2.º		52	146	559	ue/decisoes/2004/32004D0636.md
32004D0636	Artigo 1.º		148	150	50	ue/decisoes/2004/32004D0636.md
32004D0636	Artigo 2.º		152	158	265	ue/decisoes/2004/32004D0636.md
32004D0636	Artigo 3.º		160	162	86	ue/decisoes/2004/32004D0636.md
32004D0636	Artigo 4.º		164	166	21	ue/decisoes/2004/32004D0636.md
32004D0636	Artigo 5.º		168	174	196	ue/decisoes/2004/32004D0636.md
32004D0636	Artigo 6.º		176	186	518	ue/decisoes/2004/32004D0636.md
32004D0636	Artigo 7.º		188	192	137	ue/decisoes/2004/32004D0636.md
32004D0636	Artigo 8.º		194	196	90	ue/decisoes/2004/32004D0636.md
32004D0636	Artigo 9.º		198	210	522	ue/decisoes/2004/32004D0636.md
32004D0636	Artigo 10.º		212	214	63	ue/decisoes/2004/32004D0636.md
32004D0636	Artigo 11.º		216	220	136	ue/decisoes/2004/32004D0636.md
32004D0636	Artigo 12.º		222	313	2046	ue/decisoes/2004/32004D0636.md
32004D0637	Preâmbulo		18	40	415	ue/decisoes/2004/32004D0637.md
32004D0637	Artigo 1.º		44	46	47	ue/decisoes/2004/32004D0637.md
32004D0637	Artigo 2.º		48	62	97	ue/decisoes/2004/32004D0637.md
32004D0637	ANEXO		64	113	733	ue/decisoes/2004/32004D0637.md
32004D0651	Preâmbulo		18	36	336	ue/decisoes/2004/32004D0651.md
32004D0651	Artigo 1.º		40	44	65	ue/decisoes/2004/32004D0651.md
32004D0651	Artigo 2.º		46	48	19	ue/decisoes/2004/32004D0651.md
32004D0651	Artigo 3.º		50	64	88	ue/decisoes/2004/32004D0651.md
32004D0654	Preâmbulo		18	30	159	ue/decisoes/2004/32004D0654.md
32004D0654	Artigo 1.º		34	36	37	ue/decisoes/2004/32004D0654.md
32004D0654	Artigo 2.º		38	40	34	ue/decisoes/2004/32004D0654.md
32004D0654	Artigo 3.º		42	54	70	ue/decisoes/2004/32004D0654.md
32004D0656	Preâmbulo		18	36	378	ue/decisoes/2004/32004D0656.md
32004D0656	Artigo 1.º		40	44	150	ue/decisoes/2004/32004D0656.md
32004D0656	Artigo 2.º		46	124	377	ue/decisoes/2004/32004D0656.md
32004D0656	Artigo 1.º		126	128	118	ue/decisoes/2004/32004D0656.md
32004D0656	Artigo 2.º		130	132	111	ue/decisoes/2004/32004D0656.md
32004D0656	Artigo 3.º		134	136	17	ue/decisoes/2004/32004D0656.md
32004D0656	Artigo 4.º		138	142	102	ue/decisoes/2004/32004D0656.md
32004D0656	Artigo 5.º		144	148	95	ue/decisoes/2004/32004D0656.md
32004D0656	Artigo 6.º		150	154	84	ue/decisoes/2004/32004D0656.md
32004D0656	Artigo 7.º		156	332	833	ue/decisoes/2004/32004D0656.md
32004D0659	Preâmbulo		18	32	160	ue/decisoes/2004/32004D0659.md
32004D0659	Artigo 1.º		36	38	37	ue/decisoes/2004/32004D0659.md
32004D0659	Artigo 2.º		40	42	35	ue/decisoes/2004/32004D0659.md
32004D0659	Artigo 3.º		44	56	70	ue/decisoes/2004/32004D0659.md
32004D0660	Preâmbulo		18	38	317	ue/decisoes/2004/32004D0660.md
32004D0660	Artigo 1.º		42	44	80	ue/decisoes/2004/32004D0660.md
32004D0660	Artigo 2.º		46	52	114	ue/decisoes/2004/32004D0660.md
32004D0660	Artigo 3.º		54	66	66	ue/decisoes/2004/32004D0660.md
32004D0660	ANEXO		68	114	457	ue/decisoes/2004/32004D0660.md
32004D0660	Artigo 1.º		94	96	29	ue/decisoes/2004/32004D0660.md
32004D0660	Artigo 2.º		98	114	66	ue/decisoes/2004/32004D0660.md
32004D0660	APÊNDICE	«APÊNDICE 1	116	194	1736	ue/decisoes/2004/32004D0660.md
32004D0660	APÊNDICE 2		196	535	2376	ue/decisoes/2004/32004D0660.md
32004D0660	APÊNDICE 3		537	556	847	ue/decisoes/2004/32004D0660.md
32004D0660	APÊNDICE 4		558	594	278	ue/decisoes/2004/32004D0660.md
32004D0664	Preâmbulo		18	46	710	ue/decisoes/2004/32004D0664.md
32004D0664	Artigo 1.º		50	66	304	ue/decisoes/2004/32004D0664.md
32004D0664	Artigo 2.º		68	72	39	ue/decisoes/2004/32004D0664.md
32004D0664	Artigo 3.º		74	88	77	ue/decisoes/2004/32004D0664.md
32004D0665	Preâmbulo		18	44	760	ue/decisoes/2004/32004D0665.md
32004D0665	Artigo 1.º	Objectivo do estudo e disposições gerais	48	58	216	ue/decisoes/2004/32004D0665.md
32004D0665	Artigo 2.º	Base de amostragem	60	68	236	ue/decisoes/2004/32004D0665.md
32004D0665	Artigo 3.º	Detecção de Salmonella spp. e serotipagem	70	78	248	ue/decisoes/2004/32004D0665.md
32004D0665	Artigo 4.º	Recolha de dados, avaliação e apresentação de relatórios	80	86	188	ue/decisoes/2004/32004D0665.md
32004D0665	Artigo 5.º	Especificações técnicas	88	90	84	ue/decisoes/2004/32004D0665.md
32004D0665	Artigo 6.º	Âmbito da participação financeira da Comunidade	92	98	152	ue/decisoes/2004/32004D0665.md
32004D0665	Artigo 7.º	Condições da participação financeira da Comunidade	100	114	375	ue/decisoes/2004/32004D0665.md
32004D0665	Artigo 8.º	Taxa de conversão para pedidos em moeda nacional	116	118	66	ue/decisoes/2004/32004D0665.md
32004D0665	Artigo 9.º	Aplicação	120	122	23	ue/decisoes/2004/32004D0665.md
32004D0665	Artigo 10.º		124	142	123	ue/decisoes/2004/32004D0665.md
32004D0665	ANEXO I		144	176	211	ue/decisoes/2004/32004D0665.md
32004D0665	ANEXO II		178	205	252	ue/decisoes/2004/32004D0665.md
32004D0667	Preâmbulo		18	40	582	ue/decisoes/2004/32004D0667.md
32004D0667	Artigo 1.º		44	54	182	ue/decisoes/2004/32004D0667.md
32004D0667	Artigo 2.º		56	72	106	ue/decisoes/2004/32004D0667.md
32004D0674	Preâmbulo		18	54	972	ue/decisoes/2004/32004D0674.md
32004D0674	Artigo 1.º	Pagamento de uma participação financeira da Comunidade a favor dos Países Baixos	58	60	78	ue/decisoes/2004/32004D0674.md
32004D0674	Artigo 2.º	Destinatário	62	84	185	ue/decisoes/2004/32004D0674.md
32004D0678	Preâmbulo		18	42	661	ue/decisoes/2004/32004D0678.md
32004D0678	Artigo 1.º		46	52	188	ue/decisoes/2004/32004D0678.md
32004D0678	Artigo 2.º		54	60	146	ue/decisoes/2004/32004D0678.md
32004D0678	Artigo 3.º		62	66	154	ue/decisoes/2004/32004D0678.md
32004D0678	Artigo 4.º		68	70	46	ue/decisoes/2004/32004D0678.md
32004D0678	Artigo 5.º		72	84	83	ue/decisoes/2004/32004D0678.md
32004D0678	ANEXO I		86	93	58	ue/decisoes/2004/32004D0678.md
32004D0678	ANEXO II		95	103	285	ue/decisoes/2004/32004D0678.md
32004D0679	Preâmbulo		18	44	645	ue/decisoes/2004/32004D0679.md
32004D0679	Artigo 1.º		48	50	24	ue/decisoes/2004/32004D0679.md
32004D0679	Artigo 2.º		52	68	123	ue/decisoes/2004/32004D0679.md
32004D0679	ANEXO	«ANEXO I	70	102	394	ue/decisoes/2004/32004D0679.md
32004D0682	Preâmbulo		18	38	505	ue/decisoes/2004/32004D0682.md
32004D0682	Artigo 1.º		42	48	108	ue/decisoes/2004/32004D0682.md
32004D0682	Artigo 2.º		50	52	69	ue/decisoes/2004/32004D0682.md
32004D0682	Artigo 3.º		54	66	99	ue/decisoes/2004/32004D0682.md
32004D0683	Preâmbulo		18	38	329	ue/decisoes/2004/32004D0683.md
32004D0683	Artigo único		42	54	217	ue/decisoes/2004/32004D0683.md
32004D0683	ANEXO I		56	174	2374	ue/decisoes/2004/32004D0683.md
32004D0683	Artigo 1.º	Presidência	66	68	112	ue/decisoes/2004/32004D0683.md
32004D0683	Artigo 2.º	Reuniões	70	76	166	ue/decisoes/2004/32004D0683.md
32004D0683	Artigo 3.º	Representação	78	82	107	ue/decisoes/2004/32004D0683.md
32004D0683	Artigo 4.º	Delegações	84	92	159	ue/decisoes/2004/32004D0683.md
32004D0683	Artigo 5.º	Secretariado	94	96	68	ue/decisoes/2004/32004D0683.md
32004D0683	Artigo 6.º	Correspondência	98	104	230	ue/decisoes/2004/32004D0683.md
32004D0683	Artigo 7.º	Publicidade	106	108	33	ue/decisoes/2004/32004D0683.md
32004D0683	Artigo 8.º	Ordem do dia das reuniões	110	118	237	ue/decisoes/2004/32004D0683.md
32004D0683	Artigo 9.º	Acta	120	132	219	ue/decisoes/2004/32004D0683.md
32004D0683	Artigo 10.º	Decisões e recomendações	134	146	263	ue/decisoes/2004/32004D0683.md
32004D0683	Artigo 11.º	Línguas	148	152	70	ue/decisoes/2004/32004D0683.md
32004D0683	Artigo 12.º	Despesas	154	158	172	ue/decisoes/2004/32004D0683.md
32004D0683	Artigo 13.º	Comité de Estabilização e de Associação	160	174	453	ue/decisoes/2004/32004D0683.md
32004D0683	ANEXO	REGULAMENTO INTERNO DO COMITÉ DE ESTABILIZAÇÃO E DE ASSOCIAÇÃO	176	240	1324	ue/decisoes/2004/32004D0683.md
32004D0683	Artigo 1.º	Presidência	178	180	112	ue/decisoes/2004/32004D0683.md
32004D0683	Artigo 2.º	Reuniões	182	188	88	ue/decisoes/2004/32004D0683.md
32004D0683	Artigo 3.º	Delegações	190	192	32	ue/decisoes/2004/32004D0683.md
32004D0683	Artigo 4.º	Secretariado	194	198	127	ue/decisoes/2004/32004D0683.md
32004D0683	Artigo 5.º	Publicidade	200	202	33	ue/decisoes/2004/32004D0683.md
32004D0683	Artigo 6.º	Ordem do dia das reuniões	204	214	275	ue/decisoes/2004/32004D0683.md
32004D0683	Artigo 7.º	Acta	216	220	104	ue/decisoes/2004/32004D0683.md
32004D0683	Artigo 8.º	Decisões e recomendações	222	228	226	ue/decisoes/2004/32004D0683.md
32004D0683	Artigo 9.º	Despesas	230	234	171	ue/decisoes/2004/32004D0683.md
32004D0683	Artigo 10.º	Subcomités e grupos especiais	236	240	136	ue/decisoes/2004/32004D0683.md
32004D0686	Preâmbulo		18	40	668	ue/decisoes/2004/32004D0686.md
32004D0686	Artigo 1.º		44	48	155	ue/decisoes/2004/32004D0686.md
32004D0686	Artigo 2.º		50	52	126	ue/decisoes/2004/32004D0686.md
32004D0686	Artigo 3.º		54	66	82	ue/decisoes/2004/32004D0686.md
32004D0686	ANEXO		68	76	121	ue/decisoes/2004/32004D0686.md
32004D0689	Preâmbulo		18	44	868	ue/decisoes/2004/32004D0689.md
32004D0689	Artigo 1.º		48	62	336	ue/decisoes/2004/32004D0689.md
32004D0689	Artigo 2.º		64	72	125	ue/decisoes/2004/32004D0689.md
32004D0689	Artigo 3.º		74	86	272	ue/decisoes/2004/32004D0689.md
32004D0689	Artigo 4.º		88	92	92	ue/decisoes/2004/32004D0689.md
32004D0689	Artigo 5.º		94	110	116	ue/decisoes/2004/32004D0689.md
32004D0690	Preâmbulo		18	42	704	ue/decisoes/2004/32004D0690.md
32004D0690	Artigo 1.º	Objecto	46	48	85	ue/decisoes/2004/32004D0690.md
32004D0690	Artigo 2.º	Despesas elegíveis	50	56	177	ue/decisoes/2004/32004D0690.md
32004D0690	Artigo 3.º	Montante global	58	60	34	ue/decisoes/2004/32004D0690.md
32004D0690	Artigo 4.º	Taxas e condições	62	68	152	ue/decisoes/2004/32004D0690.md
32004D0690	Artigo 5.º	Moeda	70	72	46	ue/decisoes/2004/32004D0690.md
32004D0690	Artigo 6.º		74	90	82	ue/decisoes/2004/32004D0690.md
32004D0690	ANEXO		92	124	233	ue/decisoes/2004/32004D0690.md
32004D0691	Preâmbulo		18	40	476	ue/decisoes/2004/32004D0691.md
32004D0691	Artigo 1.º		44	46	26	ue/decisoes/2004/32004D0691.md
32004D0691	Artigo 2.º		48	62	83	ue/decisoes/2004/32004D0691.md
32004D0691	ANEXO		64	125	299	ue/decisoes/2004/32004D0691.md
32004D0695	Artigo 1.º		60	64	86	ue/decisoes/2004/32004D0695.md
32004D0695	Artigo 2.º		66	70	84	ue/decisoes/2004/32004D0695.md
32004D0695	Artigo 3.º		72	76	20	ue/decisoes/2004/32004D0695.md
32004D0695	ANEXO I		78	140	885	ue/decisoes/2004/32004D0695.md
32004D0695	ANEXO II		142	162	212	ue/decisoes/2004/32004D0695.md
32004D0696	Artigo 1.º		66	70	84	ue/decisoes/2004/32004D0696.md
32004D0696	Artigo 2.º		72	76	79	ue/decisoes/2004/32004D0696.md
32004D0696	Artigo 3.º		78	82	82	ue/decisoes/2004/32004D0696.md
32004D0696	Artigo 4.º		84	88	20	ue/decisoes/2004/32004D0696.md
32004D0696	ANEXO I		90	122	296	ue/decisoes/2004/32004D0696.md
32004D0696	ANEXO II		124	152	262	ue/decisoes/2004/32004D0696.md
32004D0696	ANEXO III		154	192	649	ue/decisoes/2004/32004D0696.md
32004D0700	Preâmbulo		18	48	777	ue/decisoes/2004/32004D0700.md
32004D0700	Artigo 1.º		52	60	94	ue/decisoes/2004/32004D0700.md
32004D0700	Artigo 2.º		62	74	52	ue/decisoes/2004/32004D0700.md
32004D0701	Preâmbulo		18	40	668	ue/decisoes/2004/32004D0701.md
32004D0701	Artigo 1.º		44	56	168	ue/decisoes/2004/32004D0701.md
32004D0701	Artigo 1.º		58	90	299	ue/decisoes/2004/32004D0701.md
32004D0701	Artigo 2.º		92	96	129	ue/decisoes/2004/32004D0701.md
32004D0701	Artigo 2.º		98	114	86	ue/decisoes/2004/32004D0701.md
32004D0706	Artigo 1.º		58	60	44	ue/decisoes/2004/32004D0706.md
32004D0706	Artigo 2.º		62	64	96	ue/decisoes/2004/32004D0706.md
32004D0706	Artigo 3.º		66	72	114	ue/decisoes/2004/32004D0706.md
32004D0706	Artigo 4.º		74	76	92	ue/decisoes/2004/32004D0706.md
32004D0706	Artigo 5.º		78	80	32	ue/decisoes/2004/32004D0706.md
32004D0706	Artigo 6.º		82	86	34	ue/decisoes/2004/32004D0706.md
32004D0706	Artigo 7.º		88	90	17	ue/decisoes/2004/32004D0706.md
32004D0706	Artigo 8.º		92	96	27	ue/decisoes/2004/32004D0706.md
32004D0706	Artigo 9.º		98	100	69	ue/decisoes/2004/32004D0706.md
32004D0706	Artigo 10.º		102	104	19	ue/decisoes/2004/32004D0706.md
32004D0706	ANEXO	PŘÍLOHA — BILAG — ANHANG — ANNEKS — ΠΑΡΑΡΤΗΜΑ — ANNEX — ANNEXE — ALLEGATO — PIELIKUMS — PRIEDAS — MELLÉKLET — ANNESS — BIJLAGE — ZAŁĄCZNIK — ANEXO — PRÍLOHA — P	106	142	151	ue/decisoes/2004/32004D0706.md
32004D0706(01)	Artigo 1.º		40	42	57	ue/decisoes/2004/32004D0706(01).md
32004D0706(01)	Artigo 2.º		44	56	110	ue/decisoes/2004/32004D0706(01).md
32004D0731	Preâmbulo		18	34	226	ue/decisoes/2004/32004D0731.md
32004D0731	Artigo 1.º		38	42	64	ue/decisoes/2004/32004D0731.md
32004D0731	Artigo 2.º		44	46	37	ue/decisoes/2004/32004D0731.md
32004D0731	Artigo 3.º		48	50	19	ue/decisoes/2004/32004D0731.md
32004D0731	Artigo 4.º		52	88	361	ue/decisoes/2004/32004D0731.md
32004D0731	Artigo 1.º		90	92	62	ue/decisoes/2004/32004D0731.md
32004D0731	Artigo 2.º		94	96	100	ue/decisoes/2004/32004D0731.md
32004D0731	Artigo 3.º		98	100	76	ue/decisoes/2004/32004D0731.md
32004D0731	Artigo 4.º		102	112	288	ue/decisoes/2004/32004D0731.md
32004D0731	Artigo 5.º		114	120	212	ue/decisoes/2004/32004D0731.md
32004D0731	Artigo 6.º		122	124	114	ue/decisoes/2004/32004D0731.md
32004D0731	Artigo 7.º		126	130	142	ue/decisoes/2004/32004D0731.md
32004D0731	Artigo 8.º		132	134	120	ue/decisoes/2004/32004D0731.md
32004D0731	Artigo 9.º		136	162	380	ue/decisoes/2004/32004D0731.md
32004D0731	Artigo 10.º		164	166	50	ue/decisoes/2004/32004D0731.md
32004D0731	Artigo 11.º		168	176	278	ue/decisoes/2004/32004D0731.md
32004D0731	Artigo 12.º		178	180	85	ue/decisoes/2004/32004D0731.md
32004D0731	Artigo 13.º		182	184	54	ue/decisoes/2004/32004D0731.md
32004D0731	Artigo 14.º		186	188	116	ue/decisoes/2004/32004D0731.md
32004D0731	Artigo 15.º		190	192	62	ue/decisoes/2004/32004D0731.md
32004D0731	Artigo 16.º		194	196	48	ue/decisoes/2004/32004D0731.md
32004D0731	Artigo 17.º		198	204	127	ue/decisoes/2004/32004D0731.md
32004D0731	Artigo 18.º		206	220	194	ue/decisoes/2004/32004D0731.md
32004D0733	Preâmbulo		18	38	423	ue/decisoes/2004/32004D0733.md
32004D0733	Artigo 1.º		42	44	37	ue/decisoes/2004/32004D0733.md
32004D0733	Artigo 2.º		46	58	55	ue/decisoes/2004/32004D0733.md
32004D0737	Preâmbulo		18	42	1122	ue/decisoes/2004/32004D0737.md
32004D0737	Artigo 1.º		46	48	140	ue/decisoes/2004/32004D0737.md
32004D0737	Artigo 2.º		50	62	76	ue/decisoes/2004/32004D0737.md
32004D0739	Artigo 1.º	Criação	56	58	40	ue/decisoes/2004/32004D0739.md
32004D0739	Artigo 2.º	Funções	60	62	46	ue/decisoes/2004/32004D0739.md
32004D0739	Artigo 3.º	Composição	64	72	131	ue/decisoes/2004/32004D0739.md
32004D0739	Artigo 4.º	Presidente	74	76	90	ue/decisoes/2004/32004D0739.md
32004D0739	Artigo 5.º	Reuniões	78	84	124	ue/decisoes/2004/32004D0739.md
32004D0739	Artigo 6.º	Procedimento	86	100	221	ue/decisoes/2004/32004D0739.md
32004D0739	Artigo 7.º	Confidencialidade	102	106	87	ue/decisoes/2004/32004D0739.md
32004D0739	Artigo 8.º	Entrada em vigor	108	112	25	ue/decisoes/2004/32004D0739.md
32004D0739	ANEXO		114	138	69	ue/decisoes/2004/32004D0739.md
32004D0740	Preâmbulo		18	46	727	ue/decisoes/2004/32004D0740.md
32004D0740	Artigo único		50	66	162	ue/decisoes/2004/32004D0740.md
32004D0746	Preâmbulo		18	52	1036	ue/decisoes/2004/32004D0746.md
32004D0746	Artigo 1.º		56	58	123	ue/decisoes/2004/32004D0746.md
32004D0746	Artigo 2.º		60	72	149	ue/decisoes/2004/32004D0746.md
32004D0747	Artigo 1.º		61	71	230	ue/decisoes/2004/32004D0747.md
32004D0747	Artigo 2.º		73	75	47	ue/decisoes/2004/32004D0747.md
32004D0747	Artigo 3.º		77	85	98	ue/decisoes/2004/32004D0747.md
32004D0747	Artigo 4.º		87	89	34	ue/decisoes/2004/32004D0747.md
32004D0747	Artigo 5.º		91	95	127	ue/decisoes/2004/32004D0747.md
32004D0747	Artigo 6.º		97	101	33	ue/decisoes/2004/32004D0747.md
32004D0747	Artigo 7.º		103	105	19	ue/decisoes/2004/32004D0747.md
32004D0747	ANEXO I		107	125	156	ue/decisoes/2004/32004D0747.md
32004D0747	ANEXO II		127	166	264	ue/decisoes/2004/32004D0747.md
32004D0747	ANEXO III		168	214	781	ue/decisoes/2004/32004D0747.md
32004D0749	Preâmbulo		18	40	612	ue/decisoes/2004/32004D0749.md
32004D0749	Artigo único		44	62	271	ue/decisoes/2004/32004D0749.md
32004D0750	Preâmbulo		18	40	422	ue/decisoes/2004/32004D0750.md
32004D0750	Artigo único		44	64	196	ue/decisoes/2004/32004D0750.md
32004D0751	Preâmbulo		18	38	460	ue/decisoes/2004/32004D0751.md
32004D0751	Artigo 1.º		42	46	128	ue/decisoes/2004/32004D0751.md
32004D0751	Artigo 2.º		48	50	43	ue/decisoes/2004/32004D0751.md
32004D0751	Artigo 3.º		52	56	91	ue/decisoes/2004/32004D0751.md
32004D0751	Artigo 4.º		58	106	460	ue/decisoes/2004/32004D0751.md
32004D0751	Apêndice	«ANEXO V	108	521	15994	ue/decisoes/2004/32004D0751.md
32004D0753	Preâmbulo		18	40	390	ue/decisoes/2004/32004D0753.md
32004D0753	Artigo 1.º		44	94	187	ue/decisoes/2004/32004D0753.md
32004D0753	Artigo 2.º		96	98	15	ue/decisoes/2004/32004D0753.md
32004D0753	Artigo 3.º		100	114	62	ue/decisoes/2004/32004D0753.md
32004D0754	Preâmbulo		18	102	705	ue/decisoes/2004/32004D0754.md
32004D0754	Artigo 1.º		106	110	122	ue/decisoes/2004/32004D0754.md
32004D0754	Artigo 2.º		112	114	40	ue/decisoes/2004/32004D0754.md
32004D0754	Artigo 3.º		116	126	53	ue/decisoes/2004/32004D0754.md
32004D0754	Artigo 1.º	[APC Tajiquistão: artigo 2.º]	132	134	118	ue/decisoes/2004/32004D0754.md
32004D0754	Artigo 2.º	[APC Tajiquistão: artigo 3.º]	136	138	136	ue/decisoes/2004/32004D0754.md
32004D0754	Artigo 3.º	[APC Tajiquistão: artigo 7.º]	144	166	357	ue/decisoes/2004/32004D0754.md
32004D0754	Artigo 4.º	[APC Tajiquistão: artigo 8.º]	168	176	177	ue/decisoes/2004/32004D0754.md
32004D0754	Artigo 5.º	[APC Tajiquistão: artigo 9.º]	178	180	158	ue/decisoes/2004/32004D0754.md
32004D0754	Artigo 6.º	[APC Tajiquistão: artigo 10.º]	182	186	133	ue/decisoes/2004/32004D0754.md
32004D0754	Artigo 7.º	[APC Tajiquistão: artigo 11.º]	188	190	31	ue/decisoes/2004/32004D0754.md
32004D0754	Artigo 8.º	[APC Tajiquistão: artigo 12.º]	192	204	483	ue/decisoes/2004/32004D0754.md
32004D0754	Artigo 9.º	[APC Tajiquistão: artigo 13.º]	206	208	120	ue/decisoes/2004/32004D0754.md
32004D0754	Artigo 10.º	[APC Tajiquistão: artigo 14.º]	210	212	186	ue/decisoes/2004/32004D0754.md
32004D0754	Artigo 11.º	[APC Tajiquistão: artigo 15.º]	214	216	71	ue/decisoes/2004/32004D0754.md
32004D0754	Artigo 12.º	[APC Tajiquistão: artigo 16.º]	218	220	87	ue/decisoes/2004/32004D0754.md
32004D0754	Artigo 13.º	[APC Tajiquistão: n.º 1 do artigo 38.º]	226	228	89	ue/decisoes/2004/32004D0754.md
32004D0754	Artigo 14.º	[APC Tajiquistão: n.º 4 do artigo 40.º]	230	232	49	ue/decisoes/2004/32004D0754.md
32004D0754	Artigo 15.º	[APC Tajiquistão: n.º 1 do artigo 39.º]	234	236	116	ue/decisoes/2004/32004D0754.md
32004D0754	Artigo 16.º	[APC Tajiquistão: artigo 42.º]	238	248	225	ue/decisoes/2004/32004D0754.md
32004D0754	Artigo 17.º	[APC Tajiquistão: artigo 45.º]	250	254	72	ue/decisoes/2004/32004D0754.md
32004D0754	Artigo 18.º	[APC Tajiquistão: artigo 46.º]	256	268	232	ue/decisoes/2004/32004D0754.md
32004D0754	Artigo 19.º	[APC Tajiquistão: artigo 50.º]	270	274	228	ue/decisoes/2004/32004D0754.md
32004D0754	Artigo 20.º	[APC Tajiquistão: artigo 63.º]	276	298	248	ue/decisoes/2004/32004D0754.md
32004D0754	Artigo 21.º	[APC Tajiquistão: artigo 64.º]	300	314	206	ue/decisoes/2004/32004D0754.md
32004D0754	Artigo 22.º		320	322	114	ue/decisoes/2004/32004D0754.md
32004D0754	Artigo 23.º		324	328	52	ue/decisoes/2004/32004D0754.md
32004D0754	Artigo 24.º	[APC Tajiquistão: artigo 81.º]	330	332	78	ue/decisoes/2004/32004D0754.md
32004D0754	Artigo 25.º	[APC Tajiquistão: artigo 85.º]	334	346	383	ue/decisoes/2004/32004D0754.md
32004D0754	Artigo 26.º	[APC Tajiquistão: artigo 86.º]	348	358	288	ue/decisoes/2004/32004D0754.md
32004D0754	Artigo 27.º	[APC Tajiquistão: artigo 87.º]	360	368	188	ue/decisoes/2004/32004D0754.md
32004D0754	Artigo 28.º	[APC Tajiquistão: artigo 88.º]	370	380	194	ue/decisoes/2004/32004D0754.md
32004D0754	Artigo 29.º	[APC Tajiquistão: artigo 89.º]	382	388	127	ue/decisoes/2004/32004D0754.md
32004D0754	Artigo 30.º	[APC Tajiquistão: artigo 90.º]	390	392	52	ue/decisoes/2004/32004D0754.md
32004D0754	Artigo 31.º	[APC Tajiquistão: artigo 92.º]	394	396	84	ue/decisoes/2004/32004D0754.md
32004D0754	Artigo 32.º		398	402	80	ue/decisoes/2004/32004D0754.md
32004D0754	Artigo 33.º	[APC Tajiquistão: artigo 94.º]	404	410	202	ue/decisoes/2004/32004D0754.md
32004D0754	Artigo 34.º	[APC Tajiquistão: artigo 95.º]	412	414	50	ue/decisoes/2004/32004D0754.md
32004D0754	Artigo 35.º	[APC Tajiquistão: artigo 97.º]	416	418	78	ue/decisoes/2004/32004D0754.md
32004D0754	Artigo 36.º	[APC Tajiquistão: artigo 99.º]	420	422	100	ue/decisoes/2004/32004D0754.md
32004D0754	Artigo 37.º		424	440	307	ue/decisoes/2004/32004D0754.md
32004D0754	ANEXO I	Lista indicativa das vantagens concedidas pela República do Tajiquistão aos estados independentes nos termos do n.º 3 do artigo 3.º (n.º 3 do artigo 7.º do APC 	442	452	204	ue/decisoes/2004/32004D0754.md
32004D0754	ANEXO II	Convenções em matéria de propriedade intelectual, industrial e comercial referidas no artigo 15.º (n.º 1 do artigo 39.º do APC Tajiquistão)	454	756	5617	ue/decisoes/2004/32004D0754.md
32004D0754	Artigo 1.º	Definições	480	492	253	ue/decisoes/2004/32004D0754.md
32004D0754	Artigo 2.º	Âmbito de aplicação	494	498	200	ue/decisoes/2004/32004D0754.md
32004D0754	Artigo 3.º	Assistência mediante pedido	500	518	468	ue/decisoes/2004/32004D0754.md
32004D0754	Artigo 4.º	Assistência espontânea	520	532	258	ue/decisoes/2004/32004D0754.md
32004D0754	Artigo 5.º	Entrega/Notificação	534	540	126	ue/decisoes/2004/32004D0754.md
32004D0754	Artigo 6.º	Forma e conteúdo dos pedidos de assistência	542	562	290	ue/decisoes/2004/32004D0754.md
32004D0754	Artigo 7.º	Execução dos pedidos	564	572	345	ue/decisoes/2004/32004D0754.md
32004D0754	Artigo 8.º	Forma de comunicação das informações	574	580	155	ue/decisoes/2004/32004D0754.md
32004D0754	Artigo 9.º	Excepções à obrigação de prestar assistência	582	596	322	ue/decisoes/2004/32004D0754.md
32004D0754	Artigo 10.º	Intercâmbio de informações e confidencialidade	598	608	390	ue/decisoes/2004/32004D0754.md
32004D0754	Artigo 11.º	Peritos e testemunhas	610	612	140	ue/decisoes/2004/32004D0754.md
32004D0754	Artigo 12.º	Despesas de assistência	614	616	80	ue/decisoes/2004/32004D0754.md
32004D0754	Artigo 13.º	Execução da decisão	618	622	194	ue/decisoes/2004/32004D0754.md
32004D0754	Artigo 14.º	Outros acordos	624	756	1889	ue/decisoes/2004/32004D0754.md
32004D0755	Preâmbulo		18	30	198	ue/decisoes/2004/32004D0755.md
32004D0755	Artigo único		34	48	167	ue/decisoes/2004/32004D0755.md
32004D0756	Preâmbulo		18	40	385	ue/decisoes/2004/32004D0756.md
32004D0756	Artigo 1.º		44	48	70	ue/decisoes/2004/32004D0756.md
32004D0756	Artigo 2.º		50	84	324	ue/decisoes/2004/32004D0756.md
32004D0756	Artigo 1.º		86	88	70	ue/decisoes/2004/32004D0756.md
32004D0756	Artigo 2.º		90	92	52	ue/decisoes/2004/32004D0756.md
32004D0756	Artigo 3.º		94	100	74	ue/decisoes/2004/32004D0756.md
32004D0760	Artigo 1.º		66	76	227	ue/decisoes/2004/32004D0760.md
32004D0760	Artigo 2.º		78	80	95	ue/decisoes/2004/32004D0760.md
32004D0760	Artigo 3.º		82	84	34	ue/decisoes/2004/32004D0760.md
32004D0760	Artigo 4.º		86	88	84	ue/decisoes/2004/32004D0760.md
32004D0760	Artigo 5.º		90	98	219	ue/decisoes/2004/32004D0760.md
32004D0760	Artigo 6.º		100	102	32	ue/decisoes/2004/32004D0760.md
32004D0760	Artigo 7.º		104	106	19	ue/decisoes/2004/32004D0760.md
32004D0760	ANEXO I		108	143	168	ue/decisoes/2004/32004D0760.md
32004D0760	ANEXO II		145	165	346	ue/decisoes/2004/32004D0760.md
32004D0760	ANEXO III		167	225	356	ue/decisoes/2004/32004D0760.md
32004D0761	Artigo 1.º		67	77	227	ue/decisoes/2004/32004D0761.md
32004D0761	Artigo 2.º		79	81	51	ue/decisoes/2004/32004D0761.md
32004D0761	Artigo 3.º		83	85	100	ue/decisoes/2004/32004D0761.md
32004D0761	Artigo 4.º		87	89	34	ue/decisoes/2004/32004D0761.md
32004D0761	Artigo 5.º		91	93	85	ue/decisoes/2004/32004D0761.md
32004D0761	Artigo 6.º		95	103	215	ue/decisoes/2004/32004D0761.md
32004D0761	Artigo 7.º		105	109	32	ue/decisoes/2004/32004D0761.md
32004D0761	Artigo 8.º		111	113	19	ue/decisoes/2004/32004D0761.md
32004D0761	ANEXO I		115	129	411	ue/decisoes/2004/32004D0761.md
32004D0761	ANEXO II		131	166	170	ue/decisoes/2004/32004D0761.md
32004D0761	ANEXO III		168	187	338	ue/decisoes/2004/32004D0761.md
32004D0761	ANEXO IV		189	245	322	ue/decisoes/2004/32004D0761.md
32004D0765	Preâmbulo		18	54	1356	ue/decisoes/2004/32004D0765.md
32004D0765	Artigo 1.º		58	60	99	ue/decisoes/2004/32004D0765.md
32004D0765	Artigo 2.º		62	82	206	ue/decisoes/2004/32004D0765.md
32004D0772	Preâmbulo		18	50	1120	ue/decisoes/2004/32004D0772.md
32004D0772	Artigo 1.º		54	56	94	ue/decisoes/2004/32004D0772.md
32004D0772	Artigo 2.º		58	68	112	ue/decisoes/2004/32004D0772.md
32004D0772	Artigo 3.º		70	76	156	ue/decisoes/2004/32004D0772.md
32004D0772	Artigo 4.º		78	100	141	ue/decisoes/2004/32004D0772.md
32004D0772	ANEXO		102	123	255	ue/decisoes/2004/32004D0772.md
32004D0774	Preâmbulo		18	40	490	ue/decisoes/2004/32004D0774.md
32004D0774	Artigo único		44	58	81	ue/decisoes/2004/32004D0774.md
32004D0777	ANEXO I		81	91	88	ue/decisoes/2004/32004D0777.md
32004D0777	ANEXO II		93	105	105	ue/decisoes/2004/32004D0777.md
32004D0777	ANEXO III		107	121	150	ue/decisoes/2004/32004D0777.md
32004D0778	Preâmbulo		18	34	372	ue/decisoes/2004/32004D0778.md
32004D0778	Artigo 1.º		38	42	138	ue/decisoes/2004/32004D0778.md
32004D0778	Artigo 2.º		44	46	42	ue/decisoes/2004/32004D0778.md
32004D0778	Artigo 3.º		48	80	393	ue/decisoes/2004/32004D0778.md
32004D0778	Artigo 1.º	Produtos agrícolas no sentido restrito	86	103	240	ue/decisoes/2004/32004D0778.md
32004D0778	Artigo 2.º	Produtos da pesca	105	109	64	ue/decisoes/2004/32004D0778.md
32004D0778	Artigo 3.º	Produtos agrícolas transformados	111	113	48	ue/decisoes/2004/32004D0778.md
32004D0778	Artigo 4.º	Acordo sobre os vinhos	115	117	133	ue/decisoes/2004/32004D0778.md
32004D0778	Artigo 5.º		121	219	459	ue/decisoes/2004/32004D0778.md
32004D0778	Artigo 6.º	OMC	225	227	59	ue/decisoes/2004/32004D0778.md
32004D0778	Artigo 7.º	Prova de origem e cooperação administrativa	229	251	600	ue/decisoes/2004/32004D0778.md
32004D0778	Artigo 8.º	Mercadorias em trânsito	253	257	196	ue/decisoes/2004/32004D0778.md
32004D0778	Artigo 9.º	Contingentes em 2004	259	261	70	ue/decisoes/2004/32004D0778.md
32004D0778	Artigo 10.º		267	269	27	ue/decisoes/2004/32004D0778.md
32004D0778	Artigo 11.º		271	275	65	ue/decisoes/2004/32004D0778.md
32004D0778	Artigo 12.º		277	283	168	ue/decisoes/2004/32004D0778.md
32004D0778	Artigo 13.º		285	287	80	ue/decisoes/2004/32004D0778.md
32004D0778	Artigo 14.º		289	291	94	ue/decisoes/2004/32004D0778.md
32004D0778	ANEXO I	«ANEXOS IV(a) E IV(c)	293	339	506	ue/decisoes/2004/32004D0778.md
32004D0778	ANEXO II	«ANEXO IV(b)	341	385	794	ue/decisoes/2004/32004D0778.md
32004D0778	ANEXO III	«ANEXO IV(d)	387	418	477	ue/decisoes/2004/32004D0778.md
32004D0778	ANEXO IV	«ANEXO IV(e)	420	481	1236	ue/decisoes/2004/32004D0778.md
32004D0778	ANEXO V	«ANEXO IV(f)	483	514	439	ue/decisoes/2004/32004D0778.md
32004D0778	ANEXO VI	«ANEXO IV(g)	516	551	639	ue/decisoes/2004/32004D0778.md
32004D0778	ANEXO VII	«ANEXO V(a)	553	576	997	ue/decisoes/2004/32004D0778.md
32004D0778	ANEXO VIII	«ANEXO V(b)	578	600	980	ue/decisoes/2004/32004D0778.md
32004D0778	ANEXO IX	Produtos referidos no artigo 12.º do Acordo Provisório	602	659	1635	ue/decisoes/2004/32004D0778.md
32004D0778	ANEXO X	«ANEXO I	661	713	1057	ue/decisoes/2004/32004D0778.md
32004D0778	ANEXO XI	«ANEXO I	715	933	4262	ue/decisoes/2004/32004D0778.md
32004D0778	ANEXO XII	«ANEXO II	935	1539	41248	ue/decisoes/2004/32004D0778.md
32004D0778	ANEXO XIII	«ANEXO IV	1541	1645	1412	ue/decisoes/2004/32004D0778.md
32004D0785	Preâmbulo		18	34	351	ue/decisoes/2004/32004D0785.md
32004D0785	Artigo 1.º		38	42	99	ue/decisoes/2004/32004D0785.md
32004D0785	Artigo 2.º		44	56	72	ue/decisoes/2004/32004D0785.md
32004D0785	ANEXO		58	94	599	ue/decisoes/2004/32004D0785.md
32004D0785	ANEXO		96	116	258	ue/decisoes/2004/32004D0785.md
32004D0800	Preâmbulo		18	170	5690	ue/decisoes/2004/32004D0800.md
32004D0800	Artigo 1.º		174	176	63	ue/decisoes/2004/32004D0800.md
32004D0800	Artigo 2.º		178	180	28	ue/decisoes/2004/32004D0800.md
32004D0800	Artigo 3.º		182	194	251	ue/decisoes/2004/32004D0800.md
32004D0800	Artigo 4.º		196	198	56	ue/decisoes/2004/32004D0800.md
32004D0800	Artigo 5.º		200	226	175	ue/decisoes/2004/32004D0800.md
32004D0800	ANEXO		228	270	462	ue/decisoes/2004/32004D0800.md
32004D0803(01)	Preâmbulo		18	36	824	ue/decisoes/2004/32004D0803(01).md
32004D0803(01)	Artigo 1.º		40	42	31	ue/decisoes/2004/32004D0803(01).md
32004D0803(01)	Artigo 2.º		44	46	82	ue/decisoes/2004/32004D0803(01).md
32004D0803(01)	Artigo 3.º		48	50	53	ue/decisoes/2004/32004D0803(01).md
32004D0803(01)	Artigo 4.º		52	54	19	ue/decisoes/2004/32004D0803(01).md
32004D0803(01)	Artigo 5.º		56	68	54	ue/decisoes/2004/32004D0803(01).md
32004D0804(01)	Preâmbulo		18	36	361	ue/decisoes/2004/32004D0804(01).md
32004D0804(01)	Artigo 1.º		40	44	177	ue/decisoes/2004/32004D0804(01).md
32004D0804(01)	Artigo 2.º		46	48	45	ue/decisoes/2004/32004D0804(01).md
32004D0804(01)	Artigo 3.º		50	196	916	ue/decisoes/2004/32004D0804(01).md
32004D0809	Preâmbulo		18	36	255	ue/decisoes/2004/32004D0809.md
32004D0809	Artigo 1.º		40	44	67	ue/decisoes/2004/32004D0809.md
32004D0809	Artigo 2.º		46	48	37	ue/decisoes/2004/32004D0809.md
32004D0809	Artigo 3.º		50	52	20	ue/decisoes/2004/32004D0809.md
32004D0809	Artigo 4.º		54	90	366	ue/decisoes/2004/32004D0809.md
32004D0809	Artigo 1.º	Quadro	92	96	104	ue/decisoes/2004/32004D0809.md
32004D0809	Artigo 2.º	Estatuto do pessoal	98	112	464	ue/decisoes/2004/32004D0809.md
32004D0809	Artigo 3.º	Informação classificada	114	118	163	ue/decisoes/2004/32004D0809.md
32004D0809	Artigo 4.º	Pessoal destacado para a EUPOL «Proxima»	120	134	250	ue/decisoes/2004/32004D0809.md
32004D0809	Artigo 5.º	Cadeia de comando	136	152	400	ue/decisoes/2004/32004D0809.md
32004D0809	Artigo 6.º	Aspectos financeiros	154	168	296	ue/decisoes/2004/32004D0809.md
32004D0809	Artigo 7.º	Não cumprimento	170	172	51	ue/decisoes/2004/32004D0809.md
32004D0809	Artigo 8.º	Resolução de litígios	174	176	42	ue/decisoes/2004/32004D0809.md
32004D0809	Artigo 9.º	Entrada em vigor	178	198	207	ue/decisoes/2004/32004D0809.md
32004D0810	Preâmbulo		18	36	256	ue/decisoes/2004/32004D0810.md
32004D0810	Artigo 1.º		40	44	68	ue/decisoes/2004/32004D0810.md
32004D0810	Artigo 2.º		46	48	37	ue/decisoes/2004/32004D0810.md
32004D0810	Artigo 3.º		50	52	21	ue/decisoes/2004/32004D0810.md
32004D0810	Artigo 4.º		54	90	366	ue/decisoes/2004/32004D0810.md
32004D0810	Artigo 1.º	Quadro	92	96	105	ue/decisoes/2004/32004D0810.md
32004D0810	Artigo 2.º	Estatuto do pessoal	98	112	468	ue/decisoes/2004/32004D0810.md
32004D0810	Artigo 3.º	Informação classificada	114	118	164	ue/decisoes/2004/32004D0810.md
32004D0810	Artigo 4.º	Pessoal destacado para a EUPOL «Proxima»	120	134	252	ue/decisoes/2004/32004D0810.md
32004D0810	Artigo 5.º	Cadeia de comando	136	152	402	ue/decisoes/2004/32004D0810.md
32004D0810	Artigo 6.º	Aspectos financeiros	154	168	296	ue/decisoes/2004/32004D0810.md
32004D0810	Artigo 7.º	Não cumprimento	170	172	51	ue/decisoes/2004/32004D0810.md
32004D0810	Artigo 8.º	Resolução de litígios	174	176	42	ue/decisoes/2004/32004D0810.md
32004D0810	Artigo 9.º	Entrada em vigor	178	198	206	ue/decisoes/2004/32004D0810.md
32004D0811	Preâmbulo		18	36	260	ue/decisoes/2004/32004D0811.md
32004D0811	Artigo 1.º		40	44	72	ue/decisoes/2004/32004D0811.md
32004D0811	Artigo 2.º		46	48	37	ue/decisoes/2004/32004D0811.md
32004D0811	Artigo 3.º		50	52	21	ue/decisoes/2004/32004D0811.md
32004D0811	Artigo 4.º		54	90	376	ue/decisoes/2004/32004D0811.md
32004D0811	Artigo 1.º	Quadro	92	96	110	ue/decisoes/2004/32004D0811.md
32004D0811	Artigo 2.º	Estatuto do pessoal	98	112	484	ue/decisoes/2004/32004D0811.md
32004D0811	Artigo 3.º	Informação classificada	114	118	174	ue/decisoes/2004/32004D0811.md
32004D0811	Artigo 4.º	Pessoal destacado para a EUPOL «Proxima»	120	134	258	ue/decisoes/2004/32004D0811.md
32004D0811	Artigo 5.º	Cadeia de comando	136	152	410	ue/decisoes/2004/32004D0811.md
32004D0811	Artigo 6.º	Aspectos financeiros	154	168	307	ue/decisoes/2004/32004D0811.md
32004D0811	Artigo 7.º	Não cumprimento	170	172	51	ue/decisoes/2004/32004D0811.md
32004D0811	Artigo 8.º	Resolução de litígios	174	176	42	ue/decisoes/2004/32004D0811.md
32004D0811	Artigo 9.º	Entrada em vigor	178	198	210	ue/decisoes/2004/32004D0811.md
32004D0812	Preâmbulo		18	36	262	ue/decisoes/2004/32004D0812.md
32004D0812	Artigo 1.º		40	44	74	ue/decisoes/2004/32004D0812.md
32004D0812	Artigo 2.º		46	48	37	ue/decisoes/2004/32004D0812.md
32004D0812	Artigo 3.º		50	52	21	ue/decisoes/2004/32004D0812.md
32004D0812	Artigo 4.º		54	90	380	ue/decisoes/2004/32004D0812.md
32004D0812	Artigo 1.º	Quadro	92	96	112	ue/decisoes/2004/32004D0812.md
32004D0812	Artigo 2.º	Estatuto do pessoal	98	112	490	ue/decisoes/2004/32004D0812.md
32004D0812	Artigo 3.º	Informação classificada	114	118	170	ue/decisoes/2004/32004D0812.md
32004D0812	Artigo 4.º	Pessoal destacado para a EUPOL «Proxima»	120	134	262	ue/decisoes/2004/32004D0812.md
32004D0812	Artigo 5.º	Cadeia de comando	136	152	414	ue/decisoes/2004/32004D0812.md
32004D0812	Artigo 6.º	Aspectos financeiros	154	168	312	ue/decisoes/2004/32004D0812.md
32004D0812	Artigo 7.º	Não cumprimento	170	172	50	ue/decisoes/2004/32004D0812.md
32004D0812	Artigo 8.º	Resolução de litígios	174	176	42	ue/decisoes/2004/32004D0812.md
32004D0812	Artigo 9.º	Entrada em vigor	178	196	204	ue/decisoes/2004/32004D0812.md
32004D0815	Preâmbulo		18	40	340	ue/decisoes/2004/32004D0815.md
32004D0815	Artigo único		44	64	251	ue/decisoes/2004/32004D0815.md
32004D0815	ANEXO		66	96	595	ue/decisoes/2004/32004D0815.md
32004D0820	Preâmbulo		18	66	1306	ue/decisoes/2004/32004D0820.md
32004D0820	Artigo 1.º		70	72	50	ue/decisoes/2004/32004D0820.md
32004D0820	Artigo 2.º		74	90	70	ue/decisoes/2004/32004D0820.md
32004D0821	Preâmbulo		18	38	503	ue/decisoes/2004/32004D0821.md
32004D0821	Artigo 1.º		42	44	44	ue/decisoes/2004/32004D0821.md
32004D0821	Artigo 2.º		46	58	55	ue/decisoes/2004/32004D0821.md
32004D0822	Preâmbulo		18	32	347	ue/decisoes/2004/32004D0822.md
32004D0822	Artigo 1.º		36	64	76	ue/decisoes/2004/32004D0822.md
32004D0822	Artigo 2.º		66	94	78	ue/decisoes/2004/32004D0822.md
32004D0822	Artigo 3.º		96	110	64	ue/decisoes/2004/32004D0822.md
32004D0823	Preâmbulo		18	42	503	ue/decisoes/2004/32004D0823.md
32004D0823	Artigo 1.º		46	48	68	ue/decisoes/2004/32004D0823.md
32004D0823	Artigo 2.º		50	64	83	ue/decisoes/2004/32004D0823.md
32004D0827	Preâmbulo		18	42	404	ue/decisoes/2004/32004D0827.md
32004D0827	Artigo 1.º		46	52	161	ue/decisoes/2004/32004D0827.md
32004D0827	Artigo 2.º		54	56	38	ue/decisoes/2004/32004D0827.md
32004D0827	Artigo 3.º		58	70	83	ue/decisoes/2004/32004D0827.md
32004D0827	ANEXO		72	86	404	ue/decisoes/2004/32004D0827.md
32004D0828	Preâmbulo		18	90	463	ue/decisoes/2004/32004D0828.md
32004D0828	Artigo 1.º		94	100	217	ue/decisoes/2004/32004D0828.md
32004D0828	Artigo 2.º		102	124	213	ue/decisoes/2004/32004D0828.md
32004D0828	Artigo 1.º	Objecto	126	134	409	ue/decisoes/2004/32004D0828.md
32004D0828	Artigo 2.º	Definição de beneficiário efectivo	136	146	348	ue/decisoes/2004/32004D0828.md
32004D0828	Artigo 3.º	Identidade e residência dos beneficiários efectivos	148	156	490	ue/decisoes/2004/32004D0828.md
32004D0828	Artigo 4.º	Definição de agente pagador	158	160	121	ue/decisoes/2004/32004D0828.md
32004D0828	Artigo 5.º	Definição de autoridade competente	162	166	110	ue/decisoes/2004/32004D0828.md
32004D0828	Artigo 6.º	Definição de pagamento de juros	168	204	1000	ue/decisoes/2004/32004D0828.md
32004D0828	Artigo 7.º	Retenção na fonte	206	226	618	ue/decisoes/2004/32004D0828.md
32004D0828	Artigo 8.º	Repartição das receitas	228	234	148	ue/decisoes/2004/32004D0828.md
32004D0828	Artigo 9.º	Informação voluntária	236	248	267	ue/decisoes/2004/32004D0828.md
32004D0828	Artigo 10.º	Eliminação da dupla tributação	250	258	431	ue/decisoes/2004/32004D0828.md
32004D0828	Artigo 11.º	Títulos de dívida negociáveis	260	284	798	ue/decisoes/2004/32004D0828.md
32004D0828	Artigo 12.º	Troca de informações a pedido	286	312	867	ue/decisoes/2004/32004D0828.md
32004D0828	Artigo 13.º	Consulta e revisão	314	324	445	ue/decisoes/2004/32004D0828.md
32004D0828	Artigo 14.º	Aplicação	326	338	604	ue/decisoes/2004/32004D0828.md
32004D0828	Artigo 15.º	Assinatura, entrada em vigor e denúncia	340	344	144	ue/decisoes/2004/32004D0828.md
32004D0828	Artigo 16.º	Pedidos e saldo	346	350	86	ue/decisoes/2004/32004D0828.md
32004D0828	Artigo 17.º	Aplicação territorial do presente Acordo	352	354	70	ue/decisoes/2004/32004D0828.md
32004D0828	Artigo 18.º	Anexos	356	362	119	ue/decisoes/2004/32004D0828.md
32004D0828	Artigo 19.º	Línguas	364	460	668	ue/decisoes/2004/32004D0828.md
32004D0828	ANEXO I		462	518	835	ue/decisoes/2004/32004D0828.md
32004D0828	ANEXO II		520	890	2951	ue/decisoes/2004/32004D0828.md
32004D0834	Preâmbulo		18	188	5692	ue/decisoes/2004/32004D0834.md
32004D0834	Artigo 1.º		192	196	81	ue/decisoes/2004/32004D0834.md
32004D0834	Artigo 2.º		198	232	268	ue/decisoes/2004/32004D0834.md
32004D0837	Preâmbulo		18	26	80	ue/decisoes/2004/32004D0837.md
32004D0837	Artigo 1.º		30	34	106	ue/decisoes/2004/32004D0837.md
32004D0837	Artigo 2.º		36	38	21	ue/decisoes/2004/32004D0837.md
32004D0837	Artigo 3.º		40	52	81	ue/decisoes/2004/32004D0837.md
32004D0838	Preâmbulo		18	387	16833	ue/decisoes/2004/32004D0838.md
32004D0838	Artigo 1.º		391	393	73	ue/decisoes/2004/32004D0838.md
32004D0838	Artigo 2.º		395	453	700	ue/decisoes/2004/32004D0838.md
32004D0840	Artigo 1.º		70	74	95	ue/decisoes/2004/32004D0840.md
32004D0840	Artigo 2.º		76	80	99	ue/decisoes/2004/32004D0840.md
32004D0840	Artigo 3.º		82	86	97	ue/decisoes/2004/32004D0840.md
32004D0840	Artigo 4.º		88	92	96	ue/decisoes/2004/32004D0840.md
32004D0840	Artigo 5.º		94	98	96	ue/decisoes/2004/32004D0840.md
32004D0840	Artigo 6.º		100	104	97	ue/decisoes/2004/32004D0840.md
32004D0840	Artigo 7.º		106	110	98	ue/decisoes/2004/32004D0840.md
32004D0840	Artigo 8.º		112	116	98	ue/decisoes/2004/32004D0840.md
32004D0840	Artigo 9.º		120	128	120	ue/decisoes/2004/32004D0840.md
32004D0840	Artigo 10.º		130	140	126	ue/decisoes/2004/32004D0840.md
32004D0840	Artigo 11.º		142	152	128	ue/decisoes/2004/32004D0840.md
32004D0840	Artigo 12.º		154	162	122	ue/decisoes/2004/32004D0840.md
32004D0840	Artigo 13.º		164	174	128	ue/decisoes/2004/32004D0840.md
32004D0840	Artigo 14.º		176	184	122	ue/decisoes/2004/32004D0840.md
32004D0840	Artigo 15.º		186	196	128	ue/decisoes/2004/32004D0840.md
32004D0840	Artigo 16.º		198	206	124	ue/decisoes/2004/32004D0840.md
32004D0840	Artigo 17.º		210	220	130	ue/decisoes/2004/32004D0840.md
32004D0840	Artigo 18.º		222	232	130	ue/decisoes/2004/32004D0840.md
32004D0840	Artigo 19.º		234	244	133	ue/decisoes/2004/32004D0840.md
32004D0840	Artigo 20.º		246	256	133	ue/decisoes/2004/32004D0840.md
32004D0840	Artigo 21.º		258	268	133	ue/decisoes/2004/32004D0840.md
32004D0840	Artigo 22.º		270	280	133	ue/decisoes/2004/32004D0840.md
32004D0840	Artigo 23.º		284	292	122	ue/decisoes/2004/32004D0840.md
32004D0840	Artigo 24.º		294	302	123	ue/decisoes/2004/32004D0840.md
32004D0840	Artigo 25.º		304	312	122	ue/decisoes/2004/32004D0840.md
32004D0840	Artigo 26.º		314	322	122	ue/decisoes/2004/32004D0840.md
32004D0840	Artigo 27.º		324	332	124	ue/decisoes/2004/32004D0840.md
32004D0840	Artigo 28.º		336	344	124	ue/decisoes/2004/32004D0840.md
32004D0840	Artigo 29.º		346	354	119	ue/decisoes/2004/32004D0840.md
32004D0840	Artigo 30.º		356	366	132	ue/decisoes/2004/32004D0840.md
32004D0840	Artigo 31.º		368	378	131	ue/decisoes/2004/32004D0840.md
32004D0840	Artigo 32.º		380	390	132	ue/decisoes/2004/32004D0840.md
32004D0840	Artigo 33.º		392	402	132	ue/decisoes/2004/32004D0840.md
32004D0840	Artigo 34.º		406	410	108	ue/decisoes/2004/32004D0840.md
32004D0840	Artigo 35.º		412	416	108	ue/decisoes/2004/32004D0840.md
32004D0840	Artigo 36.º		418	422	108	ue/decisoes/2004/32004D0840.md
32004D0840	Artigo 37.º		426	440	316	ue/decisoes/2004/32004D0840.md
32004D0840	Artigo 38.º		442	456	312	ue/decisoes/2004/32004D0840.md
32004D0840	Artigo 39.º		458	472	311	ue/decisoes/2004/32004D0840.md
32004D0840	Artigo 40.º		474	488	311	ue/decisoes/2004/32004D0840.md
32004D0840	Artigo 41.º		490	504	310	ue/decisoes/2004/32004D0840.md
32004D0840	Artigo 42.º		506	520	311	ue/decisoes/2004/32004D0840.md
32004D0840	Artigo 43.º		522	536	315	ue/decisoes/2004/32004D0840.md
32004D0840	Artigo 44.º		538	552	313	ue/decisoes/2004/32004D0840.md
32004D0840	Artigo 45.º		556	560	122	ue/decisoes/2004/32004D0840.md
32004D0840	Artigo 46.º		564	568	109	ue/decisoes/2004/32004D0840.md
32004D0840	Artigo 47.º		570	574	114	ue/decisoes/2004/32004D0840.md
32004D0840	Artigo 48.º		576	580	110	ue/decisoes/2004/32004D0840.md
32004D0840	Artigo 49.º		582	586	109	ue/decisoes/2004/32004D0840.md
32004D0840	Artigo 50.º		588	592	111	ue/decisoes/2004/32004D0840.md
32004D0840	Artigo 51.º		594	598	110	ue/decisoes/2004/32004D0840.md
32004D0840	Artigo 52.º		600	608	127	ue/decisoes/2004/32004D0840.md
32004D0840	Artigo 53.º		612	616	99	ue/decisoes/2004/32004D0840.md
32004D0840	Artigo 54.º		618	622	95	ue/decisoes/2004/32004D0840.md
32004D0840	Artigo 55.º		624	628	95	ue/decisoes/2004/32004D0840.md
32004D0840	Artigo 56.º		630	634	93	ue/decisoes/2004/32004D0840.md
32004D0840	Artigo 57.º		636	640	95	ue/decisoes/2004/32004D0840.md
32004D0840	Artigo 58.º		642	646	95	ue/decisoes/2004/32004D0840.md
32004D0840	Artigo 59.º		650	658	216	ue/decisoes/2004/32004D0840.md
32004D0840	Artigo 60.º		662	672	159	ue/decisoes/2004/32004D0840.md
32004D0840	Artigo 61.º		674	685	142	ue/decisoes/2004/32004D0840.md
32004D0840	Artigo 62.º		687	689	54	ue/decisoes/2004/32004D0840.md
32004D0840	Artigo 63.º		691	707	395	ue/decisoes/2004/32004D0840.md
32004D0840	Artigo 64.º		709	711	20	ue/decisoes/2004/32004D0840.md
32004D0840	Artigo 65.º		713	727	144	ue/decisoes/2004/32004D0840.md
32004D0842	Artigo 1.º	Objecto	42	48	200	ue/decisoes/2004/32004D0842.md
32004D0842	Artigo 2.º	Autorização	52	56	187	ue/decisoes/2004/32004D0842.md
32004D0842	Artigo 3.º	Aplicação	58	70	144	ue/decisoes/2004/32004D0842.md
32004D0842	Artigo 4.º	Finalidade	72	74	48	ue/decisoes/2004/32004D0842.md
32004D0842	Artigo 5.º	Condições técnicas	76	98	414	ue/decisoes/2004/32004D0842.md
32004D0842	Artigo 6.º	Exame	100	124	318	ue/decisoes/2004/32004D0842.md
32004D0842	Artigo 7.º	Quantidades	126	136	142	ue/decisoes/2004/32004D0842.md
32004D0842	Artigo 8.º	Embalagens e fecho	138	142	165	ue/decisoes/2004/32004D0842.md
32004D0842	Artigo 9.º	Rotulagem	144	178	336	ue/decisoes/2004/32004D0842.md
32004D0842	Artigo 10.º	Tratamento químico	180	182	51	ue/decisoes/2004/32004D0842.md
32004D0842	Artigo 11.º	Duração	184	186	59	ue/decisoes/2004/32004D0842.md
32004D0842	Artigo 12.º	Renovação de autorizações	188	198	161	ue/decisoes/2004/32004D0842.md
32004D0842	Artigo 13.º	Expiração da validade	200	202	50	ue/decisoes/2004/32004D0842.md
32004D0842	Artigo 14.º	Salvaguarda	204	212	280	ue/decisoes/2004/32004D0842.md
32004D0842	Artigo 15.º	Obrigação de informação	214	222	131	ue/decisoes/2004/32004D0842.md
32004D0842	Artigo 16.º	Controlos das selecções de conservação	224	230	171	ue/decisoes/2004/32004D0842.md
32004D0842	Artigo 17.º	Comunicação	232	238	65	ue/decisoes/2004/32004D0842.md
32004D0842	Artigo 18.º	Intercâmbio de informações	240	242	85	ue/decisoes/2004/32004D0842.md
32004D0842	Artigo 19.º	Publicação de uma lista de variedades	244	246	47	ue/decisoes/2004/32004D0842.md
32004D0842	Artigo 20.º	Autorização	250	254	198	ue/decisoes/2004/32004D0842.md
32004D0842	Artigo 21.º	Aplicação	256	264	114	ue/decisoes/2004/32004D0842.md
32004D0842	Artigo 22.º	Finalidade	266	268	39	ue/decisoes/2004/32004D0842.md
32004D0842	Artigo 23.º	Condições técnicas	270	272	37	ue/decisoes/2004/32004D0842.md
32004D0842	Artigo 24.º	Exame	274	280	151	ue/decisoes/2004/32004D0842.md
32004D0842	Artigo 25.º	Variedades geneticamente modificadas	282	284	117	ue/decisoes/2004/32004D0842.md
32004D0842	Artigo 26.º	Fornecedor	286	296	150	ue/decisoes/2004/32004D0842.md
32004D0842	Artigo 27.º	Embalagens e fecho	298	300	88	ue/decisoes/2004/32004D0842.md
32004D0842	Artigo 28.º	Rotulagem	302	324	294	ue/decisoes/2004/32004D0842.md
32004D0842	Artigo 29.º	Tratamento químico	326	328	37	ue/decisoes/2004/32004D0842.md
32004D0842	Artigo 30.º	Duração	330	332	59	ue/decisoes/2004/32004D0842.md
32004D0842	Artigo 31.º	Renovação de autorizações	334	344	179	ue/decisoes/2004/32004D0842.md
32004D0842	Artigo 32.º	Expiração da validade	346	348	50	ue/decisoes/2004/32004D0842.md
32004D0842	Artigo 33.º	Salvaguarda	350	356	174	ue/decisoes/2004/32004D0842.md
32004D0842	Artigo 34.º	Obrigação de informação	358	366	116	ue/decisoes/2004/32004D0842.md
32004D0842	Artigo 35.º	Controlos das selecções de conservação	368	374	171	ue/decisoes/2004/32004D0842.md
32004D0842	Artigo 36.º	Comunicação	376	382	65	ue/decisoes/2004/32004D0842.md
32004D0842	Artigo 37.º	Intercâmbio de informações	384	386	85	ue/decisoes/2004/32004D0842.md
32004D0842	Artigo 38.º	Publicação de uma lista de variedades	388	390	47	ue/decisoes/2004/32004D0842.md
32004D0842	Artigo 39.º	Destinatários	394	398	62	ue/decisoes/2004/32004D0842.md
32004D0843	Preâmbulo		18	34	224	ue/decisoes/2004/32004D0843.md
32004D0843	Artigo 1.º		38	42	62	ue/decisoes/2004/32004D0843.md
32004D0843	Artigo 2.º		44	46	37	ue/decisoes/2004/32004D0843.md
32004D0843	Artigo 3.º		48	50	19	ue/decisoes/2004/32004D0843.md
32004D0843	Artigo 4.º		52	86	336	ue/decisoes/2004/32004D0843.md
32004D0843	Artigo 1.º		88	90	62	ue/decisoes/2004/32004D0843.md
32004D0843	Artigo 2.º		92	94	100	ue/decisoes/2004/32004D0843.md
32004D0843	Artigo 3.º		96	98	76	ue/decisoes/2004/32004D0843.md
32004D0843	Artigo 4.º		100	110	288	ue/decisoes/2004/32004D0843.md
32004D0843	Artigo 5.º		112	118	212	ue/decisoes/2004/32004D0843.md
32004D0843	Artigo 6.º		120	122	114	ue/decisoes/2004/32004D0843.md
32004D0843	Artigo 7.º		124	128	142	ue/decisoes/2004/32004D0843.md
32004D0843	Artigo 8.º		130	132	120	ue/decisoes/2004/32004D0843.md
32004D0843	Artigo 9.º		134	164	366	ue/decisoes/2004/32004D0843.md
32004D0843	Artigo 10.º		166	168	38	ue/decisoes/2004/32004D0843.md
32004D0843	Artigo 11.º		170	178	254	ue/decisoes/2004/32004D0843.md
32004D0843	Artigo 12.º		180	182	85	ue/decisoes/2004/32004D0843.md
32004D0843	Artigo 13.º		184	186	54	ue/decisoes/2004/32004D0843.md
32004D0843	Artigo 14.º		188	190	116	ue/decisoes/2004/32004D0843.md
32004D0843	Artigo 15.º		192	194	62	ue/decisoes/2004/32004D0843.md
32004D0843	Artigo 16.º		196	198	47	ue/decisoes/2004/32004D0843.md
32004D0843	Artigo 17.º		200	206	127	ue/decisoes/2004/32004D0843.md
32004D0843	Artigo 18.º		208	222	193	ue/decisoes/2004/32004D0843.md
32004D0844	Preâmbulo		18	38	386	ue/decisoes/2004/32004D0844.md
32004D0844	Artigo 1.º		42	44	34	ue/decisoes/2004/32004D0844.md
32004D0844	Artigo 2.º		46	60	66	ue/decisoes/2004/32004D0844.md
32004D0844	ANEXO		62	104	2014	ue/decisoes/2004/32004D0844.md
32004D0845(01)	Preâmbulo		18	42	658	ue/decisoes/2004/32004D0845(01).md
32004D0845(01)	Artigo 1.º		46	48	61	ue/decisoes/2004/32004D0845(01).md
32004D0845(01)	Artigo 2.º		50	54	94	ue/decisoes/2004/32004D0845(01).md
32004D0845(01)	Artigo 3.º		56	70	106	ue/decisoes/2004/32004D0845(01).md
32004D0845(01)	ANEXO 1		72	76	56	ue/decisoes/2004/32004D0845(01).md
32004D0845(01)	ANEXO 2		78	104	217	ue/decisoes/2004/32004D0845(01).md
32004D0849	Preâmbulo		22	42	534	ue/decisoes/2004/32004D0849.md
32004D0849	Artigo 1.º		46	50	158	ue/decisoes/2004/32004D0849.md
32004D0849	Artigo 2.º		52	54	49	ue/decisoes/2004/32004D0849.md
32004D0849	Artigo 3.º		56	58	87	ue/decisoes/2004/32004D0849.md
32004D0849	Artigo 4.º		60	64	136	ue/decisoes/2004/32004D0849.md
32004D0849	Artigo 5.º		66	86	138	ue/decisoes/2004/32004D0849.md
32004D0853	Preâmbulo		18	48	1058	ue/decisoes/2004/32004D0853.md
32004D0853	Artigo 1.º		52	54	77	ue/decisoes/2004/32004D0853.md
32004D0853	Artigo 2.º		56	58	20	ue/decisoes/2004/32004D0853.md
32004D0853	Artigo 3.º		60	72	82	ue/decisoes/2004/32004D0853.md
32004D0859	Preâmbulo		18	38	452	ue/decisoes/2004/32004D0859.md
32004D0859	Artigo 1.º		42	46	79	ue/decisoes/2004/32004D0859.md
32004D0859	Artigo 2.º		48	50	36	ue/decisoes/2004/32004D0859.md
32004D0859	Artigo 3.º		52	54	30	ue/decisoes/2004/32004D0859.md
32004D0859	Artigo 4.º		56	320	2300	ue/decisoes/2004/32004D0859.md
32004D0860	Preâmbulo		18	42	618	ue/decisoes/2004/32004D0860.md
32004D0860	Artigo 1.º		46	50	158	ue/decisoes/2004/32004D0860.md
32004D0860	Artigo 2.º		52	54	49	ue/decisoes/2004/32004D0860.md
32004D0860	Artigo 3.º		56	58	84	ue/decisoes/2004/32004D0860.md
32004D0860	Artigo 4.º		60	64	140	ue/decisoes/2004/32004D0860.md
32004D0860	Artigo 5.º		66	86	142	ue/decisoes/2004/32004D0860.md
32004D0864	Preâmbulo		18	32	287	ue/decisoes/2004/32004D0864.md
32004D0864	Artigo 1.º		36	46	120	ue/decisoes/2004/32004D0864.md
32004D0864	Artigo 2.º		48	62	74	ue/decisoes/2004/32004D0864.md
32004D0869	Preâmbulo		22	60	842	ue/decisoes/2004/32004D0869.md
32004D0869	Artigo 1.º		64	68	106	ue/decisoes/2004/32004D0869.md
32004D0869	Artigo 2.º		70	76	207	ue/decisoes/2004/32004D0869.md
32004D0869	Artigo 3.º		78	96	211	ue/decisoes/2004/32004D0869.md
32004D0870	Preâmbulo		18	38	268	ue/decisoes/2004/32004D0870.md
32004D0870	Artigo 1.º		42	46	47	ue/decisoes/2004/32004D0870.md
32004D0870	Artigo 2.º		48	50	25	ue/decisoes/2004/32004D0870.md
32004D0870	Artigo 3.º		52	54	40	ue/decisoes/2004/32004D0870.md
32004D0870	Artigo 4.º		56	70	65	ue/decisoes/2004/32004D0870.md
32004D0881	Preâmbulo		18	34	328	ue/decisoes/2004/32004D0881.md
32004D0881	Artigo 1.º		38	42	113	ue/decisoes/2004/32004D0881.md
32004D0881	Artigo 2.º		44	628	3151	ue/decisoes/2004/32004D0881.md
32004D0889	Preâmbulo		18	32	192	ue/decisoes/2004/32004D0889.md
32004D0889	Artigo 1.º		36	40	65	ue/decisoes/2004/32004D0889.md
32004D0889	Artigo 2.º		42	44	46	ue/decisoes/2004/32004D0889.md
32004D0889	Artigo 3.º		46	48	36	ue/decisoes/2004/32004D0889.md
32004D0889	Artigo 4.º		50	84	490	ue/decisoes/2004/32004D0889.md
32004D0889	Artigo 1.º	Definições	88	106	430	ue/decisoes/2004/32004D0889.md
32004D0889	Artigo 2.º	Âmbito de aplicação territorial	108	110	68	ue/decisoes/2004/32004D0889.md
32004D0889	Artigo 3.º	Evolução futura	112	114	74	ue/decisoes/2004/32004D0889.md
32004D0889	Artigo 4.º	Execução da cooperação e da assistência	118	120	116	ue/decisoes/2004/32004D0889.md
32004D0889	Artigo 5.º	Obrigações impostas ao abrigo de outros acordos	122	134	365	ue/decisoes/2004/32004D0889.md
32004D0889	Artigo 6.º	Âmbito de cooperação	138	150	230	ue/decisoes/2004/32004D0889.md
32004D0889	Artigo 7.º	Cooperação em matéria de procedimentos aduaneiros	152	154	107	ue/decisoes/2004/32004D0889.md
32004D0889	Artigo 8.º	Cooperação técnica	156	168	201	ue/decisoes/2004/32004D0889.md
32004D0889	Artigo 9.º	Coordenação no âmbito de organizações internacionais	170	172	75	ue/decisoes/2004/32004D0889.md
32004D0889	Artigo 10.º	Âmbito de aplicação	176	182	223	ue/decisoes/2004/32004D0889.md
32004D0889	Artigo 11.º	Assistência a pedido	184	204	612	ue/decisoes/2004/32004D0889.md
32004D0889	Artigo 12.º	Assistência espontânea	206	218	299	ue/decisoes/2004/32004D0889.md
32004D0889	Artigo 13.º	Forma e conteúdo dos pedidos de assistência	220	240	321	ue/decisoes/2004/32004D0889.md
32004D0889	Artigo 14.º	Execução dos pedidos	242	250	264	ue/decisoes/2004/32004D0889.md
32004D0889	Artigo 15.º	Forma de comunicação das informações	252	256	96	ue/decisoes/2004/32004D0889.md
32004D0889	Artigo 16.º	Excepções à obrigação de prestar assistência	258	272	357	ue/decisoes/2004/32004D0889.md
32004D0889	Artigo 17.º	Intercâmbio de informações e confidencialidade	274	284	573	ue/decisoes/2004/32004D0889.md
32004D0889	Artigo 18.º	Peritos e testemunhas	286	288	164	ue/decisoes/2004/32004D0889.md
32004D0889	Artigo 19.º	Despesas de assistência	290	294	146	ue/decisoes/2004/32004D0889.md
32004D0889	Artigo 20.º	Execução	298	302	188	ue/decisoes/2004/32004D0889.md
32004D0889	Artigo 21.º	Comité Misto de Cooperação Aduaneira	304	322	316	ue/decisoes/2004/32004D0889.md
32004D0889	Artigo 22.º	Entrada em vigor e vigência	324	328	145	ue/decisoes/2004/32004D0889.md
32004D0889	Artigo 23.º	Textos autênticos	330	420	487	ue/decisoes/2004/32004D0889.md
32004D0891	Preâmbulo		18	54	901	ue/decisoes/2004/32004D0891.md
32004D0891	Artigo único		58	82	328	ue/decisoes/2004/32004D0891.md
32004D0893	Preâmbulo		18	40	506	ue/decisoes/2004/32004D0893.md
32004D0893	Artigo 1.º		44	52	256	ue/decisoes/2004/32004D0893.md
32004D0893	Artigo 2.º		54	62	150	ue/decisoes/2004/32004D0893.md
32004D0893	Artigo 3.º		64	70	152	ue/decisoes/2004/32004D0893.md
32004D0893	Artigo 4.º		72	74	48	ue/decisoes/2004/32004D0893.md
32004D0893	Artigo 5.º		76	90	115	ue/decisoes/2004/32004D0893.md
32004D0893	ANEXO		92	96	34	ue/decisoes/2004/32004D0893.md
32004D0894	Preâmbulo		18	40	497	ue/decisoes/2004/32004D0894.md
32004D0894	Artigo 1.º		44	52	192	ue/decisoes/2004/32004D0894.md
32004D0894	Artigo 2.º		54	62	150	ue/decisoes/2004/32004D0894.md
32004D0894	Artigo 3.º		64	70	153	ue/decisoes/2004/32004D0894.md
32004D0894	Artigo 4.º		72	74	48	ue/decisoes/2004/32004D0894.md
32004D0894	Artigo 5.º		76	90	108	ue/decisoes/2004/32004D0894.md
32004D0894	ANEXO		92	96	56	ue/decisoes/2004/32004D0894.md
32004D0895	Preâmbulo		18	36	260	ue/decisoes/2004/32004D0895.md
32004D0895	Artigo 1.º		40	44	56	ue/decisoes/2004/32004D0895.md
32004D0895	Artigo 2.º		46	84	520	ue/decisoes/2004/32004D0895.md
32004D0895	Artigo 1.º		86	92	146	ue/decisoes/2004/32004D0895.md
32004D0895	Artigo 2.º		94	108	498	ue/decisoes/2004/32004D0895.md
32004D0895	Artigo 3.º		110	114	175	ue/decisoes/2004/32004D0895.md
32004D0895	Artigo 4.º		116	136	768	ue/decisoes/2004/32004D0895.md
32004D0895	Artigo 5.º		138	146	395	ue/decisoes/2004/32004D0895.md
32004D0895	Artigo 6.º		148	154	208	ue/decisoes/2004/32004D0895.md
32004D0895	Artigo 7.º		156	160	225	ue/decisoes/2004/32004D0895.md
32004D0895	Artigo 8.º		162	166	203	ue/decisoes/2004/32004D0895.md
32004D0895	Artigo 9.º		168	182	296	ue/decisoes/2004/32004D0895.md
32004D0895	Artigo 10.º		184	192	231	ue/decisoes/2004/32004D0895.md
32004D0895	Artigo 11.º		194	288	350	ue/decisoes/2004/32004D0895.md
32004D0895	ANEXO I		290	742	825	ue/decisoes/2004/32004D0895.md
32004D0895	ANEXO II		744	798	1366	ue/decisoes/2004/32004D0895.md
32004D0895	Artigo 1.º		802	820	509	ue/decisoes/2004/32004D0895.md
32004D0895	Artigo 2.º		824	828	135	ue/decisoes/2004/32004D0895.md
32004D0895	Artigo 3.º		830	832	110	ue/decisoes/2004/32004D0895.md
32004D0895	Artigo 4.º		834	836	76	ue/decisoes/2004/32004D0895.md
32004D0895	Artigo 5.º		842	844	61	ue/decisoes/2004/32004D0895.md
32004D0895	Artigo 6.º		846	850	96	ue/decisoes/2004/32004D0895.md
32004D0895	Artigo 7.º		852	854	41	ue/decisoes/2004/32004D0895.md
32004D0895	Artigo 8.º		856	860	103	ue/decisoes/2004/32004D0895.md
32004D0895	Artigo 9.º		862	864	58	ue/decisoes/2004/32004D0895.md
32004D0895	Artigo 10.º		868	872	139	ue/decisoes/2004/32004D0895.md
32004D0895	Artigo 11.º		874	880	217	ue/decisoes/2004/32004D0895.md
32004D0895	Artigo 12.º		882	884	149	ue/decisoes/2004/32004D0895.md
32004D0895	Artigo 13.º		888	933	548	ue/decisoes/2004/32004D0895.md
32004D0895	Artigo 14.º		935	937	50	ue/decisoes/2004/32004D0895.md
32004D0895	Artigo 15.º		939	943	146	ue/decisoes/2004/32004D0895.md
32004D0895	Artigo 16.º		947	949	59	ue/decisoes/2004/32004D0895.md
32004D0895	Artigo 17.º		951	953	76	ue/decisoes/2004/32004D0895.md
32004D0895	Artigo 18.º		955	957	93	ue/decisoes/2004/32004D0895.md
32004D0895	Artigo 19.º		959	971	586	ue/decisoes/2004/32004D0895.md
32004D0895	Artigo 20.º		973	1015	557	ue/decisoes/2004/32004D0895.md
32004D0896	Preâmbulo		18	38	358	ue/decisoes/2004/32004D0896.md
32004D0896	Artigo 1.º		42	46	184	ue/decisoes/2004/32004D0896.md
32004D0896	Artigo 2.º		48	197	1897	ue/decisoes/2004/32004D0896.md
32004D0896	Artigo 1.º		201	203	195	ue/decisoes/2004/32004D0896.md
32004D0896	Artigo 2.º		205	207	108	ue/decisoes/2004/32004D0896.md
32004D0896	Artigo 3.º	Produtos agrícolas no sentido restrito	213	230	405	ue/decisoes/2004/32004D0896.md
32004D0896	Artigo 4.º	Produtos da pesca	232	238	151	ue/decisoes/2004/32004D0896.md
32004D0896	Artigo 5.º	Produtos agrícolas transformados	240	250	194	ue/decisoes/2004/32004D0896.md
32004D0896	«Artigo 4.º		252	254	98	ue/decisoes/2004/32004D0896.md
32004D0896	Artigo 6.º	Acordo sobre os vinhos	256	258	188	ue/decisoes/2004/32004D0896.md
32004D0896	Artigo 7.º		262	400	1197	ue/decisoes/2004/32004D0896.md
32004D0896	Artigo 8.º		402	408	87	ue/decisoes/2004/32004D0896.md
32004D0896	Artigo 9.º		410	424	226	ue/decisoes/2004/32004D0896.md
32004D0896	Artigo 10.º	OMC	430	432	64	ue/decisoes/2004/32004D0896.md
32004D0896	Artigo 11.º	Prova de origem e cooperação administrativa	434	454	621	ue/decisoes/2004/32004D0896.md
32004D0896	Artigo 12.º	Mercadorias em trânsito	456	460	204	ue/decisoes/2004/32004D0896.md
32004D0896	Artigo 13.º	Contingentes em 2004	462	464	70	ue/decisoes/2004/32004D0896.md
32004D0896	Artigo 14.º		470	472	23	ue/decisoes/2004/32004D0896.md
32004D0896	Artigo 15.º		474	478	114	ue/decisoes/2004/32004D0896.md
32004D0896	Artigo 16.º		480	486	170	ue/decisoes/2004/32004D0896.md
32004D0896	Artigo 17.º		488	490	33	ue/decisoes/2004/32004D0896.md
32004D0896	Artigo 18.º		492	494	97	ue/decisoes/2004/32004D0896.md
32004D0896	ANEXO I	«ANEXO IV(a)	496	523	426	ue/decisoes/2004/32004D0896.md
32004D0896	ANEXO II	«ANEXO IV (b)	525	558	1050	ue/decisoes/2004/32004D0896.md
32004D0896	ANEXO III	«ANEXO IV (c)	560	571	156	ue/decisoes/2004/32004D0896.md
32004D0896	ANEXO IV	«ANEXO IV (d)	573	1155	944	ue/decisoes/2004/32004D0896.md
32004D0896	ANEXO V	«ANEXO II	1157	1536	12749	ue/decisoes/2004/32004D0896.md
32004D0896	ANEXO VI	«ANEXO III	1538	1552	212	ue/decisoes/2004/32004D0896.md
32004D0896	ANEXO VII		1554	1562	210	ue/decisoes/2004/32004D0896.md
32004D0896	ANEXO VIII	«ANEXO I	1564	1782	4264	ue/decisoes/2004/32004D0896.md
32004D0896	ANEXO IX	«ANEXO II	1784	2390	41228	ue/decisoes/2004/32004D0896.md
32004D0896	ANEXO X	«ANEXO IV	2392	2496	1416	ue/decisoes/2004/32004D0896.md
32004D0897	Preâmbulo		18	90	473	ue/decisoes/2004/32004D0897.md
32004D0897	Artigo 1.º		94	100	206	ue/decisoes/2004/32004D0897.md
32004D0897	Artigo 2.º		102	122	134	ue/decisoes/2004/32004D0897.md
32004D0897	Artigo 1.º	Objecto	124	128	205	ue/decisoes/2004/32004D0897.md
32004D0897	Artigo 2.º	Divulgação voluntária da informação	130	146	447	ue/decisoes/2004/32004D0897.md
32004D0897	Artigo 3.º	Base de incidência da retenção na fonte	148	160	356	ue/decisoes/2004/32004D0897.md
32004D0897	Artigo 4.º	Definição de beneficiário efectivo	162	172	310	ue/decisoes/2004/32004D0897.md
32004D0897	Artigo 5.º	Identidade e residência dos beneficiários efectivos	174	176	263	ue/decisoes/2004/32004D0897.md
32004D0897	Artigo 6.º	Definição de agente pagador	178	180	180	ue/decisoes/2004/32004D0897.md
32004D0897	Artigo 7.º	Definição de pagamento de juros	182	214	962	ue/decisoes/2004/32004D0897.md
32004D0897	Artigo 8.º	Repartição das receitas	216	220	108	ue/decisoes/2004/32004D0897.md
32004D0897	Artigo 9.º	Eliminação da dupla tributação	222	228	418	ue/decisoes/2004/32004D0897.md
32004D0897	Artigo 10.º	Troca de informações	230	246	646	ue/decisoes/2004/32004D0897.md
32004D0897	Artigo 11.º	Autoridades competentes	248	250	38	ue/decisoes/2004/32004D0897.md
32004D0897	Artigo 12.º	Consulta	252	254	142	ue/decisoes/2004/32004D0897.md
32004D0897	Artigo 13.º	Revisão	256	264	295	ue/decisoes/2004/32004D0897.md
32004D0897	Artigo 14.º	Relações com convenções bilaterais de prevenção da dupla tributação	266	268	68	ue/decisoes/2004/32004D0897.md
32004D0897	Artigo 15.º	Disposições transitórias para os títulos de dívida negociáveis [^1]	270	294	718	ue/decisoes/2004/32004D0897.md
32004D0897	Artigo 16.º	Assinatura, entrada em vigor e validade	296	304	255	ue/decisoes/2004/32004D0897.md
32004D0897	Artigo 17.º	Aplicação e suspensão da aplicação	306	314	468	ue/decisoes/2004/32004D0897.md
32004D0897	Artigo 18.º	Direitos e regularização final	316	320	91	ue/decisoes/2004/32004D0897.md
32004D0897	Artigo 19.º	Âmbito de aplicação territorial	322	324	62	ue/decisoes/2004/32004D0897.md
32004D0897	Artigo 20.º	Anexos	326	332	111	ue/decisoes/2004/32004D0897.md
32004D0897	Artigo 21.º	Línguas	334	468	1098	ue/decisoes/2004/32004D0897.md
32004D0897	ANEXO I		470	526	796	ue/decisoes/2004/32004D0897.md
32004D0897	ANEXO II		528	980	3310	ue/decisoes/2004/32004D0897.md
32004D0903	Preâmbulo		18	90	480	ue/decisoes/2004/32004D0903.md
32004D0903	Artigo 1.º		94	100	203	ue/decisoes/2004/32004D0903.md
32004D0903	Artigo 2.º		102	120	102	ue/decisoes/2004/32004D0903.md
32004D0903	Artigo 1.º	Objectivo	122	126	215	ue/decisoes/2004/32004D0903.md
32004D0903	Artigo 2.º	Definição de beneficiário efectivo	128	138	327	ue/decisoes/2004/32004D0903.md
32004D0903	Artigo 3.º	Identidade e residência dos beneficiários efectivos	140	142	284	ue/decisoes/2004/32004D0903.md
32004D0903	Artigo 4.º	Definição de agente pagador	144	146	125	ue/decisoes/2004/32004D0903.md
32004D0903	Artigo 5.º	Definição de autoridade competente	148	152	117	ue/decisoes/2004/32004D0903.md
32004D0903	Artigo 6.º	Definição de pagamento de juros	154	192	1182	ue/decisoes/2004/32004D0903.md
32004D0903	Artigo 7.º	Retenção na fonte	194	212	587	ue/decisoes/2004/32004D0903.md
32004D0903	Artigo 8.º	Repartição das receitas	214	220	139	ue/decisoes/2004/32004D0903.md
32004D0903	Artigo 9.º	Divulgação voluntária da informação	222	236	381	ue/decisoes/2004/32004D0903.md
32004D0903	Artigo 10.º	Eliminação da dupla tributação	238	246	423	ue/decisoes/2004/32004D0903.md
32004D0903	Artigo 11.º	Disposições transitórias para os títulos de dívida negociáveis	248	272	723	ue/decisoes/2004/32004D0903.md
32004D0903	Artigo 12.º	Outras retenções na fonte — Relações com outros acordos	274	278	123	ue/decisoes/2004/32004D0903.md
32004D0903	Artigo 13.º	Troca de informações mediante pedido	280	314	880	ue/decisoes/2004/32004D0903.md
32004D0903	Artigo 14.º	Confidencialidade	316	318	221	ue/decisoes/2004/32004D0903.md
32004D0903	Artigo 15.º	Consulta e revisão	320	330	434	ue/decisoes/2004/32004D0903.md
32004D0903	Artigo 16.º	Assinatura, entrada em vigor e cessação de vigência	332	340	236	ue/decisoes/2004/32004D0903.md
32004D0903	Artigo 17.º	Aplicação e suspensão da aplicação	342	350	458	ue/decisoes/2004/32004D0903.md
32004D0903	Artigo 18.º	Direitos e regularização final	352	356	90	ue/decisoes/2004/32004D0903.md
32004D0903	Artigo 19.º	Âmbito de aplicação territorial	358	360	61	ue/decisoes/2004/32004D0903.md
32004D0903	Artigo 20.º	Anexos	362	368	110	ue/decisoes/2004/32004D0903.md
32004D0903	Artigo 21.º	Línguas	370	502	1057	ue/decisoes/2004/32004D0903.md
32004D0903	ANEXO I		504	560	799	ue/decisoes/2004/32004D0903.md
32004D0903	ANEXO II		562	933	3235	ue/decisoes/2004/32004D0903.md
32004D0907	Preâmbulo		18	46	861	ue/decisoes/2004/32004D0907.md
32004D0907	Artigo único		50	62	230	ue/decisoes/2004/32004D0907.md
32004D0911	Preâmbulo		18	96	601	ue/decisoes/2004/32004D0911.md
32004D0911	Artigo 1.º		100	104	107	ue/decisoes/2004/32004D0911.md
32004D0911	Artigo 2.º		106	108	81	ue/decisoes/2004/32004D0911.md
32004D0911	Artigo 3.º		110	112	72	ue/decisoes/2004/32004D0911.md
32004D0911	Artigo 4.º		114	116	34	ue/decisoes/2004/32004D0911.md
32004D0911	Artigo 5.º		118	146	168	ue/decisoes/2004/32004D0911.md
32004D0911	Artigo 1.º	Retenção na fonte pelos agentes pagadores suíços	148	160	610	ue/decisoes/2004/32004D0911.md
32004D0911	Artigo 2.º	Divulgação voluntária da informação	162	178	436	ue/decisoes/2004/32004D0911.md
32004D0911	Artigo 3.º	Base de incidência da retenção na fonte	180	194	351	ue/decisoes/2004/32004D0911.md
32004D0911	Artigo 4.º	Definição de beneficiário efectivo	196	206	310	ue/decisoes/2004/32004D0911.md
32004D0911	Artigo 5.º	Identidade e residência dos beneficiários efectivos	208	210	258	ue/decisoes/2004/32004D0911.md
32004D0911	Artigo 6.º	Definição de agente pagador	212	214	160	ue/decisoes/2004/32004D0911.md
32004D0911	Artigo 7.º	Definição de pagamento de juros	216	252	1070	ue/decisoes/2004/32004D0911.md
32004D0911	Artigo 8.º	Repartição das receitas	254	258	104	ue/decisoes/2004/32004D0911.md
32004D0911	Artigo 9.º	Eliminação da dupla tributação	260	266	408	ue/decisoes/2004/32004D0911.md
32004D0911	Artigo 10.º	Troca de informações	268	284	534	ue/decisoes/2004/32004D0911.md
32004D0911	Artigo 11.º	Autoridades competentes.	286	288	39	ue/decisoes/2004/32004D0911.md
32004D0911	Artigo 12.º	Consulta	290	292	140	ue/decisoes/2004/32004D0911.md
32004D0911	Artigo 13.º	Revisão	294	302	295	ue/decisoes/2004/32004D0911.md
32004D0911	Artigo 14.º	Relações com convenções bilaterais de prevenção da dupla tributação	304	306	66	ue/decisoes/2004/32004D0911.md
32004D0911	Artigo 15.º	Pagamento de dividendos, juros e royalties entre empresas.	308	334	818	ue/decisoes/2004/32004D0911.md
32004D0911	Artigo 16.º	Disposições transitórias para os títulos de dívida negociáveis [^2]	336	360	712	ue/decisoes/2004/32004D0911.md
32004D0911	Artigo 17.º	Assinatura, entrada em vigor e validade	362	370	254	ue/decisoes/2004/32004D0911.md
32004D0911	Artigo 18.º	Aplicação e suspensão da aplicação	372	382	628	ue/decisoes/2004/32004D0911.md
32004D0911	Artigo 19.º	Direitos e regularização final	384	388	89	ue/decisoes/2004/32004D0911.md
32004D0911	Artigo 20.º	Âmbito de aplicação territorial	390	392	60	ue/decisoes/2004/32004D0911.md
32004D0911	Artigo 21.º	Anexos	394	400	119	ue/decisoes/2004/32004D0911.md
32004D0911	Artigo 22.º	Línguas	402	552	1249	ue/decisoes/2004/32004D0911.md
32004D0911	ANEXO I		554	610	819	ue/decisoes/2004/32004D0911.md
32004D0911	ANEXO II		612	990	2564	ue/decisoes/2004/32004D0911.md
32004D0912	Preâmbulo		18	38	564	ue/decisoes/2004/32004D0912.md
32004D0912	Artigo 1.º		42	46	124	ue/decisoes/2004/32004D0912.md
32004D0912	Artigo 2.º		48	240	2284	ue/decisoes/2004/32004D0912.md
32004D0919	Preâmbulo		18	56	770	ue/decisoes/2004/32004D0919.md
32004D0919	Artigo 1.º	Definições	60	66	121	ue/decisoes/2004/32004D0919.md
32004D0919	Artigo 2.º	Objectivo	68	72	100	ue/decisoes/2004/32004D0919.md
32004D0919	Artigo 3.º	Cooperação entre autoridades nacionais competentes	74	78	126	ue/decisoes/2004/32004D0919.md
32004D0919	Artigo 4.º	Cooperação entre as autoridades competentes e o sector privado	80	84	182	ue/decisoes/2004/32004D0919.md
32004D0919	Artigo 5.º	Pontos de contacto para a criminalidade automóvel	86	92	222	ue/decisoes/2004/32004D0919.md
32004D0919	Artigo 6.º	Indicações de furto de veículos e de certificados de registo automóvel	94	100	188	ue/decisoes/2004/32004D0919.md
32004D0919	Artigo 7.º	Registo	102	106	119	ue/decisoes/2004/32004D0919.md
32004D0919	Artigo 8.º	Prevenção do uso indevido de certificados de registo automóvel	108	114	230	ue/decisoes/2004/32004D0919.md
32004D0919	Artigo 9.º	Europol	116	118	62	ue/decisoes/2004/32004D0919.md
32004D0919	Artigo 10.º	Formação e promoção de saber especializado	120	122	128	ue/decisoes/2004/32004D0919.md
32004D0919	Artigo 11.º	Reunião dos pontos de contacto e relatório anual ao Conselho	124	126	110	ue/decisoes/2004/32004D0919.md
32004D0919	Artigo 12.º	Avaliação	128	130	28	ue/decisoes/2004/32004D0919.md
32004D0919	Artigo 13.º	Produção de efeitos	132	146	155	ue/decisoes/2004/32004D0919.md
32004D0920	Preâmbulo		18	44	731	ue/decisoes/2004/32004D0920.md
32004D0920	Artigo 1.º		48	50	69	ue/decisoes/2004/32004D0920.md
32004D0920	Artigo 2.º		52	54	93	ue/decisoes/2004/32004D0920.md
32004D0920	Artigo 3.º		56	58	48	ue/decisoes/2004/32004D0920.md
32004D0920	Artigo 4.º		60	72	83	ue/decisoes/2004/32004D0920.md
32004D0921	Preâmbulo		18	38	402	ue/decisoes/2004/32004D0921.md
32004D0921	Artigo único		42	56	240	ue/decisoes/2004/32004D0921.md
32004D0923	Preâmbulo		18	42	595	ue/decisoes/2004/32004D0923.md
32004D0923	Artigo 1.º		46	48	28	ue/decisoes/2004/32004D0923.md
32004D0923	Artigo 2.º		50	146	987	ue/decisoes/2004/32004D0923.md
32004D0923	Artigo 3.º		148	164	100	ue/decisoes/2004/32004D0923.md
32004D0923	ANEXO		166	239	945	ue/decisoes/2004/32004D0923.md
32004D0923	ANEXO II		241	264	212	ue/decisoes/2004/32004D0923.md
32004D0924	Preâmbulo		18	38	321	ue/decisoes/2004/32004D0924.md
32004D0924	Artigo 1.º		42	46	64	ue/decisoes/2004/32004D0924.md
32004D0924	Artigo 2.º		48	50	39	ue/decisoes/2004/32004D0924.md
32004D0924	Artigo 3.º		52	54	19	ue/decisoes/2004/32004D0924.md
32004D0924	Artigo 4.º		56	94	384	ue/decisoes/2004/32004D0924.md
32004D0924	Artigo 1.º	Âmbito de aplicação e definições	96	112	356	ue/decisoes/2004/32004D0924.md
32004D0924	Artigo 2.º	Disposições gerais	114	122	220	ue/decisoes/2004/32004D0924.md
32004D0924	Artigo 3.º	Identificação	124	130	168	ue/decisoes/2004/32004D0924.md
32004D0924	Artigo 4.º	Passagem das fronteiras, circulação e presença no território da parte anfitriã	132	148	667	ue/decisoes/2004/32004D0924.md
32004D0924	Artigo 5.º	Imunidades e privilégios da Eujust Themis	150	166	446	ue/decisoes/2004/32004D0924.md
32004D0924	Artigo 6.º	Imunidades e privilégios do pessoal da Eujust Themis	168	176	469	ue/decisoes/2004/32004D0924.md
32004D0924	Artigo 7.º	Pessoal contratado localmente pela Eujust Themis	178	180	93	ue/decisoes/2004/32004D0924.md
32004D0924	Artigo 8.º	Segurança	182	186	170	ue/decisoes/2004/32004D0924.md
32004D0924	Artigo 9.º	Cooperação e acesso à informação	188	200	199	ue/decisoes/2004/32004D0924.md
32004D0924	Artigo 10.º	Apoio da parte anfitriã e celebração de contratos	202	210	190	ue/decisoes/2004/32004D0924.md
32004D0924	Artigo 11.º	Morte de funcionários da Eujust Themis	212	216	136	ue/decisoes/2004/32004D0924.md
32004D0924	Artigo 12.º	Comunicações	218	220	54	ue/decisoes/2004/32004D0924.md
32004D0924	Artigo 13.º	Pedidos de indemnização por morte, ferimento, perdas ou danos	222	226	262	ue/decisoes/2004/32004D0924.md
32004D0924	Artigo 14.º	Litígios	228	232	114	ue/decisoes/2004/32004D0924.md
32004D0924	Artigo 15.º	Outras disposições	234	238	147	ue/decisoes/2004/32004D0924.md
32004D0924	Artigo 16.º	Convénios adicionais	240	242	51	ue/decisoes/2004/32004D0924.md
32004D0924	Artigo 17.º	Entrada em vigor e caducidade	244	264	266	ue/decisoes/2004/32004D0924.md
32004D0926	Artigo 1.º		60	74	324	ue/decisoes/2004/32004D0926.md
32004D0926	Artigo 2.º		76	78	147	ue/decisoes/2004/32004D0926.md
32004D0926	Artigo 3.º		80	82	31	ue/decisoes/2004/32004D0926.md
32004D0926	ANEXO I		84	112	736	ue/decisoes/2004/32004D0926.md
32004D0926	ANEXO II		114	120	189	ue/decisoes/2004/32004D0926.md
32004D0926	ANEXO III		122	182	1460	ue/decisoes/2004/32004D0926.md
32004D0927	Preâmbulo		18	54	1437	ue/decisoes/2004/32004D0927.md
32004D0927	Artigo 1.º		58	62	106	ue/decisoes/2004/32004D0927.md
32004D0927	Artigo 2.º		64	66	73	ue/decisoes/2004/32004D0927.md
32004D0927	Artigo 3.º		68	86	272	ue/decisoes/2004/32004D0927.md
32004D0929	Preâmbulo		18	34	374	ue/decisoes/2004/32004D0929.md
32004D0929	Artigo único		38	54	262	ue/decisoes/2004/32004D0929.md
32004D0929	ANEXO		56	87	200	ue/decisoes/2004/32004D0929.md
32004D0930	Preâmbulo		18	38	430	ue/decisoes/2004/32004D0930.md
32004D0930	Artigo 1.º	Objecto	42	44	77	ue/decisoes/2004/32004D0930.md
32004D0930	Artigo 2.º	Dispositivos electrónicos de localização	46	54	265	ue/decisoes/2004/32004D0930.md
32004D0930	Artigo 3.º	Novas tecnologias e redes informáticas	56	58	180	ue/decisoes/2004/32004D0930.md
32004D0930	Artigo 4.º º	Projectos-piloto relativos às novas tecnologias	60	64	156	ue/decisoes/2004/32004D0930.md
32004D0930	Artigo 5.º	Formação	66	68	73	ue/decisoes/2004/32004D0930.md
32004D0930	Artigo 6.º	Regimes piloto de inspecção e de observadores	70	74	138	ue/decisoes/2004/32004D0930.md
32004D0930	Artigo 7.º	Avaliação das despesas	76	78	73	ue/decisoes/2004/32004D0930.md
32004D0930	Artigo 8.º	Seminários e meios de comunicação	80	82	138	ue/decisoes/2004/32004D0930.md
32004D0930	Artigo 9.º	Navios e aeronaves utilizados na inspecção e vigilância das actividades de pesca	84	90	140	ue/decisoes/2004/32004D0930.md
32004D0930	Artigo 10.º	Pedidos de reembolso	92	94	52	ue/decisoes/2004/32004D0930.md
32004D0930	Artigo 11.º		96	114	92	ue/decisoes/2004/32004D0930.md
32004D0930	ANEXO I		116	148	191	ue/decisoes/2004/32004D0930.md
32004D0930	ANEXO II		150	182	226	ue/decisoes/2004/32004D0930.md
32004D0930	ANEXO III		184	216	196	ue/decisoes/2004/32004D0930.md
32004D0930	ANEXO IV		218	250	221	ue/decisoes/2004/32004D0930.md
32004D0930	ANEXO V		252	284	195	ue/decisoes/2004/32004D0930.md
32004D0930	ANEXO VI		286	318	186	ue/decisoes/2004/32004D0930.md
32004D0930	ANEXO VII		320	352	200	ue/decisoes/2004/32004D0930.md
32004D0930	ANEXO VIII		354	386	229	ue/decisoes/2004/32004D0930.md
32004D0931	Preâmbulo		18	32	195	ue/decisoes/2004/32004D0931.md
32004D0931	Artigo 1.º		36	38	72	ue/decisoes/2004/32004D0931.md
32004D0931	Artigo 2.º		40	54	72	ue/decisoes/2004/32004D0931.md
