celex	unidade	epigrafe	linha_ini	linha_fim	tokens	ficheiro
32012D0002(01)	Preâmbulo		18	40	668	ue/decisoes/2012/32012D0002(01).md
32012D0002(01)	Artigo 1.º	Revogação da Decisão BCE/2010/3	44	46	25	ue/decisoes/2012/32012D0002(01).md
32012D0002(01)	Artigo 2.º	Entrada em vigor	48	60	66	ue/decisoes/2012/32012D0002(01).md
32012D0003	Preâmbulo		18	30	237	ue/decisoes/2012/32012D0003.md
32012D0003	Artigo 1.º		34	42	142	ue/decisoes/2012/32012D0003.md
32012D0003	Artigo 2.º		44	62	64	ue/decisoes/2012/32012D0003.md
32012D0004	Preâmbulo		18	42	514	ue/decisoes/2012/32012D0004.md
32012D0004	Artigo 1.º		46	48	58	ue/decisoes/2012/32012D0004.md
32012D0004	Artigo 2.º		50	70	74	ue/decisoes/2012/32012D0004.md
32012D0006	Preâmbulo		18	38	301	ue/decisoes/2012/32012D0006.md
32012D0006	Artigo 1.º		42	44	54	ue/decisoes/2012/32012D0006.md
32012D0006	Artigo 2.º		46	66	74	ue/decisoes/2012/32012D0006.md
32012D0007	Preâmbulo		18	42	509	ue/decisoes/2012/32012D0007.md
32012D0007	Artigo 1.º		46	48	58	ue/decisoes/2012/32012D0007.md
32012D0007	Artigo 2.º		50	70	74	ue/decisoes/2012/32012D0007.md
32012D0008	Preâmbulo		18	34	330	ue/decisoes/2012/32012D0008.md
32012D0008	Artigo 1.º		38	40	102	ue/decisoes/2012/32012D0008.md
32012D0008	Artigo 2.º		42	52	40	ue/decisoes/2012/32012D0008.md
32012D0014(01)	Preâmbulo		22	46	786	ue/decisoes/2012/32012D0014(01).md
32012D0014(01)	Artigo 1.º	Revogação da Decisão BCE/2012/3	50	52	25	ue/decisoes/2012/32012D0014(01).md
32012D0014(01)	Artigo 2.º	Entrada em vigor	54	66	64	ue/decisoes/2012/32012D0014(01).md
32012D0015	Preâmbulo		18	34	295	ue/decisoes/2012/32012D0015.md
32012D0015	Artigo 1.º		38	40	90	ue/decisoes/2012/32012D0015.md
32012D0015	Artigo 2.º		42	46	98	ue/decisoes/2012/32012D0015.md
32012D0015	Artigo 3.º		48	50	18	ue/decisoes/2012/32012D0015.md
32012D0015	Artigo 4.º		52	66	66	ue/decisoes/2012/32012D0015.md
32012D0015	ANEXO		68	80	214	ue/decisoes/2012/32012D0015.md
32012D0016	Preâmbulo		18	42	487	ue/decisoes/2012/32012D0016.md
32012D0016	Artigo 1.º		46	48	58	ue/decisoes/2012/32012D0016.md
32012D0016	Artigo 2.º		50	70	74	ue/decisoes/2012/32012D0016.md
32012D0017	Preâmbulo		18	44	506	ue/decisoes/2012/32012D0017.md
32012D0017	Artigo 1.º		48	50	53	ue/decisoes/2012/32012D0017.md
32012D0017	Artigo 2.º		52	62	40	ue/decisoes/2012/32012D0017.md
32012D0017(01)	Preâmbulo		18	32	291	ue/decisoes/2012/32012D0017(01).md
32012D0017(01)	Artigo 1.º	Revogação da Decisão BCE/2011/25	36	40	64	ue/decisoes/2012/32012D0017(01).md
32012D0017(01)	Artigo 2.º	Entrada em vigor	42	54	68	ue/decisoes/2012/32012D0017(01).md
32012D0018	Preâmbulo		18	44	406	ue/decisoes/2012/32012D0018.md
32012D0018	Artigo 1.º		48	50	47	ue/decisoes/2012/32012D0018.md
32012D0018	Artigo 2.º		52	62	40	ue/decisoes/2012/32012D0018.md
32012D0019	Preâmbulo		18	36	318	ue/decisoes/2012/32012D0019.md
32012D0019	Artigo 1.º		40	44	102	ue/decisoes/2012/32012D0019.md
32012D0019	Artigo 2.º		46	48	42	ue/decisoes/2012/32012D0019.md
32012D0019	Artigo 3.º		50	70	496	ue/decisoes/2012/32012D0019.md
32012D0019(01)	Preâmbulo		22	42	539	ue/decisoes/2012/32012D0019(01).md
32012D0019(01)	Artigo 1.º	Alterações	46	61	337	ue/decisoes/2012/32012D0019(01).md
32012D0019(01)	«Artigo 6.º	Deteção de notas de euro impróprias para circulação	63	85	600	ue/decisoes/2012/32012D0019(01).md
32012D0019(01)	«Artigo 13.º	Disposições finais	87	93	108	ue/decisoes/2012/32012D0019(01).md
32012D0019(01)	Artigo 2.º	Entrada em vigor	95	105	67	ue/decisoes/2012/32012D0019(01).md
32012D0019(01)	ANEXO		107	468	7498	ue/decisoes/2012/32012D0019(01).md
32012D0020	Preâmbulo		18	32	263	ue/decisoes/2012/32012D0020.md
32012D0020	Artigo 1.º		36	38	120	ue/decisoes/2012/32012D0020.md
32012D0020	Artigo 2.º		40	42	46	ue/decisoes/2012/32012D0020.md
32012D0020	Artigo 3.º		44	56	52	ue/decisoes/2012/32012D0020.md
32012D0020	ANEXO		58	80	441	ue/decisoes/2012/32012D0020.md
32012D0022	Artigo 1.º		70	74	100	ue/decisoes/2012/32012D0022.md
32012D0022	Artigo 2.º		76	96	832	ue/decisoes/2012/32012D0022.md
32012D0022	Artigo 3.º		98	100	28	ue/decisoes/2012/32012D0022.md
32012D0022	Artigo 4.º		102	106	102	ue/decisoes/2012/32012D0022.md
32012D0022	ANEXO		108	110	5	ue/decisoes/2012/32012D0022.md
32012D0022	PROTOCOLO DE 2002 À CONVENÇÃO DE ATENAS DE 1974 RELATIVA AO TRANSPORTE DE PASSAGEIROS E BAGAGENS POR MAR		112	366	5798	ue/decisoes/2012/32012D0022.md
32012D0022	Artigo 1.º		124	132	74	ue/decisoes/2012/32012D0022.md
32012D0022	Artigo 2.º		134	144	163	ue/decisoes/2012/32012D0022.md
32012D0022	Artigo 3.º		146	154	70	ue/decisoes/2012/32012D0022.md
32012D0022	Artigo 4.º		156	192	869	ue/decisoes/2012/32012D0022.md
32012D0022	Artigo 5.º		194	254	2232	ue/decisoes/2012/32012D0022.md
32012D0022	Artigo 6.º		256	266	248	ue/decisoes/2012/32012D0022.md
32012D0022	Artigo 7.º		268	282	278	ue/decisoes/2012/32012D0022.md
32012D0022	Artigo 8.º		284	296	592	ue/decisoes/2012/32012D0022.md
32012D0022	Artigo 9.º		298	306	173	ue/decisoes/2012/32012D0022.md
32012D0022	Artigo 10.º		308	310	9	ue/decisoes/2012/32012D0022.md
32012D0022	Artigo 11.º		312	314	9	ue/decisoes/2012/32012D0022.md
32012D0022	Artigo 12.º		316	324	227	ue/decisoes/2012/32012D0022.md
32012D0022	Artigo 13.º		326	338	261	ue/decisoes/2012/32012D0022.md
32012D0022	Artigo 14.º	Modelo de certificado	340	348	77	ue/decisoes/2012/32012D0022.md
32012D0022	Artigo 15.º	Interpretação e aplicação	350	356	172	ue/decisoes/2012/32012D0022.md
32012D0022	Artigo 16.º		358	366	110	ue/decisoes/2012/32012D0022.md
32012D0022	Artigo 17.º	Assinatura, ratificação, aceitação, aprovação e adesão	370	394	452	ue/decisoes/2012/32012D0022.md
32012D0022	Artigo 18.º	Estados em que vigora mais de uma ordem jurídica	396	408	379	ue/decisoes/2012/32012D0022.md
32012D0022	Artigo 19.º	Organizações regionais de integração económica	410	420	610	ue/decisoes/2012/32012D0022.md
32012D0022	Artigo 20.º	Entrada em vigor	422	426	168	ue/decisoes/2012/32012D0022.md
32012D0022	Artigo 21.º	Denúncia	428	436	173	ue/decisoes/2012/32012D0022.md
32012D0022	Artigo 22.º	Revisão e alteração	438	442	82	ue/decisoes/2012/32012D0022.md
32012D0022	Artigo 23.º	Alteração dos limites	444	470	1040	ue/decisoes/2012/32012D0022.md
32012D0022	Artigo 24.º	Depositário	472	498	414	ue/decisoes/2012/32012D0022.md
32012D0022	Artigo 25.º	Línguas	500	502	46	ue/decisoes/2012/32012D0022.md
32012D0022	ANEXO AO PROTOCOLO DE ATENAS		504	508	461	ue/decisoes/2012/32012D0022.md
32012D0023	Artigo 1.º		70	74	76	ue/decisoes/2012/32012D0023.md
32012D0023	Artigo 2.º		76	100	940	ue/decisoes/2012/32012D0023.md
32012D0023	Artigo 3.º		102	104	28	ue/decisoes/2012/32012D0023.md
32012D0023	Artigo 4.º		106	108	57	ue/decisoes/2012/32012D0023.md
32012D0023	ANEXO		110	164	698	ue/decisoes/2012/32012D0023.md
32012D0023	Artigo 10.º		116	136	374	ue/decisoes/2012/32012D0023.md
32012D0023	Artigo 11.º		138	164	284	ue/decisoes/2012/32012D0023.md
32012D0024	Preâmbulo		18	58	904	ue/decisoes/2012/32012D0024.md
32012D0024	Artigo 1.º		62	64	58	ue/decisoes/2012/32012D0024.md
32012D0024	Artigo 2.º		66	68	15	ue/decisoes/2012/32012D0024.md
32012D0024	Artigo 3.º		70	72	68	ue/decisoes/2012/32012D0024.md
32012D0024	Artigo 4.º		74	90	83	ue/decisoes/2012/32012D0024.md
32012D0026	Preâmbulo		18	1155	63443	ue/decisoes/2012/32012D0026.md
32012D0026	«Artigo 1355.º		606	612	286	ue/decisoes/2012/32012D0026.md
32012D0026	«Artigo 1360.º		614	1155	26808	ue/decisoes/2012/32012D0026.md
32012D0026	Artigo 1.º		1159	1169	476	ue/decisoes/2012/32012D0026.md
32012D0026	Artigo 2.º		1171	1173	108	ue/decisoes/2012/32012D0026.md
32012D0026	Artigo 3.º		1175	1177	66	ue/decisoes/2012/32012D0026.md
32012D0026	Artigo 4.º		1179	1181	118	ue/decisoes/2012/32012D0026.md
32012D0026	Artigo 5.º		1183	1191	552	ue/decisoes/2012/32012D0026.md
32012D0026	Artigo 6.º		1193	1197	166	ue/decisoes/2012/32012D0026.md
32012D0026	Artigo 7.º		1199	1201	72	ue/decisoes/2012/32012D0026.md
32012D0026	Artigo 8.º		1203	1221	566	ue/decisoes/2012/32012D0026.md
32012D0026	Artigo 9.º		1223	1233	330	ue/decisoes/2012/32012D0026.md
32012D0026	Artigo 10.º		1235	1237	71	ue/decisoes/2012/32012D0026.md
32012D0026	Artigo 11.º		1239	1241	44	ue/decisoes/2012/32012D0026.md
32012D0026	Artigo 12.º		1243	1247	136	ue/decisoes/2012/32012D0026.md
32012D0026	Artigo 13.º		1249	1825	18062	ue/decisoes/2012/32012D0026.md
32012D0026(01)	Preâmbulo		18	30	156	ue/decisoes/2012/32012D0026(01).md
32012D0026(01)	Artigo 1.º	Aprovação dos volumes de emissão de moedas de euro em 2013	34	57	185	ue/decisoes/2012/32012D0026(01).md
32012D0026(01)	Artigo 2.º	Disposição final	59	67	52	ue/decisoes/2012/32012D0026(01).md
32012D0032	Preâmbulo		18	48	1480	ue/decisoes/2012/32012D0032.md
32012D0032	Artigo 1.º		52	54	47	ue/decisoes/2012/32012D0032.md
32012D0032	Artigo 2.º		56	58	62	ue/decisoes/2012/32012D0032.md
32012D0032	Artigo 3.º		60	72	52	ue/decisoes/2012/32012D0032.md
32012D0035	Artigo 1.º		74	226	3688	ue/decisoes/2012/32012D0035.md
32012D0035	Artigo 2.º		228	234	101	ue/decisoes/2012/32012D0035.md
32012D0035	Artigo 3.º		236	238	18	ue/decisoes/2012/32012D0035.md
32012D0035	ANEXO I		240	280	1302	ue/decisoes/2012/32012D0035.md
32012D0035	ANEXO II		282	286	19	ue/decisoes/2012/32012D0035.md
32012D0035	ANEXO III		288	305	346	ue/decisoes/2012/32012D0035.md
32012D0041	Preâmbulo		18	50	605	ue/decisoes/2012/32012D0041.md
32012D0041	Artigo 1.º		54	56	110	ue/decisoes/2012/32012D0041.md
32012D0041	Artigo 2.º		58	72	58	ue/decisoes/2012/32012D0041.md
32012D0041	Artigo 1.º		74	80	175	ue/decisoes/2012/32012D0041.md
32012D0041	Artigo 2.º		82	84	46	ue/decisoes/2012/32012D0041.md
32012D0041	Artigo 3.º		86	102	131	ue/decisoes/2012/32012D0041.md
32012D0041	ANEXO	À Decisão n.º …/2011 do Comité Misto do EEE	104	152	852	ue/decisoes/2012/32012D0041.md
32012D0041	Artigo 1.º	Composição	108	110	41	ue/decisoes/2012/32012D0041.md
32012D0041	Artigo 2.º	Tarefas	112	120	294	ue/decisoes/2012/32012D0041.md
32012D0041	Artigo 3.º	Presidência	122	124	64	ue/decisoes/2012/32012D0041.md
32012D0041	Artigo 4.º	Reuniões	126	136	152	ue/decisoes/2012/32012D0041.md
32012D0041	Artigo 5.º	Ordem de trabalhos	138	142	106	ue/decisoes/2012/32012D0041.md
32012D0041	Artigo 6.º	Atas	144	148	93	ue/decisoes/2012/32012D0041.md
32012D0041	Artigo 7.º	Despesas	150	152	63	ue/decisoes/2012/32012D0041.md
32012D0045	Preâmbulo		18	38	471	ue/decisoes/2012/32012D0045.md
32012D0045	Artigo 1.º		42	64	175	ue/decisoes/2012/32012D0045.md
32012D0045	Artigo 2.º		66	72	122	ue/decisoes/2012/32012D0045.md
32012D0045	Artigo 3.º		74	76	72	ue/decisoes/2012/32012D0045.md
32012D0045	Artigo 4.º		78	82	148	ue/decisoes/2012/32012D0045.md
32012D0045	Artigo 5.º		84	112	98	ue/decisoes/2012/32012D0045.md
32012D0050	Preâmbulo		18	32	110	ue/decisoes/2012/32012D0050.md
32012D0050	Artigo 1.º		36	38	21	ue/decisoes/2012/32012D0050.md
32012D0050	«Artigo 5.º		40	42	63	ue/decisoes/2012/32012D0050.md
32012D0050	Artigo 2.º		44	56	48	ue/decisoes/2012/32012D0050.md
32012D0051	Preâmbulo		18	256	9138	ue/decisoes/2012/32012D0051.md
32012D0051	Artigo 1.º		260	262	50	ue/decisoes/2012/32012D0051.md
32012D0051	Artigo 2.º		264	266	77	ue/decisoes/2012/32012D0051.md
32012D0051	Artigo 3.º		268	280	222	ue/decisoes/2012/32012D0051.md
32012D0051	Artigo 4.º		282	286	53	ue/decisoes/2012/32012D0051.md
32012D0051	Artigo 5.º		288	298	226	ue/decisoes/2012/32012D0051.md
32012D0051	Artigo 6.º		300	360	771	ue/decisoes/2012/32012D0051.md
32012D0052	Preâmbulo		18	44	1257	ue/decisoes/2012/32012D0052.md
32012D0052	Artigo 1.º		48	52	133	ue/decisoes/2012/32012D0052.md
32012D0052	Artigo 2.º		54	70	81	ue/decisoes/2012/32012D0052.md
32012D0052	ANEXO		72	108	965	ue/decisoes/2012/32012D0052.md
32012D0054	Preâmbulo		18	50	403	ue/decisoes/2012/32012D0054.md
32012D0054	Artigo 1.º		54	56	59	ue/decisoes/2012/32012D0054.md
32012D0054	Artigo 2.º		58	74	67	ue/decisoes/2012/32012D0054.md
32012D0054	Artigo 1.º		76	81	126	ue/decisoes/2012/32012D0054.md
32012D0054	Artigo 2.º		83	85	44	ue/decisoes/2012/32012D0054.md
32012D0054	Artigo 3.º		87	89	46	ue/decisoes/2012/32012D0054.md
32012D0054	Artigo 4.º		91	107	94	ue/decisoes/2012/32012D0054.md
32012D0055	Preâmbulo		18	30	108	ue/decisoes/2012/32012D0055.md
32012D0055	Artigo 1.º		34	36	69	ue/decisoes/2012/32012D0055.md
32012D0055	Artigo 2.º		38	48	92	ue/decisoes/2012/32012D0055.md
32012D0056	Preâmbulo		18	36	435	ue/decisoes/2012/32012D0056.md
32012D0056	Artigo 1.º		40	50	88	ue/decisoes/2012/32012D0056.md
32012D0056	Artigo 2.º		52	54	12	ue/decisoes/2012/32012D0056.md
32012D0056	Artigo 3.º		56	76	108	ue/decisoes/2012/32012D0056.md
32012D0057	Preâmbulo		18	26	138	ue/decisoes/2012/32012D0057.md
32012D0057	Artigo 1.º		30	41	301	ue/decisoes/2012/32012D0057.md
32012D0057	Artigo 2.º		43	59	153	ue/decisoes/2012/32012D0057.md
32012D0061	Preâmbulo		18	38	370	ue/decisoes/2012/32012D0061.md
32012D0061	Artigo 1.º		42	46	55	ue/decisoes/2012/32012D0061.md
32012D0061	Artigo 2.º		48	50	19	ue/decisoes/2012/32012D0061.md
32012D0061	Artigo 3.º		52	66	59	ue/decisoes/2012/32012D0061.md
32012D0063	Preâmbulo		18	72	1820	ue/decisoes/2012/32012D0063.md
32012D0063	Artigo 1.º		76	78	95	ue/decisoes/2012/32012D0063.md
32012D0063	Artigo 2.º		80	100	152	ue/decisoes/2012/32012D0063.md
32012D0064	Preâmbulo		18	40	432	ue/decisoes/2012/32012D0064.md
32012D0064	Artigo 1.º		44	46	30	ue/decisoes/2012/32012D0064.md
32012D0064	Artigo 2.º		48	62	106	ue/decisoes/2012/32012D0064.md
32012D0065	Preâmbulo		18	40	439	ue/decisoes/2012/32012D0065.md
32012D0065	Artigo 1.º		44	46	30	ue/decisoes/2012/32012D0065.md
32012D0065	Artigo 2.º		48	62	116	ue/decisoes/2012/32012D0065.md
32012D0066	Preâmbulo		18	40	435	ue/decisoes/2012/32012D0066.md
32012D0066	Artigo 1.º		44	46	30	ue/decisoes/2012/32012D0066.md
32012D0066	Artigo 2.º		48	62	114	ue/decisoes/2012/32012D0066.md
32012D0067	Preâmbulo		18	38	334	ue/decisoes/2012/32012D0067.md
32012D0067	Artigo 1.º		42	44	30	ue/decisoes/2012/32012D0067.md
32012D0067	Artigo 2.º		46	60	62	ue/decisoes/2012/32012D0067.md
32012D0067	ANEXO		62	200	1194	ue/decisoes/2012/32012D0067.md
32012D0068	Preâmbulo		18	38	320	ue/decisoes/2012/32012D0068.md
32012D0068	Artigo 1.º		42	44	30	ue/decisoes/2012/32012D0068.md
32012D0068	Artigo 2.º		46	60	62	ue/decisoes/2012/32012D0068.md
32012D0068	ANEXO		62	226	1183	ue/decisoes/2012/32012D0068.md
32012D0069	Preâmbulo		18	52	1853	ue/decisoes/2012/32012D0069.md
32012D0069	Artigo 1.º		56	64	82	ue/decisoes/2012/32012D0069.md
32012D0069	«Artigo 2.º		66	80	206	ue/decisoes/2012/32012D0069.md
32012D0069	«Artigo 2.º		82	90	143	ue/decisoes/2012/32012D0069.md
32012D0069	«Artigo 1.º		92	100	164	ue/decisoes/2012/32012D0069.md
32012D0069	Artigo 2.º		102	104	121	ue/decisoes/2012/32012D0069.md
32012D0069	Artigo 3.º		106	124	93	ue/decisoes/2012/32012D0069.md
32012D0071	Preâmbulo		18	52	656	ue/decisoes/2012/32012D0071.md
32012D0071	Artigo 1.º		56	58	117	ue/decisoes/2012/32012D0071.md
32012D0071	Artigo 2.º		60	72	49	ue/decisoes/2012/32012D0071.md
32012D0071	Artigo 1.º		74	78	149	ue/decisoes/2012/32012D0071.md
32012D0071	Artigo 2.º		80	82	56	ue/decisoes/2012/32012D0071.md
32012D0071	Artigo 3.º		84	96	78	ue/decisoes/2012/32012D0071.md
32012D0072	Preâmbulo		18	56	1092	ue/decisoes/2012/32012D0072.md
32012D0072	Artigo 1.º	Participação financeira da União a favor da Itália	60	64	130	ue/decisoes/2012/32012D0072.md
32012D0072	Artigo 2.º	Participação financeira da União a favor da Lituânia	66	70	130	ue/decisoes/2012/32012D0072.md
32012D0072	Artigo 3.º	Modalidades de pagamento	72	74	46	ue/decisoes/2012/32012D0072.md
32012D0072	Artigo 4.º	Destinatários	76	94	90	ue/decisoes/2012/32012D0072.md
32012D0075	Preâmbulo		18	46	772	ue/decisoes/2012/32012D0075.md
32012D0075	Artigo 1.º		50	52	40	ue/decisoes/2012/32012D0075.md
32012D0075	Artigo 2.º		54	68	66	ue/decisoes/2012/32012D0075.md
32012D0076	Preâmbulo		18	46	758	ue/decisoes/2012/32012D0076.md
32012D0076	Artigo 1.º		50	52	41	ue/decisoes/2012/32012D0076.md
32012D0076	Artigo 2.º		54	68	66	ue/decisoes/2012/32012D0076.md
32012D0077	Preâmbulo		18	42	680	ue/decisoes/2012/32012D0077.md
32012D0077	Artigo 1.º		46	48	39	ue/decisoes/2012/32012D0077.md
32012D0077	Artigo 2.º		50	52	55	ue/decisoes/2012/32012D0077.md
32012D0077	Artigo 3.º		54	70	71	ue/decisoes/2012/32012D0077.md
32012D0078	Preâmbulo		18	42	579	ue/decisoes/2012/32012D0078.md
32012D0078	Artigo 1.º		46	48	47	ue/decisoes/2012/32012D0078.md
32012D0078	Artigo 2.º		50	52	76	ue/decisoes/2012/32012D0078.md
32012D0078	Artigo 3.º		54	68	62	ue/decisoes/2012/32012D0078.md
32012D0078	ANEXO		70	120	878	ue/decisoes/2012/32012D0078.md
32012D0085	Preâmbulo		18	44	548	ue/decisoes/2012/32012D0085.md
32012D0085	Artigo 1.º		48	50	110	ue/decisoes/2012/32012D0085.md
32012D0085	Artigo 2.º		52	54	22	ue/decisoes/2012/32012D0085.md
32012D0085	Artigo 3.º		56	68	57	ue/decisoes/2012/32012D0085.md
32012D0089	Preâmbulo		18	46	610	ue/decisoes/2012/32012D0089.md
32012D0089	Artigo 1.º		50	52	74	ue/decisoes/2012/32012D0089.md
32012D0089	Artigo 2.º		54	68	175	ue/decisoes/2012/32012D0089.md
32012D0089	ANEXO		70	308	7416	ue/decisoes/2012/32012D0089.md
32012D0091	Preâmbulo		18	38	379	ue/decisoes/2012/32012D0091.md
32012D0091	Artigo 1.º		42	46	97	ue/decisoes/2012/32012D0091.md
32012D0091	Artigo 2.º		48	50	34	ue/decisoes/2012/32012D0091.md
32012D0091	Artigo 3.º		52	54	44	ue/decisoes/2012/32012D0091.md
32012D0091	Artigo 4.º		56	72	98	ue/decisoes/2012/32012D0091.md
32012D0091	Artigo 1.º	Período de aplicação e possibilidades de pesca	74	86	257	ue/decisoes/2012/32012D0091.md
32012D0091	Artigo 2.º	Contrapartida financeira – Modalidades de pagamento	88	108	596	ue/decisoes/2012/32012D0091.md
32012D0091	Artigo 3.º	Promoção da uma pesca responsável e sustentável nas águas de Moçambique	110	122	396	ue/decisoes/2012/32012D0091.md
32012D0091	Artigo 4.º	Cooperação científica para uma pesca responsável	124	134	348	ue/decisoes/2012/32012D0091.md
32012D0091	Artigo 5.º	Ajustamento das possibilidades de pesca de comum acordo	136	142	196	ue/decisoes/2012/32012D0091.md
32012D0091	Artigo 6.º	Novas possibilidades de pesca	144	152	386	ue/decisoes/2012/32012D0091.md
32012D0091	Artigo 7.º	Condições de exercício da pesca — Cláusula de exclusividade	154	156	92	ue/decisoes/2012/32012D0091.md
32012D0091	Artigo 8.º	Suspensão e revisão do pagamento da contrapartida financeira	158	168	346	ue/decisoes/2012/32012D0091.md
32012D0091	Artigo 9.º	Suspensão da aplicação do protocolo	170	190	504	ue/decisoes/2012/32012D0091.md
32012D0091	Artigo 10.º	Legislação nacional	192	196	96	ue/decisoes/2012/32012D0091.md
32012D0091	Artigo 11.º	Confidencialidade	198	200	95	ue/decisoes/2012/32012D0091.md
32012D0091	Artigo 12.º	Intercâmbio eletrónico de dados	202	206	169	ue/decisoes/2012/32012D0091.md
32012D0091	Artigo 13.º	Duração	208	210	62	ue/decisoes/2012/32012D0091.md
32012D0091	Artigo 14.º	Denúncia	212	216	86	ue/decisoes/2012/32012D0091.md
32012D0091	Artigo 15.º	Aplicação provisória	218	220	42	ue/decisoes/2012/32012D0091.md
32012D0091	Artigo 16.º	Entrada em vigor	222	362	722	ue/decisoes/2012/32012D0091.md
32012D0091	ANEXO		364	914	10462	ue/decisoes/2012/32012D0091.md
32012D0091	Apêndice 1		916	1162	1432	ue/decisoes/2012/32012D0091.md
32012D0091	Apêndice 2		1164	1191	414	ue/decisoes/2012/32012D0091.md
32012D0091	Apêndice 3		1193	1195	9	ue/decisoes/2012/32012D0091.md
32012D0091	Apêndice 4		1197	1437	1570	ue/decisoes/2012/32012D0091.md
32012D0091	Apêndice 5		1439	1464	579	ue/decisoes/2012/32012D0091.md
32012D0092	Preâmbulo		22	54	1804	ue/decisoes/2012/32012D0092.md
32012D0092	Artigo 1.º		58	160	3717	ue/decisoes/2012/32012D0092.md
32012D0092	Artigo 2.º		162	176	60	ue/decisoes/2012/32012D0092.md
32012D0097	Preâmbulo		22	40	258	ue/decisoes/2012/32012D0097.md
32012D0097	Artigo 1.º		44	48	33	ue/decisoes/2012/32012D0097.md
32012D0097	«Artigo 10.º		50	62	192	ue/decisoes/2012/32012D0097.md
32012D0097	Artigo 2.º		64	76	49	ue/decisoes/2012/32012D0097.md
32012D0097	ANEXO I	«ANEXO 1	78	213	9563	ue/decisoes/2012/32012D0097.md
32012D0097	ANEXO II	«ANEXO II	215	222	123	ue/decisoes/2012/32012D0097.md
32012D0099	Preâmbulo		18	42	902	ue/decisoes/2012/32012D0099.md
32012D0099	Artigo 1.º		46	48	105	ue/decisoes/2012/32012D0099.md
32012D0099	Artigo 2.º		50	66	85	ue/decisoes/2012/32012D0099.md
32012D0100	Preâmbulo		18	42	908	ue/decisoes/2012/32012D0100.md
32012D0100	Artigo 1.º		46	48	106	ue/decisoes/2012/32012D0100.md
32012D0100	Artigo 2.º		50	66	85	ue/decisoes/2012/32012D0100.md
32012D0102	Preâmbulo		18	36	402	ue/decisoes/2012/32012D0102.md
32012D0102	Artigo 1.º		40	42	40	ue/decisoes/2012/32012D0102.md
32012D0102	Artigo 2.º		44	58	61	ue/decisoes/2012/32012D0102.md
32012D0103	Preâmbulo		18	36	381	ue/decisoes/2012/32012D0103.md
32012D0103	Artigo 1.º		40	44	147	ue/decisoes/2012/32012D0103.md
32012D0103	Artigo 2.º		46	60	64	ue/decisoes/2012/32012D0103.md
32012D0103	ANEXO		62	75	271	ue/decisoes/2012/32012D0103.md
32012D0104	Preâmbulo		18	36	316	ue/decisoes/2012/32012D0104.md
32012D0104	Artigo 1.º		40	44	133	ue/decisoes/2012/32012D0104.md
32012D0104	Artigo 2.º		46	66	91	ue/decisoes/2012/32012D0104.md
32012D0104	ANEXO		68	78	186	ue/decisoes/2012/32012D0104.md
32012D0105	Preâmbulo		18	44	791	ue/decisoes/2012/32012D0105.md
32012D0105	Artigo 1.º		48	52	147	ue/decisoes/2012/32012D0105.md
32012D0105	Artigo 2.º		54	56	34	ue/decisoes/2012/32012D0105.md
32012D0105	Artigo 3.º		58	60	80	ue/decisoes/2012/32012D0105.md
32012D0105	Artigo 4.º		62	64	105	ue/decisoes/2012/32012D0105.md
32012D0105	Artigo 5.º		66	70	62	ue/decisoes/2012/32012D0105.md
32012D0105	Artigo 6.º		72	86	96	ue/decisoes/2012/32012D0105.md
32012D0106	Preâmbulo		18	36	474	ue/decisoes/2012/32012D0106.md
32012D0106	Artigo 1.º		40	44	84	ue/decisoes/2012/32012D0106.md
32012D0106	Artigo 2.º		46	48	34	ue/decisoes/2012/32012D0106.md
32012D0106	Artigo 3.º		50	52	63	ue/decisoes/2012/32012D0106.md
32012D0106	Artigo 4.º		54	66	84	ue/decisoes/2012/32012D0106.md
32012D0107	Preâmbulo		18	40	518	ue/decisoes/2012/32012D0107.md
32012D0107	Artigo 1.º		44	48	100	ue/decisoes/2012/32012D0107.md
32012D0107	Artigo 2.º		50	52	34	ue/decisoes/2012/32012D0107.md
32012D0107	Artigo 3.º		54	56	60	ue/decisoes/2012/32012D0107.md
32012D0107	Artigo 4.º		58	70	84	ue/decisoes/2012/32012D0107.md
32012D0108	Preâmbulo		18	38	424	ue/decisoes/2012/32012D0108.md
32012D0108	Artigo 1.º		42	46	84	ue/decisoes/2012/32012D0108.md
32012D0108	Artigo 2.º		48	50	34	ue/decisoes/2012/32012D0108.md
32012D0108	Artigo 3.º		52	54	60	ue/decisoes/2012/32012D0108.md
32012D0108	Artigo 4.º		56	68	84	ue/decisoes/2012/32012D0108.md
32012D0109	Preâmbulo		18	559	29878	ue/decisoes/2012/32012D0109.md
32012D0109	Artigo 1.º		563	565	90	ue/decisoes/2012/32012D0109.md
32012D0109	Artigo 2.º		567	569	91	ue/decisoes/2012/32012D0109.md
32012D0109	Artigo 3.º		571	573	117	ue/decisoes/2012/32012D0109.md
32012D0109	Artigo 4.º		575	577	130	ue/decisoes/2012/32012D0109.md
32012D0109	Artigo 5.º		579	581	41	ue/decisoes/2012/32012D0109.md
32012D0109	Artigo 6.º		583	797	3858	ue/decisoes/2012/32012D0109.md
32012D0111	Preâmbulo		18	40	646	ue/decisoes/2012/32012D0111.md
32012D0111	Artigo 1.º		44	46	28	ue/decisoes/2012/32012D0111.md
32012D0111	Artigo 2.º		48	66	144	ue/decisoes/2012/32012D0111.md
32012D0111	ANEXO	«ANEXO	68	142	257	ue/decisoes/2012/32012D0111.md
32012D0113	Preâmbulo		18	36	216	ue/decisoes/2012/32012D0113.md
32012D0113	Artigo 1.º		40	42	43	ue/decisoes/2012/32012D0113.md
32012D0113	Artigo 2.º		44	46	32	ue/decisoes/2012/32012D0113.md
32012D0113	Artigo 3.º		48	64	87	ue/decisoes/2012/32012D0113.md
32012D0114	Preâmbulo		18	34	356	ue/decisoes/2012/32012D0114.md
32012D0114	Artigo 1.º		38	42	76	ue/decisoes/2012/32012D0114.md
32012D0114	Artigo 2.º		44	54	41	ue/decisoes/2012/32012D0114.md
32012D0115	Preâmbulo		22	40	370	ue/decisoes/2012/32012D0115.md
32012D0115	Artigo 1.º	Instalações de combustão que os planos de transição nacionais podem abranger	44	46	112	ue/decisoes/2012/32012D0115.md
32012D0115	Artigo 2.º	Teor dos planos de transição nacionais	48	68	348	ue/decisoes/2012/32012D0115.md
32012D0115	Artigo 3.º	Fixação de limiares de emissão nos planos de transição nacionais	70	88	447	ue/decisoes/2012/32012D0115.md
32012D0115	Artigo 4.º	Execução dos planos de transição nacionais	90	92	66	ue/decisoes/2012/32012D0115.md
32012D0115	Artigo 5.º	Alterações posteriores de planos de transição nacionais	94	98	154	ue/decisoes/2012/32012D0115.md
32012D0115	Artigo 6.º	Verificações de cumprimento, medidas corretivas e comunicações à Comissão	100	106	290	ue/decisoes/2012/32012D0115.md
32012D0115	Artigo 7.º		108	120	54	ue/decisoes/2012/32012D0115.md
32012D0115	ANEXO		122	333	5289	ue/decisoes/2012/32012D0115.md
32012D0115	Apêndice A		335	349	470	ue/decisoes/2012/32012D0115.md
32012D0115	Apêndice B		351	384	494	ue/decisoes/2012/32012D0115.md
32012D0115	Apêndice C		386	460	1232	ue/decisoes/2012/32012D0115.md
32012D0115	Apêndice D		462	548	1204	ue/decisoes/2012/32012D0115.md
32012D0116	Preâmbulo		18	40	488	ue/decisoes/2012/32012D0116.md
32012D0116	Artigo 1.º		44	52	266	ue/decisoes/2012/32012D0116.md
32012D0116	Artigo 2.º		54	64	275	ue/decisoes/2012/32012D0116.md
32012D0116	Artigo 3.º		66	72	176	ue/decisoes/2012/32012D0116.md
32012D0116	Artigo 4.º		74	76	46	ue/decisoes/2012/32012D0116.md
32012D0116	Artigo 5.º		78	90	53	ue/decisoes/2012/32012D0116.md
32012D0118	Preâmbulo		18	518	20965	ue/decisoes/2012/32012D0118.md
32012D0118	Artigo 1.º		522	550	376	ue/decisoes/2012/32012D0118.md
32012D0118	Artigo 2.º		552	554	64	ue/decisoes/2012/32012D0118.md
32012D0118	Artigo 3.º		556	638	1657	ue/decisoes/2012/32012D0118.md
32012D0118	ANEXO		640	1041	10545	ue/decisoes/2012/32012D0118.md
32012D0118	ANEXO		1043	1107	3722	ue/decisoes/2012/32012D0118.md
32012D0119	Artigo 1.º		60	62	80	ue/decisoes/2012/32012D0119.md
32012D0119	Artigo 2.º		64	66	19	ue/decisoes/2012/32012D0119.md
32012D0119	ANEXO		68	1444	39191	ue/decisoes/2012/32012D0119.md
32012D0119	Apêndice 1		1446	1466	389	ue/decisoes/2012/32012D0119.md
32012D0119	Apêndice 2		1468	1504	893	ue/decisoes/2012/32012D0119.md
32012D0121	Preâmbulo		18	40	884	ue/decisoes/2012/32012D0121.md
32012D0121	Artigo 1.º		44	54	499	ue/decisoes/2012/32012D0121.md
32012D0121	Artigo 2.º		56	62	117	ue/decisoes/2012/32012D0121.md
32012D0121	Artigo 3.º		64	72	218	ue/decisoes/2012/32012D0121.md
32012D0121	Artigo 4.º		74	76	86	ue/decisoes/2012/32012D0121.md
32012D0121	Artigo 5.º		78	90	112	ue/decisoes/2012/32012D0121.md
32012D0121	ANEXO		92	218	4055	ue/decisoes/2012/32012D0121.md
32012D0121(01)	Artigo 1.º	Objeto	60	62	39	ue/decisoes/2012/32012D0121(01).md
32012D0121(01)	Artigo 2.º	Missão	64	82	501	ue/decisoes/2012/32012D0121(01).md
32012D0121(01)	Artigo 3.º	Consulta	84	88	132	ue/decisoes/2012/32012D0121(01).md
32012D0121(01)	Artigo 4.º	Membros — Nomeação	90	98	146	ue/decisoes/2012/32012D0121(01).md
32012D0121(01)	Artigo 5.º	Funcionamento	100	120	575	ue/decisoes/2012/32012D0121(01).md
32012D0121(01)	Artigo 6.º	Despesas de reuniões	122	140	176	ue/decisoes/2012/32012D0121(01).md
32012D0124	Preâmbulo		22	36	118	ue/decisoes/2012/32012D0124.md
32012D0124	Artigo 1.º		40	42	28	ue/decisoes/2012/32012D0124.md
32012D0124	Artigo 2.º		44	56	49	ue/decisoes/2012/32012D0124.md
32012D0124	ANEXO		58	64	101	ue/decisoes/2012/32012D0124.md
32012D0128(01)	Artigo 1.º		52	54	30	ue/decisoes/2012/32012D0128(01).md
32012D0128(01)	Artigo 2.º		56	58	42	ue/decisoes/2012/32012D0128(01).md
32012D0128(01)	Artigo 3.º		60	62	30	ue/decisoes/2012/32012D0128(01).md
32012D0128(01)	Artigo 4.º		64	78	60	ue/decisoes/2012/32012D0128(01).md
32012D0128(01)	ANEXO	CONVENÇÃO MONETÁRIA	80	262	5231	ue/decisoes/2012/32012D0128(01).md
32012D0128(01)	Artigo 1.º		116	118	60	ue/decisoes/2012/32012D0128(01).md
32012D0128(01)	Artigo 2.º		120	122	65	ue/decisoes/2012/32012D0128(01).md
32012D0128(01)	Artigo 3.º		124	134	264	ue/decisoes/2012/32012D0128(01).md
32012D0128(01)	Artigo 4.º		136	140	130	ue/decisoes/2012/32012D0128(01).md
32012D0128(01)	Artigo 5.º		142	144	66	ue/decisoes/2012/32012D0128(01).md
32012D0128(01)	Artigo 6.º		146	154	261	ue/decisoes/2012/32012D0128(01).md
32012D0128(01)	Artigo 7.º		156	160	148	ue/decisoes/2012/32012D0128(01).md
32012D0128(01)	Artigo 8.º		162	164	50	ue/decisoes/2012/32012D0128(01).md
32012D0128(01)	Artigo 9.º		166	178	346	ue/decisoes/2012/32012D0128(01).md
32012D0128(01)	Artigo 10.º		180	184	262	ue/decisoes/2012/32012D0128(01).md
32012D0128(01)	Artigo 11.º		186	206	1445	ue/decisoes/2012/32012D0128(01).md
32012D0128(01)	Artigo 12.º		208	216	426	ue/decisoes/2012/32012D0128(01).md
32012D0128(01)	Artigo 13.º		218	228	388	ue/decisoes/2012/32012D0128(01).md
32012D0128(01)	Artigo 14.º		230	232	27	ue/decisoes/2012/32012D0128(01).md
32012D0128(01)	Artigo 15.º		234	236	46	ue/decisoes/2012/32012D0128(01).md
32012D0128(01)	Artigo 16.º		238	240	21	ue/decisoes/2012/32012D0128(01).md
32012D0128(01)	Artigo 17.º		242	262	129	ue/decisoes/2012/32012D0128(01).md
32012D0128(01)	ANEXO A		264	382	4363	ue/decisoes/2012/32012D0128(01).md
32012D0128(01)	ANEXO B		384	446	1491	ue/decisoes/2012/32012D0128(01).md
32012D0130	Preâmbulo		18	46	610	ue/decisoes/2012/32012D0130.md
32012D0130	Artigo 1.º		50	54	60	ue/decisoes/2012/32012D0130.md
32012D0130	Artigo 2.º		56	58	79	ue/decisoes/2012/32012D0130.md
32012D0130	Artigo 3.º		60	106	1011	ue/decisoes/2012/32012D0130.md
32012D0130	Artigo 1.º	Definições	108	168	1107	ue/decisoes/2012/32012D0130.md
32012D0130	Artigo 2.º	Objectivo	170	172	83	ue/decisoes/2012/32012D0130.md
32012D0130	Artigo 3.º	Princípios e abordagens em matéria de conservação e de gestão	174	212	945	ue/decisoes/2012/32012D0130.md
32012D0130	Artigo 4.º	Compatibilidade das medidas de conservação e de gestão	214	226	461	ue/decisoes/2012/32012D0130.md
32012D0130	Artigo 5.º	Área de aplicação	228	244	740	ue/decisoes/2012/32012D0130.md
32012D0130	Artigo 6.º	A Organização	246	270	371	ue/decisoes/2012/32012D0130.md
32012D0130	Artigo 7.º	A Comissão	272	280	253	ue/decisoes/2012/32012D0130.md
32012D0130	Artigo 8.º	Funções da Comissão	282	316	754	ue/decisoes/2012/32012D0130.md
32012D0130	Artigo 9.º	Órgãos subsidiários	318	330	424	ue/decisoes/2012/32012D0130.md
32012D0130	Artigo 10.º	Comité científico	332	358	729	ue/decisoes/2012/32012D0130.md
32012D0130	Artigo 11.º	Comité técnico e de cumprimento	360	370	233	ue/decisoes/2012/32012D0130.md
32012D0130	Artigo 12.º	Comité de gestão sub-regional oriente e comité de gestão sub-regional ocidente	372	404	952	ue/decisoes/2012/32012D0130.md
32012D0130	Artigo 13.º	Comité financeiro e administrativo	406	410	139	ue/decisoes/2012/32012D0130.md
32012D0130	Artigo 14.º	Secretariado	412	422	214	ue/decisoes/2012/32012D0130.md
32012D0130	Artigo 15.º	Orçamento	424	444	885	ue/decisoes/2012/32012D0130.md
32012D0130	Artigo 16.º	Tomada de decisões	446	456	208	ue/decisoes/2012/32012D0130.md
32012D0130	Artigo 17.º	Execução das decisões da Comissão	458	502	1019	ue/decisoes/2012/32012D0130.md
32012D0130	Artigo 18.º	Transparência	504	512	402	ue/decisoes/2012/32012D0130.md
32012D0130	Artigo 19.º	Reconhecimento das necessidades especiais dos estados em desenvolvimento	514	542	1072	ue/decisoes/2012/32012D0130.md
32012D0130	Artigo 20.º	Medidas de conservação e de gestão	544	612	1938	ue/decisoes/2012/32012D0130.md
32012D0130	Artigo 21.º	Participação na pesca dos recursos haliêuticos	614	650	998	ue/decisoes/2012/32012D0130.md
32012D0130	Artigo 22.º	Novas pescarias ou pescarias exploratórias	652	658	426	ue/decisoes/2012/32012D0130.md
32012D0130	Artigo 23.º	Recolha, compilação e troca de dados	660	676	549	ue/decisoes/2012/32012D0130.md
32012D0130	Artigo 24.º	Obrigações dos membros da Comissão	678	696	690	ue/decisoes/2012/32012D0130.md
32012D0130	Artigo 25.º	Obrigações do estado de pavilhão	698	726	918	ue/decisoes/2012/32012D0130.md
32012D0130	Artigo 26.º	Obrigações do estado do porto	728	740	501	ue/decisoes/2012/32012D0130.md
32012D0130	Artigo 27.º	Acompanhamento, cumprimento e execução	742	760	952	ue/decisoes/2012/32012D0130.md
32012D0130	Artigo 28.º	Programa de observação	762	776	594	ue/decisoes/2012/32012D0130.md
32012D0130	Artigo 29.º	Relatório anual da Comissão	778	782	132	ue/decisoes/2012/32012D0130.md
32012D0130	Artigo 30.º	Avaliações	784	792	302	ue/decisoes/2012/32012D0130.md
32012D0130	Artigo 31.º	Cooperação com outras organizações	794	800	302	ue/decisoes/2012/32012D0130.md
32012D0130	Artigo 32.º	Partes não-contratantes	802	810	397	ue/decisoes/2012/32012D0130.md
32012D0130	Artigo 33.º	Relação com outros acordos	812	816	153	ue/decisoes/2012/32012D0130.md
32012D0130	Artigo 34.º	Resolução de litígios	818	824	168	ue/decisoes/2012/32012D0130.md
32012D0130	Artigo 35.º	Emendas	826	836	508	ue/decisoes/2012/32012D0130.md
32012D0130	Artigo 36.º	Assinatura, ratificação, aceitação e aprovação	838	850	212	ue/decisoes/2012/32012D0130.md
32012D0130	Artigo 37.º	Adesão	852	856	116	ue/decisoes/2012/32012D0130.md
32012D0130	Artigo 38.º	Entrada em vigor	858	872	394	ue/decisoes/2012/32012D0130.md
32012D0130	Artigo 39.º	Depositário	874	878	162	ue/decisoes/2012/32012D0130.md
32012D0130	Artigo 40.º	Participação dos territórios	880	886	311	ue/decisoes/2012/32012D0130.md
32012D0130	Artigo 41.º	Denúncia	888	894	198	ue/decisoes/2012/32012D0130.md
32012D0130	Artigo 42.º	Cessação de vigência	896	898	46	ue/decisoes/2012/32012D0130.md
32012D0130	Artigo 43.º	Reservas	900	902	24	ue/decisoes/2012/32012D0130.md
32012D0130	Artigo 44.º	Declarações e intervenções	904	906	172	ue/decisoes/2012/32012D0130.md
32012D0130	Artigo 45.º	Anexos	908	914	108	ue/decisoes/2012/32012D0130.md
32012D0130	ANEXO I		916	924	166	ue/decisoes/2012/32012D0130.md
32012D0130	ANEXO II		926	1006	2902	ue/decisoes/2012/32012D0130.md
32012D0130	ANEXO III		1008	1025	716	ue/decisoes/2012/32012D0130.md
32012D0130	ANEXO IV		1027	1044	591	ue/decisoes/2012/32012D0130.md
32012D0131	Preâmbulo		18	680	24848	ue/decisoes/2012/32012D0131.md
32012D0131	Artigo 1.º		684	708	882	ue/decisoes/2012/32012D0131.md
32012D0131	Artigo 2.º		710	712	40	ue/decisoes/2012/32012D0131.md
32012D0131	Artigo 3.º		714	856	1970	ue/decisoes/2012/32012D0131.md
32012D0132	Preâmbulo		18	50	818	ue/decisoes/2012/32012D0132.md
32012D0132	Artigo 1.º	Participação financeira da União a favor da Alemanha, da Itália e dos Países Baixos	54	58	153	ue/decisoes/2012/32012D0132.md
32012D0132	Artigo 2.º	Destinatários	60	76	90	ue/decisoes/2012/32012D0132.md
32012D0134	Preâmbulo		18	50	1086	ue/decisoes/2012/32012D0134.md
32012D0134	Artigo 1.º		54	56	26	ue/decisoes/2012/32012D0134.md
32012D0134	Artigo 2.º		58	74	86	ue/decisoes/2012/32012D0134.md
32012D0134	ANEXO		76	2542	44569	ue/decisoes/2012/32012D0134.md
32012D0135	Preâmbulo		22	54	1104	ue/decisoes/2012/32012D0135.md
32012D0135	Artigo 1.º		58	60	27	ue/decisoes/2012/32012D0135.md
32012D0135	Artigo 2.º		62	78	86	ue/decisoes/2012/32012D0135.md
32012D0135	ANEXO		80	1749	28233	ue/decisoes/2012/32012D0135.md
32012D0136	Preâmbulo		18	36	437	ue/decisoes/2012/32012D0136.md
32012D0136	Artigo 1.º		40	44	78	ue/decisoes/2012/32012D0136.md
32012D0136	Artigo 2.º		46	62	72	ue/decisoes/2012/32012D0136.md
32012D0136	ANEXO		64	684	11628	ue/decisoes/2012/32012D0136.md
32012D0136	Anexo 1		686	724	293	ue/decisoes/2012/32012D0136.md
32012D0136	Anexo 2		726	820	1735	ue/decisoes/2012/32012D0136.md
32012D0139	Preâmbulo		18	62	3517	ue/decisoes/2012/32012D0139.md
32012D0139	Artigo 1.º		66	68	49	ue/decisoes/2012/32012D0139.md
32012D0139	Artigo 2.º		70	92	137	ue/decisoes/2012/32012D0139.md
32012D0140	Preâmbulo		18	424	21506	ue/decisoes/2012/32012D0140.md
32012D0140	Artigo 1.º		428	432	100	ue/decisoes/2012/32012D0140.md
32012D0140	Artigo 2.º		434	590	2811	ue/decisoes/2012/32012D0140.md
32012D0141	Preâmbulo		18	44	692	ue/decisoes/2012/32012D0141.md
32012D0141	Artigo 1.º		48	50	84	ue/decisoes/2012/32012D0141.md
32012D0141	Artigo 2.º		52	76	363	ue/decisoes/2012/32012D0141.md
32012D0141	Artigo 3.º		78	94	286	ue/decisoes/2012/32012D0141.md
32012D0141	Artigo 4.º		96	98	20	ue/decisoes/2012/32012D0141.md
32012D0141	Artigo 5.º		100	112	50	ue/decisoes/2012/32012D0141.md
32012D0141	ANEXO I		114	132	146	ue/decisoes/2012/32012D0141.md
32012D0141	ANEXO II		134	171	494	ue/decisoes/2012/32012D0141.md
32012D0142	Preâmbulo		18	38	503	ue/decisoes/2012/32012D0142.md
32012D0142	Artigo 1.º		42	44	62	ue/decisoes/2012/32012D0142.md
32012D0142	Artigo 2.º		46	48	74	ue/decisoes/2012/32012D0142.md
32012D0142	Artigo 3.º		50	52	30	ue/decisoes/2012/32012D0142.md
32012D0142	Artigo 4.º		54	72	100	ue/decisoes/2012/32012D0142.md
32012D0143	Preâmbulo		18	38	460	ue/decisoes/2012/32012D0143.md
32012D0143	Artigo 1.º		42	44	68	ue/decisoes/2012/32012D0143.md
32012D0143	Artigo 2.º		46	48	65	ue/decisoes/2012/32012D0143.md
32012D0143	Artigo 3.º		50	52	73	ue/decisoes/2012/32012D0143.md
32012D0143	Artigo 4.º		54	56	210	ue/decisoes/2012/32012D0143.md
32012D0143	Artigo 5.º		58	60	49	ue/decisoes/2012/32012D0143.md
32012D0143	Artigo 6.º		62	84	126	ue/decisoes/2012/32012D0143.md
32012D0145	Preâmbulo		22	44	275	ue/decisoes/2012/32012D0145.md
32012D0145	Artigo 1.º		48	50	92	ue/decisoes/2012/32012D0145.md
32012D0145	Artigo 2.º		52	54	51	ue/decisoes/2012/32012D0145.md
32012D0145	Artigo 3.º		56	74	131	ue/decisoes/2012/32012D0145.md
32012D0147	Preâmbulo		18	74	2168	ue/decisoes/2012/32012D0147.md
32012D0147	Artigo 1.º	Aprovação do programa alterado de vigilância e erradicação da febre catarral ovina apresentado por Portugal	78	80	86	ue/decisoes/2012/32012D0147.md
32012D0147	Artigo 2.º	Aprovação dos programas alterados de vigilância e erradicação das encefalopatias espongiformes transmissíveis apresentados pela Grécia	82	84	122	ue/decisoes/2012/32012D0147.md
32012D0147	Artigo 3.º	Aprovação do programa alterado de erradicação da raiva apresentado pela Bulgária	86	88	72	ue/decisoes/2012/32012D0147.md
32012D0147	Artigo 4.º	Alterações à Decisão de Execução 2011/807/UE	90	112	416	ue/decisoes/2012/32012D0147.md
32012D0147	Artigo 5.º	Destinatários	114	142	129	ue/decisoes/2012/32012D0147.md
32012D0149	Preâmbulo		18	34	176	ue/decisoes/2012/32012D0149.md
32012D0149	Artigo 1.º		38	47	241	ue/decisoes/2012/32012D0149.md
32012D0149	Artigo 2.º		49	63	59	ue/decisoes/2012/32012D0149.md
32012D0152	Preâmbulo		18	34	196	ue/decisoes/2012/32012D0152.md
32012D0152	Artigo 1.º		38	42	85	ue/decisoes/2012/32012D0152.md
32012D0152	Artigo 2.º		44	58	57	ue/decisoes/2012/32012D0152.md
32012D0156	Preâmbulo		18	54	2157	ue/decisoes/2012/32012D0156.md
32012D0156	Artigo 1.º		58	60	41	ue/decisoes/2012/32012D0156.md
32012D0156	Artigo 2.º		62	64	19	ue/decisoes/2012/32012D0156.md
32012D0156	Artigo 3.º		66	90	180	ue/decisoes/2012/32012D0156.md
32012D0157	Preâmbulo		18	438	21252	ue/decisoes/2012/32012D0157.md
32012D0157	Artigo 1.º		442	450	345	ue/decisoes/2012/32012D0157.md
32012D0157	Artigo 2.º		452	460	169	ue/decisoes/2012/32012D0157.md
32012D0157	Artigo 3.º		462	464	56	ue/decisoes/2012/32012D0157.md
32012D0157	Artigo 4.º		466	478	245	ue/decisoes/2012/32012D0157.md
32012D0157	Artigo 5.º		480	562	1534	ue/decisoes/2012/32012D0157.md
32012D0158	Preâmbulo		18	32	110	ue/decisoes/2012/32012D0158.md
32012D0158	Artigo 1.º		36	40	42	ue/decisoes/2012/32012D0158.md
32012D0158	Artigo 2.º		42	54	49	ue/decisoes/2012/32012D0158.md
32012D0160	Preâmbulo		18	290	13003	ue/decisoes/2012/32012D0160.md
32012D0160	Artigo 1.º		294	302	210	ue/decisoes/2012/32012D0160.md
32012D0160	Artigo 2.º		304	344	571	ue/decisoes/2012/32012D0160.md
32012D0161	Preâmbulo		18	44	672	ue/decisoes/2012/32012D0161.md
32012D0161	Artigo 1.º		48	50	76	ue/decisoes/2012/32012D0161.md
32012D0161	Artigo 2.º		52	66	60	ue/decisoes/2012/32012D0161.md
32012D0163	Preâmbulo		18	484	12778	ue/decisoes/2012/32012D0163.md
32012D0163	Artigo 1.º		488	490	72	ue/decisoes/2012/32012D0163.md
32012D0163	Artigo 2.º		492	510	91	ue/decisoes/2012/32012D0163.md
32012D0164	Preâmbulo		18	42	326	ue/decisoes/2012/32012D0164.md
32012D0164	Artigo 1.º		46	50	65	ue/decisoes/2012/32012D0164.md
32012D0164	Artigo 2.º		52	56	141	ue/decisoes/2012/32012D0164.md
32012D0164	Artigo 3.º		58	60	60	ue/decisoes/2012/32012D0164.md
32012D0164	Artigo 4.º		62	94	270	ue/decisoes/2012/32012D0164.md
32012D0164	Artigo 1.º	Âmbito de aplicação	96	100	106	ue/decisoes/2012/32012D0164.md
32012D0164	Artigo 2.º	Indicações geográficas estabelecidas	102	110	687	ue/decisoes/2012/32012D0164.md
32012D0164	Artigo 3.º	Aditamento de novas indicações geográficas	112	116	176	ue/decisoes/2012/32012D0164.md
32012D0164	Artigo 4.º	Alcance da proteção das indicações geográficas	118	138	698	ue/decisoes/2012/32012D0164.md
32012D0164	Artigo 5.º	Proteção da transcrição das indicações geográficas	140	144	199	ue/decisoes/2012/32012D0164.md
32012D0164	Artigo 6.º	Direito de utilização de indicações geográficas	146	150	133	ue/decisoes/2012/32012D0164.md
32012D0164	Artigo 7.º	Aplicação efetiva da proteção	152	154	67	ue/decisoes/2012/32012D0164.md
32012D0164	Artigo 8.º	Relação com marcas	156	166	488	ue/decisoes/2012/32012D0164.md
32012D0164	Artigo 9.º	Princípios gerais	168	178	221	ue/decisoes/2012/32012D0164.md
32012D0164	Artigo 10.º	Cooperação e transparência	180	184	196	ue/decisoes/2012/32012D0164.md
32012D0164	Artigo 11.º	Comité Misto	186	200	357	ue/decisoes/2012/32012D0164.md
32012D0164	Artigo 12.º	Âmbito de aplicação territorial	202	204	56	ue/decisoes/2012/32012D0164.md
32012D0164	Artigo 13.º	Línguas que fazem fé	206	208	107	ue/decisoes/2012/32012D0164.md
32012D0164	Artigo 14.º	Disposições finais	210	368	870	ue/decisoes/2012/32012D0164.md
32012D0164	ANEXO I		370	396	480	ue/decisoes/2012/32012D0164.md
32012D0164	ANEXO II		398	418	538	ue/decisoes/2012/32012D0164.md
32012D0164	ANEXO III		420	1272	21712	ue/decisoes/2012/32012D0164.md
32012D0164	ANEXO IV		1274	3733	51594	ue/decisoes/2012/32012D0164.md
32012D0166	Preâmbulo		18	34	518	ue/decisoes/2012/32012D0166.md
32012D0166	Artigo 1.º		38	118	771	ue/decisoes/2012/32012D0166.md
32012D0166	Artigo 2.º		120	124	118	ue/decisoes/2012/32012D0166.md
32012D0166	Artigo 3.º		126	134	216	ue/decisoes/2012/32012D0166.md
32012D0166	Artigo 4.º		136	138	83	ue/decisoes/2012/32012D0166.md
32012D0166	Artigo 5.º		140	160	148	ue/decisoes/2012/32012D0166.md
32012D0166	ANEXO		162	458	8431	ue/decisoes/2012/32012D0166.md
32012D0167	Preâmbulo		18	34	189	ue/decisoes/2012/32012D0167.md
32012D0167	Artigo 1.º		38	40	28	ue/decisoes/2012/32012D0167.md
32012D0167	Artigo 2.º		42	54	48	ue/decisoes/2012/32012D0167.md
32012D0167	ANEXO	«ANEXO	56	916	29418	ue/decisoes/2012/32012D0167.md
32012D0168	Preâmbulo		18	40	416	ue/decisoes/2012/32012D0168.md
32012D0168	Artigo 1.º		44	48	28	ue/decisoes/2012/32012D0168.md
32012D0168	"""Artigo 2.º-A"		50	54	128	ue/decisoes/2012/32012D0168.md
32012D0168	Artigo 2.º-B		56	66	315	ue/decisoes/2012/32012D0168.md
32012D0168	"""Artigo 4.º-A"		68	72	62	ue/decisoes/2012/32012D0168.md
32012D0168	"""Artigo 6.º"		74	78	74	ue/decisoes/2012/32012D0168.md
32012D0168	Artigo 2.º		80	82	34	ue/decisoes/2012/32012D0168.md
32012D0168	Artigo 3.º		84	98	58	ue/decisoes/2012/32012D0168.md
32012D0168	ANEXO		100	122	1521	ue/decisoes/2012/32012D0168.md
32012D0169	Preâmbulo		18	38	353	ue/decisoes/2012/32012D0169.md
32012D0169	Artigo 1.º		42	59	621	ue/decisoes/2012/32012D0169.md
32012D0169	Artigo 2.º		61	75	58	ue/decisoes/2012/32012D0169.md
32012D0170	Preâmbulo		18	36	462	ue/decisoes/2012/32012D0170.md
32012D0170	Artigo 1.º		40	44	69	ue/decisoes/2012/32012D0170.md
32012D0170	Artigo 2.º		46	50	55	ue/decisoes/2012/32012D0170.md
32012D0170	Artigo 3.º		52	64	48	ue/decisoes/2012/32012D0170.md
32012D0170	ANEXO I		66	82	312	ue/decisoes/2012/32012D0170.md
32012D0170	ANEXO II		84	94	244	ue/decisoes/2012/32012D0170.md
32012D0174	Preâmbulo		18	54	832	ue/decisoes/2012/32012D0174.md
32012D0174	Artigo 1.º		58	62	31	ue/decisoes/2012/32012D0174.md
32012D0174	«Artigo 1.º	Missão	64	93	658	ue/decisoes/2012/32012D0174.md
32012D0174	«Artigo 12.º	Transferência das pessoas capturadas e detidas com vista ao exercício de competências jurisdicionais	95	113	698	ue/decisoes/2012/32012D0174.md
32012D0174	Artigo 2.º		115	133	77	ue/decisoes/2012/32012D0174.md
32012D0176	Preâmbulo		18	36	254	ue/decisoes/2012/32012D0176.md
32012D0176	Artigo 1.º		40	44	109	ue/decisoes/2012/32012D0176.md
32012D0176	Artigo 2.º		46	48	30	ue/decisoes/2012/32012D0176.md
32012D0176	Artigo 3.º		50	86	430	ue/decisoes/2012/32012D0176.md
32012D0176	Artigo 1.º		88	90	54	ue/decisoes/2012/32012D0176.md
32012D0176	Artigo 2.º		92	94	34	ue/decisoes/2012/32012D0176.md
32012D0176	Artigo 3.º		96	98	69	ue/decisoes/2012/32012D0176.md
32012D0176	Artigo 4.º		100	102	57	ue/decisoes/2012/32012D0176.md
32012D0176	Artigo 5.º		104	108	276	ue/decisoes/2012/32012D0176.md
32012D0176	Artigo 6.º		110	114	218	ue/decisoes/2012/32012D0176.md
32012D0176	Artigo 7.º		116	124	146	ue/decisoes/2012/32012D0176.md
32012D0176	Artigo 8.º		126	128	68	ue/decisoes/2012/32012D0176.md
32012D0176	Artigo 9.º		130	132	60	ue/decisoes/2012/32012D0176.md
32012D0176	Artigo 10.º		134	136	54	ue/decisoes/2012/32012D0176.md
32012D0176	Artigo 11.º		138	140	18	ue/decisoes/2012/32012D0176.md
32012D0176	Artigo 12.º		142	292	771	ue/decisoes/2012/32012D0176.md
32012D0177	Preâmbulo		18	38	367	ue/decisoes/2012/32012D0177.md
32012D0177	Artigo 1.º		42	46	60	ue/decisoes/2012/32012D0177.md
32012D0177	Artigo 2.º		48	50	20	ue/decisoes/2012/32012D0177.md
32012D0177	Artigo 3.º		52	66	59	ue/decisoes/2012/32012D0177.md
32012D0178	Preâmbulo		18	205	8034	ue/decisoes/2012/32012D0178.md
32012D0178	Artigo 1.º		209	211	63	ue/decisoes/2012/32012D0178.md
32012D0178	Artigo 2.º		213	215	83	ue/decisoes/2012/32012D0178.md
32012D0178	Artigo 3.º		217	257	246	ue/decisoes/2012/32012D0178.md
32012D0182	Preâmbulo		18	46	985	ue/decisoes/2012/32012D0182.md
32012D0182	Artigo 1.º		50	54	122	ue/decisoes/2012/32012D0182.md
32012D0182	Artigo 2.º		56	70	414	ue/decisoes/2012/32012D0182.md
32012D0182	Artigo 3.º		72	74	20	ue/decisoes/2012/32012D0182.md
32012D0182	Artigo 4.º		76	96	87	ue/decisoes/2012/32012D0182.md
32012D0182	ANEXO		98	151	510	ue/decisoes/2012/32012D0182.md
32012D0184	Preâmbulo		18	32	180	ue/decisoes/2012/32012D0184.md
32012D0184	Artigo 1.º		36	40	70	ue/decisoes/2012/32012D0184.md
32012D0184	Artigo 2.º		42	44	34	ue/decisoes/2012/32012D0184.md
32012D0184	Artigo 3.º		46	48	42	ue/decisoes/2012/32012D0184.md
32012D0184	Artigo 4.º		50	82	422	ue/decisoes/2012/32012D0184.md
32012D0184	Artigo 1.º	Âmbito e princípios	84	100	235	ue/decisoes/2012/32012D0184.md
32012D0184	Artigo 2.º	Meios de cooperação	102	144	734	ue/decisoes/2012/32012D0184.md
32012D0184	Artigo 3.º	Reforço da cooperação	146	148	91	ue/decisoes/2012/32012D0184.md
32012D0184	Artigo 4.º	Gestão do Acordo	150	170	586	ue/decisoes/2012/32012D0184.md
32012D0184	Artigo 5.º	Financiamento	172	176	200	ue/decisoes/2012/32012D0184.md
32012D0184	Artigo 6.º	Divulgação e utilização de resultados e informação	178	180	96	ue/decisoes/2012/32012D0184.md
32012D0184	Artigo 7.º	Disposições finais	182	296	1190	ue/decisoes/2012/32012D0184.md
32012D0184	ANEXO I		298	329	956	ue/decisoes/2012/32012D0184.md
32012D0184	ANEXO II		331	358	1496	ue/decisoes/2012/32012D0184.md
32012D0185	Preâmbulo		18	54	750	ue/decisoes/2012/32012D0185.md
32012D0185	Artigo 1.º		58	60	69	ue/decisoes/2012/32012D0185.md
32012D0185	Artigo 2.º		62	64	26	ue/decisoes/2012/32012D0185.md
32012D0185	Artigo 3.º		66	82	82	ue/decisoes/2012/32012D0185.md
32012D0186	Preâmbulo		22	44	426	ue/decisoes/2012/32012D0186.md
32012D0186	Artigo 1.º		48	50	34	ue/decisoes/2012/32012D0186.md
32012D0186	Artigo 2.º		52	66	92	ue/decisoes/2012/32012D0186.md
32012D0186	ANEXO	«ANEXO I	68	453	6480	ue/decisoes/2012/32012D0186.md
32012D0187	Preâmbulo		18	50	850	ue/decisoes/2012/32012D0187.md
32012D0187	Artigo 1.º		54	56	28	ue/decisoes/2012/32012D0187.md
32012D0187	Artigo 2.º		58	64	85	ue/decisoes/2012/32012D0187.md
32012D0187	Artigo 3.º		66	68	64	ue/decisoes/2012/32012D0187.md
32012D0187	Artigo 4.º		70	88	78	ue/decisoes/2012/32012D0187.md
32012D0187	ANEXO	«ANEXO	90	96	81	ue/decisoes/2012/32012D0187.md
32012D0188	Preâmbulo		18	36	250	ue/decisoes/2012/32012D0188.md
32012D0188	Artigo 1.º		40	44	65	ue/decisoes/2012/32012D0188.md
32012D0188	Artigo 2.º		46	48	41	ue/decisoes/2012/32012D0188.md
32012D0188	Artigo 3.º		50	62	50	ue/decisoes/2012/32012D0188.md
32012D0188	ANEXO		64	1897	29912	ue/decisoes/2012/32012D0188.md
32012D0189	Preâmbulo		18	40	330	ue/decisoes/2012/32012D0189.md
32012D0189	Artigo 1.º		44	46	29	ue/decisoes/2012/32012D0189.md
32012D0189	Artigo 2.º		48	50	34	ue/decisoes/2012/32012D0189.md
32012D0189	Artigo 3.º		52	68	114	ue/decisoes/2012/32012D0189.md
32012D0192	Preâmbulo		18	38	582	ue/decisoes/2012/32012D0192.md
32012D0192	Artigo 1.º		42	46	125	ue/decisoes/2012/32012D0192.md
32012D0192	Artigo 2.º		48	50	25	ue/decisoes/2012/32012D0192.md
32012D0192	Artigo 3.º		52	54	42	ue/decisoes/2012/32012D0192.md
32012D0192	Artigo 4.º		56	70	67	ue/decisoes/2012/32012D0192.md
32012D0193	Preâmbulo		18	42	610	ue/decisoes/2012/32012D0193.md
32012D0193	Artigo 1.º		46	50	125	ue/decisoes/2012/32012D0193.md
32012D0193	Artigo 2.º		52	54	64	ue/decisoes/2012/32012D0193.md
32012D0193	Artigo 3.º		56	114	1052	ue/decisoes/2012/32012D0193.md
32012D0193	Artigo 1.º		116	118	62	ue/decisoes/2012/32012D0193.md
32012D0193	Artigo 2.º		120	126	196	ue/decisoes/2012/32012D0193.md
32012D0193	Artigo 3.º		128	146	412	ue/decisoes/2012/32012D0193.md
32012D0193	Artigo 4.º		148	150	87	ue/decisoes/2012/32012D0193.md
32012D0193	Artigo 5.º		152	176	528	ue/decisoes/2012/32012D0193.md
32012D0193	Artigo 6.º		178	184	206	ue/decisoes/2012/32012D0193.md
32012D0193	Artigo 7.º		186	196	185	ue/decisoes/2012/32012D0193.md
32012D0193	Artigo 8.º		198	206	129	ue/decisoes/2012/32012D0193.md
32012D0193	Artigo 9.º		208	332	910	ue/decisoes/2012/32012D0193.md
32012D0193	ANEXO		334	382	967	ue/decisoes/2012/32012D0193.md
32012D0194	Preâmbulo		18	52	1590	ue/decisoes/2012/32012D0194.md
32012D0194	Artigo 1.º		56	72	246	ue/decisoes/2012/32012D0194.md
32012D0194	Artigo 2.º		74	94	98	ue/decisoes/2012/32012D0194.md
32012D0196	Artigo 1.º		64	68	106	ue/decisoes/2012/32012D0196.md
32012D0196	Artigo 2.º		70	74	108	ue/decisoes/2012/32012D0196.md
32012D0196	Artigo 3.º		76	78	45	ue/decisoes/2012/32012D0196.md
32012D0196	Artigo 4.º		80	210	1441	ue/decisoes/2012/32012D0196.md
32012D0196	Artigo 1.º		212	216	32	ue/decisoes/2012/32012D0196.md
32012D0196	Artigo 2.º		218	250	413	ue/decisoes/2012/32012D0196.md
32012D0196	Artigo 3.º		252	270	303	ue/decisoes/2012/32012D0196.md
32012D0196	Artigo 4.º		272	308	384	ue/decisoes/2012/32012D0196.md
32012D0196	Artigo 5.º		318	338	195	ue/decisoes/2012/32012D0196.md
32012D0196	Artigo 6.º		340	352	248	ue/decisoes/2012/32012D0196.md
32012D0196	Artigo 7.º		358	374	184	ue/decisoes/2012/32012D0196.md
32012D0196	Artigo 8.º		376	380	92	ue/decisoes/2012/32012D0196.md
32012D0196	Artigo 9.º		382	386	46	ue/decisoes/2012/32012D0196.md
32012D0196	Artigo 10.º		388	392	111	ue/decisoes/2012/32012D0196.md
32012D0196	Artigo 11.º		394	398	54	ue/decisoes/2012/32012D0196.md
32012D0196	Artigo 12.º		400	408	210	ue/decisoes/2012/32012D0196.md
32012D0196	Artigo 13.º		410	414	201	ue/decisoes/2012/32012D0196.md
32012D0196	Artigo 14.º		416	420	44	ue/decisoes/2012/32012D0196.md
32012D0196	Artigo 15.º		422	428	141	ue/decisoes/2012/32012D0196.md
32012D0196	Artigo 16.º		430	444	537	ue/decisoes/2012/32012D0196.md
32012D0196	Artigo 17.º		450	454	148	ue/decisoes/2012/32012D0196.md
32012D0196	Artigo 18.º		456	472	662	ue/decisoes/2012/32012D0196.md
32012D0196	Artigo 19.º		478	494	410	ue/decisoes/2012/32012D0196.md
32012D0196	Artigo 20.º		496	506	338	ue/decisoes/2012/32012D0196.md
32012D0196	Artigo 21.º		508	598	1934	ue/decisoes/2012/32012D0196.md
32012D0196	Artigo 22.º		604	642	872	ue/decisoes/2012/32012D0196.md
32012D0196	Artigo 23.º		644	648	137	ue/decisoes/2012/32012D0196.md
32012D0196	Artigo 24.º		650	656	87	ue/decisoes/2012/32012D0196.md
32012D0196	Artigo 25.º		666	672	257	ue/decisoes/2012/32012D0196.md
32012D0196	Artigo 26.º		674	698	171	ue/decisoes/2012/32012D0196.md
32012D0196	Artigo 27.º		700	704	40	ue/decisoes/2012/32012D0196.md
32012D0196	Artigo 28.º		706	740	275	ue/decisoes/2012/32012D0196.md
32012D0196	Artigo 29.º		742	746	80	ue/decisoes/2012/32012D0196.md
32012D0196	Artigo 30.º		752	756	79	ue/decisoes/2012/32012D0196.md
32012D0196	Artigo 31.º		758	778	262	ue/decisoes/2012/32012D0196.md
32012D0196	Artigo 32.º		780	840	1796	ue/decisoes/2012/32012D0196.md
32012D0196	Artigo 33.º		846	850	98	ue/decisoes/2012/32012D0196.md
32012D0196	Artigo 34.º		852	856	178	ue/decisoes/2012/32012D0196.md
32012D0196	Artigo 35.º		858	944	1024	ue/decisoes/2012/32012D0196.md
32012D0196	Artigo 36.º		954	974	1143	ue/decisoes/2012/32012D0196.md
32012D0196	Artigo 37.º		976	982	205	ue/decisoes/2012/32012D0196.md
32012D0196	Artigo 38.º		984	1060	660	ue/decisoes/2012/32012D0196.md
32012D0196	Artigo 39.º		1066	1072	272	ue/decisoes/2012/32012D0196.md
32012D0196	Artigo 40.º		1074	1136	838	ue/decisoes/2012/32012D0196.md
32012D0196	Artigo 41.º		1138	1176	392	ue/decisoes/2012/32012D0196.md
32012D0196	Artigo 42.º		1178	1224	246	ue/decisoes/2012/32012D0196.md
32012D0196	Artigo 43.º		1226	1268	278	ue/decisoes/2012/32012D0196.md
32012D0196	Artigo 44.º		1270	1304	328	ue/decisoes/2012/32012D0196.md
32012D0196	Artigo 45.º		1310	1318	175	ue/decisoes/2012/32012D0196.md
32012D0196	Artigo 46.º		1320	1362	355	ue/decisoes/2012/32012D0196.md
32012D0196	Artigo 47.º		1364	1418	496	ue/decisoes/2012/32012D0196.md
32012D0196	Artigo 48.º		1420	1454	330	ue/decisoes/2012/32012D0196.md
32012D0196	Artigo 49.º		1460	1466	151	ue/decisoes/2012/32012D0196.md
32012D0196	Artigo 50.º		1468	1514	356	ue/decisoes/2012/32012D0196.md
32012D0196	Artigo 51.º		1516	1598	619	ue/decisoes/2012/32012D0196.md
32012D0196	Artigo 52.º		1600	1608	189	ue/decisoes/2012/32012D0196.md
32012D0196	Artigo 53.º		1614	1682	346	ue/decisoes/2012/32012D0196.md
32012D0196	Artigo 54.º		1692	1702	253	ue/decisoes/2012/32012D0196.md
32012D0196	Artigo 55.º		1704	1716	411	ue/decisoes/2012/32012D0196.md
32012D0196	Artigo 56.º		1722	1778	539	ue/decisoes/2012/32012D0196.md
32012D0196	Artigo 57.º		1780	1818	347	ue/decisoes/2012/32012D0196.md
32012D0196	Artigo 58.º		1820	1828	310	ue/decisoes/2012/32012D0196.md
32012D0196	Artigo 59.º		1834	1838	52	ue/decisoes/2012/32012D0196.md
32012D0196	Artigo 60.º		1840	1850	350	ue/decisoes/2012/32012D0196.md
32012D0196	Artigo 61.º		1852	1862	352	ue/decisoes/2012/32012D0196.md
32012D0196	Artigo 62.º		1864	1884	440	ue/decisoes/2012/32012D0196.md
32012D0196	Artigo 63.º		1886	1890	84	ue/decisoes/2012/32012D0196.md
32012D0196	Artigo 64.º		1892	1902	136	ue/decisoes/2012/32012D0196.md
32012D0196	Artigo 65.º		1904	1914	399	ue/decisoes/2012/32012D0196.md
32012D0196	Artigo 66.º		1916	1926	239	ue/decisoes/2012/32012D0196.md
32012D0196	Artigo 67.º		1928	1936	278	ue/decisoes/2012/32012D0196.md
32012D0196	Artigo 68.º		1938	1944	71	ue/decisoes/2012/32012D0196.md
32012D0196	Artigo 69.º		1946	1950	85	ue/decisoes/2012/32012D0196.md
32012D0196	Artigo 70.º		1952	2086	894	ue/decisoes/2012/32012D0196.md
32012D0196	ANEXO I		2088	2152	1707	ue/decisoes/2012/32012D0196.md
32012D0196	ANEXO II		2154	755454	539710	ue/decisoes/2012/32012D0196.md
32012D0196	ANEXO III		755456	755634	762	ue/decisoes/2012/32012D0196.md
32012D0196	ANEXO IV		755636	756350	7396	ue/decisoes/2012/32012D0196.md
32012D0196	ANEXO I ao Protocolo n.o 1:		756580	756582	18	ue/decisoes/2012/32012D0196.md
32012D0196	ANEXO II ao Protocolo n.o 1:		756584	756586	55	ue/decisoes/2012/32012D0196.md
32012D0196	ANEXO II(a) ao Protocolo n.o 1:		756588	756590	68	ue/decisoes/2012/32012D0196.md
32012D0196	ANEXO III ao Protocolo n.o 1:		756592	756594	19	ue/decisoes/2012/32012D0196.md
32012D0196	ANEXO IV ao Protocolo n.o 1:		756596	756598	14	ue/decisoes/2012/32012D0196.md
32012D0196	ANEXO V A ao Protocolo n.o 1:		756600	756602	28	ue/decisoes/2012/32012D0196.md
32012D0196	ANEXO V B ao Protocolo n.o 1:		756604	756606	28	ue/decisoes/2012/32012D0196.md
32012D0196	ANEXO VI ao Protocolo n.o 1:		756608	756610	13	ue/decisoes/2012/32012D0196.md
32012D0196	ANEXO VII ao Protocolo n.o 1:		756612	756614	17	ue/decisoes/2012/32012D0196.md
32012D0196	ANEXO VIII ao Protocolo n.o 1:		756616	756618	18	ue/decisoes/2012/32012D0196.md
32012D0196	ANEXO IX ao Protocolo n.o 1:		756620	756622	17	ue/decisoes/2012/32012D0196.md
32012D0196	ANEXO X ao Protocolo n.o 1:		756624	756626	52	ue/decisoes/2012/32012D0196.md
32012D0196	ANEXO XI ao Protocolo n.o 1:		756628	756630	13	ue/decisoes/2012/32012D0196.md
32012D0196	ANEXO XII ao Protocolo n.o 1:		756632	756634	30	ue/decisoes/2012/32012D0196.md
32012D0196	ANEXO XIII ao Protocolo n.o 1:		756636	756638	44	ue/decisoes/2012/32012D0196.md
32012D0196	Artigo 1.º		756644	756708	681	ue/decisoes/2012/32012D0196.md
32012D0196	Artigo 2.º		756714	756736	260	ue/decisoes/2012/32012D0196.md
32012D0196	Artigo 3.º		756738	756766	924	ue/decisoes/2012/32012D0196.md
32012D0196	Artigo 4.º		756768	756798	1097	ue/decisoes/2012/32012D0196.md
32012D0196	Artigo 5.º		756800	756816	296	ue/decisoes/2012/32012D0196.md
32012D0196	Artigo 6.º		756818	756908	886	ue/decisoes/2012/32012D0196.md
32012D0196	Artigo 7.º		756910	756932	494	ue/decisoes/2012/32012D0196.md
32012D0196	Artigo 8.º		756934	757004	532	ue/decisoes/2012/32012D0196.md
32012D0196	Artigo 9.º		757006	757022	230	ue/decisoes/2012/32012D0196.md
32012D0196	Artigo 10.º		757024	757028	106	ue/decisoes/2012/32012D0196.md
32012D0196	Artigo 11.º		757030	757034	109	ue/decisoes/2012/32012D0196.md
32012D0196	Artigo 12.º		757036	757056	92	ue/decisoes/2012/32012D0196.md
32012D0196	Artigo 13.º		757062	757076	205	ue/decisoes/2012/32012D0196.md
32012D0196	Artigo 14.º		757078	757112	417	ue/decisoes/2012/32012D0196.md
32012D0196	Artigo 15.º		757114	757140	414	ue/decisoes/2012/32012D0196.md
32012D0196	Artigo 16.º		757146	757162	285	ue/decisoes/2012/32012D0196.md
32012D0196	Artigo 17.º		757164	757180	643	ue/decisoes/2012/32012D0196.md
32012D0196	Artigo 18.º		757182	757204	301	ue/decisoes/2012/32012D0196.md
32012D0196	Artigo 19.º		757206	757218	164	ue/decisoes/2012/32012D0196.md
32012D0196	Artigo 20.º		757220	757224	169	ue/decisoes/2012/32012D0196.md
32012D0196	Artigo 21.º		757226	757248	532	ue/decisoes/2012/32012D0196.md
32012D0196	Artigo 22.º		757250	757262	314	ue/decisoes/2012/32012D0196.md
32012D0196	Artigo 23.º		757264	757272	182	ue/decisoes/2012/32012D0196.md
32012D0196	Artigo 24.º		757274	757294	136	ue/decisoes/2012/32012D0196.md
32012D0196	Artigo 25.º		757296	757300	112	ue/decisoes/2012/32012D0196.md
32012D0196	Artigo 26.º		757302	757306	136	ue/decisoes/2012/32012D0196.md
32012D0196	Artigo 27.º		757308	757316	288	ue/decisoes/2012/32012D0196.md
32012D0196	Artigo 28.º		757318	757336	672	ue/decisoes/2012/32012D0196.md
32012D0196	Artigo 29.º		757338	757358	430	ue/decisoes/2012/32012D0196.md
32012D0196	Artigo 30.º		757360	757372	277	ue/decisoes/2012/32012D0196.md
32012D0196	Artigo 31.º		757374	757380	159	ue/decisoes/2012/32012D0196.md
32012D0196	Artigo 32.º		757382	757394	511	ue/decisoes/2012/32012D0196.md
32012D0196	Artigo 33.º		757400	757416	239	ue/decisoes/2012/32012D0196.md
32012D0196	Artigo 34.º		757418	757428	304	ue/decisoes/2012/32012D0196.md
32012D0196	Artigo 35.º		757430	757436	194	ue/decisoes/2012/32012D0196.md
32012D0196	Artigo 36.º		757438	757454	713	ue/decisoes/2012/32012D0196.md
32012D0196	Artigo 37.º		757456	757470	500	ue/decisoes/2012/32012D0196.md
32012D0196	Artigo 38.º		757472	757478	140	ue/decisoes/2012/32012D0196.md
32012D0196	Artigo 39.º		757480	757484	48	ue/decisoes/2012/32012D0196.md
32012D0196	Artigo 40.º		757486	757492	214	ue/decisoes/2012/32012D0196.md
32012D0196	Artigo 41.º		757494	757508	328	ue/decisoes/2012/32012D0196.md
32012D0196	Artigo 42.º		757510	757616	1476	ue/decisoes/2012/32012D0196.md
32012D0196	Artigo 43.º		757622	757636	300	ue/decisoes/2012/32012D0196.md
32012D0196	Artigo 44.º		757642	757646	28	ue/decisoes/2012/32012D0196.md
32012D0196	Artigo 45.º		757648	757652	22	ue/decisoes/2012/32012D0196.md
32012D0196	Artigo 46.º		757654	757658	43	ue/decisoes/2012/32012D0196.md
32012D0196	ANEXO I ao Protocolo 1		757660	758038	4208	ue/decisoes/2012/32012D0196.md
32012D0196	ANEXO II ao Protocolo 1		758040	762686	39103	ue/decisoes/2012/32012D0196.md
32012D0196	ANEXO II(a) ao Protocolo 1		762688	762922	1948	ue/decisoes/2012/32012D0196.md
32012D0196	ANEXO III ao Protocolo 1		762924	763108	1498	ue/decisoes/2012/32012D0196.md
32012D0196	ANEXO IV ao Protocolo 1		763110	763220	1474	ue/decisoes/2012/32012D0196.md
32012D0196	ANEXO V A ao Protocolo 1		763222	763250	395	ue/decisoes/2012/32012D0196.md
32012D0196	ANEXO V B ao Protocolo 1		763252	763292	507	ue/decisoes/2012/32012D0196.md
32012D0196	ANEXO VI ao Protocolo 1		763294	763440	920	ue/decisoes/2012/32012D0196.md
32012D0196	ANEXO VII ao Protocolo 1		763442	763522	910	ue/decisoes/2012/32012D0196.md
32012D0196	ANEXO VIII ao Protocolo 1		763524	763542	92	ue/decisoes/2012/32012D0196.md
32012D0196	ANEXO IX ao Protocolo 1		763544	763670	322	ue/decisoes/2012/32012D0196.md
32012D0196	ANEXO X ao Protocolo 1		763672	763746	1344	ue/decisoes/2012/32012D0196.md
32012D0196	ANEXO XI ao Protocolo 1		763748	763892	242	ue/decisoes/2012/32012D0196.md
32012D0196	ANEXO XII ao protocolo 1		763894	765898	3796	ue/decisoes/2012/32012D0196.md
32012D0196	ANEXO XIII ao Protocolo 1		765900	767900	7447	ue/decisoes/2012/32012D0196.md
32012D0196	Artigo 1.º		767558	767586	302	ue/decisoes/2012/32012D0196.md
32012D0196	Artigo 2.º		767588	767596	250	ue/decisoes/2012/32012D0196.md
32012D0196	Artigo 3.º		767598	767630	471	ue/decisoes/2012/32012D0196.md
32012D0196	Artigo 4.º		767632	767656	252	ue/decisoes/2012/32012D0196.md
32012D0196	Artigo 5.º		767658	767672	208	ue/decisoes/2012/32012D0196.md
32012D0196	Artigo 6.º		767674	767708	332	ue/decisoes/2012/32012D0196.md
32012D0196	Artigo 7.º		767710	767726	314	ue/decisoes/2012/32012D0196.md
32012D0196	Artigo 8.º		767728	767736	136	ue/decisoes/2012/32012D0196.md
32012D0196	Artigo 9.º		767738	767760	354	ue/decisoes/2012/32012D0196.md
32012D0196	Artigo 10.º		767762	767772	471	ue/decisoes/2012/32012D0196.md
32012D0196	Artigo 11.º		767774	767778	168	ue/decisoes/2012/32012D0196.md
32012D0196	Artigo 12.º		767780	767784	78	ue/decisoes/2012/32012D0196.md
32012D0196	Artigo 13.º		767786	767792	164	ue/decisoes/2012/32012D0196.md
32012D0196	Artigo 14.º		767794	767798	36	ue/decisoes/2012/32012D0196.md
32012D0196	Artigo 15.º		767800	767900	683	ue/decisoes/2012/32012D0196.md
32012D0196	ANEXO I		767902	767906	20	ue/decisoes/2012/32012D0196.md
32012D0196	ANEXO II		767908	767912	50	ue/decisoes/2012/32012D0196.md
32012D0196	ANEXO III		767914	767918	48	ue/decisoes/2012/32012D0196.md
32012D0196	ANEXO IV		767920	768068	1405	ue/decisoes/2012/32012D0196.md
32012D0200	Preâmbulo		18	36	555	ue/decisoes/2012/32012D0200.md
32012D0200	Artigo 1.º		40	42	28	ue/decisoes/2012/32012D0200.md
32012D0200	Artigo 2.º		44	60	70	ue/decisoes/2012/32012D0200.md
32012D0200	ANEXO	«ANEXO	62	142	951	ue/decisoes/2012/32012D0200.md
32012D0201	Preâmbulo		18	36	235	ue/decisoes/2012/32012D0201.md
32012D0201	Artigo 1.º		40	44	27	ue/decisoes/2012/32012D0201.md
32012D0201	«Artigo 3.º-A		46	50	61	ue/decisoes/2012/32012D0201.md
32012D0201	Artigo 2.º		52	66	60	ue/decisoes/2012/32012D0201.md
32012D0201	ANEXO	«ANEXO IV	68	106	917	ue/decisoes/2012/32012D0201.md
32012D0202	Preâmbulo		18	36	347	ue/decisoes/2012/32012D0202.md
32012D0202	Artigo 1.º		40	42	28	ue/decisoes/2012/32012D0202.md
32012D0202	Artigo 2.º		44	58	60	ue/decisoes/2012/32012D0202.md
32012D0202	ANEXO		60	85	634	ue/decisoes/2012/32012D0202.md
32012D0205	Preâmbulo		18	34	176	ue/decisoes/2012/32012D0205.md
32012D0205	Artigo 1.º		38	40	38	ue/decisoes/2012/32012D0205.md
32012D0205	Artigo 2.º		42	54	49	ue/decisoes/2012/32012D0205.md
32012D0205	ANEXO		56	64	30	ue/decisoes/2012/32012D0205.md
32012D0207	Preâmbulo		18	40	584	ue/decisoes/2012/32012D0207.md
32012D0207	Artigo 1.º		44	46	27	ue/decisoes/2012/32012D0207.md
32012D0207	Artigo 2.º		48	68	114	ue/decisoes/2012/32012D0207.md
32012D0209	Preâmbulo		18	38	648	ue/decisoes/2012/32012D0209.md
32012D0209	Artigo 1.º		42	44	111	ue/decisoes/2012/32012D0209.md
32012D0209	Artigo 2.º		46	48	16	ue/decisoes/2012/32012D0209.md
32012D0209	Artigo 3.º		50	70	89	ue/decisoes/2012/32012D0209.md
32012D0211	Preâmbulo		18	46	876	ue/decisoes/2012/32012D0211.md
32012D0211	Artigo 1.º		50	141	2371	ue/decisoes/2012/32012D0211.md
32012D0211	Artigo 2.º		143	145	20	ue/decisoes/2012/32012D0211.md
32012D0211	Artigo 3.º		147	161	58	ue/decisoes/2012/32012D0211.md
32012D0215(01)	Artigo 1.º	Objeto	68	70	53	ue/decisoes/2012/32012D0215(01).md
32012D0215(01)	Artigo 2.º	Funções	72	86	290	ue/decisoes/2012/32012D0215(01).md
32012D0215(01)	Artigo 3.º	Consultas	88	90	36	ue/decisoes/2012/32012D0215(01).md
32012D0215(01)	Artigo 4.º	Composição — Nomeação	92	118	853	ue/decisoes/2012/32012D0215(01).md
32012D0215(01)	Artigo 5.º	Funcionamento	120	136	530	ue/decisoes/2012/32012D0215(01).md
32012D0215(01)	Artigo 6.º	Despesas de reunião	138	144	104	ue/decisoes/2012/32012D0215(01).md
32012D0215(01)	Artigo 7.º	Revogação	146	148	16	ue/decisoes/2012/32012D0215(01).md
32012D0215(01)	Artigo 8.º	Entrada em vigor e aplicabilidade	150	184	257	ue/decisoes/2012/32012D0215(01).md
32012D0215(01)	ANEXO		186	267	1843	ue/decisoes/2012/32012D0215(01).md
32012D0215(01)	Apêndice		269	275	16	ue/decisoes/2012/32012D0215(01).md
32012D0218	Preâmbulo		18	144	6966	ue/decisoes/2012/32012D0218.md
32012D0218	Artigo 1.º		148	152	226	ue/decisoes/2012/32012D0218.md
32012D0218	Artigo 2.º		154	240	2028	ue/decisoes/2012/32012D0218.md
32012D0223(01)	Artigo 1.º	Objeto	54	56	27	ue/decisoes/2012/32012D0223(01).md
32012D0223(01)	Artigo 2.º	Atribuições	58	60	146	ue/decisoes/2012/32012D0223(01).md
32012D0223(01)	Artigo 3.º	Consulta	62	64	37	ue/decisoes/2012/32012D0223(01).md
32012D0223(01)	Artigo 4.º	Composição — Nomeação	66	78	494	ue/decisoes/2012/32012D0223(01).md
32012D0223(01)	Artigo 5.º	Funcionamento	80	94	400	ue/decisoes/2012/32012D0223(01).md
32012D0223(01)	Artigo 6.º	Despesas de reunião	96	102	117	ue/decisoes/2012/32012D0223(01).md
32012D0223(01)	Artigo 7.º	Entrada em vigor	104	120	171	ue/decisoes/2012/32012D0223(01).md
32012D0224	Preâmbulo		18	36	705	ue/decisoes/2012/32012D0224.md
32012D0224	Artigo 1.º		40	118	3392	ue/decisoes/2012/32012D0224.md
32012D0224	Artigo 2.º		120	134	58	ue/decisoes/2012/32012D0224.md
32012D0226	Artigo 1.º	Objeto e definições	66	70	93	ue/decisoes/2012/32012D0226.md
32012D0226	Artigo 2.º	Valores nacionais de referência	72	74	59	ue/decisoes/2012/32012D0226.md
32012D0226	Artigo 3.º	Objetivos comuns de segurança	76	78	58	ue/decisoes/2012/32012D0226.md
32012D0226	Artigo 4.º	Revogação	80	82	16	ue/decisoes/2012/32012D0226.md
32012D0226	Artigo 5.º	Destinatários	84	86	23	ue/decisoes/2012/32012D0226.md
32012D0226	ANEXO		88	308	2434	ue/decisoes/2012/32012D0226.md
32012D0227	Preâmbulo		18	68	1271	ue/decisoes/2012/32012D0227.md
32012D0227	Artigo 1.º		72	74	70	ue/decisoes/2012/32012D0227.md
32012D0227	Artigo 2.º		76	100	102	ue/decisoes/2012/32012D0227.md
32012D0227	Artigo 1.º		102	113	739	ue/decisoes/2012/32012D0227.md
32012D0227	Artigo 2.º		115	117	52	ue/decisoes/2012/32012D0227.md
32012D0227	Artigo 3.º		119	121	46	ue/decisoes/2012/32012D0227.md
32012D0227	Artigo 4.º		123	149	144	ue/decisoes/2012/32012D0227.md
32012D0228	Preâmbulo		18	52	524	ue/decisoes/2012/32012D0228.md
32012D0228	Artigo 1.º		56	58	59	ue/decisoes/2012/32012D0228.md
32012D0228	Artigo 2.º		60	78	75	ue/decisoes/2012/32012D0228.md
32012D0228	Artigo 1.º		80	85	159	ue/decisoes/2012/32012D0228.md
32012D0228	Artigo 2.º		87	89	44	ue/decisoes/2012/32012D0228.md
32012D0228	Artigo 3.º		91	93	46	ue/decisoes/2012/32012D0228.md
32012D0228	Artigo 4.º		95	111	97	ue/decisoes/2012/32012D0228.md
32012D0229	Preâmbulo		18	52	733	ue/decisoes/2012/32012D0229.md
32012D0229	Artigo 1.º		56	58	72	ue/decisoes/2012/32012D0229.md
32012D0229	Artigo 2.º		60	84	263	ue/decisoes/2012/32012D0229.md
32012D0229	Artigo 1.º		86	111	541	ue/decisoes/2012/32012D0229.md
32012D0229	Artigo 2.º		113	115	67	ue/decisoes/2012/32012D0229.md
32012D0229	Artigo 3.º		117	119	47	ue/decisoes/2012/32012D0229.md
32012D0229	Artigo 4.º		121	137	98	ue/decisoes/2012/32012D0229.md
32012D0230	Preâmbulo		18	124	4778	ue/decisoes/2012/32012D0230.md
32012D0230	Artigo 1.º		128	130	82	ue/decisoes/2012/32012D0230.md
32012D0230	Artigo 2.º		132	166	331	ue/decisoes/2012/32012D0230.md
32012D0231	Preâmbulo		18	34	254	ue/decisoes/2012/32012D0231.md
32012D0231	Artigo 1.º		38	40	182	ue/decisoes/2012/32012D0231.md
32012D0231	Artigo 2.º		42	56	79	ue/decisoes/2012/32012D0231.md
32012D0232	Artigo 1.º		36	40	160	ue/decisoes/2012/32012D0232.md
32012D0232	Artigo 2.º		42	56	171	ue/decisoes/2012/32012D0232.md
32012D0232	Artigo 3.º		58	62	110	ue/decisoes/2012/32012D0232.md
32012D0232	Artigo 4.º		64	70	157	ue/decisoes/2012/32012D0232.md
32012D0232	Artigo 5.º		72	74	22	ue/decisoes/2012/32012D0232.md
32012D0232	Artigo 6.º		76	78	16	ue/decisoes/2012/32012D0232.md
32012D0233	Preâmbulo		18	52	1246	ue/decisoes/2012/32012D0233.md
32012D0233	Artigo 1.º		56	58	39	ue/decisoes/2012/32012D0233.md
32012D0233	Artigo 2.º		60	62	28	ue/decisoes/2012/32012D0233.md
32012D0233	Artigo 3.º		64	92	125	ue/decisoes/2012/32012D0233.md
32012D0234	Artigo 1.º		70	74	152	ue/decisoes/2012/32012D0234.md
32012D0234	Artigo 2.º		76	78	82	ue/decisoes/2012/32012D0234.md
32012D0234	Artigo 3.º		80	82	19	ue/decisoes/2012/32012D0234.md
32012D0234	ANEXO I		84	174	2396	ue/decisoes/2012/32012D0234.md
32012D0234	ANEXO II		176	204	230	ue/decisoes/2012/32012D0234.md
32012D0238	Preâmbulo		18	48	1014	ue/decisoes/2012/32012D0238.md
32012D0238	Artigo 1.º		52	54	62	ue/decisoes/2012/32012D0238.md
32012D0238	Artigo 2.º		56	58	33	ue/decisoes/2012/32012D0238.md
32012D0238	Artigo 3.º		60	78	102	ue/decisoes/2012/32012D0238.md
32012D0240	Preâmbulo		22	56	1708	ue/decisoes/2012/32012D0240.md
32012D0240	Artigo 1.º		60	64	136	ue/decisoes/2012/32012D0240.md
32012D0240	Artigo 2.º		66	68	72	ue/decisoes/2012/32012D0240.md
32012D0240	Artigo 3.º		70	86	70	ue/decisoes/2012/32012D0240.md
32012D0240	ANEXO I		88	184	2204	ue/decisoes/2012/32012D0240.md
32012D0240	ANEXO II		186	197	81	ue/decisoes/2012/32012D0240.md
32012D0243	Artigo 1.º	Finalidade e âmbito de aplicação	36	46	516	ue/decisoes/2012/32012D0243.md
32012D0243	Artigo 2.º	Princípios gerais de regulamentação	48	68	568	ue/decisoes/2012/32012D0243.md
32012D0243	Artigo 3.º	Objetivos políticos	70	98	1048	ue/decisoes/2012/32012D0243.md
32012D0243	Artigo 4.º	Maior eficiência e flexibilidade	100	122	826	ue/decisoes/2012/32012D0243.md
32012D0243	Artigo 6.º	Necessidades de espetro para comunicações de banda larga sem fios	124	152	1318	ue/decisoes/2012/32012D0243.md
32012D0243	Artigo 7.º	Necessidades de espetro para outras políticas de comunicação sem fios	154	156	134	ue/decisoes/2012/32012D0243.md
32012D0243	Artigo 8.º	Necessidades de espetro para outros domínios específicos da política da União	158	170	683	ue/decisoes/2012/32012D0243.md
32012D0243	Artigo 9.º	Inventário	172	196	754	ue/decisoes/2012/32012D0243.md
32012D0243	Artigo 10.º	Negociações internacionais	198	212	530	ue/decisoes/2012/32012D0243.md
32012D0243	Artigo 11.º	Cooperação entre diversos organismos	214	218	198	ue/decisoes/2012/32012D0243.md
32012D0243	Artigo 12.º	Consulta pública	220	222	60	ue/decisoes/2012/32012D0243.md
32012D0243	Artigo 13.º	Procedimento de comité	224	228	129	ue/decisoes/2012/32012D0243.md
32012D0243	Artigo 14.º	Aplicação das orientações e objetivos políticos	230	232	63	ue/decisoes/2012/32012D0243.md
32012D0243	Artigo 15.º	Apresentação de relatórios e revisão	234	240	115	ue/decisoes/2012/32012D0243.md
32012D0243	Artigo 16.º	Entrada em vigor	242	244	39	ue/decisoes/2012/32012D0243.md
32012D0243	Artigo 17.º	Destinatários	246	252	140	ue/decisoes/2012/32012D0243.md
32012D0243(01)	Preâmbulo		18	38	315	ue/decisoes/2012/32012D0243(01).md
32012D0243(01)	Artigo 1.º		42	44	49	ue/decisoes/2012/32012D0243(01).md
32012D0243(01)	Artigo 2.º		46	48	45	ue/decisoes/2012/32012D0243(01).md
32012D0243(01)	Artigo 3.º		50	52	80	ue/decisoes/2012/32012D0243(01).md
32012D0243(01)	Artigo 4.º		54	62	197	ue/decisoes/2012/32012D0243(01).md
32012D0243(01)	Artigo 5.º		64	76	69	ue/decisoes/2012/32012D0243(01).md
32012D0245	Preâmbulo		18	42	544	ue/decisoes/2012/32012D0245.md
32012D0245	Artigo 1.º		46	48	58	ue/decisoes/2012/32012D0245.md
32012D0245	Artigo 2.º		50	66	80	ue/decisoes/2012/32012D0245.md
32012D0245	ANEXO		68	138	1278	ue/decisoes/2012/32012D0245.md
32012D0245	Artigo 1.º		70	72	42	ue/decisoes/2012/32012D0245.md
32012D0245	Artigo 2.º		74	82	135	ue/decisoes/2012/32012D0245.md
32012D0245	Artigo 3.º		84	86	35	ue/decisoes/2012/32012D0245.md
32012D0245	Artigo 4.º		88	90	105	ue/decisoes/2012/32012D0245.md
32012D0245	Artigo 5.º		92	94	133	ue/decisoes/2012/32012D0245.md
32012D0245	Artigo 6.º		96	100	156	ue/decisoes/2012/32012D0245.md
32012D0245	Artigo 7.º		102	104	114	ue/decisoes/2012/32012D0245.md
32012D0245	Artigo 8.º		106	112	177	ue/decisoes/2012/32012D0245.md
32012D0245	Artigo 9.º		114	116	93	ue/decisoes/2012/32012D0245.md
32012D0245	Artigo 10.º		118	120	41	ue/decisoes/2012/32012D0245.md
32012D0245	Artigo 11.º		122	124	88	ue/decisoes/2012/32012D0245.md
32012D0245	Artigo 12.º		126	128	38	ue/decisoes/2012/32012D0245.md
32012D0245	Artigo 13.º		130	134	100	ue/decisoes/2012/32012D0245.md
32012D0245	Artigo 14.º		136	138	16	ue/decisoes/2012/32012D0245.md
32012D0246	Preâmbulo		18	42	644	ue/decisoes/2012/32012D0246.md
32012D0246	Artigo 1.º		46	70	372	ue/decisoes/2012/32012D0246.md
32012D0246	«Artigo 10.º	Informação sobre infrações	72	86	198	ue/decisoes/2012/32012D0246.md
32012D0246	Artigo 2.º		88	108	120	ue/decisoes/2012/32012D0246.md
32012D0246	ANEXO	«ANEXO I	110	532	5264	ue/decisoes/2012/32012D0246.md
32012D0247	Preâmbulo		18	54	745	ue/decisoes/2012/32012D0247.md
32012D0247	Artigo 1.º		58	60	164	ue/decisoes/2012/32012D0247.md
32012D0247	Artigo 2.º		62	78	110	ue/decisoes/2012/32012D0247.md
32012D0249	Preâmbulo		22	42	469	ue/decisoes/2012/32012D0249.md
32012D0249	Artigo 1.º	Objeto e âmbito de aplicação	46	50	87	ue/decisoes/2012/32012D0249.md
32012D0249	Artigo 2.º	Definições	52	58	174	ue/decisoes/2012/32012D0249.md
32012D0249	Artigo 3.º	Regras gerais para a determinação dos períodos de arranque e de paragem	60	68	206	ue/decisoes/2012/32012D0249.md
32012D0249	Artigo 4.º	Determinação dos períodos de arranque e de paragem na licença	70	86	526	ue/decisoes/2012/32012D0249.md
32012D0249	Artigo 5.º	Determinação dos períodos de arranque e de paragem de instalações de combustão constituídas por duas ou mais unidades	88	98	474	ue/decisoes/2012/32012D0249.md
32012D0249	Artigo 6.º	Determinação dos períodos de arranque e de paragem de instalações de combustão produtoras de eletricidade ou de energia para propulsão mecânica utilizando limia	100	108	349	ue/decisoes/2012/32012D0249.md
32012D0249	Artigo 7.º	Determinação dos períodos de arranque e de paragem de instalações de combustão produtoras de calor utilizando limiares de carga	110	118	316	ue/decisoes/2012/32012D0249.md
32012D0249	Artigo 8.º	Determinação dos períodos de arranque e de paragem de instalações de combustão produtoras de eletricidade e calor utilizando limiares de carga	120	122	101	ue/decisoes/2012/32012D0249.md
32012D0249	Artigo 9.º	Determinação dos períodos de arranque e de paragem utilizando parâmetros operacionais ou processos discretos	124	132	188	ue/decisoes/2012/32012D0249.md
32012D0249	Artigo 10.º		134	146	52	ue/decisoes/2012/32012D0249.md
32012D0249	ANEXO		148	181	381	ue/decisoes/2012/32012D0249.md
32012D0251	Preâmbulo		18	70	1210	ue/decisoes/2012/32012D0251.md
32012D0251	Artigo 1.º		74	76	76	ue/decisoes/2012/32012D0251.md
32012D0251	Artigo 2.º		78	106	234	ue/decisoes/2012/32012D0251.md
32012D0251	Artigo 1.º		108	110	43	ue/decisoes/2012/32012D0251.md
32012D0251	Artigo 2.º		112	117	98	ue/decisoes/2012/32012D0251.md
32012D0251	Artigo 3.º		119	121	68	ue/decisoes/2012/32012D0251.md
32012D0251	Artigo 4.º		123	125	48	ue/decisoes/2012/32012D0251.md
32012D0251	Artigo 5.º		127	157	262	ue/decisoes/2012/32012D0251.md
32012D0251	ANEXO I	da Decisão n.º …/2012 do Comité Misto do EEE	159	225	2255	ue/decisoes/2012/32012D0251.md
32012D0251	ANEXO II	da Decisão n.º …/2012 do Comité Misto do EEE	227	227	15	ue/decisoes/2012/32012D0251.md
32012D0251	Apêndice 5		229	472	4021	ue/decisoes/2012/32012D0251.md
32012D0251	ANEXO III	da Decisão n.º …/2012 do Comité Misto do EEE	474	474	15	ue/decisoes/2012/32012D0251.md
32012D0251	Apêndice 6		476	719	3879	ue/decisoes/2012/32012D0251.md
32012D0252	Preâmbulo		18	434	20128	ue/decisoes/2012/32012D0252.md
32012D0252	Artigo 1.º		438	440	66	ue/decisoes/2012/32012D0252.md
32012D0252	Artigo 2.º		442	444	73	ue/decisoes/2012/32012D0252.md
32012D0252	Artigo 3.º		446	454	132	ue/decisoes/2012/32012D0252.md
32012D0252	Artigo 4.º		456	460	52	ue/decisoes/2012/32012D0252.md
32012D0252	Artigo 5.º		462	472	237	ue/decisoes/2012/32012D0252.md
32012D0252	Artigo 6.º		474	570	1816	ue/decisoes/2012/32012D0252.md
32012D0252	ANEXO		572	587	166	ue/decisoes/2012/32012D0252.md
32012D0254	Preâmbulo		18	42	685	ue/decisoes/2012/32012D0254.md
32012D0254	Artigo 1.º		46	48	37	ue/decisoes/2012/32012D0254.md
32012D0254	Artigo 2.º		50	52	53	ue/decisoes/2012/32012D0254.md
32012D0254	Artigo 3.º		54	68	61	ue/decisoes/2012/32012D0254.md
32012D0257	Preâmbulo		18	42	697	ue/decisoes/2012/32012D0257.md
32012D0257	Artigo 1.º		46	48	27	ue/decisoes/2012/32012D0257.md
32012D0257	Artigo 2.º		50	52	61	ue/decisoes/2012/32012D0257.md
32012D0257	Artigo 3.º		54	68	61	ue/decisoes/2012/32012D0257.md
32012D0261	Preâmbulo		18	42	508	ue/decisoes/2012/32012D0261.md
32012D0261	Artigo 1.º		46	48	60	ue/decisoes/2012/32012D0261.md
32012D0261	Artigo 2.º		50	70	74	ue/decisoes/2012/32012D0261.md
32012D0262	Artigo 1.º		64	98	364	ue/decisoes/2012/32012D0262.md
32012D0262	Artigo 2.º		100	112	79	ue/decisoes/2012/32012D0262.md
32012D0264	Preâmbulo		18	40	506	ue/decisoes/2012/32012D0264.md
32012D0264	Artigo 1.º		44	48	54	ue/decisoes/2012/32012D0264.md
32012D0264	Artigo 2.º		50	68	90	ue/decisoes/2012/32012D0264.md
32012D0265	Preâmbulo		18	52	795	ue/decisoes/2012/32012D0265.md
32012D0265	Artigo 1.º		56	58	135	ue/decisoes/2012/32012D0265.md
32012D0265	Artigo 2.º		60	74	73	ue/decisoes/2012/32012D0265.md
32012D0268	Preâmbulo		18	454	22012	ue/decisoes/2012/32012D0268.md
32012D0268	Artigo 1.º		458	460	116	ue/decisoes/2012/32012D0268.md
32012D0268	Artigo 2.º		462	464	69	ue/decisoes/2012/32012D0268.md
32012D0268	Artigo 3.º		466	468	58	ue/decisoes/2012/32012D0268.md
32012D0268	Artigo 4.º		470	472	56	ue/decisoes/2012/32012D0268.md
32012D0268	Artigo 5.º		474	564	1112	ue/decisoes/2012/32012D0268.md
32012D0269	Preâmbulo		18	742	29252	ue/decisoes/2012/32012D0269.md
32012D0269	Artigo 1.º		746	764	440	ue/decisoes/2012/32012D0269.md
32012D0269	Artigo 2.º		766	768	87	ue/decisoes/2012/32012D0269.md
32012D0269	Artigo 3.º		770	928	3412	ue/decisoes/2012/32012D0269.md
32012D0269	ANEXO I		930	969	3364	ue/decisoes/2012/32012D0269.md
32012D0269	ANEXO II		971	1020	1788	ue/decisoes/2012/32012D0269.md
32012D0270	Artigo 1.º	Proibições que dizem respeito aos organismos Epitrix cucumeris (Harris), ►M2 Epitrix Papa sp. n. ◄ , Epitrix subcrinita (Lec.) e Epitrix tuberis (Gentner)	40	42	98	ue/decisoes/2012/32012D0270.md
32012D0270	Artigo 2.º	Introdução de tubérculos de batata na União	44	50	153	ue/decisoes/2012/32012D0270.md
32012D0270	Artigo 3.º	Circulação de tubérculos de batata na União	52	68	430	ue/decisoes/2012/32012D0270.md
32012D0270	Artigo 3.º-A	Requisitos relativos a veículos, embalagens, máquinas e resíduos de terra	70	80	298	ue/decisoes/2012/32012D0270.md
32012D0270	Artigo 3.º-B	Requisitos aplicáveis a instalações de acondicionamento situadas fora das zonas demarcadas em causa	82	90	170	ue/decisoes/2012/32012D0270.md
32012D0270	Artigo 4.º	Investigações e notificações respeitantes aos organismos especificados	92	100	198	ue/decisoes/2012/32012D0270.md
32012D0270	Artigo 5.º	Zonas demarcadas e medidas a tomar nessas zonas	102	112	222	ue/decisoes/2012/32012D0270.md
32012D0270	Artigo 6.º	Cumprimento	114	120	106	ue/decisoes/2012/32012D0270.md
32012D0270	Artigo 8.º	Destinatários	122	124	23	ue/decisoes/2012/32012D0270.md
32012D0270	ANEXO I		126	186	1219	ue/decisoes/2012/32012D0270.md
32012D0270	ANEXO II		188	244	980	ue/decisoes/2012/32012D0270.md
32012D0271	Preâmbulo		18	52	521	ue/decisoes/2012/32012D0271.md
32012D0271	Artigo 1.º		56	58	57	ue/decisoes/2012/32012D0271.md
32012D0271	Artigo 2.º		60	76	67	ue/decisoes/2012/32012D0271.md
32012D0271	Artigo 1.º		78	83	228	ue/decisoes/2012/32012D0271.md
32012D0271	Artigo 2.º		85	87	45	ue/decisoes/2012/32012D0271.md
32012D0271	Artigo 3.º		89	105	92	ue/decisoes/2012/32012D0271.md
32012D0272	Preâmbulo		18	36	606	ue/decisoes/2012/32012D0272.md
32012D0272	Artigo 1.º		40	42	64	ue/decisoes/2012/32012D0272.md
32012D0272	Artigo 2.º		44	46	33	ue/decisoes/2012/32012D0272.md
32012D0272	Artigo 3.º		48	60	64	ue/decisoes/2012/32012D0272.md
32012D0273	Preâmbulo		18	36	583	ue/decisoes/2012/32012D0273.md
32012D0273	Artigo 1.º		40	42	60	ue/decisoes/2012/32012D0273.md
32012D0273	Artigo 2.º		44	46	34	ue/decisoes/2012/32012D0273.md
32012D0273	Artigo 3.º		48	60	66	ue/decisoes/2012/32012D0273.md
32012D0274	Preâmbulo		18	60	1774	ue/decisoes/2012/32012D0274.md
32012D0274	Artigo 1.º		64	230	442	ue/decisoes/2012/32012D0274.md
32012D0274	Artigo 2.º		232	262	265	ue/decisoes/2012/32012D0274.md
32012D0275	Preâmbulo		18	38	473	ue/decisoes/2012/32012D0275.md
32012D0275	Artigo 1.º		42	46	108	ue/decisoes/2012/32012D0275.md
32012D0275	Artigo 2.º		48	66	104	ue/decisoes/2012/32012D0275.md
32012D0275	ANEXO	«APÊNDICE IV	68	760	1212	ue/decisoes/2012/32012D0275.md
32012D0276	Preâmbulo		18	44	894	ue/decisoes/2012/32012D0276.md
32012D0276	Artigo 1.º		48	50	64	ue/decisoes/2012/32012D0276.md
32012D0276	Artigo 2.º		52	72	138	ue/decisoes/2012/32012D0276.md
32012D0276	ANEXO		74	93	168	ue/decisoes/2012/32012D0276.md
32012D0277	Preâmbulo		18	38	286	ue/decisoes/2012/32012D0277.md
32012D0277	Artigo 1.º		42	44	27	ue/decisoes/2012/32012D0277.md
32012D0277	Artigo 2.º		46	60	60	ue/decisoes/2012/32012D0277.md
32012D0277	ANEXO		62	90	163	ue/decisoes/2012/32012D0277.md
32012D0278	Preâmbulo		18	236	7118	ue/decisoes/2012/32012D0278.md
32012D0278	Artigo 1.º		240	242	73	ue/decisoes/2012/32012D0278.md
32012D0278	Artigo 2.º		244	246	63	ue/decisoes/2012/32012D0278.md
32012D0278	Artigo 3.º		248	264	82	ue/decisoes/2012/32012D0278.md
32012D0279	Preâmbulo		18	36	602	ue/decisoes/2012/32012D0279.md
32012D0279	Artigo 1.º		40	42	68	ue/decisoes/2012/32012D0279.md
32012D0279	Artigo 2.º		44	46	34	ue/decisoes/2012/32012D0279.md
32012D0279	Artigo 3.º		48	60	73	ue/decisoes/2012/32012D0279.md
32012D0280	Preâmbulo		18	38	423	ue/decisoes/2012/32012D0280.md
32012D0280	Artigo 1.º		42	48	108	ue/decisoes/2012/32012D0280.md
32012D0280	Artigo 2.º		50	52	19	ue/decisoes/2012/32012D0280.md
32012D0280	Artigo 3.º		54	68	58	ue/decisoes/2012/32012D0280.md
32012D0281(01)	Artigo 1.º		58	64	112	ue/decisoes/2012/32012D0281(01).md
32012D0281(01)	Artigo 2.º		66	80	132	ue/decisoes/2012/32012D0281(01).md
32012D0281(01)	Artigo 3.º		82	86	126	ue/decisoes/2012/32012D0281(01).md
32012D0281(01)	Artigo 4.º		88	96	222	ue/decisoes/2012/32012D0281(01).md
32012D0281(01)	Artigo 5.º		98	102	87	ue/decisoes/2012/32012D0281(01).md
32012D0281(01)	Artigo 6.º		104	112	85	ue/decisoes/2012/32012D0281(01).md
32012D0281(01)	ANEXO À DECISÃO DO CONSELHO EM APOIO À PROPOSTA DA UNIÃO DE CÓDIGO DE CONDUTA INTERNACIONAL PARA AS ATIVIDADES NO ESPAÇO EXTERIOR		114	310	2928	ue/decisoes/2012/32012D0281(01).md
32012D0283	Preâmbulo		18	42	376	ue/decisoes/2012/32012D0283.md
32012D0283	Artigo 1.º		46	50	68	ue/decisoes/2012/32012D0283.md
32012D0283	Artigo 2.º		52	54	52	ue/decisoes/2012/32012D0283.md
32012D0283	Artigo 3.º		56	60	72	ue/decisoes/2012/32012D0283.md
32012D0283	Artigo 4.º		62	76	58	ue/decisoes/2012/32012D0283.md
32012D0284	Preâmbulo		18	38	378	ue/decisoes/2012/32012D0284.md
32012D0284	Artigo 1.º		42	44	71	ue/decisoes/2012/32012D0284.md
32012D0284	Artigo 2.º		46	62	78	ue/decisoes/2012/32012D0284.md
32012D0285	Artigo 1.º		39	75	823	ue/decisoes/2012/32012D0285.md
32012D0285	Artigo 2.º		77	129	1222	ue/decisoes/2012/32012D0285.md
32012D0285	Artigo 3.º		131	139	236	ue/decisoes/2012/32012D0285.md
32012D0285	Artigo 4.º		141	143	48	ue/decisoes/2012/32012D0285.md
32012D0285	Artigo 5.º		145	149	126	ue/decisoes/2012/32012D0285.md
32012D0285	Artigo 6.º		151	153	13	ue/decisoes/2012/32012D0285.md
32012D0285	Artigo 7.º		155	157	28	ue/decisoes/2012/32012D0285.md
32012D0285	ANEXO I		159	178	2010	ue/decisoes/2012/32012D0285.md
32012D0285	ANEXO II		180	197	150	ue/decisoes/2012/32012D0285.md
32012D0285	ANEXO III		199	216	152	ue/decisoes/2012/32012D0285.md
32012D0286	Preâmbulo		18	40	466	ue/decisoes/2012/32012D0286.md
32012D0286	Artigo 1.º	Objeto	44	46	32	ue/decisoes/2012/32012D0286.md
32012D0286	Artigo 2.º	Tarefas	48	60	312	ue/decisoes/2012/32012D0286.md
32012D0286	Artigo 3.º	Consulta	62	64	34	ue/decisoes/2012/32012D0286.md
32012D0286	Artigo 4.º	Membros	66	78	307	ue/decisoes/2012/32012D0286.md
32012D0286	Artigo 5.º	Funcionamento	80	96	554	ue/decisoes/2012/32012D0286.md
32012D0286	Artigo 6.º	Despesas de reunião e consequências financeiras	98	104	158	ue/decisoes/2012/32012D0286.md
32012D0286	Artigo 7.º	Entrada em vigor	106	126	170	ue/decisoes/2012/32012D0286.md
32012D0287	Preâmbulo		18	183	7479	ue/decisoes/2012/32012D0287.md
32012D0287	Artigo 1.º		187	197	323	ue/decisoes/2012/32012D0287.md
32012D0287	Artigo 2.º		199	255	700	ue/decisoes/2012/32012D0287.md
32012D0288	Preâmbulo		18	40	529	ue/decisoes/2012/32012D0288.md
32012D0288	Artigo 1.º		44	46	33	ue/decisoes/2012/32012D0288.md
32012D0288	Artigo 2.º		48	50	46	ue/decisoes/2012/32012D0288.md
32012D0288	Artigo 3.º		52	66	73	ue/decisoes/2012/32012D0288.md
32012D0288	ANEXO		68	104	390	ue/decisoes/2012/32012D0288.md
32012D0289	Preâmbulo		18	56	814	ue/decisoes/2012/32012D0289.md
32012D0289	Artigo 1.º		60	62	73	ue/decisoes/2012/32012D0289.md
32012D0289	Artigo 2.º		64	78	73	ue/decisoes/2012/32012D0289.md
32012D0291	Preâmbulo		18	40	336	ue/decisoes/2012/32012D0291.md
32012D0291	Artigo 1.º		44	53	82	ue/decisoes/2012/32012D0291.md
32012D0291	«Artigo 6.º	Estrutura da EULEX Kosovo	55	97	559	ue/decisoes/2012/32012D0291.md
32012D0291	«Artigo 18.º	Comunicação de informações e de documentos	99	113	445	ue/decisoes/2012/32012D0291.md
32012D0291	Artigo 2.º		115	131	104	ue/decisoes/2012/32012D0291.md
32012D0292	Preâmbulo		18	34	190	ue/decisoes/2012/32012D0292.md
32012D0292	Artigo 1.º		38	40	66	ue/decisoes/2012/32012D0292.md
32012D0292	Artigo 2.º		42	44	34	ue/decisoes/2012/32012D0292.md
32012D0292	Artigo 3.º		46	58	63	ue/decisoes/2012/32012D0292.md
32012D0293	Preâmbulo		18	194	9312	ue/decisoes/2012/32012D0293.md
32012D0293	Artigo 1.º		198	200	93	ue/decisoes/2012/32012D0293.md
32012D0293	Artigo 2.º		202	208	106	ue/decisoes/2012/32012D0293.md
32012D0293	Artigo 3.º		210	214	52	ue/decisoes/2012/32012D0293.md
32012D0293	Artigo 4.º		216	226	234	ue/decisoes/2012/32012D0293.md
32012D0293	Artigo 5.º		228	280	1086	ue/decisoes/2012/32012D0293.md
32012D0294	Artigo 1.º	Objeto	40	42	85	ue/decisoes/2012/32012D0294.md
32012D0294	Artigo 2.º	Anulação das autorizações por liquidar	44	46	108	ue/decisoes/2012/32012D0294.md
32012D0294	Artigo 3.º	Novas tecnologias e redes informáticas	48	52	165	ue/decisoes/2012/32012D0294.md
32012D0294	Artigo 4.º	Dispositivos automáticos de localização	54	60	196	ue/decisoes/2012/32012D0294.md
32012D0294	Artigo 5.º	Sistemas eletrónicos de registo e transmissão de dados	62	64	140	ue/decisoes/2012/32012D0294.md
32012D0294	Artigo 6.º	Dispositivos eletrónicos de registo e transmissão de dados	66	74	298	ue/decisoes/2012/32012D0294.md
32012D0294	Artigo 7.º	Projetos-piloto	76	78	59	ue/decisoes/2012/32012D0294.md
32012D0294	Artigo 8.º	Destinatários	80	110	474	ue/decisoes/2012/32012D0294.md
32012D0294	ANEXO I		112	261	1394	ue/decisoes/2012/32012D0294.md
32012D0294	ANEXO II		263	308	413	ue/decisoes/2012/32012D0294.md
32012D0294	ANEXO III		310	342	312	ue/decisoes/2012/32012D0294.md
32012D0294	ANEXO IV		344	357	146	ue/decisoes/2012/32012D0294.md
32012D0294	ANEXO V		359	375	153	ue/decisoes/2012/32012D0294.md
32012D0294	ANEXO VI		377	390	178	ue/decisoes/2012/32012D0294.md
32012D0297	Preâmbulo		18	56	546	ue/decisoes/2012/32012D0297.md
32012D0297	Artigo 1.º		60	62	60	ue/decisoes/2012/32012D0297.md
32012D0297	Artigo 2.º		64	82	76	ue/decisoes/2012/32012D0297.md
32012D0297	Artigo 1.º		84	93	137	ue/decisoes/2012/32012D0297.md
32012D0297	Artigo 2.º		95	97	45	ue/decisoes/2012/32012D0297.md
32012D0297	Artigo 3.º		99	101	47	ue/decisoes/2012/32012D0297.md
32012D0297	Artigo 4.º		103	121	103	ue/decisoes/2012/32012D0297.md
32012D0298	Preâmbulo		18	50	490	ue/decisoes/2012/32012D0298.md
32012D0298	Artigo 1.º		54	56	57	ue/decisoes/2012/32012D0298.md
32012D0298	Artigo 2.º		58	74	66	ue/decisoes/2012/32012D0298.md
32012D0298	Artigo 1.º		76	87	314	ue/decisoes/2012/32012D0298.md
32012D0298	Artigo 2.º		89	93	61	ue/decisoes/2012/32012D0298.md
32012D0298	Artigo 3.º		95	109	90	ue/decisoes/2012/32012D0298.md
32012D0301	Preâmbulo		18	60	1767	ue/decisoes/2012/32012D0301.md
32012D0301	Artigo 1.º		64	66	102	ue/decisoes/2012/32012D0301.md
32012D0301	Artigo 2.º		68	86	200	ue/decisoes/2012/32012D0301.md
32012D0304	Preâmbulo		18	40	520	ue/decisoes/2012/32012D0304.md
32012D0304	Artigo 1.º		44	63	135	ue/decisoes/2012/32012D0304.md
32012D0304	Artigo 2.º		65	67	20	ue/decisoes/2012/32012D0304.md
32012D0304	Artigo 3.º		69	81	51	ue/decisoes/2012/32012D0304.md
32012D0305	Preâmbulo		18	42	498	ue/decisoes/2012/32012D0305.md
32012D0305	Artigo 1.º		46	48	91	ue/decisoes/2012/32012D0305.md
32012D0305	Artigo 2.º		50	52	54	ue/decisoes/2012/32012D0305.md
32012D0305	Artigo 3.º		54	56	18	ue/decisoes/2012/32012D0305.md
32012D0305	Artigo 4.º		58	74	96	ue/decisoes/2012/32012D0305.md
32012D0306	Preâmbulo		18	40	357	ue/decisoes/2012/32012D0306.md
32012D0306	Artigo 1.º		44	46	60	ue/decisoes/2012/32012D0306.md
32012D0306	Artigo 2.º		48	50	63	ue/decisoes/2012/32012D0306.md
32012D0306	Artigo 3.º		52	72	136	ue/decisoes/2012/32012D0306.md
32012D0307	Preâmbulo		18	656	27799	ue/decisoes/2012/32012D0307.md
32012D0307	Artigo 1.º		660	662	100	ue/decisoes/2012/32012D0307.md
32012D0307	Artigo 2.º		664	666	82	ue/decisoes/2012/32012D0307.md
32012D0307	Artigo 3.º		668	676	160	ue/decisoes/2012/32012D0307.md
32012D0307	Artigo 4.º		678	682	62	ue/decisoes/2012/32012D0307.md
32012D0307	Artigo 5.º		684	696	306	ue/decisoes/2012/32012D0307.md
32012D0307	Artigo 6.º		698	820	1766	ue/decisoes/2012/32012D0307.md
32012D0308	Artigo 1.º		64	68	70	ue/decisoes/2012/32012D0308.md
32012D0308	Artigo 2.º		70	72	49	ue/decisoes/2012/32012D0308.md
32012D0308	Artigo 3.º		74	76	18	ue/decisoes/2012/32012D0308.md
32012D0308	Artigo 1.º		100	102	59	ue/decisoes/2012/32012D0308.md
32012D0308	Artigo 2.º		104	118	139	ue/decisoes/2012/32012D0308.md
32012D0308	Artigo 3.º		122	124	118	ue/decisoes/2012/32012D0308.md
32012D0308	Artigo 4.º		128	130	78	ue/decisoes/2012/32012D0308.md
32012D0308	Artigo 5.º		132	134	52	ue/decisoes/2012/32012D0308.md
32012D0308	Artigo 6.º		136	138	150	ue/decisoes/2012/32012D0308.md
32012D0308	Artigo 7.º		140	142	69	ue/decisoes/2012/32012D0308.md
32012D0308	Artigo 8.º		144	146	66	ue/decisoes/2012/32012D0308.md
32012D0308	Artigo 9.º		148	150	89	ue/decisoes/2012/32012D0308.md
32012D0308	Artigo 10.º		152	154	62	ue/decisoes/2012/32012D0308.md
32012D0308	Artigo 11.º		156	158	94	ue/decisoes/2012/32012D0308.md
32012D0308	Artigo 12.º		160	162	102	ue/decisoes/2012/32012D0308.md
32012D0308	Artigo 13.º		166	168	93	ue/decisoes/2012/32012D0308.md
32012D0308	Artigo 14.º		170	172	86	ue/decisoes/2012/32012D0308.md
32012D0308	Artigo 15.º		174	176	146	ue/decisoes/2012/32012D0308.md
32012D0308	Artigo 16.º		178	180	96	ue/decisoes/2012/32012D0308.md
32012D0308	Artigo 17.º		182	184	100	ue/decisoes/2012/32012D0308.md
32012D0308	Artigo 18.º		188	190	78	ue/decisoes/2012/32012D0308.md
32012D0308	Artigo 19.º		192	194	60	ue/decisoes/2012/32012D0308.md
32012D0308	Artigo 20.º		196	198	69	ue/decisoes/2012/32012D0308.md
32012D0308	Protocolo que altera o Tratado de Amizade e Cooperação no Sudeste Asiático Filipinas, 15 de dezembro de 1987		200	240	581	ue/decisoes/2012/32012D0308.md
32012D0308	Artigo 1.º		220	228	149	ue/decisoes/2012/32012D0308.md
32012D0308	Artigo 2.º		230	236	158	ue/decisoes/2012/32012D0308.md
32012D0308	Artigo 3.º		238	240	45	ue/decisoes/2012/32012D0308.md
32012D0308	Artigo 1.º		276	280	129	ue/decisoes/2012/32012D0308.md
32012D0308	Artigo 2.º		282	284	45	ue/decisoes/2012/32012D0308.md
32012D0308	Artigo 1.º		352	356	149	ue/decisoes/2012/32012D0308.md
32012D0308	Artigo 2.º		358	362	77	ue/decisoes/2012/32012D0308.md
32012D0308	Artigo 3.º		364	366	45	ue/decisoes/2012/32012D0308.md
32012D0309	Preâmbulo		18	34	187	ue/decisoes/2012/32012D0309.md
32012D0309	Artigo 1.º		38	40	32	ue/decisoes/2012/32012D0309.md
32012D0309	Artigo 2.º		42	54	60	ue/decisoes/2012/32012D0309.md
32012D0311	Preâmbulo		18	42	497	ue/decisoes/2012/32012D0311.md
32012D0311	Artigo 1.º		46	48	68	ue/decisoes/2012/32012D0311.md
32012D0311	Artigo 2.º		50	52	27	ue/decisoes/2012/32012D0311.md
32012D0311	Artigo 3.º		54	66	48	ue/decisoes/2012/32012D0311.md
32012D0315	Preâmbulo		18	34	251	ue/decisoes/2012/32012D0315.md
32012D0315	Artigo 1.º		38	42	68	ue/decisoes/2012/32012D0315.md
32012D0315	Artigo 2.º		44	46	36	ue/decisoes/2012/32012D0315.md
32012D0315	Artigo 3.º		48	50	31	ue/decisoes/2012/32012D0315.md
32012D0315	Artigo 4.º		52	88	380	ue/decisoes/2012/32012D0315.md
32012D0315	Artigo 1.º	Decisões relacionadas com a participação	92	100	204	ue/decisoes/2012/32012D0315.md
32012D0315	Artigo 2.º	Quadro	102	108	186	ue/decisoes/2012/32012D0315.md
32012D0315	Artigo 3.º	Estatuto do pessoal e das forças	110	124	632	ue/decisoes/2012/32012D0315.md
32012D0315	Artigo 4.º	Informação classificada	126	132	290	ue/decisoes/2012/32012D0315.md
32012D0315	Artigo 5.º	Pessoal destacado para uma operação civil da UE no domínio da gestão de crises	136	148	292	ue/decisoes/2012/32012D0315.md
32012D0315	Artigo 6.º	Cadeia de comando	150	168	437	ue/decisoes/2012/32012D0315.md
32012D0315	Artigo 7.º	Aspetos financeiros	170	174	172	ue/decisoes/2012/32012D0315.md
32012D0315	Artigo 8.º	Contributo para o orçamento operacional	176	200	484	ue/decisoes/2012/32012D0315.md
32012D0315	Artigo 9.º	Participação na operação militar da UE no domínio da gestão de crises	204	214	132	ue/decisoes/2012/32012D0315.md
32012D0315	Artigo 10.º	Cadeia de comando	216	228	302	ue/decisoes/2012/32012D0315.md
32012D0315	Artigo 11.º	Aspetos financeiros	230	234	240	ue/decisoes/2012/32012D0315.md
32012D0315	Artigo 12.º	Contributo para os custos comuns	236	260	547	ue/decisoes/2012/32012D0315.md
32012D0315	Artigo 13.º	Disposições de execução do Acordo	264	266	88	ue/decisoes/2012/32012D0315.md
32012D0315	Artigo 14.º	Incumprimento	268	270	49	ue/decisoes/2012/32012D0315.md
32012D0315	Artigo 15.º	Resolução de litígios	272	274	42	ue/decisoes/2012/32012D0315.md
32012D0315	Artigo 16.º	Entrada em vigor	276	306	758	ue/decisoes/2012/32012D0315.md
32012D0316	Preâmbulo		18	56	1846	ue/decisoes/2012/32012D0316.md
32012D0316	Artigo 1.º		60	62	69	ue/decisoes/2012/32012D0316.md
32012D0316	Artigo 2.º		64	78	61	ue/decisoes/2012/32012D0316.md
32012D0316	ANEXO		80	94	342	ue/decisoes/2012/32012D0316.md
32012D0317	Preâmbulo		18	54	1803	ue/decisoes/2012/32012D0317.md
32012D0317	Artigo 1.º		58	60	69	ue/decisoes/2012/32012D0317.md
32012D0317	Artigo 2.º		62	76	64	ue/decisoes/2012/32012D0317.md
32012D0317	ANEXO		78	89	272	ue/decisoes/2012/32012D0317.md
32012D0318	Preâmbulo		18	54	1829	ue/decisoes/2012/32012D0318.md
32012D0318	Artigo 1.º		58	60	68	ue/decisoes/2012/32012D0318.md
32012D0318	Artigo 2.º		62	76	60	ue/decisoes/2012/32012D0318.md
32012D0318	ANEXO		78	91	316	ue/decisoes/2012/32012D0318.md
32012D0319	Preâmbulo		18	54	843	ue/decisoes/2012/32012D0319.md
32012D0319	Artigo 1.º		58	60	58	ue/decisoes/2012/32012D0319.md
32012D0319	Artigo 2.º		62	80	76	ue/decisoes/2012/32012D0319.md
32012D0319	Artigo 1.º		82	95	658	ue/decisoes/2012/32012D0319.md
32012D0319	Artigo 2.º		97	108	88	ue/decisoes/2012/32012D0319.md
32012D0319	Artigo 3.º		110	114	58	ue/decisoes/2012/32012D0319.md
32012D0319	Artigo 4.º		116	132	98	ue/decisoes/2012/32012D0319.md
32012D0320	Preâmbulo		18	188	8660	ue/decisoes/2012/32012D0320.md
32012D0320	Artigo 1.º		192	194	124	ue/decisoes/2012/32012D0320.md
32012D0320	Artigo 2.º		196	198	72	ue/decisoes/2012/32012D0320.md
32012D0320	Artigo 3.º		200	202	96	ue/decisoes/2012/32012D0320.md
32012D0320	Artigo 4.º		204	212	166	ue/decisoes/2012/32012D0320.md
32012D0320	Artigo 5.º		214	218	63	ue/decisoes/2012/32012D0320.md
32012D0320	Artigo 6.º		220	232	277	ue/decisoes/2012/32012D0320.md
32012D0320	Artigo 7.º		234	278	388	ue/decisoes/2012/32012D0320.md
32012D0321	Preâmbulo		18	1589	48862	ue/decisoes/2012/32012D0321.md
32012D0321	Artigo 1.º		1593	1595	72	ue/decisoes/2012/32012D0321.md
32012D0321	Artigo 2.º		1597	1599	79	ue/decisoes/2012/32012D0321.md
32012D0321	Artigo 3.º		1601	1603	56	ue/decisoes/2012/32012D0321.md
32012D0321	Artigo 4.º		1605	1607	74	ue/decisoes/2012/32012D0321.md
32012D0321	Artigo 5.º		1609	1617	172	ue/decisoes/2012/32012D0321.md
32012D0321	Artigo 6.º		1619	1623	66	ue/decisoes/2012/32012D0321.md
32012D0321	Artigo 7.º		1625	1635	242	ue/decisoes/2012/32012D0321.md
32012D0321	Artigo 8.º		1637	1904	6128	ue/decisoes/2012/32012D0321.md
32012D0323	Preâmbulo		18	48	1943	ue/decisoes/2012/32012D0323.md
32012D0323	Artigo 1.º		52	54	36	ue/decisoes/2012/32012D0323.md
32012D0323	Artigo 2.º		56	74	74	ue/decisoes/2012/32012D0323.md
32012D0332	Preâmbulo		18	40	315	ue/decisoes/2012/32012D0332.md
32012D0332	Artigo 1.º		44	54	113	ue/decisoes/2012/32012D0332.md
32012D0332	Artigo 2.º		56	72	74	ue/decisoes/2012/32012D0332.md
32012D0334	Preâmbulo		18	34	196	ue/decisoes/2012/32012D0334.md
32012D0334	Artigo 1.º		38	40	27	ue/decisoes/2012/32012D0334.md
32012D0334	Artigo 2.º		42	54	59	ue/decisoes/2012/32012D0334.md
32012D0334	ANEXO		56	170	4944	ue/decisoes/2012/32012D0334.md
32012D0336	Preâmbulo		18	46	610	ue/decisoes/2012/32012D0336.md
32012D0336	Artigo 1.º		50	52	74	ue/decisoes/2012/32012D0336.md
32012D0336	Artigo 2.º		54	68	138	ue/decisoes/2012/32012D0336.md
32012D0336	ANEXO		70	225	4842	ue/decisoes/2012/32012D0336.md
32012D0338	Preâmbulo		18	36	622	ue/decisoes/2012/32012D0338.md
32012D0338	Artigo 1.º		40	42	106	ue/decisoes/2012/32012D0338.md
32012D0338	Artigo 2.º		44	46	42	ue/decisoes/2012/32012D0338.md
32012D0338	Artigo 3.º		48	64	84	ue/decisoes/2012/32012D0338.md
32012D0339	Preâmbulo		18	218	7335	ue/decisoes/2012/32012D0339.md
32012D0339	Artigo 1.º		222	226	128	ue/decisoes/2012/32012D0339.md
32012D0339	Artigo 2.º		228	236	158	ue/decisoes/2012/32012D0339.md
32012D0339	Artigo 3.º		238	242	58	ue/decisoes/2012/32012D0339.md
32012D0339	Artigo 4.º		244	254	236	ue/decisoes/2012/32012D0339.md
32012D0339	Artigo 5.º		256	296	465	ue/decisoes/2012/32012D0339.md
32012D0341	Preâmbulo		18	60	847	ue/decisoes/2012/32012D0341.md
32012D0341	Artigo 1.º		64	66	62	ue/decisoes/2012/32012D0341.md
32012D0341	Artigo 2.º		68	90	126	ue/decisoes/2012/32012D0341.md
32012D0341	Artigo 1.º		92	101	329	ue/decisoes/2012/32012D0341.md
32012D0341	Artigo 2.º		103	105	182	ue/decisoes/2012/32012D0341.md
32012D0341	Artigo 3.º		107	109	54	ue/decisoes/2012/32012D0341.md
32012D0341	Artigo 4.º		111	129	102	ue/decisoes/2012/32012D0341.md
32012D0343	Preâmbulo		18	671	20608	ue/decisoes/2012/32012D0343.md
32012D0343	Artigo 1.º		675	677	46	ue/decisoes/2012/32012D0343.md
32012D0343	Artigo 2.º		679	753	734	ue/decisoes/2012/32012D0343.md
32012D0344	Preâmbulo		18	34	259	ue/decisoes/2012/32012D0344.md
32012D0344	Artigo 1.º		38	42	74	ue/decisoes/2012/32012D0344.md
32012D0344	Artigo 2.º		44	46	36	ue/decisoes/2012/32012D0344.md
32012D0344	Artigo 3.º		48	50	31	ue/decisoes/2012/32012D0344.md
32012D0344	Artigo 4.º		52	62	39	ue/decisoes/2012/32012D0344.md
32012D0348	Preâmbulo		18	40	656	ue/decisoes/2012/32012D0348.md
32012D0348	Artigo 1.º		44	46	66	ue/decisoes/2012/32012D0348.md
32012D0348	Artigo 2.º		48	64	68	ue/decisoes/2012/32012D0348.md
32012D0348	ANEXO		66	82	468	ue/decisoes/2012/32012D0348.md
32012D0349	Preâmbulo		18	60	1382	ue/decisoes/2012/32012D0349.md
32012D0349	Artigo 1.º		64	98	496	ue/decisoes/2012/32012D0349.md
32012D0349	Artigo 2.º		100	108	197	ue/decisoes/2012/32012D0349.md
32012D0349	Artigo 3.º		110	124	105	ue/decisoes/2012/32012D0349.md
32012D0349	ANEXO I		126	290	1838	ue/decisoes/2012/32012D0349.md
32012D0349	ANEXO II		292	386	941	ue/decisoes/2012/32012D0349.md
32012D0349	ANEXO III		388	428	562	ue/decisoes/2012/32012D0349.md
32012D0349	ANEXO IV		430	467	270	ue/decisoes/2012/32012D0349.md
32012D0350	Preâmbulo		18	46	954	ue/decisoes/2012/32012D0350.md
32012D0350	Artigo 1.º		50	52	39	ue/decisoes/2012/32012D0350.md
32012D0350	Artigo 2.º		54	56	20	ue/decisoes/2012/32012D0350.md
32012D0350	Artigo 3.º		58	76	102	ue/decisoes/2012/32012D0350.md
32012D0352	Preâmbulo		18	60	977	ue/decisoes/2012/32012D0352.md
32012D0352	Artigo 1.º		64	70	184	ue/decisoes/2012/32012D0352.md
32012D0352	Artigo 2.º		72	90	195	ue/decisoes/2012/32012D0352.md
32012D0352	Artigo 1.º	Aprovação dos pedidos de adesão e de concessão do estatuto de observador	92	98	194	ue/decisoes/2012/32012D0352.md
32012D0352	Artigo 2.º	Entrada em vigor	100	116	194	ue/decisoes/2012/32012D0352.md
32012D0353	Preâmbulo		18	40	550	ue/decisoes/2012/32012D0353.md
32012D0353	Artigo 1.º		44	46	72	ue/decisoes/2012/32012D0353.md
32012D0353	Artigo 2.º		48	50	34	ue/decisoes/2012/32012D0353.md
32012D0353	Artigo 3.º		52	70	91	ue/decisoes/2012/32012D0353.md
32012D0354	Preâmbulo		18	42	513	ue/decisoes/2012/32012D0354.md
32012D0354	Artigo 1.º		46	48	59	ue/decisoes/2012/32012D0354.md
32012D0354	Artigo 2.º		50	70	74	ue/decisoes/2012/32012D0354.md
32012D0355	Preâmbulo		18	40	626	ue/decisoes/2012/32012D0355.md
32012D0355	Artigo único		44	62	116	ue/decisoes/2012/32012D0355.md
32012D0355	ANEXO	«ANEXO	64	89	1679	ue/decisoes/2012/32012D0355.md
32012D0358	Preâmbulo		18	46	852	ue/decisoes/2012/32012D0358.md
32012D0358	Artigo 1.º		50	52	38	ue/decisoes/2012/32012D0358.md
32012D0358	Artigo 2.º		54	70	95	ue/decisoes/2012/32012D0358.md
32012D0362	Artigo 1.º		72	116	324	ue/decisoes/2012/32012D0362.md
32012D0362	Artigo 2.º		118	124	163	ue/decisoes/2012/32012D0362.md
32012D0362	Artigo 3.º		126	142	401	ue/decisoes/2012/32012D0362.md
32012D0362	Artigo 4.º		144	146	117	ue/decisoes/2012/32012D0362.md
32012D0362	ANEXO I		148	169	322	ue/decisoes/2012/32012D0362.md
32012D0362	ANEXO II		171	213	417	ue/decisoes/2012/32012D0362.md
32012D0362	ANEXO III		215	261	680	ue/decisoes/2012/32012D0362.md
32012D0364	Preâmbulo		18	72	1445	ue/decisoes/2012/32012D0364.md
32012D0364	Artigo 1.º		76	78	67	ue/decisoes/2012/32012D0364.md
32012D0364	Artigo 2.º		80	104	104	ue/decisoes/2012/32012D0364.md
32012D0364	Artigo 1.º		106	140	699	ue/decisoes/2012/32012D0364.md
32012D0364	Artigo 2.º		142	144	58	ue/decisoes/2012/32012D0364.md
32012D0364	Artigo 3.º		146	148	47	ue/decisoes/2012/32012D0364.md
32012D0364	Artigo 4.º		150	174	136	ue/decisoes/2012/32012D0364.md
32012D0365	Preâmbulo		18	771	34577	ue/decisoes/2012/32012D0365.md
32012D0365	Artigo 1.º		775	787	243	ue/decisoes/2012/32012D0365.md
32012D0365	Artigo 2.º		789	791	46	ue/decisoes/2012/32012D0365.md
32012D0365	Artigo 3.º		793	797	124	ue/decisoes/2012/32012D0365.md
32012D0365	Artigo 4.º		799	805	140	ue/decisoes/2012/32012D0365.md
32012D0365	Artigo 5.º		807	811	61	ue/decisoes/2012/32012D0365.md
32012D0365	Artigo 6.º		813	825	248	ue/decisoes/2012/32012D0365.md
32012D0365	Artigo 7.º		827	1049	5793	ue/decisoes/2012/32012D0365.md
32012D0366	Preâmbulo		18	38	276	ue/decisoes/2012/32012D0366.md
32012D0366	Artigo 1.º		42	44	57	ue/decisoes/2012/32012D0366.md
32012D0366	Artigo 2.º		46	66	74	ue/decisoes/2012/32012D0366.md
32012D0368	Preâmbulo		18	46	304	ue/decisoes/2012/32012D0368.md
32012D0368	Artigo 1.º		50	102	563	ue/decisoes/2012/32012D0368.md
32012D0368	Artigo 2.º		104	148	160	ue/decisoes/2012/32012D0368.md
32012D0369	Preâmbulo		18	50	1486	ue/decisoes/2012/32012D0369.md
32012D0369	Artigo 1.º		54	56	30	ue/decisoes/2012/32012D0369.md
32012D0369	Artigo 2.º		58	60	12	ue/decisoes/2012/32012D0369.md
32012D0369	Artigo 3.º		62	84	203	ue/decisoes/2012/32012D0369.md
32012D0370	Preâmbulo		18	48	1293	ue/decisoes/2012/32012D0370.md
32012D0370	Artigo 1.º		52	54	30	ue/decisoes/2012/32012D0370.md
32012D0370	Artigo 2.º		56	58	12	ue/decisoes/2012/32012D0370.md
32012D0370	Artigo 3.º		60	82	201	ue/decisoes/2012/32012D0370.md
32012D0373	Preâmbulo		18	72	1609	ue/decisoes/2012/32012D0373.md
32012D0373	Artigo 1.º		76	80	86	ue/decisoes/2012/32012D0373.md
32012D0373	Artigo 2.º		82	84	64	ue/decisoes/2012/32012D0373.md
32012D0373	Artigo 3.º		86	90	70	ue/decisoes/2012/32012D0373.md
32012D0373	Artigo 4.º		92	94	108	ue/decisoes/2012/32012D0373.md
32012D0373	Artigo 5.º		96	116	109	ue/decisoes/2012/32012D0373.md
32012D0373	Artigo 1.º	Objeto	118	122	169	ue/decisoes/2012/32012D0373.md
32012D0373	Artigo 2.º	Definições	124	150	773	ue/decisoes/2012/32012D0373.md
32012D0373	Artigo 3.º	Regime de licenciamento FLEGT	152	156	198	ue/decisoes/2012/32012D0373.md
32012D0373	Artigo 4.º	Autoridade de licenciamento	158	166	380	ue/decisoes/2012/32012D0373.md
32012D0373	Artigo 5.º	Autoridades competentes da União	168	178	402	ue/decisoes/2012/32012D0373.md
32012D0373	Artigo 6.º	Licenças FLEGT	180	188	122	ue/decisoes/2012/32012D0373.md
32012D0373	Artigo 7.º	Definição de madeira produzida legalmente	190	192	154	ue/decisoes/2012/32012D0373.md
32012D0373	Artigo 8.º	Verificação da legalidade da madeira produzida	194	198	225	ue/decisoes/2012/32012D0373.md
32012D0373	Artigo 9.º	Aplicação do regime de licenciamento FLEGT aos produtos de madeira não exportados para a União	200	204	163	ue/decisoes/2012/32012D0373.md
32012D0373	Artigo 10.º	Consultas sobre a validade das licenças	206	210	268	ue/decisoes/2012/32012D0373.md
32012D0373	Artigo 11.º	Auditor independente	212	222	289	ue/decisoes/2012/32012D0373.md
32012D0373	Artigo 12.º	Irregularidades	224	232	162	ue/decisoes/2012/32012D0373.md
32012D0373	Artigo 13.º	Data de início do funcionamento do regime de licenciamento FLEGT	234	238	146	ue/decisoes/2012/32012D0373.md
32012D0373	Artigo 14.º	Calendário de execução do acordo	240	244	76	ue/decisoes/2012/32012D0373.md
32012D0373	Artigo 15.º	Medidas de acompanhamento	246	258	351	ue/decisoes/2012/32012D0373.md
32012D0373	Artigo 16.º	Participação das partes interessadas na execução do presente Acordo	260	266	282	ue/decisoes/2012/32012D0373.md
32012D0373	Artigo 17.º	Proteção social	268	272	138	ue/decisoes/2012/32012D0373.md
32012D0373	Artigo 18.º	Medidas de incentivo do mercado	274	280	124	ue/decisoes/2012/32012D0373.md
32012D0373	Artigo 19.º	Comité misto de execução do Acordo	282	306	385	ue/decisoes/2012/32012D0373.md
32012D0373	Artigo 20.º	Comunicações relativas à execução do acordo	308	316	105	ue/decisoes/2012/32012D0373.md
32012D0373	Artigo 21.º	Relatórios e divulgação pública de informações	318	324	223	ue/decisoes/2012/32012D0373.md
32012D0373	Artigo 22.º	Informações confidenciais	326	338	262	ue/decisoes/2012/32012D0373.md
32012D0373	Artigo 23.º	Aplicação territorial	340	342	64	ue/decisoes/2012/32012D0373.md
32012D0373	Artigo 24.º	Resolução de litígios	344	358	378	ue/decisoes/2012/32012D0373.md
32012D0373	Artigo 25.º	Suspensão	360	366	227	ue/decisoes/2012/32012D0373.md
32012D0373	Artigo 26.º	Alterações	368	376	212	ue/decisoes/2012/32012D0373.md
32012D0373	Artigo 27.º	Anexos	378	380	28	ue/decisoes/2012/32012D0373.md
32012D0373	Artigo 28.º	Duração do acordo	382	384	37	ue/decisoes/2012/32012D0373.md
32012D0373	Artigo 29.º	Cessação de vigência do acordo	386	388	62	ue/decisoes/2012/32012D0373.md
32012D0373	Artigo 30.º	Textos que fazem fé	390	392	106	ue/decisoes/2012/32012D0373.md
32012D0373	Artigo 31.º	Entrada em vigor	394	566	1068	ue/decisoes/2012/32012D0373.md
32012D0373	ANEXO I		568	591	712	ue/decisoes/2012/32012D0373.md
32012D0373	ANEXO II		593	947	8186	ue/decisoes/2012/32012D0373.md
32012D0373	Apêndice A		949	1561	27162	ue/decisoes/2012/32012D0373.md
32012D0373	Apêndice B		1563	1584	2440	ue/decisoes/2012/32012D0373.md
32012D0373	ANEXO III		1586	1662	2003	ue/decisoes/2012/32012D0373.md
32012D0373	Artigo 1.º	Apresentação da licença	1596	1600	126	ue/decisoes/2012/32012D0373.md
32012D0373	Artigo 2.º	Controlo de validade da documentação de licenciamento	1602	1612	194	ue/decisoes/2012/32012D0373.md
32012D0373	Artigo 3.º	Pedidos de informações adicionais	1614	1620	148	ue/decisoes/2012/32012D0373.md
32012D0373	Artigo 4.º	Verificação da conformidade da licença com a expedição	1622	1636	469	ue/decisoes/2012/32012D0373.md
32012D0373	Artigo 5.º	Verificação prévia à chegada da expedição	1638	1642	90	ue/decisoes/2012/32012D0373.md
32012D0373	Artigo 6.º	Diversos	1644	1648	92	ue/decisoes/2012/32012D0373.md
32012D0373	Artigo 7.º	Introdução em livre prática	1650	1662	452	ue/decisoes/2012/32012D0373.md
32012D0373	ANEXO IV		1664	1756	1595	ue/decisoes/2012/32012D0373.md
32012D0373	Artigo 1.º	Requisitos gerais relativos às licenças FLEGT	1668	1682	304	ue/decisoes/2012/32012D0373.md
32012D0373	Artigo 2.º	Especificações técnicas relativas às licenças FLEGT em suporte papel	1684	1698	284	ue/decisoes/2012/32012D0373.md
32012D0373	Artigo 3.º	Cópias das licenças FLEGT	1700	1722	404	ue/decisoes/2012/32012D0373.md
32012D0373	Artigo 4.º	Extravio, furto ou destruição de licenças FLEGT	1724	1732	223	ue/decisoes/2012/32012D0373.md
32012D0373	Artigo 5.º	Especificações técnicas relativas às licenças FLEGT em formato eletrónico	1734	1738	76	ue/decisoes/2012/32012D0373.md
32012D0373	Artigo 6.º	Dúvidas quanto à validade de uma licença	1740	1756	282	ue/decisoes/2012/32012D0373.md
32012D0373	Apêndice 1		1758	2000	772	ue/decisoes/2012/32012D0373.md
32012D0373	Apêndice 2		2002	2030	840	ue/decisoes/2012/32012D0373.md
32012D0373	ANEXO V		2032	2224	3883	ue/decisoes/2012/32012D0373.md
32012D0373	ANEXO VI		2226	2608	6219	ue/decisoes/2012/32012D0373.md
32012D0373	ANEXO VII		2610	2690	3135	ue/decisoes/2012/32012D0373.md
32012D0373	ANEXO VIII		2692	2876	4934	ue/decisoes/2012/32012D0373.md
32012D0373	ANEXO IX		2878	3064	2658	ue/decisoes/2012/32012D0373.md
32012D0373	ANEXO X		3066	3120	1019	ue/decisoes/2012/32012D0373.md
32012D0374	Preâmbulo		18	72	1466	ue/decisoes/2012/32012D0374.md
32012D0374	Artigo 1.º		76	80	86	ue/decisoes/2012/32012D0374.md
32012D0374	Artigo 2.º		82	84	62	ue/decisoes/2012/32012D0374.md
32012D0374	Artigo 3.º		86	90	72	ue/decisoes/2012/32012D0374.md
32012D0374	Artigo 4.º		92	94	110	ue/decisoes/2012/32012D0374.md
32012D0374	Artigo 5.º		96	114	76	ue/decisoes/2012/32012D0374.md
32012D0374	Artigo 1.º	Objeto	116	120	172	ue/decisoes/2012/32012D0374.md
32012D0374	Artigo 2.º	Definições	122	142	550	ue/decisoes/2012/32012D0374.md
32012D0374	Artigo 3.º	Regime de licenciamento FLEGT	144	150	235	ue/decisoes/2012/32012D0374.md
32012D0374	Artigo 4.º	Autoridade de licenciamento	152	160	410	ue/decisoes/2012/32012D0374.md
32012D0374	Artigo 5.º	Autoridades competentes da União	162	172	419	ue/decisoes/2012/32012D0374.md
32012D0374	Artigo 6.º	Licenças FLEGT	174	182	125	ue/decisoes/2012/32012D0374.md
32012D0374	Artigo 7.º	Definição de madeira obtida legalmente	184	186	131	ue/decisoes/2012/32012D0374.md
32012D0374	Artigo 8.º	Verificação da legalidade da madeira produzida ou adquirida	188	192	253	ue/decisoes/2012/32012D0374.md
32012D0374	Artigo 9.º	Consultas sobre a validade das licenças FLEGT	194	200	205	ue/decisoes/2012/32012D0374.md
32012D0374	Artigo 10.º	Auditor independente	202	214	360	ue/decisoes/2012/32012D0374.md
32012D0374	Artigo 11.º	Irregularidades	216	224	168	ue/decisoes/2012/32012D0374.md
32012D0374	Artigo 12.º	Data de entrada em vigor do regime de licenciamento FLEGT	226	234	284	ue/decisoes/2012/32012D0374.md
32012D0374	Artigo 13.º	Aplicação do SVL à madeira e produtos de madeira não exportados para a União	236	238	66	ue/decisoes/2012/32012D0374.md
32012D0374	Artigo 14.º	Calendário de execução do presente acordo	240	244	74	ue/decisoes/2012/32012D0374.md
32012D0374	Artigo 15.º	Medidas de acompanhamento	246	258	315	ue/decisoes/2012/32012D0374.md
32012D0374	Artigo 16.º	Participação das partes interessadas na execução do acordo	260	264	157	ue/decisoes/2012/32012D0374.md
32012D0374	Artigo 17.º	Proteção social	266	270	126	ue/decisoes/2012/32012D0374.md
32012D0374	Artigo 18.º	Medidas de incentivo de mercado	272	278	129	ue/decisoes/2012/32012D0374.md
32012D0374	Artigo 19.º	Comité misto de execução do Acordo	280	306	425	ue/decisoes/2012/32012D0374.md
32012D0374	Artigo 20.º	Comunicações relativas à execução do presente acordo	308	316	112	ue/decisoes/2012/32012D0374.md
32012D0374	Artigo 21.º	Relatórios e divulgação ao público	318	322	230	ue/decisoes/2012/32012D0374.md
32012D0374	Artigo 22.º	Informações confidenciais	324	332	192	ue/decisoes/2012/32012D0374.md
32012D0374	Artigo 23.º	Aplicação territorial	334	336	62	ue/decisoes/2012/32012D0374.md
32012D0374	Artigo 24.º	Resolução de litígios	338	350	394	ue/decisoes/2012/32012D0374.md
32012D0374	Artigo 25.º	Suspensão	352	358	114	ue/decisoes/2012/32012D0374.md
32012D0374	Artigo 26.º	Alterações	360	368	205	ue/decisoes/2012/32012D0374.md
32012D0374	Artigo 27.º	Anexos	370	372	20	ue/decisoes/2012/32012D0374.md
32012D0374	Artigo 28.º	Duração e prorrogação	374	376	82	ue/decisoes/2012/32012D0374.md
32012D0374	Artigo 29.º	Denúncia	378	380	56	ue/decisoes/2012/32012D0374.md
32012D0374	Artigo 30.º	Entrada em vigor	382	386	103	ue/decisoes/2012/32012D0374.md
32012D0374	Artigo 31.º	Textos que fazem fé	388	542	915	ue/decisoes/2012/32012D0374.md
32012D0374	ANEXO I		544	568	828	ue/decisoes/2012/32012D0374.md
32012D0374	ANEXO II		570	1006	15072	ue/decisoes/2012/32012D0374.md
32012D0374	ANEXO III		1008	1068	1538	ue/decisoes/2012/32012D0374.md
32012D0374	Artigo 1.º	Tratamento das licenças	1018	1022	108	ue/decisoes/2012/32012D0374.md
32012D0374	Artigo 2.º	Controlo documental das licenças	1024	1034	166	ue/decisoes/2012/32012D0374.md
32012D0374	Artigo 3.º	Pedido de informações adicionais	1036	1040	96	ue/decisoes/2012/32012D0374.md
32012D0374	Artigo 4.º	Verificação física	1042	1050	258	ue/decisoes/2012/32012D0374.md
32012D0374	Artigo 5.º	Verificação prévia	1052	1054	80	ue/decisoes/2012/32012D0374.md
32012D0374	Artigo 6.º	Introdução em livre prática	1056	1068	410	ue/decisoes/2012/32012D0374.md
32012D0374	ANEXO IV		1070	1244	2540	ue/decisoes/2012/32012D0374.md
32012D0374	Artigo 1.º		1078	1080	106	ue/decisoes/2012/32012D0374.md
32012D0374	Artigo 2.º		1082	1084	98	ue/decisoes/2012/32012D0374.md
32012D0374	Artigo 3.º		1086	1090	116	ue/decisoes/2012/32012D0374.md
32012D0374	Artigo 4.º		1092	1112	278	ue/decisoes/2012/32012D0374.md
32012D0374	Artigo 5.º		1114	1116	45	ue/decisoes/2012/32012D0374.md
32012D0374	Artigo 6.º		1118	1120	34	ue/decisoes/2012/32012D0374.md
32012D0374	Artigo 7.º		1122	1124	126	ue/decisoes/2012/32012D0374.md
32012D0374	Artigo 8.º		1126	1142	324	ue/decisoes/2012/32012D0374.md
32012D0374	Artigo 9.º		1144	1148	56	ue/decisoes/2012/32012D0374.md
32012D0374	Artigo 10.º		1150	1158	116	ue/decisoes/2012/32012D0374.md
32012D0374	Artigo 11.º		1160	1162	28	ue/decisoes/2012/32012D0374.md
32012D0374	Artigo 12.º		1164	1178	122	ue/decisoes/2012/32012D0374.md
32012D0374	Artigo 13.º		1180	1188	198	ue/decisoes/2012/32012D0374.md
32012D0374	Artigo 14.º		1190	1206	262	ue/decisoes/2012/32012D0374.md
32012D0374	Artigo 15.º		1208	1226	326	ue/decisoes/2012/32012D0374.md
32012D0374	Artigo 16.º		1228	1244	266	ue/decisoes/2012/32012D0374.md
32012D0374	Apêndice 1		1246	1480	734	ue/decisoes/2012/32012D0374.md
32012D0374	Apêndice 2		1482	1510	823	ue/decisoes/2012/32012D0374.md
32012D0374	ANEXO V		1512	2865	42927	ue/decisoes/2012/32012D0374.md
32012D0374	ANEXO VI		2867	3039	2789	ue/decisoes/2012/32012D0374.md
32012D0374	ANEXO VII		3041	3353	5288	ue/decisoes/2012/32012D0374.md
32012D0374	ANEXO VIII		3355	3414	2211	ue/decisoes/2012/32012D0374.md
32012D0374	ANEXO IX		3416	3582	2955	ue/decisoes/2012/32012D0374.md
32012D0374	ANEXO X		3584	3640	886	ue/decisoes/2012/32012D0374.md
32012D0374	ANEXO XI		3642	3864	2500	ue/decisoes/2012/32012D0374.md
32012D0375	Preâmbulo		18	42	746	ue/decisoes/2012/32012D0375.md
32012D0375	Artigo 1.º		46	70	773	ue/decisoes/2012/32012D0375.md
32012D0375	Artigo 2.º		72	86	56	ue/decisoes/2012/32012D0375.md
32012D0380	Preâmbulo		18	40	587	ue/decisoes/2012/32012D0380.md
32012D0380	Artigo 1.º		44	46	91	ue/decisoes/2012/32012D0380.md
32012D0380	Artigo 2.º		48	50	24	ue/decisoes/2012/32012D0380.md
32012D0380	Artigo 3.º		52	54	33	ue/decisoes/2012/32012D0380.md
32012D0380	Artigo 4.º		56	68	64	ue/decisoes/2012/32012D0380.md
32012D0381	Preâmbulo		22	46	584	ue/decisoes/2012/32012D0381.md
32012D0381	Artigo 1.º		50	54	86	ue/decisoes/2012/32012D0381.md
32012D0381	Artigo 2.º		56	58	64	ue/decisoes/2012/32012D0381.md
32012D0381	Artigo 3.º		60	112	1353	ue/decisoes/2012/32012D0381.md
32012D0381	Artigo 1.º	Objetivo do Acordo	116	118	90	ue/decisoes/2012/32012D0381.md
32012D0381	Artigo 2.º	Definições	120	138	528	ue/decisoes/2012/32012D0381.md
32012D0381	Artigo 3.º	Âmbito de aplicação	140	172	712	ue/decisoes/2012/32012D0381.md
32012D0381	Artigo 4.º	Garantia de transmissão dos dados PNR	174	180	191	ue/decisoes/2012/32012D0381.md
32012D0381	Artigo 5.º	Adequação	182	184	81	ue/decisoes/2012/32012D0381.md
32012D0381	Artigo 6.º	Cooperação policial e judiciária	186	190	307	ue/decisoes/2012/32012D0381.md
32012D0381	Artigo 7.º	Proteção de dados e não discriminação	194	198	168	ue/decisoes/2012/32012D0381.md
32012D0381	Artigo 8.º	Dados sensíveis	200	202	87	ue/decisoes/2012/32012D0381.md
32012D0381	Artigo 9.º	Segurança e integridade dos dados	204	226	654	ue/decisoes/2012/32012D0381.md
32012D0381	Artigo 10.º	Supervisão e responsabilização	228	236	462	ue/decisoes/2012/32012D0381.md
32012D0381	Artigo 11.º	Transparência	238	242	163	ue/decisoes/2012/32012D0381.md
32012D0381	Artigo 12.º	Direito de acesso	244	254	621	ue/decisoes/2012/32012D0381.md
32012D0381	Artigo 13.º	Direito de retificação e de supressão	256	264	378	ue/decisoes/2012/32012D0381.md
32012D0381	Artigo 14.º	Direito de recurso	266	272	166	ue/decisoes/2012/32012D0381.md
32012D0381	Artigo 15.º	Tratamento automático dos dados PNR	274	278	124	ue/decisoes/2012/32012D0381.md
32012D0381	Artigo 16.º	Conservação dos dados	280	302	749	ue/decisoes/2012/32012D0381.md
32012D0381	Artigo 17.º	Registo e documentação dos dados PNR	304	310	284	ue/decisoes/2012/32012D0381.md
32012D0381	Artigo 18.º	Partilha dos dados PNR com outras autoridades públicas australianas	312	336	590	ue/decisoes/2012/32012D0381.md
32012D0381	Artigo 19.º	Transferência para as autoridades de países terceiros	338	362	713	ue/decisoes/2012/32012D0381.md
32012D0381	Artigo 20.º	Método de transferência	366	374	232	ue/decisoes/2012/32012D0381.md
32012D0381	Artigo 21.º	Frequência das transferências	376	382	439	ue/decisoes/2012/32012D0381.md
32012D0381	Artigo 22.º	Não derrogação/relação com outros instrumentos	386	392	196	ue/decisoes/2012/32012D0381.md
32012D0381	Artigo 23.º	Resolução de litígios e suspensão do Acordo	394	402	265	ue/decisoes/2012/32012D0381.md
32012D0381	Artigo 24.º	Consulta e revisão	404	416	645	ue/decisoes/2012/32012D0381.md
32012D0381	Artigo 25.º	Denúncia	418	422	136	ue/decisoes/2012/32012D0381.md
32012D0381	Artigo 26.º	Vigência	424	430	202	ue/decisoes/2012/32012D0381.md
32012D0381	Artigo 27.º	Dados PNR recebidos antes da entrada em vigor do presente Acordo	432	434	90	ue/decisoes/2012/32012D0381.md
32012D0381	Artigo 28.º	Aplicação territorial	436	444	271	ue/decisoes/2012/32012D0381.md
32012D0381	Artigo 29.º	Disposições finais	446	456	308	ue/decisoes/2012/32012D0381.md
32012D0381	ANEXO 1		458	498	442	ue/decisoes/2012/32012D0381.md
32012D0381	ANEXO 2		500	546	761	ue/decisoes/2012/32012D0381.md
32012D0384	Preâmbulo		18	44	600	ue/decisoes/2012/32012D0384.md
32012D0384	Artigo 1.º		48	52	29	ue/decisoes/2012/32012D0384.md
32012D0384	«Artigo 1.º		54	80	359	ue/decisoes/2012/32012D0384.md
32012D0384	Artigo 2.º		82	98	69	ue/decisoes/2012/32012D0384.md
32012D0384	ANEXO		100	146	1028	ue/decisoes/2012/32012D0384.md
32012D0388	Preâmbulo		18	34	221	ue/decisoes/2012/32012D0388.md
32012D0388	Artigo 1.º		38	40	18	ue/decisoes/2012/32012D0388.md
32012D0388	«Artigo 1.º-A		42	48	137	ue/decisoes/2012/32012D0388.md
32012D0388	Artigo 2.º		50	52	38	ue/decisoes/2012/32012D0388.md
32012D0388	Artigo 3.º		54	66	59	ue/decisoes/2012/32012D0388.md
32012D0388	ANEXO		68	86	847	ue/decisoes/2012/32012D0388.md
32012D0389	Artigo 1.º	Missão	40	44	28	ue/decisoes/2012/32012D0389.md
32012D0389	Artigo 2.º	Mandato da Missão	46	50	100	ue/decisoes/2012/32012D0389.md
32012D0389	Artigo 3.º	Atribuições	52	68	319	ue/decisoes/2012/32012D0389.md
32012D0389	Artigo 4.º	Cadeia de comando e estrutura	70	80	68	ue/decisoes/2012/32012D0389.md
32012D0389	Artigo 5.º	Comandante da Operação Civil	82	98	447	ue/decisoes/2012/32012D0389.md
32012D0389	Artigo 6.º	Chefe de Missão	100	128	468	ue/decisoes/2012/32012D0389.md
32012D0389	Artigo 7.º	Pessoal	130	142	358	ue/decisoes/2012/32012D0389.md
32012D0389	Artigo 8.º	Estatuto da ►M7 ►C1 EUCAP Somália ◄ ◄ e do seu pessoal	144	146	112	ue/decisoes/2012/32012D0389.md
32012D0389	Artigo 9.º	Controlo político e direção estratégica	148	154	214	ue/decisoes/2012/32012D0389.md
32012D0389	Artigo 10.º	Participação de Estados terceiros	156	164	341	ue/decisoes/2012/32012D0389.md
32012D0389	Artigo 11.º	Segurança	166	180	318	ue/decisoes/2012/32012D0389.md
32012D0389	Artigo 12.º	Capacidade de vigilância	182	186	30	ue/decisoes/2012/32012D0389.md
32012D0389	Artigo 12.º-A	Disposições jurídicas	188	192	91	ue/decisoes/2012/32012D0389.md
32012D0389	Artigo 13.º	Disposições financeiras	194	246	838	ue/decisoes/2012/32012D0389.md
32012D0389	Artigo 13.º-A	Célula de Projetos	248	262	380	ue/decisoes/2012/32012D0389.md
32012D0389	Artigo 14.º	Coerência da resposta e da coordenação por parte da União	264	278	286	ue/decisoes/2012/32012D0389.md
32012D0389	Artigo 15.º	Divulgação de informação e documentos	280	296	570	ue/decisoes/2012/32012D0389.md
32012D0389	Artigo 16.º	Entrada em vigor e vigência	298	310	171	ue/decisoes/2012/32012D0389.md
32012D0393	Preâmbulo		18	38	289	ue/decisoes/2012/32012D0393.md
32012D0393	Artigo 1.º		42	44	40	ue/decisoes/2012/32012D0393.md
32012D0393	Artigo 2.º		46	48	38	ue/decisoes/2012/32012D0393.md
32012D0393	Artigo 3.º		50	62	59	ue/decisoes/2012/32012D0393.md
32012D0393	ANEXO I		64	85	4524	ue/decisoes/2012/32012D0393.md
32012D0393	ANEXO II		87	95	62	ue/decisoes/2012/32012D0393.md
32012D0394	Preâmbulo		18	64	2207	ue/decisoes/2012/32012D0394.md
32012D0394	Artigo único		68	84	270	ue/decisoes/2012/32012D0394.md
32012D0394	ANEXO		86	188	1642	ue/decisoes/2012/32012D0394.md
32012D0394	Artigo único		92	122	264	ue/decisoes/2012/32012D0394.md
32012D0394	Artigo 1.º	Eventos de especial importância para a sociedade	124	140	325	ue/decisoes/2012/32012D0394.md
32012D0394	Artigo 2.º	Lista dos eventos e condições de exercício dos direitos de transmissão	142	182	756	ue/decisoes/2012/32012D0394.md
32012D0394	Artigo 3.º	Procedimento relativo aos diferendos)	184	188	238	ue/decisoes/2012/32012D0394.md
32012D0397	Preâmbulo		18	588	20676	ue/decisoes/2012/32012D0397.md
32012D0397	Artigo 1.º		592	596	106	ue/decisoes/2012/32012D0397.md
32012D0397	Artigo 2.º		598	600	60	ue/decisoes/2012/32012D0397.md
32012D0397	Artigo 3.º		602	608	121	ue/decisoes/2012/32012D0397.md
32012D0397	Artigo 4.º		610	614	51	ue/decisoes/2012/32012D0397.md
32012D0397	Artigo 5.º		616	628	281	ue/decisoes/2012/32012D0397.md
32012D0397	Artigo 6.º		630	746	1260	ue/decisoes/2012/32012D0397.md
32012D0398	Preâmbulo		22	652	23614	ue/decisoes/2012/32012D0398.md
32012D0398	«Artigo 3.º		102	652	20986	ue/decisoes/2012/32012D0398.md
32012D0398	Artigo 1.º		656	662	285	ue/decisoes/2012/32012D0398.md
32012D0398	Artigo 2.º		664	670	114	ue/decisoes/2012/32012D0398.md
32012D0398	Artigo 3.º		672	678	97	ue/decisoes/2012/32012D0398.md
32012D0398	Artigo 4.º		680	690	258	ue/decisoes/2012/32012D0398.md
32012D0398	Artigo 5.º		692	788	1174	ue/decisoes/2012/32012D0398.md
32012D0399	Preâmbulo		18	52	498	ue/decisoes/2012/32012D0399.md
32012D0399	Artigo 1.º		56	58	61	ue/decisoes/2012/32012D0399.md
32012D0399	Artigo 2.º		60	76	66	ue/decisoes/2012/32012D0399.md
32012D0399	Artigo 1.º		78	94	528	ue/decisoes/2012/32012D0399.md
32012D0399	Artigo 2.º		96	98	42	ue/decisoes/2012/32012D0399.md
32012D0399	Artigo 3.º		100	102	47	ue/decisoes/2012/32012D0399.md
32012D0399	Artigo 4.º		104	118	89	ue/decisoes/2012/32012D0399.md
32012D0400	Preâmbulo		18	52	536	ue/decisoes/2012/32012D0400.md
32012D0400	Artigo 1.º		56	58	57	ue/decisoes/2012/32012D0400.md
32012D0400	Artigo 2.º		60	74	57	ue/decisoes/2012/32012D0400.md
32012D0400	Artigo 1.º		76	90	308	ue/decisoes/2012/32012D0400.md
32012D0400	Artigo 2.º		92	96	56	ue/decisoes/2012/32012D0400.md
32012D0400	Artigo 3.º		98	112	82	ue/decisoes/2012/32012D0400.md
32012D0401	Preâmbulo		18	60	673	ue/decisoes/2012/32012D0401.md
32012D0401	Artigo 1.º		64	66	57	ue/decisoes/2012/32012D0401.md
32012D0401	Artigo 2.º		68	84	66	ue/decisoes/2012/32012D0401.md
32012D0401	Artigo 1.º		86	97	385	ue/decisoes/2012/32012D0401.md
32012D0401	Artigo 2.º		99	103	64	ue/decisoes/2012/32012D0401.md
32012D0401	Artigo 3.º		105	121	92	ue/decisoes/2012/32012D0401.md
32012D0404	Preâmbulo		18	40	437	ue/decisoes/2012/32012D0404.md
32012D0404	Artigo 1.º		44	46	54	ue/decisoes/2012/32012D0404.md
32012D0404	Artigo 2.º		48	50	81	ue/decisoes/2012/32012D0404.md
32012D0404	Artigo 3.º		52	54	28	ue/decisoes/2012/32012D0404.md
32012D0404	Artigo 4.º		56	74	145	ue/decisoes/2012/32012D0404.md
32012D0404	ANEXO		76	108	523	ue/decisoes/2012/32012D0404.md
32012D0408	Preâmbulo		18	40	364	ue/decisoes/2012/32012D0408.md
32012D0408	Artigo 1.º		44	46	57	ue/decisoes/2012/32012D0408.md
32012D0408	Artigo 2.º		48	68	76	ue/decisoes/2012/32012D0408.md
32012D0409	Preâmbulo		18	38	1041	ue/decisoes/2012/32012D0409.md
32012D0409	Artigo 1.º		42	110	2239	ue/decisoes/2012/32012D0409.md
32012D0409	Artigo 2.º		112	126	59	ue/decisoes/2012/32012D0409.md
32012D0410	Preâmbulo		18	44	543	ue/decisoes/2012/32012D0410.md
32012D0410	Artigo 1.º		48	52	101	ue/decisoes/2012/32012D0410.md
32012D0410	Artigo 2.º		54	64	40	ue/decisoes/2012/32012D0410.md
32012D0412	Preâmbulo		18	36	380	ue/decisoes/2012/32012D0412.md
32012D0412	Artigo 1.º		40	42	25	ue/decisoes/2012/32012D0412.md
32012D0412	Artigo 2.º		44	56	66	ue/decisoes/2012/32012D0412.md
32012D0412	ANEXO		58	170	623	ue/decisoes/2012/32012D0412.md
32012D0413	Preâmbulo		18	80	2462	ue/decisoes/2012/32012D0413.md
32012D0413	Artigo 1.º		84	104	380	ue/decisoes/2012/32012D0413.md
32012D0413	Artigo 2.º		106	116	194	ue/decisoes/2012/32012D0413.md
32012D0413	Artigo 3.º		118	140	156	ue/decisoes/2012/32012D0413.md
32012D0418	Preâmbulo		18	36	566	ue/decisoes/2012/32012D0418.md
32012D0418	Artigo 1.º		40	44	72	ue/decisoes/2012/32012D0418.md
32012D0418	Artigo 2.º		46	48	34	ue/decisoes/2012/32012D0418.md
32012D0418	Artigo 3.º		50	52	99	ue/decisoes/2012/32012D0418.md
32012D0418	Artigo 4.º		54	64	42	ue/decisoes/2012/32012D0418.md
32012D0419	Preâmbulo		22	44	530	ue/decisoes/2012/32012D0419.md
32012D0419	Artigo 1.º		48	50	72	ue/decisoes/2012/32012D0419.md
32012D0419	Artigo 2.º		52	60	79	ue/decisoes/2012/32012D0419.md
32012D0419	Artigo 3.º		62	74	54	ue/decisoes/2012/32012D0419.md
32012D0420(01)	Artigo único		42	60	143	ue/decisoes/2012/32012D0420(01).md
32012D0421	Preâmbulo		18	46	768	ue/decisoes/2012/32012D0421.md
32012D0421	Artigo 1.º		50	68	472	ue/decisoes/2012/32012D0421.md
32012D0421	Artigo 2.º		70	74	94	ue/decisoes/2012/32012D0421.md
32012D0421	Artigo 3.º		76	84	202	ue/decisoes/2012/32012D0421.md
32012D0421	Artigo 4.º		86	88	81	ue/decisoes/2012/32012D0421.md
32012D0421	Artigo 5.º		90	110	140	ue/decisoes/2012/32012D0421.md
32012D0421	ANEXO		112	288	4190	ue/decisoes/2012/32012D0421.md
32012D0422	Preâmbulo		18	48	1435	ue/decisoes/2012/32012D0422.md
32012D0422	Artigo 1.º		52	78	584	ue/decisoes/2012/32012D0422.md
32012D0422	Artigo 2.º		80	84	116	ue/decisoes/2012/32012D0422.md
32012D0422	Artigo 3.º		86	94	226	ue/decisoes/2012/32012D0422.md
32012D0422	Artigo 4.º		96	100	93	ue/decisoes/2012/32012D0422.md
32012D0422	Artigo 5.º		102	114	114	ue/decisoes/2012/32012D0422.md
32012D0422	ANEXO		116	270	3872	ue/decisoes/2012/32012D0422.md
32012D0423	Preâmbulo		18	42	1253	ue/decisoes/2012/32012D0423.md
32012D0423	Artigo 1.º		46	96	1328	ue/decisoes/2012/32012D0423.md
32012D0423	Artigo 2.º		98	102	102	ue/decisoes/2012/32012D0423.md
32012D0423	Artigo 3.º		104	112	202	ue/decisoes/2012/32012D0423.md
32012D0423	Artigo 4.º		114	118	80	ue/decisoes/2012/32012D0423.md
32012D0423	Artigo 5.º		120	136	132	ue/decisoes/2012/32012D0423.md
32012D0423	ANEXO		138	324	3617	ue/decisoes/2012/32012D0423.md
32012D0424(01)	Preâmbulo		18	276	1151	ue/decisoes/2012/32012D0424(01).md
32012D0424(01)	Artigo único		280	527	1930	ue/decisoes/2012/32012D0424(01).md
32012D0424(01)	Artigo 1.º		529	535	143	ue/decisoes/2012/32012D0424(01).md
32012D0424(01)	Artigo 2.º		537	539	79	ue/decisoes/2012/32012D0424(01).md
32012D0424(01)	Artigo 3.º		541	553	448	ue/decisoes/2012/32012D0424(01).md
32012D0424(01)	Artigo 4.º		555	735	1162	ue/decisoes/2012/32012D0424(01).md
32012D0424(01)	Artigo 1.º		739	753	356	ue/decisoes/2012/32012D0424(01).md
32012D0424(01)	Artigo 2.º		755	759	151	ue/decisoes/2012/32012D0424(01).md
32012D0424(01)	Artigo 3.º		761	775	440	ue/decisoes/2012/32012D0424(01).md
32012D0424(01)	Artigo 4.º		777	783	491	ue/decisoes/2012/32012D0424(01).md
32012D0424(01)	Artigo 5.º		785	787	46	ue/decisoes/2012/32012D0424(01).md
32012D0424(01)	Artigo 6.º		789	837	1660	ue/decisoes/2012/32012D0424(01).md
32012D0424(01)	Artigo 7.º		839	845	198	ue/decisoes/2012/32012D0424(01).md
32012D0424(01)	Artigo 8.º		847	849	47	ue/decisoes/2012/32012D0424(01).md
32012D0424(01)	Artigo 9.º		855	863	99	ue/decisoes/2012/32012D0424(01).md
32012D0424(01)	«Artigo 48.º		865	867	19	ue/decisoes/2012/32012D0424(01).md
32012D0424(01)	Artigo 10.º		869	910	550	ue/decisoes/2012/32012D0424(01).md
32012D0424(01)	Artigo 11.º		912	916	68	ue/decisoes/2012/32012D0424(01).md
32012D0424(01)	Artigo 12.º		920	924	52	ue/decisoes/2012/32012D0424(01).md
32012D0424(01)	Artigo 13.º		926	930	197	ue/decisoes/2012/32012D0424(01).md
32012D0424(01)	Artigo 14.º		932	940	235	ue/decisoes/2012/32012D0424(01).md
32012D0424(01)	Artigo 15.º		944	946	24	ue/decisoes/2012/32012D0424(01).md
32012D0424(01)	Artigo 16.º		948	950	27	ue/decisoes/2012/32012D0424(01).md
32012D0424(01)	Artigo 17.º		952	954	79	ue/decisoes/2012/32012D0424(01).md
32012D0424(01)	Artigo 18.º		960	962	28	ue/decisoes/2012/32012D0424(01).md
32012D0424(01)	Artigo 19.º		966	970	278	ue/decisoes/2012/32012D0424(01).md
32012D0424(01)	Artigo 20.º		972	1012	432	ue/decisoes/2012/32012D0424(01).md
32012D0424(01)	Artigo 21.º		1014	1018	127	ue/decisoes/2012/32012D0424(01).md
32012D0424(01)	Artigo 22.º		1020	1024	162	ue/decisoes/2012/32012D0424(01).md
32012D0424(01)	Artigo 23.º		1026	1028	72	ue/decisoes/2012/32012D0424(01).md
32012D0424(01)	«Artigo 7.º		1030	1066	367	ue/decisoes/2012/32012D0424(01).md
32012D0424(01)	Artigo 24.º		1068	1070	71	ue/decisoes/2012/32012D0424(01).md
32012D0424(01)	«Artigo 8.º		1072	1108	362	ue/decisoes/2012/32012D0424(01).md
32012D0424(01)	Artigo 25.º		1110	1112	105	ue/decisoes/2012/32012D0424(01).md
32012D0424(01)	Artigo 26.º		1114	1118	186	ue/decisoes/2012/32012D0424(01).md
32012D0424(01)	Artigo 27.º		1122	1138	381	ue/decisoes/2012/32012D0424(01).md
32012D0424(01)	Artigo 28.º		1140	1157	175	ue/decisoes/2012/32012D0424(01).md
32012D0424(01)	Artigo 29.º		1159	1171	763	ue/decisoes/2012/32012D0424(01).md
32012D0424(01)	Artigo 30.º		1173	1185	419	ue/decisoes/2012/32012D0424(01).md
32012D0424(01)	Artigo 31.º		1187	1202	369	ue/decisoes/2012/32012D0424(01).md
32012D0424(01)	Artigo 32.º		1204	1215	184	ue/decisoes/2012/32012D0424(01).md
32012D0424(01)	Artigo 33.º		1217	1231	226	ue/decisoes/2012/32012D0424(01).md
32012D0424(01)	Artigo 34.º		1233	1247	228	ue/decisoes/2012/32012D0424(01).md
32012D0424(01)	Artigo 35.º		1249	1259	362	ue/decisoes/2012/32012D0424(01).md
32012D0424(01)	Artigo 36.º		1263	1273	666	ue/decisoes/2012/32012D0424(01).md
32012D0424(01)	Artigo 37.º		1275	1285	372	ue/decisoes/2012/32012D0424(01).md
32012D0424(01)	Artigo 38.º		1287	1291	468	ue/decisoes/2012/32012D0424(01).md
32012D0424(01)	Artigo 39.º		1293	1297	458	ue/decisoes/2012/32012D0424(01).md
32012D0424(01)	Artigo 40.º		1299	1301	63	ue/decisoes/2012/32012D0424(01).md
32012D0424(01)	Artigo 41.º		1303	1307	348	ue/decisoes/2012/32012D0424(01).md
32012D0424(01)	Artigo 42.º		1309	1311	118	ue/decisoes/2012/32012D0424(01).md
32012D0424(01)	Artigo 43.º		1313	1319	156	ue/decisoes/2012/32012D0424(01).md
32012D0424(01)	Artigo 44.º		1321	1323	209	ue/decisoes/2012/32012D0424(01).md
32012D0424(01)	Artigo 45.º		1329	1333	101	ue/decisoes/2012/32012D0424(01).md
32012D0424(01)	Artigo 46.º		1337	1339	110	ue/decisoes/2012/32012D0424(01).md
32012D0424(01)	Artigo 47.º		1341	1345	236	ue/decisoes/2012/32012D0424(01).md
32012D0424(01)	Artigo 48.º		1347	1349	95	ue/decisoes/2012/32012D0424(01).md
32012D0424(01)	Artigo 49.º		1351	1353	161	ue/decisoes/2012/32012D0424(01).md
32012D0424(01)	Artigo 50.º		1355	1357	127	ue/decisoes/2012/32012D0424(01).md
32012D0424(01)	Artigo 51.º		1359	1361	54	ue/decisoes/2012/32012D0424(01).md
32012D0424(01)	Artigo 52.º		1363	1365	97	ue/decisoes/2012/32012D0424(01).md
32012D0424(01)	Artigo 53.º		1369	1371	29	ue/decisoes/2012/32012D0424(01).md
32012D0424(01)	Artigo 54.º		1373	1377	370	ue/decisoes/2012/32012D0424(01).md
32012D0424(01)	Artigo 55.º		1379	1411	210	ue/decisoes/2012/32012D0424(01).md
32012D0424(01)	ANEXO I		1413	1433	896	ue/decisoes/2012/32012D0424(01).md
32012D0424(01)	ANEXO II		1435	1467	5217	ue/decisoes/2012/32012D0424(01).md
32012D0424(01)	ANEXO III		1469	1586	14510	ue/decisoes/2012/32012D0424(01).md
32012D0424(01)	"""Artigo 43.ºB"		1491	1586	14004	ue/decisoes/2012/32012D0424(01).md
32012D0424(01)	ANEXO IV		1588	1741	7096	ue/decisoes/2012/32012D0424(01).md
32012D0424(01)	Apêndice ao ANEXO IV		1743	1759	412	ue/decisoes/2012/32012D0424(01).md
32012D0424(01)	ANEXO V		1761	2080	20682	ue/decisoes/2012/32012D0424(01).md
32012D0424(01)	"""Artigo 1.º"		1919	1981	3433	ue/decisoes/2012/32012D0424(01).md
32012D0424(01)	"""Artigo 19.º-A"		1983	2080	9421	ue/decisoes/2012/32012D0424(01).md
32012D0424(01)	Apêndice ao ANEXO V		2082	2088	136	ue/decisoes/2012/32012D0424(01).md
32012D0424(01)	ANEXO VI		2090	2144	1436	ue/decisoes/2012/32012D0424(01).md
32012D0424(01)	ANEXO VII		2146	2178	424	ue/decisoes/2012/32012D0424(01).md
32012D0424(01)	ANEXO VIII		2180	2256	2002	ue/decisoes/2012/32012D0424(01).md
32012D0424(01)	ANEXO IX		2258	2276	636	ue/decisoes/2012/32012D0424(01).md
32012D0424(01)	Artigo 1.º		2280	2282	50	ue/decisoes/2012/32012D0424(01).md
32012D0424(01)	Artigo 2.º		2284	2290	243	ue/decisoes/2012/32012D0424(01).md
32012D0424(01)	Artigo 3.º		2292	2298	356	ue/decisoes/2012/32012D0424(01).md
32012D0424(01)	Artigo 4.º		2302	2304	46	ue/decisoes/2012/32012D0424(01).md
32012D0424(01)	Artigo 5.º		2306	2643	4392	ue/decisoes/2012/32012D0424(01).md
32012D0424(01)	ANEXO		2645	2709	1222	ue/decisoes/2012/32012D0424(01).md
32012D0425	Preâmbulo		18	60	710	ue/decisoes/2012/32012D0425.md
32012D0425	Artigo 1.º		64	66	79	ue/decisoes/2012/32012D0425.md
32012D0425	Artigo 2.º		68	86	75	ue/decisoes/2012/32012D0425.md
32012D0425	Artigo 1.º		88	101	685	ue/decisoes/2012/32012D0425.md
32012D0425	Artigo 2.º		103	105	46	ue/decisoes/2012/32012D0425.md
32012D0425	Artigo 3.º		107	125	102	ue/decisoes/2012/32012D0425.md
32012D0426	Preâmbulo		18	32	253	ue/decisoes/2012/32012D0426.md
32012D0426	Artigo 1.º		36	38	46	ue/decisoes/2012/32012D0426.md
32012D0426	Artigo 2.º		40	52	54	ue/decisoes/2012/32012D0426.md
32012D0428	Preâmbulo		18	40	528	ue/decisoes/2012/32012D0428.md
32012D0428	Artigo 1.º		44	46	65	ue/decisoes/2012/32012D0428.md
32012D0428	Artigo 2.º		48	50	34	ue/decisoes/2012/32012D0428.md
32012D0428	Artigo 3.º		52	70	89	ue/decisoes/2012/32012D0428.md
32012D0429	Preâmbulo		18	34	185	ue/decisoes/2012/32012D0429.md
32012D0429	Artigo 1.º		38	40	57	ue/decisoes/2012/32012D0429.md
32012D0429	Artigo 2.º		42	44	62	ue/decisoes/2012/32012D0429.md
32012D0429	Artigo 3.º		46	62	115	ue/decisoes/2012/32012D0429.md
32012D0430	Preâmbulo		22	64	702	ue/decisoes/2012/32012D0430.md
32012D0430	Artigo 1.º		68	72	116	ue/decisoes/2012/32012D0430.md
32012D0430	Artigo 2.º		74	76	36	ue/decisoes/2012/32012D0430.md
32012D0430	Artigo 3.º		78	90	50	ue/decisoes/2012/32012D0430.md
32012D0430	Artigo 1.º		92	94	34	ue/decisoes/2012/32012D0430.md
32012D0430	Artigo 2.º		96	108	133	ue/decisoes/2012/32012D0430.md
32012D0430	ANEXO		110	360	4658	ue/decisoes/2012/32012D0430.md
32012D0431	Preâmbulo		18	60	702	ue/decisoes/2012/32012D0431.md
32012D0431	Artigo 1.º		64	68	111	ue/decisoes/2012/32012D0431.md
32012D0431	Artigo 2.º		70	72	36	ue/decisoes/2012/32012D0431.md
32012D0431	Artigo 3.º		74	86	50	ue/decisoes/2012/32012D0431.md
32012D0431	Artigo 1.º		88	90	34	ue/decisoes/2012/32012D0431.md
32012D0431	Artigo 2.º		92	104	134	ue/decisoes/2012/32012D0431.md
32012D0431	ANEXO		106	356	4645	ue/decisoes/2012/32012D0431.md
32012D0434	Preâmbulo		18	34	204	ue/decisoes/2012/32012D0434.md
32012D0434	Artigo 1.º		38	40	74	ue/decisoes/2012/32012D0434.md
32012D0434	Artigo 2.º		42	44	56	ue/decisoes/2012/32012D0434.md
32012D0434	Artigo 3.º		46	62	115	ue/decisoes/2012/32012D0434.md
32012D0435	Preâmbulo		18	34	183	ue/decisoes/2012/32012D0435.md
32012D0435	Artigo 1.º		38	40	55	ue/decisoes/2012/32012D0435.md
32012D0435	Artigo 2.º		42	44	56	ue/decisoes/2012/32012D0435.md
32012D0435	Artigo 3.º		46	62	115	ue/decisoes/2012/32012D0435.md
32012D0441	Preâmbulo		18	44	367	ue/decisoes/2012/32012D0441.md
32012D0441	Artigo 1.º		48	52	124	ue/decisoes/2012/32012D0441.md
32012D0441	Artigo 2.º		54	56	53	ue/decisoes/2012/32012D0441.md
32012D0441	Artigo 3.º		58	60	53	ue/decisoes/2012/32012D0441.md
32012D0441	Artigo 4.º		62	148	318	ue/decisoes/2012/32012D0441.md
32012D0441	Artigo 1.º		150	152	78	ue/decisoes/2012/32012D0441.md
32012D0441	Artigo 2.º		154	184	314	ue/decisoes/2012/32012D0441.md
32012D0441	Artigo 3.º		186	188	39	ue/decisoes/2012/32012D0441.md
32012D0441	Artigo 4.º		190	194	146	ue/decisoes/2012/32012D0441.md
32012D0441	Artigo 5.º		196	342	516	ue/decisoes/2012/32012D0441.md
32012D0442	Preâmbulo		18	62	1078	ue/decisoes/2012/32012D0442.md
32012D0442	Artigo 1.º		66	68	67	ue/decisoes/2012/32012D0442.md
32012D0442	Artigo 2.º		70	88	77	ue/decisoes/2012/32012D0442.md
32012D0442	Artigo 1.º		90	111	304	ue/decisoes/2012/32012D0442.md
32012D0442	Artigo 2.º		113	115	48	ue/decisoes/2012/32012D0442.md
32012D0442	Artigo 3.º		117	119	52	ue/decisoes/2012/32012D0442.md
32012D0442	Artigo 4.º		121	139	102	ue/decisoes/2012/32012D0442.md
32012D0443	Preâmbulo		22	58	2374	ue/decisoes/2012/32012D0443.md
32012D0443	Artigo 1.º		62	104	1608	ue/decisoes/2012/32012D0443.md
32012D0443	Artigo 2.º		106	118	48	ue/decisoes/2012/32012D0443.md
32012D0444	Preâmbulo		18	38	349	ue/decisoes/2012/32012D0444.md
32012D0444	Artigo 1.º		42	46	54	ue/decisoes/2012/32012D0444.md
32012D0444	Artigo 2.º		48	50	22	ue/decisoes/2012/32012D0444.md
32012D0444	Artigo 3.º		52	66	60	ue/decisoes/2012/32012D0444.md
32012D0451	Preâmbulo		18	96	2968	ue/decisoes/2012/32012D0451.md
32012D0451	Artigo 1.º		100	102	58	ue/decisoes/2012/32012D0451.md
32012D0451	Artigo 2.º		104	126	96	ue/decisoes/2012/32012D0451.md
32012D0451	Artigo 1.º		128	425	4879	ue/decisoes/2012/32012D0451.md
32012D0451	Artigo 2.º		427	429	84	ue/decisoes/2012/32012D0451.md
32012D0451	Artigo 3.º		431	433	57	ue/decisoes/2012/32012D0451.md
32012D0451	Artigo 4.º		435	477	212	ue/decisoes/2012/32012D0451.md
32012D0453	Preâmbulo		18	64	1050	ue/decisoes/2012/32012D0453.md
32012D0453	Artigo 1.º		68	70	58	ue/decisoes/2012/32012D0453.md
32012D0453	Artigo 2.º		72	96	102	ue/decisoes/2012/32012D0453.md
32012D0453	Artigo 1.º		98	130	725	ue/decisoes/2012/32012D0453.md
32012D0453	Artigo 2.º		132	134	65	ue/decisoes/2012/32012D0453.md
32012D0453	Artigo 3.º		136	138	51	ue/decisoes/2012/32012D0453.md
32012D0453	Artigo 4.º		140	164	129	ue/decisoes/2012/32012D0453.md
32012D0454	Preâmbulo		18	34	205	ue/decisoes/2012/32012D0454.md
32012D0454	Artigo 1.º		38	40	37	ue/decisoes/2012/32012D0454.md
32012D0454	Artigo 2.º		42	54	60	ue/decisoes/2012/32012D0454.md
32012D0454	ANEXO		56	64	64	ue/decisoes/2012/32012D0454.md
32012D0457	Artigo 1.º		52	54	37	ue/decisoes/2012/32012D0457.md
32012D0457	Artigo 2.º		56	58	52	ue/decisoes/2012/32012D0457.md
32012D0457	Artigo 3.º		60	62	76	ue/decisoes/2012/32012D0457.md
32012D0457	Artigo 4.º		64	66	28	ue/decisoes/2012/32012D0457.md
32012D0457	ANEXO I		68	80	42	ue/decisoes/2012/32012D0457.md
32012D0457	ANEXO II		82	93	673	ue/decisoes/2012/32012D0457.md
32012D0457	ANEXO III		95	127	453	ue/decisoes/2012/32012D0457.md
32012D0459	Preâmbulo		18	46	863	ue/decisoes/2012/32012D0459.md
32012D0459	Artigo 1.º		50	52	38	ue/decisoes/2012/32012D0459.md
32012D0459	Artigo 2.º		54	70	92	ue/decisoes/2012/32012D0459.md
32012D0460	Preâmbulo		18	46	997	ue/decisoes/2012/32012D0460.md
32012D0460	Artigo 1.º		50	52	51	ue/decisoes/2012/32012D0460.md
32012D0460	Artigo 2.º		54	56	20	ue/decisoes/2012/32012D0460.md
32012D0460	Artigo 3.º		58	76	104	ue/decisoes/2012/32012D0460.md
32012D0461	Preâmbulo		18	56	920	ue/decisoes/2012/32012D0461.md
32012D0461	Artigo 1.º		60	62	56	ue/decisoes/2012/32012D0461.md
32012D0461	Artigo 2.º		64	66	84	ue/decisoes/2012/32012D0461.md
32012D0461	Artigo 3.º		68	70	16	ue/decisoes/2012/32012D0461.md
32012D0461	Artigo 4.º		72	88	92	ue/decisoes/2012/32012D0461.md
32012D0461	ANEXO		90	126	378	ue/decisoes/2012/32012D0461.md
32012D0462	Preâmbulo		18	58	1861	ue/decisoes/2012/32012D0462.md
32012D0462	Artigo 1.º		62	64	27	ue/decisoes/2012/32012D0462.md
32012D0462	Artigo 2.º		66	68	27	ue/decisoes/2012/32012D0462.md
32012D0462	Artigo 3.º		70	72	28	ue/decisoes/2012/32012D0462.md
32012D0462	Artigo 4.º		74	76	27	ue/decisoes/2012/32012D0462.md
32012D0462	Artigo 5.º		78	80	27	ue/decisoes/2012/32012D0462.md
32012D0462	Artigo 6.º		82	84	12	ue/decisoes/2012/32012D0462.md
32012D0462	Artigo 7.º		86	88	20	ue/decisoes/2012/32012D0462.md
32012D0462	Artigo 8.º		90	134	198	ue/decisoes/2012/32012D0462.md
32012D0462	ANEXO I		136	216	872	ue/decisoes/2012/32012D0462.md
32012D0462	ANEXO II		218	307	2372	ue/decisoes/2012/32012D0462.md
32012D0462	ANEXO III		309	398	1478	ue/decisoes/2012/32012D0462.md
32012D0462	ANEXO IV		400	451	683	ue/decisoes/2012/32012D0462.md
32012D0462	ANEXO V		453	485	327	ue/decisoes/2012/32012D0462.md
32012D0465	Preâmbulo		18	32	365	ue/decisoes/2012/32012D0465.md
32012D0465	Artigo 1.º		36	40	158	ue/decisoes/2012/32012D0465.md
32012D0465	Artigo 2.º		42	56	82	ue/decisoes/2012/32012D0465.md
32012D0465	ANEXO		58	222	1578	ue/decisoes/2012/32012D0465.md
32012D0466	Preâmbulo		18	1314	45230	ue/decisoes/2012/32012D0466.md
32012D0466	Artigo 1.º		1318	1322	186	ue/decisoes/2012/32012D0466.md
32012D0466	Artigo 2.º		1324	1328	207	ue/decisoes/2012/32012D0466.md
32012D0466	Artigo 3.º		1330	1486	4015	ue/decisoes/2012/32012D0466.md
32012D0468	Preâmbulo		18	38	448	ue/decisoes/2012/32012D0468.md
32012D0468	Artigo 1.º		42	46	38	ue/decisoes/2012/32012D0468.md
32012D0468	"""Artigo 2.º"	Âmbito de aplicação	48	56	149	ue/decisoes/2012/32012D0468.md
32012D0468	Artigo 2.º		58	76	91	ue/decisoes/2012/32012D0468.md
32012D0469	Preâmbulo		18	36	488	ue/decisoes/2012/32012D0469.md
32012D0469	Artigo 1.º		40	42	103	ue/decisoes/2012/32012D0469.md
32012D0469	Artigo 2.º		44	46	85	ue/decisoes/2012/32012D0469.md
32012D0469	Artigo 3.º		48	66	117	ue/decisoes/2012/32012D0469.md
32012D0471	Preâmbulo		18	40	568	ue/decisoes/2012/32012D0471.md
32012D0471	Artigo 1.º		44	46	79	ue/decisoes/2012/32012D0471.md
32012D0471	Artigo 2.º		48	50	33	ue/decisoes/2012/32012D0471.md
32012D0471	Artigo 3.º		52	56	52	ue/decisoes/2012/32012D0471.md
32012D0471	Artigo 4.º		58	68	40	ue/decisoes/2012/32012D0471.md
32012D0471	ANEXO		70	76	303	ue/decisoes/2012/32012D0471.md
32012D0472	Preâmbulo		18	44	676	ue/decisoes/2012/32012D0472.md
32012D0472	Artigo 1.º		48	52	76	ue/decisoes/2012/32012D0472.md
32012D0472	Artigo 2.º		54	56	61	ue/decisoes/2012/32012D0472.md
32012D0472	Artigo 3.º		58	128	1717	ue/decisoes/2012/32012D0472.md
32012D0472	Artigo 1.º	Objetivo	132	136	80	ue/decisoes/2012/32012D0472.md
32012D0472	Artigo 2.º	Âmbito de aplicação	138	144	250	ue/decisoes/2012/32012D0472.md
32012D0472	Artigo 3.º	Transmissão dos PNR	146	148	98	ue/decisoes/2012/32012D0472.md
32012D0472	Artigo 4.º	Utilização dos PNR	150	200	771	ue/decisoes/2012/32012D0472.md
32012D0472	Artigo 5.º	Segurança dos dados	204	222	608	ue/decisoes/2012/32012D0472.md
32012D0472	Artigo 6.º	Dados sensíveis	224	232	367	ue/decisoes/2012/32012D0472.md
32012D0472	Artigo 7.º	Decisões individuais automatizadas	234	236	69	ue/decisoes/2012/32012D0472.md
32012D0472	Artigo 8.º	Conservação dos dados	238	260	599	ue/decisoes/2012/32012D0472.md
32012D0472	Artigo 9.º	Não-discriminação	262	264	62	ue/decisoes/2012/32012D0472.md
32012D0472	Artigo 10.º	Transparência	266	282	214	ue/decisoes/2012/32012D0472.md
32012D0472	Artigo 11.º	Acesso das pessoas singulares	284	292	301	ue/decisoes/2012/32012D0472.md
32012D0472	Artigo 12.º	Correção ou retificação para as pessoas singulares	294	300	212	ue/decisoes/2012/32012D0472.md
32012D0472	Artigo 13.º	Vias de recurso para as pessoas singulares	302	318	519	ue/decisoes/2012/32012D0472.md
32012D0472	Artigo 14.º	Supervisão	320	340	356	ue/decisoes/2012/32012D0472.md
32012D0472	Artigo 15.º	Método de transmissão dos PNR	344	354	360	ue/decisoes/2012/32012D0472.md
32012D0472	Artigo 16.º	Partilha interna	356	368	223	ue/decisoes/2012/32012D0472.md
32012D0472	Artigo 17.º	Transferência ulterior	370	380	278	ue/decisoes/2012/32012D0472.md
32012D0472	Artigo 18.º	Cooperação no domínio policial, de aplicação da lei e judiciária	382	396	521	ue/decisoes/2012/32012D0472.md
32012D0472	Artigo 19.º	Adequação	400	402	119	ue/decisoes/2012/32012D0472.md
32012D0472	Artigo 20.º	Reciprocidade	404	408	221	ue/decisoes/2012/32012D0472.md
32012D0472	Artigo 21.º	Aplicação e não derrogação	410	414	169	ue/decisoes/2012/32012D0472.md
32012D0472	Artigo 22.º	Notificação de alterações da legislação interna	416	418	51	ue/decisoes/2012/32012D0472.md
32012D0472	Artigo 23.º	Revisão e avaliação	420	426	314	ue/decisoes/2012/32012D0472.md
32012D0472	Artigo 24.º	Resolução de diferendos e suspensão do Acordo	428	434	221	ue/decisoes/2012/32012D0472.md
32012D0472	Artigo 25.º	Cessação da vigência	436	444	186	ue/decisoes/2012/32012D0472.md
32012D0472	Artigo 26.º	Vigência	446	452	309	ue/decisoes/2012/32012D0472.md
32012D0472	Artigo 27.º	Disposições finais	454	472	425	ue/decisoes/2012/32012D0472.md
32012D0472	ANEXO		474	533	444	ue/decisoes/2012/32012D0472.md
32012D0474	Preâmbulo		18	42	962	ue/decisoes/2012/32012D0474.md
32012D0474	Artigo 1.º		46	52	220	ue/decisoes/2012/32012D0474.md
32012D0474	Artigo 2.º		54	56	59	ue/decisoes/2012/32012D0474.md
32012D0474	Artigo 3.º		58	72	112	ue/decisoes/2012/32012D0474.md
32012D0477	Preâmbulo		18	918	46932	ue/decisoes/2012/32012D0477.md
32012D0477	Artigo 1.º		922	926	200	ue/decisoes/2012/32012D0477.md
32012D0477	Artigo 2.º		928	930	105	ue/decisoes/2012/32012D0477.md
32012D0477	Artigo 3.º		932	934	42	ue/decisoes/2012/32012D0477.md
32012D0477	Artigo 4.º		936	1128	5239	ue/decisoes/2012/32012D0477.md
32012D0477	ANEXO I		1130	1258	4375	ue/decisoes/2012/32012D0477.md
32012D0477	ANEXO II		1260	1320	2794	ue/decisoes/2012/32012D0477.md
32012D0477	ANEXO III		1322	1442	851	ue/decisoes/2012/32012D0477.md
32012D0482	Preâmbulo		18	38	630	ue/decisoes/2012/32012D0482.md
32012D0482	Artigo 1.º		42	47	36	ue/decisoes/2012/32012D0482.md
32012D0482	Artigo 2.º		49	65	70	ue/decisoes/2012/32012D0482.md
32012D0484	Artigo 1.º		40	46	100	ue/decisoes/2012/32012D0484.md
32012D0484	Artigo 2.º		48	50	121	ue/decisoes/2012/32012D0484.md
32012D0484	Artigo 3.º		52	62	365	ue/decisoes/2012/32012D0484.md
32012D0484	Artigo 4.º		64	66	125	ue/decisoes/2012/32012D0484.md
32012D0484	Artigo 5.º		68	70	42	ue/decisoes/2012/32012D0484.md
32012D0484	Artigo 6.º		72	74	20	ue/decisoes/2012/32012D0484.md
32012D0484	ANEXO		76	94	115	ue/decisoes/2012/32012D0484.md
32012D0485	Preâmbulo		18	1001	38105	ue/decisoes/2012/32012D0485.md
32012D0485	Artigo 1.º		1005	1007	100	ue/decisoes/2012/32012D0485.md
32012D0485	Artigo 2.º		1009	1017	166	ue/decisoes/2012/32012D0485.md
32012D0485	Artigo 3.º		1019	1021	44	ue/decisoes/2012/32012D0485.md
32012D0485	Artigo 4.º		1023	1033	230	ue/decisoes/2012/32012D0485.md
32012D0485	Artigo 5.º		1035	1195	2657	ue/decisoes/2012/32012D0485.md
32012D0486	Preâmbulo		18	34	251	ue/decisoes/2012/32012D0486.md
32012D0486	Artigo 1.º		38	42	59	ue/decisoes/2012/32012D0486.md
32012D0486	Artigo 2.º		44	46	36	ue/decisoes/2012/32012D0486.md
32012D0486	Artigo 3.º		48	80	387	ue/decisoes/2012/32012D0486.md
32012D0486	Artigo 1.º		82	84	57	ue/decisoes/2012/32012D0486.md
32012D0486	Artigo 2.º		86	88	130	ue/decisoes/2012/32012D0486.md
32012D0486	Artigo 3.º		90	92	120	ue/decisoes/2012/32012D0486.md
32012D0486	Artigo 4.º		94	98	113	ue/decisoes/2012/32012D0486.md
32012D0486	Artigo 5.º		100	102	128	ue/decisoes/2012/32012D0486.md
32012D0486	Artigo 6.º		104	118	156	ue/decisoes/2012/32012D0486.md
32012D0486	Artigo 7.º		120	138	541	ue/decisoes/2012/32012D0486.md
32012D0486	Artigo 8.º		140	144	177	ue/decisoes/2012/32012D0486.md
32012D0486	Artigo 9.º		146	148	110	ue/decisoes/2012/32012D0486.md
32012D0486	Artigo 10.º		150	166	492	ue/decisoes/2012/32012D0486.md
32012D0486	Artigo 11.º		168	170	89	ue/decisoes/2012/32012D0486.md
32012D0486	Artigo 12.º		172	186	534	ue/decisoes/2012/32012D0486.md
32012D0486	Artigo 13.º		188	192	210	ue/decisoes/2012/32012D0486.md
32012D0486	Artigo 14.º		194	196	26	ue/decisoes/2012/32012D0486.md
32012D0486	Artigo 15.º		198	200	97	ue/decisoes/2012/32012D0486.md
32012D0486	Artigo 16.º		202	204	57	ue/decisoes/2012/32012D0486.md
32012D0486	Artigo 17.º		206	208	78	ue/decisoes/2012/32012D0486.md
32012D0486	Artigo 18.º		210	218	151	ue/decisoes/2012/32012D0486.md
32012D0486	Artigo 19.º		220	230	201	ue/decisoes/2012/32012D0486.md
32012D0488	Preâmbulo		18	68	842	ue/decisoes/2012/32012D0488.md
32012D0488	Artigo 1.º		72	80	162	ue/decisoes/2012/32012D0488.md
32012D0488	Artigo 2.º		82	94	49	ue/decisoes/2012/32012D0488.md
32012D0488	Artigo 1.º		96	98	32	ue/decisoes/2012/32012D0488.md
32012D0488	Artigo 2.º		100	110	86	ue/decisoes/2012/32012D0488.md
32012D0488	ANEXO		112	148	532	ue/decisoes/2012/32012D0488.md
32012D0488	Artigo 1.º		116	118	119	ue/decisoes/2012/32012D0488.md
32012D0488	Artigo 2.º		120	128	198	ue/decisoes/2012/32012D0488.md
32012D0488	Artigo 3.º		130	132	62	ue/decisoes/2012/32012D0488.md
32012D0488	Artigo 1.º		134	136	40	ue/decisoes/2012/32012D0488.md
32012D0488	Artigo 2.º		138	148	95	ue/decisoes/2012/32012D0488.md
32012D0488	ANEXO		150	194	120	ue/decisoes/2012/32012D0488.md
32012D0489	Preâmbulo		18	40	627	ue/decisoes/2012/32012D0489.md
32012D0489	Artigo 1.º		44	46	28	ue/decisoes/2012/32012D0489.md
32012D0489	Artigo 2.º		48	62	60	ue/decisoes/2012/32012D0489.md
32012D0489	ANEXO	«ANEXO	64	146	266	ue/decisoes/2012/32012D0489.md
32012D0491	Preâmbulo		18	56	859	ue/decisoes/2012/32012D0491.md
32012D0491	Artigo 1.º		60	64	116	ue/decisoes/2012/32012D0491.md
32012D0491	Artigo 2.º		66	68	75	ue/decisoes/2012/32012D0491.md
32012D0491	Artigo 3.º		70	88	192	ue/decisoes/2012/32012D0491.md
32012D0491	Artigo 1.º	Cooperação intra-ACP	90	92	70	ue/decisoes/2012/32012D0491.md
32012D0491	Artigo 2.º	Pedido de financiamento	94	110	303	ue/decisoes/2012/32012D0491.md
32012D0493	Preâmbulo		18	30	134	ue/decisoes/2012/32012D0493.md
32012D0493	Artigo 1.º		34	38	104	ue/decisoes/2012/32012D0493.md
32012D0493	Artigo 2.º		40	42	14	ue/decisoes/2012/32012D0493.md
32012D0493	Artigo 3.º		44	46	26	ue/decisoes/2012/32012D0493.md
32012D0493	Artigo 4.º		48	58	37	ue/decisoes/2012/32012D0493.md
32012D0496	Preâmbulo		18	38	380	ue/decisoes/2012/32012D0496.md
32012D0496	Artigo 1.º		42	44	145	ue/decisoes/2012/32012D0496.md
32012D0496	Artigo 2.º		46	48	42	ue/decisoes/2012/32012D0496.md
32012D0496	Artigo 3.º		50	64	70	ue/decisoes/2012/32012D0496.md
32012D0497	Preâmbulo		18	40	395	ue/decisoes/2012/32012D0497.md
32012D0497	Artigo 1.º		44	48	149	ue/decisoes/2012/32012D0497.md
32012D0497	Artigo 2.º		50	52	304	ue/decisoes/2012/32012D0497.md
32012D0497	Artigo 3.º		54	56	54	ue/decisoes/2012/32012D0497.md
32012D0497	Artigo 4.º		58	220	1341	ue/decisoes/2012/32012D0497.md
32012D0497	ANEXO I		222	400	4696	ue/decisoes/2012/32012D0497.md
32012D0497	Artigo 1.º		230	238	199	ue/decisoes/2012/32012D0497.md
32012D0497	Artigo 2.º	Disposições pautais	240	280	1090	ue/decisoes/2012/32012D0497.md
32012D0497	Artigo 3.º	Dispositivo para os tomates	282	303	600	ue/decisoes/2012/32012D0497.md
32012D0497	Artigo 4.º	Cooperação	305	311	272	ue/decisoes/2012/32012D0497.md
32012D0497	Artigo 5.º	Produtos agrícolas transformados	313	344	1044	ue/decisoes/2012/32012D0497.md
32012D0497	Artigo 6.º	Cláusula de apreciação posterior (cláusula de rendez-vous)	346	348	91	ue/decisoes/2012/32012D0497.md
32012D0497	Artigo 7.º	Medida de salvaguarda	350	354	197	ue/decisoes/2012/32012D0497.md
32012D0497	Artigo 8.º	Disposições sanitárias e fitossanitárias e regulamentações técnicas e normas	356	366	364	ue/decisoes/2012/32012D0497.md
32012D0497	Artigo 9.º	Indicações geográficas	368	372	167	ue/decisoes/2012/32012D0497.md
32012D0497	Artigo 10.º	Vinhos com denominação de origem	374	400	608	ue/decisoes/2012/32012D0497.md
32012D0497	ANEXO II		402	1468	23440	ue/decisoes/2012/32012D0497.md
32012D0497	Artigo 1.º		410	418	199	ue/decisoes/2012/32012D0497.md
32012D0497	Artigo 2.º	Disposições pautais	420	438	604	ue/decisoes/2012/32012D0497.md
32012D0497	Artigo 3.º	Disposições relativas aos cereais	440	456	553	ue/decisoes/2012/32012D0497.md
32012D0497	Artigo 4.º	Cooperação	458	462	207	ue/decisoes/2012/32012D0497.md
32012D0497	Artigo 5.º	Cláusula de apreciação posterior (cláusula de rendez-vous)	464	466	91	ue/decisoes/2012/32012D0497.md
32012D0497	Artigo 6.º	Medida de salvaguarda	468	472	198	ue/decisoes/2012/32012D0497.md
32012D0497	Artigo 7.º	Disposições sanitárias e fitossanitárias e regulamentações técnicas e normas	474	484	364	ue/decisoes/2012/32012D0497.md
32012D0497	Artigo 8.º	Indicações geográficas	486	1468	21157	ue/decisoes/2012/32012D0497.md
32012D0499	Preâmbulo		18	38	465	ue/decisoes/2012/32012D0499.md
32012D0499	Artigo 1.º		42	44	56	ue/decisoes/2012/32012D0499.md
32012D0499	Artigo 2.º		46	48	34	ue/decisoes/2012/32012D0499.md
32012D0499	Artigo 3.º		50	60	40	ue/decisoes/2012/32012D0499.md
32012D0500	Preâmbulo		18	46	608	ue/decisoes/2012/32012D0500.md
32012D0500	Artigo 1.º		50	52	74	ue/decisoes/2012/32012D0500.md
32012D0500	Artigo 2.º		54	68	138	ue/decisoes/2012/32012D0500.md
32012D0500	ANEXO		70	282	7002	ue/decisoes/2012/32012D0500.md
32012D0503	Preâmbulo		18	38	286	ue/decisoes/2012/32012D0503.md
32012D0503	Artigo 1.º		42	52	201	ue/decisoes/2012/32012D0503.md
32012D0503	«Artigo 12.º	Segurança	54	70	393	ue/decisoes/2012/32012D0503.md
32012D0503	«Artigo 16.º	Divulgação de informações classificadas	72	86	476	ue/decisoes/2012/32012D0503.md
32012D0503	«Artigo 17.º	Reexame da Missão	88	94	75	ue/decisoes/2012/32012D0503.md
32012D0503	Artigo 2.º		96	108	52	ue/decisoes/2012/32012D0503.md
32012D0504	Preâmbulo		18	62	1689	ue/decisoes/2012/32012D0504.md
32012D0504	Artigo 1.º	Objeto	66	68	53	ue/decisoes/2012/32012D0504.md
32012D0504	Artigo 2.º	Definições	70	78	154	ue/decisoes/2012/32012D0504.md
32012D0504	Artigo 3.º	Eurostat	80	82	49	ue/decisoes/2012/32012D0504.md
32012D0504	Artigo 4.º	Princípios estatísticos	84	86	106	ue/decisoes/2012/32012D0504.md
32012D0504	Artigo 5.º	Planeamento e programação	88	94	203	ue/decisoes/2012/32012D0504.md
32012D0504	Artigo 6.º	Funções do Eurostat	96	122	694	ue/decisoes/2012/32012D0504.md
32012D0504	Artigo 7.º	Diretor-Geral do Eurostat	124	128	195	ue/decisoes/2012/32012D0504.md
32012D0504	Artigo 8.º	Responsável pelas estatísticas	130	148	446	ue/decisoes/2012/32012D0504.md
32012D0504	Artigo 9.º	Acesso a registos administrativos	150	156	336	ue/decisoes/2012/32012D0504.md
32012D0504	Artigo 10.º	Código de Prática das Estatísticas Europeias	158	164	182	ue/decisoes/2012/32012D0504.md
32012D0504	Artigo 11.º	Garantia de qualidade e certificação	166	176	252	ue/decisoes/2012/32012D0504.md
32012D0504	Artigo 12.º	Utilização de dados confidenciais	178	184	219	ue/decisoes/2012/32012D0504.md
32012D0504	Artigo 13.º	Revogação	186	214	172	ue/decisoes/2012/32012D0504.md
32012D0504(01)	Artigo 1.º		68	70	69	ue/decisoes/2012/32012D0504(01).md
32012D0504(01)	Artigo 2.º		72	86	189	ue/decisoes/2012/32012D0504(01).md
32012D0504(01)	Artigo 3.º		88	114	217	ue/decisoes/2012/32012D0504(01).md
32012D0504(01)	ANEXO		116	233	1487	ue/decisoes/2012/32012D0504(01).md
32012D0505	Preâmbulo		18	44	704	ue/decisoes/2012/32012D0505.md
32012D0505	Artigo 1.º		48	50	40	ue/decisoes/2012/32012D0505.md
32012D0505	Artigo 2.º		52	66	66	ue/decisoes/2012/32012D0505.md
32012D0508	Preâmbulo		18	38	413	ue/decisoes/2012/32012D0508.md
32012D0508	Artigo 1.º		42	46	65	ue/decisoes/2012/32012D0508.md
32012D0508	Artigo 2.º		48	50	28	ue/decisoes/2012/32012D0508.md
32012D0508	Artigo 3.º		52	86	370	ue/decisoes/2012/32012D0508.md
32012D0508	Artigo 1.º	Objetivo	88	90	102	ue/decisoes/2012/32012D0508.md
32012D0508	Artigo 2.º	Definições	92	104	222	ue/decisoes/2012/32012D0508.md
32012D0508	Artigo 3.º	Âmbito de aplicação	106	120	274	ue/decisoes/2012/32012D0508.md
32012D0508	Artigo 4.º	Condições da isenção de visto e da estada	122	132	294	ue/decisoes/2012/32012D0508.md
32012D0508	Artigo 5.º	Duração da estada	134	142	327	ue/decisoes/2012/32012D0508.md
32012D0508	Artigo 6.º	Gestão do Acordo	144	150	112	ue/decisoes/2012/32012D0508.md
32012D0508	Artigo 7.º	Relação entre o presente Acordo e os acordos bilaterais existentes em matéria de vistos entre os Estados-Membros e o Brasil	152	154	98	ue/decisoes/2012/32012D0508.md
32012D0508	Artigo 8.º	Intercâmbio de exemplares de passaportes	156	160	170	ue/decisoes/2012/32012D0508.md
32012D0508	Artigo 9.º	Disposições finais	162	318	1299	ue/decisoes/2012/32012D0508.md
32012D0510	Preâmbulo		18	42	991	ue/decisoes/2012/32012D0510.md
32012D0510	Artigo 1.º		46	68	145	ue/decisoes/2012/32012D0510.md
32012D0510	Artigo 2.º		70	72	99	ue/decisoes/2012/32012D0510.md
32012D0510	Artigo 3.º		74	90	333	ue/decisoes/2012/32012D0510.md
32012D0511	Preâmbulo		18	40	300	ue/decisoes/2012/32012D0511.md
32012D0511	Artigo 1.º		44	46	45	ue/decisoes/2012/32012D0511.md
32012D0511	Artigo 2.º		48	50	34	ue/decisoes/2012/32012D0511.md
32012D0511	Artigo 3.º		52	66	72	ue/decisoes/2012/32012D0511.md
32012D0512	Preâmbulo		18	52	1266	ue/decisoes/2012/32012D0512.md
32012D0512	Artigo 1.º		56	58	40	ue/decisoes/2012/32012D0512.md
32012D0512	Artigo 2.º		60	62	28	ue/decisoes/2012/32012D0512.md
32012D0512	Artigo 3.º		64	92	126	ue/decisoes/2012/32012D0512.md
32012D0516	Preâmbulo		18	34	196	ue/decisoes/2012/32012D0516.md
32012D0516	Artigo 1.º		38	40	76	ue/decisoes/2012/32012D0516.md
32012D0516	Artigo 2.º		42	54	61	ue/decisoes/2012/32012D0516.md
32012D0516	ANEXO		56	67	824	ue/decisoes/2012/32012D0516.md
32012D0527	Preâmbulo		18	34	290	ue/decisoes/2012/32012D0527.md
32012D0527	Artigo 1.º		38	52	219	ue/decisoes/2012/32012D0527.md
32012D0527	«Artigo 2.º		54	58	94	ue/decisoes/2012/32012D0527.md
32012D0527	«Artigo 4.º		60	68	103	ue/decisoes/2012/32012D0527.md
32012D0527	Artigo 2.º		70	82	62	ue/decisoes/2012/32012D0527.md
32012D0527	ANEXO	«ANEXO	84	88	18	ue/decisoes/2012/32012D0527.md
32012D0530	Preâmbulo		18	38	474	ue/decisoes/2012/32012D0530.md
32012D0530	Artigo 1.º		42	44	76	ue/decisoes/2012/32012D0530.md
32012D0530	Artigo 2.º		46	64	82	ue/decisoes/2012/32012D0530.md
32012D0533	Preâmbulo		18	44	312	ue/decisoes/2012/32012D0533.md
32012D0533	Artigo 1.º		48	50	100	ue/decisoes/2012/32012D0533.md
32012D0533	Artigo 2.º		52	64	50	ue/decisoes/2012/32012D0533.md
32012D0533	Artigo 1.º	Chefe de delegação	66	70	94	ue/decisoes/2012/32012D0533.md
32012D0533	Artigo 2.º	Presidente	72	76	56	ue/decisoes/2012/32012D0533.md
32012D0533	Artigo 3.º	Reuniões	78	82	116	ue/decisoes/2012/32012D0533.md
32012D0533	Artigo 4.º	Correspondência	84	88	114	ue/decisoes/2012/32012D0533.md
32012D0533	Artigo 5.º	Ordem de trabalhos das reuniões	90	98	280	ue/decisoes/2012/32012D0533.md
32012D0533	Artigo 6.º	Adoção dos instrumentos	100	104	72	ue/decisoes/2012/32012D0533.md
32012D0533	Artigo 7.º	Procedimento escrito	106	110	124	ue/decisoes/2012/32012D0533.md
32012D0533	Artigo 8.º	Atas	112	116	195	ue/decisoes/2012/32012D0533.md
32012D0533	Artigo 9.º	Despesas	118	120	28	ue/decisoes/2012/32012D0533.md
32012D0533	Artigo 10.º	Confidencialidade	122	124	20	ue/decisoes/2012/32012D0533.md
32012D0534	Preâmbulo		18	44	359	ue/decisoes/2012/32012D0534.md
32012D0534	Artigo 1.º		48	50	126	ue/decisoes/2012/32012D0534.md
32012D0534	Artigo 2.º		52	64	50	ue/decisoes/2012/32012D0534.md
32012D0534	Artigo 1.º		66	68	23	ue/decisoes/2012/32012D0534.md
32012D0534	Artigo 2.º		70	78	32	ue/decisoes/2012/32012D0534.md
32012D0534	ANEXO	«ANEXO II – SEGURANÇA NÃO OPERACIONAL DA AVIAÇÃO	80	187	2382	ue/decisoes/2012/32012D0534.md
32012D0535	Artigo 1.º	Definições	40	74	540	ue/decisoes/2012/32012D0535.md
32012D0535	Artigo 2.º	Prospeções em zonas em que não é conhecida a ocorrência do nemátodo da madeira do pinheiro	76	86	356	ue/decisoes/2012/32012D0535.md
32012D0535	Artigo 3.º	Testes laboratoriais	88	90	139	ue/decisoes/2012/32012D0535.md
32012D0535	Artigo 4.º	Planos de Contingência	92	122	627	ue/decisoes/2012/32012D0535.md
32012D0535	Artigo 5.º	Zonas demarcadas	124	154	1064	ue/decisoes/2012/32012D0535.md
32012D0535	Artigo 6.º	Erradicação	156	162	248	ue/decisoes/2012/32012D0535.md
32012D0535	Artigo 7.º	Contenção	164	178	510	ue/decisoes/2012/32012D0535.md
32012D0535	Artigo 8.º	Transmissão de informações aos operadores e ao público	180	182	87	ue/decisoes/2012/32012D0535.md
32012D0535	Artigo 9.º	Comunicação relativa às medidas nacionais	184	226	1295	ue/decisoes/2012/32012D0535.md
32012D0535	Artigo 10.º	Circulação de vegetais suscetíveis e de madeira e casca suscetíveis na União	228	234	186	ue/decisoes/2012/32012D0535.md
32012D0535	Artigo 11.º	Controlos relativos à circulação a partir de zonas demarcadas para zonas que não sejam zonas demarcadas e de zonas infestadas para zonas tampão	236	266	711	ue/decisoes/2012/32012D0535.md
32012D0535	Artigo 12.º	Medidas na eventualidade de incumprimento do artigo 10.º	268	276	290	ue/decisoes/2012/32012D0535.md
32012D0535	Artigo 13.º	Autorização de instalações de tratamento	278	296	410	ue/decisoes/2012/32012D0535.md
32012D0535	Artigo 14.º	Autorização de marcação	298	308	281	ue/decisoes/2012/32012D0535.md
32012D0535	Artigo 15.º	Supervisão das instalações de tratamento autorizadas e dos produtores de materiais de embalagem de madeira autorizados	310	314	164	ue/decisoes/2012/32012D0535.md
32012D0535	Artigo 16.º	Suspensão das autorizações das instalações de tratamento autorizadas e dos produtores de materiais de embalagem de madeira autorizados	316	322	278	ue/decisoes/2012/32012D0535.md
32012D0535	Artigo 17.º	Lista das instalações de tratamento autorizadas e dos produtores de materiais de embalagem de madeira autorizados	324	328	216	ue/decisoes/2012/32012D0535.md
32012D0535	Artigo 18.º	Revogação	330	332	16	ue/decisoes/2012/32012D0535.md
32012D0535	Artigo 19.º	Revisão	334	336	20	ue/decisoes/2012/32012D0535.md
32012D0535	Artigo 20.º	Data de aplicação	338	340	48	ue/decisoes/2012/32012D0535.md
32012D0535	Artigo 21.º	Destinatários	342	344	24	ue/decisoes/2012/32012D0535.md
32012D0535	ANEXO I		346	414	2803	ue/decisoes/2012/32012D0535.md
32012D0535	ANEXO II		416	478	2555	ue/decisoes/2012/32012D0535.md
32012D0535	ANEXO III		480	560	1798	ue/decisoes/2012/32012D0535.md
32012D0536	Preâmbulo		18	42	501	ue/decisoes/2012/32012D0536.md
32012D0536	Artigo 1.º		46	48	59	ue/decisoes/2012/32012D0536.md
32012D0536	Artigo 2.º		50	70	76	ue/decisoes/2012/32012D0536.md
32012D0537	Preâmbulo		18	42	480	ue/decisoes/2012/32012D0537.md
32012D0537	Artigo 1.º		46	48	60	ue/decisoes/2012/32012D0537.md
32012D0537	Artigo 2.º		50	70	76	ue/decisoes/2012/32012D0537.md
32012D0539	Preâmbulo		18	202	8783	ue/decisoes/2012/32012D0539.md
32012D0539	Artigo 1.º		206	210	125	ue/decisoes/2012/32012D0539.md
32012D0539	Artigo 2.º		212	223	140	ue/decisoes/2012/32012D0539.md
32012D0539	Artigo 3.º		225	227	18	ue/decisoes/2012/32012D0539.md
32012D0539	Artigo 4.º		229	313	1402	ue/decisoes/2012/32012D0539.md
32012D0540	Preâmbulo		18	637	35229	ue/decisoes/2012/32012D0540.md
32012D0540	Artigo 1.º		641	643	138	ue/decisoes/2012/32012D0540.md
32012D0540	Artigo 2.º		645	653	467	ue/decisoes/2012/32012D0540.md
32012D0540	Artigo 3.º		655	667	375	ue/decisoes/2012/32012D0540.md
32012D0540	Artigo 4.º		669	843	4162	ue/decisoes/2012/32012D0540.md
32012D0541	Preâmbulo		18	332	11672	ue/decisoes/2012/32012D0541.md
32012D0541	Artigo 1.º		336	340	124	ue/decisoes/2012/32012D0541.md
32012D0541	Artigo 2.º		342	350	138	ue/decisoes/2012/32012D0541.md
32012D0541	Artigo 3.º		352	356	56	ue/decisoes/2012/32012D0541.md
32012D0541	Artigo 4.º		358	368	233	ue/decisoes/2012/32012D0541.md
32012D0541	Artigo 5.º		370	436	954	ue/decisoes/2012/32012D0541.md
32012D0542	Preâmbulo		18	829	35596	ue/decisoes/2012/32012D0542.md
32012D0542	Artigo 1.º		833	839	251	ue/decisoes/2012/32012D0542.md
32012D0542	Artigo 2.º		841	843	90	ue/decisoes/2012/32012D0542.md
32012D0542	Artigo 3.º		845	847	94	ue/decisoes/2012/32012D0542.md
32012D0542	Artigo 4.º		849	947	1890	ue/decisoes/2012/32012D0542.md
32012D0602	Preâmbulo		18	62	1998	ue/decisoes/2012/32012D0602.md
32012D0602	Artigo 1.º		66	70	53	ue/decisoes/2012/32012D0602.md
32012D0602	Artigo 2.º		72	74	35	ue/decisoes/2012/32012D0602.md
32012D0602	Artigo 3.º		76	78	56	ue/decisoes/2012/32012D0602.md
32012D0602	Artigo 4.º		80	100	115	ue/decisoes/2012/32012D0602.md
32012D0602	ANEXO		102	126	890	ue/decisoes/2012/32012D0602.md
32012D0602	«Artigo 1.º	Objecto	108	112	282	ue/decisoes/2012/32012D0602.md
32012D0602	«Artigo 18.º	Fundos especiais	114	126	558	ue/decisoes/2012/32012D0602.md
32012D0613(01)	Artigo único		44	62	153	ue/decisoes/2012/32012D0613(01).md
32012D0620(01)	Artigo único		59	61	42	ue/decisoes/2012/32012D0620(01).md
32012D0620(01)	ANEXO		63	97	4511	ue/decisoes/2012/32012D0620(01).md
32012D0628(01)	Artigo 1.º	Objeto	35	37	26	ue/decisoes/2012/32012D0628(01).md
32012D0628(01)	Artigo 2.º	Funções	39	45	74	ue/decisoes/2012/32012D0628(01).md
32012D0628(01)	Artigo 3.º	Consulta	47	49	55	ue/decisoes/2012/32012D0628(01).md
32012D0628(01)	Artigo 4.º	Membros — Nomeação	51	81	695	ue/decisoes/2012/32012D0628(01).md
32012D0628(01)	Artigo 5.º	Funcionamento	83	97	465	ue/decisoes/2012/32012D0628(01).md
32012D0628(01)	Artigo 6.º	Despesas de reuniões	99	107	143	ue/decisoes/2012/32012D0628(01).md
32012D0631	Preâmbulo		18	36	374	ue/decisoes/2012/32012D0631.md
32012D0631	Artigo 1.º		40	42	45	ue/decisoes/2012/32012D0631.md
32012D0631	Artigo 2.º		44	64	129	ue/decisoes/2012/32012D0631.md
32012D0633	Preâmbulo		18	34	207	ue/decisoes/2012/32012D0633.md
32012D0633	Artigo 1.º		38	49	196	ue/decisoes/2012/32012D0633.md
32012D0633	Artigo 2.º		51	63	60	ue/decisoes/2012/32012D0633.md
32012D0633	ANEXO I		65	70	1024	ue/decisoes/2012/32012D0633.md
32012D0633	ANEXO II		72	80	1161	ue/decisoes/2012/32012D0633.md
32012D0635	Preâmbulo		22	66	1370	ue/decisoes/2012/32012D0635.md
32012D0635	Artigo 1.º		70	74	29	ue/decisoes/2012/32012D0635.md
32012D0635	"""Artigo 3.º-E"		76	86	180	ue/decisoes/2012/32012D0635.md
32012D0635	"""Artigo 4º-B"		88	102	533	ue/decisoes/2012/32012D0635.md
32012D0635	"""Artigo 4.º-E"		104	116	289	ue/decisoes/2012/32012D0635.md
32012D0635	Artigo 4.º-F		118	120	58	ue/decisoes/2012/32012D0635.md
32012D0635	Artigo 4.º-G		122	136	338	ue/decisoes/2012/32012D0635.md
32012D0635	Artigo 4.º-H		138	140	58	ue/decisoes/2012/32012D0635.md
32012D0635	Artigo 4.º-I		142	154	284	ue/decisoes/2012/32012D0635.md
32012D0635	Artigo 4.º-J		156	164	189	ue/decisoes/2012/32012D0635.md
32012D0635	Artigo 8.º-A		168	174	106	ue/decisoes/2012/32012D0635.md
32012D0635	"""Artigo 10.º"		176	226	1350	ue/decisoes/2012/32012D0635.md
32012D0635	"""Artigo 18.º-A"		228	230	83	ue/decisoes/2012/32012D0635.md
32012D0635	Artigo 18.º-B		232	269	968	ue/decisoes/2012/32012D0635.md
32012D0635	Artigo 2.º		271	273	26	ue/decisoes/2012/32012D0635.md
32012D0635	Artigo 3.º		275	297	104	ue/decisoes/2012/32012D0635.md
32012D0635	ANEXO		299	380	2992	ue/decisoes/2012/32012D0635.md
32012D0636	Preâmbulo		18	1755	59917	ue/decisoes/2012/32012D0636.md
32012D0636	Artigo 1.º		1759	1763	108	ue/decisoes/2012/32012D0636.md
32012D0636	Artigo 2.º		1765	1767	62	ue/decisoes/2012/32012D0636.md
32012D0636	Artigo 3.º		1769	1771	38	ue/decisoes/2012/32012D0636.md
32012D0636	Artigo 4.º		1773	1781	257	ue/decisoes/2012/32012D0636.md
32012D0636	Artigo 5.º		1783	1787	62	ue/decisoes/2012/32012D0636.md
32012D0636	Artigo 6.º		1789	1799	252	ue/decisoes/2012/32012D0636.md
32012D0636	Artigo 7.º		1801	2031	4977	ue/decisoes/2012/32012D0636.md
32012D0636	ANEXO		2033	2117	2239	ue/decisoes/2012/32012D0636.md
32012D0637	Preâmbulo		18	381	14143	ue/decisoes/2012/32012D0637.md
32012D0637	Artigo 1.º		385	387	123	ue/decisoes/2012/32012D0637.md
32012D0637	Artigo 2.º		389	445	1166	ue/decisoes/2012/32012D0637.md
32012D0638	Preâmbulo		18	56	1614	ue/decisoes/2012/32012D0638.md
32012D0638	Artigo 1.º		60	66	166	ue/decisoes/2012/32012D0638.md
32012D0638	Artigo 2.º		68	86	120	ue/decisoes/2012/32012D0638.md
32012D0638	ANEXO I		88	723	17094	ue/decisoes/2012/32012D0638.md
32012D0638	ANEXO II		725	725	3	ue/decisoes/2012/32012D0638.md
32012D0638	Anexo do decreto; …PM…		727	1413	4636	ue/decisoes/2012/32012D0638.md
32012D0638	ANEXO III		1415	1475	568	ue/decisoes/2012/32012D0638.md
32012D0638	Artigo I		1423	1431	81	ue/decisoes/2012/32012D0638.md
32012D0638	Artigo 13.º		1433	1449	182	ue/decisoes/2012/32012D0638.md
32012D0638	Artigo 35.º		1451	1465	152	ue/decisoes/2012/32012D0638.md
32012D0638	Artigo II		1467	1475	92	ue/decisoes/2012/32012D0638.md
32012D0638	Anexo a que se refere o artigo I, parte D		1477	1554	1354	ue/decisoes/2012/32012D0638.md
32012D0638	Artigo I	Partes A, B, C e D	1548	1554	99	ue/decisoes/2012/32012D0638.md
32012D0640	Preâmbulo		18	36	536	ue/decisoes/2012/32012D0640.md
32012D0640	Artigo 1.º		40	42	110	ue/decisoes/2012/32012D0640.md
32012D0640	Artigo 2.º		44	56	51	ue/decisoes/2012/32012D0640.md
32012D0642	Artigo 1.º		72	84	396	ue/decisoes/2012/32012D0642.md
32012D0642	Artigo 1.º-A		86	106	523	ue/decisoes/2012/32012D0642.md
32012D0642	Artigo 1.º-AA		108	118	181	ue/decisoes/2012/32012D0642.md
32012D0642	Artigo 1.º-B		120	206	2111	ue/decisoes/2012/32012D0642.md
32012D0642	Artigo 2.º		208	226	412	ue/decisoes/2012/32012D0642.md
32012D0642	Artigo 2.º-A		228	236	226	ue/decisoes/2012/32012D0642.md
32012D0642	Artigo 2.º-AB		238	244	180	ue/decisoes/2012/32012D0642.md
32012D0642	Artigo 2.º-B		246	256	451	ue/decisoes/2012/32012D0642.md
32012D0642	Artigo 2.º-C		258	354	2132	ue/decisoes/2012/32012D0642.md
32012D0642	Artigo 2.º-D		356	474	2303	ue/decisoes/2012/32012D0642.md
32012D0642	Artigo 2.º-DA		476	510	797	ue/decisoes/2012/32012D0642.md
32012D0642	Artigo 2.º-DB		512	528	583	ue/decisoes/2012/32012D0642.md
32012D0642	Artigo 2.º-E		530	546	224	ue/decisoes/2012/32012D0642.md
32012D0642	Artigo 2.º-EA		548	572	648	ue/decisoes/2012/32012D0642.md
32012D0642	Artigo 2.º-EB		574	592	504	ue/decisoes/2012/32012D0642.md
32012D0642	Artigo 2.º-EC		594	618	760	ue/decisoes/2012/32012D0642.md
32012D0642	Artigo 2.º-ED		620	640	634	ue/decisoes/2012/32012D0642.md
32012D0642	Artigo 2.º-F		642	658	304	ue/decisoes/2012/32012D0642.md
32012D0642	Artigo 2.º-G		660	676	133	ue/decisoes/2012/32012D0642.md
32012D0642	Artigo 2.º-H		678	692	252	ue/decisoes/2012/32012D0642.md
32012D0642	Artigo 2.º-HA		694	700	164	ue/decisoes/2012/32012D0642.md
32012D0642	Artigo 2.º-HB		702	706	82	ue/decisoes/2012/32012D0642.md
32012D0642	Artigo 2.º-HC		708	886	3263	ue/decisoes/2012/32012D0642.md
32012D0642	Artigo 2.º-I		888	918	688	ue/decisoes/2012/32012D0642.md
32012D0642	Artigo 2.º-J		920	936	176	ue/decisoes/2012/32012D0642.md
32012D0642	Artigo 2.º-K		938	942	96	ue/decisoes/2012/32012D0642.md
32012D0642	Artigo 2.º-L		944	950	141	ue/decisoes/2012/32012D0642.md
32012D0642	Artigo 2.º-M		952	956	148	ue/decisoes/2012/32012D0642.md
32012D0642	Artigo 2.º-N		958	984	922	ue/decisoes/2012/32012D0642.md
32012D0642	Artigo 2.º-NA		986	990	299	ue/decisoes/2012/32012D0642.md
32012D0642	Artigo 2.º-NB		992	996	80	ue/decisoes/2012/32012D0642.md
32012D0642	Artigo 2.º-O		998	1018	236	ue/decisoes/2012/32012D0642.md
32012D0642	Artigo 2.º-P		1020	1040	233	ue/decisoes/2012/32012D0642.md
32012D0642	Artigo 2.º-Q		1042	1062	235	ue/decisoes/2012/32012D0642.md
32012D0642	Artigo 2.º-R		1064	1086	236	ue/decisoes/2012/32012D0642.md
32012D0642	Artigo 2.º-RA		1088	1150	1587	ue/decisoes/2012/32012D0642.md
32012D0642	Artigo 2.º-RB		1152	1172	538	ue/decisoes/2012/32012D0642.md
32012D0642	Artigo 2.º-RC		1174	1192	444	ue/decisoes/2012/32012D0642.md
32012D0642	Artigo 2.º-S		1194	1264	1300	ue/decisoes/2012/32012D0642.md
32012D0642	Artigo 2.º-SA		1266	1338	1731	ue/decisoes/2012/32012D0642.md
32012D0642	Artigo 2.º-T		1340	1360	240	ue/decisoes/2012/32012D0642.md
32012D0642	Artigo 2.º-U		1362	1432	1434	ue/decisoes/2012/32012D0642.md
32012D0642	Artigo 2.º-V		1434	1438	152	ue/decisoes/2012/32012D0642.md
32012D0642	Artigo 2.º-W		1440	1450	180	ue/decisoes/2012/32012D0642.md
32012D0642	Artigo 2.º-X		1452	1466	302	ue/decisoes/2012/32012D0642.md
32012D0642	Artigo 2.º-Y		1468	1510	782	ue/decisoes/2012/32012D0642.md
32012D0642	Artigo 2.º-Z		1512	1572	962	ue/decisoes/2012/32012D0642.md
32012D0642	Artigo 2.º-ZA		1574	1584	352	ue/decisoes/2012/32012D0642.md
32012D0642	Artigo 2.º-ZB		1586	1588	72	ue/decisoes/2012/32012D0642.md
32012D0642	Artigo 2.º-ZC		1590	1602	228	ue/decisoes/2012/32012D0642.md
32012D0642	Artigo 3.º		1604	1666	1275	ue/decisoes/2012/32012D0642.md
32012D0642	Artigo 4.º		1668	1716	1008	ue/decisoes/2012/32012D0642.md
32012D0642	Artigo 5.º		1718	1776	1183	ue/decisoes/2012/32012D0642.md
32012D0642	Artigo 5.º-A		1778	1784	272	ue/decisoes/2012/32012D0642.md
32012D0642	Artigo 5.º-B		1786	1810	982	ue/decisoes/2012/32012D0642.md
32012D0642	Artigo 5.º-BA		1812	1838	737	ue/decisoes/2012/32012D0642.md
32012D0642	Artigo 5.º-C		1840	1850	350	ue/decisoes/2012/32012D0642.md
32012D0642	Artigo 5.º-D		1852	1872	543	ue/decisoes/2012/32012D0642.md
32012D0642	Artigo 6.º		1874	1886	178	ue/decisoes/2012/32012D0642.md
32012D0642	Artigo 6.º-A		1888	1904	621	ue/decisoes/2012/32012D0642.md
32012D0642	Artigo 6.º-B		1906	1922	457	ue/decisoes/2012/32012D0642.md
32012D0642	Artigo 7.º		1924	1928	49	ue/decisoes/2012/32012D0642.md
32012D0642	Artigo 7.º-A		1930	1934	89	ue/decisoes/2012/32012D0642.md
32012D0642	Artigo 8.º		1936	1950	155	ue/decisoes/2012/32012D0642.md
32012D0642	Artigo 9.º		1952	1956	20	ue/decisoes/2012/32012D0642.md
32012D0642	ANEXO I		1958	2510	106684	ue/decisoes/2012/32012D0642.md
32012D0642	ANEXO II	LISTA DAS PESSOAS COLETIVAS, ENTIDADES E ORGANISMOS A QUE SE REFEREM O ARTIGO 2.º-C, N.º 7, O ARTIGO 2.º-D, N.º 7, E O ARTIGO 2.º-DA	2512	2580	294	ue/decisoes/2012/32012D0642.md
32012D0642	ANEXO III	LISTA DAS INSTITUIÇÕES DE CRÉDITO IMPORTANTES A QUE SE REFEREM OS ARTIGOS 2.º-H E 2.º-I	2582	2596	72	ue/decisoes/2012/32012D0642.md
32012D0642	ANEXO IV	LISTA DOS PAÍSES PARCEIROS A QUE SE REFERE O ARTIGO 2.º-C, N.º 9	2598	2600	21	ue/decisoes/2012/32012D0642.md
32012D0642	ANEXO IV-A	Lista dos países a que se referem os artigos 2.º-N, 2.º-U e 5.º-D	2602	2628	58	ue/decisoes/2012/32012D0642.md
32012D0642	ANEXO V	LISTA DAS PESSOAS COLETIVAS, ENTIDADES OU ORGANISMOS A QUE SE REFERE O ARTIGO 2.º-Y	2630	2639	111	ue/decisoes/2012/32012D0642.md
32012D0642	ANEXO VI	Lista de armas de fogo e outras armas a que se refere o artigo 1.º-A	2641	2648	90	ue/decisoes/2012/32012D0642.md
32012D0642	ANEXO VII	Pessoas coletivas, entidades ou organismos a que se refere o artigo 2.º-ZA	2650	2650	22	ue/decisoes/2012/32012D0642.md
32012D0642	ANEXO VIII	Lista de criptoativos e moedas digitais do banco central a que se refere o artigo 2.º-ZB	2652	2680	1067	ue/decisoes/2012/32012D0642.md
32012D0643	Preâmbulo		18	36	371	ue/decisoes/2012/32012D0643.md
32012D0643	Artigo 1.º		40	42	67	ue/decisoes/2012/32012D0643.md
32012D0643	Artigo 2.º		44	46	34	ue/decisoes/2012/32012D0643.md
32012D0643	Artigo 3.º		48	60	64	ue/decisoes/2012/32012D0643.md
32012D0644	Preâmbulo		18	36	343	ue/decisoes/2012/32012D0644.md
32012D0644	Artigo 1.º		40	42	123	ue/decisoes/2012/32012D0644.md
32012D0644	Artigo 2.º		44	46	34	ue/decisoes/2012/32012D0644.md
32012D0644	Artigo 3.º		48	60	64	ue/decisoes/2012/32012D0644.md
32012D0645	Preâmbulo		18	36	221	ue/decisoes/2012/32012D0645.md
32012D0645	Artigo 1.º		40	42	45	ue/decisoes/2012/32012D0645.md
32012D0645	Artigo 2.º		44	46	32	ue/decisoes/2012/32012D0645.md
32012D0645	Artigo 3.º		48	50	61	ue/decisoes/2012/32012D0645.md
32012D0645	Artigo 4.º		52	66	99	ue/decisoes/2012/32012D0645.md
32012D0646	Preâmbulo		18	40	315	ue/decisoes/2012/32012D0646.md
32012D0646	Artigo 1.º		44	46	53	ue/decisoes/2012/32012D0646.md
32012D0646	Artigo 2.º		48	50	66	ue/decisoes/2012/32012D0646.md
32012D0646	Artigo 3.º		52	56	121	ue/decisoes/2012/32012D0646.md
32012D0646	Artigo 4.º		58	70	50	ue/decisoes/2012/32012D0646.md
32012D0649	Preâmbulo		18	38	510	ue/decisoes/2012/32012D0649.md
32012D0649	Artigo 1.º		42	44	74	ue/decisoes/2012/32012D0649.md
32012D0649	Artigo 2.º		46	48	34	ue/decisoes/2012/32012D0649.md
32012D0649	Artigo 3.º		50	66	81	ue/decisoes/2012/32012D0649.md
32012D0651	Artigo 1.º	Organismo geneticamente modificado e identificador único	42	44	73	ue/decisoes/2012/32012D0651.md
32012D0651	Artigo 2.º	Autorização	46	54	158	ue/decisoes/2012/32012D0651.md
32012D0651	Artigo 3.º	Rotulagem	56	60	127	ue/decisoes/2012/32012D0651.md
32012D0651	Artigo 4.º	Monitorização dos efeitos ambientais	62	66	108	ue/decisoes/2012/32012D0651.md
32012D0651	Artigo 5.º	Registo da UE	68	70	65	ue/decisoes/2012/32012D0651.md
32012D0651	Artigo 6.º	Detentor da autorização	72	74	46	ue/decisoes/2012/32012D0651.md
32012D0651	Artigo 7.º	Validade	76	78	30	ue/decisoes/2012/32012D0651.md
32012D0651	Artigo 8.º	Destinatário	80	82	40	ue/decisoes/2012/32012D0651.md
32012D0651	ANEXO		84	142	740	ue/decisoes/2012/32012D0651.md
32012D0653	Preâmbulo		18	38	317	ue/decisoes/2012/32012D0653.md
32012D0653	Artigo 1.º		42	46	109	ue/decisoes/2012/32012D0653.md
32012D0653	Artigo 2.º		48	50	34	ue/decisoes/2012/32012D0653.md
32012D0653	Artigo 3.º		52	54	43	ue/decisoes/2012/32012D0653.md
32012D0653	Artigo 4.º		56	72	67	ue/decisoes/2012/32012D0653.md
32012D0653	Artigo 1.º	Período de aplicação e possibilidades de pesca	74	131	1532	ue/decisoes/2012/32012D0653.md
32012D0653	Artigo 2.º	Contrapartida financeira – Modalidades de pagamento	133	153	636	ue/decisoes/2012/32012D0653.md
32012D0653	Artigo 3.º	Promoção de uma pesca responsável na ZEE gronelandesa	155	173	668	ue/decisoes/2012/32012D0653.md
32012D0653	Artigo 4.º	Cooperação científica para uma pesca responsável	175	183	277	ue/decisoes/2012/32012D0653.md
32012D0653	Artigo 5.º	Novas possibilidades de pesca e pesca experimental	185	191	239	ue/decisoes/2012/32012D0653.md
32012D0653	Artigo 6.º	Suspensão e revisão do pagamento da contrapartida financeira	193	213	481	ue/decisoes/2012/32012D0653.md
32012D0653	Artigo 7.º	Suspensão e restabelecimento das autorizações de pesca	215	221	142	ue/decisoes/2012/32012D0653.md
32012D0653	Artigo 8.º	Suspensão da execução do Protocolo	223	245	534	ue/decisoes/2012/32012D0653.md
32012D0653	Artigo 9.º	Legislação e regulamentação nacionais	247	251	124	ue/decisoes/2012/32012D0653.md
32012D0653	Artigo 10.º	Duração	253	255	48	ue/decisoes/2012/32012D0653.md
32012D0653	Artigo 11.º	Denúncia	257	261	137	ue/decisoes/2012/32012D0653.md
32012D0653	Artigo 12.º	Aplicação provisória	263	265	32	ue/decisoes/2012/32012D0653.md
32012D0653	Artigo 13.º	Entrada em vigor	267	469	1367	ue/decisoes/2012/32012D0653.md
32012D0653	ANEXO		471	838	9694	ue/decisoes/2012/32012D0653.md
32012D0653	Apêndice 1		840	869	343	ue/decisoes/2012/32012D0653.md
32012D0653	Apêndice 2		871	958	1431	ue/decisoes/2012/32012D0653.md
32012D0653	Apêndice 3		960	1024	1062	ue/decisoes/2012/32012D0653.md
32012D0654	Preâmbulo		18	48	1200	ue/decisoes/2012/32012D0654.md
32012D0654	Artigo 1.º		52	54	64	ue/decisoes/2012/32012D0654.md
32012D0654	Artigo 2.º		56	78	137	ue/decisoes/2012/32012D0654.md
32012D0654	ANEXO		80	95	132	ue/decisoes/2012/32012D0654.md
32012D0656	Preâmbulo		18	44	454	ue/decisoes/2012/32012D0656.md
32012D0656	Artigo 1.º		48	50	53	ue/decisoes/2012/32012D0656.md
32012D0656	Artigo 2.º		52	62	41	ue/decisoes/2012/32012D0656.md
32012D0658	Preâmbulo		18	54	2860	ue/decisoes/2012/32012D0658.md
32012D0658	Artigo 1.º		58	156	4915	ue/decisoes/2012/32012D0658.md
32012D0658	Artigo 2.º		158	176	80	ue/decisoes/2012/32012D0658.md
32012D0660	Preâmbulo		18	927	32582	ue/decisoes/2012/32012D0660.md
32012D0660	Artigo 1.º		931	949	258	ue/decisoes/2012/32012D0660.md
32012D0660	Artigo 2.º		951	953	84	ue/decisoes/2012/32012D0660.md
32012D0660	Artigo 3.º		955	1077	2378	ue/decisoes/2012/32012D0660.md
32012D0661	Preâmbulo		18	576	23648	ue/decisoes/2012/32012D0661.md
32012D0661	Artigo 1.º		580	584	134	ue/decisoes/2012/32012D0661.md
32012D0661	Artigo 2.º		586	664	1462	ue/decisoes/2012/32012D0661.md
32012D0662	Preâmbulo		18	38	944	ue/decisoes/2012/32012D0662.md
32012D0662	Artigo 1.º		42	60	329	ue/decisoes/2012/32012D0662.md
32012D0662	Artigo 2.º		62	80	338	ue/decisoes/2012/32012D0662.md
32012D0662	Artigo 3.º		82	90	250	ue/decisoes/2012/32012D0662.md
32012D0662	Artigo 4.º		92	96	95	ue/decisoes/2012/32012D0662.md
32012D0662	Artigo 5.º		98	114	124	ue/decisoes/2012/32012D0662.md
32012D0662	ANEXO		116	262	2900	ue/decisoes/2012/32012D0662.md
32012D0665	Preâmbulo		18	34	158	ue/decisoes/2012/32012D0665.md
32012D0665	Artigo 1.º		38	55	331	ue/decisoes/2012/32012D0665.md
32012D0665	Artigo 2.º		57	69	62	ue/decisoes/2012/32012D0665.md
32012D0667	Preâmbulo		18	46	890	ue/decisoes/2012/32012D0667.md
32012D0667	Artigo 1.º		50	52	42	ue/decisoes/2012/32012D0667.md
32012D0667	Artigo 2.º		54	70	94	ue/decisoes/2012/32012D0667.md
32012D0668	Preâmbulo		18	46	858	ue/decisoes/2012/32012D0668.md
32012D0668	Artigo 1.º		50	52	38	ue/decisoes/2012/32012D0668.md
32012D0668	Artigo 2.º		54	70	94	ue/decisoes/2012/32012D0668.md
32012D0669	Preâmbulo		18	38	331	ue/decisoes/2012/32012D0669.md
32012D0669	Artigo 1.º		42	46	96	ue/decisoes/2012/32012D0669.md
32012D0669	Artigo 2.º		48	50	35	ue/decisoes/2012/32012D0669.md
32012D0669	Artigo 3.º		52	54	45	ue/decisoes/2012/32012D0669.md
32012D0669	Artigo 4.º		56	68	49	ue/decisoes/2012/32012D0669.md
32012D0669	Artigo 1.º	Período de aplicação e possibilidades de pesca	70	78	344	ue/decisoes/2012/32012D0669.md
32012D0669	Artigo 2.º	Contribuição financeira – Modalidades de pagamento	80	98	567	ue/decisoes/2012/32012D0669.md
32012D0669	Artigo 3.º	Promoção de uma pesca responsável na ZEE de Quiribáti	100	120	690	ue/decisoes/2012/32012D0669.md
32012D0669	Artigo 4.º	Cooperação científica para uma pesca responsável	122	130	290	ue/decisoes/2012/32012D0669.md
32012D0669	Artigo 5.º	Ajustamento das possibilidades de pesca de comum acordo	132	136	185	ue/decisoes/2012/32012D0669.md
32012D0669	Artigo 6.º	Novas possibilidades de pesca	138	146	293	ue/decisoes/2012/32012D0669.md
32012D0669	Artigo 7.º	Condições que regem as atividades de pesca — Cláusula de exclusividade	148	152	153	ue/decisoes/2012/32012D0669.md
32012D0669	Artigo 8.º	Suspensão e revisão do pagamento da contribuição financeira	154	166	354	ue/decisoes/2012/32012D0669.md
32012D0669	Artigo 9.º	Suspensão e restabelecimento das autorizações de pesca	168	174	149	ue/decisoes/2012/32012D0669.md
32012D0669	Artigo 10.º	Suspensão da aplicação do Protocolo	176	192	383	ue/decisoes/2012/32012D0669.md
32012D0669	Artigo 11.º	Legislação e regulamentações nacionais	194	198	130	ue/decisoes/2012/32012D0669.md
32012D0669	Artigo 12.º	Cláusula de revisão	200	202	99	ue/decisoes/2012/32012D0669.md
32012D0669	Artigo 13.º	Vigência	204	206	48	ue/decisoes/2012/32012D0669.md
32012D0669	Artigo 14.º	Denúncia	208	214	233	ue/decisoes/2012/32012D0669.md
32012D0669	Artigo 15.º	Aplicação provisória	216	218	34	ue/decisoes/2012/32012D0669.md
32012D0669	Artigo 16.º	Entrada em vigor	220	226	102	ue/decisoes/2012/32012D0669.md
32012D0669	ANEXO		228	640	10622	ue/decisoes/2012/32012D0669.md
32012D0669	Apêndice I		642	958	1150	ue/decisoes/2012/32012D0669.md
32012D0669	Apêndice II		960	1016	285	ue/decisoes/2012/32012D0669.md
32012D0669	Apêndice III A		1018	1236	686	ue/decisoes/2012/32012D0669.md
32012D0669	Apêndice III B		1238	1444	531	ue/decisoes/2012/32012D0669.md
32012D0669	Apêndice IV		1446	1716	1600	ue/decisoes/2012/32012D0669.md
32012D0669	Apêndice V		1718	1851	2834	ue/decisoes/2012/32012D0669.md
32012D0669	Apêndice VI		1853	1861	24	ue/decisoes/2012/32012D0669.md
32012D0669	Apêndice VII		1863	1867	65	ue/decisoes/2012/32012D0669.md
32012D0669	Apêndice VIII		1869	1877	42	ue/decisoes/2012/32012D0669.md
32012D0670	Preâmbulo		18	36	250	ue/decisoes/2012/32012D0670.md
32012D0670	Artigo 1.º		40	42	50	ue/decisoes/2012/32012D0670.md
32012D0670	Artigo 2.º		44	46	42	ue/decisoes/2012/32012D0670.md
32012D0670	Artigo 3.º		48	62	72	ue/decisoes/2012/32012D0670.md
32012D0671	Preâmbulo		18	40	395	ue/decisoes/2012/32012D0671.md
32012D0671	Artigo 1.º		44	48	177	ue/decisoes/2012/32012D0671.md
32012D0671	Artigo 2.º		50	52	19	ue/decisoes/2012/32012D0671.md
32012D0671	Artigo 3.º		54	66	48	ue/decisoes/2012/32012D0671.md
32012D0678	Preâmbulo		18	62	1660	ue/decisoes/2012/32012D0678.md
32012D0678	Artigo 1.º	Objeto e âmbito de aplicação	68	72	157	ue/decisoes/2012/32012D0678.md
32012D0678	Artigo 2.º	Início da investigação	76	84	353	ue/decisoes/2012/32012D0678.md
32012D0678	Artigo 3.º	Pedido de informação	86	90	190	ue/decisoes/2012/32012D0678.md
32012D0678	Artigo 4.º	Entrevistas	92	94	156	ue/decisoes/2012/32012D0678.md
32012D0678	Artigo 5.º	Inspeções	96	118	520	ue/decisoes/2012/32012D0678.md
32012D0678	Artigo 6.º	Direito a ser ouvido	120	124	90	ue/decisoes/2012/32012D0678.md
32012D0678	Artigo 7.º	Apresentação de relatórios	126	134	186	ue/decisoes/2012/32012D0678.md
32012D0678	Artigo 8.º	Duração	136	140	189	ue/decisoes/2012/32012D0678.md
32012D0678	Artigo 9.º	Direito de defesa	144	146	31	ue/decisoes/2012/32012D0678.md
32012D0678	Artigo 10.º	Acesso ao processo	148	152	116	ue/decisoes/2012/32012D0678.md
32012D0678	Artigo 11.º	Representação jurídica	154	156	65	ue/decisoes/2012/32012D0678.md
32012D0678	Artigo 12.º	Confidencialidade e sigilo profissional	158	162	150	ue/decisoes/2012/32012D0678.md
32012D0678	Artigo 13.º	Montante máximo	166	168	58	ue/decisoes/2012/32012D0678.md
32012D0678	Artigo 14.º	Critérios no que respeita ao montante da multa	170	186	441	ue/decisoes/2012/32012D0678.md
32012D0678	Artigo 15.º	Prazo de prescrição para a cobrança de multas	188	194	156	ue/decisoes/2012/32012D0678.md
32012D0678	Artigo 16.º	Entrada em vigor	198	218	108	ue/decisoes/2012/32012D0678.md
32012D0679	Preâmbulo		18	50	1330	ue/decisoes/2012/32012D0679.md
32012D0679	Artigo 1.º		54	56	68	ue/decisoes/2012/32012D0679.md
32012D0679	Artigo 2.º		58	72	64	ue/decisoes/2012/32012D0679.md
32012D0679	ANEXO		74	81	164	ue/decisoes/2012/32012D0679.md
32012D0680	Preâmbulo		18	42	486	ue/decisoes/2012/32012D0680.md
32012D0680	Artigo 1.º		46	48	58	ue/decisoes/2012/32012D0680.md
32012D0680	Artigo 2.º		50	70	76	ue/decisoes/2012/32012D0680.md
32012D0681	Preâmbulo		18	42	510	ue/decisoes/2012/32012D0681.md
32012D0681	Artigo 1.º		46	48	58	ue/decisoes/2012/32012D0681.md
32012D0681	Artigo 2.º		50	70	76	ue/decisoes/2012/32012D0681.md
32012D0682	Preâmbulo		18	42	481	ue/decisoes/2012/32012D0682.md
32012D0682	Artigo 1.º		46	48	58	ue/decisoes/2012/32012D0682.md
32012D0682	Artigo 2.º		50	70	76	ue/decisoes/2012/32012D0682.md
32012D0683	Preâmbulo		18	42	518	ue/decisoes/2012/32012D0683.md
32012D0683	Artigo 1.º		46	48	58	ue/decisoes/2012/32012D0683.md
32012D0683	Artigo 2.º		50	70	76	ue/decisoes/2012/32012D0683.md
32012D0684	Preâmbulo		18	42	512	ue/decisoes/2012/32012D0684.md
32012D0684	Artigo 1.º		46	48	58	ue/decisoes/2012/32012D0684.md
32012D0684	Artigo 2.º		50	70	76	ue/decisoes/2012/32012D0684.md
32012D0685	Preâmbulo		18	40	441	ue/decisoes/2012/32012D0685.md
32012D0685	Artigo 1.º		44	46	58	ue/decisoes/2012/32012D0685.md
32012D0685	Artigo 2.º		48	68	76	ue/decisoes/2012/32012D0685.md
32012D0687	Preâmbulo		18	32	141	ue/decisoes/2012/32012D0687.md
32012D0687	Artigo 1.º		36	38	40	ue/decisoes/2012/32012D0687.md
32012D0687	Artigo 2.º		40	52	61	ue/decisoes/2012/32012D0687.md
32012D0687	ANEXO		54	62	156	ue/decisoes/2012/32012D0687.md
32012D0688	Artigo 1.º		40	42	92	ue/decisoes/2012/32012D0688.md
32012D0688	Artigo 2.º		44	56	317	ue/decisoes/2012/32012D0688.md
32012D0688	Artigo 3.º		58	66	96	ue/decisoes/2012/32012D0688.md
32012D0688	Artigo 4.º		68	72	20	ue/decisoes/2012/32012D0688.md
32012D0688	ANEXO	PARÂMETROS REFERIDOS NO ARTIGO 2.º, N.º 1	74	192	2868	ue/decisoes/2012/32012D0688.md
32012D0690	Preâmbulo		18	52	1206	ue/decisoes/2012/32012D0690.md
32012D0690	Artigo 1.º		56	60	82	ue/decisoes/2012/32012D0690.md
32012D0690	Artigo 2.º		62	64	12	ue/decisoes/2012/32012D0690.md
32012D0690	Artigo 3.º		66	86	88	ue/decisoes/2012/32012D0690.md
32012D0691	Preâmbulo		18	36	309	ue/decisoes/2012/32012D0691.md
32012D0691	Artigo 1.º		40	42	60	ue/decisoes/2012/32012D0691.md
32012D0691	Artigo 2.º		44	56	82	ue/decisoes/2012/32012D0691.md
32012D0691	ANEXO		58	75	396	ue/decisoes/2012/32012D0691.md
32012D0699	Artigo 1.º		62	82	474	ue/decisoes/2012/32012D0699.md
32012D0699	Artigo 2.º		84	88	126	ue/decisoes/2012/32012D0699.md
32012D0699	Artigo 3.º		90	98	228	ue/decisoes/2012/32012D0699.md
32012D0699	Artigo 4.º		100	104	92	ue/decisoes/2012/32012D0699.md
32012D0699	Artigo 5.º		106	114	52	ue/decisoes/2012/32012D0699.md
32012D0699	ANEXO		116	482	12762	ue/decisoes/2012/32012D0699.md
32012D0700	Preâmbulo		18	46	1330	ue/decisoes/2012/32012D0700.md
32012D0700	Artigo 1.º		50	74	662	ue/decisoes/2012/32012D0700.md
32012D0700	Artigo 2.º		76	80	136	ue/decisoes/2012/32012D0700.md
32012D0700	Artigo 3.º		82	90	208	ue/decisoes/2012/32012D0700.md
32012D0700	Artigo 4.º		92	94	76	ue/decisoes/2012/32012D0700.md
32012D0700	Artigo 5.º		96	110	112	ue/decisoes/2012/32012D0700.md
32012D0700	ANEXO		112	246	3680	ue/decisoes/2012/32012D0700.md
32012D0703	Preâmbulo		18	38	373	ue/decisoes/2012/32012D0703.md
32012D0703	Artigo 1.º		42	46	52	ue/decisoes/2012/32012D0703.md
32012D0703	Artigo 2.º		48	50	19	ue/decisoes/2012/32012D0703.md
32012D0703	Artigo 3.º		52	66	60	ue/decisoes/2012/32012D0703.md
32012D0705	Preâmbulo		18	52	1259	ue/decisoes/2012/32012D0705.md
32012D0705	Artigo 1.º		56	58	23	ue/decisoes/2012/32012D0705.md
32012D0705	«Artigo 1.º		60	62	103	ue/decisoes/2012/32012D0705.md
32012D0705	Artigo 2.º		64	70	166	ue/decisoes/2012/32012D0705.md
32012D0705	Artigo 2.º		72	74	26	ue/decisoes/2012/32012D0705.md
32012D0705	«Artigo 1.º		76	78	102	ue/decisoes/2012/32012D0705.md
32012D0705	Artigo 2.º		80	86	166	ue/decisoes/2012/32012D0705.md
32012D0705	Artigo 3.º		88	90	20	ue/decisoes/2012/32012D0705.md
32012D0705	Artigo 4.º		92	108	79	ue/decisoes/2012/32012D0705.md
32012D0705(01)	Artigo 1.º		92	94	42	ue/decisoes/2012/32012D0705(01).md
32012D0705(01)	Artigo 2.º		96	98	53	ue/decisoes/2012/32012D0705(01).md
32012D0705(01)	Artigo 3.º		100	102	98	ue/decisoes/2012/32012D0705(01).md
32012D0705(01)	Artigo 4.º		106	108	34	ue/decisoes/2012/32012D0705(01).md
32012D0705(01)	Artigo 5.º		110	112	52	ue/decisoes/2012/32012D0705(01).md
32012D0705(01)	Artigo 6.º		116	118	19	ue/decisoes/2012/32012D0705(01).md
32012D0705(01)	Artigo 7.º		120	122	55	ue/decisoes/2012/32012D0705(01).md
32012D0705(01)	Artigo 8.º		126	128	42	ue/decisoes/2012/32012D0705(01).md
32012D0705(01)	Artigo 9.º		130	134	173	ue/decisoes/2012/32012D0705(01).md
32012D0705(01)	Artigo 10.º		136	138	30	ue/decisoes/2012/32012D0705(01).md
32012D0705(01)	Artigo 11.º		140	164	120	ue/decisoes/2012/32012D0705(01).md
32012D0705(01)	ANEXO I		166	439	3619	ue/decisoes/2012/32012D0705(01).md
32012D0705(01)	ANEXO II		441	557	1065	ue/decisoes/2012/32012D0705(01).md
32012D0705(01)	ANEXO III		559	633	1171	ue/decisoes/2012/32012D0705(01).md
32012D0706	Preâmbulo		22	197	5532	ue/decisoes/2012/32012D0706.md
32012D0706	Artigo 1.º		201	203	64	ue/decisoes/2012/32012D0706.md
32012D0706	Artigo 2.º		205	207	58	ue/decisoes/2012/32012D0706.md
32012D0706	Artigo 3.º		209	215	95	ue/decisoes/2012/32012D0706.md
32012D0706	Artigo 4.º		217	221	57	ue/decisoes/2012/32012D0706.md
32012D0706	Artigo 5.º		223	233	233	ue/decisoes/2012/32012D0706.md
32012D0706	Artigo 6.º		235	285	710	ue/decisoes/2012/32012D0706.md
32012D0706(01)	Artigo único		52	68	112	ue/decisoes/2012/32012D0706(01).md
32012D0709	Preâmbulo		18	38	556	ue/decisoes/2012/32012D0709.md
32012D0709	Artigo 1.º		42	44	62	ue/decisoes/2012/32012D0709.md
32012D0709	Artigo 2.º		46	48	92	ue/decisoes/2012/32012D0709.md
32012D0709	Artigo 3.º		50	54	64	ue/decisoes/2012/32012D0709.md
32012D0709	Artigo 4.º		56	58	42	ue/decisoes/2012/32012D0709.md
32012D0709	Artigo 5.º		60	64	40	ue/decisoes/2012/32012D0709.md
32012D0709	Artigo 6.º		66	82	76	ue/decisoes/2012/32012D0709.md
32012D0709	ANEXO I		84	92	171	ue/decisoes/2012/32012D0709.md
32012D0709	ANEXO II		94	112	141	ue/decisoes/2012/32012D0709.md
32012D0711	Preâmbulo		18	58	1810	ue/decisoes/2012/32012D0711.md
32012D0711	Artigo 1.º		62	82	489	ue/decisoes/2012/32012D0711.md
32012D0711	Artigo 2.º		84	90	116	ue/decisoes/2012/32012D0711.md
32012D0711	Artigo 3.º		92	100	229	ue/decisoes/2012/32012D0711.md
32012D0711	Artigo 4.º		102	104	92	ue/decisoes/2012/32012D0711.md
32012D0711	Artigo 5.º		106	124	128	ue/decisoes/2012/32012D0711.md
32012D0711	ANEXO		126	220	2486	ue/decisoes/2012/32012D0711.md
32012D0712	Preâmbulo		18	48	1202	ue/decisoes/2012/32012D0712.md
32012D0712	Artigo 1.º		52	58	258	ue/decisoes/2012/32012D0712.md
32012D0712	Artigo 2.º		60	154	2904	ue/decisoes/2012/32012D0712.md
32012D0712	Artigo 3.º		156	170	169	ue/decisoes/2012/32012D0712.md
32012D0712	Artigo 4.º		172	194	96	ue/decisoes/2012/32012D0712.md
32012D0712(01)	Artigo 1.º		100	102	95	ue/decisoes/2012/32012D0712(01).md
32012D0712(01)	Artigo 2.º		104	114	112	ue/decisoes/2012/32012D0712(01).md
32012D0712(01)	Artigo 3.º		116	118	80	ue/decisoes/2012/32012D0712(01).md
32012D0712(01)	Artigo 4.º		120	184	400	ue/decisoes/2012/32012D0712(01).md
32012D0712(01)	ANEXO		186	666	6623	ue/decisoes/2012/32012D0712(01).md
32012D0714	Preâmbulo		18	46	577	ue/decisoes/2012/32012D0714.md
32012D0714	Artigo 1.º	Participação da Lituânia na cooperação reforçada	50	54	86	ue/decisoes/2012/32012D0714.md
32012D0714	Artigo 2.º	Informações a comunicar pela Lituânia	56	62	118	ue/decisoes/2012/32012D0714.md
32012D0714	Artigo 3.º	Disposições transitórias para a Lituânia	64	70	183	ue/decisoes/2012/32012D0714.md
32012D0714	Artigo 4.º	Entrada em vigor e data de aplicação do Regulamento (UE) n.º 1259/2010 na Lituânia	72	76	83	ue/decisoes/2012/32012D0714.md
32012D0714	Artigo 5.º	Entrada em vigor	78	92	79	ue/decisoes/2012/32012D0714.md
32012D0715	Artigo 1.º		29	31	35	ue/decisoes/2012/32012D0715.md
32012D0715	Artigo 2.º		33	37	34	ue/decisoes/2012/32012D0715.md
32012D0715	ANEXO		39	58	266	ue/decisoes/2012/32012D0715.md
32012D0718	Preâmbulo		18	48	886	ue/decisoes/2012/32012D0718.md
32012D0718	Artigo 1.º		52	69	690	ue/decisoes/2012/32012D0718.md
32012D0718	Artigo 2.º		71	75	56	ue/decisoes/2012/32012D0718.md
32012D0718	Artigo 3.º		77	93	218	ue/decisoes/2012/32012D0718.md
32012D0719	Preâmbulo		18	166	6954	ue/decisoes/2012/32012D0719.md
32012D0719	Artigo 1.º		170	172	76	ue/decisoes/2012/32012D0719.md
32012D0719	Artigo 2.º		174	216	416	ue/decisoes/2012/32012D0719.md
32012D0724	Preâmbulo		18	32	221	ue/decisoes/2012/32012D0724.md
32012D0724	Artigo 1.º		36	64	511	ue/decisoes/2012/32012D0724.md
32012D0724	Artigo 2.º		66	78	60	ue/decisoes/2012/32012D0724.md
32012D0725	Artigo 1.º		66	68	93	ue/decisoes/2012/32012D0725.md
32012D0725	Artigo 2.º		70	72	48	ue/decisoes/2012/32012D0725.md
32012D0725	Artigo 3.º		74	76	38	ue/decisoes/2012/32012D0725.md
32012D0725	ANEXO I		78	105	270	ue/decisoes/2012/32012D0725.md
32012D0725	ANEXO II		107	136	297	ue/decisoes/2012/32012D0725.md
32012D0726	Preâmbulo		18	44	421	ue/decisoes/2012/32012D0726.md
32012D0726	Artigo 1.º		48	50	107	ue/decisoes/2012/32012D0726.md
32012D0726	Artigo 2.º		52	54	44	ue/decisoes/2012/32012D0726.md
32012D0726	Artigo 3.º		56	76	106	ue/decisoes/2012/32012D0726.md
32012D0726	ANEXO I		78	104	191	ue/decisoes/2012/32012D0726.md
32012D0726	ANEXO II		106	133	300	ue/decisoes/2012/32012D0726.md
32012D0727	Preâmbulo		18	46	552	ue/decisoes/2012/32012D0727.md
32012D0727	Artigo 1.º		50	52	92	ue/decisoes/2012/32012D0727.md
32012D0727	Artigo 2.º		54	56	48	ue/decisoes/2012/32012D0727.md
32012D0727	Artigo 3.º		58	78	104	ue/decisoes/2012/32012D0727.md
32012D0727	ANEXO I		80	103	256	ue/decisoes/2012/32012D0727.md
32012D0727	ANEXO II		105	124	250	ue/decisoes/2012/32012D0727.md
32012D0728	Preâmbulo		18	42	666	ue/decisoes/2012/32012D0728.md
32012D0728	Artigo 1.º		46	48	34	ue/decisoes/2012/32012D0728.md
32012D0728	Artigo 2.º		50	52	62	ue/decisoes/2012/32012D0728.md
32012D0728	Artigo 3.º		54	68	62	ue/decisoes/2012/32012D0728.md
32012D0729	Preâmbulo		18	40	672	ue/decisoes/2012/32012D0729.md
32012D0729	Artigo 1.º		44	46	32	ue/decisoes/2012/32012D0729.md
32012D0729	Artigo 2.º		48	64	70	ue/decisoes/2012/32012D0729.md
32012D0730	Preâmbulo		18	34	196	ue/decisoes/2012/32012D0730.md
32012D0730	Artigo 1.º		38	40	60	ue/decisoes/2012/32012D0730.md
32012D0730	Artigo 2.º		42	54	52	ue/decisoes/2012/32012D0730.md
32012D0731	Preâmbulo		18	40	422	ue/decisoes/2012/32012D0731.md
32012D0731	Artigo 1.º		44	46	58	ue/decisoes/2012/32012D0731.md
32012D0731	Artigo 2.º		48	68	74	ue/decisoes/2012/32012D0731.md
32012D0732	Preâmbulo		18	40	438	ue/decisoes/2012/32012D0732.md
32012D0732	Artigo 1.º		44	46	58	ue/decisoes/2012/32012D0732.md
32012D0732	Artigo 2.º		48	68	76	ue/decisoes/2012/32012D0732.md
32012D0734	Preâmbulo		18	50	902	ue/decisoes/2012/32012D0734.md
32012D0734	Artigo 1.º		54	58	71	ue/decisoes/2012/32012D0734.md
32012D0734	Artigo 2.º		60	62	34	ue/decisoes/2012/32012D0734.md
32012D0734	Artigo 3.º		64	70	176	ue/decisoes/2012/32012D0734.md
32012D0734	Artigo 4.º		72	74	172	ue/decisoes/2012/32012D0734.md
32012D0734	Artigo 5.º		76	80	114	ue/decisoes/2012/32012D0734.md
32012D0734	Artigo 6.º		82	84	117	ue/decisoes/2012/32012D0734.md
32012D0734	Artigo 7.º		86	88	48	ue/decisoes/2012/32012D0734.md
32012D0734	Artigo 8.º		90	104	58	ue/decisoes/2012/32012D0734.md
32012D0735	Preâmbulo		18	46	548	ue/decisoes/2012/32012D0735.md
32012D0735	Artigo 1.º		50	54	68	ue/decisoes/2012/32012D0735.md
32012D0735	Artigo 2.º		56	58	42	ue/decisoes/2012/32012D0735.md
32012D0735	Artigo 3.º		60	66	172	ue/decisoes/2012/32012D0735.md
32012D0735	Artigo 4.º		68	70	167	ue/decisoes/2012/32012D0735.md
32012D0735	Artigo 5.º		72	76	114	ue/decisoes/2012/32012D0735.md
32012D0735	Artigo 6.º		78	80	123	ue/decisoes/2012/32012D0735.md
32012D0735	Artigo 7.º		82	84	50	ue/decisoes/2012/32012D0735.md
32012D0735	Artigo 8.º		86	100	58	ue/decisoes/2012/32012D0735.md
32012D0738	Preâmbulo		18	66	1031	ue/decisoes/2012/32012D0738.md
32012D0738	Artigo 1.º		70	74	45	ue/decisoes/2012/32012D0738.md
32012D0738	Artigo 2.º		76	78	44	ue/decisoes/2012/32012D0738.md
32012D0738	Artigo 3.º		80	82	38	ue/decisoes/2012/32012D0738.md
32012D0738	Artigo 4.º		84	86	68	ue/decisoes/2012/32012D0738.md
32012D0738	Artigo 5.º		88	106	98	ue/decisoes/2012/32012D0738.md
32012D0738	Artigo 1.º	Objetivos	108	116	220	ue/decisoes/2012/32012D0738.md
32012D0738	Artigo 2.º	Princípios da assistência alimentar	118	168	1053	ue/decisoes/2012/32012D0738.md
32012D0738	Artigo 3.º	Relação com os Acordos da OMC	170	172	99	ue/decisoes/2012/32012D0738.md
32012D0738	Artigo 4.º	País elegível, populações vulneráveis elegíveis, produtos elegíveis, atividades elegíveis e custos associados	174	192	460	ue/decisoes/2012/32012D0738.md
32012D0738	Artigo 5.º	Compromisso	194	222	1095	ue/decisoes/2012/32012D0738.md
32012D0738	Artigo 6.º	Relatório anual e intercâmbio de informações	224	230	206	ue/decisoes/2012/32012D0738.md
32012D0738	Artigo 7.º	Comité da Assistência Alimentar	232	246	508	ue/decisoes/2012/32012D0738.md
32012D0738	Artigo 8.º	Presidente e Vice-Presidente do Comité	248	272	342	ue/decisoes/2012/32012D0738.md
32012D0738	Artigo 9.º	Sessões formais e reuniões informais	274	288	262	ue/decisoes/2012/32012D0738.md
32012D0738	Artigo 10.º	Secretariado	290	294	142	ue/decisoes/2012/32012D0738.md
32012D0738	Artigo 11.º	Resolução de litígios	296	298	75	ue/decisoes/2012/32012D0738.md
32012D0738	Artigo 12.º	Assinatura e ratificação, aceitação ou aprovação	300	302	297	ue/decisoes/2012/32012D0738.md
32012D0738	Artigo 13.º	Adesão	304	308	180	ue/decisoes/2012/32012D0738.md
32012D0738	Artigo 14.º	Notificação da aplicação provisória	310	312	169	ue/decisoes/2012/32012D0738.md
32012D0738	Artigo 15.º	Entrada em vigor	314	320	218	ue/decisoes/2012/32012D0738.md
32012D0738	Artigo 16.º	Procedimento de avaliação e alteração	322	328	358	ue/decisoes/2012/32012D0738.md
32012D0738	Artigo 17.º	Recesso e cessação da vigência	330	334	197	ue/decisoes/2012/32012D0738.md
32012D0738	Artigo 18.º	Depositário	336	340	95	ue/decisoes/2012/32012D0738.md
32012D0738	Artigo 19.º	Textos que fazem fé	342	348	96	ue/decisoes/2012/32012D0738.md
32012D0745	Preâmbulo		18	34	236	ue/decisoes/2012/32012D0745.md
32012D0745	Artigo 1.º		38	40	25	ue/decisoes/2012/32012D0745.md
32012D0745	Artigo 2.º		42	54	60	ue/decisoes/2012/32012D0745.md
32012D0745	ANEXO		56	134	7225	ue/decisoes/2012/32012D0745.md
32012D0747	Preâmbulo		18	60	622	ue/decisoes/2012/32012D0747.md
32012D0747	Artigo 1.º		64	66	59	ue/decisoes/2012/32012D0747.md
32012D0747	Artigo 2.º		68	86	76	ue/decisoes/2012/32012D0747.md
32012D0747	Artigo 1.º		88	90	26	ue/decisoes/2012/32012D0747.md
32012D0747	Artigo 2.º		92	96	54	ue/decisoes/2012/32012D0747.md
32012D0747	Artigo 3.º		98	114	97	ue/decisoes/2012/32012D0747.md
32012D0752	Preâmbulo		18	38	438	ue/decisoes/2012/32012D0752.md
32012D0752	Artigo 1.º		42	51	98	ue/decisoes/2012/32012D0752.md
32012D0752	Artigo 2.º		53	55	20	ue/decisoes/2012/32012D0752.md
32012D0752	Artigo 3.º		57	69	52	ue/decisoes/2012/32012D0752.md
32012D0759	Preâmbulo		18	44	463	ue/decisoes/2012/32012D0759.md
32012D0759	Artigo 1.º		48	50	51	ue/decisoes/2012/32012D0759.md
32012D0759	Artigo 2.º		52	62	41	ue/decisoes/2012/32012D0759.md
32012D0761	Artigo 1.º	Brucelose bovina	91	131	330	ue/decisoes/2012/32012D0761.md
32012D0761	Artigo 2.º	Tuberculose bovina	133	173	336	ue/decisoes/2012/32012D0761.md
32012D0761	Artigo 3.º	Brucelose dos ovinos e caprinos	175	237	488	ue/decisoes/2012/32012D0761.md
32012D0761	Artigo 4.º	Febre catarral ovina em regiões endémicas ou de alto risco	239	303	394	ue/decisoes/2012/32012D0761.md
32012D0761	Artigo 5.º	Salmonelose (salmonela zoonótica) em efetivos de reprodução, de poedeiras e de frangos de mesa da espécie Gallus gallus e em bandos de perus (Meleagris gallopav	305	409	1010	ue/decisoes/2012/32012D0761.md
32012D0761	Artigo 6.º	Peste suína clássica	411	451	276	ue/decisoes/2012/32012D0761.md
32012D0761	Artigo 7.º	Peste suína africana	453	477	187	ue/decisoes/2012/32012D0761.md
32012D0761	Artigo 8.º	Doença vesiculosa dos suínos	479	501	152	ue/decisoes/2012/32012D0761.md
32012D0761	Artigo 9.º	Gripe aviária nas aves de capoeira e aves selvagens	503	596	638	ue/decisoes/2012/32012D0761.md
32012D0761	Artigo 10.º	Encefalopatias espongiformes transmissíveis (EET), encefalopatia espongiforme bovina (EEB) e tremor epizoótico dos ovinos	598	695	1016	ue/decisoes/2012/32012D0761.md
32012D0761	Artigo 11.º	Raiva	697	780	703	ue/decisoes/2012/32012D0761.md
32012D0761	Artigo 12.º	Raiva	784	845	573	ue/decisoes/2012/32012D0761.md
32012D0761	Artigo 13.º	Despesas elegíveis	849	859	208	ue/decisoes/2012/32012D0761.md
32012D0761	Artigo 14.º		863	873	142	ue/decisoes/2012/32012D0761.md
32012D0761	Artigo 15.º		875	879	126	ue/decisoes/2012/32012D0761.md
32012D0761	Artigo 16.º		881	899	494	ue/decisoes/2012/32012D0761.md
32012D0761	Artigo 17.º		901	903	32	ue/decisoes/2012/32012D0761.md
32012D0761	Artigo 18.º		905	907	61	ue/decisoes/2012/32012D0761.md
32012D0761	Artigo 19.º		909	911	20	ue/decisoes/2012/32012D0761.md
32012D0761	ANEXO		913	973	758	ue/decisoes/2012/32012D0761.md
32012D0763	Preâmbulo		18	36	315	ue/decisoes/2012/32012D0763.md
32012D0763	Artigo 1.º		40	42	120	ue/decisoes/2012/32012D0763.md
32012D0763	Artigo 2.º		44	46	34	ue/decisoes/2012/32012D0763.md
32012D0763	Artigo 3.º		48	60	64	ue/decisoes/2012/32012D0763.md
32012D0764	Preâmbulo		18	58	1731	ue/decisoes/2012/32012D0764.md
32012D0764	Artigo 1.º		62	64	115	ue/decisoes/2012/32012D0764.md
32012D0764	Artigo 2.º		66	96	368	ue/decisoes/2012/32012D0764.md
32012D0768	Preâmbulo		18	36	270	ue/decisoes/2012/32012D0768.md
32012D0768	Artigo 1.º		40	44	83	ue/decisoes/2012/32012D0768.md
32012D0768	Artigo 2.º		46	48	36	ue/decisoes/2012/32012D0768.md
32012D0768	Artigo 3.º		50	52	31	ue/decisoes/2012/32012D0768.md
32012D0768	Artigo 4.º		54	130	759	ue/decisoes/2012/32012D0768.md
32012D0768	Artigo 1.º	Decisões relacionadas com a participação	134	142	227	ue/decisoes/2012/32012D0768.md
32012D0768	Artigo 2.º		144	148	149	ue/decisoes/2012/32012D0768.md
32012D0768	Artigo 3.º	Estatuto do pessoal e das forças	150	164	713	ue/decisoes/2012/32012D0768.md
32012D0768	Artigo 4.º	Informações classificadas	166	168	80	ue/decisoes/2012/32012D0768.md
32012D0768	Artigo 5.º	Pessoal destacado para uma operação civil da UE no domínio da gestão de crises	172	186	283	ue/decisoes/2012/32012D0768.md
32012D0768	Artigo 6.º	Cadeia de comando	188	206	419	ue/decisoes/2012/32012D0768.md
32012D0768	Artigo 7.º	Aspetos financeiros	208	212	158	ue/decisoes/2012/32012D0768.md
32012D0768	Artigo 8.º	Contribuição para o orçamento operacional	214	238	508	ue/decisoes/2012/32012D0768.md
32012D0768	Artigo 9.º	Participação na operação militar da UE no domínio da gestão de crises	242	254	190	ue/decisoes/2012/32012D0768.md
32012D0768	Artigo 10.º	Cadeia de comando	256	266	286	ue/decisoes/2012/32012D0768.md
32012D0768	Artigo 11.º	Aspetos financeiros	268	272	242	ue/decisoes/2012/32012D0768.md
32012D0768	Artigo 12.º	Contribuição para os custos comuns	274	298	548	ue/decisoes/2012/32012D0768.md
32012D0768	Artigo 13.º	Convénios de execução do Acordo	302	304	74	ue/decisoes/2012/32012D0768.md
32012D0768	Artigo 14.º	Incumprimento	306	308	47	ue/decisoes/2012/32012D0768.md
32012D0768	Artigo 15.º	Resolução de litígios	310	312	42	ue/decisoes/2012/32012D0768.md
32012D0768	Artigo 16.º	Entrada em vigor	314	424	1430	ue/decisoes/2012/32012D0768.md
32012D0769	Preâmbulo		18	46	889	ue/decisoes/2012/32012D0769.md
32012D0769	Artigo 1.º		50	52	34	ue/decisoes/2012/32012D0769.md
32012D0769	Artigo 2.º		54	56	22	ue/decisoes/2012/32012D0769.md
32012D0769	Artigo 3.º		58	72	60	ue/decisoes/2012/32012D0769.md
32012D0770	Preâmbulo		18	54	1728	ue/decisoes/2012/32012D0770.md
32012D0770	Artigo 1.º		58	70	150	ue/decisoes/2012/32012D0770.md
32012D0770	Artigo 2.º		72	86	76	ue/decisoes/2012/32012D0770.md
32012D0770	ANEXO		88	246	3463	ue/decisoes/2012/32012D0770.md
32012D0773	Preâmbulo		18	62	1354	ue/decisoes/2012/32012D0773.md
32012D0773	Artigo 1.º		66	70	175	ue/decisoes/2012/32012D0773.md
32012D0773	Artigo 2.º		72	84	51	ue/decisoes/2012/32012D0773.md
32012D0773	Artigo 1.º	Definições	88	150	712	ue/decisoes/2012/32012D0773.md
32012D0773	Artigo 2.º	Âmbito de aplicação pessoal	152	162	242	ue/decisoes/2012/32012D0773.md
32012D0773	Artigo 3.º	Igualdade de tratamento	164	168	199	ue/decisoes/2012/32012D0773.md
32012D0773	Artigo 4.º	Supressão das cláusulas de residência	172	182	292	ue/decisoes/2012/32012D0773.md
32012D0773	Artigo 5.º	Cooperação	186	200	604	ue/decisoes/2012/32012D0773.md
32012D0773	Artigo 6.º	Controlo administrativo e exames médicos	202	222	796	ue/decisoes/2012/32012D0773.md
32012D0773	Artigo 7.º	Aplicação do artigo 126.º do Acordo	224	226	51	ue/decisoes/2012/32012D0773.md
32012D0773	Artigo 8.º	Disposições especiais relativas à aplicação da legislação da Albânia	228	230	69	ue/decisoes/2012/32012D0773.md
32012D0773	Artigo 9.º	Procedimentos administrativos previstos em acordos bilaterais em vigor	232	234	89	ue/decisoes/2012/32012D0773.md
32012D0773	Artigo 10.º	Acordos para completar os procedimentos administrativos de aplicação da presente decisão	236	238	82	ue/decisoes/2012/32012D0773.md
32012D0773	Artigo 11.º	Disposições transitórias	242	252	352	ue/decisoes/2012/32012D0773.md
32012D0773	Artigo 12.º	Anexos à presente decisão	254	258	60	ue/decisoes/2012/32012D0773.md
32012D0773	Artigo 13.º	Entrada em vigor	260	276	92	ue/decisoes/2012/32012D0773.md
32012D0773	ANEXO I		278	280	24	ue/decisoes/2012/32012D0773.md
32012D0773	ANEXO II		282	284	20	ue/decisoes/2012/32012D0773.md
32012D0774	Preâmbulo		18	62	1377	ue/decisoes/2012/32012D0774.md
32012D0774	Artigo 1.º		66	70	176	ue/decisoes/2012/32012D0774.md
32012D0774	Artigo 2.º		72	84	50	ue/decisoes/2012/32012D0774.md
32012D0774	Artigo 1.º	Definições	88	150	719	ue/decisoes/2012/32012D0774.md
32012D0774	Artigo 2.º	Âmbito de aplicação pessoal	152	162	248	ue/decisoes/2012/32012D0774.md
32012D0774	Artigo 3.º	Igualdade de tratamento	164	168	201	ue/decisoes/2012/32012D0774.md
32012D0774	Artigo 4.º	Supressão das cláusulas de residência	172	182	287	ue/decisoes/2012/32012D0774.md
32012D0774	Artigo 5.º	Cooperação	186	200	609	ue/decisoes/2012/32012D0774.md
32012D0774	Artigo 6.º	Controlo administrativo e exames médicos	202	222	800	ue/decisoes/2012/32012D0774.md
32012D0774	Artigo 7.º	Aplicação do artigo 129.º do Acordo	224	226	51	ue/decisoes/2012/32012D0774.md
32012D0774	Artigo 8.º	Disposições especiais relativas à aplicação da legislação do Montenegro	228	230	68	ue/decisoes/2012/32012D0774.md
32012D0774	Artigo 9.º	Procedimentos administrativos previstos em acordos bilaterais em vigor	232	234	91	ue/decisoes/2012/32012D0774.md
32012D0774	Artigo 10.º	Acordos para completar os procedimentos administrativos de aplicação da presente decisão	236	238	83	ue/decisoes/2012/32012D0774.md
32012D0774	Artigo 11.º	Disposições transitórias	242	252	353	ue/decisoes/2012/32012D0774.md
32012D0774	Artigo 12.º	Anexos à presente decisão	254	258	61	ue/decisoes/2012/32012D0774.md
32012D0774	Artigo 13.º	Entrada em vigor	260	276	92	ue/decisoes/2012/32012D0774.md
32012D0774	ANEXO I		278	280	26	ue/decisoes/2012/32012D0774.md
32012D0774	ANEXO II		282	284	20	ue/decisoes/2012/32012D0774.md
32012D0775	Preâmbulo		18	62	1319	ue/decisoes/2012/32012D0775.md
32012D0775	Artigo 1.º		66	70	153	ue/decisoes/2012/32012D0775.md
32012D0775	Artigo 2.º		72	84	50	ue/decisoes/2012/32012D0775.md
32012D0775	Artigo 1.º	Definições	88	144	712	ue/decisoes/2012/32012D0775.md
32012D0775	Artigo 2.º	Âmbito de aplicação pessoal	146	156	244	ue/decisoes/2012/32012D0775.md
32012D0775	Artigo 3.º	Igualdade de tratamento	158	162	202	ue/decisoes/2012/32012D0775.md
32012D0775	Artigo 4.º	Supressão das cláusulas de residência	166	176	296	ue/decisoes/2012/32012D0775.md
32012D0775	Artigo 5.º	Cooperação	180	194	611	ue/decisoes/2012/32012D0775.md
32012D0775	Artigo 6.º	Controlo administrativo e exames médicos	196	216	793	ue/decisoes/2012/32012D0775.md
32012D0775	Artigo 7.º	Aplicação do artigo 24.º do Acordo	218	220	51	ue/decisoes/2012/32012D0775.md
32012D0775	Artigo 8.º	Disposições especiais relativas à aplicação da legislação de São Marinho	222	224	66	ue/decisoes/2012/32012D0775.md
32012D0775	Artigo 9.º	Procedimentos administrativos previstos em acordos bilaterais em vigor	226	228	90	ue/decisoes/2012/32012D0775.md
32012D0775	Artigo 10.º	Acordos para completar os procedimentos administrativos de aplicação da presente decisão	230	232	83	ue/decisoes/2012/32012D0775.md
32012D0775	Artigo 11.º	Disposições transitórias	236	246	354	ue/decisoes/2012/32012D0775.md
32012D0775	Artigo 12.º	Anexos à presente decisão	248	252	56	ue/decisoes/2012/32012D0775.md
32012D0775	Artigo 13.º	Entrada em vigor	254	270	86	ue/decisoes/2012/32012D0775.md
32012D0775	ANEXO I		272	274	26	ue/decisoes/2012/32012D0775.md
32012D0775	ANEXO II		276	278	20	ue/decisoes/2012/32012D0775.md
32012D0776	Preâmbulo		18	84	1752	ue/decisoes/2012/32012D0776.md
32012D0776	Artigo 1.º		88	92	138	ue/decisoes/2012/32012D0776.md
32012D0776	Artigo 2.º		94	112	267	ue/decisoes/2012/32012D0776.md
32012D0776	Artigo 1.º	Definições	116	172	586	ue/decisoes/2012/32012D0776.md
32012D0776	Artigo 2.º	Âmbito de aplicação pessoal	174	184	238	ue/decisoes/2012/32012D0776.md
32012D0776	Artigo 3.º	Igualdade de tratamento	186	190	196	ue/decisoes/2012/32012D0776.md
32012D0776	Artigo 4.º	Supressão das cláusulas de residência	194	204	288	ue/decisoes/2012/32012D0776.md
32012D0776	Artigo 5.º	Cooperação	208	222	599	ue/decisoes/2012/32012D0776.md
32012D0776	Artigo 6.º	Controlo administrativo e exames médicos	224	244	792	ue/decisoes/2012/32012D0776.md
32012D0776	Artigo 7.º	Aplicação do artigo 25.º do Acordo	246	248	51	ue/decisoes/2012/32012D0776.md
32012D0776	Artigo 8.º	Disposições especiais relativas à aplicação da legislação da Turquia	250	252	64	ue/decisoes/2012/32012D0776.md
32012D0776	Artigo 9.º	Procedimentos administrativos previstos em acordos bilaterais em vigor	254	256	89	ue/decisoes/2012/32012D0776.md
32012D0776	Artigo 10.º	Acordos para completar os procedimentos administrativos de aplicação da presente decisão	258	260	82	ue/decisoes/2012/32012D0776.md
32012D0776	Artigo 11.º	Disposições transitórias	264	276	440	ue/decisoes/2012/32012D0776.md
32012D0776	Artigo 12.º	Anexos à presente decisão	278	280	26	ue/decisoes/2012/32012D0776.md
32012D0776	Artigo 13.º	Revogação	282	284	29	ue/decisoes/2012/32012D0776.md
32012D0776	Artigo 14.º	Entrada em vigor	286	306	106	ue/decisoes/2012/32012D0776.md
32012D0776	ANEXO I		308	310	24	ue/decisoes/2012/32012D0776.md
32012D0776	ANEXO II		312	314	20	ue/decisoes/2012/32012D0776.md
32012D0777	Preâmbulo		18	34	228	ue/decisoes/2012/32012D0777.md
32012D0777	Artigo 1.º		38	40	107	ue/decisoes/2012/32012D0777.md
32012D0777	Artigo 2.º		42	44	34	ue/decisoes/2012/32012D0777.md
32012D0777	Artigo 3.º		46	60	72	ue/decisoes/2012/32012D0777.md
32012D0778	Preâmbulo		18	54	2142	ue/decisoes/2012/32012D0778.md
32012D0778	Artigo 1.º		58	60	29	ue/decisoes/2012/32012D0778.md
32012D0778	Artigo 2.º		62	64	12	ue/decisoes/2012/32012D0778.md
32012D0778	Artigo 3.º		66	86	115	ue/decisoes/2012/32012D0778.md
32012D0783	Preâmbulo		18	44	862	ue/decisoes/2012/32012D0783.md
32012D0783	Artigo 1.º		48	50	46	ue/decisoes/2012/32012D0783.md
32012D0783	Artigo 2.º		52	64	52	ue/decisoes/2012/32012D0783.md
32012D0784	Preâmbulo		18	64	1842	ue/decisoes/2012/32012D0784.md
32012D0784	Artigo 1.º		68	70	109	ue/decisoes/2012/32012D0784.md
32012D0784	Artigo 2.º		72	90	201	ue/decisoes/2012/32012D0784.md
32012D0785	Preâmbulo		18	50	1156	ue/decisoes/2012/32012D0785.md
32012D0785	Artigo 1.º	Aprovação do programa alterado de erradicação da brucelose bovina apresentado por Portugal	54	56	74	ue/decisoes/2012/32012D0785.md
32012D0785	Artigo 2.º	Aprovação dos programas alterados de erradicação da tuberculose bovina apresentados por Portugal e pelo Reino Unido	58	62	130	ue/decisoes/2012/32012D0785.md
32012D0785	Artigo 3.º	Aprovação do programa alterado de erradicação da brucelose ovina e caprina apresentado por Espanha	64	66	78	ue/decisoes/2012/32012D0785.md
32012D0785	Artigo 4.º	Aprovação dos programas alterados de erradicação e vigilância da febre catarral ovina apresentados por Espanha e Portugal	68	72	133	ue/decisoes/2012/32012D0785.md
32012D0785	Artigo 5.º	Aprovação do programa alterado relativo à peste suína clássica apresentado pela Eslovénia	74	76	82	ue/decisoes/2012/32012D0785.md
32012D0785	Artigo 6.º	Aprovação do programa alterado relativo à peste suína africana apresentado pela Itália	78	80	81	ue/decisoes/2012/32012D0785.md
32012D0785	Artigo 7.º	Aprovação dos programas alterados relativos a encefalopatias espongiformes transmissíveis, encefalopatia espongiforme bovina e tremor epizoótico apresentados pe	82	86	209	ue/decisoes/2012/32012D0785.md
32012D0785	Artigo 8.º	Aprovação do programa alterado relativo à raiva apresentado pela Bulgária	88	90	68	ue/decisoes/2012/32012D0785.md
32012D0785	Artigo 9.º	Alterações à Decisão de Execução 2011/807/UE	92	221	1851	ue/decisoes/2012/32012D0785.md
32012D0785	Artigo 10.º	Destinatários	223	239	75	ue/decisoes/2012/32012D0785.md
32012D0788	Preâmbulo		18	48	1234	ue/decisoes/2012/32012D0788.md
32012D0788	Artigo 1.º		52	54	64	ue/decisoes/2012/32012D0788.md
32012D0788	Artigo 2.º		56	80	127	ue/decisoes/2012/32012D0788.md
32012D0788	ANEXO		82	96	110	ue/decisoes/2012/32012D0788.md
32012D0789	Preâmbulo		18	92	3916	ue/decisoes/2012/32012D0789.md
32012D0789	Artigo 1.º		96	98	143	ue/decisoes/2012/32012D0789.md
32012D0789	Artigo 2.º		100	102	51	ue/decisoes/2012/32012D0789.md
32012D0789	Artigo 3.º		104	112	167	ue/decisoes/2012/32012D0789.md
32012D0789	Artigo 4.º		114	142	164	ue/decisoes/2012/32012D0789.md
32012D0789	ANEXO		144	199	1465	ue/decisoes/2012/32012D0789.md
32012D0790	Preâmbulo		18	50	1148	ue/decisoes/2012/32012D0790.md
32012D0790	Artigo 1.º		54	60	234	ue/decisoes/2012/32012D0790.md
32012D0790	Artigo 2.º		62	88	150	ue/decisoes/2012/32012D0790.md
32012D0792	Preâmbulo		18	38	328	ue/decisoes/2012/32012D0792.md
32012D0792	Artigo 1.º		42	46	174	ue/decisoes/2012/32012D0792.md
32012D0792	Artigo 2.º		48	50	27	ue/decisoes/2012/32012D0792.md
32012D0792	Artigo 3.º		52	384	2855	ue/decisoes/2012/32012D0792.md
32012D0793	Preâmbulo		18	34	243	ue/decisoes/2012/32012D0793.md
32012D0793	Artigo 1.º		38	40	108	ue/decisoes/2012/32012D0793.md
32012D0793	Artigo 2.º		42	44	73	ue/decisoes/2012/32012D0793.md
32012D0793	Artigo 3.º		46	62	122	ue/decisoes/2012/32012D0793.md
32012D0794	Preâmbulo		18	44	775	ue/decisoes/2012/32012D0794.md
32012D0794	Artigo 1.º		48	50	83	ue/decisoes/2012/32012D0794.md
32012D0794	Artigo 2.º		52	54	88	ue/decisoes/2012/32012D0794.md
32012D0794	Artigo 3.º		56	58	62	ue/decisoes/2012/32012D0794.md
32012D0794	Artigo 4.º		60	62	22	ue/decisoes/2012/32012D0794.md
32012D0794	Artigo 5.º		64	76	55	ue/decisoes/2012/32012D0794.md
32012D0796	Preâmbulo		18	52	1191	ue/decisoes/2012/32012D0796.md
32012D0796	Artigo 1.º	Princípio	56	58	76	ue/decisoes/2012/32012D0796.md
32012D0796	Artigo 2.º	Montante da participação financeira da União	60	62	41	ue/decisoes/2012/32012D0796.md
32012D0796	Artigo 3.º		64	86	98	ue/decisoes/2012/32012D0796.md
32012D0804(01)	Artigo único		42	60	120	ue/decisoes/2012/32012D0804(01).md
32012D0808	Preâmbulo		18	38	396	ue/decisoes/2012/32012D0808.md
32012D0808	Artigo 1.º		42	44	82	ue/decisoes/2012/32012D0808.md
32012D0808	Artigo 2.º		46	48	14	ue/decisoes/2012/32012D0808.md
32012D0808	Artigo 3.º		50	64	65	ue/decisoes/2012/32012D0808.md
32012D0809	Preâmbulo		18	34	216	ue/decisoes/2012/32012D0809.md
32012D0809	Artigo 1.º		38	40	26	ue/decisoes/2012/32012D0809.md
32012D0809	Artigo 2.º		42	54	60	ue/decisoes/2012/32012D0809.md
32012D0809	ANEXO		56	68	660	ue/decisoes/2012/32012D0809.md
32012D0810	Preâmbulo		18	32	220	ue/decisoes/2012/32012D0810.md
32012D0810	Artigo 1.º		36	40	130	ue/decisoes/2012/32012D0810.md
32012D0810	Artigo 2.º		42	54	50	ue/decisoes/2012/32012D0810.md
32012D0811	Preâmbulo		18	36	240	ue/decisoes/2012/32012D0811.md
32012D0811	Artigo 1.º		40	44	30	ue/decisoes/2012/32012D0811.md
32012D0811	«Artigo 3.º		46	72	506	ue/decisoes/2012/32012D0811.md
32012D0811	Artigo 2.º		74	76	37	ue/decisoes/2012/32012D0811.md
32012D0811	Artigo 3.º		78	90	61	ue/decisoes/2012/32012D0811.md
32012D0811	ANEXO		92	100	1183	ue/decisoes/2012/32012D0811.md
32012D0812	Preâmbulo		22	38	296	ue/decisoes/2012/32012D0812.md
32012D0812	Artigo 1.º		42	44	23	ue/decisoes/2012/32012D0812.md
32012D0812	«Artigo 2.º		46	54	321	ue/decisoes/2012/32012D0812.md
32012D0812	Artigo 2.º		56	68	60	ue/decisoes/2012/32012D0812.md
32012D0813	Preâmbulo		18	42	572	ue/decisoes/2012/32012D0813.md
32012D0813	Artigo 1.º		46	48	20	ue/decisoes/2012/32012D0813.md
32012D0813	Artigo 2.º		50	66	73	ue/decisoes/2012/32012D0813.md
32012D0814	Preâmbulo		18	42	544	ue/decisoes/2012/32012D0814.md
32012D0814	Artigo 1.º		46	48	18	ue/decisoes/2012/32012D0814.md
32012D0814	Artigo 2.º		50	66	71	ue/decisoes/2012/32012D0814.md
32012D0815	Preâmbulo		18	46	879	ue/decisoes/2012/32012D0815.md
32012D0815	Artigo 1.º		50	54	39	ue/decisoes/2012/32012D0815.md
32012D0815	Artigo 2.º		56	74	82	ue/decisoes/2012/32012D0815.md
32012D0816	Preâmbulo		18	42	596	ue/decisoes/2012/32012D0816.md
32012D0816	Artigo 1.º		46	48	20	ue/decisoes/2012/32012D0816.md
32012D0816	Artigo 2.º		50	66	71	ue/decisoes/2012/32012D0816.md
32012D0817	Preâmbulo		18	46	635	ue/decisoes/2012/32012D0817.md
32012D0817	Artigo 1.º		50	58	75	ue/decisoes/2012/32012D0817.md
32012D0817	Artigo 2.º		60	76	71	ue/decisoes/2012/32012D0817.md
32012D0819	Preâmbulo		18	40	512	ue/decisoes/2012/32012D0819.md
32012D0819	Artigo 1.º		44	46	14	ue/decisoes/2012/32012D0819.md
32012D0819	Artigo 2.º		48	64	79	ue/decisoes/2012/32012D0819.md
32012D0820	Preâmbulo		18	44	632	ue/decisoes/2012/32012D0820.md
32012D0820	Artigo 1.º		48	50	21	ue/decisoes/2012/32012D0820.md
32012D0820	Artigo 2.º		52	68	72	ue/decisoes/2012/32012D0820.md
32012D0821	Preâmbulo		18	44	628	ue/decisoes/2012/32012D0821.md
32012D0821	Artigo 1.º		48	60	130	ue/decisoes/2012/32012D0821.md
32012D0821	Artigo 2.º		62	78	71	ue/decisoes/2012/32012D0821.md
32012D0822	Preâmbulo		18	44	779	ue/decisoes/2012/32012D0822.md
32012D0822	Artigo 1.º		48	52	39	ue/decisoes/2012/32012D0822.md
32012D0822	Artigo 2.º		54	74	92	ue/decisoes/2012/32012D0822.md
32012D0823	Preâmbulo		18	42	581	ue/decisoes/2012/32012D0823.md
32012D0823	Artigo 1.º		46	48	21	ue/decisoes/2012/32012D0823.md
32012D0823	Artigo 2.º		50	66	68	ue/decisoes/2012/32012D0823.md
32012D0824	Preâmbulo		18	46	857	ue/decisoes/2012/32012D0824.md
32012D0824	Artigo 1.º		50	56	54	ue/decisoes/2012/32012D0824.md
32012D0824	Artigo 2.º		58	80	99	ue/decisoes/2012/32012D0824.md
32012D0825	Preâmbulo		18	694	22872	ue/decisoes/2012/32012D0825.md
32012D0825	Artigo 1.º		698	700	256	ue/decisoes/2012/32012D0825.md
32012D0825	Artigo 2.º		702	704	68	ue/decisoes/2012/32012D0825.md
32012D0825	Artigo 3.º		706	708	15	ue/decisoes/2012/32012D0825.md
32012D0825	Artigo 4.º		710	738	358	ue/decisoes/2012/32012D0825.md
32012D0826	Preâmbulo		18	38	299	ue/decisoes/2012/32012D0826.md
32012D0826	Artigo 1.º		42	46	106	ue/decisoes/2012/32012D0826.md
32012D0826	Artigo 2.º		48	50	34	ue/decisoes/2012/32012D0826.md
32012D0826	Artigo 3.º		52	54	61	ue/decisoes/2012/32012D0826.md
32012D0826	Artigo 4.º		56	74	117	ue/decisoes/2012/32012D0826.md
32012D0826	Artigo 1.º	Período de aplicação e possibilidades de pesca	76	90	309	ue/decisoes/2012/32012D0826.md
32012D0826	Artigo 2.º	Contrapartida financeira – modalidades de pagamento	92	112	615	ue/decisoes/2012/32012D0826.md
32012D0826	Artigo 3.º	Promoção de uma pesca sustentável e responsável nas águas de madagáscar	114	124	324	ue/decisoes/2012/32012D0826.md
32012D0826	Artigo 4.º	Cooperação científica para uma pesca responsável	126	134	303	ue/decisoes/2012/32012D0826.md
32012D0826	Artigo 5.º	Ajustamento das possibilidades de pesca de comum acordo	136	142	196	ue/decisoes/2012/32012D0826.md
32012D0826	Artigo 6.º	Novas possibilidades de pesca	144	154	404	ue/decisoes/2012/32012D0826.md
32012D0826	Artigo 7.º	Condições que regem as atividades de pesca — cláusula de exclusividade	156	158	92	ue/decisoes/2012/32012D0826.md
32012D0826	Artigo 8.º	Suspensão e revisão do pagamento da contrapartida financeira	160	176	388	ue/decisoes/2012/32012D0826.md
32012D0826	Artigo 9.º	Suspensão da aplicação do Protocolo	178	198	490	ue/decisoes/2012/32012D0826.md
32012D0826	Artigo 10.º	Direito nacional	200	204	92	ue/decisoes/2012/32012D0826.md
32012D0826	Artigo 11.º	Confidencialidade	206	208	97	ue/decisoes/2012/32012D0826.md
32012D0826	Artigo 12.º	Intercâmbio eletrónico de dados	210	214	184	ue/decisoes/2012/32012D0826.md
32012D0826	Artigo 13.º	Vigência	216	218	62	ue/decisoes/2012/32012D0826.md
32012D0826	Artigo 14.º	Denúncia	220	224	86	ue/decisoes/2012/32012D0826.md
32012D0826	Artigo 15.º	Aplicação provisória	226	228	44	ue/decisoes/2012/32012D0826.md
32012D0826	Artigo 16.º	Entrada em vigor	230	332	476	ue/decisoes/2012/32012D0826.md
32012D0827	Artigo 1.º		56	60	103	ue/decisoes/2012/32012D0827.md
32012D0827	Artigo 2.º		62	64	34	ue/decisoes/2012/32012D0827.md
32012D0827	Artigo 3.º		66	68	51	ue/decisoes/2012/32012D0827.md
32012D0827	Artigo 4.º		70	74	27	ue/decisoes/2012/32012D0827.md
32012D0828	Preâmbulo		18	38	278	ue/decisoes/2012/32012D0828.md
32012D0828	Artigo 1.º		42	46	76	ue/decisoes/2012/32012D0828.md
32012D0828	Artigo 2.º		48	50	64	ue/decisoes/2012/32012D0828.md
32012D0828	Artigo 3.º		52	110	1278	ue/decisoes/2012/32012D0828.md
32012D0828	Artigo 1.º	Alterações ao Acordo sobre Reconhecimento Mútuo	112	130	180	ue/decisoes/2012/32012D0828.md
32012D0828	«Artigo 4.º	Âmbito de aplicação	132	136	54	ue/decisoes/2012/32012D0828.md
32012D0828	«Artigo 6.º	Autoridades responsáveis	138	158	468	ue/decisoes/2012/32012D0828.md
32012D0828	«Artigo 9.º	Intercâmbio de informações	160	472	11125	ue/decisoes/2012/32012D0828.md
32012D0828	Artigo 2.º	Entrada em vigor	474	572	414	ue/decisoes/2012/32012D0828.md
32012D0829	Preâmbulo		18	36	247	ue/decisoes/2012/32012D0829.md
32012D0829	Artigo 1.º		40	59	648	ue/decisoes/2012/32012D0829.md
32012D0829	Artigo 2.º		61	63	26	ue/decisoes/2012/32012D0829.md
32012D0829	Artigo 3.º		65	77	61	ue/decisoes/2012/32012D0829.md
32012D0829	ANEXO		79	128	3252	ue/decisoes/2012/32012D0829.md
32012D0830	Artigo 1.º	Objeto	42	44	132	ue/decisoes/2012/32012D0830.md
32012D0830	Artigo 2.º	Anulação das autorizações por liquidar	46	48	112	ue/decisoes/2012/32012D0830.md
32012D0830	Artigo 3.º	Novas tecnologias e redes informáticas	50	56	271	ue/decisoes/2012/32012D0830.md
32012D0830	Artigo 4.º	Dispositivos automáticos de localização	58	64	199	ue/decisoes/2012/32012D0830.md
32012D0830	Artigo 5.º	Sistemas eletrónicos de registo e transmissão de dados	66	68	140	ue/decisoes/2012/32012D0830.md
32012D0830	Artigo 6.º	Dispositivos eletrónicos de registo e transmissão de dados	70	78	299	ue/decisoes/2012/32012D0830.md
32012D0830	Artigo 7.º	Participação máxima total da União por Estado-Membro	80	106	335	ue/decisoes/2012/32012D0830.md
32012D0830	Artigo 8.º	Destinatários	108	112	136	ue/decisoes/2012/32012D0830.md
32012D0830	ANEXO I		114	292	1634	ue/decisoes/2012/32012D0830.md
32012D0830	ANEXO II		294	319	220	ue/decisoes/2012/32012D0830.md
32012D0830	ANEXO III		321	360	364	ue/decisoes/2012/32012D0830.md
32012D0830	ANEXO IV		362	373	112	ue/decisoes/2012/32012D0830.md
32012D0830	ANEXO V		375	407	260	ue/decisoes/2012/32012D0830.md
32012D0830	ANEXO VI		409	423	155	ue/decisoes/2012/32012D0830.md
32012D0831	Preâmbulo		18	82	3577	ue/decisoes/2012/32012D0831.md
32012D0831	Artigo 1.º		86	88	65	ue/decisoes/2012/32012D0831.md
32012D0831	Artigo 2.º		90	96	112	ue/decisoes/2012/32012D0831.md
32012D0831	Artigo 3.º		98	100	48	ue/decisoes/2012/32012D0831.md
32012D0831	Artigo 4.º		102	106	170	ue/decisoes/2012/32012D0831.md
32012D0831	Artigo 5.º		108	110	68	ue/decisoes/2012/32012D0831.md
32012D0831	Artigo 6.º		112	114	46	ue/decisoes/2012/32012D0831.md
32012D0831	Artigo 7.º		116	134	90	ue/decisoes/2012/32012D0831.md
32012D0835	Preâmbulo		18	38	332	ue/decisoes/2012/32012D0835.md
32012D0835	Artigo 1.º		42	46	30	ue/decisoes/2012/32012D0835.md
32012D0835	"""Artigo 10.º"	Disposições financeiras	48	62	344	ue/decisoes/2012/32012D0835.md
32012D0835	Artigo 2.º		64	80	77	ue/decisoes/2012/32012D0835.md
32012D0836	Preâmbulo		18	346	11851	ue/decisoes/2012/32012D0836.md
32012D0836	Artigo 1.º		350	354	54	ue/decisoes/2012/32012D0836.md
32012D0836	Artigo 2.º		356	422	1349	ue/decisoes/2012/32012D0836.md
32012D0837	Preâmbulo		18	38	283	ue/decisoes/2012/32012D0837.md
32012D0837	Artigo 1.º		42	46	82	ue/decisoes/2012/32012D0837.md
32012D0837	Artigo 2.º		48	50	64	ue/decisoes/2012/32012D0837.md
32012D0837	Artigo 3.º		52	114	1234	ue/decisoes/2012/32012D0837.md
32012D0837	Artigo 1.º	Alterações ao Acordo sobre reconhecimento mútuo	116	294	4044	ue/decisoes/2012/32012D0837.md
32012D0837	Artigo 2.º	Entrada em vigor	672	778	528	ue/decisoes/2012/32012D0837.md
32012D0838	Preâmbulo		22	48	947	ue/decisoes/2012/32012D0838.md
32012D0838	Artigo 1.º		52	54	103	ue/decisoes/2012/32012D0838.md
32012D0838	Artigo 2.º		56	58	35	ue/decisoes/2012/32012D0838.md
32012D0838	Artigo 3.º		60	80	104	ue/decisoes/2012/32012D0838.md
32012D0838	ANEXO		82	1281	23325	ue/decisoes/2012/32012D0838.md
32012D0925(02)	Artigo único		44	62	168	ue/decisoes/2012/32012D0925(02).md
32012D0925(02)	ANEXO	PROJETO DE CARTA	64	74	94	ue/decisoes/2012/32012D0925(02).md
32012D0925(03)	Artigo 1.º		46	48	74	ue/decisoes/2012/32012D0925(03).md
32012D0925(03)	Artigo 2.º		50	64	59	ue/decisoes/2012/32012D0925(03).md
32012D1012(03)	Artigo 1.º	Objeto e âmbito de aplicação	38	40	83	ue/decisoes/2012/32012D1012(03).md
32012D1012(03)	Artigo 2.º	Definições	42	52	308	ue/decisoes/2012/32012D1012(03).md
32012D1012(03)	Artigo 3.º	Nomeação e estatuto do responsável pela proteção de dados	56	68	453	ue/decisoes/2012/32012D1012(03).md
32012D1012(03)	Artigo 4.º	Funções	70	82	307	ue/decisoes/2012/32012D1012(03).md
32012D1012(03)	Artigo 5.º	Tarefas	84	98	581	ue/decisoes/2012/32012D1012(03).md
32012D1012(03)	Artigo 6.º	Competências	100	114	321	ue/decisoes/2012/32012D1012(03).md
32012D1012(03)	Artigo 7.º	Recursos	116	118	34	ue/decisoes/2012/32012D1012(03).md
32012D1012(03)	Artigo 8.º	Entidade competente para proceder a nomeações	122	126	185	ue/decisoes/2012/32012D1012(03).md
32012D1012(03)	Artigo 9.º	Responsáveis pelo tratamento	128	142	449	ue/decisoes/2012/32012D1012(03).md
32012D1012(03)	Artigo 10.º	Coordenadores	144	162	350	ue/decisoes/2012/32012D1012(03).md
32012D1012(03)	Artigo 11.º	Pessoal do SEAE	164	168	178	ue/decisoes/2012/32012D1012(03).md
32012D1012(03)	Artigo 12.º	Pessoas em causa	170	176	238	ue/decisoes/2012/32012D1012(03).md
32012D1012(03)	Artigo 13.º	Procedimento de notificação	180	186	219	ue/decisoes/2012/32012D1012(03).md
32012D1012(03)	Artigo 14.º	Conteúdo e finalidade do registo	188	194	202	ue/decisoes/2012/32012D1012(03).md
32012D1012(03)	Artigo 15.º	Acesso ao registo	196	204	303	ue/decisoes/2012/32012D1012(03).md
32012D1012(03)	Artigo 16.º	Disposições gerais	208	216	492	ue/decisoes/2012/32012D1012(03).md
32012D1012(03)	Artigo 17.º	Direito de acesso	218	220	112	ue/decisoes/2012/32012D1012(03).md
32012D1012(03)	Artigo 18.º	Direito de retificação	222	224	79	ue/decisoes/2012/32012D1012(03).md
32012D1012(03)	Artigo 19.º	Direito de bloqueio	226	228	98	ue/decisoes/2012/32012D1012(03).md
32012D1012(03)	Artigo 20.º	Direito de apagamento	230	232	186	ue/decisoes/2012/32012D1012(03).md
32012D1012(03)	Artigo 21.º	Notificação de terceiros	234	236	88	ue/decisoes/2012/32012D1012(03).md
32012D1012(03)	Artigo 22.º	Direito de oposição	238	240	101	ue/decisoes/2012/32012D1012(03).md
32012D1012(03)	Artigo 23.º	Decisões individuais automatizadas	242	244	127	ue/decisoes/2012/32012D1012(03).md
32012D1012(03)	Artigo 24.º	Exceções e restrições	246	250	180	ue/decisoes/2012/32012D1012(03).md
32012D1012(03)	Artigo 25.º	Regras práticas	254	262	325	ue/decisoes/2012/32012D1012(03).md
32012D1012(03)	Artigo 26.º		266	268	30	ue/decisoes/2012/32012D1012(03).md
32012D1012(03)	Artigo 27.º		270	272	57	ue/decisoes/2012/32012D1012(03).md
32012D1012(03)	Artigo 28.º	Efeitos	274	282	40	ue/decisoes/2012/32012D1012(03).md
32012D1020(01)	Artigo 1.º		50	54	45	ue/decisoes/2012/32012D1020(01).md
32012D1020(01)	Artigo 2.º		56	58	58	ue/decisoes/2012/32012D1020(01).md
32012D1020(01)	Artigo 3.º		60	62	31	ue/decisoes/2012/32012D1020(01).md
32012D1020(01)	Artigo 4.º		64	82	154	ue/decisoes/2012/32012D1020(01).md
32012D1020(01)	ANEXO	CONVENÇÃO MONETÁRIA	84	236	3654	ue/decisoes/2012/32012D1020(01).md
32012D1020(01)	Artigo 1.º		116	118	110	ue/decisoes/2012/32012D1020(01).md
32012D1020(01)	Artigo 2.º		120	122	82	ue/decisoes/2012/32012D1020(01).md
32012D1020(01)	Artigo 3.º		124	130	207	ue/decisoes/2012/32012D1020(01).md
32012D1020(01)	Artigo 4.º		132	136	134	ue/decisoes/2012/32012D1020(01).md
32012D1020(01)	Artigo 5.º		138	146	291	ue/decisoes/2012/32012D1020(01).md
32012D1020(01)	Artigo 6.º		148	154	250	ue/decisoes/2012/32012D1020(01).md
32012D1020(01)	Artigo 7.º		156	160	77	ue/decisoes/2012/32012D1020(01).md
32012D1020(01)	Artigo 8.º		162	190	750	ue/decisoes/2012/32012D1020(01).md
32012D1020(01)	Artigo 9.º		192	194	104	ue/decisoes/2012/32012D1020(01).md
32012D1020(01)	Artigo 10.º		196	200	176	ue/decisoes/2012/32012D1020(01).md
32012D1020(01)	Artigo 11.º		202	210	255	ue/decisoes/2012/32012D1020(01).md
32012D1020(01)	Artigo 12.º		212	214	26	ue/decisoes/2012/32012D1020(01).md
32012D1020(01)	Artigo 13.º		216	218	67	ue/decisoes/2012/32012D1020(01).md
32012D1020(01)	Artigo 14.º		220	236	138	ue/decisoes/2012/32012D1020(01).md
32012D1020(01)	ANEXO		238	309	8549	ue/decisoes/2012/32012D1020(01).md
32012D1093	Preâmbulo		18	94	5198	ue/decisoes/2012/32012D1093.md
32012D1093	Artigo 1.º	Objeto	98	100	20	ue/decisoes/2012/32012D1093.md
32012D1093	Artigo 2.º	Objetivos	102	112	463	ue/decisoes/2012/32012D1093.md
32012D1093	Artigo 3.º	Iniciativas abrangidas	114	138	880	ue/decisoes/2012/32012D1093.md
32012D1093	Artigo 4.º	Coordenação e execução a nível da União	140	148	258	ue/decisoes/2012/32012D1093.md
32012D1093	Artigo 5.º	Disposições financeiras	150	154	85	ue/decisoes/2012/32012D1093.md
32012D1093	Artigo 6.º	Cooperação internacional	156	158	48	ue/decisoes/2012/32012D1093.md
32012D1093	Artigo 7.º	Proteção dos interesses financeiros da União	160	170	569	ue/decisoes/2012/32012D1093.md
32012D1093	Artigo 8.º	Acompanhamento e avaliação	172	174	160	ue/decisoes/2012/32012D1093.md
32012D1093	Artigo 9.º	Entrada em vigor	176	178	38	ue/decisoes/2012/32012D1093.md
32012D1093	Artigo 10.º	Destinatários	180	218	263	ue/decisoes/2012/32012D1093.md
32012D1093	ANEXO		220	248	690	ue/decisoes/2012/32012D1093.md
32012D1104	Preâmbulo		18	48	1066	ue/decisoes/2012/32012D1104.md
32012D1104	Artigo 1.º		52	68	379	ue/decisoes/2012/32012D1104.md
32012D1104	Artigo 2.º		70	74	45	ue/decisoes/2012/32012D1104.md
32012D1104	Artigo 3.º		76	106	150	ue/decisoes/2012/32012D1104.md
32012D1104	ANEXO		108	134	638	ue/decisoes/2012/32012D1104.md
32012D1105	Preâmbulo		18	46	697	ue/decisoes/2012/32012D1105.md
32012D1105	Artigo 1.º		50	60	78	ue/decisoes/2012/32012D1105.md
32012D1105	Artigo 2.º		62	66	45	ue/decisoes/2012/32012D1105.md
32012D1105	Artigo 3.º		68	92	122	ue/decisoes/2012/32012D1105.md
32012D1105	ANEXO	«ANEXO I	94	115	748	ue/decisoes/2012/32012D1105.md
32012D1117(01)	Artigo 1.º	Instituição do Grupo de Coordenação da Eletricidade	35	37	38	ue/decisoes/2012/32012D1117(01).md
32012D1117(01)	Artigo 2.º	Funções do grupo	39	55	349	ue/decisoes/2012/32012D1117(01).md
32012D1117(01)	Artigo 3.º	Consulta	57	59	47	ue/decisoes/2012/32012D1117(01).md
32012D1117(01)	Artigo 4.º	Composição do grupo	61	87	554	ue/decisoes/2012/32012D1117(01).md
32012D1117(01)	Artigo 5.º	Funcionamento	89	103	658	ue/decisoes/2012/32012D1117(01).md
32012D1117(01)	Artigo 6.º	Despesas de reuniões	105	121	261	ue/decisoes/2012/32012D1117(01).md
32012D1208(04)	Artigo 1.º		60	62	151	ue/decisoes/2012/32012D1208(04).md
32012D1208(04)	Artigo 2.º		64	88	402	ue/decisoes/2012/32012D1208(04).md
32012D1208(04)	Artigo 3.º		90	92	65	ue/decisoes/2012/32012D1208(04).md
32012D1208(04)	Artigo 4.º		94	100	173	ue/decisoes/2012/32012D1208(04).md
32012D1208(04)	Artigo 5.º		102	122	118	ue/decisoes/2012/32012D1208(04).md
32012D1208(04)	ANEXO I		124	700	23204	ue/decisoes/2012/32012D1208(04).md
32012D1208(04)	ANEXO II		702	868	2864	ue/decisoes/2012/32012D1208(04).md
32012D1208(04)	ANEXO III		870	988	2839	ue/decisoes/2012/32012D1208(04).md
32012D1208(04)	ANEXO IV		990	1134	2616	ue/decisoes/2012/32012D1208(04).md
32012D1208(04)	ANEXO V		1136	1246	1917	ue/decisoes/2012/32012D1208(04).md
32012D1208(04)	ANEXO VI		1248	1296	1262	ue/decisoes/2012/32012D1208(04).md
32012D1208(04)	ANEXO VII		1298	1352	1538	ue/decisoes/2012/32012D1208(04).md
32012D1215(01)	Artigo 1.º		38	60	101	ue/decisoes/2012/32012D1215(01).md
32012D1215(01)	Artigo 2.º		62	70	133	ue/decisoes/2012/32012D1215(01).md
32012D1215(01)	Artigo 3.º		72	84	55	ue/decisoes/2012/32012D1215(01).md
32012D1222(01)	Artigo 1.º		488	490	84	ue/decisoes/2012/32012D1222(01).md
32012D1222(01)	Artigo 2.º		492	500	428	ue/decisoes/2012/32012D1222(01).md
32012D1222(01)	Artigo 3.º		502	504	42	ue/decisoes/2012/32012D1222(01).md
32012D1222(01)	Artigo 4.º		506	602	2249	ue/decisoes/2012/32012D1222(01).md
