celex	unidade	epigrafe	linha_ini	linha_fim	tokens	ficheiro
32020D0009	Preâmbulo		18	36	242	ue/decisoes/2020/32020D0009.md
32020D0009	Artigo 1.º		40	42	26	ue/decisoes/2020/32020D0009.md
32020D0009	Artigo 2.º		44	56	61	ue/decisoes/2020/32020D0009.md
32020D0009	ANEXO		58	214	4500	ue/decisoes/2020/32020D0009.md
32020D0013	Preâmbulo		18	36	561	ue/decisoes/2020/32020D0013.md
32020D0013	Artigo 1.º		40	42	71	ue/decisoes/2020/32020D0013.md
32020D0013	Artigo 2.º		44	46	38	ue/decisoes/2020/32020D0013.md
32020D0013	Artigo 3.º		48	302	9842	ue/decisoes/2020/32020D0013.md
32020D0026	Preâmbulo		18	36	318	ue/decisoes/2020/32020D0026.md
32020D0026	Artigo único		40	54	95	ue/decisoes/2020/32020D0026.md
32020D0026	ANEXO	«ANEXO A	56	220	5204	ue/decisoes/2020/32020D0026.md
32020D0027	Preâmbulo		18	46	883	ue/decisoes/2020/32020D0027.md
32020D0027	Artigo 1.º		50	52	35	ue/decisoes/2020/32020D0027.md
32020D0027	Artigo 2.º		54	70	187	ue/decisoes/2020/32020D0027.md
32020D0028	Preâmbulo		18	46	596	ue/decisoes/2020/32020D0028.md
32020D0028	Artigo 1.º		50	54	130	ue/decisoes/2020/32020D0028.md
32020D0028	Artigo 2.º		56	82	216	ue/decisoes/2020/32020D0028.md
32020D0033	Preâmbulo		22	88	3741	ue/decisoes/2020/32020D0033.md
32020D0033	Artigo 1.º		92	104	442	ue/decisoes/2020/32020D0033.md
32020D0033	Artigo 2.º		106	112	133	ue/decisoes/2020/32020D0033.md
32020D0033	Artigo 3.º		114	122	506	ue/decisoes/2020/32020D0033.md
32020D0033	Artigo 4.º		124	142	465	ue/decisoes/2020/32020D0033.md
32020D0033	Artigo 5.º		144	154	375	ue/decisoes/2020/32020D0033.md
32020D0033	Artigo 6.º		156	176	608	ue/decisoes/2020/32020D0033.md
32020D0033	Artigo 7.º		178	182	56	ue/decisoes/2020/32020D0033.md
32020D0033	Artigo 8.º		184	194	286	ue/decisoes/2020/32020D0033.md
32020D0033	Artigo 9.º		196	236	680	ue/decisoes/2020/32020D0033.md
32020D0036	Preâmbulo		18	36	353	ue/decisoes/2020/32020D0036.md
32020D0036	Artigo 1.º		40	42	36	ue/decisoes/2020/32020D0036.md
32020D0036	Artigo 2.º		44	56	64	ue/decisoes/2020/32020D0036.md
32020D0036	ANEXO	‘ANEXO	58	227	10108	ue/decisoes/2020/32020D0036.md
32020D0048	Preâmbulo		18	40	626	ue/decisoes/2020/32020D0048.md
32020D0048	Artigo 1.º		44	46	22	ue/decisoes/2020/32020D0048.md
32020D0048	«Artigo 4.º		48	50	62	ue/decisoes/2020/32020D0048.md
32020D0048	Artigo 2.º		52	74	349	ue/decisoes/2020/32020D0048.md
32020D0095	Preâmbulo		18	48	964	ue/decisoes/2020/32020D0095.md
32020D0095	Artigo 1.º		52	54	32	ue/decisoes/2020/32020D0095.md
32020D0095	Artigo 2.º		56	82	222	ue/decisoes/2020/32020D0095.md
32020D0095	ANEXO	«ANEXO	84	250	9757	ue/decisoes/2020/32020D0095.md
32020D0108	Preâmbulo		18	36	374	ue/decisoes/2020/32020D0108.md
32020D0108	Artigo 1.º		40	42	41	ue/decisoes/2020/32020D0108.md
32020D0108	Artigo 2.º		44	56	66	ue/decisoes/2020/32020D0108.md
32020D0108	ANEXO	«ANEXO	58	235	10652	ue/decisoes/2020/32020D0108.md
32020D0109	Preâmbulo		18	36	363	ue/decisoes/2020/32020D0109.md
32020D0109	Artigo 1.º		40	42	42	ue/decisoes/2020/32020D0109.md
32020D0109	Artigo 2.º		44	56	66	ue/decisoes/2020/32020D0109.md
32020D0109	ANEXO	«ANEXO	58	155	4056	ue/decisoes/2020/32020D0109.md
32020D0113	Preâmbulo		18	44	660	ue/decisoes/2020/32020D0113.md
32020D0113	Artigo 1.º		48	76	267	ue/decisoes/2020/32020D0113.md
32020D0113	Artigo 2.º		78	94	194	ue/decisoes/2020/32020D0113.md
32020D0113	ANEXO		96	156	1377	ue/decisoes/2020/32020D0113.md
32020D0115(01)	Artigo único		196	220	194	ue/decisoes/2020/32020D0115(01).md
32020D0117	Preâmbulo		18	34	214	ue/decisoes/2020/32020D0117.md
32020D0117	Artigo 1.º		38	48	106	ue/decisoes/2020/32020D0117.md
32020D0117	Artigo 2.º		50	62	104	ue/decisoes/2020/32020D0117.md
32020D0117	ANEXO		64	338	17848	ue/decisoes/2020/32020D0117.md
32020D0118	Preâmbulo		18	36	224	ue/decisoes/2020/32020D0118.md
32020D0118	Artigo 1.º		40	42	26	ue/decisoes/2020/32020D0118.md
32020D0118	Artigo 2.º		44	56	60	ue/decisoes/2020/32020D0118.md
32020D0118	ANEXO		58	476	11570	ue/decisoes/2020/32020D0118.md
32020D0120	Preâmbulo		18	34	214	ue/decisoes/2020/32020D0120.md
32020D0120	Artigo 1.º		38	40	34	ue/decisoes/2020/32020D0120.md
32020D0120	Artigo 2.º		42	54	114	ue/decisoes/2020/32020D0120.md
32020D0120	ANEXO		56	68	1143	ue/decisoes/2020/32020D0120.md
32020D0122	Preâmbulo		18	36	282	ue/decisoes/2020/32020D0122.md
32020D0122	Artigo 1.º		40	44	120	ue/decisoes/2020/32020D0122.md
32020D0122	Artigo 2.º		46	60	88	ue/decisoes/2020/32020D0122.md
32020D0135	Preâmbulo		22	66	2252	ue/decisoes/2020/32020D0135.md
32020D0135	Artigo 1.º		70	76	98	ue/decisoes/2020/32020D0135.md
32020D0135	Artigo 2.º		78	96	649	ue/decisoes/2020/32020D0135.md
32020D0135	Artigo 3.º		98	114	562	ue/decisoes/2020/32020D0135.md
32020D0135	Artigo 4.º		116	140	717	ue/decisoes/2020/32020D0135.md
32020D0135	Artigo 5.º		142	144	106	ue/decisoes/2020/32020D0135.md
32020D0135	Artigo 6.º		146	152	90	ue/decisoes/2020/32020D0135.md
32020D0135	Artigo 7.º		154	156	30	ue/decisoes/2020/32020D0135.md
32020D0135	Artigo 8.º		158	176	327	ue/decisoes/2020/32020D0135.md
32020D0141	Preâmbulo		18	32	512	ue/decisoes/2020/32020D0141.md
32020D0141	Artigo 1.º	Alterações	36	42	90	ue/decisoes/2020/32020D0141.md
32020D0141	Artigo 2.º	Entrada em vigor	44	58	207	ue/decisoes/2020/32020D0141.md
32020D0141	ANEXO	«ANEXO I	60	88	208	ue/decisoes/2020/32020D0141.md
32020D0142	Preâmbulo		18	40	472	ue/decisoes/2020/32020D0142.md
32020D0142	Artigo 1.º		44	46	105	ue/decisoes/2020/32020D0142.md
32020D0142	Artigo 2.º		48	50	32	ue/decisoes/2020/32020D0142.md
32020D0142	Artigo 3.º		52	70	425	ue/decisoes/2020/32020D0142.md
32020D0143	Preâmbulo		18	50	639	ue/decisoes/2020/32020D0143.md
32020D0143	Artigo 1.º		54	56	51	ue/decisoes/2020/32020D0143.md
32020D0143	Artigo 2.º		58	60	39	ue/decisoes/2020/32020D0143.md
32020D0143	Artigo 3.º		62	64	40	ue/decisoes/2020/32020D0143.md
32020D0143	Artigo 4.º		66	142	1538	ue/decisoes/2020/32020D0143.md
32020D0143	Artigo 1.º	Âmbito de aplicação	144	148	143	ue/decisoes/2020/32020D0143.md
32020D0143	Artigo 2.º	Definições	150	176	729	ue/decisoes/2020/32020D0143.md
32020D0143	Artigo 3.º	Implementação do regime eTIR	178	186	253	ue/decisoes/2020/32020D0143.md
32020D0143	Artigo 4.º	Composição, funções e regulamento interno do Organismo de Execução Técnica	188	196	277	ue/decisoes/2020/32020D0143.md
32020D0143	Artigo 5.º	Procedimentos para adoção e alteração das especificações eTIR	198	206	328	ue/decisoes/2020/32020D0143.md
32020D0143	Artigo 6.º	Apresentação de dados TIR antecipados e de dados da alteração antecipados	208	220	347	ue/decisoes/2020/32020D0143.md
32020D0143	Artigo 7.º	Autenticação do titular	222	238	374	ue/decisoes/2020/32020D0143.md
32020D0143	Artigo 8.º	Reconhecimento mútuo da autenticação do titular	240	246	187	ue/decisoes/2020/32020D0143.md
32020D0143	Artigo 9.º	Requisitos relativos a dados adicionais	248	252	140	ue/decisoes/2020/32020D0143.md
32020D0143	Artigo 10.º	Procedimento de contingência	254	262	286	ue/decisoes/2020/32020D0143.md
32020D0143	Artigo 11.º	Alojamento do sistema internacional eTIR	264	274	365	ue/decisoes/2020/32020D0143.md
32020D0143	Artigo 12.º	Gestão do sistema internacional eTIR	276	284	297	ue/decisoes/2020/32020D0143.md
32020D0143	Artigo 13.º	Publicação da lista das estâncias aduaneiras capazes de gerir as operações eTIR	286	288	125	ue/decisoes/2020/32020D0143.md
32020D0143	Artigo 14.º	Requisitos legais para a apresentação de dados ao abrigo do anexo 10 da Convenção TIR	290	292	70	ue/decisoes/2020/32020D0143.md
32020D0152	Preâmbulo		18	50	1849	ue/decisoes/2020/32020D0152.md
32020D0152	Artigo 1.º		54	56	81	ue/decisoes/2020/32020D0152.md
32020D0152	Artigo 2.º		58	80	348	ue/decisoes/2020/32020D0152.md
32020D0153	Preâmbulo		18	50	1728	ue/decisoes/2020/32020D0153.md
32020D0153	Artigo 1.º		54	56	77	ue/decisoes/2020/32020D0153.md
32020D0153	Artigo 2.º		58	80	351	ue/decisoes/2020/32020D0153.md
32020D0155	Preâmbulo		18	42	618	ue/decisoes/2020/32020D0155.md
32020D0155	Artigo 1.º		46	50	68	ue/decisoes/2020/32020D0155.md
32020D0155	Artigo 2.º		52	54	36	ue/decisoes/2020/32020D0155.md
32020D0155	Artigo 3.º		56	70	156	ue/decisoes/2020/32020D0155.md
32020D0170	Preâmbulo		18	36	269	ue/decisoes/2020/32020D0170.md
32020D0170	Artigo 1.º		40	86	2437	ue/decisoes/2020/32020D0170.md
32020D0170	«Artigo 1.º-c		88	104	681	ue/decisoes/2020/32020D0170.md
32020D0170	Artigo 2.º		106	118	101	ue/decisoes/2020/32020D0170.md
32020D0170	ANEXO I	«ANEXO II	120	142	382	ue/decisoes/2020/32020D0170.md
32020D0170	ANEXO II	«ANEXO III	144	166	302	ue/decisoes/2020/32020D0170.md
32020D0170	ANEXO III	«ANEXO IV	168	180	157	ue/decisoes/2020/32020D0170.md
32020D0170	ANEXO IV	«ANEXO V	182	216	261	ue/decisoes/2020/32020D0170.md
32020D0174	Artigo 1.º	Tecnologia inovadora	36	70	414	ue/decisoes/2020/32020D0174.md
32020D0174	Artigo 2.º	Pedido de certificação da redução das emissões de CO2	72	78	218	ue/decisoes/2020/32020D0174.md
32020D0174	Artigo 3.º	Certificação da redução das emissões de CO2	80	102	534	ue/decisoes/2020/32020D0174.md
32020D0174	Artigo 4.º	Código de ecoinovação	104	108	86	ue/decisoes/2020/32020D0174.md
32020D0174	Artigo 5.º	Entrada em vigor	110	112	38	ue/decisoes/2020/32020D0174.md
32020D0174	ANEXO	Metodologia para determinar a redução das emissões de CO2 proporcionada por alternadores eficientes de 12 V em automóveis de passageiros e veículos comerciais l	114	348	2208	ue/decisoes/2020/32020D0174.md
32020D0187	Artigo 1.º	Criação do programa e âmbito da compra definitiva de obrigações com ativos subjacentes	29	31	156	ue/decisoes/2020/32020D0187.md
32020D0187	Artigo 2.º	Definições	33	39	92	ue/decisoes/2020/32020D0187.md
32020D0187	Artigo 3.º	Critérios de elegibilidade das obrigações com ativos subjacentes	41	83	1620	ue/decisoes/2020/32020D0187.md
32020D0187	Artigo 4.º	Contrapartes elegíveis	85	95	261	ue/decisoes/2020/32020D0187.md
32020D0187	Artigo 5.º	Revogação	97	101	61	ue/decisoes/2020/32020D0187.md
32020D0187	Artigo 6.º	Disposição final	103	105	38	ue/decisoes/2020/32020D0187.md
32020D0187	ANEXO I	Decisão revogada com a lista das suas sucessivas alterações	107	115	253	ue/decisoes/2020/32020D0187.md
32020D0187	ANEXO II	TABELA DE CORRESPONDÊNCIA	117	140	574	ue/decisoes/2020/32020D0187.md
32020D0188	Preâmbulo		22	54	1724	ue/decisoes/2020/32020D0188.md
32020D0188	Artigo 1.º	Estabelecimento e âmbito do PSPP	58	60	82	ue/decisoes/2020/32020D0188.md
32020D0188	Artigo 2.º	Definições	62	82	452	ue/decisoes/2020/32020D0188.md
32020D0188	Artigo 3.º	Critérios de elegibilidade dos títulos de dívida titularizados	84	102	1052	ue/decisoes/2020/32020D0188.md
32020D0188	Artigo 4.º	Restrições à realização de compras	104	108	298	ue/decisoes/2020/32020D0188.md
32020D0188	Artigo 5.º	Limites de compra	110	124	539	ue/decisoes/2020/32020D0188.md
32020D0188	Artigo 6.º	Repartição das carteiras	126	146	697	ue/decisoes/2020/32020D0188.md
32020D0188	Artigo 7.º	Contrapartes elegíveis	148	154	110	ue/decisoes/2020/32020D0188.md
32020D0188	Artigo 8.º	Transparência	156	162	182	ue/decisoes/2020/32020D0188.md
32020D0188	Artigo 9.º	Empréstimo de valores mobiliários	164	166	54	ue/decisoes/2020/32020D0188.md
32020D0188	Artigo 10.º	Revogação	168	172	45	ue/decisoes/2020/32020D0188.md
32020D0188	Artigo 11.º	Disposição final	174	192	308	ue/decisoes/2020/32020D0188.md
32020D0188	ANEXO I	Decisão revogada	194	206	274	ue/decisoes/2020/32020D0188.md
32020D0190	Preâmbulo		18	36	260	ue/decisoes/2020/32020D0190.md
32020D0190	Artigo 1.º		40	42	26	ue/decisoes/2020/32020D0190.md
32020D0190	Artigo 2.º		44	56	62	ue/decisoes/2020/32020D0190.md
32020D0190	ANEXO		58	84	436	ue/decisoes/2020/32020D0190.md
32020D0201	Preâmbulo		18	46	660	ue/decisoes/2020/32020D0201.md
32020D0201	Artigo 1.º		50	52	58	ue/decisoes/2020/32020D0201.md
32020D0201	Artigo 2.º		54	68	122	ue/decisoes/2020/32020D0201.md
32020D0201	ANEXO		70	309	9842	ue/decisoes/2020/32020D0201.md
32020D0210(01)	Artigo 1.º	Âmbito de aplicação	42	46	123	ue/decisoes/2020/32020D0210(01).md
32020D0210(01)	Artigo 2.º	Beneficiários	48	52	136	ue/decisoes/2020/32020D0210(01).md
32020D0210(01)	Artigo 3.º	Exceções	54	88	618	ue/decisoes/2020/32020D0210(01).md
32020D0210(01)	Artigo 4.º	Apresentação do pedido inicial	90	100	277	ue/decisoes/2020/32020D0210(01).md
32020D0210(01)	Artigo 5.º	Tratamento do pedido inicial	102	114	349	ue/decisoes/2020/32020D0210(01).md
32020D0210(01)	Artigo 6.º	Apresentação do pedido confirmativo	116	124	185	ue/decisoes/2020/32020D0210(01).md
32020D0210(01)	Artigo 7.º	Tratamento do pedido confirmativo	126	132	209	ue/decisoes/2020/32020D0210(01).md
32020D0210(01)	Artigo 8.º	Autoridades habilitadas	134	146	391	ue/decisoes/2020/32020D0210(01).md
32020D0210(01)	Artigo 9.º	Documentos de terceiros	148	154	204	ue/decisoes/2020/32020D0210(01).md
32020D0210(01)	Artigo 10.º	Modalidades de acesso	156	164	198	ue/decisoes/2020/32020D0210(01).md
32020D0210(01)	Artigo 11.º	Custo do acesso	166	174	122	ue/decisoes/2020/32020D0210(01).md
32020D0210(01)	Artigo 12.º	Reprodução de documentos	176	180	140	ue/decisoes/2020/32020D0210(01).md
32020D0210(01)	Artigo 13.º	Medidas de aplicação	182	184	57	ue/decisoes/2020/32020D0210(01).md
32020D0210(01)	Artigo 14.º	Entrada em vigor	186	204	147	ue/decisoes/2020/32020D0210(01).md
32020D0212	Preâmbulo		18	40	392	ue/decisoes/2020/32020D0212.md
32020D0212	Artigo 1.º		44	46	26	ue/decisoes/2020/32020D0212.md
32020D0212	Artigo 2.º		48	60	62	ue/decisoes/2020/32020D0212.md
32020D0212	ANEXO		62	85	2953	ue/decisoes/2020/32020D0212.md
32020D0213(01)	Artigo único		84	116	864	ue/decisoes/2020/32020D0213(01).md
32020D0213(01)	ANEXO I		118	142	598	ue/decisoes/2020/32020D0213(01).md
32020D0213(01)	ANEXO II		144	174	795	ue/decisoes/2020/32020D0213(01).md
32020D0213(01)	ANEXO III		176	206	833	ue/decisoes/2020/32020D0213(01).md
32020D0213(01)	ANEXO IV		208	238	786	ue/decisoes/2020/32020D0213(01).md
32020D0213(01)	ANEXO V		240	251	260	ue/decisoes/2020/32020D0213(01).md
32020D0213(01)	ANEXO VI		253	278	620	ue/decisoes/2020/32020D0213(01).md
32020D0213(01)	ANEXO VII		280	306	726	ue/decisoes/2020/32020D0213(01).md
32020D0213(01)	ANEXO VIII		308	318	226	ue/decisoes/2020/32020D0213(01).md
32020D0213(01)	ANEXO IX		320	331	278	ue/decisoes/2020/32020D0213(01).md
32020D0213(01)	ANEXO X		333	355	522	ue/decisoes/2020/32020D0213(01).md
32020D0213(01)	ANEXO XI		357	378	463	ue/decisoes/2020/32020D0213(01).md
32020D0213(01)	ANEXO XII		380	394	402	ue/decisoes/2020/32020D0213(01).md
32020D0213(01)	ANEXO XIII		396	406	222	ue/decisoes/2020/32020D0213(01).md
32020D0213(01)	ANEXO XIV		408	418	235	ue/decisoes/2020/32020D0213(01).md
32020D0213(01)	ANEXO XV		420	430	220	ue/decisoes/2020/32020D0213(01).md
32020D0213(01)	ANEXO XVI		432	456	580	ue/decisoes/2020/32020D0213(01).md
32020D0213(01)	ANEXO XVII		458	481	550	ue/decisoes/2020/32020D0213(01).md
32020D0214	Preâmbulo		18	34	160	ue/decisoes/2020/32020D0214.md
32020D0214	Artigo 1.º		38	40	22	ue/decisoes/2020/32020D0214.md
32020D0214	«Artigo 8.º		42	46	64	ue/decisoes/2020/32020D0214.md
32020D0214	Artigo 2.º		48	60	94	ue/decisoes/2020/32020D0214.md
32020D0215	Preâmbulo		18	40	344	ue/decisoes/2020/32020D0215.md
32020D0215	Artigo 1.º		44	52	69	ue/decisoes/2020/32020D0215.md
32020D0215	«Artigo 10.		54	66	171	ue/decisoes/2020/32020D0215.md
32020D0215	Artigo 2.º		68	80	90	ue/decisoes/2020/32020D0215.md
32020D0215	ANEXO I		82	87	36	ue/decisoes/2020/32020D0215.md
32020D0215	ANEXO II		89	94	34	ue/decisoes/2020/32020D0215.md
32020D0243	Preâmbulo		18	56	1205	ue/decisoes/2020/32020D0243.md
32020D0243	Artigo 1.º		60	90	152	ue/decisoes/2020/32020D0243.md
32020D0243	Artigo 2.º		92	94	48	ue/decisoes/2020/32020D0243.md
32020D0243	Artigo 3.º		96	112	225	ue/decisoes/2020/32020D0243.md
32020D0244	Preâmbulo		18	38	328	ue/decisoes/2020/32020D0244.md
32020D0244	Artigo 1.º		42	44	50	ue/decisoes/2020/32020D0244.md
32020D0244	Artigo 2.º		46	48	62	ue/decisoes/2020/32020D0244.md
32020D0244	Artigo 3.º		50	68	207	ue/decisoes/2020/32020D0244.md
32020D0248	Preâmbulo		18	50	1002	ue/decisoes/2020/32020D0248.md
32020D0248	Artigo 1.º		54	56	49	ue/decisoes/2020/32020D0248.md
32020D0248	Artigo 2.º		58	70	55	ue/decisoes/2020/32020D0248.md
32020D0248	ANEXO	DIRETRIZES TÉCNICAS PARA AS INSPEÇÕES DAS INSTALAÇÕES DE RESÍDUOS	72	406	6618	ue/decisoes/2020/32020D0248.md
32020D0255	Preâmbulo		18	36	218	ue/decisoes/2020/32020D0255.md
32020D0255	Artigo 1.º		40	42	49	ue/decisoes/2020/32020D0255.md
32020D0255	Artigo 2.º		44	46	32	ue/decisoes/2020/32020D0255.md
32020D0255	Artigo 3.º		48	66	178	ue/decisoes/2020/32020D0255.md
32020D0263	Preâmbulo		18	62	1442	ue/decisoes/2020/32020D0263.md
32020D0263	Artigo 1.º		66	74	207	ue/decisoes/2020/32020D0263.md
32020D0263	Artigo 2.º		76	78	34	ue/decisoes/2020/32020D0263.md
32020D0263	Artigo 3.º		80	88	400	ue/decisoes/2020/32020D0263.md
32020D0263	Artigo 4.º		90	102	332	ue/decisoes/2020/32020D0263.md
32020D0263	Artigo 5.º		104	114	280	ue/decisoes/2020/32020D0263.md
32020D0263	Artigo 6.º		116	118	147	ue/decisoes/2020/32020D0263.md
32020D0263	Artigo 7.º		120	124	63	ue/decisoes/2020/32020D0263.md
32020D0263	Artigo 8.º		126	134	233	ue/decisoes/2020/32020D0263.md
32020D0263	Artigo 9.º		136	138	50	ue/decisoes/2020/32020D0263.md
32020D0263	Artigo 10.º		140	146	207	ue/decisoes/2020/32020D0263.md
32020D0263	Artigo 11.º		148	152	180	ue/decisoes/2020/32020D0263.md
32020D0263	Artigo 12.º		154	158	58	ue/decisoes/2020/32020D0263.md
32020D0263	Artigo 13.º		160	162	34	ue/decisoes/2020/32020D0263.md
32020D0263	Artigo 14.º		164	196	496	ue/decisoes/2020/32020D0263.md
32020D0263	ANEXO	TABELA DE CORRESPONDÊNCIA	198	223	212	ue/decisoes/2020/32020D0263.md
32020D0264	Preâmbulo		18	42	470	ue/decisoes/2020/32020D0264.md
32020D0264	Artigo 1.º		46	48	66	ue/decisoes/2020/32020D0264.md
32020D0264	Artigo 2.º		50	74	151	ue/decisoes/2020/32020D0264.md
32020D0265	Preâmbulo		18	42	512	ue/decisoes/2020/32020D0265.md
32020D0265	Artigo 1.º		46	62	216	ue/decisoes/2020/32020D0265.md
32020D0265	Artigo 2.º		64	86	139	ue/decisoes/2020/32020D0265.md
32020D0266	Preâmbulo		18	46	1097	ue/decisoes/2020/32020D0266.md
32020D0266	Artigo 1.º		50	52	40	ue/decisoes/2020/32020D0266.md
32020D0266	Artigo 2.º		54	56	15	ue/decisoes/2020/32020D0266.md
32020D0266	Artigo 3.º		58	60	60	ue/decisoes/2020/32020D0266.md
32020D0266	Artigo 4.º		62	76	58	ue/decisoes/2020/32020D0266.md
32020D0272	Preâmbulo		18	44	599	ue/decisoes/2020/32020D0272.md
32020D0272	Artigo 1.º		48	50	100	ue/decisoes/2020/32020D0272.md
32020D0272	Artigo 2.º		52	54	40	ue/decisoes/2020/32020D0272.md
32020D0272	Artigo 3.º		56	58	53	ue/decisoes/2020/32020D0272.md
32020D0272	Artigo 4.º		60	78	165	ue/decisoes/2020/32020D0272.md
32020D0275	Preâmbulo		18	36	310	ue/decisoes/2020/32020D0275.md
32020D0275	Artigo 1.º		40	42	28	ue/decisoes/2020/32020D0275.md
32020D0275	Artigo 2.º		44	56	112	ue/decisoes/2020/32020D0275.md
32020D0275	ANEXO		58	65	988	ue/decisoes/2020/32020D0275.md
32020D0276	Preâmbulo		18	40	475	ue/decisoes/2020/32020D0276.md
32020D0276	Artigo 1.º		44	46	110	ue/decisoes/2020/32020D0276.md
32020D0276	Artigo 2.º		48	50	32	ue/decisoes/2020/32020D0276.md
32020D0276	Artigo 3.º		52	70	439	ue/decisoes/2020/32020D0276.md
32020D0280	Preâmbulo		18	58	3310	ue/decisoes/2020/32020D0280.md
32020D0280	Artigo 1.º		62	64	69	ue/decisoes/2020/32020D0280.md
32020D0280	Artigo 2.º		66	94	369	ue/decisoes/2020/32020D0280.md
32020D0286	Preâmbulo		18	40	580	ue/decisoes/2020/32020D0286.md
32020D0286	Artigo 1.º		44	46	50	ue/decisoes/2020/32020D0286.md
32020D0286	Artigo 2.º		48	50	42	ue/decisoes/2020/32020D0286.md
32020D0286	Artigo 3.º		52	68	203	ue/decisoes/2020/32020D0286.md
32020D0287	Preâmbulo		18	46	1134	ue/decisoes/2020/32020D0287.md
32020D0287	Artigo 1.º		50	52	53	ue/decisoes/2020/32020D0287.md
32020D0287	Artigo 2.º		54	56	80	ue/decisoes/2020/32020D0287.md
32020D0287	Artigo 3.º		58	74	336	ue/decisoes/2020/32020D0287.md
32020D0287	ANEXO		76	129	1734	ue/decisoes/2020/32020D0287.md
32020D0289	Preâmbulo		18	38	415	ue/decisoes/2020/32020D0289.md
32020D0289	Artigo 1.º		42	44	59	ue/decisoes/2020/32020D0289.md
32020D0289	Artigo 2.º		46	58	59	ue/decisoes/2020/32020D0289.md
32020D0290	Preâmbulo		22	82	1098	ue/decisoes/2020/32020D0290.md
32020D0290	Artigo 1.º		86	88	109	ue/decisoes/2020/32020D0290.md
32020D0290	Artigo 2.º		90	110	365	ue/decisoes/2020/32020D0290.md
32020D0327(01)	Artigo único		52	68	168	ue/decisoes/2020/32020D0327(01).md
32020D0327(01)	ANEXO		70	460	4121	ue/decisoes/2020/32020D0327(01).md
32020D0348	Preâmbulo		18	1355	66990	ue/decisoes/2020/32020D0348.md
32020D0348	Artigo 1.º		1359	1361	88	ue/decisoes/2020/32020D0348.md
32020D0348	Artigo 2.º		1363	1365	50	ue/decisoes/2020/32020D0348.md
32020D0348	«Artigo 1.º		1367	1369	98	ue/decisoes/2020/32020D0348.md
32020D0348	Artigo 3.º		1371	1539	5079	ue/decisoes/2020/32020D0348.md
32020D0348	ANEXO		1541	1561	836	ue/decisoes/2020/32020D0348.md
32020D0350	Preâmbulo		18	38	553	ue/decisoes/2020/32020D0350.md
32020D0350	Artigo 1.º		42	44	27	ue/decisoes/2020/32020D0350.md
32020D0350	Artigo 2.º		46	62	368	ue/decisoes/2020/32020D0350.md
32020D0350	Artigo 3.º		64	84	306	ue/decisoes/2020/32020D0350.md
32020D0350	ANEXO		86	176	2548	ue/decisoes/2020/32020D0350.md
32020D0369	Preâmbulo		18	38	505	ue/decisoes/2020/32020D0369.md
32020D0369	Artigo 1.º		42	50	145	ue/decisoes/2020/32020D0369.md
32020D0369	Artigo 2.º		52	66	74	ue/decisoes/2020/32020D0369.md
32020D0372	Preâmbulo		18	46	544	ue/decisoes/2020/32020D0372.md
32020D0372	Artigo 1.º		50	52	96	ue/decisoes/2020/32020D0372.md
32020D0372	Artigo 2.º		54	66	61	ue/decisoes/2020/32020D0372.md
32020D0373	Preâmbulo		18	34	205	ue/decisoes/2020/32020D0373.md
32020D0373	Artigo 1.º		38	46	67	ue/decisoes/2020/32020D0373.md
32020D0373	Artigo 2.º		48	60	102	ue/decisoes/2020/32020D0373.md
32020D0373	ANEXO		62	75	2700	ue/decisoes/2020/32020D0373.md
32020D0374	Preâmbulo		18	36	240	ue/decisoes/2020/32020D0374.md
32020D0374	Artigo 1.º		40	42	29	ue/decisoes/2020/32020D0374.md
32020D0374	Artigo 2.º		44	56	58	ue/decisoes/2020/32020D0374.md
32020D0374	ANEXO		58	112	2568	ue/decisoes/2020/32020D0374.md
32020D0380	Preâmbulo		22	42	424	ue/decisoes/2020/32020D0380.md
32020D0380	Artigo 1.º	Alterações	46	145	1760	ue/decisoes/2020/32020D0380.md
32020D0380	«Artigo 28.º	Retificação dos documentos do concurso, prazo para a apresentação de objeções e exclusão de objeções	147	187	1177	ue/decisoes/2020/32020D0380.md
32020D0380	Artigo 2.º	Entrada em vigor	189	213	500	ue/decisoes/2020/32020D0380.md
32020D0388	Preâmbulo		18	50	1400	ue/decisoes/2020/32020D0388.md
32020D0388	Artigo 1.º		54	70	325	ue/decisoes/2020/32020D0388.md
32020D0388	Artigo 2.º		72	82	78	ue/decisoes/2020/32020D0388.md
32020D0388	Artigo 3.º		84	114	694	ue/decisoes/2020/32020D0388.md
32020D0388	ANEXO I	Concursos e manifestações equestres abrangidos pela derrogação ao princípio da não discriminação estabelecido no artigo 3.º da Diretiva 90/428/CEE	116	124	167	ue/decisoes/2020/32020D0388.md
32020D0388	ANEXO II	Critérios para a distribuição de fundos destinados à proteção, promoção e melhoramento da criação	126	134	148	ue/decisoes/2020/32020D0388.md
32020D0388	ANEXO III		136	142	120	ue/decisoes/2020/32020D0388.md
32020D0391	Preâmbulo		18	545	26192	ue/decisoes/2020/32020D0391.md
32020D0391	Artigo 1.º		549	551	69	ue/decisoes/2020/32020D0391.md
32020D0391	Artigo 2.º		553	773	6724	ue/decisoes/2020/32020D0391.md
32020D0392	Preâmbulo		18	46	562	ue/decisoes/2020/32020D0392.md
32020D0392	Artigo 1.º		50	52	71	ue/decisoes/2020/32020D0392.md
32020D0392	Artigo 2.º		54	56	66	ue/decisoes/2020/32020D0392.md
32020D0392	Artigo 3.º		58	60	40	ue/decisoes/2020/32020D0392.md
32020D0392	Artigo 4.º		62	80	186	ue/decisoes/2020/32020D0392.md
32020D0392	ANEXO	Procedimento de aprovação das alterações do Protocolo a adotar pela Comissão Mista	82	104	545	ue/decisoes/2020/32020D0392.md
32020D0394	Preâmbulo		18	576	32430	ue/decisoes/2020/32020D0394.md
32020D0394	Artigo 1.º		580	584	225	ue/decisoes/2020/32020D0394.md
32020D0394	Artigo 2.º		586	594	194	ue/decisoes/2020/32020D0394.md
32020D0394	Artigo 3.º		596	598	60	ue/decisoes/2020/32020D0394.md
32020D0394	Artigo 4.º		600	602	92	ue/decisoes/2020/32020D0394.md
32020D0394	Artigo 5.º		604	608	68	ue/decisoes/2020/32020D0394.md
32020D0394	Artigo 6.º		610	622	308	ue/decisoes/2020/32020D0394.md
32020D0394	Artigo 7.º		624	782	4055	ue/decisoes/2020/32020D0394.md
32020D0396	Preâmbulo		18	60	1484	ue/decisoes/2020/32020D0396.md
32020D0396	Artigo 1.º		64	66	39	ue/decisoes/2020/32020D0396.md
32020D0396	Artigo 2.º		68	70	45	ue/decisoes/2020/32020D0396.md
32020D0396	Artigo 3.º		72	84	104	ue/decisoes/2020/32020D0396.md
32020D0399	Preâmbulo		18	40	288	ue/decisoes/2020/32020D0399.md
32020D0399	Artigo 1.º		44	52	70	ue/decisoes/2020/32020D0399.md
32020D0399	Artigo 2.º		54	68	190	ue/decisoes/2020/32020D0399.md
32020D0399	ANEXO		70	264	32123	ue/decisoes/2020/32020D0399.md
32020D0407	Preâmbulo		18	40	601	ue/decisoes/2020/32020D0407.md
32020D0407	Artigo 1.º	Alterações	44	76	730	ue/decisoes/2020/32020D0407.md
32020D0407	Artigo 2.º	Entrada em vigor	78	92	120	ue/decisoes/2020/32020D0407.md
32020D0408	Preâmbulo		18	34	167	ue/decisoes/2020/32020D0408.md
32020D0408	Artigo 1.º		38	43	188	ue/decisoes/2020/32020D0408.md
32020D0408	Artigo 2.º		45	57	96	ue/decisoes/2020/32020D0408.md
32020D0409	Preâmbulo		22	48	516	ue/decisoes/2020/32020D0409.md
32020D0409	Artigo 1.º		52	58	162	ue/decisoes/2020/32020D0409.md
32020D0409	Artigo 2.º		60	64	127	ue/decisoes/2020/32020D0409.md
32020D0409	Artigo 3.º		66	68	66	ue/decisoes/2020/32020D0409.md
32020D0409	Artigo 4.º		70	84	71	ue/decisoes/2020/32020D0409.md
32020D0409	ANEXO		86	5625	146187	ue/decisoes/2020/32020D0409.md
32020D0414	Preâmbulo		22	66	1482	ue/decisoes/2020/32020D0414.md
32020D0414	Artigo 1.º		70	110	401	ue/decisoes/2020/32020D0414.md
32020D0414	«Artigo 3.º-C	Custos totais estimados das capacidades rescEU de constituição de reservas de material médico	112	124	422	ue/decisoes/2020/32020D0414.md
32020D0414	Artigo 2.º		126	146	263	ue/decisoes/2020/32020D0414.md
32020D0414	ANEXO		148	167	909	ue/decisoes/2020/32020D0414.md
32020D0416(01)	Artigo único		46	62	114	ue/decisoes/2020/32020D0416(01).md
32020D0416(02)	Artigo único		46	62	114	ue/decisoes/2020/32020D0416(02).md
32020D0417	Preâmbulo		18	36	236	ue/decisoes/2020/32020D0417.md
32020D0417	Artigo 1.º		40	42	26	ue/decisoes/2020/32020D0417.md
32020D0417	Artigo 2.º		44	56	61	ue/decisoes/2020/32020D0417.md
32020D0417	ANEXO		58	84	649	ue/decisoes/2020/32020D0417.md
32020D0420(01)	Artigo único		78	108	762	ue/decisoes/2020/32020D0420(01).md
32020D0420(01)	ANEXO I		110	136	648	ue/decisoes/2020/32020D0420(01).md
32020D0420(01)	ANEXO II		138	185	1576	ue/decisoes/2020/32020D0420(01).md
32020D0420(01)	ANEXO III		187	215	708	ue/decisoes/2020/32020D0420(01).md
32020D0420(01)	ANEXO IV		217	259	1275	ue/decisoes/2020/32020D0420(01).md
32020D0420(01)	ANEXO V		261	315	1854	ue/decisoes/2020/32020D0420(01).md
32020D0420(01)	ANEXO VI		317	340	594	ue/decisoes/2020/32020D0420(01).md
32020D0420(01)	ANEXO VII		342	352	230	ue/decisoes/2020/32020D0420(01).md
32020D0420(01)	ANEXO VIII		354	365	254	ue/decisoes/2020/32020D0420(01).md
32020D0420(01)	ANEXO IX		367	377	230	ue/decisoes/2020/32020D0420(01).md
32020D0420(01)	ANEXO X		379	389	231	ue/decisoes/2020/32020D0420(01).md
32020D0420(01)	ANEXO XI		391	402	245	ue/decisoes/2020/32020D0420(01).md
32020D0420(01)	ANEXO XII		404	427	584	ue/decisoes/2020/32020D0420(01).md
32020D0420(01)	ANEXO XIII		429	496	2105	ue/decisoes/2020/32020D0420(01).md
32020D0422(01)	Artigo 1.º	Ativos e instrumentos contribuintes do fundo comum de provisionamento	84	104	593	ue/decisoes/2020/32020D0422(01).md
32020D0422(01)	Artigo 2.º	Objetivo geral da gestão do fundo comum de provisionamento	106	112	244	ue/decisoes/2020/32020D0422(01).md
32020D0422(01)	Artigo 3.º	Estrutura e funcionamento do fundo comum de provisionamento	114	126	520	ue/decisoes/2020/32020D0422(01).md
32020D0422(01)	Artigo 4.º	Liquidação dos acionamentos de garantias	128	138	578	ue/decisoes/2020/32020D0422(01).md
32020D0422(01)	Artigo 5.º	Estratégia de investimento	140	152	634	ue/decisoes/2020/32020D0422(01).md
32020D0422(01)	Artigo 6.º	Implementação da estratégia de investimento pelo gestor financeiro	154	172	375	ue/decisoes/2020/32020D0422(01).md
32020D0422(01)	Artigo 7.º	Mensuração e avaliação do desempenho	174	186	490	ue/decisoes/2020/32020D0422(01).md
32020D0422(01)	Artigo 8.º	Universo de investimento elegível	188	218	854	ue/decisoes/2020/32020D0422(01).md
32020D0422(01)	Artigo 9.º	Lista de atividades excluídas para efeitos de investimento por motivos de natureza ética ou moral	220	234	335	ue/decisoes/2020/32020D0422(01).md
32020D0422(01)	Artigo 10.º	Considerações ambientais, sociais e de governo	236	244	309	ue/decisoes/2020/32020D0422(01).md
32020D0422(01)	Artigo 11.º	Relatórios e contas do fundo comum de provisionamento	246	258	292	ue/decisoes/2020/32020D0422(01).md
32020D0422(01)	Artigo 12.º	Revogação	260	262	32	ue/decisoes/2020/32020D0422(01).md
32020D0422(01)	Artigo 13.º	Delegação de responsabilidades do gestor financeiro	264	268	138	ue/decisoes/2020/32020D0422(01).md
32020D0422(01)	Artigo 14.º	Data de aplicação	270	308	805	ue/decisoes/2020/32020D0422(01).md
32020D0433	Preâmbulo		18	44	1079	ue/decisoes/2020/32020D0433.md
32020D0433	Artigo 1.º		48	50	100	ue/decisoes/2020/32020D0433.md
32020D0433	Artigo 2.º		52	64	52	ue/decisoes/2020/32020D0433.md
32020D0434	Preâmbulo		18	40	575	ue/decisoes/2020/32020D0434.md
32020D0434	Artigo 1.º		44	48	33	ue/decisoes/2020/32020D0434.md
32020D0434	«Artigo 1.º	Missão	50	74	731	ue/decisoes/2020/32020D0434.md
32020D0434	Artigo 2.º		76	90	167	ue/decisoes/2020/32020D0434.md
32020D0435	Preâmbulo		18	34	165	ue/decisoes/2020/32020D0435.md
32020D0435	Artigo 1.º		38	42	41	ue/decisoes/2020/32020D0435.md
32020D0435	Artigo 2.º		44	56	99	ue/decisoes/2020/32020D0435.md
32020D0440	Artigo 1.º	Criação e âmbito do PEPP	30	46	381	ue/decisoes/2020/32020D0440.md
32020D0440	Artigo 2.º	Vencimento dos títulos de dívida pública transacionáveis	48	54	141	ue/decisoes/2020/32020D0440.md
32020D0440	Artigo 4.º	Montantes das compras	56	58	126	ue/decisoes/2020/32020D0440.md
32020D0440	Artigo 5.º	Repartição das carteiras	60	70	259	ue/decisoes/2020/32020D0440.md
32020D0440	Artigo 6.º	Transparência	72	80	123	ue/decisoes/2020/32020D0440.md
32020D0440	Artigo 7.º	Empréstimo de títulos	82	86	114	ue/decisoes/2020/32020D0440.md
32020D0440	Artigo 8.º	Disposição final	88	96	198	ue/decisoes/2020/32020D0440.md
32020D0441	Preâmbulo		18	38	634	ue/decisoes/2020/32020D0441.md
32020D0441	Artigo 1.º	Alteração	42	48	156	ue/decisoes/2020/32020D0441.md
32020D0441	Artigo 2.º	Entrada em vigor	50	60	110	ue/decisoes/2020/32020D0441.md
32020D0450	Preâmbulo		18	224	7920	ue/decisoes/2020/32020D0450.md
32020D0450	Artigo 1.º		228	230	77	ue/decisoes/2020/32020D0450.md
32020D0450	Artigo 2.º		232	310	2047	ue/decisoes/2020/32020D0450.md
32020D0452	Preâmbulo		18	48	1049	ue/decisoes/2020/32020D0452.md
32020D0452	Artigo 1.º		52	70	160	ue/decisoes/2020/32020D0452.md
32020D0452	«Artigo 3.º-D	Categorias de riscos com pouca probabilidade de ocorrência mas grande impacto	72	88	307	ue/decisoes/2020/32020D0452.md
32020D0452	«Artigo 3.º-E	Capacidades rescEU criadas para fazer face a riscos com pouca probabilidade de ocorrência mas grande impacto	90	100	384	ue/decisoes/2020/32020D0452.md
32020D0452	Artigo 2.º	Destinatários	102	120	213	ue/decisoes/2020/32020D0452.md
32020D0457	Preâmbulo		18	42	410	ue/decisoes/2020/32020D0457.md
32020D0457	Artigo 1.º		46	48	48	ue/decisoes/2020/32020D0457.md
32020D0457	Artigo 2.º		50	64	178	ue/decisoes/2020/32020D0457.md
32020D0458	Preâmbulo		18	36	198	ue/decisoes/2020/32020D0458.md
32020D0458	Artigo 1.º		40	46	87	ue/decisoes/2020/32020D0458.md
32020D0458	Artigo 2.º		48	62	154	ue/decisoes/2020/32020D0458.md
32020D0462	Preâmbulo		18	68	1594	ue/decisoes/2020/32020D0462.md
32020D0462	Artigo 1.º		72	74	98	ue/decisoes/2020/32020D0462.md
32020D0462	Artigo 2.º		76	94	232	ue/decisoes/2020/32020D0462.md
32020D0462	Artigo 1.º		96	110	529	ue/decisoes/2020/32020D0462.md
32020D0462	Artigo 2.º		112	114	16	ue/decisoes/2020/32020D0462.md
32020D0462	Artigo 3.º		116	122	35	ue/decisoes/2020/32020D0462.md
32020D0462	ANEXO	INFORMAÇÕES PERTINENTES NO ÂMBITO DO INTERCÂMBIO DE INFORMAÇÕES PREVISTO PELO ACORDO SOB FORMA DE TROCA DE CARTAS	124	167	819	ue/decisoes/2020/32020D0462.md
32020D0467	Artigo 1.º		36	38	68	ue/decisoes/2020/32020D0467.md
32020D0467	Artigo 2.º		40	42	33	ue/decisoes/2020/32020D0467.md
32020D0467	Artigo 3.º		44	48	20	ue/decisoes/2020/32020D0467.md
32020D0467	ANEXO I	Ano escolar de 2020/2021	50	84	314	ue/decisoes/2020/32020D0467.md
32020D0467	ANEXO II		86	86	3	ue/decisoes/2020/32020D0467.md
32020D0470	Preâmbulo		22	50	894	ue/decisoes/2020/32020D0470.md
32020D0470	Artigo 1.º		54	56	84	ue/decisoes/2020/32020D0470.md
32020D0470	Artigo 2.º		58	74	69	ue/decisoes/2020/32020D0470.md
32020D0471	Preâmbulo		18	36	266	ue/decisoes/2020/32020D0471.md
32020D0471	Artigo 1.º		40	44	65	ue/decisoes/2020/32020D0471.md
32020D0471	Artigo 2.º		46	62	228	ue/decisoes/2020/32020D0471.md
32020D0472	Artigo 1.º	Missão	31	37	382	ue/decisoes/2020/32020D0472.md
32020D0472	Artigo 2.º	Contribuição para a aplicação do embargo ao armamento imposto pelas Nações Unidas contra a Líbia	39	69	1812	ue/decisoes/2020/32020D0472.md
32020D0472	Artigo 3.º	Contribuição para execução das medidas das Nações Unidas contra as exportações ilícitas de petróleo provenientes da Líbia	71	77	227	ue/decisoes/2020/32020D0472.md
32020D0472	Artigo 3.º-A	Contribuição para o conhecimento situacional marítimo sobre outras atividades ilícitas	79	85	213	ue/decisoes/2020/32020D0472.md
32020D0472	Artigo 4.º	Reforço das capacidades e formação da guarda costeira e da marinha líbias	87	101	541	ue/decisoes/2020/32020D0472.md
32020D0472	Artigo 5.º	Contribuição para o desmantelamento do modelo de negócio das redes de introdução clandestina de migrantes e de ►C1 tráfico de seres humanos ◄	103	107	229	ue/decisoes/2020/32020D0472.md
32020D0472	Artigo 6.º	Nomeação do Comandante da Operação da UE	109	111	36	ue/decisoes/2020/32020D0472.md
32020D0472	Artigo 7.º	Designação do quartel-general da Operação da UE	113	115	36	ue/decisoes/2020/32020D0472.md
32020D0472	Artigo 8.º	Controlo político e direção estratégica	117	129	418	ue/decisoes/2020/32020D0472.md
32020D0472	Artigo 9.º	Direção militar	131	137	120	ue/decisoes/2020/32020D0472.md
32020D0472	Artigo 10.º	Coerência da resposta da União e coordenação	139	151	505	ue/decisoes/2020/32020D0472.md
32020D0472	Artigo 11.º	Participação de Estados terceiros	153	163	334	ue/decisoes/2020/32020D0472.md
32020D0472	Artigo 12.º	Estatuto do pessoal liderado pela União	165	167	48	ue/decisoes/2020/32020D0472.md
32020D0472	Artigo 13.º	Disposições financeiras	169	187	364	ue/decisoes/2020/32020D0472.md
32020D0472	Artigo 14.º	Comunicação de informações	189	215	915	ue/decisoes/2020/32020D0472.md
32020D0472	Artigo 15.º	Entrada em vigor e cessação da vigência	217	235	314	ue/decisoes/2020/32020D0472.md
32020D0490	Preâmbulo		18	40	518	ue/decisoes/2020/32020D0490.md
32020D0490	Artigo 1.º		44	58	273	ue/decisoes/2020/32020D0490.md
32020D0490	«Artigo 6.º-A		60	62	113	ue/decisoes/2020/32020D0490.md
32020D0490	Artigo 2.º		64	76	96	ue/decisoes/2020/32020D0490.md
32020D0491	Artigo 1.º		37	51	503	ue/decisoes/2020/32020D0491.md
32020D0491	Artigo 2.º		53	71	204	ue/decisoes/2020/32020D0491.md
32020D0491	Artigo 3.º		73	83	86	ue/decisoes/2020/32020D0491.md
32020D0491	Artigo 4.º		85	87	19	ue/decisoes/2020/32020D0491.md
32020D0506	Preâmbulo		18	42	980	ue/decisoes/2020/32020D0506.md
32020D0506	Artigo 1.º	Alterações da Orientação (UE) 2015/510 (BCE/2014/60)	46	50	48	ue/decisoes/2020/32020D0506.md
32020D0506	«Artigo 93.º	Dimensão mínima dos direitos de crédito	52	56	114	ue/decisoes/2020/32020D0506.md
32020D0506	Artigo 2.º	Alterações da Orientação (UE) 2016/65 (BCE/2015/35)	58	62	48	ue/decisoes/2020/32020D0506.md
32020D0506	«Artigo 4.º	Margens de avaliação adicionais aplicáveis a tipos específicos de ativos transacionáveis	64	135	1303	ue/decisoes/2020/32020D0506.md
32020D0506	Artigo 3.º	Produção de efeitos e aplicação	137	141	86	ue/decisoes/2020/32020D0506.md
32020D0506	Artigo 4.º	Destinatários	143	161	266	ue/decisoes/2020/32020D0506.md
32020D0506(01)	Artigo 1.º		90	92	57	ue/decisoes/2020/32020D0506(01).md
32020D0506(01)	Artigo 2.º		94	108	71	ue/decisoes/2020/32020D0506(01).md
32020D0506(01)	ANEXO		110	457	4562	ue/decisoes/2020/32020D0506(01).md
32020D0507(01)	Artigo único		46	62	113	ue/decisoes/2020/32020D0507(01).md
32020D0509	Preâmbulo		18	48	1557	ue/decisoes/2020/32020D0509.md
32020D0509	Artigo 1.º		52	54	38	ue/decisoes/2020/32020D0509.md
32020D0509	Artigo 2.º		56	72	240	ue/decisoes/2020/32020D0509.md
32020D0512	Preâmbulo		18	36	191	ue/decisoes/2020/32020D0512.md
32020D0512	Artigo 1.º		40	49	114	ue/decisoes/2020/32020D0512.md
32020D0512	Artigo 2.º		51	63	101	ue/decisoes/2020/32020D0512.md
32020D0512	ANEXO		65	154	12371	ue/decisoes/2020/32020D0512.md
32020D0513	Preâmbulo		18	40	381	ue/decisoes/2020/32020D0513.md
32020D0513	Artigo 1.º		44	48	33	ue/decisoes/2020/32020D0513.md
32020D0513	«Artigo 2.º	Objetivos	50	60	227	ue/decisoes/2020/32020D0513.md
32020D0513	Artigo 3.º	Atribuições	62	76	248	ue/decisoes/2020/32020D0513.md
32020D0513	«Artigo 14.º‐A	Célula de Projetos	78	94	429	ue/decisoes/2020/32020D0513.md
32020D0513	Artigo 2.º		96	110	162	ue/decisoes/2020/32020D0513.md
32020D0519	Preâmbulo		22	46	1134	ue/decisoes/2020/32020D0519.md
32020D0519	Artigo 1.º		50	52	60	ue/decisoes/2020/32020D0519.md
32020D0519	Artigo 2.º		54	76	371	ue/decisoes/2020/32020D0519.md
32020D0519	ANNEX		78	1302	35764	ue/decisoes/2020/32020D0519.md
32020D0520	Preâmbulo		18	42	518	ue/decisoes/2020/32020D0520.md
32020D0520	Artigo 1.º		46	48	106	ue/decisoes/2020/32020D0520.md
32020D0520	Artigo 2.º		50	52	41	ue/decisoes/2020/32020D0520.md
32020D0520	Artigo 3.º		54	68	72	ue/decisoes/2020/32020D0520.md
32020D0522	Preâmbulo		18	38	374	ue/decisoes/2020/32020D0522.md
32020D0522	Artigo 1.º		42	44	61	ue/decisoes/2020/32020D0522.md
32020D0522	Artigo 2.º		46	62	165	ue/decisoes/2020/32020D0522.md
32020D0528	Preâmbulo		18	48	913	ue/decisoes/2020/32020D0528.md
32020D0528	Artigo 1.º		52	120	440	ue/decisoes/2020/32020D0528.md
32020D0528	Artigo 2.º		122	134	53	ue/decisoes/2020/32020D0528.md
32020D0528(01)	Artigo único		46	62	114	ue/decisoes/2020/32020D0528(01).md
32020D0534	Preâmbulo		18	46	822	ue/decisoes/2020/32020D0534.md
32020D0534	Artigo 1.º		50	52	50	ue/decisoes/2020/32020D0534.md
32020D0534	Artigo 2.º		54	72	254	ue/decisoes/2020/32020D0534.md
32020D0545	Preâmbulo		18	42	577	ue/decisoes/2020/32020D0545.md
32020D0545	Artigo 1.º		46	58	186	ue/decisoes/2020/32020D0545.md
32020D0545	Artigo 2.º		60	82	133	ue/decisoes/2020/32020D0545.md
32020D0546	Preâmbulo		18	42	585	ue/decisoes/2020/32020D0546.md
32020D0546	Artigo 1.º		46	60	173	ue/decisoes/2020/32020D0546.md
32020D0546	Artigo 2.º		62	84	133	ue/decisoes/2020/32020D0546.md
32020D0547	Preâmbulo		18	40	518	ue/decisoes/2020/32020D0547.md
32020D0547	Artigo 1.º		44	46	82	ue/decisoes/2020/32020D0547.md
32020D0547	Artigo 2.º		48	50	54	ue/decisoes/2020/32020D0547.md
32020D0547	Artigo 3.º		52	76	186	ue/decisoes/2020/32020D0547.md
32020D0548	Preâmbulo		18	36	380	ue/decisoes/2020/32020D0548.md
32020D0548	Artigo 1.º		40	42	27	ue/decisoes/2020/32020D0548.md
32020D0548	Artigo 2.º		44	58	120	ue/decisoes/2020/32020D0548.md
32020D0548	ANEXO		60	2288	45690	ue/decisoes/2020/32020D0548.md
32020D0555	Preâmbulo		18	38	279	ue/decisoes/2020/32020D0555.md
32020D0555	Artigo 1.º		42	60	350	ue/decisoes/2020/32020D0555.md
32020D0555	Artigo 2.º		62	74	64	ue/decisoes/2020/32020D0555.md
32020D0563	Preâmbulo		18	36	180	ue/decisoes/2020/32020D0563.md
32020D0563	Artigo 1.º		40	44	30	ue/decisoes/2020/32020D0563.md
32020D0563	«Artigo 12.º		46	50	82	ue/decisoes/2020/32020D0563.md
32020D0563	Artigo 2.º		52	64	102	ue/decisoes/2020/32020D0563.md
32020D0563	ANEXO		66	72	211	ue/decisoes/2020/32020D0563.md
32020D0569	Preâmbulo		22	48	1048	ue/decisoes/2020/32020D0569.md
32020D0569	Artigo 1.º		52	54	120	ue/decisoes/2020/32020D0569.md
32020D0569	Artigo 2.º		56	58	82	ue/decisoes/2020/32020D0569.md
32020D0569	Artigo 3.º		60	62	84	ue/decisoes/2020/32020D0569.md
32020D0569	Artigo 4.º		64	66	58	ue/decisoes/2020/32020D0569.md
32020D0569	Artigo 5.º		68	70	71	ue/decisoes/2020/32020D0569.md
32020D0569	Artigo 6.º		72	88	273	ue/decisoes/2020/32020D0569.md
32020D0569	ANEXO I		90	170	2258	ue/decisoes/2020/32020D0569.md
32020D0569	ANEXO II	INFORMAÇÕES REFERIDAS NO ARTIGO 54.º, N.º 1, DA DIRETIVA 2010/63/UE	172	307	2708	ue/decisoes/2020/32020D0569.md
32020D0569	ANEXO III		309	855	14058	ue/decisoes/2020/32020D0569.md
32020D0569	ANEXO IV	MODELO PARA APRESENTAÇÃO DAS INFORMAÇÕES REFERIDAS NO ARTIGO 54.º, N.º 3, DA DIRETIVA 2010/63/UE	857	868	66	ue/decisoes/2020/32020D0569.md
32020D0569	ANEXO V	TABELA DE CORRESPONDÊNCIA	870	880	72	ue/decisoes/2020/32020D0569.md
32020D0583	Preâmbulo		18	50	971	ue/decisoes/2020/32020D0583.md
32020D0583	Artigo 1.º		54	56	162	ue/decisoes/2020/32020D0583.md
32020D0583	Artigo 2.º		58	74	125	ue/decisoes/2020/32020D0583.md
32020D0584	Preâmbulo		18	36	218	ue/decisoes/2020/32020D0584.md
32020D0584	Artigo 1.º		40	42	25	ue/decisoes/2020/32020D0584.md
32020D0584	Artigo 2.º		44	56	60	ue/decisoes/2020/32020D0584.md
32020D0584	ANEXO		58	101	998	ue/decisoes/2020/32020D0584.md
32020D0588	Preâmbulo		18	147	2888	ue/decisoes/2020/32020D0588.md
32020D0588	Artigo 1.º		151	166	335	ue/decisoes/2020/32020D0588.md
32020D0588	Artigo 2.º		168	181	362	ue/decisoes/2020/32020D0588.md
32020D0588	Artigo 3.º		183	203	473	ue/decisoes/2020/32020D0588.md
32020D0588	Artigo 4.º		205	215	160	ue/decisoes/2020/32020D0588.md
32020D0588	Artigo 5.º		217	228	183	ue/decisoes/2020/32020D0588.md
32020D0588	Artigo 6.º		230	258	535	ue/decisoes/2020/32020D0588.md
32020D0590	Preâmbulo		18	50	1854	ue/decisoes/2020/32020D0590.md
32020D0590	Artigo 1.º		54	66	193	ue/decisoes/2020/32020D0590.md
32020D0590	Artigo 2.º		68	102	569	ue/decisoes/2020/32020D0590.md
32020D0590	ANEXO		104	134	608	ue/decisoes/2020/32020D0590.md
32020D0607	Preâmbulo		18	38	475	ue/decisoes/2020/32020D0607.md
32020D0607	Artigo 1.º		42	44	26	ue/decisoes/2020/32020D0607.md
32020D0607	Artigo 2.º		46	58	93	ue/decisoes/2020/32020D0607.md
32020D0607	ANEXO		60	71	877	ue/decisoes/2020/32020D0607.md
32020D0608	Preâmbulo		18	40	400	ue/decisoes/2020/32020D0608.md
32020D0608	Artigo 1.º		44	46	53	ue/decisoes/2020/32020D0608.md
32020D0608	Artigo 2.º		48	50	34	ue/decisoes/2020/32020D0608.md
32020D0608	Artigo 3.º		52	64	64	ue/decisoes/2020/32020D0608.md
32020D0609	Preâmbulo		18	34	234	ue/decisoes/2020/32020D0609.md
32020D0609	Artigo 1.º		38	40	98	ue/decisoes/2020/32020D0609.md
32020D0609	Artigo 2.º		42	56	126	ue/decisoes/2020/32020D0609.md
32020D0613	Preâmbulo		18	407	11345	ue/decisoes/2020/32020D0613.md
32020D0613	Artigo 1.º		411	413	59	ue/decisoes/2020/32020D0613.md
32020D0613	Artigo 2.º		415	493	1376	ue/decisoes/2020/32020D0613.md
32020D0614	Preâmbulo		18	44	915	ue/decisoes/2020/32020D0614.md
32020D0614	Artigo 1.º	Alterações	48	71	436	ue/decisoes/2020/32020D0614.md
32020D0614	«Artigo 5.º	Juros	73	128	1908	ue/decisoes/2020/32020D0614.md
32020D0614	Artigo 2.º	Entrada em vigor	130	146	179	ue/decisoes/2020/32020D0614.md
32020D0614	ANEXO		148	313	3006	ue/decisoes/2020/32020D0614.md
32020D0619	Preâmbulo		22	40	342	ue/decisoes/2020/32020D0619.md
32020D0619	Artigo 1.º		44	48	177	ue/decisoes/2020/32020D0619.md
32020D0619	Artigo 2.º		50	64	131	ue/decisoes/2020/32020D0619.md
32020D0619(01)	Artigo único		98	128	794	ue/decisoes/2020/32020D0619(01).md
32020D0619(01)	ANEXO I		130	152	507	ue/decisoes/2020/32020D0619(01).md
32020D0619(01)	ANEXO II		154	186	944	ue/decisoes/2020/32020D0619(01).md
32020D0619(01)	ANEXO III		188	199	249	ue/decisoes/2020/32020D0619(01).md
32020D0619(01)	ANEXO IV		201	276	2812	ue/decisoes/2020/32020D0619(01).md
32020D0619(01)	ANEXO V		278	315	1067	ue/decisoes/2020/32020D0619(01).md
32020D0619(01)	ANEXO VI		317	339	512	ue/decisoes/2020/32020D0619(01).md
32020D0619(01)	ANEXO VII		341	353	296	ue/decisoes/2020/32020D0619(01).md
32020D0619(01)	ANEXO VIII		355	383	815	ue/decisoes/2020/32020D0619(01).md
32020D0619(01)	ANEXO IX		385	446	2006	ue/decisoes/2020/32020D0619(01).md
32020D0619(01)	ANEXO X		448	507	1922	ue/decisoes/2020/32020D0619(01).md
32020D0619(01)	ANEXO XI		509	534	602	ue/decisoes/2020/32020D0619(01).md
32020D0619(01)	ANEXO XII		536	572	1072	ue/decisoes/2020/32020D0619(01).md
32020D0619(01)	ANEXO XIII		574	602	806	ue/decisoes/2020/32020D0619(01).md
32020D0619(01)	ANEXO XIV		604	634	901	ue/decisoes/2020/32020D0619(01).md
32020D0619(01)	ANEXO XV		636	646	236	ue/decisoes/2020/32020D0619(01).md
32020D0619(01)	ANEXO XVI		648	664	432	ue/decisoes/2020/32020D0619(01).md
32020D0619(01)	ANEXO XVII		666	734	2602	ue/decisoes/2020/32020D0619(01).md
32020D0619(01)	ANEXO XVIII		736	759	579	ue/decisoes/2020/32020D0619(01).md
32020D0619(01)	ANEXO XIX		761	795	1010	ue/decisoes/2020/32020D0619(01).md
32020D0619(01)	ANEXO XX		797	808	272	ue/decisoes/2020/32020D0619(01).md
32020D0619(01)	ANEXO XXI		810	916	3515	ue/decisoes/2020/32020D0619(01).md
32020D0619(01)	ANEXO XXII		918	950	857	ue/decisoes/2020/32020D0619(01).md
32020D0619(01)	ANEXO XXIII		952	1003	1896	ue/decisoes/2020/32020D0619(01).md
32020D0626(01)	Artigo único		46	62	115	ue/decisoes/2020/32020D0626(01).md
32020D0628	Preâmbulo		18	38	730	ue/decisoes/2020/32020D0628.md
32020D0628	Artigo 1.º	Alterações da Decisão BCE/2008/17	42	70	545	ue/decisoes/2020/32020D0628.md
32020D0628	«Artigo 5.º	Participação de outras instituições	72	76	361	ue/decisoes/2020/32020D0628.md
32020D0628	Artigo 2.º	Entrada em vigor	78	92	187	ue/decisoes/2020/32020D0628.md
32020D0636	Preâmbulo		22	56	1734	ue/decisoes/2020/32020D0636.md
32020D0636	Artigo 1.º		60	72	233	ue/decisoes/2020/32020D0636.md
32020D0636	«Artigo 3.º		74	76	36	ue/decisoes/2020/32020D0636.md
32020D0636	Artigo 2.º		78	106	516	ue/decisoes/2020/32020D0636.md
32020D0636	ANEXO	«ANEXO	108	281	4470	ue/decisoes/2020/32020D0636.md
32020D0637	Artigo 1.º	Definições	38	114	1974	ue/decisoes/2020/32020D0637.md
32020D0637	Artigo 2.º	Princípios da acreditação	116	146	745	ue/decisoes/2020/32020D0637.md
32020D0637	Artigo 3.º	Requisitos de acreditação	148	198	852	ue/decisoes/2020/32020D0637.md
32020D0637	Artigo 4.º	Requisitos éticos	200	242	1034	ue/decisoes/2020/32020D0637.md
32020D0637	Artigo 5.º	Pedido de acreditação	246	278	736	ue/decisoes/2020/32020D0637.md
32020D0637	Artigo 6.º	Avaliação do cumprimento dos requisitos de acreditação	280	304	846	ue/decisoes/2020/32020D0637.md
32020D0637	Artigo 7.º	Concessão da acreditação	306	312	263	ue/decisoes/2020/32020D0637.md
32020D0637	Artigo 8.º	Registo de acreditações do BCE	314	352	690	ue/decisoes/2020/32020D0637.md
32020D0637	Artigo 9.º	Obrigações a cumprir pelos fabricantes acreditados para manterem a respetiva acreditação	354	408	1339	ue/decisoes/2020/32020D0637.md
32020D0637	Artigo 10.º	Autorização prévia por escrito do BCE	410	416	210	ue/decisoes/2020/32020D0637.md
32020D0637	Artigo 11.º	Inspeções	418	434	512	ue/decisoes/2020/32020D0637.md
32020D0637	Artigo 12.º	Situações de incumprimento	436	456	397	ue/decisoes/2020/32020D0637.md
32020D0637	Artigo 13.º	Resultados da inspeção	458	486	938	ue/decisoes/2020/32020D0637.md
32020D0637	Artigo 14.º	Decisão de interrupção imediata da atividade relativa a elementos de euro protegidos	488	496	550	ue/decisoes/2020/32020D0637.md
32020D0637	Artigo 15.º	Decisões do BCE sobre incumprimento	500	530	484	ue/decisoes/2020/32020D0637.md
32020D0637	Artigo 16.º	Decisão de advertência	532	544	167	ue/decisoes/2020/32020D0637.md
32020D0637	Artigo 17.º	Decisão de suspensão de novas encomendas	546	556	343	ue/decisoes/2020/32020D0637.md
32020D0637	Artigo 18.º	Decisão de revogação da acreditação	558	586	746	ue/decisoes/2020/32020D0637.md
32020D0637	Artigo 19.º	Sanções pecuniárias em caso de discrepância na quantidade de notas de euro ou de papel para notas de euro	588	610	580	ue/decisoes/2020/32020D0637.md
32020D0637	Artigo 20.º	Delegação e subdelegação	612	624	282	ue/decisoes/2020/32020D0637.md
32020D0637	Artigo 21.º	Procedimento de revisão	626	650	738	ue/decisoes/2020/32020D0637.md
32020D0637	Artigo 22.º	Revogação	654	658	68	ue/decisoes/2020/32020D0637.md
32020D0637	Artigo 23.º	Disposições transitórias	660	678	282	ue/decisoes/2020/32020D0637.md
32020D0637	Artigo 24.º	Produção de efeitos	680	686	72	ue/decisoes/2020/32020D0637.md
32020D0637	Artigo 25.º	Destinatários	688	690	43	ue/decisoes/2020/32020D0637.md
32020D0637	ANEXO I	Decisão revogada com a lista das suas alterações sucessivas	692	699	219	ue/decisoes/2020/32020D0637.md
32020D0637	ANEXO II	Tabela de correspondência	701	864	2296	ue/decisoes/2020/32020D0637.md
32020D0649	Preâmbulo		18	46	582	ue/decisoes/2020/32020D0649.md
32020D0649	Artigo 1.º		50	54	171	ue/decisoes/2020/32020D0649.md
32020D0649	Artigo 2.º		56	58	44	ue/decisoes/2020/32020D0649.md
32020D0649	Artigo 3.º		60	76	221	ue/decisoes/2020/32020D0649.md
32020D0651	Preâmbulo		18	34	190	ue/decisoes/2020/32020D0651.md
32020D0651	Artigo 1.º		38	40	22	ue/decisoes/2020/32020D0651.md
32020D0651	«Artigo 10.º		42	44	58	ue/decisoes/2020/32020D0651.md
32020D0651	Artigo 2.º		46	58	108	ue/decisoes/2020/32020D0651.md
32020D0652	Preâmbulo		18	42	433	ue/decisoes/2020/32020D0652.md
32020D0652	Artigo 1.º		46	50	84	ue/decisoes/2020/32020D0652.md
32020D0652	Artigo 2.º		52	66	136	ue/decisoes/2020/32020D0652.md
32020D0654	Preâmbulo		18	224	7346	ue/decisoes/2020/32020D0654.md
32020D0654	Artigo 1.º		228	230	60	ue/decisoes/2020/32020D0654.md
32020D0654	Artigo 2.º		232	234	58	ue/decisoes/2020/32020D0654.md
32020D0654	Artigo 3.º		236	274	675	ue/decisoes/2020/32020D0654.md
32020D0655	Preâmbulo		22	54	1169	ue/decisoes/2020/32020D0655.md
32020D0655	Artigo 1.º	Objeto e âmbito de aplicação	60	64	148	ue/decisoes/2020/32020D0655.md
32020D0655	Artigo 2.º	Definições	66	84	369	ue/decisoes/2020/32020D0655.md
32020D0655	Artigo 3.º	Nomeação, estatuto e questões organizativas	88	112	681	ue/decisoes/2020/32020D0655.md
32020D0655	Artigo 4.º	Atribuições do encarregado da proteção de dados	114	130	560	ue/decisoes/2020/32020D0655.md
32020D0655	Artigo 5.º	Competências do encarregado da proteção de dados	132	150	444	ue/decisoes/2020/32020D0655.md
32020D0655	Artigo 6.º	Encarregado da proteção de dados e procedimento de investigação	152	164	383	ue/decisoes/2020/32020D0655.md
32020D0655	Artigo 7.º	Atribuições e deveres do responsável pelo tratamento	168	192	492	ue/decisoes/2020/32020D0655.md
32020D0655	Artigo 8.º	Coordenadores da proteção de dados	194	208	325	ue/decisoes/2020/32020D0655.md
32020D0655	Artigo 9.º	Registo central	210	214	166	ue/decisoes/2020/32020D0655.md
32020D0655	Artigo 10.º	Responsáveis conjuntos pelo tratamento	216	220	170	ue/decisoes/2020/32020D0655.md
32020D0655	Artigo 11.º	Exercício dos direitos dos titulares dos dados	224	248	831	ue/decisoes/2020/32020D0655.md
32020D0655	Artigo 12.º	Recursos	250	252	54	ue/decisoes/2020/32020D0655.md
32020D0655	Artigo 13.º	Revogação	256	258	69	ue/decisoes/2020/32020D0655.md
32020D0655	Artigo 14.º	Entrada em vigor	260	278	290	ue/decisoes/2020/32020D0655.md
32020D0655	ANEXO	TABELA DE CORRESPONDÊNCIA	280	311	285	ue/decisoes/2020/32020D0655.md
32020D0659	Preâmbulo		18	42	848	ue/decisoes/2020/32020D0659.md
32020D0659	Artigo 1.º		46	48	80	ue/decisoes/2020/32020D0659.md
32020D0659	Artigo 2.º		50	52	92	ue/decisoes/2020/32020D0659.md
32020D0659	Artigo 3.º		54	70	126	ue/decisoes/2020/32020D0659.md
32020D0659	ANEXO I		72	76	58	ue/decisoes/2020/32020D0659.md
32020D0659	ANEXO II		78	82	65	ue/decisoes/2020/32020D0659.md
32020D0660	Preâmbulo		18	54	1320	ue/decisoes/2020/32020D0660.md
32020D0660	Artigo 1.º		58	60	32	ue/decisoes/2020/32020D0660.md
32020D0660	Artigo 2.º		62	64	32	ue/decisoes/2020/32020D0660.md
32020D0660	Artigo 3.º		66	90	337	ue/decisoes/2020/32020D0660.md
32020D0660	ANEXO I		92	101	190	ue/decisoes/2020/32020D0660.md
32020D0660	ANEXO II		103	111	179	ue/decisoes/2020/32020D0660.md
32020D0663	Preâmbulo		18	38	324	ue/decisoes/2020/32020D0663.md
32020D0663	Artigo 1.º		42	46	80	ue/decisoes/2020/32020D0663.md
32020D0663	Artigo 2.º		48	64	209	ue/decisoes/2020/32020D0663.md
32020D0664	Preâmbulo		18	38	360	ue/decisoes/2020/32020D0664.md
32020D0664	Artigo 1.º		42	47	92	ue/decisoes/2020/32020D0664.md
32020D0664	Artigo 2.º		49	61	92	ue/decisoes/2020/32020D0664.md
32020D0667	Preâmbulo		18	56	1544	ue/decisoes/2020/32020D0667.md
32020D0667	Artigo 1.º		60	74	315	ue/decisoes/2020/32020D0667.md
32020D0667	Artigo 2.º		76	100	388	ue/decisoes/2020/32020D0667.md
32020D0667	ANEXO	«ANEXO	102	232	2833	ue/decisoes/2020/32020D0667.md
32020D0674	Artigo 1.º		38	40	41	ue/decisoes/2020/32020D0674.md
32020D0674	Artigo 2.º		42	44	72	ue/decisoes/2020/32020D0674.md
32020D0675	Preâmbulo		18	50	1084	ue/decisoes/2020/32020D0675.md
32020D0675	Artigo 1.º		54	56	28	ue/decisoes/2020/32020D0675.md
32020D0675	Artigo 2.º		58	72	147	ue/decisoes/2020/32020D0675.md
32020D0676	Preâmbulo		18	76	1756	ue/decisoes/2020/32020D0676.md
32020D0676	Artigo 1.º		80	94	287	ue/decisoes/2020/32020D0676.md
32020D0676	Artigo 2.º		96	100	79	ue/decisoes/2020/32020D0676.md
32020D0676	Artigo 3.º		102	128	517	ue/decisoes/2020/32020D0676.md
32020D0695	Preâmbulo		18	34	288	ue/decisoes/2020/32020D0695.md
32020D0695	Artigo 1.º		38	42	77	ue/decisoes/2020/32020D0695.md
32020D0695	Artigo 2.º		44	56	56	ue/decisoes/2020/32020D0695.md
32020D0701	Preâmbulo		18	76	2637	ue/decisoes/2020/32020D0701.md
32020D0701	Artigo 1.º		80	110	620	ue/decisoes/2020/32020D0701.md
32020D0701	Artigo 2.º		112	118	133	ue/decisoes/2020/32020D0701.md
32020D0701	Artigo 3.º		120	128	506	ue/decisoes/2020/32020D0701.md
32020D0701	Artigo 4.º		130	148	396	ue/decisoes/2020/32020D0701.md
32020D0701	Artigo 5.º		150	160	376	ue/decisoes/2020/32020D0701.md
32020D0701	Artigo 6.º		162	182	660	ue/decisoes/2020/32020D0701.md
32020D0701	Artigo 7.º		184	188	112	ue/decisoes/2020/32020D0701.md
32020D0701	Artigo 8.º		190	200	285	ue/decisoes/2020/32020D0701.md
32020D0701	Artigo 9.º		202	238	691	ue/decisoes/2020/32020D0701.md
32020D0707	Preâmbulo		18	52	1722	ue/decisoes/2020/32020D0707.md
32020D0707	Artigo 1.º		56	60	114	ue/decisoes/2020/32020D0707.md
32020D0707	Artigo 2.º		62	64	82	ue/decisoes/2020/32020D0707.md
32020D0707	Artigo 3.º		66	68	72	ue/decisoes/2020/32020D0707.md
32020D0707	Artigo 4.º		70	86	303	ue/decisoes/2020/32020D0707.md
32020D0707	ANEXO I	Despesas FEADER apuradas, por programa de desenvolvimento rural, a título do exercício de 2019	88	212	3430	ue/decisoes/2020/32020D0707.md
32020D0707	ANEXO II	Apuramento das contas dos organismos pagadores	214	250	382	ue/decisoes/2020/32020D0707.md
32020D0710	Preâmbulo		18	38	352	ue/decisoes/2020/32020D0710.md
32020D0710	Artigo 1.º		42	46	53	ue/decisoes/2020/32020D0710.md
32020D0710	Artigo 2.º		48	50	22	ue/decisoes/2020/32020D0710.md
32020D0710	Artigo 3.º		52	66	93	ue/decisoes/2020/32020D0710.md
32020D0715	Preâmbulo		18	52	1750	ue/decisoes/2020/32020D0715.md
32020D0715	Artigo 1.º		56	60	120	ue/decisoes/2020/32020D0715.md
32020D0715	Artigo 2.º		62	64	72	ue/decisoes/2020/32020D0715.md
32020D0715	Artigo 3.º		66	84	338	ue/decisoes/2020/32020D0715.md
32020D0715	ANEXO I	APURAMENTO DAS CONTAS DOS ORGANISMOS PAGADORES	86	179	2250	ue/decisoes/2020/32020D0715.md
32020D0715	ANEXO II	APURAMENTO DAS CONTAS DOS ORGANISMOS PAGADORES	181	218	235	ue/decisoes/2020/32020D0715.md
32020D0719	Preâmbulo		18	40	295	ue/decisoes/2020/32020D0719.md
32020D0719	Artigo 1.º		44	48	30	ue/decisoes/2020/32020D0719.md
32020D0719	«Artigo 34.º		50	54	76	ue/decisoes/2020/32020D0719.md
32020D0719	Artigo 2.º		56	70	133	ue/decisoes/2020/32020D0719.md
32020D0719	ANEXO		72	448	40192	ue/decisoes/2020/32020D0719.md
32020D0720	Preâmbulo		18	36	223	ue/decisoes/2020/32020D0720.md
32020D0720	Artigo 1.º		40	42	25	ue/decisoes/2020/32020D0720.md
32020D0720	Artigo 2.º		44	56	60	ue/decisoes/2020/32020D0720.md
32020D0720	ANEXO		58	98	1104	ue/decisoes/2020/32020D0720.md
32020D0721	Artigo 1.º		36	38	164	ue/decisoes/2020/32020D0721.md
32020D0721	Artigo 2.º		40	52	257	ue/decisoes/2020/32020D0721.md
32020D0721	Artigo 3.º		54	60	91	ue/decisoes/2020/32020D0721.md
32020D0721	Artigo 4.º		62	66	72	ue/decisoes/2020/32020D0721.md
32020D0721	Artigo 5.º		68	70	18	ue/decisoes/2020/32020D0721.md
32020D0726	Preâmbulo		18	44	888	ue/decisoes/2020/32020D0726.md
32020D0726	Artigo 1.º		48	50	22	ue/decisoes/2020/32020D0726.md
32020D0726	Artigo 2.º		52	66	82	ue/decisoes/2020/32020D0726.md
32020D0727	Preâmbulo		18	154	2109	ue/decisoes/2020/32020D0727.md
32020D0727	Artigo 1.º		158	160	177	ue/decisoes/2020/32020D0727.md
32020D0727	Artigo 2.º		162	178	124	ue/decisoes/2020/32020D0727.md
32020D0729	Preâmbulo		18	40	520	ue/decisoes/2020/32020D0729.md
32020D0729	Artigo 1.º		44	48	68	ue/decisoes/2020/32020D0729.md
32020D0729	Artigo 2.º		50	52	32	ue/decisoes/2020/32020D0729.md
32020D0729	Artigo 3.º		54	72	219	ue/decisoes/2020/32020D0729.md
32020D0733	Preâmbulo		18	36	232	ue/decisoes/2020/32020D0733.md
32020D0733	Artigo 1.º		40	42	26	ue/decisoes/2020/32020D0733.md
32020D0733	Artigo 2.º		44	56	60	ue/decisoes/2020/32020D0733.md
32020D0733	ANEXO		58	63	97	ue/decisoes/2020/32020D0733.md
32020D0737	Preâmbulo		18	134	4650	ue/decisoes/2020/32020D0737.md
32020D0737	Artigo 1.º		138	140	72	ue/decisoes/2020/32020D0737.md
32020D0737	Artigo 2.º		142	144	68	ue/decisoes/2020/32020D0737.md
32020D0737	Artigo 3.º		146	208	1317	ue/decisoes/2020/32020D0737.md
32020D0742	Preâmbulo		18	36	324	ue/decisoes/2020/32020D0742.md
32020D0742	Artigo 1.º		40	42	101	ue/decisoes/2020/32020D0742.md
32020D0742	Artigo 2.º		44	46	37	ue/decisoes/2020/32020D0742.md
32020D0742	Artigo 3.º		48	64	238	ue/decisoes/2020/32020D0742.md
32020D0751	Preâmbulo		18	44	555	ue/decisoes/2020/32020D0751.md
32020D0751	Artigo 1.º		48	52	54	ue/decisoes/2020/32020D0751.md
32020D0751	Artigo 2.º		54	56	32	ue/decisoes/2020/32020D0751.md
32020D0751	Artigo 3.º		58	60	43	ue/decisoes/2020/32020D0751.md
32020D0751	Artigo 4.º		62	78	163	ue/decisoes/2020/32020D0751.md
32020D0752	Preâmbulo		18	44	515	ue/decisoes/2020/32020D0752.md
32020D0752	Artigo 1.º		48	50	39	ue/decisoes/2020/32020D0752.md
32020D0752	Artigo 2.º		52	54	32	ue/decisoes/2020/32020D0752.md
32020D0752	Artigo 3.º		56	58	42	ue/decisoes/2020/32020D0752.md
32020D0752	Artigo 4.º		60	80	214	ue/decisoes/2020/32020D0752.md
32020D0753	Preâmbulo		22	42	400	ue/decisoes/2020/32020D0753.md
32020D0753	Artigo 1.º		46	50	48	ue/decisoes/2020/32020D0753.md
32020D0753	Artigo 2.º		52	54	78	ue/decisoes/2020/32020D0753.md
32020D0753	Artigo 3.º		56	58	52	ue/decisoes/2020/32020D0753.md
32020D0753	Artigo 4.º		60	76	157	ue/decisoes/2020/32020D0753.md
32020D0758	Preâmbulo		18	80	4761	ue/decisoes/2020/32020D0758.md
32020D0758	Artigo 1.º	Obrigação de alterar os Regulamentos de 2019 relativos aos Controlos Oficiais (Fitossanidade e Organismos Geneticamente Modificados) (Inglaterra)	84	92	286	ue/decisoes/2020/32020D0758.md
32020D0758	Artigo 2.º	Prazo para o cumprimento da obrigação	94	96	45	ue/decisoes/2020/32020D0758.md
32020D0758	Artigo 3.º	Destinatário	98	132	540	ue/decisoes/2020/32020D0758.md
32020D0765	Preâmbulo		18	38	658	ue/decisoes/2020/32020D0765.md
32020D0765	Artigo 1.º		42	44	35	ue/decisoes/2020/32020D0765.md
32020D0765	Artigo 2.º		46	48	50	ue/decisoes/2020/32020D0765.md
32020D0765	Artigo 3.º		50	68	243	ue/decisoes/2020/32020D0765.md
32020D0767	Preâmbulo		18	60	1328	ue/decisoes/2020/32020D0767.md
32020D0767	Artigo 1.º		64	68	141	ue/decisoes/2020/32020D0767.md
32020D0767	Artigo 2.º		70	72	174	ue/decisoes/2020/32020D0767.md
32020D0767	Artigo 3.º		74	78	67	ue/decisoes/2020/32020D0767.md
32020D0767	Artigo 4.º		80	98	428	ue/decisoes/2020/32020D0767.md
32020D0768	Preâmbulo		18	48	1545	ue/decisoes/2020/32020D0768.md
32020D0768	Artigo 1.º		52	57	105	ue/decisoes/2020/32020D0768.md
32020D0768	Artigo 2.º		59	73	206	ue/decisoes/2020/32020D0768.md
32020D0769	Preâmbulo		18	44	768	ue/decisoes/2020/32020D0769.md
32020D0769	Artigo 1.º		48	126	2002	ue/decisoes/2020/32020D0769.md
32020D0769	Artigo 2.º		128	130	43	ue/decisoes/2020/32020D0769.md
32020D0769	Artigo 3.º		132	172	419	ue/decisoes/2020/32020D0769.md
32020D0783	Preâmbulo		18	40	493	ue/decisoes/2020/32020D0783.md
32020D0783	Artigo 1.º		44	48	179	ue/decisoes/2020/32020D0783.md
32020D0783	Artigo 2.º		50	64	134	ue/decisoes/2020/32020D0783.md
32020D0787	Preâmbulo		18	56	1808	ue/decisoes/2020/32020D0787.md
32020D0787	Artigo 1.º		60	62	47	ue/decisoes/2020/32020D0787.md
32020D0787	Artigo 2.º		64	80	150	ue/decisoes/2020/32020D0787.md
32020D0788	Preâmbulo		18	42	479	ue/decisoes/2020/32020D0788.md
32020D0788	Artigo 1.º		46	50	66	ue/decisoes/2020/32020D0788.md
32020D0788	Artigo 2.º		52	54	70	ue/decisoes/2020/32020D0788.md
32020D0788	Artigo 3.º		56	78	287	ue/decisoes/2020/32020D0788.md
32020D0789	Preâmbulo		18	42	533	ue/decisoes/2020/32020D0789.md
32020D0789	Artigo 1.º		46	48	27	ue/decisoes/2020/32020D0789.md
32020D0789	Artigo 2.º		50	52	70	ue/decisoes/2020/32020D0789.md
32020D0789	Artigo 3.º		54	76	247	ue/decisoes/2020/32020D0789.md
32020D0790	Preâmbulo		18	44	416	ue/decisoes/2020/32020D0790.md
32020D0790	Artigo 1.º		48	52	118	ue/decisoes/2020/32020D0790.md
32020D0790	Artigo 2.º		54	68	68	ue/decisoes/2020/32020D0790.md
32020D0791	Preâmbulo		18	44	711	ue/decisoes/2020/32020D0791.md
32020D0791	Artigo 1.º		48	50	148	ue/decisoes/2020/32020D0791.md
32020D0791	Artigo 2.º		52	54	39	ue/decisoes/2020/32020D0791.md
32020D0791	Artigo 3.º		56	80	633	ue/decisoes/2020/32020D0791.md
32020D0792	Preâmbulo		22	50	501	ue/decisoes/2020/32020D0792.md
32020D0792	Artigo 1.º		54	76	486	ue/decisoes/2020/32020D0792.md
32020D0792	Artigo 2.º		78	96	256	ue/decisoes/2020/32020D0792.md
32020D0793	Preâmbulo		18	36	445	ue/decisoes/2020/32020D0793.md
32020D0793	Artigo 1.º		40	44	193	ue/decisoes/2020/32020D0793.md
32020D0793	Artigo 2.º		46	62	166	ue/decisoes/2020/32020D0793.md
32020D0795	Preâmbulo		18	38	432	ue/decisoes/2020/32020D0795.md
32020D0795	Artigo 1.º		42	46	38	ue/decisoes/2020/32020D0795.md
32020D0795	Artigo 2.º		48	60	106	ue/decisoes/2020/32020D0795.md
32020D0806(01)	Artigo 1.º	Objetivo	50	52	71	ue/decisoes/2020/32020D0806(01).md
32020D0806(01)	Artigo 2.º	Beneficiários e âmbito de aplicação	54	60	182	ue/decisoes/2020/32020D0806(01).md
32020D0806(01)	Artigo 3.º	Exceções	62	90	649	ue/decisoes/2020/32020D0806(01).md
32020D0806(01)	Artigo 4.º	Apresentação dos pedidos iniciais	92	104	280	ue/decisoes/2020/32020D0806(01).md
32020D0806(01)	Artigo 5.º	Processamento dos pedidos iniciais	106	114	265	ue/decisoes/2020/32020D0806(01).md
32020D0806(01)	Artigo 6.º	Apresentação dos pedidos confirmativos	116	120	115	ue/decisoes/2020/32020D0806(01).md
32020D0806(01)	Artigo 7.º	Processamento dos pedidos confirmativos	122	130	274	ue/decisoes/2020/32020D0806(01).md
32020D0806(01)	Artigo 8.º	Acesso na sequência de um pedido	132	140	263	ue/decisoes/2020/32020D0806(01).md
32020D0806(01)	Artigo 9.º	Reprodução de documentos	142	148	140	ue/decisoes/2020/32020D0806(01).md
32020D0806(01)	Artigo 10.º	Comportamento abusivo	150	152	49	ue/decisoes/2020/32020D0806(01).md
32020D0806(01)	Artigo 11.º	Entrada em vigor	154	168	180	ue/decisoes/2020/32020D0806(01).md
32020D0848	Preâmbulo		18	52	1734	ue/decisoes/2020/32020D0848.md
32020D0848	Artigo 1.º		56	58	162	ue/decisoes/2020/32020D0848.md
32020D0848	Artigo 2.º		60	80	529	ue/decisoes/2020/32020D0848.md
32020D0849	Preâmbulo		18	36	251	ue/decisoes/2020/32020D0849.md
32020D0849	Artigo 1.º		40	42	26	ue/decisoes/2020/32020D0849.md
32020D0849	Artigo 2.º		44	56	100	ue/decisoes/2020/32020D0849.md
32020D0849	ANEXO		58	85	1166	ue/decisoes/2020/32020D0849.md
32020D0850	Preâmbulo		18	36	196	ue/decisoes/2020/32020D0850.md
32020D0850	Artigo 1.º		40	44	42	ue/decisoes/2020/32020D0850.md
32020D0850	Artigo 2.º		46	58	101	ue/decisoes/2020/32020D0850.md
32020D0859	Preâmbulo		18	46	694	ue/decisoes/2020/32020D0859.md
32020D0859	Artigo 1.º		50	52	58	ue/decisoes/2020/32020D0859.md
32020D0859	Artigo 2.º		54	68	169	ue/decisoes/2020/32020D0859.md
32020D0859	ANEXO		70	375	11579	ue/decisoes/2020/32020D0859.md
32020D0865	Preâmbulo		18	42	657	ue/decisoes/2020/32020D0865.md
32020D0865	Artigo 1.º		46	50	71	ue/decisoes/2020/32020D0865.md
32020D0865	Artigo 2.º		52	54	32	ue/decisoes/2020/32020D0865.md
32020D0865	Artigo 3.º		56	76	327	ue/decisoes/2020/32020D0865.md
32020D0871	Preâmbulo		18	46	808	ue/decisoes/2020/32020D0871.md
32020D0871	Artigo 1.º		50	64	239	ue/decisoes/2020/32020D0871.md
32020D0871	Artigo 2.º		66	68	45	ue/decisoes/2020/32020D0871.md
32020D0871	Artigo 3.º		70	72	23	ue/decisoes/2020/32020D0871.md
32020D0871	Artigo 4.º		74	90	198	ue/decisoes/2020/32020D0871.md
32020D0871	ANEXO	MÉTODOS DE CLASSIFICAÇÃO DE CARCAÇAS DE SUÍNO NA LITUÂNIA	92	140	978	ue/decisoes/2020/32020D0871.md
32020D0898	Preâmbulo		18	42	1182	ue/decisoes/2020/32020D0898.md
32020D0898	Artigo 1.º		46	48	26	ue/decisoes/2020/32020D0898.md
32020D0898	Artigo 2.º.ª		50	64	149	ue/decisoes/2020/32020D0898.md
32020D0898	ANEXO		66	82	2333	ue/decisoes/2020/32020D0898.md
32020D0899	Preâmbulo		18	36	217	ue/decisoes/2020/32020D0899.md
32020D0899	Artigo 1.º		40	42	80	ue/decisoes/2020/32020D0899.md
32020D0899	Artigo 2.º		44	46	58	ue/decisoes/2020/32020D0899.md
32020D0899	Artigo 3.º		48	66	220	ue/decisoes/2020/32020D0899.md
32020D0901	Preâmbulo		18	46	903	ue/decisoes/2020/32020D0901.md
32020D0901	Artigo 1.º		50	92	809	ue/decisoes/2020/32020D0901.md
32020D0901	Artigo 2.º		94	98	124	ue/decisoes/2020/32020D0901.md
32020D0901	Artigo 3.º		100	108	237	ue/decisoes/2020/32020D0901.md
32020D0901	Artigo 4.º		110	114	94	ue/decisoes/2020/32020D0901.md
32020D0901	Artigo 5.º		116	144	873	ue/decisoes/2020/32020D0901.md
32020D0901	ANEXO		146	596	11539	ue/decisoes/2020/32020D0901.md
32020D0902	Preâmbulo		18	42	448	ue/decisoes/2020/32020D0902.md
32020D0902	Artigo 1.º		46	60	160	ue/decisoes/2020/32020D0902.md
32020D0902	Artigo 2.º		62	82	298	ue/decisoes/2020/32020D0902.md
32020D0903	Preâmbulo		18	40	407	ue/decisoes/2020/32020D0903.md
32020D0903	Artigo 1.º		44	58	163	ue/decisoes/2020/32020D0903.md
32020D0903	Artigo 2.º		60	78	298	ue/decisoes/2020/32020D0903.md
32020D0907	Preâmbulo		18	38	287	ue/decisoes/2020/32020D0907.md
32020D0907	Artigo 1.º		42	46	45	ue/decisoes/2020/32020D0907.md
32020D0907	Artigo 2.º		48	62	166	ue/decisoes/2020/32020D0907.md
32020D0908(01)	Artigo único		44	60	111	ue/decisoes/2020/32020D0908(01).md
32020D0919	Preâmbulo		18	44	858	ue/decisoes/2020/32020D0919.md
32020D0919	Artigo 1.º		48	60	143	ue/decisoes/2020/32020D0919.md
32020D0919	Artigo 2.º		62	82	171	ue/decisoes/2020/32020D0919.md
32020D0947	Preâmbulo		18	36	210	ue/decisoes/2020/32020D0947.md
32020D0947	Artigo 1.º		40	42	73	ue/decisoes/2020/32020D0947.md
32020D0947	Artigo 2.º		44	46	58	ue/decisoes/2020/32020D0947.md
32020D0947	Artigo 3.º		48	66	214	ue/decisoes/2020/32020D0947.md
32020D0948	Preâmbulo		18	40	479	ue/decisoes/2020/32020D0948.md
32020D0948	Artigo 1.º		44	46	52	ue/decisoes/2020/32020D0948.md
32020D0948	Artigo 2.º		48	50	29	ue/decisoes/2020/32020D0948.md
32020D0948	Artigo 3.º		52	54	107	ue/decisoes/2020/32020D0948.md
32020D0948	Artigo 4.º		56	58	43	ue/decisoes/2020/32020D0948.md
32020D0948	Artigo 5.º		60	78	184	ue/decisoes/2020/32020D0948.md
32020D0949	Preâmbulo		18	36	211	ue/decisoes/2020/32020D0949.md
32020D0949	Artigo 1.º		40	42	74	ue/decisoes/2020/32020D0949.md
32020D0949	Artigo 2.º		44	46	58	ue/decisoes/2020/32020D0949.md
32020D0949	Artigo 3.º		48	66	215	ue/decisoes/2020/32020D0949.md
32020D0950	Preâmbulo		18	36	216	ue/decisoes/2020/32020D0950.md
32020D0950	Artigo 1.º		40	42	77	ue/decisoes/2020/32020D0950.md
32020D0950	Artigo 2.º		44	46	58	ue/decisoes/2020/32020D0950.md
32020D0950	Artigo 3.º		48	66	219	ue/decisoes/2020/32020D0950.md
32020D0951	Preâmbulo		18	38	502	ue/decisoes/2020/32020D0951.md
32020D0951	Artigo 1.º		42	44	44	ue/decisoes/2020/32020D0951.md
32020D0951	Artigo 2.º		46	48	31	ue/decisoes/2020/32020D0951.md
32020D0951	Artigo 3.º		50	52	97	ue/decisoes/2020/32020D0951.md
32020D0951	Artigo 4.º		54	56	44	ue/decisoes/2020/32020D0951.md
32020D0951	Artigo 5.º		58	82	330	ue/decisoes/2020/32020D0951.md
32020D0952	Preâmbulo		18	40	573	ue/decisoes/2020/32020D0952.md
32020D0952	Artigo 1.º		44	46	49	ue/decisoes/2020/32020D0952.md
32020D0952	Artigo 2.º		48	50	31	ue/decisoes/2020/32020D0952.md
32020D0952	Artigo 3.º		52	54	97	ue/decisoes/2020/32020D0952.md
32020D0952	Artigo 4.º		56	58	44	ue/decisoes/2020/32020D0952.md
32020D0952	Artigo 5.º		60	84	346	ue/decisoes/2020/32020D0952.md
32020D0953	Preâmbulo		18	38	523	ue/decisoes/2020/32020D0953.md
32020D0953	Artigo 1.º		42	44	55	ue/decisoes/2020/32020D0953.md
32020D0953	Artigo 2.º		46	48	31	ue/decisoes/2020/32020D0953.md
32020D0953	Artigo 3.º		50	52	97	ue/decisoes/2020/32020D0953.md
32020D0953	Artigo 4.º		54	56	42	ue/decisoes/2020/32020D0953.md
32020D0953	Artigo 5.º		58	82	342	ue/decisoes/2020/32020D0953.md
32020D0954	Preâmbulo		18	68	2523	ue/decisoes/2020/32020D0954.md
32020D0954	Artigo 1.º		72	84	468	ue/decisoes/2020/32020D0954.md
32020D0954	Artigo 2.º		86	88	30	ue/decisoes/2020/32020D0954.md
32020D0954	Artigo 3.º		90	122	810	ue/decisoes/2020/32020D0954.md
32020D0955	Preâmbulo		18	40	345	ue/decisoes/2020/32020D0955.md
32020D0955	Artigo 1.º		44	54	114	ue/decisoes/2020/32020D0955.md
32020D0955	Artigo 2.º		56	72	176	ue/decisoes/2020/32020D0955.md
32020D0962	Preâmbulo		18	82	1130	ue/decisoes/2020/32020D0962.md
32020D0962	Artigo 1.º		86	88	30	ue/decisoes/2020/32020D0962.md
32020D0962	Artigo 2.º		90	104	136	ue/decisoes/2020/32020D0962.md
32020D0962	ANEXO		106	129	593	ue/decisoes/2020/32020D0962.md
32020D0963	Preâmbulo		18	46	386	ue/decisoes/2020/32020D0963.md
32020D0963	Artigo 1.º		50	52	93	ue/decisoes/2020/32020D0963.md
32020D0963	Artigo 2.º		54	58	154	ue/decisoes/2020/32020D0963.md
32020D0963	Artigo 3.º		60	78	145	ue/decisoes/2020/32020D0963.md
32020D0964	Preâmbulo		18	44	904	ue/decisoes/2020/32020D0964.md
32020D0964	Artigo 1.º		48	50	147	ue/decisoes/2020/32020D0964.md
32020D0964	Artigo 2.º		52	54	109	ue/decisoes/2020/32020D0964.md
32020D0964	Artigo 3.º		56	76	311	ue/decisoes/2020/32020D0964.md
32020D0965	Preâmbulo		18	38	399	ue/decisoes/2020/32020D0965.md
32020D0965	Artigo 1.º		42	44	63	ue/decisoes/2020/32020D0965.md
32020D0965	Artigo 2.º		46	48	36	ue/decisoes/2020/32020D0965.md
32020D0965	Artigo 3.º		50	64	104	ue/decisoes/2020/32020D0965.md
32020D0969	Preâmbulo		18	74	2773	ue/decisoes/2020/32020D0969.md
32020D0969	Artigo 1.º	Objeto e âmbito de aplicação	80	88	306	ue/decisoes/2020/32020D0969.md
32020D0969	Artigo 2.º	Controlo	90	92	45	ue/decisoes/2020/32020D0969.md
32020D0969	Artigo 3.º	Definições	94	110	475	ue/decisoes/2020/32020D0969.md
32020D0969	Artigo 4.º	Designação e posição	114	116	66	ue/decisoes/2020/32020D0969.md
32020D0969	Artigo 5.º	Funções e deveres	118	132	289	ue/decisoes/2020/32020D0969.md
32020D0969	Artigo 6.º	Competências	134	160	612	ue/decisoes/2020/32020D0969.md
32020D0969	Artigo 7.º	Coordenadores da proteção de dados	162	200	1141	ue/decisoes/2020/32020D0969.md
32020D0969	Artigo 8.º	Responsáveis delegados pelo tratamento e responsáveis operacionais pelo tratamento	204	232	630	ue/decisoes/2020/32020D0969.md
32020D0969	Artigo 9.º	Atividade de informação	236	238	127	ue/decisoes/2020/32020D0969.md
32020D0969	Artigo 10.º	Registo	240	244	118	ue/decisoes/2020/32020D0969.md
32020D0969	Artigo 11.º	Procedimento de investigação	246	254	356	ue/decisoes/2020/32020D0969.md
32020D0969	Artigo 12.º	Administração e gestão	256	260	108	ue/decisoes/2020/32020D0969.md
32020D0969	Artigo 13.º	Exceções e limitações aplicáveis	264	274	587	ue/decisoes/2020/32020D0969.md
32020D0969	Artigo 14.º	Comunicação de informações aos titulares de dados	276	282	169	ue/decisoes/2020/32020D0969.md
32020D0969	Artigo 15.º	Direito de acesso dos titulares de dados, direito ao apagamento e direito à limitação do tratamento	284	292	324	ue/decisoes/2020/32020D0969.md
32020D0969	Artigo 16.º	Comunicação de uma violação de dados pessoais ao titular de dados	294	296	84	ue/decisoes/2020/32020D0969.md
32020D0969	Artigo 17.º	Registo das limitações	298	304	222	ue/decisoes/2020/32020D0969.md
32020D0969	Artigo 18.º	Duração das limitações	306	312	224	ue/decisoes/2020/32020D0969.md
32020D0969	Artigo 19.º	Reexame pelo responsável pela proteção de dados	314	318	162	ue/decisoes/2020/32020D0969.md
32020D0969	Artigo 20.º	Revogação	322	324	16	ue/decisoes/2020/32020D0969.md
32020D0969	Artigo 21.º	Entrada em vigor	326	350	441	ue/decisoes/2020/32020D0969.md
32020D0971	Preâmbulo		18	44	477	ue/decisoes/2020/32020D0971.md
32020D0971	Artigo 1.º		48	50	89	ue/decisoes/2020/32020D0971.md
32020D0971	Artigo 2.º		52	64	64	ue/decisoes/2020/32020D0971.md
32020D0976	Preâmbulo		18	42	838	ue/decisoes/2020/32020D0976.md
32020D0976	Artigo 1.º		46	48	49	ue/decisoes/2020/32020D0976.md
32020D0976	Artigo 2.º		50	66	174	ue/decisoes/2020/32020D0976.md
32020D0976	ANEXO		68	102	669	ue/decisoes/2020/32020D0976.md
32020D0983	Preâmbulo		18	52	744	ue/decisoes/2020/32020D0983.md
32020D0983	Artigo 1.º		56	58	44	ue/decisoes/2020/32020D0983.md
32020D0983	Artigo 2.º		60	62	30	ue/decisoes/2020/32020D0983.md
32020D0983	Artigo 3.º		64	66	60	ue/decisoes/2020/32020D0983.md
32020D0983	Artigo 4.º		68	88	218	ue/decisoes/2020/32020D0983.md
32020D0983	ANEXO	PROCEDIMENTO DE APROVAÇÃO DAS ALTERAÇÕES DO PROTOCOLO A ADOTAR PELA COMISSÃO MISTA	90	112	596	ue/decisoes/2020/32020D0983.md
32020D0984	Preâmbulo		18	52	745	ue/decisoes/2020/32020D0984.md
32020D0984	Artigo 1.º		56	58	46	ue/decisoes/2020/32020D0984.md
32020D0984	Artigo 2.º		60	62	30	ue/decisoes/2020/32020D0984.md
32020D0984	Artigo 3.º		64	66	59	ue/decisoes/2020/32020D0984.md
32020D0984	Artigo 4.º		68	88	231	ue/decisoes/2020/32020D0984.md
32020D0984	ANEXO	Procedimento de aprovação das alterações do Protocolo a adotar pela comissão mista	90	112	608	ue/decisoes/2020/32020D0984.md
32020D0985	Preâmbulo		18	52	687	ue/decisoes/2020/32020D0985.md
32020D0985	Artigo 1.º		56	58	49	ue/decisoes/2020/32020D0985.md
32020D0985	Artigo 2.º		60	62	30	ue/decisoes/2020/32020D0985.md
32020D0985	Artigo 3.º		64	66	67	ue/decisoes/2020/32020D0985.md
32020D0985	Artigo 4.º		68	88	233	ue/decisoes/2020/32020D0985.md
32020D0985	ANEXO	Procedimento de aprovação das alterações do Protocolo a adotar pela comissão mista	90	112	554	ue/decisoes/2020/32020D0985.md
32020D0986	Preâmbulo		18	40	445	ue/decisoes/2020/32020D0986.md
32020D0986	Artigo 1.º		44	46	56	ue/decisoes/2020/32020D0986.md
32020D0986	Artigo 2.º		48	70	134	ue/decisoes/2020/32020D0986.md
32020D1001(01)	Artigo único		42	58	113	ue/decisoes/2020/32020D1001(01).md
32020D1007(01)	Artigo 1.º		92	94	36	ue/decisoes/2020/32020D1007(01).md
32020D1007(01)	Artigo 2.º		96	98	20	ue/decisoes/2020/32020D1007(01).md
32020D1007(01)	Artigo 3.º		100	124	192	ue/decisoes/2020/32020D1007(01).md
32020D1008	Preâmbulo		18	48	969	ue/decisoes/2020/32020D1008.md
32020D1008	Artigo 1.º		52	56	184	ue/decisoes/2020/32020D1008.md
32020D1008	Artigo 2.º		58	72	138	ue/decisoes/2020/32020D1008.md
32020D1012	Preâmbulo		18	603	25866	ue/decisoes/2020/32020D1012.md
32020D1012	Artigo 1.º		607	611	135	ue/decisoes/2020/32020D1012.md
32020D1012	Artigo 2.º		613	615	103	ue/decisoes/2020/32020D1012.md
32020D1012	Artigo 3.º		617	619	111	ue/decisoes/2020/32020D1012.md
32020D1012	Artigo 4.º		621	629	228	ue/decisoes/2020/32020D1012.md
32020D1012	Artigo 5.º		631	635	108	ue/decisoes/2020/32020D1012.md
32020D1012	Artigo 6.º		637	647	234	ue/decisoes/2020/32020D1012.md
32020D1012	Artigo 7.º		649	777	3443	ue/decisoes/2020/32020D1012.md
32020D1015	Preâmbulo		18	40	622	ue/decisoes/2020/32020D1015.md
32020D1015	Artigo 1.º	Instituição de uma cooperação estreita entre o BCE e o BNB	44	48	170	ue/decisoes/2020/32020D1015.md
32020D1015	Artigo 2.º	Definições	50	52	44	ue/decisoes/2020/32020D1015.md
32020D1015	Artigo 3.º	Dever de cooperação leal e troca de informações	54	56	69	ue/decisoes/2020/32020D1015.md
32020D1015	Artigo 4.º	Data de início da cooperação estreita entre o BCE e o BNB	58	62	123	ue/decisoes/2020/32020D1015.md
32020D1015	Artigo 5.º	Modalidades para a transferência das atribuições de supervisão para o BCE	64	80	670	ue/decisoes/2020/32020D1015.md
32020D1015	Artigo 6.º	Entrada em vigor	82	98	250	ue/decisoes/2020/32020D1015.md
32020D1016	Preâmbulo		18	40	570	ue/decisoes/2020/32020D1016.md
32020D1016	Artigo 1.º	Instituição de uma cooperação estreita entre o BCE e o HNB	44	48	169	ue/decisoes/2020/32020D1016.md
32020D1016	Artigo 2.º	Definições	50	52	44	ue/decisoes/2020/32020D1016.md
32020D1016	Artigo 3.º	Dever de cooperação leal e troca de informações	54	56	70	ue/decisoes/2020/32020D1016.md
32020D1016	Artigo 4.º	Data de início da cooperação estreita entre o BCE e o HNB	58	62	123	ue/decisoes/2020/32020D1016.md
32020D1016	Artigo 5.º	Modalidades para a transferência das atribuições de supervisão para o BCE	64	80	670	ue/decisoes/2020/32020D1016.md
32020D1016	Artigo 6.º	Entrada em vigor	82	98	250	ue/decisoes/2020/32020D1016.md
32020D1020(01)	Artigo 1.º		54	56	28	ue/decisoes/2020/32020D1020(01).md
32020D1020(01)	Artigo 2.º		58	88	720	ue/decisoes/2020/32020D1020(01).md
32020D1020(01)	ANEXO I	«ANEXO V	90	169	2771	ue/decisoes/2020/32020D1020(01).md
32020D1023	Preâmbulo		18	64	2286	ue/decisoes/2020/32020D1023.md
32020D1023	Artigo 1.º		68	113	1128	ue/decisoes/2020/32020D1023.md
32020D1023	«Artigo 7.º‐A	Intercâmbio transfronteiras de dados através do portal federativo entre as aplicações móveis nacionais de rastreio de contactos e de alerta	115	141	722	ue/decisoes/2020/32020D1023.md
32020D1023	Artigo 2.º		143	175	768	ue/decisoes/2020/32020D1023.md
32020D1023	ANEXO		177	242	1598	ue/decisoes/2020/32020D1023.md
32020D1023	ANEXO III	RESPONSABILIDADES DA COMISSÃO ENQUANTO SUBCONTRATANTE DO TRATAMENTO DE DADOS DO PORTAL FEDERATIVO PARA O TRATAMENTO TRANSFRONTEIRAS ENTRE APLICAÇÕES MÓVEIS NACI	244	344	2237	ue/decisoes/2020/32020D1023.md
32020D1023(01)	Artigo único		78	108	779	ue/decisoes/2020/32020D1023(01).md
32020D1023(01)	ANEXO I		110	121	263	ue/decisoes/2020/32020D1023(01).md
32020D1023(01)	ANEXO II		123	165	1291	ue/decisoes/2020/32020D1023(01).md
32020D1023(01)	ANEXO III		167	177	223	ue/decisoes/2020/32020D1023(01).md
32020D1023(01)	ANEXO IV		179	283	3814	ue/decisoes/2020/32020D1023(01).md
32020D1023(01)	ANEXO V		285	353	2442	ue/decisoes/2020/32020D1023(01).md
32020D1023(01)	ANEXO VI		355	393	1068	ue/decisoes/2020/32020D1023(01).md
32020D1023(01)	ANEXO VII		395	425	813	ue/decisoes/2020/32020D1023(01).md
32020D1023(01)	ANEXO VIII		427	439	284	ue/decisoes/2020/32020D1023(01).md
32020D1023(01)	ANEXO IX		441	479	1146	ue/decisoes/2020/32020D1023(01).md
32020D1023(01)	ANEXO X		481	495	359	ue/decisoes/2020/32020D1023(01).md
32020D1023(01)	ANEXO XI		497	508	245	ue/decisoes/2020/32020D1023(01).md
32020D1023(01)	ANEXO XII		510	533	524	ue/decisoes/2020/32020D1023(01).md
32020D1023(01)	ANEXO XIII		535	569	991	ue/decisoes/2020/32020D1023(01).md
32020D1025	Preâmbulo		18	132	5310	ue/decisoes/2020/32020D1025.md
32020D1025	Artigo 1.º		136	138	58	ue/decisoes/2020/32020D1025.md
32020D1025	Artigo 2.º		140	178	823	ue/decisoes/2020/32020D1025.md
32020D1026	Preâmbulo		18	36	326	ue/decisoes/2020/32020D1026.md
32020D1026	Artigo 1.º		40	42	44	ue/decisoes/2020/32020D1026.md
32020D1026	Artigo 2.º		44	46	34	ue/decisoes/2020/32020D1026.md
32020D1026	Artigo 3.º		48	52	154	ue/decisoes/2020/32020D1026.md
32020D1026	Artigo 4.º		54	64	127	ue/decisoes/2020/32020D1026.md
32020D1026	Artigo 5.º		66	92	451	ue/decisoes/2020/32020D1026.md
32020D1026	Artigo 6.º		94	96	46	ue/decisoes/2020/32020D1026.md
32020D1026	Artigo 7.º		98	112	86	ue/decisoes/2020/32020D1026.md
32020D1035	Artigo 1.º		38	42	80	ue/decisoes/2020/32020D1035.md
32020D1035	Artigo 2.º		44	968	2584	ue/decisoes/2020/32020D1035.md
32020D1035	ANEXO I		970	1168	4245	ue/decisoes/2020/32020D1035.md
32020D1035	ANEXO II		1170	1323	3071	ue/decisoes/2020/32020D1035.md
32020D1036	Preâmbulo		18	38	564	ue/decisoes/2020/32020D1036.md
32020D1036	Artigo 1.º		42	44	29	ue/decisoes/2020/32020D1036.md
32020D1036	Artigo 2.º		46	62	232	ue/decisoes/2020/32020D1036.md
32020D1036	ANEXO		64	96	866	ue/decisoes/2020/32020D1036.md
32020D1037	Preâmbulo		18	44	799	ue/decisoes/2020/32020D1037.md
32020D1037	Artigo 1.º		48	50	36	ue/decisoes/2020/32020D1037.md
32020D1037	Artigo 2.º		52	66	109	ue/decisoes/2020/32020D1037.md
32020D1038	Preâmbulo		18	48	1133	ue/decisoes/2020/32020D1038.md
32020D1038	Artigo 1.º		52	54	35	ue/decisoes/2020/32020D1038.md
32020D1038	Artigo 2.º		56	78	498	ue/decisoes/2020/32020D1038.md
32020D1047	Preâmbulo		18	72	2580	ue/decisoes/2020/32020D1047.md
32020D1047	Artigo 1.º		76	78	53	ue/decisoes/2020/32020D1047.md
32020D1047	Artigo 2.º		80	100	319	ue/decisoes/2020/32020D1047.md
32020D1048	Preâmbulo		18	70	2386	ue/decisoes/2020/32020D1048.md
32020D1048	Artigo 1.º		74	76	52	ue/decisoes/2020/32020D1048.md
32020D1048	Artigo 2.º		78	98	310	ue/decisoes/2020/32020D1048.md
32020D1049	Preâmbulo		18	74	2795	ue/decisoes/2020/32020D1049.md
32020D1049	Artigo 1.º		78	80	53	ue/decisoes/2020/32020D1049.md
32020D1049	Artigo 2.º		82	102	308	ue/decisoes/2020/32020D1049.md
32020D1050	Preâmbulo		18	76	2783	ue/decisoes/2020/32020D1050.md
32020D1050	Artigo 1.º		80	82	53	ue/decisoes/2020/32020D1050.md
32020D1050	Artigo 2.º		84	104	318	ue/decisoes/2020/32020D1050.md
32020D1051	Artigo 1.º		34	40	80	ue/decisoes/2020/32020D1051.md
32020D1051	Artigo 2.º		42	44	31	ue/decisoes/2020/32020D1051.md
32020D1066	Preâmbulo		18	38	327	ue/decisoes/2020/32020D1066.md
32020D1066	Artigo 1.º		42	46	39	ue/decisoes/2020/32020D1066.md
32020D1066	Artigo 2.º		48	60	112	ue/decisoes/2020/32020D1066.md
32020D1067	Preâmbulo		18	36	294	ue/decisoes/2020/32020D1067.md
32020D1067	Artigo 1.º		40	44	87	ue/decisoes/2020/32020D1067.md
32020D1067	Artigo 2.º		46	48	27	ue/decisoes/2020/32020D1067.md
32020D1067	Artigo 3.º		50	66	194	ue/decisoes/2020/32020D1067.md
32020D1071	Preâmbulo		18	38	470	ue/decisoes/2020/32020D1071.md
32020D1071	Artigo 1.º		42	58	264	ue/decisoes/2020/32020D1071.md
32020D1071	Artigo 2.º		60	76	92	ue/decisoes/2020/32020D1071.md
32020D1075	Preâmbulo		18	44	568	ue/decisoes/2020/32020D1075.md
32020D1075	Artigo 1.º		48	52	56	ue/decisoes/2020/32020D1075.md
32020D1075	Artigo 2.º		54	56	32	ue/decisoes/2020/32020D1075.md
32020D1075	Artigo 3.º		58	62	134	ue/decisoes/2020/32020D1075.md
32020D1075	Artigo 4.º		64	90	422	ue/decisoes/2020/32020D1075.md
32020D1075	Artigo 5.º		92	102	125	ue/decisoes/2020/32020D1075.md
32020D1075	Artigo 6.º		104	122	167	ue/decisoes/2020/32020D1075.md
32020D1076	Preâmbulo		18	50	597	ue/decisoes/2020/32020D1076.md
32020D1076	Artigo 1.º		54	64	110	ue/decisoes/2020/32020D1076.md
32020D1076	Artigo 2.º		66	90	145	ue/decisoes/2020/32020D1076.md
32020D1088	Preâmbulo		18	54	1103	ue/decisoes/2020/32020D1088.md
32020D1088	Artigo 1.º		58	64	105	ue/decisoes/2020/32020D1088.md
32020D1088	Artigo 2.º		66	84	261	ue/decisoes/2020/32020D1088.md
32020D1089	Preâmbulo		18	42	342	ue/decisoes/2020/32020D1089.md
32020D1099	Preâmbulo		18	36	416	ue/decisoes/2020/32020D1099.md
32020D1099	Artigo 1.º		40	44	64	ue/decisoes/2020/32020D1099.md
32020D1099	Artigo 2.º		46	58	56	ue/decisoes/2020/32020D1099.md
32020D1101	Preâmbulo		18	42	714	ue/decisoes/2020/32020D1101.md
32020D1101	Artigo 1.º		46	54	75	ue/decisoes/2020/32020D1101.md
32020D1101	«Artigo 3.º		56	58	38	ue/decisoes/2020/32020D1101.md
32020D1101	Artigo 2.º		60	76	122	ue/decisoes/2020/32020D1101.md
32020D1104(01)	Artigo único		46	62	113	ue/decisoes/2020/32020D1104(01).md
32020D1105	Preâmbulo		18	58	1997	ue/decisoes/2020/32020D1105.md
32020D1105	Artigo 1.º		62	70	197	ue/decisoes/2020/32020D1105.md
32020D1105	Artigo 2.º		72	74	18	ue/decisoes/2020/32020D1105.md
32020D1105	Artigo 3.º		76	94	284	ue/decisoes/2020/32020D1105.md
32020D1106	Preâmbulo		18	52	1282	ue/decisoes/2020/32020D1106.md
32020D1106	Artigo 1.º	Objeto	56	76	494	ue/decisoes/2020/32020D1106.md
32020D1106	Artigo 2.º	Participação dos Estados-Membros	78	84	122	ue/decisoes/2020/32020D1106.md
32020D1106	Artigo 3.º	Avaliação dos riscos	86	112	639	ue/decisoes/2020/32020D1106.md
32020D1106	Artigo 4.º	Derrogações das Diretivas 66/401/CEE, 66/402/CEE, 2002/54/CE e 2002/57/CE	114	124	347	ue/decisoes/2020/32020D1106.md
32020D1106	Artigo 5.º	Apresentação de relatórios	126	132	175	ue/decisoes/2020/32020D1106.md
32020D1106	Artigo 6.º	Duração	134	136	27	ue/decisoes/2020/32020D1106.md
32020D1106	Artigo 7.º	Destinatários	138	160	446	ue/decisoes/2020/32020D1106.md
32020D1106(01)	Artigo único		54	72	254	ue/decisoes/2020/32020D1106(01).md
32020D1106(01)	ANEXO I	Alterações das tabelas nacionais de atribuição de licenças para 2020, nos termos do Acordo entre a União Europeia e a Confederação Suíça sobre a ligação dos res	74	365	2395	ue/decisoes/2020/32020D1106(01).md
32020D1109	Preâmbulo		18	48	864	ue/decisoes/2020/32020D1109.md
32020D1109	Artigo 1.º	Alteração da Diretiva (UE) 2017/2455	52	66	125	ue/decisoes/2020/32020D1109.md
32020D1109	«Artigo 3.º	Alteração à Diretiva 2009/132/CE	68	80	194	ue/decisoes/2020/32020D1109.md
32020D1109	Artigo 2.º	Alteração da Diretiva (UE) 2019/1995	82	88	128	ue/decisoes/2020/32020D1109.md
32020D1109	Artigo 3.º	Entrada em vigor	90	92	38	ue/decisoes/2020/32020D1109.md
32020D1109	Artigo 4.º	Destinatários	94	114	266	ue/decisoes/2020/32020D1109.md
32020D1110	Preâmbulo		18	44	808	ue/decisoes/2020/32020D1110.md
32020D1110	Artigo 1.º		48	54	202	ue/decisoes/2020/32020D1110.md
32020D1110	Artigo 2.º		56	58	41	ue/decisoes/2020/32020D1110.md
32020D1110	Artigo 3.º		60	80	389	ue/decisoes/2020/32020D1110.md
32020D1111	Preâmbulo		18	34	282	ue/decisoes/2020/32020D1111.md
32020D1111	Artigo 1.º		38	40	68	ue/decisoes/2020/32020D1111.md
32020D1111	Artigo 2.º		42	44	34	ue/decisoes/2020/32020D1111.md
32020D1111	Artigo 3.º		46	58	62	ue/decisoes/2020/32020D1111.md
32020D1113	Preâmbulo		18	38	722	ue/decisoes/2020/32020D1113.md
32020D1113	Artigo 1.º		42	44	40	ue/decisoes/2020/32020D1113.md
32020D1113	Artigo 2.º		46	64	181	ue/decisoes/2020/32020D1113.md
32020D1114	Preâmbulo		18	40	405	ue/decisoes/2020/32020D1114.md
32020D1114	Artigo 1.º		44	46	28	ue/decisoes/2020/32020D1114.md
32020D1114	Artigo 2.º		48	62	56	ue/decisoes/2020/32020D1114.md
32020D1114	ANEXO	Alterações ao Regulamento Interno da Eurojust	64	114	1189	ue/decisoes/2020/32020D1114.md
32020D1114	Artigo 1.º	Alterações ao Regulamento Interno	84	102	516	ue/decisoes/2020/32020D1114.md
32020D1114	Artigo 2.º	Entrada em vigor e publicação	104	114	90	ue/decisoes/2020/32020D1114.md
32020D1115	Preâmbulo		18	38	430	ue/decisoes/2020/32020D1115.md
32020D1115	Artigo 1.º		42	56	179	ue/decisoes/2020/32020D1115.md
32020D1116(01)	Artigo 1.º		42	46	91	ue/decisoes/2020/32020D1116(01).md
32020D1116(01)	Artigo 2.º		48	60	58	ue/decisoes/2020/32020D1116(01).md
32020D1119	Preâmbulo		18	48	1290	ue/decisoes/2020/32020D1119.md
32020D1119	Artigo 1.º		52	54	162	ue/decisoes/2020/32020D1119.md
32020D1119	Artigo 2.º		56	76	212	ue/decisoes/2020/32020D1119.md
32020D1122	Preâmbulo		18	42	466	ue/decisoes/2020/32020D1122.md
32020D1122	Artigo 1.º		46	48	42	ue/decisoes/2020/32020D1122.md
32020D1122	Artigo 2.º		50	64	76	ue/decisoes/2020/32020D1122.md
32020D1124(01)	Artigo único		74	104	772	ue/decisoes/2020/32020D1124(01).md
32020D1124(01)	ANEXO I		106	116	225	ue/decisoes/2020/32020D1124(01).md
32020D1124(01)	ANEXO II		118	140	518	ue/decisoes/2020/32020D1124(01).md
32020D1124(01)	ANEXO III		142	167	612	ue/decisoes/2020/32020D1124(01).md
32020D1124(01)	ANEXO IV		169	225	1866	ue/decisoes/2020/32020D1124(01).md
32020D1124(01)	ANEXO V		227	258	871	ue/decisoes/2020/32020D1124(01).md
32020D1124(01)	ANEXO VI		260	272	283	ue/decisoes/2020/32020D1124(01).md
32020D1124(01)	ANEXO VII		274	302	894	ue/decisoes/2020/32020D1124(01).md
32020D1124(01)	ANEXO VIII		304	326	680	ue/decisoes/2020/32020D1124(01).md
32020D1124(01)	ANEXO IX		328	338	228	ue/decisoes/2020/32020D1124(01).md
32020D1124(01)	ANEXO X		340	350	243	ue/decisoes/2020/32020D1124(01).md
32020D1124(01)	ANEXO XI		352	376	581	ue/decisoes/2020/32020D1124(01).md
32020D1126	Preâmbulo		18	34	210	ue/decisoes/2020/32020D1126.md
32020D1126	Artigo 1.º		38	40	26	ue/decisoes/2020/32020D1126.md
32020D1126	Artigo 2.º		42	54	116	ue/decisoes/2020/32020D1126.md
32020D1126	ANEXO		56	61	59	ue/decisoes/2020/32020D1126.md
32020D1127	Preâmbulo		18	38	808	ue/decisoes/2020/32020D1127.md
32020D1127	Artigo 1.º		42	44	28	ue/decisoes/2020/32020D1127.md
32020D1127	Artigo 2.º		46	58	104	ue/decisoes/2020/32020D1127.md
32020D1127	ANEXO		60	81	3436	ue/decisoes/2020/32020D1127.md
32020D1131	Preâmbulo		18	44	501	ue/decisoes/2020/32020D1131.md
32020D1131	Artigo 1.º		48	50	13	ue/decisoes/2020/32020D1131.md
32020D1131	Artigo 2.º		52	54	15	ue/decisoes/2020/32020D1131.md
32020D1131	Artigo 3.º		56	58	34	ue/decisoes/2020/32020D1131.md
32020D1131	Artigo 4.º		60	68	116	ue/decisoes/2020/32020D1131.md
32020D1131	«Artigo 13.º-A	Célula de Projetos	70	82	376	ue/decisoes/2020/32020D1131.md
32020D1131	Artigo 5.º		84	98	107	ue/decisoes/2020/32020D1131.md
32020D1133	Preâmbulo		18	40	510	ue/decisoes/2020/32020D1133.md
32020D1133	Artigo 1.º		44	73	434	ue/decisoes/2020/32020D1133.md
32020D1133	Artigo 2.º		75	89	147	ue/decisoes/2020/32020D1133.md
32020D1136	Preâmbulo		18	36	296	ue/decisoes/2020/32020D1136.md
32020D1136	Artigo 1.º		40	42	29	ue/decisoes/2020/32020D1136.md
32020D1136	Artigo 2.º		44	56	104	ue/decisoes/2020/32020D1136.md
32020D1136	ANEXO		58	120	6110	ue/decisoes/2020/32020D1136.md
32020D1137	Preâmbulo		18	38	286	ue/decisoes/2020/32020D1137.md
32020D1137	Artigo 1.º		42	44	30	ue/decisoes/2020/32020D1137.md
32020D1137	Artigo 2.º		46	58	60	ue/decisoes/2020/32020D1137.md
32020D1137	ANEXO		60	70	972	ue/decisoes/2020/32020D1137.md
32020D1142	Preâmbulo		18	64	4272	ue/decisoes/2020/32020D1142.md
32020D1142	Artigo 1.º		68	70	68	ue/decisoes/2020/32020D1142.md
32020D1142	Artigo 2.º		72	100	296	ue/decisoes/2020/32020D1142.md
32020D1143	Preâmbulo		18	40	903	ue/decisoes/2020/32020D1143.md
32020D1143	Artigo 1.º	Alterações da Decisão (UE) 2020/440 (BCE/2020/17)	44	54	317	ue/decisoes/2020/32020D1143.md
32020D1143	Artigo 2.º	Disposição final	56	66	109	ue/decisoes/2020/32020D1143.md
32020D1167	Artigo 1.º	Tecnologia inovadora	38	74	513	ue/decisoes/2020/32020D1167.md
32020D1167	Artigo 2.º	Pedido de certificação da redução das emissões de CO2	76	82	213	ue/decisoes/2020/32020D1167.md
32020D1167	Artigo 3.º	Certificação da redução das emissões de CO2	84	106	580	ue/decisoes/2020/32020D1167.md
32020D1167	Artigo 4.º	Código de ecoinovação	108	112	90	ue/decisoes/2020/32020D1167.md
32020D1167	Artigo 5.º	Entrada em vigor	114	116	38	ue/decisoes/2020/32020D1167.md
32020D1167	ANEXO	Metodologia para determinar a redução das emissões de CO2 decorrente da tecnologia utilizada num grupo conversor eficiente de 48 V combinado com um conversor CC	118	494	3780	ue/decisoes/2020/32020D1167.md
32020D1172	Preâmbulo		18	36	224	ue/decisoes/2020/32020D1172.md
32020D1172	Artigo 1.º		40	42	25	ue/decisoes/2020/32020D1172.md
32020D1172	Artigo 2.º		44	56	58	ue/decisoes/2020/32020D1172.md
32020D1172	ANEXO		58	256	6590	ue/decisoes/2020/32020D1172.md
32020D1178	Preâmbulo		18	334	14205	ue/decisoes/2020/32020D1178.md
32020D1178	Artigo 1.º		338	340	184	ue/decisoes/2020/32020D1178.md
32020D1178	Artigo 2.º		342	344	80	ue/decisoes/2020/32020D1178.md
32020D1178	Artigo 3.º		346	404	1850	ue/decisoes/2020/32020D1178.md
32020D1183	Preâmbulo		18	444	19718	ue/decisoes/2020/32020D1183.md
32020D1183	Artigo 1.º		448	452	110	ue/decisoes/2020/32020D1183.md
32020D1183	Artigo 2.º		454	676	5931	ue/decisoes/2020/32020D1183.md
32020D1183	ANEXO	ACORDO SOBRE AS CONDIÇÕES (« term sheet ») (Processo SA. 34445) Dinamarca — Plano de reestruturação do FIH	678	786	3330	ue/decisoes/2020/32020D1183.md
32020D1184	Preâmbulo		18	298	11760	ue/decisoes/2020/32020D1184.md
32020D1184	Artigo 1.º		302	304	180	ue/decisoes/2020/32020D1184.md
32020D1184	Artigo 2.º		306	360	1808	ue/decisoes/2020/32020D1184.md
32020D1188	Artigo 1.º		34	40	70	ue/decisoes/2020/32020D1188.md
32020D1188	Artigo 2.º		42	46	47	ue/decisoes/2020/32020D1188.md
32020D1193	Preâmbulo		18	568	16664	ue/decisoes/2020/32020D1193.md
32020D1193	Artigo 1.º		572	574	80	ue/decisoes/2020/32020D1193.md
32020D1193	Artigo 2.º		576	578	74	ue/decisoes/2020/32020D1193.md
32020D1193	Artigo 3.º		580	688	1044	ue/decisoes/2020/32020D1193.md
32020D1195	Preâmbulo		18	36	225	ue/decisoes/2020/32020D1195.md
32020D1195	Artigo 1.º		40	42	25	ue/decisoes/2020/32020D1195.md
32020D1195	Artigo 2.º		44	56	58	ue/decisoes/2020/32020D1195.md
32020D1195	ANEXO		58	98	1442	ue/decisoes/2020/32020D1195.md
32020D1202	Preâmbulo		18	54	1002	ue/decisoes/2020/32020D1202.md
32020D1202	Artigo 1.º		58	60	94	ue/decisoes/2020/32020D1202.md
32020D1202	Artigo 2.º		62	64	96	ue/decisoes/2020/32020D1202.md
32020D1202	Artigo 3.º		66	82	83	ue/decisoes/2020/32020D1202.md
32020D1205	Preâmbulo		18	298	12270	ue/decisoes/2020/32020D1205.md
32020D1205	Artigo 1.º		302	304	183	ue/decisoes/2020/32020D1205.md
32020D1205	Artigo 2.º		306	362	1622	ue/decisoes/2020/32020D1205.md
32020D1219	Preâmbulo		18	46	1224	ue/decisoes/2020/32020D1219.md
32020D1219	Artigo 1.º		50	54	120	ue/decisoes/2020/32020D1219.md
32020D1219	Artigo 2.º		56	70	156	ue/decisoes/2020/32020D1219.md
32020D1220	Preâmbulo		18	46	875	ue/decisoes/2020/32020D1220.md
32020D1220	Artigo 1.º		50	52	22	ue/decisoes/2020/32020D1220.md
32020D1220	Artigo 2.º		54	66	87	ue/decisoes/2020/32020D1220.md
32020D1223(01)	Artigo 1.º		76	78	33	ue/decisoes/2020/32020D1223(01).md
32020D1223(01)	Artigo 2.º		80	82	20	ue/decisoes/2020/32020D1223(01).md
32020D1223(01)	Artigo 3.º		84	108	198	ue/decisoes/2020/32020D1223(01).md
32020D1223(02)	Artigo único		40	56	85	ue/decisoes/2020/32020D1223(02).md
32020D1232	Preâmbulo		18	68	2895	ue/decisoes/2020/32020D1232.md
32020D1232	Artigo 1.º	Tecnologia inovadora	72	92	420	ue/decisoes/2020/32020D1232.md
32020D1232	Artigo 2.º	Pedido de certificação da redução das emissões de CO2	94	100	218	ue/decisoes/2020/32020D1232.md
32020D1232	Artigo 3.º	Certificação da redução das emissões de CO2	102	118	542	ue/decisoes/2020/32020D1232.md
32020D1232	Artigo 4.º	Código de ecoinovação	120	124	86	ue/decisoes/2020/32020D1232.md
32020D1232	Artigo 5.º	Entrada em vigor	126	154	794	ue/decisoes/2020/32020D1232.md
32020D1232	ANEXO	Metodologia para determinar a redução das emissões de CO2 decorrente da tecnologia utilizada num grupo conversor eficiente de 12 V destinado a automóveis de pas	156	376	2635	ue/decisoes/2020/32020D1232.md
32020D1235	Preâmbulo		18	50	1090	ue/decisoes/2020/32020D1235.md
32020D1235	Artigo 1.º		54	56	56	ue/decisoes/2020/32020D1235.md
32020D1235	Artigo 2.º		58	72	185	ue/decisoes/2020/32020D1235.md
32020D1236	Preâmbulo		18	56	2187	ue/decisoes/2020/32020D1236.md
32020D1236	Artigo 1.º		60	70	216	ue/decisoes/2020/32020D1236.md
32020D1236	Artigo 2.º		72	94	236	ue/decisoes/2020/32020D1236.md
32020D1237	Preâmbulo		18	62	3220	ue/decisoes/2020/32020D1237.md
32020D1237	Artigo 1.º		66	74	166	ue/decisoes/2020/32020D1237.md
32020D1237	Artigo 2.º		76	92	156	ue/decisoes/2020/32020D1237.md
32020D1240	Preâmbulo		18	44	691	ue/decisoes/2020/32020D1240.md
32020D1240	Artigo 1.º		48	50	56	ue/decisoes/2020/32020D1240.md
32020D1240	Artigo 2.º		52	64	54	ue/decisoes/2020/32020D1240.md
32020D1241	Preâmbulo		18	38	322	ue/decisoes/2020/32020D1241.md
32020D1241	Artigo 1.º		42	44	47	ue/decisoes/2020/32020D1241.md
32020D1241	Artigo 2.º		46	48	36	ue/decisoes/2020/32020D1241.md
32020D1241	Artigo 3.º		50	62	54	ue/decisoes/2020/32020D1241.md
32020D1241	ANEXO		64	1539	24563	ue/decisoes/2020/32020D1241.md
32020D1254	Preâmbulo		18	40	370	ue/decisoes/2020/32020D1254.md
32020D1254	Artigo 1.º		44	61	240	ue/decisoes/2020/32020D1254.md
32020D1254	Artigo 2.º		63	79	180	ue/decisoes/2020/32020D1254.md
32020D1260	Preâmbulo		18	58	1316	ue/decisoes/2020/32020D1260.md
32020D1260	Artigo 1.º		62	66	51	ue/decisoes/2020/32020D1260.md
32020D1260	Artigo 2.º		68	70	22	ue/decisoes/2020/32020D1260.md
32020D1260	Artigo 3.º		72	94	442	ue/decisoes/2020/32020D1260.md
32020D1261	Preâmbulo		18	54	1188	ue/decisoes/2020/32020D1261.md
32020D1261	Artigo 1.º		58	62	46	ue/decisoes/2020/32020D1261.md
32020D1261	Artigo 2.º		64	66	22	ue/decisoes/2020/32020D1261.md
32020D1261	Artigo 3.º		68	90	438	ue/decisoes/2020/32020D1261.md
32020D1262	Preâmbulo		18	50	1139	ue/decisoes/2020/32020D1262.md
32020D1262	Artigo 1.º		54	56	24	ue/decisoes/2020/32020D1262.md
32020D1262	«Artigo 4.º		58	62	157	ue/decisoes/2020/32020D1262.md
32020D1262	Artigo 2.º		64	66	22	ue/decisoes/2020/32020D1262.md
32020D1262	Artigo 3.º		68	86	310	ue/decisoes/2020/32020D1262.md
32020D1264	Preâmbulo		18	32	186	ue/decisoes/2020/32020D1264.md
32020D1264	Artigo 1.º	Alteração	36	38	28	ue/decisoes/2020/32020D1264.md
32020D1264	«Artigo 2.º	Remuneração de determinados depósitos detidos junto do BCE	40	42	199	ue/decisoes/2020/32020D1264.md
32020D1264	Artigo 2.º	Entrada em vigor	44	58	217	ue/decisoes/2020/32020D1264.md
32020D1265	Preâmbulo		18	68	2222	ue/decisoes/2020/32020D1265.md
32020D1265	Artigo 1.º		72	74	54	ue/decisoes/2020/32020D1265.md
32020D1265	Artigo 2.º		76	96	322	ue/decisoes/2020/32020D1265.md
32020D1266	Preâmbulo		22	72	2449	ue/decisoes/2020/32020D1266.md
32020D1266	Artigo 1.º		76	78	54	ue/decisoes/2020/32020D1266.md
32020D1266	Artigo 2.º		80	100	319	ue/decisoes/2020/32020D1266.md
32020D1268	Preâmbulo		18	40	481	ue/decisoes/2020/32020D1268.md
32020D1268	Artigo 1.º		44	46	80	ue/decisoes/2020/32020D1268.md
32020D1268	Artigo 2.º		48	54	92	ue/decisoes/2020/32020D1268.md
32020D1268	Artigo 3.º		56	80	180	ue/decisoes/2020/32020D1268.md
32020D1269	Preâmbulo		18	38	257	ue/decisoes/2020/32020D1269.md
32020D1269	Artigo 1.º		42	50	70	ue/decisoes/2020/32020D1269.md
32020D1269	Artigo 2.º		52	66	186	ue/decisoes/2020/32020D1269.md
32020D1269	ANEXO		68	155	15475	ue/decisoes/2020/32020D1269.md
32020D1271	Preâmbulo		18	34	479	ue/decisoes/2020/32020D1271.md
32020D1271	Artigo único		38	54	114	ue/decisoes/2020/32020D1271.md
32020D1277	Preâmbulo		18	44	711	ue/decisoes/2020/32020D1277.md
32020D1277	Artigo 1.º		48	50	36	ue/decisoes/2020/32020D1277.md
32020D1277	Artigo 2.º		52	54	22	ue/decisoes/2020/32020D1277.md
32020D1277	Artigo 3.º		56	76	432	ue/decisoes/2020/32020D1277.md
32020D1278	Preâmbulo		18	40	794	ue/decisoes/2020/32020D1278.md
32020D1278	Artigo 1.º		44	50	64	ue/decisoes/2020/32020D1278.md
32020D1278	Artigo 2.º		52	70	370	ue/decisoes/2020/32020D1278.md
32020D1278	ANEXO I	«ANEXO III	72	107	592	ue/decisoes/2020/32020D1278.md
32020D1278	ANEXO IV	INICIATIVA PARA O EMPREGO DOS JOVENS — LISTA DAS REGIÕES ELEGÍVEIS	109	741	1702	ue/decisoes/2020/32020D1278.md
32020D1278	ANEXO II	«ANEXO X	743	780	594	ue/decisoes/2020/32020D1278.md
32020D1282	Preâmbulo		18	72	2489	ue/decisoes/2020/32020D1282.md
32020D1282	Artigo 1.º		76	82	152	ue/decisoes/2020/32020D1282.md
32020D1282	Artigo 2.º		84	96	52	ue/decisoes/2020/32020D1282.md
32020D1301	Preâmbulo		18	44	734	ue/decisoes/2020/32020D1301.md
32020D1301	Artigo 1.º		48	52	91	ue/decisoes/2020/32020D1301.md
32020D1301	Artigo 2.º		54	56	36	ue/decisoes/2020/32020D1301.md
32020D1301	Artigo 3.º		58	82	364	ue/decisoes/2020/32020D1301.md
32020D1301	ANEXO		84	118	512	ue/decisoes/2020/32020D1301.md
32020D1301	Artigo 1.º		102	104	73	ue/decisoes/2020/32020D1301.md
32020D1301	Artigo 2.º		106	118	104	ue/decisoes/2020/32020D1301.md
32020D1301	ANEXO		120	124	22	ue/decisoes/2020/32020D1301.md
32020D1305	Preâmbulo		18	60	1953	ue/decisoes/2020/32020D1305.md
32020D1305	Artigo 1.º		64	80	305	ue/decisoes/2020/32020D1305.md
32020D1305	Artigo 2.º		82	110	379	ue/decisoes/2020/32020D1305.md
32020D1310	Preâmbulo		18	44	584	ue/decisoes/2020/32020D1310.md
32020D1310	Artigo 1.º		48	50	30	ue/decisoes/2020/32020D1310.md
32020D1310	Artigo 2.º		52	64	62	ue/decisoes/2020/32020D1310.md
32020D1310	ANEXO		66	88	1282	ue/decisoes/2020/32020D1310.md
32020D1312	Preâmbulo		18	36	192	ue/decisoes/2020/32020D1312.md
32020D1312	Artigo 1.º		40	47	355	ue/decisoes/2020/32020D1312.md
32020D1312	Artigo 2.º		49	61	94	ue/decisoes/2020/32020D1312.md
32020D1320	Preâmbulo		18	42	751	ue/decisoes/2020/32020D1320.md
32020D1320	Artigo 1.º		46	64	446	ue/decisoes/2020/32020D1320.md
32020D1320	Artigo 2.º		66	68	35	ue/decisoes/2020/32020D1320.md
32020D1320	Artigo 3.º		70	208	2420	ue/decisoes/2020/32020D1320.md
32020D1324	Preâmbulo		18	40	634	ue/decisoes/2020/32020D1324.md
32020D1324	Artigo 1.º		44	46	124	ue/decisoes/2020/32020D1324.md
32020D1324	Artigo 2.º		48	64	186	ue/decisoes/2020/32020D1324.md
32020D1325	Preâmbulo		18	56	1368	ue/decisoes/2020/32020D1325.md
32020D1325	Artigo 1.º		60	64	106	ue/decisoes/2020/32020D1325.md
32020D1325	Artigo 2.º		66	68	13	ue/decisoes/2020/32020D1325.md
32020D1325	Artigo 3.º		70	96	362	ue/decisoes/2020/32020D1325.md
32020D1331	Preâmbulo		18	48	630	ue/decisoes/2020/32020D1331.md
32020D1331	Artigo 1.º	Decisões delegadas sobre adequação e idoneidade	52	60	305	ue/decisoes/2020/32020D1331.md
32020D1331	Artigo 2.º	Revogação e entrada em vigor	62	80	175	ue/decisoes/2020/32020D1331.md
32020D1332	Preâmbulo		18	48	630	ue/decisoes/2020/32020D1332.md
32020D1332	Artigo 1.º	Decisões delegadas que classificam ou deixam de classificar uma entidade supervisionada como significativa no âmbito de um grupo supervisionado significativo ou	52	60	304	ue/decisoes/2020/32020D1332.md
32020D1332	Artigo 2.º	Decisões delegadas que deixam de classificar uma entidade supervisionada significativa ou um grupo supervisionado significativo como significativos	62	70	326	ue/decisoes/2020/32020D1332.md
32020D1332	Artigo 3.º	Revogação e entrada em vigor	72	90	182	ue/decisoes/2020/32020D1332.md
32020D1333	Preâmbulo		18	48	612	ue/decisoes/2020/32020D1333.md
32020D1333	Artigo 1.º	Decisões delegadas sobre fundos próprios	52	60	254	ue/decisoes/2020/32020D1333.md
32020D1333	Artigo 2.º	Revogação e entrada em vigor	62	80	171	ue/decisoes/2020/32020D1333.md
32020D1334	Preâmbulo		18	48	635	ue/decisoes/2020/32020D1334.md
32020D1334	Artigo 1.º	Decisões delegadas sobre poderes de supervisão conferidos por legislação nacional	52	60	260	ue/decisoes/2020/32020D1334.md
32020D1334	Artigo 2.º	Revogação e entrada em vigor	62	80	192	ue/decisoes/2020/32020D1334.md
32020D1335	Preâmbulo		18	48	677	ue/decisoes/2020/32020D1335.md
32020D1335	Artigo 1.º	Decisões delegadas sobre a aquisição de participações qualificadas	52	64	510	ue/decisoes/2020/32020D1335.md
32020D1335	Artigo 2.º	Decisões delegadas sobre a revogação de autorizações	66	76	457	ue/decisoes/2020/32020D1335.md
32020D1335	Artigo 3.º	Decisões delegadas sobre a concessão do regime de passaporte	78	86	261	ue/decisoes/2020/32020D1335.md
32020D1335	Artigo 4.º	Revogação e entrada em vigor	88	108	292	ue/decisoes/2020/32020D1335.md
32020D1339	Artigo 1.º	Tecnologia inovadora	37	71	378	ue/decisoes/2020/32020D1339.md
32020D1339	Artigo 2.º	Pedido de certificação da redução das emissões de CO2	73	79	199	ue/decisoes/2020/32020D1339.md
32020D1339	Artigo 3.º	Certificação da redução das emissões de CO2	81	97	491	ue/decisoes/2020/32020D1339.md
32020D1339	Artigo 4.º	Código de ecoinovação	99	103	90	ue/decisoes/2020/32020D1339.md
32020D1339	Artigo 5.º	Entrada em vigor	105	107	38	ue/decisoes/2020/32020D1339.md
32020D1339	ANEXO	Metodologia a utilizar para determinar a redução das emissões de CO2 decorrente da utilização de luzes exteriores eficientes LED em determinados veículos comerc	109	410	3000	ue/decisoes/2020/32020D1339.md
32020D1342	Artigo 1.º		34	36	26	ue/decisoes/2020/32020D1342.md
32020D1342	Artigo 2.º		38	60	414	ue/decisoes/2020/32020D1342.md
32020D1342	Artigo 3.º		62	116	2100	ue/decisoes/2020/32020D1342.md
32020D1342	Artigo 4.º		118	124	170	ue/decisoes/2020/32020D1342.md
32020D1342	Artigo 5.º		126	130	40	ue/decisoes/2020/32020D1342.md
32020D1342	Artigo 6.º		132	134	21	ue/decisoes/2020/32020D1342.md
32020D1343	Artigo 1.º		34	36	26	ue/decisoes/2020/32020D1343.md
32020D1343	Artigo 2.º		38	60	442	ue/decisoes/2020/32020D1343.md
32020D1343	Artigo 3.º		62	68	165	ue/decisoes/2020/32020D1343.md
32020D1343	Artigo 4.º		70	76	168	ue/decisoes/2020/32020D1343.md
32020D1343	Artigo 5.º		78	82	41	ue/decisoes/2020/32020D1343.md
32020D1343	Artigo 6.º		84	86	21	ue/decisoes/2020/32020D1343.md
32020D1344	Artigo 1.º		35	37	25	ue/decisoes/2020/32020D1344.md
32020D1344	Artigo 2.º		39	61	435	ue/decisoes/2020/32020D1344.md
32020D1344	Artigo 3.º		63	85	696	ue/decisoes/2020/32020D1344.md
32020D1344	Artigo 4.º		87	93	168	ue/decisoes/2020/32020D1344.md
32020D1344	Artigo 5.º		95	99	41	ue/decisoes/2020/32020D1344.md
32020D1344	Artigo 6.º		101	103	21	ue/decisoes/2020/32020D1344.md
32020D1345	Artigo 1.º		34	36	28	ue/decisoes/2020/32020D1345.md
32020D1345	Artigo 2.º		38	60	444	ue/decisoes/2020/32020D1345.md
32020D1345	Artigo 3.º		62	76	451	ue/decisoes/2020/32020D1345.md
32020D1345	Artigo 4.º		78	80	62	ue/decisoes/2020/32020D1345.md
32020D1345	Artigo 5.º		82	86	39	ue/decisoes/2020/32020D1345.md
32020D1345	Artigo 6.º		88	90	21	ue/decisoes/2020/32020D1345.md
32020D1346	Artigo 1.º		34	36	25	ue/decisoes/2020/32020D1346.md
32020D1346	Artigo 2.º		38	60	435	ue/decisoes/2020/32020D1346.md
32020D1346	Artigo 3.º		62	76	268	ue/decisoes/2020/32020D1346.md
32020D1346	Artigo 4.º		78	80	59	ue/decisoes/2020/32020D1346.md
32020D1346	Artigo 5.º		82	86	40	ue/decisoes/2020/32020D1346.md
32020D1346	Artigo 6.º		88	90	21	ue/decisoes/2020/32020D1346.md
32020D1347	Preâmbulo		18	60	1960	ue/decisoes/2020/32020D1347.md
32020D1347	Artigo 1.º		64	66	26	ue/decisoes/2020/32020D1347.md
32020D1347	Artigo 2.º		68	80	352	ue/decisoes/2020/32020D1347.md
32020D1347	Artigo 3.º		82	96	499	ue/decisoes/2020/32020D1347.md
32020D1347	Artigo 4.º		98	100	60	ue/decisoes/2020/32020D1347.md
32020D1347	Artigo 5.º		102	106	40	ue/decisoes/2020/32020D1347.md
32020D1347	Artigo 6.º		108	120	51	ue/decisoes/2020/32020D1347.md
32020D1348	Artigo 1.º		34	36	26	ue/decisoes/2020/32020D1348.md
32020D1348	Artigo 2.º		38	60	435	ue/decisoes/2020/32020D1348.md
32020D1348	Artigo 3.º		62	70	169	ue/decisoes/2020/32020D1348.md
32020D1348	Artigo 4.º		72	74	60	ue/decisoes/2020/32020D1348.md
32020D1348	Artigo 5.º		76	80	41	ue/decisoes/2020/32020D1348.md
32020D1348	Artigo 6.º		82	84	21	ue/decisoes/2020/32020D1348.md
32020D1349	Preâmbulo		18	62	2506	ue/decisoes/2020/32020D1349.md
32020D1349	Artigo 1.º		66	68	25	ue/decisoes/2020/32020D1349.md
32020D1349	Artigo 2.º		70	82	354	ue/decisoes/2020/32020D1349.md
32020D1349	Artigo 3.º		84	112	776	ue/decisoes/2020/32020D1349.md
32020D1349	Artigo 4.º		114	116	59	ue/decisoes/2020/32020D1349.md
32020D1349	Artigo 5.º		118	122	40	ue/decisoes/2020/32020D1349.md
32020D1349	Artigo 6.º		124	140	87	ue/decisoes/2020/32020D1349.md
32020D1350	Artigo 1.º		35	37	26	ue/decisoes/2020/32020D1350.md
32020D1350	Artigo 2.º		39	61	438	ue/decisoes/2020/32020D1350.md
32020D1350	Artigo 3.º		63	75	239	ue/decisoes/2020/32020D1350.md
32020D1350	Artigo 4.º		77	83	170	ue/decisoes/2020/32020D1350.md
32020D1350	Artigo 5.º		85	89	41	ue/decisoes/2020/32020D1350.md
32020D1350	Artigo 6.º		91	93	21	ue/decisoes/2020/32020D1350.md
32020D1351	Artigo 1.º		35	37	26	ue/decisoes/2020/32020D1351.md
32020D1351	Artigo 2.º		39	61	438	ue/decisoes/2020/32020D1351.md
32020D1351	Artigo 3.º		63	85	1311	ue/decisoes/2020/32020D1351.md
32020D1351	Artigo 4.º		87	93	170	ue/decisoes/2020/32020D1351.md
32020D1351	Artigo 5.º		95	99	41	ue/decisoes/2020/32020D1351.md
32020D1351	Artigo 6.º		101	103	21	ue/decisoes/2020/32020D1351.md
32020D1352	Artigo 1.º		34	36	24	ue/decisoes/2020/32020D1352.md
32020D1352	Artigo 2.º		38	60	412	ue/decisoes/2020/32020D1352.md
32020D1352	Artigo 3.º		62	72	246	ue/decisoes/2020/32020D1352.md
32020D1352	Artigo 4.º		74	80	166	ue/decisoes/2020/32020D1352.md
32020D1352	Artigo 5.º		82	86	40	ue/decisoes/2020/32020D1352.md
32020D1352	Artigo 6.º		88	90	21	ue/decisoes/2020/32020D1352.md
32020D1353	Artigo 1.º		34	36	26	ue/decisoes/2020/32020D1353.md
32020D1353	Artigo 2.º		38	52	356	ue/decisoes/2020/32020D1353.md
32020D1353	Artigo 3.º		54	72	872	ue/decisoes/2020/32020D1353.md
32020D1353	Artigo 4.º		74	76	60	ue/decisoes/2020/32020D1353.md
32020D1353	Artigo 5.º		78	82	41	ue/decisoes/2020/32020D1353.md
32020D1353	Artigo 6.º		84	86	21	ue/decisoes/2020/32020D1353.md
32020D1354	Artigo 1.º		35	37	25	ue/decisoes/2020/32020D1354.md
32020D1354	Artigo 2.º		39	61	437	ue/decisoes/2020/32020D1354.md
32020D1354	Artigo 3.º		63	107	2068	ue/decisoes/2020/32020D1354.md
32020D1354	Artigo 4.º		109	115	168	ue/decisoes/2020/32020D1354.md
32020D1354	Artigo 5.º		117	121	40	ue/decisoes/2020/32020D1354.md
32020D1354	Artigo 6.º		123	125	21	ue/decisoes/2020/32020D1354.md
32020D1355	Artigo 1.º		34	36	26	ue/decisoes/2020/32020D1355.md
32020D1355	Artigo 2.º		38	56	358	ue/decisoes/2020/32020D1355.md
32020D1355	Artigo 3.º		58	124	2164	ue/decisoes/2020/32020D1355.md
32020D1355	Artigo 4.º		126	132	174	ue/decisoes/2020/32020D1355.md
32020D1355	Artigo 5.º		134	138	38	ue/decisoes/2020/32020D1355.md
32020D1355	Artigo 6.º		140	142	21	ue/decisoes/2020/32020D1355.md
32020D1356	Preâmbulo		18	60	1923	ue/decisoes/2020/32020D1356.md
32020D1356	Artigo 1.º		64	66	26	ue/decisoes/2020/32020D1356.md
32020D1356	Artigo 2.º		68	80	356	ue/decisoes/2020/32020D1356.md
32020D1356	Artigo 3.º		82	96	584	ue/decisoes/2020/32020D1356.md
32020D1356	Artigo 4.º		98	100	60	ue/decisoes/2020/32020D1356.md
32020D1356	Artigo 5.º		102	106	41	ue/decisoes/2020/32020D1356.md
32020D1356	Artigo 6.º		108	126	96	ue/decisoes/2020/32020D1356.md
32020D1357	Preâmbulo		18	50	1479	ue/decisoes/2020/32020D1357.md
32020D1357	Artigo 1.º		54	56	26	ue/decisoes/2020/32020D1357.md
32020D1357	Artigo 2.º		58	70	356	ue/decisoes/2020/32020D1357.md
32020D1357	Artigo 3.º		72	74	54	ue/decisoes/2020/32020D1357.md
32020D1357	Artigo 4.º		76	78	60	ue/decisoes/2020/32020D1357.md
32020D1357	Artigo 5.º		80	84	40	ue/decisoes/2020/32020D1357.md
32020D1357	Artigo 6.º		86	98	51	ue/decisoes/2020/32020D1357.md
32020D1358	Preâmbulo		18	38	786	ue/decisoes/2020/32020D1358.md
32020D1358	Artigo 1.º		42	44	89	ue/decisoes/2020/32020D1358.md
32020D1358	Artigo 2.º		46	48	30	ue/decisoes/2020/32020D1358.md
32020D1358	Artigo 3.º		50	62	67	ue/decisoes/2020/32020D1358.md
32020D1360	Artigo 1.º	Organismo geneticamente modificado e identificador único	28	30	90	ue/decisoes/2020/32020D1360.md
32020D1360	Artigo 2.º	Autorização	32	40	200	ue/decisoes/2020/32020D1360.md
32020D1360	Artigo 3.º	Rotulagem	42	46	140	ue/decisoes/2020/32020D1360.md
32020D1360	Artigo 4.º	Método de deteção	48	50	44	ue/decisoes/2020/32020D1360.md
32020D1360	Artigo 5.º	Monitorização dos efeitos ambientais	52	56	112	ue/decisoes/2020/32020D1360.md
32020D1360	Artigo 6.º	Registo comunitário	58	62	70	ue/decisoes/2020/32020D1360.md
32020D1360	Artigo 7.º	Detentor da autorização	64	68	46	ue/decisoes/2020/32020D1360.md
32020D1360	Artigo 8.º	Validade	70	74	32	ue/decisoes/2020/32020D1360.md
32020D1360	Artigo 9.º	Destinatário	76	80	69	ue/decisoes/2020/32020D1360.md
32020D1360	ANEXO		82	142	932	ue/decisoes/2020/32020D1360.md
32020D1368	Artigo 1.º		38	40	36	ue/decisoes/2020/32020D1368.md
32020D1368	Artigo 2.º		42	44	28	ue/decisoes/2020/32020D1368.md
32020D1368	ANEXO		46	64	1321	ue/decisoes/2020/32020D1368.md
32020D1385	Preâmbulo		18	36	194	ue/decisoes/2020/32020D1385.md
32020D1385	Artigo 1.º		40	50	112	ue/decisoes/2020/32020D1385.md
32020D1385	Artigo 2.º		52	66	150	ue/decisoes/2020/32020D1385.md
32020D1385	ANEXO		68	74	133	ue/decisoes/2020/32020D1385.md
32020D1388	Artigo 1.º		38	40	25	ue/decisoes/2020/32020D1388.md
32020D1388	Artigo 2.º		42	44	28	ue/decisoes/2020/32020D1388.md
32020D1388	ANEXO		46	91	7622	ue/decisoes/2020/32020D1388.md
32020D1401	Preâmbulo		18	46	689	ue/decisoes/2020/32020D1401.md
32020D1401	Artigo 1.º		50	62	195	ue/decisoes/2020/32020D1401.md
32020D1401	Artigo 2.º		64	66	46	ue/decisoes/2020/32020D1401.md
32020D1401	Artigo 3.º		68	74	154	ue/decisoes/2020/32020D1401.md
32020D1401	Artigo 4.º		76	82	143	ue/decisoes/2020/32020D1401.md
32020D1401	Artigo 5.º		84	96	54	ue/decisoes/2020/32020D1401.md
32020D1409	Preâmbulo		18	132	4546	ue/decisoes/2020/32020D1409.md
32020D1409	Artigo 1.º		136	146	119	ue/decisoes/2020/32020D1409.md
32020D1409	Artigo 2.º		148	152	82	ue/decisoes/2020/32020D1409.md
32020D1409	Artigo 3.º		154	182	832	ue/decisoes/2020/32020D1409.md
32020D1410	Artigo 1.º		34	36	110	ue/decisoes/2020/32020D1410.md
32020D1410	Artigo 2.º		38	40	45	ue/decisoes/2020/32020D1410.md
32020D1410	Artigo 3.º		42	46	20	ue/decisoes/2020/32020D1410.md
32020D1410	ANEXO		48	282	4278	ue/decisoes/2020/32020D1410.md
32020D1411	Preâmbulo		18	1140	44193	ue/decisoes/2020/32020D1411.md
32020D1411	Artigo 1.º		1144	1152	294	ue/decisoes/2020/32020D1411.md
32020D1411	Artigo 2.º		1154	1162	183	ue/decisoes/2020/32020D1411.md
32020D1411	Artigo 3.º		1164	1168	56	ue/decisoes/2020/32020D1411.md
32020D1411	Artigo 4.º		1170	1180	244	ue/decisoes/2020/32020D1411.md
32020D1411	Artigo 5.º		1182	1336	3988	ue/decisoes/2020/32020D1411.md
32020D1412	Preâmbulo		18	1857	103238	ue/decisoes/2020/32020D1412.md
32020D1412	Artigo 1.º		1861	1865	157	ue/decisoes/2020/32020D1412.md
32020D1412	Artigo 2.º		1867	1871	103	ue/decisoes/2020/32020D1412.md
32020D1412	Artigo 3.º		1873	1881	230	ue/decisoes/2020/32020D1412.md
32020D1412	Artigo 4.º		1883	1887	107	ue/decisoes/2020/32020D1412.md
32020D1412	Artigo 5.º		1889	1893	141	ue/decisoes/2020/32020D1412.md
32020D1412	Artigo 6.º		1895	1905	228	ue/decisoes/2020/32020D1412.md
32020D1412	Artigo 7.º		1907	1911	56	ue/decisoes/2020/32020D1412.md
32020D1412	Artigo 8.º		1913	1923	240	ue/decisoes/2020/32020D1412.md
32020D1412	Artigo 9.º		1925	2319	11173	ue/decisoes/2020/32020D1412.md
32020D1420	Preâmbulo		18	40	418	ue/decisoes/2020/32020D1420.md
32020D1420	Artigo 1.º		44	48	108	ue/decisoes/2020/32020D1420.md
32020D1420	Artigo 2.º		50	52	41	ue/decisoes/2020/32020D1420.md
32020D1420	Artigo 3.º		54	56	46	ue/decisoes/2020/32020D1420.md
32020D1420	Artigo 4.º		58	70	50	ue/decisoes/2020/32020D1420.md
32020D1421	Preâmbulo		18	48	976	ue/decisoes/2020/32020D1421.md
32020D1421	Artigo 1.º		52	68	358	ue/decisoes/2020/32020D1421.md
32020D1421	Artigo 2.º		70	72	51	ue/decisoes/2020/32020D1421.md
32020D1421	Artigo 3.º		74	76	57	ue/decisoes/2020/32020D1421.md
32020D1421	Artigo 4.º		78	90	84	ue/decisoes/2020/32020D1421.md
32020D1422	Preâmbulo		18	40	608	ue/decisoes/2020/32020D1422.md
32020D1422	Artigo 1.º		44	48	112	ue/decisoes/2020/32020D1422.md
32020D1422	Artigo 2.º		50	70	268	ue/decisoes/2020/32020D1422.md
32020D1426	Artigo 1.º		28	30	69	ue/decisoes/2020/32020D1426.md
32020D1426	Artigo 2.º		32	42	372	ue/decisoes/2020/32020D1426.md
32020D1426	Artigo 3.º		44	54	300	ue/decisoes/2020/32020D1426.md
32020D1426	Artigo 4.º		56	58	52	ue/decisoes/2020/32020D1426.md
32020D1426	Artigo 5.º		60	62	40	ue/decisoes/2020/32020D1426.md
32020D1426	Artigo 6.º		64	66	12	ue/decisoes/2020/32020D1426.md
32020D1426	Artigo 7.º		68	72	20	ue/decisoes/2020/32020D1426.md
32020D1426	ANEXO		74	118	752	ue/decisoes/2020/32020D1426.md
32020D1430	Preâmbulo		18	42	385	ue/decisoes/2020/32020D1430.md
32020D1430	Artigo 1.º		46	48	74	ue/decisoes/2020/32020D1430.md
32020D1430	Artigo 2.º		50	66	74	ue/decisoes/2020/32020D1430.md
32020D1465	Artigo 1.º		32	46	400	ue/decisoes/2020/32020D1465.md
32020D1465	Artigo 2.º		48	52	104	ue/decisoes/2020/32020D1465.md
32020D1465	Artigo 3.º		54	86	385	ue/decisoes/2020/32020D1465.md
32020D1465	Artigo 4.º		88	92	108	ue/decisoes/2020/32020D1465.md
32020D1465	Artigo 5.º		94	104	52	ue/decisoes/2020/32020D1465.md
32020D1466	Preâmbulo		18	34	230	ue/decisoes/2020/32020D1466.md
32020D1466	Artigo 1.º		38	42	30	ue/decisoes/2020/32020D1466.md
32020D1466	«Artigo 8.º		44	48	82	ue/decisoes/2020/32020D1466.md
32020D1466	Artigo 2.º		50	62	103	ue/decisoes/2020/32020D1466.md
32020D1466	ANEXO		64	70	215	ue/decisoes/2020/32020D1466.md
32020D1467	Preâmbulo		18	34	183	ue/decisoes/2020/32020D1467.md
32020D1467	Artigo 1.º		38	40	22	ue/decisoes/2020/32020D1467.md
32020D1467	«Artigo 9.º		42	44	58	ue/decisoes/2020/32020D1467.md
32020D1467	Artigo 2.º		46	58	99	ue/decisoes/2020/32020D1467.md
32020D1472	Preâmbulo		18	970	67508	ue/decisoes/2020/32020D1472.md
32020D1472	Artigo 1.º		974	976	99	ue/decisoes/2020/32020D1472.md
32020D1472	Artigo 2.º		978	980	140	ue/decisoes/2020/32020D1472.md
32020D1472	Artigo 3.º		982	1328	8553	ue/decisoes/2020/32020D1472.md
32020D1479	Preâmbulo		18	44	993	ue/decisoes/2020/32020D1479.md
32020D1479	Artigo 1.º		48	54	137	ue/decisoes/2020/32020D1479.md
32020D1479	Artigo 2.º		56	58	34	ue/decisoes/2020/32020D1479.md
32020D1479	Artigo 3.º		60	78	167	ue/decisoes/2020/32020D1479.md
32020D1482	Preâmbulo		18	42	520	ue/decisoes/2020/32020D1482.md
32020D1482	Artigo 1.º		46	48	28	ue/decisoes/2020/32020D1482.md
32020D1482	Artigo 2.º		50	62	96	ue/decisoes/2020/32020D1482.md
32020D1482	ANEXO		64	83	3679	ue/decisoes/2020/32020D1482.md
32020D1483	Preâmbulo		18	42	470	ue/decisoes/2020/32020D1483.md
32020D1483	Artigo 1.º		46	48	31	ue/decisoes/2020/32020D1483.md
32020D1483	Artigo 2.º		50	64	114	ue/decisoes/2020/32020D1483.md
32020D1483	ANEXO		66	78	654	ue/decisoes/2020/32020D1483.md
32020D1484	Preâmbulo		18	34	275	ue/decisoes/2020/32020D1484.md
32020D1484	Artigo 1.º		38	40	115	ue/decisoes/2020/32020D1484.md
32020D1484	Artigo 2.º		42	44	34	ue/decisoes/2020/32020D1484.md
32020D1484	Artigo 3.º		46	58	63	ue/decisoes/2020/32020D1484.md
32020D1486	Preâmbulo		18	42	342	ue/decisoes/2020/32020D1486.md
32020D1486	Artigo 1.º		46	48	71	ue/decisoes/2020/32020D1486.md
32020D1486	Artigo 2.º		50	66	74	ue/decisoes/2020/32020D1486.md
32020D1487	Preâmbulo		18	42	355	ue/decisoes/2020/32020D1487.md
32020D1487	Artigo 1.º		46	48	74	ue/decisoes/2020/32020D1487.md
32020D1487	Artigo 2.º		50	66	74	ue/decisoes/2020/32020D1487.md
32020D1488	Preâmbulo		18	42	347	ue/decisoes/2020/32020D1488.md
32020D1488	Artigo 1.º		46	48	74	ue/decisoes/2020/32020D1488.md
32020D1488	Artigo 2.º		50	66	74	ue/decisoes/2020/32020D1488.md
32020D1489	Preâmbulo		18	44	488	ue/decisoes/2020/32020D1489.md
32020D1489	Artigo 1.º		48	50	74	ue/decisoes/2020/32020D1489.md
32020D1489	Artigo 2.º		52	70	83	ue/decisoes/2020/32020D1489.md
32020D1490	Preâmbulo		18	38	338	ue/decisoes/2020/32020D1490.md
32020D1490	Artigo 1.º		42	44	94	ue/decisoes/2020/32020D1490.md
32020D1490	Artigo 2.º		46	62	144	ue/decisoes/2020/32020D1490.md
32020D1491	Preâmbulo		18	38	324	ue/decisoes/2020/32020D1491.md
32020D1491	Artigo 1.º		42	44	97	ue/decisoes/2020/32020D1491.md
32020D1491	Artigo 2.º		46	62	144	ue/decisoes/2020/32020D1491.md
32020D1492	Preâmbulo		18	42	571	ue/decisoes/2020/32020D1492.md
32020D1492	Artigo 1.º		46	50	163	ue/decisoes/2020/32020D1492.md
32020D1492	Artigo 2.º		52	68	140	ue/decisoes/2020/32020D1492.md
32020D1493	Preâmbulo		18	46	692	ue/decisoes/2020/32020D1493.md
32020D1493	Artigo 1.º		50	54	169	ue/decisoes/2020/32020D1493.md
32020D1493	Artigo 2.º		56	72	140	ue/decisoes/2020/32020D1493.md
32020D1494	Preâmbulo		18	50	789	ue/decisoes/2020/32020D1494.md
32020D1494	Artigo 1.º		54	56	91	ue/decisoes/2020/32020D1494.md
32020D1494	Artigo 2.º		58	62	67	ue/decisoes/2020/32020D1494.md
32020D1494	Artigo 3.º		64	66	41	ue/decisoes/2020/32020D1494.md
32020D1494	Artigo 4.º		68	86	232	ue/decisoes/2020/32020D1494.md
32020D1495	Preâmbulo		18	40	532	ue/decisoes/2020/32020D1495.md
32020D1495	Artigo 1.º		44	46	73	ue/decisoes/2020/32020D1495.md
32020D1495	Artigo 2.º		48	62	67	ue/decisoes/2020/32020D1495.md
32020D1496	Preâmbulo		18	34	273	ue/decisoes/2020/32020D1496.md
32020D1496	Artigo 1.º		38	40	114	ue/decisoes/2020/32020D1496.md
32020D1496	Artigo 2.º		42	44	34	ue/decisoes/2020/32020D1496.md
32020D1496	Artigo 3.º		46	58	63	ue/decisoes/2020/32020D1496.md
32020D1499	Preâmbulo		18	142	6627	ue/decisoes/2020/32020D1499.md
32020D1499	Artigo 1.º		146	148	85	ue/decisoes/2020/32020D1499.md
32020D1499	Artigo 2.º		150	166	140	ue/decisoes/2020/32020D1499.md
32020D1499	Artigo 3.º		168	200	697	ue/decisoes/2020/32020D1499.md
32020D1500	Preâmbulo		18	172	7636	ue/decisoes/2020/32020D1500.md
32020D1500	Artigo 1.º		176	178	100	ue/decisoes/2020/32020D1500.md
32020D1500	Artigo 2.º		180	182	70	ue/decisoes/2020/32020D1500.md
32020D1500	Artigo 3.º		184	222	679	ue/decisoes/2020/32020D1500.md
32020D1501	Preâmbulo		18	50	1736	ue/decisoes/2020/32020D1501.md
32020D1501	Artigo 1.º		54	56	148	ue/decisoes/2020/32020D1501.md
32020D1501	Artigo 2.º		58	72	128	ue/decisoes/2020/32020D1501.md
32020D1502	Preâmbulo		18	74	2913	ue/decisoes/2020/32020D1502.md
32020D1502	Artigo 1.º	Objeto e âmbito de aplicação	78	84	209	ue/decisoes/2020/32020D1502.md
32020D1502	Artigo 2.º	Exceções e limitações aplicáveis	86	114	977	ue/decisoes/2020/32020D1502.md
32020D1502	Artigo 3.º	Comunicação de informações aos titulares de dados	116	120	259	ue/decisoes/2020/32020D1502.md
32020D1502	Artigo 4.º	Direito de acesso do titular dos dados, direito ao apagamento dos dados e direito à limitação do tratamento	122	134	334	ue/decisoes/2020/32020D1502.md
32020D1502	Artigo 5.º	Comunicação de violações de dados pessoais aos titulares dos dados	136	138	84	ue/decisoes/2020/32020D1502.md
32020D1502	Artigo 6.º	Documentação e registo das limitações	140	146	261	ue/decisoes/2020/32020D1502.md
32020D1502	Artigo 7.º	Duração das limitações	148	156	306	ue/decisoes/2020/32020D1502.md
32020D1502	Artigo 8.º	Reexame pelo responsável pela proteção de dados da Comissão	158	164	202	ue/decisoes/2020/32020D1502.md
32020D1502	Artigo 9.º	Entrada em vigor	166	192	612	ue/decisoes/2020/32020D1502.md
32020D1506	Preâmbulo		18	36	258	ue/decisoes/2020/32020D1506.md
32020D1506	Artigo 1.º		40	42	26	ue/decisoes/2020/32020D1506.md
32020D1506	Artigo 2.º		44	56	58	ue/decisoes/2020/32020D1506.md
32020D1506	ANEXO		58	93	2424	ue/decisoes/2020/32020D1506.md
32020D1508	Preâmbulo		18	48	990	ue/decisoes/2020/32020D1508.md
32020D1508	Artigo 1.º		52	56	194	ue/decisoes/2020/32020D1508.md
32020D1508	Artigo 2.º		58	62	84	ue/decisoes/2020/32020D1508.md
32020D1508	Artigo 3.º		64	66	39	ue/decisoes/2020/32020D1508.md
32020D1508	Artigo 4.º		68	80	107	ue/decisoes/2020/32020D1508.md
32020D1509	Preâmbulo		18	36	241	ue/decisoes/2020/32020D1509.md
32020D1509	Artigo 1.º		40	42	26	ue/decisoes/2020/32020D1509.md
32020D1509	Artigo 2.º		44	56	62	ue/decisoes/2020/32020D1509.md
32020D1509	ANEXO		58	170	4555	ue/decisoes/2020/32020D1509.md
32020D1512	Preâmbulo		18	60	2581	ue/decisoes/2020/32020D1512.md
32020D1512	Artigo 1.º		64	66	52	ue/decisoes/2020/32020D1512.md
32020D1512	Artigo 2.º		68	70	53	ue/decisoes/2020/32020D1512.md
32020D1512	Artigo 3.º		72	108	473	ue/decisoes/2020/32020D1512.md
32020D1512	ANEXO		110	158	5007	ue/decisoes/2020/32020D1512.md
32020D1516	Preâmbulo		18	34	181	ue/decisoes/2020/32020D1516.md
32020D1516	Artigo 1.º		38	43	60	ue/decisoes/2020/32020D1516.md
32020D1516	Artigo 2.º		45	57	121	ue/decisoes/2020/32020D1516.md
32020D1517	Preâmbulo		18	54	1227	ue/decisoes/2020/32020D1517.md
32020D1517	Artigo 1.º		58	62	130	ue/decisoes/2020/32020D1517.md
32020D1517	Artigo 2.º		64	66	13	ue/decisoes/2020/32020D1517.md
32020D1517	Artigo 3.º		68	94	354	ue/decisoes/2020/32020D1517.md
32020D1532	Artigo 1.º		34	36	104	ue/decisoes/2020/32020D1532.md
32020D1532	Artigo 2.º		38	40	47	ue/decisoes/2020/32020D1532.md
32020D1532	Artigo 3.º		42	46	20	ue/decisoes/2020/32020D1532.md
32020D1532	ANEXO		48	142	2396	ue/decisoes/2020/32020D1532.md
32020D1537	Preâmbulo		18	36	382	ue/decisoes/2020/32020D1537.md
32020D1537	Artigo 1.º		40	42	28	ue/decisoes/2020/32020D1537.md
32020D1537	Artigo 2.º		44	56	104	ue/decisoes/2020/32020D1537.md
32020D1537	ANEXO		58	73	1134	ue/decisoes/2020/32020D1537.md
32020D1544	Preâmbulo		18	46	675	ue/decisoes/2020/32020D1544.md
32020D1544	Artigo 1.º	Alterações da Decisão 2003/17/CE	50	61	112	ue/decisoes/2020/32020D1544.md
32020D1544	Artigo 2.º	Entrada em vigor	63	65	38	ue/decisoes/2020/32020D1544.md
32020D1544	Artigo 3.º	Destinatários	67	91	219	ue/decisoes/2020/32020D1544.md
32020D1545	Preâmbulo		18	42	558	ue/decisoes/2020/32020D1545.md
32020D1545	Artigo 1.º		46	48	96	ue/decisoes/2020/32020D1545.md
32020D1545	Artigo 2.º		50	52	40	ue/decisoes/2020/32020D1545.md
32020D1545	Artigo 3.º		54	56	78	ue/decisoes/2020/32020D1545.md
32020D1545	Artigo 4.º		58	80	244	ue/decisoes/2020/32020D1545.md
32020D1549	Preâmbulo		18	38	456	ue/decisoes/2020/32020D1549.md
32020D1549	Artigo 1.º		42	44	12	ue/decisoes/2020/32020D1549.md
32020D1549	Artigo 2.º		46	64	277	ue/decisoes/2020/32020D1549.md
32020D1550	Artigo 1.º		29	31	57	ue/decisoes/2020/32020D1550.md
32020D1550	Artigo 2.º		33	37	34	ue/decisoes/2020/32020D1550.md
32020D1550	ANEXO		39	161	4531	ue/decisoes/2020/32020D1550.md
32020D1556	Preâmbulo		18	34	158	ue/decisoes/2020/32020D1556.md
32020D1556	Artigo 1.º		38	42	82	ue/decisoes/2020/32020D1556.md
32020D1556	Artigo 2.º		44	56	96	ue/decisoes/2020/32020D1556.md
32020D1561	Artigo 1.º		34	36	26	ue/decisoes/2020/32020D1561.md
32020D1561	Artigo 2.º		38	60	409	ue/decisoes/2020/32020D1561.md
32020D1561	Artigo 3.º		62	96	1318	ue/decisoes/2020/32020D1561.md
32020D1561	Artigo 4.º		98	104	164	ue/decisoes/2020/32020D1561.md
32020D1561	Artigo 5.º		106	110	37	ue/decisoes/2020/32020D1561.md
32020D1561	Artigo 6.º		112	114	21	ue/decisoes/2020/32020D1561.md
32020D1567	Preâmbulo		18	62	1698	ue/decisoes/2020/32020D1567.md
32020D1567	Artigo 1.º	Definições	68	80	309	ue/decisoes/2020/32020D1567.md
32020D1567	Artigo 2.º	Informação a transmitir pela Agência	82	86	124	ue/decisoes/2020/32020D1567.md
32020D1567	Artigo 3.º	Disposições nos Estados-Membros	88	100	298	ue/decisoes/2020/32020D1567.md
32020D1567	Artigo 4.º	Moeda	102	104	16	ue/decisoes/2020/32020D1567.md
32020D1567	Artigo 5.º	Disposições pormenorizadas relativas ao pagamento anual	108	120	441	ue/decisoes/2020/32020D1567.md
32020D1567	Artigo 6.º	Disposições pormenorizadas relativas ao adiantamento	122	128	224	ue/decisoes/2020/32020D1567.md
32020D1567	Artigo 7.º	Condições relacionadas com o financiamento da categoria 2	132	138	244	ue/decisoes/2020/32020D1567.md
32020D1567	Artigo 8.º	Controlo do respeito das condições aplicáveis ao financiamento da categoria 2	140	146	237	ue/decisoes/2020/32020D1567.md
32020D1567	Artigo 9.º	Recuperação do adiantamento para a categoria 2	148	152	210	ue/decisoes/2020/32020D1567.md
32020D1567	Artigo 10.º	Condições relacionadas com o financiamento das categorias 3 e 4	156	162	186	ue/decisoes/2020/32020D1567.md
32020D1567	Artigo 11.º	Controlo do respeito das condições aplicáveis ao financiamento das categorias 3 e 4	164	166	76	ue/decisoes/2020/32020D1567.md
32020D1567	Artigo 12.º	Condições relacionadas com o financiamento do pessoal técnico	168	172	141	ue/decisoes/2020/32020D1567.md
32020D1567	Artigo 13.º	Controlo do respeito das condições aplicáveis ao financiamento do pessoal técnico	174	176	84	ue/decisoes/2020/32020D1567.md
32020D1567	Artigo 14.º	Condições relacionadas com o financiamento da categoria 1	180	186	178	ue/decisoes/2020/32020D1567.md
32020D1567	Artigo 15.º	Disposições especiais para 2020	190	194	121	ue/decisoes/2020/32020D1567.md
32020D1567	Artigo 16.º	Entrada em vigor	196	218	461	ue/decisoes/2020/32020D1567.md
32020D1567	ANEXO I	Efetivos nacionais de guardas de fronteira em 30 de abril de 2019 nas principais autoridades que contribuem de forma sistemática para o corpo permanente da Guar	220	226	358	ue/decisoes/2020/32020D1567.md
32020D1567	ANEXO II	Modelo para o pedido de pagamento da categoria 2	228	259	1011	ue/decisoes/2020/32020D1567.md
32020D1573	Preâmbulo		18	44	1021	ue/decisoes/2020/32020D1573.md
32020D1573	Artigo 1.º		48	62	130	ue/decisoes/2020/32020D1573.md
32020D1573	«Artigo 3.º		64	68	83	ue/decisoes/2020/32020D1573.md
32020D1573	Artigo 2.º		70	88	191	ue/decisoes/2020/32020D1573.md
32020D1574	Preâmbulo		18	92	1032	ue/decisoes/2020/32020D1574.md
32020D1574	Artigo 1.º		96	98	30	ue/decisoes/2020/32020D1574.md
32020D1574	Artigo 2.º		100	114	137	ue/decisoes/2020/32020D1574.md
32020D1574	ANEXO		116	145	864	ue/decisoes/2020/32020D1574.md
32020D1575	Artigo 1.º	Definições	28	30	45	ue/decisoes/2020/32020D1575.md
32020D1575	Artigo 2.º	Autoridade competente	32	40	130	ue/decisoes/2020/32020D1575.md
32020D1575	Artigo 3.º	Procedimento de avaliação e seguimento	42	54	428	ue/decisoes/2020/32020D1575.md
32020D1575	Artigo 4.º	Entrada em vigor	56	60	147	ue/decisoes/2020/32020D1575.md
32020D1580	Preâmbulo		18	44	634	ue/decisoes/2020/32020D1580.md
32020D1580	Artigo 1.º		48	56	287	ue/decisoes/2020/32020D1580.md
32020D1580	«Artigo 1.º		58	62	178	ue/decisoes/2020/32020D1580.md
32020D1580	«Artigo 2.º		64	76	272	ue/decisoes/2020/32020D1580.md
32020D1580	«Artigo 4.º		78	80	73	ue/decisoes/2020/32020D1580.md
32020D1580	Artigo 2.º		82	96	318	ue/decisoes/2020/32020D1580.md
32020D1581	Preâmbulo		18	40	448	ue/decisoes/2020/32020D1581.md
32020D1581	Artigo 1.º		44	46	128	ue/decisoes/2020/32020D1581.md
32020D1581	Artigo 2.º		48	50	44	ue/decisoes/2020/32020D1581.md
32020D1581	Artigo 3.º		52	70	209	ue/decisoes/2020/32020D1581.md
32020D1583	Preâmbulo		18	38	379	ue/decisoes/2020/32020D1583.md
32020D1583	Artigo 1.º		42	44	111	ue/decisoes/2020/32020D1583.md
32020D1583	Artigo 2.º		46	64	156	ue/decisoes/2020/32020D1583.md
32020D1584	Preâmbulo		18	44	1084	ue/decisoes/2020/32020D1584.md
32020D1584	Artigo 1.º		48	52	142	ue/decisoes/2020/32020D1584.md
32020D1584	Artigo 2.º		54	58	64	ue/decisoes/2020/32020D1584.md
32020D1584	Artigo 3.º		60	70	39	ue/decisoes/2020/32020D1584.md
32020D1585	Preâmbulo		18	34	184	ue/decisoes/2020/32020D1585.md
32020D1585	Artigo 1.º		38	46	69	ue/decisoes/2020/32020D1585.md
32020D1585	Artigo 2.º		48	60	91	ue/decisoes/2020/32020D1585.md
32020D1585	ANEXO		62	69	526	ue/decisoes/2020/32020D1585.md
32020D1586	Preâmbulo		18	34	217	ue/decisoes/2020/32020D1586.md
32020D1586	Artigo 1.º		38	43	88	ue/decisoes/2020/32020D1586.md
32020D1586	Artigo 2.º		45	57	102	ue/decisoes/2020/32020D1586.md
32020D1587	Preâmbulo		18	42	715	ue/decisoes/2020/32020D1587.md
32020D1587	Artigo 1.º		46	48	49	ue/decisoes/2020/32020D1587.md
32020D1587	Artigo 2.º		50	68	175	ue/decisoes/2020/32020D1587.md
32020D1587	ANEXO		70	104	666	ue/decisoes/2020/32020D1587.md
32020D1598	Preâmbulo		18	44	748	ue/decisoes/2020/32020D1598.md
32020D1598	Artigo 1.º		48	50	60	ue/decisoes/2020/32020D1598.md
32020D1598	Artigo 2.º		52	76	146	ue/decisoes/2020/32020D1598.md
32020D1599	Preâmbulo		18	44	495	ue/decisoes/2020/32020D1599.md
32020D1599	Artigo 1.º		48	50	77	ue/decisoes/2020/32020D1599.md
32020D1599	Artigo 2.º		52	54	24	ue/decisoes/2020/32020D1599.md
32020D1599	Artigo 3.º		56	68	114	ue/decisoes/2020/32020D1599.md
32020D1599	ANEXO		70	100	342	ue/decisoes/2020/32020D1599.md
32020D1599	Artigo 1.º		84	86	61	ue/decisoes/2020/32020D1599.md
32020D1599	Artigo 2.º		88	100	45	ue/decisoes/2020/32020D1599.md
32020D1599	ANEXO	REGULAMENTO INTERNO DO GRUPO DE TRABALHO CONSULTIVO MISTO	102	250	2151	ue/decisoes/2020/32020D1599.md
32020D1605	Preâmbulo		18	166	6642	ue/decisoes/2020/32020D1605.md
32020D1605	Artigo 1.º		170	172	85	ue/decisoes/2020/32020D1605.md
32020D1605	Artigo 2.º		174	202	1112	ue/decisoes/2020/32020D1605.md
32020D1629	Preâmbulo		18	42	886	ue/decisoes/2020/32020D1629.md
32020D1629	Artigo 1.º		46	48	87	ue/decisoes/2020/32020D1629.md
32020D1629	Artigo 2.º		50	54	120	ue/decisoes/2020/32020D1629.md
32020D1629	Artigo 3.º		56	68	49	ue/decisoes/2020/32020D1629.md
32020D1630	Preâmbulo		18	52	1446	ue/decisoes/2020/32020D1630.md
32020D1630	Artigo 1.º		56	58	32	ue/decisoes/2020/32020D1630.md
32020D1630	Artigo 2.º		60	62	32	ue/decisoes/2020/32020D1630.md
32020D1630	Artigo 3.º		64	86	329	ue/decisoes/2020/32020D1630.md
32020D1630	ANEXO I		88	98	268	ue/decisoes/2020/32020D1630.md
32020D1630	ANEXO II		100	110	282	ue/decisoes/2020/32020D1630.md
32020D1631	Preâmbulo		18	46	1581	ue/decisoes/2020/32020D1631.md
32020D1631	Artigo 1.º	Definições	50	60	291	ue/decisoes/2020/32020D1631.md
32020D1631	Artigo 2.º	Transmissão de informação estatística confidencial ao Eurostat	62	66	142	ue/decisoes/2020/32020D1631.md
32020D1631	Artigo 3.º	Alterações do Acordo de Nível de Serviço relativo aos Intercâmbios de Dados	68	72	200	ue/decisoes/2020/32020D1631.md
32020D1631	Artigo 4.º	Critérios de adoção de decisões delegadas sobre a transmissão de informação estatística confidencial ao Eurostat e sobre alterações do Acordo de Nível de Serviç	74	92	672	ue/decisoes/2020/32020D1631.md
32020D1631	Artigo 5.º	Entrada em vigor	94	118	575	ue/decisoes/2020/32020D1631.md
32020D1637	Preâmbulo		18	52	1534	ue/decisoes/2020/32020D1637.md
32020D1637	Artigo 1.º		56	58	186	ue/decisoes/2020/32020D1637.md
32020D1637	Artigo 2.º		60	80	550	ue/decisoes/2020/32020D1637.md
32020D1638	Preâmbulo		18	42	468	ue/decisoes/2020/32020D1638.md
32020D1638	Artigo 1.º		46	52	135	ue/decisoes/2020/32020D1638.md
32020D1638	Artigo 2.º		54	66	91	ue/decisoes/2020/32020D1638.md
32020D1639	Artigo 1.º	Finalidade	28	30	47	ue/decisoes/2020/32020D1639.md
32020D1639	Artigo 2.º	Processo de convite	32	56	737	ue/decisoes/2020/32020D1639.md
32020D1639	Artigo 3.º	Condições gerais	58	76	950	ue/decisoes/2020/32020D1639.md
32020D1639	Artigo 4.º	Direitos e obrigações dos Estados terceiros participantes num projeto CEP	78	90	449	ue/decisoes/2020/32020D1639.md
32020D1639	Artigo 5.º	Mecanismo de reexame	92	96	282	ue/decisoes/2020/32020D1639.md
32020D1639	Artigo 6.º	Cessação ou suspensão da participação de um Estado terceiro num projeto CEP	98	110	908	ue/decisoes/2020/32020D1639.md
32020D1639	Artigo 7.º	Relação com o conjunto de regras de governação comuns para os projetos CEP	112	134	618	ue/decisoes/2020/32020D1639.md
32020D1639	Artigo 8.º	Reapreciação	136	138	29	ue/decisoes/2020/32020D1639.md
32020D1639	Artigo 9.º	Entrada em vigor	140	142	23	ue/decisoes/2020/32020D1639.md
32020D1639	ANEXO	MODELO DE ACORDO ADMINISTRATIVO ENTRE OS MEMBROS DO PROJETO E UM ESTADO TERCEIRO	144	170	184	ue/decisoes/2020/32020D1639.md
32020D1650	Artigo 1.º		34	36	25	ue/decisoes/2020/32020D1650.md
32020D1650	Artigo 2.º		38	40	28	ue/decisoes/2020/32020D1650.md
32020D1650	ANEXO		42	62	2910	ue/decisoes/2020/32020D1650.md
32020D1651	Preâmbulo		18	36	225	ue/decisoes/2020/32020D1651.md
32020D1651	Artigo 1.º		40	42	26	ue/decisoes/2020/32020D1651.md
32020D1651	Artigo 2.º		44	56	58	ue/decisoes/2020/32020D1651.md
32020D1651	ANEXO		58	71	756	ue/decisoes/2020/32020D1651.md
32020D1653	Preâmbulo		18	54	896	ue/decisoes/2020/32020D1653.md
32020D1653	Artigo 1.º		58	60	133	ue/decisoes/2020/32020D1653.md
32020D1653	Artigo 2.º		62	76	124	ue/decisoes/2020/32020D1653.md
32020D1657	Preâmbulo		18	36	247	ue/decisoes/2020/32020D1657.md
32020D1657	Artigo 1.º		40	44	30	ue/decisoes/2020/32020D1657.md
32020D1657	«Artigo 8.º		46	50	78	ue/decisoes/2020/32020D1657.md
32020D1657	Artigo 2.º		52	64	111	ue/decisoes/2020/32020D1657.md
32020D1657	ANEXO		66	73	1053	ue/decisoes/2020/32020D1657.md
32020D1658	Preâmbulo		18	40	547	ue/decisoes/2020/32020D1658.md
32020D1658	Artigo 1.º		44	52	219	ue/decisoes/2020/32020D1658.md
32020D1658	Artigo 2.º		54	68	154	ue/decisoes/2020/32020D1658.md
32020D1661	Preâmbulo		18	48	921	ue/decisoes/2020/32020D1661.md
32020D1661	Artigo 1.º		52	56	51	ue/decisoes/2020/32020D1661.md
32020D1661	Artigo 2.º		58	76	296	ue/decisoes/2020/32020D1661.md
32020D1669	Preâmbulo		18	50	1509	ue/decisoes/2020/32020D1669.md
32020D1669	Artigo 1.º	O projeto-piloto	54	56	84	ue/decisoes/2020/32020D1669.md
32020D1669	Artigo 2.º	Autoridades competentes	58	60	123	ue/decisoes/2020/32020D1669.md
32020D1669	Artigo 3.º	Cooperação administrativa	62	86	361	ue/decisoes/2020/32020D1669.md
32020D1669	Artigo 4.º	Conservação dos dados pessoais	88	90	67	ue/decisoes/2020/32020D1669.md
32020D1669	Artigo 5.º	Avaliação	92	94	58	ue/decisoes/2020/32020D1669.md
32020D1669	Artigo 6.º		96	112	203	ue/decisoes/2020/32020D1669.md
32020D1671	Preâmbulo		18	1131	51705	ue/decisoes/2020/32020D1671.md
32020D1671	Artigo 1.º		1135	1137	143	ue/decisoes/2020/32020D1671.md
32020D1671	Artigo 2.º		1139	1149	208	ue/decisoes/2020/32020D1671.md
32020D1671	Artigo 3.º		1151	1155	56	ue/decisoes/2020/32020D1671.md
32020D1671	Artigo 4.º		1157	1167	226	ue/decisoes/2020/32020D1671.md
32020D1671	Artigo 5.º		1169	1575	14741	ue/decisoes/2020/32020D1671.md
32020D1675	Preâmbulo		18	62	1963	ue/decisoes/2020/32020D1675.md
32020D1675	Artigo 1.º		66	68	32	ue/decisoes/2020/32020D1675.md
32020D1675	Artigo 2.º		70	108	261	ue/decisoes/2020/32020D1675.md
32020D1675	ANEXO	‘ANEXO	110	254	9752	ue/decisoes/2020/32020D1675.md
32020D1688	Preâmbulo		18	34	563	ue/decisoes/2020/32020D1688.md
32020D1688	Artigo 1.º	Alteração	38	45	249	ue/decisoes/2020/32020D1688.md
32020D1688	Artigo 2.º	Entrada em vigor	47	65	261	ue/decisoes/2020/32020D1688.md
32020D1697	Preâmbulo		18	46	843	ue/decisoes/2020/32020D1697.md
32020D1697	Artigo 1.º		50	52	129	ue/decisoes/2020/32020D1697.md
32020D1697	Artigo 2.º		54	56	32	ue/decisoes/2020/32020D1697.md
32020D1697	Artigo 3.º		58	78	228	ue/decisoes/2020/32020D1697.md
32020D1698	Preâmbulo		18	46	760	ue/decisoes/2020/32020D1698.md
32020D1698	Artigo 1.º		50	52	132	ue/decisoes/2020/32020D1698.md
32020D1698	Artigo 2.º		54	56	32	ue/decisoes/2020/32020D1698.md
32020D1698	Artigo 3.º		58	78	228	ue/decisoes/2020/32020D1698.md
32020D1700	Preâmbulo		18	48	1557	ue/decisoes/2020/32020D1700.md
32020D1700	Artigo 1.º		52	60	72	ue/decisoes/2020/32020D1700.md
32020D1700	Artigo 2.º		62	78	198	ue/decisoes/2020/32020D1700.md
32020D1700	ANEXO		80	127	6619	ue/decisoes/2020/32020D1700.md
32020D1704	Preâmbulo		18	48	851	ue/decisoes/2020/32020D1704.md
32020D1704	Artigo 1.º		52	54	118	ue/decisoes/2020/32020D1704.md
32020D1704	Artigo 2.º		56	58	45	ue/decisoes/2020/32020D1704.md
32020D1704	Artigo 3.º		60	62	66	ue/decisoes/2020/32020D1704.md
32020D1704	Artigo 4.º		64	86	380	ue/decisoes/2020/32020D1704.md
32020D1705	Preâmbulo		18	48	818	ue/decisoes/2020/32020D1705.md
32020D1705	Artigo 1.º		52	54	111	ue/decisoes/2020/32020D1705.md
32020D1705	Artigo 2.º		56	58	34	ue/decisoes/2020/32020D1705.md
32020D1705	Artigo 3.º		60	80	231	ue/decisoes/2020/32020D1705.md
32020D1708	Preâmbulo		18	44	956	ue/decisoes/2020/32020D1708.md
32020D1708	Artigo 1.º		48	50	64	ue/decisoes/2020/32020D1708.md
32020D1708	Artigo 2.º		52	54	60	ue/decisoes/2020/32020D1708.md
32020D1708	Artigo 3.º		56	58	49	ue/decisoes/2020/32020D1708.md
32020D1708	Artigo 4.º		60	62	66	ue/decisoes/2020/32020D1708.md
32020D1708	Artigo 5.º		64	66	72	ue/decisoes/2020/32020D1708.md
32020D1708	Artigo 6.º		68	86	174	ue/decisoes/2020/32020D1708.md
32020D1708	ANEXO		88	122	844	ue/decisoes/2020/32020D1708.md
32020D1714	Preâmbulo		18	52	1508	ue/decisoes/2020/32020D1714.md
32020D1714	Artigo 1.º	Alterações da Decisão de Execução (UE) 2019/1119	56	65	179	ue/decisoes/2020/32020D1714.md
32020D1714	«Artigo 5.º	Período de transição e códigos de ecoinovação	67	156	962	ue/decisoes/2020/32020D1714.md
32020D1714	Artigo 2.º	Alterações da Decisão de Execução (UE) 2020/1339	158	177	127	ue/decisoes/2020/32020D1714.md
32020D1714	Artigo 3.º	Entrada em vigor	179	203	681	ue/decisoes/2020/32020D1714.md
32020D1722	Preâmbulo		18	40	1050	ue/decisoes/2020/32020D1722.md
32020D1722	Artigo 1.º		44	46	42	ue/decisoes/2020/32020D1722.md
32020D1722	Artigo 2.º		48	70	430	ue/decisoes/2020/32020D1722.md
32020D1726	Preâmbulo		18	34	218	ue/decisoes/2020/32020D1726.md
32020D1726	Artigo 1.º		38	40	50	ue/decisoes/2020/32020D1726.md
32020D1726	Artigo 2.º		42	44	38	ue/decisoes/2020/32020D1726.md
32020D1726	Artigo 3.º		46	58	51	ue/decisoes/2020/32020D1726.md
32020D1728	Preâmbulo		18	36	508	ue/decisoes/2020/32020D1728.md
32020D1728	Artigo 1.º		40	54	262	ue/decisoes/2020/32020D1728.md
32020D1728	Artigo 2.º		56	58	45	ue/decisoes/2020/32020D1728.md
32020D1728	Artigo 3.º		60	74	154	ue/decisoes/2020/32020D1728.md
32020D1728	ANEXO	Métodos de classificação de carcaças de suíno na Croácia	76	156	1544	ue/decisoes/2020/32020D1728.md
32020D1729	Artigo 1.º	Objeto e âmbito de aplicação	28	78	440	ue/decisoes/2020/32020D1729.md
32020D1729	Artigo 2.º	Definições	80	96	211	ue/decisoes/2020/32020D1729.md
32020D1729	Artigo 3.º	Base de amostragem e análises	98	116	390	ue/decisoes/2020/32020D1729.md
32020D1729	Artigo 4.º	Comunicação de dados e avaliação anuais sobre a RAM	118	122	125	ue/decisoes/2020/32020D1729.md
32020D1729	Artigo 5.º	Publicação dos dados	124	126	67	ue/decisoes/2020/32020D1729.md
32020D1729	Artigo 6.º	Revogação	128	130	18	ue/decisoes/2020/32020D1729.md
32020D1729	Artigo 7.º	Aplicação	132	134	23	ue/decisoes/2020/32020D1729.md
32020D1729	Artigo 8.º	Destinatários	136	138	23	ue/decisoes/2020/32020D1729.md
32020D1729	ANEXO		140	672	9858	ue/decisoes/2020/32020D1729.md
32020D1730	Preâmbulo		18	38	328	ue/decisoes/2020/32020D1730.md
32020D1730	Artigo 1.º		42	44	22	ue/decisoes/2020/32020D1730.md
32020D1730	Artigo 2.º		46	58	126	ue/decisoes/2020/32020D1730.md
32020D1734	Preâmbulo		18	46	699	ue/decisoes/2020/32020D1734.md
32020D1734	Artigo 1.º		50	52	58	ue/decisoes/2020/32020D1734.md
32020D1734	Artigo 2.º		54	68	164	ue/decisoes/2020/32020D1734.md
32020D1734	ANEXO	Decisão: 64 (as rubricas orçamentais serão adaptadas ao orçamento anual de 2021, se for caso disso)	70	518	20964	ue/decisoes/2020/32020D1734.md
32020D1735	Preâmbulo		18	38	530	ue/decisoes/2020/32020D1735.md
32020D1735	Artigo 1.º	Alterações	42	55	273	ue/decisoes/2020/32020D1735.md
32020D1735	Artigo 2.º	Entrada em vigor	57	73	242	ue/decisoes/2020/32020D1735.md
32020D1735	ANEXO		75	87	190	ue/decisoes/2020/32020D1735.md
32020D1736	Preâmbulo		18	32	198	ue/decisoes/2020/32020D1736.md
32020D1736	Artigo 1.º	Alteração	36	43	212	ue/decisoes/2020/32020D1736.md
32020D1736	Artigo 2.º	Entrada em vigor	45	59	179	ue/decisoes/2020/32020D1736.md
32020D1745	Preâmbulo		18	74	3472	ue/decisoes/2020/32020D1745.md
32020D1745	Artigo 1.º		78	98	1006	ue/decisoes/2020/32020D1745.md
32020D1745	Artigo 2.º		100	128	1190	ue/decisoes/2020/32020D1745.md
32020D1745	Artigo 3.º		130	134	48	ue/decisoes/2020/32020D1745.md
32020D1745	Artigo 4.º		136	184	1283	ue/decisoes/2020/32020D1745.md
32020D1745	ANEXO	LISTA DOS ATOS QUE CONSTITUEM DESENVOLVIMENTOS DO ACERVO DE SCHENGEN QUE A IRLANDA PÕE EM VIGOR A TÍTULO PROVISÓRIO	186	226	1367	ue/decisoes/2020/32020D1745.md
32020D1746	Preâmbulo		22	56	703	ue/decisoes/2020/32020D1746.md
32020D1746	Artigo 1.º		60	62	28	ue/decisoes/2020/32020D1746.md
32020D1746	Artigo 2.º		64	88	341	ue/decisoes/2020/32020D1746.md
32020D1746	ANEXO	«ANEXO II	90	143	1509	ue/decisoes/2020/32020D1746.md
32020D1747	Preâmbulo		18	40	520	ue/decisoes/2020/32020D1747.md
32020D1747	Artigo 1.º		44	46	80	ue/decisoes/2020/32020D1747.md
32020D1747	Artigo 2.º		48	62	67	ue/decisoes/2020/32020D1747.md
32020D1748	Preâmbulo		18	36	215	ue/decisoes/2020/32020D1748.md
32020D1748	Artigo 1.º		40	42	28	ue/decisoes/2020/32020D1748.md
32020D1748	Artigo 2.º		44	58	172	ue/decisoes/2020/32020D1748.md
32020D1748	ANEXO		60	67	825	ue/decisoes/2020/32020D1748.md
32020D1757	Preâmbulo		18	44	505	ue/decisoes/2020/32020D1757.md
32020D1757	Artigo 1.º		48	50	134	ue/decisoes/2020/32020D1757.md
32020D1757	Artigo 2.º		52	66	92	ue/decisoes/2020/32020D1757.md
32020D1765	Preâmbulo		18	42	496	ue/decisoes/2020/32020D1765.md
32020D1765	Artigo 1.º		46	48	38	ue/decisoes/2020/32020D1765.md
32020D1765	Artigo 2.º		50	66	190	ue/decisoes/2020/32020D1765.md
32020D1775	Preâmbulo		18	76	2811	ue/decisoes/2020/32020D1775.md
32020D1775	Artigo 1.º		80	82	55	ue/decisoes/2020/32020D1775.md
32020D1775	Artigo 2.º		84	104	320	ue/decisoes/2020/32020D1775.md
32020D1778	Preâmbulo		18	48	1337	ue/decisoes/2020/32020D1778.md
32020D1778	Artigo 1.º		52	54	92	ue/decisoes/2020/32020D1778.md
32020D1778	Artigo 2.º		56	72	101	ue/decisoes/2020/32020D1778.md
32020D1782	Preâmbulo		18	62	1429	ue/decisoes/2020/32020D1782.md
32020D1782	Artigo 1.º		66	114	892	ue/decisoes/2020/32020D1782.md
32020D1782	«Artigo 5.º	Cooperação	116	124	367	ue/decisoes/2020/32020D1782.md
32020D1782	«Artigo 7.º	Apoio financeiro	126	134	132	ue/decisoes/2020/32020D1782.md
32020D1782	«Artigo 10.º	Revisão	136	138	92	ue/decisoes/2020/32020D1782.md
32020D1782	Artigo 2.º		140	164	192	ue/decisoes/2020/32020D1782.md
32020D1786	Preâmbulo		18	40	430	ue/decisoes/2020/32020D1786.md
32020D1786	Artigo 1.º		44	46	45	ue/decisoes/2020/32020D1786.md
32020D1786	Artigo 2.º		48	50	72	ue/decisoes/2020/32020D1786.md
32020D1786	Artigo 3.º		52	54	30	ue/decisoes/2020/32020D1786.md
32020D1786	Artigo 4.º		56	72	165	ue/decisoes/2020/32020D1786.md
32020D1786	ANEXO	PROCEDIMENTO DE APROVAÇÃO DAS ALTERAÇÕES AO PROTOCOLO A ADOTAR PELA COMISSÃO MISTA	74	96	556	ue/decisoes/2020/32020D1786.md
32020D1787	Preâmbulo		18	40	607	ue/decisoes/2020/32020D1787.md
32020D1787	Artigo 1.º		44	48	158	ue/decisoes/2020/32020D1787.md
32020D1787	Artigo 2.º		50	66	229	ue/decisoes/2020/32020D1787.md
32020D1790	Preâmbulo		18	54	1277	ue/decisoes/2020/32020D1790.md
32020D1790	Artigo 1.º		58	60	103	ue/decisoes/2020/32020D1790.md
32020D1790	Artigo 2.º		62	64	117	ue/decisoes/2020/32020D1790.md
32020D1790	Artigo 3.º		66	80	544	ue/decisoes/2020/32020D1790.md
32020D1790	Artigo 4.º		82	84	90	ue/decisoes/2020/32020D1790.md
32020D1790	Artigo 5.º		86	88	90	ue/decisoes/2020/32020D1790.md
32020D1790	Artigo 6.º		90	92	82	ue/decisoes/2020/32020D1790.md
32020D1790	Artigo 7.º		94	96	24	ue/decisoes/2020/32020D1790.md
32020D1790	Artigo 8.º		98	118	407	ue/decisoes/2020/32020D1790.md
32020D1790	ANEXO	Informações que devem constar do relatório de acompanhamento a que se refere o artigo 6.º	120	192	1552	ue/decisoes/2020/32020D1790.md
32020D1791	Preâmbulo		18	60	1594	ue/decisoes/2020/32020D1791.md
32020D1791	Artigo 1.º		64	66	132	ue/decisoes/2020/32020D1791.md
32020D1791	Artigo 2.º		68	70	179	ue/decisoes/2020/32020D1791.md
32020D1791	Artigo 3.º		72	78	217	ue/decisoes/2020/32020D1791.md
32020D1791	Artigo 4.º		80	82	79	ue/decisoes/2020/32020D1791.md
32020D1791	Artigo 5.º		84	86	24	ue/decisoes/2020/32020D1791.md
32020D1791	Artigo 6.º		88	108	399	ue/decisoes/2020/32020D1791.md
32020D1791	ANEXO	INFORMAÇÕES QUE DEVEM CONSTAR DO RELATÓRIO DE ACOMPANHAMENTO A QUE SE REFERE O ARTIGO 4.º	110	189	1699	ue/decisoes/2020/32020D1791.md
32020D1792	Preâmbulo		18	74	2168	ue/decisoes/2020/32020D1792.md
32020D1792	Artigo 1.º		78	86	299	ue/decisoes/2020/32020D1792.md
32020D1792	Artigo 2.º		88	108	322	ue/decisoes/2020/32020D1792.md
32020D1792	Artigo 3.º		110	112	101	ue/decisoes/2020/32020D1792.md
32020D1792	Artigo 4.º		114	116	84	ue/decisoes/2020/32020D1792.md
32020D1792	Artigo 5.º		118	120	20	ue/decisoes/2020/32020D1792.md
32020D1792	Artigo 6.º		122	142	230	ue/decisoes/2020/32020D1792.md
32020D1792	ANEXO I	LISTA DOS PRODUTOS REFERIDOS NO ARTIGO 1.º, N.º 1, DE ACORDO COM AS CATEGORIAS DE PRODUTOS DAS POSIÇÕES DO SISTEMA HARMONIZADO	144	195	354	ue/decisoes/2020/32020D1792.md
32020D1792	ANEXO II	INFORMAÇÕES QUE DEVEM CONSTAR DO RELATÓRIO DE ACOMPANHAMENTO A QUE SE REFERE O ARTIGO 4.º	197	303	1814	ue/decisoes/2020/32020D1792.md
32020D1793	Preâmbulo		18	48	654	ue/decisoes/2020/32020D1793.md
32020D1793	Artigo 1.º		52	54	38	ue/decisoes/2020/32020D1793.md
32020D1793	Artigo 2.º		56	58	20	ue/decisoes/2020/32020D1793.md
32020D1793	Artigo 3.º		60	74	107	ue/decisoes/2020/32020D1793.md
32020D1803	Preâmbulo		22	66	1526	ue/decisoes/2020/32020D1803.md
32020D1803	Artigo 1.º		70	98	763	ue/decisoes/2020/32020D1803.md
32020D1803	Artigo 2.º		100	122	511	ue/decisoes/2020/32020D1803.md
32020D1803	Artigo 3.º		124	126	112	ue/decisoes/2020/32020D1803.md
32020D1803	Artigo 4.º		128	130	67	ue/decisoes/2020/32020D1803.md
32020D1803	Artigo 5.º		132	134	44	ue/decisoes/2020/32020D1803.md
32020D1803	Artigo 6.º		136	138	19	ue/decisoes/2020/32020D1803.md
32020D1803	Artigo 7.º		140	148	360	ue/decisoes/2020/32020D1803.md
32020D1803	Artigo 8.º		150	178	627	ue/decisoes/2020/32020D1803.md
32020D1803	ANEXO	Critérios para atribuição do rótulo ecológico da UE a produtos de papel impresso, artigos de papelaria e sacos de papel	180	762	14458	ue/decisoes/2020/32020D1803.md
32020D1804	Preâmbulo		18	54	1078	ue/decisoes/2020/32020D1804.md
32020D1804	Artigo 1.º		58	60	33	ue/decisoes/2020/32020D1804.md
32020D1804	Artigo 2.º		62	84	423	ue/decisoes/2020/32020D1804.md
32020D1804	Artigo 3.º		86	88	100	ue/decisoes/2020/32020D1804.md
32020D1804	Artigo 4.º		90	92	55	ue/decisoes/2020/32020D1804.md
32020D1804	Artigo 5.º		94	96	32	ue/decisoes/2020/32020D1804.md
32020D1804	Artigo 6.º		98	100	12	ue/decisoes/2020/32020D1804.md
32020D1804	Artigo 7.º		102	108	238	ue/decisoes/2020/32020D1804.md
32020D1804	Artigo 8.º		110	134	578	ue/decisoes/2020/32020D1804.md
32020D1804	ANEXO	Critérios para atribuição do rótulo ecológico da UE a ecrãs eletrónicos	136	652	12221	ue/decisoes/2020/32020D1804.md
32020D1805	Preâmbulo		18	46	881	ue/decisoes/2020/32020D1805.md
32020D1805	Artigo 1.º		50	52	21	ue/decisoes/2020/32020D1805.md
32020D1805	«Artigo 6.º		54	56	48	ue/decisoes/2020/32020D1805.md
32020D1805	Artigo 2.º		58	60	22	ue/decisoes/2020/32020D1805.md
32020D1805	«Artigo 4.º		62	64	46	ue/decisoes/2020/32020D1805.md
32020D1805	Artigo 3.º		66	86	330	ue/decisoes/2020/32020D1805.md
32020D1806	Preâmbulo		18	66	2354	ue/decisoes/2020/32020D1806.md
32020D1806	Artigo 1.º	Tecnologia inovadora	70	82	424	ue/decisoes/2020/32020D1806.md
32020D1806	Artigo 2.º	Pedido de certificação da redução das emissões de CO2	84	90	214	ue/decisoes/2020/32020D1806.md
32020D1806	Artigo 3.º	Certificação da redução das emissões de CO2	92	100	274	ue/decisoes/2020/32020D1806.md
32020D1806	Artigo 4.º	Código de ecoinovação	102	106	93	ue/decisoes/2020/32020D1806.md
32020D1806	Artigo 5.º	Revogação	108	112	198	ue/decisoes/2020/32020D1806.md
32020D1806	Artigo 6.º	Entrada em vigor	114	196	3658	ue/decisoes/2020/32020D1806.md
32020D1806	ANEXO	METODOLOGIA PARA DETERMINAR A REDUÇÃO DAS EMISSÕES DE CO2 PROPORCIONADA PELA FUNÇÃO DE MOVIMENTO POR INÉRCIA COM MOTOR LIGADO EM VEÍCULOS EQUIPADOS COM MOTOR DE	198	903	11154	ue/decisoes/2020/32020D1806.md
32020D1806	Apêndice	Ciclo para medição do consumo de combustível a velocidade constante	905	1600	4885	ue/decisoes/2020/32020D1806.md
32020D1807	Preâmbulo		18	48	1401	ue/decisoes/2020/32020D1807.md
32020D1807	Artigo 1.º		52	56	165	ue/decisoes/2020/32020D1807.md
32020D1807	Artigo 2.º		58	76	170	ue/decisoes/2020/32020D1807.md
32020D1814	Preâmbulo		22	759	39268	ue/decisoes/2020/32020D1814.md
32020D1814	Artigo 1.º		763	765	75	ue/decisoes/2020/32020D1814.md
32020D1814	Artigo 2.º		767	775	191	ue/decisoes/2020/32020D1814.md
32020D1814	Artigo 3.º		777	781	58	ue/decisoes/2020/32020D1814.md
32020D1814	Artigo 4.º		783	793	233	ue/decisoes/2020/32020D1814.md
32020D1814	Artigo 5.º		795	953	4090	ue/decisoes/2020/32020D1814.md
32020D1814	ANEXO	Cálculo do montante de auxílio nas medidas 1 e 2	955	1012	662	ue/decisoes/2020/32020D1814.md
32020D1827	Preâmbulo		18	168	4514	ue/decisoes/2020/32020D1827.md
32020D1827	Artigo 1.º		172	174	41	ue/decisoes/2020/32020D1827.md
32020D1827	Artigo 2.º		176	198	223	ue/decisoes/2020/32020D1827.md
32020D1829	Preâmbulo		18	50	1513	ue/decisoes/2020/32020D1829.md
32020D1829	Artigo 1.º		54	78	762	ue/decisoes/2020/32020D1829.md
32020D1829	Artigo 2.º		80	88	210	ue/decisoes/2020/32020D1829.md
32020D1829	Artigo 3.º		90	92	80	ue/decisoes/2020/32020D1829.md
32020D1829	Artigo 4.º		94	96	138	ue/decisoes/2020/32020D1829.md
32020D1829	Artigo 5.º		98	114	192	ue/decisoes/2020/32020D1829.md
32020D1829	ANEXO		116	122	62	ue/decisoes/2020/32020D1829.md
32020D1829	ANEXO IV [^1]	Operações de eliminação	124	208	1433	ue/decisoes/2020/32020D1829.md
32020D1830	Preâmbulo		18	60	1196	ue/decisoes/2020/32020D1830.md
32020D1830	Artigo 1.º		64	66	146	ue/decisoes/2020/32020D1830.md
32020D1830	Artigo 2.º		68	70	83	ue/decisoes/2020/32020D1830.md
32020D1830	Artigo 3.º		72	84	90	ue/decisoes/2020/32020D1830.md
32020D1831	Preâmbulo		18	40	534	ue/decisoes/2020/32020D1831.md
32020D1831	Artigo 1.º		44	46	136	ue/decisoes/2020/32020D1831.md
32020D1831	Artigo 2.º		48	62	67	ue/decisoes/2020/32020D1831.md
32020D1832	Preâmbulo		18	40	346	ue/decisoes/2020/32020D1832.md
32020D1832	Artigo 1.º		44	46	56	ue/decisoes/2020/32020D1832.md
32020D1832	Artigo 2.º		48	52	169	ue/decisoes/2020/32020D1832.md
32020D1832	Artigo 3.º		54	56	32	ue/decisoes/2020/32020D1832.md
32020D1832	Artigo 4.º		58	78	230	ue/decisoes/2020/32020D1832.md
32020D1834	Preâmbulo		18	36	626	ue/decisoes/2020/32020D1834.md
32020D1834	Artigo 1.º		40	42	90	ue/decisoes/2020/32020D1834.md
32020D1834	Artigo 2.º		44	64	376	ue/decisoes/2020/32020D1834.md
32020D1834	ANEXO		66	97	229	ue/decisoes/2020/32020D1834.md
32020D1835	Preâmbulo		18	52	2018	ue/decisoes/2020/32020D1835.md
32020D1835	Artigo 1.º		56	58	65	ue/decisoes/2020/32020D1835.md
32020D1835	Artigo 2.º		60	62	43	ue/decisoes/2020/32020D1835.md
32020D1835	Artigo 3.º		64	90	397	ue/decisoes/2020/32020D1835.md
32020D1835	ANEXO I		92	100	260	ue/decisoes/2020/32020D1835.md
32020D1835	ANEXO II		102	110	273	ue/decisoes/2020/32020D1835.md
32020D1835	ANEXO III		112	120	287	ue/decisoes/2020/32020D1835.md
32020D1990	Preâmbulo		18	38	283	ue/decisoes/2020/32020D1990.md
32020D1990	Artigo 1.º		42	52	118	ue/decisoes/2020/32020D1990.md
32020D1990	Artigo 2.º		54	72	199	ue/decisoes/2020/32020D1990.md
32020D1997	Artigo 1.º	Definições	35	43	115	ue/decisoes/2020/32020D1997.md
32020D1997	Artigo 2.º	Aprovação do volume de moedas de euro a emitir em 2021	45	80	314	ue/decisoes/2020/32020D1997.md
32020D1997	Artigo 3.º	Produção de efeitos	82	84	32	ue/decisoes/2020/32020D1997.md
32020D1997	Artigo 4.º	Destinatários	86	92	120	ue/decisoes/2020/32020D1997.md
32020D1999	Artigo 1.º		55	125	808	ue/decisoes/2020/32020D1999.md
32020D1999	Artigo 2.º		127	161	765	ue/decisoes/2020/32020D1999.md
32020D1999	Artigo 3.º		163	211	1299	ue/decisoes/2020/32020D1999.md
32020D1999	Artigo 4.º		213	253	704	ue/decisoes/2020/32020D1999.md
32020D1999	Artigo 5.º		255	261	216	ue/decisoes/2020/32020D1999.md
32020D1999	Artigo 6.º		263	267	188	ue/decisoes/2020/32020D1999.md
32020D1999	Artigo 7.º		269	279	258	ue/decisoes/2020/32020D1999.md
32020D1999	Artigo 8.º		281	287	217	ue/decisoes/2020/32020D1999.md
32020D1999	Artigo 9.º		289	293	58	ue/decisoes/2020/32020D1999.md
32020D1999	Artigo 10.º		295	305	125	ue/decisoes/2020/32020D1999.md
32020D1999	Artigo 11.º		307	309	31	ue/decisoes/2020/32020D1999.md
32020D1999	ANEXO	Lista das pessoas singulares e coletivas, entidades e organismos referidos nos artigos 2.º e 3.º	311	627	71554	ue/decisoes/2020/32020D1999.md
32020D2000	Preâmbulo		18	46	702	ue/decisoes/2020/32020D2000.md
32020D2000	Artigo 1.º		50	52	85	ue/decisoes/2020/32020D2000.md
32020D2000	Artigo 2.º		54	56	46	ue/decisoes/2020/32020D2000.md
32020D2000	Artigo 3.º		58	60	62	ue/decisoes/2020/32020D2000.md
32020D2000	Artigo 4.º		62	82	227	ue/decisoes/2020/32020D2000.md
32020D2000	ANEXO	PROCEDIMENTO E CONDIÇÕES DE APROVAÇÃO DAS ALTERAÇÕES O PROTOCOLO A ADOTAR PELA COMISSÃO MISTA	84	106	594	ue/decisoes/2020/32020D2000.md
32020D2005	Preâmbulo		18	48	1189	ue/decisoes/2020/32020D2005.md
32020D2005	Artigo 1.º		52	54	26	ue/decisoes/2020/32020D2005.md
32020D2005	Artigo 2.º		56	68	352	ue/decisoes/2020/32020D2005.md
32020D2005	Artigo 3.º		70	72	121	ue/decisoes/2020/32020D2005.md
32020D2005	Artigo 4.º		74	78	38	ue/decisoes/2020/32020D2005.md
32020D2005	Artigo 5.º		80	92	51	ue/decisoes/2020/32020D2005.md
32020D2009	Preâmbulo		18	36	412	ue/decisoes/2020/32020D2009.md
32020D2009	Artigo 1.º		40	42	65	ue/decisoes/2020/32020D2009.md
32020D2009	Artigo 2.º		44	58	110	ue/decisoes/2020/32020D2009.md
32020D2009	ANEXO	Conclusões relativas as melhores tecnicas disponiveis (mtd) para tratamentos de superficie que utilizem solventes organicos, incluindo a conservação de madeiras	60	1623	40519	ue/decisoes/2020/32020D2009.md
32020D2022	Preâmbulo		18	40	265	ue/decisoes/2020/32020D2022.md
32020D2022	Artigo 1.º		44	46	53	ue/decisoes/2020/32020D2022.md
32020D2022	Artigo 2.º		48	66	124	ue/decisoes/2020/32020D2022.md
32020D2023	Preâmbulo		18	40	260	ue/decisoes/2020/32020D2023.md
32020D2023	Artigo 1.º		44	46	55	ue/decisoes/2020/32020D2023.md
32020D2023	Artigo 2.º		48	66	121	ue/decisoes/2020/32020D2023.md
32020D2024	Preâmbulo		18	40	265	ue/decisoes/2020/32020D2024.md
32020D2024	Artigo 1.º		44	46	53	ue/decisoes/2020/32020D2024.md
32020D2024	Artigo 2.º		48	66	118	ue/decisoes/2020/32020D2024.md
32020D2025	Preâmbulo		18	40	260	ue/decisoes/2020/32020D2025.md
32020D2025	Artigo 1.º		44	46	56	ue/decisoes/2020/32020D2025.md
32020D2025	Artigo 2.º		48	66	119	ue/decisoes/2020/32020D2025.md
32020D2026	Preâmbulo		18	44	714	ue/decisoes/2020/32020D2026.md
32020D2026	Artigo 1.º		48	50	118	ue/decisoes/2020/32020D2026.md
32020D2026	Artigo 2.º		52	64	109	ue/decisoes/2020/32020D2026.md
32020D2030	Preâmbulo		18	38	308	ue/decisoes/2020/32020D2030.md
32020D2030	Artigo 1.º		42	82	320	ue/decisoes/2020/32020D2030.md
32020D2030	Artigo 2.º		84	98	100	ue/decisoes/2020/32020D2030.md
32020D2031	Preâmbulo		18	38	358	ue/decisoes/2020/32020D2031.md
32020D2031	Artigo 1.º		42	46	32	ue/decisoes/2020/32020D2031.md
32020D2031	«Artigo 2.º	Mandato da Missão	48	52	116	ue/decisoes/2020/32020D2031.md
32020D2031	Artigo 3.º	Objetivos e atribuições	54	86	709	ue/decisoes/2020/32020D2031.md
32020D2031	Artigo 2.º		88	106	263	ue/decisoes/2020/32020D2031.md
32020D2032	Preâmbulo		18	38	363	ue/decisoes/2020/32020D2032.md
32020D2032	Artigo 1.º		42	46	30	ue/decisoes/2020/32020D2032.md
32020D2032	«Artigo 1.º	Missão	48	76	1077	ue/decisoes/2020/32020D2032.md
32020D2032	Artigo 2.º		78	92	165	ue/decisoes/2020/32020D2032.md
32020D2033	Preâmbulo		18	38	318	ue/decisoes/2020/32020D2033.md
32020D2033	Artigo 1.º		42	50	115	ue/decisoes/2020/32020D2033.md
32020D2033	Artigo 2.º		52	66	158	ue/decisoes/2020/32020D2033.md
32020D2033	ANEXO	«ANEXO II	68	90	3302	ue/decisoes/2020/32020D2033.md
32020D2039	Preâmbulo		22	40	403	ue/decisoes/2020/32020D2039.md
32020D2039	Artigo 1.º		44	46	46	ue/decisoes/2020/32020D2039.md
32020D2039	Artigo 2.º		48	64	277	ue/decisoes/2020/32020D2039.md
32020D2039	ANEXO		66	82	556	ue/decisoes/2020/32020D2039.md
32020D2049	Preâmbulo		18	38	211	ue/decisoes/2020/32020D2049.md
32020D2049	Artigo 1.º		42	44	40	ue/decisoes/2020/32020D2049.md
32020D2049	Artigo 2.º		46	62	94	ue/decisoes/2020/32020D2049.md
32020D2050	Preâmbulo		22	38	371	ue/decisoes/2020/32020D2050.md
32020D2050	Artigo 1.º		42	44	34	ue/decisoes/2020/32020D2050.md
32020D2050	Artigo 2.º		46	58	141	ue/decisoes/2020/32020D2050.md
32020D2050	ANEXO	Derrogações ao Regulamento (UE) 2019/1700	60	114	2312	ue/decisoes/2020/32020D2050.md
32020D2053	Preâmbulo		22	100	4889	ue/decisoes/2020/32020D2053.md
32020D2053	Artigo 1.º	Objeto	104	106	45	ue/decisoes/2020/32020D2053.md
32020D2053	Artigo 2.º	Categorias de recursos próprios e métodos específicos para o respetivo cálculo	108	132	1144	ue/decisoes/2020/32020D2053.md
32020D2053	Artigo 3.º	Limite máximo dos recursos próprios	134	154	325	ue/decisoes/2020/32020D2053.md
32020D2053	Artigo 4.º	Utilização dos fundos resultantes de empréstimos nos mercados de capitais	156	158	54	ue/decisoes/2020/32020D2053.md
32020D2053	Artigo 5.º	Meios adicionais extraordinários e temporários para fazer face às consequências da crise da COVID-19	160	178	819	ue/decisoes/2020/32020D2053.md
32020D2053	Artigo 6.º	Aumento extraordinário e temporário dos limites máximos dos recursos próprios com vista à afetação dos recursos necessários para fazer face às consequências da 	180	184	161	ue/decisoes/2020/32020D2053.md
32020D2053	Artigo 7.º	Princípio da universalidade	186	188	48	ue/decisoes/2020/32020D2053.md
32020D2053	Artigo 8.º	Reporte do excedente	190	192	48	ue/decisoes/2020/32020D2053.md
32020D2053	Artigo 9.º	Cobrança dos recursos próprios e sua disponibilização à Comissão	194	216	1165	ue/decisoes/2020/32020D2053.md
32020D2053	Artigo 10.º	Medidas de execução	218	224	138	ue/decisoes/2020/32020D2053.md
32020D2053	Artigo 11.º	Disposições finais e transitórias	226	238	600	ue/decisoes/2020/32020D2053.md
32020D2053	Artigo 12.º	Entrada em vigor	240	248	130	ue/decisoes/2020/32020D2053.md
32020D2053	Artigo 13.º	Destinatários	250	292	1010	ue/decisoes/2020/32020D2053.md
32020D2053	ANEXO	TABELA DE CORRESPONDÊNCIA	294	333	374	ue/decisoes/2020/32020D2053.md
32020D2059	Preâmbulo		18	46	842	ue/decisoes/2020/32020D2059.md
32020D2059	Artigo 1.º		50	52	44	ue/decisoes/2020/32020D2059.md
32020D2059	Artigo 2.º		54	68	70	ue/decisoes/2020/32020D2059.md
32020D2060	Preâmbulo		18	44	652	ue/decisoes/2020/32020D2060.md
32020D2060	Artigo 1.º		48	50	95	ue/decisoes/2020/32020D2060.md
32020D2060	Artigo 2.º		52	72	307	ue/decisoes/2020/32020D2060.md
32020D2061	Preâmbulo		18	38	376	ue/decisoes/2020/32020D2061.md
32020D2061	Artigo 1.º		42	44	98	ue/decisoes/2020/32020D2061.md
32020D2061	Artigo 2.º		46	48	32	ue/decisoes/2020/32020D2061.md
32020D2061	Artigo 3.º		50	64	70	ue/decisoes/2020/32020D2061.md
32020D2077	Preâmbulo		18	34	392	ue/decisoes/2020/32020D2077.md
32020D2077	Artigo único		38	54	114	ue/decisoes/2020/32020D2077.md
32020D2090	Preâmbulo		18	32	396	ue/decisoes/2020/32020D2090.md
32020D2090	Artigo 1.º	Alteração	36	38	24	ue/decisoes/2020/32020D2090.md
32020D2090	«Artigo 2.º	Regras aplicáveis à reprodução das notas de euro	40	78	1076	ue/decisoes/2020/32020D2090.md
32020D2090	Artigo 2.º	Disposição final	80	90	114	ue/decisoes/2020/32020D2090.md
32020D2106	Preâmbulo		22	50	822	ue/decisoes/2020/32020D2106.md
32020D2106	Artigo 1.º		54	56	66	ue/decisoes/2020/32020D2106.md
32020D2106	Artigo 2.º		58	70	53	ue/decisoes/2020/32020D2106.md
32020D2113	Preâmbulo		22	44	664	ue/decisoes/2020/32020D2113.md
32020D2113	Artigo 1.º		48	50	28	ue/decisoes/2020/32020D2113.md
32020D2113	Artigo 2.º		52	54	20	ue/decisoes/2020/32020D2113.md
32020D2113	Artigo 3.º		56	70	148	ue/decisoes/2020/32020D2113.md
32020D2113	ANEXO	«ANEXO I	72	84	270	ue/decisoes/2020/32020D2113.md
32020D2123	Preâmbulo		18	310	16735	ue/decisoes/2020/32020D2123.md
32020D2123	Artigo 1.º		314	318	286	ue/decisoes/2020/32020D2123.md
32020D2123	Artigo 2.º		320	322	72	ue/decisoes/2020/32020D2123.md
32020D2123	Artigo 3.º		324	328	274	ue/decisoes/2020/32020D2123.md
32020D2123	Artigo 4.º		330	332	339	ue/decisoes/2020/32020D2123.md
32020D2123	Artigo 5.º		334	336	181	ue/decisoes/2020/32020D2123.md
32020D2123	Artigo 6.º		338	390	1456	ue/decisoes/2020/32020D2123.md
32020D2124	Preâmbulo		22	48	686	ue/decisoes/2020/32020D2124.md
32020D2124	Artigo 1.º		52	54	46	ue/decisoes/2020/32020D2124.md
32020D2124	Artigo 2.º		56	70	124	ue/decisoes/2020/32020D2124.md
32020D2125	Preâmbulo		22	48	684	ue/decisoes/2020/32020D2125.md
32020D2125	Artigo 1.º		52	54	54	ue/decisoes/2020/32020D2125.md
32020D2125	Artigo 2.º		56	58	18	ue/decisoes/2020/32020D2125.md
32020D2125	Artigo 3.º		60	80	393	ue/decisoes/2020/32020D2125.md
32020D2126	Artigo 1.º		29	31	54	ue/decisoes/2020/32020D2126.md
32020D2126	Artigo 2.º		33	35	74	ue/decisoes/2020/32020D2126.md
32020D2126	Artigo 3.º		37	39	74	ue/decisoes/2020/32020D2126.md
32020D2126	Artigo 4.º		41	43	33	ue/decisoes/2020/32020D2126.md
32020D2126	ANEXO I	Valores das emissões de gases com efeito de estufa de cada Estado-Membro em 2005 nos termos do artigo 4.º, n.º 3, do Regulamento (UE) 2018/842	45	77	244	ue/decisoes/2020/32020D2126.md
32020D2126	ANEXO II	Dotações anuais de emissões de cada Estado-Membro para cada ano de 2021 a 2030 nos termos do artigo 4.º, n.º 3, do Regulamento (UE) 2018/842, ajustadas em confo	79	112	1082	ue/decisoes/2020/32020D2126.md
32020D2126	ANEXO III		114	128	135	ue/decisoes/2020/32020D2126.md
32020D2127	Preâmbulo		22	42	992	ue/decisoes/2020/32020D2127.md
32020D2127	Artigo 1.º		46	48	32	ue/decisoes/2020/32020D2127.md
32020D2127	Artigo 2.º		50	70	348	ue/decisoes/2020/32020D2127.md
32020D2127	ANEXO		72	98	194	ue/decisoes/2020/32020D2127.md
32020D2130	Preâmbulo		18	44	647	ue/decisoes/2020/32020D2130.md
32020D2130	Artigo 1.º		48	50	25	ue/decisoes/2020/32020D2130.md
32020D2130	Artigo 2.º		52	68	163	ue/decisoes/2020/32020D2130.md
32020D2130	ANEXO		70	120	7950	ue/decisoes/2020/32020D2130.md
32020D2134	Preâmbulo		18	42	508	ue/decisoes/2020/32020D2134.md
32020D2134	Artigo 1.º		46	48	96	ue/decisoes/2020/32020D2134.md
32020D2134	Artigo 2.º		50	68	84	ue/decisoes/2020/32020D2134.md
32020D2135	Preâmbulo		18	42	677	ue/decisoes/2020/32020D2135.md
32020D2135	Artigo 1.º		46	48	54	ue/decisoes/2020/32020D2135.md
32020D2135	Artigo 2.º		50	68	84	ue/decisoes/2020/32020D2135.md
32020D2136	Preâmbulo		18	32	345	ue/decisoes/2020/32020D2136.md
32020D2136	Artigo único		36	52	113	ue/decisoes/2020/32020D2136.md
32020D2137	Preâmbulo		18	38	371	ue/decisoes/2020/32020D2137.md
32020D2137	Artigo 1.º		42	46	169	ue/decisoes/2020/32020D2137.md
32020D2137	Artigo 2.º		48	62	68	ue/decisoes/2020/32020D2137.md
32020D2138	Preâmbulo		18	38	319	ue/decisoes/2020/32020D2138.md
32020D2138	Artigo 1.º		42	46	139	ue/decisoes/2020/32020D2138.md
32020D2138	Artigo 2.º		48	64	134	ue/decisoes/2020/32020D2138.md
32020D2139	Preâmbulo		18	38	324	ue/decisoes/2020/32020D2139.md
32020D2139	Artigo 1.º		42	46	143	ue/decisoes/2020/32020D2139.md
32020D2139	Artigo 2.º		48	64	138	ue/decisoes/2020/32020D2139.md
32020D2140	Preâmbulo		18	38	328	ue/decisoes/2020/32020D2140.md
32020D2140	Artigo 1.º		42	46	144	ue/decisoes/2020/32020D2140.md
32020D2140	Artigo 2.º		48	64	134	ue/decisoes/2020/32020D2140.md
32020D2141	Preâmbulo		18	38	313	ue/decisoes/2020/32020D2141.md
32020D2141	Artigo 1.º		42	46	136	ue/decisoes/2020/32020D2141.md
32020D2141	Artigo 2.º		48	64	133	ue/decisoes/2020/32020D2141.md
32020D2142	Preâmbulo		18	38	377	ue/decisoes/2020/32020D2142.md
32020D2142	Artigo 1.º		42	47	56	ue/decisoes/2020/32020D2142.md
32020D2142	Artigo 2.º		49	61	102	ue/decisoes/2020/32020D2142.md
32020D2143	Preâmbulo		18	38	287	ue/decisoes/2020/32020D2143.md
32020D2143	Artigo 1.º		42	47	48	ue/decisoes/2020/32020D2143.md
32020D2143	Artigo 2.º		49	63	164	ue/decisoes/2020/32020D2143.md
32020D2144	Preâmbulo		18	36	236	ue/decisoes/2020/32020D2144.md
32020D2144	Artigo 1.º		40	42	26	ue/decisoes/2020/32020D2144.md
32020D2144	Artigo 2.º		44	56	60	ue/decisoes/2020/32020D2144.md
32020D2144	ANEXO		58	63	526	ue/decisoes/2020/32020D2144.md
32020D2165	Preâmbulo		22	66	1828	ue/decisoes/2020/32020D2165.md
32020D2165	Artigo 1.º		70	72	69	ue/decisoes/2020/32020D2165.md
32020D2165	Artigo 2.º		74	116	1024	ue/decisoes/2020/32020D2165.md
32020D2165	ANEXO	NORMAS MÍNIMAS DE QUALIDADE DOS DADOS E ESPECIFICAÇÕES TÉCNICAS PARA A UTILIZAÇÃO DE FOTOGRAFIAS E DADOS DACTILOSCÓPICOS NO SIS	118	174	1084	ue/decisoes/2020/32020D2165.md
32020D2166	Preâmbulo		18	36	1068	ue/decisoes/2020/32020D2166.md
32020D2166	Artigo 1.º		40	46	133	ue/decisoes/2020/32020D2166.md
32020D2166	Artigo 2.º		48	72	442	ue/decisoes/2020/32020D2166.md
32020D2166	ANEXO I	Quotas das licenças de emissão emitidas nos termos do capítulo III da Diretiva 2003/87/CE disponibilizadas para leilão	74	108	279	ue/decisoes/2020/32020D2166.md
32020D2166	ANEXO II	Quotas das licenças de emissão emitidas nos termos do capítulo II da Diretiva 2003/87/CE disponibilizadas para leilão	110	142	256	ue/decisoes/2020/32020D2166.md
32020D2168	Preâmbulo		22	52	1390	ue/decisoes/2020/32020D2168.md
32020D2168	Artigo 1.º		56	62	234	ue/decisoes/2020/32020D2168.md
32020D2168	Artigo 2.º		64	82	382	ue/decisoes/2020/32020D2168.md
32020D2182	Artigo 1.º		36	38	28	ue/decisoes/2020/32020D2182.md
32020D2182	Artigo 2.º		40	46	65	ue/decisoes/2020/32020D2182.md
32020D2182	ANEXO I		48	256	3434	ue/decisoes/2020/32020D2182.md
32020D2182	ANEXO II		258	296	84	ue/decisoes/2020/32020D2182.md
32020D2185	Preâmbulo		18	38	477	ue/decisoes/2020/32020D2185.md
32020D2185	Artigo 1.º		42	44	83	ue/decisoes/2020/32020D2185.md
32020D2185	Artigo 2.º		46	48	34	ue/decisoes/2020/32020D2185.md
32020D2185	Artigo 3.º		50	64	120	ue/decisoes/2020/32020D2185.md
32020D2186	Preâmbulo		18	48	634	ue/decisoes/2020/32020D2186.md
32020D2186	Artigo 1.º		52	54	88	ue/decisoes/2020/32020D2186.md
32020D2186	Artigo 2.º		56	58	24	ue/decisoes/2020/32020D2186.md
32020D2186	Artigo 3.º		60	72	105	ue/decisoes/2020/32020D2186.md
32020D2186	Artigo 1.º	Objeto	74	78	183	ue/decisoes/2020/32020D2186.md
32020D2186	Artigo 2.º	Representantes da União	80	110	1360	ue/decisoes/2020/32020D2186.md
32020D2186	Artigo 3.º	Pontos de contacto	112	120	135	ue/decisoes/2020/32020D2186.md
32020D2186	Artigo 4.º	Modalidades do pedido de informações	122	130	328	ue/decisoes/2020/32020D2186.md
32020D2186	Artigo 5.º	Acesso eletrónico a sistemas de informação, bases de dados e redes aplicáveis	132	142	570	ue/decisoes/2020/32020D2186.md
32020D2186	Artigo 6.º	Modalidades do pedido de medidas de controlo	144	150	208	ue/decisoes/2020/32020D2186.md
32020D2186	Artigo 7.º		152	154	44	ue/decisoes/2020/32020D2186.md
32020D2186	Artigo 8.º	Entrada em vigor	156	164	36	ue/decisoes/2020/32020D2186.md
32020D2186	ANEXO 1		166	180	264	ue/decisoes/2020/32020D2186.md
32020D2186	ANEXO 2		182	192	202	ue/decisoes/2020/32020D2186.md
32020D2187	Preâmbulo		18	38	477	ue/decisoes/2020/32020D2187.md
32020D2187	Artigo 1.º		42	44	61	ue/decisoes/2020/32020D2187.md
32020D2187	Artigo 2.º		46	62	164	ue/decisoes/2020/32020D2187.md
32020D2188	Preâmbulo		18	54	1197	ue/decisoes/2020/32020D2188.md
32020D2188	Artigo 1.º		58	74	509	ue/decisoes/2020/32020D2188.md
32020D2188	«Artigo 2.º-A	Transferência das pessoas capturadas e detidas com vista ao exercício de competências jurisdicionais	76	88	582	ue/decisoes/2020/32020D2188.md
32020D2188	«Artigo 2.º-B	Contribuir para a aplicação do embargo de armas imposto pelas Nações Unidas à Somália e para combater o tráfico de estupefacientes ao largo da costa da Somália	90	130	2036	ue/decisoes/2020/32020D2188.md
32020D2188	Artigo 2.º		132	146	198	ue/decisoes/2020/32020D2188.md
32020D2200	Preâmbulo		22	50	1228	ue/decisoes/2020/32020D2200.md
32020D2200	Artigo 1.º		54	58	140	ue/decisoes/2020/32020D2200.md
32020D2200	Artigo 2.º		60	88	441	ue/decisoes/2020/32020D2200.md
32020D2200	Artigo 3.º		90	92	48	ue/decisoes/2020/32020D2200.md
32020D2200	Artigo 4.º		94	134	519	ue/decisoes/2020/32020D2200.md
32020D2212	Preâmbulo		22	54	1156	ue/decisoes/2020/32020D2212.md
32020D2212	Artigo 1.º		58	60	28	ue/decisoes/2020/32020D2212.md
32020D2212	Artigo 2.º		62	64	20	ue/decisoes/2020/32020D2212.md
32020D2212	Artigo 3.º		66	84	160	ue/decisoes/2020/32020D2212.md
32020D2212	ANEXO	«ANEXO	86	226	474	ue/decisoes/2020/32020D2212.md
32020D2219	Preâmbulo		22	60	1277	ue/decisoes/2020/32020D2219.md
32020D2219	Artigo 1.º	Equivalência dos materiais de propagação e plantação de produtos hortícolas	64	66	194	ue/decisoes/2020/32020D2219.md
32020D2219	Artigo 2.º	Equivalência dos materiais de propagação de fruteiras e fruteiras destinados à produção de frutos	68	70	195	ue/decisoes/2020/32020D2219.md
32020D2219	Artigo 3.º	Data de aplicação	72	74	25	ue/decisoes/2020/32020D2219.md
32020D2219	Artigo 4.º	Destinatários	76	92	161	ue/decisoes/2020/32020D2219.md
32020D2228	Preâmbulo		18	70	2826	ue/decisoes/2020/32020D2228.md
32020D2228	Artigo 1.º	Objeto	74	76	32	ue/decisoes/2020/32020D2228.md
32020D2228	Artigo 2.º	Objetivos	78	112	1138	ue/decisoes/2020/32020D2228.md
32020D2228	Artigo 3.º	Conteúdo das medidas	114	148	1081	ue/decisoes/2020/32020D2228.md
32020D2228	Artigo 4.º	Coordenação a nível dos Estados-Membros	150	152	79	ue/decisoes/2020/32020D2228.md
32020D2228	Artigo 5.º	Coordenação a nível da União	154	162	380	ue/decisoes/2020/32020D2228.md
32020D2228	Artigo 6.º	Cooperação internacional	164	166	56	ue/decisoes/2020/32020D2228.md
32020D2228	Artigo 7.º	Acompanhamento e avaliação	168	170	150	ue/decisoes/2020/32020D2228.md
32020D2228	Artigo 8.º	Entrada em vigor	172	198	218	ue/decisoes/2020/32020D2228.md
32020D2228	ANEXO		200	224	348	ue/decisoes/2020/32020D2228.md
32020D2229	Preâmbulo		22	62	1436	ue/decisoes/2020/32020D2229.md
32020D2229	Artigo 1.º		66	88	484	ue/decisoes/2020/32020D2229.md
32020D2229	Artigo 2.º		90	92	66	ue/decisoes/2020/32020D2229.md
32020D2229	Artigo 3.º		94	116	181	ue/decisoes/2020/32020D2229.md
32020D2229	ANEXO	«CALENDÁRIO	118	134	186	ue/decisoes/2020/32020D2229.md
32020D2232	Preâmbulo		18	56	915	ue/decisoes/2020/32020D2232.md
32020D2232	Artigo 1.º		60	66	173	ue/decisoes/2020/32020D2232.md
32020D2232	Artigo 2.º		68	70	50	ue/decisoes/2020/32020D2232.md
32020D2232	Artigo 3.º		72	74	23	ue/decisoes/2020/32020D2232.md
32020D2232	Artigo 4.º		76	88	104	ue/decisoes/2020/32020D2232.md
32020D2232	Artigo 1.º		90	92	35	ue/decisoes/2020/32020D2232.md
32020D2232	Artigo 2.º		94	104	41	ue/decisoes/2020/32020D2232.md
32020D2232	ANEXO I	da Decisão n.º …/2020 do Comité Misto	106	182	920	ue/decisoes/2020/32020D2232.md
32020D2232	ANEXO	Lista de reserva de candidatos dispostos e aptos a exercer funções como membros da União de um painel de arbitragem instituído ao abrigo do Acordo de Saída	184	218	114	ue/decisoes/2020/32020D2232.md
32020D2233	Preâmbulo		18	56	2052	ue/decisoes/2020/32020D2233.md
32020D2233	Artigo 1.º		60	62	175	ue/decisoes/2020/32020D2233.md
32020D2233	Artigo 2.º		64	72	466	ue/decisoes/2020/32020D2233.md
32020D2233	Artigo 3.º		74	76	16	ue/decisoes/2020/32020D2233.md
32020D2233	Artigo 4.º		78	104	451	ue/decisoes/2020/32020D2233.md
32020D2234	Preâmbulo		18	38	338	ue/decisoes/2020/32020D2234.md
32020D2234	Artigo 1.º		42	44	91	ue/decisoes/2020/32020D2234.md
32020D2234	Artigo 2.º		46	48	41	ue/decisoes/2020/32020D2234.md
32020D2234	Artigo 3.º		50	52	50	ue/decisoes/2020/32020D2234.md
32020D2234	Artigo 4.º		54	70	106	ue/decisoes/2020/32020D2234.md
32020D2239	Preâmbulo		22	56	1314	ue/decisoes/2020/32020D2239.md
32020D2239	Artigo 1.º		60	64	150	ue/decisoes/2020/32020D2239.md
32020D2239	Artigo 2.º		66	82	86	ue/decisoes/2020/32020D2239.md
32020D2252	Preâmbulo		22	72	3189	ue/decisoes/2020/32020D2252.md
32020D2252	Artigo 1.º		76	82	176	ue/decisoes/2020/32020D2252.md
32020D2252	Artigo 2.º		84	96	592	ue/decisoes/2020/32020D2252.md
32020D2252	Artigo 3.º		98	126	817	ue/decisoes/2020/32020D2252.md
32020D2252	Artigo 4.º		128	130	189	ue/decisoes/2020/32020D2252.md
32020D2252	Artigo 5.º		132	148	576	ue/decisoes/2020/32020D2252.md
32020D2252	Artigo 6.º		150	168	518	ue/decisoes/2020/32020D2252.md
32020D2252	Artigo 7.º		170	180	296	ue/decisoes/2020/32020D2252.md
32020D2252	Artigo 8.º		182	190	312	ue/decisoes/2020/32020D2252.md
32020D2252	Artigo 9.º		192	194	75	ue/decisoes/2020/32020D2252.md
32020D2252	Artigo 10.º		196	198	132	ue/decisoes/2020/32020D2252.md
32020D2252	Artigo 11.º		200	202	34	ue/decisoes/2020/32020D2252.md
32020D2252	Artigo 12.º		204	216	348	ue/decisoes/2020/32020D2252.md
32020D2252	Artigo 13.º		218	220	50	ue/decisoes/2020/32020D2252.md
32020D2252	Artigo 14.º		222	224	28	ue/decisoes/2020/32020D2252.md
32020D2252	Artigo 15.º		226	242	311	ue/decisoes/2020/32020D2252.md
32020D2253	Preâmbulo		22	46	1035	ue/decisoes/2020/32020D2253.md
32020D2253	Artigo 1.º		50	58	250	ue/decisoes/2020/32020D2253.md
32020D2253	Artigo 2.º		60	70	313	ue/decisoes/2020/32020D2253.md
32020D2253	Artigo 3.º		72	82	380	ue/decisoes/2020/32020D2253.md
32020D2253	Artigo 4.º		84	96	175	ue/decisoes/2020/32020D2253.md
32020D2255	Preâmbulo		18	40	833	ue/decisoes/2020/32020D2255.md
32020D2255	Artigo 1.º		44	60	484	ue/decisoes/2020/32020D2255.md
32020D2255	Artigo 2.º		62	64	121	ue/decisoes/2020/32020D2255.md
32020D2255	Artigo 3.º		66	68	77	ue/decisoes/2020/32020D2255.md
32020D2255	Artigo 4.º		70	80	177	ue/decisoes/2020/32020D2255.md
