celex	unidade	epigrafe	linha_ini	linha_fim	tokens	ficheiro
22001A0320(01)	ANEXO 1	>POSIÇÃO NUMA TABELA>	56	56	9	ue/acordos-internacionais/2001/22001A0320(01).md
22001A0320(01)	ANEXO 2		58	88	878	ue/acordos-internacionais/2001/22001A0320(01).md
22001A0330(01)	Preâmbulo		18	84	777	ue/acordos-internacionais/2001/22001A0330(01).md
22001A0330(01)	Artigo 1.º	Base da cooperação	200	202	67	ue/acordos-internacionais/2001/22001A0330(01).md
22001A0330(01)	Artigo 2.º	Objectivos da cooperação	204	212	146	ue/acordos-internacionais/2001/22001A0330(01).md
22001A0330(01)	Artigo 3.º	Diálogo político	214	216	79	ue/acordos-internacionais/2001/22001A0330(01).md
22001A0330(01)	Artigo 4.º	Tratamento de nação mais favorecida	218	220	61	ue/acordos-internacionais/2001/22001A0330(01).md
22001A0330(01)	Artigo 5.º	Cooperação comercial	222	254	686	ue/acordos-internacionais/2001/22001A0330(01).md
22001A0330(01)	Artigo 6.º	Agricultura e pescas	256	270	317	ue/acordos-internacionais/2001/22001A0330(01).md
22001A0330(01)	Artigo 7.º	Transportes marítimos	272	292	881	ue/acordos-internacionais/2001/22001A0330(01).md
22001A0330(01)	Artigo 8.º	Construção naval	294	300	298	ue/acordos-internacionais/2001/22001A0330(01).md
22001A0330(01)	Artigo 9.º	Protecção da propriedade intelectual, industrial e comercial	302	308	183	ue/acordos-internacionais/2001/22001A0330(01).md
22001A0330(01)	Artigo 10.º	Regulamentação técnica, normas e avaliação da conformidade	310	328	334	ue/acordos-internacionais/2001/22001A0330(01).md
22001A0330(01)	Artigo 11.º	Consultas	330	344	424	ue/acordos-internacionais/2001/22001A0330(01).md
22001A0330(01)	Artigo 12.º	Cooperação económica e industrial	346	374	352	ue/acordos-internacionais/2001/22001A0330(01).md
22001A0330(01)	Artigo 13.º	Droga e branqueamento de capitais	376	382	280	ue/acordos-internacionais/2001/22001A0330(01).md
22001A0330(01)	Artigo 14.º	Cooperação no domínio da ciência e da tecnologia	384	416	643	ue/acordos-internacionais/2001/22001A0330(01).md
22001A0330(01)	Artigo 15.º	Cooperação no domínio do ambiente	418	432	284	ue/acordos-internacionais/2001/22001A0330(01).md
22001A0330(01)	Artigo 16.º	Energia	434	448	215	ue/acordos-internacionais/2001/22001A0330(01).md
22001A0330(01)	Artigo 17.º	Cooperação nos domínios da informação, comunicação e cultura	450	462	137	ue/acordos-internacionais/2001/22001A0330(01).md
22001A0330(01)	Artigo 18.º	Cooperação para o desenvolvimento de países terceiros	464	466	128	ue/acordos-internacionais/2001/22001A0330(01).md
22001A0330(01)	Artigo 19.º	Comissão Mista	468	488	423	ue/acordos-internacionais/2001/22001A0330(01).md
22001A0330(01)	Artigo 20.º	Definição	490	492	72	ue/acordos-internacionais/2001/22001A0330(01).md
22001A0330(01)	Artigo 21.º	Entrada em vigor e vigência	494	498	114	ue/acordos-internacionais/2001/22001A0330(01).md
22001A0330(01)	Artigo 22.º	Notificações	500	502	56	ue/acordos-internacionais/2001/22001A0330(01).md
22001A0330(01)	Artigo 23.º	Incumprimento do acordo	504	506	164	ue/acordos-internacionais/2001/22001A0330(01).md
22001A0330(01)	Artigo 24.º	Desenvolvimentos futuros	508	512	112	ue/acordos-internacionais/2001/22001A0330(01).md
22001A0330(01)	Artigo 25.º	Declarações e anexo	514	516	28	ue/acordos-internacionais/2001/22001A0330(01).md
22001A0330(01)	Artigo 26.º	Âmbito de aplicação territorial	518	520	66	ue/acordos-internacionais/2001/22001A0330(01).md
22001A0330(01)	Artigo 27.º	Textos que fazem fé	522	648	2099	ue/acordos-internacionais/2001/22001A0330(01).md
22001A0403(01)	Artigo 1.º		56	66	315	ue/acordos-internacionais/2001/22001A0403(01).md
22001A0403(01)	Artigo 2.º		68	84	536	ue/acordos-internacionais/2001/22001A0403(01).md
22001A0403(01)	Artigo 3.º		86	98	276	ue/acordos-internacionais/2001/22001A0403(01).md
22001A0403(01)	Artigo 4.º		100	124	910	ue/acordos-internacionais/2001/22001A0403(01).md
22001A0403(01)	Artigo 5.º		126	128	158	ue/acordos-internacionais/2001/22001A0403(01).md
22001A0403(01)	Artigo 6.º		130	134	268	ue/acordos-internacionais/2001/22001A0403(01).md
22001A0403(01)	Artigo 7.º		136	140	199	ue/acordos-internacionais/2001/22001A0403(01).md
22001A0403(01)	Artigo 8.º		142	148	202	ue/acordos-internacionais/2001/22001A0403(01).md
22001A0403(01)	Artigo 9.º		150	162	323	ue/acordos-internacionais/2001/22001A0403(01).md
22001A0403(01)	Artigo 10.º		164	166	110	ue/acordos-internacionais/2001/22001A0403(01).md
22001A0403(01)	Artigo 11.º		168	174	142	ue/acordos-internacionais/2001/22001A0403(01).md
22001A0403(01)	Artigo 12.º		176	178	62	ue/acordos-internacionais/2001/22001A0403(01).md
22001A0403(01)	Artigo 13.º		180	190	188	ue/acordos-internacionais/2001/22001A0403(01).md
22001A0403(01)	Artigo 14.º		192	196	108	ue/acordos-internacionais/2001/22001A0403(01).md
22001A0403(01)	Artigo 15.º		198	260	1281	ue/acordos-internacionais/2001/22001A0403(01).md
22001A0404(01)	ANEXO II		20	114	1569	ue/acordos-internacionais/2001/22001A0404(01).md
22001A0404(02)	ANEXO III		20	114	1576	ue/acordos-internacionais/2001/22001A0404(02).md
22001A0404(03)	ANEXO IV		20	114	1542	ue/acordos-internacionais/2001/22001A0404(03).md
22001A0418(01)	Artigo 1.º	Objectivo	44	46	86	ue/acordos-internacionais/2001/22001A0418(01).md
22001A0418(01)	Artigo 2.º	Âmbito de aplicação	48	60	163	ue/acordos-internacionais/2001/22001A0418(01).md
22001A0418(01)	Artigo 3.º	Definições	62	78	500	ue/acordos-internacionais/2001/22001A0418(01).md
22001A0418(01)	Artigo 4.º	Disposições gerais	82	84	80	ue/acordos-internacionais/2001/22001A0418(01).md
22001A0418(01)	Artigo 5.º	Medidas de apoio	86	128	946	ue/acordos-internacionais/2001/22001A0418(01).md
22001A0418(01)	Artigo 6.º	Disposições gerais	132	170	1083	ue/acordos-internacionais/2001/22001A0418(01).md
22001A0418(01)	Artigo 7.º	Acesso ao mercado	172	174	84	ue/acordos-internacionais/2001/22001A0418(01).md
22001A0418(01)	Artigo 8.º	Disposições fiscais	176	198	644	ue/acordos-internacionais/2001/22001A0418(01).md
22001A0418(01)	Artigo 9.º	Disposições sociais	200	202	113	ue/acordos-internacionais/2001/22001A0418(01).md
22001A0418(01)	Artigo 10.º	Disposições técnicas	204	216	354	ue/acordos-internacionais/2001/22001A0418(01).md
22001A0418(01)	Artigo 11.º	Simplificação das formalidades	220	226	139	ue/acordos-internacionais/2001/22001A0418(01).md
22001A0418(01)	Artigo 12.º	Alargamento do âmbito de aplicação	230	232	122	ue/acordos-internacionais/2001/22001A0418(01).md
22001A0418(01)	Artigo 13.º	Comité Misto	234	260	406	ue/acordos-internacionais/2001/22001A0418(01).md
22001A0418(01)	Artigo 14.º	Infracções	262	268	196	ue/acordos-internacionais/2001/22001A0418(01).md
22001A0418(01)	Artigo 15.º	Vigência do acordo	270	272	72	ue/acordos-internacionais/2001/22001A0418(01).md
22001A0418(01)	Artigo 16.º	Denúncia do acordo	274	276	39	ue/acordos-internacionais/2001/22001A0418(01).md
22001A0418(01)	Artigo 17.º		278	280	19	ue/acordos-internacionais/2001/22001A0418(01).md
22001A0418(01)	Artigo 18.º	Línguas	282	284	62	ue/acordos-internacionais/2001/22001A0418(01).md
22001A0418(01)	Artigo 19.º	Entrada em vigor	286	324	474	ue/acordos-internacionais/2001/22001A0418(01).md
22001A0418(01)	ANEXO 2	Disposições pertinentes do acervo comunitário	326	330	200	ue/acordos-internacionais/2001/22001A0418(01).md
22001A0418(01)	ANEXO 3		332	338	201	ue/acordos-internacionais/2001/22001A0418(01).md
22001A0418(01)	ANEXO 4	">PIC FILE= ""L_2001108PT.001902.EPS"">"	340	344	32	ue/acordos-internacionais/2001/22001A0418(01).md
22001A0418(01)	ANEXO 5		346	386	1059	ue/acordos-internacionais/2001/22001A0418(01).md
22001A0418(02)	Artigo 1.º	Objectivo	44	46	86	ue/acordos-internacionais/2001/22001A0418(02).md
22001A0418(02)	Artigo 2.º	Âmbito de aplicação	48	60	163	ue/acordos-internacionais/2001/22001A0418(02).md
22001A0418(02)	Artigo 3.º	Definições	62	78	500	ue/acordos-internacionais/2001/22001A0418(02).md
22001A0418(02)	Artigo 4.º	Disposições gerais	82	84	80	ue/acordos-internacionais/2001/22001A0418(02).md
22001A0418(02)	Artigo 5.º	Medidas de apoio	86	128	945	ue/acordos-internacionais/2001/22001A0418(02).md
22001A0418(02)	Artigo 6.º	Disposições gerais	132	170	1080	ue/acordos-internacionais/2001/22001A0418(02).md
22001A0418(02)	Artigo 7.º	Acesso ao mercado	172	174	84	ue/acordos-internacionais/2001/22001A0418(02).md
22001A0418(02)	Artigo 8.º	Disposições fiscais	176	198	706	ue/acordos-internacionais/2001/22001A0418(02).md
22001A0418(02)	Artigo 9.º	Disposições sociais	200	202	113	ue/acordos-internacionais/2001/22001A0418(02).md
22001A0418(02)	Artigo 10.º	Disposições técnicas	204	216	353	ue/acordos-internacionais/2001/22001A0418(02).md
22001A0418(02)	Artigo 11.º	Simplificação das formalidades	220	226	139	ue/acordos-internacionais/2001/22001A0418(02).md
22001A0418(02)	Artigo 12.º	Alargamento do âmbito de aplicação	230	232	122	ue/acordos-internacionais/2001/22001A0418(02).md
22001A0418(02)	Artigo 13.º	Comité Misto	234	260	406	ue/acordos-internacionais/2001/22001A0418(02).md
22001A0418(02)	Artigo 14.º	Infracções	262	268	195	ue/acordos-internacionais/2001/22001A0418(02).md
22001A0418(02)	Artigo 15.º	Vigência do acordo	270	272	72	ue/acordos-internacionais/2001/22001A0418(02).md
22001A0418(02)	Artigo 16.º	Denúncia do acordo	274	276	39	ue/acordos-internacionais/2001/22001A0418(02).md
22001A0418(02)	Artigo 17.º		278	280	19	ue/acordos-internacionais/2001/22001A0418(02).md
22001A0418(02)	Artigo 18.º	Línguas	282	284	62	ue/acordos-internacionais/2001/22001A0418(02).md
22001A0418(02)	Artigo 19.º	Entrada em vigor	286	324	453	ue/acordos-internacionais/2001/22001A0418(02).md
22001A0418(02)	ANEXO 2	Disposições pertinentes do acervo comunitário	326	330	200	ue/acordos-internacionais/2001/22001A0418(02).md
22001A0418(02)	ANEXO 3		332	338	201	ue/acordos-internacionais/2001/22001A0418(02).md
22001A0418(02)	ANEXO 4	">PIC FILE= ""L_2001108PT.004102.EPS"">"	340	344	32	ue/acordos-internacionais/2001/22001A0418(02).md
22001A0418(02)	ANEXO 5		346	378	1058	ue/acordos-internacionais/2001/22001A0418(02).md
22001A0420(01)	Artigo 1.º	Definições	52	104	1081	ue/acordos-internacionais/2001/22001A0420(01).md
22001A0420(01)	Artigo 2.º	Objectivo	106	108	56	ue/acordos-internacionais/2001/22001A0420(01).md
22001A0420(01)	Artigo 3.º	Princípios Gerais	110	124	284	ue/acordos-internacionais/2001/22001A0420(01).md
22001A0420(01)	Artigo 4.º	Aplicação Geográfica	126	130	246	ue/acordos-internacionais/2001/22001A0420(01).md
22001A0420(01)	Artigo 5.º	A Organização	132	148	257	ue/acordos-internacionais/2001/22001A0420(01).md
22001A0420(01)	Artigo 6.º	A Comissão	150	226	1213	ue/acordos-internacionais/2001/22001A0420(01).md
22001A0420(01)	Artigo 7.º	Aplicação da abordagem de precaução	228	234	184	ue/acordos-internacionais/2001/22001A0420(01).md
22001A0420(01)	Artigo 8.º	Sessões da Comissão	236	256	726	ue/acordos-internacionais/2001/22001A0420(01).md
22001A0420(01)	Artigo 9.º	Comité de Aplicação	258	276	340	ue/acordos-internacionais/2001/22001A0420(01).md
22001A0420(01)	Artigo 10.º	Comité Científico	278	306	597	ue/acordos-internacionais/2001/22001A0420(01).md
22001A0420(01)	Artigo 11.º	O Secretariado	308	316	155	ue/acordos-internacionais/2001/22001A0420(01).md
22001A0420(01)	Artigo 12.º	Financiamento e Orçamento	318	338	539	ue/acordos-internacionais/2001/22001A0420(01).md
22001A0420(01)	Artigo 13.º	Obrigações das partes contratantes	340	370	761	ue/acordos-internacionais/2001/22001A0420(01).md
22001A0420(01)	Artigo 14.º	Obrigações dos Estados de pavilhão	372	396	614	ue/acordos-internacionais/2001/22001A0420(01).md
22001A0420(01)	Artigo 15.º	Obrigações e medidas tomadas pelos Estados de porto	398	410	504	ue/acordos-internacionais/2001/22001A0420(01).md
22001A0420(01)	Artigo 16.º	Observação, inspecção, cumprimento e execução	412	440	918	ue/acordos-internacionais/2001/22001A0420(01).md
22001A0420(01)	Artigo 17.º	Tomada de decisões	442	448	142	ue/acordos-internacionais/2001/22001A0420(01).md
22001A0420(01)	Artigo 18.º	Cooperação com outras organizações	450	458	276	ue/acordos-internacionais/2001/22001A0420(01).md
22001A0420(01)	Artigo 19.º	Compatibilidade das medidas de conservação e de gestão	460	466	293	ue/acordos-internacionais/2001/22001A0420(01).md
22001A0420(01)	Artigo 20.º	Possibilidades de pesca	468	496	527	ue/acordos-internacionais/2001/22001A0420(01).md
22001A0420(01)	Artigo 21.º	Reconhecimento das necessidades especiais dos Estados em desenvolvimento da região	498	522	666	ue/acordos-internacionais/2001/22001A0420(01).md
22001A0420(01)	Artigo 22.º	Partes não contratantes na presente Convenção	524	534	612	ue/acordos-internacionais/2001/22001A0420(01).md
22001A0420(01)	Artigo 23.º	Execução	536	564	943	ue/acordos-internacionais/2001/22001A0420(01).md
22001A0420(01)	Artigo 24.º	Resolução dos litígios	566	576	559	ue/acordos-internacionais/2001/22001A0420(01).md
22001A0420(01)	Artigo 25.º	Assinatura, ratificação, aceitação e aprovação	578	582	284	ue/acordos-internacionais/2001/22001A0420(01).md
22001A0420(01)	Artigo 26.º	Adesão	584	590	274	ue/acordos-internacionais/2001/22001A0420(01).md
22001A0420(01)	Artigo 27.º	Entrada em vigor	592	594	134	ue/acordos-internacionais/2001/22001A0420(01).md
22001A0420(01)	Artigo 28.º	Reservas e excepções	596	598	27	ue/acordos-internacionais/2001/22001A0420(01).md
22001A0420(01)	Artigo 29.º	Declarações e intervenções	600	602	154	ue/acordos-internacionais/2001/22001A0420(01).md
22001A0420(01)	Artigo 30.º	Relação com outros acordos	604	606	95	ue/acordos-internacionais/2001/22001A0420(01).md
22001A0420(01)	Artigo 31.º	Pretensões no domínio marítimo	608	610	70	ue/acordos-internacionais/2001/22001A0420(01).md
22001A0420(01)	Artigo 32.º	Emendas	612	620	248	ue/acordos-internacionais/2001/22001A0420(01).md
22001A0420(01)	Artigo 33.º	Denúncia	622	626	150	ue/acordos-internacionais/2001/22001A0420(01).md
22001A0420(01)	Artigo 34.º	Registo	628	646	279	ue/acordos-internacionais/2001/22001A0420(01).md
22001A0420(01)	Artigo 35.º	Textos que fazem fé	648	654	93	ue/acordos-internacionais/2001/22001A0420(01).md
22001A0427(01)	Preâmbulo		18	60	791	ue/acordos-internacionais/2001/22001A0427(01).md
22001A0427(01)	Artigo 1.º	Fundamento do acordo	86	88	67	ue/acordos-internacionais/2001/22001A0427(01).md
22001A0427(01)	Artigo 2.º	Objectivos	90	100	268	ue/acordos-internacionais/2001/22001A0427(01).md
22001A0427(01)	Artigo 3.º	Cooperação para o desenvolvimento	102	118	450	ue/acordos-internacionais/2001/22001A0427(01).md
22001A0427(01)	Artigo 4.º	Comércio e cooperação comercial	120	156	978	ue/acordos-internacionais/2001/22001A0427(01).md
22001A0427(01)	Artigo 5.º	Cooperação no domínio do ambiente	158	174	380	ue/acordos-internacionais/2001/22001A0427(01).md
22001A0427(01)	Artigo 6.º	Cooperação económica	176	192	511	ue/acordos-internacionais/2001/22001A0427(01).md
22001A0427(01)	Artigo 7.º	Cooperação regional	194	206	218	ue/acordos-internacionais/2001/22001A0427(01).md
22001A0427(01)	Artigo 8.º	Cooperação no domínio da ciência e da tecnologia	208	210	74	ue/acordos-internacionais/2001/22001A0427(01).md
22001A0427(01)	Artigo 9.º	Precursores químicos de drogas e branqueamento de capitais	212	222	245	ue/acordos-internacionais/2001/22001A0427(01).md
22001A0427(01)	Artigo 10.º	Desenvolvimento dos recursos humanos	224	230	226	ue/acordos-internacionais/2001/22001A0427(01).md
22001A0427(01)	Artigo 11.º	Informação, comunicação e cultura	232	248	305	ue/acordos-internacionais/2001/22001A0427(01).md
22001A0427(01)	Artigo 12.º	Comité Misto	250	268	316	ue/acordos-internacionais/2001/22001A0427(01).md
22001A0427(01)	Artigo 13.º	Consultas	270	272	56	ue/acordos-internacionais/2001/22001A0427(01).md
22001A0427(01)	Artigo 14.º	Evolução futura	274	278	110	ue/acordos-internacionais/2001/22001A0427(01).md
22001A0427(01)	Artigo 15.º	Outros acordos	280	282	136	ue/acordos-internacionais/2001/22001A0427(01).md
22001A0427(01)	Artigo 16.º	Não cumprimento do acordo	284	290	163	ue/acordos-internacionais/2001/22001A0427(01).md
22001A0427(01)	Artigo 17.º	Concessão de facilidades	292	294	98	ue/acordos-internacionais/2001/22001A0427(01).md
22001A0427(01)	Artigo 18.º	Âmbito territorial	296	298	64	ue/acordos-internacionais/2001/22001A0427(01).md
22001A0427(01)	Artigo 19.º		300	302	20	ue/acordos-internacionais/2001/22001A0427(01).md
22001A0427(01)	Artigo 20.º	Entrada em vigor e renovação	304	308	112	ue/acordos-internacionais/2001/22001A0427(01).md
22001A0427(01)	Artigo 21.º	Textos que fazem fé	310	330	634	ue/acordos-internacionais/2001/22001A0427(01).md
22001A0427(01)	ANEXO I	Declaração comum relativa ao n.º 5 do artigo 4.º do acordo	332	334	160	ue/acordos-internacionais/2001/22001A0427(01).md
22001A0427(01)	ANEXO II	Convenções relativas à protecção dos direitos de propriedade intelectual, industrial e comercial citadas no n.º 5 do artigo 4.º	336	364	453	ue/acordos-internacionais/2001/22001A0427(01).md
22001A0427(01)	ANEXO III	Declaração interpretativa relativa ao artigo 16.º: incumprimento do acordo	366	374	216	ue/acordos-internacionais/2001/22001A0427(01).md
22001A0517(01)	Artigo 1.º	Definições	56	80	588	ue/acordos-internacionais/2001/22001A0517(01).md
22001A0517(01)	Artigo 2.º	Objectivo	82	84	90	ue/acordos-internacionais/2001/22001A0517(01).md
22001A0517(01)	Artigo 3.º	Obrigações fundamentais	86	108	834	ue/acordos-internacionais/2001/22001A0517(01).md
22001A0517(01)	Artigo 4.º	Intercâmbio de informações e de tecnologias	110	122	245	ue/acordos-internacionais/2001/22001A0517(01).md
22001A0517(01)	Artigo 5.º	Estratégias, políticas, programas e medidas	124	144	276	ue/acordos-internacionais/2001/22001A0517(01).md
22001A0517(01)	Artigo 6.º	Investigação, desenvolvimento e monitorização	146	166	442	ue/acordos-internacionais/2001/22001A0517(01).md
22001A0517(01)	Artigo 7.º	Apresentação de relatórios	168	178	488	ue/acordos-internacionais/2001/22001A0517(01).md
22001A0517(01)	Artigo 8.º	Cálculos	180	182	104	ue/acordos-internacionais/2001/22001A0517(01).md
22001A0517(01)	Artigo 9.º	Cumprimento	184	186	110	ue/acordos-internacionais/2001/22001A0517(01).md
22001A0517(01)	Artigo 10.º	Revisões efectuadas pelas partes em sessões do órgão executivo	188	208	473	ue/acordos-internacionais/2001/22001A0517(01).md
22001A0517(01)	Artigo 11.º	Resolução de diferendos	210	228	672	ue/acordos-internacionais/2001/22001A0517(01).md
22001A0517(01)	Artigo 12.º		230	232	38	ue/acordos-internacionais/2001/22001A0517(01).md
22001A0517(01)	Artigo 13.º	Alterações ao protocolo	234	252	691	ue/acordos-internacionais/2001/22001A0517(01).md
22001A0517(01)	Artigo 14.º	Assinatura	254	258	274	ue/acordos-internacionais/2001/22001A0517(01).md
22001A0517(01)	Artigo 15.º	Ratificação, aceitação, aprovação e adesão	260	264	90	ue/acordos-internacionais/2001/22001A0517(01).md
22001A0517(01)	Artigo 16.º	Depositário	266	268	49	ue/acordos-internacionais/2001/22001A0517(01).md
22001A0517(01)	Artigo 17.º	Entrada em vigor	270	274	152	ue/acordos-internacionais/2001/22001A0517(01).md
22001A0517(01)	Artigo 18.º	Denúncia	276	278	113	ue/acordos-internacionais/2001/22001A0517(01).md
22001A0517(01)	Artigo 19.º	Textos que fazem fé	280	286	91	ue/acordos-internacionais/2001/22001A0517(01).md
22001A0517(01)	ANEXO I	Metais pesados referidos no n.º 1 do artigo 3.º e ano de referência da obrigação	288	290	29	ue/acordos-internacionais/2001/22001A0517(01).md
22001A0517(01)	ANEXO II	Categorias de fontes fixas	292	302	131	ue/acordos-internacionais/2001/22001A0517(01).md
22001A0517(01)	ANEXO III	Melhores técnicas disponíveis para o controlo das emissões de metais pesados e seus compostos provenientes das categorias de fontes enumeradas no anexo II	304	606	9669	ue/acordos-internacionais/2001/22001A0517(01).md
22001A0517(01)	ANEXO IV	Escalas temporais para a aplicação dos valores-limite e das melhores técnicas disponíveis a fontes fixas novas e existentes	608	614	154	ue/acordos-internacionais/2001/22001A0517(01).md
22001A0517(01)	ANEXO V	Valores-limite para controlo das emissões provenientes de grandes fontes fixas	616	728	1782	ue/acordos-internacionais/2001/22001A0517(01).md
22001A0517(01)	ANEXO VI	Medidas de controlo de produtos	730	746	708	ue/acordos-internacionais/2001/22001A0517(01).md
22001A0517(01)	ANEXO VII	Medidas de gestão de produtos	748	778	1133	ue/acordos-internacionais/2001/22001A0517(01).md
22001A0517(02)	Artigo 1.º	Objectivo	42	50	227	ue/acordos-internacionais/2001/22001A0517(02).md
22001A0517(02)	Artigo 2.º	Definições	52	62	229	ue/acordos-internacionais/2001/22001A0517(02).md
22001A0517(02)	Artigo 3.º	Alinhamento da legislação	64	66	114	ue/acordos-internacionais/2001/22001A0517(02).md
22001A0517(02)	Artigo 4.º	Aceitação mútua de produtos industriais	68	70	100	ue/acordos-internacionais/2001/22001A0517(02).md
22001A0517(02)	Artigo 5.º	Reconhecimento mútuo dos resultados dos procedimentos de avaliação da conformidade	72	74	106	ue/acordos-internacionais/2001/22001A0517(02).md
22001A0517(02)	Artigo 6.º	Cláusula de salvaguarda	76	78	158	ue/acordos-internacionais/2001/22001A0517(02).md
22001A0517(02)	Artigo 7.º	Extensão do âmbito de aplicação	80	82	68	ue/acordos-internacionais/2001/22001A0517(02).md
22001A0517(02)	Artigo 8.º		84	86	134	ue/acordos-internacionais/2001/22001A0517(02).md
22001A0517(02)	Artigo 9.º	Obrigações das partes no que respeita às autoridades e organismos respectivos	88	92	262	ue/acordos-internacionais/2001/22001A0517(02).md
22001A0517(02)	Artigo 10.º	Organismos notificados	94	104	294	ue/acordos-internacionais/2001/22001A0517(02).md
22001A0517(02)	Artigo 11.º	Verificação dos organismos notificados	106	112	350	ue/acordos-internacionais/2001/22001A0517(02).md
22001A0517(02)	Artigo 12.º	Intercâmbio de informações e cooperação	114	122	176	ue/acordos-internacionais/2001/22001A0517(02).md
22001A0517(02)	Artigo 13.º	Confidencialidade	124	126	94	ue/acordos-internacionais/2001/22001A0517(02).md
22001A0517(02)	Artigo 14.º	Administração do Protocolo	128	144	273	ue/acordos-internacionais/2001/22001A0517(02).md
22001A0517(02)	Artigo 15.º	Cooperação e assistência técnica	146	148	63	ue/acordos-internacionais/2001/22001A0517(02).md
22001A0517(02)	Artigo 16.º	Acordos com outros países	150	152	98	ue/acordos-internacionais/2001/22001A0517(02).md
22001A0517(02)	Artigo 17.º	Entrada em vigor	154	156	68	ue/acordos-internacionais/2001/22001A0517(02).md
22001A0517(02)	Artigo 18.º	Estatuto do Protocolo	158	186	538	ue/acordos-internacionais/2001/22001A0517(02).md
22001A0622(01)	Artigo 1.º	Definições	64	78	283	ue/acordos-internacionais/2001/22001A0622(01).md
22001A0622(01)	Artigo 2.º	Âmbito	80	88	285	ue/acordos-internacionais/2001/22001A0622(01).md
22001A0622(01)	Artigo 3.º	Assistência mediante pedido	90	108	494	ue/acordos-internacionais/2001/22001A0622(01).md
22001A0622(01)	Artigo 4.º	Assistência espontânea	110	122	248	ue/acordos-internacionais/2001/22001A0622(01).md
22001A0622(01)	Artigo 5.º	Entrega e notificação	124	134	160	ue/acordos-internacionais/2001/22001A0622(01).md
22001A0622(01)	Artigo 6.º	Forma e conteúdo dos pedidos de assistência	136	156	334	ue/acordos-internacionais/2001/22001A0622(01).md
22001A0622(01)	Artigo 7.º	Execução dos pedidos	158	168	439	ue/acordos-internacionais/2001/22001A0622(01).md
22001A0622(01)	Artigo 8.º	Forma de comunicação das informações	170	176	124	ue/acordos-internacionais/2001/22001A0622(01).md
22001A0622(01)	Artigo 9.º	Excepções à obrigação de prestar assistência	178	192	346	ue/acordos-internacionais/2001/22001A0622(01).md
22001A0622(01)	Artigo 10.º	Troca de informações e confidencialidade	194	202	461	ue/acordos-internacionais/2001/22001A0622(01).md
22001A0622(01)	Artigo 11.º	Peritos e testemunhas	204	206	160	ue/acordos-internacionais/2001/22001A0622(01).md
22001A0622(01)	Artigo 12.º	Despesas de assistência	208	210	98	ue/acordos-internacionais/2001/22001A0622(01).md
22001A0622(01)	Artigo 13.º	Execução	212	216	226	ue/acordos-internacionais/2001/22001A0622(01).md
22001A0622(01)	Artigo 14.º	Outros acordos	218	232	351	ue/acordos-internacionais/2001/22001A0622(01).md
22001A0718(01)	Artigo 1.º	Âmbito de aplicação	40	48	409	ue/acordos-internacionais/2001/22001A0718(01).md
22001A0718(01)	Artigo 2.º	Transportes efectuados pelo Estado e transporte de objectos postais	50	56	154	ue/acordos-internacionais/2001/22001A0718(01).md
22001A0718(01)	Artigo 3.º	Passageiros e bagagens	60	74	334	ue/acordos-internacionais/2001/22001A0718(01).md
22001A0718(01)	Artigo 4.º	Mercadorias	76	80	118	ue/acordos-internacionais/2001/22001A0718(01).md
22001A0718(01)	Artigo 5.º	Teor da carta de porte aéreo ou do recibo da mercadoria	82	90	110	ue/acordos-internacionais/2001/22001A0718(01).md
22001A0718(01)	Artigo 6.º	Documento relativo à natureza das mercadorias	92	94	105	ue/acordos-internacionais/2001/22001A0718(01).md
22001A0718(01)	Artigo 7.º	Descrição da carta de porte aéreo	96	104	184	ue/acordos-internacionais/2001/22001A0718(01).md
22001A0718(01)	Artigo 8.º	Documentação para mais de um volume	106	112	95	ue/acordos-internacionais/2001/22001A0718(01).md
22001A0718(01)	Artigo 9.º	Incumprimento dos requisitos relativos à documentação	114	116	83	ue/acordos-internacionais/2001/22001A0718(01).md
22001A0718(01)	Artigo 10.º	Responsabilidade pelos elementos contidos na documentação	118	124	304	ue/acordos-internacionais/2001/22001A0718(01).md
22001A0718(01)	Artigo 11.º	Valor de prova da documentação	126	130	207	ue/acordos-internacionais/2001/22001A0718(01).md
22001A0718(01)	Artigo 12.º	Direito de dispor da mercadoria	132	140	378	ue/acordos-internacionais/2001/22001A0718(01).md
22001A0718(01)	Artigo 13.º	Entrega das mercadorias	142	148	185	ue/acordos-internacionais/2001/22001A0718(01).md
22001A0718(01)	Artigo 14.º	Exercício dos direitos do expedidor e do destinatário	150	152	93	ue/acordos-internacionais/2001/22001A0718(01).md
22001A0718(01)	Artigo 15.º	Relações entre o expedidor e o destinatário ou relações mútuas de terceiros	154	158	115	ue/acordos-internacionais/2001/22001A0718(01).md
22001A0718(01)	Artigo 16.º	Formalidades exigidas pelas autoridades aduaneiras, as autoridades policiais ou outras autoridades públicas	160	164	178	ue/acordos-internacionais/2001/22001A0718(01).md
22001A0718(01)	Artigo 17.º	Morte e lesão corporal de passageiros - Avaria de bagagens	168	176	336	ue/acordos-internacionais/2001/22001A0718(01).md
22001A0718(01)	Artigo 18.º	Danos causados a mercadorias	178	194	377	ue/acordos-internacionais/2001/22001A0718(01).md
22001A0718(01)	Artigo 19.º	Atrasos	196	198	106	ue/acordos-internacionais/2001/22001A0718(01).md
22001A0718(01)	Artigo 20.º	Exoneração	200	202	217	ue/acordos-internacionais/2001/22001A0718(01).md
22001A0718(01)	Artigo 21.º	Indemnização em caso de morte ou lesão corporal de passageiros	204	212	168	ue/acordos-internacionais/2001/22001A0718(01).md
22001A0718(01)	Artigo 22.º	Limites da responsabilidade por atrasos, bagagens e mercadorias	214	226	850	ue/acordos-internacionais/2001/22001A0718(01).md
22001A0718(01)	Artigo 23.º	Conversão das unidades monetárias	228	234	632	ue/acordos-internacionais/2001/22001A0718(01).md
22001A0718(01)	Artigo 24.º	Revisão dos limites	236	242	547	ue/acordos-internacionais/2001/22001A0718(01).md
22001A0718(01)	Artigo 25.º	Determinação dos limites	244	246	60	ue/acordos-internacionais/2001/22001A0718(01).md
22001A0718(01)	Artigo 26.º	Invalidade de cláusulas contratuais	248	250	88	ue/acordos-internacionais/2001/22001A0718(01).md
22001A0718(01)	Artigo 27.º	Liberdade contratual	252	254	66	ue/acordos-internacionais/2001/22001A0718(01).md
22001A0718(01)	Artigo 28.º	Adiantamentos	256	258	144	ue/acordos-internacionais/2001/22001A0718(01).md
22001A0718(01)	Artigo 29.º	Fundamento dos pedidos	260	262	160	ue/acordos-internacionais/2001/22001A0718(01).md
22001A0718(01)	Artigo 30.º	Trabalhadores, agentes cumulação de indemnizações	264	270	224	ue/acordos-internacionais/2001/22001A0718(01).md
22001A0718(01)	Artigo 31.º	Prazo de reclamação	272	280	285	ue/acordos-internacionais/2001/22001A0718(01).md
22001A0718(01)	Artigo 32.º	Morte da pessoa responsável	282	284	56	ue/acordos-internacionais/2001/22001A0718(01).md
22001A0718(01)	Artigo 33.º	Jurisdição	286	298	390	ue/acordos-internacionais/2001/22001A0718(01).md
22001A0718(01)	Artigo 34.º	Arbitragem	300	308	186	ue/acordos-internacionais/2001/22001A0718(01).md
22001A0718(01)	Artigo 35.º	Prescrição	310	314	87	ue/acordos-internacionais/2001/22001A0718(01).md
22001A0718(01)	Artigo 36.º	Transporte sucessivo	316	322	332	ue/acordos-internacionais/2001/22001A0718(01).md
22001A0718(01)	Artigo 37.º	Direito de regresso contra terceiros	324	330	60	ue/acordos-internacionais/2001/22001A0718(01).md
22001A0718(01)	Artigo 38.º	Transporte combinado	332	336	156	ue/acordos-internacionais/2001/22001A0718(01).md
22001A0718(01)	Artigo 39.º	Transportadora contratual/Transportadora de facto	340	342	173	ue/acordos-internacionais/2001/22001A0718(01).md
22001A0718(01)	Artigo 40.º	Responsabilidade da transportadora contratual e da transportadora de facto	344	346	145	ue/acordos-internacionais/2001/22001A0718(01).md
22001A0718(01)	Artigo 41.º	Responsabilidade mútua	348	352	261	ue/acordos-internacionais/2001/22001A0718(01).md
22001A0718(01)	Artigo 42.º	Destinatário das reclamações e instruções	354	356	102	ue/acordos-internacionais/2001/22001A0718(01).md
22001A0718(01)	Artigo 43.º	Trabalhadores e agentes	358	360	140	ue/acordos-internacionais/2001/22001A0718(01).md
22001A0718(01)	Artigo 44.º	Cumulação de indemnizações	362	364	143	ue/acordos-internacionais/2001/22001A0718(01).md
22001A0718(01)	Artigo 45.º	Destinatário dos pedidos	366	368	130	ue/acordos-internacionais/2001/22001A0718(01).md
22001A0718(01)	Artigo 46.º	Jurisdição suplementar	370	372	106	ue/acordos-internacionais/2001/22001A0718(01).md
22001A0718(01)	Artigo 47.º	Invalidade das disposições contratuais	374	376	107	ue/acordos-internacionais/2001/22001A0718(01).md
22001A0718(01)	Artigo 48.º	Relações entre a transportadora contratual e a transportadora de facto	378	380	66	ue/acordos-internacionais/2001/22001A0718(01).md
22001A0718(01)	Artigo 49.º	Aplicação obrigatória	384	386	88	ue/acordos-internacionais/2001/22001A0718(01).md
22001A0718(01)	Artigo 50.º		388	390	97	ue/acordos-internacionais/2001/22001A0718(01).md
22001A0718(01)	Artigo 51.º	Transportes efectuados em circunstâncias extraordinárias	392	394	81	ue/acordos-internacionais/2001/22001A0718(01).md
22001A0718(01)	Artigo 52.º	"Definição de ""dias"""	396	398	30	ue/acordos-internacionais/2001/22001A0718(01).md
22001A0718(01)	Artigo 53.º	Assinatura, ratificação e entrada em vigor	402	428	743	ue/acordos-internacionais/2001/22001A0718(01).md
22001A0718(01)	Artigo 54.º	Denúncia	430	434	63	ue/acordos-internacionais/2001/22001A0718(01).md
22001A0718(01)	Artigo 55.º	Relações com outros instrumentos da Convenção de Varsóvia	436	452	471	ue/acordos-internacionais/2001/22001A0718(01).md
22001A0718(01)	Artigo 56.º	Estados em que vigora mais de uma ordem jurídica	454	464	248	ue/acordos-internacionais/2001/22001A0718(01).md
22001A0718(01)	Artigo 57.º	Reservas	466	476	328	ue/acordos-internacionais/2001/22001A0718(01).md
22001A0807(13)	Artigo 1.º		42	44	62	ue/acordos-internacionais/2001/22001A0807(13).md
22001A0807(13)	Artigo 2.º		46	64	248	ue/acordos-internacionais/2001/22001A0807(13).md
22001A0807(13)	Artigo 3.º		66	68	45	ue/acordos-internacionais/2001/22001A0807(13).md
22001A0807(13)	Artigo 4.º		70	72	76	ue/acordos-internacionais/2001/22001A0807(13).md
22001A0807(13)	Artigo 5.º		74	76	102	ue/acordos-internacionais/2001/22001A0807(13).md
22001A0807(13)	Artigo 6.º		78	80	130	ue/acordos-internacionais/2001/22001A0807(13).md
22001A0807(13)	Artigo 7.º		82	84	59	ue/acordos-internacionais/2001/22001A0807(13).md
22001A0807(13)	Artigo 8.º		86	88	31	ue/acordos-internacionais/2001/22001A0807(13).md
22001A0807(13)	Artigo 9.º		90	92	69	ue/acordos-internacionais/2001/22001A0807(13).md
22001A0807(13)	Artigo 10.º		94	96	65	ue/acordos-internacionais/2001/22001A0807(13).md
22001A0807(13)	Artigo 11.º		98	100	44	ue/acordos-internacionais/2001/22001A0807(13).md
22001A0807(13)	Artigo 12.º		102	104	47	ue/acordos-internacionais/2001/22001A0807(13).md
22001A0807(13)	Artigo 13.º		106	108	98	ue/acordos-internacionais/2001/22001A0807(13).md
22001A0807(13)	Artigo 14.º		110	112	61	ue/acordos-internacionais/2001/22001A0807(13).md
22001A0807(13)	Artigo 15.º		114	116	76	ue/acordos-internacionais/2001/22001A0807(13).md
22001A0807(13)	Artigo 16.º		118	120	79	ue/acordos-internacionais/2001/22001A0807(13).md
22001A0807(13)	Artigo 17.º		122	124	82	ue/acordos-internacionais/2001/22001A0807(13).md
22001A0807(13)	Artigo 18.º		126	128	57	ue/acordos-internacionais/2001/22001A0807(13).md
22001A0807(13)	ANEXO I	CONTRIBUIÇÃO FINANCEIRA DA REPÚBLICA DA TURQUIA PARA A AGÊNCIA EUROPEIA DO AMBIENTE	130	156	602	ue/acordos-internacionais/2001/22001A0807(13).md
22001A0807(13)	ANEXO II	PROTOCOLO RELATIVO AOS PRIVILÉGIOS E IMUNIDADES DAS COMUNIDADES EUROPEIAS	158	164	122	ue/acordos-internacionais/2001/22001A0807(13).md
22001A0807(13)	Artigo 1.º		168	170	75	ue/acordos-internacionais/2001/22001A0807(13).md
22001A0807(13)	Artigo 2.º		172	174	15	ue/acordos-internacionais/2001/22001A0807(13).md
22001A0807(13)	Artigo 3.º		176	182	186	ue/acordos-internacionais/2001/22001A0807(13).md
22001A0807(13)	Artigo 4.º		184	188	134	ue/acordos-internacionais/2001/22001A0807(13).md
22001A0807(13)	Artigo 5.º		190	192	30	ue/acordos-internacionais/2001/22001A0807(13).md
22001A0807(13)	Artigo 6.º		196	200	90	ue/acordos-internacionais/2001/22001A0807(13).md
22001A0807(13)	Artigo 7.º		202	208	245	ue/acordos-internacionais/2001/22001A0807(13).md
22001A0807(13)	Artigo 8.º		212	220	159	ue/acordos-internacionais/2001/22001A0807(13).md
22001A0807(13)	Artigo 9.º		222	224	40	ue/acordos-internacionais/2001/22001A0807(13).md
22001A0807(13)	Artigo 10.º		226	236	156	ue/acordos-internacionais/2001/22001A0807(13).md
22001A0807(13)	Artigo 11.º		240	244	105	ue/acordos-internacionais/2001/22001A0807(13).md
22001A0807(13)	Artigo 12.º		248	260	428	ue/acordos-internacionais/2001/22001A0807(13).md
22001A0807(13)	Artigo 13.º		262	266	118	ue/acordos-internacionais/2001/22001A0807(13).md
22001A0807(13)	Artigo 14.º		268	274	390	ue/acordos-internacionais/2001/22001A0807(13).md
22001A0807(13)	Artigo 15.º		276	278	49	ue/acordos-internacionais/2001/22001A0807(13).md
22001A0807(13)	Artigo 16.º		280	284	117	ue/acordos-internacionais/2001/22001A0807(13).md
22001A0807(13)	Artigo 17.º		288	290	54	ue/acordos-internacionais/2001/22001A0807(13).md
22001A0807(13)	Artigo 18.º		294	298	88	ue/acordos-internacionais/2001/22001A0807(13).md
22001A0807(13)	Artigo 19.º		300	302	44	ue/acordos-internacionais/2001/22001A0807(13).md
22001A0807(13)	Artigo 20.º		304	306	29	ue/acordos-internacionais/2001/22001A0807(13).md
22001A0807(13)	Artigo 21.º		308	310	85	ue/acordos-internacionais/2001/22001A0807(13).md
22001A0807(13)	Artigo 22.º		312	316	192	ue/acordos-internacionais/2001/22001A0807(13).md
22001A0807(13)	Artigo 23.º		318	328	268	ue/acordos-internacionais/2001/22001A0807(13).md
22001A1029(01)	Artigo 1.º		44	66	833	ue/acordos-internacionais/2001/22001A1029(01).md
22001A1029(01)	Artigo 2.º		68	76	234	ue/acordos-internacionais/2001/22001A1029(01).md
22001A1029(01)	Artigo 3.º		78	90	335	ue/acordos-internacionais/2001/22001A1029(01).md
22001A1029(01)	Artigo 4.º		92	96	242	ue/acordos-internacionais/2001/22001A1029(01).md
22001A1029(01)	Artigo 5.º		98	110	706	ue/acordos-internacionais/2001/22001A1029(01).md
22001A1029(01)	Artigo 6.º		112	116	306	ue/acordos-internacionais/2001/22001A1029(01).md
22001A1029(01)	Artigo 7.º		118	128	515	ue/acordos-internacionais/2001/22001A1029(01).md
22001A1029(01)	Artigo 8.º		130	162	670	ue/acordos-internacionais/2001/22001A1029(01).md
22001A1029(01)	Artigo 9.º		164	188	1006	ue/acordos-internacionais/2001/22001A1029(01).md
22001A1029(01)	Artigo 10.º		190	196	360	ue/acordos-internacionais/2001/22001A1029(01).md
22001A1029(01)	Artigo 11.º		198	204	179	ue/acordos-internacionais/2001/22001A1029(01).md
22001A1029(01)	Artigo 12.º		206	208	53	ue/acordos-internacionais/2001/22001A1029(01).md
22001A1029(01)	Artigo 13.º		210	212	50	ue/acordos-internacionais/2001/22001A1029(01).md
22001A1029(01)	Artigo 14.º		214	218	106	ue/acordos-internacionais/2001/22001A1029(01).md
22001A1029(01)	Artigo 15.º		220	248	585	ue/acordos-internacionais/2001/22001A1029(01).md
22001A1227(01)	Artigo 1.º		54	64	187	ue/acordos-internacionais/2001/22001A1227(01).md
22001A1227(01)	Artigo 2.º		66	68	31	ue/acordos-internacionais/2001/22001A1227(01).md
22001A1227(01)	Artigo 3.º		70	74	87	ue/acordos-internacionais/2001/22001A1227(01).md
22001A1227(01)	Artigo 4.º		76	78	28	ue/acordos-internacionais/2001/22001A1227(01).md
22001A1227(01)	Artigo 5.º		80	82	38	ue/acordos-internacionais/2001/22001A1227(01).md
22001A1227(03)	Artigo 1.º	Objectivos	22	26	109	ue/acordos-internacionais/2001/22001A1227(03).md
22001A1227(03)	Artigo 2.º	Âmbito de aplicação	28	30	67	ue/acordos-internacionais/2001/22001A1227(03).md
22001A1227(03)	Artigo 3.º	Definições	32	60	650	ue/acordos-internacionais/2001/22001A1227(03).md
22001A1227(03)	Artigo 4.º	Princípios	64	106	1135	ue/acordos-internacionais/2001/22001A1227(03).md
22001A1227(03)	Artigo 5.º	Denominações protegidas	108	110	59	ue/acordos-internacionais/2001/22001A1227(03).md
22001A1227(03)	Artigo 6.º		112	120	147	ue/acordos-internacionais/2001/22001A1227(03).md
22001A1227(03)	Artigo 7.º	Exportações	122	124	86	ue/acordos-internacionais/2001/22001A1227(03).md
22001A1227(03)	Artigo 8.º	Extensão da protecção	126	128	84	ue/acordos-internacionais/2001/22001A1227(03).md
22001A1227(03)	Artigo 9.º	Medidas de execução	130	142	396	ue/acordos-internacionais/2001/22001A1227(03).md
22001A1227(03)	Artigo 10.º	Outros acordos internacionais e legislação interna	144	146	80	ue/acordos-internacionais/2001/22001A1227(03).md
22001A1227(03)	Artigo 11.º	Autoridades competentes em matéria de aplicação	150	154	140	ue/acordos-internacionais/2001/22001A1227(03).md
22001A1227(03)	Artigo 12.º	Infracções	156	174	289	ue/acordos-internacionais/2001/22001A1227(03).md
22001A1227(03)	Artigo 13.º	Grupo de trabalho	178	182	124	ue/acordos-internacionais/2001/22001A1227(03).md
22001A1227(03)	Artigo 14.º	Funções das partes	184	198	324	ue/acordos-internacionais/2001/22001A1227(03).md
22001A1227(03)	Artigo 15.º	Trânsito e pequenas quantidades	202	208	80	ue/acordos-internacionais/2001/22001A1227(03).md
22001A1227(03)	Artigo 16.º	Aplicação territorial	210	212	66	ue/acordos-internacionais/2001/22001A1227(03).md
22001A1227(03)	Artigo 17.º	Incumprimentos	214	222	214	ue/acordos-internacionais/2001/22001A1227(03).md
22001A1227(03)	Artigo 18.º	Comercialização das existências	224	250	512	ue/acordos-internacionais/2001/22001A1227(03).md
22001A1227(04)	Artigo 1.º	Objectivos	22	26	115	ue/acordos-internacionais/2001/22001A1227(04).md
22001A1227(04)	Artigo 2.º	Âmbito de aplicação	28	46	465	ue/acordos-internacionais/2001/22001A1227(04).md
22001A1227(04)	Artigo 3.º	Definições	48	72	449	ue/acordos-internacionais/2001/22001A1227(04).md
22001A1227(04)	Artigo 4.º	Princípios	76	106	810	ue/acordos-internacionais/2001/22001A1227(04).md
22001A1227(04)	Artigo 5.º	Denominações protegidas	108	118	146	ue/acordos-internacionais/2001/22001A1227(04).md
22001A1227(04)	Artigo 6.º		120	124	136	ue/acordos-internacionais/2001/22001A1227(04).md
22001A1227(04)	Artigo 7.º	Exportações	126	128	108	ue/acordos-internacionais/2001/22001A1227(04).md
22001A1227(04)	Artigo 8.º	Extensão da protecção	130	132	84	ue/acordos-internacionais/2001/22001A1227(04).md
22001A1227(04)	Artigo 9.º	Medidas de execução	134	146	429	ue/acordos-internacionais/2001/22001A1227(04).md
22001A1227(04)	Artigo 10.º	Outros acordos internacionais e legislação interna	148	150	80	ue/acordos-internacionais/2001/22001A1227(04).md
22001A1227(04)	Artigo 11.º	Autoridades competentes em matéria de aplicação	154	158	140	ue/acordos-internacionais/2001/22001A1227(04).md
22001A1227(04)	Artigo 12.º	Infracções	160	178	340	ue/acordos-internacionais/2001/22001A1227(04).md
22001A1227(04)	Artigo 13.º	Grupo de trabalho	182	186	124	ue/acordos-internacionais/2001/22001A1227(04).md
22001A1227(04)	Artigo 14.º	Funções das partes	188	202	345	ue/acordos-internacionais/2001/22001A1227(04).md
22001A1227(04)	Artigo 15.º	Trânsito e pequenas quantidades	206	212	90	ue/acordos-internacionais/2001/22001A1227(04).md
22001A1227(04)	Artigo 16.º	Aplicação territorial	214	216	66	ue/acordos-internacionais/2001/22001A1227(04).md
22001A1227(04)	Artigo 17.º	Incumprimentos	218	226	214	ue/acordos-internacionais/2001/22001A1227(04).md
22001A1227(04)	Artigo 18.º	Comercialização das existências	228	258	703	ue/acordos-internacionais/2001/22001A1227(04).md
22001A1227(09)	Artigo 1.º		54	64	186	ue/acordos-internacionais/2001/22001A1227(09).md
22001A1227(09)	Artigo 2.º		66	68	31	ue/acordos-internacionais/2001/22001A1227(09).md
22001A1227(09)	Artigo 3.º		70	74	82	ue/acordos-internacionais/2001/22001A1227(09).md
22001A1227(09)	Artigo 4.º		76	78	28	ue/acordos-internacionais/2001/22001A1227(09).md
22001A1227(09)	Artigo 5.º		80	134	326	ue/acordos-internacionais/2001/22001A1227(09).md
22001A1227(11)	Artigo 1.º	Objectivos	22	26	110	ue/acordos-internacionais/2001/22001A1227(11).md
22001A1227(11)	Artigo 2.º	Âmbito de aplicação	28	30	67	ue/acordos-internacionais/2001/22001A1227(11).md
22001A1227(11)	Artigo 3.º	Definições	32	60	652	ue/acordos-internacionais/2001/22001A1227(11).md
22001A1227(11)	Artigo 4.º	Princípios	64	106	1102	ue/acordos-internacionais/2001/22001A1227(11).md
22001A1227(11)	Artigo 5.º	Denominações protegidas	108	122	123	ue/acordos-internacionais/2001/22001A1227(11).md
22001A1227(11)	Artigo 6.º		124	132	147	ue/acordos-internacionais/2001/22001A1227(11).md
22001A1227(11)	Artigo 7.º	Exportações	134	136	86	ue/acordos-internacionais/2001/22001A1227(11).md
22001A1227(11)	Artigo 8.º	Extensão da protecção	138	140	84	ue/acordos-internacionais/2001/22001A1227(11).md
22001A1227(11)	Artigo 9.º	Medidas de execução	142	154	387	ue/acordos-internacionais/2001/22001A1227(11).md
22001A1227(11)	Artigo 10.º	Outros acordos internacionais e legislação interna	156	158	80	ue/acordos-internacionais/2001/22001A1227(11).md
22001A1227(11)	Artigo 11.º	Autoridades competentes em matéria de aplicação	162	166	142	ue/acordos-internacionais/2001/22001A1227(11).md
22001A1227(11)	Artigo 12.º	Infracções	168	186	280	ue/acordos-internacionais/2001/22001A1227(11).md
22001A1227(11)	Artigo 13.º	Grupo de trabalho	190	194	124	ue/acordos-internacionais/2001/22001A1227(11).md
22001A1227(11)	Artigo 14.º	Funções das partes	196	210	326	ue/acordos-internacionais/2001/22001A1227(11).md
22001A1227(11)	Artigo 15.º	Trânsito e pequenas quantidades	214	220	79	ue/acordos-internacionais/2001/22001A1227(11).md
22001A1227(11)	Artigo 16.º	Aplicação territorial	222	224	62	ue/acordos-internacionais/2001/22001A1227(11).md
22001A1227(11)	Artigo 17.º	Incumprimentos	226	234	214	ue/acordos-internacionais/2001/22001A1227(11).md
22001A1227(11)	Artigo 18.º	Comercialização das existências	236	262	507	ue/acordos-internacionais/2001/22001A1227(11).md
22001A1227(12)	Artigo 1.º	Objectivos	22	26	115	ue/acordos-internacionais/2001/22001A1227(12).md
22001A1227(12)	Artigo 2.º	Âmbito de aplicação	28	46	447	ue/acordos-internacionais/2001/22001A1227(12).md
22001A1227(12)	Artigo 3.º	Definições	48	72	450	ue/acordos-internacionais/2001/22001A1227(12).md
22001A1227(12)	Artigo 4.º	Princípios	76	106	776	ue/acordos-internacionais/2001/22001A1227(12).md
22001A1227(12)	Artigo 5.º	Denominações protegidas	108	118	130	ue/acordos-internacionais/2001/22001A1227(12).md
22001A1227(12)	Artigo 6.º		120	124	136	ue/acordos-internacionais/2001/22001A1227(12).md
22001A1227(12)	Artigo 7.º	Exportações	126	128	108	ue/acordos-internacionais/2001/22001A1227(12).md
22001A1227(12)	Artigo 8.º	Extensão da protecção	130	132	84	ue/acordos-internacionais/2001/22001A1227(12).md
22001A1227(12)	Artigo 9.º	Medidas de execução	134	146	420	ue/acordos-internacionais/2001/22001A1227(12).md
22001A1227(12)	Artigo 10.º	Outros acordos internacionais e legislação interna	148	150	80	ue/acordos-internacionais/2001/22001A1227(12).md
22001A1227(12)	Artigo 11.º	Autoridades competentes em matéria de aplicação	154	158	142	ue/acordos-internacionais/2001/22001A1227(12).md
22001A1227(12)	Artigo 12.º	Infracções	160	178	332	ue/acordos-internacionais/2001/22001A1227(12).md
22001A1227(12)	Artigo 13.º	Grupo de trabalho	182	186	124	ue/acordos-internacionais/2001/22001A1227(12).md
22001A1227(12)	Artigo 14.º	Funções das partes	188	202	345	ue/acordos-internacionais/2001/22001A1227(12).md
22001A1227(12)	Artigo 15.º	Trânsito e pequenas quantidades	206	212	89	ue/acordos-internacionais/2001/22001A1227(12).md
22001A1227(12)	Artigo 16.º	Aplicação territorial	214	216	62	ue/acordos-internacionais/2001/22001A1227(12).md
22001A1227(12)	Artigo 17.º	Incumprimentos	218	226	214	ue/acordos-internacionais/2001/22001A1227(12).md
22001A1227(12)	Artigo 18.º	Comercialização das existências	228	258	691	ue/acordos-internacionais/2001/22001A1227(12).md
22001A1227(17)	Artigo 1.º		54	64	186	ue/acordos-internacionais/2001/22001A1227(17).md
22001A1227(17)	Artigo 2.º		66	68	24	ue/acordos-internacionais/2001/22001A1227(17).md
22001A1227(17)	Artigo 3.º		70	74	82	ue/acordos-internacionais/2001/22001A1227(17).md
22001A1227(17)	Artigo 4.º	O presente protocolo entra em vigor em 1 de Janeiro de 2002, sob reserva do cumprimento das formalidades a que se refere o artigo 3.º	76	76	38	ue/acordos-internacionais/2001/22001A1227(17).md
22001A1227(17)	Artigo 5.º		78	132	350	ue/acordos-internacionais/2001/22001A1227(17).md
22001A1227(19)	Artigo 1.º	Objectivos	22	26	109	ue/acordos-internacionais/2001/22001A1227(19).md
22001A1227(19)	Artigo 2.º	Âmbito de aplicação	28	30	67	ue/acordos-internacionais/2001/22001A1227(19).md
22001A1227(19)	Artigo 3.º	Definições	32	60	661	ue/acordos-internacionais/2001/22001A1227(19).md
22001A1227(19)	Artigo 4.º	Princípios	64	106	1106	ue/acordos-internacionais/2001/22001A1227(19).md
22001A1227(19)	Artigo 5.º	Denominações protegidas	108	122	124	ue/acordos-internacionais/2001/22001A1227(19).md
22001A1227(19)	Artigo 6.º		124	134	148	ue/acordos-internacionais/2001/22001A1227(19).md
22001A1227(19)	Artigo 7.º	Exportações	136	138	86	ue/acordos-internacionais/2001/22001A1227(19).md
22001A1227(19)	Artigo 8.º	Extensão da protecção	140	142	84	ue/acordos-internacionais/2001/22001A1227(19).md
22001A1227(19)	Artigo 9.º	Medidas de execução	144	156	390	ue/acordos-internacionais/2001/22001A1227(19).md
22001A1227(19)	Artigo 10.º	Outros Acordos Internacionais e Legislação Interna	158	160	80	ue/acordos-internacionais/2001/22001A1227(19).md
22001A1227(19)	Artigo 11.º	Autoridades competentes em matéria de aplicação	164	168	142	ue/acordos-internacionais/2001/22001A1227(19).md
22001A1227(19)	Artigo 12.º	Infracções	170	188	293	ue/acordos-internacionais/2001/22001A1227(19).md
22001A1227(19)	Artigo 13.º	Grupo de trabalho	192	196	102	ue/acordos-internacionais/2001/22001A1227(19).md
22001A1227(19)	Artigo 14.º	Funções das partes	198	212	328	ue/acordos-internacionais/2001/22001A1227(19).md
22001A1227(19)	Artigo 15.º	Trânsito e pequenas quantidades	216	222	79	ue/acordos-internacionais/2001/22001A1227(19).md
22001A1227(19)	Artigo 16.º	Aplicação territorial	224	226	62	ue/acordos-internacionais/2001/22001A1227(19).md
22001A1227(19)	Artigo 17.º	Incumprimentos	228	236	214	ue/acordos-internacionais/2001/22001A1227(19).md
22001A1227(19)	Artigo 18.º	Comercialização das existências	238	264	508	ue/acordos-internacionais/2001/22001A1227(19).md
22001A1227(20)	Artigo 1.º	Objectivos	22	26	114	ue/acordos-internacionais/2001/22001A1227(20).md
22001A1227(20)	Artigo 2.º	Âmbito de aplicação	28	46	369	ue/acordos-internacionais/2001/22001A1227(20).md
22001A1227(20)	Artigo 3.º	Definições	48	72	450	ue/acordos-internacionais/2001/22001A1227(20).md
22001A1227(20)	Artigo 4.º	Princípios	76	106	773	ue/acordos-internacionais/2001/22001A1227(20).md
22001A1227(20)	Artigo 5.º	Denominações protegidas	108	118	132	ue/acordos-internacionais/2001/22001A1227(20).md
22001A1227(20)	Artigo 6.º		120	124	136	ue/acordos-internacionais/2001/22001A1227(20).md
22001A1227(20)	Artigo 7.º	Exportações	126	128	108	ue/acordos-internacionais/2001/22001A1227(20).md
22001A1227(20)	Artigo 8.º	Extensão da protecção	130	132	84	ue/acordos-internacionais/2001/22001A1227(20).md
22001A1227(20)	Artigo 9.º	Medidas de execução	134	146	421	ue/acordos-internacionais/2001/22001A1227(20).md
22001A1227(20)	Artigo 10.º	Outros acordos internacionais e legislação interna	148	150	80	ue/acordos-internacionais/2001/22001A1227(20).md
22001A1227(20)	Artigo 11.º	Autoridades competentes em matéria de aplicação	154	158	140	ue/acordos-internacionais/2001/22001A1227(20).md
22001A1227(20)	Artigo 12.º	Infracções	160	178	346	ue/acordos-internacionais/2001/22001A1227(20).md
22001A1227(20)	Artigo 13.º	Grupo de trabalho	182	186	100	ue/acordos-internacionais/2001/22001A1227(20).md
22001A1227(20)	Artigo 14.º	Funções das partes	188	202	352	ue/acordos-internacionais/2001/22001A1227(20).md
22001A1227(20)	Artigo 15.º	Trânsito e pequenas quantidades	206	212	89	ue/acordos-internacionais/2001/22001A1227(20).md
22001A1227(20)	Artigo 16.º	Aplicação territorial	214	216	62	ue/acordos-internacionais/2001/22001A1227(20).md
22001A1227(20)	Artigo 17.º	Incumprimentos	218	226	214	ue/acordos-internacionais/2001/22001A1227(20).md
22001A1227(20)	Artigo 18.º	Comercialização das existências	228	258	699	ue/acordos-internacionais/2001/22001A1227(20).md
22001D0001	Preâmbulo		18	38	185	ue/acordos-internacionais/2001/22001D0001.md
22001D0001	Artigo 1.º		42	46	94	ue/acordos-internacionais/2001/22001D0001.md
22001D0001	Artigo 2.º		48	50	48	ue/acordos-internacionais/2001/22001D0001.md
22001D0001	Artigo 3.º		52	54	54	ue/acordos-internacionais/2001/22001D0001.md
22001D0001	Artigo 4.º		56	72	100	ue/acordos-internacionais/2001/22001D0001.md
22001D0002	Preâmbulo		18	40	309	ue/acordos-internacionais/2001/22001D0002.md
22001D0002	Artigo 1.º		44	50	96	ue/acordos-internacionais/2001/22001D0002.md
22001D0002	Artigo 2.º		52	54	56	ue/acordos-internacionais/2001/22001D0002.md
22001D0002	Artigo 3.º		56	58	54	ue/acordos-internacionais/2001/22001D0002.md
22001D0002	Artigo 4.º		60	78	99	ue/acordos-internacionais/2001/22001D0002.md
22001D0003	Preâmbulo		18	38	212	ue/acordos-internacionais/2001/22001D0003.md
22001D0003	Artigo 1.º		42	46	60	ue/acordos-internacionais/2001/22001D0003.md
22001D0003	Artigo 2.º		48	50	48	ue/acordos-internacionais/2001/22001D0003.md
22001D0003	Artigo 3.º		52	54	54	ue/acordos-internacionais/2001/22001D0003.md
22001D0003	Artigo 4.º		56	72	90	ue/acordos-internacionais/2001/22001D0003.md
22001D0004	Preâmbulo		18	38	229	ue/acordos-internacionais/2001/22001D0004.md
22001D0004	Artigo 1.º		42	52	210	ue/acordos-internacionais/2001/22001D0004.md
22001D0004	Artigo 2.º		54	56	48	ue/acordos-internacionais/2001/22001D0004.md
22001D0004	Artigo 3.º		58	60	54	ue/acordos-internacionais/2001/22001D0004.md
22001D0004	Artigo 4.º		62	78	89	ue/acordos-internacionais/2001/22001D0004.md
22001D0005	Preâmbulo		18	38	228	ue/acordos-internacionais/2001/22001D0005.md
22001D0005	Artigo 1.º		42	46	129	ue/acordos-internacionais/2001/22001D0005.md
22001D0005	Artigo 2.º		48	50	49	ue/acordos-internacionais/2001/22001D0005.md
22001D0005	Artigo 3.º		52	54	54	ue/acordos-internacionais/2001/22001D0005.md
22001D0005	Artigo 4.º		56	72	90	ue/acordos-internacionais/2001/22001D0005.md
22001D0006	Preâmbulo		18	38	190	ue/acordos-internacionais/2001/22001D0006.md
22001D0006	Artigo 1.º		42	46	56	ue/acordos-internacionais/2001/22001D0006.md
22001D0006	Artigo 2.º		48	50	48	ue/acordos-internacionais/2001/22001D0006.md
22001D0006	Artigo 3.º		52	54	54	ue/acordos-internacionais/2001/22001D0006.md
22001D0006	Artigo 4.º		56	72	88	ue/acordos-internacionais/2001/22001D0006.md
22001D0007	Preâmbulo		18	38	170	ue/acordos-internacionais/2001/22001D0007.md
22001D0007	Artigo 1.º		42	46	72	ue/acordos-internacionais/2001/22001D0007.md
22001D0007	Artigo 2.º		48	50	48	ue/acordos-internacionais/2001/22001D0007.md
22001D0007	Artigo 3.º		52	54	54	ue/acordos-internacionais/2001/22001D0007.md
22001D0007	Artigo 4.º		56	72	90	ue/acordos-internacionais/2001/22001D0007.md
22001D0008	Preâmbulo		18	38	202	ue/acordos-internacionais/2001/22001D0008.md
22001D0008	Artigo 1.º		42	46	110	ue/acordos-internacionais/2001/22001D0008.md
22001D0008	Artigo 2.º		48	50	48	ue/acordos-internacionais/2001/22001D0008.md
22001D0008	Artigo 3.º		52	54	54	ue/acordos-internacionais/2001/22001D0008.md
22001D0008	Artigo 4.º		56	72	91	ue/acordos-internacionais/2001/22001D0008.md
22001D0009	Preâmbulo		18	38	216	ue/acordos-internacionais/2001/22001D0009.md
22001D0009	Artigo 1.º		42	44	66	ue/acordos-internacionais/2001/22001D0009.md
22001D0009	Artigo 2.º		46	48	48	ue/acordos-internacionais/2001/22001D0009.md
22001D0009	Artigo 3.º		50	52	54	ue/acordos-internacionais/2001/22001D0009.md
22001D0009	Artigo 4.º		54	70	88	ue/acordos-internacionais/2001/22001D0009.md
22001D0010	Preâmbulo		18	40	345	ue/acordos-internacionais/2001/22001D0010.md
22001D0010	Artigo 1.º		44	60	200	ue/acordos-internacionais/2001/22001D0010.md
22001D0010	Artigo 2.º		62	64	48	ue/acordos-internacionais/2001/22001D0010.md
22001D0010	Artigo 3.º		66	68	54	ue/acordos-internacionais/2001/22001D0010.md
22001D0010	Artigo 4.º		70	90	118	ue/acordos-internacionais/2001/22001D0010.md
22001D0011	Preâmbulo		18	38	229	ue/acordos-internacionais/2001/22001D0011.md
22001D0011	Artigo 1.º		42	44	125	ue/acordos-internacionais/2001/22001D0011.md
22001D0011	Artigo 2.º		46	48	71	ue/acordos-internacionais/2001/22001D0011.md
22001D0011	Artigo 3.º		50	52	52	ue/acordos-internacionais/2001/22001D0011.md
22001D0011	Artigo 4.º		54	70	88	ue/acordos-internacionais/2001/22001D0011.md
22001D0012	Preâmbulo		18	40	271	ue/acordos-internacionais/2001/22001D0012.md
22001D0012	Artigo 1.º		44	48	172	ue/acordos-internacionais/2001/22001D0012.md
22001D0012	Artigo 2.º		50	52	51	ue/acordos-internacionais/2001/22001D0012.md
22001D0012	Artigo 3.º		54	56	54	ue/acordos-internacionais/2001/22001D0012.md
22001D0012	Artigo 4.º		58	76	97	ue/acordos-internacionais/2001/22001D0012.md
22001D0013	Preâmbulo		18	40	280	ue/acordos-internacionais/2001/22001D0013.md
22001D0013	Artigo 1.º		44	46	64	ue/acordos-internacionais/2001/22001D0013.md
22001D0013	Artigo 2.º		48	50	104	ue/acordos-internacionais/2001/22001D0013.md
22001D0013	Artigo 3.º		52	54	51	ue/acordos-internacionais/2001/22001D0013.md
22001D0013	Artigo 4.º		56	58	54	ue/acordos-internacionais/2001/22001D0013.md
22001D0013	Artigo 5.º		60	78	97	ue/acordos-internacionais/2001/22001D0013.md
22001D0014	Preâmbulo		18	40	308	ue/acordos-internacionais/2001/22001D0014.md
22001D0014	Artigo 1.º		44	48	88	ue/acordos-internacionais/2001/22001D0014.md
22001D0014	Artigo 2.º		50	52	51	ue/acordos-internacionais/2001/22001D0014.md
22001D0014	Artigo 3.º		54	56	54	ue/acordos-internacionais/2001/22001D0014.md
22001D0014	Artigo 4.º		58	76	96	ue/acordos-internacionais/2001/22001D0014.md
22001D0015	Preâmbulo		18	44	262	ue/acordos-internacionais/2001/22001D0015.md
22001D0015	Artigo 1.º		48	90	1307	ue/acordos-internacionais/2001/22001D0015.md
22001D0015	Artigo 2.º		92	94	48	ue/acordos-internacionais/2001/22001D0015.md
22001D0015	Artigo 3.º		96	98	52	ue/acordos-internacionais/2001/22001D0015.md
22001D0015	Artigo 4.º		100	116	88	ue/acordos-internacionais/2001/22001D0015.md
22001D0016	Preâmbulo		18	40	242	ue/acordos-internacionais/2001/22001D0016.md
22001D0016	Artigo 1.º		44	78	1048	ue/acordos-internacionais/2001/22001D0016.md
22001D0016	Artigo 2.º		80	160	1636	ue/acordos-internacionais/2001/22001D0016.md
22001D0016	Artigo 3.º		162	164	47	ue/acordos-internacionais/2001/22001D0016.md
22001D0016	Artigo 4.º		166	168	52	ue/acordos-internacionais/2001/22001D0016.md
22001D0016	Artigo 5.º		170	188	97	ue/acordos-internacionais/2001/22001D0016.md
22001D0017	Preâmbulo		18	40	227	ue/acordos-internacionais/2001/22001D0017.md
22001D0017	Artigo 1.º		44	46	93	ue/acordos-internacionais/2001/22001D0017.md
22001D0017	Artigo 2.º		48	50	94	ue/acordos-internacionais/2001/22001D0017.md
22001D0017	Artigo 3.º		52	54	47	ue/acordos-internacionais/2001/22001D0017.md
22001D0017	Artigo 4.º		56	58	52	ue/acordos-internacionais/2001/22001D0017.md
22001D0017	Artigo 5.º		60	78	96	ue/acordos-internacionais/2001/22001D0017.md
22001D0018	Preâmbulo		18	38	176	ue/acordos-internacionais/2001/22001D0018.md
22001D0018	Artigo 1.º		42	44	64	ue/acordos-internacionais/2001/22001D0018.md
22001D0018	Artigo 2.º		46	48	48	ue/acordos-internacionais/2001/22001D0018.md
22001D0018	Artigo 3.º		50	52	54	ue/acordos-internacionais/2001/22001D0018.md
22001D0018	Artigo 4.º		54	70	88	ue/acordos-internacionais/2001/22001D0018.md
22001D0019	Preâmbulo		18	40	387	ue/acordos-internacionais/2001/22001D0019.md
22001D0019	Artigo 1.º		44	46	137	ue/acordos-internacionais/2001/22001D0019.md
22001D0019	Artigo 2.º		48	50	39	ue/acordos-internacionais/2001/22001D0019.md
22001D0019	Artigo 3.º		52	54	48	ue/acordos-internacionais/2001/22001D0019.md
22001D0019	Artigo 4.º		56	58	54	ue/acordos-internacionais/2001/22001D0019.md
22001D0019	Artigo 5.º		60	78	97	ue/acordos-internacionais/2001/22001D0019.md
22001D0020	Preâmbulo		18	40	243	ue/acordos-internacionais/2001/22001D0020.md
22001D0020	Artigo 1.º		44	48	126	ue/acordos-internacionais/2001/22001D0020.md
22001D0020	Artigo 2.º		50	52	50	ue/acordos-internacionais/2001/22001D0020.md
22001D0020	Artigo 3.º		54	56	54	ue/acordos-internacionais/2001/22001D0020.md
22001D0020	Artigo 4.º		58	76	97	ue/acordos-internacionais/2001/22001D0020.md
22001D0021	Preâmbulo		18	38	202	ue/acordos-internacionais/2001/22001D0021.md
22001D0021	Artigo 1.º		42	44	107	ue/acordos-internacionais/2001/22001D0021.md
22001D0021	Artigo 2.º		46	48	47	ue/acordos-internacionais/2001/22001D0021.md
22001D0021	Artigo 3.º		50	52	54	ue/acordos-internacionais/2001/22001D0021.md
22001D0021	Artigo 4.º		54	70	89	ue/acordos-internacionais/2001/22001D0021.md
22001D0022	Preâmbulo		18	40	242	ue/acordos-internacionais/2001/22001D0022.md
22001D0022	Artigo 1.º		44	50	169	ue/acordos-internacionais/2001/22001D0022.md
22001D0022	Artigo 2.º		52	54	50	ue/acordos-internacionais/2001/22001D0022.md
22001D0022	Artigo 3.º		56	58	54	ue/acordos-internacionais/2001/22001D0022.md
22001D0022	Artigo 4.º		60	76	88	ue/acordos-internacionais/2001/22001D0022.md
22001D0023	Preâmbulo		18	38	189	ue/acordos-internacionais/2001/22001D0023.md
22001D0023	Artigo 1.º		42	44	61	ue/acordos-internacionais/2001/22001D0023.md
22001D0023	Artigo 2.º		46	48	50	ue/acordos-internacionais/2001/22001D0023.md
22001D0023	Artigo 3.º		50	52	54	ue/acordos-internacionais/2001/22001D0023.md
22001D0023	Artigo 4.º		54	70	88	ue/acordos-internacionais/2001/22001D0023.md
22001D0024	Preâmbulo		18	40	209	ue/acordos-internacionais/2001/22001D0024.md
22001D0024	Artigo 1.º		44	50	136	ue/acordos-internacionais/2001/22001D0024.md
22001D0024	Artigo 2.º		52	54	50	ue/acordos-internacionais/2001/22001D0024.md
22001D0024	Artigo 3.º		56	58	54	ue/acordos-internacionais/2001/22001D0024.md
22001D0024	Artigo 4.º		60	76	88	ue/acordos-internacionais/2001/22001D0024.md
22001D0025	Preâmbulo		18	48	503	ue/acordos-internacionais/2001/22001D0025.md
22001D0025	Artigo 1.º		52	58	72	ue/acordos-internacionais/2001/22001D0025.md
22001D0025	Artigo 2.º		60	68	115	ue/acordos-internacionais/2001/22001D0025.md
22001D0025	Artigo 3.º		70	80	299	ue/acordos-internacionais/2001/22001D0025.md
22001D0025	Artigo 4.º		82	84	64	ue/acordos-internacionais/2001/22001D0025.md
22001D0025	Artigo 5.º		86	88	53	ue/acordos-internacionais/2001/22001D0025.md
22001D0025	Artigo 6.º		90	114	123	ue/acordos-internacionais/2001/22001D0025.md
22001D0026	Preâmbulo		18	48	453	ue/acordos-internacionais/2001/22001D0026.md
22001D0026	Artigo 1.º		52	58	153	ue/acordos-internacionais/2001/22001D0026.md
22001D0026	Artigo 2.º		60	68	126	ue/acordos-internacionais/2001/22001D0026.md
22001D0026	Artigo 3.º		70	72	61	ue/acordos-internacionais/2001/22001D0026.md
22001D0026	Artigo 4.º		74	76	53	ue/acordos-internacionais/2001/22001D0026.md
22001D0026	Artigo 5.º		78	102	124	ue/acordos-internacionais/2001/22001D0026.md
22001D0027	Preâmbulo		18	42	246	ue/acordos-internacionais/2001/22001D0027.md
22001D0027	Artigo 1.º		46	52	132	ue/acordos-internacionais/2001/22001D0027.md
22001D0027	Artigo 2.º		54	56	57	ue/acordos-internacionais/2001/22001D0027.md
22001D0027	Artigo 3.º		58	60	53	ue/acordos-internacionais/2001/22001D0027.md
22001D0027	Artigo 4.º		62	80	97	ue/acordos-internacionais/2001/22001D0027.md
22001D0028	Preâmbulo		18	42	332	ue/acordos-internacionais/2001/22001D0028.md
22001D0028	Artigo 1.º		46	52	84	ue/acordos-internacionais/2001/22001D0028.md
22001D0028	Artigo 2.º		54	58	68	ue/acordos-internacionais/2001/22001D0028.md
22001D0028	Artigo 3.º		60	64	125	ue/acordos-internacionais/2001/22001D0028.md
22001D0028	Artigo 4.º		66	68	75	ue/acordos-internacionais/2001/22001D0028.md
22001D0028	Artigo 5.º		70	72	53	ue/acordos-internacionais/2001/22001D0028.md
22001D0028	Artigo 6.º		74	92	98	ue/acordos-internacionais/2001/22001D0028.md
22001D0029	Preâmbulo		18	48	592	ue/acordos-internacionais/2001/22001D0029.md
22001D0029	Artigo 1.º		52	56	78	ue/acordos-internacionais/2001/22001D0029.md
22001D0029	Artigo 2.º		58	64	106	ue/acordos-internacionais/2001/22001D0029.md
22001D0029	Artigo 3.º		66	70	78	ue/acordos-internacionais/2001/22001D0029.md
22001D0029	Artigo 4.º		72	76	94	ue/acordos-internacionais/2001/22001D0029.md
22001D0029	Artigo 5.º		78	80	68	ue/acordos-internacionais/2001/22001D0029.md
22001D0029	Artigo 6.º		82	84	53	ue/acordos-internacionais/2001/22001D0029.md
22001D0029	Artigo 7.º		86	110	124	ue/acordos-internacionais/2001/22001D0029.md
22001D0030	Preâmbulo		18	40	204	ue/acordos-internacionais/2001/22001D0030.md
22001D0030	Artigo 1.º		44	50	101	ue/acordos-internacionais/2001/22001D0030.md
22001D0030	Artigo 2.º		52	54	51	ue/acordos-internacionais/2001/22001D0030.md
22001D0030	Artigo 3.º		56	58	53	ue/acordos-internacionais/2001/22001D0030.md
22001D0030	Artigo 4.º		60	76	89	ue/acordos-internacionais/2001/22001D0030.md
22001D0031	Preâmbulo		18	40	209	ue/acordos-internacionais/2001/22001D0031.md
22001D0031	Artigo 1.º		44	50	73	ue/acordos-internacionais/2001/22001D0031.md
22001D0031	Artigo 2.º		52	54	46	ue/acordos-internacionais/2001/22001D0031.md
22001D0031	Artigo 3.º		56	58	53	ue/acordos-internacionais/2001/22001D0031.md
22001D0031	Artigo 4.º		60	76	89	ue/acordos-internacionais/2001/22001D0031.md
22001D0032	Preâmbulo		18	40	206	ue/acordos-internacionais/2001/22001D0032.md
22001D0032	Artigo 1.º		44	50	106	ue/acordos-internacionais/2001/22001D0032.md
22001D0032	Artigo 2.º		52	54	51	ue/acordos-internacionais/2001/22001D0032.md
22001D0032	Artigo 3.º		56	58	53	ue/acordos-internacionais/2001/22001D0032.md
22001D0032	Artigo 4.º		60	76	89	ue/acordos-internacionais/2001/22001D0032.md
22001D0033	Preâmbulo		18	50	569	ue/acordos-internacionais/2001/22001D0033.md
22001D0033	Artigo 1.º		54	56	32	ue/acordos-internacionais/2001/22001D0033.md
22001D0033	Artigo 2.º		58	60	80	ue/acordos-internacionais/2001/22001D0033.md
22001D0033	Artigo 3.º		62	64	53	ue/acordos-internacionais/2001/22001D0033.md
22001D0033	Artigo 4.º		66	116	480	ue/acordos-internacionais/2001/22001D0033.md
22001D0034	Preâmbulo		18	40	188	ue/acordos-internacionais/2001/22001D0034.md
22001D0034	Artigo 1.º		44	46	32	ue/acordos-internacionais/2001/22001D0034.md
22001D0034	Artigo 2.º		48	50	152	ue/acordos-internacionais/2001/22001D0034.md
22001D0034	Artigo 3.º		52	54	53	ue/acordos-internacionais/2001/22001D0034.md
22001D0034	Artigo 4.º		56	184	1568	ue/acordos-internacionais/2001/22001D0034.md
22001D0035	Preâmbulo		18	44	367	ue/acordos-internacionais/2001/22001D0035.md
22001D0035	Artigo 1.º		48	52	71	ue/acordos-internacionais/2001/22001D0035.md
22001D0035	Artigo 2.º		54	58	72	ue/acordos-internacionais/2001/22001D0035.md
22001D0035	Artigo 3.º		60	62	55	ue/acordos-internacionais/2001/22001D0035.md
22001D0035	Artigo 4.º		64	68	98	ue/acordos-internacionais/2001/22001D0035.md
22001D0035	Artigo 5.º		70	72	55	ue/acordos-internacionais/2001/22001D0035.md
22001D0035	Artigo 6.º		74	76	53	ue/acordos-internacionais/2001/22001D0035.md
22001D0035	Artigo 7.º		78	98	106	ue/acordos-internacionais/2001/22001D0035.md
22001D0036	Preâmbulo		18	40	205	ue/acordos-internacionais/2001/22001D0036.md
22001D0036	Artigo 1.º		44	50	72	ue/acordos-internacionais/2001/22001D0036.md
22001D0036	Artigo 2.º		52	54	51	ue/acordos-internacionais/2001/22001D0036.md
22001D0036	Artigo 3.º		56	58	53	ue/acordos-internacionais/2001/22001D0036.md
22001D0036	Artigo 4.º		60	76	89	ue/acordos-internacionais/2001/22001D0036.md
22001D0037	Preâmbulo		18	40	190	ue/acordos-internacionais/2001/22001D0037.md
22001D0037	Artigo 1.º		44	46	32	ue/acordos-internacionais/2001/22001D0037.md
22001D0037	Artigo 2.º		48	50	138	ue/acordos-internacionais/2001/22001D0037.md
22001D0037	Artigo 3.º		52	54	53	ue/acordos-internacionais/2001/22001D0037.md
22001D0037	Artigo 4.º		56	222	1693	ue/acordos-internacionais/2001/22001D0037.md
22001D0038	Preâmbulo		18	40	194	ue/acordos-internacionais/2001/22001D0038.md
22001D0038	Artigo 1.º		44	46	32	ue/acordos-internacionais/2001/22001D0038.md
22001D0038	Artigo 2.º		48	50	169	ue/acordos-internacionais/2001/22001D0038.md
22001D0038	Artigo 3.º		52	54	53	ue/acordos-internacionais/2001/22001D0038.md
22001D0038	Artigo 4.º		56	248	1962	ue/acordos-internacionais/2001/22001D0038.md
22001D0039	Preâmbulo		18	56	764	ue/acordos-internacionais/2001/22001D0039.md
22001D0039	Artigo 1.º		60	82	316	ue/acordos-internacionais/2001/22001D0039.md
22001D0039	Artigo 2.º		84	86	74	ue/acordos-internacionais/2001/22001D0039.md
22001D0039	Artigo 3.º		88	90	53	ue/acordos-internacionais/2001/22001D0039.md
22001D0039	Artigo 4.º		92	122	149	ue/acordos-internacionais/2001/22001D0039.md
22001D0040	Preâmbulo		18	40	196	ue/acordos-internacionais/2001/22001D0040.md
22001D0040	Artigo 1.º		44	46	32	ue/acordos-internacionais/2001/22001D0040.md
22001D0040	Artigo 2.º		48	50	110	ue/acordos-internacionais/2001/22001D0040.md
22001D0040	Artigo 3.º		52	54	53	ue/acordos-internacionais/2001/22001D0040.md
22001D0040	Artigo 4.º		56	162	1040	ue/acordos-internacionais/2001/22001D0040.md
22001D0041	Preâmbulo		18	40	248	ue/acordos-internacionais/2001/22001D0041.md
22001D0041	Artigo 1.º		44	46	32	ue/acordos-internacionais/2001/22001D0041.md
22001D0041	Artigo 2.º		48	50	114	ue/acordos-internacionais/2001/22001D0041.md
22001D0041	Artigo 3.º		52	54	53	ue/acordos-internacionais/2001/22001D0041.md
22001D0041	Artigo 4.º		56	164	1552	ue/acordos-internacionais/2001/22001D0041.md
22001D0042	Preâmbulo		18	40	205	ue/acordos-internacionais/2001/22001D0042.md
22001D0042	Artigo 1.º		44	46	32	ue/acordos-internacionais/2001/22001D0042.md
22001D0042	Artigo 2.º		48	50	123	ue/acordos-internacionais/2001/22001D0042.md
22001D0042	Artigo 3.º		52	54	53	ue/acordos-internacionais/2001/22001D0042.md
22001D0042	Artigo 4.º		56	180	1340	ue/acordos-internacionais/2001/22001D0042.md
22001D0044	Preâmbulo		18	38	196	ue/acordos-internacionais/2001/22001D0044.md
22001D0044	Artigo 1.º		42	48	114	ue/acordos-internacionais/2001/22001D0044.md
22001D0044	Artigo 2.º		50	52	55	ue/acordos-internacionais/2001/22001D0044.md
22001D0044	Artigo 3.º		54	56	53	ue/acordos-internacionais/2001/22001D0044.md
22001D0044	Artigo 4.º		58	74	88	ue/acordos-internacionais/2001/22001D0044.md
22001D0045	Preâmbulo		18	38	196	ue/acordos-internacionais/2001/22001D0045.md
22001D0045	Artigo 1.º		42	46	87	ue/acordos-internacionais/2001/22001D0045.md
22001D0045	Artigo 2.º		48	50	55	ue/acordos-internacionais/2001/22001D0045.md
22001D0045	Artigo 3.º		52	54	53	ue/acordos-internacionais/2001/22001D0045.md
22001D0045	Artigo 4.º		56	72	88	ue/acordos-internacionais/2001/22001D0045.md
22001D0046	Preâmbulo		18	38	226	ue/acordos-internacionais/2001/22001D0046.md
22001D0046	Artigo 1.º		42	48	77	ue/acordos-internacionais/2001/22001D0046.md
22001D0046	Artigo 2.º		50	52	51	ue/acordos-internacionais/2001/22001D0046.md
22001D0046	Artigo 3.º		54	56	53	ue/acordos-internacionais/2001/22001D0046.md
22001D0046	Artigo 4.º		58	74	89	ue/acordos-internacionais/2001/22001D0046.md
22001D0047	Preâmbulo		18	38	183	ue/acordos-internacionais/2001/22001D0047.md
22001D0047	Artigo 1.º		42	46	89	ue/acordos-internacionais/2001/22001D0047.md
22001D0047	Artigo 2.º		48	50	57	ue/acordos-internacionais/2001/22001D0047.md
22001D0047	Artigo 3.º		52	54	53	ue/acordos-internacionais/2001/22001D0047.md
22001D0047	Artigo 4.º		56	72	88	ue/acordos-internacionais/2001/22001D0047.md
22001D0048	Preâmbulo		18	38	223	ue/acordos-internacionais/2001/22001D0048.md
22001D0048	Artigo 1.º		42	46	128	ue/acordos-internacionais/2001/22001D0048.md
22001D0048	Artigo 2.º		48	50	51	ue/acordos-internacionais/2001/22001D0048.md
22001D0048	Artigo 3.º		52	54	52	ue/acordos-internacionais/2001/22001D0048.md
22001D0048	Artigo 4.º		56	72	88	ue/acordos-internacionais/2001/22001D0048.md
22001D0049	Preâmbulo		18	38	204	ue/acordos-internacionais/2001/22001D0049.md
22001D0049	Artigo 1.º		42	46	63	ue/acordos-internacionais/2001/22001D0049.md
22001D0049	Artigo 2.º		48	50	55	ue/acordos-internacionais/2001/22001D0049.md
22001D0049	Artigo 3.º		52	54	53	ue/acordos-internacionais/2001/22001D0049.md
22001D0049	Artigo 4.º		56	72	89	ue/acordos-internacionais/2001/22001D0049.md
22001D0050	Preâmbulo		18	38	204	ue/acordos-internacionais/2001/22001D0050.md
22001D0050	Artigo 1.º		42	44	63	ue/acordos-internacionais/2001/22001D0050.md
22001D0050	Artigo 2.º		46	48	55	ue/acordos-internacionais/2001/22001D0050.md
22001D0050	Artigo 3.º		50	52	53	ue/acordos-internacionais/2001/22001D0050.md
22001D0050	Artigo 4.º		54	70	89	ue/acordos-internacionais/2001/22001D0050.md
22001D0051	Preâmbulo		18	40	212	ue/acordos-internacionais/2001/22001D0051.md
22001D0051	Artigo 1.º		44	48	68	ue/acordos-internacionais/2001/22001D0051.md
22001D0051	Artigo 2.º		50	52	48	ue/acordos-internacionais/2001/22001D0051.md
22001D0051	Artigo 3.º		54	56	53	ue/acordos-internacionais/2001/22001D0051.md
22001D0051	Artigo 4.º		58	74	89	ue/acordos-internacionais/2001/22001D0051.md
22001D0052	Preâmbulo		18	40	224	ue/acordos-internacionais/2001/22001D0052.md
22001D0052	Artigo 1.º		44	50	132	ue/acordos-internacionais/2001/22001D0052.md
22001D0052	Artigo 2.º		52	54	56	ue/acordos-internacionais/2001/22001D0052.md
22001D0052	Artigo 3.º		56	58	53	ue/acordos-internacionais/2001/22001D0052.md
22001D0052	Artigo 4.º		60	78	97	ue/acordos-internacionais/2001/22001D0052.md
22001D0053	Preâmbulo		18	42	276	ue/acordos-internacionais/2001/22001D0053.md
22001D0053	Artigo 1.º		46	54	191	ue/acordos-internacionais/2001/22001D0053.md
22001D0053	Artigo 2.º		56	58	60	ue/acordos-internacionais/2001/22001D0053.md
22001D0053	Artigo 3.º		60	62	53	ue/acordos-internacionais/2001/22001D0053.md
22001D0053	Artigo 4.º		64	84	106	ue/acordos-internacionais/2001/22001D0053.md
22001D0054	Preâmbulo		18	42	288	ue/acordos-internacionais/2001/22001D0054.md
22001D0054	Artigo 1.º		46	48	85	ue/acordos-internacionais/2001/22001D0054.md
22001D0054	Artigo 2.º		50	54	66	ue/acordos-internacionais/2001/22001D0054.md
22001D0054	Artigo 3.º		56	72	87	ue/acordos-internacionais/2001/22001D0054.md
22001D0055	Preâmbulo		18	42	345	ue/acordos-internacionais/2001/22001D0055.md
22001D0055	Artigo 1.º		46	54	236	ue/acordos-internacionais/2001/22001D0055.md
22001D0055	Artigo 2.º		56	58	50	ue/acordos-internacionais/2001/22001D0055.md
22001D0055	Artigo 3.º		60	76	88	ue/acordos-internacionais/2001/22001D0055.md
22001D0056	Preâmbulo		18	38	165	ue/acordos-internacionais/2001/22001D0056.md
22001D0056	Artigo 1.º		42	44	69	ue/acordos-internacionais/2001/22001D0056.md
22001D0056	Artigo 2.º		46	48	51	ue/acordos-internacionais/2001/22001D0056.md
22001D0056	Artigo 3.º		50	52	50	ue/acordos-internacionais/2001/22001D0056.md
22001D0056	Artigo 4.º		54	70	87	ue/acordos-internacionais/2001/22001D0056.md
22001D0057	Preâmbulo		18	38	214	ue/acordos-internacionais/2001/22001D0057.md
22001D0057	Artigo 1.º		42	54	276	ue/acordos-internacionais/2001/22001D0057.md
22001D0057	Artigo 2.º		56	58	51	ue/acordos-internacionais/2001/22001D0057.md
22001D0057	Artigo 3.º		60	62	50	ue/acordos-internacionais/2001/22001D0057.md
22001D0057	Artigo 4.º		64	80	88	ue/acordos-internacionais/2001/22001D0057.md
22001D0058	Preâmbulo		18	40	270	ue/acordos-internacionais/2001/22001D0058.md
22001D0058	Artigo 1.º		44	54	231	ue/acordos-internacionais/2001/22001D0058.md
22001D0058	Artigo 2.º		56	60	68	ue/acordos-internacionais/2001/22001D0058.md
22001D0058	Artigo 3.º		62	78	89	ue/acordos-internacionais/2001/22001D0058.md
22001D0059	Preâmbulo		18	40	338	ue/acordos-internacionais/2001/22001D0059.md
22001D0059	Artigo 1.º		44	48	168	ue/acordos-internacionais/2001/22001D0059.md
22001D0059	Artigo 2.º		50	54	68	ue/acordos-internacionais/2001/22001D0059.md
22001D0059	Artigo 3.º		56	74	97	ue/acordos-internacionais/2001/22001D0059.md
22001D0060	Preâmbulo		18	46	448	ue/acordos-internacionais/2001/22001D0060.md
22001D0060	Artigo 1.º		50	60	358	ue/acordos-internacionais/2001/22001D0060.md
22001D0060	Artigo 2.º		62	64	74	ue/acordos-internacionais/2001/22001D0060.md
22001D0060	Artigo 3.º		66	68	53	ue/acordos-internacionais/2001/22001D0060.md
22001D0060	Artigo 4.º		70	94	124	ue/acordos-internacionais/2001/22001D0060.md
22001D0061	Preâmbulo		18	44	412	ue/acordos-internacionais/2001/22001D0061.md
22001D0061	Artigo 1.º		48	52	77	ue/acordos-internacionais/2001/22001D0061.md
22001D0061	Artigo 2.º		54	56	101	ue/acordos-internacionais/2001/22001D0061.md
22001D0061	Artigo 3.º		58	60	77	ue/acordos-internacionais/2001/22001D0061.md
22001D0061	Artigo 4.º		62	64	59	ue/acordos-internacionais/2001/22001D0061.md
22001D0061	Artigo 5.º		66	68	84	ue/acordos-internacionais/2001/22001D0061.md
22001D0061	Artigo 6.º		70	72	54	ue/acordos-internacionais/2001/22001D0061.md
22001D0061	Artigo 7.º		74	96	114	ue/acordos-internacionais/2001/22001D0061.md
22001D0062	Preâmbulo		18	42	342	ue/acordos-internacionais/2001/22001D0062.md
22001D0062	Artigo 1.º		46	48	61	ue/acordos-internacionais/2001/22001D0062.md
22001D0062	Artigo 2.º		50	52	61	ue/acordos-internacionais/2001/22001D0062.md
22001D0062	Artigo 3.º		54	56	61	ue/acordos-internacionais/2001/22001D0062.md
22001D0062	Artigo 4.º		58	60	58	ue/acordos-internacionais/2001/22001D0062.md
22001D0062	Artigo 5.º		62	64	53	ue/acordos-internacionais/2001/22001D0062.md
22001D0062	Artigo 6.º		66	86	107	ue/acordos-internacionais/2001/22001D0062.md
22001D0063	Preâmbulo		18	38	254	ue/acordos-internacionais/2001/22001D0063.md
22001D0063	Artigo 1.º		42	44	92	ue/acordos-internacionais/2001/22001D0063.md
22001D0063	Artigo 2.º		46	48	51	ue/acordos-internacionais/2001/22001D0063.md
22001D0063	Artigo 3.º		50	52	53	ue/acordos-internacionais/2001/22001D0063.md
22001D0063	Artigo 4.º		54	70	89	ue/acordos-internacionais/2001/22001D0063.md
22001D0064	Preâmbulo		18	38	237	ue/acordos-internacionais/2001/22001D0064.md
22001D0064	Artigo 1.º		42	44	74	ue/acordos-internacionais/2001/22001D0064.md
22001D0064	Artigo 2.º		46	48	51	ue/acordos-internacionais/2001/22001D0064.md
22001D0064	Artigo 3.º		50	52	53	ue/acordos-internacionais/2001/22001D0064.md
22001D0064	Artigo 4.º		54	70	89	ue/acordos-internacionais/2001/22001D0064.md
22001D0065	Preâmbulo		18	38	228	ue/acordos-internacionais/2001/22001D0065.md
22001D0065	Artigo 1.º		42	44	60	ue/acordos-internacionais/2001/22001D0065.md
22001D0065	Artigo 2.º		46	48	52	ue/acordos-internacionais/2001/22001D0065.md
22001D0065	Artigo 3.º		50	52	53	ue/acordos-internacionais/2001/22001D0065.md
22001D0065	Artigo 4.º		54	70	88	ue/acordos-internacionais/2001/22001D0065.md
22001D0066	Preâmbulo		18	40	309	ue/acordos-internacionais/2001/22001D0066.md
22001D0066	Artigo 1.º		44	48	96	ue/acordos-internacionais/2001/22001D0066.md
22001D0066	Artigo 2.º		50	52	60	ue/acordos-internacionais/2001/22001D0066.md
22001D0066	Artigo 3.º		54	56	53	ue/acordos-internacionais/2001/22001D0066.md
22001D0066	Artigo 4.º		58	76	97	ue/acordos-internacionais/2001/22001D0066.md
22001D0067	Preâmbulo		18	40	308	ue/acordos-internacionais/2001/22001D0067.md
22001D0067	Artigo 1.º		44	48	97	ue/acordos-internacionais/2001/22001D0067.md
22001D0067	Artigo 2.º		50	52	60	ue/acordos-internacionais/2001/22001D0067.md
22001D0067	Artigo 3.º		54	56	53	ue/acordos-internacionais/2001/22001D0067.md
22001D0067	Artigo 4.º		58	76	98	ue/acordos-internacionais/2001/22001D0067.md
22001D0068	Preâmbulo		18	38	183	ue/acordos-internacionais/2001/22001D0068.md
22001D0068	Artigo 1.º		42	44	82	ue/acordos-internacionais/2001/22001D0068.md
22001D0068	Artigo 2.º		46	48	60	ue/acordos-internacionais/2001/22001D0068.md
22001D0068	Artigo 3.º		50	52	53	ue/acordos-internacionais/2001/22001D0068.md
22001D0068	Artigo 4.º		54	70	88	ue/acordos-internacionais/2001/22001D0068.md
22001D0069	Preâmbulo		18	40	294	ue/acordos-internacionais/2001/22001D0069.md
22001D0069	Artigo 1.º		44	46	64	ue/acordos-internacionais/2001/22001D0069.md
22001D0069	Artigo 2.º		48	50	123	ue/acordos-internacionais/2001/22001D0069.md
22001D0069	Artigo 3.º		52	54	63	ue/acordos-internacionais/2001/22001D0069.md
22001D0069	Artigo 4.º		56	58	53	ue/acordos-internacionais/2001/22001D0069.md
22001D0069	Artigo 5.º		60	78	97	ue/acordos-internacionais/2001/22001D0069.md
22001D0070	Preâmbulo		18	40	275	ue/acordos-internacionais/2001/22001D0070.md
22001D0070	Artigo 1.º		44	48	89	ue/acordos-internacionais/2001/22001D0070.md
22001D0070	Artigo 2.º		50	52	55	ue/acordos-internacionais/2001/22001D0070.md
22001D0070	Artigo 3.º		54	56	53	ue/acordos-internacionais/2001/22001D0070.md
22001D0070	Artigo 4.º		58	76	97	ue/acordos-internacionais/2001/22001D0070.md
22001D0073	Preâmbulo		18	38	200	ue/acordos-internacionais/2001/22001D0073.md
22001D0073	Artigo 1.º		42	44	107	ue/acordos-internacionais/2001/22001D0073.md
22001D0073	Artigo 2.º		46	48	57	ue/acordos-internacionais/2001/22001D0073.md
22001D0073	Artigo 3.º		50	52	53	ue/acordos-internacionais/2001/22001D0073.md
22001D0073	Artigo 4.º		54	70	88	ue/acordos-internacionais/2001/22001D0073.md
22001D0074	Preâmbulo		18	38	208	ue/acordos-internacionais/2001/22001D0074.md
22001D0074	Artigo 1.º		42	44	56	ue/acordos-internacionais/2001/22001D0074.md
22001D0074	Artigo 2.º		46	48	51	ue/acordos-internacionais/2001/22001D0074.md
22001D0074	Artigo 3.º		50	52	53	ue/acordos-internacionais/2001/22001D0074.md
22001D0074	Artigo 4.º		54	70	89	ue/acordos-internacionais/2001/22001D0074.md
22001D0075	Preâmbulo		18	38	210	ue/acordos-internacionais/2001/22001D0075.md
22001D0075	Artigo 1.º		42	54	182	ue/acordos-internacionais/2001/22001D0075.md
22001D0075	Artigo 2.º		56	58	54	ue/acordos-internacionais/2001/22001D0075.md
22001D0075	Artigo 3.º		60	62	53	ue/acordos-internacionais/2001/22001D0075.md
22001D0075	Artigo 4.º		64	80	89	ue/acordos-internacionais/2001/22001D0075.md
22001D0076	Preâmbulo		18	38	208	ue/acordos-internacionais/2001/22001D0076.md
22001D0076	Artigo 1.º		42	44	56	ue/acordos-internacionais/2001/22001D0076.md
22001D0076	Artigo 2.º		46	48	51	ue/acordos-internacionais/2001/22001D0076.md
22001D0076	Artigo 3.º		50	52	53	ue/acordos-internacionais/2001/22001D0076.md
22001D0076	Artigo 4.º		54	70	89	ue/acordos-internacionais/2001/22001D0076.md
22001D0077	Preâmbulo		18	38	187	ue/acordos-internacionais/2001/22001D0077.md
22001D0077	Artigo 1.º		42	44	96	ue/acordos-internacionais/2001/22001D0077.md
22001D0077	Artigo 2.º		46	48	57	ue/acordos-internacionais/2001/22001D0077.md
22001D0077	Artigo 3.º		50	52	53	ue/acordos-internacionais/2001/22001D0077.md
22001D0077	Artigo 4.º		54	70	88	ue/acordos-internacionais/2001/22001D0077.md
22001D0078	Preâmbulo		18	38	208	ue/acordos-internacionais/2001/22001D0078.md
22001D0078	Artigo 1.º		42	44	72	ue/acordos-internacionais/2001/22001D0078.md
22001D0078	Artigo 2.º		46	48	54	ue/acordos-internacionais/2001/22001D0078.md
22001D0078	Artigo 3.º		50	52	53	ue/acordos-internacionais/2001/22001D0078.md
22001D0078	Artigo 4.º		54	70	90	ue/acordos-internacionais/2001/22001D0078.md
22001D0079	Preâmbulo		18	38	238	ue/acordos-internacionais/2001/22001D0079.md
22001D0079	Artigo 1.º		42	44	114	ue/acordos-internacionais/2001/22001D0079.md
22001D0079	Artigo 2.º		46	48	57	ue/acordos-internacionais/2001/22001D0079.md
22001D0079	Artigo 3.º		50	52	53	ue/acordos-internacionais/2001/22001D0079.md
22001D0079	Artigo 4.º		54	70	90	ue/acordos-internacionais/2001/22001D0079.md
22001D0080	Preâmbulo		18	38	186	ue/acordos-internacionais/2001/22001D0080.md
22001D0080	Artigo 1.º		42	44	92	ue/acordos-internacionais/2001/22001D0080.md
22001D0080	Artigo 2.º		46	48	51	ue/acordos-internacionais/2001/22001D0080.md
22001D0080	Artigo 3.º		50	52	53	ue/acordos-internacionais/2001/22001D0080.md
22001D0080	Artigo 4.º		54	70	89	ue/acordos-internacionais/2001/22001D0080.md
22001D0081	Preâmbulo		18	38	203	ue/acordos-internacionais/2001/22001D0081.md
22001D0081	Artigo 1.º		42	44	108	ue/acordos-internacionais/2001/22001D0081.md
22001D0081	Artigo 2.º		46	48	51	ue/acordos-internacionais/2001/22001D0081.md
22001D0081	Artigo 3.º		50	52	53	ue/acordos-internacionais/2001/22001D0081.md
22001D0081	Artigo 4.º		54	70	90	ue/acordos-internacionais/2001/22001D0081.md
22001D0082	Preâmbulo		18	38	196	ue/acordos-internacionais/2001/22001D0082.md
22001D0082	Artigo 1.º		42	44	99	ue/acordos-internacionais/2001/22001D0082.md
22001D0082	Artigo 2.º		46	48	54	ue/acordos-internacionais/2001/22001D0082.md
22001D0082	Artigo 3.º		50	52	53	ue/acordos-internacionais/2001/22001D0082.md
22001D0082	Artigo 4.º		54	70	89	ue/acordos-internacionais/2001/22001D0082.md
22001D0083	Preâmbulo		18	40	296	ue/acordos-internacionais/2001/22001D0083.md
22001D0083	Artigo 1.º		44	48	205	ue/acordos-internacionais/2001/22001D0083.md
22001D0083	Artigo 2.º		50	52	60	ue/acordos-internacionais/2001/22001D0083.md
22001D0083	Artigo 3.º		54	56	53	ue/acordos-internacionais/2001/22001D0083.md
22001D0083	Artigo 4.º		58	76	98	ue/acordos-internacionais/2001/22001D0083.md
22001D0084	Preâmbulo		18	42	305	ue/acordos-internacionais/2001/22001D0084.md
22001D0084	Artigo 1.º		46	50	194	ue/acordos-internacionais/2001/22001D0084.md
22001D0084	Artigo 2.º		52	54	60	ue/acordos-internacionais/2001/22001D0084.md
22001D0084	Artigo 3.º		56	58	53	ue/acordos-internacionais/2001/22001D0084.md
22001D0084	Artigo 4.º		60	80	107	ue/acordos-internacionais/2001/22001D0084.md
22001D0085	Preâmbulo		18	40	240	ue/acordos-internacionais/2001/22001D0085.md
22001D0085	Artigo 1.º		44	46	68	ue/acordos-internacionais/2001/22001D0085.md
22001D0085	Artigo 2.º		48	50	60	ue/acordos-internacionais/2001/22001D0085.md
22001D0085	Artigo 3.º		52	54	53	ue/acordos-internacionais/2001/22001D0085.md
22001D0085	Artigo 4.º		56	74	98	ue/acordos-internacionais/2001/22001D0085.md
22001D0086	Preâmbulo		18	42	290	ue/acordos-internacionais/2001/22001D0086.md
22001D0086	Artigo 1.º		46	72	456	ue/acordos-internacionais/2001/22001D0086.md
22001D0086	Artigo 2.º		74	76	53	ue/acordos-internacionais/2001/22001D0086.md
22001D0086	Artigo 3.º		78	94	89	ue/acordos-internacionais/2001/22001D0086.md
22001D0087	Preâmbulo		18	40	285	ue/acordos-internacionais/2001/22001D0087.md
22001D0087	Artigo 1.º		44	46	102	ue/acordos-internacionais/2001/22001D0087.md
22001D0087	Artigo 2.º		48	52	69	ue/acordos-internacionais/2001/22001D0087.md
22001D0087	Artigo 3.º		54	70	89	ue/acordos-internacionais/2001/22001D0087.md
22001D0088	Preâmbulo		18	40	266	ue/acordos-internacionais/2001/22001D0088.md
22001D0088	Artigo 1.º		44	50	186	ue/acordos-internacionais/2001/22001D0088.md
22001D0088	Artigo 2.º		52	56	69	ue/acordos-internacionais/2001/22001D0088.md
22001D0088	Artigo 3.º		58	74	89	ue/acordos-internacionais/2001/22001D0088.md
22001D0089	Preâmbulo		18	40	186	ue/acordos-internacionais/2001/22001D0089.md
22001D0089	Artigo 1.º		44	56	178	ue/acordos-internacionais/2001/22001D0089.md
22001D0089	Artigo 2.º		58	60	53	ue/acordos-internacionais/2001/22001D0089.md
22001D0089	Artigo 3.º		62	76	79	ue/acordos-internacionais/2001/22001D0089.md
22001D0090	Preâmbulo		18	46	373	ue/acordos-internacionais/2001/22001D0090.md
22001D0090	Artigo 1.º		50	60	119	ue/acordos-internacionais/2001/22001D0090.md
22001D0090	Artigo 2.º		62	64	97	ue/acordos-internacionais/2001/22001D0090.md
22001D0090	Artigo 3.º		66	72	156	ue/acordos-internacionais/2001/22001D0090.md
22001D0090	Artigo 4.º		74	76	64	ue/acordos-internacionais/2001/22001D0090.md
22001D0090	Artigo 5.º		78	80	53	ue/acordos-internacionais/2001/22001D0090.md
22001D0090	Artigo 6.º		82	108	156	ue/acordos-internacionais/2001/22001D0090.md
22001D0091	Preâmbulo		18	38	217	ue/acordos-internacionais/2001/22001D0091.md
22001D0091	Artigo 1.º		42	46	79	ue/acordos-internacionais/2001/22001D0091.md
22001D0091	Artigo 2.º		48	50	51	ue/acordos-internacionais/2001/22001D0091.md
22001D0091	Artigo 3.º		52	54	53	ue/acordos-internacionais/2001/22001D0091.md
22001D0091	Artigo 4.º		56	72	88	ue/acordos-internacionais/2001/22001D0091.md
22001D0092	Preâmbulo		18	38	196	ue/acordos-internacionais/2001/22001D0092.md
22001D0092	Artigo 1.º		42	44	95	ue/acordos-internacionais/2001/22001D0092.md
22001D0092	Artigo 2.º		46	48	54	ue/acordos-internacionais/2001/22001D0092.md
22001D0092	Artigo 3.º		50	52	53	ue/acordos-internacionais/2001/22001D0092.md
22001D0092	Artigo 4.º		54	70	88	ue/acordos-internacionais/2001/22001D0092.md
22001D0093	Preâmbulo		18	42	292	ue/acordos-internacionais/2001/22001D0093.md
22001D0093	Artigo 1.º		46	54	119	ue/acordos-internacionais/2001/22001D0093.md
22001D0093	Artigo 2.º		56	64	123	ue/acordos-internacionais/2001/22001D0093.md
22001D0093	Artigo 3.º		66	74	123	ue/acordos-internacionais/2001/22001D0093.md
22001D0093	Artigo 4.º		76	78	60	ue/acordos-internacionais/2001/22001D0093.md
22001D0093	Artigo 5.º		80	82	53	ue/acordos-internacionais/2001/22001D0093.md
22001D0093	Artigo 6.º		84	104	104	ue/acordos-internacionais/2001/22001D0093.md
22001D0094	Preâmbulo		18	40	302	ue/acordos-internacionais/2001/22001D0094.md
22001D0094	Artigo 1.º		44	48	94	ue/acordos-internacionais/2001/22001D0094.md
22001D0094	Artigo 2.º		50	52	55	ue/acordos-internacionais/2001/22001D0094.md
22001D0094	Artigo 3.º		54	56	53	ue/acordos-internacionais/2001/22001D0094.md
22001D0094	Artigo 4.º		58	76	96	ue/acordos-internacionais/2001/22001D0094.md
22001D0095	Preâmbulo		18	38	176	ue/acordos-internacionais/2001/22001D0095.md
22001D0095	Artigo 1.º		42	48	122	ue/acordos-internacionais/2001/22001D0095.md
22001D0095	Artigo 2.º		50	52	57	ue/acordos-internacionais/2001/22001D0095.md
22001D0095	Artigo 3.º		54	56	53	ue/acordos-internacionais/2001/22001D0095.md
22001D0095	Artigo 4.º		58	74	87	ue/acordos-internacionais/2001/22001D0095.md
22001D0096	Preâmbulo		18	38	198	ue/acordos-internacionais/2001/22001D0096.md
22001D0096	Artigo 1.º		42	44	62	ue/acordos-internacionais/2001/22001D0096.md
22001D0096	Artigo 2.º		46	48	54	ue/acordos-internacionais/2001/22001D0096.md
22001D0096	Artigo 3.º		50	52	52	ue/acordos-internacionais/2001/22001D0096.md
22001D0096	Artigo 4.º		54	70	88	ue/acordos-internacionais/2001/22001D0096.md
22001D0097	Preâmbulo		18	38	181	ue/acordos-internacionais/2001/22001D0097.md
22001D0097	Artigo 1.º		42	44	89	ue/acordos-internacionais/2001/22001D0097.md
22001D0097	Artigo 2.º		46	48	57	ue/acordos-internacionais/2001/22001D0097.md
22001D0097	Artigo 3.º		50	52	53	ue/acordos-internacionais/2001/22001D0097.md
22001D0097	Artigo 4.º		54	70	88	ue/acordos-internacionais/2001/22001D0097.md
22001D0098	Preâmbulo		18	42	296	ue/acordos-internacionais/2001/22001D0098.md
22001D0098	Artigo 2.º		56	58	53	ue/acordos-internacionais/2001/22001D0098.md
22001D0098	Artigo 3.º		60	74	79	ue/acordos-internacionais/2001/22001D0098.md
22001D0099	Preâmbulo		18	40	273	ue/acordos-internacionais/2001/22001D0099.md
22001D0099	Artigo 1.º		44	50	123	ue/acordos-internacionais/2001/22001D0099.md
22001D0099	Artigo 2.º		52	56	66	ue/acordos-internacionais/2001/22001D0099.md
22001D0099	Artigo 3.º		58	74	88	ue/acordos-internacionais/2001/22001D0099.md
22001D0100	Preâmbulo		18	42	423	ue/acordos-internacionais/2001/22001D0100.md
22001D0100	Artigo 1.º		46	50	142	ue/acordos-internacionais/2001/22001D0100.md
22001D0100	Artigo 2.º		52	56	66	ue/acordos-internacionais/2001/22001D0100.md
22001D0100	Artigo 3.º		58	86	138	ue/acordos-internacionais/2001/22001D0100.md
22001D0101	Preâmbulo		18	42	253	ue/acordos-internacionais/2001/22001D0101.md
22001D0101	Artigo 1.º		46	54	67	ue/acordos-internacionais/2001/22001D0101.md
22001D0101	Artigo 2.º	"O texto do n.º 4-B da Introdução do Capítulo I do Anexo I do Acordo passa a ter a seguinte redacção: ""Inspecção dos postos de inspecção fronteiriços"	56	62	230	ue/acordos-internacionais/2001/22001D0101.md
22001D0101	Artigo 3.º	"A seguir ao n.º 4, na Introdução do Capítulo I do Anexo I do Acordo, é aditado o seguinte ponto: ""5. Lista dos postos de inspecção fronteiriços"	64	74	210	ue/acordos-internacionais/2001/22001D0101.md
22001D0101	Artigo 4.º		76	78	24	ue/acordos-internacionais/2001/22001D0101.md
22001D0101	Artigo 5.º		80	92	255	ue/acordos-internacionais/2001/22001D0101.md
22001D0101	Artigo 6.º		94	106	256	ue/acordos-internacionais/2001/22001D0101.md
22001D0101	Artigo 7.º		108	110	37	ue/acordos-internacionais/2001/22001D0101.md
22001D0101	Artigo 8.º		112	114	53	ue/acordos-internacionais/2001/22001D0101.md
22001D0101	Artigo 9.º		116	118	55	ue/acordos-internacionais/2001/22001D0101.md
22001D0101	Artigo 10.º		120	122	44	ue/acordos-internacionais/2001/22001D0101.md
22001D0101	Artigo 11.º		124	126	22	ue/acordos-internacionais/2001/22001D0101.md
22001D0101	Artigo 12.º		128	130	54	ue/acordos-internacionais/2001/22001D0101.md
22001D0101	Artigo 13.º		132	228	474	ue/acordos-internacionais/2001/22001D0101.md
22001D0102	Preâmbulo		18	44	343	ue/acordos-internacionais/2001/22001D0102.md
22001D0102	Artigo 1.º		48	50	58	ue/acordos-internacionais/2001/22001D0102.md
22001D0102	Artigo 2.º		52	54	53	ue/acordos-internacionais/2001/22001D0102.md
22001D0102	Artigo 3.º		56	76	105	ue/acordos-internacionais/2001/22001D0102.md
22001D0103	Preâmbulo		18	44	364	ue/acordos-internacionais/2001/22001D0103.md
22001D0103	Artigo 1.º		48	56	274	ue/acordos-internacionais/2001/22001D0103.md
22001D0103	Artigo 2.º		58	60	63	ue/acordos-internacionais/2001/22001D0103.md
22001D0103	Artigo 3.º		62	64	51	ue/acordos-internacionais/2001/22001D0103.md
22001D0103	Artigo 4.º		66	88	114	ue/acordos-internacionais/2001/22001D0103.md
22001D0104	Preâmbulo		18	38	242	ue/acordos-internacionais/2001/22001D0104.md
22001D0104	Artigo 1.º		42	44	72	ue/acordos-internacionais/2001/22001D0104.md
22001D0104	Artigo 2.º		46	48	50	ue/acordos-internacionais/2001/22001D0104.md
22001D0104	Artigo 3.º		50	52	51	ue/acordos-internacionais/2001/22001D0104.md
22001D0104	Artigo 4.º		54	70	89	ue/acordos-internacionais/2001/22001D0104.md
22001D0105	Preâmbulo		18	46	693	ue/acordos-internacionais/2001/22001D0105.md
22001D0105	Artigo 1.º		50	58	345	ue/acordos-internacionais/2001/22001D0105.md
22001D0105	Artigo 2.º		60	62	25	ue/acordos-internacionais/2001/22001D0105.md
22001D0105	Artigo 3.º		64	66	113	ue/acordos-internacionais/2001/22001D0105.md
22001D0105	Artigo 4.º		68	70	53	ue/acordos-internacionais/2001/22001D0105.md
22001D0105	Artigo 5.º		72	100	139	ue/acordos-internacionais/2001/22001D0105.md
22001D0106	Preâmbulo		18	42	339	ue/acordos-internacionais/2001/22001D0106.md
22001D0106	Artigo 1.º		46	50	97	ue/acordos-internacionais/2001/22001D0106.md
22001D0106	Artigo 2.º		52	58	129	ue/acordos-internacionais/2001/22001D0106.md
22001D0106	Artigo 3.º		60	62	95	ue/acordos-internacionais/2001/22001D0106.md
22001D0106	Artigo 4.º		64	66	51	ue/acordos-internacionais/2001/22001D0106.md
22001D0106	Artigo 5.º		68	88	105	ue/acordos-internacionais/2001/22001D0106.md
22001D0107	Preâmbulo		18	42	380	ue/acordos-internacionais/2001/22001D0107.md
22001D0107	Artigo 1.º		46	60	265	ue/acordos-internacionais/2001/22001D0107.md
22001D0107	Artigo 2.º		62	64	65	ue/acordos-internacionais/2001/22001D0107.md
22001D0107	Artigo 3.º		66	72	207	ue/acordos-internacionais/2001/22001D0107.md
22001D0107	Artigo 4.º		74	76	71	ue/acordos-internacionais/2001/22001D0107.md
22001D0107	Artigo 5.º		78	80	51	ue/acordos-internacionais/2001/22001D0107.md
22001D0107	Artigo 6.º		82	108	130	ue/acordos-internacionais/2001/22001D0107.md
22001D0108	Preâmbulo		18	38	211	ue/acordos-internacionais/2001/22001D0108.md
22001D0108	Artigo 1.º		42	44	107	ue/acordos-internacionais/2001/22001D0108.md
22001D0108	Artigo 2.º		46	48	51	ue/acordos-internacionais/2001/22001D0108.md
22001D0108	Artigo 3.º		50	52	51	ue/acordos-internacionais/2001/22001D0108.md
22001D0108	Artigo 4.º		54	70	88	ue/acordos-internacionais/2001/22001D0108.md
22001D0109	Preâmbulo		18	44	483	ue/acordos-internacionais/2001/22001D0109.md
22001D0109	Artigo 1.º		48	50	60	ue/acordos-internacionais/2001/22001D0109.md
22001D0109	Artigo 2.º		52	60	230	ue/acordos-internacionais/2001/22001D0109.md
22001D0109	Artigo 3.º		62	64	67	ue/acordos-internacionais/2001/22001D0109.md
22001D0109	Artigo 4.º		66	68	51	ue/acordos-internacionais/2001/22001D0109.md
22001D0109	Artigo 5.º		70	94	123	ue/acordos-internacionais/2001/22001D0109.md
22001D0110	Preâmbulo		18	42	403	ue/acordos-internacionais/2001/22001D0110.md
22001D0110	Artigo 1.º		46	52	124	ue/acordos-internacionais/2001/22001D0110.md
22001D0110	Artigo 2.º		54	56	66	ue/acordos-internacionais/2001/22001D0110.md
22001D0110	Artigo 3.º		58	60	60	ue/acordos-internacionais/2001/22001D0110.md
22001D0110	Artigo 4.º		62	64	51	ue/acordos-internacionais/2001/22001D0110.md
22001D0110	Artigo 5.º		66	86	105	ue/acordos-internacionais/2001/22001D0110.md
22001D0111	Preâmbulo		18	38	198	ue/acordos-internacionais/2001/22001D0111.md
22001D0111	Artigo 1.º		42	46	72	ue/acordos-internacionais/2001/22001D0111.md
22001D0111	Artigo 2.º		48	50	51	ue/acordos-internacionais/2001/22001D0111.md
22001D0111	Artigo 3.º		52	54	51	ue/acordos-internacionais/2001/22001D0111.md
22001D0111	Artigo 4.º		56	72	88	ue/acordos-internacionais/2001/22001D0111.md
22001D0111(02)	Preâmbulo		18	38	210	ue/acordos-internacionais/2001/22001D0111(02).md
22001D0111(02)	Artigo 1.º		42	46	103	ue/acordos-internacionais/2001/22001D0111(02).md
22001D0111(02)	Artigo 2.º		48	50	47	ue/acordos-internacionais/2001/22001D0111(02).md
22001D0111(02)	Artigo 3.º		52	54	53	ue/acordos-internacionais/2001/22001D0111(02).md
22001D0111(02)	Artigo 4.º		56	72	89	ue/acordos-internacionais/2001/22001D0111(02).md
22001D0111(03)	Preâmbulo		18	40	262	ue/acordos-internacionais/2001/22001D0111(03).md
22001D0111(03)	Artigo 1.º		44	48	119	ue/acordos-internacionais/2001/22001D0111(03).md
22001D0111(03)	Artigo 2.º		50	70	636	ue/acordos-internacionais/2001/22001D0111(03).md
22001D0111(03)	Artigo 3.º		72	150	482	ue/acordos-internacionais/2001/22001D0111(03).md
22001D0111(03)	Artigo 4.º		152	154	45	ue/acordos-internacionais/2001/22001D0111(03).md
22001D0111(03)	Artigo 5.º		156	158	53	ue/acordos-internacionais/2001/22001D0111(03).md
22001D0111(03)	Artigo 6.º		160	176	90	ue/acordos-internacionais/2001/22001D0111(03).md
22001D0111(04)	Preâmbulo		18	38	234	ue/acordos-internacionais/2001/22001D0111(04).md
22001D0111(04)	Artigo 1.º		42	50	108	ue/acordos-internacionais/2001/22001D0111(04).md
22001D0111(04)	Artigo 2.º		52	54	51	ue/acordos-internacionais/2001/22001D0111(04).md
22001D0111(04)	Artigo 3.º		56	58	53	ue/acordos-internacionais/2001/22001D0111(04).md
22001D0111(04)	Artigo 4.º		60	80	108	ue/acordos-internacionais/2001/22001D0111(04).md
22001D0111(05)	Preâmbulo		18	38	208	ue/acordos-internacionais/2001/22001D0111(05).md
22001D0111(05)	Artigo 1.º		42	48	90	ue/acordos-internacionais/2001/22001D0111(05).md
22001D0111(05)	Artigo 2.º		50	52	46	ue/acordos-internacionais/2001/22001D0111(05).md
22001D0111(05)	Artigo 3.º		54	56	53	ue/acordos-internacionais/2001/22001D0111(05).md
22001D0111(05)	Artigo 4.º		58	74	88	ue/acordos-internacionais/2001/22001D0111(05).md
22001D0111(06)	Preâmbulo		18	40	224	ue/acordos-internacionais/2001/22001D0111(06).md
22001D0111(06)	Artigo 1.º		44	52	195	ue/acordos-internacionais/2001/22001D0111(06).md
22001D0111(06)	Artigo 2.º		54	56	45	ue/acordos-internacionais/2001/22001D0111(06).md
22001D0111(06)	Artigo 3.º		58	60	51	ue/acordos-internacionais/2001/22001D0111(06).md
22001D0111(06)	Artigo 4.º		62	78	87	ue/acordos-internacionais/2001/22001D0111(06).md
22001D0111(07)	Preâmbulo		18	38	215	ue/acordos-internacionais/2001/22001D0111(07).md
22001D0111(07)	Artigo 1.º		42	46	118	ue/acordos-internacionais/2001/22001D0111(07).md
22001D0111(07)	Artigo 2.º		48	50	46	ue/acordos-internacionais/2001/22001D0111(07).md
22001D0111(07)	Artigo 3.º		52	54	51	ue/acordos-internacionais/2001/22001D0111(07).md
22001D0111(07)	Artigo 4.º		56	72	88	ue/acordos-internacionais/2001/22001D0111(07).md
22001D0111(08)	Preâmbulo		18	38	227	ue/acordos-internacionais/2001/22001D0111(08).md
22001D0111(08)	Artigo 1.º		42	48	76	ue/acordos-internacionais/2001/22001D0111(08).md
22001D0111(08)	Artigo 2.º		50	52	48	ue/acordos-internacionais/2001/22001D0111(08).md
22001D0111(08)	Artigo 3.º		54	56	54	ue/acordos-internacionais/2001/22001D0111(08).md
22001D0111(08)	Artigo 4.º		58	74	89	ue/acordos-internacionais/2001/22001D0111(08).md
22001D0111(09)	Preâmbulo		18	38	196	ue/acordos-internacionais/2001/22001D0111(09).md
22001D0111(09)	Artigo 1.º		42	46	100	ue/acordos-internacionais/2001/22001D0111(09).md
22001D0111(09)	Artigo 2.º		48	50	45	ue/acordos-internacionais/2001/22001D0111(09).md
22001D0111(09)	Artigo 3.º		52	54	53	ue/acordos-internacionais/2001/22001D0111(09).md
22001D0111(09)	Artigo 4.º		56	72	87	ue/acordos-internacionais/2001/22001D0111(09).md
22001D0111(10)	Preâmbulo		18	40	346	ue/acordos-internacionais/2001/22001D0111(10).md
22001D0111(10)	Artigo 1.º		44	48	70	ue/acordos-internacionais/2001/22001D0111(10).md
22001D0111(10)	Artigo 2.º		50	52	38	ue/acordos-internacionais/2001/22001D0111(10).md
22001D0111(10)	Artigo 3.º		54	56	45	ue/acordos-internacionais/2001/22001D0111(10).md
22001D0111(10)	Artigo 4.º		58	60	51	ue/acordos-internacionais/2001/22001D0111(10).md
22001D0111(10)	Artigo 5.º		62	78	100	ue/acordos-internacionais/2001/22001D0111(10).md
22001D0111(11)	Preâmbulo		18	38	261	ue/acordos-internacionais/2001/22001D0111(11).md
22001D0111(11)	Artigo 1.º		42	46	136	ue/acordos-internacionais/2001/22001D0111(11).md
22001D0111(11)	Artigo 2.º		48	50	45	ue/acordos-internacionais/2001/22001D0111(11).md
22001D0111(11)	Artigo 3.º		52	54	51	ue/acordos-internacionais/2001/22001D0111(11).md
22001D0111(11)	Artigo 4.º		56	72	88	ue/acordos-internacionais/2001/22001D0111(11).md
22001D0111(12)	Preâmbulo		18	38	239	ue/acordos-internacionais/2001/22001D0111(12).md
22001D0111(12)	Artigo 1.º		42	46	128	ue/acordos-internacionais/2001/22001D0111(12).md
22001D0111(12)	Artigo 2.º		48	50	45	ue/acordos-internacionais/2001/22001D0111(12).md
22001D0111(12)	Artigo 3.º		52	54	51	ue/acordos-internacionais/2001/22001D0111(12).md
22001D0111(12)	Artigo 4.º		56	72	98	ue/acordos-internacionais/2001/22001D0111(12).md
22001D0111(13)	Preâmbulo		18	38	180	ue/acordos-internacionais/2001/22001D0111(13).md
22001D0111(13)	Artigo 1.º		42	46	86	ue/acordos-internacionais/2001/22001D0111(13).md
22001D0111(13)	Artigo 2.º		48	50	48	ue/acordos-internacionais/2001/22001D0111(13).md
22001D0111(13)	Artigo 3.º		52	54	51	ue/acordos-internacionais/2001/22001D0111(13).md
22001D0111(13)	Artigo 4.º		56	72	87	ue/acordos-internacionais/2001/22001D0111(13).md
22001D0111(14)	Preâmbulo		18	42	314	ue/acordos-internacionais/2001/22001D0111(14).md
22001D0111(14)	Artigo 1.º		46	48	28	ue/acordos-internacionais/2001/22001D0111(14).md
22001D0111(14)	Artigo 2.º		50	78	1144	ue/acordos-internacionais/2001/22001D0111(14).md
22001D0111(14)	Artigo 3.º		80	82	17	ue/acordos-internacionais/2001/22001D0111(14).md
22001D0111(14)	Artigo 4.º		84	86	130	ue/acordos-internacionais/2001/22001D0111(14).md
22001D0111(14)	Artigo 5.º		88	92	65	ue/acordos-internacionais/2001/22001D0111(14).md
22001D0111(14)	Artigo 6.º		94	112	96	ue/acordos-internacionais/2001/22001D0111(14).md
22001D0111(15)	Preâmbulo		18	46	488	ue/acordos-internacionais/2001/22001D0111(15).md
22001D0111(15)	Artigo 1.º		50	62	233	ue/acordos-internacionais/2001/22001D0111(15).md
22001D0111(15)	Artigo 2.º		64	124	1127	ue/acordos-internacionais/2001/22001D0111(15).md
22001D0111(15)	Artigo 3.º		126	130	62	ue/acordos-internacionais/2001/22001D0111(15).md
22001D0111(15)	Artigo 4.º		132	152	104	ue/acordos-internacionais/2001/22001D0111(15).md
22001D0111(16)	Preâmbulo		18	40	259	ue/acordos-internacionais/2001/22001D0111(16).md
22001D0111(16)	Artigo 1.º		44	56	180	ue/acordos-internacionais/2001/22001D0111(16).md
22001D0111(16)	Artigo 2.º		58	62	65	ue/acordos-internacionais/2001/22001D0111(16).md
22001D0111(16)	Artigo 3.º		64	80	89	ue/acordos-internacionais/2001/22001D0111(16).md
22001D0111(17)	Preâmbulo		18	40	253	ue/acordos-internacionais/2001/22001D0111(17).md
22001D0111(17)	Artigo 1.º		44	56	177	ue/acordos-internacionais/2001/22001D0111(17).md
22001D0111(17)	Artigo 2.º		58	62	65	ue/acordos-internacionais/2001/22001D0111(17).md
22001D0111(17)	Artigo 3.º		64	80	89	ue/acordos-internacionais/2001/22001D0111(17).md
22001D0112	Preâmbulo		18	44	395	ue/acordos-internacionais/2001/22001D0112.md
22001D0112	Artigo 1.º		48	54	116	ue/acordos-internacionais/2001/22001D0112.md
22001D0112	Artigo 2.º		56	58	66	ue/acordos-internacionais/2001/22001D0112.md
22001D0112	Artigo 3.º		60	62	70	ue/acordos-internacionais/2001/22001D0112.md
22001D0112	Artigo 4.º		64	66	51	ue/acordos-internacionais/2001/22001D0112.md
22001D0112	Artigo 5.º		68	90	115	ue/acordos-internacionais/2001/22001D0112.md
22001D0112(01)	Preâmbulo		18	38	538	ue/acordos-internacionais/2001/22001D0112(01).md
22001D0112(01)	Artigo 1.º	CDE/CDA	42	50	114	ue/acordos-internacionais/2001/22001D0112(01).md
22001D0112(01)	Artigo 2.º	Dotações suplementares para programas indicativos	52	60	194	ue/acordos-internacionais/2001/22001D0112(01).md
22001D0112(01)	Artigo 3.º	Intra-ACP	62	64	62	ue/acordos-internacionais/2001/22001D0112(01).md
22001D0112(01)	Artigo 4.º	Ajuda aos refugiados	66	68	66	ue/acordos-internacionais/2001/22001D0112(01).md
22001D0112(01)	Artigo 5.º		70	72	26	ue/acordos-internacionais/2001/22001D0112(01).md
22001D0112(01)	Artigo 6.º		74	84	46	ue/acordos-internacionais/2001/22001D0112(01).md
22001D0112(02)	Preâmbulo		18	52	1310	ue/acordos-internacionais/2001/22001D0112(02).md
22001D0112(02)	Artigo 1.º		56	82	376	ue/acordos-internacionais/2001/22001D0112(02).md
22001D0112(02)	Artigo 2.º		84	86	26	ue/acordos-internacionais/2001/22001D0112(02).md
22001D0112(02)	Artigo 3.º		88	90	27	ue/acordos-internacionais/2001/22001D0112(02).md
22001D0112(02)	Artigo 4.º		92	94	36	ue/acordos-internacionais/2001/22001D0112(02).md
22001D0112(02)	Artigo 5.º		96	104	216	ue/acordos-internacionais/2001/22001D0112(02).md
22001D0112(02)	Artigo 6.º		106	116	163	ue/acordos-internacionais/2001/22001D0112(02).md
22001D0112(02)	Artigo 7.º		118	168	949	ue/acordos-internacionais/2001/22001D0112(02).md
22001D0112(02)	Artigo 1.º		172	178	179	ue/acordos-internacionais/2001/22001D0112(02).md
22001D0112(02)	Artigo 2.º		184	190	83	ue/acordos-internacionais/2001/22001D0112(02).md
22001D0112(02)	Artigo 3.º		192	240	856	ue/acordos-internacionais/2001/22001D0112(02).md
22001D0112(02)	Artigo 4.º		244	254	226	ue/acordos-internacionais/2001/22001D0112(02).md
22001D0112(02)	Artigo 5.º		260	270	100	ue/acordos-internacionais/2001/22001D0112(02).md
22001D0112(02)	Artigo 6.º		272	290	332	ue/acordos-internacionais/2001/22001D0112(02).md
22001D0112(02)	Artigo 7.º		292	304	178	ue/acordos-internacionais/2001/22001D0112(02).md
22001D0112(02)	Artigo 8.º		310	316	169	ue/acordos-internacionais/2001/22001D0112(02).md
22001D0112(02)	Artigo 9.º		318	324	97	ue/acordos-internacionais/2001/22001D0112(02).md
22001D0112(02)	Artigo 10.º		326	330	50	ue/acordos-internacionais/2001/22001D0112(02).md
22001D0112(02)	Artigo 11.º		332	334	64	ue/acordos-internacionais/2001/22001D0112(02).md
22001D0112(02)	Artigo 12.º		342	352	232	ue/acordos-internacionais/2001/22001D0112(02).md
22001D0112(02)	Artigo 13.º		354	362	219	ue/acordos-internacionais/2001/22001D0112(02).md
22001D0112(02)	Artigo 14.º		364	412	376	ue/acordos-internacionais/2001/22001D0112(02).md
22001D0112(02)	Artigo 15.º		414	424	203	ue/acordos-internacionais/2001/22001D0112(02).md
22001D0112(02)	Artigo 16.º		430	446	237	ue/acordos-internacionais/2001/22001D0112(02).md
22001D0112(02)	Artigo 17.º		448	464	417	ue/acordos-internacionais/2001/22001D0112(02).md
22001D0112(02)	Artigo 18.º		466	476	368	ue/acordos-internacionais/2001/22001D0112(02).md
22001D0112(02)	Artigo 19.º		478	486	122	ue/acordos-internacionais/2001/22001D0112(02).md
22001D0112(02)	Artigo 20.º		488	492	130	ue/acordos-internacionais/2001/22001D0112(02).md
22001D0112(02)	Artigo 21.º		494	502	87	ue/acordos-internacionais/2001/22001D0112(02).md
22001D0112(02)	Artigo 22.º		508	514	127	ue/acordos-internacionais/2001/22001D0112(02).md
22001D0112(02)	Artigo 23.º		516	522	152	ue/acordos-internacionais/2001/22001D0112(02).md
22001D0112(02)	Artigo 24.º		524	534	86	ue/acordos-internacionais/2001/22001D0112(02).md
22001D0112(02)	Artigo 25.º		536	548	174	ue/acordos-internacionais/2001/22001D0112(02).md
22001D0112(02)	Artigo 26.º		550	558	235	ue/acordos-internacionais/2001/22001D0112(02).md
22001D0112(02)	Artigo 27.º		560	570	171	ue/acordos-internacionais/2001/22001D0112(02).md
22001D0112(02)	Artigo 28.º		572	624	482	ue/acordos-internacionais/2001/22001D0112(02).md
22001D0112(02)	Artigo 29.º		626	634	142	ue/acordos-internacionais/2001/22001D0112(02).md
22001D0112(02)	Artigo 30.º		636	646	256	ue/acordos-internacionais/2001/22001D0112(02).md
22001D0112(02)	Artigo 31.º		652	656	52	ue/acordos-internacionais/2001/22001D0112(02).md
22001D0112(02)	Artigo 32.º		658	670	204	ue/acordos-internacionais/2001/22001D0112(02).md
22001D0112(02)	Artigo 33.º		672	686	280	ue/acordos-internacionais/2001/22001D0112(02).md
22001D0112(02)	Artigo 34.º		692	852	1500	ue/acordos-internacionais/2001/22001D0112(02).md
22001D0112(02)	Artigo 36.º		854	858	66	ue/acordos-internacionais/2001/22001D0112(02).md
22001D0112(02)	Artigo 37.º		860	862	74	ue/acordos-internacionais/2001/22001D0112(02).md
22001D0112(02)	Artigo 38.º		868	874	156	ue/acordos-internacionais/2001/22001D0112(02).md
22001D0112(02)	Artigo 39.º		876	884	304	ue/acordos-internacionais/2001/22001D0112(02).md
22001D0112(02)	Artigo 40.º		886	906	420	ue/acordos-internacionais/2001/22001D0112(02).md
22001D0112(02)	Artigo 41.º		908	916	252	ue/acordos-internacionais/2001/22001D0112(02).md
22001D0112(02)	Artigo 42.º		924	932	220	ue/acordos-internacionais/2001/22001D0112(02).md
22001D0112(02)	Artigo 43.º		934	946	317	ue/acordos-internacionais/2001/22001D0112(02).md
22001D0112(02)	Artigo 44.º		948	956	267	ue/acordos-internacionais/2001/22001D0112(02).md
22001D0112(02)	Artigo 45.º		958	962	128	ue/acordos-internacionais/2001/22001D0112(02).md
22001D0112(02)	Artigo 46.º		964	972	189	ue/acordos-internacionais/2001/22001D0112(02).md
22001D0112(02)	Artigo 47.º		974	976	38	ue/acordos-internacionais/2001/22001D0112(02).md
22001D0112(02)	Artigo 48.º		984	1012	336	ue/acordos-internacionais/2001/22001D0112(02).md
22001D0112(02)	Artigo 49.º		1014	1030	293	ue/acordos-internacionais/2001/22001D0112(02).md
22001D0112(02)	Artigo 50.º		1032	1038	89	ue/acordos-internacionais/2001/22001D0112(02).md
22001D0112(02)	Artigo 51.º		1040	1048	81	ue/acordos-internacionais/2001/22001D0112(02).md
22001D0112(02)	Artigo 52.º		1050	1058	89	ue/acordos-internacionais/2001/22001D0112(02).md
22001D0112(02)	Artigo 53.º		1060	1068	124	ue/acordos-internacionais/2001/22001D0112(02).md
22001D0112(02)	Artigo 54.º		1070	1086	278	ue/acordos-internacionais/2001/22001D0112(02).md
22001D0112(02)	Artigo 55.º		1088	1092	115	ue/acordos-internacionais/2001/22001D0112(02).md
22001D0112(02)	Artigo 56.º		1098	1116	351	ue/acordos-internacionais/2001/22001D0112(02).md
22001D0112(02)	Artigo 57.º		1118	1134	356	ue/acordos-internacionais/2001/22001D0112(02).md
22001D0112(02)	Artigo 58.º		1136	1156	462	ue/acordos-internacionais/2001/22001D0112(02).md
22001D0112(02)	Artigo 59.º		1158	1166	68	ue/acordos-internacionais/2001/22001D0112(02).md
22001D0112(02)	Artigo 60.º		1168	1176	167	ue/acordos-internacionais/2001/22001D0112(02).md
22001D0112(02)	Artigo 61.º		1178	1186	236	ue/acordos-internacionais/2001/22001D0112(02).md
22001D0112(02)	Artigo 62.º		1190	1204	354	ue/acordos-internacionais/2001/22001D0112(02).md
22001D0112(02)	Artigo 63.º		1208	1214	145	ue/acordos-internacionais/2001/22001D0112(02).md
22001D0112(02)	Artigo 64.º		1218	1256	272	ue/acordos-internacionais/2001/22001D0112(02).md
22001D0112(02)	Artigo 65.º		1262	1268	98	ue/acordos-internacionais/2001/22001D0112(02).md
22001D0112(02)	Artigo 66.º		1270	1282	201	ue/acordos-internacionais/2001/22001D0112(02).md
22001D0112(02)	Artigo 67.º		1284	1296	239	ue/acordos-internacionais/2001/22001D0112(02).md
22001D0112(02)	Artigo 68.º		1298	1306	224	ue/acordos-internacionais/2001/22001D0112(02).md
22001D0112(02)	Artigo 69.º		1308	1350	391	ue/acordos-internacionais/2001/22001D0112(02).md
22001D0112(02)	Artigo 70.º		1352	1392	352	ue/acordos-internacionais/2001/22001D0112(02).md
22001D0112(02)	Artigo 71.º		1394	1400	194	ue/acordos-internacionais/2001/22001D0112(02).md
22001D0112(02)	Artigo 72.º		1406	1414	253	ue/acordos-internacionais/2001/22001D0112(02).md
22001D0112(02)	Artigo 73.º		1416	1428	155	ue/acordos-internacionais/2001/22001D0112(02).md
22001D0112(02)	Artigo 74.º		1430	1438	173	ue/acordos-internacionais/2001/22001D0112(02).md
22001D0112(02)	Artigo 75.º		1446	1450	93	ue/acordos-internacionais/2001/22001D0112(02).md
22001D0112(02)	Artigo 76.º		1452	1456	25	ue/acordos-internacionais/2001/22001D0112(02).md
22001D0112(02)	Artigo 77.º		1458	1462	62	ue/acordos-internacionais/2001/22001D0112(02).md
22001D0112(02)	Artigo 78.º		1464	1470	120	ue/acordos-internacionais/2001/22001D0112(02).md
22001D0112(02)	Artigo 79.º		1472	1480	151	ue/acordos-internacionais/2001/22001D0112(02).md
22001D0112(02)	Artigo 80.º		1482	1496	156	ue/acordos-internacionais/2001/22001D0112(02).md
22001D0112(02)	Artigo 81.º		1498	1524	904	ue/acordos-internacionais/2001/22001D0112(02).md
22001D0112(02)	Artigo 82.º		1526	1530	62	ue/acordos-internacionais/2001/22001D0112(02).md
22001D0112(02)	Artigo 83.º		1532	1540	146	ue/acordos-internacionais/2001/22001D0112(02).md
22001D0112(02)	Artigo 84.º		1542	1550	117	ue/acordos-internacionais/2001/22001D0112(02).md
22001D0112(02)	Artigo 85.º		1552	1562	221	ue/acordos-internacionais/2001/22001D0112(02).md
22001D0112(02)	Artigo 86.º		1564	1570	95	ue/acordos-internacionais/2001/22001D0112(02).md
22001D0112(02)	Artigo 87.º		1572	1574	69	ue/acordos-internacionais/2001/22001D0112(02).md
22001D0112(02)	Artigo 88.º		1580	1584	201	ue/acordos-internacionais/2001/22001D0112(02).md
22001D0112(02)	Artigo 89.º		1586	1632	686	ue/acordos-internacionais/2001/22001D0112(02).md
22001D0112(02)	Artigo 90.º		1634	1638	41	ue/acordos-internacionais/2001/22001D0112(02).md
22001D0112(02)	Artigo 91.º		1640	1652	346	ue/acordos-internacionais/2001/22001D0112(02).md
22001D0112(02)	Artigo 92.º		1654	1660	126	ue/acordos-internacionais/2001/22001D0112(02).md
22001D0112(02)	Artigo 93.º		1662	1666	72	ue/acordos-internacionais/2001/22001D0112(02).md
22001D0112(02)	Artigo 94.º		1668	1674	134	ue/acordos-internacionais/2001/22001D0112(02).md
22001D0112(02)	Artigo 95.º		1676	1690	153	ue/acordos-internacionais/2001/22001D0112(02).md
22001D0112(02)	Artigo 96.º		1692	1722	1142	ue/acordos-internacionais/2001/22001D0112(02).md
22001D0112(02)	Artigo 97.º		1724	1728	119	ue/acordos-internacionais/2001/22001D0112(02).md
22001D0112(02)	Artigo 98.º		1730	1738	137	ue/acordos-internacionais/2001/22001D0112(02).md
22001D0112(02)	Artigo 99.º		1740	1748	122	ue/acordos-internacionais/2001/22001D0112(02).md
22001D0112(02)	Artigo 100.º		1750	1756	157	ue/acordos-internacionais/2001/22001D0112(02).md
22001D0112(02)	Artigo 101.º		1758	1764	96	ue/acordos-internacionais/2001/22001D0112(02).md
22001D0112(02)	Artigo 102.º		1766	1768	70	ue/acordos-internacionais/2001/22001D0112(02).md
22001D0112(02)	Artigo 103.º		1774	1786	380	ue/acordos-internacionais/2001/22001D0112(02).md
22001D0112(02)	Artigo 104.º		1790	1806	703	ue/acordos-internacionais/2001/22001D0112(02).md
22001D0112(02)	Artigo 105.º		1808	1814	262	ue/acordos-internacionais/2001/22001D0112(02).md
22001D0112(02)	Artigo 111.º		1820	1880	960	ue/acordos-internacionais/2001/22001D0112(02).md
22001D0112(02)	Artigo 112.º		1882	1926	882	ue/acordos-internacionais/2001/22001D0112(02).md
22001D0112(02)	Artigo 113.º		1930	1954	704	ue/acordos-internacionais/2001/22001D0112(02).md
22001D0112(02)	Artigo 114.º		1960	1988	503	ue/acordos-internacionais/2001/22001D0112(02).md
22001D0112(02)	Artigo 115.º		1990	2006	270	ue/acordos-internacionais/2001/22001D0112(02).md
22001D0112(02)	Artigo 116.º		2008	2020	215	ue/acordos-internacionais/2001/22001D0112(02).md
22001D0112(02)	Artigo 117.º		2022	2044	488	ue/acordos-internacionais/2001/22001D0112(02).md
22001D0112(02)	Artigo 118.º		2046	2060	276	ue/acordos-internacionais/2001/22001D0112(02).md
22001D0112(02)	Artigo 119.º		2062	2064	119	ue/acordos-internacionais/2001/22001D0112(02).md
22001D0112(02)	ANEXO I	MERCADORIAS QUE APRESENTAM RISCOS DE FRAUDE ACRESCIDOS	2066	2068	23	ue/acordos-internacionais/2001/22001D0112(02).md
22001D0112(02)	ANEXO II	CARACTERÍSTICAS DOS SELOS	2070	2094	279	ue/acordos-internacionais/2001/22001D0112(02).md
22001D0112(02)	ANEXO III	CRITÉRIOS PREVISTOS NOS ARTIGOS 57.a E 58.a	2096	2098	20	ue/acordos-internacionais/2001/22001D0112(02).md
22001D0112(02)	ANEXO IV	MODALIDADES DE APLICAÇÃO DO N.º 7 DO ARTIGO 58.º	2100	2238	1952	ue/acordos-internacionais/2001/22001D0112(02).md
22001D0112(02)	Artigo 1.º		2236	2238	43	ue/acordos-internacionais/2001/22001D0112(02).md
22001D0112(02)	Artigo 2.º		2244	2264	347	ue/acordos-internacionais/2001/22001D0112(02).md
22001D0112(02)	Artigo 3.º		2270	2274	48	ue/acordos-internacionais/2001/22001D0112(02).md
22001D0112(02)	Artigo 4.º		2276	2314	231	ue/acordos-internacionais/2001/22001D0112(02).md
22001D0112(02)	Artigo 5.º		2320	2326	64	ue/acordos-internacionais/2001/22001D0112(02).md
22001D0112(02)	Artigo 6.º		2328	2338	195	ue/acordos-internacionais/2001/22001D0112(02).md
22001D0112(02)	Artigo 7.º		2340	2346	88	ue/acordos-internacionais/2001/22001D0112(02).md
22001D0112(02)	Artigo 8.º		2348	2358	280	ue/acordos-internacionais/2001/22001D0112(02).md
22001D0112(02)	Artigo 9.º		2364	2384	592	ue/acordos-internacionais/2001/22001D0112(02).md
22001D0112(02)	Artigo 10.º		2386	2420	347	ue/acordos-internacionais/2001/22001D0112(02).md
22001D0112(02)	Artigo 11.º		2422	2424	79	ue/acordos-internacionais/2001/22001D0112(02).md
22001D0112(02)	Artigo 12.º		2430	2436	293	ue/acordos-internacionais/2001/22001D0112(02).md
22001D0112(02)	Artigo 13.º		2438	2444	112	ue/acordos-internacionais/2001/22001D0112(02).md
22001D0112(02)	Artigo 14.º		2450	2456	164	ue/acordos-internacionais/2001/22001D0112(02).md
22001D0112(02)	Artigo 15.º		2458	2470	154	ue/acordos-internacionais/2001/22001D0112(02).md
22001D0112(02)	Artigo 16.º		2472	2518	420	ue/acordos-internacionais/2001/22001D0112(02).md
22001D0112(02)	Artigo 17.º		2520	2560	352	ue/acordos-internacionais/2001/22001D0112(02).md
22001D0112(02)	Artigo 18.º		2562	2600	724	ue/acordos-internacionais/2001/22001D0112(02).md
22001D0112(02)	Artigo 19.º		2602	2606	94	ue/acordos-internacionais/2001/22001D0112(02).md
22001D0112(02)	Artigo 20.º		2608	2610	61	ue/acordos-internacionais/2001/22001D0112(02).md
22001D0112(02)	Artigo 21.º		2614	2616	81	ue/acordos-internacionais/2001/22001D0112(02).md
22001D0112(02)	Artigo 22.º		2620	2626	205	ue/acordos-internacionais/2001/22001D0112(02).md
22001D0112(02)	ANEXO C	Apêndice III	2628	2634	77	ue/acordos-internacionais/2001/22001D0112(02).md
22001D0112(02)	Artigo 1.º		2632	2634	59	ue/acordos-internacionais/2001/22001D0112(02).md
22001D0112(02)	Artigo 2.º		2638	2654	195	ue/acordos-internacionais/2001/22001D0112(02).md
22001D0112(02)	Artigo 3.º		2656	2676	601	ue/acordos-internacionais/2001/22001D0112(02).md
22001D0112(02)	Artigo 4.º		2678	2682	232	ue/acordos-internacionais/2001/22001D0112(02).md
22001D0112(02)	Artigo 5.º		2688	2696	162	ue/acordos-internacionais/2001/22001D0112(02).md
22001D0112(02)	Artigo 6.º		2698	2706	108	ue/acordos-internacionais/2001/22001D0112(02).md
22001D0112(02)	Artigo 7.º		2708	2716	108	ue/acordos-internacionais/2001/22001D0112(02).md
22001D0112(02)	Artigo 8.º		2718	2744	444	ue/acordos-internacionais/2001/22001D0112(02).md
22001D0112(02)	Artigo 10.º		2746	2758	374	ue/acordos-internacionais/2001/22001D0112(02).md
22001D0112(02)	Artigo 11.º		2764	2768	62	ue/acordos-internacionais/2001/22001D0112(02).md
22001D0112(02)	Artigo 12.º		2770	2774	57	ue/acordos-internacionais/2001/22001D0112(02).md
22001D0112(02)	Artigo 13.º		2776	2798	171	ue/acordos-internacionais/2001/22001D0112(02).md
22001D0112(02)	ANEXO C1	CARIMBO ESPECIAL	3664	3678	60	ue/acordos-internacionais/2001/22001D0112(02).md
22001D0112(02)	ANEXO C2	ETIQUETA	3680	3690	71	ue/acordos-internacionais/2001/22001D0112(02).md
22001D0112(03)	Preâmbulo		18	30	136	ue/acordos-internacionais/2001/22001D0112(03).md
22001D0112(03)	Artigo 1.º		34	36	43	ue/acordos-internacionais/2001/22001D0112(03).md
22001D0112(03)	Artigo 2.º		38	92	948	ue/acordos-internacionais/2001/22001D0112(03).md
22001D0113	Preâmbulo		18	38	219	ue/acordos-internacionais/2001/22001D0113.md
22001D0113	Artigo 1.º		42	44	114	ue/acordos-internacionais/2001/22001D0113.md
22001D0113	Artigo 2.º		46	48	51	ue/acordos-internacionais/2001/22001D0113.md
22001D0113	Artigo 3.º		50	52	51	ue/acordos-internacionais/2001/22001D0113.md
22001D0113	Artigo 4.º		54	70	88	ue/acordos-internacionais/2001/22001D0113.md
22001D0114	Preâmbulo		18	38	206	ue/acordos-internacionais/2001/22001D0114.md
22001D0114	Artigo 1.º		42	44	102	ue/acordos-internacionais/2001/22001D0114.md
22001D0114	Artigo 2.º		46	48	50	ue/acordos-internacionais/2001/22001D0114.md
22001D0114	Artigo 3.º		50	52	51	ue/acordos-internacionais/2001/22001D0114.md
22001D0114	Artigo 4.º		54	70	88	ue/acordos-internacionais/2001/22001D0114.md
22001D0115	Preâmbulo		18	38	189	ue/acordos-internacionais/2001/22001D0115.md
22001D0115	Artigo 1.º		42	44	86	ue/acordos-internacionais/2001/22001D0115.md
22001D0115	Artigo 2.º		46	48	57	ue/acordos-internacionais/2001/22001D0115.md
22001D0115	Artigo 3.º		50	52	51	ue/acordos-internacionais/2001/22001D0115.md
22001D0115	Artigo 4.º		54	70	87	ue/acordos-internacionais/2001/22001D0115.md
22001D0116	Preâmbulo		18	38	178	ue/acordos-internacionais/2001/22001D0116.md
22001D0116	Artigo 1.º		42	44	95	ue/acordos-internacionais/2001/22001D0116.md
22001D0116	Artigo 2.º		46	48	57	ue/acordos-internacionais/2001/22001D0116.md
22001D0116	Artigo 3.º		50	52	51	ue/acordos-internacionais/2001/22001D0116.md
22001D0116	Artigo 4.º		54	70	88	ue/acordos-internacionais/2001/22001D0116.md
22001D0118	Preâmbulo		18	42	322	ue/acordos-internacionais/2001/22001D0118.md
22001D0118	Artigo 1.º		46	52	96	ue/acordos-internacionais/2001/22001D0118.md
22001D0118	Artigo 2.º		54	58	74	ue/acordos-internacionais/2001/22001D0118.md
22001D0118	Artigo 3.º		60	62	107	ue/acordos-internacionais/2001/22001D0118.md
22001D0118	Artigo 4.º		64	66	64	ue/acordos-internacionais/2001/22001D0118.md
22001D0118	Artigo 5.º		68	70	51	ue/acordos-internacionais/2001/22001D0118.md
22001D0118	Artigo 6.º		72	116	210	ue/acordos-internacionais/2001/22001D0118.md
22001D0118(01)	Preâmbulo		18	42	292	ue/acordos-internacionais/2001/22001D0118(01).md
22001D0118(01)	Artigo 1.º		46	50	58	ue/acordos-internacionais/2001/22001D0118(01).md
22001D0118(01)	Artigo 2.º		52	56	58	ue/acordos-internacionais/2001/22001D0118(01).md
22001D0118(01)	Artigo 3.º		58	60	41	ue/acordos-internacionais/2001/22001D0118(01).md
22001D0118(01)	Artigo 4.º		62	64	52	ue/acordos-internacionais/2001/22001D0118(01).md
22001D0118(01)	Artigo 5.º		66	82	85	ue/acordos-internacionais/2001/22001D0118(01).md
22001D0118(02)	Preâmbulo		18	48	463	ue/acordos-internacionais/2001/22001D0118(02).md
22001D0118(02)	Artigo 1.º		52	58	63	ue/acordos-internacionais/2001/22001D0118(02).md
22001D0118(02)	Artigo 2.º		60	64	62	ue/acordos-internacionais/2001/22001D0118(02).md
22001D0118(02)	Artigo 3.º		66	70	105	ue/acordos-internacionais/2001/22001D0118(02).md
22001D0118(02)	Artigo 4.º		72	78	68	ue/acordos-internacionais/2001/22001D0118(02).md
22001D0118(02)	Artigo 5.º		80	86	180	ue/acordos-internacionais/2001/22001D0118(02).md
22001D0118(02)	Artigo 6.º		88	90	54	ue/acordos-internacionais/2001/22001D0118(02).md
22001D0118(02)	Artigo 7.º		92	94	52	ue/acordos-internacionais/2001/22001D0118(02).md
22001D0118(02)	Artigo 8.º		96	118	112	ue/acordos-internacionais/2001/22001D0118(02).md
22001D0118(03)	Preâmbulo		18	42	290	ue/acordos-internacionais/2001/22001D0118(03).md
22001D0118(03)	Artigo 1.º		46	50	68	ue/acordos-internacionais/2001/22001D0118(03).md
22001D0118(03)	Artigo 2.º		52	58	70	ue/acordos-internacionais/2001/22001D0118(03).md
22001D0118(03)	Artigo 3.º		60	62	44	ue/acordos-internacionais/2001/22001D0118(03).md
22001D0118(03)	Artigo 4.º		64	66	52	ue/acordos-internacionais/2001/22001D0118(03).md
22001D0118(03)	Artigo 5.º		68	84	85	ue/acordos-internacionais/2001/22001D0118(03).md
22001D0118(04)	Preâmbulo		18	44	338	ue/acordos-internacionais/2001/22001D0118(04).md
22001D0118(04)	Artigo 1.º		48	52	62	ue/acordos-internacionais/2001/22001D0118(04).md
22001D0118(04)	Artigo 2.º		54	58	62	ue/acordos-internacionais/2001/22001D0118(04).md
22001D0118(04)	Artigo 3.º		60	64	92	ue/acordos-internacionais/2001/22001D0118(04).md
22001D0118(04)	Artigo 4.º		66	68	30	ue/acordos-internacionais/2001/22001D0118(04).md
22001D0118(04)	Artigo 5.º		70	72	48	ue/acordos-internacionais/2001/22001D0118(04).md
22001D0118(04)	Artigo 6.º		74	76	52	ue/acordos-internacionais/2001/22001D0118(04).md
22001D0118(04)	Artigo 7.º		78	96	94	ue/acordos-internacionais/2001/22001D0118(04).md
22001D0118(05)	Preâmbulo		18	42	278	ue/acordos-internacionais/2001/22001D0118(05).md
22001D0118(05)	Artigo 1.º		46	52	64	ue/acordos-internacionais/2001/22001D0118(05).md
22001D0118(05)	Artigo 2.º		54	58	95	ue/acordos-internacionais/2001/22001D0118(05).md
22001D0118(05)	Artigo 3.º		60	62	30	ue/acordos-internacionais/2001/22001D0118(05).md
22001D0118(05)	Artigo 4.º		64	66	48	ue/acordos-internacionais/2001/22001D0118(05).md
22001D0118(05)	Artigo 5.º		68	70	52	ue/acordos-internacionais/2001/22001D0118(05).md
22001D0118(05)	Artigo 6.º		72	88	84	ue/acordos-internacionais/2001/22001D0118(05).md
22001D0118(06)	Preâmbulo		18	42	303	ue/acordos-internacionais/2001/22001D0118(06).md
22001D0118(06)	Artigo 1.º		46	50	64	ue/acordos-internacionais/2001/22001D0118(06).md
22001D0118(06)	Artigo 2.º		52	56	63	ue/acordos-internacionais/2001/22001D0118(06).md
22001D0118(06)	Artigo 3.º		58	60	42	ue/acordos-internacionais/2001/22001D0118(06).md
22001D0118(06)	Artigo 4.º		62	64	50	ue/acordos-internacionais/2001/22001D0118(06).md
22001D0118(06)	Artigo 5.º		66	82	85	ue/acordos-internacionais/2001/22001D0118(06).md
22001D0118(07)	Preâmbulo		18	42	292	ue/acordos-internacionais/2001/22001D0118(07).md
22001D0118(07)	Artigo 1.º		46	50	62	ue/acordos-internacionais/2001/22001D0118(07).md
22001D0118(07)	Artigo 2.º		52	56	146	ue/acordos-internacionais/2001/22001D0118(07).md
22001D0118(07)	Artigo 3.º		58	60	58	ue/acordos-internacionais/2001/22001D0118(07).md
22001D0118(07)	Artigo 4.º		62	64	40	ue/acordos-internacionais/2001/22001D0118(07).md
22001D0118(07)	Artigo 5.º		66	68	52	ue/acordos-internacionais/2001/22001D0118(07).md
22001D0118(07)	Artigo 6.º		70	86	85	ue/acordos-internacionais/2001/22001D0118(07).md
22001D0118(08)	Preâmbulo		18	42	252	ue/acordos-internacionais/2001/22001D0118(08).md
22001D0118(08)	Artigo 1.º		46	50	94	ue/acordos-internacionais/2001/22001D0118(08).md
22001D0118(08)	Artigo 2.º		52	58	111	ue/acordos-internacionais/2001/22001D0118(08).md
22001D0118(08)	Artigo 3.º		60	62	41	ue/acordos-internacionais/2001/22001D0118(08).md
22001D0118(08)	Artigo 4.º		64	66	52	ue/acordos-internacionais/2001/22001D0118(08).md
22001D0118(08)	Artigo 5.º		68	84	84	ue/acordos-internacionais/2001/22001D0118(08).md
22001D0118(09)	Preâmbulo		18	44	397	ue/acordos-internacionais/2001/22001D0118(09).md
22001D0118(09)	Artigo 1.º		48	52	61	ue/acordos-internacionais/2001/22001D0118(09).md
22001D0118(09)	Artigo 2.º		54	58	61	ue/acordos-internacionais/2001/22001D0118(09).md
22001D0118(09)	Artigo 3.º		60	64	63	ue/acordos-internacionais/2001/22001D0118(09).md
22001D0118(09)	Artigo 4.º		66	70	61	ue/acordos-internacionais/2001/22001D0118(09).md
22001D0118(09)	Artigo 5.º		72	74	49	ue/acordos-internacionais/2001/22001D0118(09).md
22001D0118(09)	Artigo 6.º		76	78	52	ue/acordos-internacionais/2001/22001D0118(09).md
22001D0118(09)	Artigo 7.º		80	98	94	ue/acordos-internacionais/2001/22001D0118(09).md
22001D0118(10)	Preâmbulo		18	40	238	ue/acordos-internacionais/2001/22001D0118(10).md
22001D0118(10)	Artigo 1.º		44	48	62	ue/acordos-internacionais/2001/22001D0118(10).md
22001D0118(10)	Artigo 2.º		50	54	62	ue/acordos-internacionais/2001/22001D0118(10).md
22001D0118(10)	Artigo 3.º		56	60	62	ue/acordos-internacionais/2001/22001D0118(10).md
22001D0118(10)	Artigo 4.º		62	66	62	ue/acordos-internacionais/2001/22001D0118(10).md
22001D0118(10)	Artigo 5.º		68	70	35	ue/acordos-internacionais/2001/22001D0118(10).md
22001D0118(10)	Artigo 6.º		72	74	52	ue/acordos-internacionais/2001/22001D0118(10).md
22001D0118(10)	Artigo 7.º		76	90	77	ue/acordos-internacionais/2001/22001D0118(10).md
22001D0118(11)	Preâmbulo		18	44	454	ue/acordos-internacionais/2001/22001D0118(11).md
22001D0118(11)	Artigo 1.º		48	52	62	ue/acordos-internacionais/2001/22001D0118(11).md
22001D0118(11)	Artigo 2.º		54	62	206	ue/acordos-internacionais/2001/22001D0118(11).md
22001D0118(11)	Artigo 3.º		64	66	50	ue/acordos-internacionais/2001/22001D0118(11).md
22001D0118(11)	Artigo 4.º		68	70	52	ue/acordos-internacionais/2001/22001D0118(11).md
22001D0118(11)	Artigo 5.º		72	88	86	ue/acordos-internacionais/2001/22001D0118(11).md
22001D0118(12)	Preâmbulo		18	48	531	ue/acordos-internacionais/2001/22001D0118(12).md
22001D0118(12)	Artigo 1.º		52	56	62	ue/acordos-internacionais/2001/22001D0118(12).md
22001D0118(12)	Artigo 2.º		58	64	90	ue/acordos-internacionais/2001/22001D0118(12).md
22001D0118(12)	Artigo 3.º		66	70	62	ue/acordos-internacionais/2001/22001D0118(12).md
22001D0118(12)	Artigo 4.º		72	76	62	ue/acordos-internacionais/2001/22001D0118(12).md
22001D0118(12)	Artigo 5.º		78	80	56	ue/acordos-internacionais/2001/22001D0118(12).md
22001D0118(12)	Artigo 6.º		82	84	52	ue/acordos-internacionais/2001/22001D0118(12).md
22001D0118(12)	Artigo 7.º		86	108	113	ue/acordos-internacionais/2001/22001D0118(12).md
22001D0118(13)	Preâmbulo		18	44	369	ue/acordos-internacionais/2001/22001D0118(13).md
22001D0118(13)	Artigo 1.º		48	52	62	ue/acordos-internacionais/2001/22001D0118(13).md
22001D0118(13)	Artigo 2.º		54	58	62	ue/acordos-internacionais/2001/22001D0118(13).md
22001D0118(13)	Artigo 3.º		60	64	62	ue/acordos-internacionais/2001/22001D0118(13).md
22001D0118(13)	Artigo 4.º		66	68	46	ue/acordos-internacionais/2001/22001D0118(13).md
22001D0118(13)	Artigo 5.º		70	72	52	ue/acordos-internacionais/2001/22001D0118(13).md
22001D0118(13)	Artigo 6.º		74	92	93	ue/acordos-internacionais/2001/22001D0118(13).md
22001D0118(14)	Preâmbulo		18	42	302	ue/acordos-internacionais/2001/22001D0118(14).md
22001D0118(14)	Artigo 1.º		46	52	146	ue/acordos-internacionais/2001/22001D0118(14).md
22001D0118(14)	Artigo 2.º		54	56	42	ue/acordos-internacionais/2001/22001D0118(14).md
22001D0118(14)	Artigo 3.º		58	60	52	ue/acordos-internacionais/2001/22001D0118(14).md
22001D0118(14)	Artigo 4.º		62	78	84	ue/acordos-internacionais/2001/22001D0118(14).md
22001D0118(15)	Preâmbulo		18	46	436	ue/acordos-internacionais/2001/22001D0118(15).md
22001D0118(15)	Artigo 1.º		50	54	62	ue/acordos-internacionais/2001/22001D0118(15).md
22001D0118(15)	Artigo 2.º		56	60	62	ue/acordos-internacionais/2001/22001D0118(15).md
22001D0118(15)	Artigo 3.º		62	66	90	ue/acordos-internacionais/2001/22001D0118(15).md
22001D0118(15)	Artigo 4.º		68	74	66	ue/acordos-internacionais/2001/22001D0118(15).md
22001D0118(15)	Artigo 5.º		76	78	48	ue/acordos-internacionais/2001/22001D0118(15).md
22001D0118(15)	Artigo 6.º		80	82	52	ue/acordos-internacionais/2001/22001D0118(15).md
22001D0118(15)	Artigo 7.º		84	104	103	ue/acordos-internacionais/2001/22001D0118(15).md
22001D0118(16)	Preâmbulo		18	42	350	ue/acordos-internacionais/2001/22001D0118(16).md
22001D0118(16)	Artigo 1.º		46	52	146	ue/acordos-internacionais/2001/22001D0118(16).md
22001D0118(16)	Artigo 2.º		54	56	30	ue/acordos-internacionais/2001/22001D0118(16).md
22001D0118(16)	Artigo 3.º		58	60	42	ue/acordos-internacionais/2001/22001D0118(16).md
22001D0118(16)	Artigo 4.º		62	64	52	ue/acordos-internacionais/2001/22001D0118(16).md
22001D0118(16)	Artigo 5.º		66	82	85	ue/acordos-internacionais/2001/22001D0118(16).md
22001D0118(17)	Preâmbulo		18	50	472	ue/acordos-internacionais/2001/22001D0118(17).md
22001D0118(17)	Artigo 1.º		54	68	385	ue/acordos-internacionais/2001/22001D0118(17).md
22001D0118(17)	Artigo 2.º		70	72	58	ue/acordos-internacionais/2001/22001D0118(17).md
22001D0118(17)	Artigo 3.º		74	76	52	ue/acordos-internacionais/2001/22001D0118(17).md
22001D0118(17)	Artigo 4.º		78	102	121	ue/acordos-internacionais/2001/22001D0118(17).md
22001D0118(18)	Preâmbulo		18	40	279	ue/acordos-internacionais/2001/22001D0118(18).md
22001D0118(18)	Artigo 1.º		44	48	60	ue/acordos-internacionais/2001/22001D0118(18).md
22001D0118(18)	Artigo 2.º		50	54	65	ue/acordos-internacionais/2001/22001D0118(18).md
22001D0118(18)	Artigo 3.º		56	58	48	ue/acordos-internacionais/2001/22001D0118(18).md
22001D0118(18)	Artigo 4.º		60	62	50	ue/acordos-internacionais/2001/22001D0118(18).md
22001D0118(18)	Artigo 5.º		64	80	85	ue/acordos-internacionais/2001/22001D0118(18).md
22001D0118(19)	Preâmbulo		18	38	211	ue/acordos-internacionais/2001/22001D0118(19).md
22001D0118(19)	Artigo 1.º		42	46	60	ue/acordos-internacionais/2001/22001D0118(19).md
22001D0118(19)	Artigo 2.º		48	50	42	ue/acordos-internacionais/2001/22001D0118(19).md
22001D0118(19)	Artigo 3.º		52	54	50	ue/acordos-internacionais/2001/22001D0118(19).md
22001D0118(19)	Artigo 4.º		56	70	76	ue/acordos-internacionais/2001/22001D0118(19).md
22001D0118(20)	Preâmbulo		18	38	224	ue/acordos-internacionais/2001/22001D0118(20).md
22001D0118(20)	Artigo 1.º		42	46	66	ue/acordos-internacionais/2001/22001D0118(20).md
22001D0118(20)	Artigo 2.º		48	50	42	ue/acordos-internacionais/2001/22001D0118(20).md
22001D0118(20)	Artigo 3.º		52	54	50	ue/acordos-internacionais/2001/22001D0118(20).md
22001D0118(20)	Artigo 4.º		56	70	76	ue/acordos-internacionais/2001/22001D0118(20).md
22001D0118(21)	Preâmbulo		18	38	215	ue/acordos-internacionais/2001/22001D0118(21).md
22001D0118(21)	Artigo 1.º		42	122	1153	ue/acordos-internacionais/2001/22001D0118(21).md
22001D0118(21)	Artigo 2.º		124	126	44	ue/acordos-internacionais/2001/22001D0118(21).md
22001D0118(21)	Artigo 3.º		128	130	52	ue/acordos-internacionais/2001/22001D0118(21).md
22001D0118(21)	Artigo 4.º		132	148	85	ue/acordos-internacionais/2001/22001D0118(21).md
22001D0118(22)	Preâmbulo		18	40	254	ue/acordos-internacionais/2001/22001D0118(22).md
22001D0118(22)	Artigo 1.º		44	48	88	ue/acordos-internacionais/2001/22001D0118(22).md
22001D0118(22)	Artigo 2.º		50	52	44	ue/acordos-internacionais/2001/22001D0118(22).md
22001D0118(22)	Artigo 3.º		54	56	52	ue/acordos-internacionais/2001/22001D0118(22).md
22001D0118(22)	Artigo 4.º		58	72	76	ue/acordos-internacionais/2001/22001D0118(22).md
22001D0118(23)	Preâmbulo		18	38	189	ue/acordos-internacionais/2001/22001D0118(23).md
22001D0118(23)	Artigo 1.º		42	50	139	ue/acordos-internacionais/2001/22001D0118(23).md
22001D0118(23)	Artigo 2.º		52	54	47	ue/acordos-internacionais/2001/22001D0118(23).md
22001D0118(23)	Artigo 3.º		56	58	52	ue/acordos-internacionais/2001/22001D0118(23).md
22001D0118(23)	Artigo 4.º		60	74	76	ue/acordos-internacionais/2001/22001D0118(23).md
22001D0118(24)	Preâmbulo		18	42	279	ue/acordos-internacionais/2001/22001D0118(24).md
22001D0118(24)	Artigo 1.º		46	48	21	ue/acordos-internacionais/2001/22001D0118(24).md
22001D0118(24)	Artigo 2.º		50	60	172	ue/acordos-internacionais/2001/22001D0118(24).md
22001D0118(24)	Artigo 3.º		62	64	44	ue/acordos-internacionais/2001/22001D0118(24).md
22001D0118(24)	Artigo 4.º		66	68	52	ue/acordos-internacionais/2001/22001D0118(24).md
22001D0118(24)	Artigo 5.º		70	88	93	ue/acordos-internacionais/2001/22001D0118(24).md
22001D0118(25)	Preâmbulo		18	38	235	ue/acordos-internacionais/2001/22001D0118(25).md
22001D0118(25)	Artigo 1.º		42	46	138	ue/acordos-internacionais/2001/22001D0118(25).md
22001D0118(25)	Artigo 2.º		48	50	50	ue/acordos-internacionais/2001/22001D0118(25).md
22001D0118(25)	Artigo 3.º		52	54	52	ue/acordos-internacionais/2001/22001D0118(25).md
22001D0118(25)	Artigo 4.º		56	70	76	ue/acordos-internacionais/2001/22001D0118(25).md
22001D0118(26)	Preâmbulo		18	38	184	ue/acordos-internacionais/2001/22001D0118(26).md
22001D0118(26)	Artigo 1.º		42	46	88	ue/acordos-internacionais/2001/22001D0118(26).md
22001D0118(26)	Artigo 2.º		48	50	47	ue/acordos-internacionais/2001/22001D0118(26).md
22001D0118(26)	Artigo 3.º		52	54	52	ue/acordos-internacionais/2001/22001D0118(26).md
22001D0118(26)	Artigo 4.º		56	70	76	ue/acordos-internacionais/2001/22001D0118(26).md
22001D0118(27)	Preâmbulo		18	38	180	ue/acordos-internacionais/2001/22001D0118(27).md
22001D0118(27)	Artigo 1.º		42	46	88	ue/acordos-internacionais/2001/22001D0118(27).md
22001D0118(27)	Artigo 2.º		48	50	40	ue/acordos-internacionais/2001/22001D0118(27).md
22001D0118(27)	Artigo 3.º		52	54	44	ue/acordos-internacionais/2001/22001D0118(27).md
22001D0118(27)	Artigo 4.º		56	58	52	ue/acordos-internacionais/2001/22001D0118(27).md
22001D0118(27)	Artigo 5.º		60	74	76	ue/acordos-internacionais/2001/22001D0118(27).md
22001D0118(28)	Preâmbulo		18	38	195	ue/acordos-internacionais/2001/22001D0118(28).md
22001D0118(28)	Artigo 1.º		42	46	100	ue/acordos-internacionais/2001/22001D0118(28).md
22001D0118(28)	Artigo 2.º		48	50	44	ue/acordos-internacionais/2001/22001D0118(28).md
22001D0118(28)	Artigo 3.º		52	54	52	ue/acordos-internacionais/2001/22001D0118(28).md
22001D0118(28)	Artigo 4.º		56	70	76	ue/acordos-internacionais/2001/22001D0118(28).md
22001D0119	Preâmbulo		18	38	213	ue/acordos-internacionais/2001/22001D0119.md
22001D0119	Artigo 1.º		42	44	115	ue/acordos-internacionais/2001/22001D0119.md
22001D0119	Artigo 2.º		46	48	50	ue/acordos-internacionais/2001/22001D0119.md
22001D0119	Artigo 3.º		50	52	54	ue/acordos-internacionais/2001/22001D0119.md
22001D0119	Artigo 4.º		54	70	88	ue/acordos-internacionais/2001/22001D0119.md
22001D0119(02)	Preâmbulo		18	46	912	ue/acordos-internacionais/2001/22001D0119(02).md
22001D0119(02)	Artigo 1.º		50	60	252	ue/acordos-internacionais/2001/22001D0119(02).md
22001D0119(02)	Artigo 2.º		62	68	168	ue/acordos-internacionais/2001/22001D0119(02).md
22001D0119(02)	Artigo 3.º		70	72	22	ue/acordos-internacionais/2001/22001D0119(02).md
22001D0119(02)	Artigo 4.º		74	84	46	ue/acordos-internacionais/2001/22001D0119(02).md
22001D0120	Preâmbulo		18	38	290	ue/acordos-internacionais/2001/22001D0120.md
22001D0120	Artigo 1.º		42	44	164	ue/acordos-internacionais/2001/22001D0120.md
22001D0120	Artigo 2.º		46	48	51	ue/acordos-internacionais/2001/22001D0120.md
22001D0120	Artigo 3.º		50	52	54	ue/acordos-internacionais/2001/22001D0120.md
22001D0120	Artigo 4.º		54	70	88	ue/acordos-internacionais/2001/22001D0120.md
22001D0120(01)	Preâmbulo		18	38	406	ue/acordos-internacionais/2001/22001D0120(01).md
22001D0120(01)	Artigo 1.º		42	134	1635	ue/acordos-internacionais/2001/22001D0120(01).md
22001D0120(01)	Artigo 2.º		136	150	69	ue/acordos-internacionais/2001/22001D0120(01).md
22001D0120(02)	Preâmbulo		18	38	406	ue/acordos-internacionais/2001/22001D0120(02).md
22001D0120(02)	Artigo 1.º		42	134	1635	ue/acordos-internacionais/2001/22001D0120(02).md
22001D0120(02)	Artigo 2.º		136	150	70	ue/acordos-internacionais/2001/22001D0120(02).md
22001D0121	Preâmbulo		18	38	191	ue/acordos-internacionais/2001/22001D0121.md
22001D0121	Artigo 1.º		42	48	143	ue/acordos-internacionais/2001/22001D0121.md
22001D0121	Artigo 2.º		50	52	57	ue/acordos-internacionais/2001/22001D0121.md
22001D0121	Artigo 3.º		54	56	54	ue/acordos-internacionais/2001/22001D0121.md
22001D0121	Artigo 4.º		58	74	88	ue/acordos-internacionais/2001/22001D0121.md
22001D0122	Preâmbulo		18	38	193	ue/acordos-internacionais/2001/22001D0122.md
22001D0122	Artigo 1.º		42	44	98	ue/acordos-internacionais/2001/22001D0122.md
22001D0122	Artigo 2.º		46	48	50	ue/acordos-internacionais/2001/22001D0122.md
22001D0122	Artigo 3.º		50	52	54	ue/acordos-internacionais/2001/22001D0122.md
22001D0122	Artigo 4.º		54	70	89	ue/acordos-internacionais/2001/22001D0122.md
22001D0123(02)	Preâmbulo		18	42	385	ue/acordos-internacionais/2001/22001D0123(02).md
22001D0123(02)	Artigo 1.º		46	70	247	ue/acordos-internacionais/2001/22001D0123(02).md
22001D0123(02)	Artigo 2.º		72	80	108	ue/acordos-internacionais/2001/22001D0123(02).md
22001D0123(02)	Artigo 3.º		82	92	64	ue/acordos-internacionais/2001/22001D0123(02).md
22001D0123(03)	Preâmbulo		18	38	186	ue/acordos-internacionais/2001/22001D0123(03).md
22001D0123(03)	Artigo 1.º		42	60	374	ue/acordos-internacionais/2001/22001D0123(03).md
22001D0123(03)	Artigo 2.º		62	64	68	ue/acordos-internacionais/2001/22001D0123(03).md
22001D0123(03)	Artigo 3.º		66	68	53	ue/acordos-internacionais/2001/22001D0123(03).md
22001D0123(03)	Artigo 4.º		70	86	87	ue/acordos-internacionais/2001/22001D0123(03).md
22001D0124	Preâmbulo		18	44	386	ue/acordos-internacionais/2001/22001D0124.md
22001D0124	Artigo 1.º		48	60	256	ue/acordos-internacionais/2001/22001D0124.md
22001D0124	Artigo 2.º		62	66	108	ue/acordos-internacionais/2001/22001D0124.md
22001D0124	Artigo 3.º		68	70	52	ue/acordos-internacionais/2001/22001D0124.md
22001D0124	Artigo 4.º		72	74	54	ue/acordos-internacionais/2001/22001D0124.md
22001D0124	Artigo 5.º		76	96	104	ue/acordos-internacionais/2001/22001D0124.md
22001D0125	Preâmbulo		18	48	518	ue/acordos-internacionais/2001/22001D0125.md
22001D0125	Artigo 1.º		52	72	317	ue/acordos-internacionais/2001/22001D0125.md
22001D0125	Artigo 2.º		74	76	65	ue/acordos-internacionais/2001/22001D0125.md
22001D0125	Artigo 3.º		78	80	51	ue/acordos-internacionais/2001/22001D0125.md
22001D0125	Artigo 4.º		82	106	122	ue/acordos-internacionais/2001/22001D0125.md
22001D0126	Preâmbulo		18	42	289	ue/acordos-internacionais/2001/22001D0126.md
22001D0126	Artigo 1.º		46	56	232	ue/acordos-internacionais/2001/22001D0126.md
22001D0126	Artigo 2.º		58	60	49	ue/acordos-internacionais/2001/22001D0126.md
22001D0126	Artigo 3.º		62	64	51	ue/acordos-internacionais/2001/22001D0126.md
22001D0126	Artigo 4.º		66	84	96	ue/acordos-internacionais/2001/22001D0126.md
22001D0127	Preâmbulo		18	46	382	ue/acordos-internacionais/2001/22001D0127.md
22001D0127	Artigo 1.º		50	54	114	ue/acordos-internacionais/2001/22001D0127.md
22001D0127	Artigo 2.º		56	60	62	ue/acordos-internacionais/2001/22001D0127.md
22001D0127	Artigo 3.º		62	68	73	ue/acordos-internacionais/2001/22001D0127.md
22001D0127	Artigo 4.º		70	72	91	ue/acordos-internacionais/2001/22001D0127.md
22001D0127	Artigo 5.º		74	76	58	ue/acordos-internacionais/2001/22001D0127.md
22001D0127	Artigo 6.º		78	80	51	ue/acordos-internacionais/2001/22001D0127.md
22001D0127	Artigo 7.º		82	104	115	ue/acordos-internacionais/2001/22001D0127.md
22001D0128	Preâmbulo		18	46	393	ue/acordos-internacionais/2001/22001D0128.md
22001D0128	Artigo 1.º		50	70	321	ue/acordos-internacionais/2001/22001D0128.md
22001D0128	Artigo 2.º		72	74	59	ue/acordos-internacionais/2001/22001D0128.md
22001D0128	Artigo 3.º		76	78	51	ue/acordos-internacionais/2001/22001D0128.md
22001D0128	Artigo 4.º		80	102	114	ue/acordos-internacionais/2001/22001D0128.md
22001D0129	Preâmbulo		18	42	262	ue/acordos-internacionais/2001/22001D0129.md
22001D0129	Artigo 1.º		46	58	159	ue/acordos-internacionais/2001/22001D0129.md
22001D0129	Artigo 2.º		60	62	52	ue/acordos-internacionais/2001/22001D0129.md
22001D0129	Artigo 3.º		64	66	51	ue/acordos-internacionais/2001/22001D0129.md
22001D0129	Artigo 4.º		68	86	97	ue/acordos-internacionais/2001/22001D0129.md
22001D0130	Preâmbulo		18	40	204	ue/acordos-internacionais/2001/22001D0130.md
22001D0130	Artigo 1.º		44	48	60	ue/acordos-internacionais/2001/22001D0130.md
22001D0130	Artigo 2.º		50	52	48	ue/acordos-internacionais/2001/22001D0130.md
22001D0130	Artigo 3.º		54	56	51	ue/acordos-internacionais/2001/22001D0130.md
22001D0130	Artigo 4.º		58	74	88	ue/acordos-internacionais/2001/22001D0130.md
22001D0131	Preâmbulo		18	40	181	ue/acordos-internacionais/2001/22001D0131.md
22001D0131	Artigo 1.º		44	46	32	ue/acordos-internacionais/2001/22001D0131.md
22001D0131	Artigo 2.º		48	50	84	ue/acordos-internacionais/2001/22001D0131.md
22001D0131	Artigo 3.º		52	54	51	ue/acordos-internacionais/2001/22001D0131.md
22001D0131	Artigo 4.º		56	126	671	ue/acordos-internacionais/2001/22001D0131.md
22001D0132	Preâmbulo		18	40	266	ue/acordos-internacionais/2001/22001D0132.md
22001D0132	Artigo 1.º		44	48	97	ue/acordos-internacionais/2001/22001D0132.md
22001D0132	Artigo 2.º		50	54	66	ue/acordos-internacionais/2001/22001D0132.md
22001D0132	Artigo 3.º		56	58	54	ue/acordos-internacionais/2001/22001D0132.md
22001D0132	Artigo 4.º		60	62	51	ue/acordos-internacionais/2001/22001D0132.md
22001D0132	Artigo 5.º		64	82	97	ue/acordos-internacionais/2001/22001D0132.md
22001D0133	Preâmbulo		18	40	308	ue/acordos-internacionais/2001/22001D0133.md
22001D0133	Artigo 1.º		44	48	66	ue/acordos-internacionais/2001/22001D0133.md
22001D0133	Artigo 2.º		50	54	60	ue/acordos-internacionais/2001/22001D0133.md
22001D0133	Artigo 3.º		56	58	54	ue/acordos-internacionais/2001/22001D0133.md
22001D0133	Artigo 4.º		60	62	51	ue/acordos-internacionais/2001/22001D0133.md
22001D0133	Artigo 5.º		64	82	96	ue/acordos-internacionais/2001/22001D0133.md
22001D0134	Preâmbulo		18	42	476	ue/acordos-internacionais/2001/22001D0134.md
22001D0134	Artigo 1.º		46	50	91	ue/acordos-internacionais/2001/22001D0134.md
22001D0134	Artigo 2.º		52	58	110	ue/acordos-internacionais/2001/22001D0134.md
22001D0134	Artigo 3.º		60	62	54	ue/acordos-internacionais/2001/22001D0134.md
22001D0134	Artigo 4.º		64	66	51	ue/acordos-internacionais/2001/22001D0134.md
22001D0134	Artigo 5.º		68	88	105	ue/acordos-internacionais/2001/22001D0134.md
22001D0135	Preâmbulo		18	40	314	ue/acordos-internacionais/2001/22001D0135.md
22001D0135	Artigo 1.º		44	48	72	ue/acordos-internacionais/2001/22001D0135.md
22001D0135	Artigo 2.º		50	54	82	ue/acordos-internacionais/2001/22001D0135.md
22001D0135	Artigo 3.º		56	58	51	ue/acordos-internacionais/2001/22001D0135.md
22001D0135	Artigo 4.º		60	62	51	ue/acordos-internacionais/2001/22001D0135.md
22001D0135	Artigo 5.º		64	82	97	ue/acordos-internacionais/2001/22001D0135.md
22001D0136	Preâmbulo		18	38	201	ue/acordos-internacionais/2001/22001D0136.md
22001D0136	Artigo 1.º		42	46	80	ue/acordos-internacionais/2001/22001D0136.md
22001D0136	Artigo 2.º		48	50	47	ue/acordos-internacionais/2001/22001D0136.md
22001D0136	Artigo 3.º		52	54	51	ue/acordos-internacionais/2001/22001D0136.md
22001D0136	Artigo 4.º		56	72	88	ue/acordos-internacionais/2001/22001D0136.md
22001D0137	Preâmbulo		18	40	334	ue/acordos-internacionais/2001/22001D0137.md
22001D0137	Artigo 1.º		44	52	105	ue/acordos-internacionais/2001/22001D0137.md
22001D0137	Artigo 2.º		54	56	48	ue/acordos-internacionais/2001/22001D0137.md
22001D0137	Artigo 3.º		58	60	51	ue/acordos-internacionais/2001/22001D0137.md
22001D0137	Artigo 4.º		62	80	97	ue/acordos-internacionais/2001/22001D0137.md
22001D0138	Preâmbulo		18	38	212	ue/acordos-internacionais/2001/22001D0138.md
22001D0138	Artigo 1.º		42	60	407	ue/acordos-internacionais/2001/22001D0138.md
22001D0138	Artigo 2.º		62	64	77	ue/acordos-internacionais/2001/22001D0138.md
22001D0138	Artigo 3.º		66	68	48	ue/acordos-internacionais/2001/22001D0138.md
22001D0138	Artigo 4.º		70	72	51	ue/acordos-internacionais/2001/22001D0138.md
22001D0138	Artigo 5.º		74	96	114	ue/acordos-internacionais/2001/22001D0138.md
22001D0139	Preâmbulo		18	46	389	ue/acordos-internacionais/2001/22001D0139.md
22001D0139	Artigo 1.º		50	64	316	ue/acordos-internacionais/2001/22001D0139.md
22001D0139	Artigo 2.º		66	68	67	ue/acordos-internacionais/2001/22001D0139.md
22001D0139	Artigo 3.º		70	72	51	ue/acordos-internacionais/2001/22001D0139.md
22001D0139	Artigo 4.º		74	98	122	ue/acordos-internacionais/2001/22001D0139.md
22001D0140	Preâmbulo		18	46	387	ue/acordos-internacionais/2001/22001D0140.md
22001D0140	Artigo 1.º		50	52	23	ue/acordos-internacionais/2001/22001D0140.md
22001D0140	Artigo 2.º		54	56	23	ue/acordos-internacionais/2001/22001D0140.md
22001D0140	Artigo 3.º		58	60	80	ue/acordos-internacionais/2001/22001D0140.md
22001D0140	Artigo 4.º		62	74	68	ue/acordos-internacionais/2001/22001D0140.md
22001D0140	ANEXO I	"""PROTOCOLO N.º 2"	76	80	42	ue/acordos-internacionais/2001/22001D0140.md
22001D0140	ANEXO II	'	82	372	2560	ue/acordos-internacionais/2001/22001D0140.md
22001D0140	Artigo 1.º		88	92	62	ue/acordos-internacionais/2001/22001D0140.md
22001D0140	Artigo 2.º		94	98	92	ue/acordos-internacionais/2001/22001D0140.md
22001D0140	Artigo 3.º		100	104	136	ue/acordos-internacionais/2001/22001D0140.md
22001D0140	Artigo 4.º		106	108	81	ue/acordos-internacionais/2001/22001D0140.md
22001D0140	Artigo 5.º		110	114	78	ue/acordos-internacionais/2001/22001D0140.md
22001D0140	Artigo 6.º		116	118	59	ue/acordos-internacionais/2001/22001D0140.md
22001D0140	Artigo 7.º		120	372	2023	ue/acordos-internacionais/2001/22001D0140.md
22001D0141	Preâmbulo		18	44	347	ue/acordos-internacionais/2001/22001D0141.md
22001D0141	Artigo 1.º		48	64	208	ue/acordos-internacionais/2001/22001D0141.md
22001D0141	Artigo 2.º		66	68	57	ue/acordos-internacionais/2001/22001D0141.md
22001D0141	Artigo 3.º		70	72	54	ue/acordos-internacionais/2001/22001D0141.md
22001D0141	Artigo 4.º		74	94	106	ue/acordos-internacionais/2001/22001D0141.md
22001D0142	Preâmbulo		18	48	491	ue/acordos-internacionais/2001/22001D0142.md
22001D0142	Artigo 1.º		52	72	318	ue/acordos-internacionais/2001/22001D0142.md
22001D0142	Artigo 2.º		74	76	62	ue/acordos-internacionais/2001/22001D0142.md
22001D0142	Artigo 3.º		78	80	54	ue/acordos-internacionais/2001/22001D0142.md
22001D0142	Artigo 4.º		82	106	124	ue/acordos-internacionais/2001/22001D0142.md
22001D0143	Preâmbulo		18	40	206	ue/acordos-internacionais/2001/22001D0143.md
22001D0143	Artigo 1.º		44	48	64	ue/acordos-internacionais/2001/22001D0143.md
22001D0143	Artigo 2.º		50	52	43	ue/acordos-internacionais/2001/22001D0143.md
22001D0143	Artigo 3.º		54	56	54	ue/acordos-internacionais/2001/22001D0143.md
22001D0143	Artigo 4.º		58	74	90	ue/acordos-internacionais/2001/22001D0143.md
22001D0144	Preâmbulo		18	42	302	ue/acordos-internacionais/2001/22001D0144.md
22001D0144	Artigo 1.º		46	58	204	ue/acordos-internacionais/2001/22001D0144.md
22001D0144	Artigo 2.º		60	62	48	ue/acordos-internacionais/2001/22001D0144.md
22001D0144	Artigo 3.º		64	66	54	ue/acordos-internacionais/2001/22001D0144.md
22001D0144	Artigo 4.º		68	86	98	ue/acordos-internacionais/2001/22001D0144.md
22001D0145	Preâmbulo		18	40	205	ue/acordos-internacionais/2001/22001D0145.md
22001D0145	Artigo 1.º		44	48	119	ue/acordos-internacionais/2001/22001D0145.md
22001D0145	Artigo 2.º		50	52	43	ue/acordos-internacionais/2001/22001D0145.md
22001D0145	Artigo 3.º		54	56	54	ue/acordos-internacionais/2001/22001D0145.md
22001D0145	Artigo 4.º		58	74	90	ue/acordos-internacionais/2001/22001D0145.md
22001D0146	Preâmbulo		18	40	311	ue/acordos-internacionais/2001/22001D0146.md
22001D0146	Artigo 1.º		44	48	62	ue/acordos-internacionais/2001/22001D0146.md
22001D0146	Artigo 2.º		50	52	43	ue/acordos-internacionais/2001/22001D0146.md
22001D0146	Artigo 3.º		54	56	54	ue/acordos-internacionais/2001/22001D0146.md
22001D0146	Artigo 4.º		58	74	89	ue/acordos-internacionais/2001/22001D0146.md
22001D0147	Preâmbulo		18	40	179	ue/acordos-internacionais/2001/22001D0147.md
22001D0147	Artigo 1.º		44	46	35	ue/acordos-internacionais/2001/22001D0147.md
22001D0147	Artigo 2.º		48	50	58	ue/acordos-internacionais/2001/22001D0147.md
22001D0147	Artigo 3.º		52	54	54	ue/acordos-internacionais/2001/22001D0147.md
22001D0147	Artigo 4.º		56	98	442	ue/acordos-internacionais/2001/22001D0147.md
22001D0148	Preâmbulo		18	48	474	ue/acordos-internacionais/2001/22001D0148.md
22001D0148	Artigo 1.º		52	72	448	ue/acordos-internacionais/2001/22001D0148.md
22001D0148	Artigo 2.º		74	76	62	ue/acordos-internacionais/2001/22001D0148.md
22001D0148	Artigo 3.º		78	80	54	ue/acordos-internacionais/2001/22001D0148.md
22001D0148	Artigo 4.º		82	106	126	ue/acordos-internacionais/2001/22001D0148.md
22001D0149	Preâmbulo		18	42	308	ue/acordos-internacionais/2001/22001D0149.md
22001D0149	Artigo 1.º		46	56	171	ue/acordos-internacionais/2001/22001D0149.md
22001D0149	Artigo 2.º		58	60	48	ue/acordos-internacionais/2001/22001D0149.md
22001D0149	Artigo 3.º		62	64	54	ue/acordos-internacionais/2001/22001D0149.md
22001D0149	Artigo 4.º		66	84	98	ue/acordos-internacionais/2001/22001D0149.md
22001D0150	Preâmbulo		18	38	191	ue/acordos-internacionais/2001/22001D0150.md
22001D0150	Artigo 1.º		42	46	92	ue/acordos-internacionais/2001/22001D0150.md
22001D0150	Artigo 2.º		48	50	50	ue/acordos-internacionais/2001/22001D0150.md
22001D0150	Artigo 3.º		52	54	54	ue/acordos-internacionais/2001/22001D0150.md
22001D0150	Artigo 4.º		56	72	89	ue/acordos-internacionais/2001/22001D0150.md
22001D0151	Preâmbulo		18	40	266	ue/acordos-internacionais/2001/22001D0151.md
22001D0151	Artigo 1.º		44	50	170	ue/acordos-internacionais/2001/22001D0151.md
22001D0151	Artigo 2.º		52	54	56	ue/acordos-internacionais/2001/22001D0151.md
22001D0151	Artigo 3.º		56	58	54	ue/acordos-internacionais/2001/22001D0151.md
22001D0151	Artigo 4.º		60	78	98	ue/acordos-internacionais/2001/22001D0151.md
22001D0152	Preâmbulo		18	38	206	ue/acordos-internacionais/2001/22001D0152.md
22001D0152	Artigo 1.º		42	44	24	ue/acordos-internacionais/2001/22001D0152.md
22001D0152	Artigo 2.º		46	58	59	ue/acordos-internacionais/2001/22001D0152.md
22001D0152	Artigo 1.º	Presidência	60	62	90	ue/acordos-internacionais/2001/22001D0152.md
22001D0152	Artigo 2.º	Reuniões	64	70	94	ue/acordos-internacionais/2001/22001D0152.md
22001D0152	Artigo 3.º	Representação	72	76	86	ue/acordos-internacionais/2001/22001D0152.md
22001D0152	Artigo 4.º	Delegações	78	80	64	ue/acordos-internacionais/2001/22001D0152.md
22001D0152	Artigo 5.º	Secretariado	82	84	59	ue/acordos-internacionais/2001/22001D0152.md
22001D0152	Artigo 6.º	Documentação	86	88	56	ue/acordos-internacionais/2001/22001D0152.md
22001D0152	Artigo 7.º	Correspondência	90	96	225	ue/acordos-internacionais/2001/22001D0152.md
22001D0152	Artigo 8.º	Ordem de trabalhos das reuniões	98	104	275	ue/acordos-internacionais/2001/22001D0152.md
22001D0152	Artigo 9.º		106	120	252	ue/acordos-internacionais/2001/22001D0152.md
22001D0152	Artigo 10.º	Decisões e recomendações	122	130	258	ue/acordos-internacionais/2001/22001D0152.md
22001D0152	Artigo 11.º	Publicidade	132	136	59	ue/acordos-internacionais/2001/22001D0152.md
22001D0152	Artigo 12.º	Línguas oficiais	138	142	71	ue/acordos-internacionais/2001/22001D0152.md
22001D0152	Artigo 13.º	Despesas	144	148	123	ue/acordos-internacionais/2001/22001D0152.md
22001D0152	Artigo 14.º	Comité Misto	150	162	318	ue/acordos-internacionais/2001/22001D0152.md
22001D0152	Artigo 1.º	Presidência	164	166	100	ue/acordos-internacionais/2001/22001D0152.md
22001D0152	Artigo 2.º	Reuniões	168	170	79	ue/acordos-internacionais/2001/22001D0152.md
22001D0152	Artigo 3.º	Delegações	172	174	44	ue/acordos-internacionais/2001/22001D0152.md
22001D0152	Artigo 4.º	Secretariado	176	180	160	ue/acordos-internacionais/2001/22001D0152.md
22001D0152	Artigo 5.º	Publicidade	182	184	26	ue/acordos-internacionais/2001/22001D0152.md
22001D0152	Artigo 6.º	Ordem de trabalhos das reuniões	186	190	259	ue/acordos-internacionais/2001/22001D0152.md
22001D0152	Artigo 7.º		192	194	103	ue/acordos-internacionais/2001/22001D0152.md
22001D0152	Artigo 8.º	Decisões e recomendações	196	202	163	ue/acordos-internacionais/2001/22001D0152.md
22001D0152	Artigo 9.º	Despesas	204	208	122	ue/acordos-internacionais/2001/22001D0152.md
22001D0152(01)	Preâmbulo		18	40	287	ue/acordos-internacionais/2001/22001D0152(01).md
22001D0152(01)	Artigo 1.º		44	48	91	ue/acordos-internacionais/2001/22001D0152(01).md
22001D0152(01)	Artigo 2.º		50	52	33	ue/acordos-internacionais/2001/22001D0152(01).md
22001D0152(01)	Artigo 3.º		54	56	48	ue/acordos-internacionais/2001/22001D0152(01).md
22001D0152(01)	Artigo 4.º		58	60	54	ue/acordos-internacionais/2001/22001D0152(01).md
22001D0152(01)	Artigo 5.º		62	80	98	ue/acordos-internacionais/2001/22001D0152(01).md
22001D0153	Preâmbulo		18	38	442	ue/acordos-internacionais/2001/22001D0153.md
22001D0153	Artigo 1.º	Âmbito da decisão	44	54	129	ue/acordos-internacionais/2001/22001D0153.md
22001D0153	Artigo 2.º	Âmbito de aplicação	58	88	364	ue/acordos-internacionais/2001/22001D0153.md
22001D0153	Artigo 3.º	Definições	92	112	488	ue/acordos-internacionais/2001/22001D0153.md
22001D0153	Artigo 4.º	Acesso ao mercado	114	128	420	ue/acordos-internacionais/2001/22001D0153.md
22001D0153	Artigo 5.º	Tratamento da nação mais favorecida	130	136	208	ue/acordos-internacionais/2001/22001D0153.md
22001D0153	Artigo 6.º	Tratamento nacional	138	144	223	ue/acordos-internacionais/2001/22001D0153.md
22001D0153	Artigo 7.º	Liberalização comercial	146	160	409	ue/acordos-internacionais/2001/22001D0153.md
22001D0153	Artigo 8.º	Regulamentação	162	164	74	ue/acordos-internacionais/2001/22001D0153.md
22001D0153	Artigo 9.º	Reconhecimento mútuo	166	170	175	ue/acordos-internacionais/2001/22001D0153.md
22001D0153	Artigo 10.º	Transporte marítimo internacional	174	188	419	ue/acordos-internacionais/2001/22001D0153.md
22001D0153	Artigo 11.º	Definições	192	260	1166	ue/acordos-internacionais/2001/22001D0153.md
22001D0153	Artigo 12.º	Estabelecimento dos prestadores de serviços financeiros	262	280	518	ue/acordos-internacionais/2001/22001D0153.md
22001D0153	Artigo 13.º	Prestação transfronteiras de serviços financeiros	282	290	306	ue/acordos-internacionais/2001/22001D0153.md
22001D0153	Artigo 14.º	Tratamento nacional	292	296	212	ue/acordos-internacionais/2001/22001D0153.md
22001D0153	Artigo 15.º	Tratamento da nação mais favorecida	298	304	157	ue/acordos-internacionais/2001/22001D0153.md
22001D0153	Artigo 16.º	Pessoal de base	306	310	129	ue/acordos-internacionais/2001/22001D0153.md
22001D0153	Artigo 17.º	Compromissos	312	322	270	ue/acordos-internacionais/2001/22001D0153.md
22001D0153	Artigo 18.º	Regulamentação	324	326	86	ue/acordos-internacionais/2001/22001D0153.md
22001D0153	Artigo 19.º	Medidas prudenciais	328	340	304	ue/acordos-internacionais/2001/22001D0153.md
22001D0153	Artigo 20.º	Eficácia e transparência da regulamentação	342	356	388	ue/acordos-internacionais/2001/22001D0153.md
22001D0153	Artigo 21.º	Novos serviços financeiros	358	360	162	ue/acordos-internacionais/2001/22001D0153.md
22001D0153	Artigo 22.º	Tratamento de dados	362	366	160	ue/acordos-internacionais/2001/22001D0153.md
22001D0153	Artigo 23.º	Comité Especial dos Serviços Financeiros	368	384	347	ue/acordos-internacionais/2001/22001D0153.md
22001D0153	Artigo 24.º	Consultas	386	394	257	ue/acordos-internacionais/2001/22001D0153.md
22001D0153	Artigo 25.º	Resolução de litígios	396	398	134	ue/acordos-internacionais/2001/22001D0153.md
22001D0153	Artigo 26.º	Excepções específicas	400	406	268	ue/acordos-internacionais/2001/22001D0153.md
22001D0153	Artigo 27.º	Excepções	410	432	546	ue/acordos-internacionais/2001/22001D0153.md
22001D0153	Artigo 28.º	Definições	436	440	108	ue/acordos-internacionais/2001/22001D0153.md
22001D0153	Artigo 29.º	Pagamentos relacionados com investimentos	442	446	147	ue/acordos-internacionais/2001/22001D0153.md
22001D0153	Artigo 30.º	Dificuldades em matéria de política cambial e de política monetária	448	452	175	ue/acordos-internacionais/2001/22001D0153.md
22001D0153	Artigo 31.º	Dificuldades a nível da balança de pagamentos	454	458	268	ue/acordos-internacionais/2001/22001D0153.md
22001D0153	Artigo 32.º	Transferências	460	462	76	ue/acordos-internacionais/2001/22001D0153.md
22001D0153	Artigo 33.º	Promoção do investimento entre as Partes	464	474	238	ue/acordos-internacionais/2001/22001D0153.md
22001D0153	Artigo 34.º	Compromissos internacionais em matéria de investimento	476	478	82	ue/acordos-internacionais/2001/22001D0153.md
22001D0153	Artigo 35.º	Cláusula de reexame	480	482	132	ue/acordos-internacionais/2001/22001D0153.md
22001D0153	Artigo 36.º	Convenções multilaterais em matéria de propriedade intelectual	486	510	492	ue/acordos-internacionais/2001/22001D0153.md
22001D0153	Artigo 37.º	Âmbito de aplicação	516	520	132	ue/acordos-internacionais/2001/22001D0153.md
22001D0153	Artigo 38.º	Consultas	524	530	232	ue/acordos-internacionais/2001/22001D0153.md
22001D0153	Artigo 39.º	Criação de um painel de arbitragem	534	538	177	ue/acordos-internacionais/2001/22001D0153.md
22001D0153	Artigo 40.º	Nomeação dos árbitros	540	550	303	ue/acordos-internacionais/2001/22001D0153.md
22001D0153	Artigo 41.º	Relatórios dos painéis	552	562	367	ue/acordos-internacionais/2001/22001D0153.md
22001D0153	Artigo 42.º	Aplicação dos relatórios dos painéis	564	586	1019	ue/acordos-internacionais/2001/22001D0153.md
22001D0153	Artigo 43.º	Disposições gerais	588	596	346	ue/acordos-internacionais/2001/22001D0153.md
22001D0153	Artigo 44.º		600	628	425	ue/acordos-internacionais/2001/22001D0153.md
22001D0153	Artigo 45.º	Entrada em vigor	632	634	35	ue/acordos-internacionais/2001/22001D0153.md
22001D0153	Artigo 46.º		636	654	349	ue/acordos-internacionais/2001/22001D0153.md
22001D0153	ANEXO I	(a que se refere o artigo 17.º)	656	656	11	ue/acordos-internacionais/2001/22001D0153.md
22001D0153	ANEXO II	(a que se refere o artigo 23.º)	676	678	25	ue/acordos-internacionais/2001/22001D0153.md
22001D0153	ANEXO III	(a que se refere o artigo 43.º)	688	996	6480	ue/acordos-internacionais/2001/22001D0153.md
22001D0153(01)	Preâmbulo		18	38	213	ue/acordos-internacionais/2001/22001D0153(01).md
22001D0153(01)	Artigo 1.º		42	46	60	ue/acordos-internacionais/2001/22001D0153(01).md
22001D0153(01)	Artigo 2.º		48	50	48	ue/acordos-internacionais/2001/22001D0153(01).md
22001D0153(01)	Artigo 3.º		52	54	54	ue/acordos-internacionais/2001/22001D0153(01).md
22001D0153(01)	Artigo 4.º		56	72	89	ue/acordos-internacionais/2001/22001D0153(01).md
22001D0154	Preâmbulo		18	38	216	ue/acordos-internacionais/2001/22001D0154.md
22001D0154	Artigo 1.º		42	46	111	ue/acordos-internacionais/2001/22001D0154.md
22001D0154	Artigo 2.º		48	50	48	ue/acordos-internacionais/2001/22001D0154.md
22001D0154	Artigo 3.º		52	54	54	ue/acordos-internacionais/2001/22001D0154.md
22001D0154	Artigo 4.º		56	72	90	ue/acordos-internacionais/2001/22001D0154.md
22001D0155	Preâmbulo		18	38	273	ue/acordos-internacionais/2001/22001D0155.md
22001D0155	Artigo 1.º		42	46	68	ue/acordos-internacionais/2001/22001D0155.md
22001D0155	Artigo 2.º		48	50	48	ue/acordos-internacionais/2001/22001D0155.md
22001D0155	Artigo 3.º		52	54	54	ue/acordos-internacionais/2001/22001D0155.md
22001D0155	Artigo 4.º		56	72	90	ue/acordos-internacionais/2001/22001D0155.md
22001D0156	Preâmbulo		18	38	219	ue/acordos-internacionais/2001/22001D0156.md
22001D0156	Artigo 1.º		42	46	60	ue/acordos-internacionais/2001/22001D0156.md
22001D0156	Artigo 2.º		48	50	48	ue/acordos-internacionais/2001/22001D0156.md
22001D0156	Artigo 3.º		52	54	54	ue/acordos-internacionais/2001/22001D0156.md
22001D0156	Artigo 4.º		56	72	89	ue/acordos-internacionais/2001/22001D0156.md
22001D0158	Preâmbulo		18	38	229	ue/acordos-internacionais/2001/22001D0158.md
22001D0158	Artigo 1.º		42	46	62	ue/acordos-internacionais/2001/22001D0158.md
22001D0158	Artigo 2.º		48	50	50	ue/acordos-internacionais/2001/22001D0158.md
22001D0158	Artigo 3.º		52	54	54	ue/acordos-internacionais/2001/22001D0158.md
22001D0158	Artigo 4.º		56	72	90	ue/acordos-internacionais/2001/22001D0158.md
22001D0159	Preâmbulo		18	40	342	ue/acordos-internacionais/2001/22001D0159.md
22001D0159	Artigo 1.º		44	48	116	ue/acordos-internacionais/2001/22001D0159.md
22001D0159	Artigo 2.º		50	52	22	ue/acordos-internacionais/2001/22001D0159.md
22001D0159	Artigo 3.º		54	56	48	ue/acordos-internacionais/2001/22001D0159.md
22001D0159	Artigo 4.º		58	60	54	ue/acordos-internacionais/2001/22001D0159.md
22001D0159	Artigo 5.º		62	80	97	ue/acordos-internacionais/2001/22001D0159.md
22001D0160	Preâmbulo		18	38	192	ue/acordos-internacionais/2001/22001D0160.md
22001D0160	Artigo 1.º		42	46	92	ue/acordos-internacionais/2001/22001D0160.md
22001D0160	Artigo 2.º		48	50	49	ue/acordos-internacionais/2001/22001D0160.md
22001D0160	Artigo 3.º		52	54	53	ue/acordos-internacionais/2001/22001D0160.md
22001D0160	Artigo 4.º		56	72	90	ue/acordos-internacionais/2001/22001D0160.md
22001D0162	Preâmbulo		18	38	172	ue/acordos-internacionais/2001/22001D0162.md
22001D0162	Artigo 1.º		42	46	76	ue/acordos-internacionais/2001/22001D0162.md
22001D0162	Artigo 2.º		48	50	48	ue/acordos-internacionais/2001/22001D0162.md
22001D0162	Artigo 3.º		52	54	54	ue/acordos-internacionais/2001/22001D0162.md
22001D0162	Artigo 4.º		56	72	89	ue/acordos-internacionais/2001/22001D0162.md
22001D0163	Preâmbulo		18	38	192	ue/acordos-internacionais/2001/22001D0163.md
22001D0163	Artigo 1.º		42	48	68	ue/acordos-internacionais/2001/22001D0163.md
22001D0163	Artigo 2.º		50	52	48	ue/acordos-internacionais/2001/22001D0163.md
22001D0163	Artigo 3.º		54	56	54	ue/acordos-internacionais/2001/22001D0163.md
22001D0163	Artigo 4.º		58	74	89	ue/acordos-internacionais/2001/22001D0163.md
22001D0164	Preâmbulo		18	40	206	ue/acordos-internacionais/2001/22001D0164.md
22001D0164	Artigo 1.º		44	50	226	ue/acordos-internacionais/2001/22001D0164.md
22001D0164	Artigo 2.º		52	56	122	ue/acordos-internacionais/2001/22001D0164.md
22001D0164	Artigo 2.º		58	60	50	ue/acordos-internacionais/2001/22001D0164.md
22001D0164	Artigo 3.º		62	64	54	ue/acordos-internacionais/2001/22001D0164.md
22001D0164	Artigo 4.º		66	80	80	ue/acordos-internacionais/2001/22001D0164.md
22001D0165	Preâmbulo		18	40	258	ue/acordos-internacionais/2001/22001D0165.md
22001D0165	Artigo 1.º		44	52	175	ue/acordos-internacionais/2001/22001D0165.md
22001D0165	Artigo 2.º		54	56	54	ue/acordos-internacionais/2001/22001D0165.md
22001D0165	Artigo 3.º		58	76	98	ue/acordos-internacionais/2001/22001D0165.md
22001D0167	Preâmbulo		18	38	406	ue/acordos-internacionais/2001/22001D0167.md
22001D0167	Artigo 1.º		42	134	1635	ue/acordos-internacionais/2001/22001D0167.md
22001D0167	Artigo 2.º		136	150	69	ue/acordos-internacionais/2001/22001D0167.md
22001D0178	Preâmbulo		18	38	404	ue/acordos-internacionais/2001/22001D0178.md
22001D0178	Artigo 1.º		42	134	1641	ue/acordos-internacionais/2001/22001D0178.md
22001D0178	Artigo 2.º		136	150	70	ue/acordos-internacionais/2001/22001D0178.md
22001D0203	Preâmbulo		18	34	317	ue/acordos-internacionais/2001/22001D0203.md
22001D0203	Artigo 1.º		38	78	527	ue/acordos-internacionais/2001/22001D0203.md
22001D0203	Artigo 2.º		80	94	69	ue/acordos-internacionais/2001/22001D0203.md
22001D0203(01)	Preâmbulo		18	38	207	ue/acordos-internacionais/2001/22001D0203(01).md
22001D0203(02)	Preâmbulo		18	38	239	ue/acordos-internacionais/2001/22001D0203(02).md
22001D0211	Preâmbulo		18	38	406	ue/acordos-internacionais/2001/22001D0211.md
22001D0211	Artigo 1.º		42	136	1636	ue/acordos-internacionais/2001/22001D0211.md
22001D0211	Artigo 2.º		138	152	70	ue/acordos-internacionais/2001/22001D0211.md
22001D0215(01)	Preâmbulo		18	40	304	ue/acordos-internacionais/2001/22001D0215(01).md
22001D0215(01)	Artigo 1.º		44	62	114	ue/acordos-internacionais/2001/22001D0215(01).md
22001D0215(01)	Artigo 2.º		64	66	45	ue/acordos-internacionais/2001/22001D0215(01).md
22001D0215(01)	Artigo 3.º		68	70	53	ue/acordos-internacionais/2001/22001D0215(01).md
22001D0215(01)	Artigo 4.º		72	90	97	ue/acordos-internacionais/2001/22001D0215(01).md
22001D0215(02)	Preâmbulo		18	44	486	ue/acordos-internacionais/2001/22001D0215(02).md
22001D0215(02)	Artigo 1.º		48	52	65	ue/acordos-internacionais/2001/22001D0215(02).md
22001D0215(02)	Artigo 2.º		54	58	66	ue/acordos-internacionais/2001/22001D0215(02).md
22001D0215(02)	Artigo 3.º		60	70	118	ue/acordos-internacionais/2001/22001D0215(02).md
22001D0215(02)	Artigo 4.º		72	74	60	ue/acordos-internacionais/2001/22001D0215(02).md
22001D0215(02)	Artigo 5.º		76	78	53	ue/acordos-internacionais/2001/22001D0215(02).md
22001D0215(02)	Artigo 6.º		80	102	114	ue/acordos-internacionais/2001/22001D0215(02).md
22001D0215(03)	Preâmbulo		18	44	460	ue/acordos-internacionais/2001/22001D0215(03).md
22001D0215(03)	Artigo 1.º		48	56	94	ue/acordos-internacionais/2001/22001D0215(03).md
22001D0215(03)	Artigo 2.º		58	66	94	ue/acordos-internacionais/2001/22001D0215(03).md
22001D0215(03)	Artigo 3.º		68	70	49	ue/acordos-internacionais/2001/22001D0215(03).md
22001D0215(03)	Artigo 4.º		72	74	53	ue/acordos-internacionais/2001/22001D0215(03).md
22001D0215(03)	Artigo 5.º		76	98	114	ue/acordos-internacionais/2001/22001D0215(03).md
22001D0215(04)	Preâmbulo		18	42	409	ue/acordos-internacionais/2001/22001D0215(04).md
22001D0215(04)	Artigo 1.º		46	48	32	ue/acordos-internacionais/2001/22001D0215(04).md
22001D0215(04)	Artigo 2.º		50	52	50	ue/acordos-internacionais/2001/22001D0215(04).md
22001D0215(04)	Artigo 3.º		54	56	53	ue/acordos-internacionais/2001/22001D0215(04).md
22001D0215(04)	Artigo 4.º		58	92	282	ue/acordos-internacionais/2001/22001D0215(04).md
22001D0215(05)	Preâmbulo		18	40	277	ue/acordos-internacionais/2001/22001D0215(05).md
22001D0215(05)	Artigo 1.º		44	52	94	ue/acordos-internacionais/2001/22001D0215(05).md
22001D0215(05)	Artigo 2.º		54	56	45	ue/acordos-internacionais/2001/22001D0215(05).md
22001D0215(05)	Artigo 3.º		58	60	53	ue/acordos-internacionais/2001/22001D0215(05).md
22001D0215(05)	Artigo 4.º		62	80	98	ue/acordos-internacionais/2001/22001D0215(05).md
22001D0215(06)	Preâmbulo		18	44	420	ue/acordos-internacionais/2001/22001D0215(06).md
22001D0215(06)	Artigo 1.º		48	56	256	ue/acordos-internacionais/2001/22001D0215(06).md
22001D0215(06)	Artigo 2.º		58	60	52	ue/acordos-internacionais/2001/22001D0215(06).md
22001D0215(06)	Artigo 3.º		62	64	53	ue/acordos-internacionais/2001/22001D0215(06).md
22001D0215(06)	Artigo 4.º		66	88	113	ue/acordos-internacionais/2001/22001D0215(06).md
22001D0216(01)	Preâmbulo		18	46	470	ue/acordos-internacionais/2001/22001D0216(01).md
22001D0216(01)	Artigo 1.º		52	58	144	ue/acordos-internacionais/2001/22001D0216(01).md
22001D0216(01)	Artigo 2.º	Trocas comerciais entre as Ilhas Faroé e a Comunidade Europeia	60	66	274	ue/acordos-internacionais/2001/22001D0216(01).md
22001D0216(01)	Artigo 3.º	Controlos de animais vivos procedentes de países terceiros	68	74	198	ue/acordos-internacionais/2001/22001D0216(01).md
22001D0216(01)	Artigo 4.º	Controlos de produtos de origem animal provenientes de países terceiros	76	80	216	ue/acordos-internacionais/2001/22001D0216(01).md
22001D0216(01)	Artigo 5.º	Financiamento dos controlos	82	92	187	ue/acordos-internacionais/2001/22001D0216(01).md
22001D0216(01)	Artigo 6.º	Assistência mútua	94	96	33	ue/acordos-internacionais/2001/22001D0216(01).md
22001D0216(01)	Artigo 7.º	Sistemas de informação	98	102	112	ue/acordos-internacionais/2001/22001D0216(01).md
22001D0216(01)	Artigo 8.º		104	106	31	ue/acordos-internacionais/2001/22001D0216(01).md
22001D0216(01)	Artigo 9.º	Trocas comerciais de produtos da pesca	110	122	293	ue/acordos-internacionais/2001/22001D0216(01).md
22001D0216(01)	Artigo 10.º	Trocas comerciais de moluscos bivalves vivos	124	134	269	ue/acordos-internacionais/2001/22001D0216(01).md
22001D0216(01)	Artigo 11.º	Trocas comerciais de produtos da aquicultura	136	170	692	ue/acordos-internacionais/2001/22001D0216(01).md
22001D0216(01)	Artigo 12.º	Trocas comerciais de farinhas de peixe destinadas à elaboração de alimentos para animais	172	190	305	ue/acordos-internacionais/2001/22001D0216(01).md
22001D0216(01)	Artigo 13.º	Controlo de resíduos, proibição de utilização de determinadas substâncias hormonais e β-agonistas, utilização de alimentos medicamentosos para animais	192	204	314	ue/acordos-internacionais/2001/22001D0216(01).md
22001D0216(01)	Artigo 14.º	Trocas comerciais de outros produtos	206	208	88	ue/acordos-internacionais/2001/22001D0216(01).md
22001D0216(01)	Artigo 15.º		212	218	125	ue/acordos-internacionais/2001/22001D0216(01).md
22001D0216(01)	Artigo 16.º		220	264	198	ue/acordos-internacionais/2001/22001D0216(01).md
22001D0217(01)	Preâmbulo		18	36	312	ue/acordos-internacionais/2001/22001D0217(01).md
22001D0217(01)	Artigo 1.º		40	42	23	ue/acordos-internacionais/2001/22001D0217(01).md
22001D0217(01)	Artigo 2.º		44	56	68	ue/acordos-internacionais/2001/22001D0217(01).md
22001D0217(02)	Preâmbulo		18	38	407	ue/acordos-internacionais/2001/22001D0217(02).md
22001D0217(02)	Artigo 1.º		42	134	1634	ue/acordos-internacionais/2001/22001D0217(02).md
22001D0217(02)	Artigo 2.º		136	150	69	ue/acordos-internacionais/2001/22001D0217(02).md
22001D0217(03)	Preâmbulo		18	38	406	ue/acordos-internacionais/2001/22001D0217(03).md
22001D0217(03)	Artigo 1.º		42	134	1635	ue/acordos-internacionais/2001/22001D0217(03).md
22001D0217(03)	Artigo 2.º		136	150	69	ue/acordos-internacionais/2001/22001D0217(03).md
22001D0221(01)	Preâmbulo		18	32	219	ue/acordos-internacionais/2001/22001D0221(01).md
22001D0221(01)	Artigo 1.º		36	44	161	ue/acordos-internacionais/2001/22001D0221(01).md
22001D0221(01)	Artigo 17.º		46	56	212	ue/acordos-internacionais/2001/22001D0221(01).md
22001D0221(01)	Artigo 18.º		58	64	205	ue/acordos-internacionais/2001/22001D0221(01).md
22001D0221(01)	Artigo 2.º		66	76	53	ue/acordos-internacionais/2001/22001D0221(01).md
22001D0221(02)	Preâmbulo		18	38	211	ue/acordos-internacionais/2001/22001D0221(02).md
22001D0221(02)	Artigo 1.º		42	126	890	ue/acordos-internacionais/2001/22001D0221(02).md
22001D0221(02)	Artigo 2.º		128	140	54	ue/acordos-internacionais/2001/22001D0221(02).md
22001D0221(03)	Preâmbulo		18	46	448	ue/acordos-internacionais/2001/22001D0221(03).md
22001D0221(03)	Artigo 1.º		50	138	1581	ue/acordos-internacionais/2001/22001D0221(03).md
22001D0221(03)	Artigo 2.º		140	154	68	ue/acordos-internacionais/2001/22001D0221(03).md
22001D0222(01)	Preâmbulo		18	38	194	ue/acordos-internacionais/2001/22001D0222(01).md
22001D0222(01)	Artigo 1.º		42	46	89	ue/acordos-internacionais/2001/22001D0222(01).md
22001D0222(01)	Artigo 2.º		48	50	47	ue/acordos-internacionais/2001/22001D0222(01).md
22001D0222(01)	Artigo 3.º		52	54	51	ue/acordos-internacionais/2001/22001D0222(01).md
22001D0222(01)	Artigo 4.º		56	72	89	ue/acordos-internacionais/2001/22001D0222(01).md
22001D0222(02)	Preâmbulo		18	38	205	ue/acordos-internacionais/2001/22001D0222(02).md
22001D0222(02)	Artigo 1.º		42	46	108	ue/acordos-internacionais/2001/22001D0222(02).md
22001D0222(02)	Artigo 2.º		48	50	48	ue/acordos-internacionais/2001/22001D0222(02).md
22001D0222(02)	Artigo 3.º		52	54	51	ue/acordos-internacionais/2001/22001D0222(02).md
22001D0222(02)	Artigo 4.º		56	72	90	ue/acordos-internacionais/2001/22001D0222(02).md
22001D0222(03)	Preâmbulo		18	38	185	ue/acordos-internacionais/2001/22001D0222(03).md
22001D0222(03)	Artigo 1.º		42	46	88	ue/acordos-internacionais/2001/22001D0222(03).md
22001D0222(03)	Artigo 2.º		48	50	48	ue/acordos-internacionais/2001/22001D0222(03).md
22001D0222(03)	Artigo 3.º		52	54	51	ue/acordos-internacionais/2001/22001D0222(03).md
22001D0222(03)	Artigo 4.º		56	72	88	ue/acordos-internacionais/2001/22001D0222(03).md
22001D0222(04)	Preâmbulo		18	40	252	ue/acordos-internacionais/2001/22001D0222(04).md
22001D0222(04)	Artigo 2.º		54	58	68	ue/acordos-internacionais/2001/22001D0222(04).md
22001D0222(04)	Artigo 3.º		60	76	88	ue/acordos-internacionais/2001/22001D0222(04).md
22001D0222(05)	Preâmbulo		18	40	244	ue/acordos-internacionais/2001/22001D0222(05).md
22001D0222(05)	Artigo 1.º		44	56	301	ue/acordos-internacionais/2001/22001D0222(05).md
22001D0222(05)	Artigo 2.º		58	70	305	ue/acordos-internacionais/2001/22001D0222(05).md
22001D0222(05)	Artigo 3.º		72	74	59	ue/acordos-internacionais/2001/22001D0222(05).md
22001D0222(05)	Artigo 4.º		76	78	50	ue/acordos-internacionais/2001/22001D0222(05).md
22001D0222(05)	Artigo 5.º		80	98	98	ue/acordos-internacionais/2001/22001D0222(05).md
22001D0222(06)	Preâmbulo		18	46	404	ue/acordos-internacionais/2001/22001D0222(06).md
22001D0222(06)	Artigo 1.º		50	140	1564	ue/acordos-internacionais/2001/22001D0222(06).md
22001D0222(06)	Artigo 2.º		142	144	51	ue/acordos-internacionais/2001/22001D0222(06).md
22001D0222(06)	Artigo 3.º		146	160	82	ue/acordos-internacionais/2001/22001D0222(06).md
22001D0237	Preâmbulo		18	38	406	ue/acordos-internacionais/2001/22001D0237.md
22001D0237	Artigo 1.º		42	134	1643	ue/acordos-internacionais/2001/22001D0237.md
22001D0237	Artigo 2.º		136	150	70	ue/acordos-internacionais/2001/22001D0237.md
22001D0277	Preâmbulo		18	34	451	ue/acordos-internacionais/2001/22001D0277.md
22001D0277	Artigo 1.º		38	60	737	ue/acordos-internacionais/2001/22001D0277.md
22001D0277	Artigo 4.º	Cumulação na Estónia	62	152	1812	ue/acordos-internacionais/2001/22001D0277.md
22001D0277	Artigo 2.º		154	176	204	ue/acordos-internacionais/2001/22001D0277.md
22001D0280	Preâmbulo		18	38	531	ue/acordos-internacionais/2001/22001D0280.md
22001D0280	Artigo 1.º		42	44	86	ue/acordos-internacionais/2001/22001D0280.md
22001D0280	Artigo 2.º		46	62	149	ue/acordos-internacionais/2001/22001D0280.md
22001D0280	Artigo 1.º	Fiscalização dos auxílios estatais pelas autoridades de controlo	64	68	154	ue/acordos-internacionais/2001/22001D0280.md
22001D0280	Artigo 2.º	Critérios de compatibilidade	70	80	547	ue/acordos-internacionais/2001/22001D0280.md
22001D0280	Artigo 3.º	Auxílios de minimis	82	84	166	ue/acordos-internacionais/2001/22001D0280.md
22001D0280	Artigo 4.º	Derrogações	86	94	343	ue/acordos-internacionais/2001/22001D0280.md
22001D0280	Artigo 5.º	Exame de determinados auxílios	96	102	234	ue/acordos-internacionais/2001/22001D0280.md
22001D0280	Artigo 6.º	Pedidos de informação	104	106	130	ue/acordos-internacionais/2001/22001D0280.md
22001D0280	Artigo 7.º	Consultas e cortesia internacional	108	114	310	ue/acordos-internacionais/2001/22001D0280.md
22001D0280	Artigo 8.º	Resolução de problemas	116	122	217	ue/acordos-internacionais/2001/22001D0280.md
22001D0280	Artigo 9.º	Sigilo e confidencialidade das informações	124	130	124	ue/acordos-internacionais/2001/22001D0280.md
22001D0280	Artigo 10.º	Inventário	132	136	136	ue/acordos-internacionais/2001/22001D0280.md
22001D0280	Artigo 11.º	Informação recíproca	138	142	66	ue/acordos-internacionais/2001/22001D0280.md
22001D0280	Artigo 12.º	Assistência administrativa (línguas)	144	148	128	ue/acordos-internacionais/2001/22001D0280.md
22001D0321	Preâmbulo		18	28	110	ue/acordos-internacionais/2001/22001D0321.md
22001D0321	Artigo 1.º		32	34	111	ue/acordos-internacionais/2001/22001D0321.md
22001D0321	Artigo 2.º		36	46	156	ue/acordos-internacionais/2001/22001D0321.md
22001D0321	Artigo 3.º		48	50	50	ue/acordos-internacionais/2001/22001D0321.md
22001D0321	Artigo 4.º		52	54	40	ue/acordos-internacionais/2001/22001D0321.md
22001D0321	Artigo 5.º		56	62	195	ue/acordos-internacionais/2001/22001D0321.md
22001D0321	Artigo 6.º		64	70	156	ue/acordos-internacionais/2001/22001D0321.md
22001D0321	Artigo 7.º		72	74	46	ue/acordos-internacionais/2001/22001D0321.md
22001D0321	Artigo 8.º		76	88	52	ue/acordos-internacionais/2001/22001D0321.md
22001D0359	Preâmbulo		18	38	406	ue/acordos-internacionais/2001/22001D0359.md
22001D0359	Artigo 1.º		42	126	1635	ue/acordos-internacionais/2001/22001D0359.md
22001D0359	Artigo 2.º		128	142	64	ue/acordos-internacionais/2001/22001D0359.md
22001D0367	Preâmbulo		18	32	235	ue/acordos-internacionais/2001/22001D0367.md
22001D0367	Artigo 1.º		36	38	78	ue/acordos-internacionais/2001/22001D0367.md
22001D0367	Artigo 2.º		40	42	44	ue/acordos-internacionais/2001/22001D0367.md
22001D0367	Artigo 3.º		44	56	161	ue/acordos-internacionais/2001/22001D0367.md
22001D0367	Artigo 1.º	Princípio geral	58	68	442	ue/acordos-internacionais/2001/22001D0367.md
22001D0367	Artigo 2.º	Competência de ambas as autoridades da concorrência	70	98	786	ue/acordos-internacionais/2001/22001D0367.md
22001D0367	Artigo 3.º	Competência exclusiva de uma autoridade de concorrência	100	104	177	ue/acordos-internacionais/2001/22001D0367.md
22001D0367	Artigo 4.º	Pedido de informações	106	110	152	ue/acordos-internacionais/2001/22001D0367.md
22001D0367	Artigo 5.º	Segredo e confidencialidade das informações	112	116	154	ue/acordos-internacionais/2001/22001D0367.md
22001D0367	Artigo 6.º	Isenções por categoria	118	124	226	ue/acordos-internacionais/2001/22001D0367.md
22001D0367	Artigo 7.º	Controlo das operações de concentração de empresas	126	128	153	ue/acordos-internacionais/2001/22001D0367.md
22001D0367	Artigo 8.º	Actividades de menor importância	130	138	234	ue/acordos-internacionais/2001/22001D0367.md
22001D0367	Artigo 9.º	Conselho de Associação	140	146	270	ue/acordos-internacionais/2001/22001D0367.md
22001D0367	Artigo 10.º	Conflito negativo de competências	148	152	196	ue/acordos-internacionais/2001/22001D0367.md
22001D0367	Artigo 11.º	Tratado que institui a Comunidade Europeia do Carvão e do Aço (CECA)	154	156	58	ue/acordos-internacionais/2001/22001D0367.md
22001D0367	Artigo 12.º	Assistência administrativa (línguas)	158	162	88	ue/acordos-internacionais/2001/22001D0367.md
22001D0390	Preâmbulo		18	40	584	ue/acordos-internacionais/2001/22001D0390.md
22001D0390	Artigo 1.º		44	46	124	ue/acordos-internacionais/2001/22001D0390.md
22001D0390	Artigo 2.º		48	64	171	ue/acordos-internacionais/2001/22001D0390.md
22001D0390	Artigo 1.º	Fiscalização dos auxílios estatais pelas autoridades de controlo	66	70	139	ue/acordos-internacionais/2001/22001D0390.md
22001D0390	Artigo 2.º	Critérios de compatibilidade	72	82	530	ue/acordos-internacionais/2001/22001D0390.md
22001D0390	Artigo 3.º	Auxílios de minimis	84	86	166	ue/acordos-internacionais/2001/22001D0390.md
22001D0390	Artigo 4.º	Derrogações	88	96	332	ue/acordos-internacionais/2001/22001D0390.md
22001D0390	Artigo 5.º	Exame de determinados auxílios	98	104	234	ue/acordos-internacionais/2001/22001D0390.md
22001D0390	Artigo 6.º	Pedidos de informação	106	108	130	ue/acordos-internacionais/2001/22001D0390.md
22001D0390	Artigo 7.º	Consultas e cortesia internacional	110	116	306	ue/acordos-internacionais/2001/22001D0390.md
22001D0390	Artigo 8.º	Resolução de problemas	118	124	240	ue/acordos-internacionais/2001/22001D0390.md
22001D0390	Artigo 9.º	Sigilo e confidencialidade das informações	126	132	124	ue/acordos-internacionais/2001/22001D0390.md
22001D0390	Artigo 10.º	Inventário	134	138	130	ue/acordos-internacionais/2001/22001D0390.md
22001D0390	Artigo 11.º	Informação recíproca	140	144	66	ue/acordos-internacionais/2001/22001D0390.md
22001D0390	Artigo 12.º	Assistência administrativa (línguas)	146	150	125	ue/acordos-internacionais/2001/22001D0390.md
22001D0464	Preâmbulo		18	38	530	ue/acordos-internacionais/2001/22001D0464.md
22001D0464	Artigo 1.º		42	44	86	ue/acordos-internacionais/2001/22001D0464.md
22001D0464	Artigo 2.º		46	62	147	ue/acordos-internacionais/2001/22001D0464.md
22001D0464	Artigo 1.º	Fiscalização dos auxílios estatais pelas autoridades de controlo	64	68	152	ue/acordos-internacionais/2001/22001D0464.md
22001D0464	Artigo 2.º	Critérios de compatibilidade	70	80	547	ue/acordos-internacionais/2001/22001D0464.md
22001D0464	Artigo 3.º	Auxílios de minimis	82	84	166	ue/acordos-internacionais/2001/22001D0464.md
22001D0464	Artigo 4.º	Derrogações	86	94	342	ue/acordos-internacionais/2001/22001D0464.md
22001D0464	Artigo 5.º	Exame de determinados auxílios	96	102	234	ue/acordos-internacionais/2001/22001D0464.md
22001D0464	Artigo 6.º	Pedidos de informação	104	106	130	ue/acordos-internacionais/2001/22001D0464.md
22001D0464	Artigo 7.º	Consultas e cortesia internacional	108	114	309	ue/acordos-internacionais/2001/22001D0464.md
22001D0464	Artigo 8.º	Resolução de problemas	116	122	218	ue/acordos-internacionais/2001/22001D0464.md
22001D0464	Artigo 9.º	Sigilo e confidencialidade das informações	124	130	124	ue/acordos-internacionais/2001/22001D0464.md
22001D0464	Artigo 10.º	Inventário	132	136	136	ue/acordos-internacionais/2001/22001D0464.md
22001D0464	Artigo 11.º	Informação recíproca	138	142	66	ue/acordos-internacionais/2001/22001D0464.md
22001D0464	Artigo 12.º	Assistência administrativa (línguas)	144	148	128	ue/acordos-internacionais/2001/22001D0464.md
22001D0465	Preâmbulo		18	40	602	ue/acordos-internacionais/2001/22001D0465.md
22001D0465	Artigo 1.º		44	46	128	ue/acordos-internacionais/2001/22001D0465.md
22001D0465	Artigo 2.º		48	64	174	ue/acordos-internacionais/2001/22001D0465.md
22001D0465	Artigo 1.º	Fiscalização dos auxílios estatais pelas autoridades de controlo	66	70	152	ue/acordos-internacionais/2001/22001D0465.md
22001D0465	Artigo 2.º	Critérios de compatibilidade	72	82	541	ue/acordos-internacionais/2001/22001D0465.md
22001D0465	Artigo 3.º	Auxílios de minimis	84	86	166	ue/acordos-internacionais/2001/22001D0465.md
22001D0465	Artigo 4.º	Derrogações	88	96	344	ue/acordos-internacionais/2001/22001D0465.md
22001D0465	Artigo 5.º	Exame de determinados auxílios	98	104	234	ue/acordos-internacionais/2001/22001D0465.md
22001D0465	Artigo 6.º	Pedidos de informação	106	108	130	ue/acordos-internacionais/2001/22001D0465.md
22001D0465	Artigo 7.º	Consultas e cortesia internacional	110	116	310	ue/acordos-internacionais/2001/22001D0465.md
22001D0465	Artigo 8.º	Resolução de problemas	118	124	240	ue/acordos-internacionais/2001/22001D0465.md
22001D0465	Artigo 9.º	Sigilo e confidencialidade das informações	126	132	124	ue/acordos-internacionais/2001/22001D0465.md
22001D0465	Artigo 10.º	Inventário	134	138	137	ue/acordos-internacionais/2001/22001D0465.md
22001D0465	Artigo 11.º	Informação recíproca	140	144	66	ue/acordos-internacionais/2001/22001D0465.md
22001D0465	Artigo 12.º	Assistência administrativa (línguas)	146	150	129	ue/acordos-internacionais/2001/22001D0465.md
22001D0472	Preâmbulo		18	42	598	ue/acordos-internacionais/2001/22001D0472.md
22001D0472	Artigo 1.º		46	48	21	ue/acordos-internacionais/2001/22001D0472.md
22001D0472	Artigo 2.º		50	52	21	ue/acordos-internacionais/2001/22001D0472.md
22001D0472	Artigo 3.º		54	88	799	ue/acordos-internacionais/2001/22001D0472.md
22001D0472	Artigo 44.ºA		90	94	98	ue/acordos-internacionais/2001/22001D0472.md
22001D0472	Artigo 45.º		96	100	166	ue/acordos-internacionais/2001/22001D0472.md
22001D0472	Artigo 45.ºA		102	112	433	ue/acordos-internacionais/2001/22001D0472.md
22001D0472	Artigo 74.ºA		114	160	1050	ue/acordos-internacionais/2001/22001D0472.md
22001D0504	Preâmbulo		18	28	111	ue/acordos-internacionais/2001/22001D0504.md
22001D0504	Artigo 1.º		32	34	68	ue/acordos-internacionais/2001/22001D0504.md
22001D0504	Artigo 2.º		36	38	37	ue/acordos-internacionais/2001/22001D0504.md
22001D0504	Artigo 3.º		40	54	141	ue/acordos-internacionais/2001/22001D0504.md
22001D0504	Artigo 1.º	Princípio geral	56	66	391	ue/acordos-internacionais/2001/22001D0504.md
22001D0504	Artigo 2.º	Competência de ambas as autoridades	68	96	784	ue/acordos-internacionais/2001/22001D0504.md
22001D0504	Artigo 3.º	Competência exclusiva de uma autoridade	98	102	168	ue/acordos-internacionais/2001/22001D0504.md
22001D0504	Artigo 4.º	Pedido de informações	104	108	154	ue/acordos-internacionais/2001/22001D0504.md
22001D0504	Artigo 5.º	Sigilo e confidencialidade das informações	110	114	153	ue/acordos-internacionais/2001/22001D0504.md
22001D0504	Artigo 6.º	Isenções por categoria	116	122	221	ue/acordos-internacionais/2001/22001D0504.md
22001D0504	Artigo 7.º	Controlo de fusões de empresas	124	126	147	ue/acordos-internacionais/2001/22001D0504.md
22001D0504	Artigo 8.º	Actividades de menor importância	128	136	226	ue/acordos-internacionais/2001/22001D0504.md
22001D0504	Artigo 9.º	Conselho de Associação	138	144	258	ue/acordos-internacionais/2001/22001D0504.md
22001D0504	Artigo 10.º	Conflito negativo de competência	146	150	192	ue/acordos-internacionais/2001/22001D0504.md
22001D0504	Artigo 11.º	Tratado CECA	152	154	34	ue/acordos-internacionais/2001/22001D0504.md
22001D0504	Artigo 12.º	Assistência administrativa (línguas)	156	160	102	ue/acordos-internacionais/2001/22001D0504.md
22001D0615	Preâmbulo		18	40	600	ue/acordos-internacionais/2001/22001D0615.md
22001D0615	Artigo 1.º		44	46	127	ue/acordos-internacionais/2001/22001D0615.md
22001D0615	Artigo 2.º		48	64	176	ue/acordos-internacionais/2001/22001D0615.md
22001D0615	Artigo 1.º	Fiscalização dos auxílios estatais pelas autoridades de controlo	66	70	154	ue/acordos-internacionais/2001/22001D0615.md
22001D0615	Artigo 2.º	Critérios de compatibilidade	72	82	540	ue/acordos-internacionais/2001/22001D0615.md
22001D0615	Artigo 3.º	Auxílios de minimis	84	86	166	ue/acordos-internacionais/2001/22001D0615.md
22001D0615	Artigo 4.º	Derrogações	88	96	342	ue/acordos-internacionais/2001/22001D0615.md
22001D0615	Artigo 5.º	Exame de determinados auxílios	98	104	234	ue/acordos-internacionais/2001/22001D0615.md
22001D0615	Artigo 6.º	Pedidos de informação	106	108	130	ue/acordos-internacionais/2001/22001D0615.md
22001D0615	Artigo 7.º	Consultas e cortesia internacional	110	116	309	ue/acordos-internacionais/2001/22001D0615.md
22001D0615	Artigo 8.º	Resolução de problemas	118	124	240	ue/acordos-internacionais/2001/22001D0615.md
22001D0615	Artigo 9.º	Sigilo e confidencialidade das informações	126	132	124	ue/acordos-internacionais/2001/22001D0615.md
22001D0615	Artigo 10.º	Inventário	134	138	136	ue/acordos-internacionais/2001/22001D0615.md
22001D0615	Artigo 11.º	Informação recíproca	140	144	66	ue/acordos-internacionais/2001/22001D0615.md
22001D0615	Artigo 12.º	Assistência administrativa (línguas)	146	150	128	ue/acordos-internacionais/2001/22001D0615.md
22001D0620	Preâmbulo		18	40	598	ue/acordos-internacionais/2001/22001D0620.md
22001D0620	Artigo 1.º		44	46	128	ue/acordos-internacionais/2001/22001D0620.md
22001D0620	Artigo 2.º		48	64	165	ue/acordos-internacionais/2001/22001D0620.md
22001D0620	Artigo 1.º	Fiscalização dos auxílios estatais pelas autoridades de controlo	66	70	146	ue/acordos-internacionais/2001/22001D0620.md
22001D0620	Artigo 2.º	Critérios de compatibilidade	72	82	540	ue/acordos-internacionais/2001/22001D0620.md
22001D0620	Artigo 3.º	Auxílios de minimis	84	86	166	ue/acordos-internacionais/2001/22001D0620.md
22001D0620	Artigo 4.º	Derrogações	88	96	343	ue/acordos-internacionais/2001/22001D0620.md
22001D0620	Artigo 5.º	Exame de determinados auxílios	98	104	234	ue/acordos-internacionais/2001/22001D0620.md
22001D0620	Artigo 6.º	Pedidos de informação	106	108	130	ue/acordos-internacionais/2001/22001D0620.md
22001D0620	Artigo 7.º	Consultas e cortesia internacional	110	116	310	ue/acordos-internacionais/2001/22001D0620.md
22001D0620	Artigo 8.º	Resolução de problemas	118	124	240	ue/acordos-internacionais/2001/22001D0620.md
22001D0620	Artigo 9.º	Sigilo e confidencialidade das informações	126	132	124	ue/acordos-internacionais/2001/22001D0620.md
22001D0620	Artigo 10.º	Inventário	134	138	136	ue/acordos-internacionais/2001/22001D0620.md
22001D0620	Artigo 11.º	Informação recíproca	140	144	66	ue/acordos-internacionais/2001/22001D0620.md
22001D0620	Artigo 12.º	Assistência administrativa (línguas)	146	150	125	ue/acordos-internacionais/2001/22001D0620.md
22001D0631	Preâmbulo		18	26	149	ue/acordos-internacionais/2001/22001D0631.md
22001D0631	Artigo 1.º	Composição	30	32	79	ue/acordos-internacionais/2001/22001D0631.md
22001D0631	Artigo 2.º	Presidência	34	38	85	ue/acordos-internacionais/2001/22001D0631.md
22001D0631	Artigo 3.º	Reuniões	40	44	110	ue/acordos-internacionais/2001/22001D0631.md
22001D0631	Artigo 4.º	Delegações	46	50	70	ue/acordos-internacionais/2001/22001D0631.md
22001D0631	Artigo 5.º	Secretariado	52	56	94	ue/acordos-internacionais/2001/22001D0631.md
22001D0631	Artigo 6.º	Documentos	58	60	56	ue/acordos-internacionais/2001/22001D0631.md
22001D0631	Artigo 7.º	Correspondência	62	68	209	ue/acordos-internacionais/2001/22001D0631.md
22001D0631	Artigo 8.º	Ordem de trabalhos das reuniões	70	78	276	ue/acordos-internacionais/2001/22001D0631.md
22001D0631	Artigo 9.º		80	94	242	ue/acordos-internacionais/2001/22001D0631.md
22001D0631	Artigo 10.º	Decisões e recomendações	96	104	268	ue/acordos-internacionais/2001/22001D0631.md
22001D0631	Artigo 11.º	Publicidade	106	110	62	ue/acordos-internacionais/2001/22001D0631.md
22001D0631	Artigo 12.º	Línguas	112	114	27	ue/acordos-internacionais/2001/22001D0631.md
22001D0631	Artigo 13.º	Despesas	116	120	99	ue/acordos-internacionais/2001/22001D0631.md
22001D0631	Artigo 14.º	Comités	122	124	38	ue/acordos-internacionais/2001/22001D0631.md
22001D0631	Artigo 15.º	Entrada em vigor	126	140	66	ue/acordos-internacionais/2001/22001D0631.md
22001D0755	Preâmbulo		18	26	131	ue/acordos-internacionais/2001/22001D0755.md
22001D0755	Artigo 1.º	Presidência	30	32	98	ue/acordos-internacionais/2001/22001D0755.md
22001D0755	Artigo 2.º	Reuniões	34	40	95	ue/acordos-internacionais/2001/22001D0755.md
22001D0755	Artigo 3.º	Representação	42	46	96	ue/acordos-internacionais/2001/22001D0755.md
22001D0755	Artigo 4.º	Delegações	48	50	60	ue/acordos-internacionais/2001/22001D0755.md
22001D0755	Artigo 5.º	Secretariado	52	54	63	ue/acordos-internacionais/2001/22001D0755.md
22001D0755	Artigo 6.º	Documentos	56	58	56	ue/acordos-internacionais/2001/22001D0755.md
22001D0755	Artigo 7.º	Correspondência	60	66	224	ue/acordos-internacionais/2001/22001D0755.md
22001D0755	Artigo 8.º	Ordem de trabalhos das reuniões	68	72	276	ue/acordos-internacionais/2001/22001D0755.md
22001D0755	Artigo 9.º		74	88	248	ue/acordos-internacionais/2001/22001D0755.md
22001D0755	Artigo 10.º	Recomendações	90	98	255	ue/acordos-internacionais/2001/22001D0755.md
22001D0755	Artigo 11.º	Publicidade	100	104	61	ue/acordos-internacionais/2001/22001D0755.md
22001D0755	Artigo 12.º	Línguas	106	110	55	ue/acordos-internacionais/2001/22001D0755.md
22001D0755	Artigo 13.º	Despesas	112	116	112	ue/acordos-internacionais/2001/22001D0755.md
22001D0755	Artigo 14.º	Comité	118	130	62	ue/acordos-internacionais/2001/22001D0755.md
22001D0755	APÊNDICE	Regulamento Interno do Comité Misto entre a Comunidade Europeia e os seus Estados-Membros, por um lado e a República do Chile, por outro lado	132	178	1055	ue/acordos-internacionais/2001/22001D0755.md
22001D0755	Artigo 1.º	Presidência	134	136	138	ue/acordos-internacionais/2001/22001D0755.md
22001D0755	Artigo 2.º	Reuniões	138	140	76	ue/acordos-internacionais/2001/22001D0755.md
22001D0755	Artigo 3.º	Delegações	142	144	41	ue/acordos-internacionais/2001/22001D0755.md
22001D0755	Artigo 4.º	Secretariado	146	150	122	ue/acordos-internacionais/2001/22001D0755.md
22001D0755	Artigo 5.º	Publicidade	152	154	26	ue/acordos-internacionais/2001/22001D0755.md
22001D0755	Artigo 6.º	Ordem de trabalhos das reuniões	156	160	246	ue/acordos-internacionais/2001/22001D0755.md
22001D0755	Artigo 7.º		162	164	100	ue/acordos-internacionais/2001/22001D0755.md
22001D0755	Artigo 8.º	Propostas	166	172	145	ue/acordos-internacionais/2001/22001D0755.md
22001D0755	Artigo 9.º	Despesas	174	178	120	ue/acordos-internacionais/2001/22001D0755.md
22001D0756	Preâmbulo		18	34	320	ue/acordos-internacionais/2001/22001D0756.md
22001D0756	Artigo 1.º		38	40	48	ue/acordos-internacionais/2001/22001D0756.md
22001D0756	Artigo 2.º		42	44	56	ue/acordos-internacionais/2001/22001D0756.md
22001D0756	Artigo 3.º		46	80	203	ue/acordos-internacionais/2001/22001D0756.md
22001D0776	Preâmbulo		18	40	214	ue/acordos-internacionais/2001/22001D0776.md
22001D0776	Artigo 1.º		44	140	1802	ue/acordos-internacionais/2001/22001D0776.md
22001D0776	Artigo 2.º		142	148	155	ue/acordos-internacionais/2001/22001D0776.md
22001D0776	Artigo 3.º		150	162	48	ue/acordos-internacionais/2001/22001D0776.md
22001D0813	Preâmbulo		18	36	181	ue/acordos-internacionais/2001/22001D0813.md
22001D0813	ANEXO C		88	122	1928	ue/acordos-internacionais/2001/22001D0813.md
22001D0814	Preâmbulo		18	34	178	ue/acordos-internacionais/2001/22001D0814.md
22001D0814	ANEXO C		72	76	228	ue/acordos-internacionais/2001/22001D0814.md
22001D0814(01)	Preâmbulo		18	42	266	ue/acordos-internacionais/2001/22001D0814(01).md
22001D0814(01)	Artigo 1.º		46	50	44	ue/acordos-internacionais/2001/22001D0814(01).md
22001D0814(01)	Artigo 2.º		52	64	59	ue/acordos-internacionais/2001/22001D0814(01).md
22001D0815	Preâmbulo		18	34	164	ue/acordos-internacionais/2001/22001D0815.md
22001D0816	Preâmbulo		18	34	162	ue/acordos-internacionais/2001/22001D0816.md
