celex	unidade	epigrafe	linha_ini	linha_fim	tokens	ficheiro
22002A0109(01)	Artigo 1.º		48	54	180	ue/acordos-internacionais/2002/22002A0109(01).md
22002A0109(01)	Artigo 2.º		56	62	177	ue/acordos-internacionais/2002/22002A0109(01).md
22002A0109(01)	Artigo 3.º		64	72	120	ue/acordos-internacionais/2002/22002A0109(01).md
22002A0109(01)	Artigo 4.º		74	76	48	ue/acordos-internacionais/2002/22002A0109(01).md
22002A0109(01)	Artigo 5.º		78	130	342	ue/acordos-internacionais/2002/22002A0109(01).md
22002A0109(02)	Artigo 1.º		44	50	170	ue/acordos-internacionais/2002/22002A0109(02).md
22002A0109(02)	Artigo 2.º		52	58	184	ue/acordos-internacionais/2002/22002A0109(02).md
22002A0109(02)	Artigo 3.º		60	66	160	ue/acordos-internacionais/2002/22002A0109(02).md
22002A0109(02)	Artigo 4.º		68	76	120	ue/acordos-internacionais/2002/22002A0109(02).md
22002A0109(02)	Artigo 5.º		78	130	333	ue/acordos-internacionais/2002/22002A0109(02).md
22002A0119(01)	Artigo 1.º		44	46	55	ue/acordos-internacionais/2002/22002A0119(01).md
22002A0119(01)	Artigo 2.º		48	50	36	ue/acordos-internacionais/2002/22002A0119(01).md
22002A0119(01)	Artigo 3.º		52	54	69	ue/acordos-internacionais/2002/22002A0119(01).md
22002A0119(01)	Artigo 4.º		56	58	58	ue/acordos-internacionais/2002/22002A0119(01).md
22002A0119(01)	Artigo 5.º		60	64	196	ue/acordos-internacionais/2002/22002A0119(01).md
22002A0119(01)	Artigo 6.º		66	70	46	ue/acordos-internacionais/2002/22002A0119(01).md
22002A0119(01)	Artigo 7.º		72	74	68	ue/acordos-internacionais/2002/22002A0119(01).md
22002A0119(01)	Artigo 8.º		76	78	54	ue/acordos-internacionais/2002/22002A0119(01).md
22002A0119(01)	Artigo 9.º		80	82	43	ue/acordos-internacionais/2002/22002A0119(01).md
22002A0119(01)	Artigo 10.º		84	138	350	ue/acordos-internacionais/2002/22002A0119(01).md
22002A0125(01)	Artigo 1.º		44	50	226	ue/acordos-internacionais/2002/22002A0125(01).md
22002A0125(01)	Artigo 2.º		52	62	153	ue/acordos-internacionais/2002/22002A0125(01).md
22002A0125(01)	Artigo 3.º		64	68	152	ue/acordos-internacionais/2002/22002A0125(01).md
22002A0125(01)	Artigo 4.º		70	72	68	ue/acordos-internacionais/2002/22002A0125(01).md
22002A0125(01)	Artigo 5.º		74	76	54	ue/acordos-internacionais/2002/22002A0125(01).md
22002A0125(01)	Artigo 6.º		78	158	453	ue/acordos-internacionais/2002/22002A0125(01).md
22002A0125(02)	Artigo 1.º		42	46	101	ue/acordos-internacionais/2002/22002A0125(02).md
22002A0125(02)	Artigo 2.º		48	54	289	ue/acordos-internacionais/2002/22002A0125(02).md
22002A0125(02)	Artigo 3.º		56	66	153	ue/acordos-internacionais/2002/22002A0125(02).md
22002A0125(02)	Artigo 4.º		68	70	54	ue/acordos-internacionais/2002/22002A0125(02).md
22002A0125(02)	Artigo 5.º		72	150	450	ue/acordos-internacionais/2002/22002A0125(02).md
22002A0125(03)	Artigo 1.º		42	48	280	ue/acordos-internacionais/2002/22002A0125(03).md
22002A0125(03)	Artigo 2.º		50	60	150	ue/acordos-internacionais/2002/22002A0125(03).md
22002A0125(03)	Artigo 3.º		62	64	52	ue/acordos-internacionais/2002/22002A0125(03).md
22002A0125(03)	Artigo 4.º		66	144	409	ue/acordos-internacionais/2002/22002A0125(03).md
22002A0130(01)	Artigo 1.º	Objectivos	44	48	109	ue/acordos-internacionais/2002/22002A0130(01).md
22002A0130(01)	Artigo 2.º	Âmbito de aplicação	50	52	99	ue/acordos-internacionais/2002/22002A0130(01).md
22002A0130(01)	Artigo 3.º	Definições	54	86	622	ue/acordos-internacionais/2002/22002A0130(01).md
22002A0130(01)	Artigo 4.º	Regras gerais de importação e comercialização	88	90	64	ue/acordos-internacionais/2002/22002A0130(01).md
22002A0130(01)	Artigo 5.º	Reconhecimento mútuo	94	98	186	ue/acordos-internacionais/2002/22002A0130(01).md
22002A0130(01)	Artigo 6.º	Novas práticas enológicas - cláusulas de salvaguarda	100	130	958	ue/acordos-internacionais/2002/22002A0130(01).md
22002A0130(01)	Artigo 7.º	Princípios	134	184	973	ue/acordos-internacionais/2002/22002A0130(01).md
22002A0130(01)	Artigo 8.º	Denominações protegidas	186	200	117	ue/acordos-internacionais/2002/22002A0130(01).md
22002A0130(01)	Artigo 9.º	Disposições transitórias relativas ao Porto e ao Xerez e a marcas comerciais conexas	202	204	93	ue/acordos-internacionais/2002/22002A0130(01).md
22002A0130(01)	Artigo 10.º	Exportações	206	208	97	ue/acordos-internacionais/2002/22002A0130(01).md
22002A0130(01)	Artigo 11.º	Extensão da protecção	210	212	83	ue/acordos-internacionais/2002/22002A0130(01).md
22002A0130(01)	Artigo 12.º	Medidas de execução	214	226	390	ue/acordos-internacionais/2002/22002A0130(01).md
22002A0130(01)	Artigo 13.º	Outros acordos internacionais e legislação interna	228	230	82	ue/acordos-internacionais/2002/22002A0130(01).md
22002A0130(01)	Artigo 14.º	Documentos de certificação e relatório de análises	234	238	131	ue/acordos-internacionais/2002/22002A0130(01).md
22002A0130(01)	Artigo 15.º	Cláusulas de salvaguarda	240	244	156	ue/acordos-internacionais/2002/22002A0130(01).md
22002A0130(01)	Artigo 16.º	Autoridades competentes em matéria de aplicação	248	254	180	ue/acordos-internacionais/2002/22002A0130(01).md
22002A0130(01)	Artigo 17.º	Infracções	256	274	296	ue/acordos-internacionais/2002/22002A0130(01).md
22002A0130(01)	Artigo 18.º	Tarefas das Partes	278	296	338	ue/acordos-internacionais/2002/22002A0130(01).md
22002A0130(01)	Artigo 19.º	Comissão Mista	298	308	208	ue/acordos-internacionais/2002/22002A0130(01).md
22002A0130(01)	Artigo 20.º	Trânsito - pequenas quantidades	312	318	92	ue/acordos-internacionais/2002/22002A0130(01).md
22002A0130(01)	Artigo 21.º	Aplicabilidade territorial	320	322	76	ue/acordos-internacionais/2002/22002A0130(01).md
22002A0130(01)	Artigo 22.º	Incumprimentos	324	336	279	ue/acordos-internacionais/2002/22002A0130(01).md
22002A0130(01)	Artigo 23.º	Processo de resolução de litígios	338	352	245	ue/acordos-internacionais/2002/22002A0130(01).md
22002A0130(01)	Artigo 24.º	Cláusula de alteração	354	360	266	ue/acordos-internacionais/2002/22002A0130(01).md
22002A0130(01)	Artigo 25.º	Comercialização das existências	362	376	330	ue/acordos-internacionais/2002/22002A0130(01).md
22002A0130(01)	Artigo 26.º	Anexos e protocolo	378	380	30	ue/acordos-internacionais/2002/22002A0130(01).md
22002A0130(01)	Artigo 27.º	Línguas que fazem fé	382	384	103	ue/acordos-internacionais/2002/22002A0130(01).md
22002A0130(01)	Artigo 28.º	Entrada em vigor - aviso prévio	386	394	184	ue/acordos-internacionais/2002/22002A0130(01).md
22002A0130(01)	ANEXO I	(Práticas e tratamentos enológicos referidos no artigo 5.º)	396	620	1848	ue/acordos-internacionais/2002/22002A0130(01).md
22002A0130(01)	ANEXO II	nos termos do artigo 8.º	622	17218	38018	ue/acordos-internacionais/2002/22002A0130(01).md
22002A0130(02)	Artigo 1.º	Objectivos	46	50	113	ue/acordos-internacionais/2002/22002A0130(02).md
22002A0130(02)	Artigo 2.º	Âmbito de aplicação	52	54	106	ue/acordos-internacionais/2002/22002A0130(02).md
22002A0130(02)	Artigo 3.º	Definições	56	84	599	ue/acordos-internacionais/2002/22002A0130(02).md
22002A0130(02)	Artigo 4.º	Regras gerais de importação e comercialização	86	88	64	ue/acordos-internacionais/2002/22002A0130(02).md
22002A0130(02)	Artigo 5.º	Princípios	92	142	1001	ue/acordos-internacionais/2002/22002A0130(02).md
22002A0130(02)	Artigo 6.º	Denominações protegidas	144	160	140	ue/acordos-internacionais/2002/22002A0130(02).md
22002A0130(02)	Artigo 7.º	Disposições transitórias relativas a certas denominações específicas	162	164	197	ue/acordos-internacionais/2002/22002A0130(02).md
22002A0130(02)	Artigo 8.º	Exportações	166	168	95	ue/acordos-internacionais/2002/22002A0130(02).md
22002A0130(02)	Artigo 9.º	Extensão da protecção	170	172	82	ue/acordos-internacionais/2002/22002A0130(02).md
22002A0130(02)	Artigo 10.º	Medidas de execução	174	186	407	ue/acordos-internacionais/2002/22002A0130(02).md
22002A0130(02)	Artigo 11.º	Outros acordos internacionais e legislação interna	188	190	82	ue/acordos-internacionais/2002/22002A0130(02).md
22002A0130(02)	Artigo 12.º	Documentos de certificação e relatório de análises	194	196	71	ue/acordos-internacionais/2002/22002A0130(02).md
22002A0130(02)	Artigo 13.º	Cláusulas de salvaguarda	198	202	156	ue/acordos-internacionais/2002/22002A0130(02).md
22002A0130(02)	Artigo 14.º	Autoridades competentes em matéria de aplicação	206	212	180	ue/acordos-internacionais/2002/22002A0130(02).md
22002A0130(02)	Artigo 15.º	Infracções	214	232	303	ue/acordos-internacionais/2002/22002A0130(02).md
22002A0130(02)	Artigo 16.º	Tarefas das Partes	236	248	243	ue/acordos-internacionais/2002/22002A0130(02).md
22002A0130(02)	Artigo 17.º	Comissão Mista	250	260	212	ue/acordos-internacionais/2002/22002A0130(02).md
22002A0130(02)	Artigo 18.º	Trânsito - pequenas quantidades	264	270	94	ue/acordos-internacionais/2002/22002A0130(02).md
22002A0130(02)	Artigo 19.º	Aplicabilidade territorial	272	274	76	ue/acordos-internacionais/2002/22002A0130(02).md
22002A0130(02)	Artigo 20.º	Incumprimentos	276	288	279	ue/acordos-internacionais/2002/22002A0130(02).md
22002A0130(02)	Artigo 21.º	Processo de resolução de litígios	290	304	245	ue/acordos-internacionais/2002/22002A0130(02).md
22002A0130(02)	Artigo 22.º	Cláusula de alteração	306	312	269	ue/acordos-internacionais/2002/22002A0130(02).md
22002A0130(02)	Artigo 23.º	Comercialização das existências	314	324	243	ue/acordos-internacionais/2002/22002A0130(02).md
22002A0130(02)	Artigo 24.º	Anexo e protocolo	326	328	29	ue/acordos-internacionais/2002/22002A0130(02).md
22002A0130(02)	Artigo 25.º	Línguas que fazem fé	330	332	103	ue/acordos-internacionais/2002/22002A0130(02).md
22002A0130(02)	Artigo 26.º	Entrada em vigor - aviso prévio	334	932	3322	ue/acordos-internacionais/2002/22002A0130(02).md
22002A0205(01)	Artigo 1.º		42	44	56	ue/acordos-internacionais/2002/22002A0205(01).md
22002A0205(01)	Artigo 2.º		46	48	36	ue/acordos-internacionais/2002/22002A0205(01).md
22002A0205(01)	Artigo 3.º		50	52	70	ue/acordos-internacionais/2002/22002A0205(01).md
22002A0205(01)	Artigo 4.º		54	56	59	ue/acordos-internacionais/2002/22002A0205(01).md
22002A0205(01)	Artigo 5.º		58	62	198	ue/acordos-internacionais/2002/22002A0205(01).md
22002A0205(01)	Artigo 6.º		64	68	46	ue/acordos-internacionais/2002/22002A0205(01).md
22002A0205(01)	Artigo 7.º		70	72	68	ue/acordos-internacionais/2002/22002A0205(01).md
22002A0205(01)	Artigo 8.º		74	76	54	ue/acordos-internacionais/2002/22002A0205(01).md
22002A0205(01)	Artigo 9.º		78	80	43	ue/acordos-internacionais/2002/22002A0205(01).md
22002A0205(01)	Artigo 10.º		82	96	355	ue/acordos-internacionais/2002/22002A0205(01).md
22002A0302(01)	Artigo 1.º		46	48	56	ue/acordos-internacionais/2002/22002A0302(01).md
22002A0302(01)	Artigo 2.º		50	52	37	ue/acordos-internacionais/2002/22002A0302(01).md
22002A0302(01)	Artigo 3.º		54	56	70	ue/acordos-internacionais/2002/22002A0302(01).md
22002A0302(01)	Artigo 4.º		58	60	58	ue/acordos-internacionais/2002/22002A0302(01).md
22002A0302(01)	Artigo 5.º		62	66	340	ue/acordos-internacionais/2002/22002A0302(01).md
22002A0302(01)	Artigo 6.º		68	72	46	ue/acordos-internacionais/2002/22002A0302(01).md
22002A0302(01)	Artigo 7.º		74	76	68	ue/acordos-internacionais/2002/22002A0302(01).md
22002A0302(01)	Artigo 8.º		78	80	57	ue/acordos-internacionais/2002/22002A0302(01).md
22002A0302(01)	Artigo 9.º		82	84	43	ue/acordos-internacionais/2002/22002A0302(01).md
22002A0302(01)	Artigo 10.º		86	106	430	ue/acordos-internacionais/2002/22002A0302(01).md
22002A0308(01)	Artigo 1.º		42	48	300	ue/acordos-internacionais/2002/22002A0308(01).md
22002A0308(01)	Artigo 2.º		50	60	150	ue/acordos-internacionais/2002/22002A0308(01).md
22002A0308(01)	Artigo 3.º		62	64	54	ue/acordos-internacionais/2002/22002A0308(01).md
22002A0308(01)	Artigo 4.º		66	78	326	ue/acordos-internacionais/2002/22002A0308(01).md
22002A0308(02)	Artigo 1.º		42	48	397	ue/acordos-internacionais/2002/22002A0308(02).md
22002A0308(02)	Artigo 2.º		50	60	151	ue/acordos-internacionais/2002/22002A0308(02).md
22002A0308(02)	Artigo 3.º		62	64	54	ue/acordos-internacionais/2002/22002A0308(02).md
22002A0308(02)	Artigo 4.º		66	78	306	ue/acordos-internacionais/2002/22002A0308(02).md
22002A0314(01)	Artigo 1.º	Alteração	22	108	1337	ue/acordos-internacionais/2002/22002A0314(01).md
22002A0314(01)	Artigo 2.º	Relação com a alteração de 1997	110	112	102	ue/acordos-internacionais/2002/22002A0314(01).md
22002A0314(01)	Artigo 3.º	Entrada em vigor	114	120	257	ue/acordos-internacionais/2002/22002A0314(01).md
22002A0328(01)	Artigo 1.º		75	77	86	ue/acordos-internacionais/2002/22002A0328(01).md
22002A0328(01)	Artigo 2.º		81	83	73	ue/acordos-internacionais/2002/22002A0328(01).md
22002A0328(01)	Artigo 3.º		85	93	208	ue/acordos-internacionais/2002/22002A0328(01).md
22002A0328(01)	Artigo 4.º		95	97	140	ue/acordos-internacionais/2002/22002A0328(01).md
22002A0328(01)	Artigo 5.º		99	103	120	ue/acordos-internacionais/2002/22002A0328(01).md
22002A0328(01)	Artigo 6.º		105	117	452	ue/acordos-internacionais/2002/22002A0328(01).md
22002A0328(01)	Artigo 7.º		119	137	340	ue/acordos-internacionais/2002/22002A0328(01).md
22002A0328(01)	Artigo 8.º		139	157	536	ue/acordos-internacionais/2002/22002A0328(01).md
22002A0328(01)	Artigo 9.º		159	161	52	ue/acordos-internacionais/2002/22002A0328(01).md
22002A0328(01)	Artigo 10.º		163	165	164	ue/acordos-internacionais/2002/22002A0328(01).md
22002A0328(01)	Artigo 11.º		167	171	124	ue/acordos-internacionais/2002/22002A0328(01).md
22002A0328(01)	Artigo 12.º		173	183	364	ue/acordos-internacionais/2002/22002A0328(01).md
22002A0328(01)	Artigo 13.º		185	189	98	ue/acordos-internacionais/2002/22002A0328(01).md
22002A0328(01)	Artigo 14.º		193	195	103	ue/acordos-internacionais/2002/22002A0328(01).md
22002A0328(01)	Artigo 15.º		197	199	66	ue/acordos-internacionais/2002/22002A0328(01).md
22002A0328(01)	Artigo 16.º		201	203	80	ue/acordos-internacionais/2002/22002A0328(01).md
22002A0328(01)	Artigo 17.º		205	207	120	ue/acordos-internacionais/2002/22002A0328(01).md
22002A0328(01)	Artigo 18.º		209	221	116	ue/acordos-internacionais/2002/22002A0328(01).md
22002A0328(01)	Artigo 19.º		223	225	54	ue/acordos-internacionais/2002/22002A0328(01).md
22002A0328(01)	Artigo 20.º		229	233	110	ue/acordos-internacionais/2002/22002A0328(01).md
22002A0328(01)	Artigo 21.º		235	245	322	ue/acordos-internacionais/2002/22002A0328(01).md
22002A0328(01)	Artigo 22.º		247	253	187	ue/acordos-internacionais/2002/22002A0328(01).md
22002A0328(01)	Artigo 23.º		257	273	420	ue/acordos-internacionais/2002/22002A0328(01).md
22002A0328(01)	Artigo 24.º		275	285	160	ue/acordos-internacionais/2002/22002A0328(01).md
22002A0328(01)	Artigo 25.º		287	293	110	ue/acordos-internacionais/2002/22002A0328(01).md
22002A0328(01)	Artigo 26.º		295	297	73	ue/acordos-internacionais/2002/22002A0328(01).md
22002A0328(01)	Artigo 27.º		299	301	60	ue/acordos-internacionais/2002/22002A0328(01).md
22002A0328(01)	Artigo 28.º		303	305	54	ue/acordos-internacionais/2002/22002A0328(01).md
22002A0328(01)	Artigo 29.º		307	309	61	ue/acordos-internacionais/2002/22002A0328(01).md
22002A0328(01)	Artigo 30.º		311	315	67	ue/acordos-internacionais/2002/22002A0328(01).md
22002A0328(01)	Artigo 31.º		317	319	18	ue/acordos-internacionais/2002/22002A0328(01).md
22002A0328(01)	Artigo 32.º		321	509	1583	ue/acordos-internacionais/2002/22002A0328(01).md
22002A0328(01)	Artigo 1.º		511	513	61	ue/acordos-internacionais/2002/22002A0328(01).md
22002A0328(01)	Artigo 2.º		515	517	17	ue/acordos-internacionais/2002/22002A0328(01).md
22002A0328(01)	Artigo 3.º		519	523	102	ue/acordos-internacionais/2002/22002A0328(01).md
22002A0328(01)	Artigo 4.º		525	527	35	ue/acordos-internacionais/2002/22002A0328(01).md
22002A0328(01)	Artigo 5.º		529	533	80	ue/acordos-internacionais/2002/22002A0328(01).md
22002A0328(01)	Artigo 6.º		535	787	1272	ue/acordos-internacionais/2002/22002A0328(01).md
22002A0328(01)	Artigo 1.º		789	791	21	ue/acordos-internacionais/2002/22002A0328(01).md
22002A0328(01)	Artigo 2.º		793	797	55	ue/acordos-internacionais/2002/22002A0328(01).md
22002A0328(01)	Artigo 3.º		799	801	17	ue/acordos-internacionais/2002/22002A0328(01).md
22002A0328(01)	Artigo 4.º		803	807	102	ue/acordos-internacionais/2002/22002A0328(01).md
22002A0328(01)	Artigo 5.º		809	811	37	ue/acordos-internacionais/2002/22002A0328(01).md
22002A0328(01)	Artigo 6.º		813	817	74	ue/acordos-internacionais/2002/22002A0328(01).md
22002A0328(01)	Artigo 7.º		819	1005	932	ue/acordos-internacionais/2002/22002A0328(01).md
22002A0328(02)	Artigo 1.º		70	72	32	ue/acordos-internacionais/2002/22002A0328(02).md
22002A0328(02)	Artigo 2.º		74	76	41	ue/acordos-internacionais/2002/22002A0328(02).md
22002A0328(02)	Artigo 3.º		78	80	66	ue/acordos-internacionais/2002/22002A0328(02).md
22002A0328(02)	Artigo 4.º		82	284	2160	ue/acordos-internacionais/2002/22002A0328(02).md
22002A0430(01)	Artigo 1.º	Objectivo	117	127	192	ue/acordos-internacionais/2002/22002A0430(01).md
22002A0430(01)	Artigo 2.º	Não discriminação	129	131	72	ue/acordos-internacionais/2002/22002A0430(01).md
22002A0430(01)	Artigo 3.º	Direito de entrada	133	135	50	ue/acordos-internacionais/2002/22002A0430(01).md
22002A0430(01)	Artigo 4.º	Direito de residência e de acesso a uma actividade económica	137	139	60	ue/acordos-internacionais/2002/22002A0430(01).md
22002A0430(01)	Artigo 5.º	Prestador de serviços	141	153	357	ue/acordos-internacionais/2002/22002A0430(01).md
22002A0430(01)	Artigo 6.º	Direito de residência para as pessoas que não exercem uma actividade económica	155	157	80	ue/acordos-internacionais/2002/22002A0430(01).md
22002A0430(01)	Artigo 7.º	Outros direitos	159	175	330	ue/acordos-internacionais/2002/22002A0430(01).md
22002A0430(01)	Artigo 8.º	Coordenação dos sistemas de segurança social	177	189	172	ue/acordos-internacionais/2002/22002A0430(01).md
22002A0430(01)	Artigo 9.º	Diplomas, certificados e outros títulos	191	193	165	ue/acordos-internacionais/2002/22002A0430(01).md
22002A0430(01)	Artigo 10.º	Disposições transitórias e evolução do Acordo	197	376	7570	ue/acordos-internacionais/2002/22002A0430(01).md
22002A0430(01)	Artigo 11.º	Recursos	378	384	94	ue/acordos-internacionais/2002/22002A0430(01).md
22002A0430(01)	Artigo 12.º	Disposições mais favoráveis	386	388	56	ue/acordos-internacionais/2002/22002A0430(01).md
22002A0430(01)	Artigo 13.º	Stand still	390	392	52	ue/acordos-internacionais/2002/22002A0430(01).md
22002A0430(01)	Artigo 14.º	Comité Misto	394	406	416	ue/acordos-internacionais/2002/22002A0430(01).md
22002A0430(01)	Artigo 15.º	Anexos e Protocolos	408	410	36	ue/acordos-internacionais/2002/22002A0430(01).md
22002A0430(01)	Artigo 16.º	Referência ao direito comunitário	412	416	198	ue/acordos-internacionais/2002/22002A0430(01).md
22002A0430(01)	Artigo 17.º	Evolução do direito	418	422	137	ue/acordos-internacionais/2002/22002A0430(01).md
22002A0430(01)	Artigo 18.º	Revisão	424	426	104	ue/acordos-internacionais/2002/22002A0430(01).md
22002A0430(01)	Artigo 19.º	Resolução de litígios	428	432	131	ue/acordos-internacionais/2002/22002A0430(01).md
22002A0430(01)	Artigo 20.º	Relação com os Acordos bilaterais em matéria de segurança social	434	436	90	ue/acordos-internacionais/2002/22002A0430(01).md
22002A0430(01)	Artigo 21.º	Relação com os Acordos bilaterais em matéria de dupla tributação	438	444	314	ue/acordos-internacionais/2002/22002A0430(01).md
22002A0430(01)	Artigo 22.º	Relação com os Acordos bilaterais em matérias diferentes da segurança social e da dupla tributação	446	450	152	ue/acordos-internacionais/2002/22002A0430(01).md
22002A0430(01)	Artigo 23.º	Direitos adquiridos	452	454	62	ue/acordos-internacionais/2002/22002A0430(01).md
22002A0430(01)	Artigo 24.º	Âmbito de aplicação territorial	456	458	64	ue/acordos-internacionais/2002/22002A0430(01).md
22002A0430(01)	Artigo 25.º	Entrada em vigor e duração	460	618	1622	ue/acordos-internacionais/2002/22002A0430(01).md
22002A0430(01)	Artigo 1.º	Entrada e saída	622	632	417	ue/acordos-internacionais/2002/22002A0430(01).md
22002A0430(01)	Artigo 2.º	Residência e actividade económica	634	644	552	ue/acordos-internacionais/2002/22002A0430(01).md
22002A0430(01)	Artigo 3.º	Familiares	646	674	615	ue/acordos-internacionais/2002/22002A0430(01).md
22002A0430(01)	Artigo 4.º	Direito de residência	676	680	102	ue/acordos-internacionais/2002/22002A0430(01).md
22002A0430(01)	Artigo 5.º	Ordem pública	682	686	110	ue/acordos-internacionais/2002/22002A0430(01).md
22002A0430(01)	Artigo 6.º	Regulamentação da residência	690	710	556	ue/acordos-internacionais/2002/22002A0430(01).md
22002A0430(01)	Artigo 7.º	Trabalhadores fronteiriços assalariados	712	720	240	ue/acordos-internacionais/2002/22002A0430(01).md
22002A0430(01)	Artigo 8.º	Mobilidade profissional e geográfica	722	726	109	ue/acordos-internacionais/2002/22002A0430(01).md
22002A0430(01)	Artigo 9.º	Igualdade de tratamento	728	746	731	ue/acordos-internacionais/2002/22002A0430(01).md
22002A0430(01)	Artigo 10.º	Emprego na Administração Pública	748	750	84	ue/acordos-internacionais/2002/22002A0430(01).md
22002A0430(01)	Artigo 11.º	Colaboração em matéria de colocação	752	754	96	ue/acordos-internacionais/2002/22002A0430(01).md
22002A0430(01)	Artigo 12.º	Regulamentação da residência	758	774	362	ue/acordos-internacionais/2002/22002A0430(01).md
22002A0430(01)	Artigo 13.º	Trabalhadores fronteiriços independentes	776	784	254	ue/acordos-internacionais/2002/22002A0430(01).md
22002A0430(01)	Artigo 14.º	Mobilidade profissional e geográfica	786	790	104	ue/acordos-internacionais/2002/22002A0430(01).md
22002A0430(01)	Artigo 15.º	Igualdade de tratamento	792	796	95	ue/acordos-internacionais/2002/22002A0430(01).md
22002A0430(01)	Artigo 16.º	Exercício de cargos públicos	798	800	49	ue/acordos-internacionais/2002/22002A0430(01).md
22002A0430(01)	Artigo 17.º	Prestação de serviços	804	814	246	ue/acordos-internacionais/2002/22002A0430(01).md
22002A0430(01)	Artigo 18.º		816	818	77	ue/acordos-internacionais/2002/22002A0430(01).md
22002A0430(01)	Artigo 19.º		820	822	100	ue/acordos-internacionais/2002/22002A0430(01).md
22002A0430(01)	Artigo 20.º		824	836	278	ue/acordos-internacionais/2002/22002A0430(01).md
22002A0430(01)	Artigo 21.º		838	842	118	ue/acordos-internacionais/2002/22002A0430(01).md
22002A0430(01)	Artigo 22.º		844	856	432	ue/acordos-internacionais/2002/22002A0430(01).md
22002A0430(01)	Artigo 23.º	Destinatários dos serviços	858	862	138	ue/acordos-internacionais/2002/22002A0430(01).md
22002A0430(01)	Artigo 24.º	Regulamentação da residência	866	888	868	ue/acordos-internacionais/2002/22002A0430(01).md
22002A0430(01)	Artigo 25.º		892	898	450	ue/acordos-internacionais/2002/22002A0430(01).md
22002A0430(01)	Artigo 26.º	Generalidades	902	906	114	ue/acordos-internacionais/2002/22002A0430(01).md
22002A0430(01)	Artigo 27.º	Regulamentação da residência dos trabalhadores assalariados	908	918	425	ue/acordos-internacionais/2002/22002A0430(01).md
22002A0430(01)	Artigo 28.º	Trabalhadores fronteiriços assalariados	920	924	180	ue/acordos-internacionais/2002/22002A0430(01).md
22002A0430(01)	Artigo 29.º	Direito ao regresso dos trabalhadores assalariados	926	932	306	ue/acordos-internacionais/2002/22002A0430(01).md
22002A0430(01)	Artigo 30.º	Mobilidade geográfica e profissional dos trabalhadores assalariados	934	938	168	ue/acordos-internacionais/2002/22002A0430(01).md
22002A0430(01)	Artigo 31.º	Regulamentação da residência dos trabalhadores independentes	940	942	186	ue/acordos-internacionais/2002/22002A0430(01).md
22002A0430(01)	Artigo 32.º	Trabalhadores fronteiriços independentes	944	950	352	ue/acordos-internacionais/2002/22002A0430(01).md
22002A0430(01)	Artigo 33.º	Direito ao regresso dos trabalhadores independentes	952	958	273	ue/acordos-internacionais/2002/22002A0430(01).md
22002A0430(01)	Artigo 34.º	Mobilidade geográfica e profissional dos trabalhadores independentes	960	1108	5899	ue/acordos-internacionais/2002/22002A0430(01).md
22002A0430(01)	Artigo 1.º		1110	1114	120	ue/acordos-internacionais/2002/22002A0430(01).md
22002A0430(01)	Artigo 2.º		1116	1120	87	ue/acordos-internacionais/2002/22002A0430(01).md
22002A0430(01)	Artigo 3.º		1122	1128	121	ue/acordos-internacionais/2002/22002A0430(01).md
22002A0430(01)	Artigo 4.º		1130	1440	8109	ue/acordos-internacionais/2002/22002A0430(01).md
22002A0430(01)	Artigo 1.º.^O	Definições e referências	1442	1456	308	ue/acordos-internacionais/2002/22002A0430(01).md
22002A0430(01)	Artigo 2.º.^O	Pessoas abrangidas	1458	1476	572	ue/acordos-internacionais/2002/22002A0430(01).md
22002A0430(01)	Artigo 3.º.^O	Regras de coordenação em matéria de segurança social	1478	1482	162	ue/acordos-internacionais/2002/22002A0430(01).md
22002A0430(01)	Artigo 4.º.^O	Situações especiais abrangidas	1484	1500	892	ue/acordos-internacionais/2002/22002A0430(01).md
22002A0430(01)	Artigo 5.º.^O	Reembolso, cobrança e compensação	1502	1508	132	ue/acordos-internacionais/2002/22002A0430(01).md
22002A0430(01)	Artigo 6.º.^O	Evolução do direito e adaptações	1510	2504	14534	ue/acordos-internacionais/2002/22002A0430(01).md
22002A0430(02)	Artigo 1.º		54	58	324	ue/acordos-internacionais/2002/22002A0430(02).md
22002A0430(02)	Artigo 2.º		60	62	63	ue/acordos-internacionais/2002/22002A0430(02).md
22002A0430(02)	Artigo 3.º		66	68	46	ue/acordos-internacionais/2002/22002A0430(02).md
22002A0430(02)	Artigo 4.º		70	72	202	ue/acordos-internacionais/2002/22002A0430(02).md
22002A0430(02)	Artigo 5.º		74	78	174	ue/acordos-internacionais/2002/22002A0430(02).md
22002A0430(02)	Artigo 6.º		80	82	49	ue/acordos-internacionais/2002/22002A0430(02).md
22002A0430(02)	Artigo 7.º		84	86	82	ue/acordos-internacionais/2002/22002A0430(02).md
22002A0430(02)	Artigo 8.º		88	116	472	ue/acordos-internacionais/2002/22002A0430(02).md
22002A0430(02)	Artigo 9.º		118	130	230	ue/acordos-internacionais/2002/22002A0430(02).md
22002A0430(02)	Artigo 10.º		132	134	82	ue/acordos-internacionais/2002/22002A0430(02).md
22002A0430(02)	Artigo 11.º		136	140	153	ue/acordos-internacionais/2002/22002A0430(02).md
22002A0430(02)	Artigo 12.º		142	146	199	ue/acordos-internacionais/2002/22002A0430(02).md
22002A0430(02)	Artigo 13.º		148	164	341	ue/acordos-internacionais/2002/22002A0430(02).md
22002A0430(02)	Artigo 14.º		166	168	161	ue/acordos-internacionais/2002/22002A0430(02).md
22002A0430(02)	Artigo 15.º		172	186	365	ue/acordos-internacionais/2002/22002A0430(02).md
22002A0430(02)	Artigo 16.º		188	190	110	ue/acordos-internacionais/2002/22002A0430(02).md
22002A0430(02)	Artigo 17.º		194	196	62	ue/acordos-internacionais/2002/22002A0430(02).md
22002A0430(02)	Artigo 18.º		198	204	245	ue/acordos-internacionais/2002/22002A0430(02).md
22002A0430(02)	Artigo 19.º		206	210	171	ue/acordos-internacionais/2002/22002A0430(02).md
22002A0430(02)	Artigo 20.º		212	214	68	ue/acordos-internacionais/2002/22002A0430(02).md
22002A0430(02)	Artigo 21.º		218	228	298	ue/acordos-internacionais/2002/22002A0430(02).md
22002A0430(02)	Artigo 22.º		230	242	518	ue/acordos-internacionais/2002/22002A0430(02).md
22002A0430(02)	Artigo 23.º		246	260	436	ue/acordos-internacionais/2002/22002A0430(02).md
22002A0430(02)	Artigo 24.º		264	272	158	ue/acordos-internacionais/2002/22002A0430(02).md
22002A0430(02)	Artigo 25.º		274	286	148	ue/acordos-internacionais/2002/22002A0430(02).md
22002A0430(02)	Artigo 26.º		288	292	118	ue/acordos-internacionais/2002/22002A0430(02).md
22002A0430(02)	Artigo 27.º		294	298	164	ue/acordos-internacionais/2002/22002A0430(02).md
22002A0430(02)	Artigo 28.º		302	304	68	ue/acordos-internacionais/2002/22002A0430(02).md
22002A0430(02)	Artigo 29.º		306	308	163	ue/acordos-internacionais/2002/22002A0430(02).md
22002A0430(02)	Artigo 30.º		310	314	99	ue/acordos-internacionais/2002/22002A0430(02).md
22002A0430(02)	Artigo 31.º		316	318	90	ue/acordos-internacionais/2002/22002A0430(02).md
22002A0430(02)	Artigo 32.º		320	322	18	ue/acordos-internacionais/2002/22002A0430(02).md
22002A0430(02)	Artigo 33.º		324	326	69	ue/acordos-internacionais/2002/22002A0430(02).md
22002A0430(02)	Artigo 34.º		328	330	53	ue/acordos-internacionais/2002/22002A0430(02).md
22002A0430(02)	Artigo 35.º		332	336	135	ue/acordos-internacionais/2002/22002A0430(02).md
22002A0430(02)	Artigo 36.º		338	1395	20197	ue/acordos-internacionais/2002/22002A0430(02).md
22002A0430(02)	Artigo 1.º		1399	1401	72	ue/acordos-internacionais/2002/22002A0430(02).md
22002A0430(02)	Artigo 2.º		1403	1405	14	ue/acordos-internacionais/2002/22002A0430(02).md
22002A0430(02)	Artigo 3.º		1407	1413	180	ue/acordos-internacionais/2002/22002A0430(02).md
22002A0430(02)	Artigo 4.º		1415	1419	130	ue/acordos-internacionais/2002/22002A0430(02).md
22002A0430(02)	Artigo 5.º		1423	1427	87	ue/acordos-internacionais/2002/22002A0430(02).md
22002A0430(02)	Artigo 6.º		1429	1433	164	ue/acordos-internacionais/2002/22002A0430(02).md
22002A0430(02)	Artigo 7.º		1437	1445	158	ue/acordos-internacionais/2002/22002A0430(02).md
22002A0430(02)	Artigo 8.º		1447	1449	41	ue/acordos-internacionais/2002/22002A0430(02).md
22002A0430(02)	Artigo 9.º		1451	1461	155	ue/acordos-internacionais/2002/22002A0430(02).md
22002A0430(02)	Artigo 10.º		1465	1469	102	ue/acordos-internacionais/2002/22002A0430(02).md
22002A0430(02)	Artigo 11.º		1473	1485	432	ue/acordos-internacionais/2002/22002A0430(02).md
22002A0430(02)	Artigo 12.º		1487	1491	141	ue/acordos-internacionais/2002/22002A0430(02).md
22002A0430(02)	Artigo 13.º		1493	1499	382	ue/acordos-internacionais/2002/22002A0430(02).md
22002A0430(02)	Artigo 14.º		1501	1503	70	ue/acordos-internacionais/2002/22002A0430(02).md
22002A0430(02)	Artigo 15.º		1505	1509	131	ue/acordos-internacionais/2002/22002A0430(02).md
22002A0430(02)	Artigo 16.º		1513	1515	50	ue/acordos-internacionais/2002/22002A0430(02).md
22002A0430(02)	Artigo 17.º		1519	1523	83	ue/acordos-internacionais/2002/22002A0430(02).md
22002A0430(02)	Artigo 18.º		1525	1527	42	ue/acordos-internacionais/2002/22002A0430(02).md
22002A0430(02)	Artigo 19.º		1529	1531	46	ue/acordos-internacionais/2002/22002A0430(02).md
22002A0430(02)	Artigo 20.º		1533	1535	92	ue/acordos-internacionais/2002/22002A0430(02).md
22002A0430(02)	Artigo 21.º		1537	1541	192	ue/acordos-internacionais/2002/22002A0430(02).md
22002A0430(02)	Artigo 22.º		1543	1575	874	ue/acordos-internacionais/2002/22002A0430(02).md
22002A0430(02)	Artigo 1.º	Comunicação direta	1577	1579	168	ue/acordos-internacionais/2002/22002A0430(02).md
22002A0430(02)	Artigo 2.º	Controlos	1581	1591	508	ue/acordos-internacionais/2002/22002A0430(02).md
22002A0430(02)	Artigo 3.º	Inspeções no local	1593	1603	463	ue/acordos-internacionais/2002/22002A0430(02).md
22002A0430(02)	Artigo 4.º	Informação e consulta	1605	1609	142	ue/acordos-internacionais/2002/22002A0430(02).md
22002A0430(02)	Artigo 5.º	Confidencialidade	1611	1613	164	ue/acordos-internacionais/2002/22002A0430(02).md
22002A0430(02)	Artigo 6.º	Medidas e sanções administrativas	1615	1617	130	ue/acordos-internacionais/2002/22002A0430(02).md
22002A0430(02)	Artigo 7.º	Reembolsos e execução	1619	1823	3694	ue/acordos-internacionais/2002/22002A0430(02).md
22002A0430(03)	Artigo 1.º	Princípios e objectivos gerais	55	61	199	ue/acordos-internacionais/2002/22002A0430(03).md
22002A0430(03)	Artigo 2.º	Âmbito	63	69	218	ue/acordos-internacionais/2002/22002A0430(03).md
22002A0430(03)	Artigo 3.º	Definições	71	121	1422	ue/acordos-internacionais/2002/22002A0430(03).md
22002A0430(03)	Artigo 4.º	Reserva do Acordo de 1992	123	125	57	ue/acordos-internacionais/2002/22002A0430(03).md
22002A0430(03)	Artigo 5.º	Acesso à profissão	131	141	80	ue/acordos-internacionais/2002/22002A0430(03).md
22002A0430(03)	Artigo 6.º	Normas sociais	143	145	27	ue/acordos-internacionais/2002/22002A0430(03).md
22002A0430(03)	Artigo 7.º	Normas técnicas	147	159	328	ue/acordos-internacionais/2002/22002A0430(03).md
22002A0430(03)	Artigo 8.º	Regime transitório para o peso dos veículos	161	173	519	ue/acordos-internacionais/2002/22002A0430(03).md
22002A0430(03)	Artigo 9.º	Transportes de mercadorias entre os territórios das Partes Contratantes	177	185	285	ue/acordos-internacionais/2002/22002A0430(03).md
22002A0430(03)	Artigo 10.º	Transporte de mercadorias em trânsito no território das Partes Contratantes	187	191	105	ue/acordos-internacionais/2002/22002A0430(03).md
22002A0430(03)	Artigo 11.º	Trânsito através da Áustria	193	195	164	ue/acordos-internacionais/2002/22002A0430(03).md
22002A0430(03)	Artigo 12.º	Grande cabotagem para a Suíça	197	207	190	ue/acordos-internacionais/2002/22002A0430(03).md
22002A0430(03)	Artigo 13.º	Operações de transporte triangular com países terceiros	209	215	259	ue/acordos-internacionais/2002/22002A0430(03).md
22002A0430(03)	Artigo 14.º	Transporte entre dois pontos situados no território de um Estado-Membro da Comunidade ou entre dois pontos situados em território suíço	217	219	123	ue/acordos-internacionais/2002/22002A0430(03).md
22002A0430(03)	Artigo 15.º	Proibição de circulação de noite e ao domingo e isenções ao limite de peso	221	227	138	ue/acordos-internacionais/2002/22002A0430(03).md
22002A0430(03)	Artigo 16.º	Abolição de algumas isenções ao limite de peso	229	231	48	ue/acordos-internacionais/2002/22002A0430(03).md
22002A0430(03)	Artigo 17.º	Condições aplicáveis aos transportadores	235	251	471	ue/acordos-internacionais/2002/22002A0430(03).md
22002A0430(03)	Artigo 18.º	Acesso ao mercado	253	267	278	ue/acordos-internacionais/2002/22002A0430(03).md
22002A0430(03)	Artigo 19.º	Operações triangulares com países terceiros	269	275	254	ue/acordos-internacionais/2002/22002A0430(03).md
22002A0430(03)	Artigo 20.º	Operações de transporte entre dois pontos situados no território de uma mesma Parte Contratante	277	281	178	ue/acordos-internacionais/2002/22002A0430(03).md
22002A0430(03)	Artigo 21.º	Procedimentos	283	285	57	ue/acordos-internacionais/2002/22002A0430(03).md
22002A0430(03)	Artigo 22.º	Disposição transitória	287	289	65	ue/acordos-internacionais/2002/22002A0430(03).md
22002A0430(03)	Artigo 23.º	Independência de gestão	293	299	150	ue/acordos-internacionais/2002/22002A0430(03).md
22002A0430(03)	Artigo 24.º	Direitos de acesso e de trânsito na infra-estrutura ferroviária	301	307	242	ue/acordos-internacionais/2002/22002A0430(03).md
22002A0430(03)	Artigo 25.º	Licenças ferroviárias	309	323	432	ue/acordos-internacionais/2002/22002A0430(03).md
22002A0430(03)	Artigo 26.º	Atribuição do certificado de segurança	325	331	205	ue/acordos-internacionais/2002/22002A0430(03).md
22002A0430(03)	Artigo 27.º	Atribuição dos canais	333	353	706	ue/acordos-internacionais/2002/22002A0430(03).md
22002A0430(03)	Artigo 28.º	Contas e taxas de utilização	355	367	325	ue/acordos-internacionais/2002/22002A0430(03).md
22002A0430(03)	Artigo 29.º	Recursos	369	373	146	ue/acordos-internacionais/2002/22002A0430(03).md
22002A0430(03)	Artigo 30.º	Objectivos	379	383	163	ue/acordos-internacionais/2002/22002A0430(03).md
22002A0430(03)	Artigo 31.º	Medidas	385	397	228	ue/acordos-internacionais/2002/22002A0430(03).md
22002A0430(03)	Artigo 32.º	Princípios	399	419	195	ue/acordos-internacionais/2002/22002A0430(03).md
22002A0430(03)	Artigo 33.º	Objectivos	423	433	422	ue/acordos-internacionais/2002/22002A0430(03).md
22002A0430(03)	Artigo 34.º	Capacidade da oferta ferroviária	435	443	431	ue/acordos-internacionais/2002/22002A0430(03).md
22002A0430(03)	Artigo 35.º	Parâmetros económicos	445	455	536	ue/acordos-internacionais/2002/22002A0430(03).md
22002A0430(03)	Artigo 36.º	Parâmetros de qualidade	457	477	540	ue/acordos-internacionais/2002/22002A0430(03).md
22002A0430(03)	Artigo 37.º	Objectivos	481	483	97	ue/acordos-internacionais/2002/22002A0430(03).md
22002A0430(03)	Artigo 38.º	Princípios	485	497	437	ue/acordos-internacionais/2002/22002A0430(03).md
22002A0430(03)	Artigo 39.º	Interoperabilidade dos instrumentos	499	501	60	ue/acordos-internacionais/2002/22002A0430(03).md
22002A0430(03)	Artigo 40.º	Medidas suíças	503	519	746	ue/acordos-internacionais/2002/22002A0430(03).md
22002A0430(03)	Artigo 41.º	Medidas comunitárias	521	523	65	ue/acordos-internacionais/2002/22002A0430(03).md
22002A0430(03)	Artigo 42.º	Reexame do nível das taxas	525	539	409	ue/acordos-internacionais/2002/22002A0430(03).md
22002A0430(03)	Artigo 43.º	Facilitação dos controlos de fronteira	543	547	184	ue/acordos-internacionais/2002/22002A0430(03).md
22002A0430(03)	Artigo 44.º	Normas ecológicas para veículos utilitários	549	555	217	ue/acordos-internacionais/2002/22002A0430(03).md
22002A0430(03)	Artigo 45.º	Observatório dos tráfegos	557	563	220	ue/acordos-internacionais/2002/22002A0430(03).md
22002A0430(03)	Artigo 46.º	Medidas de salvaguarda unilaterais	567	587	666	ue/acordos-internacionais/2002/22002A0430(03).md
22002A0430(03)	Artigo 47.º	Medidas de salvaguarda consensuais	589	595	292	ue/acordos-internacionais/2002/22002A0430(03).md
22002A0430(03)	Artigo 48.º	Medidas em caso de crise	597	599	125	ue/acordos-internacionais/2002/22002A0430(03).md
22002A0430(03)	Artigo 49.º	Aplicação do Acordo	603	609	152	ue/acordos-internacionais/2002/22002A0430(03).md
22002A0430(03)	Artigo 50.º	Medidas de reequilíbrio	611	613	121	ue/acordos-internacionais/2002/22002A0430(03).md
22002A0430(03)	Artigo 51.º	Comité Misto	615	629	487	ue/acordos-internacionais/2002/22002A0430(03).md
22002A0430(03)	Artigo 52.º	Desenvolvimento do direito	631	649	624	ue/acordos-internacionais/2002/22002A0430(03).md
22002A0430(03)	Artigo 53.º	Confidencialidade	651	653	73	ue/acordos-internacionais/2002/22002A0430(03).md
22002A0430(03)	Artigo 54.º	Regulação dos diferendos	655	657	124	ue/acordos-internacionais/2002/22002A0430(03).md
22002A0430(03)	Artigo 55.º	Revisão do Acordo	659	665	147	ue/acordos-internacionais/2002/22002A0430(03).md
22002A0430(03)	Artigo 56.º	Anexos	667	669	22	ue/acordos-internacionais/2002/22002A0430(03).md
22002A0430(03)	Artigo 57.º	Âmbito de aplicação territorial	671	673	62	ue/acordos-internacionais/2002/22002A0430(03).md
22002A0430(03)	Artigo 58.º	Cláusulas finais	675	1641	22130	ue/acordos-internacionais/2002/22002A0430(03).md
22002A0430(03)	Artigo 1.º	Definições	1643	1683	835	ue/acordos-internacionais/2002/22002A0430(03).md
22002A0430(03)	Artigo 2.º	Tipo de autorização	1687	1717	512	ue/acordos-internacionais/2002/22002A0430(03).md
22002A0430(03)	Artigo 3.º	Apresentação dos pedidos de autorização	1719	1725	365	ue/acordos-internacionais/2002/22002A0430(03).md
22002A0430(03)	Artigo 4.º	Procedimento de autorização	1727	1757	1068	ue/acordos-internacionais/2002/22002A0430(03).md
22002A0430(03)	Artigo 5.º	Emissão e renovação das autorizações	1759	1767	217	ue/acordos-internacionais/2002/22002A0430(03).md
22002A0430(03)	Artigo 6.º	Caducidade da autorização	1769	1771	56	ue/acordos-internacionais/2002/22002A0430(03).md
22002A0430(03)	Artigo 7.º	Obrigações dos transportadores	1773	1779	205	ue/acordos-internacionais/2002/22002A0430(03).md
22002A0430(03)	Artigo 8.º	Documento de controlo	1783	1793	198	ue/acordos-internacionais/2002/22002A0430(03).md
22002A0430(03)	Artigo 9.º	Certificação	1795	1799	71	ue/acordos-internacionais/2002/22002A0430(03).md
22002A0430(03)	Artigo 10.º	Títulos de transporte	1803	1813	123	ue/acordos-internacionais/2002/22002A0430(03).md
22002A0430(03)	Artigo 11.º	Controlos na estrada e nas empresas	1815	1821	238	ue/acordos-internacionais/2002/22002A0430(03).md
22002A0430(03)	Artigo 12.º	Assistência mútua e sanções	1823	1851	1020	ue/acordos-internacionais/2002/22002A0430(03).md
22002A0430(03)	Artigo 13.º	Inscrição nos registos eletrónicos nacionais	1853	2098	4067	ue/acordos-internacionais/2002/22002A0430(03).md
22002A0430(04)	Artigo 1.º	Objectivo	61	67	208	ue/acordos-internacionais/2002/22002A0430(04).md
22002A0430(04)	Artigo 2.º	Concessões pautais	69	73	78	ue/acordos-internacionais/2002/22002A0430(04).md
22002A0430(04)	Artigo 3.º	Concessões relativas aos queijos	75	77	38	ue/acordos-internacionais/2002/22002A0430(04).md
22002A0430(04)	Artigo 4.º	Regras de origem	79	81	46	ue/acordos-internacionais/2002/22002A0430(04).md
22002A0430(04)	Artigo 5.º	Redução dos obstáculos técnicos ao comércio	83	109	302	ue/acordos-internacionais/2002/22002A0430(04).md
22002A0430(04)	Artigo 6.º	Comité Misto da Agricultura	111	131	242	ue/acordos-internacionais/2002/22002A0430(04).md
22002A0430(04)	Artigo 7.º	Resolução de litígios	133	135	122	ue/acordos-internacionais/2002/22002A0430(04).md
22002A0430(04)	Artigo 8.º	Intercâmbio de informações	137	141	104	ue/acordos-internacionais/2002/22002A0430(04).md
22002A0430(04)	Artigo 9.º	Confidencialidade	143	145	66	ue/acordos-internacionais/2002/22002A0430(04).md
22002A0430(04)	Artigo 10.º	Medidas de salvaguarda	147	165	388	ue/acordos-internacionais/2002/22002A0430(04).md
22002A0430(04)	Artigo 11.º	"Alterações"""	167	171	30	ue/acordos-internacionais/2002/22002A0430(04).md
22002A0430(04)	Artigo 12.º	Revisão	173	179	126	ue/acordos-internacionais/2002/22002A0430(04).md
22002A0430(04)	Artigo 13.º	Cláusula evolutiva	181	189	223	ue/acordos-internacionais/2002/22002A0430(04).md
22002A0430(04)	Artigo 14.º	Aplicação do Acordo	191	195	72	ue/acordos-internacionais/2002/22002A0430(04).md
22002A0430(04)	Artigo 15.º	Anexos	197	199	34	ue/acordos-internacionais/2002/22002A0430(04).md
22002A0430(04)	Artigo 16.º	Aplicação territorial	201	203	58	ue/acordos-internacionais/2002/22002A0430(04).md
22002A0430(04)	Artigo 17.º	Entrada em vigor e duração	205	647	9714	ue/acordos-internacionais/2002/22002A0430(04).md
22002A0430(04)	Artigo 1.º	Objecto	649	659	138	ue/acordos-internacionais/2002/22002A0430(04).md
22002A0430(04)	Artigo 2.º	Princípios	661	673	483	ue/acordos-internacionais/2002/22002A0430(04).md
22002A0430(04)	Artigo 3.º		675	681	205	ue/acordos-internacionais/2002/22002A0430(04).md
22002A0430(04)	Artigo 4.º	Exigências regionais	683	687	132	ue/acordos-internacionais/2002/22002A0430(04).md
22002A0430(04)	Artigo 5.º	Controlo na importação	689	697	262	ue/acordos-internacionais/2002/22002A0430(04).md
22002A0430(04)	Artigo 6.º	Medidas de salvaguarda	699	701	31	ue/acordos-internacionais/2002/22002A0430(04).md
22002A0430(04)	Artigo 7.º	Derrogações	703	707	198	ue/acordos-internacionais/2002/22002A0430(04).md
22002A0430(04)	Artigo 8.º	Controlo conjunto	709	715	137	ue/acordos-internacionais/2002/22002A0430(04).md
22002A0430(04)	Artigo 9.º	Intercâmbio de informações	717	721	161	ue/acordos-internacionais/2002/22002A0430(04).md
22002A0430(04)	Artigo 10.º	Grupo de Trabalho «Fitossanitário»	723	1156	10463	ue/acordos-internacionais/2002/22002A0430(04).md
22002A0430(04)	Artigo 1.º	Objecto	1158	1172	231	ue/acordos-internacionais/2002/22002A0430(04).md
22002A0430(04)	Artigo 2.º	Definições	1174	1182	143	ue/acordos-internacionais/2002/22002A0430(04).md
22002A0430(04)	Artigo 3.º	Intercâmbio de informações	1184	1196	194	ue/acordos-internacionais/2002/22002A0430(04).md
22002A0430(04)	Artigo 4.º	Disposições gerais aplicáveis aos controlos	1198	1210	243	ue/acordos-internacionais/2002/22002A0430(04).md
22002A0430(04)	Artigo 5.º	Controlo na origem	1212	1216	148	ue/acordos-internacionais/2002/22002A0430(04).md
22002A0430(04)	Artigo 6.º	Controlo no destino	1218	1236	298	ue/acordos-internacionais/2002/22002A0430(04).md
22002A0430(04)	Artigo 7.º	Controlo dos produtos provenientes de territórios diferentes dos das Partes	1238	1250	204	ue/acordos-internacionais/2002/22002A0430(04).md
22002A0430(04)	Artigo 8.º	Cooperação em caso de constatação de infracções	1252	1256	150	ue/acordos-internacionais/2002/22002A0430(04).md
22002A0430(04)	Artigo 9.º	Produtos submetidos a autorização prévia	1258	1262	76	ue/acordos-internacionais/2002/22002A0430(04).md
22002A0430(04)	Artigo 10.º	Consultas e medidas de salvaguarda	1264	1272	222	ue/acordos-internacionais/2002/22002A0430(04).md
22002A0430(04)	Artigo 11.º	Grupo de trabalho para a alimentação animal	1274	1278	160	ue/acordos-internacionais/2002/22002A0430(04).md
22002A0430(04)	Artigo 12.º	Obrigação de observância da confidencialidade	1280	1338	959	ue/acordos-internacionais/2002/22002A0430(04).md
22002A0430(04)	Artigo 1.º	Objecto	1340	1344	69	ue/acordos-internacionais/2002/22002A0430(04).md
22002A0430(04)	Artigo 2.º	Reconhecimento da conformidade das legislações	1346	1352	182	ue/acordos-internacionais/2002/22002A0430(04).md
22002A0430(04)	Artigo 3.º	Reconhecimento recíproco dos certificados	1354	1358	136	ue/acordos-internacionais/2002/22002A0430(04).md
22002A0430(04)	Artigo 4.º	Aproximação das legislações	1360	1368	214	ue/acordos-internacionais/2002/22002A0430(04).md
22002A0430(04)	Article 5	Variedades	1370	1384	535	ue/acordos-internacionais/2002/22002A0430(04).md
22002A0430(04)	Artigo 6.º	Derrogações	1386	1410	567	ue/acordos-internacionais/2002/22002A0430(04).md
22002A0430(04)	Artigo 7.º	Países terceiros	1412	1416	96	ue/acordos-internacionais/2002/22002A0430(04).md
22002A0430(04)	Artigo 8.º	Ensaios comparativos	1418	1422	89	ue/acordos-internacionais/2002/22002A0430(04).md
22002A0430(04)	Artigo 9.º	Grupo de trabalho «sementes»	1424	1428	137	ue/acordos-internacionais/2002/22002A0430(04).md
22002A0430(04)	Artigo 10.º	Acordos com outros países	1430	1675	4891	ue/acordos-internacionais/2002/22002A0430(04).md
22002A0430(04)	Artigo 1.º	Objetivos	1677	1679	68	ue/acordos-internacionais/2002/22002A0430(04).md
22002A0430(04)	Artigo 2.º	Âmbito de aplicação	1681	1683	36	ue/acordos-internacionais/2002/22002A0430(04).md
22002A0430(04)	Artigo 3.º	Definições	1685	1715	870	ue/acordos-internacionais/2002/22002A0430(04).md
22002A0430(04)	Artigo 4.º	Rotulagem, apresentação e documentos de acompanhamento	1719	1727	238	ue/acordos-internacionais/2002/22002A0430(04).md
22002A0430(04)	Artigo 5.º	Denominações protegidas	1731	1741	106	ue/acordos-internacionais/2002/22002A0430(04).md
22002A0430(04)	Artigo 6.º	Nomes ou referências utilizados para designar os Estados-Membros da União Europeia e a Suíça	1743	1755	223	ue/acordos-internacionais/2002/22002A0430(04).md
22002A0430(04)	Artigo 7.º	Outros termos	1757	1763	247	ue/acordos-internacionais/2002/22002A0430(04).md
22002A0430(04)	Artigo 8.º	Proteção das denominações de origem e das indicações geográficas	1765	1803	907	ue/acordos-internacionais/2002/22002A0430(04).md
22002A0430(04)	Artigo 9.º	Relações entre denominações de origem e indicações geográficas e marcas	1805	1813	472	ue/acordos-internacionais/2002/22002A0430(04).md
22002A0430(04)	Artigo 10.º	Proteção das menções tradicionais	1815	1849	1112	ue/acordos-internacionais/2002/22002A0430(04).md
22002A0430(04)	Artigo 11.º	Aplicação efetiva da proteção	1851	1867	562	ue/acordos-internacionais/2002/22002A0430(04).md
22002A0430(04)	Artigo 12.º	Objeto e limitações	1871	1877	156	ue/acordos-internacionais/2002/22002A0430(04).md
22002A0430(04)	Artigo 13.º	Autoridades de contacto	1881	1893	171	ue/acordos-internacionais/2002/22002A0430(04).md
22002A0430(04)	Artigo 14.º	Autoridades e laboratórios	1895	1909	300	ue/acordos-internacionais/2002/22002A0430(04).md
22002A0430(04)	Artigo 15.º	Destinatários dos controlos	1911	1913	78	ue/acordos-internacionais/2002/22002A0430(04).md
22002A0430(04)	Artigo 16.º	Medidas de controlo	1917	1935	443	ue/acordos-internacionais/2002/22002A0430(04).md
22002A0430(04)	Artigo 17.º	Amostras	1937	1943	205	ue/acordos-internacionais/2002/22002A0430(04).md
22002A0430(04)	Artigo 18.º	Facto gerador	1947	1953	156	ue/acordos-internacionais/2002/22002A0430(04).md
22002A0430(04)	Artigo 19.º	Pedidos de assistência mútua	1955	1975	259	ue/acordos-internacionais/2002/22002A0430(04).md
22002A0430(04)	Artigo 20.º	Procedimento	1977	2021	968	ue/acordos-internacionais/2002/22002A0430(04).md
22002A0430(04)	Artigo 21.º	Decisão sobre a assistência mútua	2023	2029	174	ue/acordos-internacionais/2002/22002A0430(04).md
22002A0430(04)	Artigo 22.º	Informação e documentação	2031	2049	309	ue/acordos-internacionais/2002/22002A0430(04).md
22002A0430(04)	Artigo 23.º	Despesas	2051	2053	52	ue/acordos-internacionais/2002/22002A0430(04).md
22002A0430(04)	Artigo 24.º	Confidencialidade	2055	2065	389	ue/acordos-internacionais/2002/22002A0430(04).md
22002A0430(04)	Artigo 25.º	Exclusões	2069	2077	156	ue/acordos-internacionais/2002/22002A0430(04).md
22002A0430(04)	Artigo 26.º	Consultas	2079	2087	213	ue/acordos-internacionais/2002/22002A0430(04).md
22002A0430(04)	Artigo 27.º	Grupo de trabalho	2089	2093	140	ue/acordos-internacionais/2002/22002A0430(04).md
22002A0430(04)	Artigo 28.º	Disposições transitórias	2095	5036	35320	ue/acordos-internacionais/2002/22002A0430(04).md
22002A0430(04)	Artigo 1.º		5038	5042	57	ue/acordos-internacionais/2002/22002A0430(04).md
22002A0430(04)	Artigo 2.º		5044	5048	65	ue/acordos-internacionais/2002/22002A0430(04).md
22002A0430(04)	Artigo 3.º		5050	5064	317	ue/acordos-internacionais/2002/22002A0430(04).md
22002A0430(04)	Artigo 4.º		5066	5082	203	ue/acordos-internacionais/2002/22002A0430(04).md
22002A0430(04)	Artigo 5.º		5084	5104	377	ue/acordos-internacionais/2002/22002A0430(04).md
22002A0430(04)	Artigo 6.º		5106	5110	108	ue/acordos-internacionais/2002/22002A0430(04).md
22002A0430(04)	Artigo 7.º		5112	5114	102	ue/acordos-internacionais/2002/22002A0430(04).md
22002A0430(04)	Artigo 8.º		5116	5118	68	ue/acordos-internacionais/2002/22002A0430(04).md
22002A0430(04)	Artigo 9.º		5120	5122	54	ue/acordos-internacionais/2002/22002A0430(04).md
22002A0430(04)	Artigo 10.º		5124	5126	100	ue/acordos-internacionais/2002/22002A0430(04).md
22002A0430(04)	Artigo 11.º		5128	5130	74	ue/acordos-internacionais/2002/22002A0430(04).md
22002A0430(04)	Artigo 12.º		5132	5134	108	ue/acordos-internacionais/2002/22002A0430(04).md
22002A0430(04)	Artigo 13.º		5136	5154	214	ue/acordos-internacionais/2002/22002A0430(04).md
22002A0430(04)	Artigo 14.º		5156	5160	87	ue/acordos-internacionais/2002/22002A0430(04).md
22002A0430(04)	Artigo 15.º		5162	5180	333	ue/acordos-internacionais/2002/22002A0430(04).md
22002A0430(04)	Artigo 16.º		5182	5190	207	ue/acordos-internacionais/2002/22002A0430(04).md
22002A0430(04)	Artigo 17.º		5192	5196	131	ue/acordos-internacionais/2002/22002A0430(04).md
22002A0430(04)	Artigo 18.º		5198	5200	62	ue/acordos-internacionais/2002/22002A0430(04).md
22002A0430(04)	Artigo 19.º		5202	5812	5885	ue/acordos-internacionais/2002/22002A0430(04).md
22002A0430(04)	Artigo 1.º	Objecto	5814	5816	122	ue/acordos-internacionais/2002/22002A0430(04).md
22002A0430(04)	Artigo 2.º	Ambito de aplicação	5818	5822	173	ue/acordos-internacionais/2002/22002A0430(04).md
22002A0430(04)	Artigo 3.º	Princípio da equivalência	5824	5834	206	ue/acordos-internacionais/2002/22002A0430(04).md
22002A0430(04)	Artigo 4.º	Livre circulação dos produtos biológicos	5836	5838	88	ue/acordos-internacionais/2002/22002A0430(04).md
22002A0430(04)	Artigo 5.º	Rotulagem	5840	5848	196	ue/acordos-internacionais/2002/22002A0430(04).md
22002A0430(04)	Artigo 6.º	Países terceiros	5850	5854	138	ue/acordos-internacionais/2002/22002A0430(04).md
22002A0430(04)	Artigo 7.º	Intercâmbio de informações	5856	5864	198	ue/acordos-internacionais/2002/22002A0430(04).md
22002A0430(04)	Artigo 8.º	Grupo de trabalho para os produtos biológicos	5866	5876	264	ue/acordos-internacionais/2002/22002A0430(04).md
22002A0430(04)	Artigo 9.º	Medidas de salvaguarda	5878	5922	774	ue/acordos-internacionais/2002/22002A0430(04).md
22002A0430(04)	Artigo 1.º	Âmbito de aplicação	5924	5928	85	ue/acordos-internacionais/2002/22002A0430(04).md
22002A0430(04)	Artigo 2.º	Objeto	5930	5942	434	ue/acordos-internacionais/2002/22002A0430(04).md
22002A0430(04)	Artigo 3.º	Certificado de conformidade	5944	5960	344	ue/acordos-internacionais/2002/22002A0430(04).md
22002A0430(04)	Artigo 4.º	Intercâmbio de informações	5962	5968	238	ue/acordos-internacionais/2002/22002A0430(04).md
22002A0430(04)	Artigo 5.º	Cláusula de salvaguarda	5970	5978	291	ue/acordos-internacionais/2002/22002A0430(04).md
22002A0430(04)	Artigo 6.º	Grupo de trabalho «Frutas e produtos hortícolas»	5980	6128	887	ue/acordos-internacionais/2002/22002A0430(04).md
22002A0430(04)	Artigo 1.º		6130	6138	84	ue/acordos-internacionais/2002/22002A0430(04).md
22002A0430(04)	Artigo 2.º		6142	6146	98	ue/acordos-internacionais/2002/22002A0430(04).md
22002A0430(04)	Artigo 3.º		6148	6150	72	ue/acordos-internacionais/2002/22002A0430(04).md
22002A0430(04)	Artigo 4.º		6152	6156	101	ue/acordos-internacionais/2002/22002A0430(04).md
22002A0430(04)	Artigo 5.º		6158	6160	26	ue/acordos-internacionais/2002/22002A0430(04).md
22002A0430(04)	Artigo 6.º		6162	6164	63	ue/acordos-internacionais/2002/22002A0430(04).md
22002A0430(04)	Artigo 7.º	Objectivo	6168	6170	100	ue/acordos-internacionais/2002/22002A0430(04).md
22002A0430(04)	Artigo 8.º	Obrigações multilaterais	6172	6174	76	ue/acordos-internacionais/2002/22002A0430(04).md
22002A0430(04)	Artigo 9.º	Âmbito de aplicação	6176	6180	218	ue/acordos-internacionais/2002/22002A0430(04).md
22002A0430(04)	Artigo 10.º	Definições	6182	6196	158	ue/acordos-internacionais/2002/22002A0430(04).md
22002A0430(04)	Artigo 11.º	Adaptação às condições regionais	6198	6202	141	ue/acordos-internacionais/2002/22002A0430(04).md
22002A0430(04)	Artigo 12.º	Equivalência	6204	6216	232	ue/acordos-internacionais/2002/22002A0430(04).md
22002A0430(04)	Artigo 13.º	Determinação da equivalência	6218	6232	375	ue/acordos-internacionais/2002/22002A0430(04).md
22002A0430(04)	Artigo 14.º	Reconhecimento das medidas sanitárias	6234	6238	164	ue/acordos-internacionais/2002/22002A0430(04).md
22002A0430(04)	Artigo 15.º	Controlos nas fronteiras e taxas	6240	6250	133	ue/acordos-internacionais/2002/22002A0430(04).md
22002A0430(04)	Artigo 16.º	Verificação	6252	6274	338	ue/acordos-internacionais/2002/22002A0430(04).md
22002A0430(04)	Artigo 17.º	Notificação	6276	6292	397	ue/acordos-internacionais/2002/22002A0430(04).md
22002A0430(04)	Artigo 18.º	Intercâmbio de informações e apresentação de trabalhos de investigação e dados científicos	6294	6308	364	ue/acordos-internacionais/2002/22002A0430(04).md
22002A0430(04)	Artigo 19.º	Comité Misto Veterinário	6312	6324	364	ue/acordos-internacionais/2002/22002A0430(04).md
22002A0430(04)	Artigo 20.º	Cláusula de salvaguarda	6326	7424	37237	ue/acordos-internacionais/2002/22002A0430(04).md
22002A0430(04)	Artigo 1.º	Objectivos	7426	7428	104	ue/acordos-internacionais/2002/22002A0430(04).md
22002A0430(04)	Artigo 2.º	Disposições legislativas das Partes	7430	7444	365	ue/acordos-internacionais/2002/22002A0430(04).md
22002A0430(04)	Artigo 3.º	Procedimentos prévios à protecção ao abrigo do Acordo	7446	7448	36	ue/acordos-internacionais/2002/22002A0430(04).md
22002A0430(04)	Artigo 4.º	Objecto da protecção	7450	7456	92	ue/acordos-internacionais/2002/22002A0430(04).md
22002A0430(04)	Artigo 5.º	Âmbito de aplicação	7458	7460	62	ue/acordos-internacionais/2002/22002A0430(04).md
22002A0430(04)	Artigo 6.º	Condições para a protecção	7462	7466	84	ue/acordos-internacionais/2002/22002A0430(04).md
22002A0430(04)	Artigo 7.º	Âmbito da protecção	7468	7496	384	ue/acordos-internacionais/2002/22002A0430(04).md
22002A0430(04)	Artigo 8.º	Disposições especiais para determinadas denominações	7498	7540	835	ue/acordos-internacionais/2002/22002A0430(04).md
22002A0430(04)	Artigo 9.º	Relação com as marcas	7542	7546	297	ue/acordos-internacionais/2002/22002A0430(04).md
22002A0430(04)	Artigo 10.º	Relação com acordos internacionais	7548	7550	87	ue/acordos-internacionais/2002/22002A0430(04).md
22002A0430(04)	Artigo 11.º	Legitimidade para agir	7552	7554	93	ue/acordos-internacionais/2002/22002A0430(04).md
22002A0430(04)	Artigo 12.º	Menções e símbolos	7556	7558	85	ue/acordos-internacionais/2002/22002A0430(04).md
22002A0430(04)	Artigo 13.º	Aplicação do anexo e medidas de execução	7560	7562	54	ue/acordos-internacionais/2002/22002A0430(04).md
22002A0430(04)	Artigo 14.º	Medidas na fronteira	7564	7566	167	ue/acordos-internacionais/2002/22002A0430(04).md
22002A0430(04)	Artigo 15.º	Cooperação bilateral	7568	7580	340	ue/acordos-internacionais/2002/22002A0430(04).md
22002A0430(04)	Artigo 16.º	Cláusula de revisão	7582	7592	180	ue/acordos-internacionais/2002/22002A0430(04).md
22002A0430(04)	Artigo 17.º	Disposições transitórias	7594	10021	43667	ue/acordos-internacionais/2002/22002A0430(04).md
22002A0430(05)	Artigo 1.º	Objecto	62	68	328	ue/acordos-internacionais/2002/22002A0430(05).md
22002A0430(05)	Artigo 2.º	Definições	70	80	203	ue/acordos-internacionais/2002/22002A0430(05).md
22002A0430(05)	Artigo 3.º	Âmbito de aplicação	82	100	216	ue/acordos-internacionais/2002/22002A0430(05).md
22002A0430(05)	Artigo 4.º	Origem	102	104	34	ue/acordos-internacionais/2002/22002A0430(05).md
22002A0430(05)	Artigo 5.º	Organismos de avaliação da conformidade reconhecidos	106	108	60	ue/acordos-internacionais/2002/22002A0430(05).md
22002A0430(05)	Artigo 6.º	Autoridades responsáveis pela designação	110	116	196	ue/acordos-internacionais/2002/22002A0430(05).md
22002A0430(05)	Artigo 7.º	Verificação dos processos de designação	118	124	222	ue/acordos-internacionais/2002/22002A0430(05).md
22002A0430(05)	Artigo 8.º	Verificação dos organismos de avaliação da conformidade	126	138	367	ue/acordos-internacionais/2002/22002A0430(05).md
22002A0430(05)	Artigo 9.º	Aplicação do Acordo	140	146	267	ue/acordos-internacionais/2002/22002A0430(05).md
22002A0430(05)	Artigo 10.º	Comité	148	174	426	ue/acordos-internacionais/2002/22002A0430(05).md
22002A0430(05)	Artigo 11.º	Reconhecimento, revogação do reconhecimento, alteração do âmbito de actividade e suspensão dos organismos de avaliação da conformidade	176	194	662	ue/acordos-internacionais/2002/22002A0430(05).md
22002A0430(05)	Artigo 12.º	Intercâmbio de informações	196	210	308	ue/acordos-internacionais/2002/22002A0430(05).md
22002A0430(05)	Artigo 13.º	Confidencialidade	212	214	90	ue/acordos-internacionais/2002/22002A0430(05).md
22002A0430(05)	Artigo 14.º	Resolução de litígios	216	218	130	ue/acordos-internacionais/2002/22002A0430(05).md
22002A0430(05)	Artigo 15.º	Acordos com estados terceiros	220	222	127	ue/acordos-internacionais/2002/22002A0430(05).md
22002A0430(05)	Artigo 16.º	Anexos	224	226	21	ue/acordos-internacionais/2002/22002A0430(05).md
22002A0430(05)	Artigo 17.º	Aplicação territorial	228	230	58	ue/acordos-internacionais/2002/22002A0430(05).md
22002A0430(05)	Artigo 18.º	Revisão	232	236	84	ue/acordos-internacionais/2002/22002A0430(05).md
22002A0430(05)	Artigo 19.º	Suspensão	238	240	54	ue/acordos-internacionais/2002/22002A0430(05).md
22002A0430(05)	Artigo 20.º	Direitos adquiridos	242	244	108	ue/acordos-internacionais/2002/22002A0430(05).md
22002A0430(05)	Artigo 21.º	Entrada em vigor e vigência	246	2575	70998	ue/acordos-internacionais/2002/22002A0430(05).md
22002A0430(05)	Apêndice 1		2577	3122	12282	ue/acordos-internacionais/2002/22002A0430(05).md
22002A0430(06)	Artigo 1.º	Obrigações da Comunidade	54	60	198	ue/acordos-internacionais/2002/22002A0430(06).md
22002A0430(06)	Artigo 2.º	Obrigações da Suíça	62	70	142	ue/acordos-internacionais/2002/22002A0430(06).md
22002A0430(06)	Artigo 3.º	Objectivos, definições e âmbito de aplicação	74	136	1808	ue/acordos-internacionais/2002/22002A0430(06).md
22002A0430(06)	Artigo 4.º	Processos de celebração de contratos	138	152	733	ue/acordos-internacionais/2002/22002A0430(06).md
22002A0430(06)	Artigo 5.º	Processos de impugnação	154	160	186	ue/acordos-internacionais/2002/22002A0430(06).md
22002A0430(06)	Artigo 6.º	Não-discriminação	164	184	821	ue/acordos-internacionais/2002/22002A0430(06).md
22002A0430(06)	Artigo 7.º	Intercâmbio de informações	186	192	209	ue/acordos-internacionais/2002/22002A0430(06).md
22002A0430(06)	Artigo 8.º	Instância de fiscalização	194	198	153	ue/acordos-internacionais/2002/22002A0430(06).md
22002A0430(06)	Artigo 9.º	Medidas de emergência	200	204	267	ue/acordos-internacionais/2002/22002A0430(06).md
22002A0430(06)	Artigo 10.º	Resolução de litígios	206	208	129	ue/acordos-internacionais/2002/22002A0430(06).md
22002A0430(06)	Artigo 11.º	Comité misto	210	218	190	ue/acordos-internacionais/2002/22002A0430(06).md
22002A0430(06)	Artigo 12.º	Tecnologias da informação	220	224	307	ue/acordos-internacionais/2002/22002A0430(06).md
22002A0430(06)	Artigo 13.º	Aplicação	226	230	75	ue/acordos-internacionais/2002/22002A0430(06).md
22002A0430(06)	Artigo 14.º	Revisão	232	234	54	ue/acordos-internacionais/2002/22002A0430(06).md
22002A0430(06)	Artigo 15.º	Relação com os acordos OMC	236	238	45	ue/acordos-internacionais/2002/22002A0430(06).md
22002A0430(06)	Artigo 16.º	Âmbito de aplicação territorial	240	242	63	ue/acordos-internacionais/2002/22002A0430(06).md
22002A0430(06)	Artigo 17.º	Anexos	244	246	21	ue/acordos-internacionais/2002/22002A0430(06).md
22002A0430(06)	Artigo 18.º	Entrada em vigor e duração	248	4340	40334	ue/acordos-internacionais/2002/22002A0430(06).md
22002A0515(01)	Artigo 1.º		38	54	314	ue/acordos-internacionais/2002/22002A0515(01).md
22002A0515(01)	Artigo 2.º		56	84	1039	ue/acordos-internacionais/2002/22002A0515(01).md
22002A0515(01)	Artigo 3.º		86	114	2036	ue/acordos-internacionais/2002/22002A0515(01).md
22002A0515(01)	Artigo 4.º		116	128	590	ue/acordos-internacionais/2002/22002A0515(01).md
22002A0515(01)	Artigo 5.º		130	136	771	ue/acordos-internacionais/2002/22002A0515(01).md
22002A0515(01)	Artigo 6.º		138	154	524	ue/acordos-internacionais/2002/22002A0515(01).md
22002A0515(01)	Artigo 7.º		156	164	590	ue/acordos-internacionais/2002/22002A0515(01).md
22002A0515(01)	Artigo 8.º		166	182	806	ue/acordos-internacionais/2002/22002A0515(01).md
22002A0515(01)	Artigo 9.º		184	188	243	ue/acordos-internacionais/2002/22002A0515(01).md
22002A0515(01)	Artigo 10.º		190	210	1202	ue/acordos-internacionais/2002/22002A0515(01).md
22002A0515(01)	Artigo 11.º		212	224	578	ue/acordos-internacionais/2002/22002A0515(01).md
22002A0515(01)	Artigo 12.º		226	256	836	ue/acordos-internacionais/2002/22002A0515(01).md
22002A0515(01)	Artigo 13.º		258	294	1642	ue/acordos-internacionais/2002/22002A0515(01).md
22002A0515(01)	Artigo 14.º		296	300	114	ue/acordos-internacionais/2002/22002A0515(01).md
22002A0515(01)	Artigo 15.º		302	308	379	ue/acordos-internacionais/2002/22002A0515(01).md
22002A0515(01)	Artigo 16.º		310	312	141	ue/acordos-internacionais/2002/22002A0515(01).md
22002A0515(01)	Artigo 17.º		314	316	142	ue/acordos-internacionais/2002/22002A0515(01).md
22002A0515(01)	Artigo 18.º		318	320	156	ue/acordos-internacionais/2002/22002A0515(01).md
22002A0515(01)	Artigo 19.º		322	324	36	ue/acordos-internacionais/2002/22002A0515(01).md
22002A0515(01)	Artigo 20.º		326	336	388	ue/acordos-internacionais/2002/22002A0515(01).md
22002A0515(01)	Artigo 21.º		338	352	696	ue/acordos-internacionais/2002/22002A0515(01).md
22002A0515(01)	Artigo 22.º		354	358	110	ue/acordos-internacionais/2002/22002A0515(01).md
22002A0515(01)	Artigo 23.º		360	362	24	ue/acordos-internacionais/2002/22002A0515(01).md
22002A0515(01)	Artigo 24.º		364	370	392	ue/acordos-internacionais/2002/22002A0515(01).md
22002A0515(01)	Artigo 25.º		372	380	333	ue/acordos-internacionais/2002/22002A0515(01).md
22002A0515(01)	Artigo 26.º		382	384	19	ue/acordos-internacionais/2002/22002A0515(01).md
22002A0515(01)	Artigo 27.º		386	392	132	ue/acordos-internacionais/2002/22002A0515(01).md
22002A0515(01)	Artigo 28.º		394	584	789	ue/acordos-internacionais/2002/22002A0515(01).md
22002A0515(01)	ANEXO II		586	592	73	ue/acordos-internacionais/2002/22002A0515(01).md
22002A0515(01)	ANEXO III	Declaração da Comunidade Europeia nos termos do n.º 3 do artigo 24.º do Protocolo de Quioto	594	610	466	ue/acordos-internacionais/2002/22002A0515(01).md
22002A0515(02)	Artigo 1.º		109	125	216	ue/acordos-internacionais/2002/22002A0515(02).md
22002A0515(02)	Artigo 2.º		127	129	87	ue/acordos-internacionais/2002/22002A0515(02).md
22002A0515(02)	Artigo 3.º		133	145	169	ue/acordos-internacionais/2002/22002A0515(02).md
22002A0515(02)	Artigo 4.º		147	149	65	ue/acordos-internacionais/2002/22002A0515(02).md
22002A0515(02)	Artigo 5.º		151	163	210	ue/acordos-internacionais/2002/22002A0515(02).md
22002A0515(02)	Artigo 6.º		169	171	90	ue/acordos-internacionais/2002/22002A0515(02).md
22002A0515(02)	Artigo 7.º		175	177	52	ue/acordos-internacionais/2002/22002A0515(02).md
22002A0515(02)	Artigo 8.º		179	181	43	ue/acordos-internacionais/2002/22002A0515(02).md
22002A0515(02)	Artigo 9.º		183	185	72	ue/acordos-internacionais/2002/22002A0515(02).md
22002A0515(02)	Artigo 10.º		187	213	643	ue/acordos-internacionais/2002/22002A0515(02).md
22002A0515(02)	Artigo 11.º		215	273	1218	ue/acordos-internacionais/2002/22002A0515(02).md
22002A0515(02)	Artigo 11.º-A		275	291	668	ue/acordos-internacionais/2002/22002A0515(02).md
22002A0515(02)	Artigo 12.º		293	295	41	ue/acordos-internacionais/2002/22002A0515(02).md
22002A0515(02)	Artigo 13.º		297	311	626	ue/acordos-internacionais/2002/22002A0515(02).md
22002A0515(02)	Artigo 14.º		315	319	48	ue/acordos-internacionais/2002/22002A0515(02).md
22002A0515(02)	Artigo 14.º-A		321	325	50	ue/acordos-internacionais/2002/22002A0515(02).md
22002A0515(02)	Artigo 15.º		327	329	39	ue/acordos-internacionais/2002/22002A0515(02).md
22002A0515(02)	Artigo 16.º		331	335	66	ue/acordos-internacionais/2002/22002A0515(02).md
22002A0515(02)	Artigo 17.º		337	345	166	ue/acordos-internacionais/2002/22002A0515(02).md
22002A0515(02)	Artigo 18.º		349	355	145	ue/acordos-internacionais/2002/22002A0515(02).md
22002A0515(02)	Artigo 19.º		357	365	230	ue/acordos-internacionais/2002/22002A0515(02).md
22002A0515(02)	Artigo 20.º		367	371	105	ue/acordos-internacionais/2002/22002A0515(02).md
22002A0515(02)	Artigo 21.º		373	377	122	ue/acordos-internacionais/2002/22002A0515(02).md
22002A0515(02)	Artigo 22.º		379	383	192	ue/acordos-internacionais/2002/22002A0515(02).md
22002A0515(02)	Artigo 23.º		385	387	98	ue/acordos-internacionais/2002/22002A0515(02).md
22002A0515(02)	Artigo 24.º		389	397	107	ue/acordos-internacionais/2002/22002A0515(02).md
22002A0515(02)	Artigo 25.º		399	407	190	ue/acordos-internacionais/2002/22002A0515(02).md
22002A0515(02)	Artigo 26.º		409	431	763	ue/acordos-internacionais/2002/22002A0515(02).md
22002A0515(02)	Artigo 27.º		433	435	161	ue/acordos-internacionais/2002/22002A0515(02).md
22002A0515(02)	Artigo 28.º		437	439	46	ue/acordos-internacionais/2002/22002A0515(02).md
22002A0515(02)	Artigo 29.º		441	443	33	ue/acordos-internacionais/2002/22002A0515(02).md
22002A0515(02)	Artigo 30.º		449	467	507	ue/acordos-internacionais/2002/22002A0515(02).md
22002A0515(02)	Artigo 31.º		469	485	532	ue/acordos-internacionais/2002/22002A0515(02).md
22002A0515(02)	Artigo 32.º		487	507	625	ue/acordos-internacionais/2002/22002A0515(02).md
22002A0515(02)	Artigo 33.º		509	513	110	ue/acordos-internacionais/2002/22002A0515(02).md
22002A0515(02)	Artigo 34.º		515	537	865	ue/acordos-internacionais/2002/22002A0515(02).md
22002A0515(02)	Artigo 35.º		539	541	77	ue/acordos-internacionais/2002/22002A0515(02).md
22002A0515(02)	Artigo 36.º		543	545	176	ue/acordos-internacionais/2002/22002A0515(02).md
22002A0515(02)	Artigo 37.º		549	553	98	ue/acordos-internacionais/2002/22002A0515(02).md
22002A0515(02)	Artigo 38.º		555	557	105	ue/acordos-internacionais/2002/22002A0515(02).md
22002A0515(02)	Artigo 39.º		559	573	523	ue/acordos-internacionais/2002/22002A0515(02).md
22002A0515(02)	Artigo 40.º		577	583	154	ue/acordos-internacionais/2002/22002A0515(02).md
22002A0515(02)	Artigo 41.º		585	589	82	ue/acordos-internacionais/2002/22002A0515(02).md
22002A0515(02)	Artigo 42.º		591	593	123	ue/acordos-internacionais/2002/22002A0515(02).md
22002A0515(02)	Artigo 43.º		595	597	43	ue/acordos-internacionais/2002/22002A0515(02).md
22002A0515(02)	Artigo 44.º		599	601	103	ue/acordos-internacionais/2002/22002A0515(02).md
22002A0515(02)	Artigo 45.º		603	605	74	ue/acordos-internacionais/2002/22002A0515(02).md
22002A0515(02)	Artigo 46.º		607	611	214	ue/acordos-internacionais/2002/22002A0515(02).md
22002A0515(02)	Artigo 47.º		613	615	72	ue/acordos-internacionais/2002/22002A0515(02).md
22002A0515(02)	Artigo 48.º		621	623	60	ue/acordos-internacionais/2002/22002A0515(02).md
22002A0515(02)	Artigo 49.º		625	631	176	ue/acordos-internacionais/2002/22002A0515(02).md
22002A0515(02)	Artigo 50.º		633	637	168	ue/acordos-internacionais/2002/22002A0515(02).md
22002A0515(02)	Artigo 51.º		639	641	150	ue/acordos-internacionais/2002/22002A0515(02).md
22002A0515(02)	Artigo 52.º		643	645	168	ue/acordos-internacionais/2002/22002A0515(02).md
22002A0515(02)	Artigo 53.º		649	689	1022	ue/acordos-internacionais/2002/22002A0515(02).md
22002A0515(02)	Artigo 54.º		691	693	146	ue/acordos-internacionais/2002/22002A0515(02).md
22002A0515(02)	Artigo 55.º		695	697	130	ue/acordos-internacionais/2002/22002A0515(02).md
22002A0515(02)	Artigo 56.º		699	703	166	ue/acordos-internacionais/2002/22002A0515(02).md
22002A0515(02)	Artigo 57.º		705	707	66	ue/acordos-internacionais/2002/22002A0515(02).md
22002A0515(02)	Artigo 58.º		709	711	50	ue/acordos-internacionais/2002/22002A0515(02).md
22002A0515(02)	Artigo 59.º	Objectivos	715	719	79	ue/acordos-internacionais/2002/22002A0515(02).md
22002A0515(02)	Artigo 60.º	Âmbito de aplicação	721	731	228	ue/acordos-internacionais/2002/22002A0515(02).md
22002A0515(02)	Artigo 61.º	Meios e modalidades	733	747	142	ue/acordos-internacionais/2002/22002A0515(02).md
22002A0515(02)	Artigo 62.º	Cooperação regional	749	765	115	ue/acordos-internacionais/2002/22002A0515(02).md
22002A0515(02)	Artigo 63.º	Educação e formação	767	771	216	ue/acordos-internacionais/2002/22002A0515(02).md
22002A0515(02)	Artigo 64.º	Cooperação científica, técnica e tecnológica	773	787	202	ue/acordos-internacionais/2002/22002A0515(02).md
22002A0515(02)	Artigo 65.º	Ambiente	789	813	264	ue/acordos-internacionais/2002/22002A0515(02).md
22002A0515(02)	Artigo 66.º	Cooperação industrial	815	837	236	ue/acordos-internacionais/2002/22002A0515(02).md
22002A0515(02)	Artigo 67.º	Promoção e protecção dos investimentos	839	849	219	ue/acordos-internacionais/2002/22002A0515(02).md
22002A0515(02)	Artigo 68.º	Normalização e avaliação de conformidade	851	859	141	ue/acordos-internacionais/2002/22002A0515(02).md
22002A0515(02)	Artigo 69.º	Aproximação das legislações	861	863	49	ue/acordos-internacionais/2002/22002A0515(02).md
22002A0515(02)	Artigo 70.º	Serviços financeiros	865	871	93	ue/acordos-internacionais/2002/22002A0515(02).md
22002A0515(02)	Artigo 71.º	Agricultura	873	889	194	ue/acordos-internacionais/2002/22002A0515(02).md
22002A0515(02)	Artigo 72.º	Transportes	891	903	181	ue/acordos-internacionais/2002/22002A0515(02).md
22002A0515(02)	Artigo 73.º	Telecomunicações e tecnologias da informação	905	915	200	ue/acordos-internacionais/2002/22002A0515(02).md
22002A0515(02)	Artigo 74.º	Energia	917	929	149	ue/acordos-internacionais/2002/22002A0515(02).md
22002A0515(02)	Artigo 75.º	Turismo	931	949	229	ue/acordos-internacionais/2002/22002A0515(02).md
22002A0515(02)	Artigo 76.º	Cooperação em matéria aduaneira	951	959	188	ue/acordos-internacionais/2002/22002A0515(02).md
22002A0515(02)	Artigo 77.º	Cooperação em matéria de estatísticas	961	963	103	ue/acordos-internacionais/2002/22002A0515(02).md
22002A0515(02)	Artigo 78.º	Branqueamento de capitais	965	969	147	ue/acordos-internacionais/2002/22002A0515(02).md
22002A0515(02)	Artigo 79.º	Luta contra a droga	971	989	399	ue/acordos-internacionais/2002/22002A0515(02).md
22002A0515(02)	Artigo 80.º		995	1009	244	ue/acordos-internacionais/2002/22002A0515(02).md
22002A0515(02)	Artigo 81.º		1011	1013	40	ue/acordos-internacionais/2002/22002A0515(02).md
22002A0515(02)	Artigo 82.º		1017	1039	353	ue/acordos-internacionais/2002/22002A0515(02).md
22002A0515(02)	Artigo 83.º		1041	1043	38	ue/acordos-internacionais/2002/22002A0515(02).md
22002A0515(02)	Artigo 84.º		1045	1047	70	ue/acordos-internacionais/2002/22002A0515(02).md
22002A0515(02)	Artigo 85.º		1051	1059	232	ue/acordos-internacionais/2002/22002A0515(02).md
22002A0515(02)	Artigo 86.º		1063	1079	239	ue/acordos-internacionais/2002/22002A0515(02).md
22002A0515(02)	Artigo 87.º		1081	1083	144	ue/acordos-internacionais/2002/22002A0515(02).md
22002A0515(02)	Artigo 88.º		1085	1087	106	ue/acordos-internacionais/2002/22002A0515(02).md
22002A0515(02)	Artigo 89.º		1091	1095	100	ue/acordos-internacionais/2002/22002A0515(02).md
22002A0515(02)	Artigo 90.º		1097	1105	152	ue/acordos-internacionais/2002/22002A0515(02).md
22002A0515(02)	Artigo 91.º		1107	1113	117	ue/acordos-internacionais/2002/22002A0515(02).md
22002A0515(02)	Artigo 92.º		1115	1119	62	ue/acordos-internacionais/2002/22002A0515(02).md
22002A0515(02)	Artigo 93.º		1121	1131	128	ue/acordos-internacionais/2002/22002A0515(02).md
22002A0515(02)	Artigo 94.º		1133	1137	87	ue/acordos-internacionais/2002/22002A0515(02).md
22002A0515(02)	Artigo 95.º		1139	1141	37	ue/acordos-internacionais/2002/22002A0515(02).md
22002A0515(02)	Artigo 96.º		1143	1145	43	ue/acordos-internacionais/2002/22002A0515(02).md
22002A0515(02)	Artigo 97.º		1147	1161	217	ue/acordos-internacionais/2002/22002A0515(02).md
22002A0515(02)	Artigo 98.º		1163	1171	225	ue/acordos-internacionais/2002/22002A0515(02).md
22002A0515(02)	Artigo 99.º		1173	1179	108	ue/acordos-internacionais/2002/22002A0515(02).md
22002A0515(02)	Artigo 100.º		1181	1189	140	ue/acordos-internacionais/2002/22002A0515(02).md
22002A0515(02)	Artigo 101.º		1191	1197	218	ue/acordos-internacionais/2002/22002A0515(02).md
22002A0515(02)	Artigo 102.º		1199	1201	55	ue/acordos-internacionais/2002/22002A0515(02).md
22002A0515(02)	Artigo 103.º		1203	1205	60	ue/acordos-internacionais/2002/22002A0515(02).md
22002A0515(02)	Artigo 104.º		1207	1211	58	ue/acordos-internacionais/2002/22002A0515(02).md
22002A0515(02)	Artigo 105.º		1213	1215	67	ue/acordos-internacionais/2002/22002A0515(02).md
22002A0515(02)	Artigo 106.º		1217	1219	77	ue/acordos-internacionais/2002/22002A0515(02).md
22002A0515(02)	Artigo 107.º		1221	7936	28149	ue/acordos-internacionais/2002/22002A0515(02).md
22002A0515(02)	Artigo 1.º	Regras de origem aplicáveis	7938	7942	128	ue/acordos-internacionais/2002/22002A0515(02).md
22002A0515(02)	Artigo 2.º	Regras de origem alternativas aplicáveis	7944	7948	141	ue/acordos-internacionais/2002/22002A0515(02).md
22002A0515(02)	Artigo 3.º	Resolução de litígios	7950	7954	141	ue/acordos-internacionais/2002/22002A0515(02).md
22002A0515(02)	Artigo 4.º	Alterações ao Protocolo	7956	7958	32	ue/acordos-internacionais/2002/22002A0515(02).md
22002A0515(02)	Artigo 5.º	Denúncia da Convenção	7960	8045	1396	ue/acordos-internacionais/2002/22002A0515(02).md
22002A0515(02)	Artigo 1.º	Definições	8047	8091	1101	ue/acordos-internacionais/2002/22002A0515(02).md
22002A0515(02)	Artigo 2.º	Requisitos gerais	8093	8099	133	ue/acordos-internacionais/2002/22002A0515(02).md
22002A0515(02)	Artigo 3.º	Produtos inteiramente obtidos	8101	8149	658	ue/acordos-internacionais/2002/22002A0515(02).md
22002A0515(02)	Artigo 4.º	Operações de complemento de fabrico ou de transformação suficientes	8151	8165	639	ue/acordos-internacionais/2002/22002A0515(02).md
22002A0515(02)	Artigo 5.º	Regra relativa à tolerância	8167	8179	347	ue/acordos-internacionais/2002/22002A0515(02).md
22002A0515(02)	Artigo 6.º	Operações de complemento de fabrico ou de transformação insuficientes	8181	8221	566	ue/acordos-internacionais/2002/22002A0515(02).md
22002A0515(02)	Artigo 7.º	Acumulação da origem	8223	8239	792	ue/acordos-internacionais/2002/22002A0515(02).md
22002A0515(02)	Artigo 8.º	Condições para a aplicação da acumulação da origem	8241	8261	495	ue/acordos-internacionais/2002/22002A0515(02).md
22002A0515(02)	Artigo 9.º	Unidade de qualificação	8263	8273	313	ue/acordos-internacionais/2002/22002A0515(02).md
22002A0515(02)	Artigo 10.º	Sortidos	8275	8279	105	ue/acordos-internacionais/2002/22002A0515(02).md
22002A0515(02)	Artigo 11.º	Elementos neutros	8281	8291	93	ue/acordos-internacionais/2002/22002A0515(02).md
22002A0515(02)	Artigo 12.º	Separação de contas	8293	8309	461	ue/acordos-internacionais/2002/22002A0515(02).md
22002A0515(02)	Artigo 13.º	Princípio da territorialidade	8311	8337	758	ue/acordos-internacionais/2002/22002A0515(02).md
22002A0515(02)	Artigo 14.º	Não alteração	8339	8355	490	ue/acordos-internacionais/2002/22002A0515(02).md
22002A0515(02)	Artigo 15.º	Exposições	8357	8375	407	ue/acordos-internacionais/2002/22002A0515(02).md
22002A0515(02)	Artigo 16.º	Draubaque ou isenção de direitos aduaneiros	8377	8391	458	ue/acordos-internacionais/2002/22002A0515(02).md
22002A0515(02)	Artigo 17.º	Requisitos gerais	8393	8409	582	ue/acordos-internacionais/2002/22002A0515(02).md
22002A0515(02)	Artigo 18.º	Condições para efetuar uma declaração de origem	8411	8429	587	ue/acordos-internacionais/2002/22002A0515(02).md
22002A0515(02)	Artigo 19.º	Exportador autorizado	8431	8439	246	ue/acordos-internacionais/2002/22002A0515(02).md
22002A0515(02)	Artigo 20.º	Procedimento para a emissão do certificado de circulação de mercadorias EUR.1	8441	8457	726	ue/acordos-internacionais/2002/22002A0515(02).md
22002A0515(02)	Artigo 21.º	Emissão a posteriori de certificados de circulação de mercadorias EUR.1	8459	8479	579	ue/acordos-internacionais/2002/22002A0515(02).md
22002A0515(02)	Artigo 22.º	Emissão de uma segunda via do certificado de circulação de mercadorias EUR.1	8481	8489	194	ue/acordos-internacionais/2002/22002A0515(02).md
22002A0515(02)	Artigo 23.º	Prazo de validade da prova de origem	8491	8497	184	ue/acordos-internacionais/2002/22002A0515(02).md
22002A0515(02)	Artigo 24.º	Zonas francas	8499	8503	190	ue/acordos-internacionais/2002/22002A0515(02).md
22002A0515(02)	Artigo 25.º	Requisitos de importação	8505	8507	46	ue/acordos-internacionais/2002/22002A0515(02).md
22002A0515(02)	Artigo 26.º	Importação em remessas escalonadas	8509	8511	128	ue/acordos-internacionais/2002/22002A0515(02).md
22002A0515(02)	Artigo 27.º	Isenções da prova de origem	8513	8525	260	ue/acordos-internacionais/2002/22002A0515(02).md
22002A0515(02)	Artigo 28.º	Discrepâncias e erros formais	8527	8531	171	ue/acordos-internacionais/2002/22002A0515(02).md
22002A0515(02)	Artigo 29.º	Declarações do fornecedor	8533	8545	864	ue/acordos-internacionais/2002/22002A0515(02).md
22002A0515(02)	Artigo 30.º	Montantes expressos em euros	8547	8561	481	ue/acordos-internacionais/2002/22002A0515(02).md
22002A0515(02)	Artigo 31.º	Provas documentais, conservação das provas de origem e documentos comprovativos	8563	8587	864	ue/acordos-internacionais/2002/22002A0515(02).md
22002A0515(02)	Artigo 32.º	Resolução de litígios	8589	8597	150	ue/acordos-internacionais/2002/22002A0515(02).md
22002A0515(02)	Artigo 33.º	Notificação e cooperação	8599	8603	205	ue/acordos-internacionais/2002/22002A0515(02).md
22002A0515(02)	Artigo 34.º	Controlo das provas de origem	8605	8617	562	ue/acordos-internacionais/2002/22002A0515(02).md
22002A0515(02)	Artigo 35.º	Controlo das declarações do fornecedor	8619	8629	542	ue/acordos-internacionais/2002/22002A0515(02).md
22002A0515(02)	Artigo 36.º	Sanções	8631	8637	58	ue/acordos-internacionais/2002/22002A0515(02).md
22002A0515(02)	Artigo 37.º	Espaço Económico Europeu	8639	8641	130	ue/acordos-internacionais/2002/22002A0515(02).md
22002A0515(02)	Artigo 38.º	Listenstaine	8643	8645	51	ue/acordos-internacionais/2002/22002A0515(02).md
22002A0515(02)	Artigo 39.º	República de São Marinho	8647	8649	64	ue/acordos-internacionais/2002/22002A0515(02).md
22002A0515(02)	Artigo 40.º	Principado de Andorra	8651	8653	74	ue/acordos-internacionais/2002/22002A0515(02).md
22002A0515(02)	Artigo 41.º	Ceuta e Melilha	8655	9750	47572	ue/acordos-internacionais/2002/22002A0515(02).md
22002A0515(02)	Artigo único		9752	9871	2978	ue/acordos-internacionais/2002/22002A0515(02).md
22002A0515(02)	Artigo 1.º	Definições	9873	9883	219	ue/acordos-internacionais/2002/22002A0515(02).md
22002A0515(02)	Artigo 2.º	Âmbito	9885	9889	180	ue/acordos-internacionais/2002/22002A0515(02).md
22002A0515(02)	Artigo 3.º	Assistência mediante pedido	9891	9905	366	ue/acordos-internacionais/2002/22002A0515(02).md
22002A0515(02)	Artigo 4.º	Assistência espontânea	9907	9919	240	ue/acordos-internacionais/2002/22002A0515(02).md
22002A0515(02)	Artigo 5.º	Entrega/Notificação	9921	9929	106	ue/acordos-internacionais/2002/22002A0515(02).md
22002A0515(02)	Artigo 6.º	Forma e conteúdo dos pedidos de assistência	9931	9951	304	ue/acordos-internacionais/2002/22002A0515(02).md
22002A0515(02)	Artigo 7.º	Execução dos pedidos	9953	9961	323	ue/acordos-internacionais/2002/22002A0515(02).md
22002A0515(02)	Artigo 8.º	Forma de comunicação das informações	9963	9967	102	ue/acordos-internacionais/2002/22002A0515(02).md
22002A0515(02)	Artigo 9.º	Derrogações da obrigação de prestar assistência	9969	9983	260	ue/acordos-internacionais/2002/22002A0515(02).md
22002A0515(02)	Artigo 10.º	Intercâmbio de informações e confidencialidade	9985	9995	384	ue/acordos-internacionais/2002/22002A0515(02).md
22002A0515(02)	Artigo 11.º	Peritos e testemunhas	9997	10001	179	ue/acordos-internacionais/2002/22002A0515(02).md
22002A0515(02)	Artigo 12.º	Despesas de assistência	10003	10005	73	ue/acordos-internacionais/2002/22002A0515(02).md
22002A0515(02)	Artigo 13.º	Aplicação	10007	10011	208	ue/acordos-internacionais/2002/22002A0515(02).md
22002A0515(02)	Artigo 14.º	Complementaridade	10013	10047	622	ue/acordos-internacionais/2002/22002A0515(02).md
22002A0515(02)	Artigo 1.º		10049	10051	56	ue/acordos-internacionais/2002/22002A0515(02).md
22002A0515(02)	Artigo 2.º		10053	10055	37	ue/acordos-internacionais/2002/22002A0515(02).md
22002A0515(02)	Artigo 3.º		10057	10059	70	ue/acordos-internacionais/2002/22002A0515(02).md
22002A0515(02)	Artigo 4.º		10061	10063	60	ue/acordos-internacionais/2002/22002A0515(02).md
22002A0515(02)	Artigo 5.º		10065	10069	277	ue/acordos-internacionais/2002/22002A0515(02).md
22002A0515(02)	Artigo 6.º		10071	10075	224	ue/acordos-internacionais/2002/22002A0515(02).md
22002A0515(02)	Artigo 7.º		10077	10085	156	ue/acordos-internacionais/2002/22002A0515(02).md
22002A0515(02)	Artigo 8.º		10087	10089	65	ue/acordos-internacionais/2002/22002A0515(02).md
22002A0515(02)	Artigo 9.º		10091	10093	58	ue/acordos-internacionais/2002/22002A0515(02).md
22002A0515(02)	Artigo 10.º		10095	10099	90	ue/acordos-internacionais/2002/22002A0515(02).md
22002A0515(02)	Artigo 11.º		10101	10103	18	ue/acordos-internacionais/2002/22002A0515(02).md
22002A0515(02)	Artigo 12.º		10105	10327	1171	ue/acordos-internacionais/2002/22002A0515(02).md
22002A0515(02)	Artigo 1.º		10329	10331	69	ue/acordos-internacionais/2002/22002A0515(02).md
22002A0515(02)	Artigo 2.º		10333	10335	32	ue/acordos-internacionais/2002/22002A0515(02).md
22002A0515(02)	Artigo 3.º		10337	10825	4495	ue/acordos-internacionais/2002/22002A0515(02).md
22002A0620(01)	Artigo 1.º		42	48	308	ue/acordos-internacionais/2002/22002A0620(01).md
22002A0620(01)	Artigo 2.º		50	60	154	ue/acordos-internacionais/2002/22002A0620(01).md
22002A0620(01)	Artigo 3.º		62	64	52	ue/acordos-internacionais/2002/22002A0620(01).md
22002A0620(01)	Artigo 4.º		66	78	406	ue/acordos-internacionais/2002/22002A0620(01).md
22002A0711(01)	Artigo 1.º		42	44	203	ue/acordos-internacionais/2002/22002A0711(01).md
22002A0711(01)	Artigo 2.º		46	48	197	ue/acordos-internacionais/2002/22002A0711(01).md
22002A0711(01)	Artigo 3.º		50	54	97	ue/acordos-internacionais/2002/22002A0711(01).md
22002A0711(01)	Artigo 4.º		56	66	153	ue/acordos-internacionais/2002/22002A0711(01).md
22002A0711(01)	Artigo 5.º		68	70	93	ue/acordos-internacionais/2002/22002A0711(01).md
22002A0711(01)	Artigo 6.º		72	74	54	ue/acordos-internacionais/2002/22002A0711(01).md
22002A0711(01)	Artigo 7.º		76	100	595	ue/acordos-internacionais/2002/22002A0711(01).md
22002A0731(01)	Artigo 1.º	Objectivo	52	54	150	ue/acordos-internacionais/2002/22002A0731(01).md
22002A0731(01)	Artigo 2.º	Disposições gerais	56	66	438	ue/acordos-internacionais/2002/22002A0731(01).md
22002A0731(01)	Artigo 3.º	Termos utilizados	68	98	597	ue/acordos-internacionais/2002/22002A0731(01).md
22002A0731(01)	Artigo 4.º	Âmbito	100	102	83	ue/acordos-internacionais/2002/22002A0731(01).md
22002A0731(01)	Artigo 5.º	Produtos farmacêuticos	104	106	119	ue/acordos-internacionais/2002/22002A0731(01).md
22002A0731(01)	Artigo 6.º	Trânsito e utilização confinada	108	112	293	ue/acordos-internacionais/2002/22002A0731(01).md
22002A0731(01)	Artigo 7.º	Aplicação do procedimento por consentimento prévio fundamentado	114	122	307	ue/acordos-internacionais/2002/22002A0731(01).md
22002A0731(01)	Artigo 8.º	Notificação	124	128	133	ue/acordos-internacionais/2002/22002A0731(01).md
22002A0731(01)	Artigo 9.º	Aviso de recepção da notificação	130	144	192	ue/acordos-internacionais/2002/22002A0731(01).md
22002A0731(01)	Artigo 10.º	Procedimento de decisão	146	172	629	ue/acordos-internacionais/2002/22002A0731(01).md
22002A0731(01)	Artigo 11.º	Procedimento relativo a organismos vivos modificados destinados ao uso directo na alimentação humana ou animal ou na transformação	174	196	954	ue/acordos-internacionais/2002/22002A0731(01).md
22002A0731(01)	Artigo 12.º	Revisão de decisões	198	210	339	ue/acordos-internacionais/2002/22002A0731(01).md
22002A0731(01)	Artigo 13.º	Procedimento simplificado	212	222	229	ue/acordos-internacionais/2002/22002A0731(01).md
22002A0731(01)	Artigo 14.º	Acordos e convénios bilaterais, regionais e multilaterais	224	232	267	ue/acordos-internacionais/2002/22002A0731(01).md
22002A0731(01)	Artigo 15.º	Avaliação de riscos	234	240	236	ue/acordos-internacionais/2002/22002A0731(01).md
22002A0731(01)	Artigo 16.º	Gestão de riscos	242	256	436	ue/acordos-internacionais/2002/22002A0731(01).md
22002A0731(01)	Artigo 17.º	Movimentos transfronteiriços não deliberados e medidas de emergência	258	276	596	ue/acordos-internacionais/2002/22002A0731(01).md
22002A0731(01)	Artigo 18.º	Manipulação, transporte, embalagem e identificação	278	290	663	ue/acordos-internacionais/2002/22002A0731(01).md
22002A0731(01)	Artigo 19.º	Autoridades nacionais competentes e pontos focais nacionais	292	298	412	ue/acordos-internacionais/2002/22002A0731(01).md
22002A0731(01)	Artigo 20.º	Partilha de informações e centro de intercâmbio de informações para a segurança Biológica	300	322	715	ue/acordos-internacionais/2002/22002A0731(01).md
22002A0731(01)	Artigo 21.º	Informações confidenciais	324	344	566	ue/acordos-internacionais/2002/22002A0731(01).md
22002A0731(01)	Artigo 22.º	Capacitação	346	350	429	ue/acordos-internacionais/2002/22002A0731(01).md
22002A0731(01)	Artigo 23.º	Sensibilização e participação do público	352	362	301	ue/acordos-internacionais/2002/22002A0731(01).md
22002A0731(01)	Artigo 24.º	Não-partes	364	368	162	ue/acordos-internacionais/2002/22002A0731(01).md
22002A0731(01)	Artigo 25.º	Movimentos transfronteiriços ilegais	370	376	196	ue/acordos-internacionais/2002/22002A0731(01).md
22002A0731(01)	Artigo 26.º	Considerações sócio-económicas	378	382	188	ue/acordos-internacionais/2002/22002A0731(01).md
22002A0731(01)	Artigo 27.º	Responsabilidade civil e indemnização	384	386	147	ue/acordos-internacionais/2002/22002A0731(01).md
22002A0731(01)	Artigo 28.º	Mecanismo e recursos financeiros	388	400	466	ue/acordos-internacionais/2002/22002A0731(01).md
22002A0731(01)	Artigo 29.º	Conferência das partes na sua qualidade de reunião das partes no presente protocolo	402	430	1149	ue/acordos-internacionais/2002/22002A0731(01).md
22002A0731(01)	Artigo 30.º	Órgãos subsidiários	432	438	261	ue/acordos-internacionais/2002/22002A0731(01).md
22002A0731(01)	Artigo 31.º	Secretariado	440	446	145	ue/acordos-internacionais/2002/22002A0731(01).md
22002A0731(01)	Artigo 32.º	Relação com a convenção	448	450	49	ue/acordos-internacionais/2002/22002A0731(01).md
22002A0731(01)	Artigo 33.º	Acompanhamento e relatórios	452	454	108	ue/acordos-internacionais/2002/22002A0731(01).md
22002A0731(01)	Artigo 34.º	Cumprimento	456	458	150	ue/acordos-internacionais/2002/22002A0731(01).md
22002A0731(01)	Artigo 35.º	Avaliação e revisão	460	462	89	ue/acordos-internacionais/2002/22002A0731(01).md
22002A0731(01)	Artigo 36.º	Assinatura	464	466	77	ue/acordos-internacionais/2002/22002A0731(01).md
22002A0731(01)	Artigo 37.º	Entrada em vigor	468	474	276	ue/acordos-internacionais/2002/22002A0731(01).md
22002A0731(01)	Artigo 38.º	Reservas	476	478	20	ue/acordos-internacionais/2002/22002A0731(01).md
22002A0731(01)	Artigo 39.º	Denúncia	480	484	99	ue/acordos-internacionais/2002/22002A0731(01).md
22002A0731(01)	Artigo 40.º	Textos autênticos	486	632	2722	ue/acordos-internacionais/2002/22002A0731(01).md
22002A0731(02)	Artigo 1.º	Objectivo	42	50	229	ue/acordos-internacionais/2002/22002A0731(02).md
22002A0731(02)	Artigo 2.º	Definições	52	62	231	ue/acordos-internacionais/2002/22002A0731(02).md
22002A0731(02)	Artigo 3.º	Alinhamento da legislação	64	66	115	ue/acordos-internacionais/2002/22002A0731(02).md
22002A0731(02)	Artigo 4.º	Aceitação mútua de produtos industriais	68	70	100	ue/acordos-internacionais/2002/22002A0731(02).md
22002A0731(02)	Artigo 5.º	Reconhecimento mútuo dos resultados dos procedimentos de avaliação da conformidade	72	74	106	ue/acordos-internacionais/2002/22002A0731(02).md
22002A0731(02)	Artigo 6.º	Cláusula de salvaguarda	76	78	159	ue/acordos-internacionais/2002/22002A0731(02).md
22002A0731(02)	Artigo 7.º	Extensão do âmbito de aplicação	80	82	69	ue/acordos-internacionais/2002/22002A0731(02).md
22002A0731(02)	Artigo 8.º		84	86	33	ue/acordos-internacionais/2002/22002A0731(02).md
22002A0731(02)	Artigo 9.º	Obrigações das partes no que respeita às autoridades e organismos respectivos	88	92	262	ue/acordos-internacionais/2002/22002A0731(02).md
22002A0731(02)	Artigo 10.º	Organismos notificados	94	104	295	ue/acordos-internacionais/2002/22002A0731(02).md
22002A0731(02)	Artigo 11.º	Verificação dos organismos notificados	106	112	350	ue/acordos-internacionais/2002/22002A0731(02).md
22002A0731(02)	Artigo 12.º	Intercâmbio de informações e cooperação	114	122	176	ue/acordos-internacionais/2002/22002A0731(02).md
22002A0731(02)	Artigo 13.º	Confidencialidade	124	126	94	ue/acordos-internacionais/2002/22002A0731(02).md
22002A0731(02)	Artigo 14.º	Administração do protocolo	128	144	273	ue/acordos-internacionais/2002/22002A0731(02).md
22002A0731(02)	Artigo 15.º	Cooperação e assistência técnica	146	148	64	ue/acordos-internacionais/2002/22002A0731(02).md
22002A0731(02)	Artigo 16.º	Acordos com outros países	150	152	98	ue/acordos-internacionais/2002/22002A0731(02).md
22002A0731(02)	Artigo 17.º	Entrada em vigor	154	156	69	ue/acordos-internacionais/2002/22002A0731(02).md
22002A0731(02)	Artigo 18.º	Estatuto do protocolo	158	186	523	ue/acordos-internacionais/2002/22002A0731(02).md
22002A0731(03)	Artigo 1.º	Objectivo	42	50	230	ue/acordos-internacionais/2002/22002A0731(03).md
22002A0731(03)	Artigo 2.º	Definições	52	62	232	ue/acordos-internacionais/2002/22002A0731(03).md
22002A0731(03)	Artigo 3.º	Alinhamento da legislação	64	66	115	ue/acordos-internacionais/2002/22002A0731(03).md
22002A0731(03)	Artigo 4.º	Aceitação mútua de produtos industriais	68	70	100	ue/acordos-internacionais/2002/22002A0731(03).md
22002A0731(03)	Artigo 5.º	Reconhecimento mútuo dos resultados dos procedimentos de avaliação da conformidade	72	74	106	ue/acordos-internacionais/2002/22002A0731(03).md
22002A0731(03)	Artigo 6.º	Cláusula de salvaguarda	76	78	159	ue/acordos-internacionais/2002/22002A0731(03).md
22002A0731(03)	Artigo 7.º	Extensão do âmbito de aplicação	80	82	70	ue/acordos-internacionais/2002/22002A0731(03).md
22002A0731(03)	Artigo 8.º		84	86	33	ue/acordos-internacionais/2002/22002A0731(03).md
22002A0731(03)	Artigo 9.º	Obrigações das partes no que respeita às autoridades e organismos respectivos	88	92	262	ue/acordos-internacionais/2002/22002A0731(03).md
22002A0731(03)	Artigo 10.º	Organismos notificados	94	104	295	ue/acordos-internacionais/2002/22002A0731(03).md
22002A0731(03)	Artigo 11.º	Verificação dos organismos notificados	106	112	350	ue/acordos-internacionais/2002/22002A0731(03).md
22002A0731(03)	Artigo 12.º	Intercâmbio de informações e cooperação	114	122	176	ue/acordos-internacionais/2002/22002A0731(03).md
22002A0731(03)	Artigo 13.º	Confidencialidade	124	126	94	ue/acordos-internacionais/2002/22002A0731(03).md
22002A0731(03)	Artigo 14.º	Administração do protocolo	128	144	273	ue/acordos-internacionais/2002/22002A0731(03).md
22002A0731(03)	Artigo 15.º	Cooperação e assistência técnica	146	148	64	ue/acordos-internacionais/2002/22002A0731(03).md
22002A0731(03)	Artigo 16.º	Acordos com outros países	150	152	98	ue/acordos-internacionais/2002/22002A0731(03).md
22002A0731(03)	Artigo 17.º	Entrada em vigor	154	156	69	ue/acordos-internacionais/2002/22002A0731(03).md
22002A0731(03)	Artigo 18.º	Estatuto do protocolo	158	186	520	ue/acordos-internacionais/2002/22002A0731(03).md
22002A0809(01)	Artigo 1.º	Objectivo	44	46	55	ue/acordos-internacionais/2002/22002A0809(01).md
22002A0809(01)	Artigo 2.º	Definições	48	60	374	ue/acordos-internacionais/2002/22002A0809(01).md
22002A0809(01)	Artigo 3.º	Princípios	62	72	106	ue/acordos-internacionais/2002/22002A0809(01).md
22002A0809(01)	Artigo 4.º	Âmbito da cooperação	74	78	163	ue/acordos-internacionais/2002/22002A0809(01).md
22002A0809(01)	Artigo 5.º	Modalidades de cooperação	80	100	392	ue/acordos-internacionais/2002/22002A0809(01).md
22002A0809(01)	Artigo 6.º	Coordenação e promoção de actividades de cooperação	102	132	961	ue/acordos-internacionais/2002/22002A0809(01).md
22002A0809(01)	Artigo 7.º	Financiamento	134	142	229	ue/acordos-internacionais/2002/22002A0809(01).md
22002A0809(01)	Artigo 8.º	Entrada de pessoal e equipamento	144	146	102	ue/acordos-internacionais/2002/22002A0809(01).md
22002A0809(01)	Artigo 9.º	Divulgação e utilização de informações	148	150	101	ue/acordos-internacionais/2002/22002A0809(01).md
22002A0809(01)	Artigo 10.º	Aplicação territorial	152	154	102	ue/acordos-internacionais/2002/22002A0809(01).md
22002A0809(01)	Artigo 11.º	Entrada em vigor, cessação de vigência e resolução de diferendos	156	166	304	ue/acordos-internacionais/2002/22002A0809(01).md
22002A0809(01)	Artigo 12.º		168	270	3785	ue/acordos-internacionais/2002/22002A0809(01).md
22002A0925(01)	Artigo 1.º	Definições	42	74	700	ue/acordos-internacionais/2002/22002A0925(01).md
22002A0925(01)	Artigo 2.º	Âmbito de aplicação	76	86	178	ue/acordos-internacionais/2002/22002A0925(01).md
22002A0925(01)	Artigo 3.º	Responsabilidade do armador	88	106	461	ue/acordos-internacionais/2002/22002A0925(01).md
22002A0925(01)	Artigo 4.º	Exclusões	108	116	280	ue/acordos-internacionais/2002/22002A0925(01).md
22002A0925(01)	Artigo 5.º	Incidentes que envolvam dois ou mais navios	118	120	90	ue/acordos-internacionais/2002/22002A0925(01).md
22002A0925(01)	Artigo 6.º	Limitação da responsabilidade	122	124	102	ue/acordos-internacionais/2002/22002A0925(01).md
22002A0925(01)	Artigo 7.º	Seguro obrigatório ou garantia financeira	126	180	2245	ue/acordos-internacionais/2002/22002A0925(01).md
22002A0925(01)	Artigo 8.º		182	184	120	ue/acordos-internacionais/2002/22002A0925(01).md
22002A0925(01)	Artigo 9.º	Jurisdição	186	192	221	ue/acordos-internacionais/2002/22002A0925(01).md
22002A0925(01)	Artigo 10.º	Reconhecimento e execução	194	202	172	ue/acordos-internacionais/2002/22002A0925(01).md
22002A0925(01)	Artigo 11.º	Cláusula de primazia	204	206	116	ue/acordos-internacionais/2002/22002A0925(01).md
22002A0925(01)	Artigo 12.º	Assinatura, ratificação, aceitação, aprovação e adesão	208	222	281	ue/acordos-internacionais/2002/22002A0925(01).md
22002A0925(01)	Artigo 13.º	Estados com mais de um regime jurídico	224	238	420	ue/acordos-internacionais/2002/22002A0925(01).md
22002A0925(01)	Artigo 14.º	Entrada em vigor	240	244	175	ue/acordos-internacionais/2002/22002A0925(01).md
22002A0925(01)	Artigo 15.º	Denúncia	246	252	122	ue/acordos-internacionais/2002/22002A0925(01).md
22002A0925(01)	Artigo 16.º	Revisão ou alteração	254	258	77	ue/acordos-internacionais/2002/22002A0925(01).md
22002A0925(01)	Artigo 17.º	Depositário	260	276	184	ue/acordos-internacionais/2002/22002A0925(01).md
22002A0925(01)	Artigo 18.º	Transmissão às Nações Unidas	278	280	68	ue/acordos-internacionais/2002/22002A0925(01).md
22002A0925(01)	Artigo 19.º	Línguas	282	294	118	ue/acordos-internacionais/2002/22002A0925(01).md
22002A1107(01)	ANEXO I	Direitos de importação máximos a aplicar pelo Brasil	66	72	90	ue/acordos-internacionais/2002/22002A1107(01).md
22002A1107(01)	ANEXO II		74	168	570	ue/acordos-internacionais/2002/22002A1107(01).md
22002A1107(01)	ANEXO III	Acta Aprovada (citada no ponto 5 do Memorando de Entendimento)	170	218	2070	ue/acordos-internacionais/2002/22002A1107(01).md
22002A1126(01)	Preâmbulo		22	60	763	ue/acordos-internacionais/2002/22002A1126(01).md
22002A1126(01)	Artigo 1.º	Âmbito de aplicação	68	86	346	ue/acordos-internacionais/2002/22002A1126(01).md
22002A1126(01)	Artigo 2.º	Não discriminação	88	90	90	ue/acordos-internacionais/2002/22002A1126(01).md
22002A1126(01)	Artigo 3.º	Definições	92	132	945	ue/acordos-internacionais/2002/22002A1126(01).md
22002A1126(01)	Artigo 4.º		136	140	200	ue/acordos-internacionais/2002/22002A1126(01).md
22002A1126(01)	Artigo 5.º		144	146	44	ue/acordos-internacionais/2002/22002A1126(01).md
22002A1126(01)	Artigo 6.º	Serviços ocasionais liberalizados	150	172	665	ue/acordos-internacionais/2002/22002A1126(01).md
22002A1126(01)	Artigo 7.º	Serviços ocasionais não liberalizados	174	178	130	ue/acordos-internacionais/2002/22002A1126(01).md
22002A1126(01)	Artigo 8.º		182	184	108	ue/acordos-internacionais/2002/22002A1126(01).md
22002A1126(01)	Artigo 9.º		188	200	642	ue/acordos-internacionais/2002/22002A1126(01).md
22002A1126(01)	Artigo 10.º		204	206	61	ue/acordos-internacionais/2002/22002A1126(01).md
22002A1126(01)	Artigo 11.º		208	214	152	ue/acordos-internacionais/2002/22002A1126(01).md
22002A1126(01)	Artigo 12.º		216	222	82	ue/acordos-internacionais/2002/22002A1126(01).md
22002A1126(01)	Artigo 13.º		224	230	170	ue/acordos-internacionais/2002/22002A1126(01).md
22002A1126(01)	Artigo 14.º		232	236	73	ue/acordos-internacionais/2002/22002A1126(01).md
22002A1126(01)	Artigo 15.º		240	244	148	ue/acordos-internacionais/2002/22002A1126(01).md
22002A1126(01)	Artigo 16.º	Pedido de autorização	246	258	392	ue/acordos-internacionais/2002/22002A1126(01).md
22002A1126(01)	Artigo 17.º		260	262	84	ue/acordos-internacionais/2002/22002A1126(01).md
22002A1126(01)	Artigo 18.º		266	268	58	ue/acordos-internacionais/2002/22002A1126(01).md
22002A1126(01)	Artigo 19.º		270	272	37	ue/acordos-internacionais/2002/22002A1126(01).md
22002A1126(01)	Artigo 20.º		274	278	118	ue/acordos-internacionais/2002/22002A1126(01).md
22002A1126(01)	Artigo 21.º		280	282	56	ue/acordos-internacionais/2002/22002A1126(01).md
22002A1126(01)	Artigo 22.º		284	294	499	ue/acordos-internacionais/2002/22002A1126(01).md
22002A1126(01)	Artigo 23.º		298	310	225	ue/acordos-internacionais/2002/22002A1126(01).md
22002A1126(01)	Artigo 24.º		312	338	539	ue/acordos-internacionais/2002/22002A1126(01).md
22002A1126(01)	Artigo 25.º	Acordos bilaterais	342	350	297	ue/acordos-internacionais/2002/22002A1126(01).md
22002A1126(01)	Artigo 26.º	Assinatura	352	354	56	ue/acordos-internacionais/2002/22002A1126(01).md
22002A1126(01)	Artigo 27.º	Ratificação ou aprovação e depósito do acordo	356	358	92	ue/acordos-internacionais/2002/22002A1126(01).md
22002A1126(01)	Artigo 28.º	Entrada em vigor	360	364	197	ue/acordos-internacionais/2002/22002A1126(01).md
22002A1126(01)	Artigo 29.º	Vigência do acordo e avaliação do seu funcionamento	366	372	148	ue/acordos-internacionais/2002/22002A1126(01).md
22002A1126(01)	Artigo 30.º	Adesão	374	382	261	ue/acordos-internacionais/2002/22002A1126(01).md
22002A1126(01)	Artigo 31.º	Recesso	384	388	192	ue/acordos-internacionais/2002/22002A1126(01).md
22002A1126(01)	Artigo 32.º	Cessação	390	392	38	ue/acordos-internacionais/2002/22002A1126(01).md
22002A1126(01)	Artigo 33.º		394	396	21	ue/acordos-internacionais/2002/22002A1126(01).md
22002A1126(01)	Artigo 34.º	Línguas	398	446	514	ue/acordos-internacionais/2002/22002A1126(01).md
22002A1126(01)	ANEXO 2	Normas técnicas aplicáveis aos autocarros	448	636	3730	ue/acordos-internacionais/2002/22002A1126(01).md
22002A1126(01)	Artigo 1.º		450	460	400	ue/acordos-internacionais/2002/22002A1126(01).md
22002A1126(01)	Artigo 2.º		462	466	122	ue/acordos-internacionais/2002/22002A1126(01).md
22002A1126(01)	Artigo 3.º		468	494	395	ue/acordos-internacionais/2002/22002A1126(01).md
22002A1126(01)	Artigo 4.º		496	520	321	ue/acordos-internacionais/2002/22002A1126(01).md
22002A1126(01)	Artigo 5.º		522	524	80	ue/acordos-internacionais/2002/22002A1126(01).md
22002A1126(01)	Artigo 6.º		526	530	139	ue/acordos-internacionais/2002/22002A1126(01).md
22002A1126(01)	Artigo 7.º		532	536	178	ue/acordos-internacionais/2002/22002A1126(01).md
22002A1126(01)	Artigo 8.º		538	636	2079	ue/acordos-internacionais/2002/22002A1126(01).md
22002A1126(01)	ANEXO 3	">PIC FILE= ""L_2002321PT.003302.TIF"">"	638	644	41	ue/acordos-internacionais/2002/22002A1126(01).md
22002A1126(01)	ANEXO 4	">PIC FILE= ""L_2002321PT.003702.TIF"">"	646	650	32	ue/acordos-internacionais/2002/22002A1126(01).md
22002A1126(01)	ANEXO 5	">PIC FILE= ""L_2002321PT.004002.TIF"">"	652	658	41	ue/acordos-internacionais/2002/22002A1126(01).md
22002A1127(01)	Artigo 1.º		56	58	85	ue/acordos-internacionais/2002/22002A1127(01).md
22002A1127(01)	Artigo 2.º		60	88	457	ue/acordos-internacionais/2002/22002A1127(01).md
22002A1127(01)	Artigo 3.º		90	106	302	ue/acordos-internacionais/2002/22002A1127(01).md
22002A1127(01)	Artigo 4.º		108	114	79	ue/acordos-internacionais/2002/22002A1127(01).md
22002A1127(01)	Artigo 5.º		116	122	152	ue/acordos-internacionais/2002/22002A1127(01).md
22002A1127(01)	Artigo 6.º		124	126	81	ue/acordos-internacionais/2002/22002A1127(01).md
22002A1127(01)	Artigo 7.º		128	130	38	ue/acordos-internacionais/2002/22002A1127(01).md
22002A1127(01)	Artigo 8.º		132	142	198	ue/acordos-internacionais/2002/22002A1127(01).md
22002A1127(01)	Artigo 9.º		144	152	185	ue/acordos-internacionais/2002/22002A1127(01).md
22002A1127(01)	Artigo 10.º		154	174	503	ue/acordos-internacionais/2002/22002A1127(01).md
22002A1127(01)	ANEXO I		176	240	2131	ue/acordos-internacionais/2002/22002A1127(01).md
22002A1127(01)	ANEXO II	DEFINIÇÕES	242	250	236	ue/acordos-internacionais/2002/22002A1127(01).md
22002A1127(01)	ANEXO III	CARACTERÍSTICAS INDICATIVAS DE UM PLANO DE GESTÃO TECNOLÓGICA (PGT)	252	254	188	ue/acordos-internacionais/2002/22002A1127(01).md
22002A1127(02)	Artigo 1.º		50	52	98	ue/acordos-internacionais/2002/22002A1127(02).md
22002A1127(02)	Artigo 2.º		54	68	188	ue/acordos-internacionais/2002/22002A1127(02).md
22002A1127(02)	Artigo 3.º		70	80	118	ue/acordos-internacionais/2002/22002A1127(02).md
22002A1127(02)	Artigo 4.º		82	98	316	ue/acordos-internacionais/2002/22002A1127(02).md
22002A1127(02)	Artigo 5.º		100	112	323	ue/acordos-internacionais/2002/22002A1127(02).md
22002A1127(02)	Artigo 6.º		114	116	50	ue/acordos-internacionais/2002/22002A1127(02).md
22002A1127(02)	Artigo 7.º		118	120	77	ue/acordos-internacionais/2002/22002A1127(02).md
22002A1127(02)	Artigo 8.º		122	124	35	ue/acordos-internacionais/2002/22002A1127(02).md
22002A1127(02)	Artigo 9.º		126	132	148	ue/acordos-internacionais/2002/22002A1127(02).md
22002A1127(02)	Artigo 10.º		134	136	38	ue/acordos-internacionais/2002/22002A1127(02).md
22002A1127(02)	Artigo 11.º		138	146	186	ue/acordos-internacionais/2002/22002A1127(02).md
22002A1127(02)	Artigo 12.º		148	152	165	ue/acordos-internacionais/2002/22002A1127(02).md
22002A1127(02)	Artigo 13.º		154	172	412	ue/acordos-internacionais/2002/22002A1127(02).md
22002A1127(02)	ANEXO I		174	238	2126	ue/acordos-internacionais/2002/22002A1127(02).md
22002A1127(02)	ANEXO II	DEFINIÇÕES	240	248	236	ue/acordos-internacionais/2002/22002A1127(02).md
22002A1127(02)	ANEXO III	CARACTERÍSTICAS INDICATIVAS DE UM PLANO DE GESTÃO TECNOLÓGICA (PGT)	250	252	188	ue/acordos-internacionais/2002/22002A1127(02).md
22002A1129(01)	Artigo 1.º		44	50	264	ue/acordos-internacionais/2002/22002A1129(01).md
22002A1129(01)	Artigo 2.º		52	54	69	ue/acordos-internacionais/2002/22002A1129(01).md
22002A1129(01)	Artigo 3.º		56	60	178	ue/acordos-internacionais/2002/22002A1129(01).md
22002A1129(01)	Artigo 4.º		62	72	150	ue/acordos-internacionais/2002/22002A1129(01).md
22002A1129(01)	Artigo 5.º		74	76	51	ue/acordos-internacionais/2002/22002A1129(01).md
22002A1129(01)	Artigo 6.º		78	90	405	ue/acordos-internacionais/2002/22002A1129(01).md
22002A1212(01)	Artigo 1.º		42	50	244	ue/acordos-internacionais/2002/22002A1212(01).md
22002A1212(01)	Artigo 2.º		52	60	134	ue/acordos-internacionais/2002/22002A1212(01).md
22002A1212(01)	Artigo 3.º		62	64	49	ue/acordos-internacionais/2002/22002A1212(01).md
22002A1212(01)	Artigo 4.º		66	80	354	ue/acordos-internacionais/2002/22002A1212(01).md
22002A1212(01)	ANEXO I		82	94	124	ue/acordos-internacionais/2002/22002A1212(01).md
22002A1230(01)	Artigo 1.º	Princípios	117	123	152	ue/acordos-internacionais/2002/22002A1230(01).md
22002A1230(01)	Artigo 2.º	Objectivos e âmbito de aplicação	125	141	413	ue/acordos-internacionais/2002/22002A1230(01).md
22002A1230(01)	Artigo 3.º	Conselho de Associação	145	151	170	ue/acordos-internacionais/2002/22002A1230(01).md
22002A1230(01)	Artigo 4.º	Composição e regulamento interno do Conselho de Associação	153	161	213	ue/acordos-internacionais/2002/22002A1230(01).md
22002A1230(01)	Artigo 5.º	Poder de decisão	163	171	135	ue/acordos-internacionais/2002/22002A1230(01).md
22002A1230(01)	Artigo 6.º	Comité de Associação	173	183	321	ue/acordos-internacionais/2002/22002A1230(01).md
22002A1230(01)	Artigo 7.º	Comités especiais	185	191	116	ue/acordos-internacionais/2002/22002A1230(01).md
22002A1230(01)	Artigo 8.º	Diálogo político	193	195	35	ue/acordos-internacionais/2002/22002A1230(01).md
22002A1230(01)	Artigo 9.º	Comité Parlamentar de Associação	197	211	326	ue/acordos-internacionais/2002/22002A1230(01).md
22002A1230(01)	Artigo 10.º	Comité Misto Consultivo	213	221	277	ue/acordos-internacionais/2002/22002A1230(01).md
22002A1230(01)	Artigo 11.º	Sociedade civil	223	225	105	ue/acordos-internacionais/2002/22002A1230(01).md
22002A1230(01)	Artigo 12.º	Objectivos	229	235	248	ue/acordos-internacionais/2002/22002A1230(01).md
22002A1230(01)	Artigo 13.º	Mecanismos	237	253	224	ue/acordos-internacionais/2002/22002A1230(01).md
22002A1230(01)	Artigo 14.º	Cooperação no domínio da política externa e de segurança	255	257	74	ue/acordos-internacionais/2002/22002A1230(01).md
22002A1230(01)	Artigo 15.º	Cooperação em matéria de luta contra o terrorismo	259	267	224	ue/acordos-internacionais/2002/22002A1230(01).md
22002A1230(01)	Artigo 16.º	Objectivos gerais	271	283	258	ue/acordos-internacionais/2002/22002A1230(01).md
22002A1230(01)	Artigo 17.º	Cooperação industrial	287	299	327	ue/acordos-internacionais/2002/22002A1230(01).md
22002A1230(01)	Artigo 18.º	Cooperação em matéria de normas, regulamentação técnica e procedimentos de avaliação da conformidade	301	319	424	ue/acordos-internacionais/2002/22002A1230(01).md
22002A1230(01)	Artigo 19.º	Cooperação em matéria de pequenas e médias empresas	321	333	189	ue/acordos-internacionais/2002/22002A1230(01).md
22002A1230(01)	Artigo 20.º	Cooperação em matéria de serviços	335	337	234	ue/acordos-internacionais/2002/22002A1230(01).md
22002A1230(01)	Artigo 21.º	Promoção dos investimentos	339	351	242	ue/acordos-internacionais/2002/22002A1230(01).md
22002A1230(01)	Artigo 22.º	Cooperação no sector da energia	353	369	308	ue/acordos-internacionais/2002/22002A1230(01).md
22002A1230(01)	Artigo 23.º	Transportes	371	381	276	ue/acordos-internacionais/2002/22002A1230(01).md
22002A1230(01)	Artigo 24.º	Cooperação em matéria de agricultura, sectores rurais e medidas sanitárias e fitossanitárias	383	401	388	ue/acordos-internacionais/2002/22002A1230(01).md
22002A1230(01)	Artigo 25.º	Pesca	403	407	114	ue/acordos-internacionais/2002/22002A1230(01).md
22002A1230(01)	Artigo 26.º	Cooperação aduaneira	409	421	272	ue/acordos-internacionais/2002/22002A1230(01).md
22002A1230(01)	Artigo 27.º	Cooperação em matéria de estatísticas	423	437	238	ue/acordos-internacionais/2002/22002A1230(01).md
22002A1230(01)	Artigo 28.º	Cooperação no domínio do ambiente	439	457	255	ue/acordos-internacionais/2002/22002A1230(01).md
22002A1230(01)	Artigo 29.º	Defesa do consumidor	459	469	181	ue/acordos-internacionais/2002/22002A1230(01).md
22002A1230(01)	Artigo 30.º	Protecção dos dados pessoais	471	475	127	ue/acordos-internacionais/2002/22002A1230(01).md
22002A1230(01)	Artigo 31.º	Diálogo a nível macroeconómico	477	509	308	ue/acordos-internacionais/2002/22002A1230(01).md
22002A1230(01)	Artigo 32.º	Direitos de propriedade intelectual	511	525	440	ue/acordos-internacionais/2002/22002A1230(01).md
22002A1230(01)	Artigo 33.º	Contratos públicos	527	529	61	ue/acordos-internacionais/2002/22002A1230(01).md
22002A1230(01)	Artigo 34.º	Cooperação no sector do turismo	531	549	227	ue/acordos-internacionais/2002/22002A1230(01).md
22002A1230(01)	Artigo 35.º	Cooperação no sector da exploração mineira	551	557	120	ue/acordos-internacionais/2002/22002A1230(01).md
22002A1230(01)	Artigo 36.º	Cooperação no domínio da ciência e da tecnologia	561	589	631	ue/acordos-internacionais/2002/22002A1230(01).md
22002A1230(01)	Artigo 37.º	Sociedade da informação, tecnologias da informação e telecomunicações	591	609	327	ue/acordos-internacionais/2002/22002A1230(01).md
22002A1230(01)	Artigo 38.º	Educação e formação	613	617	195	ue/acordos-internacionais/2002/22002A1230(01).md
22002A1230(01)	Artigo 39.º	Cooperação no domínio do audiovisual	619	621	82	ue/acordos-internacionais/2002/22002A1230(01).md
22002A1230(01)	Artigo 40.º	Intercâmbio de informações e cooperação no domínio da cultura	623	647	246	ue/acordos-internacionais/2002/22002A1230(01).md
22002A1230(01)	Artigo 41.º	Administração pública	651	687	475	ue/acordos-internacionais/2002/22002A1230(01).md
22002A1230(01)	Artigo 42.º	Cooperação interinstitucional	689	701	172	ue/acordos-internacionais/2002/22002A1230(01).md
22002A1230(01)	Artigo 43.º	Diálogo sobre questões sociais	705	711	102	ue/acordos-internacionais/2002/22002A1230(01).md
22002A1230(01)	Artigo 44.º	Cooperação no domínio social	713	741	594	ue/acordos-internacionais/2002/22002A1230(01).md
22002A1230(01)	Artigo 45.º	Cooperação em matéria de igualdade entre os géneros	743	751	236	ue/acordos-internacionais/2002/22002A1230(01).md
22002A1230(01)	Artigo 46.º	Cooperação em matéria de imigração clandestina	755	769	361	ue/acordos-internacionais/2002/22002A1230(01).md
22002A1230(01)	Artigo 47.º	Cooperação em matéria de droga e de luta contra a criminalidade organizada	771	789	609	ue/acordos-internacionais/2002/22002A1230(01).md
22002A1230(01)	Artigo 48.º	Participação da sociedade civil na cooperação	793	801	208	ue/acordos-internacionais/2002/22002A1230(01).md
22002A1230(01)	Artigo 49.º	Cooperação e integração a nível regional	803	825	299	ue/acordos-internacionais/2002/22002A1230(01).md
22002A1230(01)	Artigo 50.º	Cooperação triangular e bi-regional	827	831	132	ue/acordos-internacionais/2002/22002A1230(01).md
22002A1230(01)	Artigo 51.º	Cláusula evolutiva	833	835	79	ue/acordos-internacionais/2002/22002A1230(01).md
22002A1230(01)	Artigo 52.º	Cooperação no âmbito das relações da Associação	837	843	197	ue/acordos-internacionais/2002/22002A1230(01).md
22002A1230(01)	Artigo 53.º	Recursos	845	849	163	ue/acordos-internacionais/2002/22002A1230(01).md
22002A1230(01)	Artigo 54.º	Atribuições específicas do Comité de Associação em matéria de cooperação	851	863	335	ue/acordos-internacionais/2002/22002A1230(01).md
22002A1230(01)	Artigo 55.º	Objectivos	869	889	384	ue/acordos-internacionais/2002/22002A1230(01).md
22002A1230(01)	Artigo 56.º	Uniões aduaneiras e zonas de comércio livre	891	895	202	ue/acordos-internacionais/2002/22002A1230(01).md
22002A1230(01)	Artigo 57.º	Objectivo	899	901	81	ue/acordos-internacionais/2002/22002A1230(01).md
22002A1230(01)	Artigo 58.º	Âmbito	907	911	136	ue/acordos-internacionais/2002/22002A1230(01).md
22002A1230(01)	Artigo 59.º	Direitos aduaneiros	913	921	128	ue/acordos-internacionais/2002/22002A1230(01).md
22002A1230(01)	Artigo 60.º	Eliminação dos direitos aduaneiros	923	933	369	ue/acordos-internacionais/2002/22002A1230(01).md
22002A1230(01)	Artigo 61.º	Standstill	935	939	204	ue/acordos-internacionais/2002/22002A1230(01).md
22002A1230(01)	Artigo 62.º	Classificação das mercadorias	941	943	75	ue/acordos-internacionais/2002/22002A1230(01).md
22002A1230(01)	Artigo 63.º	Taxas e outros encargos	945	947	109	ue/acordos-internacionais/2002/22002A1230(01).md
22002A1230(01)	Artigo 64.º	Âmbito	953	955	56	ue/acordos-internacionais/2002/22002A1230(01).md
22002A1230(01)	Artigo 65.º	Direitos aduaneiros aplicáveis às importações de produtos industriais originários do Chile	957	966	181	ue/acordos-internacionais/2002/22002A1230(01).md
22002A1230(01)	Artigo 66.º	Direitos aduaneiros aplicáveis às importações de produtos industriais originários da Comunidade	968	978	232	ue/acordos-internacionais/2002/22002A1230(01).md
22002A1230(01)	Artigo 67.º	Âmbito	982	984	59	ue/acordos-internacionais/2002/22002A1230(01).md
22002A1230(01)	Artigo 68.º	Direitos aduaneiros aplicáveis às importações de peixe e produtos da pesca originários do Chile	986	999	368	ue/acordos-internacionais/2002/22002A1230(01).md
22002A1230(01)	Artigo 69.º	Direitos aduaneiros aplicáveis às importações de peixe e produtos da pesca originários da Comunidade	1001	1005	183	ue/acordos-internacionais/2002/22002A1230(01).md
22002A1230(01)	Artigo 70.º	Âmbito	1009	1011	46	ue/acordos-internacionais/2002/22002A1230(01).md
22002A1230(01)	Artigo 71.º	Direitos aduaneiros aplicáveis às importações de produtos agrícolas e de produtos agrícolas transformados originários do Chile	1013	1034	742	ue/acordos-internacionais/2002/22002A1230(01).md
22002A1230(01)	Artigo 72.º	Direitos aduaneiros aplicáveis às importações de produtos agrícolas e de produtos agrícolas transformados originários da Comunidade	1036	1048	358	ue/acordos-internacionais/2002/22002A1230(01).md
22002A1230(01)	Artigo 73.º	Cláusula de emergência relativa aos produtos agrícolas e aos produtos agrícolas transformados	1050	1076	834	ue/acordos-internacionais/2002/22002A1230(01).md
22002A1230(01)	Artigo 74.º	Cláusula evolutiva	1078	1080	166	ue/acordos-internacionais/2002/22002A1230(01).md
22002A1230(01)	Artigo 75.º	Âmbito	1086	1088	32	ue/acordos-internacionais/2002/22002A1230(01).md
22002A1230(01)	Artigo 76.º	Proibição de restrições quantitativas	1090	1092	126	ue/acordos-internacionais/2002/22002A1230(01).md
22002A1230(01)	Artigo 77.º	Tratamento nacional em matéria de tributação e regulamentação internas ([^2])	1094	1104	545	ue/acordos-internacionais/2002/22002A1230(01).md
22002A1230(01)	Artigo 78.º	Medidas anti-dumping e de compensação	1108	1110	102	ue/acordos-internacionais/2002/22002A1230(01).md
22002A1230(01)	Artigo 79.º	Alfândegas e questões comerciais conexas	1114	1178	1972	ue/acordos-internacionais/2002/22002A1230(01).md
22002A1230(01)	Artigo 80.º	Determinação do valor aduaneiro	1180	1182	77	ue/acordos-internacionais/2002/22002A1230(01).md
22002A1230(01)	Artigo 81.º	Comité Especial de Cooperação Aduaneira e Regras de Origem	1184	1198	373	ue/acordos-internacionais/2002/22002A1230(01).md
22002A1230(01)	Artigo 82.º	Aplicação do tratamento preferencial	1200	1222	946	ue/acordos-internacionais/2002/22002A1230(01).md
22002A1230(01)	Artigo 83.º	Objectivo	1226	1228	105	ue/acordos-internacionais/2002/22002A1230(01).md
22002A1230(01)	Artigo 84.º	Âmbito de aplicação	1230	1232	137	ue/acordos-internacionais/2002/22002A1230(01).md
22002A1230(01)	Artigo 85.º	Definições	1234	1236	92	ue/acordos-internacionais/2002/22002A1230(01).md
22002A1230(01)	Artigo 86.º	Direitos e obrigações fundamentais	1238	1240	110	ue/acordos-internacionais/2002/22002A1230(01).md
22002A1230(01)	Artigo 87.º	Acções específicas a levar a efeito no âmbito do presente acordo	1242	1276	813	ue/acordos-internacionais/2002/22002A1230(01).md
22002A1230(01)	Artigo 88.º	Comité sobre Normas, Regulamentos Técnicos e Avaliação da Conformidade	1278	1292	476	ue/acordos-internacionais/2002/22002A1230(01).md
22002A1230(01)	Artigo 89.º	Medidas sanitárias e fitossanitárias	1296	1304	358	ue/acordos-internacionais/2002/22002A1230(01).md
22002A1230(01)	Artigo 90.º	Vinhos e bebidas espirituosas	1308	1310	49	ue/acordos-internacionais/2002/22002A1230(01).md
22002A1230(01)	Artigo 91.º	Cláusula de excepção geral	1314	1330	310	ue/acordos-internacionais/2002/22002A1230(01).md
22002A1230(01)	Artigo 92.º	Cláusula de salvaguarda	1332	1354	928	ue/acordos-internacionais/2002/22002A1230(01).md
22002A1230(01)	Artigo 93.º	Cláusula de escassez	1356	1372	705	ue/acordos-internacionais/2002/22002A1230(01).md
22002A1230(01)	Artigo 94.º	Objectivos	1376	1380	99	ue/acordos-internacionais/2002/22002A1230(01).md
22002A1230(01)	Artigo 95.º	Âmbito	1386	1418	502	ue/acordos-internacionais/2002/22002A1230(01).md
22002A1230(01)	Artigo 96.º	Definições	1420	1448	508	ue/acordos-internacionais/2002/22002A1230(01).md
22002A1230(01)	Artigo 97.º	Acesso ao mercado	1450	1466	516	ue/acordos-internacionais/2002/22002A1230(01).md
22002A1230(01)	Artigo 98.º	Tratamento nacional	1468	1474	246	ue/acordos-internacionais/2002/22002A1230(01).md
22002A1230(01)	Artigo 99.º	Listas de compromissos específicos	1476	1490	298	ue/acordos-internacionais/2002/22002A1230(01).md
22002A1230(01)	Artigo 100.º	Reexame	1492	1496	136	ue/acordos-internacionais/2002/22002A1230(01).md
22002A1230(01)	Artigo 101.º	Circulação de pessoas singulares	1498	1500	98	ue/acordos-internacionais/2002/22002A1230(01).md
22002A1230(01)	Artigo 102.º	Regulamentação interna	1502	1516	420	ue/acordos-internacionais/2002/22002A1230(01).md
22002A1230(01)	Artigo 103.º	Reconhecimento mútuo	1518	1534	494	ue/acordos-internacionais/2002/22002A1230(01).md
22002A1230(01)	Artigo 104.º	Comércio electrónico ([^7])	1536	1538	104	ue/acordos-internacionais/2002/22002A1230(01).md
22002A1230(01)	Artigo 105.º	Transparência	1540	1542	140	ue/acordos-internacionais/2002/22002A1230(01).md
22002A1230(01)	Artigo 106.º	Âmbito	1546	1550	159	ue/acordos-internacionais/2002/22002A1230(01).md
22002A1230(01)	Artigo 107.º	Definições	1552	1558	174	ue/acordos-internacionais/2002/22002A1230(01).md
22002A1230(01)	Artigo 108.º	Acesso ao mercado e tratamento nacional	1560	1576	528	ue/acordos-internacionais/2002/22002A1230(01).md
22002A1230(01)	Artigo 109.º	Definições	1580	1592	296	ue/acordos-internacionais/2002/22002A1230(01).md
22002A1230(01)	Artigo 110.º	Autoridade reguladora	1594	1600	120	ue/acordos-internacionais/2002/22002A1230(01).md
22002A1230(01)	Artigo 111.º	Prestação de serviços	1602	1606	106	ue/acordos-internacionais/2002/22002A1230(01).md
22002A1230(01)	Artigo 112.º	Fornecedores principais	1608	1624	254	ue/acordos-internacionais/2002/22002A1230(01).md
22002A1230(01)	Artigo 113.º	Interligação	1626	1640	452	ue/acordos-internacionais/2002/22002A1230(01).md
22002A1230(01)	Artigo 114.º	Recursos limitados	1642	1644	66	ue/acordos-internacionais/2002/22002A1230(01).md
22002A1230(01)	Artigo 115.º	Serviço universal	1646	1650	95	ue/acordos-internacionais/2002/22002A1230(01).md
22002A1230(01)	Artigo 116.º	Âmbito	1654	1680	528	ue/acordos-internacionais/2002/22002A1230(01).md
22002A1230(01)	Artigo 117.º	Definições	1682	1772	1487	ue/acordos-internacionais/2002/22002A1230(01).md
22002A1230(01)	Artigo 118.º	Acesso ao mercado	1774	1790	548	ue/acordos-internacionais/2002/22002A1230(01).md
22002A1230(01)	Artigo 119.º	Tratamento nacional	1792	1798	284	ue/acordos-internacionais/2002/22002A1230(01).md
22002A1230(01)	Artigo 120.º	Listas de compromissos específicos	1800	1814	301	ue/acordos-internacionais/2002/22002A1230(01).md
22002A1230(01)	Artigo 121.º	Novos serviços financeiros	1816	1820	221	ue/acordos-internacionais/2002/22002A1230(01).md
22002A1230(01)	Artigo 122.º	Tratamento de dados no sector dos serviços financeiros	1822	1826	208	ue/acordos-internacionais/2002/22002A1230(01).md
22002A1230(01)	Artigo 123.º	Eficácia e transparência da regulamentação no sector dos serviços financeiros	1828	1840	330	ue/acordos-internacionais/2002/22002A1230(01).md
22002A1230(01)	Artigo 124.º	Informações confidenciais	1842	1848	160	ue/acordos-internacionais/2002/22002A1230(01).md
22002A1230(01)	Artigo 125.º	Medidas prudenciais	1850	1860	219	ue/acordos-internacionais/2002/22002A1230(01).md
22002A1230(01)	Artigo 126.º	Reconhecimento	1862	1866	268	ue/acordos-internacionais/2002/22002A1230(01).md
22002A1230(01)	Artigo 127.º	Comité Especial dos Serviços Financeiros	1868	1880	306	ue/acordos-internacionais/2002/22002A1230(01).md
22002A1230(01)	Artigo 128.º	Consultas	1882	1890	312	ue/acordos-internacionais/2002/22002A1230(01).md
22002A1230(01)	Artigo 129.º	Disposições específicas em matéria de resolução de litígios	1892	1904	681	ue/acordos-internacionais/2002/22002A1230(01).md
22002A1230(01)	Artigo 130.º	Âmbito	1908	1910	47	ue/acordos-internacionais/2002/22002A1230(01).md
22002A1230(01)	Artigo 131.º	Definições	1912	1932	392	ue/acordos-internacionais/2002/22002A1230(01).md
22002A1230(01)	Artigo 132.º	Tratamento nacional	1934	1936	102	ue/acordos-internacionais/2002/22002A1230(01).md
22002A1230(01)	Artigo 133.º	Direito de regulamentar	1938	1940	42	ue/acordos-internacionais/2002/22002A1230(01).md
22002A1230(01)	Artigo 134.º	Disposições finais	1942	1946	165	ue/acordos-internacionais/2002/22002A1230(01).md
22002A1230(01)	Artigo 135.º	Excepções	1950	1972	527	ue/acordos-internacionais/2002/22002A1230(01).md
22002A1230(01)	Artigo 136.º	Objectivo	1976	1978	46	ue/acordos-internacionais/2002/22002A1230(01).md
22002A1230(01)	Artigo 137.º	Âmbito de aplicação e cobertura	1980	2012	474	ue/acordos-internacionais/2002/22002A1230(01).md
22002A1230(01)	Artigo 138.º	Definições	2014	2052	1176	ue/acordos-internacionais/2002/22002A1230(01).md
22002A1230(01)	Artigo 139.º	Tratamento nacional e não discriminação	2054	2066	445	ue/acordos-internacionais/2002/22002A1230(01).md
22002A1230(01)	Artigo 140.º	Proibição de compensações e de preferências nacionais	2068	2070	118	ue/acordos-internacionais/2002/22002A1230(01).md
22002A1230(01)	Artigo 141.º	Regras de avaliação	2072	2078	202	ue/acordos-internacionais/2002/22002A1230(01).md
22002A1230(01)	Artigo 142.º	Transparência	2080	2084	138	ue/acordos-internacionais/2002/22002A1230(01).md
22002A1230(01)	Artigo 143.º	Processos de concurso	2086	2098	327	ue/acordos-internacionais/2002/22002A1230(01).md
22002A1230(01)	Artigo 144.º	Concurso limitado	2100	2104	219	ue/acordos-internacionais/2002/22002A1230(01).md
22002A1230(01)	Artigo 145.º	Outros processos	2106	2128	836	ue/acordos-internacionais/2002/22002A1230(01).md
22002A1230(01)	Artigo 146.º	Qualificação dos fornecedores	2130	2154	728	ue/acordos-internacionais/2002/22002A1230(01).md
22002A1230(01)	Artigo 147.º	Publicação dos anúncios	2156	2200	1057	ue/acordos-internacionais/2002/22002A1230(01).md
22002A1230(01)	Artigo 148.º	Documentação do concurso	2202	2208	185	ue/acordos-internacionais/2002/22002A1230(01).md
22002A1230(01)	Artigo 149.º	Especificações técnicas	2210	2228	457	ue/acordos-internacionais/2002/22002A1230(01).md
22002A1230(01)	Artigo 150.º	Prazos	2230	2236	244	ue/acordos-internacionais/2002/22002A1230(01).md
22002A1230(01)	Artigo 151.º	Negociações	2238	2254	304	ue/acordos-internacionais/2002/22002A1230(01).md
22002A1230(01)	Artigo 152.º	Apresentação, recepção e abertura das propostas	2256	2260	92	ue/acordos-internacionais/2002/22002A1230(01).md
22002A1230(01)	Artigo 153.º	Adjudicação dos contratos	2262	2266	163	ue/acordos-internacionais/2002/22002A1230(01).md
22002A1230(01)	Artigo 154.º	Informações sobre a adjudicação do contrato	2268	2274	214	ue/acordos-internacionais/2002/22002A1230(01).md
22002A1230(01)	Artigo 155.º	Impugnação de propostas	2276	2288	383	ue/acordos-internacionais/2002/22002A1230(01).md
22002A1230(01)	Artigo 156.º	Tecnologias da informação	2290	2296	180	ue/acordos-internacionais/2002/22002A1230(01).md
22002A1230(01)	Artigo 157.º	Cooperação e assistência	2298	2300	88	ue/acordos-internacionais/2002/22002A1230(01).md
22002A1230(01)	Artigo 158.º	Relatórios estatísticos	2302	2304	104	ue/acordos-internacionais/2002/22002A1230(01).md
22002A1230(01)	Artigo 159.º	Alterações do âmbito das entidades abrangidas	2306	2320	284	ue/acordos-internacionais/2002/22002A1230(01).md
22002A1230(01)	Artigo 160.º	Negociações futuras	2322	2324	101	ue/acordos-internacionais/2002/22002A1230(01).md
22002A1230(01)	Artigo 161.º	Excepções	2326	2338	197	ue/acordos-internacionais/2002/22002A1230(01).md
22002A1230(01)	Artigo 162.º	Reexame e aplicação	2340	2348	190	ue/acordos-internacionais/2002/22002A1230(01).md
22002A1230(01)	Artigo 163.º	Objectivo e âmbito de aplicação	2352	2356	114	ue/acordos-internacionais/2002/22002A1230(01).md
22002A1230(01)	Artigo 164.º	Balança de transacções correntes	2358	2360	73	ue/acordos-internacionais/2002/22002A1230(01).md
22002A1230(01)	Artigo 165.º	Balança de capitais	2362	2364	128	ue/acordos-internacionais/2002/22002A1230(01).md
22002A1230(01)	Artigo 166.º	Excepções e medidas de salvaguarda	2366	2370	177	ue/acordos-internacionais/2002/22002A1230(01).md
22002A1230(01)	Artigo 167.º	Disposições finais	2372	2376	88	ue/acordos-internacionais/2002/22002A1230(01).md
22002A1230(01)	Artigo 168.º	Objectivo	2380	2382	74	ue/acordos-internacionais/2002/22002A1230(01).md
22002A1230(01)	Artigo 169.º	Âmbito	2384	2386	160	ue/acordos-internacionais/2002/22002A1230(01).md
22002A1230(01)	Artigo 170.º	Protecção dos direitos de propriedade intelectual	2388	2432	743	ue/acordos-internacionais/2002/22002A1230(01).md
22002A1230(01)	Artigo 171.º	Reexame	2434	2436	65	ue/acordos-internacionais/2002/22002A1230(01).md
22002A1230(01)	Artigo 172.º	Objectivos	2440	2446	339	ue/acordos-internacionais/2002/22002A1230(01).md
22002A1230(01)	Artigo 173.º	Definições	2448	2466	259	ue/acordos-internacionais/2002/22002A1230(01).md
22002A1230(01)	Artigo 174.º	Notificações	2468	2482	297	ue/acordos-internacionais/2002/22002A1230(01).md
22002A1230(01)	Artigo 175.º	Coordenação das actividades de aplicação da legislação	2484	2486	92	ue/acordos-internacionais/2002/22002A1230(01).md
22002A1230(01)	Artigo 176.º	Realização de consultas quando interesses importantes de uma das partes forem afectados de forma negativa no território da outra parte	2488	2492	459	ue/acordos-internacionais/2002/22002A1230(01).md
22002A1230(01)	Artigo 177.º	Intercâmbio de informações e confidencialidade	2494	2506	518	ue/acordos-internacionais/2002/22002A1230(01).md
22002A1230(01)	Artigo 178.º	Assistência técnica	2508	2510	59	ue/acordos-internacionais/2002/22002A1230(01).md
22002A1230(01)	Artigo 179.º	Empresas públicas e empresas que beneficiam de direitos especiais ou exclusivos, incluindo os monopólios designados	2512	2516	219	ue/acordos-internacionais/2002/22002A1230(01).md
22002A1230(01)	Artigo 180.º	Resolução de litígios	2518	2520	54	ue/acordos-internacionais/2002/22002A1230(01).md
22002A1230(01)	Artigo 181.º	Objectivo	2526	2528	72	ue/acordos-internacionais/2002/22002A1230(01).md
22002A1230(01)	Artigo 182.º	Âmbito	2530	2532	50	ue/acordos-internacionais/2002/22002A1230(01).md
22002A1230(01)	Artigo 183.º	Consultas	2536	2542	416	ue/acordos-internacionais/2002/22002A1230(01).md
22002A1230(01)	Artigo 184.º	Início do procedimento	2546	2552	230	ue/acordos-internacionais/2002/22002A1230(01).md
22002A1230(01)	Artigo 185.º	Nomeação dos árbitros	2554	2566	572	ue/acordos-internacionais/2002/22002A1230(01).md
22002A1230(01)	Artigo 186.º	Informações e assessoria técnica	2568	2570	90	ue/acordos-internacionais/2002/22002A1230(01).md
22002A1230(01)	Artigo 187.º	Decisão do painel de arbitragem	2572	2588	756	ue/acordos-internacionais/2002/22002A1230(01).md
22002A1230(01)	Artigo 188.º	Cumprimento	2590	2618	1218	ue/acordos-internacionais/2002/22002A1230(01).md
22002A1230(01)	Artigo 189.º	Disposições gerais	2622	2636	479	ue/acordos-internacionais/2002/22002A1230(01).md
22002A1230(01)	Artigo 190.º	Pontos de contacto e intercâmbio de informações	2640	2646	271	ue/acordos-internacionais/2002/22002A1230(01).md
22002A1230(01)	Artigo 191.º	Cooperação para uma maior transparência	2648	2650	59	ue/acordos-internacionais/2002/22002A1230(01).md
22002A1230(01)	Artigo 192.º	Publicação	2652	2654	74	ue/acordos-internacionais/2002/22002A1230(01).md
22002A1230(01)	Artigo 193.º	Atribuições específicas	2658	2688	580	ue/acordos-internacionais/2002/22002A1230(01).md
22002A1230(01)	Artigo 194.º	Cláusula de segurança nacional	2692	2710	336	ue/acordos-internacionais/2002/22002A1230(01).md
22002A1230(01)	Artigo 195.º	Dificuldades a nível da balança de pagamentos	2712	2730	584	ue/acordos-internacionais/2002/22002A1230(01).md
22002A1230(01)	Artigo 196.º	Fiscalidade	2732	2738	307	ue/acordos-internacionais/2002/22002A1230(01).md
22002A1230(01)	Artigo 197.º	Definição de partes	2742	2744	84	ue/acordos-internacionais/2002/22002A1230(01).md
22002A1230(01)	Artigo 198.º	Entrada em vigor	2746	2756	373	ue/acordos-internacionais/2002/22002A1230(01).md
22002A1230(01)	Artigo 199.º	Vigência	2758	2764	70	ue/acordos-internacionais/2002/22002A1230(01).md
22002A1230(01)	Artigo 200.º	Cumprimento das obrigações	2766	2782	449	ue/acordos-internacionais/2002/22002A1230(01).md
22002A1230(01)	Artigo 201.º	Evolução futura	2784	2788	150	ue/acordos-internacionais/2002/22002A1230(01).md
22002A1230(01)	Artigo 202.º	Protecção de dados	2790	2792	56	ue/acordos-internacionais/2002/22002A1230(01).md
22002A1230(01)	Artigo 203.º	Cláusula de segurança nacional	2794	2796	29	ue/acordos-internacionais/2002/22002A1230(01).md
22002A1230(01)	Artigo 204.º	Aplicação territorial	2798	2800	62	ue/acordos-internacionais/2002/22002A1230(01).md
22002A1230(01)	Artigo 205.º	Textos que fazem fé	2802	2804	61	ue/acordos-internacionais/2002/22002A1230(01).md
22002A1230(01)	Artigo 206.º	Anexos, apêndices, protocolos e notas	2806	32255	545786	ue/acordos-internacionais/2002/22002A1230(01).md
22002A1230(01)	Artigo 1.º	Definições	32259	32287	626	ue/acordos-internacionais/2002/22002A1230(01).md
22002A1230(01)	Artigo 2.º	Requisitos gerais	32291	32303	256	ue/acordos-internacionais/2002/22002A1230(01).md
22002A1230(01)	Artigo 3.º	Acumulação bilateral da origem	32305	32309	215	ue/acordos-internacionais/2002/22002A1230(01).md
22002A1230(01)	Artigo 4.º	Produtos inteiramente obtidos	32311	32353	686	ue/acordos-internacionais/2002/22002A1230(01).md
22002A1230(01)	Artigo 5.º	Produtos objecto de operações de complemento de fabrico ou de transformação suficientes	32355	32373	554	ue/acordos-internacionais/2002/22002A1230(01).md
22002A1230(01)	Artigo 6.º	Operações de complemento de fabrico ou de transformação insuficientes	32375	32413	520	ue/acordos-internacionais/2002/22002A1230(01).md
22002A1230(01)	Artigo 7.º	Unidade de qualificação	32415	32425	252	ue/acordos-internacionais/2002/22002A1230(01).md
22002A1230(01)	Artigo 8.º	Acessórios, peças sobressalentes e ferramentas	32427	32435	109	ue/acordos-internacionais/2002/22002A1230(01).md
22002A1230(01)	Artigo 9.º	Sortidos	32437	32439	107	ue/acordos-internacionais/2002/22002A1230(01).md
22002A1230(01)	Artigo 10.º	Elementos neutros	32441	32451	93	ue/acordos-internacionais/2002/22002A1230(01).md
22002A1230(01)	Artigo 11.º	Princípio da territorialidade	32455	32465	177	ue/acordos-internacionais/2002/22002A1230(01).md
22002A1230(01)	Artigo 12.º	Transporte direto	32467	32473	321	ue/acordos-internacionais/2002/22002A1230(01).md
22002A1230(01)	Artigo 13.º	Exposições	32475	32491	398	ue/acordos-internacionais/2002/22002A1230(01).md
22002A1230(01)	Artigo 14.º	Proibição de draubaque ou de isenção de direitos aduaneiros	32495	32507	477	ue/acordos-internacionais/2002/22002A1230(01).md
22002A1230(01)	Artigo 15.º	Requisitos gerais	32511	32519	248	ue/acordos-internacionais/2002/22002A1230(01).md
22002A1230(01)	Artigo 16.º	Procedimento para a emissão do certificado de circulação EUR.1	32521	32535	565	ue/acordos-internacionais/2002/22002A1230(01).md
22002A1230(01)	Artigo 17.º	Emissão a posteriori do certificado de circulação EUR.1	32537	32599	498	ue/acordos-internacionais/2002/22002A1230(01).md
22002A1230(01)	Artigo 18.º	Emissão de uma segunda via do certificado de circulação EUR.1	32601	32657	289	ue/acordos-internacionais/2002/22002A1230(01).md
22002A1230(01)	Artigo 19.º	Emissão de certificados de circulação EUR.1 com base numa prova de origem emitida anteriormente	32659	32661	158	ue/acordos-internacionais/2002/22002A1230(01).md
22002A1230(01)	Artigo 20.º	Condições para efectuar uma declaração na factura	32663	32679	497	ue/acordos-internacionais/2002/22002A1230(01).md
22002A1230(01)	Artigo 21.º	Exportador autorizado	32681	32691	385	ue/acordos-internacionais/2002/22002A1230(01).md
22002A1230(01)	Artigo 22.º	Prazo de validade da prova de origem	32693	32701	288	ue/acordos-internacionais/2002/22002A1230(01).md
22002A1230(01)	Artigo 23.º	Apresentação da prova de origem	32703	32707	186	ue/acordos-internacionais/2002/22002A1230(01).md
22002A1230(01)	Artigo 24.º	Importação em remessas escalonadas	32709	32711	133	ue/acordos-internacionais/2002/22002A1230(01).md
22002A1230(01)	Artigo 25.º	Isenções da prova de origem	32713	32719	304	ue/acordos-internacionais/2002/22002A1230(01).md
22002A1230(01)	Artigo 26.º	Documentos comprovativos	32721	32731	309	ue/acordos-internacionais/2002/22002A1230(01).md
22002A1230(01)	Artigo 27.º	Conservação da prova de origem e dos documentos comprovativos	32733	32741	272	ue/acordos-internacionais/2002/22002A1230(01).md
22002A1230(01)	Artigo 28.º	Discrepâncias e erros formais	32743	32747	162	ue/acordos-internacionais/2002/22002A1230(01).md
22002A1230(01)	Artigo 29.º	Montantes expressos em euros	32749	32759	489	ue/acordos-internacionais/2002/22002A1230(01).md
22002A1230(01)	Artigo 30.º	Assistência mútua	32763	32767	209	ue/acordos-internacionais/2002/22002A1230(01).md
22002A1230(01)	Artigo 31.º	Controlo da prova de origem	32769	32781	581	ue/acordos-internacionais/2002/22002A1230(01).md
22002A1230(01)	Artigo 32.º	Resolução de litígios	32783	32787	156	ue/acordos-internacionais/2002/22002A1230(01).md
22002A1230(01)	Artigo 33.º	Sanções	32789	32791	83	ue/acordos-internacionais/2002/22002A1230(01).md
22002A1230(01)	Artigo 34.º	Confidencialidade	32793	32795	108	ue/acordos-internacionais/2002/22002A1230(01).md
22002A1230(01)	Artigo 35.º	Zonas francas	32797	32801	211	ue/acordos-internacionais/2002/22002A1230(01).md
22002A1230(01)	Artigo 36.º	Aplicação do presente anexo	32805	32811	215	ue/acordos-internacionais/2002/22002A1230(01).md
22002A1230(01)	Artigo 37.º	Condições especiais	32813	32841	501	ue/acordos-internacionais/2002/22002A1230(01).md
22002A1230(01)	Artigo 38.º	Alterações do presente anexo	32845	32847	32	ue/acordos-internacionais/2002/22002A1230(01).md
22002A1230(01)	Artigo 39.º	Notas explicativas	32849	32851	56	ue/acordos-internacionais/2002/22002A1230(01).md
22002A1230(01)	Artigo 40.º	Disposições transitórias para as mercadorias em trânsito ou em depósito temporário	32853	33869	51380	ue/acordos-internacionais/2002/22002A1230(01).md
22002A1230(01)	Artigo 1.º	Objectivos	33871	33887	268	ue/acordos-internacionais/2002/22002A1230(01).md
22002A1230(01)	Artigo 2.º	Obrigações multilaterais	33889	33891	71	ue/acordos-internacionais/2002/22002A1230(01).md
22002A1230(01)	Artigo 3.º	Âmbito de aplicação	33893	33907	250	ue/acordos-internacionais/2002/22002A1230(01).md
22002A1230(01)	Artigo 4.º	Definições	33909	33977	1251	ue/acordos-internacionais/2002/22002A1230(01).md
22002A1230(01)	Artigo 5.º	Autoridades competentes	33979	33983	102	ue/acordos-internacionais/2002/22002A1230(01).md
22002A1230(01)	Artigo 6.º	Reconhecimento, para fins comerciais, do estatuto sanitário e fitossanitário e das condições regionais	33985	34019	1475	ue/acordos-internacionais/2002/22002A1230(01).md
22002A1230(01)	Artigo 7.º	Determinação da equivalência	34021	34041	1084	ue/acordos-internacionais/2002/22002A1230(01).md
22002A1230(01)	Artigo 8.º	Transparência e condições comerciais	34043	34065	1120	ue/acordos-internacionais/2002/22002A1230(01).md
22002A1230(01)	Artigo 9.º	Procedimentos de certificação	34067	34073	126	ue/acordos-internacionais/2002/22002A1230(01).md
22002A1230(01)	Artigo 10.º	Verificação	34075	34089	369	ue/acordos-internacionais/2002/22002A1230(01).md
22002A1230(01)	Artigo 11.º	Controlos de importação e taxas de inspecção	34091	34103	544	ue/acordos-internacionais/2002/22002A1230(01).md
22002A1230(01)	Artigo 12.º	Intercâmbio de informações	34105	34129	654	ue/acordos-internacionais/2002/22002A1230(01).md
22002A1230(01)	Artigo 13.º	Notificação e consulta	34131	34151	676	ue/acordos-internacionais/2002/22002A1230(01).md
22002A1230(01)	Artigo 14.º	Cláusula de salvaguarda	34153	34159	327	ue/acordos-internacionais/2002/22002A1230(01).md
22002A1230(01)	Artigo 15.º	Questões pendentes	34161	34163	98	ue/acordos-internacionais/2002/22002A1230(01).md
22002A1230(01)	Artigo 16.º	Comité de Gestão Misto	34165	34183	445	ue/acordos-internacionais/2002/22002A1230(01).md
22002A1230(01)	Artigo 17.º	Facilitação da comunicação	34185	34187	72	ue/acordos-internacionais/2002/22002A1230(01).md
22002A1230(01)	Artigo 18.º	Aplicação territorial	34189	35100	14670	ue/acordos-internacionais/2002/22002A1230(01).md
22002A1230(01)	Artigo 1.º	Objectivos	35102	35104	59	ue/acordos-internacionais/2002/22002A1230(01).md
22002A1230(01)	Artigo 2.º	Âmbito de aplicação	35106	35108	76	ue/acordos-internacionais/2002/22002A1230(01).md
22002A1230(01)	Artigo 3.º	Definições	35110	35148	858	ue/acordos-internacionais/2002/22002A1230(01).md
22002A1230(01)	Artigo 4.º	Regras gerais de importação e comercialização	35150	35154	107	ue/acordos-internacionais/2002/22002A1230(01).md
22002A1230(01)	Artigo 5.º	Protecção de indicações geográficas	35158	35186	752	ue/acordos-internacionais/2002/22002A1230(01).md
22002A1230(01)	Artigo 6.º	Indicações geográficas	35188	35202	107	ue/acordos-internacionais/2002/22002A1230(01).md
22002A1230(01)	Artigo 7.º	Indicações geográficas e marcas comerciais	35204	35218	290	ue/acordos-internacionais/2002/22002A1230(01).md
22002A1230(01)	Artigo 8.º	Protecção de menções tradicionais ou de menções complementares de qualidade	35220	35242	638	ue/acordos-internacionais/2002/22002A1230(01).md
22002A1230(01)	Artigo 9.º	Menções tradicionais ou menções complementares de qualidade	35244	35254	93	ue/acordos-internacionais/2002/22002A1230(01).md
22002A1230(01)	Artigo 10.º	Menções tradicionais ou menções complementares de qualidade e marcas comerciais	35256	35290	675	ue/acordos-internacionais/2002/22002A1230(01).md
22002A1230(01)	Artigo 11.º	Marcas protegidas	35292	35304	528	ue/acordos-internacionais/2002/22002A1230(01).md
22002A1230(01)	Artigo 12.º	Vinhos originários	35306	35308	104	ue/acordos-internacionais/2002/22002A1230(01).md
22002A1230(01)	Artigo 13.º	Rotulagem	35310	35312	64	ue/acordos-internacionais/2002/22002A1230(01).md
22002A1230(01)	Artigo 14.º	Extensão da protecção	35314	35316	83	ue/acordos-internacionais/2002/22002A1230(01).md
22002A1230(01)	Artigo 15.º	Indicações geográficas não protegidas no seu país de origem	35318	35320	58	ue/acordos-internacionais/2002/22002A1230(01).md
22002A1230(01)	Artigo 16.º	Medidas de execução	35322	35334	395	ue/acordos-internacionais/2002/22002A1230(01).md
22002A1230(01)	Artigo 17.º	Reconhecimento de práticas enológicas	35338	35342	188	ue/acordos-internacionais/2002/22002A1230(01).md
22002A1230(01)	Artigo 18.º	Novas práticas enológicas	35344	35356	340	ue/acordos-internacionais/2002/22002A1230(01).md
22002A1230(01)	Artigo 19.º	Normas de qualidade	35358	35366	198	ue/acordos-internacionais/2002/22002A1230(01).md
22002A1230(01)	Artigo 20.º	Cláusulas de salvaguarda	35368	35376	284	ue/acordos-internacionais/2002/22002A1230(01).md
22002A1230(01)	Artigo 21.º	Modificação do apêndice V	35378	35386	376	ue/acordos-internacionais/2002/22002A1230(01).md
22002A1230(01)	Artigo 22.º	Modificação de práticas e tratamentos enológicos	35388	35390	65	ue/acordos-internacionais/2002/22002A1230(01).md
22002A1230(01)	Artigo 23.º	Processo de arbitragem nas práticas e nos tratamentos enológicos	35392	35402	579	ue/acordos-internacionais/2002/22002A1230(01).md
22002A1230(01)	Artigo 24.º	Documentos de certificação e relatório de análise	35406	35410	134	ue/acordos-internacionais/2002/22002A1230(01).md
22002A1230(01)	Artigo 25.º	Cláusulas de salvaguarda	35412	35416	150	ue/acordos-internacionais/2002/22002A1230(01).md
22002A1230(01)	Artigo 26.º	Medidas sanitárias e fitossanitárias	35420	35424	271	ue/acordos-internacionais/2002/22002A1230(01).md
22002A1230(01)	Artigo 27.º	Autoridades competentes em matéria de aplicação	35428	35434	194	ue/acordos-internacionais/2002/22002A1230(01).md
22002A1230(01)	Artigo 28.º	Actividades de aplicação	35436	35454	302	ue/acordos-internacionais/2002/22002A1230(01).md
22002A1230(01)	Artigo 29.º	Tarefas das partes	35458	35476	325	ue/acordos-internacionais/2002/22002A1230(01).md
22002A1230(01)	Artigo 30.º	Comissão Mista	35478	35492	231	ue/acordos-internacionais/2002/22002A1230(01).md
22002A1230(01)	Artigo 31.º	Trânsito — pequenas quantidades	35496	35502	93	ue/acordos-internacionais/2002/22002A1230(01).md
22002A1230(01)	Artigo 32.º	Consultas	35504	35516	278	ue/acordos-internacionais/2002/22002A1230(01).md
22002A1230(01)	Artigo 33.º	Resolução de litígios	35518	35522	144	ue/acordos-internacionais/2002/22002A1230(01).md
22002A1230(01)	Artigo 34.º	Comercialização das existências	35524	35536	282	ue/acordos-internacionais/2002/22002A1230(01).md
22002A1230(01)	Artigo 35.º	Apêndices	35538	54083	46522	ue/acordos-internacionais/2002/22002A1230(01).md
22002A1230(01)	Artigo 1.º	Objectivos	54085	54087	69	ue/acordos-internacionais/2002/22002A1230(01).md
22002A1230(01)	Artigo 2.º	Âmbito de aplicação	54089	54091	100	ue/acordos-internacionais/2002/22002A1230(01).md
22002A1230(01)	Artigo 3.º	Definições	54093	54119	553	ue/acordos-internacionais/2002/22002A1230(01).md
22002A1230(01)	Artigo 4.º	Regras gerais de importação e comercialização	54121	54125	125	ue/acordos-internacionais/2002/22002A1230(01).md
22002A1230(01)	Artigo 5.º	Protecção de denominações	54129	54157	820	ue/acordos-internacionais/2002/22002A1230(01).md
22002A1230(01)	Artigo 6.º	Denominações protegidas	54159	54173	126	ue/acordos-internacionais/2002/22002A1230(01).md
22002A1230(01)	Artigo 7.º	Denominações protegidas e marcas comerciais	54175	54189	307	ue/acordos-internacionais/2002/22002A1230(01).md
22002A1230(01)	Artigo 8.º	Marcas protegidas	54191	54203	392	ue/acordos-internacionais/2002/22002A1230(01).md
22002A1230(01)	Artigo 9.º	Bebidas espirituosas originárias	54205	54207	102	ue/acordos-internacionais/2002/22002A1230(01).md
22002A1230(01)	Artigo 10.º	Extensão da protecção	54209	54211	83	ue/acordos-internacionais/2002/22002A1230(01).md
22002A1230(01)	Artigo 11.º	Denominações não protegidas no seu país de origem	54213	54215	53	ue/acordos-internacionais/2002/22002A1230(01).md
22002A1230(01)	Artigo 12.º	Medidas de execução	54217	54229	440	ue/acordos-internacionais/2002/22002A1230(01).md
22002A1230(01)	Artigo 13.º	Medidas sanitárias e fitossanitárias	54233	54237	280	ue/acordos-internacionais/2002/22002A1230(01).md
22002A1230(01)	Artigo 14.º	Autoridades competentes em matéria de aplicação	54241	54247	194	ue/acordos-internacionais/2002/22002A1230(01).md
22002A1230(01)	Artigo 15.º	Actividades de aplicação	54249	54267	346	ue/acordos-internacionais/2002/22002A1230(01).md
22002A1230(01)	Artigo 16.º	Tarefas das partes	54271	54283	245	ue/acordos-internacionais/2002/22002A1230(01).md
22002A1230(01)	Artigo 17.º	Comissão Mista	54285	54299	238	ue/acordos-internacionais/2002/22002A1230(01).md
22002A1230(01)	Artigo 18.º	Trânsito — pequenas quantidades	54303	54309	101	ue/acordos-internacionais/2002/22002A1230(01).md
22002A1230(01)	Artigo 19.º	Consultas	54311	54323	278	ue/acordos-internacionais/2002/22002A1230(01).md
22002A1230(01)	Artigo 20.º	Resolução de litígios	54325	54329	116	ue/acordos-internacionais/2002/22002A1230(01).md
22002A1230(01)	Artigo 21.º	Comercialização das existências	54331	54341	244	ue/acordos-internacionais/2002/22002A1230(01).md
22002A1230(01)	Artigo 22.º	Apêndices	54343	64381	237378	ue/acordos-internacionais/2002/22002A1230(01).md
22002D0001	Preâmbulo		18	40	308	ue/acordos-internacionais/2002/22002D0001.md
22002D0001	Artigo 1.º		44	50	97	ue/acordos-internacionais/2002/22002D0001.md
22002D0001	Artigo 2.º		52	54	56	ue/acordos-internacionais/2002/22002D0001.md
22002D0001	Artigo 3.º		56	58	51	ue/acordos-internacionais/2002/22002D0001.md
22002D0001	Artigo 4.º		60	78	97	ue/acordos-internacionais/2002/22002D0001.md
22002D0002	Preâmbulo		18	46	501	ue/acordos-internacionais/2002/22002D0002.md
22002D0002	Artigo 1.º		50	62	167	ue/acordos-internacionais/2002/22002D0002.md
22002D0002	Artigo 2.º		64	66	58	ue/acordos-internacionais/2002/22002D0002.md
22002D0002	Artigo 3.º		68	70	51	ue/acordos-internacionais/2002/22002D0002.md
22002D0002	Artigo 4.º		72	96	122	ue/acordos-internacionais/2002/22002D0002.md
22002D0003	Preâmbulo		18	44	484	ue/acordos-internacionais/2002/22002D0003.md
22002D0003	Artigo 1.º		48	58	143	ue/acordos-internacionais/2002/22002D0003.md
22002D0003	Artigo 2.º		60	62	55	ue/acordos-internacionais/2002/22002D0003.md
22002D0003	Artigo 3.º		64	66	51	ue/acordos-internacionais/2002/22002D0003.md
22002D0003	Artigo 4.º		68	90	115	ue/acordos-internacionais/2002/22002D0003.md
22002D0004	Preâmbulo		18	38	204	ue/acordos-internacionais/2002/22002D0004.md
22002D0004	Artigo 1.º		42	46	105	ue/acordos-internacionais/2002/22002D0004.md
22002D0004	Artigo 2.º		48	50	45	ue/acordos-internacionais/2002/22002D0004.md
22002D0004	Artigo 3.º		52	54	54	ue/acordos-internacionais/2002/22002D0004.md
22002D0004	Artigo 4.º		56	72	88	ue/acordos-internacionais/2002/22002D0004.md
22002D0005	Preâmbulo		18	66	964	ue/acordos-internacionais/2002/22002D0005.md
22002D0005	Artigo 1.º		70	106	753	ue/acordos-internacionais/2002/22002D0005.md
22002D0005	Artigo 2.º		108	110	48	ue/acordos-internacionais/2002/22002D0005.md
22002D0005	Artigo 3.º		112	114	51	ue/acordos-internacionais/2002/22002D0005.md
22002D0005	Artigo 4.º		116	138	114	ue/acordos-internacionais/2002/22002D0005.md
22002D0006	Preâmbulo		18	38	178	ue/acordos-internacionais/2002/22002D0006.md
22002D0006	Artigo 1.º		42	46	57	ue/acordos-internacionais/2002/22002D0006.md
22002D0006	Artigo 2.º		48	50	45	ue/acordos-internacionais/2002/22002D0006.md
22002D0006	Artigo 3.º		52	54	54	ue/acordos-internacionais/2002/22002D0006.md
22002D0006	Artigo 4.º		56	72	88	ue/acordos-internacionais/2002/22002D0006.md
22002D0007	Preâmbulo		18	56	706	ue/acordos-internacionais/2002/22002D0007.md
22002D0007	Artigo 1.º		60	124	856	ue/acordos-internacionais/2002/22002D0007.md
22002D0007	Artigo 2.º		126	128	96	ue/acordos-internacionais/2002/22002D0007.md
22002D0007	Artigo 3.º		130	132	51	ue/acordos-internacionais/2002/22002D0007.md
22002D0007	Artigo 4.º		134	166	158	ue/acordos-internacionais/2002/22002D0007.md
22002D0008	Preâmbulo		18	38	204	ue/acordos-internacionais/2002/22002D0008.md
22002D0008	Artigo 1.º		42	46	56	ue/acordos-internacionais/2002/22002D0008.md
22002D0008	Artigo 2.º		48	50	45	ue/acordos-internacionais/2002/22002D0008.md
22002D0008	Artigo 3.º		52	54	51	ue/acordos-internacionais/2002/22002D0008.md
22002D0008	Artigo 4.º		56	72	88	ue/acordos-internacionais/2002/22002D0008.md
22002D0009	Preâmbulo		18	42	413	ue/acordos-internacionais/2002/22002D0009.md
22002D0009	Artigo 1.º		46	50	62	ue/acordos-internacionais/2002/22002D0009.md
22002D0009	Artigo 2.º		52	64	359	ue/acordos-internacionais/2002/22002D0009.md
22002D0009	Artigo 3.º		66	68	54	ue/acordos-internacionais/2002/22002D0009.md
22002D0009	Artigo 4.º		70	72	51	ue/acordos-internacionais/2002/22002D0009.md
22002D0009	Artigo 5.º		74	94	105	ue/acordos-internacionais/2002/22002D0009.md
22002D0010	Preâmbulo		18	38	188	ue/acordos-internacionais/2002/22002D0010.md
22002D0010	Artigo 1.º		42	48	101	ue/acordos-internacionais/2002/22002D0010.md
22002D0010	Artigo 2.º		50	52	46	ue/acordos-internacionais/2002/22002D0010.md
22002D0010	Artigo 3.º		54	56	51	ue/acordos-internacionais/2002/22002D0010.md
22002D0010	Artigo 4.º		58	74	88	ue/acordos-internacionais/2002/22002D0010.md
22002D0011	Preâmbulo		18	40	286	ue/acordos-internacionais/2002/22002D0011.md
22002D0011	Artigo 1.º		44	50	94	ue/acordos-internacionais/2002/22002D0011.md
22002D0011	Artigo 2.º		52	54	54	ue/acordos-internacionais/2002/22002D0011.md
22002D0011	Artigo 3.º		56	58	50	ue/acordos-internacionais/2002/22002D0011.md
22002D0011	Artigo 4.º		60	78	97	ue/acordos-internacionais/2002/22002D0011.md
22002D0012	Preâmbulo		18	46	553	ue/acordos-internacionais/2002/22002D0012.md
22002D0012	Artigo 1.º		50	62	181	ue/acordos-internacionais/2002/22002D0012.md
22002D0012	Artigo 2.º		64	66	62	ue/acordos-internacionais/2002/22002D0012.md
22002D0012	Artigo 3.º		68	70	50	ue/acordos-internacionais/2002/22002D0012.md
22002D0012	Artigo 4.º		72	96	123	ue/acordos-internacionais/2002/22002D0012.md
22002D0013	Preâmbulo		18	44	485	ue/acordos-internacionais/2002/22002D0013.md
22002D0013	Artigo 1.º		48	58	168	ue/acordos-internacionais/2002/22002D0013.md
22002D0013	Artigo 2.º		60	62	66	ue/acordos-internacionais/2002/22002D0013.md
22002D0013	Artigo 3.º		64	66	50	ue/acordos-internacionais/2002/22002D0013.md
22002D0013	Artigo 4.º		68	90	111	ue/acordos-internacionais/2002/22002D0013.md
22002D0014	Preâmbulo		18	38	206	ue/acordos-internacionais/2002/22002D0014.md
22002D0014	Artigo 1.º		42	46	98	ue/acordos-internacionais/2002/22002D0014.md
22002D0014	Artigo 2.º		48	50	44	ue/acordos-internacionais/2002/22002D0014.md
22002D0014	Artigo 3.º		52	54	50	ue/acordos-internacionais/2002/22002D0014.md
22002D0014	Artigo 4.º		56	72	85	ue/acordos-internacionais/2002/22002D0014.md
22002D0015	Preâmbulo		18	38	168	ue/acordos-internacionais/2002/22002D0015.md
22002D0015	Artigo 1.º		42	46	73	ue/acordos-internacionais/2002/22002D0015.md
22002D0015	Artigo 2.º		48	50	43	ue/acordos-internacionais/2002/22002D0015.md
22002D0015	Artigo 3.º		52	54	50	ue/acordos-internacionais/2002/22002D0015.md
22002D0015	Artigo 4.º		56	70	77	ue/acordos-internacionais/2002/22002D0015.md
22002D0016	Preâmbulo		18	38	182	ue/acordos-internacionais/2002/22002D0016.md
22002D0016	Artigo 1.º		42	46	85	ue/acordos-internacionais/2002/22002D0016.md
22002D0016	Artigo 2.º		48	50	48	ue/acordos-internacionais/2002/22002D0016.md
22002D0016	Artigo 3.º		52	54	50	ue/acordos-internacionais/2002/22002D0016.md
22002D0016	Artigo 4.º		56	72	88	ue/acordos-internacionais/2002/22002D0016.md
22002D0017	Preâmbulo		18	40	236	ue/acordos-internacionais/2002/22002D0017.md
22002D0017	Artigo 1.º		44	48	82	ue/acordos-internacionais/2002/22002D0017.md
22002D0017	Artigo 2.º		50	52	24	ue/acordos-internacionais/2002/22002D0017.md
22002D0017	Artigo 3.º		54	56	42	ue/acordos-internacionais/2002/22002D0017.md
22002D0017	Artigo 4.º		58	60	50	ue/acordos-internacionais/2002/22002D0017.md
22002D0017	Artigo 5.º		62	80	94	ue/acordos-internacionais/2002/22002D0017.md
22002D0018	Preâmbulo		18	38	221	ue/acordos-internacionais/2002/22002D0018.md
22002D0018	Artigo 1.º		42	46	60	ue/acordos-internacionais/2002/22002D0018.md
22002D0018	Artigo 2.º		48	50	44	ue/acordos-internacionais/2002/22002D0018.md
22002D0018	Artigo 3.º		52	54	50	ue/acordos-internacionais/2002/22002D0018.md
22002D0018	Artigo 4.º		56	72	87	ue/acordos-internacionais/2002/22002D0018.md
22002D0019	Preâmbulo		18	38	201	ue/acordos-internacionais/2002/22002D0019.md
22002D0019	Artigo 1.º		42	46	99	ue/acordos-internacionais/2002/22002D0019.md
22002D0019	Artigo 2.º		48	50	43	ue/acordos-internacionais/2002/22002D0019.md
22002D0019	Artigo 3.º		52	54	50	ue/acordos-internacionais/2002/22002D0019.md
22002D0019	Artigo 4.º		56	72	87	ue/acordos-internacionais/2002/22002D0019.md
22002D0020	Preâmbulo		18	38	202	ue/acordos-internacionais/2002/22002D0020.md
22002D0020	Artigo 1.º		42	46	102	ue/acordos-internacionais/2002/22002D0020.md
22002D0020	Artigo 2.º		48	50	58	ue/acordos-internacionais/2002/22002D0020.md
22002D0020	Artigo 3.º		52	54	50	ue/acordos-internacionais/2002/22002D0020.md
22002D0020	Artigo 4.º		56	72	88	ue/acordos-internacionais/2002/22002D0020.md
22002D0021	Preâmbulo		18	40	265	ue/acordos-internacionais/2002/22002D0021.md
22002D0021	Artigo 1.º		44	50	172	ue/acordos-internacionais/2002/22002D0021.md
22002D0021	Artigo 2.º		52	54	54	ue/acordos-internacionais/2002/22002D0021.md
22002D0021	Artigo 3.º		56	58	50	ue/acordos-internacionais/2002/22002D0021.md
22002D0021	Artigo 4.º		60	78	97	ue/acordos-internacionais/2002/22002D0021.md
22002D0022	Preâmbulo		18	38	218	ue/acordos-internacionais/2002/22002D0022.md
22002D0022	Artigo 1.º		42	46	60	ue/acordos-internacionais/2002/22002D0022.md
22002D0022	Artigo 2.º		48	50	48	ue/acordos-internacionais/2002/22002D0022.md
22002D0022	Artigo 3.º		52	54	50	ue/acordos-internacionais/2002/22002D0022.md
22002D0022	Artigo 4.º		56	72	88	ue/acordos-internacionais/2002/22002D0022.md
22002D0023	Preâmbulo		18	38	206	ue/acordos-internacionais/2002/22002D0023.md
22002D0023	Artigo 1.º		42	48	63	ue/acordos-internacionais/2002/22002D0023.md
22002D0023	Artigo 2.º		50	52	49	ue/acordos-internacionais/2002/22002D0023.md
22002D0023	Artigo 3.º		54	56	50	ue/acordos-internacionais/2002/22002D0023.md
22002D0023	Artigo 4.º		58	74	88	ue/acordos-internacionais/2002/22002D0023.md
22002D0024	Preâmbulo		18	38	205	ue/acordos-internacionais/2002/22002D0024.md
22002D0024	Artigo 1.º		42	48	70	ue/acordos-internacionais/2002/22002D0024.md
22002D0024	Artigo 2.º		50	52	45	ue/acordos-internacionais/2002/22002D0024.md
22002D0024	Artigo 3.º		54	56	50	ue/acordos-internacionais/2002/22002D0024.md
22002D0024	Artigo 4.º		58	74	86	ue/acordos-internacionais/2002/22002D0024.md
22002D0025	Preâmbulo		18	38	211	ue/acordos-internacionais/2002/22002D0025.md
22002D0025	Artigo 1.º		42	48	74	ue/acordos-internacionais/2002/22002D0025.md
22002D0025	Artigo 2.º		50	52	45	ue/acordos-internacionais/2002/22002D0025.md
22002D0025	Artigo 3.º		54	56	50	ue/acordos-internacionais/2002/22002D0025.md
22002D0025	Artigo 4.º		58	74	86	ue/acordos-internacionais/2002/22002D0025.md
22002D0026	Preâmbulo		18	44	426	ue/acordos-internacionais/2002/22002D0026.md
22002D0026	Artigo 1.º		48	52	59	ue/acordos-internacionais/2002/22002D0026.md
22002D0026	Artigo 2.º		54	66	185	ue/acordos-internacionais/2002/22002D0026.md
22002D0026	Artigo 3.º		68	70	118	ue/acordos-internacionais/2002/22002D0026.md
22002D0026	Artigo 4.º		72	74	50	ue/acordos-internacionais/2002/22002D0026.md
22002D0026	Artigo 5.º		76	96	117	ue/acordos-internacionais/2002/22002D0026.md
22002D0027	Preâmbulo		18	42	461	ue/acordos-internacionais/2002/22002D0027.md
22002D0027	Artigo 1.º		46	56	182	ue/acordos-internacionais/2002/22002D0027.md
22002D0027	Artigo 2.º		58	60	127	ue/acordos-internacionais/2002/22002D0027.md
22002D0027	Artigo 3.º		62	64	50	ue/acordos-internacionais/2002/22002D0027.md
22002D0027	Artigo 4.º		66	84	108	ue/acordos-internacionais/2002/22002D0027.md
22002D0028	Preâmbulo		18	40	294	ue/acordos-internacionais/2002/22002D0028.md
22002D0028	Artigo 1.º		44	54	222	ue/acordos-internacionais/2002/22002D0028.md
22002D0028	Artigo 2.º		56	58	45	ue/acordos-internacionais/2002/22002D0028.md
22002D0028	Artigo 3.º		60	62	50	ue/acordos-internacionais/2002/22002D0028.md
22002D0028	Artigo 4.º		64	98	170	ue/acordos-internacionais/2002/22002D0028.md
22002D0029	Preâmbulo		18	42	390	ue/acordos-internacionais/2002/22002D0029.md
22002D0029	Artigo 1.º		46	60	182	ue/acordos-internacionais/2002/22002D0029.md
22002D0029	Artigo 2.º		62	64	55	ue/acordos-internacionais/2002/22002D0029.md
22002D0029	Artigo 3.º		66	68	50	ue/acordos-internacionais/2002/22002D0029.md
22002D0029	Artigo 4.º		70	90	105	ue/acordos-internacionais/2002/22002D0029.md
22002D0030	Preâmbulo		18	40	278	ue/acordos-internacionais/2002/22002D0030.md
22002D0030	Artigo 1.º		44	48	60	ue/acordos-internacionais/2002/22002D0030.md
22002D0030	Artigo 2.º		50	54	74	ue/acordos-internacionais/2002/22002D0030.md
22002D0030	Artigo 3.º		56	58	65	ue/acordos-internacionais/2002/22002D0030.md
22002D0030	Artigo 4.º		60	62	50	ue/acordos-internacionais/2002/22002D0030.md
22002D0030	Artigo 5.º		64	82	96	ue/acordos-internacionais/2002/22002D0030.md
22002D0032	Preâmbulo		18	42	312	ue/acordos-internacionais/2002/22002D0032.md
22002D0032	Artigo 1.º		46	54	146	ue/acordos-internacionais/2002/22002D0032.md
22002D0032	Artigo 2.º		56	58	53	ue/acordos-internacionais/2002/22002D0032.md
22002D0032	Artigo 3.º		60	62	50	ue/acordos-internacionais/2002/22002D0032.md
22002D0032	Artigo 4.º		64	84	104	ue/acordos-internacionais/2002/22002D0032.md
22002D0033	Preâmbulo		18	38	227	ue/acordos-internacionais/2002/22002D0033.md
22002D0033	Artigo 1.º		42	46	126	ue/acordos-internacionais/2002/22002D0033.md
22002D0033	Artigo 2.º		48	50	48	ue/acordos-internacionais/2002/22002D0033.md
22002D0033	Artigo 3.º		52	54	50	ue/acordos-internacionais/2002/22002D0033.md
22002D0033	Artigo 4.º		56	72	87	ue/acordos-internacionais/2002/22002D0033.md
22002D0034	Preâmbulo		18	42	423	ue/acordos-internacionais/2002/22002D0034.md
22002D0034	Artigo 1.º		46	54	114	ue/acordos-internacionais/2002/22002D0034.md
22002D0034	Artigo 2.º		56	58	54	ue/acordos-internacionais/2002/22002D0034.md
22002D0034	Artigo 3.º		60	62	50	ue/acordos-internacionais/2002/22002D0034.md
22002D0034	Artigo 4.º		64	84	104	ue/acordos-internacionais/2002/22002D0034.md
22002D0035	Preâmbulo		18	38	210	ue/acordos-internacionais/2002/22002D0035.md
22002D0035	Artigo 1.º		42	46	66	ue/acordos-internacionais/2002/22002D0035.md
22002D0035	Artigo 2.º		48	50	47	ue/acordos-internacionais/2002/22002D0035.md
22002D0035	Artigo 3.º		52	54	50	ue/acordos-internacionais/2002/22002D0035.md
22002D0035	Artigo 4.º		56	72	87	ue/acordos-internacionais/2002/22002D0035.md
22002D0037	Preâmbulo		18	44	304	ue/acordos-internacionais/2002/22002D0037.md
22002D0037	Artigo 1.º		48	68	233	ue/acordos-internacionais/2002/22002D0037.md
22002D0037	Artigo 2.º		70	72	47	ue/acordos-internacionais/2002/22002D0037.md
22002D0037	Artigo 3.º		74	76	50	ue/acordos-internacionais/2002/22002D0037.md
22002D0037	Artigo 4.º		78	94	87	ue/acordos-internacionais/2002/22002D0037.md
22002D0038	Preâmbulo		18	38	196	ue/acordos-internacionais/2002/22002D0038.md
22002D0038	Artigo 1.º		42	48	64	ue/acordos-internacionais/2002/22002D0038.md
22002D0038	Artigo 2.º		50	52	47	ue/acordos-internacionais/2002/22002D0038.md
22002D0038	Artigo 3.º		54	56	50	ue/acordos-internacionais/2002/22002D0038.md
22002D0038	Artigo 4.º		58	74	88	ue/acordos-internacionais/2002/22002D0038.md
22002D0039	Preâmbulo		18	38	254	ue/acordos-internacionais/2002/22002D0039.md
22002D0039	Artigo 1.º		42	46	65	ue/acordos-internacionais/2002/22002D0039.md
22002D0039	Artigo 2.º		48	50	48	ue/acordos-internacionais/2002/22002D0039.md
22002D0039	Artigo 3.º		52	54	50	ue/acordos-internacionais/2002/22002D0039.md
22002D0039	Artigo 4.º		56	72	87	ue/acordos-internacionais/2002/22002D0039.md
22002D0040	Preâmbulo		18	38	172	ue/acordos-internacionais/2002/22002D0040.md
22002D0040	Artigo 1.º		42	46	58	ue/acordos-internacionais/2002/22002D0040.md
22002D0040	Artigo 2.º		48	50	47	ue/acordos-internacionais/2002/22002D0040.md
22002D0040	Artigo 3.º		52	54	50	ue/acordos-internacionais/2002/22002D0040.md
22002D0040	Artigo 4.º		56	72	87	ue/acordos-internacionais/2002/22002D0040.md
22002D0041	Preâmbulo		18	42	375	ue/acordos-internacionais/2002/22002D0041.md
22002D0041	Artigo 1.º		46	54	114	ue/acordos-internacionais/2002/22002D0041.md
22002D0041	Artigo 2.º		56	58	59	ue/acordos-internacionais/2002/22002D0041.md
22002D0041	Artigo 3.º		60	62	50	ue/acordos-internacionais/2002/22002D0041.md
22002D0041	Artigo 4.º		64	84	105	ue/acordos-internacionais/2002/22002D0041.md
22002D0044	Preâmbulo		18	38	193	ue/acordos-internacionais/2002/22002D0044.md
22002D0044	Artigo 1.º		42	46	100	ue/acordos-internacionais/2002/22002D0044.md
22002D0044	Artigo 2.º		48	50	50	ue/acordos-internacionais/2002/22002D0044.md
22002D0044	Artigo 3.º		52	54	50	ue/acordos-internacionais/2002/22002D0044.md
22002D0044	Artigo 4.º		56	72	88	ue/acordos-internacionais/2002/22002D0044.md
22002D0045	Preâmbulo		18	40	350	ue/acordos-internacionais/2002/22002D0045.md
22002D0045	Artigo 1.º		44	62	412	ue/acordos-internacionais/2002/22002D0045.md
22002D0045	Artigo 2.º		64	66	56	ue/acordos-internacionais/2002/22002D0045.md
22002D0045	Artigo 3.º		68	70	50	ue/acordos-internacionais/2002/22002D0045.md
22002D0045	Artigo 4.º		72	90	96	ue/acordos-internacionais/2002/22002D0045.md
22002D0046	Preâmbulo		18	40	227	ue/acordos-internacionais/2002/22002D0046.md
22002D0046	Artigo 1.º		44	48	107	ue/acordos-internacionais/2002/22002D0046.md
22002D0046	Artigo 2.º		50	52	50	ue/acordos-internacionais/2002/22002D0046.md
22002D0046	Artigo 3.º		54	70	87	ue/acordos-internacionais/2002/22002D0046.md
22002D0048	Preâmbulo		18	46	534	ue/acordos-internacionais/2002/22002D0048.md
22002D0048	Artigo 1.º		50	92	434	ue/acordos-internacionais/2002/22002D0048.md
22002D0048	Artigo 2.º		94	96	116	ue/acordos-internacionais/2002/22002D0048.md
22002D0048	Artigo 3.º		98	100	50	ue/acordos-internacionais/2002/22002D0048.md
22002D0048	Artigo 4.º		102	122	117	ue/acordos-internacionais/2002/22002D0048.md
22002D0049	Preâmbulo		18	42	406	ue/acordos-internacionais/2002/22002D0049.md
22002D0049	Artigo 1.º		46	56	203	ue/acordos-internacionais/2002/22002D0049.md
22002D0049	Artigo 2.º		58	60	52	ue/acordos-internacionais/2002/22002D0049.md
22002D0049	Artigo 3.º		62	64	50	ue/acordos-internacionais/2002/22002D0049.md
22002D0049	Artigo 4.º		66	86	104	ue/acordos-internacionais/2002/22002D0049.md
22002D0050	Preâmbulo		18	40	281	ue/acordos-internacionais/2002/22002D0050.md
22002D0050	Artigo 1.º		44	48	98	ue/acordos-internacionais/2002/22002D0050.md
22002D0050	Artigo 2.º		50	52	53	ue/acordos-internacionais/2002/22002D0050.md
22002D0050	Artigo 3.º		54	56	50	ue/acordos-internacionais/2002/22002D0050.md
22002D0050	Artigo 4.º		58	76	96	ue/acordos-internacionais/2002/22002D0050.md
22002D0051	Preâmbulo		18	46	427	ue/acordos-internacionais/2002/22002D0051.md
22002D0051	Artigo 1.º		50	56	241	ue/acordos-internacionais/2002/22002D0051.md
22002D0051	Artigo 2.º		58	60	54	ue/acordos-internacionais/2002/22002D0051.md
22002D0051	Artigo 3.º		62	64	50	ue/acordos-internacionais/2002/22002D0051.md
22002D0051	Artigo 4.º		66	90	120	ue/acordos-internacionais/2002/22002D0051.md
22002D0052	Preâmbulo		18	38	225	ue/acordos-internacionais/2002/22002D0052.md
22002D0052	Artigo 1.º		42	44	66	ue/acordos-internacionais/2002/22002D0052.md
22002D0052	Artigo 2.º		46	48	48	ue/acordos-internacionais/2002/22002D0052.md
22002D0052	Artigo 3.º		50	52	50	ue/acordos-internacionais/2002/22002D0052.md
22002D0052	Artigo 4.º		54	70	87	ue/acordos-internacionais/2002/22002D0052.md
22002D0053	Preâmbulo		18	40	345	ue/acordos-internacionais/2002/22002D0053.md
22002D0053	Artigo 1.º		44	48	90	ue/acordos-internacionais/2002/22002D0053.md
22002D0053	Artigo 2.º		50	52	49	ue/acordos-internacionais/2002/22002D0053.md
22002D0053	Artigo 3.º		54	56	50	ue/acordos-internacionais/2002/22002D0053.md
22002D0053	Artigo 4.º		58	76	96	ue/acordos-internacionais/2002/22002D0053.md
22002D0054	Preâmbulo		18	44	463	ue/acordos-internacionais/2002/22002D0054.md
22002D0054	Artigo 1.º		48	50	148	ue/acordos-internacionais/2002/22002D0054.md
22002D0054	Artigo 2.º		52	60	145	ue/acordos-internacionais/2002/22002D0054.md
22002D0054	Artigo 3.º		62	64	55	ue/acordos-internacionais/2002/22002D0054.md
22002D0054	Artigo 4.º		66	68	50	ue/acordos-internacionais/2002/22002D0054.md
22002D0054	Artigo 5.º		70	92	114	ue/acordos-internacionais/2002/22002D0054.md
22002D0056	Preâmbulo		18	42	392	ue/acordos-internacionais/2002/22002D0056.md
22002D0056	Artigo 1.º		46	48	103	ue/acordos-internacionais/2002/22002D0056.md
22002D0056	Artigo 2.º		50	52	64	ue/acordos-internacionais/2002/22002D0056.md
22002D0056	Artigo 3.º		54	56	64	ue/acordos-internacionais/2002/22002D0056.md
22002D0056	Artigo 4.º		58	60	52	ue/acordos-internacionais/2002/22002D0056.md
22002D0056	Artigo 5.º		62	64	50	ue/acordos-internacionais/2002/22002D0056.md
22002D0056	Artigo 6.º		66	86	101	ue/acordos-internacionais/2002/22002D0056.md
22002D0057	Preâmbulo		18	38	261	ue/acordos-internacionais/2002/22002D0057.md
22002D0057	Artigo 1.º	"No anexo XVIII do acordo, a seguir ao ponto 16j (Directiva 2000/39/CE da Comissão) é inserido o seguinte: ""ACTOS QUE AS PARTES CONTRATANTES TERÃO EM CONTA"	42	44	139	ue/acordos-internacionais/2002/22002D0057.md
22002D0057	Artigo 2.º		46	48	63	ue/acordos-internacionais/2002/22002D0057.md
22002D0057	Artigo 3.º		50	52	50	ue/acordos-internacionais/2002/22002D0057.md
22002D0057	Artigo 4.º		54	68	79	ue/acordos-internacionais/2002/22002D0057.md
22002D0058	Preâmbulo		18	38	234	ue/acordos-internacionais/2002/22002D0058.md
22002D0058	Artigo 1.º		42	50	146	ue/acordos-internacionais/2002/22002D0058.md
22002D0058	Artigo 2.º		52	54	42	ue/acordos-internacionais/2002/22002D0058.md
22002D0058	Artigo 3.º		56	58	50	ue/acordos-internacionais/2002/22002D0058.md
22002D0058	Artigo 4.º		60	76	86	ue/acordos-internacionais/2002/22002D0058.md
22002D0059	Preâmbulo		18	40	261	ue/acordos-internacionais/2002/22002D0059.md
22002D0059	Artigo 1.º		44	54	136	ue/acordos-internacionais/2002/22002D0059.md
22002D0059	Artigo 2.º		56	58	48	ue/acordos-internacionais/2002/22002D0059.md
22002D0059	Artigo 3.º		60	62	50	ue/acordos-internacionais/2002/22002D0059.md
22002D0059	Artigo 4.º		64	82	97	ue/acordos-internacionais/2002/22002D0059.md
22002D0060	Preâmbulo		18	38	203	ue/acordos-internacionais/2002/22002D0060.md
22002D0060	Artigo 1.º		42	46	68	ue/acordos-internacionais/2002/22002D0060.md
22002D0060	Artigo 2.º		48	50	44	ue/acordos-internacionais/2002/22002D0060.md
22002D0060	Artigo 3.º		52	54	50	ue/acordos-internacionais/2002/22002D0060.md
22002D0060	Artigo 4.º		56	72	88	ue/acordos-internacionais/2002/22002D0060.md
22002D0061	Preâmbulo		18	44	344	ue/acordos-internacionais/2002/22002D0061.md
22002D0061	Artigo 1.º		48	50	63	ue/acordos-internacionais/2002/22002D0061.md
22002D0061	Artigo 2.º		52	58	133	ue/acordos-internacionais/2002/22002D0061.md
22002D0061	Artigo 3.º		60	62	49	ue/acordos-internacionais/2002/22002D0061.md
22002D0061	Artigo 4.º		64	66	50	ue/acordos-internacionais/2002/22002D0061.md
22002D0061	Artigo 5.º		68	84	87	ue/acordos-internacionais/2002/22002D0061.md
22002D0062	Preâmbulo		18	38	195	ue/acordos-internacionais/2002/22002D0062.md
22002D0062	Artigo 1.º		42	46	210	ue/acordos-internacionais/2002/22002D0062.md
22002D0062	Artigo 2.º		48	50	47	ue/acordos-internacionais/2002/22002D0062.md
22002D0062	Artigo 3.º		52	54	50	ue/acordos-internacionais/2002/22002D0062.md
22002D0062	Artigo 4.º		56	72	88	ue/acordos-internacionais/2002/22002D0062.md
22002D0063	Preâmbulo		18	38	189	ue/acordos-internacionais/2002/22002D0063.md
22002D0063	Artigo 1.º		42	44	92	ue/acordos-internacionais/2002/22002D0063.md
22002D0063	Artigo 2.º		46	48	50	ue/acordos-internacionais/2002/22002D0063.md
22002D0063	Artigo 3.º		50	52	50	ue/acordos-internacionais/2002/22002D0063.md
22002D0063	Artigo 4.º		54	70	88	ue/acordos-internacionais/2002/22002D0063.md
22002D0064	Preâmbulo		18	42	343	ue/acordos-internacionais/2002/22002D0064.md
22002D0064	Artigo 1.º		46	64	374	ue/acordos-internacionais/2002/22002D0064.md
22002D0064	Artigo 2.º		66	68	53	ue/acordos-internacionais/2002/22002D0064.md
22002D0064	Artigo 3.º		70	72	50	ue/acordos-internacionais/2002/22002D0064.md
22002D0064	Artigo 4.º		74	94	105	ue/acordos-internacionais/2002/22002D0064.md
22002D0065	Preâmbulo		18	42	384	ue/acordos-internacionais/2002/22002D0065.md
22002D0065	Artigo 1.º		46	70	422	ue/acordos-internacionais/2002/22002D0065.md
22002D0065	Artigo 2.º		72	74	70	ue/acordos-internacionais/2002/22002D0065.md
22002D0065	Artigo 3.º		76	78	50	ue/acordos-internacionais/2002/22002D0065.md
22002D0065	Artigo 4.º		80	100	104	ue/acordos-internacionais/2002/22002D0065.md
22002D0066	Preâmbulo		18	40	263	ue/acordos-internacionais/2002/22002D0066.md
22002D0066	Artigo 1.º		44	60	258	ue/acordos-internacionais/2002/22002D0066.md
22002D0066	Artigo 2.º		62	66	60	ue/acordos-internacionais/2002/22002D0066.md
22002D0066	Artigo 3.º		68	84	87	ue/acordos-internacionais/2002/22002D0066.md
22002D0067	Preâmbulo		18	42	283	ue/acordos-internacionais/2002/22002D0067.md
22002D0067	Artigo 1.º		46	52	169	ue/acordos-internacionais/2002/22002D0067.md
22002D0067	Artigo 3.º		54	56	50	ue/acordos-internacionais/2002/22002D0067.md
22002D0067	Artigo 4.º		58	72	78	ue/acordos-internacionais/2002/22002D0067.md
22002D0069	Preâmbulo		18	42	303	ue/acordos-internacionais/2002/22002D0069.md
22002D0069	Artigo 1.º		46	108	312	ue/acordos-internacionais/2002/22002D0069.md
22002D0069	Artigo 2.º		110	112	50	ue/acordos-internacionais/2002/22002D0069.md
22002D0069	Artigo 3.º		114	128	78	ue/acordos-internacionais/2002/22002D0069.md
22002D0070	Preâmbulo		18	42	276	ue/acordos-internacionais/2002/22002D0070.md
22002D0070	Artigo 1.º		46	56	117	ue/acordos-internacionais/2002/22002D0070.md
22002D0070	Artigo 2.º		58	60	49	ue/acordos-internacionais/2002/22002D0070.md
22002D0070	Artigo 3.º		62	64	50	ue/acordos-internacionais/2002/22002D0070.md
22002D0070	Artigo 4.º		66	84	96	ue/acordos-internacionais/2002/22002D0070.md
22002D0071	Preâmbulo		18	42	250	ue/acordos-internacionais/2002/22002D0071.md
22002D0071	Artigo 1.º		46	56	195	ue/acordos-internacionais/2002/22002D0071.md
22002D0071	Artigo 2.º		58	60	45	ue/acordos-internacionais/2002/22002D0071.md
22002D0071	Artigo 3.º		62	64	50	ue/acordos-internacionais/2002/22002D0071.md
22002D0071	Artigo 4.º		66	84	96	ue/acordos-internacionais/2002/22002D0071.md
22002D0072	Preâmbulo		18	42	317	ue/acordos-internacionais/2002/22002D0072.md
22002D0072	Artigo 1.º		46	58	129	ue/acordos-internacionais/2002/22002D0072.md
22002D0072	Artigo 2.º		60	62	49	ue/acordos-internacionais/2002/22002D0072.md
22002D0072	Artigo 3.º		64	66	50	ue/acordos-internacionais/2002/22002D0072.md
22002D0072	Artigo 4.º		68	86	96	ue/acordos-internacionais/2002/22002D0072.md
22002D0073	Preâmbulo		18	42	250	ue/acordos-internacionais/2002/22002D0073.md
22002D0073	Artigo 1.º		46	48	32	ue/acordos-internacionais/2002/22002D0073.md
22002D0073	Artigo 2.º		50	52	80	ue/acordos-internacionais/2002/22002D0073.md
22002D0073	Artigo 3.º		54	56	50	ue/acordos-internacionais/2002/22002D0073.md
22002D0073	Artigo 4.º		58	142	993	ue/acordos-internacionais/2002/22002D0073.md
22002D0074	Preâmbulo		18	42	277	ue/acordos-internacionais/2002/22002D0074.md
22002D0074	Artigo 1.º		46	62	214	ue/acordos-internacionais/2002/22002D0074.md
22002D0074	Artigo 2.º		64	66	51	ue/acordos-internacionais/2002/22002D0074.md
22002D0074	Artigo 3.º		68	70	53	ue/acordos-internacionais/2002/22002D0074.md
22002D0074	Artigo 4.º		72	90	98	ue/acordos-internacionais/2002/22002D0074.md
22002D0075	Preâmbulo		18	42	240	ue/acordos-internacionais/2002/22002D0075.md
22002D0075	Artigo 1.º		46	48	35	ue/acordos-internacionais/2002/22002D0075.md
22002D0075	Artigo 2.º		50	52	66	ue/acordos-internacionais/2002/22002D0075.md
22002D0075	Artigo 3.º		54	56	50	ue/acordos-internacionais/2002/22002D0075.md
22002D0075	Artigo 4.º		58	128	799	ue/acordos-internacionais/2002/22002D0075.md
22002D0076	Preâmbulo		18	42	231	ue/acordos-internacionais/2002/22002D0076.md
22002D0076	Artigo 1.º		46	48	35	ue/acordos-internacionais/2002/22002D0076.md
22002D0076	Artigo 2.º		50	52	86	ue/acordos-internacionais/2002/22002D0076.md
22002D0076	Artigo 3.º		54	56	50	ue/acordos-internacionais/2002/22002D0076.md
22002D0076	Artigo 4.º		58	140	751	ue/acordos-internacionais/2002/22002D0076.md
22002D0077	Preâmbulo		18	40	268	ue/acordos-internacionais/2002/22002D0077.md
22002D0077	Artigo 1.º		44	48	152	ue/acordos-internacionais/2002/22002D0077.md
22002D0077	Artigo 2.º		50	52	43	ue/acordos-internacionais/2002/22002D0077.md
22002D0077	Artigo 3.º		54	56	50	ue/acordos-internacionais/2002/22002D0077.md
22002D0077	Artigo 4.º		58	74	88	ue/acordos-internacionais/2002/22002D0077.md
22002D0078	Preâmbulo		18	44	461	ue/acordos-internacionais/2002/22002D0078.md
22002D0078	Artigo 1.º		48	66	275	ue/acordos-internacionais/2002/22002D0078.md
22002D0078	Artigo 2.º		68	70	69	ue/acordos-internacionais/2002/22002D0078.md
22002D0078	Artigo 3.º		72	74	50	ue/acordos-internacionais/2002/22002D0078.md
22002D0078	Artigo 4.º		76	96	104	ue/acordos-internacionais/2002/22002D0078.md
22002D0079	Preâmbulo		18	40	254	ue/acordos-internacionais/2002/22002D0079.md
22002D0079	Artigo 1.º		44	56	127	ue/acordos-internacionais/2002/22002D0079.md
22002D0079	Artigo 2.º		58	60	52	ue/acordos-internacionais/2002/22002D0079.md
22002D0079	Artigo 3.º		62	64	50	ue/acordos-internacionais/2002/22002D0079.md
22002D0079	Artigo 4.º		66	84	96	ue/acordos-internacionais/2002/22002D0079.md
22002D0080	Preâmbulo		18	38	157	ue/acordos-internacionais/2002/22002D0080.md
22002D0080	Artigo 1.º		42	44	32	ue/acordos-internacionais/2002/22002D0080.md
22002D0080	Artigo 2.º		46	48	108	ue/acordos-internacionais/2002/22002D0080.md
22002D0080	Artigo 3.º		50	52	50	ue/acordos-internacionais/2002/22002D0080.md
22002D0080	Artigo 4.º		54	170	1480	ue/acordos-internacionais/2002/22002D0080.md
22002D0081	Preâmbulo		18	48	527	ue/acordos-internacionais/2002/22002D0081.md
22002D0081	Artigo 1.º		52	78	364	ue/acordos-internacionais/2002/22002D0081.md
22002D0081	Artigo 2.º		80	82	73	ue/acordos-internacionais/2002/22002D0081.md
22002D0081	Artigo 3.º		84	86	50	ue/acordos-internacionais/2002/22002D0081.md
22002D0081	Artigo 4.º		88	114	130	ue/acordos-internacionais/2002/22002D0081.md
22002D0082	Preâmbulo		18	42	280	ue/acordos-internacionais/2002/22002D0082.md
22002D0082	Artigo 1.º		46	56	296	ue/acordos-internacionais/2002/22002D0082.md
22002D0082	Artigo 2.º		58	60	49	ue/acordos-internacionais/2002/22002D0082.md
22002D0082	Artigo 3.º		62	64	50	ue/acordos-internacionais/2002/22002D0082.md
22002D0082	Artigo 4.º		66	84	96	ue/acordos-internacionais/2002/22002D0082.md
22002D0083	Preâmbulo		18	40	247	ue/acordos-internacionais/2002/22002D0083.md
22002D0083	Artigo 1.º		44	48	56	ue/acordos-internacionais/2002/22002D0083.md
22002D0083	Artigo 2.º		50	54	56	ue/acordos-internacionais/2002/22002D0083.md
22002D0083	Artigo 3.º		56	58	48	ue/acordos-internacionais/2002/22002D0083.md
22002D0083	Artigo 4.º		60	62	50	ue/acordos-internacionais/2002/22002D0083.md
22002D0083	Artigo 5.º		64	82	96	ue/acordos-internacionais/2002/22002D0083.md
22002D0084	Preâmbulo		18	42	546	ue/acordos-internacionais/2002/22002D0084.md
22002D0084	Artigo 1.º		46	52	74	ue/acordos-internacionais/2002/22002D0084.md
22002D0084	Artigo 2.º		54	64	156	ue/acordos-internacionais/2002/22002D0084.md
22002D0084	Artigo 3.º		66	180	517	ue/acordos-internacionais/2002/22002D0084.md
22002D0084	Artigo 4.º		182	184	13	ue/acordos-internacionais/2002/22002D0084.md
22002D0084	Artigo 5.º		186	200	158	ue/acordos-internacionais/2002/22002D0084.md
22002D0084	Artigo 6.º		202	206	62	ue/acordos-internacionais/2002/22002D0084.md
22002D0084	Artigo 7.º		208	228	201	ue/acordos-internacionais/2002/22002D0084.md
22002D0084	Artigo 8.º		230	236	75	ue/acordos-internacionais/2002/22002D0084.md
22002D0084	Artigo 9.º		238	250	131	ue/acordos-internacionais/2002/22002D0084.md
22002D0084	Artigo 10.º		252	256	63	ue/acordos-internacionais/2002/22002D0084.md
22002D0084	Artigo 11.º		258	270	131	ue/acordos-internacionais/2002/22002D0084.md
22002D0084	Artigo 12.º		272	276	63	ue/acordos-internacionais/2002/22002D0084.md
22002D0084	Artigo 13.º		278	284	75	ue/acordos-internacionais/2002/22002D0084.md
22002D0084	Artigo 14.º		286	298	132	ue/acordos-internacionais/2002/22002D0084.md
22002D0084	Artigo 15.º		300	304	63	ue/acordos-internacionais/2002/22002D0084.md
22002D0084	Artigo 16.º		306	308	18	ue/acordos-internacionais/2002/22002D0084.md
22002D0084	Artigo 17.º		310	312	200	ue/acordos-internacionais/2002/22002D0084.md
22002D0084	Artigo 18.º		314	316	50	ue/acordos-internacionais/2002/22002D0084.md
22002D0084	Artigo 19.º		318	338	114	ue/acordos-internacionais/2002/22002D0084.md
22002D0085	Preâmbulo		18	38	210	ue/acordos-internacionais/2002/22002D0085.md
22002D0085	Artigo 1.º		42	54	148	ue/acordos-internacionais/2002/22002D0085.md
22002D0085	Artigo 2.º		56	58	44	ue/acordos-internacionais/2002/22002D0085.md
22002D0085	Artigo 3.º		60	62	50	ue/acordos-internacionais/2002/22002D0085.md
22002D0085	Artigo 4.º		64	80	85	ue/acordos-internacionais/2002/22002D0085.md
22002D0086	Preâmbulo		18	40	262	ue/acordos-internacionais/2002/22002D0086.md
22002D0086	Artigo 1.º		44	50	74	ue/acordos-internacionais/2002/22002D0086.md
22002D0086	Artigo 2.º		52	56	76	ue/acordos-internacionais/2002/22002D0086.md
22002D0086	Artigo 3.º		58	60	45	ue/acordos-internacionais/2002/22002D0086.md
22002D0086	Artigo 4.º		62	64	53	ue/acordos-internacionais/2002/22002D0086.md
22002D0086	Artigo 5.º		66	84	94	ue/acordos-internacionais/2002/22002D0086.md
22002D0087	Preâmbulo		18	40	265	ue/acordos-internacionais/2002/22002D0087.md
22002D0087	Artigo 1.º		44	50	178	ue/acordos-internacionais/2002/22002D0087.md
22002D0087	Artigo 2.º		52	54	54	ue/acordos-internacionais/2002/22002D0087.md
22002D0087	Artigo 3.º		56	58	53	ue/acordos-internacionais/2002/22002D0087.md
22002D0087	Artigo 4.º		60	78	94	ue/acordos-internacionais/2002/22002D0087.md
22002D0088	Preâmbulo		18	42	286	ue/acordos-internacionais/2002/22002D0088.md
22002D0088	Artigo 1.º		46	128	1423	ue/acordos-internacionais/2002/22002D0088.md
22002D0088	Artigo 2.º		130	132	56	ue/acordos-internacionais/2002/22002D0088.md
22002D0088	Artigo 3.º		134	136	53	ue/acordos-internacionais/2002/22002D0088.md
22002D0088	Artigo 4.º		138	158	102	ue/acordos-internacionais/2002/22002D0088.md
22002D0089	Preâmbulo		18	38	210	ue/acordos-internacionais/2002/22002D0089.md
22002D0089	Artigo 1.º		42	46	85	ue/acordos-internacionais/2002/22002D0089.md
22002D0089	Artigo 2.º		48	50	45	ue/acordos-internacionais/2002/22002D0089.md
22002D0089	Artigo 3.º		52	54	53	ue/acordos-internacionais/2002/22002D0089.md
22002D0089	Artigo 4.º		56	72	85	ue/acordos-internacionais/2002/22002D0089.md
22002D0090	Preâmbulo		18	38	180	ue/acordos-internacionais/2002/22002D0090.md
22002D0090	Artigo 1.º		42	52	181	ue/acordos-internacionais/2002/22002D0090.md
22002D0090	Artigo 2.º		54	56	45	ue/acordos-internacionais/2002/22002D0090.md
22002D0090	Artigo 3.º		58	60	53	ue/acordos-internacionais/2002/22002D0090.md
22002D0090	Artigo 4.º		62	78	85	ue/acordos-internacionais/2002/22002D0090.md
22002D0091	Preâmbulo		18	38	183	ue/acordos-internacionais/2002/22002D0091.md
22002D0091	Artigo 1.º		42	46	88	ue/acordos-internacionais/2002/22002D0091.md
22002D0091	Artigo 2.º		48	50	46	ue/acordos-internacionais/2002/22002D0091.md
22002D0091	Artigo 3.º		52	54	53	ue/acordos-internacionais/2002/22002D0091.md
22002D0091	Artigo 4.º		56	72	88	ue/acordos-internacionais/2002/22002D0091.md
22002D0092	Preâmbulo		18	38	284	ue/acordos-internacionais/2002/22002D0092.md
22002D0092	Artigo 1.º		42	52	170	ue/acordos-internacionais/2002/22002D0092.md
22002D0092	Artigo 2.º		54	56	53	ue/acordos-internacionais/2002/22002D0092.md
22002D0092	Artigo 3.º		58	78	116	ue/acordos-internacionais/2002/22002D0092.md
22002D0093	Preâmbulo		18	38	169	ue/acordos-internacionais/2002/22002D0093.md
22002D0093	Artigo 1.º		42	88	215	ue/acordos-internacionais/2002/22002D0093.md
22002D0093	Artigo 2.º		90	92	50	ue/acordos-internacionais/2002/22002D0093.md
22002D0093	Artigo 3.º		94	96	53	ue/acordos-internacionais/2002/22002D0093.md
22002D0093	Artigo 4.º		98	114	85	ue/acordos-internacionais/2002/22002D0093.md
22002D0094	Preâmbulo		18	38	190	ue/acordos-internacionais/2002/22002D0094.md
22002D0094	Artigo 1.º		42	46	68	ue/acordos-internacionais/2002/22002D0094.md
22002D0094	Artigo 2.º		48	52	69	ue/acordos-internacionais/2002/22002D0094.md
22002D0094	Artigo 3.º		54	70	88	ue/acordos-internacionais/2002/22002D0094.md
22002D0096	Preâmbulo		18	34	335	ue/acordos-internacionais/2002/22002D0096.md
22002D0096	Artigo 1.º		38	40	50	ue/acordos-internacionais/2002/22002D0096.md
22002D0096	Artigo 2.º		42	44	48	ue/acordos-internacionais/2002/22002D0096.md
22002D0096	Artigo 3.º		46	58	60	ue/acordos-internacionais/2002/22002D0096.md
22002D0096	ANEXO I	Contingentes pautais preferenciais anuais para a importação na Comunidade de mercadorias originárias da Eslovénia	60	62	38	ue/acordos-internacionais/2002/22002D0096.md
22002D0096	ANEXO II	Contingentes pautais preferenciais anuais para a importação na Eslovénia de mercadorias originárias da Comunidade	64	66	38	ue/acordos-internacionais/2002/22002D0096.md
22002D0096(01)	Preâmbulo		18	50	583	ue/acordos-internacionais/2002/22002D0096(01).md
22002D0096(01)	Artigo 1.º		54	82	466	ue/acordos-internacionais/2002/22002D0096(01).md
22002D0096(01)	Artigo 2.º		84	86	74	ue/acordos-internacionais/2002/22002D0096(01).md
22002D0096(01)	Artigo 3.º		88	90	50	ue/acordos-internacionais/2002/22002D0096(01).md
22002D0096(01)	Artigo 4.º		92	122	148	ue/acordos-internacionais/2002/22002D0096(01).md
22002D0097	Preâmbulo		18	32	235	ue/acordos-internacionais/2002/22002D0097.md
22002D0097	Artigo 1.º	"Ao regulamento interno do Conselho de Associação são aditadas as seguintes disposições: ""Artigo 15.º"	36	40	164	ue/acordos-internacionais/2002/22002D0097.md
22002D0097	Artigo 16.º		42	52	214	ue/acordos-internacionais/2002/22002D0097.md
22002D0097	Artigo 17.º		54	60	220	ue/acordos-internacionais/2002/22002D0097.md
22002D0097	Artigo 2.º		62	74	62	ue/acordos-internacionais/2002/22002D0097.md
22002D0097(01)	Preâmbulo		18	44	411	ue/acordos-internacionais/2002/22002D0097(01).md
22002D0097(01)	Artigo 1.º		48	58	151	ue/acordos-internacionais/2002/22002D0097(01).md
22002D0097(01)	Artigo 2.º		60	62	63	ue/acordos-internacionais/2002/22002D0097(01).md
22002D0097(01)	Artigo 3.º		64	66	50	ue/acordos-internacionais/2002/22002D0097(01).md
22002D0097(01)	Artigo 4.º		68	90	112	ue/acordos-internacionais/2002/22002D0097(01).md
22002D0098	Preâmbulo		18	38	218	ue/acordos-internacionais/2002/22002D0098.md
22002D0098	Artigo 1.º		42	44	29	ue/acordos-internacionais/2002/22002D0098.md
22002D0098	Artigo 2.º		46	48	47	ue/acordos-internacionais/2002/22002D0098.md
22002D0098	Artigo 3.º		50	52	50	ue/acordos-internacionais/2002/22002D0098.md
22002D0098	Artigo 4.º		54	110	338	ue/acordos-internacionais/2002/22002D0098.md
22002D0099	Preâmbulo		18	56	650	ue/acordos-internacionais/2002/22002D0099.md
22002D0099	Artigo 1.º		60	92	509	ue/acordos-internacionais/2002/22002D0099.md
22002D0099	Artigo 2.º		94	96	59	ue/acordos-internacionais/2002/22002D0099.md
22002D0099	Artigo 3.º		98	100	50	ue/acordos-internacionais/2002/22002D0099.md
22002D0099	Artigo 4.º		102	136	165	ue/acordos-internacionais/2002/22002D0099.md
22002D0100	Preâmbulo		18	44	393	ue/acordos-internacionais/2002/22002D0100.md
22002D0100	Artigo 1.º		48	64	229	ue/acordos-internacionais/2002/22002D0100.md
22002D0100	Artigo 2.º		66	68	58	ue/acordos-internacionais/2002/22002D0100.md
22002D0100	Artigo 3.º		70	72	50	ue/acordos-internacionais/2002/22002D0100.md
22002D0100	Artigo 4.º		74	96	112	ue/acordos-internacionais/2002/22002D0100.md
22002D0101(01)	Preâmbulo		18	40	290	ue/acordos-internacionais/2002/22002D0101(01).md
22002D0101(01)	Artigo 1.º		44	54	188	ue/acordos-internacionais/2002/22002D0101(01).md
22002D0101(01)	Artigo 2.º		56	58	53	ue/acordos-internacionais/2002/22002D0101(01).md
22002D0101(01)	Artigo 3.º		60	62	50	ue/acordos-internacionais/2002/22002D0101(01).md
22002D0101(01)	Artigo 4.º		64	82	95	ue/acordos-internacionais/2002/22002D0101(01).md
22002D0102	Preâmbulo		18	34	309	ue/acordos-internacionais/2002/22002D0102.md
22002D0102	Artigo 1.º		38	40	54	ue/acordos-internacionais/2002/22002D0102.md
22002D0102	Artigo 2.º		42	44	55	ue/acordos-internacionais/2002/22002D0102.md
22002D0102	Artigo 3.º		46	82	378	ue/acordos-internacionais/2002/22002D0102.md
22002D0102	ANEXO II	Quadro 1	84	96	126	ue/acordos-internacionais/2002/22002D0102.md
22002D0102(01)	Preâmbulo		18	38	193	ue/acordos-internacionais/2002/22002D0102(01).md
22002D0102(01)	Artigo 1.º		42	46	91	ue/acordos-internacionais/2002/22002D0102(01).md
22002D0102(01)	Artigo 2.º		48	50	46	ue/acordos-internacionais/2002/22002D0102(01).md
22002D0102(01)	Artigo 3.º		52	54	50	ue/acordos-internacionais/2002/22002D0102(01).md
22002D0102(01)	Artigo 4.º		56	72	87	ue/acordos-internacionais/2002/22002D0102(01).md
22002D0103(01)	Preâmbulo		18	40	334	ue/acordos-internacionais/2002/22002D0103(01).md
22002D0103(01)	Artigo 1.º		44	54	160	ue/acordos-internacionais/2002/22002D0103(01).md
22002D0103(01)	Artigo 2.º		56	58	50	ue/acordos-internacionais/2002/22002D0103(01).md
22002D0103(01)	Artigo 3.º		60	62	50	ue/acordos-internacionais/2002/22002D0103(01).md
22002D0103(01)	Artigo 4.º		64	82	96	ue/acordos-internacionais/2002/22002D0103(01).md
22002D0104	Preâmbulo		18	38	206	ue/acordos-internacionais/2002/22002D0104.md
22002D0104	Artigo 1.º		42	46	60	ue/acordos-internacionais/2002/22002D0104.md
22002D0104	Artigo 2.º		48	50	46	ue/acordos-internacionais/2002/22002D0104.md
22002D0104	Artigo 3.º		52	54	50	ue/acordos-internacionais/2002/22002D0104.md
22002D0104	Artigo 4.º		56	72	86	ue/acordos-internacionais/2002/22002D0104.md
22002D0105	Preâmbulo		18	38	204	ue/acordos-internacionais/2002/22002D0105.md
22002D0105	Artigo 1.º		42	64	268	ue/acordos-internacionais/2002/22002D0105.md
22002D0105	Artigo 2.º		66	68	46	ue/acordos-internacionais/2002/22002D0105.md
22002D0105	Artigo 3.º		70	72	50	ue/acordos-internacionais/2002/22002D0105.md
22002D0105	Artigo 4.º		74	96	109	ue/acordos-internacionais/2002/22002D0105.md
22002D0106	Preâmbulo		18	38	195	ue/acordos-internacionais/2002/22002D0106.md
22002D0106	Artigo 1.º		42	46	103	ue/acordos-internacionais/2002/22002D0106.md
22002D0106	Artigo 2.º		48	50	45	ue/acordos-internacionais/2002/22002D0106.md
22002D0106	Artigo 3.º		52	54	50	ue/acordos-internacionais/2002/22002D0106.md
22002D0106	Artigo 4.º		56	72	86	ue/acordos-internacionais/2002/22002D0106.md
22002D0107	Preâmbulo		18	40	271	ue/acordos-internacionais/2002/22002D0107.md
22002D0107	Artigo 1.º		44	58	136	ue/acordos-internacionais/2002/22002D0107.md
22002D0107	Artigo 2.º		60	62	49	ue/acordos-internacionais/2002/22002D0107.md
22002D0107	Artigo 3.º		64	66	50	ue/acordos-internacionais/2002/22002D0107.md
22002D0107	Artigo 4.º		68	86	95	ue/acordos-internacionais/2002/22002D0107.md
22002D0108	Preâmbulo		18	38	196	ue/acordos-internacionais/2002/22002D0108.md
22002D0108	Artigo 1.º		42	46	99	ue/acordos-internacionais/2002/22002D0108.md
22002D0108	Artigo 2.º		48	50	47	ue/acordos-internacionais/2002/22002D0108.md
22002D0108	Artigo 3.º		52	54	50	ue/acordos-internacionais/2002/22002D0108.md
22002D0108	Artigo 4.º		56	72	86	ue/acordos-internacionais/2002/22002D0108.md
22002D0109	Preâmbulo		18	38	194	ue/acordos-internacionais/2002/22002D0109.md
22002D0109	Artigo 1.º		42	50	141	ue/acordos-internacionais/2002/22002D0109.md
22002D0109	Artigo 2.º		52	54	47	ue/acordos-internacionais/2002/22002D0109.md
22002D0109	Artigo 3.º		56	58	50	ue/acordos-internacionais/2002/22002D0109.md
22002D0109	Artigo 4.º		60	76	86	ue/acordos-internacionais/2002/22002D0109.md
22002D0110	Preâmbulo		18	38	199	ue/acordos-internacionais/2002/22002D0110.md
22002D0110	Artigo 1.º		42	46	62	ue/acordos-internacionais/2002/22002D0110.md
22002D0110	Artigo 2.º		48	50	48	ue/acordos-internacionais/2002/22002D0110.md
22002D0110	Artigo 3.º		52	54	50	ue/acordos-internacionais/2002/22002D0110.md
22002D0110	Artigo 4.º		56	72	86	ue/acordos-internacionais/2002/22002D0110.md
22002D0111	Preâmbulo		18	40	275	ue/acordos-internacionais/2002/22002D0111.md
22002D0111	Artigo 1.º		44	54	210	ue/acordos-internacionais/2002/22002D0111.md
22002D0111	Artigo 2.º		56	60	66	ue/acordos-internacionais/2002/22002D0111.md
22002D0111	Artigo 3.º		62	78	88	ue/acordos-internacionais/2002/22002D0111.md
22002D0112	Preâmbulo		18	42	253	ue/acordos-internacionais/2002/22002D0112.md
22002D0112	Artigo 1.º		46	48	32	ue/acordos-internacionais/2002/22002D0112.md
22002D0112	Artigo 2.º		50	52	58	ue/acordos-internacionais/2002/22002D0112.md
22002D0112	Artigo 3.º		54	56	54	ue/acordos-internacionais/2002/22002D0112.md
22002D0112	Artigo 4.º		58	104	550	ue/acordos-internacionais/2002/22002D0112.md
22002D0113	Preâmbulo		18	42	265	ue/acordos-internacionais/2002/22002D0113.md
22002D0113	Artigo 1.º		46	56	177	ue/acordos-internacionais/2002/22002D0113.md
22002D0113	Artigo 2.º		58	60	47	ue/acordos-internacionais/2002/22002D0113.md
22002D0113	Artigo 3.º		62	64	54	ue/acordos-internacionais/2002/22002D0113.md
22002D0113	Artigo 4.º		66	84	100	ue/acordos-internacionais/2002/22002D0113.md
22002D0114	Preâmbulo		18	40	210	ue/acordos-internacionais/2002/22002D0114.md
22002D0114	Artigo 1.º		44	48	94	ue/acordos-internacionais/2002/22002D0114.md
22002D0114	Artigo 2.º		50	52	43	ue/acordos-internacionais/2002/22002D0114.md
22002D0114	Artigo 3.º		54	56	54	ue/acordos-internacionais/2002/22002D0114.md
22002D0114	Artigo 4.º		58	74	91	ue/acordos-internacionais/2002/22002D0114.md
22002D0115	Preâmbulo		18	42	304	ue/acordos-internacionais/2002/22002D0115.md
22002D0115	Artigo 1.º		46	60	196	ue/acordos-internacionais/2002/22002D0115.md
22002D0115	Artigo 2.º		62	64	48	ue/acordos-internacionais/2002/22002D0115.md
22002D0115	Artigo 3.º		66	68	54	ue/acordos-internacionais/2002/22002D0115.md
22002D0115	Artigo 4.º		70	88	100	ue/acordos-internacionais/2002/22002D0115.md
22002D0116	Preâmbulo		18	40	232	ue/acordos-internacionais/2002/22002D0116.md
22002D0116	Artigo 1.º		44	50	158	ue/acordos-internacionais/2002/22002D0116.md
22002D0116	Artigo 2.º		52	54	47	ue/acordos-internacionais/2002/22002D0116.md
22002D0116	Artigo 3.º		56	58	54	ue/acordos-internacionais/2002/22002D0116.md
22002D0116	Artigo 4.º		60	76	91	ue/acordos-internacionais/2002/22002D0116.md
22002D0117	Preâmbulo		18	40	200	ue/acordos-internacionais/2002/22002D0117.md
22002D0117	Artigo 1.º		44	46	32	ue/acordos-internacionais/2002/22002D0117.md
22002D0117	Artigo 2.º		48	50	66	ue/acordos-internacionais/2002/22002D0117.md
22002D0117	Artigo 3.º		52	54	54	ue/acordos-internacionais/2002/22002D0117.md
22002D0117	Artigo 4.º		56	106	564	ue/acordos-internacionais/2002/22002D0117.md
22002D0118(01)	Preâmbulo		18	46	463	ue/acordos-internacionais/2002/22002D0118(01).md
22002D0118(01)	Artigo 1.º		50	52	32	ue/acordos-internacionais/2002/22002D0118(01).md
22002D0118(01)	Artigo 2.º		54	56	55	ue/acordos-internacionais/2002/22002D0118(01).md
22002D0118(01)	Artigo 3.º		58	60	54	ue/acordos-internacionais/2002/22002D0118(01).md
22002D0118(01)	Artigo 4.º		62	112	539	ue/acordos-internacionais/2002/22002D0118(01).md
22002D0119(01)	Preâmbulo		18	42	251	ue/acordos-internacionais/2002/22002D0119(01).md
22002D0119(01)	Artigo 1.º		46	58	296	ue/acordos-internacionais/2002/22002D0119(01).md
22002D0119(01)	Artigo 2.º		60	62	43	ue/acordos-internacionais/2002/22002D0119(01).md
22002D0119(01)	Artigo 3.º		64	66	54	ue/acordos-internacionais/2002/22002D0119(01).md
22002D0119(01)	Artigo 4.º		68	84	93	ue/acordos-internacionais/2002/22002D0119(01).md
22002D0120(01)	Preâmbulo		18	42	252	ue/acordos-internacionais/2002/22002D0120(01).md
22002D0120(01)	Artigo 1.º		46	54	102	ue/acordos-internacionais/2002/22002D0120(01).md
22002D0120(01)	Artigo 2.º		56	58	48	ue/acordos-internacionais/2002/22002D0120(01).md
22002D0120(01)	Artigo 3.º		60	62	53	ue/acordos-internacionais/2002/22002D0120(01).md
22002D0120(01)	Artigo 4.º		64	82	101	ue/acordos-internacionais/2002/22002D0120(01).md
22002D0121(01)	Preâmbulo		18	38	213	ue/acordos-internacionais/2002/22002D0121(01).md
22002D0121(01)	Artigo 1.º		42	46	114	ue/acordos-internacionais/2002/22002D0121(01).md
22002D0121(01)	Artigo 2.º		48	50	49	ue/acordos-internacionais/2002/22002D0121(01).md
22002D0121(01)	Artigo 3.º		52	54	54	ue/acordos-internacionais/2002/22002D0121(01).md
22002D0121(01)	Artigo 4.º		56	72	92	ue/acordos-internacionais/2002/22002D0121(01).md
22002D0122(01)	Preâmbulo		18	40	243	ue/acordos-internacionais/2002/22002D0122(01).md
22002D0122(01)	Artigo 1.º		44	52	91	ue/acordos-internacionais/2002/22002D0122(01).md
22002D0122(01)	Artigo 2.º		54	56	46	ue/acordos-internacionais/2002/22002D0122(01).md
22002D0122(01)	Artigo 3.º		58	60	53	ue/acordos-internacionais/2002/22002D0122(01).md
22002D0122(01)	Artigo 4.º		62	80	101	ue/acordos-internacionais/2002/22002D0122(01).md
22002D0123(01)	Preâmbulo		18	42	344	ue/acordos-internacionais/2002/22002D0123(01).md
22002D0123(01)	Artigo 1.º		46	58	241	ue/acordos-internacionais/2002/22002D0123(01).md
22002D0123(01)	Artigo 2.º		60	62	58	ue/acordos-internacionais/2002/22002D0123(01).md
22002D0123(01)	Artigo 3.º		64	66	53	ue/acordos-internacionais/2002/22002D0123(01).md
22002D0123(01)	Artigo 4.º		68	88	109	ue/acordos-internacionais/2002/22002D0123(01).md
22002D0124	Preâmbulo		18	40	300	ue/acordos-internacionais/2002/22002D0124.md
22002D0124	Artigo 1.º		44	56	153	ue/acordos-internacionais/2002/22002D0124.md
22002D0124	Artigo 2.º		58	60	52	ue/acordos-internacionais/2002/22002D0124.md
22002D0124	Artigo 3.º		62	64	53	ue/acordos-internacionais/2002/22002D0124.md
22002D0124	Artigo 4.º		66	84	100	ue/acordos-internacionais/2002/22002D0124.md
22002D0125(01)	Preâmbulo		18	40	305	ue/acordos-internacionais/2002/22002D0125(01).md
22002D0125(01)	Artigo 1.º		44	50	96	ue/acordos-internacionais/2002/22002D0125(01).md
22002D0125(01)	Artigo 2.º		52	54	56	ue/acordos-internacionais/2002/22002D0125(01).md
22002D0125(01)	Artigo 3.º		56	58	54	ue/acordos-internacionais/2002/22002D0125(01).md
22002D0125(01)	Artigo 4.º		60	78	101	ue/acordos-internacionais/2002/22002D0125(01).md
22002D0126(01)	Preâmbulo		18	42	359	ue/acordos-internacionais/2002/22002D0126(01).md
22002D0126(01)	Artigo 1.º		46	60	247	ue/acordos-internacionais/2002/22002D0126(01).md
22002D0126(01)	Artigo 2.º		62	64	63	ue/acordos-internacionais/2002/22002D0126(01).md
22002D0126(01)	Artigo 3.º		66	68	53	ue/acordos-internacionais/2002/22002D0126(01).md
22002D0126(01)	Artigo 4.º		70	90	110	ue/acordos-internacionais/2002/22002D0126(01).md
22002D0127(01)	Preâmbulo		18	38	202	ue/acordos-internacionais/2002/22002D0127(01).md
22002D0127(01)	Artigo 1.º		42	46	98	ue/acordos-internacionais/2002/22002D0127(01).md
22002D0127(01)	Artigo 2.º		48	50	49	ue/acordos-internacionais/2002/22002D0127(01).md
22002D0127(01)	Artigo 3.º		52	54	56	ue/acordos-internacionais/2002/22002D0127(01).md
22002D0127(01)	Artigo 4.º		56	72	92	ue/acordos-internacionais/2002/22002D0127(01).md
22002D0128	Preâmbulo		18	32	260	ue/acordos-internacionais/2002/22002D0128.md
22002D0128	Artigo 1.º		36	38	49	ue/acordos-internacionais/2002/22002D0128.md
22002D0128	Artigo 2.º		40	42	37	ue/acordos-internacionais/2002/22002D0128.md
22002D0128	Artigo 3.º		44	46	70	ue/acordos-internacionais/2002/22002D0128.md
22002D0128	Artigo 4.º		48	50	57	ue/acordos-internacionais/2002/22002D0128.md
22002D0128	Artigo 5.º		52	54	134	ue/acordos-internacionais/2002/22002D0128.md
22002D0128	Artigo 6.º		56	60	42	ue/acordos-internacionais/2002/22002D0128.md
22002D0128	Artigo 7.º		62	64	74	ue/acordos-internacionais/2002/22002D0128.md
22002D0128	Artigo 8.º		66	80	106	ue/acordos-internacionais/2002/22002D0128.md
22002D0128(01)	Preâmbulo		18	38	244	ue/acordos-internacionais/2002/22002D0128(01).md
22002D0128(01)	Artigo 1.º		42	48	79	ue/acordos-internacionais/2002/22002D0128(01).md
22002D0128(01)	Artigo 2.º		50	52	46	ue/acordos-internacionais/2002/22002D0128(01).md
22002D0128(01)	Artigo 3.º		54	56	53	ue/acordos-internacionais/2002/22002D0128(01).md
22002D0128(01)	Artigo 4.º		58	74	93	ue/acordos-internacionais/2002/22002D0128(01).md
22002D0129	Preâmbulo		18	38	194	ue/acordos-internacionais/2002/22002D0129.md
22002D0129	Artigo 1.º		42	46	66	ue/acordos-internacionais/2002/22002D0129.md
22002D0129	Artigo 2.º		48	50	47	ue/acordos-internacionais/2002/22002D0129.md
22002D0129	Artigo 3.º		52	54	53	ue/acordos-internacionais/2002/22002D0129.md
22002D0129	Artigo 4.º		56	72	92	ue/acordos-internacionais/2002/22002D0129.md
22002D0130	Preâmbulo		18	38	224	ue/acordos-internacionais/2002/22002D0130.md
22002D0130	Artigo 1.º		42	48	75	ue/acordos-internacionais/2002/22002D0130.md
22002D0130	Artigo 2.º		50	52	46	ue/acordos-internacionais/2002/22002D0130.md
22002D0130	Artigo 3.º		54	56	53	ue/acordos-internacionais/2002/22002D0130.md
22002D0130	Artigo 4.º		58	74	92	ue/acordos-internacionais/2002/22002D0130.md
22002D0131	Preâmbulo		18	38	229	ue/acordos-internacionais/2002/22002D0131.md
22002D0131	Artigo 1.º		42	46	65	ue/acordos-internacionais/2002/22002D0131.md
22002D0131	Artigo 2.º		48	50	48	ue/acordos-internacionais/2002/22002D0131.md
22002D0131	Artigo 3.º		52	54	51	ue/acordos-internacionais/2002/22002D0131.md
22002D0131	Artigo 4.º		56	72	90	ue/acordos-internacionais/2002/22002D0131.md
22002D0132	Preâmbulo		18	38	214	ue/acordos-internacionais/2002/22002D0132.md
22002D0132	Artigo 1.º		42	50	156	ue/acordos-internacionais/2002/22002D0132.md
22002D0132	Artigo 2.º		52	54	48	ue/acordos-internacionais/2002/22002D0132.md
22002D0132	Artigo 3.º		56	58	51	ue/acordos-internacionais/2002/22002D0132.md
22002D0132	Artigo 4.º		60	76	89	ue/acordos-internacionais/2002/22002D0132.md
22002D0133	Preâmbulo		18	40	217	ue/acordos-internacionais/2002/22002D0133.md
22002D0133	Artigo 1.º		44	48	105	ue/acordos-internacionais/2002/22002D0133.md
22002D0133	Artigo 2.º		50	52	45	ue/acordos-internacionais/2002/22002D0133.md
22002D0133	Artigo 3.º		54	56	50	ue/acordos-internacionais/2002/22002D0133.md
22002D0133	Artigo 4.º		58	74	90	ue/acordos-internacionais/2002/22002D0133.md
22002D0134	Preâmbulo		18	44	396	ue/acordos-internacionais/2002/22002D0134.md
22002D0134	Artigo 1.º		48	82	379	ue/acordos-internacionais/2002/22002D0134.md
22002D0134	Artigo 2.º		84	86	62	ue/acordos-internacionais/2002/22002D0134.md
22002D0134	Artigo 3.º		88	90	51	ue/acordos-internacionais/2002/22002D0134.md
22002D0134	Artigo 4.º		92	114	118	ue/acordos-internacionais/2002/22002D0134.md
22002D0135	Preâmbulo		18	32	217	ue/acordos-internacionais/2002/22002D0135.md
22002D0135	Artigo 1.º	"São aditados os seguintes artigos ao regulamento interno do Conselho de Associação: ""Artigo 18.º"	36	54	621	ue/acordos-internacionais/2002/22002D0135.md
22002D0135	Artigo 19.º		56	70	253	ue/acordos-internacionais/2002/22002D0135.md
22002D0135	Artigo 20.º		72	78	186	ue/acordos-internacionais/2002/22002D0135.md
22002D0135	Artigo 2.º		80	92	64	ue/acordos-internacionais/2002/22002D0135.md
22002D0135(01)	Preâmbulo		18	40	262	ue/acordos-internacionais/2002/22002D0135(01).md
22002D0135(01)	Artigo 1.º		44	66	314	ue/acordos-internacionais/2002/22002D0135(01).md
22002D0135(01)	Artigo 2.º		68	72	63	ue/acordos-internacionais/2002/22002D0135(01).md
22002D0135(01)	Artigo 3.º		74	90	90	ue/acordos-internacionais/2002/22002D0135(01).md
22002D0136(01)	Preâmbulo		18	38	194	ue/acordos-internacionais/2002/22002D0136(01).md
22002D0136(01)	Artigo 1.º		42	52	288	ue/acordos-internacionais/2002/22002D0136(01).md
22002D0136(01)	Artigo 2.º		54	56	48	ue/acordos-internacionais/2002/22002D0136(01).md
22002D0136(01)	Artigo 3.º		58	60	51	ue/acordos-internacionais/2002/22002D0136(01).md
22002D0136(01)	Artigo 4.º		62	78	90	ue/acordos-internacionais/2002/22002D0136(01).md
22002D0137	Preâmbulo		18	40	590	ue/acordos-internacionais/2002/22002D0137.md
22002D0137	Artigo 1.º		44	46	128	ue/acordos-internacionais/2002/22002D0137.md
22002D0137	Artigo 2.º		48	64	186	ue/acordos-internacionais/2002/22002D0137.md
22002D0137	Artigo 1.º	Fiscalização dos auxílios estatais pelas autoridades de controlo	66	70	146	ue/acordos-internacionais/2002/22002D0137.md
22002D0137	Artigo 2.º	Critérios de compatibilidade	72	82	534	ue/acordos-internacionais/2002/22002D0137.md
22002D0137	Artigo 3.º	Auxílios de minimis	84	86	165	ue/acordos-internacionais/2002/22002D0137.md
22002D0137	Artigo 4.º	Derrogações	88	96	336	ue/acordos-internacionais/2002/22002D0137.md
22002D0137	Artigo 5.º	Exame de determinados auxílios	98	104	234	ue/acordos-internacionais/2002/22002D0137.md
22002D0137	Artigo 6.º	Pedidos de informação	106	108	121	ue/acordos-internacionais/2002/22002D0137.md
22002D0137	Artigo 7.º	Consultas e cortesia internacional	110	116	287	ue/acordos-internacionais/2002/22002D0137.md
22002D0137	Artigo 8.º	Resolução de problemas	118	124	238	ue/acordos-internacionais/2002/22002D0137.md
22002D0137	Artigo 9.º	Sigilo e confidencialidade das informações	126	132	124	ue/acordos-internacionais/2002/22002D0137.md
22002D0137	Artigo 10.º	Inventário	134	138	135	ue/acordos-internacionais/2002/22002D0137.md
22002D0137	Artigo 11.º	Informação recíproca	140	144	66	ue/acordos-internacionais/2002/22002D0137.md
22002D0137	Artigo 12.º	Assistência administrativa (línguas)	146	150	148	ue/acordos-internacionais/2002/22002D0137.md
22002D0137(01)	Preâmbulo		18	40	339	ue/acordos-internacionais/2002/22002D0137(01).md
22002D0137(01)	Artigo 1.º		44	48	62	ue/acordos-internacionais/2002/22002D0137(01).md
22002D0137(01)	Artigo 2.º		50	52	48	ue/acordos-internacionais/2002/22002D0137(01).md
22002D0137(01)	Artigo 3.º		54	58	62	ue/acordos-internacionais/2002/22002D0137(01).md
22002D0137(01)	Artigo 4.º		60	80	107	ue/acordos-internacionais/2002/22002D0137(01).md
22002D0138	Preâmbulo		18	24	36	ue/acordos-internacionais/2002/22002D0138.md
22002D0138(01)	Preâmbulo		18	38	223	ue/acordos-internacionais/2002/22002D0138(01).md
22002D0138(01)	Artigo 1.º		42	70	315	ue/acordos-internacionais/2002/22002D0138(01).md
22002D0138(01)	Artigo 2.º		72	74	48	ue/acordos-internacionais/2002/22002D0138(01).md
22002D0138(01)	Artigo 3.º		76	78	53	ue/acordos-internacionais/2002/22002D0138(01).md
22002D0138(01)	Artigo 4.º		80	96	91	ue/acordos-internacionais/2002/22002D0138(01).md
22002D0139	Preâmbulo		18	32	214	ue/acordos-internacionais/2002/22002D0139.md
22002D0139	Artigo 1.º	"Ao Regulamento Interno do Conselho de Associação são aditados os seguintes artigos: ""Artigo 20.º"	36	54	620	ue/acordos-internacionais/2002/22002D0139.md
22002D0139	Artigo 21.º		56	70	266	ue/acordos-internacionais/2002/22002D0139.md
22002D0139	Artigo 22.º		72	78	172	ue/acordos-internacionais/2002/22002D0139.md
22002D0139	Artigo 2.º		80	90	54	ue/acordos-internacionais/2002/22002D0139.md
22002D0139(01)	Preâmbulo		18	44	467	ue/acordos-internacionais/2002/22002D0139(01).md
22002D0139(01)	Artigo 1.º		48	66	238	ue/acordos-internacionais/2002/22002D0139(01).md
22002D0139(01)	Artigo 2.º		68	70	66	ue/acordos-internacionais/2002/22002D0139(01).md
22002D0139(01)	Artigo 3.º		72	74	53	ue/acordos-internacionais/2002/22002D0139(01).md
22002D0139(01)	Artigo 4.º		76	98	115	ue/acordos-internacionais/2002/22002D0139(01).md
22002D0140	Preâmbulo		18	24	39	ue/acordos-internacionais/2002/22002D0140.md
22002D0140(01)	Preâmbulo		18	46	349	ue/acordos-internacionais/2002/22002D0140(01).md
22002D0140(01)	Artigo 1.º		50	54	58	ue/acordos-internacionais/2002/22002D0140(01).md
22002D0140(01)	Artigo 2.º		56	64	238	ue/acordos-internacionais/2002/22002D0140(01).md
22002D0140(01)	Artigo 3.º		66	68	51	ue/acordos-internacionais/2002/22002D0140(01).md
22002D0140(01)	Artigo 4.º		70	90	104	ue/acordos-internacionais/2002/22002D0140(01).md
22002D0141	Preâmbulo		18	24	36	ue/acordos-internacionais/2002/22002D0141.md
22002D0141(01)	Preâmbulo		18	38	195	ue/acordos-internacionais/2002/22002D0141(01).md
22002D0141(01)	Artigo 1.º		42	46	98	ue/acordos-internacionais/2002/22002D0141(01).md
22002D0141(01)	Artigo 2.º		48	50	48	ue/acordos-internacionais/2002/22002D0141(01).md
22002D0141(01)	Artigo 3.º		52	54	53	ue/acordos-internacionais/2002/22002D0141(01).md
22002D0141(01)	Artigo 4.º		56	72	91	ue/acordos-internacionais/2002/22002D0141(01).md
22002D0142	Preâmbulo		18	38	196	ue/acordos-internacionais/2002/22002D0142.md
22002D0142	Artigo 1.º		42	48	69	ue/acordos-internacionais/2002/22002D0142.md
22002D0142	Artigo 2.º		50	52	50	ue/acordos-internacionais/2002/22002D0142.md
22002D0142	Artigo 3.º		54	56	56	ue/acordos-internacionais/2002/22002D0142.md
22002D0142	Artigo 4.º		58	74	90	ue/acordos-internacionais/2002/22002D0142.md
22002D0143	Preâmbulo		18	38	278	ue/acordos-internacionais/2002/22002D0143.md
22002D0143	Artigo 1.º		42	46	97	ue/acordos-internacionais/2002/22002D0143.md
22002D0143	Artigo 2.º		48	50	60	ue/acordos-internacionais/2002/22002D0143.md
22002D0143	Artigo 3.º		52	54	53	ue/acordos-internacionais/2002/22002D0143.md
22002D0143	Artigo 4.º		56	72	91	ue/acordos-internacionais/2002/22002D0143.md
22002D0144	Preâmbulo		18	40	239	ue/acordos-internacionais/2002/22002D0144.md
22002D0144	Artigo 1.º		44	54	140	ue/acordos-internacionais/2002/22002D0144.md
22002D0144	Artigo 2.º		56	58	52	ue/acordos-internacionais/2002/22002D0144.md
22002D0144	Artigo 3.º		60	62	56	ue/acordos-internacionais/2002/22002D0144.md
22002D0144	Artigo 4.º		64	82	99	ue/acordos-internacionais/2002/22002D0144.md
22002D0146	Preâmbulo		18	36	262	ue/acordos-internacionais/2002/22002D0146.md
22002D0146	Artigo 1.º	Composição do Comité	40	54	246	ue/acordos-internacionais/2002/22002D0146.md
22002D0146	Artigo 2.º	Presidência do Comité	56	58	98	ue/acordos-internacionais/2002/22002D0146.md
22002D0146	Artigo 3.º	Regras das reuniões	60	76	351	ue/acordos-internacionais/2002/22002D0146.md
22002D0146	Artigo 4.º	Atribuições	78	82	62	ue/acordos-internacionais/2002/22002D0146.md
22002D0146	Artigo 5.º	Deliberações	84	90	116	ue/acordos-internacionais/2002/22002D0146.md
22002D0146	Artigo 6.º	Grupo de trabalho técnico	92	98	198	ue/acordos-internacionais/2002/22002D0146.md
22002D0146	Artigo 7.º	Secretariado	100	116	152	ue/acordos-internacionais/2002/22002D0146.md
22002D0146(01)	Preâmbulo		18	38	211	ue/acordos-internacionais/2002/22002D0146(01).md
22002D0146(01)	Artigo 1.º		42	48	60	ue/acordos-internacionais/2002/22002D0146(01).md
22002D0146(01)	Artigo 2.º		50	52	48	ue/acordos-internacionais/2002/22002D0146(01).md
22002D0146(01)	Artigo 3.º		54	56	56	ue/acordos-internacionais/2002/22002D0146(01).md
22002D0146(01)	Artigo 4.º		58	74	92	ue/acordos-internacionais/2002/22002D0146(01).md
22002D0147	Preâmbulo		18	48	666	ue/acordos-internacionais/2002/22002D0147.md
22002D0147	Artigo 1.º	CDE/CDA	52	60	127	ue/acordos-internacionais/2002/22002D0147.md
22002D0147	Artigo 2.º	Ajuda de emergência	62	64	86	ue/acordos-internacionais/2002/22002D0147.md
22002D0147	Artigo 3.º	Prevenção e resolução de conflitos e instauração da paz	66	68	90	ue/acordos-internacionais/2002/22002D0147.md
22002D0147	Artigo 4.º	Cooperação entre os Estados ACP	70	72	110	ue/acordos-internacionais/2002/22002D0147.md
22002D0147	Artigo 5.º	Aplicação	74	76	34	ue/acordos-internacionais/2002/22002D0147.md
22002D0147	Artigo 6.º	Entrada em vigor	78	92	69	ue/acordos-internacionais/2002/22002D0147.md
22002D0147(01)	Preâmbulo		18	38	190	ue/acordos-internacionais/2002/22002D0147(01).md
22002D0147(01)	Artigo 1.º		42	62	361	ue/acordos-internacionais/2002/22002D0147(01).md
22002D0147(01)	Artigo 2.º		64	66	53	ue/acordos-internacionais/2002/22002D0147(01).md
22002D0147(01)	Artigo 3.º		68	70	56	ue/acordos-internacionais/2002/22002D0147(01).md
22002D0147(01)	Artigo 4.º		72	88	91	ue/acordos-internacionais/2002/22002D0147(01).md
22002D0148	Preâmbulo		18	38	201	ue/acordos-internacionais/2002/22002D0148.md
22002D0148	Artigo 1.º		42	46	114	ue/acordos-internacionais/2002/22002D0148.md
22002D0148	Artigo 2.º		48	50	48	ue/acordos-internacionais/2002/22002D0148.md
22002D0148	Artigo 3.º		52	54	53	ue/acordos-internacionais/2002/22002D0148.md
22002D0148	Artigo 4.º		56	72	91	ue/acordos-internacionais/2002/22002D0148.md
22002D0149	Preâmbulo		18	38	205	ue/acordos-internacionais/2002/22002D0149.md
22002D0149	Artigo 1.º		42	46	62	ue/acordos-internacionais/2002/22002D0149.md
22002D0149	Artigo 2.º		48	50	51	ue/acordos-internacionais/2002/22002D0149.md
22002D0149	Artigo 3.º		52	54	53	ue/acordos-internacionais/2002/22002D0149.md
22002D0149	Artigo 4.º		56	72	91	ue/acordos-internacionais/2002/22002D0149.md
22002D0150	Preâmbulo		18	38	206	ue/acordos-internacionais/2002/22002D0150.md
22002D0150	Artigo 1.º		42	50	168	ue/acordos-internacionais/2002/22002D0150.md
22002D0150	Artigo 2.º		52	54	46	ue/acordos-internacionais/2002/22002D0150.md
22002D0150	Artigo 3.º		56	58	51	ue/acordos-internacionais/2002/22002D0150.md
22002D0150	Artigo 4.º		60	76	90	ue/acordos-internacionais/2002/22002D0150.md
22002D0151	Preâmbulo		18	38	197	ue/acordos-internacionais/2002/22002D0151.md
22002D0151	Artigo 1.º		42	56	161	ue/acordos-internacionais/2002/22002D0151.md
22002D0151	Artigo 2.º		58	60	47	ue/acordos-internacionais/2002/22002D0151.md
22002D0151	Artigo 3.º		62	64	51	ue/acordos-internacionais/2002/22002D0151.md
22002D0151	Artigo 4.º		66	108	216	ue/acordos-internacionais/2002/22002D0151.md
22002D0152	Preâmbulo		18	38	195	ue/acordos-internacionais/2002/22002D0152.md
22002D0152	Artigo 1.º		42	56	156	ue/acordos-internacionais/2002/22002D0152.md
22002D0152	Artigo 2.º		58	60	48	ue/acordos-internacionais/2002/22002D0152.md
22002D0152	Artigo 3.º		62	64	51	ue/acordos-internacionais/2002/22002D0152.md
22002D0152	Artigo 4.º		66	86	108	ue/acordos-internacionais/2002/22002D0152.md
22002D0153	Preâmbulo		18	38	200	ue/acordos-internacionais/2002/22002D0153.md
22002D0153	Artigo 1.º		42	46	106	ue/acordos-internacionais/2002/22002D0153.md
22002D0153	Artigo 2.º		48	50	50	ue/acordos-internacionais/2002/22002D0153.md
22002D0153	Artigo 3.º		52	54	53	ue/acordos-internacionais/2002/22002D0153.md
22002D0153	Artigo 4.º		56	72	91	ue/acordos-internacionais/2002/22002D0153.md
22002D0154	Preâmbulo		18	40	309	ue/acordos-internacionais/2002/22002D0154.md
22002D0154	Artigo 1.º		44	48	120	ue/acordos-internacionais/2002/22002D0154.md
22002D0154	Artigo 2.º		50	54	67	ue/acordos-internacionais/2002/22002D0154.md
22002D0154	Artigo 3.º		56	72	87	ue/acordos-internacionais/2002/22002D0154.md
22002D0156	Preâmbulo		18	40	212	ue/acordos-internacionais/2002/22002D0156.md
22002D0156	Artigo 1.º		44	48	64	ue/acordos-internacionais/2002/22002D0156.md
22002D0156	Artigo 2.º		50	52	45	ue/acordos-internacionais/2002/22002D0156.md
22002D0156	Artigo 3.º		54	56	53	ue/acordos-internacionais/2002/22002D0156.md
22002D0156	Artigo 4.º		58	74	89	ue/acordos-internacionais/2002/22002D0156.md
22002D0157	Preâmbulo		18	42	288	ue/acordos-internacionais/2002/22002D0157.md
22002D0157	Artigo 1.º		46	48	34	ue/acordos-internacionais/2002/22002D0157.md
22002D0157	Artigo 2.º		50	52	45	ue/acordos-internacionais/2002/22002D0157.md
22002D0157	Artigo 3.º		54	56	53	ue/acordos-internacionais/2002/22002D0157.md
22002D0157	Artigo 4.º		58	94	335	ue/acordos-internacionais/2002/22002D0157.md
22002D0158	Preâmbulo		18	42	565	ue/acordos-internacionais/2002/22002D0158.md
22002D0158	Artigo 1.º		46	82	703	ue/acordos-internacionais/2002/22002D0158.md
22002D0158	Artigo 2.º		84	86	98	ue/acordos-internacionais/2002/22002D0158.md
22002D0158	Artigo 3.º		88	90	53	ue/acordos-internacionais/2002/22002D0158.md
22002D0158	Artigo 4.º		92	112	105	ue/acordos-internacionais/2002/22002D0158.md
22002D0159	Preâmbulo		18	42	301	ue/acordos-internacionais/2002/22002D0159.md
22002D0159	Artigo 1.º		46	76	308	ue/acordos-internacionais/2002/22002D0159.md
22002D0159	Artigo 2.º		78	80	46	ue/acordos-internacionais/2002/22002D0159.md
22002D0159	Artigo 3.º		82	84	53	ue/acordos-internacionais/2002/22002D0159.md
22002D0159	Artigo 4.º		86	104	96	ue/acordos-internacionais/2002/22002D0159.md
22002D0160	Preâmbulo		18	44	427	ue/acordos-internacionais/2002/22002D0160.md
22002D0160	Artigo 1.º		48	72	371	ue/acordos-internacionais/2002/22002D0160.md
22002D0160	Artigo 2.º		74	76	53	ue/acordos-internacionais/2002/22002D0160.md
22002D0160	Artigo 3.º		78	80	53	ue/acordos-internacionais/2002/22002D0160.md
22002D0160	Artigo 4.º		82	104	113	ue/acordos-internacionais/2002/22002D0160.md
22002D0161	Preâmbulo		18	48	584	ue/acordos-internacionais/2002/22002D0161.md
22002D0161	Artigo 1.º		52	76	387	ue/acordos-internacionais/2002/22002D0161.md
22002D0161	Artigo 2.º		78	80	90	ue/acordos-internacionais/2002/22002D0161.md
22002D0161	Artigo 3.º		82	84	51	ue/acordos-internacionais/2002/22002D0161.md
22002D0161	Artigo 4.º		86	112	130	ue/acordos-internacionais/2002/22002D0161.md
22002D0162	Preâmbulo		18	38	235	ue/acordos-internacionais/2002/22002D0162.md
22002D0162	Artigo 1.º		42	46	78	ue/acordos-internacionais/2002/22002D0162.md
22002D0162	Artigo 2.º		48	50	60	ue/acordos-internacionais/2002/22002D0162.md
22002D0162	Artigo 3.º		52	54	51	ue/acordos-internacionais/2002/22002D0162.md
22002D0162	Artigo 4.º		56	72	88	ue/acordos-internacionais/2002/22002D0162.md
22002D0163	Preâmbulo		18	38	217	ue/acordos-internacionais/2002/22002D0163.md
22002D0163	Artigo 1.º		42	46	65	ue/acordos-internacionais/2002/22002D0163.md
22002D0163	Artigo 2.º		48	50	44	ue/acordos-internacionais/2002/22002D0163.md
22002D0163	Artigo 3.º		52	54	51	ue/acordos-internacionais/2002/22002D0163.md
22002D0163	Artigo 4.º		56	72	88	ue/acordos-internacionais/2002/22002D0163.md
22002D0164	Preâmbulo		18	38	218	ue/acordos-internacionais/2002/22002D0164.md
22002D0164	Artigo 1.º		42	52	136	ue/acordos-internacionais/2002/22002D0164.md
22002D0164	Artigo 2.º		54	56	46	ue/acordos-internacionais/2002/22002D0164.md
22002D0164	Artigo 3.º		58	60	53	ue/acordos-internacionais/2002/22002D0164.md
22002D0164	Artigo 4.º		62	78	86	ue/acordos-internacionais/2002/22002D0164.md
22002D0165	Preâmbulo		18	38	202	ue/acordos-internacionais/2002/22002D0165.md
22002D0165	Artigo 1.º		42	58	209	ue/acordos-internacionais/2002/22002D0165.md
22002D0165	Artigo 2.º		60	62	46	ue/acordos-internacionais/2002/22002D0165.md
22002D0165	Artigo 3.º		64	66	53	ue/acordos-internacionais/2002/22002D0165.md
22002D0165	Artigo 4.º		68	84	86	ue/acordos-internacionais/2002/22002D0165.md
22002D0166	Preâmbulo		18	38	180	ue/acordos-internacionais/2002/22002D0166.md
22002D0166	Artigo 1.º		42	46	80	ue/acordos-internacionais/2002/22002D0166.md
22002D0166	Artigo 2.º		48	50	46	ue/acordos-internacionais/2002/22002D0166.md
22002D0166	Artigo 3.º		52	54	53	ue/acordos-internacionais/2002/22002D0166.md
22002D0166	Artigo 4.º		56	72	87	ue/acordos-internacionais/2002/22002D0166.md
22002D0167	Preâmbulo		18	38	181	ue/acordos-internacionais/2002/22002D0167.md
22002D0167	Artigo 1.º		42	46	87	ue/acordos-internacionais/2002/22002D0167.md
22002D0167	Artigo 2.º		48	50	46	ue/acordos-internacionais/2002/22002D0167.md
22002D0167	Artigo 3.º		52	54	53	ue/acordos-internacionais/2002/22002D0167.md
22002D0167	Artigo 4.º		56	72	86	ue/acordos-internacionais/2002/22002D0167.md
22002D0168	Preâmbulo		18	48	898	ue/acordos-internacionais/2002/22002D0168.md
22002D0168	Artigo 1.º		52	54	180	ue/acordos-internacionais/2002/22002D0168.md
22002D0168	Artigo 2.º		56	58	158	ue/acordos-internacionais/2002/22002D0168.md
22002D0168	Artigo 3.º		60	62	191	ue/acordos-internacionais/2002/22002D0168.md
22002D0168	Artigo 4.º		64	66	84	ue/acordos-internacionais/2002/22002D0168.md
22002D0168	Artigo 5.º		68	84	135	ue/acordos-internacionais/2002/22002D0168.md
22002D0168(01)	Preâmbulo		18	38	197	ue/acordos-internacionais/2002/22002D0168(01).md
22002D0168(01)	Artigo 1.º		42	48	71	ue/acordos-internacionais/2002/22002D0168(01).md
22002D0168(01)	Artigo 2.º		50	52	46	ue/acordos-internacionais/2002/22002D0168(01).md
22002D0168(01)	Artigo 3.º		54	56	51	ue/acordos-internacionais/2002/22002D0168(01).md
22002D0168(01)	Artigo 4.º		58	74	86	ue/acordos-internacionais/2002/22002D0168(01).md
22002D0169	Preâmbulo		18	32	325	ue/acordos-internacionais/2002/22002D0169.md
22002D0169	Artigo 1.º		36	38	142	ue/acordos-internacionais/2002/22002D0169.md
22002D0169	Artigo 2.º		40	42	245	ue/acordos-internacionais/2002/22002D0169.md
22002D0169	Artigo 3.º		44	46	83	ue/acordos-internacionais/2002/22002D0169.md
22002D0169	Artigo 4.º		48	50	31	ue/acordos-internacionais/2002/22002D0169.md
22002D0169	Artigo 5.º		52	64	54	ue/acordos-internacionais/2002/22002D0169.md
22002D0169(01)	Preâmbulo		18	38	198	ue/acordos-internacionais/2002/22002D0169(01).md
22002D0169(01)	Artigo 1.º		42	46	82	ue/acordos-internacionais/2002/22002D0169(01).md
22002D0169(01)	Artigo 2.º		48	50	48	ue/acordos-internacionais/2002/22002D0169(01).md
22002D0169(01)	Artigo 3.º		52	54	54	ue/acordos-internacionais/2002/22002D0169(01).md
22002D0169(01)	Artigo 4.º		56	72	86	ue/acordos-internacionais/2002/22002D0169(01).md
22002D0170(01)	Preâmbulo		18	38	179	ue/acordos-internacionais/2002/22002D0170(01).md
22002D0170(01)	Artigo 1.º		42	54	262	ue/acordos-internacionais/2002/22002D0170(01).md
22002D0170(01)	Artigo 2.º		56	58	49	ue/acordos-internacionais/2002/22002D0170(01).md
22002D0170(01)	Artigo 3.º		60	62	53	ue/acordos-internacionais/2002/22002D0170(01).md
22002D0170(01)	Artigo 4.º		64	80	87	ue/acordos-internacionais/2002/22002D0170(01).md
22002D0171	Preâmbulo		18	38	199	ue/acordos-internacionais/2002/22002D0171.md
22002D0171	Artigo 1.º		42	50	150	ue/acordos-internacionais/2002/22002D0171.md
22002D0171	Artigo 2.º		52	54	46	ue/acordos-internacionais/2002/22002D0171.md
22002D0171	Artigo 3.º		56	58	51	ue/acordos-internacionais/2002/22002D0171.md
22002D0171	Artigo 4.º		60	76	87	ue/acordos-internacionais/2002/22002D0171.md
22002D0172	Preâmbulo		18	38	220	ue/acordos-internacionais/2002/22002D0172.md
22002D0172	Artigo 1.º		42	46	92	ue/acordos-internacionais/2002/22002D0172.md
22002D0172	Artigo 2.º		48	50	46	ue/acordos-internacionais/2002/22002D0172.md
22002D0172	Artigo 3.º		52	54	51	ue/acordos-internacionais/2002/22002D0172.md
22002D0172	Artigo 4.º		56	72	88	ue/acordos-internacionais/2002/22002D0172.md
22002D0173	Preâmbulo		18	38	190	ue/acordos-internacionais/2002/22002D0173.md
22002D0173	Artigo 1.º		42	56	178	ue/acordos-internacionais/2002/22002D0173.md
22002D0173	Artigo 2.º		58	60	46	ue/acordos-internacionais/2002/22002D0173.md
22002D0173	Artigo 3.º		62	64	51	ue/acordos-internacionais/2002/22002D0173.md
22002D0173	Artigo 4.º		66	82	89	ue/acordos-internacionais/2002/22002D0173.md
22002D0174	Preâmbulo		18	38	187	ue/acordos-internacionais/2002/22002D0174.md
22002D0174	Artigo 1.º		42	46	90	ue/acordos-internacionais/2002/22002D0174.md
22002D0174	Artigo 2.º		48	50	46	ue/acordos-internacionais/2002/22002D0174.md
22002D0174	Artigo 3.º		52	54	51	ue/acordos-internacionais/2002/22002D0174.md
22002D0174	Artigo 4.º		56	72	88	ue/acordos-internacionais/2002/22002D0174.md
22002D0175	Preâmbulo		18	38	170	ue/acordos-internacionais/2002/22002D0175.md
22002D0175	Artigo 1.º		42	46	73	ue/acordos-internacionais/2002/22002D0175.md
22002D0175	Artigo 2.º		48	50	46	ue/acordos-internacionais/2002/22002D0175.md
22002D0175	Artigo 3.º		52	54	51	ue/acordos-internacionais/2002/22002D0175.md
22002D0175	Artigo 4.º		56	72	86	ue/acordos-internacionais/2002/22002D0175.md
22002D0202(01)	Preâmbulo		18	42	372	ue/acordos-internacionais/2002/22002D0202(01).md
22002D0202(01)	Artigo 1.º	Certificação	46	48	18	ue/acordos-internacionais/2002/22002D0202(01).md
22002D0202(01)	Artigo 2.º	Medidas de luta	50	62	447	ue/acordos-internacionais/2002/22002D0202(01).md
22002D0202(01)	Artigo 3.º	Inspecções	64	66	36	ue/acordos-internacionais/2002/22002D0202(01).md
22002D0202(01)	Artigo 4.º	Transacções comerciais de determinados animais	68	74	118	ue/acordos-internacionais/2002/22002D0202(01).md
22002D0202(01)	Artigo 5.º	Transacções comerciais de determinados produtos animais	76	96	276	ue/acordos-internacionais/2002/22002D0202(01).md
22002D0202(01)	Artigo 6.º	Tratamento dos resíduos animais	98	100	22	ue/acordos-internacionais/2002/22002D0202(01).md
22002D0202(01)	Artigo 7.º		102	104	55	ue/acordos-internacionais/2002/22002D0202(01).md
22002D0202(01)	Artigo 8.º	Protecção do bem-estar dos animais	106	112	106	ue/acordos-internacionais/2002/22002D0202(01).md
22002D0202(01)	Artigo 9.º		114	116	37	ue/acordos-internacionais/2002/22002D0202(01).md
22002D0202(01)	Artigo 10.º		118	230	1985	ue/acordos-internacionais/2002/22002D0202(01).md
22002D0238	Preâmbulo		18	32	237	ue/acordos-internacionais/2002/22002D0238.md
22002D0238	Artigo 1.º		36	38	49	ue/acordos-internacionais/2002/22002D0238.md
22002D0238	Artigo 2.º		40	42	37	ue/acordos-internacionais/2002/22002D0238.md
22002D0238	Artigo 3.º		44	46	70	ue/acordos-internacionais/2002/22002D0238.md
22002D0238	Artigo 4.º		48	50	57	ue/acordos-internacionais/2002/22002D0238.md
22002D0238	Artigo 5.º		52	54	134	ue/acordos-internacionais/2002/22002D0238.md
22002D0238	Artigo 6.º		56	60	41	ue/acordos-internacionais/2002/22002D0238.md
22002D0238	Artigo 7.º		62	64	74	ue/acordos-internacionais/2002/22002D0238.md
22002D0238	Artigo 8.º		66	80	104	ue/acordos-internacionais/2002/22002D0238.md
22002D0239	Preâmbulo		18	32	262	ue/acordos-internacionais/2002/22002D0239.md
22002D0239	Artigo 1.º		36	38	50	ue/acordos-internacionais/2002/22002D0239.md
22002D0239	Artigo 2.º		40	42	38	ue/acordos-internacionais/2002/22002D0239.md
22002D0239	Artigo 3.º		44	46	72	ue/acordos-internacionais/2002/22002D0239.md
22002D0239	Artigo 4.º		48	50	58	ue/acordos-internacionais/2002/22002D0239.md
22002D0239	Artigo 5.º		52	54	136	ue/acordos-internacionais/2002/22002D0239.md
22002D0239	Artigo 6.º		56	60	41	ue/acordos-internacionais/2002/22002D0239.md
22002D0239	Artigo 7.º		62	64	74	ue/acordos-internacionais/2002/22002D0239.md
22002D0239	Artigo 8.º		66	80	105	ue/acordos-internacionais/2002/22002D0239.md
22002D0240	Preâmbulo		18	30	134	ue/acordos-internacionais/2002/22002D0240.md
22002D0257	Preâmbulo		18	32	258	ue/acordos-internacionais/2002/22002D0257.md
22002D0257	Artigo 1.º		36	38	49	ue/acordos-internacionais/2002/22002D0257.md
22002D0257	Artigo 2.º		40	42	37	ue/acordos-internacionais/2002/22002D0257.md
22002D0257	Artigo 3.º		44	46	70	ue/acordos-internacionais/2002/22002D0257.md
22002D0257	Artigo 4.º		48	50	57	ue/acordos-internacionais/2002/22002D0257.md
22002D0257	Artigo 5.º		52	54	135	ue/acordos-internacionais/2002/22002D0257.md
22002D0257	Artigo 6.º	A presente decisão é aplicável por um período indeterminado	56	58	41	ue/acordos-internacionais/2002/22002D0257.md
22002D0257	Artigo 7.º		60	62	74	ue/acordos-internacionais/2002/22002D0257.md
22002D0257	Artigo 8.º		64	78	105	ue/acordos-internacionais/2002/22002D0257.md
22002D0258	Preâmbulo		18	32	258	ue/acordos-internacionais/2002/22002D0258.md
22002D0258	Artigo 1.º		36	38	49	ue/acordos-internacionais/2002/22002D0258.md
22002D0258	Artigo 2.º		40	42	37	ue/acordos-internacionais/2002/22002D0258.md
22002D0258	Artigo 3.º		44	46	70	ue/acordos-internacionais/2002/22002D0258.md
22002D0258	Artigo 4.º		48	50	57	ue/acordos-internacionais/2002/22002D0258.md
22002D0258	Artigo 5.º		52	54	134	ue/acordos-internacionais/2002/22002D0258.md
22002D0258	Artigo 6.º		56	60	41	ue/acordos-internacionais/2002/22002D0258.md
22002D0258	Artigo 7.º		62	64	72	ue/acordos-internacionais/2002/22002D0258.md
22002D0258	Artigo 8.º		66	80	106	ue/acordos-internacionais/2002/22002D0258.md
22002D0281	Preâmbulo		18	40	503	ue/acordos-internacionais/2002/22002D0281.md
22002D0281	Artigo 1.º		44	62	358	ue/acordos-internacionais/2002/22002D0281.md
22002D0281	Artigo 2.º		64	90	202	ue/acordos-internacionais/2002/22002D0281.md
22002D0288	Preâmbulo		18	34	164	ue/acordos-internacionais/2002/22002D0288.md
22002D0289	Preâmbulo		18	34	175	ue/acordos-internacionais/2002/22002D0289.md
22002D0290	Preâmbulo		18	34	178	ue/acordos-internacionais/2002/22002D0290.md
22002D0291	Preâmbulo		18	34	163	ue/acordos-internacionais/2002/22002D0291.md
22002D0292	Preâmbulo		18	34	163	ue/acordos-internacionais/2002/22002D0292.md
22002D0293	Preâmbulo		18	34	163	ue/acordos-internacionais/2002/22002D0293.md
22002D0294	Preâmbulo		18	34	132	ue/acordos-internacionais/2002/22002D0294.md
22002D0294	Artigo 1.º	Presidência	58	60	40	ue/acordos-internacionais/2002/22002D0294.md
22002D0294	Artigo 2.º	Reuniões	62	72	215	ue/acordos-internacionais/2002/22002D0294.md
22002D0294	Artigo 3.º	Delegações	74	76	37	ue/acordos-internacionais/2002/22002D0294.md
22002D0294	Artigo 4.º	Ordem de trabalhos das reuniões	78	84	204	ue/acordos-internacionais/2002/22002D0294.md
22002D0294	Artigo 5.º	Actas das reuniões	86	100	154	ue/acordos-internacionais/2002/22002D0294.md
22002D0294	Artigo 6.º	Decisões do Comité Misto	102	126	1018	ue/acordos-internacionais/2002/22002D0294.md
22002D0294	Artigo 7.º	Comité Misto e Comités Mistos Sectoriais	128	130	125	ue/acordos-internacionais/2002/22002D0294.md
22002D0294	Artigo 8.º	Consulta de peritos	132	134	31	ue/acordos-internacionais/2002/22002D0294.md
22002D0294	Artigo 9.º	Despesas	136	140	92	ue/acordos-internacionais/2002/22002D0294.md
22002D0294	Artigo 10.º	Procedimentos administrativos	142	168	376	ue/acordos-internacionais/2002/22002D0294.md
22002D0295	Preâmbulo		18	34	162	ue/acordos-internacionais/2002/22002D0295.md
22002D0306	Preâmbulo		18	40	336	ue/acordos-internacionais/2002/22002D0306.md
22002D0306	Artigo 1.º		44	60	399	ue/acordos-internacionais/2002/22002D0306.md
22002D0306	Artigo 2.º		62	76	62	ue/acordos-internacionais/2002/22002D0306.md
22002D0318	Preâmbulo		18	32	248	ue/acordos-internacionais/2002/22002D0318.md
22002D0318	Artigo 1.º		36	38	49	ue/acordos-internacionais/2002/22002D0318.md
22002D0318	Artigo 2.º		40	42	38	ue/acordos-internacionais/2002/22002D0318.md
22002D0318	Artigo 3.º		44	46	72	ue/acordos-internacionais/2002/22002D0318.md
22002D0318	Artigo 4.º		48	50	58	ue/acordos-internacionais/2002/22002D0318.md
22002D0318	Artigo 5.º		52	54	129	ue/acordos-internacionais/2002/22002D0318.md
22002D0318	Artigo 6.º		56	60	42	ue/acordos-internacionais/2002/22002D0318.md
22002D0318	Artigo 7.º		62	64	74	ue/acordos-internacionais/2002/22002D0318.md
22002D0318	Artigo 8.º		66	80	103	ue/acordos-internacionais/2002/22002D0318.md
22002D0319	Preâmbulo		18	32	211	ue/acordos-internacionais/2002/22002D0319.md
22002D0319	Artigo 1.º		36	38	51	ue/acordos-internacionais/2002/22002D0319.md
22002D0319	Artigo 2.º		40	42	81	ue/acordos-internacionais/2002/22002D0319.md
22002D0319	Artigo 3.º		44	56	58	ue/acordos-internacionais/2002/22002D0319.md
22002D0319	ANEXO I	TERMOS E CONDIÇÕES DE PARTICIPAÇÃO DA ESLOVÉNIA NO PROGRAMA FISCALIS	58	86	1043	ue/acordos-internacionais/2002/22002D0319.md
22002D0319	ANEXO II	CONTRIBUIÇÃO FINANCEIRA DA ESLOVÉNIA PARA O PROGRAMA FISCALIS	88	106	917	ue/acordos-internacionais/2002/22002D0319.md
22002D0342	Preâmbulo		18	38	530	ue/acordos-internacionais/2002/22002D0342.md
22002D0342	Artigo 1.º		42	44	69	ue/acordos-internacionais/2002/22002D0342.md
22002D0342	Artigo 2.º		46	48	100	ue/acordos-internacionais/2002/22002D0342.md
22002D0342	Artigo 3.º		50	66	100	ue/acordos-internacionais/2002/22002D0342.md
22002D0342	ANEXO I		68	114	1272	ue/acordos-internacionais/2002/22002D0342.md
22002D0342	ANEXO II		116	134	452	ue/acordos-internacionais/2002/22002D0342.md
22002D0369	Preâmbulo		18	32	246	ue/acordos-internacionais/2002/22002D0369.md
22002D0369	Artigo 1.º		36	38	56	ue/acordos-internacionais/2002/22002D0369.md
22002D0369	Artigo 2.º		40	42	38	ue/acordos-internacionais/2002/22002D0369.md
22002D0369	Artigo 3.º		44	46	39	ue/acordos-internacionais/2002/22002D0369.md
22002D0369	Artigo 4.º		48	50	36	ue/acordos-internacionais/2002/22002D0369.md
22002D0369	Artigo 5.º		52	66	76	ue/acordos-internacionais/2002/22002D0369.md
22002D0369	ANEXO I	Posições pautais em relação às quais o México acelerará a supressão dos direitos aduaneiros aplicáveis aos produtos originários da Comunidade Europeia	68	80	261	ue/acordos-internacionais/2002/22002D0369.md
22002D0369	ANEXO II	Posições pautais em relação às quais a Comunidade Europeia acelerará a supressão dos direitos aduaneiros aplicáveis aos produtos originários do México	82	86	92	ue/acordos-internacionais/2002/22002D0369.md
22002D0370	Preâmbulo		18	32	242	ue/acordos-internacionais/2002/22002D0370.md
22002D0370	Artigo 1.º		36	40	124	ue/acordos-internacionais/2002/22002D0370.md
22002D0370	Artigo 2.º		42	56	74	ue/acordos-internacionais/2002/22002D0370.md
22002D0376	Preâmbulo		18	32	209	ue/acordos-internacionais/2002/22002D0376.md
22002D0376	Artigo 1.º	"São aditados os seguintes artigos ao regulamento Interno do Conselho de Associação: ""Artigo 16.º"	36	54	604	ue/acordos-internacionais/2002/22002D0376.md
22002D0376	Artigo 17.º		56	70	260	ue/acordos-internacionais/2002/22002D0376.md
22002D0376	Artigo 18.º		72	78	190	ue/acordos-internacionais/2002/22002D0376.md
22002D0376	Artigo 2.º		80	92	63	ue/acordos-internacionais/2002/22002D0376.md
22002D0407	Preâmbulo		18	32	267	ue/acordos-internacionais/2002/22002D0407.md
22002D0407	Artigo 1.º		36	38	51	ue/acordos-internacionais/2002/22002D0407.md
22002D0407	Artigo 2.º		40	42	38	ue/acordos-internacionais/2002/22002D0407.md
22002D0407	Artigo 3.º		44	46	76	ue/acordos-internacionais/2002/22002D0407.md
22002D0407	Artigo 4.º		48	50	59	ue/acordos-internacionais/2002/22002D0407.md
22002D0407	Artigo 5.º		52	54	143	ue/acordos-internacionais/2002/22002D0407.md
22002D0407	Artigo 6.º		56	60	42	ue/acordos-internacionais/2002/22002D0407.md
22002D0407	Artigo 7.º		62	64	76	ue/acordos-internacionais/2002/22002D0407.md
22002D0407	Artigo 8.º		66	80	104	ue/acordos-internacionais/2002/22002D0407.md
22002D0412	Preâmbulo		18	38	506	ue/acordos-internacionais/2002/22002D0412.md
22002D0412	Artigo 1.º		42	44	41	ue/acordos-internacionais/2002/22002D0412.md
22002D0412	Artigo 2.º		46	48	71	ue/acordos-internacionais/2002/22002D0412.md
22002D0412	Artigo 3.º		50	52	48	ue/acordos-internacionais/2002/22002D0412.md
22002D0412	Artigo 4.º		54	70	183	ue/acordos-internacionais/2002/22002D0412.md
22002D0412	Artigo 1.º		76	84	284	ue/acordos-internacionais/2002/22002D0412.md
22002D0412	Artigo 2.º		86	120	541	ue/acordos-internacionais/2002/22002D0412.md
22002D0412	Artigo 3.º		122	136	256	ue/acordos-internacionais/2002/22002D0412.md
22002D0412	Artigo 4.º		138	142	143	ue/acordos-internacionais/2002/22002D0412.md
22002D0412	Artigo 5.º		144	174	586	ue/acordos-internacionais/2002/22002D0412.md
22002D0412	Artigo 6.º		180	186	207	ue/acordos-internacionais/2002/22002D0412.md
22002D0412	Artigo 7.º		188	210	651	ue/acordos-internacionais/2002/22002D0412.md
22002D0412	Artigo 8.º		212	216	65	ue/acordos-internacionais/2002/22002D0412.md
22002D0412	Artigo 9.º		218	224	152	ue/acordos-internacionais/2002/22002D0412.md
22002D0412	Artigo 10.º		226	232	132	ue/acordos-internacionais/2002/22002D0412.md
22002D0412	Artigo 11.º		234	238	156	ue/acordos-internacionais/2002/22002D0412.md
22002D0412	Artigo 12.º		240	248	262	ue/acordos-internacionais/2002/22002D0412.md
22002D0412	Artigo 13.º		250	254	165	ue/acordos-internacionais/2002/22002D0412.md
22002D0412	Artigo 14.º		256	258	64	ue/acordos-internacionais/2002/22002D0412.md
22002D0412	Artigo 15.º		260	264	51	ue/acordos-internacionais/2002/22002D0412.md
22002D0412	Artigo 16.º		266	318	1180	ue/acordos-internacionais/2002/22002D0412.md
22002D0480	Preâmbulo		18	34	222	ue/acordos-internacionais/2002/22002D0480.md
22002D0480	Artigo 1.º		38	40	52	ue/acordos-internacionais/2002/22002D0480.md
22002D0480	Artigo 2.º		42	44	81	ue/acordos-internacionais/2002/22002D0480.md
22002D0480	Artigo 3.º		46	60	67	ue/acordos-internacionais/2002/22002D0480.md
22002D0480	ANEXO I	TERMOS E CONDIÇÕES DE PARTICIPAÇÃO DA ESLOVÁQUIA NO PROGRAMA FISCALIS	62	90	1056	ue/acordos-internacionais/2002/22002D0480.md
22002D0480	ANEXO II	CONTRIBUIÇÃO FINANCEIRA DA ESLOVÁQUIA PARA O PROGRAMA FISCALIS	92	122	1145	ue/acordos-internacionais/2002/22002D0480.md
22002D0528	Preâmbulo		18	34	284	ue/acordos-internacionais/2002/22002D0528.md
22002D0528	Artigo 1.º		38	40	50	ue/acordos-internacionais/2002/22002D0528.md
22002D0528	Artigo 2.º		42	90	825	ue/acordos-internacionais/2002/22002D0528.md
22002D0528	ANEXO II		92	104	197	ue/acordos-internacionais/2002/22002D0528.md
22002D0618	Preâmbulo		18	32	96	ue/acordos-internacionais/2002/22002D0618.md
22002D0618	Artigo 1.º	Presidência	56	60	78	ue/acordos-internacionais/2002/22002D0618.md
22002D0618	Artigo 2.º	Reuniões	62	70	215	ue/acordos-internacionais/2002/22002D0618.md
22002D0618	Artigo 3.º	Delegações	72	74	37	ue/acordos-internacionais/2002/22002D0618.md
22002D0618	Artigo 4.º	Ordem de trabalhos das reuniões	76	82	223	ue/acordos-internacionais/2002/22002D0618.md
22002D0618	Artigo 5.º	Actas das reuniões	84	98	136	ue/acordos-internacionais/2002/22002D0618.md
22002D0618	Artigo 6.º	Decisões do Comité Misto	100	120	621	ue/acordos-internacionais/2002/22002D0618.md
22002D0618	Artigo 7.º	Procedimentos de notificação e de proposta	122	126	232	ue/acordos-internacionais/2002/22002D0618.md
22002D0618	Artigo 8.º	Subcomités	128	130	67	ue/acordos-internacionais/2002/22002D0618.md
22002D0618	Artigo 9.º	Intercâmbio de informações	132	134	110	ue/acordos-internacionais/2002/22002D0618.md
22002D0618	Artigo 10.º	Publicação	136	138	107	ue/acordos-internacionais/2002/22002D0618.md
22002D0618	Artigo 11.º	Consulta de peritos	140	142	31	ue/acordos-internacionais/2002/22002D0618.md
22002D0618	Artigo 12.º	Despesas	144	148	92	ue/acordos-internacionais/2002/22002D0618.md
22002D0618	Artigo 13.º	Procedimentos administrativos	150	158	180	ue/acordos-internacionais/2002/22002D0618.md
22002D0618	Artigo 14.º	Línguas	160	174	166	ue/acordos-internacionais/2002/22002D0618.md
22002D0619	Preâmbulo		18	34	154	ue/acordos-internacionais/2002/22002D0619.md
22002D0751	Preâmbulo		18	34	227	ue/acordos-internacionais/2002/22002D0751.md
22002D0751	Artigo 1.º		38	40	53	ue/acordos-internacionais/2002/22002D0751.md
22002D0751	Artigo 2.º		42	44	81	ue/acordos-internacionais/2002/22002D0751.md
22002D0751	Artigo 3.º		46	60	68	ue/acordos-internacionais/2002/22002D0751.md
22002D0751	ANEXO I	TERMOS E CONDIÇÕES DE PARTICIPAÇÃO DA REPÚBLICA CHECA NO PROGRAMA FISCALIS	62	90	1072	ue/acordos-internacionais/2002/22002D0751.md
22002D0751	ANEXO II	CONTRIBUIÇÃO FINANCEIRA DA REPÚBLICA CHECA PARA O PROGRAMA FISCALIS	92	122	1171	ue/acordos-internacionais/2002/22002D0751.md
22002D0752	Preâmbulo		18	32	214	ue/acordos-internacionais/2002/22002D0752.md
22002D0752	Artigo 1.º	"São aditadas as seguintes disposições ao regulamento interno do Conselho de Associação: ""Artigo 19.º"	36	40	148	ue/acordos-internacionais/2002/22002D0752.md
22002D0752	Artigo 20.º		42	52	218	ue/acordos-internacionais/2002/22002D0752.md
22002D0752	Artigo 21.º		54	60	208	ue/acordos-internacionais/2002/22002D0752.md
22002D0752	Artigo 2.º		62	74	62	ue/acordos-internacionais/2002/22002D0752.md
22002D0763	Preâmbulo		18	26	102	ue/acordos-internacionais/2002/22002D0763.md
22002D0763	Artigo 1.º	Presidência	30	32	104	ue/acordos-internacionais/2002/22002D0763.md
22002D0763	Artigo 2.º	Reuniões	34	38	142	ue/acordos-internacionais/2002/22002D0763.md
22002D0763	Artigo 3.º	Representação	40	44	100	ue/acordos-internacionais/2002/22002D0763.md
22002D0763	Artigo 4.º	Delegações	46	54	147	ue/acordos-internacionais/2002/22002D0763.md
22002D0763	Artigo 5.º	Secretariado	56	58	61	ue/acordos-internacionais/2002/22002D0763.md
22002D0763	Artigo 6.º	Correspondência	60	66	214	ue/acordos-internacionais/2002/22002D0763.md
22002D0763	Artigo 7.º	Publicidade	68	70	28	ue/acordos-internacionais/2002/22002D0763.md
22002D0763	Artigo 8.º	Ordem de trabalhos das reuniões	72	80	259	ue/acordos-internacionais/2002/22002D0763.md
22002D0763	Artigo 9.º		82	94	197	ue/acordos-internacionais/2002/22002D0763.md
22002D0763	Artigo 10.º	Decisões e recomendações	96	106	266	ue/acordos-internacionais/2002/22002D0763.md
22002D0763	Artigo 11.º	Línguas	108	112	58	ue/acordos-internacionais/2002/22002D0763.md
22002D0763	Artigo 12.º	Despesas	114	120	164	ue/acordos-internacionais/2002/22002D0763.md
22002D0763	Artigo 13.º	Comité de Associação	122	144	407	ue/acordos-internacionais/2002/22002D0763.md
22002D0763	Artigo 1.º	Presidência	146	152	149	ue/acordos-internacionais/2002/22002D0763.md
22002D0763	Artigo 2.º	Reuniões	154	160	71	ue/acordos-internacionais/2002/22002D0763.md
22002D0763	Artigo 3.º	Delegações	162	164	32	ue/acordos-internacionais/2002/22002D0763.md
22002D0763	Artigo 4.º	Secretariado	166	170	116	ue/acordos-internacionais/2002/22002D0763.md
22002D0763	Artigo 5.º	Publicidade	172	174	28	ue/acordos-internacionais/2002/22002D0763.md
22002D0763	Artigo 6.º	Ordem de trabalhos das reuniões	176	186	294	ue/acordos-internacionais/2002/22002D0763.md
22002D0763	Artigo 7.º		188	190	90	ue/acordos-internacionais/2002/22002D0763.md
22002D0763	Artigo 8.º	Deliberações	192	198	186	ue/acordos-internacionais/2002/22002D0763.md
22002D0763	Artigo 9.º	Despesas	200	204	177	ue/acordos-internacionais/2002/22002D0763.md
22002D0795	Preâmbulo		18	32	229	ue/acordos-internacionais/2002/22002D0795.md
22002D0795	Artigo 1.º	"São aditados os seguintes artigos ao regulamento interno do Conselho de Associação: ""Artigo 15.º"	36	40	160	ue/acordos-internacionais/2002/22002D0795.md
22002D0795	Artigo 16.º		42	52	217	ue/acordos-internacionais/2002/22002D0795.md
22002D0795	Artigo 17.º		54	60	216	ue/acordos-internacionais/2002/22002D0795.md
22002D0795	Artigo 2.º		62	76	71	ue/acordos-internacionais/2002/22002D0795.md
22002D0814	Preâmbulo		18	34	219	ue/acordos-internacionais/2002/22002D0814.md
22002D0814	Artigo 1.º		38	40	51	ue/acordos-internacionais/2002/22002D0814.md
22002D0814	Artigo 2.º		42	44	81	ue/acordos-internacionais/2002/22002D0814.md
22002D0814	Artigo 3.º		46	60	68	ue/acordos-internacionais/2002/22002D0814.md
22002D0814	ANEXO I	TERMOS E CONDIÇÕES DE PARTICIPAÇÃO DA ROMÉNIA NO PROGRAMA FISCALIS	62	90	1046	ue/acordos-internacionais/2002/22002D0814.md
22002D0814	ANEXO II	CONTRIBUIÇÃO FINANCEIRA DA ROMÉNIA PARA O PROGRAMA FISCALIS	92	122	1130	ue/acordos-internacionais/2002/22002D0814.md
22002D0815	Preâmbulo		18	32	238	ue/acordos-internacionais/2002/22002D0815.md
22002D0815	Artigo 1.º		36	38	49	ue/acordos-internacionais/2002/22002D0815.md
22002D0815	Artigo 2.º		40	42	38	ue/acordos-internacionais/2002/22002D0815.md
22002D0815	Artigo 3.º		44	46	71	ue/acordos-internacionais/2002/22002D0815.md
22002D0815	Artigo 4.º		48	50	57	ue/acordos-internacionais/2002/22002D0815.md
22002D0815	Artigo 5.º		52	54	135	ue/acordos-internacionais/2002/22002D0815.md
22002D0815	Artigo 6.º		56	60	42	ue/acordos-internacionais/2002/22002D0815.md
22002D0815	Artigo 7.º		62	64	74	ue/acordos-internacionais/2002/22002D0815.md
22002D0815	Artigo 8.º		66	80	105	ue/acordos-internacionais/2002/22002D0815.md
22002D0849	Preâmbulo		18	38	531	ue/acordos-internacionais/2002/22002D0849.md
22002D0849	Artigo 1.º		42	44	86	ue/acordos-internacionais/2002/22002D0849.md
22002D0849	Artigo 2.º		46	58	62	ue/acordos-internacionais/2002/22002D0849.md
22002D0850	Preâmbulo		18	32	216	ue/acordos-internacionais/2002/22002D0850.md
22002D0850	Artigo 1.º		36	44	161	ue/acordos-internacionais/2002/22002D0850.md
22002D0850	Artigo 16.º		46	56	216	ue/acordos-internacionais/2002/22002D0850.md
22002D0850	Artigo 17.º		58	64	215	ue/acordos-internacionais/2002/22002D0850.md
22002D0850	Artigo 2.º		66	80	72	ue/acordos-internacionais/2002/22002D0850.md
22002D0851	Preâmbulo		18	32	234	ue/acordos-internacionais/2002/22002D0851.md
22002D0851	Artigo 1.º		36	38	49	ue/acordos-internacionais/2002/22002D0851.md
22002D0851	Artigo 2.º		40	42	37	ue/acordos-internacionais/2002/22002D0851.md
22002D0851	Artigo 3.º		44	46	70	ue/acordos-internacionais/2002/22002D0851.md
22002D0851	Artigo 4.º		48	50	57	ue/acordos-internacionais/2002/22002D0851.md
22002D0851	Artigo 5.º		52	54	137	ue/acordos-internacionais/2002/22002D0851.md
22002D0851	Artigo 6.º		56	60	42	ue/acordos-internacionais/2002/22002D0851.md
22002D0851	Artigo 7.º		62	64	74	ue/acordos-internacionais/2002/22002D0851.md
22002D0851	Artigo 8.º		66	80	106	ue/acordos-internacionais/2002/22002D0851.md
22002D0852	Preâmbulo		18	32	202	ue/acordos-internacionais/2002/22002D0852.md
22002D0852	Artigo 1.º		36	38	51	ue/acordos-internacionais/2002/22002D0852.md
22002D0852	Artigo 2.º		40	42	81	ue/acordos-internacionais/2002/22002D0852.md
22002D0852	Artigo 3.º		44	56	60	ue/acordos-internacionais/2002/22002D0852.md
22002D0852	ANEXO I	TERMOS E CONDIÇÕES DE PARTICIPAÇÃO DA ESTÓNIA NO PROGRAMA FISCALIS	58	86	1043	ue/acordos-internacionais/2002/22002D0852.md
22002D0852	ANEXO II	CONTRIBUIÇÃO FINANCEIRA DA ESTÓNIA PARA O PROGRAMA FISCALIS	88	118	1130	ue/acordos-internacionais/2002/22002D0852.md
22002D0869	Preâmbulo		18	34	305	ue/acordos-internacionais/2002/22002D0869.md
22002D0869	Artigo 1.º		38	40	54	ue/acordos-internacionais/2002/22002D0869.md
22002D0869	Artigo 2.º		42	44	53	ue/acordos-internacionais/2002/22002D0869.md
22002D0869	Artigo 3.º		46	74	198	ue/acordos-internacionais/2002/22002D0869.md
22002D0869	ANEXO II	Direitos aplicáveis à importação na Lituânia de mercadorias originárias da Comunidade	76	78	31	ue/acordos-internacionais/2002/22002D0869.md
22002D0870	Preâmbulo		18	34	219	ue/acordos-internacionais/2002/22002D0870.md
22002D0870	Artigo 1.º		38	40	51	ue/acordos-internacionais/2002/22002D0870.md
22002D0870	Artigo 2.º		42	44	81	ue/acordos-internacionais/2002/22002D0870.md
22002D0870	Artigo 3.º		46	60	76	ue/acordos-internacionais/2002/22002D0870.md
22002D0870	ANEXO I	TERMOS E CONDIÇÕES DE PARTICIPAÇÃO DA HUNGRIA NO PROGRAMA FISCALIS	62	90	1046	ue/acordos-internacionais/2002/22002D0870.md
22002D0870	ANEXO II	CONTRIBUIÇÃO FINANCEIRA DA HUNGRIA PARA O PROGRAMA FISCALIS	92	122	1130	ue/acordos-internacionais/2002/22002D0870.md
22002D0872	Preâmbulo		18	38	238	ue/acordos-internacionais/2002/22002D0872.md
22002D0873	Preâmbulo		18	34	162	ue/acordos-internacionais/2002/22002D0873.md
22002D0874	Preâmbulo		18	34	162	ue/acordos-internacionais/2002/22002D0874.md
22002D0875	Preâmbulo		18	34	162	ue/acordos-internacionais/2002/22002D0875.md
22002D0876	Preâmbulo		18	34	163	ue/acordos-internacionais/2002/22002D0876.md
22002D0912	Preâmbulo		18	32	262	ue/acordos-internacionais/2002/22002D0912.md
22002D0912	Artigo 1.º		36	38	49	ue/acordos-internacionais/2002/22002D0912.md
22002D0912	Artigo 2.º		40	42	37	ue/acordos-internacionais/2002/22002D0912.md
22002D0912	Artigo 3.º		44	46	71	ue/acordos-internacionais/2002/22002D0912.md
22002D0912	Artigo 4.º		48	50	57	ue/acordos-internacionais/2002/22002D0912.md
22002D0912	Artigo 5.º		52	54	139	ue/acordos-internacionais/2002/22002D0912.md
22002D0912	Artigo 6.º		56	58	42	ue/acordos-internacionais/2002/22002D0912.md
22002D0912	Artigo 7.º		60	62	74	ue/acordos-internacionais/2002/22002D0912.md
22002D0912	Artigo 8.º		64	78	104	ue/acordos-internacionais/2002/22002D0912.md
22002D0924(01)	Preâmbulo		17	33	153	ue/acordos-internacionais/2002/22002D0924(01).md
22002D0924(01)	Artigo 1.º	Presidência	37	39	110	ue/acordos-internacionais/2002/22002D0924(01).md
22002D0924(01)	Artigo 2.º	Reuniões	41	47	106	ue/acordos-internacionais/2002/22002D0924(01).md
22002D0924(01)	Artigo 3.º	Delegações	49	55	130	ue/acordos-internacionais/2002/22002D0924(01).md
22002D0924(01)	Artigo 4.º	Secretariado	57	59	48	ue/acordos-internacionais/2002/22002D0924(01).md
22002D0924(01)	Artigo 5.º	Correspondência	61	63	67	ue/acordos-internacionais/2002/22002D0924(01).md
22002D0924(01)	Artigo 6.º	Ordem de trabalhos das reuniões	65	73	236	ue/acordos-internacionais/2002/22002D0924(01).md
22002D0924(01)	Artigo 7.º		75	77	111	ue/acordos-internacionais/2002/22002D0924(01).md
22002D0924(01)	Artigo 8.º	Deliberações	79	89	218	ue/acordos-internacionais/2002/22002D0924(01).md
22002D0924(01)	Artigo 9.º	Línguas	91	95	56	ue/acordos-internacionais/2002/22002D0924(01).md
22002D0924(01)	Artigo 10.º	Despesas	97	103	182	ue/acordos-internacionais/2002/22002D0924(01).md
22002D0924(01)	Artigo 11.º	Subcomités	105	209	1324	ue/acordos-internacionais/2002/22002D0924(01).md
22002D0966	Preâmbulo		18	32	200	ue/acordos-internacionais/2002/22002D0966.md
22002D0966	Artigo 1.º		36	38	51	ue/acordos-internacionais/2002/22002D0966.md
22002D0966	Artigo 2.º		40	42	81	ue/acordos-internacionais/2002/22002D0966.md
22002D0966	Artigo 3.º		44	56	60	ue/acordos-internacionais/2002/22002D0966.md
22002D0966	ANEXO I	TERMOS E CONDIÇÕES DE PARTICIPAÇÃO DA LITUÂNIA NO PROGRAMA FISCALIS	58	86	1047	ue/acordos-internacionais/2002/22002D0966.md
22002D0966	ANEXO II	CONTRIBUIÇÃO FINANCEIRA DA LITUÂNIA PARA O PROGRAMA FISCALIS	88	118	1135	ue/acordos-internacionais/2002/22002D0966.md
22002D0977	Preâmbulo		18	30	160	ue/acordos-internacionais/2002/22002D0977.md
22002D0980	Preâmbulo		18	32	222	ue/acordos-internacionais/2002/22002D0980.md
22002D0980	Artigo 1.º		36	58	618	ue/acordos-internacionais/2002/22002D0980.md
22002D0980	Artigo 20.º		60	74	270	ue/acordos-internacionais/2002/22002D0980.md
22002D0980	Artigo 21.º		76	82	196	ue/acordos-internacionais/2002/22002D0980.md
22002D0980	Artigo 2.º		84	96	61	ue/acordos-internacionais/2002/22002D0980.md
22002X1101(01)	Artigo 1.º	Fiscalização dos auxílios estatais pelas autoridades de controlo	26	30	145	ue/acordos-internacionais/2002/22002X1101(01).md
22002X1101(01)	Artigo 2.º	Critérios de compatibilidade	32	42	545	ue/acordos-internacionais/2002/22002X1101(01).md
22002X1101(01)	Artigo 3.º	Auxílios de minimis	44	46	166	ue/acordos-internacionais/2002/22002X1101(01).md
22002X1101(01)	Artigo 4.º	Derrogações	48	56	342	ue/acordos-internacionais/2002/22002X1101(01).md
22002X1101(01)	Artigo 5.º	Exame de determinados auxílios	58	64	234	ue/acordos-internacionais/2002/22002X1101(01).md
22002X1101(01)	Artigo 6.º	Pedidos de informação	66	68	130	ue/acordos-internacionais/2002/22002X1101(01).md
22002X1101(01)	Artigo 7.º	Consultas e cortesia internacional	70	76	309	ue/acordos-internacionais/2002/22002X1101(01).md
22002X1101(01)	Artigo 8.º	Resolução de problemas	78	84	218	ue/acordos-internacionais/2002/22002X1101(01).md
22002X1101(01)	Artigo 9.º	Sigilo e confidencialidade das informações	86	92	124	ue/acordos-internacionais/2002/22002X1101(01).md
22002X1101(01)	Artigo 10.º	Inventário	94	98	136	ue/acordos-internacionais/2002/22002X1101(01).md
22002X1101(01)	Artigo 11.º	Informação recíproca	100	104	66	ue/acordos-internacionais/2002/22002X1101(01).md
22002X1101(01)	Artigo 12.º	Assistência administrativa (línguas)	106	110	125	ue/acordos-internacionais/2002/22002X1101(01).md
