celex	unidade	epigrafe	linha_ini	linha_fim	tokens	ficheiro
22004A0117(01)	Artigo 1.º	Enquadramento e definições	50	66	396	ue/acordos-internacionais/2004/22004A0117(01).md
22004A0117(01)	Artigo 2.º	Participação na Operação	68	74	168	ue/acordos-internacionais/2004/22004A0117(01).md
22004A0117(01)	Artigo 3.º	Estatuto	76	80	120	ue/acordos-internacionais/2004/22004A0117(01).md
22004A0117(01)	Artigo 4.º	Cadeia de comando	82	94	320	ue/acordos-internacionais/2004/22004A0117(01).md
22004A0117(01)	Artigo 5.º	Informações classificadas	96	98	105	ue/acordos-internacionais/2004/22004A0117(01).md
22004A0117(01)	Artigo 6.º	Aspectos financeiros	100	104	184	ue/acordos-internacionais/2004/22004A0117(01).md
22004A0117(01)	Artigo 7.º	Contribuição para as despesas comuns	106	116	223	ue/acordos-internacionais/2004/22004A0117(01).md
22004A0117(01)	Artigo 8.º	Incumprimento	118	120	54	ue/acordos-internacionais/2004/22004A0117(01).md
22004A0117(01)	Artigo 9.º	Entrada em vigor	122	138	109	ue/acordos-internacionais/2004/22004A0117(01).md
22004A0124(01)	Artigo 1.º	Definições	42	60	358	ue/acordos-internacionais/2004/22004A0124(01).md
22004A0124(01)	Artigo 2.º	Readmissão de residentes permanentes e de antigos residentes permanentes	62	66	385	ue/acordos-internacionais/2004/22004A0124(01).md
22004A0124(01)	Artigo 3.º	Readmissão de pessoas de outra jurisdição	68	84	534	ue/acordos-internacionais/2004/22004A0124(01).md
22004A0124(01)	Artigo 4.º	Readmissão dos nacionais e de antigos nacionais	88	94	323	ue/acordos-internacionais/2004/22004A0124(01).md
22004A0124(01)	Artigo 5.º	Readmissão de pessoas de outra jurisdição	96	114	621	ue/acordos-internacionais/2004/22004A0124(01).md
22004A0124(01)	Artigo 6.º	Princípio	118	126	181	ue/acordos-internacionais/2004/22004A0124(01).md
22004A0124(01)	Artigo 7.º	Pedido de readmissão	128	142	212	ue/acordos-internacionais/2004/22004A0124(01).md
22004A0124(01)	Artigo 8.º	Prova de nacionalidade e de residência permanente	144	150	354	ue/acordos-internacionais/2004/22004A0124(01).md
22004A0124(01)	Artigo 9.º	Meios de prova relativos às pessoas de outra jurisdição	152	158	363	ue/acordos-internacionais/2004/22004A0124(01).md
22004A0124(01)	Artigo 10.º		160	166	293	ue/acordos-internacionais/2004/22004A0124(01).md
22004A0124(01)	Artigo 11.º	Modalidades de transferência e modos de transporte	168	172	179	ue/acordos-internacionais/2004/22004A0124(01).md
22004A0124(01)	Artigo 12.º	Princípios	176	188	360	ue/acordos-internacionais/2004/22004A0124(01).md
22004A0124(01)	Artigo 13.º	Procedimento de trânsito	190	208	413	ue/acordos-internacionais/2004/22004A0124(01).md
22004A0124(01)	Artigo 14.º	Custos de transporte e de trânsito	212	216	116	ue/acordos-internacionais/2004/22004A0124(01).md
22004A0124(01)	Artigo 15.º	Protecção dos dados	218	248	769	ue/acordos-internacionais/2004/22004A0124(01).md
22004A0124(01)	Artigo 16.º	Cláusula de não-afectação	250	254	86	ue/acordos-internacionais/2004/22004A0124(01).md
22004A0124(01)	Artigo 17.º	Comité de readmissão	258	276	280	ue/acordos-internacionais/2004/22004A0124(01).md
22004A0124(01)	Artigo 18.º	Protocolos de execução	278	290	194	ue/acordos-internacionais/2004/22004A0124(01).md
22004A0124(01)	Artigo 19.º	Relação com os acordos ou as disposições bilaterais de readmissão dos Estados-Membros	292	294	128	ue/acordos-internacionais/2004/22004A0124(01).md
22004A0124(01)	Artigo 20.º	Entrada em vigor, duração e denúncia	298	306	156	ue/acordos-internacionais/2004/22004A0124(01).md
22004A0124(01)	Artigo 21.º		308	326	583	ue/acordos-internacionais/2004/22004A0124(01).md
22004A0124(01)	ANEXO 1		328	352	218	ue/acordos-internacionais/2004/22004A0124(01).md
22004A0124(01)	ANEXO 2		354	370	181	ue/acordos-internacionais/2004/22004A0124(01).md
22004A0124(01)	ANEXO 3		372	382	223	ue/acordos-internacionais/2004/22004A0124(01).md
22004A0124(01)	ANEXO 4		384	396	198	ue/acordos-internacionais/2004/22004A0124(01).md
22004A0124(01)	ANEXO 5	">PIC FILE= ""L_2004017PT.003502.TIF"">"	398	400	22	ue/acordos-internacionais/2004/22004A0124(01).md
22004A0124(01)	ANEXO 6	">PIC FILE= ""L_2004017PT.003702.TIF"">"	402	422	404	ue/acordos-internacionais/2004/22004A0124(01).md
22004A0127(01)	Artigo 1.º	Definições	30	58	623	ue/acordos-internacionais/2004/22004A0127(01).md
22004A0127(01)	Artigo 2.º	Requisitos gerais	62	76	290	ue/acordos-internacionais/2004/22004A0127(01).md
22004A0127(01)	Artigo 3.º	Acumulação na Comunidade	78	88	597	ue/acordos-internacionais/2004/22004A0127(01).md
22004A0127(01)	Artigo 4.º	Acumulação na Eslovénia	90	100	612	ue/acordos-internacionais/2004/22004A0127(01).md
22004A0127(01)	Artigo 5.º	Produtos inteiramente obtidos	102	138	627	ue/acordos-internacionais/2004/22004A0127(01).md
22004A0127(01)	Artigo 6.º	Produtos objecto de operações de complemento de fabrico ou de transformação suficientes	140	154	418	ue/acordos-internacionais/2004/22004A0127(01).md
22004A0127(01)	Artigo 7.º	Operações de complemento de fabrico ou de transformação insuficientes	156	192	490	ue/acordos-internacionais/2004/22004A0127(01).md
22004A0127(01)	Artigo 8.º	Unidade de qualificação	194	204	230	ue/acordos-internacionais/2004/22004A0127(01).md
22004A0127(01)	Artigo 9.º	Acessórios, peças sobressalentes e ferramentas	206	208	106	ue/acordos-internacionais/2004/22004A0127(01).md
22004A0127(01)	Artigo 10.º	Sortidos	210	212	106	ue/acordos-internacionais/2004/22004A0127(01).md
22004A0127(01)	Artigo 11.º	Elementos neutros	214	224	93	ue/acordos-internacionais/2004/22004A0127(01).md
22004A0127(01)	Artigo 12.º	Princípio da territorialidade	228	256	908	ue/acordos-internacionais/2004/22004A0127(01).md
22004A0127(01)	Artigo 13.º	Transporte directo	258	276	410	ue/acordos-internacionais/2004/22004A0127(01).md
22004A0127(01)	Artigo 14.º	Exposições	278	292	407	ue/acordos-internacionais/2004/22004A0127(01).md
22004A0127(01)	Artigo 15.º	Proibição de draubaque ou de isenção de direitos aduaneiros	296	308	592	ue/acordos-internacionais/2004/22004A0127(01).md
22004A0127(01)	Artigo 16.º	Requisitos gerais	312	320	238	ue/acordos-internacionais/2004/22004A0127(01).md
22004A0127(01)	Artigo 17.º	Procedimento para a emissão do certificado de circulação EUR.1	322	336	664	ue/acordos-internacionais/2004/22004A0127(01).md
22004A0127(01)	Artigo 18.º	Emissão a posteriori do certificado de circulação EUR.1	338	352	276	ue/acordos-internacionais/2004/22004A0127(01).md
22004A0127(01)	Artigo 19.º	Emissão de uma segunda via do certificado de circulação EUR.1	354	362	152	ue/acordos-internacionais/2004/22004A0127(01).md
22004A0127(01)	Artigo 20.º	Emissão de certificados de circulação EUR.1 com base numa prova de origem anteriormente emitida	364	366	153	ue/acordos-internacionais/2004/22004A0127(01).md
22004A0127(01)	Artigo 20.ºA	Separação de contas	368	380	363	ue/acordos-internacionais/2004/22004A0127(01).md
22004A0127(01)	Artigo 21.º	Condições para efectuar uma declaração na factura	382	398	521	ue/acordos-internacionais/2004/22004A0127(01).md
22004A0127(01)	Artigo 22.º	Exportador autorizado	400	410	312	ue/acordos-internacionais/2004/22004A0127(01).md
22004A0127(01)	Artigo 23.º	Prazo de validade da prova de origem	412	418	180	ue/acordos-internacionais/2004/22004A0127(01).md
22004A0127(01)	Artigo 24.º	Apresentação da prova de origem	420	422	112	ue/acordos-internacionais/2004/22004A0127(01).md
22004A0127(01)	Artigo 25.º	Importação em remessas escalonadas	424	426	134	ue/acordos-internacionais/2004/22004A0127(01).md
22004A0127(01)	Artigo 26.º	Isenções da prova de origem	428	434	288	ue/acordos-internacionais/2004/22004A0127(01).md
22004A0127(01)	Artigo 27.º	Documentos comprovativos	436	446	395	ue/acordos-internacionais/2004/22004A0127(01).md
22004A0127(01)	Artigo 28.º	Conservação da prova de origem e dos documentos comprovativos	448	456	211	ue/acordos-internacionais/2004/22004A0127(01).md
22004A0127(01)	Artigo 29.º	Discrepâncias e erros formais	458	462	167	ue/acordos-internacionais/2004/22004A0127(01).md
22004A0127(01)	Artigo 30.º	Montantes expressos em euros	464	474	519	ue/acordos-internacionais/2004/22004A0127(01).md
22004A0127(01)	Artigo 31.º	Assistência mútua	478	482	198	ue/acordos-internacionais/2004/22004A0127(01).md
22004A0127(01)	Artigo 32.º	Controlo da prova de origem	484	496	579	ue/acordos-internacionais/2004/22004A0127(01).md
22004A0127(01)	Artigo 33.º	Resolução de litígios	498	502	136	ue/acordos-internacionais/2004/22004A0127(01).md
22004A0127(01)	Artigo 34.º	Sanções	504	506	50	ue/acordos-internacionais/2004/22004A0127(01).md
22004A0127(01)	Artigo 35.º	Zonas francas	508	512	202	ue/acordos-internacionais/2004/22004A0127(01).md
22004A0127(01)	Artigo 36.º	Aplicação do protocolo	516	522	220	ue/acordos-internacionais/2004/22004A0127(01).md
22004A0127(01)	Artigo 37.º	Condições especiais	524	556	476	ue/acordos-internacionais/2004/22004A0127(01).md
22004A0127(01)	Artigo 38.º	Alterações ao protocolo	560	570	167	ue/acordos-internacionais/2004/22004A0127(01).md
22004A0127(01)	ANEXO I	NOTAS INTRODUTÓRIAS DA LISTA DO ANEXO II	572	788	4136	ue/acordos-internacionais/2004/22004A0127(01).md
22004A0127(01)	ANEXO II		790	796	88	ue/acordos-internacionais/2004/22004A0127(01).md
22004A0127(01)	ANEXO III	CERTIFICADO DE CIRCULAÇÃO EUR.1 E PEDIDO DE CERTIFICADO DE CIRCULAÇÃO EUR.1	798	812	302	ue/acordos-internacionais/2004/22004A0127(01).md
22004A0127(01)	ANEXO IV	">PIC FILE= ""L_2004020PT.011102.TIF"">"	814	816	22	ue/acordos-internacionais/2004/22004A0127(01).md
22004A0127(01)	ANEXO V	Lista das matérias originárias da Turquia às quais as disposições dos artigos 3.º e 4.º não são aplicáveis por capítulos e posições do Sistema Harmonizado (SH)	818	846	535	ue/acordos-internacionais/2004/22004A0127(01).md
22004A0129(01)	Artigo 1.º		56	66	468	ue/acordos-internacionais/2004/22004A0129(01).md
22004A0129(01)	Artigo 2.º		68	72	217	ue/acordos-internacionais/2004/22004A0129(01).md
22004A0129(01)	Artigo 3.º		74	76	60	ue/acordos-internacionais/2004/22004A0129(01).md
22004A0129(01)	Artigo 4.º		78	80	108	ue/acordos-internacionais/2004/22004A0129(01).md
22004A0129(01)	Artigo 5.º		82	84	97	ue/acordos-internacionais/2004/22004A0129(01).md
22004A0129(01)	Artigo 6.º		86	98	707	ue/acordos-internacionais/2004/22004A0129(01).md
22004A0129(01)	Artigo 7.º		100	102	72	ue/acordos-internacionais/2004/22004A0129(01).md
22004A0129(01)	Artigo 8.º		104	112	248	ue/acordos-internacionais/2004/22004A0129(01).md
22004A0129(01)	Artigo 9.º		114	118	57	ue/acordos-internacionais/2004/22004A0129(01).md
22004A0129(01)	Artigo 10.º		120	136	409	ue/acordos-internacionais/2004/22004A0129(01).md
22004A0129(01)	ANEXO I	Aplicação a Gibraltar	138	140	260	ue/acordos-internacionais/2004/22004A0129(01).md
22004A0129(01)	ANEXO II		142	150	373	ue/acordos-internacionais/2004/22004A0129(01).md
22004A0205(01)	Artigo 1.º		46	60	300	ue/acordos-internacionais/2004/22004A0205(01).md
22004A0205(01)	Artigo 2.º		62	74	280	ue/acordos-internacionais/2004/22004A0205(01).md
22004A0205(01)	Artigo 3.º		76	84	138	ue/acordos-internacionais/2004/22004A0205(01).md
22004A0205(01)	Artigo 4.º		86	88	19	ue/acordos-internacionais/2004/22004A0205(01).md
22004A0205(01)	Artigo 5.º		90	92	54	ue/acordos-internacionais/2004/22004A0205(01).md
22004A0205(01)	Artigo 6.º		94	110	447	ue/acordos-internacionais/2004/22004A0205(01).md
22004A0206(01)	Artigo 1.º	Objectivo	50	58	215	ue/acordos-internacionais/2004/22004A0206(01).md
22004A0206(01)	Artigo 2.º	Definições	60	70	201	ue/acordos-internacionais/2004/22004A0206(01).md
22004A0206(01)	Artigo 3.º	Alinhamento da legislação	72	74	110	ue/acordos-internacionais/2004/22004A0206(01).md
22004A0206(01)	Artigo 4.º	Aceitação mútua de produtos industriais	76	78	98	ue/acordos-internacionais/2004/22004A0206(01).md
22004A0206(01)	Artigo 5.º	Reconhecimento mútuo dos resultados dos procedimentos de avaliação da conformidade	80	82	125	ue/acordos-internacionais/2004/22004A0206(01).md
22004A0206(01)	Artigo 6.º	Cláusula de salvaguarda	84	86	153	ue/acordos-internacionais/2004/22004A0206(01).md
22004A0206(01)	Artigo 7.º	Extensão do âmbito de aplicação	88	90	68	ue/acordos-internacionais/2004/22004A0206(01).md
22004A0206(01)	Artigo 8.º		92	94	28	ue/acordos-internacionais/2004/22004A0206(01).md
22004A0206(01)	Artigo 9.º	Obrigações das partes no que respeita às respectivas autoridades e organismos	96	100	259	ue/acordos-internacionais/2004/22004A0206(01).md
22004A0206(01)	Artigo 10.º	Organismos notificados	102	112	293	ue/acordos-internacionais/2004/22004A0206(01).md
22004A0206(01)	Artigo 11.º	Verificação dos organismos notificados	114	120	340	ue/acordos-internacionais/2004/22004A0206(01).md
22004A0206(01)	Artigo 12.º	Intercâmbio de informações e cooperação	122	130	180	ue/acordos-internacionais/2004/22004A0206(01).md
22004A0206(01)	Artigo 13.º	Confidencialidade	132	134	97	ue/acordos-internacionais/2004/22004A0206(01).md
22004A0206(01)	Artigo 14.º	Gestão do acordo	136	154	305	ue/acordos-internacionais/2004/22004A0206(01).md
22004A0206(01)	Artigo 15.º	Cooperação e assistência técnica	156	158	55	ue/acordos-internacionais/2004/22004A0206(01).md
22004A0206(01)	Artigo 16.º	Acordos com outros países	160	162	92	ue/acordos-internacionais/2004/22004A0206(01).md
22004A0206(01)	Artigo 17.º	Entrada em vigor, alteração e vigência	164	170	148	ue/acordos-internacionais/2004/22004A0206(01).md
22004A0206(01)	Artigo 18.º	Disposições finais	172	198	420	ue/acordos-internacionais/2004/22004A0206(01).md
22004A0206(02)	Artigo 1.º	Objectivos	46	50	111	ue/acordos-internacionais/2004/22004A0206(02).md
22004A0206(02)	Artigo 2.º	Âmbito de aplicação e alcance	52	54	119	ue/acordos-internacionais/2004/22004A0206(02).md
22004A0206(02)	Artigo 3.º	Definições	56	68	277	ue/acordos-internacionais/2004/22004A0206(02).md
22004A0206(02)	Artigo 4.º	Regras gerais de importação e comercialização	70	72	65	ue/acordos-internacionais/2004/22004A0206(02).md
22004A0206(02)	Artigo 5.º	Reconhecimento mútuo de práticas e tratamentos enológicos e das especificações dos produtos	76	90	201	ue/acordos-internacionais/2004/22004A0206(02).md
22004A0206(02)	Artigo 6.º	Práticas novas ou alterações de práticas	92	114	565	ue/acordos-internacionais/2004/22004A0206(02).md
22004A0206(02)	Artigo 7.º	Autorização provisória	116	118	88	ue/acordos-internacionais/2004/22004A0206(02).md
22004A0206(02)	Artigo 8.º	Procedimento de oposição	120	126	392	ue/acordos-internacionais/2004/22004A0206(02).md
22004A0206(02)	Artigo 9.º	Alteração do anexo I	128	142	433	ue/acordos-internacionais/2004/22004A0206(02).md
22004A0206(02)	Artigo 10.º	Registo e protecção no Canadá	146	152	306	ue/acordos-internacionais/2004/22004A0206(02).md
22004A0206(02)	Artigo 11.º	Protecção na Comunidade	154	160	359	ue/acordos-internacionais/2004/22004A0206(02).md
22004A0206(02)	Artigo 12.º	Termos habituais e disposições transitórias	162	190	352	ue/acordos-internacionais/2004/22004A0206(02).md
22004A0206(02)	Artigo 13.º	Alterações do anexo III	192	194	48	ue/acordos-internacionais/2004/22004A0206(02).md
22004A0206(02)	Artigo 14.º	Registo e protecção no Canadá	198	204	317	ue/acordos-internacionais/2004/22004A0206(02).md
22004A0206(02)	Artigo 15.º	Protecção na Comunidade	206	212	372	ue/acordos-internacionais/2004/22004A0206(02).md
22004A0206(02)	Artigo 16.º	Alterações do anexo IV	214	216	48	ue/acordos-internacionais/2004/22004A0206(02).md
22004A0206(02)	Artigo 17.º	Denominações das bebidas espirituosas	218	235	366	ue/acordos-internacionais/2004/22004A0206(02).md
22004A0206(02)	Artigo 18.º	Rotulagem das bebidas espirituosas	237	241	180	ue/acordos-internacionais/2004/22004A0206(02).md
22004A0206(02)	Artigo 19.º	Produção de whisky	243	259	324	ue/acordos-internacionais/2004/22004A0206(02).md
22004A0206(02)	Artigo 20.º	Princípios da rotulagem do vinho	263	269	89	ue/acordos-internacionais/2004/22004A0206(02).md
22004A0206(02)	Artigo 21.º	Novas disposições em matéria de rotulagem	271	273	52	ue/acordos-internacionais/2004/22004A0206(02).md
22004A0206(02)	Artigo 22.º	Disposições provisórias	275	277	66	ue/acordos-internacionais/2004/22004A0206(02).md
22004A0206(02)	Artigo 23.º	Certificação do vinho pela Comunidade	281	291	340	ue/acordos-internacionais/2004/22004A0206(02).md
22004A0206(02)	Artigo 24.º	Certificação do vinho pelo Canadá	293	297	202	ue/acordos-internacionais/2004/22004A0206(02).md
22004A0206(02)	Artigo 25.º	Vinho produzido a partir de uvas geladas na vinha	299	317	230	ue/acordos-internacionais/2004/22004A0206(02).md
22004A0206(02)	Artigo 26.º	Tarefas das partes contratantes	321	331	213	ue/acordos-internacionais/2004/22004A0206(02).md
22004A0206(02)	Artigo 27.º	Comité misto	333	349	303	ue/acordos-internacionais/2004/22004A0206(02).md
22004A0206(02)	Artigo 28.º	Infracções	351	369	242	ue/acordos-internacionais/2004/22004A0206(02).md
22004A0206(02)	Artigo 32.º	Trânsito — pequenas quantidades	373	379	115	ue/acordos-internacionais/2004/22004A0206(02).md
22004A0206(02)	Artigo 33.º	Aplicação territorial	381	383	51	ue/acordos-internacionais/2004/22004A0206(02).md
22004A0206(02)	Artigo 34.º	Excepções	385	397	410	ue/acordos-internacionais/2004/22004A0206(02).md
22004A0206(02)	Artigo 35.º	Medidas sanitárias e fitossanitárias	399	403	225	ue/acordos-internacionais/2004/22004A0206(02).md
22004A0206(02)	Artigo 36.º	Comercialização das existências	405	417	389	ue/acordos-internacionais/2004/22004A0206(02).md
22004A0206(02)	Artigo 37.º	Relação com o Acordo OMC	419	421	32	ue/acordos-internacionais/2004/22004A0206(02).md
22004A0206(02)	Artigo 38.º	Alterações do Acordo de 1989	423	425	26	ue/acordos-internacionais/2004/22004A0206(02).md
22004A0206(02)	Artigo 39.º	Anexos	427	429	21	ue/acordos-internacionais/2004/22004A0206(02).md
22004A0206(02)	Artigo 40.º	Línguas que fazem fé	431	433	63	ue/acordos-internacionais/2004/22004A0206(02).md
22004A0206(02)	Artigo 41.º	Entrada em vigor	435	437	65	ue/acordos-internacionais/2004/22004A0206(02).md
22004A0206(02)	Artigo 42.º	Não aplicação temporária de determinadas disposições e denúncia	439	4211	17508	ue/acordos-internacionais/2004/22004A0206(02).md
22004A0206(02)	Artigo A	Disposições gerais	4213	4223	226	ue/acordos-internacionais/2004/22004A0206(02).md
22004A0206(02)	Artigo B	Rotulagem (indicações facultativas) de vinhos originários da comunidade importados para o Canadá	4225	4255	250	ue/acordos-internacionais/2004/22004A0206(02).md
22004A0206(02)	Artigo C	Rotulagem (indicações facultativas) de vinhos originários do Canadá importados para a Comunidade	4257	4285	500	ue/acordos-internacionais/2004/22004A0206(02).md
22004A0206(02)	Artigo D	Menções relativas a certos vinhos	4287	4289	111	ue/acordos-internacionais/2004/22004A0206(02).md
22004A0206(02)	Artigo E	Categorias de vinho	4291	6111	9828	ue/acordos-internacionais/2004/22004A0206(02).md
22004A0206(02)	Artigo A		6113	6115	44	ue/acordos-internacionais/2004/22004A0206(02).md
22004A0206(02)	Artigo B		6117	6129	170	ue/acordos-internacionais/2004/22004A0206(02).md
22004A0206(02)	Artigo C		6131	6147	446	ue/acordos-internacionais/2004/22004A0206(02).md
22004A0206(02)	Artigo D		6149	6159	173	ue/acordos-internacionais/2004/22004A0206(02).md
22004A0206(02)	Artigo E		6161	6169	150	ue/acordos-internacionais/2004/22004A0206(02).md
22004A0206(02)	Artigo F		6171	6183	300	ue/acordos-internacionais/2004/22004A0206(02).md
22004A0206(02)	Artigo G		6185	6189	48	ue/acordos-internacionais/2004/22004A0206(02).md
22004A0206(02)	Artigo H		6191	6203	145	ue/acordos-internacionais/2004/22004A0206(02).md
22004A0206(02)	Artigo I		6205	6215	110	ue/acordos-internacionais/2004/22004A0206(02).md
22004A0206(02)	Artigo J		6217	6357	1709	ue/acordos-internacionais/2004/22004A0206(02).md
22004A0210(01)	Artigo 1.º	Objectivo e princípios	48	62	240	ue/acordos-internacionais/2004/22004A0210(01).md
22004A0210(01)	Artigo 2.º	Termos da cooperação	64	92	556	ue/acordos-internacionais/2004/22004A0210(01).md
22004A0210(01)	Artigo 3.º	Reforço da cooperação	94	98	224	ue/acordos-internacionais/2004/22004A0210(01).md
22004A0210(01)	Artigo 4.º	Gestão do acordo	100	114	450	ue/acordos-internacionais/2004/22004A0210(01).md
22004A0210(01)	Artigo 5.º	Termos e condições de participação	116	118	77	ue/acordos-internacionais/2004/22004A0210(01).md
22004A0210(01)	Artigo 6.º	Difusão e utilização de resultados e informações	120	122	90	ue/acordos-internacionais/2004/22004A0210(01).md
22004A0210(01)	Artigo 7.º	Disposições finais	124	164	942	ue/acordos-internacionais/2004/22004A0210(01).md
22004A0210(01)	ANEXO I	TERMOS E CONDIÇÕES DA PARTICIPAÇÃO DE ENTIDADES LEGAIS DOS ESTADOS-MEMBROS DA UNIÃO EUROPEIA E DO REINO DE MARROCOS	166	192	986	ue/acordos-internacionais/2004/22004A0210(01).md
22004A0210(01)	ANEXO II	PRINCÍPIOS APLICÁVEIS À CONCESSÃO DE DIREITOS DE PROPRIEDADE INTELECTUAL	194	238	1614	ue/acordos-internacionais/2004/22004A0210(01).md
22004A0210(02)	Artigo 1.º	Objectivo e princípios	48	62	240	ue/acordos-internacionais/2004/22004A0210(02).md
22004A0210(02)	Artigo 2.º	Termos de cooperação	64	92	546	ue/acordos-internacionais/2004/22004A0210(02).md
22004A0210(02)	Artigo 3.º	Reforço da cooperação	94	98	182	ue/acordos-internacionais/2004/22004A0210(02).md
22004A0210(02)	Artigo 4.º	Gestão do acordo	100	114	436	ue/acordos-internacionais/2004/22004A0210(02).md
22004A0210(02)	Artigo 5.º	Termos e condições de participação	116	118	77	ue/acordos-internacionais/2004/22004A0210(02).md
22004A0210(02)	Artigo 6.º	Difusão e utilização de resultados e informações	120	122	86	ue/acordos-internacionais/2004/22004A0210(02).md
22004A0210(02)	Artigo 7.º	Disposições finais	124	166	959	ue/acordos-internacionais/2004/22004A0210(02).md
22004A0210(02)	ANEXO I	TERMOS E CONDIÇÕES DA PARTICIPAÇÃO DE ENTIDADES LEGAIS DOS ESTADOS-MEMBROS DA UNIÃO EUROPEIA E DA REPÚBLICA DA TUNÍSIA	168	192	889	ue/acordos-internacionais/2004/22004A0210(02).md
22004A0210(02)	ANEXO II	PRINCÍPIOS APLICÁVEIS À CONCESSÃO DE DIREITOS DE PROPRIEDADE INTELECTUAL	194	238	1603	ue/acordos-internacionais/2004/22004A0210(02).md
22004A0316(01)	Artigo 1.º		42	66	485	ue/acordos-internacionais/2004/22004A0316(01).md
22004A0316(01)	Artigo 2.º		68	72	173	ue/acordos-internacionais/2004/22004A0316(01).md
22004A0316(01)	Artigo 3.º		74	86	184	ue/acordos-internacionais/2004/22004A0316(01).md
22004A0316(01)	Artigo 4.º		88	98	446	ue/acordos-internacionais/2004/22004A0316(01).md
22004A0316(01)	Artigo 5.º		100	102	173	ue/acordos-internacionais/2004/22004A0316(01).md
22004A0316(01)	Artigo 6.º		104	108	96	ue/acordos-internacionais/2004/22004A0316(01).md
22004A0316(01)	Artigo 7.º		110	116	451	ue/acordos-internacionais/2004/22004A0316(01).md
22004A0316(01)	Artigo 8.º		118	122	189	ue/acordos-internacionais/2004/22004A0316(01).md
22004A0316(01)	Artigo 9.º		124	134	324	ue/acordos-internacionais/2004/22004A0316(01).md
22004A0316(01)	Artigo 10.º		136	144	259	ue/acordos-internacionais/2004/22004A0316(01).md
22004A0316(01)	Artigo 11.º		146	174	620	ue/acordos-internacionais/2004/22004A0316(01).md
22004A0316(01)	Artigo 12.º		176	180	79	ue/acordos-internacionais/2004/22004A0316(01).md
22004A0316(01)	Artigo 13.º		182	186	210	ue/acordos-internacionais/2004/22004A0316(01).md
22004A0316(01)	Artigo 14.º		188	192	179	ue/acordos-internacionais/2004/22004A0316(01).md
22004A0316(01)	Artigo 15.º		194	204	423	ue/acordos-internacionais/2004/22004A0316(01).md
22004A0316(01)	Artigo 16.º		206	212	82	ue/acordos-internacionais/2004/22004A0316(01).md
22004A0316(01)	Artigo 17.º		214	226	363	ue/acordos-internacionais/2004/22004A0316(01).md
22004A0316(01)	Artigo 18.º		228	238	423	ue/acordos-internacionais/2004/22004A0316(01).md
22004A0316(01)	Artigo 19.º	Assinatura, ratificação, aceitação, aprovação e adesão	240	254	196	ue/acordos-internacionais/2004/22004A0316(01).md
22004A0316(01)	Artigo 20.º	Informações sobre os hidrocarbonetos contribuintes	256	258	184	ue/acordos-internacionais/2004/22004A0316(01).md
22004A0316(01)	Artigo 21.º	Entrada em vigor	260	270	318	ue/acordos-internacionais/2004/22004A0316(01).md
22004A0316(01)	Artigo 22.º	Primeira sessão da Assembleia	272	274	72	ue/acordos-internacionais/2004/22004A0316(01).md
22004A0316(01)	Artigo 23.º	Revisão e alteração	276	280	85	ue/acordos-internacionais/2004/22004A0316(01).md
22004A0316(01)	Artigo 24.º	Alteração dos limites de indemnização	282	306	872	ue/acordos-internacionais/2004/22004A0316(01).md
22004A0316(01)	Artigo 25.º	Protocolos à Convenção FIPOL 1992	308	312	182	ue/acordos-internacionais/2004/22004A0316(01).md
22004A0316(01)	Artigo 26.º	Denúncia	314	324	280	ue/acordos-internacionais/2004/22004A0316(01).md
22004A0316(01)	Artigo 27.º	Sessões extraordinárias da Assembleia	326	332	314	ue/acordos-internacionais/2004/22004A0316(01).md
22004A0316(01)	Artigo 28.º	Cessação	334	338	172	ue/acordos-internacionais/2004/22004A0316(01).md
22004A0316(01)	Artigo 29.º	Liquidação do fundo complementar	340	350	219	ue/acordos-internacionais/2004/22004A0316(01).md
22004A0316(01)	Artigo 30.º	Depositário	352	376	348	ue/acordos-internacionais/2004/22004A0316(01).md
22004A0316(01)	Artigo 31.º	Línguas	378	384	88	ue/acordos-internacionais/2004/22004A0316(01).md
22004A0316(02)	Artigo 1.º		36	38	119	ue/acordos-internacionais/2004/22004A0316(02).md
22004A0316(02)	Artigo 2.º		40	70	621	ue/acordos-internacionais/2004/22004A0316(02).md
22004A0316(02)	Artigo 3.º		72	86	213	ue/acordos-internacionais/2004/22004A0316(02).md
22004A0316(02)	Artigo 4.º		88	110	429	ue/acordos-internacionais/2004/22004A0316(02).md
22004A0316(02)	Artigo 5.º		112	118	107	ue/acordos-internacionais/2004/22004A0316(02).md
22004A0316(02)	Artigo 6.º		120	154	1186	ue/acordos-internacionais/2004/22004A0316(02).md
22004A0316(02)	Artigo 7.º		156	172	540	ue/acordos-internacionais/2004/22004A0316(02).md
22004A0316(02)	Artigo 8.º		174	180	184	ue/acordos-internacionais/2004/22004A0316(02).md
22004A0316(02)	Artigo 9.º		182	204	510	ue/acordos-internacionais/2004/22004A0316(02).md
22004A0316(02)	Artigo 10.º		206	208	37	ue/acordos-internacionais/2004/22004A0316(02).md
22004A0316(02)	Artigo 11.º		210	216	133	ue/acordos-internacionais/2004/22004A0316(02).md
22004A0316(02)	Artigo 12.º	Assinatura, ratificação, aceitação, aprovação e adesão	218	234	476	ue/acordos-internacionais/2004/22004A0316(02).md
22004A0316(02)	Artigo 13.º	Entrada em vigor	236	244	457	ue/acordos-internacionais/2004/22004A0316(02).md
22004A0316(02)	Artigo 14.º	Revisão e emendas	246	250	96	ue/acordos-internacionais/2004/22004A0316(02).md
22004A0316(02)	Artigo 15.º	Emendas aos limites de responsabilidade	252	276	1081	ue/acordos-internacionais/2004/22004A0316(02).md
22004A0316(02)	Artigo 16.º	Denúncia	278	288	295	ue/acordos-internacionais/2004/22004A0316(02).md
22004A0316(02)	Artigo 17.º	Depositário	290	318	456	ue/acordos-internacionais/2004/22004A0316(02).md
22004A0316(02)	Artigo 18.º	Línguas	320	328	98	ue/acordos-internacionais/2004/22004A0316(02).md
22004A0316(03)	Artigo 1.º		40	42	122	ue/acordos-internacionais/2004/22004A0316(03).md
22004A0316(03)	Artigo 2.º		44	70	437	ue/acordos-internacionais/2004/22004A0316(03).md
22004A0316(03)	Artigo 3.º		72	82	167	ue/acordos-internacionais/2004/22004A0316(03).md
22004A0316(03)	Artigo 4.º		84	98	212	ue/acordos-internacionais/2004/22004A0316(03).md
22004A0316(03)	Artigo 5.º		100	102	36	ue/acordos-internacionais/2004/22004A0316(03).md
22004A0316(03)	Artigo 6.º		104	132	913	ue/acordos-internacionais/2004/22004A0316(03).md
22004A0316(03)	Artigo 7.º		134	136	19	ue/acordos-internacionais/2004/22004A0316(03).md
22004A0316(03)	Artigo 8.º		138	144	58	ue/acordos-internacionais/2004/22004A0316(03).md
22004A0316(03)	Artigo 9.º		146	156	135	ue/acordos-internacionais/2004/22004A0316(03).md
22004A0316(03)	Artigo 10.º		158	160	50	ue/acordos-internacionais/2004/22004A0316(03).md
22004A0316(03)	Artigo 11.º		162	170	139	ue/acordos-internacionais/2004/22004A0316(03).md
22004A0316(03)	Artigo 12.º		172	176	100	ue/acordos-internacionais/2004/22004A0316(03).md
22004A0316(03)	Artigo 13.º		178	180	20	ue/acordos-internacionais/2004/22004A0316(03).md
22004A0316(03)	Artigo 14.º		182	204	328	ue/acordos-internacionais/2004/22004A0316(03).md
22004A0316(03)	Artigo 15.º		206	214	146	ue/acordos-internacionais/2004/22004A0316(03).md
22004A0316(03)	Artigo 16.º		216	220	131	ue/acordos-internacionais/2004/22004A0316(03).md
22004A0316(03)	Artigo 17.º		222	224	46	ue/acordos-internacionais/2004/22004A0316(03).md
22004A0316(03)	Artigo 18.º		226	242	268	ue/acordos-internacionais/2004/22004A0316(03).md
22004A0316(03)	Artigo 19.º		244	252	82	ue/acordos-internacionais/2004/22004A0316(03).md
22004A0316(03)	Artigo 20.º		254	256	28	ue/acordos-internacionais/2004/22004A0316(03).md
22004A0316(03)	Artigo 21.º		258	274	210	ue/acordos-internacionais/2004/22004A0316(03).md
22004A0316(03)	Artigo 22.º		276	278	33	ue/acordos-internacionais/2004/22004A0316(03).md
22004A0316(03)	Artigo 23.º		280	286	58	ue/acordos-internacionais/2004/22004A0316(03).md
22004A0316(03)	Artigo 24.º		288	298	84	ue/acordos-internacionais/2004/22004A0316(03).md
22004A0316(03)	Artigo 25.º		300	306	84	ue/acordos-internacionais/2004/22004A0316(03).md
22004A0316(03)	Artigo 26.º		308	322	592	ue/acordos-internacionais/2004/22004A0316(03).md
22004A0316(03)	Artigo 36.ºB		324	332	444	ue/acordos-internacionais/2004/22004A0316(03).md
22004A0316(03)	Artigo 36.ºC		334	348	470	ue/acordos-internacionais/2004/22004A0316(03).md
22004A0316(03)	Artigo 36.ºD	Disposições finais	350	352	86	ue/acordos-internacionais/2004/22004A0316(03).md
22004A0316(03)	Artigo 27.º		354	360	128	ue/acordos-internacionais/2004/22004A0316(03).md
22004A0316(03)	Artigo 28.º	Assinatura, ratificação, aceitação, aprovação e adesão	362	376	380	ue/acordos-internacionais/2004/22004A0316(03).md
22004A0316(03)	Artigo 29.º	Informação relativa aos hidrocarbonetos contribuintes	378	382	266	ue/acordos-internacionais/2004/22004A0316(03).md
22004A0316(03)	Artigo 30.º	Entrada em vigor	384	400	584	ue/acordos-internacionais/2004/22004A0316(03).md
22004A0316(03)	Artigo 31.º	Denúncia das Convenções de 1969 e 1971	402	410	320	ue/acordos-internacionais/2004/22004A0316(03).md
22004A0316(03)	Artigo 32.º	Revisão e emendas	412	416	94	ue/acordos-internacionais/2004/22004A0316(03).md
22004A0316(03)	Artigo 33.º	Emendas aos limites de compensação	418	442	1007	ue/acordos-internacionais/2004/22004A0316(03).md
22004A0316(03)	Artigo 34.º	Denúncia	444	458	545	ue/acordos-internacionais/2004/22004A0316(03).md
22004A0316(03)	Artigo 35.º	Sessões extraordinárias da Assembleia	460	466	296	ue/acordos-internacionais/2004/22004A0316(03).md
22004A0316(03)	Artigo 36.º	Cessação	468	472	106	ue/acordos-internacionais/2004/22004A0316(03).md
22004A0316(03)	Artigo 37.º	Liquidação do fundo	474	484	187	ue/acordos-internacionais/2004/22004A0316(03).md
22004A0316(03)	Artigo 38.º	Depositário	486	516	473	ue/acordos-internacionais/2004/22004A0316(03).md
22004A0316(03)	Artigo 39.º	Língua	518	524	80	ue/acordos-internacionais/2004/22004A0316(03).md
22004A0319(01)	Artigo 1.º	Definições	62	88	649	ue/acordos-internacionais/2004/22004A0319(01).md
22004A0319(01)	Artigo 2.º	Objectivo	90	92	40	ue/acordos-internacionais/2004/22004A0319(01).md
22004A0319(01)	Artigo 3.º	Obrigações básicas	94	134	1365	ue/acordos-internacionais/2004/22004A0319(01).md
22004A0319(01)	Artigo 4.º	Derrogações	136	190	848	ue/acordos-internacionais/2004/22004A0319(01).md
22004A0319(01)	Artigo 5.º	Intercâmbio de informações e de tecnologia	192	202	294	ue/acordos-internacionais/2004/22004A0319(01).md
22004A0319(01)	Artigo 6.º	Sensibilização do público	204	214	256	ue/acordos-internacionais/2004/22004A0319(01).md
22004A0319(01)	Artigo 7.º	Estratégias, políticas, programas, medidas e informação	216	232	462	ue/acordos-internacionais/2004/22004A0319(01).md
22004A0319(01)	Artigo 8.º	Investigação, desenvolvimento e monitorização	234	254	555	ue/acordos-internacionais/2004/22004A0319(01).md
22004A0319(01)	Artigo 9.º	Comunicação de informações	256	266	459	ue/acordos-internacionais/2004/22004A0319(01).md
22004A0319(01)	Artigo 10.º	Reapreciação pelas partes nas sessões do órgão executivo	268	274	313	ue/acordos-internacionais/2004/22004A0319(01).md
22004A0319(01)	Artigo 11.º	Cumprimento	276	278	114	ue/acordos-internacionais/2004/22004A0319(01).md
22004A0319(01)	Artigo 12.º	Resolução de diferendos	280	298	638	ue/acordos-internacionais/2004/22004A0319(01).md
22004A0319(01)	Artigo 13.º		300	302	35	ue/acordos-internacionais/2004/22004A0319(01).md
22004A0319(01)	Artigo 14.º	Emendas	304	322	669	ue/acordos-internacionais/2004/22004A0319(01).md
22004A0319(01)	Artigo 15.º	Assinatura	324	328	267	ue/acordos-internacionais/2004/22004A0319(01).md
22004A0319(01)	Artigo 16.º	Ratificação, aceitação, aprovação e adesão	330	334	84	ue/acordos-internacionais/2004/22004A0319(01).md
22004A0319(01)	Artigo 17.º	Depositário	336	338	50	ue/acordos-internacionais/2004/22004A0319(01).md
22004A0319(01)	Artigo 18.º	Entrada em vigor	340	344	155	ue/acordos-internacionais/2004/22004A0319(01).md
22004A0319(01)	Artigo 19.º	Denúncia	346	348	103	ue/acordos-internacionais/2004/22004A0319(01).md
22004A0319(01)	Artigo 20.º	Textos autênticos	350	356	100	ue/acordos-internacionais/2004/22004A0319(01).md
22004A0319(01)	ANEXO I	SUBSTÂNCIAS QUE DEVEM SER ELIMINADAS	358	364	200	ue/acordos-internacionais/2004/22004A0319(01).md
22004A0319(01)	ANEXO II	SUBSTÂNCIAS CUJA UTILIZAÇÃO DEVE SER LIMITADA	366	374	203	ue/acordos-internacionais/2004/22004A0319(01).md
22004A0319(01)	ANEXO III	SUBSTÂNCIAS VISADAS NO N.º 5, ALÍNEA A) DO ARTIGO 3.º E O ANO DE REFERÊNCIA PARA A OBRIGAÇÃO	376	386	193	ue/acordos-internacionais/2004/22004A0319(01).md
22004A0319(01)	ANEXO IV	VALORES-LIMITE PARA PCDD/F PROVENIENTES DAS FONTES FIXAS PRINCIPAIS	388	418	492	ue/acordos-internacionais/2004/22004A0319(01).md
22004A0319(01)	ANEXO V	MELHORES TÉCNICAS DISPONÍVEIS PARA O CONTROLO DAS EMISSÕES DE POLUENTES ORGÂNICOS PERSISTENTES PROVENIENTES DAS FONTES FIXAS PRINCIPAIS	420	886	11514	ue/acordos-internacionais/2004/22004A0319(01).md
22004A0319(01)	ANEXO VI	PRAZOS PARA A APLICAÇÃO DE VALORES-LIMITE E DAS MELHORES TÉCNICAS DISPONÍVEIS PARA FONTES FIXAS NOVAS E EXISTENTES	888	894	145	ue/acordos-internacionais/2004/22004A0319(01).md
22004A0319(01)	ANEXO VII	MEDIDAS DE CONTROLO RECOMENDADAS PARA A REDUÇÃO DE EMISSÕES DE POLUENTES ORGÂNICOS PERSISTENTES PROVENIENTES DE FONTES MÓVEIS	896	990	1782	ue/acordos-internacionais/2004/22004A0319(01).md
22004A0319(01)	ANEXO VIII	CATEGORIAS DE GRANDES FONTES FIXAS	992	1000	88	ue/acordos-internacionais/2004/22004A0319(01).md
22004A0320(01)	Artigo 1.º	Definições	46	60	266	ue/acordos-internacionais/2004/22004A0320(01).md
22004A0320(01)	Artigo 2.º	Objectivo e âmbito de aplicação	62	66	102	ue/acordos-internacionais/2004/22004A0320(01).md
22004A0320(01)	Artigo 3.º	Grupos de turistas	68	72	92	ue/acordos-internacionais/2004/22004A0320(01).md
22004A0320(01)	Artigo 4.º	Procedimento em matéria de vistos	74	98	1177	ue/acordos-internacionais/2004/22004A0320(01).md
22004A0320(01)	Artigo 5.º	Estada ilegal e readmissão	100	106	380	ue/acordos-internacionais/2004/22004A0320(01).md
22004A0320(01)	Artigo 6.º	Comité do estatuto de destino autorizado	108	126	304	ue/acordos-internacionais/2004/22004A0320(01).md
22004A0320(01)	Artigo 7.º	Acordos EDA dos Estados-Membros	130	132	62	ue/acordos-internacionais/2004/22004A0320(01).md
22004A0320(01)	Artigo 8.º	Entrada em vigor, vigência e denúncia	134	212	2631	ue/acordos-internacionais/2004/22004A0320(01).md
22004A0320(03)	Artigo 1.º		112	124	223	ue/acordos-internacionais/2004/22004A0320(03).md
22004A0320(03)	Artigo 2.º		128	130	136	ue/acordos-internacionais/2004/22004A0320(03).md
22004A0320(03)	Artigo 3.º		132	134	105	ue/acordos-internacionais/2004/22004A0320(03).md
22004A0320(03)	Artigo 4.º		136	138	123	ue/acordos-internacionais/2004/22004A0320(03).md
22004A0320(03)	Artigo 5.º		140	148	344	ue/acordos-internacionais/2004/22004A0320(03).md
22004A0320(03)	Artigo 6.º		150	152	40	ue/acordos-internacionais/2004/22004A0320(03).md
22004A0320(03)	Artigo 7.º		156	166	208	ue/acordos-internacionais/2004/22004A0320(03).md
22004A0320(03)	Artigo 8.º		168	170	42	ue/acordos-internacionais/2004/22004A0320(03).md
22004A0320(03)	Artigo 9.º		172	182	212	ue/acordos-internacionais/2004/22004A0320(03).md
22004A0320(03)	Artigo 10.º		184	186	41	ue/acordos-internacionais/2004/22004A0320(03).md
22004A0320(03)	Artigo 11.º		190	194	183	ue/acordos-internacionais/2004/22004A0320(03).md
22004A0320(03)	Artigo 12.º	Cooperação com outros países que tenham assinado acordos de estabilização e de associação	196	212	396	ue/acordos-internacionais/2004/22004A0320(03).md
22004A0320(03)	Artigo 13.º	Cooperação com os outros países abrangidos pelo Processo de Estabilização e de Associação	214	216	126	ue/acordos-internacionais/2004/22004A0320(03).md
22004A0320(03)	Artigo 14.º	Cooperação com os países candidatos à adesão à União Europeia	218	220	152	ue/acordos-internacionais/2004/22004A0320(03).md
22004A0320(03)	Artigo 15.º		224	234	316	ue/acordos-internacionais/2004/22004A0320(03).md
22004A0320(03)	Artigo 16.º		238	244	160	ue/acordos-internacionais/2004/22004A0320(03).md
22004A0320(03)	Artigo 17.º		246	250	120	ue/acordos-internacionais/2004/22004A0320(03).md
22004A0320(03)	Artigo 18.º		252	280	595	ue/acordos-internacionais/2004/22004A0320(03).md
22004A0320(03)	Artigo 19.º		282	284	62	ue/acordos-internacionais/2004/22004A0320(03).md
22004A0320(03)	Artigo 20.º		286	290	116	ue/acordos-internacionais/2004/22004A0320(03).md
22004A0320(03)	Artigo 21.º		292	296	100	ue/acordos-internacionais/2004/22004A0320(03).md
22004A0320(03)	Artigo 22.º		298	300	26	ue/acordos-internacionais/2004/22004A0320(03).md
22004A0320(03)	Artigo 23.º		302	304	27	ue/acordos-internacionais/2004/22004A0320(03).md
22004A0320(03)	Artigo 24.º	Definição	308	314	153	ue/acordos-internacionais/2004/22004A0320(03).md
22004A0320(03)	Artigo 25.º		316	318	32	ue/acordos-internacionais/2004/22004A0320(03).md
22004A0320(03)	Artigo 26.º		320	326	136	ue/acordos-internacionais/2004/22004A0320(03).md
22004A0320(03)	Artigo 27.º	Produtos agrícolas	328	348	617	ue/acordos-internacionais/2004/22004A0320(03).md
22004A0320(03)	Artigo 28.º	Produtos da pesca	350	358	187	ue/acordos-internacionais/2004/22004A0320(03).md
22004A0320(03)	Artigo 29.º		360	364	268	ue/acordos-internacionais/2004/22004A0320(03).md
22004A0320(03)	Artigo 30.º		366	368	159	ue/acordos-internacionais/2004/22004A0320(03).md
22004A0320(03)	Artigo 31.º		372	374	55	ue/acordos-internacionais/2004/22004A0320(03).md
22004A0320(03)	Artigo 32.º	Standstill	376	382	274	ue/acordos-internacionais/2004/22004A0320(03).md
22004A0320(03)	Artigo 33.º	Proibição de discriminação fiscal	384	388	138	ue/acordos-internacionais/2004/22004A0320(03).md
22004A0320(03)	Artigo 34.º		390	392	41	ue/acordos-internacionais/2004/22004A0320(03).md
22004A0320(03)	Artigo 35.º	Uniões aduaneiras, zonas de comércio livre e acordos em matéria de comércio fronteiriço	394	400	372	ue/acordos-internacionais/2004/22004A0320(03).md
22004A0320(03)	Artigo 36.º	Dumping	402	406	230	ue/acordos-internacionais/2004/22004A0320(03).md
22004A0320(03)	Artigo 37.º	Cláusula de salvaguarda geral	408	432	1004	ue/acordos-internacionais/2004/22004A0320(03).md
22004A0320(03)	Artigo 38.º	Cláusula de escassez	434	448	656	ue/acordos-internacionais/2004/22004A0320(03).md
22004A0320(03)	Artigo 39.º	Monopólios estatais	450	452	145	ue/acordos-internacionais/2004/22004A0320(03).md
22004A0320(03)	Artigo 40.º		454	456	34	ue/acordos-internacionais/2004/22004A0320(03).md
22004A0320(03)	Artigo 41.º	Restrições autorizadas	458	460	171	ue/acordos-internacionais/2004/22004A0320(03).md
22004A0320(03)	Artigo 42.º		462	466	269	ue/acordos-internacionais/2004/22004A0320(03).md
22004A0320(03)	Artigo 43.º		468	470	29	ue/acordos-internacionais/2004/22004A0320(03).md
22004A0320(03)	Artigo 44.º		476	484	307	ue/acordos-internacionais/2004/22004A0320(03).md
22004A0320(03)	Artigo 45.º		486	494	217	ue/acordos-internacionais/2004/22004A0320(03).md
22004A0320(03)	Artigo 46.º		496	506	404	ue/acordos-internacionais/2004/22004A0320(03).md
22004A0320(03)	Artigo 47.º		510	536	884	ue/acordos-internacionais/2004/22004A0320(03).md
22004A0320(03)	Artigo 48.º		538	562	836	ue/acordos-internacionais/2004/22004A0320(03).md
22004A0320(03)	Artigo 49.º		564	570	320	ue/acordos-internacionais/2004/22004A0320(03).md
22004A0320(03)	Artigo 50.º		572	576	91	ue/acordos-internacionais/2004/22004A0320(03).md
22004A0320(03)	Artigo 51.º		578	582	172	ue/acordos-internacionais/2004/22004A0320(03).md
22004A0320(03)	Artigo 52.º		584	586	116	ue/acordos-internacionais/2004/22004A0320(03).md
22004A0320(03)	Artigo 53.º		588	610	961	ue/acordos-internacionais/2004/22004A0320(03).md
22004A0320(03)	Artigo 54.º		612	632	588	ue/acordos-internacionais/2004/22004A0320(03).md
22004A0320(03)	Artigo 55.º		636	642	336	ue/acordos-internacionais/2004/22004A0320(03).md
22004A0320(03)	Artigo 56.º		644	648	186	ue/acordos-internacionais/2004/22004A0320(03).md
22004A0320(03)	Artigo 57.º		650	676	842	ue/acordos-internacionais/2004/22004A0320(03).md
22004A0320(03)	Artigo 58.º		680	682	86	ue/acordos-internacionais/2004/22004A0320(03).md
22004A0320(03)	Artigo 59.º		684	696	578	ue/acordos-internacionais/2004/22004A0320(03).md
22004A0320(03)	Artigo 60.º		698	702	103	ue/acordos-internacionais/2004/22004A0320(03).md
22004A0320(03)	Artigo 61.º		706	710	94	ue/acordos-internacionais/2004/22004A0320(03).md
22004A0320(03)	Artigo 62.º		712	714	125	ue/acordos-internacionais/2004/22004A0320(03).md
22004A0320(03)	Artigo 63.º		716	718	62	ue/acordos-internacionais/2004/22004A0320(03).md
22004A0320(03)	Artigo 64.º		720	726	244	ue/acordos-internacionais/2004/22004A0320(03).md
22004A0320(03)	Artigo 65.º		728	734	316	ue/acordos-internacionais/2004/22004A0320(03).md
22004A0320(03)	Artigo 66.º		736	738	49	ue/acordos-internacionais/2004/22004A0320(03).md
22004A0320(03)	Artigo 67.º		740	742	64	ue/acordos-internacionais/2004/22004A0320(03).md
22004A0320(03)	Artigo 68.º		746	756	394	ue/acordos-internacionais/2004/22004A0320(03).md
22004A0320(03)	Artigo 69.º	Concorrência e outras disposições no domínio económico	758	790	854	ue/acordos-internacionais/2004/22004A0320(03).md
22004A0320(03)	Artigo 70.º		792	794	85	ue/acordos-internacionais/2004/22004A0320(03).md
22004A0320(03)	Artigo 71.º	Propriedade intelectual, industrial e comercial	796	804	306	ue/acordos-internacionais/2004/22004A0320(03).md
22004A0320(03)	Artigo 72.º	Contratos públicos	806	818	594	ue/acordos-internacionais/2004/22004A0320(03).md
22004A0320(03)	Artigo 73.º	Normalização, metrologia, acreditação e avaliação da conformidade	820	832	242	ue/acordos-internacionais/2004/22004A0320(03).md
22004A0320(03)	Artigo 74.º	Reforço institucional e Estado de direito	836	838	138	ue/acordos-internacionais/2004/22004A0320(03).md
22004A0320(03)	Artigo 75.º	Emissão de vistos, controlo das fronteiras, asilo e imigração	840	862	400	ue/acordos-internacionais/2004/22004A0320(03).md
22004A0320(03)	Artigo 76.º	Prevenção e controlo da imigração clandestina; readmissão	864	878	495	ue/acordos-internacionais/2004/22004A0320(03).md
22004A0320(03)	Artigo 77.º	Luta contra o branqueamento de capitais	880	884	174	ue/acordos-internacionais/2004/22004A0320(03).md
22004A0320(03)	Artigo 78.º	Prevenção e luta contra o crime e as outras actividades ilícitas	886	912	267	ue/acordos-internacionais/2004/22004A0320(03).md
22004A0320(03)	Artigo 79.º	Cooperação em matéria de luta contra a droga	914	920	294	ue/acordos-internacionais/2004/22004A0320(03).md
22004A0320(03)	Artigo 80.º		924	930	294	ue/acordos-internacionais/2004/22004A0320(03).md
22004A0320(03)	Artigo 81.º	Política económica	932	942	301	ue/acordos-internacionais/2004/22004A0320(03).md
22004A0320(03)	Artigo 82.º	Cooperação em matéria de estatísticas	944	960	480	ue/acordos-internacionais/2004/22004A0320(03).md
22004A0320(03)	Artigo 83.º	Banca, seguros e outros serviços financeiros	962	990	338	ue/acordos-internacionais/2004/22004A0320(03).md
22004A0320(03)	Artigo 84.º	Promoção e protecção dos investimentos	992	1004	172	ue/acordos-internacionais/2004/22004A0320(03).md
22004A0320(03)	Artigo 85.º	Cooperação industrial	1006	1010	232	ue/acordos-internacionais/2004/22004A0320(03).md
22004A0320(03)	Artigo 86.º	Pequenas e médias empresas	1012	1014	86	ue/acordos-internacionais/2004/22004A0320(03).md
22004A0320(03)	Artigo 87.º	Turismo	1016	1018	98	ue/acordos-internacionais/2004/22004A0320(03).md
22004A0320(03)	Artigo 88.º	Alfândegas	1020	1036	302	ue/acordos-internacionais/2004/22004A0320(03).md
22004A0320(03)	Artigo 89.º	Fiscalidade	1038	1040	73	ue/acordos-internacionais/2004/22004A0320(03).md
22004A0320(03)	Artigo 90.º	Cooperação no domínio social	1042	1050	293	ue/acordos-internacionais/2004/22004A0320(03).md
22004A0320(03)	Artigo 91.º	Educação e formação	1052	1058	154	ue/acordos-internacionais/2004/22004A0320(03).md
22004A0320(03)	Artigo 92.º	Cooperação no domínio da cultura	1060	1062	66	ue/acordos-internacionais/2004/22004A0320(03).md
22004A0320(03)	Artigo 93.º	Informação e comunicação	1064	1066	105	ue/acordos-internacionais/2004/22004A0320(03).md
22004A0320(03)	Artigo 94.º	Cooperação no domínio do audiovisual	1068	1072	136	ue/acordos-internacionais/2004/22004A0320(03).md
22004A0320(03)	Artigo 95.º	Infra-estruturas electrónicas de comunicação e serviços conexos	1074	1092	290	ue/acordos-internacionais/2004/22004A0320(03).md
22004A0320(03)	Artigo 96.º	Sociedade da informação	1094	1100	204	ue/acordos-internacionais/2004/22004A0320(03).md
22004A0320(03)	Artigo 97.º	Defesa do consumidor	1102	1112	262	ue/acordos-internacionais/2004/22004A0320(03).md
22004A0320(03)	Artigo 98.º	Transportes	1114	1144	477	ue/acordos-internacionais/2004/22004A0320(03).md
22004A0320(03)	Artigo 99.º	Energia	1146	1158	247	ue/acordos-internacionais/2004/22004A0320(03).md
22004A0320(03)	Artigo 100.º	Agricultura e sector agro-industrial	1160	1162	118	ue/acordos-internacionais/2004/22004A0320(03).md
22004A0320(03)	Artigo 101.º	Desenvolvimento local e regional	1164	1168	104	ue/acordos-internacionais/2004/22004A0320(03).md
22004A0320(03)	Artigo 102.º	Cooperação em matéria de investigação e desenvolvimento tecnológico	1170	1184	277	ue/acordos-internacionais/2004/22004A0320(03).md
22004A0320(03)	Artigo 103.º	Ambiente e segurança nuclear	1186	1238	856	ue/acordos-internacionais/2004/22004A0320(03).md
22004A0320(03)	Artigo 104.º		1242	1244	82	ue/acordos-internacionais/2004/22004A0320(03).md
22004A0320(03)	Artigo 105.º		1246	1252	236	ue/acordos-internacionais/2004/22004A0320(03).md
22004A0320(03)	Artigo 106.º		1254	1256	89	ue/acordos-internacionais/2004/22004A0320(03).md
22004A0320(03)	Artigo 107.º		1258	1262	107	ue/acordos-internacionais/2004/22004A0320(03).md
22004A0320(03)	Artigo 108.º		1266	1268	120	ue/acordos-internacionais/2004/22004A0320(03).md
22004A0320(03)	Artigo 109.º		1270	1280	240	ue/acordos-internacionais/2004/22004A0320(03).md
22004A0320(03)	Artigo 110.º		1282	1292	328	ue/acordos-internacionais/2004/22004A0320(03).md
22004A0320(03)	Artigo 111.º		1294	1296	81	ue/acordos-internacionais/2004/22004A0320(03).md
22004A0320(03)	Artigo 112.º		1298	1300	92	ue/acordos-internacionais/2004/22004A0320(03).md
22004A0320(03)	Artigo 113.º		1302	1304	55	ue/acordos-internacionais/2004/22004A0320(03).md
22004A0320(03)	Artigo 114.º		1306	1314	224	ue/acordos-internacionais/2004/22004A0320(03).md
22004A0320(03)	Artigo 115.º		1316	1318	92	ue/acordos-internacionais/2004/22004A0320(03).md
22004A0320(03)	Artigo 116.º		1320	1328	225	ue/acordos-internacionais/2004/22004A0320(03).md
22004A0320(03)	Artigo 117.º		1330	1338	206	ue/acordos-internacionais/2004/22004A0320(03).md
22004A0320(03)	Artigo 118.º		1340	1346	224	ue/acordos-internacionais/2004/22004A0320(03).md
22004A0320(03)	Artigo 119.º		1348	1352	100	ue/acordos-internacionais/2004/22004A0320(03).md
22004A0320(03)	Artigo 120.º		1354	1356	78	ue/acordos-internacionais/2004/22004A0320(03).md
22004A0320(03)	Artigo 121.º		1358	1360	31	ue/acordos-internacionais/2004/22004A0320(03).md
22004A0320(03)	Artigo 122.º		1362	1366	59	ue/acordos-internacionais/2004/22004A0320(03).md
22004A0320(03)	Artigo 123.º		1368	1370	67	ue/acordos-internacionais/2004/22004A0320(03).md
22004A0320(03)	Artigo 124.º		1372	1374	84	ue/acordos-internacionais/2004/22004A0320(03).md
22004A0320(03)	Artigo 125.º		1376	1378	26	ue/acordos-internacionais/2004/22004A0320(03).md
22004A0320(03)	Artigo 126.º		1380	1382	32	ue/acordos-internacionais/2004/22004A0320(03).md
22004A0320(03)	Artigo 127.º		1384	1390	134	ue/acordos-internacionais/2004/22004A0320(03).md
22004A0320(03)	Artigo 128.º	Acordo Provisório	1392	2782	27161	ue/acordos-internacionais/2004/22004A0320(03).md
22004A0320(03)	Artigo 1.º		2784	2786	52	ue/acordos-internacionais/2004/22004A0320(03).md
22004A0320(03)	Artigo 2.º		2788	2794	260	ue/acordos-internacionais/2004/22004A0320(03).md
22004A0320(03)	Artigo 3.º		2796	2798	120	ue/acordos-internacionais/2004/22004A0320(03).md
22004A0320(03)	Artigo 4.º		2800	3568	1902	ue/acordos-internacionais/2004/22004A0320(03).md
22004A0320(03)	Artigo 1.º		3570	3572	72	ue/acordos-internacionais/2004/22004A0320(03).md
22004A0320(03)	Artigo 2.º		3574	3576	56	ue/acordos-internacionais/2004/22004A0320(03).md
22004A0320(03)	Artigo 3.º		3578	3584	141	ue/acordos-internacionais/2004/22004A0320(03).md
22004A0320(03)	Artigo 4.º		3586	3590	126	ue/acordos-internacionais/2004/22004A0320(03).md
22004A0320(03)	Artigo 5.º		3592	3610	720	ue/acordos-internacionais/2004/22004A0320(03).md
22004A0320(03)	Artigo 6.º		3612	3618	39	ue/acordos-internacionais/2004/22004A0320(03).md
22004A0320(03)	Artigo 8.º		3620	3646	186	ue/acordos-internacionais/2004/22004A0320(03).md
22004A0320(03)	Artigo 1.º		3648	3664	296	ue/acordos-internacionais/2004/22004A0320(03).md
22004A0320(03)	Artigo 2.º		3666	3674	181	ue/acordos-internacionais/2004/22004A0320(03).md
22004A0320(03)	Artigo 3.º		3676	3680	90	ue/acordos-internacionais/2004/22004A0320(03).md
22004A0320(03)	Artigo 4.º		3682	4360	14345	ue/acordos-internacionais/2004/22004A0320(03).md
22004A0320(03)	Artigo 1.º	Regras de origem aplicáveis	4362	4368	235	ue/acordos-internacionais/2004/22004A0320(03).md
22004A0320(03)	Artigo 2.º	Regras de origem alternativas aplicáveis	4370	4374	140	ue/acordos-internacionais/2004/22004A0320(03).md
22004A0320(03)	Artigo 3.º	Resolução de litígios	4376	4380	146	ue/acordos-internacionais/2004/22004A0320(03).md
22004A0320(03)	Artigo 4.º	Alterações ao Protocolo	4382	4384	36	ue/acordos-internacionais/2004/22004A0320(03).md
22004A0320(03)	Artigo 5.º	Denúncia da Convenção	4386	4471	1409	ue/acordos-internacionais/2004/22004A0320(03).md
22004A0320(03)	Artigo 1.º	Definições	4473	4517	1101	ue/acordos-internacionais/2004/22004A0320(03).md
22004A0320(03)	Artigo 2.º	Requisitos gerais	4519	4525	133	ue/acordos-internacionais/2004/22004A0320(03).md
22004A0320(03)	Artigo 3.º	Produtos inteiramente obtidos	4527	4575	658	ue/acordos-internacionais/2004/22004A0320(03).md
22004A0320(03)	Artigo 4.º	Operações de complemento de fabrico ou de transformação suficientes	4577	4591	640	ue/acordos-internacionais/2004/22004A0320(03).md
22004A0320(03)	Artigo 5.º	Regra relativa à tolerância	4593	4605	347	ue/acordos-internacionais/2004/22004A0320(03).md
22004A0320(03)	Artigo 6.º	Operações de complemento de fabrico ou de transformação insuficientes	4607	4647	567	ue/acordos-internacionais/2004/22004A0320(03).md
22004A0320(03)	Artigo 7.º	Acumulação da origem	4649	4665	797	ue/acordos-internacionais/2004/22004A0320(03).md
22004A0320(03)	Artigo 8.º	Condições para a aplicação da acumulação da origem	4667	4687	504	ue/acordos-internacionais/2004/22004A0320(03).md
22004A0320(03)	Artigo 9.º	Unidade de qualificação	4689	4699	309	ue/acordos-internacionais/2004/22004A0320(03).md
22004A0320(03)	Artigo 10.º	Sortidos	4701	4705	105	ue/acordos-internacionais/2004/22004A0320(03).md
22004A0320(03)	Artigo 11.º	Elementos neutros	4707	4717	93	ue/acordos-internacionais/2004/22004A0320(03).md
22004A0320(03)	Artigo 12.º	Separação de contas	4719	4735	460	ue/acordos-internacionais/2004/22004A0320(03).md
22004A0320(03)	Artigo 13.º	Princípio da territorialidade	4737	4763	758	ue/acordos-internacionais/2004/22004A0320(03).md
22004A0320(03)	Artigo 14.º	Não alteração	4765	4781	490	ue/acordos-internacionais/2004/22004A0320(03).md
22004A0320(03)	Artigo 15.º	Exposições	4783	4801	407	ue/acordos-internacionais/2004/22004A0320(03).md
22004A0320(03)	Artigo 16.º	Draubaque ou isenção de direitos aduaneiros	4803	4815	405	ue/acordos-internacionais/2004/22004A0320(03).md
22004A0320(03)	Artigo 17.º	Requisitos gerais	4817	4833	588	ue/acordos-internacionais/2004/22004A0320(03).md
22004A0320(03)	Artigo 18.º	Condições para efetuar uma declaração de origem	4835	4853	587	ue/acordos-internacionais/2004/22004A0320(03).md
22004A0320(03)	Artigo 19.º	Exportador autorizado	4855	4863	250	ue/acordos-internacionais/2004/22004A0320(03).md
22004A0320(03)	Artigo 20.º	Procedimento para a emissão do certificado de circulação de mercadorias EUR.1	4865	4881	726	ue/acordos-internacionais/2004/22004A0320(03).md
22004A0320(03)	Artigo 21.º	Emissão a posteriori de certificados de circulação de mercadorias EUR.1	4883	4903	579	ue/acordos-internacionais/2004/22004A0320(03).md
22004A0320(03)	Artigo 22.º	Emissão de uma segunda via do certificado de circulação de mercadorias EUR.1	4905	4913	190	ue/acordos-internacionais/2004/22004A0320(03).md
22004A0320(03)	Artigo 23.º	Prazo de validade da prova de origem	4915	4921	184	ue/acordos-internacionais/2004/22004A0320(03).md
22004A0320(03)	Artigo 24.º	Zonas francas	4923	4927	190	ue/acordos-internacionais/2004/22004A0320(03).md
22004A0320(03)	Artigo 25.º	Requisitos de importação	4929	4931	46	ue/acordos-internacionais/2004/22004A0320(03).md
22004A0320(03)	Artigo 26.º	Importação em remessas escalonadas	4933	4935	128	ue/acordos-internacionais/2004/22004A0320(03).md
22004A0320(03)	Artigo 27.º	Isenções da prova de origem	4937	4949	260	ue/acordos-internacionais/2004/22004A0320(03).md
22004A0320(03)	Artigo 28.º	Discrepâncias e erros formais	4951	4955	171	ue/acordos-internacionais/2004/22004A0320(03).md
22004A0320(03)	Artigo 29.º	Declarações do fornecedor	4957	4969	869	ue/acordos-internacionais/2004/22004A0320(03).md
22004A0320(03)	Artigo 30.º	Montantes expressos em euros	4971	4985	490	ue/acordos-internacionais/2004/22004A0320(03).md
22004A0320(03)	Artigo 31.º	Provas documentais, conservação das provas de origem e documentos comprovativos	4987	5011	864	ue/acordos-internacionais/2004/22004A0320(03).md
22004A0320(03)	Artigo 32.º	Resolução de litígios	5013	5021	154	ue/acordos-internacionais/2004/22004A0320(03).md
22004A0320(03)	Artigo 33.º	Notificação e cooperação	5023	5027	205	ue/acordos-internacionais/2004/22004A0320(03).md
22004A0320(03)	Artigo 34.º	Controlo das provas de origem	5029	5041	562	ue/acordos-internacionais/2004/22004A0320(03).md
22004A0320(03)	Artigo 35.º	Controlo das declarações do fornecedor	5043	5053	542	ue/acordos-internacionais/2004/22004A0320(03).md
22004A0320(03)	Artigo 36.º	Sanções	5055	5061	58	ue/acordos-internacionais/2004/22004A0320(03).md
22004A0320(03)	Artigo 37.º	Espaço Económico Europeu	5063	5065	135	ue/acordos-internacionais/2004/22004A0320(03).md
22004A0320(03)	Artigo 38.º	Listenstaine	5067	5069	51	ue/acordos-internacionais/2004/22004A0320(03).md
22004A0320(03)	Artigo 39.º	República de São Marinho	5071	5073	64	ue/acordos-internacionais/2004/22004A0320(03).md
22004A0320(03)	Artigo 40.º	Principado de Andorra	5075	5077	74	ue/acordos-internacionais/2004/22004A0320(03).md
22004A0320(03)	Artigo 41.º	Ceuta e Melilha	5079	5869	29034	ue/acordos-internacionais/2004/22004A0320(03).md
22004A0320(03)	Artigo único		5871	5990	2987	ue/acordos-internacionais/2004/22004A0320(03).md
22004A0320(03)	Artigo 1.º	Definições	5992	6004	270	ue/acordos-internacionais/2004/22004A0320(03).md
22004A0320(03)	Artigo 2.º	Âmbito	6006	6012	252	ue/acordos-internacionais/2004/22004A0320(03).md
22004A0320(03)	Artigo 3.º	Assistência mediante pedido	6014	6032	477	ue/acordos-internacionais/2004/22004A0320(03).md
22004A0320(03)	Artigo 4.º	Assistência espontânea	6034	6046	264	ue/acordos-internacionais/2004/22004A0320(03).md
22004A0320(03)	Artigo 5.º	Entrega e notificação	6048	6058	160	ue/acordos-internacionais/2004/22004A0320(03).md
22004A0320(03)	Artigo 6.º	Forma e conteúdo dos pedidos de assistência	6060	6080	322	ue/acordos-internacionais/2004/22004A0320(03).md
22004A0320(03)	Artigo 7.º	Execução dos pedidos	6082	6090	364	ue/acordos-internacionais/2004/22004A0320(03).md
22004A0320(03)	Artigo 8.º	Forma de comunicação das informações	6092	6098	131	ue/acordos-internacionais/2004/22004A0320(03).md
22004A0320(03)	Artigo 9.º	Excepções à obrigação de prestar assistência	6100	6114	347	ue/acordos-internacionais/2004/22004A0320(03).md
22004A0320(03)	Artigo 10.º	Intercâmbio de informações e confidencialidade	6116	6124	502	ue/acordos-internacionais/2004/22004A0320(03).md
22004A0320(03)	Artigo 11.º	Peritos e testemunhas	6126	6128	167	ue/acordos-internacionais/2004/22004A0320(03).md
22004A0320(03)	Artigo 12.º	Despesas de assistência	6130	6132	78	ue/acordos-internacionais/2004/22004A0320(03).md
22004A0320(03)	Artigo 13.º	Aplicação	6134	6138	195	ue/acordos-internacionais/2004/22004A0320(03).md
22004A0320(03)	Artigo 14.º	Outros acordos	6140	6252	1472	ue/acordos-internacionais/2004/22004A0320(03).md
22004A0326(01)	Artigo 1.º		56	58	72	ue/acordos-internacionais/2004/22004A0326(01).md
22004A0326(01)	Artigo 2.º		60	86	402	ue/acordos-internacionais/2004/22004A0326(01).md
22004A0326(01)	Artigo 3.º		88	104	331	ue/acordos-internacionais/2004/22004A0326(01).md
22004A0326(01)	Artigo 4.º		106	112	80	ue/acordos-internacionais/2004/22004A0326(01).md
22004A0326(01)	Artigo 5.º		114	122	202	ue/acordos-internacionais/2004/22004A0326(01).md
22004A0326(01)	Artigo 6.º		124	126	82	ue/acordos-internacionais/2004/22004A0326(01).md
22004A0326(01)	Artigo 7.º		128	130	52	ue/acordos-internacionais/2004/22004A0326(01).md
22004A0326(01)	Artigo 8.º		132	142	190	ue/acordos-internacionais/2004/22004A0326(01).md
22004A0326(01)	Artigo 9.º		144	152	243	ue/acordos-internacionais/2004/22004A0326(01).md
22004A0326(01)	Artigo 10.º		154	174	546	ue/acordos-internacionais/2004/22004A0326(01).md
22004A0326(01)	ANEXO I		176	240	2120	ue/acordos-internacionais/2004/22004A0326(01).md
22004A0326(01)	ANEXO II	DEFINIÇÕES	242	250	238	ue/acordos-internacionais/2004/22004A0326(01).md
22004A0326(01)	ANEXO III	CARACTERÍSTICAS INDICATIVAS DE UM PROGRAMA DE GESTÃO TECNOLÓGICA (PGT)	252	254	190	ue/acordos-internacionais/2004/22004A0326(01).md
22004A0424(01)	Artigo 1.º	Enquadramento e definições	50	66	380	ue/acordos-internacionais/2004/22004A0424(01).md
22004A0424(01)	Artigo 2.º	Participação na Operação	68	74	154	ue/acordos-internacionais/2004/22004A0424(01).md
22004A0424(01)	Artigo 3.º	Estatuto	76	80	116	ue/acordos-internacionais/2004/22004A0424(01).md
22004A0424(01)	Artigo 4.º	Cadeia de comando	82	94	294	ue/acordos-internacionais/2004/22004A0424(01).md
22004A0424(01)	Artigo 5.º	Informações classificadas	96	98	92	ue/acordos-internacionais/2004/22004A0424(01).md
22004A0424(01)	Artigo 6.º	Aspectos financeiros	100	104	192	ue/acordos-internacionais/2004/22004A0424(01).md
22004A0424(01)	Artigo 7.º	Contribuição para as despesas comuns	106	116	218	ue/acordos-internacionais/2004/22004A0424(01).md
22004A0424(01)	Artigo 8.º	Incumprimento	118	120	54	ue/acordos-internacionais/2004/22004A0424(01).md
22004A0424(01)	Artigo 9.º	Entrada em vigor	122	134	85	ue/acordos-internacionais/2004/22004A0424(01).md
22004A0429(03)	Preâmbulo		18	94	616	ue/acordos-internacionais/2004/22004A0429(03).md
22004A0429(03)	Artigo 1.º		98	104	204	ue/acordos-internacionais/2004/22004A0429(03).md
22004A0429(03)	Artigo 2.º		106	232	937	ue/acordos-internacionais/2004/22004A0429(03).md
22004A0429(03)	Artigo 1.º		234	236	67	ue/acordos-internacionais/2004/22004A0429(03).md
22004A0429(03)	Artigo 2.º		238	240	76	ue/acordos-internacionais/2004/22004A0429(03).md
22004A0429(03)	Artigo 3.º		242	256	223	ue/acordos-internacionais/2004/22004A0429(03).md
22004A0429(03)	Artigo 4.º		258	266	219	ue/acordos-internacionais/2004/22004A0429(03).md
22004A0429(03)	Artigo 5.º		268	272	70	ue/acordos-internacionais/2004/22004A0429(03).md
22004A0429(03)	Artigo 6.º		274	276	58	ue/acordos-internacionais/2004/22004A0429(03).md
22004A0429(03)	Artigo 7.º		278	284	124	ue/acordos-internacionais/2004/22004A0429(03).md
22004A0429(03)	Artigo 8.º		286	292	79	ue/acordos-internacionais/2004/22004A0429(03).md
22004A0429(03)	Artigo 9.º		294	296	76	ue/acordos-internacionais/2004/22004A0429(03).md
22004A0429(03)	Artigo 10.º		298	316	436	ue/acordos-internacionais/2004/22004A0429(03).md
22004A0429(03)	Artigo 3.º		318	330	466	ue/acordos-internacionais/2004/22004A0429(03).md
22004A0429(03)	Artigo 4.º		332	336	101	ue/acordos-internacionais/2004/22004A0429(03).md
22004A0429(03)	Artigo 5.º		338	340	79	ue/acordos-internacionais/2004/22004A0429(03).md
22004A0429(03)	Artigo 6.º		342	356	499	ue/acordos-internacionais/2004/22004A0429(03).md
22004A0429(03)	Artigo 7.º		358	492	1717	ue/acordos-internacionais/2004/22004A0429(03).md
22004A0429(05)	Preâmbulo		18	36	464	ue/acordos-internacionais/2004/22004A0429(05).md
22004A0429(05)	Artigo 1.º		42	44	102	ue/acordos-internacionais/2004/22004A0429(05).md
22004A0429(05)	Artigo 2.º		46	50	125	ue/acordos-internacionais/2004/22004A0429(05).md
22004A0429(05)	Artigo 3.º		52	54	97	ue/acordos-internacionais/2004/22004A0429(05).md
22004A0429(05)	Artigo 4.º		56	68	425	ue/acordos-internacionais/2004/22004A0429(05).md
22004A0429(05)	Artigo 5.º		70	86	572	ue/acordos-internacionais/2004/22004A0429(05).md
22004A0429(06)	Preâmbulo		18	36	456	ue/acordos-internacionais/2004/22004A0429(06).md
22004A0429(06)	Artigo 1.º		42	44	102	ue/acordos-internacionais/2004/22004A0429(06).md
22004A0429(06)	Artigo 2.º		46	52	194	ue/acordos-internacionais/2004/22004A0429(06).md
22004A0429(06)	Artigo 3.º		54	56	87	ue/acordos-internacionais/2004/22004A0429(06).md
22004A0429(06)	Artigo 4.º		58	70	424	ue/acordos-internacionais/2004/22004A0429(06).md
22004A0429(06)	Artigo 5.º		72	88	570	ue/acordos-internacionais/2004/22004A0429(06).md
22004A0430(01)	Artigo 1.º	Definições	42	56	294	ue/acordos-internacionais/2004/22004A0430(01).md
22004A0430(01)	Artigo 2.º	Readmissão de residentes permanentes e de ex-residentes permanentes	60	66	348	ue/acordos-internacionais/2004/22004A0430(01).md
22004A0430(01)	Artigo 3.º	Readmissão de pessoas de outra jurisdição	68	82	474	ue/acordos-internacionais/2004/22004A0430(01).md
22004A0430(01)	Artigo 4.º	Readmissão de nacionais e de ex-nacionais	86	90	338	ue/acordos-internacionais/2004/22004A0430(01).md
22004A0430(01)	Artigo 5.º	Readmissão de pessoas de outra jurisdição	92	108	606	ue/acordos-internacionais/2004/22004A0430(01).md
22004A0430(01)	Artigo 6.º	Princípios	112	120	182	ue/acordos-internacionais/2004/22004A0430(01).md
22004A0430(01)	Artigo 7.º	Pedido de readmissão	122	136	226	ue/acordos-internacionais/2004/22004A0430(01).md
22004A0430(01)	Artigo 8.º	Meios de prova relativos à nacionalidade e à residência permanente	138	144	378	ue/acordos-internacionais/2004/22004A0430(01).md
22004A0430(01)	Artigo 9.º	Meios de prova relativos a pessoas de outra jurisdição	146	152	358	ue/acordos-internacionais/2004/22004A0430(01).md
22004A0430(01)	Artigo 10.º		154	160	293	ue/acordos-internacionais/2004/22004A0430(01).md
22004A0430(01)	Artigo 11.º	Modalidades de transferência e modos de transporte	162	166	170	ue/acordos-internacionais/2004/22004A0430(01).md
22004A0430(01)	Artigo 12.º	Princípios	170	182	350	ue/acordos-internacionais/2004/22004A0430(01).md
22004A0430(01)	Artigo 13.º	Procedimento de trânsito	184	202	414	ue/acordos-internacionais/2004/22004A0430(01).md
22004A0430(01)	Artigo 14.º	Custos de transporte e de trânsito	206	208	102	ue/acordos-internacionais/2004/22004A0430(01).md
22004A0430(01)	Artigo 15.º	Protecção de dados	212	244	812	ue/acordos-internacionais/2004/22004A0430(01).md
22004A0430(01)	Artigo 16.º	Cláusula de não afectação	246	250	89	ue/acordos-internacionais/2004/22004A0430(01).md
22004A0430(01)	Artigo 17.º	Comité de Readmissão	254	272	286	ue/acordos-internacionais/2004/22004A0430(01).md
22004A0430(01)	Artigo 18.º	Protocolos de execução	274	286	208	ue/acordos-internacionais/2004/22004A0430(01).md
22004A0430(01)	Artigo 19.º	Relação com os acordos ou instrumentos bilaterais de readmissão dos Estados-Membros	288	290	129	ue/acordos-internacionais/2004/22004A0430(01).md
22004A0430(01)	Artigo 20.º	Entrada em vigor, vigência e denúncia	294	302	174	ue/acordos-internacionais/2004/22004A0430(01).md
22004A0430(01)	Artigo 21.º		304	318	390	ue/acordos-internacionais/2004/22004A0430(01).md
22004A0430(01)	ANEXO 1	Lista comum dos documentos cuja apresentação é considerada prova da nacionalidade ou da residência permanente	320	340	208	ue/acordos-internacionais/2004/22004A0430(01).md
22004A0430(01)	ANEXO 2	Lista comum dos documentos cuja apresentação é considerada presunção válida de nacionalidade ou de residência permanente	342	356	185	ue/acordos-internacionais/2004/22004A0430(01).md
22004A0430(01)	ANEXO 3	Lista comum dos documentos cuja apresentação é considerada prova das condições para a readmissão de pessoas de outra jurisdição	358	368	222	ue/acordos-internacionais/2004/22004A0430(01).md
22004A0430(01)	ANEXO 4	Lista comum dos documentos cuja apresentação é considerada elemento de prova prima facie das condições para a readmissão de pessoas de outra jurisdição	370	382	196	ue/acordos-internacionais/2004/22004A0430(01).md
22004A0430(01)	ANEXO 5	">PIC FILE= ""L_2004143PT.011102.TIF"">"	384	386	22	ue/acordos-internacionais/2004/22004A0430(01).md
22004A0430(01)	ANEXO 6	">PIC FILE= ""L_2004143PT.011302.TIF"">"	388	412	514	ue/acordos-internacionais/2004/22004A0430(01).md
22004A0430(03)	Artigo 1.º	Definições	65	81	721	ue/acordos-internacionais/2004/22004A0430(03).md
22004A0430(03)	Artigo 2.º	Objectivo do acordo	83	89	363	ue/acordos-internacionais/2004/22004A0430(03).md
22004A0430(03)	Artigo 3.º	Obrigações fundamentais	95	101	286	ue/acordos-internacionais/2004/22004A0430(03).md
22004A0430(03)	Artigo 4.º	Equivalência da regulamentação técnica	103	107	180	ue/acordos-internacionais/2004/22004A0430(03).md
22004A0430(03)	Artigo 5.º	Marcação	109	111	168	ue/acordos-internacionais/2004/22004A0430(03).md
22004A0430(03)	Artigo 6.º	Organismos de avaliação da conformidade	113	137	593	ue/acordos-internacionais/2004/22004A0430(03).md
22004A0430(03)	Artigo 7.º	Comité Misto	143	163	495	ue/acordos-internacionais/2004/22004A0430(03).md
22004A0430(03)	Artigo 8.º	Competência das autoridades reguladoras	169	171	116	ue/acordos-internacionais/2004/22004A0430(03).md
22004A0430(03)	Artigo 9.º	Troca de informações e correspondentes	173	181	356	ue/acordos-internacionais/2004/22004A0430(03).md
22004A0430(03)	Artigo 10.º	Alterações das disposições regulamentares	183	207	799	ue/acordos-internacionais/2004/22004A0430(03).md
22004A0430(03)	Artigo 11.º	Cooperação regulamentar	209	217	502	ue/acordos-internacionais/2004/22004A0430(03).md
22004A0430(03)	Artigo 12.º	Cooperação em matéria de avaliação da conformidade	219	223	237	ue/acordos-internacionais/2004/22004A0430(03).md
22004A0430(03)	Artigo 13.º	Vigilância dos organismos de avaliação da conformidade	229	233	346	ue/acordos-internacionais/2004/22004A0430(03).md
22004A0430(03)	Artigo 14.º	Vigilância do mercado	235	249	452	ue/acordos-internacionais/2004/22004A0430(03).md
22004A0430(03)	Artigo 15.º	Suspensão do reconhecimento mútuo	251	257	398	ue/acordos-internacionais/2004/22004A0430(03).md
22004A0430(03)	Artigo 16.º	Sistema de alerta	259	261	88	ue/acordos-internacionais/2004/22004A0430(03).md
22004A0430(03)	Artigo 17.º	Confidencialidade	267	273	228	ue/acordos-internacionais/2004/22004A0430(03).md
22004A0430(03)	Artigo 18.º	Taxas	275	277	105	ue/acordos-internacionais/2004/22004A0430(03).md
22004A0430(03)	Artigo 19.º	Aplicação territorial	279	283	112	ue/acordos-internacionais/2004/22004A0430(03).md
22004A0430(03)	Artigo 20.º	Acordos com outros países	285	289	165	ue/acordos-internacionais/2004/22004A0430(03).md
22004A0430(03)	Artigo 21.º	Entrada em vigor, alterações e denúncia	295	303	226	ue/acordos-internacionais/2004/22004A0430(03).md
22004A0430(03)	Artigo 22.º	Disposições finais	305	491	4028	ue/acordos-internacionais/2004/22004A0430(03).md
22004A0430(04)	Preâmbulo		18	34	293	ue/acordos-internacionais/2004/22004A0430(04).md
22004A0430(04)	Artigo 1.º		38	42	99	ue/acordos-internacionais/2004/22004A0430(04).md
22004A0430(04)	Artigo 2.º		44	626	2925	ue/acordos-internacionais/2004/22004A0430(04).md
22004A0615(01)	ANEXO I	Declaração da Comunidade Europeia ao abrigo do n.° 3 do artigo 35.° da Convenção-Quadro da OMS para a Luta Antitabaco (1)	24	26	64	ue/acordos-internacionais/2004/22004A0615(01).md
22004A0615(01)	ANEXO II	Declaração interpretativa a apresentar pela Comunidade (1)	28	30	49	ue/acordos-internacionais/2004/22004A0615(01).md
22004A0713(01)	Article 1	Definitions	44	56	318	ue/acordos-internacionais/2004/22004A0713(01).md
22004A0713(01)	Article 2	Species	58	66	107	ue/acordos-internacionais/2004/22004A0713(01).md
22004A0713(01)	Article 3	Application of the Convention	68	76	173	ue/acordos-internacionais/2004/22004A0713(01).md
22004A0713(01)	Article 4	Main principles of the Convention	78	92	298	ue/acordos-internacionais/2004/22004A0713(01).md
22004A0713(01)	Article 5	Authorisation of transporters	94	108	294	ue/acordos-internacionais/2004/22004A0713(01).md
22004A0713(01)	Article 6	Design and construction	110	140	634	ue/acordos-internacionais/2004/22004A0713(01).md
22004A0713(01)	Article 7	Planning	142	162	577	ue/acordos-internacionais/2004/22004A0713(01).md
22004A0713(01)	Article 8	Attendants	164	174	238	ue/acordos-internacionais/2004/22004A0713(01).md
22004A0713(01)	Article 9	Fitness for transport	176	196	358	ue/acordos-internacionais/2004/22004A0713(01).md
22004A0713(01)	Article 10	Inspection/Certificate	198	204	169	ue/acordos-internacionais/2004/22004A0713(01).md
22004A0713(01)	Article 11	Rest, water and feed prior to loading	206	214	165	ue/acordos-internacionais/2004/22004A0713(01).md
22004A0713(01)	Article 12	Principles	216	224	144	ue/acordos-internacionais/2004/22004A0713(01).md
22004A0713(01)	Article 13	Equipment and procedures	226	238	406	ue/acordos-internacionais/2004/22004A0713(01).md
22004A0713(01)	Article 14	Handling	240	250	386	ue/acordos-internacionais/2004/22004A0713(01).md
22004A0713(01)	Article 15	Separation	252	268	152	ue/acordos-internacionais/2004/22004A0713(01).md
22004A0713(01)	Article 16	Floors and bedding	270	272	111	ue/acordos-internacionais/2004/22004A0713(01).md
22004A0713(01)	Article 17	Space allowances (floor area and height)	274	282	220	ue/acordos-internacionais/2004/22004A0713(01).md
22004A0713(01)	Article 18	Tying of animals	284	286	137	ue/acordos-internacionais/2004/22004A0713(01).md
22004A0713(01)	Article 19	Ventilation and temperature	288	294	131	ue/acordos-internacionais/2004/22004A0713(01).md
22004A0713(01)	Article 20	Water, feed and rest	296	302	124	ue/acordos-internacionais/2004/22004A0713(01).md
22004A0713(01)	Article 21	Females in lactation	304	306	72	ue/acordos-internacionais/2004/22004A0713(01).md
22004A0713(01)	Article 22	Lighting	308	310	59	ue/acordos-internacionais/2004/22004A0713(01).md
22004A0713(01)	Article 23	Containers	312	316	65	ue/acordos-internacionais/2004/22004A0713(01).md
22004A0713(01)	Article 24	Care during transport	318	320	47	ue/acordos-internacionais/2004/22004A0713(01).md
22004A0713(01)	Article 25	Emergency and casualty care during transport	322	326	82	ue/acordos-internacionais/2004/22004A0713(01).md
22004A0713(01)	Article 26	Special provisions for transport by rail	328	338	263	ue/acordos-internacionais/2004/22004A0713(01).md
22004A0713(01)	Article 27	Special provisions for transport by road	340	348	146	ue/acordos-internacionais/2004/22004A0713(01).md
22004A0713(01)	Article 28	Special provisions for transport by water (except roll-on/roll-off vessels)	350	386	694	ue/acordos-internacionais/2004/22004A0713(01).md
22004A0713(01)	Article 29	Special provisions for transport in road vehicles or rail wagons on roll-on/roll-off vessels	388	402	476	ue/acordos-internacionais/2004/22004A0713(01).md
22004A0713(01)	Article 30	Special provisions for transport by air	404	418	334	ue/acordos-internacionais/2004/22004A0713(01).md
22004A0713(01)	Article 31	Multilateral consultations	420	434	476	ue/acordos-internacionais/2004/22004A0713(01).md
22004A0713(01)	Article 32	Functions of multilateral consultations	436	448	176	ue/acordos-internacionais/2004/22004A0713(01).md
22004A0713(01)	Article 33		450	452	82	ue/acordos-internacionais/2004/22004A0713(01).md
22004A0713(01)	Article 34	Adoption and entry into force	454	460	259	ue/acordos-internacionais/2004/22004A0713(01).md
22004A0713(01)	Article 35	Amendments	462	470	280	ue/acordos-internacionais/2004/22004A0713(01).md
22004A0713(01)	Article 36	Settlement of disputes	472	484	655	ue/acordos-internacionais/2004/22004A0713(01).md
22004A0713(01)	Article 37	Signature, ratification, acceptance, approval	486	496	400	ue/acordos-internacionais/2004/22004A0713(01).md
22004A0713(01)	Article 38	Accession of non-Member States	498	502	161	ue/acordos-internacionais/2004/22004A0713(01).md
22004A0713(01)	Article 39	Territorial clause	504	510	242	ue/acordos-internacionais/2004/22004A0713(01).md
22004A0713(01)	Article 40	Denunciation	512	516	76	ue/acordos-internacionais/2004/22004A0713(01).md
22004A0713(01)	Article 41	Notifications	518	588	1834	ue/acordos-internacionais/2004/22004A0713(01).md
22004A0713(01)	Article 1	Definitions	590	602	142	ue/acordos-internacionais/2004/22004A0713(01).md
22004A0713(01)	Article 2	Species	604	616	282	ue/acordos-internacionais/2004/22004A0713(01).md
22004A0713(01)	Article 3	Application of the Convention	618	626	186	ue/acordos-internacionais/2004/22004A0713(01).md
22004A0713(01)	Article 4	Main principles of the Convention	628	636	173	ue/acordos-internacionais/2004/22004A0713(01).md
22004A0713(01)	Article 5	Authorisation of transporters	638	646	191	ue/acordos-internacionais/2004/22004A0713(01).md
22004A0713(01)	Article 6	Design and construction	648	652	74	ue/acordos-internacionais/2004/22004A0713(01).md
22004A0713(01)	Article 7	Planning	654	658	107	ue/acordos-internacionais/2004/22004A0713(01).md
22004A0713(01)	Article 8	Attendants	660	672	186	ue/acordos-internacionais/2004/22004A0713(01).md
22004A0713(01)	Article 9	Fitness for transport	674	682	96	ue/acordos-internacionais/2004/22004A0713(01).md
22004A0713(01)	Article 10	Inspection/Certificate	684	692	198	ue/acordos-internacionais/2004/22004A0713(01).md
22004A0713(01)	Article 13	Equipment and procedures	694	702	157	ue/acordos-internacionais/2004/22004A0713(01).md
22004A0713(01)	Article 14	Handling	704	708	38	ue/acordos-internacionais/2004/22004A0713(01).md
22004A0713(01)	Article 15	Separation	710	714	48	ue/acordos-internacionais/2004/22004A0713(01).md
22004A0713(01)	Article 17	Space allowances (floor area and height)	716	720	69	ue/acordos-internacionais/2004/22004A0713(01).md
22004A0713(01)	Article 18	Tying of animals	722	724	58	ue/acordos-internacionais/2004/22004A0713(01).md
22004A0713(01)	Article 20	Watering, feeding and rest	726	728	103	ue/acordos-internacionais/2004/22004A0713(01).md
22004A0713(01)	Article 21	Females in lactation	730	732	42	ue/acordos-internacionais/2004/22004A0713(01).md
22004A0713(01)	Article 24	Care during transport	734	736	48	ue/acordos-internacionais/2004/22004A0713(01).md
22004A0713(01)	Article 25	Emergency/casualty care during transport	738	740	126	ue/acordos-internacionais/2004/22004A0713(01).md
22004A0713(01)	Article 27	Special provisions for the transport by road	742	746	39	ue/acordos-internacionais/2004/22004A0713(01).md
22004A0713(01)	Article 28	Special provisions for transport by water	748	756	94	ue/acordos-internacionais/2004/22004A0713(01).md
22004A0713(01)	Article 29	Special provisions for transport by rail or road vehicles on roll-on/roll-off vessels	758	766	100	ue/acordos-internacionais/2004/22004A0713(01).md
22004A0713(01)	Article 30	Special provisions for transport by air	768	776	124	ue/acordos-internacionais/2004/22004A0713(01).md
22004A0713(01)	Article 36	Settlement of disputes	778	788	125	ue/acordos-internacionais/2004/22004A0713(01).md
22004A0713(02)	Article 1	Définitions	44	56	366	ue/acordos-internacionais/2004/22004A0713(02).md
22004A0713(02)	Article 2	Espèces	58	66	128	ue/acordos-internacionais/2004/22004A0713(02).md
22004A0713(02)	Article 3	Application de la convention	68	76	193	ue/acordos-internacionais/2004/22004A0713(02).md
22004A0713(02)	Article 4	Principes fondamentaux de la convention	78	92	340	ue/acordos-internacionais/2004/22004A0713(02).md
22004A0713(02)	Article 5	Autorisation des transporteurs	94	108	300	ue/acordos-internacionais/2004/22004A0713(02).md
22004A0713(02)	Article 6	Conception et construction	110	140	772	ue/acordos-internacionais/2004/22004A0713(02).md
22004A0713(02)	Article 7	Planification	142	162	618	ue/acordos-internacionais/2004/22004A0713(02).md
22004A0713(02)	Article 8	Convoyeurs	164	174	254	ue/acordos-internacionais/2004/22004A0713(02).md
22004A0713(02)	Article 9	Aptitude au transport	176	196	426	ue/acordos-internacionais/2004/22004A0713(02).md
22004A0713(02)	Article 10	Inspection/Certificat	198	204	173	ue/acordos-internacionais/2004/22004A0713(02).md
22004A0713(02)	Article 11	Repos, abreuvement, alimentation avant le chargement	206	214	191	ue/acordos-internacionais/2004/22004A0713(02).md
22004A0713(02)	Article 12	Principes	216	224	152	ue/acordos-internacionais/2004/22004A0713(02).md
22004A0713(02)	Article 13	Équipement et procédures	226	238	456	ue/acordos-internacionais/2004/22004A0713(02).md
22004A0713(02)	Article 14	Traitement des animaux	240	250	474	ue/acordos-internacionais/2004/22004A0713(02).md
22004A0713(02)	Article 15	Séparation	252	268	187	ue/acordos-internacionais/2004/22004A0713(02).md
22004A0713(02)	Article 16	Planchers et litière	270	272	120	ue/acordos-internacionais/2004/22004A0713(02).md
22004A0713(02)	Article 17	Espace disponible (surface au sol et hauteur)	274	282	243	ue/acordos-internacionais/2004/22004A0713(02).md
22004A0713(02)	Article 18	Attache des animaux	284	286	183	ue/acordos-internacionais/2004/22004A0713(02).md
22004A0713(02)	Article 19	Aération et température	288	294	140	ue/acordos-internacionais/2004/22004A0713(02).md
22004A0713(02)	Article 20	Abreuvement, alimentation et repos	296	302	152	ue/acordos-internacionais/2004/22004A0713(02).md
22004A0713(02)	Article 21	Femelles en lactation	304	306	85	ue/acordos-internacionais/2004/22004A0713(02).md
22004A0713(02)	Article 22	Lumière	308	310	72	ue/acordos-internacionais/2004/22004A0713(02).md
22004A0713(02)	Article 23	Conteneurs	312	316	83	ue/acordos-internacionais/2004/22004A0713(02).md
22004A0713(02)	Article 24	Soins pendant le transport	318	320	52	ue/acordos-internacionais/2004/22004A0713(02).md
22004A0713(02)	Article 25	Traitement des urgences/accidents pendant le transport	322	326	92	ue/acordos-internacionais/2004/22004A0713(02).md
22004A0713(02)	Article 26	Dispositions spéciales concernant le transport par chemin de fer	328	338	308	ue/acordos-internacionais/2004/22004A0713(02).md
22004A0713(02)	Article 27	Dispositions spéciales concernant le transport par route	340	348	190	ue/acordos-internacionais/2004/22004A0713(02).md
22004A0713(02)	Article 28	Dispositions spéciales concernant le transport par eau (à l'exception des navires transrouliers)	350	386	796	ue/acordos-internacionais/2004/22004A0713(02).md
22004A0713(02)	Article 29	Dispositions spéciales concernant le transport effectué dans des véhicules routiers ou des wagons chargés sur des navires transrouliers	388	402	536	ue/acordos-internacionais/2004/22004A0713(02).md
22004A0713(02)	Article 30	Dispositions concernant le transport par air	404	418	386	ue/acordos-internacionais/2004/22004A0713(02).md
22004A0713(02)	Article 31	Consultations multilatérales	420	434	484	ue/acordos-internacionais/2004/22004A0713(02).md
22004A0713(02)	Article 32	Fonctionnement des consultations multilatérales	436	448	187	ue/acordos-internacionais/2004/22004A0713(02).md
22004A0713(02)	Article 33		450	452	98	ue/acordos-internacionais/2004/22004A0713(02).md
22004A0713(02)	Article 34	Adoption et entrée en vigueur	454	460	252	ue/acordos-internacionais/2004/22004A0713(02).md
22004A0713(02)	Article 35	Amendements	462	470	276	ue/acordos-internacionais/2004/22004A0713(02).md
22004A0713(02)	Article 36	Règlement des différends	472	484	646	ue/acordos-internacionais/2004/22004A0713(02).md
22004A0713(02)	Article 37	Signature, ratification, acceptation, approbation	486	496	417	ue/acordos-internacionais/2004/22004A0713(02).md
22004A0713(02)	Article 38	Adhésion d'États non membres	498	502	156	ue/acordos-internacionais/2004/22004A0713(02).md
22004A0713(02)	Article 39	Clause territoriale	504	510	252	ue/acordos-internacionais/2004/22004A0713(02).md
22004A0713(02)	Article 40	Dénonciation	512	516	73	ue/acordos-internacionais/2004/22004A0713(02).md
22004A0713(02)	Article 41	Notifications	518	588	1955	ue/acordos-internacionais/2004/22004A0713(02).md
22004A0713(02)	Article 1	Définitions	590	602	152	ue/acordos-internacionais/2004/22004A0713(02).md
22004A0713(02)	Article 2	Espèces	604	616	328	ue/acordos-internacionais/2004/22004A0713(02).md
22004A0713(02)	Article 3	Application de la convention	618	626	232	ue/acordos-internacionais/2004/22004A0713(02).md
22004A0713(02)	Article 4	Dispositions principales de la convention	628	636	175	ue/acordos-internacionais/2004/22004A0713(02).md
22004A0713(02)	Article 5	Autorisation des transporteurs	638	646	202	ue/acordos-internacionais/2004/22004A0713(02).md
22004A0713(02)	Article 6	Conception et construction	648	652	87	ue/acordos-internacionais/2004/22004A0713(02).md
22004A0713(02)	Article 7	Planification	654	658	108	ue/acordos-internacionais/2004/22004A0713(02).md
22004A0713(02)	Article 8	Convoyeurs	660	672	198	ue/acordos-internacionais/2004/22004A0713(02).md
22004A0713(02)	Article 9	Aptitude au transport	674	682	118	ue/acordos-internacionais/2004/22004A0713(02).md
22004A0713(02)	Article 10	Inspection/Certificat	684	692	201	ue/acordos-internacionais/2004/22004A0713(02).md
22004A0713(02)	Article 13	Équipement et procédures	694	702	186	ue/acordos-internacionais/2004/22004A0713(02).md
22004A0713(02)	Article 14	Traitement des animaux	704	708	44	ue/acordos-internacionais/2004/22004A0713(02).md
22004A0713(02)	Article 15	Séparation	710	714	50	ue/acordos-internacionais/2004/22004A0713(02).md
22004A0713(02)	Article 17	Espace disponible (surface au sol et hauteur)	716	720	78	ue/acordos-internacionais/2004/22004A0713(02).md
22004A0713(02)	Article 18	Attache des animaux	722	724	68	ue/acordos-internacionais/2004/22004A0713(02).md
22004A0713(02)	Article 20	Abreuvement, alimentation et repos	726	728	109	ue/acordos-internacionais/2004/22004A0713(02).md
22004A0713(02)	Article 21	Femelles en lactation	730	732	44	ue/acordos-internacionais/2004/22004A0713(02).md
22004A0713(02)	Article 24	Soins pendant le transport	734	736	53	ue/acordos-internacionais/2004/22004A0713(02).md
22004A0713(02)	Article 25	Traitement des urgences/accidents de transport	738	740	138	ue/acordos-internacionais/2004/22004A0713(02).md
22004A0713(02)	Article 27	Dispositions spéciales concernant le transport par route	742	746	44	ue/acordos-internacionais/2004/22004A0713(02).md
22004A0713(02)	Article 28	Dispositions spéciales concernant le transport par eau	748	756	105	ue/acordos-internacionais/2004/22004A0713(02).md
22004A0713(02)	Article 29	Dispositions spéciales concernant le transport effectué par des wagons ou véhicules routiers chargés sur des navires transrouliers	758	766	128	ue/acordos-internacionais/2004/22004A0713(02).md
22004A0713(02)	Article 30	Dispositions concernant le transport par air	768	776	140	ue/acordos-internacionais/2004/22004A0713(02).md
22004A0713(02)	Article 36	Règlement des différends	778	788	123	ue/acordos-internacionais/2004/22004A0713(02).md
22004A0806(01)	Artigo 1.º	Definições	52	76	630	ue/acordos-internacionais/2004/22004A0806(01).md
22004A0806(01)	Artigo 2.º	Âmbito de aplicação geográfica	78	80	43	ue/acordos-internacionais/2004/22004A0806(01).md
22004A0806(01)	Artigo 3.º	Disposições gerais	82	92	181	ue/acordos-internacionais/2004/22004A0806(01).md
22004A0806(01)	Artigo 4.º	Planos de emergência e outros meios de prevenção e de combate aos incidentes de poluição	94	100	390	ue/acordos-internacionais/2004/22004A0806(01).md
22004A0806(01)	Artigo 5.º	Vigilância	102	104	78	ue/acordos-internacionais/2004/22004A0806(01).md
22004A0806(01)	Artigo 6.º	Cooperação nas operações de recuperação	106	108	105	ue/acordos-internacionais/2004/22004A0806(01).md
22004A0806(01)	Artigo 7.º	Divulgação e troca de informações	110	128	511	ue/acordos-internacionais/2004/22004A0806(01).md
22004A0806(01)	Artigo 8.º	Comunicação das informações e relatórios relativos aos incidentes de poluição	130	132	142	ue/acordos-internacionais/2004/22004A0806(01).md
22004A0806(01)	Artigo 9.º	Procedimento de notificação	134	162	851	ue/acordos-internacionais/2004/22004A0806(01).md
22004A0806(01)	Artigo 10.º	Medidas operacionais	164	182	364	ue/acordos-internacionais/2004/22004A0806(01).md
22004A0806(01)	Artigo 11.º	Medidas de emergência a bordo dos navios ou nas instalações off-shore e portuárias	184	194	470	ue/acordos-internacionais/2004/22004A0806(01).md
22004A0806(01)	Artigo 12.º	Assistência	196	206	357	ue/acordos-internacionais/2004/22004A0806(01).md
22004A0806(01)	Artigo 13.º	Reembolso dos custos de assistência	208	224	583	ue/acordos-internacionais/2004/22004A0806(01).md
22004A0806(01)	Artigo 14.º	Instalações portuárias de recepção	226	236	265	ue/acordos-internacionais/2004/22004A0806(01).md
22004A0806(01)	Artigo 15.º	Riscos ambientais do tráfego marítimo	238	240	118	ue/acordos-internacionais/2004/22004A0806(01).md
22004A0806(01)	Artigo 16.º	Recepção dos navios em dificuldade em portos e locais de refúgio	242	244	96	ue/acordos-internacionais/2004/22004A0806(01).md
22004A0806(01)	Artigo 17.º	Acordos sub-regionais	246	248	113	ue/acordos-internacionais/2004/22004A0806(01).md
22004A0806(01)	Artigo 18.º	Reuniões	250	262	236	ue/acordos-internacionais/2004/22004A0806(01).md
22004A0806(01)	Artigo 19.º	Relações com a convenção	264	270	88	ue/acordos-internacionais/2004/22004A0806(01).md
22004A0806(01)	Artigo 20.º	Incidência nas legislações internas	272	274	69	ue/acordos-internacionais/2004/22004A0806(01).md
22004A0806(01)	Artigo 21.º	Relações com terceiros	276	278	54	ue/acordos-internacionais/2004/22004A0806(01).md
22004A0806(01)	Artigo 22.º	Assinatura	280	282	58	ue/acordos-internacionais/2004/22004A0806(01).md
22004A0806(01)	Artigo 23.º	Ratificação, aceitação ou aprovação	284	286	77	ue/acordos-internacionais/2004/22004A0806(01).md
22004A0806(01)	Artigo 24.º	Adesão	288	290	34	ue/acordos-internacionais/2004/22004A0806(01).md
22004A0806(01)	Artigo 25.º	Entrada em vigor	292	300	188	ue/acordos-internacionais/2004/22004A0806(01).md
22004A0806(03)	Artigo 1.º	Objecto da cooperação	42	58	484	ue/acordos-internacionais/2004/22004A0806(03).md
22004A0806(03)	Artigo 2.º	Princípios da cooperação	60	66	153	ue/acordos-internacionais/2004/22004A0806(03).md
22004A0806(03)	Artigo 3.º	Áreas de cooperação	68	88	94	ue/acordos-internacionais/2004/22004A0806(03).md
22004A0806(03)	Artigo 4.º	Aplicação	90	96	216	ue/acordos-internacionais/2004/22004A0806(03).md
22004A0806(03)	Artigo 5.º	Iniciativas conjuntas	98	134	622	ue/acordos-internacionais/2004/22004A0806(03).md
22004A0806(03)	Artigo 6.º	Informação de consulta	136	142	238	ue/acordos-internacionais/2004/22004A0806(03).md
22004A0806(03)	Artigo 7.º	Dimensão externa da cooperação	144	150	136	ue/acordos-internacionais/2004/22004A0806(03).md
22004A0806(03)	Artigo 8.º	Coordenação e facilitação das actividades de cooperação	152	168	418	ue/acordos-internacionais/2004/22004A0806(03).md
22004A0806(03)	Artigo 9.º	Intercâmbio de pessoal	170	174	106	ue/acordos-internacionais/2004/22004A0806(03).md
22004A0806(03)	Artigo 10.º	Relações públicas	176	182	144	ue/acordos-internacionais/2004/22004A0806(03).md
22004A0806(03)	Artigo 11.º	Resolução de litígios	184	194	186	ue/acordos-internacionais/2004/22004A0806(03).md
22004A0806(03)	Artigo 12.º	Entrada em vigor, vigência, alterações e denúncia	196	208	327	ue/acordos-internacionais/2004/22004A0806(03).md
22004A0806(03)	Artigo 13.º	Assinatura	210	294	616	ue/acordos-internacionais/2004/22004A0806(03).md
22004A0806(04)	Article 1	Statement of purpose	22	24	41	ue/acordos-internacionais/2004/22004A0806(04).md
22004A0806(04)	Article 2	Use of terms	26	48	654	ue/acordos-internacionais/2004/22004A0806(04).md
22004A0806(04)	Article 3	Scope of application	50	68	225	ue/acordos-internacionais/2004/22004A0806(04).md
22004A0806(04)	Article 4	Protection of sovereignty	70	74	134	ue/acordos-internacionais/2004/22004A0806(04).md
22004A0806(04)	Article 5	Criminalisation of participation in an organised criminal group	76	94	534	ue/acordos-internacionais/2004/22004A0806(04).md
22004A0806(04)	Article 6	Criminalisation of the laundering of proceeds of crime	96	122	737	ue/acordos-internacionais/2004/22004A0806(04).md
22004A0806(04)	Article 7	Measures to combat money-laundering	124	136	535	ue/acordos-internacionais/2004/22004A0806(04).md
22004A0806(04)	Article 8	Criminalisation of corruption	138	150	404	ue/acordos-internacionais/2004/22004A0806(04).md
22004A0806(04)	Article 9	Measures against corruption	152	156	165	ue/acordos-internacionais/2004/22004A0806(04).md
22004A0806(04)	Article 10	Liability of legal persons	158	166	214	ue/acordos-internacionais/2004/22004A0806(04).md
22004A0806(04)	Article 11	Prosecution, adjudication and sanctions	168	180	500	ue/acordos-internacionais/2004/22004A0806(04).md
22004A0806(04)	Article 12	Confiscation and seizure	182	204	623	ue/acordos-internacionais/2004/22004A0806(04).md
22004A0806(04)	Article 13	International cooperation for purposes of confiscation	206	234	956	ue/acordos-internacionais/2004/22004A0806(04).md
22004A0806(04)	Article 14	Disposal of confiscated proceeds of crime or property	236	246	378	ue/acordos-internacionais/2004/22004A0806(04).md
22004A0806(04)	Article 15	Jurisdiction	248	274	633	ue/acordos-internacionais/2004/22004A0806(04).md
22004A0806(04)	Article 16	Extradition	276	314	1562	ue/acordos-internacionais/2004/22004A0806(04).md
22004A0806(04)	Article 17	Transfer of sentenced persons	316	318	88	ue/acordos-internacionais/2004/22004A0806(04).md
22004A0806(04)	Article 18	Mutual legal assistance	320	434	3963	ue/acordos-internacionais/2004/22004A0806(04).md
22004A0806(04)	Article 19	Joint investigations	436	438	157	ue/acordos-internacionais/2004/22004A0806(04).md
22004A0806(04)	Article 20	Special investigative techniques	440	448	440	ue/acordos-internacionais/2004/22004A0806(04).md
22004A0806(04)	Article 21	Transfer of criminal proceedings	450	452	105	ue/acordos-internacionais/2004/22004A0806(04).md
22004A0806(04)	Article 22	Establishment of criminal record	454	456	102	ue/acordos-internacionais/2004/22004A0806(04).md
22004A0806(04)	Article 23	Criminalisation of obstruction of justice	458	464	218	ue/acordos-internacionais/2004/22004A0806(04).md
22004A0806(04)	Article 24	Protection of witnesses	466	478	336	ue/acordos-internacionais/2004/22004A0806(04).md
22004A0806(04)	Article 25	Assistance to and protection of victims	480	486	172	ue/acordos-internacionais/2004/22004A0806(04).md
22004A0806(04)	Article 26	Measures to enhance cooperation with law enforcement authorities	488	508	461	ue/acordos-internacionais/2004/22004A0806(04).md
22004A0806(04)	Article 27	Law enforcement cooperation	510	534	747	ue/acordos-internacionais/2004/22004A0806(04).md
22004A0806(04)	Article 28	Collection, exchange and analysis of information on the nature of organised crime	536	542	210	ue/acordos-internacionais/2004/22004A0806(04).md
22004A0806(04)	Article 29	Training and technical assistance	544	570	682	ue/acordos-internacionais/2004/22004A0806(04).md
22004A0806(04)	Article 30	Other measures: implementation of the Convention through economic development and technical assistance	572	588	637	ue/acordos-internacionais/2004/22004A0806(04).md
22004A0806(04)	Article 31	Prevention	590	620	837	ue/acordos-internacionais/2004/22004A0806(04).md
22004A0806(04)	Article 32	Conference of the Parties to the Convention	622	642	516	ue/acordos-internacionais/2004/22004A0806(04).md
22004A0806(04)	Article 33	Secretariat	644	654	174	ue/acordos-internacionais/2004/22004A0806(04).md
22004A0806(04)	Article 34	Implementation of the Convention	656	662	217	ue/acordos-internacionais/2004/22004A0806(04).md
22004A0806(04)	Article 35	Settlement of disputes	664	672	320	ue/acordos-internacionais/2004/22004A0806(04).md
22004A0806(04)	Article 36	Signature, ratification, acceptance, approval and accession	674	682	426	ue/acordos-internacionais/2004/22004A0806(04).md
22004A0806(04)	Article 37	Relation with protocols	684	692	134	ue/acordos-internacionais/2004/22004A0806(04).md
22004A0806(04)	Article 38	Entry into force	694	698	180	ue/acordos-internacionais/2004/22004A0806(04).md
22004A0806(04)	Article 39	Amendment	700	710	459	ue/acordos-internacionais/2004/22004A0806(04).md
22004A0806(04)	Article 40	Denunciation	712	718	138	ue/acordos-internacionais/2004/22004A0806(04).md
22004A0806(04)	Article 41	Depositary and languages	720	732	186	ue/acordos-internacionais/2004/22004A0806(04).md
22004A0806(04)	Article 2	Terminologie	734	756	719	ue/acordos-internacionais/2004/22004A0806(04).md
22004A0806(04)	Article 3	Champ d'application	758	776	242	ue/acordos-internacionais/2004/22004A0806(04).md
22004A0806(04)	Article 4	Protection de la souveraineté	778	782	140	ue/acordos-internacionais/2004/22004A0806(04).md
22004A0806(04)	Article 5	Incrimination de la participation à un groupe criminel organisé	784	802	571	ue/acordos-internacionais/2004/22004A0806(04).md
22004A0806(04)	Article 6	Incrimination du blanchiment du produit du crime	804	830	817	ue/acordos-internacionais/2004/22004A0806(04).md
22004A0806(04)	Article 7	Mesures de lutte contre le blanchiment d'argent	832	844	619	ue/acordos-internacionais/2004/22004A0806(04).md
22004A0806(04)	Article 8	Incrimination de la corruption	846	858	407	ue/acordos-internacionais/2004/22004A0806(04).md
22004A0806(04)	Article 9	Mesures contre la corruption	860	864	167	ue/acordos-internacionais/2004/22004A0806(04).md
22004A0806(04)	Article 10	Responsabilité des personnes morales	866	874	233	ue/acordos-internacionais/2004/22004A0806(04).md
22004A0806(04)	Article 11	Poursuites judiciaires, jugement et sanctions	876	888	580	ue/acordos-internacionais/2004/22004A0806(04).md
22004A0806(04)	Article 12	Confiscation et saisie	890	912	626	ue/acordos-internacionais/2004/22004A0806(04).md
22004A0806(04)	Article 13	Coopération internationale aux fins de confiscation	914	942	1013	ue/acordos-internacionais/2004/22004A0806(04).md
22004A0806(04)	Article 14	Disposition du produit du crime ou des biens confisqués	944	954	388	ue/acordos-internacionais/2004/22004A0806(04).md
22004A0806(04)	Article 15	Compétence	956	982	652	ue/acordos-internacionais/2004/22004A0806(04).md
22004A0806(04)	Article 16	Extradition	984	1022	1639	ue/acordos-internacionais/2004/22004A0806(04).md
22004A0806(04)	Article 17	Transfert des personnes condamnées	1024	1026	101	ue/acordos-internacionais/2004/22004A0806(04).md
22004A0806(04)	Article 18	Entraide judiciaire	1028	1142	4060	ue/acordos-internacionais/2004/22004A0806(04).md
22004A0806(04)	Article 19	Enquêtes conjointes	1144	1146	157	ue/acordos-internacionais/2004/22004A0806(04).md
22004A0806(04)	Article 20	Techniques d'enquête spéciales	1148	1156	472	ue/acordos-internacionais/2004/22004A0806(04).md
22004A0806(04)	Article 21	Transfert des procédures pénales	1158	1160	106	ue/acordos-internacionais/2004/22004A0806(04).md
22004A0806(04)	Article 22	Établissement des antécédents judiciaires	1162	1164	118	ue/acordos-internacionais/2004/22004A0806(04).md
22004A0806(04)	Article 23	Incrimination de l'entrave au bon fonctionnement de la justice	1166	1172	259	ue/acordos-internacionais/2004/22004A0806(04).md
22004A0806(04)	Article 24	Protection des témoins	1174	1186	369	ue/acordos-internacionais/2004/22004A0806(04).md
22004A0806(04)	Article 25	Octroi d'une assistance et d'une protection aux victimes	1188	1194	200	ue/acordos-internacionais/2004/22004A0806(04).md
22004A0806(04)	Article 26	Mesures propres à renforcer la coopération avec les services de détection et de répression	1196	1216	494	ue/acordos-internacionais/2004/22004A0806(04).md
22004A0806(04)	Article 27	Coopération entre les services de détection et de répression	1218	1242	821	ue/acordos-internacionais/2004/22004A0806(04).md
22004A0806(04)	Article 28	Collecte, échange et analyse d'informations sur la nature de la criminalité organisée	1244	1250	228	ue/acordos-internacionais/2004/22004A0806(04).md
22004A0806(04)	Article 29	Formation et assistance technique	1252	1278	794	ue/acordos-internacionais/2004/22004A0806(04).md
22004A0806(04)	Article 30	Autres mesures: application de la convention par le développement économique et l'assistance technique	1280	1296	690	ue/acordos-internacionais/2004/22004A0806(04).md
22004A0806(04)	Article 31	Prévention	1298	1328	924	ue/acordos-internacionais/2004/22004A0806(04).md
22004A0806(04)	Article 32	Conférence des parties à la convention	1330	1350	519	ue/acordos-internacionais/2004/22004A0806(04).md
22004A0806(04)	Article 33	Secrétariat	1352	1362	179	ue/acordos-internacionais/2004/22004A0806(04).md
22004A0806(04)	Article 34	Application de la convention	1364	1370	237	ue/acordos-internacionais/2004/22004A0806(04).md
22004A0806(04)	Article 35	Règlement des différends	1372	1380	325	ue/acordos-internacionais/2004/22004A0806(04).md
22004A0806(04)	Article 36	Signature, ratification, acceptation, approbation et adhésion	1382	1390	452	ue/acordos-internacionais/2004/22004A0806(04).md
22004A0806(04)	Article 37	Relation avec les protocoles	1392	1400	148	ue/acordos-internacionais/2004/22004A0806(04).md
22004A0806(04)	Article 38	Entrée en vigueur	1402	1406	204	ue/acordos-internacionais/2004/22004A0806(04).md
22004A0806(04)	Article 39	Amendement	1408	1418	480	ue/acordos-internacionais/2004/22004A0806(04).md
22004A0806(04)	Article 40	Dénonciation	1420	1426	142	ue/acordos-internacionais/2004/22004A0806(04).md
22004A0806(04)	Article 41	Dépositaire et langues	1428	2222	22089	ue/acordos-internacionais/2004/22004A0806(04).md
22004A0806(04)	ANEXO II	Declaração	2224	2226	12	ue/acordos-internacionais/2004/22004A0806(04).md
22004A0806(04)	ANEXO III	Declaração	2228	2230	105	ue/acordos-internacionais/2004/22004A0806(04).md
22004A0925(01)	Artigo 1.º		88	90	118	ue/acordos-internacionais/2004/22004A0925(01).md
22004A0925(01)	Artigo 2.º		92	94	111	ue/acordos-internacionais/2004/22004A0925(01).md
22004A0925(01)	Artigo 3.º		96	98	17	ue/acordos-internacionais/2004/22004A0925(01).md
22004A0925(01)	Artigo 4.º		100	104	102	ue/acordos-internacionais/2004/22004A0925(01).md
22004A0925(01)	Artigo 5.º		106	110	95	ue/acordos-internacionais/2004/22004A0925(01).md
22004A0925(01)	Artigo 6.º		112	116	84	ue/acordos-internacionais/2004/22004A0925(01).md
22004A0925(01)	Artigo 7.º		118	294	905	ue/acordos-internacionais/2004/22004A0925(01).md
22004A0930(01)	Artigo 1.º	Definições	42	60	443	ue/acordos-internacionais/2004/22004A0930(01).md
22004A0930(01)	Artigo 2.º	Âmbito de aplicação territorial	62	64	57	ue/acordos-internacionais/2004/22004A0930(01).md
22004A0930(01)	Artigo 3.º	Evolução futura	66	68	74	ue/acordos-internacionais/2004/22004A0930(01).md
22004A0930(01)	Artigo 4.º	Âmbito de cooperação	70	82	211	ue/acordos-internacionais/2004/22004A0930(01).md
22004A0930(01)	Artigo 5.º	Âmbito da assistência	84	90	247	ue/acordos-internacionais/2004/22004A0930(01).md
22004A0930(01)	Artigo 6.º	Obrigações impostas ao abrigo de outros acordos	92	104	354	ue/acordos-internacionais/2004/22004A0930(01).md
22004A0930(01)	Artigo 7.º	Cooperação em matéria de procedimentos aduaneiros	108	110	104	ue/acordos-internacionais/2004/22004A0930(01).md
22004A0930(01)	Artigo 8.º	Assistência técnica	112	114	96	ue/acordos-internacionais/2004/22004A0930(01).md
22004A0930(01)	Artigo 9.º	Discussões no âmbito de organizações internacionais	116	120	82	ue/acordos-internacionais/2004/22004A0930(01).md
22004A0930(01)	Artigo 10.º	Assistência mediante pedido	122	142	561	ue/acordos-internacionais/2004/22004A0930(01).md
22004A0930(01)	Artigo 11.º	Assistência espontânea	144	156	308	ue/acordos-internacionais/2004/22004A0930(01).md
22004A0930(01)	Artigo 12.º	Entrega e notificação	158	166	209	ue/acordos-internacionais/2004/22004A0930(01).md
22004A0930(01)	Artigo 13.º	Forma e conteúdo dos pedidos de assistência	168	188	313	ue/acordos-internacionais/2004/22004A0930(01).md
22004A0930(01)	Artigo 14.º	Execução dos pedidos	190	200	441	ue/acordos-internacionais/2004/22004A0930(01).md
22004A0930(01)	Artigo 15.º	Forma de comunicação das informações	202	208	158	ue/acordos-internacionais/2004/22004A0930(01).md
22004A0930(01)	Artigo 16.º	Excepções à obrigação de prestar assistência	210	224	348	ue/acordos-internacionais/2004/22004A0930(01).md
22004A0930(01)	Artigo 17.º	Intercâmbio de informações e confidencialidade	226	238	570	ue/acordos-internacionais/2004/22004A0930(01).md
22004A0930(01)	Artigo 18.º	Peritos e testemunhas	240	242	160	ue/acordos-internacionais/2004/22004A0930(01).md
22004A0930(01)	Artigo 19.º	Despesas de assistência	244	248	144	ue/acordos-internacionais/2004/22004A0930(01).md
22004A0930(01)	Artigo 20.º	Execução	252	256	216	ue/acordos-internacionais/2004/22004A0930(01).md
22004A0930(01)	Artigo 21.º	Comité Misto de Cooperação Aduaneira	258	276	283	ue/acordos-internacionais/2004/22004A0930(01).md
22004A0930(01)	Artigo 22.º	Entrada em vigor e vigência	278	282	145	ue/acordos-internacionais/2004/22004A0930(01).md
22004A0930(01)	Artigo 23.º	Textos autênticos	284	362	472	ue/acordos-internacionais/2004/22004A0930(01).md
22004A0930(02)	Artigo 1.º		62	64	80	ue/acordos-internacionais/2004/22004A0930(02).md
22004A0930(02)	Artigo 2.º		66	68	100	ue/acordos-internacionais/2004/22004A0930(02).md
22004A0930(02)	Artigo 3.º		70	80	238	ue/acordos-internacionais/2004/22004A0930(02).md
22004A0930(02)	Artigo 4.º		82	84	49	ue/acordos-internacionais/2004/22004A0930(02).md
22004A0930(02)	Artigo 5.º		86	88	82	ue/acordos-internacionais/2004/22004A0930(02).md
22004A0930(02)	Artigo 6.º		90	92	79	ue/acordos-internacionais/2004/22004A0930(02).md
22004A0930(02)	Artigo 7.º		94	144	875	ue/acordos-internacionais/2004/22004A0930(02).md
22004A0930(03)	Artigo 1.º		96	112	208	ue/acordos-internacionais/2004/22004A0930(03).md
22004A0930(03)	Artigo 2.º		114	116	90	ue/acordos-internacionais/2004/22004A0930(03).md
22004A0930(03)	Artigo 3.º		120	132	180	ue/acordos-internacionais/2004/22004A0930(03).md
22004A0930(03)	Artigo 4.º		134	136	41	ue/acordos-internacionais/2004/22004A0930(03).md
22004A0930(03)	Artigo 5.º		138	150	198	ue/acordos-internacionais/2004/22004A0930(03).md
22004A0930(03)	Artigo 6.º		156	158	131	ue/acordos-internacionais/2004/22004A0930(03).md
22004A0930(03)	Artigo 7.º		162	164	65	ue/acordos-internacionais/2004/22004A0930(03).md
22004A0930(03)	Artigo 8.º		166	168	68	ue/acordos-internacionais/2004/22004A0930(03).md
22004A0930(03)	Artigo 9.º		170	242	1378	ue/acordos-internacionais/2004/22004A0930(03).md
22004A0930(03)	Artigo 10.º		244	246	41	ue/acordos-internacionais/2004/22004A0930(03).md
22004A0930(03)	Artigo 11.º		248	262	604	ue/acordos-internacionais/2004/22004A0930(03).md
22004A0930(03)	Artigo 12.º		272	274	62	ue/acordos-internacionais/2004/22004A0930(03).md
22004A0930(03)	Artigo 13.º		276	278	62	ue/acordos-internacionais/2004/22004A0930(03).md
22004A0930(03)	Artigo 14.º		280	290	124	ue/acordos-internacionais/2004/22004A0930(03).md
22004A0930(03)	Artigo 15.º		292	302	291	ue/acordos-internacionais/2004/22004A0930(03).md
22004A0930(03)	Artigo 16.º		304	312	238	ue/acordos-internacionais/2004/22004A0930(03).md
22004A0930(03)	Artigo 17.º		316	322	155	ue/acordos-internacionais/2004/22004A0930(03).md
22004A0930(03)	Artigo 18.º		324	330	170	ue/acordos-internacionais/2004/22004A0930(03).md
22004A0930(03)	Artigo 19.º		332	336	86	ue/acordos-internacionais/2004/22004A0930(03).md
22004A0930(03)	Artigo 20.º		338	342	128	ue/acordos-internacionais/2004/22004A0930(03).md
22004A0930(03)	Artigo 21.º		344	348	184	ue/acordos-internacionais/2004/22004A0930(03).md
22004A0930(03)	Artigo 22.º		350	352	92	ue/acordos-internacionais/2004/22004A0930(03).md
22004A0930(03)	Artigo 23.º		354	358	145	ue/acordos-internacionais/2004/22004A0930(03).md
22004A0930(03)	Artigo 24.º		360	370	331	ue/acordos-internacionais/2004/22004A0930(03).md
22004A0930(03)	Artigo 25.º		372	382	296	ue/acordos-internacionais/2004/22004A0930(03).md
22004A0930(03)	Artigo 26.º		384	386	162	ue/acordos-internacionais/2004/22004A0930(03).md
22004A0930(03)	Artigo 27.º		388	390	51	ue/acordos-internacionais/2004/22004A0930(03).md
22004A0930(03)	Artigo 28.º		392	394	56	ue/acordos-internacionais/2004/22004A0930(03).md
22004A0930(03)	Artigo 29.º		398	406	200	ue/acordos-internacionais/2004/22004A0930(03).md
22004A0930(03)	Artigo 30.º		408	416	230	ue/acordos-internacionais/2004/22004A0930(03).md
22004A0930(03)	Artigo 31.º		422	424	47	ue/acordos-internacionais/2004/22004A0930(03).md
22004A0930(03)	Artigo 32.º		426	430	145	ue/acordos-internacionais/2004/22004A0930(03).md
22004A0930(03)	Artigo 33.º		432	434	164	ue/acordos-internacionais/2004/22004A0930(03).md
22004A0930(03)	Artigo 34.º		438	466	706	ue/acordos-internacionais/2004/22004A0930(03).md
22004A0930(03)	Artigo 35.º		468	470	140	ue/acordos-internacionais/2004/22004A0930(03).md
22004A0930(03)	Artigo 36.º		472	474	130	ue/acordos-internacionais/2004/22004A0930(03).md
22004A0930(03)	Artigo 37.º		476	480	158	ue/acordos-internacionais/2004/22004A0930(03).md
22004A0930(03)	Artigo 38.º		482	484	55	ue/acordos-internacionais/2004/22004A0930(03).md
22004A0930(03)	Artigo 39.º	Objectivos	488	498	109	ue/acordos-internacionais/2004/22004A0930(03).md
22004A0930(03)	Artigo 40.º	Âmbito de aplicação	500	510	222	ue/acordos-internacionais/2004/22004A0930(03).md
22004A0930(03)	Artigo 41.º	Métodos e modalidades	512	524	142	ue/acordos-internacionais/2004/22004A0930(03).md
22004A0930(03)	Artigo 42.º	Educação e formação	526	530	213	ue/acordos-internacionais/2004/22004A0930(03).md
22004A0930(03)	Artigo 43.º	Cooperação científica e tecnológica	532	546	186	ue/acordos-internacionais/2004/22004A0930(03).md
22004A0930(03)	Artigo 44.º	Ambiente	548	572	213	ue/acordos-internacionais/2004/22004A0930(03).md
22004A0930(03)	Artigo 45.º	Cooperação industrial	574	590	212	ue/acordos-internacionais/2004/22004A0930(03).md
22004A0930(03)	Artigo 46.º	Promoção e protecção dos investimentos	592	606	346	ue/acordos-internacionais/2004/22004A0930(03).md
22004A0930(03)	Artigo 47.º	Normalização e avaliação de conformidade	608	616	211	ue/acordos-internacionais/2004/22004A0930(03).md
22004A0930(03)	Artigo 48.º	Aproximação das legislações	618	620	48	ue/acordos-internacionais/2004/22004A0930(03).md
22004A0930(03)	Artigo 49.º	Serviços financeiros	622	628	94	ue/acordos-internacionais/2004/22004A0930(03).md
22004A0930(03)	Artigo 50.º	Agricultura e pesca	630	638	186	ue/acordos-internacionais/2004/22004A0930(03).md
22004A0930(03)	Artigo 51.º	Transportes	640	652	174	ue/acordos-internacionais/2004/22004A0930(03).md
22004A0930(03)	Artigo 52.º	Sociedade da informação e telecomunicações	654	670	350	ue/acordos-internacionais/2004/22004A0930(03).md
22004A0930(03)	Artigo 53.º	Energia	672	682	126	ue/acordos-internacionais/2004/22004A0930(03).md
22004A0930(03)	Artigo 54.º	Turismo	684	700	162	ue/acordos-internacionais/2004/22004A0930(03).md
22004A0930(03)	Artigo 55.º	Alfândegas	702	710	184	ue/acordos-internacionais/2004/22004A0930(03).md
22004A0930(03)	Artigo 56.º	Cooperação em matéria de estatísticas	712	714	86	ue/acordos-internacionais/2004/22004A0930(03).md
22004A0930(03)	Artigo 57.º	Branqueamento de capitais	716	720	118	ue/acordos-internacionais/2004/22004A0930(03).md
22004A0930(03)	Artigo 58.º	Luta contra a droga	722	740	372	ue/acordos-internacionais/2004/22004A0930(03).md
22004A0930(03)	Artigo 59.º	Luta contra o terrorismo	742	750	113	ue/acordos-internacionais/2004/22004A0930(03).md
22004A0930(03)	Artigo 60.º	Cooperação regional	752	766	83	ue/acordos-internacionais/2004/22004A0930(03).md
22004A0930(03)	Artigo 61.º	Defesa dos consumidores	768	778	164	ue/acordos-internacionais/2004/22004A0930(03).md
22004A0930(03)	Artigo 62.º		784	786	128	ue/acordos-internacionais/2004/22004A0930(03).md
22004A0930(03)	Artigo 63.º		788	802	210	ue/acordos-internacionais/2004/22004A0930(03).md
22004A0930(03)	Artigo 64.º		804	806	39	ue/acordos-internacionais/2004/22004A0930(03).md
22004A0930(03)	Artigo 65.º		808	826	283	ue/acordos-internacionais/2004/22004A0930(03).md
22004A0930(03)	Artigo 66.º		828	830	39	ue/acordos-internacionais/2004/22004A0930(03).md
22004A0930(03)	Artigo 67.º		832	834	68	ue/acordos-internacionais/2004/22004A0930(03).md
22004A0930(03)	Artigo 68.º		838	850	292	ue/acordos-internacionais/2004/22004A0930(03).md
22004A0930(03)	Artigo 69.º		852	856	163	ue/acordos-internacionais/2004/22004A0930(03).md
22004A0930(03)	Artigo 70.º		858	860	56	ue/acordos-internacionais/2004/22004A0930(03).md
22004A0930(03)	Artigo 71.º		864	896	553	ue/acordos-internacionais/2004/22004A0930(03).md
22004A0930(03)	Artigo 72.º		900	920	307	ue/acordos-internacionais/2004/22004A0930(03).md
22004A0930(03)	Artigo 73.º		922	924	99	ue/acordos-internacionais/2004/22004A0930(03).md
22004A0930(03)	Artigo 74.º		928	932	102	ue/acordos-internacionais/2004/22004A0930(03).md
22004A0930(03)	Artigo 75.º		934	942	153	ue/acordos-internacionais/2004/22004A0930(03).md
22004A0930(03)	Artigo 76.º		944	950	119	ue/acordos-internacionais/2004/22004A0930(03).md
22004A0930(03)	Artigo 77.º		952	956	72	ue/acordos-internacionais/2004/22004A0930(03).md
22004A0930(03)	Artigo 78.º		958	964	128	ue/acordos-internacionais/2004/22004A0930(03).md
22004A0930(03)	Artigo 79.º		966	970	105	ue/acordos-internacionais/2004/22004A0930(03).md
22004A0930(03)	Artigo 80.º		972	974	71	ue/acordos-internacionais/2004/22004A0930(03).md
22004A0930(03)	Artigo 81.º		976	978	48	ue/acordos-internacionais/2004/22004A0930(03).md
22004A0930(03)	Artigo 82.º		980	994	233	ue/acordos-internacionais/2004/22004A0930(03).md
22004A0930(03)	Artigo 83.º		996	1004	231	ue/acordos-internacionais/2004/22004A0930(03).md
22004A0930(03)	Artigo 84.º		1006	1012	121	ue/acordos-internacionais/2004/22004A0930(03).md
22004A0930(03)	Artigo 85.º		1014	1022	146	ue/acordos-internacionais/2004/22004A0930(03).md
22004A0930(03)	Artigo 86.º		1024	1034	410	ue/acordos-internacionais/2004/22004A0930(03).md
22004A0930(03)	Artigo 87.º		1036	1038	26	ue/acordos-internacionais/2004/22004A0930(03).md
22004A0930(03)	Artigo 88.º		1040	1042	58	ue/acordos-internacionais/2004/22004A0930(03).md
22004A0930(03)	Artigo 89.º		1044	1048	60	ue/acordos-internacionais/2004/22004A0930(03).md
22004A0930(03)	Artigo 90.º		1050	1052	70	ue/acordos-internacionais/2004/22004A0930(03).md
22004A0930(03)	Artigo 91.º		1054	1056	57	ue/acordos-internacionais/2004/22004A0930(03).md
22004A0930(03)	Artigo 92.º		1058	11648	19476	ue/acordos-internacionais/2004/22004A0930(03).md
22004A0930(03)	Artigo 1.º		11650	11656	128	ue/acordos-internacionais/2004/22004A0930(03).md
22004A0930(03)	Artigo 2.º		11658	11664	137	ue/acordos-internacionais/2004/22004A0930(03).md
22004A0930(03)	Artigo 3.º		11666	11672	141	ue/acordos-internacionais/2004/22004A0930(03).md
22004A0930(03)	Artigo 4.º		11674	11678	31	ue/acordos-internacionais/2004/22004A0930(03).md
22004A0930(03)	Artigo 5.º		11680	11692	247	ue/acordos-internacionais/2004/22004A0930(03).md
22004A0930(03)	Artigo 1.º	Definições	11694	11706	256	ue/acordos-internacionais/2004/22004A0930(03).md
22004A0930(03)	Artigo 2.º	Âmbito	11708	11714	252	ue/acordos-internacionais/2004/22004A0930(03).md
22004A0930(03)	Artigo 3.º	Assistência mediante pedido	11716	11734	477	ue/acordos-internacionais/2004/22004A0930(03).md
22004A0930(03)	Artigo 4.º	Assistência espontânea	11736	11748	263	ue/acordos-internacionais/2004/22004A0930(03).md
22004A0930(03)	Artigo 5.º	Entrega e notificação	11750	11760	160	ue/acordos-internacionais/2004/22004A0930(03).md
22004A0930(03)	Artigo 6.º	Forma e conteúdo dos pedidos de assistência	11762	11782	322	ue/acordos-internacionais/2004/22004A0930(03).md
22004A0930(03)	Artigo 7.º	Execução dos pedidos	11784	11792	364	ue/acordos-internacionais/2004/22004A0930(03).md
22004A0930(03)	Artigo 8.º	Forma de comunicação das informações	11794	11800	135	ue/acordos-internacionais/2004/22004A0930(03).md
22004A0930(03)	Artigo 9.º	Excepções à obrigação de prestar assistência	11802	11816	338	ue/acordos-internacionais/2004/22004A0930(03).md
22004A0930(03)	Artigo 10.º	Intercâmbio de informações e confidencialidade	11818	11826	502	ue/acordos-internacionais/2004/22004A0930(03).md
22004A0930(03)	Artigo 11.º	Peritos e testemunhas	11828	11830	167	ue/acordos-internacionais/2004/22004A0930(03).md
22004A0930(03)	Artigo 12.º	Despesas de assistência	11832	11834	78	ue/acordos-internacionais/2004/22004A0930(03).md
22004A0930(03)	Artigo 13.º	Aplicação	11836	11840	187	ue/acordos-internacionais/2004/22004A0930(03).md
22004A0930(03)	Artigo 14.º	Outros acordos	11842	11932	1024	ue/acordos-internacionais/2004/22004A0930(03).md
22004A0930(03)	Artigo 1.º		11934	11936	154	ue/acordos-internacionais/2004/22004A0930(03).md
22004A0930(03)	Artigo 2.º		11938	11940	115	ue/acordos-internacionais/2004/22004A0930(03).md
22004A0930(03)	Artigo 3.º	Produtos agrícolas	11944	11946	26	ue/acordos-internacionais/2004/22004A0930(03).md
22004A0930(03)	Artigo 4.º	Regras de origem	11948	12088	1677	ue/acordos-internacionais/2004/22004A0930(03).md
22004A0930(03)	Artigo 5.º	Presidência do Comité de Associação	12090	12094	76	ue/acordos-internacionais/2004/22004A0930(03).md
22004A0930(03)	Artigo 6.º	Provas de origem e cooperação administrativa	12100	12120	607	ue/acordos-internacionais/2004/22004A0930(03).md
22004A0930(03)	Artigo 7.º	Mercadorias em trânsito	12122	12126	178	ue/acordos-internacionais/2004/22004A0930(03).md
22004A0930(03)	Artigo 8.º		12130	12132	59	ue/acordos-internacionais/2004/22004A0930(03).md
22004A0930(03)	Artigo 9.º		12134	12136	70	ue/acordos-internacionais/2004/22004A0930(03).md
22004A0930(03)	Artigo 10.º		12138	12140	41	ue/acordos-internacionais/2004/22004A0930(03).md
22004A0930(03)	Artigo 11.º		12142	12146	109	ue/acordos-internacionais/2004/22004A0930(03).md
22004A0930(03)	Artigo 12.º		12148	12152	67	ue/acordos-internacionais/2004/22004A0930(03).md
22004A0930(03)	Artigo 13.º		12154	12156	36	ue/acordos-internacionais/2004/22004A0930(03).md
22004A0930(03)	Artigo 14.º		12158	12504	4749	ue/acordos-internacionais/2004/22004A0930(03).md
22004A0930(03)	Artigo 1.º		12506	12508	76	ue/acordos-internacionais/2004/22004A0930(03).md
22004A0930(03)	Artigo 2.º	Produtos agrícolas	12512	12514	29	ue/acordos-internacionais/2004/22004A0930(03).md
22004A0930(03)	Artigo 3.º	Regras de origem	12516	12526	1232	ue/acordos-internacionais/2004/22004A0930(03).md
22004A0930(03)	Artigo 4.º	Provas de origem e cooperação administrativa	12718	12738	569	ue/acordos-internacionais/2004/22004A0930(03).md
22004A0930(03)	Artigo 5.º	Mercadorias em trânsito	12740	12744	175	ue/acordos-internacionais/2004/22004A0930(03).md
22004A0930(03)	Artigo 6.º		12748	12750	59	ue/acordos-internacionais/2004/22004A0930(03).md
22004A0930(03)	Artigo 7.º		12752	12756	36	ue/acordos-internacionais/2004/22004A0930(03).md
22004A0930(03)	Artigo 8.º		12758	12762	106	ue/acordos-internacionais/2004/22004A0930(03).md
22004A0930(03)	Artigo 9.º		12764	12770	107	ue/acordos-internacionais/2004/22004A0930(03).md
22004A0930(03)	Artigo 10.º		12772	12774	43	ue/acordos-internacionais/2004/22004A0930(03).md
22004A0930(03)	Artigo 11.º		12776	13075	2138	ue/acordos-internacionais/2004/22004A0930(03).md
22004A0930(03)	Artigo 1.º		13077	13079	102	ue/acordos-internacionais/2004/22004A0930(03).md
22004A0930(03)	Artigo 2.º	Produtos agrícolas, produtos agrícolas transformados, peixe e produtos da pesca	13083	13085	56	ue/acordos-internacionais/2004/22004A0930(03).md
22004A0930(03)	Artigo 3.º	Regras de origem	13087	13095	1367	ue/acordos-internacionais/2004/22004A0930(03).md
22004A0930(03)	Artigo 4.º	Mercadorias em trânsito	13305	13309	170	ue/acordos-internacionais/2004/22004A0930(03).md
22004A0930(03)	Artigo 5.º		13313	13315	62	ue/acordos-internacionais/2004/22004A0930(03).md
22004A0930(03)	Artigo 6.º		13317	13319	143	ue/acordos-internacionais/2004/22004A0930(03).md
22004A0930(03)	Artigo 7.º		13321	13323	21	ue/acordos-internacionais/2004/22004A0930(03).md
22004A0930(03)	Artigo 8.º		13325	13331	183	ue/acordos-internacionais/2004/22004A0930(03).md
22004A0930(03)	Artigo 9.º		13333	13780	2994	ue/acordos-internacionais/2004/22004A0930(03).md
22004A1027(01)	Artigo 1.º		48	50	62	ue/acordos-internacionais/2004/22004A1027(01).md
22004A1027(01)	Artigo 2.º		52	54	100	ue/acordos-internacionais/2004/22004A1027(01).md
22004A1027(01)	Artigo 3.º		56	58	76	ue/acordos-internacionais/2004/22004A1027(01).md
22004A1027(01)	Artigo 4.º		60	70	286	ue/acordos-internacionais/2004/22004A1027(01).md
22004A1027(01)	Artigo 5.º		72	78	212	ue/acordos-internacionais/2004/22004A1027(01).md
22004A1027(01)	Artigo 6.º		80	82	114	ue/acordos-internacionais/2004/22004A1027(01).md
22004A1027(01)	Artigo 7.º		84	88	142	ue/acordos-internacionais/2004/22004A1027(01).md
22004A1027(01)	Artigo 8.º		90	92	120	ue/acordos-internacionais/2004/22004A1027(01).md
22004A1027(01)	Artigo 9.º		94	124	362	ue/acordos-internacionais/2004/22004A1027(01).md
22004A1027(01)	Artigo 10.º		126	128	50	ue/acordos-internacionais/2004/22004A1027(01).md
22004A1027(01)	Artigo 11.º		130	138	276	ue/acordos-internacionais/2004/22004A1027(01).md
22004A1027(01)	Artigo 12.º		140	142	85	ue/acordos-internacionais/2004/22004A1027(01).md
22004A1027(01)	Artigo 13.º		144	146	54	ue/acordos-internacionais/2004/22004A1027(01).md
22004A1027(01)	Artigo 14.º		148	150	116	ue/acordos-internacionais/2004/22004A1027(01).md
22004A1027(01)	Artigo 15.º		152	154	62	ue/acordos-internacionais/2004/22004A1027(01).md
22004A1027(01)	Artigo 16.º		156	158	48	ue/acordos-internacionais/2004/22004A1027(01).md
22004A1027(01)	Artigo 17.º		160	166	127	ue/acordos-internacionais/2004/22004A1027(01).md
22004A1027(01)	Artigo 18.º		168	184	207	ue/acordos-internacionais/2004/22004A1027(01).md
22004A1130(01)	Artigo 1.º		38	42	104	ue/acordos-internacionais/2004/22004A1130(01).md
22004A1130(01)	Artigo 2.º	Estatuto do pessoal	44	58	463	ue/acordos-internacionais/2004/22004A1130(01).md
22004A1130(01)	Artigo 3.º	Informação classificada	60	64	162	ue/acordos-internacionais/2004/22004A1130(01).md
22004A1130(01)	Artigo 4.º	"Pessoal destacado para a EUPOL ""Proxima"""	66	80	249	ue/acordos-internacionais/2004/22004A1130(01).md
22004A1130(01)	Artigo 5.º	Cadeia de comando	82	98	400	ue/acordos-internacionais/2004/22004A1130(01).md
22004A1130(01)	Artigo 6.º	Aspectos financeiros	100	114	294	ue/acordos-internacionais/2004/22004A1130(01).md
22004A1130(01)	Artigo 7.º	Não cumprimento	116	118	51	ue/acordos-internacionais/2004/22004A1130(01).md
22004A1130(01)	Artigo 8.º	Resolução de litígios	120	122	42	ue/acordos-internacionais/2004/22004A1130(01).md
22004A1130(01)	Artigo 9.º	Entrada em vigor	124	146	219	ue/acordos-internacionais/2004/22004A1130(01).md
22004A1130(02)	Artigo 1.º		38	42	105	ue/acordos-internacionais/2004/22004A1130(02).md
22004A1130(02)	Artigo 2.º	Estatuto do pessoal	44	58	466	ue/acordos-internacionais/2004/22004A1130(02).md
22004A1130(02)	Artigo 3.º	Informação classificada	60	64	164	ue/acordos-internacionais/2004/22004A1130(02).md
22004A1130(02)	Artigo 4.º	"Pessoal destacado para a EUPOL ""Proxima"""	66	80	250	ue/acordos-internacionais/2004/22004A1130(02).md
22004A1130(02)	Artigo 5.º	Cadeia de comando	82	98	402	ue/acordos-internacionais/2004/22004A1130(02).md
22004A1130(02)	Artigo 6.º	Aspectos financeiros	100	114	294	ue/acordos-internacionais/2004/22004A1130(02).md
22004A1130(02)	Artigo 7.º	Não cumprimento	116	118	51	ue/acordos-internacionais/2004/22004A1130(02).md
22004A1130(02)	Artigo 8.º	Resolução de litígios	120	122	42	ue/acordos-internacionais/2004/22004A1130(02).md
22004A1130(02)	Artigo 9.º	Entrada em vigor	124	146	218	ue/acordos-internacionais/2004/22004A1130(02).md
22004A1130(03)	Artigo 1.º		38	42	109	ue/acordos-internacionais/2004/22004A1130(03).md
22004A1130(03)	Artigo 2.º	Estatuto do pessoal	44	58	483	ue/acordos-internacionais/2004/22004A1130(03).md
22004A1130(03)	Artigo 3.º	Informação classificada	60	64	174	ue/acordos-internacionais/2004/22004A1130(03).md
22004A1130(03)	Artigo 4.º	"Pessoal destacado para a EUPOL ""Proxima"""	66	80	257	ue/acordos-internacionais/2004/22004A1130(03).md
22004A1130(03)	Artigo 5.º	Cadeia de comando	82	98	410	ue/acordos-internacionais/2004/22004A1130(03).md
22004A1130(03)	Artigo 6.º	Aspectos financeiros	100	114	305	ue/acordos-internacionais/2004/22004A1130(03).md
22004A1130(03)	Artigo 7.º	Não cumprimento	116	118	51	ue/acordos-internacionais/2004/22004A1130(03).md
22004A1130(03)	Artigo 8.º	Resolução de litígios	120	122	42	ue/acordos-internacionais/2004/22004A1130(03).md
22004A1130(03)	Artigo 9.º	Entrada em vigor	124	146	222	ue/acordos-internacionais/2004/22004A1130(03).md
22004A1130(04)	Artigo 1.º		38	42	111	ue/acordos-internacionais/2004/22004A1130(04).md
22004A1130(04)	Artigo 2.º	Estatuto do pessoal	44	58	489	ue/acordos-internacionais/2004/22004A1130(04).md
22004A1130(04)	Artigo 3.º	Informação classificada	60	64	170	ue/acordos-internacionais/2004/22004A1130(04).md
22004A1130(04)	Artigo 4.º	"Pessoal destacado para a EUPOL ""Proxima"""	66	80	260	ue/acordos-internacionais/2004/22004A1130(04).md
22004A1130(04)	Artigo 5.º	Cadeia de comando	82	98	414	ue/acordos-internacionais/2004/22004A1130(04).md
22004A1130(04)	Artigo 6.º	Aspectos financeiros	100	114	310	ue/acordos-internacionais/2004/22004A1130(04).md
22004A1130(04)	Artigo 7.º	Não cumprimento	116	118	50	ue/acordos-internacionais/2004/22004A1130(04).md
22004A1130(04)	Artigo 8.º	Resolução de litígios	120	122	42	ue/acordos-internacionais/2004/22004A1130(04).md
22004A1130(04)	Artigo 9.º	Entrada em vigor	124	144	215	ue/acordos-internacionais/2004/22004A1130(04).md
22004A1204(01)	Artigo 1.º	Definições	47	83	1298	ue/acordos-internacionais/2004/22004A1204(01).md
22004A1204(01)	Artigo 2.º	Troca automática de informações relativas a Contas sujeitas a comunicação	85	129	1114	ue/acordos-internacionais/2004/22004A1204(01).md
22004A1204(01)	Artigo 3.º	Calendário e modalidades da troca automática de informações	131	151	649	ue/acordos-internacionais/2004/22004A1204(01).md
22004A1204(01)	Artigo 4.º	Colaboração em matéria de cumprimento e execução	153	155	196	ue/acordos-internacionais/2004/22004A1204(01).md
22004A1204(01)	Artigo 5.º	Troca de informações a pedido	157	173	694	ue/acordos-internacionais/2004/22004A1204(01).md
22004A1204(01)	Artigo 6.º	Confidencialidade e proteção de dados	175	187	745	ue/acordos-internacionais/2004/22004A1204(01).md
22004A1204(01)	Artigo 7.º	Consultas e suspensão do presente Acordo	189	193	436	ue/acordos-internacionais/2004/22004A1204(01).md
22004A1204(01)	Artigo 8.º	Alterações	195	203	285	ue/acordos-internacionais/2004/22004A1204(01).md
22004A1204(01)	Artigo 9.º	Denúncia	205	207	124	ue/acordos-internacionais/2004/22004A1204(01).md
22004A1204(01)	Artigo 10.º	Âmbito de aplicação territorial	209	1171	28773	ue/acordos-internacionais/2004/22004A1204(01).md
22004A1223(01)	Artigo 1.º	Definições	42	60	426	ue/acordos-internacionais/2004/22004A1223(01).md
22004A1223(01)	Artigo 2.º	Âmbito de aplicação territorial	62	64	68	ue/acordos-internacionais/2004/22004A1223(01).md
22004A1223(01)	Artigo 3.º	Evolução futura	66	68	74	ue/acordos-internacionais/2004/22004A1223(01).md
22004A1223(01)	Artigo 4.º	Execução da cooperação e da assistência	72	74	116	ue/acordos-internacionais/2004/22004A1223(01).md
22004A1223(01)	Artigo 5.º	Obrigações impostas ao abrigo de outros acordos	76	88	364	ue/acordos-internacionais/2004/22004A1223(01).md
22004A1223(01)	Artigo 6.º	Âmbito de cooperação	92	104	228	ue/acordos-internacionais/2004/22004A1223(01).md
22004A1223(01)	Artigo 7.º	Cooperação em matéria de procedimentos aduaneiros	106	108	107	ue/acordos-internacionais/2004/22004A1223(01).md
22004A1223(01)	Artigo 8.º	Cooperação técnica	110	122	198	ue/acordos-internacionais/2004/22004A1223(01).md
22004A1223(01)	Artigo 9.º	Coordenação no âmbito de organizações internacionais	124	126	75	ue/acordos-internacionais/2004/22004A1223(01).md
22004A1223(01)	Artigo 10.º	Âmbito de aplicação	130	136	223	ue/acordos-internacionais/2004/22004A1223(01).md
22004A1223(01)	Artigo 11.º	Assistência a pedido	138	158	608	ue/acordos-internacionais/2004/22004A1223(01).md
22004A1223(01)	Artigo 12.º	Assistência espontânea	160	172	296	ue/acordos-internacionais/2004/22004A1223(01).md
22004A1223(01)	Artigo 13.º	Forma e conteúdo dos pedidos de assistência	174	194	318	ue/acordos-internacionais/2004/22004A1223(01).md
22004A1223(01)	Artigo 14.º	Execução dos pedidos	196	204	264	ue/acordos-internacionais/2004/22004A1223(01).md
22004A1223(01)	Artigo 15.º	Forma de comunicação das informações	206	210	96	ue/acordos-internacionais/2004/22004A1223(01).md
22004A1223(01)	Artigo 16.º	Excepções à obrigação de prestar assistência	212	226	356	ue/acordos-internacionais/2004/22004A1223(01).md
22004A1223(01)	Artigo 17.º	Intercâmbio de informações e confidencialidade	228	238	573	ue/acordos-internacionais/2004/22004A1223(01).md
22004A1223(01)	Artigo 18.º	Peritos e testemunhas	240	242	164	ue/acordos-internacionais/2004/22004A1223(01).md
22004A1223(01)	Artigo 19.º	Despesas de assistência	244	248	146	ue/acordos-internacionais/2004/22004A1223(01).md
22004A1223(01)	Artigo 20.º	Execução	252	256	188	ue/acordos-internacionais/2004/22004A1223(01).md
22004A1223(01)	Artigo 21.º	Comité Misto de Cooperação Aduaneira	258	276	314	ue/acordos-internacionais/2004/22004A1223(01).md
22004A1223(01)	Artigo 22.º	Entrada em vigor e vigência	278	282	145	ue/acordos-internacionais/2004/22004A1223(01).md
22004A1223(01)	Artigo 23.º	Textos autênticos	284	368	481	ue/acordos-internacionais/2004/22004A1223(01).md
22004A1223(02)	Artigo 1.º	Objectivos	68	72	143	ue/acordos-internacionais/2004/22004A1223(02).md
22004A1223(02)	Artigo 2.º	Utilização dos termos	74	92	424	ue/acordos-internacionais/2004/22004A1223(02).md
22004A1223(02)	Artigo 3.º	Âmbito de aplicação	94	96	33	ue/acordos-internacionais/2004/22004A1223(02).md
22004A1223(02)	Artigo 4.º	Obrigações gerais	100	102	51	ue/acordos-internacionais/2004/22004A1223(02).md
22004A1223(02)	Artigo 5.º	Conservação, prospecção, colheita, caracterização, avaliação e documentação dos recursos fitogenéticos para a alimentação e a agricultura	104	120	549	ue/acordos-internacionais/2004/22004A1223(02).md
22004A1223(02)	Artigo 6.º	Utilização sustentável dos recursos fitogenéticos	122	140	552	ue/acordos-internacionais/2004/22004A1223(02).md
22004A1223(02)	Artigo 7.º	Compromissos nacionais e cooperação internacional	142	154	318	ue/acordos-internacionais/2004/22004A1223(02).md
22004A1223(02)	Artigo 8.º	Assistência técnica	156	158	87	ue/acordos-internacionais/2004/22004A1223(02).md
22004A1223(02)	Artigo 9.º	Direitos dos agricultores	162	174	405	ue/acordos-internacionais/2004/22004A1223(02).md
22004A1223(02)	Artigo 10.º	Sistema multilateral de acesso e partilha de benefícios	178	182	203	ue/acordos-internacionais/2004/22004A1223(02).md
22004A1223(02)	Artigo 11.º	Âmbito do sistema multilateral	184	194	580	ue/acordos-internacionais/2004/22004A1223(02).md
22004A1223(02)	Artigo 12.º	Acesso facilitado aos recursos fitogenéticos para a alimentação e a agricultura no âmbito do sistema multilateral	196	224	1141	ue/acordos-internacionais/2004/22004A1223(02).md
22004A1223(02)	Artigo 13.º	Partilha dos benefícios no sistema multilateral	226	262	2332	ue/acordos-internacionais/2004/22004A1223(02).md
22004A1223(02)	Artigo 14.º	Plano de acção mundial	266	268	145	ue/acordos-internacionais/2004/22004A1223(02).md
22004A1223(02)	Artigo 15.º		270	304	1278	ue/acordos-internacionais/2004/22004A1223(02).md
22004A1223(02)	Artigo 16.º	Redes internacionais de recursos fitogenéticos	306	310	159	ue/acordos-internacionais/2004/22004A1223(02).md
22004A1223(02)	Artigo 17.º	Sistema mundial de informação sobre os recursos fitogenéticos para a alimentação e a agricultura	312	318	350	ue/acordos-internacionais/2004/22004A1223(02).md
22004A1223(02)	Artigo 18.º	Recursos financeiros	322	344	876	ue/acordos-internacionais/2004/22004A1223(02).md
22004A1223(02)	Artigo 19.º	Órgão director	348	398	1366	ue/acordos-internacionais/2004/22004A1223(02).md
22004A1223(02)	Artigo 20.º	Secretariado	400	420	295	ue/acordos-internacionais/2004/22004A1223(02).md
22004A1223(02)	Artigo 21.º	Aplicação	422	424	122	ue/acordos-internacionais/2004/22004A1223(02).md
22004A1223(02)	Artigo 22.º	Resolução de diferendos	426	438	302	ue/acordos-internacionais/2004/22004A1223(02).md
22004A1223(02)	Artigo 23.º	Alterações ao Tratado	440	450	302	ue/acordos-internacionais/2004/22004A1223(02).md
22004A1223(02)	Artigo 24.º	Alterações aos anexos	452	456	83	ue/acordos-internacionais/2004/22004A1223(02).md
22004A1223(02)	Artigo 25.º	Assinatura	458	460	89	ue/acordos-internacionais/2004/22004A1223(02).md
22004A1223(02)	Artigo 26.º	Ratificação, aceitação ou aprovação	462	464	70	ue/acordos-internacionais/2004/22004A1223(02).md
22004A1223(02)	Artigo 27.º	Adesão	466	468	109	ue/acordos-internacionais/2004/22004A1223(02).md
22004A1223(02)	Artigo 28.º	Entrada em vigor	470	474	242	ue/acordos-internacionais/2004/22004A1223(02).md
22004A1223(02)	Artigo 29.º	Organizações membros da FAO	476	480	285	ue/acordos-internacionais/2004/22004A1223(02).md
22004A1223(02)	Artigo 30.º	Reservas	482	484	21	ue/acordos-internacionais/2004/22004A1223(02).md
22004A1223(02)	Artigo 31.º	Não partes	486	488	48	ue/acordos-internacionais/2004/22004A1223(02).md
22004A1223(02)	Artigo 32.º	Denúncia	490	494	100	ue/acordos-internacionais/2004/22004A1223(02).md
22004A1223(02)	Artigo 33.º	Expiração	496	502	132	ue/acordos-internacionais/2004/22004A1223(02).md
22004A1223(02)	Artigo 34.º	Depositário	504	506	23	ue/acordos-internacionais/2004/22004A1223(02).md
22004A1223(02)	Artigo 35.º	Textos autênticos	508	658	884	ue/acordos-internacionais/2004/22004A1223(02).md
22004A1223(02)	Artigo 1.º		662	664	147	ue/acordos-internacionais/2004/22004A1223(02).md
22004A1223(02)	Artigo 2.º		666	672	186	ue/acordos-internacionais/2004/22004A1223(02).md
22004A1223(02)	Artigo 3.º		674	678	122	ue/acordos-internacionais/2004/22004A1223(02).md
22004A1223(02)	Artigo 4.º		680	682	38	ue/acordos-internacionais/2004/22004A1223(02).md
22004A1223(02)	Artigo 5.º		684	686	36	ue/acordos-internacionais/2004/22004A1223(02).md
22004A1223(02)	Artigo 6.º		688	690	34	ue/acordos-internacionais/2004/22004A1223(02).md
22004A1223(02)	Artigo 7.º		692	698	84	ue/acordos-internacionais/2004/22004A1223(02).md
22004A1223(02)	Artigo 8.º		700	702	54	ue/acordos-internacionais/2004/22004A1223(02).md
22004A1223(02)	Artigo 9.º		704	706	76	ue/acordos-internacionais/2004/22004A1223(02).md
22004A1223(02)	Artigo 10.º		708	710	57	ue/acordos-internacionais/2004/22004A1223(02).md
22004A1223(02)	Artigo 11.º		712	714	34	ue/acordos-internacionais/2004/22004A1223(02).md
22004A1223(02)	Artigo 12.º		716	718	36	ue/acordos-internacionais/2004/22004A1223(02).md
22004A1223(02)	Artigo 13.º		720	722	114	ue/acordos-internacionais/2004/22004A1223(02).md
22004A1223(02)	Artigo 14.º		724	726	55	ue/acordos-internacionais/2004/22004A1223(02).md
22004A1223(02)	Artigo 15.º		728	730	79	ue/acordos-internacionais/2004/22004A1223(02).md
22004A1223(02)	Artigo 16.º		732	734	41	ue/acordos-internacionais/2004/22004A1223(02).md
22004A1223(02)	Artigo 17.º		736	738	59	ue/acordos-internacionais/2004/22004A1223(02).md
22004A1223(02)	Artigo 1.º		742	744	74	ue/acordos-internacionais/2004/22004A1223(02).md
22004A1223(02)	Artigo 2.º		746	748	91	ue/acordos-internacionais/2004/22004A1223(02).md
22004A1223(02)	Artigo 3.º		750	752	82	ue/acordos-internacionais/2004/22004A1223(02).md
22004A1223(02)	Artigo 4.º		754	756	68	ue/acordos-internacionais/2004/22004A1223(02).md
22004A1223(02)	Artigo 5.º		758	760	77	ue/acordos-internacionais/2004/22004A1223(02).md
22004A1223(02)	Artigo 6.º		762	806	1080	ue/acordos-internacionais/2004/22004A1223(02).md
22004A1223(02)	Artigo 1.º	Objectivos	810	814	143	ue/acordos-internacionais/2004/22004A1223(02).md
22004A1223(02)	Artigo 2.º	Utilização dos termos	816	834	424	ue/acordos-internacionais/2004/22004A1223(02).md
22004A1223(02)	Artigo 3.º	Âmbito de aplicação	836	838	33	ue/acordos-internacionais/2004/22004A1223(02).md
22004A1223(02)	Artigo 4.º	Obrigações gerais	842	844	51	ue/acordos-internacionais/2004/22004A1223(02).md
22004A1223(02)	Artigo 5.º	Conservação, prospecção, colheita, caracterização, avaliação e documentação dos recursos fitogenéticos para a alimentação e a agricultura	846	862	549	ue/acordos-internacionais/2004/22004A1223(02).md
22004A1223(02)	Artigo 6.º	Utilização sustentável dos recursos fitogenéticos	864	882	552	ue/acordos-internacionais/2004/22004A1223(02).md
22004A1223(02)	Artigo 7.º	Compromissos nacionais e cooperação internacional	884	896	318	ue/acordos-internacionais/2004/22004A1223(02).md
22004A1223(02)	Artigo 8.º	Assistência técnica	898	900	87	ue/acordos-internacionais/2004/22004A1223(02).md
22004A1223(02)	Artigo 9.º	Direitos dos agricultores	904	916	405	ue/acordos-internacionais/2004/22004A1223(02).md
22004A1223(02)	Artigo 10.º	Sistema multilateral de acesso e partilha de benefícios	920	924	203	ue/acordos-internacionais/2004/22004A1223(02).md
22004A1223(02)	Artigo 11.º	Âmbito do sistema multilateral	926	936	580	ue/acordos-internacionais/2004/22004A1223(02).md
22004A1223(02)	Artigo 12.º	Acesso facilitado aos recursos fitogenéticos para a alimentação e a agricultura no âmbito do sistema multilateral	938	966	1141	ue/acordos-internacionais/2004/22004A1223(02).md
22004A1223(02)	Artigo 13.º	Partilha dos benefícios no sistema multilateral	968	1004	2332	ue/acordos-internacionais/2004/22004A1223(02).md
22004A1223(02)	Artigo 14.º	Plano de acção mundial	1008	1010	145	ue/acordos-internacionais/2004/22004A1223(02).md
22004A1223(02)	Artigo 15.º		1012	1046	1278	ue/acordos-internacionais/2004/22004A1223(02).md
22004A1223(02)	Artigo 16.º	Redes internacionais de recursos fitogenéticos	1048	1052	159	ue/acordos-internacionais/2004/22004A1223(02).md
22004A1223(02)	Artigo 17.º	Sistema mundial de informação sobre os recursos fitogenéticos para a alimentação e a agricultura	1054	1060	350	ue/acordos-internacionais/2004/22004A1223(02).md
22004A1223(02)	Artigo 18.º	Recursos financeiros	1064	1086	876	ue/acordos-internacionais/2004/22004A1223(02).md
22004A1223(02)	Artigo 19.º	Órgão director	1090	1140	1366	ue/acordos-internacionais/2004/22004A1223(02).md
22004A1223(02)	Artigo 20.º	Secretariado	1142	1162	295	ue/acordos-internacionais/2004/22004A1223(02).md
22004A1223(02)	Artigo 21.º	Aplicação	1164	1166	122	ue/acordos-internacionais/2004/22004A1223(02).md
22004A1223(02)	Artigo 22.º	Resolução de diferendos	1168	1180	302	ue/acordos-internacionais/2004/22004A1223(02).md
22004A1223(02)	Artigo 23.º	Alterações ao Tratado	1182	1192	302	ue/acordos-internacionais/2004/22004A1223(02).md
22004A1223(02)	Artigo 24.º	Alterações aos anexos	1194	1198	83	ue/acordos-internacionais/2004/22004A1223(02).md
22004A1223(02)	Artigo 25.º	Assinatura	1200	1202	89	ue/acordos-internacionais/2004/22004A1223(02).md
22004A1223(02)	Artigo 26.º	Ratificação, aceitação ou aprovação	1204	1206	70	ue/acordos-internacionais/2004/22004A1223(02).md
22004A1223(02)	Artigo 27.º	Adesão	1208	1210	109	ue/acordos-internacionais/2004/22004A1223(02).md
22004A1223(02)	Artigo 28.º	Entrada em vigor	1212	1216	242	ue/acordos-internacionais/2004/22004A1223(02).md
22004A1223(02)	Artigo 29.º	Organizações membros da FAO	1218	1222	285	ue/acordos-internacionais/2004/22004A1223(02).md
22004A1223(02)	Artigo 30.º	Reservas	1224	1226	21	ue/acordos-internacionais/2004/22004A1223(02).md
22004A1223(02)	Artigo 31.º	Não partes	1228	1230	48	ue/acordos-internacionais/2004/22004A1223(02).md
22004A1223(02)	Artigo 32.º	Denúncia	1232	1236	100	ue/acordos-internacionais/2004/22004A1223(02).md
22004A1223(02)	Artigo 33.º	Expiração	1238	1244	132	ue/acordos-internacionais/2004/22004A1223(02).md
22004A1223(02)	Artigo 34.º	Depositário	1246	1248	23	ue/acordos-internacionais/2004/22004A1223(02).md
22004A1223(02)	Artigo 35.º	Textos autênticos	1250	1404	910	ue/acordos-internacionais/2004/22004A1223(02).md
22004A1223(02)	Artigo 1.º		1408	1410	147	ue/acordos-internacionais/2004/22004A1223(02).md
22004A1223(02)	Artigo 2.º		1412	1418	186	ue/acordos-internacionais/2004/22004A1223(02).md
22004A1223(02)	Artigo 3.º		1420	1424	122	ue/acordos-internacionais/2004/22004A1223(02).md
22004A1223(02)	Artigo 4.º		1426	1428	38	ue/acordos-internacionais/2004/22004A1223(02).md
22004A1223(02)	Artigo 5.º		1430	1432	36	ue/acordos-internacionais/2004/22004A1223(02).md
22004A1223(02)	Artigo 6.º		1434	1436	34	ue/acordos-internacionais/2004/22004A1223(02).md
22004A1223(02)	Artigo 7.º		1438	1444	84	ue/acordos-internacionais/2004/22004A1223(02).md
22004A1223(02)	Artigo 8.º		1446	1448	54	ue/acordos-internacionais/2004/22004A1223(02).md
22004A1223(02)	Artigo 9.º		1450	1452	76	ue/acordos-internacionais/2004/22004A1223(02).md
22004A1223(02)	Artigo 10.º		1454	1456	57	ue/acordos-internacionais/2004/22004A1223(02).md
22004A1223(02)	Artigo 11.º		1458	1460	34	ue/acordos-internacionais/2004/22004A1223(02).md
22004A1223(02)	Artigo 12.º		1462	1464	36	ue/acordos-internacionais/2004/22004A1223(02).md
22004A1223(02)	Artigo 13.º		1466	1468	114	ue/acordos-internacionais/2004/22004A1223(02).md
22004A1223(02)	Artigo 14.º		1470	1472	55	ue/acordos-internacionais/2004/22004A1223(02).md
22004A1223(02)	Artigo 15.º		1474	1476	79	ue/acordos-internacionais/2004/22004A1223(02).md
22004A1223(02)	Artigo 16.º		1478	1480	41	ue/acordos-internacionais/2004/22004A1223(02).md
22004A1223(02)	Artigo 17.º		1482	1484	59	ue/acordos-internacionais/2004/22004A1223(02).md
22004A1223(02)	Artigo 1.º		1488	1490	74	ue/acordos-internacionais/2004/22004A1223(02).md
22004A1223(02)	Artigo 2.º		1492	1494	91	ue/acordos-internacionais/2004/22004A1223(02).md
22004A1223(02)	Artigo 3.º		1496	1498	82	ue/acordos-internacionais/2004/22004A1223(02).md
22004A1223(02)	Artigo 4.º		1500	1502	68	ue/acordos-internacionais/2004/22004A1223(02).md
22004A1223(02)	Artigo 5.º		1504	1506	77	ue/acordos-internacionais/2004/22004A1223(02).md
22004A1223(02)	Artigo 6.º		1508	1522	213	ue/acordos-internacionais/2004/22004A1223(02).md
22004A1223(02)	ANEXO C	Declarações da Comunidade Europeia	1524	1534	334	ue/acordos-internacionais/2004/22004A1223(02).md
22004A1223(03)	Preâmbulo		18	64	793	ue/acordos-internacionais/2004/22004A1223(03).md
22004A1223(03)	Artigo 1.º	Fundamento	88	90	74	ue/acordos-internacionais/2004/22004A1223(03).md
22004A1223(03)	Artigo 2.º	Objectivos	92	102	240	ue/acordos-internacionais/2004/22004A1223(03).md
22004A1223(03)	Artigo 3.º	Comércio e cooperação comercial	104	140	794	ue/acordos-internacionais/2004/22004A1223(03).md
22004A1223(03)	Artigo 4.º	Cooperação para o desenvolvimento	142	150	367	ue/acordos-internacionais/2004/22004A1223(03).md
22004A1223(03)	Artigo 5.º	Cooperação no domínio do ambiente	152	174	277	ue/acordos-internacionais/2004/22004A1223(03).md
22004A1223(03)	Artigo 6.º	Cooperação económica	176	216	672	ue/acordos-internacionais/2004/22004A1223(03).md
22004A1223(03)	Artigo 7.º	Indústria e serviços	218	226	242	ue/acordos-internacionais/2004/22004A1223(03).md
22004A1223(03)	Artigo 8.º	Agricultura, pecuária e pescas	228	230	97	ue/acordos-internacionais/2004/22004A1223(03).md
22004A1223(03)	Artigo 9.º	Turismo	232	234	71	ue/acordos-internacionais/2004/22004A1223(03).md
22004A1223(03)	Artigo 10.º	Energia	236	238	103	ue/acordos-internacionais/2004/22004A1223(03).md
22004A1223(03)	Artigo 11.º	Cooperação regional	240	252	227	ue/acordos-internacionais/2004/22004A1223(03).md
22004A1223(03)	Artigo 12.º	Cooperação científica e tecnológica	254	256	170	ue/acordos-internacionais/2004/22004A1223(03).md
22004A1223(03)	Artigo 13.º	Precursores químicos de drogas e branqueamento de capitais	258	268	226	ue/acordos-internacionais/2004/22004A1223(03).md
22004A1223(03)	Artigo 14.º	Desenvolvimento dos recursos humanos	270	280	319	ue/acordos-internacionais/2004/22004A1223(03).md
22004A1223(03)	Artigo 15.º	Informação, cultura e comunicação	282	300	324	ue/acordos-internacionais/2004/22004A1223(03).md
22004A1223(03)	Artigo 16.º	Aspectos institucionais	302	320	298	ue/acordos-internacionais/2004/22004A1223(03).md
22004A1223(03)	Artigo 17.º	Evolução futura	322	326	108	ue/acordos-internacionais/2004/22004A1223(03).md
22004A1223(03)	Artigo 18.º	Outros acordos	328	332	151	ue/acordos-internacionais/2004/22004A1223(03).md
22004A1223(03)	Artigo 19.º	Incumprimento do acordo	334	340	167	ue/acordos-internacionais/2004/22004A1223(03).md
22004A1223(03)	Artigo 20.º	Facilidades	342	344	80	ue/acordos-internacionais/2004/22004A1223(03).md
22004A1223(03)	Artigo 21.º	Aplicação territorial	346	348	58	ue/acordos-internacionais/2004/22004A1223(03).md
22004A1223(03)	Artigo 22.º		350	352	22	ue/acordos-internacionais/2004/22004A1223(03).md
22004A1223(03)	Artigo 23.º	Entrada em vigor e prorrogação	354	358	113	ue/acordos-internacionais/2004/22004A1223(03).md
22004A1223(03)	Artigo 24.º	Textos que fazem fé	360	440	674	ue/acordos-internacionais/2004/22004A1223(03).md
22004A1223(03)	ANEXO I	DECLARAÇÃO INTERPRETATIVA RELATIVA AO ARTIGO 19.º INCUMPRIMENTO DO ACORDO	442	452	224	ue/acordos-internacionais/2004/22004A1223(03).md
22004A1223(03)	ANEXO II	DECLARAÇÃO COMUM RELATIVA À PROPRIEDADE INTELECTUAL, INDUSTRIAL E COMERCIAL	454	564	1302	ue/acordos-internacionais/2004/22004A1223(03).md
22004A1224(01)	Artigo 1.º	Definições	47	83	1334	ue/acordos-internacionais/2004/22004A1224(01).md
22004A1224(01)	Artigo 2.º	Troca automática de informações relativas a Contas sujeitas a comunicação	85	129	1157	ue/acordos-internacionais/2004/22004A1224(01).md
22004A1224(01)	Artigo 3.º	Calendário e modalidades da troca automática de informações	131	153	829	ue/acordos-internacionais/2004/22004A1224(01).md
22004A1224(01)	Artigo 4.º	Colaboração em matéria de cumprimento e execução	155	157	199	ue/acordos-internacionais/2004/22004A1224(01).md
22004A1224(01)	Artigo 5.º	Troca de informações a pedido	159	175	709	ue/acordos-internacionais/2004/22004A1224(01).md
22004A1224(01)	Artigo 6.º	Confidencialidade e proteção de dados	177	209	1402	ue/acordos-internacionais/2004/22004A1224(01).md
22004A1224(01)	Artigo 7.º	Consultas e suspensão do Acordo	211	219	451	ue/acordos-internacionais/2004/22004A1224(01).md
22004A1224(01)	Artigo 8.º	Alterações	221	239	624	ue/acordos-internacionais/2004/22004A1224(01).md
22004A1224(01)	Artigo 9.º		241	247	124	ue/acordos-internacionais/2004/22004A1224(01).md
22004A1224(01)	Artigo 10.º	Âmbito de aplicação territorial	249	1593	31048	ue/acordos-internacionais/2004/22004A1224(01).md
22004A1228(02)	Artigo 1.º	Definições	47	83	1318	ue/acordos-internacionais/2004/22004A1228(02).md
22004A1228(02)	Artigo 2.º	Troca automática de informações relativas a Contas sujeitas a comunicação	85	129	1158	ue/acordos-internacionais/2004/22004A1228(02).md
22004A1228(02)	Artigo 3.º	Calendário e modalidades da troca automática de informações	131	153	775	ue/acordos-internacionais/2004/22004A1228(02).md
22004A1228(02)	Artigo 4.º	Colaboração em matéria de Cumprimento e Execução	155	157	198	ue/acordos-internacionais/2004/22004A1228(02).md
22004A1228(02)	Artigo 5.º	Troca de informações a pedido	159	175	704	ue/acordos-internacionais/2004/22004A1228(02).md
22004A1228(02)	Artigo 6.º	Salvaguardas em matéria de proteção de dados pessoais e de confidencialidade	177	225	1630	ue/acordos-internacionais/2004/22004A1228(02).md
22004A1228(02)	Artigo 7.º	Consultas e suspensão do presente Acordo	227	235	473	ue/acordos-internacionais/2004/22004A1228(02).md
22004A1228(02)	Artigo 8.º	Alterações	237	255	612	ue/acordos-internacionais/2004/22004A1228(02).md
22004A1228(02)	Artigo 9.º		257	263	191	ue/acordos-internacionais/2004/22004A1228(02).md
22004A1228(02)	Artigo 10.º	Âmbito de aplicação territorial	265	1603	32864	ue/acordos-internacionais/2004/22004A1228(02).md
22004A1229(01)	Artigo 1.º	Definições	79	143	1733	ue/acordos-internacionais/2004/22004A1229(01).md
22004A1229(01)	Artigo 2.º	Troca automática de informações relativas a Contas a reportar	149	193	1145	ue/acordos-internacionais/2004/22004A1229(01).md
22004A1229(01)	Artigo 3.º	Calendário e modalidades da troca automática de informações	195	219	640	ue/acordos-internacionais/2004/22004A1229(01).md
22004A1229(01)	Artigo 4.º	Cooperação em matéria de conformidade e execução	221	225	196	ue/acordos-internacionais/2004/22004A1229(01).md
22004A1229(01)	ARTIGO 4.º-A	OBJETIVO	231	233	88	ue/acordos-internacionais/2004/22004A1229(01).md
22004A1229(01)	ARTIGO 4.º-B	Âmbito de aplicação	235	245	196	ue/acordos-internacionais/2004/22004A1229(01).md
22004A1229(01)	ARTIGO 4.º-C	Organização	247	251	155	ue/acordos-internacionais/2004/22004A1229(01).md
22004A1229(01)	ARTIGO 4.º-D	Pedido de informações	255	259	89	ue/acordos-internacionais/2004/22004A1229(01).md
22004A1229(01)	ARTIGO 4.º-E	Meios de notificação	263	265	92	ue/acordos-internacionais/2004/22004A1229(01).md
22004A1229(01)	ARTIGO 4.º-F	Pedido de cobrança	269	273	156	ue/acordos-internacionais/2004/22004A1229(01).md
22004A1229(01)	ARTIGO 4.º-G	Condições que regem os pedidos de cobrança	275	285	348	ue/acordos-internacionais/2004/22004A1229(01).md
22004A1229(01)	ARTIGO 4.º-H	Título que permite a adoção de medidas de execução no Estado da autoridade requerida e documentos conexos	287	293	214	ue/acordos-internacionais/2004/22004A1229(01).md
22004A1229(01)	ARTIGO 4.º-I	Execução dos pedidos de cobrança	295	301	279	ue/acordos-internacionais/2004/22004A1229(01).md
22004A1229(01)	ARTIGO 4.º-J	Litígios	303	317	866	ue/acordos-internacionais/2004/22004A1229(01).md
22004A1229(01)	ARTIGO 4.º-K	Alteração ou retirada do pedido de assistência à cobrança	319	327	309	ue/acordos-internacionais/2004/22004A1229(01).md
22004A1229(01)	ARTIGO 4.º-L	Pedidos de medidas cautelares	329	333	218	ue/acordos-internacionais/2004/22004A1229(01).md
22004A1229(01)	ARTIGO 4.º-M	Limites às obrigações da autoridade requerida	335	353	560	ue/acordos-internacionais/2004/22004A1229(01).md
22004A1229(01)	ARTIGO 4.º-N	Questões relativas à prescrição	355	363	194	ue/acordos-internacionais/2004/22004A1229(01).md
22004A1229(01)	ARTIGO 4.º-O	Despesas	365	375	305	ue/acordos-internacionais/2004/22004A1229(01).md
22004A1229(01)	ARTIGO 4.º-P	Comité Misto	379	417	1029	ue/acordos-internacionais/2004/22004A1229(01).md
22004A1229(01)	ARTIGO 4.º-Q	Utilização dos formulários-tipo para a assistência à cobrança ao abrigo de outros acordos	419	421	319	ue/acordos-internacionais/2004/22004A1229(01).md
22004A1229(01)	ARTIGO 4.º-R	Troca de informações sem pedido prévio	423	425	89	ue/acordos-internacionais/2004/22004A1229(01).md
22004A1229(01)	ARTIGO 4.º-S	Cooperação noutras matérias	427	429	75	ue/acordos-internacionais/2004/22004A1229(01).md
22004A1229(01)	Artigo 5.º	Intercâmbio de informações a pedido	435	451	700	ue/acordos-internacionais/2004/22004A1229(01).md
22004A1229(01)	Artigo 6.º	Confidencialidade e tratamento de dados de natureza pessoal	453	463	680	ue/acordos-internacionais/2004/22004A1229(01).md
22004A1229(01)	Artigo 7.º	Consultas e suspensão do Acordo	469	473	435	ue/acordos-internacionais/2004/22004A1229(01).md
22004A1229(01)	Artigo 8.º	Alterações	475	491	620	ue/acordos-internacionais/2004/22004A1229(01).md
22004A1229(01)	Artigo 9.º	Pagamento de dividendos, juros e royalties entre empresas	493	515	612	ue/acordos-internacionais/2004/22004A1229(01).md
22004A1229(01)	Artigo 10.º	Cessação de vigência	517	519	138	ue/acordos-internacionais/2004/22004A1229(01).md
22004A1229(01)	Artigo 11.º	Âmbito de aplicação territorial	521	1813	31688	ue/acordos-internacionais/2004/22004A1229(01).md
22004A1229(04)	Artigo 1.º		106	108	195	ue/acordos-internacionais/2004/22004A1229(04).md
22004A1229(04)	Artigo 2.º		110	114	127	ue/acordos-internacionais/2004/22004A1229(04).md
22004A1229(04)	Artigo 3.º	Produtos agrícolas no sentido restrito	118	150	393	ue/acordos-internacionais/2004/22004A1229(04).md
22004A1229(04)	Artigo 4.º	Produtos da pesca	152	158	151	ue/acordos-internacionais/2004/22004A1229(04).md
22004A1229(04)	Artigo 5.º	Produtos agrícolas transformados	160	174	292	ue/acordos-internacionais/2004/22004A1229(04).md
22004A1229(04)	Artigo 6.º	Acordo sobre os vinhos	176	178	188	ue/acordos-internacionais/2004/22004A1229(04).md
22004A1229(04)	Artigo 7.º		182	318	1130	ue/acordos-internacionais/2004/22004A1229(04).md
22004A1229(04)	Artigo 8.º		320	326	87	ue/acordos-internacionais/2004/22004A1229(04).md
22004A1229(04)	Artigo 9.º		328	344	228	ue/acordos-internacionais/2004/22004A1229(04).md
22004A1229(04)	Artigo 10.º		348	350	64	ue/acordos-internacionais/2004/22004A1229(04).md
22004A1229(04)	Artigo 11.º	Prova de origem e cooperação administrativa	352	372	618	ue/acordos-internacionais/2004/22004A1229(04).md
22004A1229(04)	Artigo 12.º	Mercadorias em trânsito	374	378	204	ue/acordos-internacionais/2004/22004A1229(04).md
22004A1229(04)	Artigo 13.º	Contingentes em 2004	380	384	77	ue/acordos-internacionais/2004/22004A1229(04).md
22004A1229(04)	Artigo 14.º		388	390	23	ue/acordos-internacionais/2004/22004A1229(04).md
22004A1229(04)	Artigo 15.º		392	396	114	ue/acordos-internacionais/2004/22004A1229(04).md
22004A1229(04)	Artigo 16.º		398	404	170	ue/acordos-internacionais/2004/22004A1229(04).md
22004A1229(04)	Artigo 17.º		406	408	33	ue/acordos-internacionais/2004/22004A1229(04).md
22004A1229(04)	Artigo 18.º		410	414	110	ue/acordos-internacionais/2004/22004A1229(04).md
22004D0001	Preâmbulo		18	42	340	ue/acordos-internacionais/2004/22004D0001.md
22004D0001	Artigo 1.º		46	80	596	ue/acordos-internacionais/2004/22004D0001.md
22004D0001	Artigo 2.º		82	84	46	ue/acordos-internacionais/2004/22004D0001.md
22004D0001	Artigo 3.º		86	88	54	ue/acordos-internacionais/2004/22004D0001.md
22004D0001	Artigo 4.º		90	116	128	ue/acordos-internacionais/2004/22004D0001.md
22004D0002	Preâmbulo		18	40	237	ue/acordos-internacionais/2004/22004D0002.md
22004D0002	Artigo 1.º		44	50	104	ue/acordos-internacionais/2004/22004D0002.md
22004D0002	Artigo 2.º		52	64	212	ue/acordos-internacionais/2004/22004D0002.md
22004D0002	Artigo 3.º		66	68	45	ue/acordos-internacionais/2004/22004D0002.md
22004D0002	Artigo 4.º		70	72	54	ue/acordos-internacionais/2004/22004D0002.md
22004D0002	Artigo 5.º		74	92	95	ue/acordos-internacionais/2004/22004D0002.md
22004D0003	Preâmbulo		18	46	460	ue/acordos-internacionais/2004/22004D0003.md
22004D0003	Artigo 1.º		50	66	316	ue/acordos-internacionais/2004/22004D0003.md
22004D0003	Artigo 2.º		68	70	59	ue/acordos-internacionais/2004/22004D0003.md
22004D0003	Artigo 3.º		72	74	54	ue/acordos-internacionais/2004/22004D0003.md
22004D0003	Artigo 4.º		76	100	120	ue/acordos-internacionais/2004/22004D0003.md
22004D0004	Preâmbulo		18	42	303	ue/acordos-internacionais/2004/22004D0004.md
22004D0004	Artigo 1.º		46	54	115	ue/acordos-internacionais/2004/22004D0004.md
22004D0004	Artigo 2.º		56	58	55	ue/acordos-internacionais/2004/22004D0004.md
22004D0004	Artigo 3.º		60	62	54	ue/acordos-internacionais/2004/22004D0004.md
22004D0004	Artigo 4.º		64	84	103	ue/acordos-internacionais/2004/22004D0004.md
22004D0005	Preâmbulo		18	40	273	ue/acordos-internacionais/2004/22004D0005.md
22004D0005	Artigo 1.º		44	50	90	ue/acordos-internacionais/2004/22004D0005.md
22004D0005	Artigo 2.º		52	54	49	ue/acordos-internacionais/2004/22004D0005.md
22004D0005	Artigo 3.º		56	58	54	ue/acordos-internacionais/2004/22004D0005.md
22004D0005	Artigo 4.º		60	78	94	ue/acordos-internacionais/2004/22004D0005.md
22004D0006	Preâmbulo		18	40	277	ue/acordos-internacionais/2004/22004D0006.md
22004D0006	Artigo 1.º		44	50	175	ue/acordos-internacionais/2004/22004D0006.md
22004D0006	Artigo 2.º		52	54	49	ue/acordos-internacionais/2004/22004D0006.md
22004D0006	Artigo 3.º		56	58	54	ue/acordos-internacionais/2004/22004D0006.md
22004D0006	Artigo 4.º		60	78	94	ue/acordos-internacionais/2004/22004D0006.md
22004D0007	Preâmbulo		18	40	339	ue/acordos-internacionais/2004/22004D0007.md
22004D0007	Artigo 1.º		44	48	90	ue/acordos-internacionais/2004/22004D0007.md
22004D0007	Artigo 2.º		50	52	46	ue/acordos-internacionais/2004/22004D0007.md
22004D0007	Artigo 3.º		54	56	54	ue/acordos-internacionais/2004/22004D0007.md
22004D0007	Artigo 4.º		58	74	86	ue/acordos-internacionais/2004/22004D0007.md
22004D0008	Preâmbulo		18	38	200	ue/acordos-internacionais/2004/22004D0008.md
22004D0008	Artigo 1.º		42	50	165	ue/acordos-internacionais/2004/22004D0008.md
22004D0008	Artigo 2.º		52	54	45	ue/acordos-internacionais/2004/22004D0008.md
22004D0008	Artigo 3.º		56	58	51	ue/acordos-internacionais/2004/22004D0008.md
22004D0008	Artigo 4.º		60	76	87	ue/acordos-internacionais/2004/22004D0008.md
22004D0009	Preâmbulo		18	42	284	ue/acordos-internacionais/2004/22004D0009.md
22004D0009	Artigo 1.º		46	60	255	ue/acordos-internacionais/2004/22004D0009.md
22004D0009	Artigo 2.º		62	64	46	ue/acordos-internacionais/2004/22004D0009.md
22004D0009	Artigo 3.º		66	68	54	ue/acordos-internacionais/2004/22004D0009.md
22004D0009	Artigo 4.º		70	88	95	ue/acordos-internacionais/2004/22004D0009.md
22004D0010	Preâmbulo		18	42	299	ue/acordos-internacionais/2004/22004D0010.md
22004D0010	Artigo 1.º		46	60	280	ue/acordos-internacionais/2004/22004D0010.md
22004D0010	Artigo 2.º		62	64	46	ue/acordos-internacionais/2004/22004D0010.md
22004D0010	Artigo 3.º		66	68	54	ue/acordos-internacionais/2004/22004D0010.md
22004D0010	Artigo 4.º		70	88	94	ue/acordos-internacionais/2004/22004D0010.md
22004D0011	Preâmbulo		18	52	616	ue/acordos-internacionais/2004/22004D0011.md
22004D0011	Artigo 1.º		56	94	1056	ue/acordos-internacionais/2004/22004D0011.md
22004D0011	Artigo 2.º		96	98	72	ue/acordos-internacionais/2004/22004D0011.md
22004D0011	Artigo 3.º		100	102	67	ue/acordos-internacionais/2004/22004D0011.md
22004D0011	Artigo 4.º		104	106	50	ue/acordos-internacionais/2004/22004D0011.md
22004D0011	Artigo 5.º		108	110	54	ue/acordos-internacionais/2004/22004D0011.md
22004D0011	Artigo 6.º		112	152	191	ue/acordos-internacionais/2004/22004D0011.md
22004D0012	Preâmbulo		18	40	192	ue/acordos-internacionais/2004/22004D0012.md
22004D0012	Artigo 1.º		44	54	138	ue/acordos-internacionais/2004/22004D0012.md
22004D0012	Artigo 2.º		56	58	41	ue/acordos-internacionais/2004/22004D0012.md
22004D0012	Artigo 3.º		60	62	51	ue/acordos-internacionais/2004/22004D0012.md
22004D0012	Artigo 4.º		64	80	83	ue/acordos-internacionais/2004/22004D0012.md
22004D0013	Preâmbulo		18	40	206	ue/acordos-internacionais/2004/22004D0013.md
22004D0013	Artigo 1.º		44	50	70	ue/acordos-internacionais/2004/22004D0013.md
22004D0013	Artigo 2.º		52	54	41	ue/acordos-internacionais/2004/22004D0013.md
22004D0013	Artigo 3.º		56	58	51	ue/acordos-internacionais/2004/22004D0013.md
22004D0013	Artigo 4.º		60	76	84	ue/acordos-internacionais/2004/22004D0013.md
22004D0014	Preâmbulo		18	40	297	ue/acordos-internacionais/2004/22004D0014.md
22004D0014	Artigo 1.º		44	74	350	ue/acordos-internacionais/2004/22004D0014.md
22004D0014	Artigo 2.º		76	78	54	ue/acordos-internacionais/2004/22004D0014.md
22004D0014	Artigo 3.º		80	82	51	ue/acordos-internacionais/2004/22004D0014.md
22004D0014	Artigo 4.º		84	102	95	ue/acordos-internacionais/2004/22004D0014.md
22004D0016	Preâmbulo		18	38	192	ue/acordos-internacionais/2004/22004D0016.md
22004D0016	Artigo 1.º		42	46	63	ue/acordos-internacionais/2004/22004D0016.md
22004D0016	Artigo 2.º		48	50	46	ue/acordos-internacionais/2004/22004D0016.md
22004D0016	Artigo 3.º		52	54	53	ue/acordos-internacionais/2004/22004D0016.md
22004D0016	Artigo 4.º		56	72	85	ue/acordos-internacionais/2004/22004D0016.md
22004D0017	Preâmbulo		18	42	526	ue/acordos-internacionais/2004/22004D0017.md
22004D0017	Artigo 1.º		46	62	341	ue/acordos-internacionais/2004/22004D0017.md
22004D0017	Artigo 2.º		64	66	55	ue/acordos-internacionais/2004/22004D0017.md
22004D0017	Artigo 3.º		68	70	53	ue/acordos-internacionais/2004/22004D0017.md
22004D0017	Artigo 4.º		72	92	104	ue/acordos-internacionais/2004/22004D0017.md
22004D0018	Preâmbulo		18	40	267	ue/acordos-internacionais/2004/22004D0018.md
22004D0018	Artigo 1.º		44	60	194	ue/acordos-internacionais/2004/22004D0018.md
22004D0018	Artigo 2.º		62	64	49	ue/acordos-internacionais/2004/22004D0018.md
22004D0018	Artigo 3.º		66	68	53	ue/acordos-internacionais/2004/22004D0018.md
22004D0018	Artigo 4.º		70	88	94	ue/acordos-internacionais/2004/22004D0018.md
22004D0019	Preâmbulo		18	40	238	ue/acordos-internacionais/2004/22004D0019.md
22004D0019	Artigo 1.º		44	64	211	ue/acordos-internacionais/2004/22004D0019.md
22004D0019	Artigo 2.º		66	68	46	ue/acordos-internacionais/2004/22004D0019.md
22004D0019	Artigo 3.º		70	72	50	ue/acordos-internacionais/2004/22004D0019.md
22004D0019	Artigo 4.º		74	92	94	ue/acordos-internacionais/2004/22004D0019.md
22004D0020	Preâmbulo		18	50	578	ue/acordos-internacionais/2004/22004D0020.md
22004D0020	Artigo 1.º		54	82	433	ue/acordos-internacionais/2004/22004D0020.md
22004D0020	Artigo 2.º		84	86	68	ue/acordos-internacionais/2004/22004D0020.md
22004D0020	Artigo 3.º		88	90	53	ue/acordos-internacionais/2004/22004D0020.md
22004D0020	Artigo 4.º		92	120	138	ue/acordos-internacionais/2004/22004D0020.md
22004D0021	Preâmbulo		18	38	206	ue/acordos-internacionais/2004/22004D0021.md
22004D0021	Artigo 1.º		42	46	61	ue/acordos-internacionais/2004/22004D0021.md
22004D0021	Artigo 2.º		48	50	46	ue/acordos-internacionais/2004/22004D0021.md
22004D0021	Artigo 3.º		52	54	53	ue/acordos-internacionais/2004/22004D0021.md
22004D0021	Artigo 4.º		56	72	86	ue/acordos-internacionais/2004/22004D0021.md
22004D0022	Preâmbulo		18	38	224	ue/acordos-internacionais/2004/22004D0022.md
22004D0022	Artigo 1.º		42	46	66	ue/acordos-internacionais/2004/22004D0022.md
22004D0022	Artigo 2.º		48	50	48	ue/acordos-internacionais/2004/22004D0022.md
22004D0022	Artigo 3.º		52	54	53	ue/acordos-internacionais/2004/22004D0022.md
22004D0022	Artigo 4.º		56	72	86	ue/acordos-internacionais/2004/22004D0022.md
22004D0023	Preâmbulo		18	40	246	ue/acordos-internacionais/2004/22004D0023.md
22004D0023	Artigo 1.º		44	52	129	ue/acordos-internacionais/2004/22004D0023.md
22004D0023	Artigo 2.º		54	56	46	ue/acordos-internacionais/2004/22004D0023.md
22004D0023	Artigo 3.º		58	60	50	ue/acordos-internacionais/2004/22004D0023.md
22004D0023	Artigo 4.º		62	80	95	ue/acordos-internacionais/2004/22004D0023.md
22004D0024	Preâmbulo		18	38	236	ue/acordos-internacionais/2004/22004D0024.md
22004D0024	Artigo 1.º		42	46	133	ue/acordos-internacionais/2004/22004D0024.md
22004D0024	Artigo 2.º		48	50	45	ue/acordos-internacionais/2004/22004D0024.md
22004D0024	Artigo 3.º		52	54	50	ue/acordos-internacionais/2004/22004D0024.md
22004D0024	Artigo 4.º		56	72	86	ue/acordos-internacionais/2004/22004D0024.md
22004D0025	Preâmbulo		18	38	233	ue/acordos-internacionais/2004/22004D0025.md
22004D0025	Artigo 1.º		42	46	60	ue/acordos-internacionais/2004/22004D0025.md
22004D0025	Artigo 2.º		48	50	45	ue/acordos-internacionais/2004/22004D0025.md
22004D0025	Artigo 3.º		52	54	50	ue/acordos-internacionais/2004/22004D0025.md
22004D0025	Artigo 4.º		56	72	86	ue/acordos-internacionais/2004/22004D0025.md
22004D0026	Preâmbulo		18	40	297	ue/acordos-internacionais/2004/22004D0026.md
22004D0026	Artigo 1.º		44	50	89	ue/acordos-internacionais/2004/22004D0026.md
22004D0026	Artigo 2.º		52	54	49	ue/acordos-internacionais/2004/22004D0026.md
22004D0026	Artigo 3.º		56	58	50	ue/acordos-internacionais/2004/22004D0026.md
22004D0026	Artigo 4.º		60	78	94	ue/acordos-internacionais/2004/22004D0026.md
22004D0027	Preâmbulo		18	40	306	ue/acordos-internacionais/2004/22004D0027.md
22004D0027	Artigo 1.º		44	50	90	ue/acordos-internacionais/2004/22004D0027.md
22004D0027	Artigo 2.º		52	54	50	ue/acordos-internacionais/2004/22004D0027.md
22004D0027	Artigo 3.º		56	58	53	ue/acordos-internacionais/2004/22004D0027.md
22004D0027	Artigo 4.º		60	78	96	ue/acordos-internacionais/2004/22004D0027.md
22004D0028	Preâmbulo		18	38	199	ue/acordos-internacionais/2004/22004D0028.md
22004D0028	Artigo 1.º		42	46	100	ue/acordos-internacionais/2004/22004D0028.md
22004D0028	Artigo 2.º		48	50	45	ue/acordos-internacionais/2004/22004D0028.md
22004D0028	Artigo 3.º		52	54	50	ue/acordos-internacionais/2004/22004D0028.md
22004D0028	Artigo 4.º		56	72	86	ue/acordos-internacionais/2004/22004D0028.md
22004D0029	Preâmbulo		18	42	318	ue/acordos-internacionais/2004/22004D0029.md
22004D0029	Artigo 1.º		46	80	1278	ue/acordos-internacionais/2004/22004D0029.md
22004D0029	Artigo 2.º		82	84	50	ue/acordos-internacionais/2004/22004D0029.md
22004D0029	Artigo 3.º		86	108	114	ue/acordos-internacionais/2004/22004D0029.md
22004D0030	Preâmbulo		18	40	224	ue/acordos-internacionais/2004/22004D0030.md
22004D0030	Artigo 1.º		44	60	233	ue/acordos-internacionais/2004/22004D0030.md
22004D0030	Artigo 2.º		62	64	48	ue/acordos-internacionais/2004/22004D0030.md
22004D0030	Artigo 3.º		66	68	50	ue/acordos-internacionais/2004/22004D0030.md
22004D0030	Artigo 4.º		70	86	86	ue/acordos-internacionais/2004/22004D0030.md
22004D0031	Preâmbulo		18	40	204	ue/acordos-internacionais/2004/22004D0031.md
22004D0031	Artigo 1.º		44	52	138	ue/acordos-internacionais/2004/22004D0031.md
22004D0031	Artigo 2.º		54	56	48	ue/acordos-internacionais/2004/22004D0031.md
22004D0031	Artigo 3.º		58	60	50	ue/acordos-internacionais/2004/22004D0031.md
22004D0031	Artigo 4.º		62	78	86	ue/acordos-internacionais/2004/22004D0031.md
22004D0032	Preâmbulo		18	40	202	ue/acordos-internacionais/2004/22004D0032.md
22004D0032	Artigo 1.º		44	52	130	ue/acordos-internacionais/2004/22004D0032.md
22004D0032	Artigo 2.º		54	56	48	ue/acordos-internacionais/2004/22004D0032.md
22004D0032	Artigo 3.º		58	60	53	ue/acordos-internacionais/2004/22004D0032.md
22004D0032	Artigo 4.º		62	78	82	ue/acordos-internacionais/2004/22004D0032.md
22004D0033	Preâmbulo		18	38	208	ue/acordos-internacionais/2004/22004D0033.md
22004D0033	Artigo 1.º		42	52	126	ue/acordos-internacionais/2004/22004D0033.md
22004D0033	Artigo 2.º		54	56	48	ue/acordos-internacionais/2004/22004D0033.md
22004D0033	Artigo 3.º		58	60	53	ue/acordos-internacionais/2004/22004D0033.md
22004D0033	Artigo 4.º		62	104	214	ue/acordos-internacionais/2004/22004D0033.md
22004D0034	Preâmbulo		18	38	396	ue/acordos-internacionais/2004/22004D0034.md
22004D0034	Artigo 1.º		42	63	379	ue/acordos-internacionais/2004/22004D0034.md
22004D0034	Artigo 2.º		65	67	65	ue/acordos-internacionais/2004/22004D0034.md
22004D0034	Artigo 3.º		69	71	51	ue/acordos-internacionais/2004/22004D0034.md
22004D0034	Artigo 4.º		73	97	125	ue/acordos-internacionais/2004/22004D0034.md
22004D0035	Preâmbulo		18	32	235	ue/acordos-internacionais/2004/22004D0035.md
22004D0035	Artigo 1.º		36	58	606	ue/acordos-internacionais/2004/22004D0035.md
22004D0035	Artigo 19.º		60	74	268	ue/acordos-internacionais/2004/22004D0035.md
22004D0035	Artigo 20.º		76	82	201	ue/acordos-internacionais/2004/22004D0035.md
22004D0035	Artigo 2.º		84	96	64	ue/acordos-internacionais/2004/22004D0035.md
22004D0035(01)	Preâmbulo		18	30	171	ue/acordos-internacionais/2004/22004D0035(01).md
22004D0035(01)	Artigo 1.º		34	39	71	ue/acordos-internacionais/2004/22004D0035(01).md
22004D0035(01)	Artigo 2.º		41	43	48	ue/acordos-internacionais/2004/22004D0035(01).md
22004D0035(01)	Artigo 3.º		45	47	51	ue/acordos-internacionais/2004/22004D0035(01).md
22004D0035(01)	Artigo 4.º		49	65	88	ue/acordos-internacionais/2004/22004D0035(01).md
22004D0036	Preâmbulo		18	34	352	ue/acordos-internacionais/2004/22004D0036.md
22004D0036	Artigo 1.º		38	47	132	ue/acordos-internacionais/2004/22004D0036.md
22004D0036	Artigo 2.º		49	51	54	ue/acordos-internacionais/2004/22004D0036.md
22004D0036	Artigo 3.º		53	55	51	ue/acordos-internacionais/2004/22004D0036.md
22004D0036	Artigo 4.º		57	77	106	ue/acordos-internacionais/2004/22004D0036.md
22004D0038	Preâmbulo		18	30	156	ue/acordos-internacionais/2004/22004D0038.md
22004D0038	Artigo 1.º		34	39	92	ue/acordos-internacionais/2004/22004D0038.md
22004D0038	Artigo 2.º		41	43	45	ue/acordos-internacionais/2004/22004D0038.md
22004D0038	Artigo 3.º		45	47	51	ue/acordos-internacionais/2004/22004D0038.md
22004D0038	Artigo 4.º		49	65	86	ue/acordos-internacionais/2004/22004D0038.md
22004D0039	Preâmbulo		18	30	167	ue/acordos-internacionais/2004/22004D0039.md
22004D0039	Artigo 1.º		34	39	108	ue/acordos-internacionais/2004/22004D0039.md
22004D0039	Artigo 2.º		41	43	45	ue/acordos-internacionais/2004/22004D0039.md
22004D0039	Artigo 3.º		45	47	51	ue/acordos-internacionais/2004/22004D0039.md
22004D0039	Artigo 4.º		49	65	88	ue/acordos-internacionais/2004/22004D0039.md
22004D0040	Preâmbulo		18	30	161	ue/acordos-internacionais/2004/22004D0040.md
22004D0040	Artigo 1.º		34	40	86	ue/acordos-internacionais/2004/22004D0040.md
22004D0040	Artigo 2.º		42	44	48	ue/acordos-internacionais/2004/22004D0040.md
22004D0040	Artigo 3.º		46	48	51	ue/acordos-internacionais/2004/22004D0040.md
22004D0040	Artigo 4.º		50	66	88	ue/acordos-internacionais/2004/22004D0040.md
22004D0041	Preâmbulo		18	38	532	ue/acordos-internacionais/2004/22004D0041.md
22004D0041	Artigo 1.º		42	44	54	ue/acordos-internacionais/2004/22004D0041.md
22004D0041	Artigo 2.º		46	60	65	ue/acordos-internacionais/2004/22004D0041.md
22004D0046	Preâmbulo		18	30	162	ue/acordos-internacionais/2004/22004D0046.md
22004D0046	Artigo 1.º		34	39	69	ue/acordos-internacionais/2004/22004D0046.md
22004D0046	Artigo 2.º		41	43	45	ue/acordos-internacionais/2004/22004D0046.md
22004D0046	Artigo 3.º		45	47	51	ue/acordos-internacionais/2004/22004D0046.md
22004D0046	Artigo 4.º		49	65	87	ue/acordos-internacionais/2004/22004D0046.md
22004D0047	Preâmbulo		18	30	195	ue/acordos-internacionais/2004/22004D0047.md
22004D0047	Artigo 1.º		34	39	79	ue/acordos-internacionais/2004/22004D0047.md
22004D0047	Artigo 2.º		41	43	48	ue/acordos-internacionais/2004/22004D0047.md
22004D0047	Artigo 2.º		45	47	51	ue/acordos-internacionais/2004/22004D0047.md
22004D0047	Artigo 4.º		49	65	87	ue/acordos-internacionais/2004/22004D0047.md
22004D0048	Preâmbulo		18	30	149	ue/acordos-internacionais/2004/22004D0048.md
22004D0048	Artigo 1.º		34	40	74	ue/acordos-internacionais/2004/22004D0048.md
22004D0048	Artigo 2.º		42	44	46	ue/acordos-internacionais/2004/22004D0048.md
22004D0048	Artigo 3.º		46	48	51	ue/acordos-internacionais/2004/22004D0048.md
22004D0048	Artigo 4.º		50	66	87	ue/acordos-internacionais/2004/22004D0048.md
22004D0049	Preâmbulo		18	30	204	ue/acordos-internacionais/2004/22004D0049.md
22004D0049	Artigo 1.º		34	39	140	ue/acordos-internacionais/2004/22004D0049.md
22004D0049	Artigo 2.º		41	43	46	ue/acordos-internacionais/2004/22004D0049.md
22004D0049	Artigo 3.º		45	47	51	ue/acordos-internacionais/2004/22004D0049.md
22004D0049	Artigo 4.º		49	65	87	ue/acordos-internacionais/2004/22004D0049.md
22004D0050	Preâmbulo		18	30	173	ue/acordos-internacionais/2004/22004D0050.md
22004D0050	Artigo 1.º		34	47	169	ue/acordos-internacionais/2004/22004D0050.md
22004D0050	Artigo 2.º		49	51	49	ue/acordos-internacionais/2004/22004D0050.md
22004D0050	Artigo 3.º		53	55	51	ue/acordos-internacionais/2004/22004D0050.md
22004D0050	Artigo 4.º		57	71	74	ue/acordos-internacionais/2004/22004D0050.md
22004D0051	Preâmbulo		18	32	215	ue/acordos-internacionais/2004/22004D0051.md
22004D0051	Artigo 1.º		36	48	250	ue/acordos-internacionais/2004/22004D0051.md
22004D0051	Artigo 2.º		50	52	48	ue/acordos-internacionais/2004/22004D0051.md
22004D0051	Artigo 3.º		54	56	51	ue/acordos-internacionais/2004/22004D0051.md
22004D0051	Artigo 4.º		58	74	88	ue/acordos-internacionais/2004/22004D0051.md
22004D0052	Preâmbulo		18	32	217	ue/acordos-internacionais/2004/22004D0052.md
22004D0052	Artigo 1.º		36	48	250	ue/acordos-internacionais/2004/22004D0052.md
22004D0052	Artigo 2.º		50	52	48	ue/acordos-internacionais/2004/22004D0052.md
22004D0052	Artigo 3.º		54	56	51	ue/acordos-internacionais/2004/22004D0052.md
22004D0052	Artigo 4.º		58	74	88	ue/acordos-internacionais/2004/22004D0052.md
22004D0053	Preâmbulo		18	32	213	ue/acordos-internacionais/2004/22004D0053.md
22004D0053	Artigo 1.º		36	48	246	ue/acordos-internacionais/2004/22004D0053.md
22004D0053	Artigo 2.º		50	52	48	ue/acordos-internacionais/2004/22004D0053.md
22004D0053	Artigo 3.º		54	56	51	ue/acordos-internacionais/2004/22004D0053.md
22004D0053	Artigo 4.º		58	74	88	ue/acordos-internacionais/2004/22004D0053.md
22004D0054	Preâmbulo		18	30	168	ue/acordos-internacionais/2004/22004D0054.md
22004D0054	Artigo 1.º		34	39	106	ue/acordos-internacionais/2004/22004D0054.md
22004D0054	Artigo 2.º		41	43	48	ue/acordos-internacionais/2004/22004D0054.md
22004D0054	Artigo 3.º		45	47	51	ue/acordos-internacionais/2004/22004D0054.md
22004D0054	Artigo 4.º		49	65	88	ue/acordos-internacionais/2004/22004D0054.md
22004D0055	Preâmbulo		18	30	146	ue/acordos-internacionais/2004/22004D0055.md
22004D0055	Artigo 1.º		34	41	162	ue/acordos-internacionais/2004/22004D0055.md
22004D0055	Artigo 2.º		43	45	49	ue/acordos-internacionais/2004/22004D0055.md
22004D0055	Artigo 3.º		47	49	51	ue/acordos-internacionais/2004/22004D0055.md
22004D0055	Artigo 4.º		51	67	88	ue/acordos-internacionais/2004/22004D0055.md
22004D0056	Preâmbulo		18	30	170	ue/acordos-internacionais/2004/22004D0056.md
22004D0056	Artigo 1.º		34	39	103	ue/acordos-internacionais/2004/22004D0056.md
22004D0056	Artigo 2.º		41	43	46	ue/acordos-internacionais/2004/22004D0056.md
22004D0056	Artigo 3.º		45	47	51	ue/acordos-internacionais/2004/22004D0056.md
22004D0056	Artigo 4.º		49	65	86	ue/acordos-internacionais/2004/22004D0056.md
22004D0057	Preâmbulo		18	30	162	ue/acordos-internacionais/2004/22004D0057.md
22004D0057	Artigo 1.º		34	39	94	ue/acordos-internacionais/2004/22004D0057.md
22004D0057	Artigo 2.º		41	43	46	ue/acordos-internacionais/2004/22004D0057.md
22004D0057	Artigo 3.º		45	47	51	ue/acordos-internacionais/2004/22004D0057.md
22004D0057	Artigo 4.º		49	65	86	ue/acordos-internacionais/2004/22004D0057.md
22004D0058	Preâmbulo		18	32	242	ue/acordos-internacionais/2004/22004D0058.md
22004D0058	Artigo 1.º		36	42	90	ue/acordos-internacionais/2004/22004D0058.md
22004D0058	Artigo 2.º		44	48	56	ue/acordos-internacionais/2004/22004D0058.md
22004D0058	Artigo 3.º		50	66	86	ue/acordos-internacionais/2004/22004D0058.md
22004D0059	Preâmbulo		18	48	1049	ue/acordos-internacionais/2004/22004D0059.md
22004D0059	Artigo 1.º		52	54	34	ue/acordos-internacionais/2004/22004D0059.md
22004D0059	Artigo 2.º		56	58	115	ue/acordos-internacionais/2004/22004D0059.md
22004D0059	Artigo 3.º		60	62	53	ue/acordos-internacionais/2004/22004D0059.md
22004D0059	Artigo 4.º		64	112	236	ue/acordos-internacionais/2004/22004D0059.md
22004D0059	ANEXO I	da Decisão do Comité Misto do EEE n.º 59/2004	114	222	2730	ue/acordos-internacionais/2004/22004D0059.md
22004D0059	ANEXO II		224	236	454	ue/acordos-internacionais/2004/22004D0059.md
22004D0059	ANEXO III		238	250	348	ue/acordos-internacionais/2004/22004D0059.md
22004D0060	Preâmbulo		18	32	203	ue/acordos-internacionais/2004/22004D0060.md
22004D0060	Artigo 1.º		36	38	22	ue/acordos-internacionais/2004/22004D0060.md
22004D0060	Artigo 2.º		40	42	46	ue/acordos-internacionais/2004/22004D0060.md
22004D0060	Artigo 3.º		44	46	51	ue/acordos-internacionais/2004/22004D0060.md
22004D0060	Artigo 4.º		48	70	114	ue/acordos-internacionais/2004/22004D0060.md
22004D0060	ANEXO	à Decisão do Comité Misto do EEE n.º 60/2004	72	134	1452	ue/acordos-internacionais/2004/22004D0060.md
22004D0061	Preâmbulo		18	36	486	ue/acordos-internacionais/2004/22004D0061.md
22004D0061	Artigo 1.º		40	51	461	ue/acordos-internacionais/2004/22004D0061.md
22004D0061	Artigo 2.º		53	55	48	ue/acordos-internacionais/2004/22004D0061.md
22004D0061	Artigo 3.º		57	59	53	ue/acordos-internacionais/2004/22004D0061.md
22004D0061	Artigo 4.º		61	77	87	ue/acordos-internacionais/2004/22004D0061.md
22004D0061	ANEXO	à Decisão do Comité Misto do EEE n.º 61/2004	79	131	162	ue/acordos-internacionais/2004/22004D0061.md
22004D0064	Preâmbulo		18	32	218	ue/acordos-internacionais/2004/22004D0064.md
22004D0064	Artigo 1.º		36	41	211	ue/acordos-internacionais/2004/22004D0064.md
22004D0064	Artigo 2.º		43	45	48	ue/acordos-internacionais/2004/22004D0064.md
22004D0064	Artigo 3.º		47	49	53	ue/acordos-internacionais/2004/22004D0064.md
22004D0064	Artigo 4.º		51	67	88	ue/acordos-internacionais/2004/22004D0064.md
22004D0065	Preâmbulo		18	32	228	ue/acordos-internacionais/2004/22004D0065.md
22004D0065	Artigo 1.º		36	41	124	ue/acordos-internacionais/2004/22004D0065.md
22004D0065	Artigo 2.º		43	47	56	ue/acordos-internacionais/2004/22004D0065.md
22004D0065	Artigo 3.º		49	65	85	ue/acordos-internacionais/2004/22004D0065.md
22004D0066	Preâmbulo		18	32	236	ue/acordos-internacionais/2004/22004D0066.md
22004D0066	Artigo 1.º		36	47	208	ue/acordos-internacionais/2004/22004D0066.md
22004D0066	Artigo 2.º		49	53	58	ue/acordos-internacionais/2004/22004D0066.md
22004D0066	Artigo 3.º		55	71	86	ue/acordos-internacionais/2004/22004D0066.md
22004D0067	Preâmbulo		18	32	237	ue/acordos-internacionais/2004/22004D0067.md
22004D0067	Artigo 1.º		36	47	209	ue/acordos-internacionais/2004/22004D0067.md
22004D0067	Artigo 2.º		49	53	58	ue/acordos-internacionais/2004/22004D0067.md
22004D0067	Artigo 3.º		55	71	88	ue/acordos-internacionais/2004/22004D0067.md
22004D0069	Preâmbulo		18	32	284	ue/acordos-internacionais/2004/22004D0069.md
22004D0069	Artigo 1.º		36	41	139	ue/acordos-internacionais/2004/22004D0069.md
22004D0069	Artigo 2.º		43	45	38	ue/acordos-internacionais/2004/22004D0069.md
22004D0069	Artigo 3.º		47	49	53	ue/acordos-internacionais/2004/22004D0069.md
22004D0069	Artigo 4.º		51	67	86	ue/acordos-internacionais/2004/22004D0069.md
22004D0070	Preâmbulo		18	30	236	ue/acordos-internacionais/2004/22004D0070.md
22004D0070	Artigo 1.º		34	39	74	ue/acordos-internacionais/2004/22004D0070.md
22004D0070	Artigo 2.º		41	43	46	ue/acordos-internacionais/2004/22004D0070.md
22004D0070	Artigo 3.º		45	47	53	ue/acordos-internacionais/2004/22004D0070.md
22004D0070	Artigo 4.º		49	65	86	ue/acordos-internacionais/2004/22004D0070.md
22004D0071	Preâmbulo		18	32	210	ue/acordos-internacionais/2004/22004D0071.md
22004D0071	Artigo 1.º		36	51	216	ue/acordos-internacionais/2004/22004D0071.md
22004D0071	Artigo 2.º		53	55	76	ue/acordos-internacionais/2004/22004D0071.md
22004D0071	Artigo 3.º		57	59	50	ue/acordos-internacionais/2004/22004D0071.md
22004D0071	Artigo 4.º		61	79	96	ue/acordos-internacionais/2004/22004D0071.md
22004D0071	ANEXO		81	89	184	ue/acordos-internacionais/2004/22004D0071.md
22004D0072	Preâmbulo		18	30	252	ue/acordos-internacionais/2004/22004D0072.md
22004D0072	Artigo 1.º		34	39	122	ue/acordos-internacionais/2004/22004D0072.md
22004D0072	Artigo 2.º		41	43	46	ue/acordos-internacionais/2004/22004D0072.md
22004D0072	Artigo 3.º		45	47	50	ue/acordos-internacionais/2004/22004D0072.md
22004D0072	Artigo 4.º		49	65	87	ue/acordos-internacionais/2004/22004D0072.md
22004D0073	Preâmbulo		18	30	240	ue/acordos-internacionais/2004/22004D0073.md
22004D0073	Artigo 1.º		34	47	196	ue/acordos-internacionais/2004/22004D0073.md
22004D0073	Artigo 2.º		49	51	46	ue/acordos-internacionais/2004/22004D0073.md
22004D0073	Artigo 3.º		53	55	50	ue/acordos-internacionais/2004/22004D0073.md
22004D0073	Artigo 4.º		57	73	86	ue/acordos-internacionais/2004/22004D0073.md
22004D0074	Preâmbulo		18	30	249	ue/acordos-internacionais/2004/22004D0074.md
22004D0074	Artigo 1.º		34	39	116	ue/acordos-internacionais/2004/22004D0074.md
22004D0074	Artigo 2.º		41	43	47	ue/acordos-internacionais/2004/22004D0074.md
22004D0074	Artigo 3.º		45	47	50	ue/acordos-internacionais/2004/22004D0074.md
22004D0074	Artigo 4.º		49	65	87	ue/acordos-internacionais/2004/22004D0074.md
22004D0075	Preâmbulo		18	30	232	ue/acordos-internacionais/2004/22004D0075.md
22004D0075	Artigo 1.º		34	39	98	ue/acordos-internacionais/2004/22004D0075.md
22004D0075	Artigo 2.º		41	43	46	ue/acordos-internacionais/2004/22004D0075.md
22004D0075	Artigo 3.º		45	47	50	ue/acordos-internacionais/2004/22004D0075.md
22004D0075	Artigo 4.º		49	65	86	ue/acordos-internacionais/2004/22004D0075.md
22004D0076	Preâmbulo		18	30	256	ue/acordos-internacionais/2004/22004D0076.md
22004D0076	Artigo 1.º		34	39	229	ue/acordos-internacionais/2004/22004D0076.md
22004D0076	Artigo 2.º		41	43	48	ue/acordos-internacionais/2004/22004D0076.md
22004D0076	Artigo 3.º		45	47	50	ue/acordos-internacionais/2004/22004D0076.md
22004D0076	Artigo 4.º		49	65	87	ue/acordos-internacionais/2004/22004D0076.md
22004D0077	Preâmbulo		18	30	250	ue/acordos-internacionais/2004/22004D0077.md
22004D0077	Artigo 1.º		34	39	76	ue/acordos-internacionais/2004/22004D0077.md
22004D0077	Artigo 2.º		41	43	48	ue/acordos-internacionais/2004/22004D0077.md
22004D0077	Artigo 3.º		45	47	50	ue/acordos-internacionais/2004/22004D0077.md
22004D0077	Artigo 4.º		49	65	86	ue/acordos-internacionais/2004/22004D0077.md
22004D0078	Preâmbulo		18	42	393	ue/acordos-internacionais/2004/22004D0078.md
22004D0078	Artigo 1.º		46	48	64	ue/acordos-internacionais/2004/22004D0078.md
22004D0078	Artigo 2.º		50	52	38	ue/acordos-internacionais/2004/22004D0078.md
22004D0078	Artigo 3.º		54	978	17607	ue/acordos-internacionais/2004/22004D0078.md
22004D0078(01)	Preâmbulo		18	48	740	ue/acordos-internacionais/2004/22004D0078(01).md
22004D0078(01)	Artigo 1.º		52	54	26	ue/acordos-internacionais/2004/22004D0078(01).md
22004D0078(01)	Artigo 2.º		56	58	28	ue/acordos-internacionais/2004/22004D0078(01).md
22004D0078(01)	Artigo 3.º		60	62	28	ue/acordos-internacionais/2004/22004D0078(01).md
22004D0078(01)	Artigo 4.º		64	66	28	ue/acordos-internacionais/2004/22004D0078(01).md
22004D0078(01)	Artigo 5.º		68	70	48	ue/acordos-internacionais/2004/22004D0078(01).md
22004D0078(01)	Artigo 6.º		72	74	51	ue/acordos-internacionais/2004/22004D0078(01).md
22004D0078(01)	Artigo 7.º		76	98	125	ue/acordos-internacionais/2004/22004D0078(01).md
22004D0078(01)	ANEXO I		100	154	1110	ue/acordos-internacionais/2004/22004D0078(01).md
22004D0078(01)	ANEXO II		156	160	120	ue/acordos-internacionais/2004/22004D0078(01).md
22004D0078(01)	ANEXO III		162	188	437	ue/acordos-internacionais/2004/22004D0078(01).md
22004D0078(01)	ANEXO IV		190	194	20	ue/acordos-internacionais/2004/22004D0078(01).md
22004D0078(01)	Artigo 1.º		198	204	229	ue/acordos-internacionais/2004/22004D0078(01).md
22004D0078(01)	Artigo 2.º		206	220	253	ue/acordos-internacionais/2004/22004D0078(01).md
22004D0078(01)	Artigo 3.º		224	230	309	ue/acordos-internacionais/2004/22004D0078(01).md
22004D0078(01)	Artigo 4.º		234	236	73	ue/acordos-internacionais/2004/22004D0078(01).md
22004D0078(01)	Artigo 5.º		240	246	227	ue/acordos-internacionais/2004/22004D0078(01).md
22004D0078(01)	Artigo 6.º		250	270	772	ue/acordos-internacionais/2004/22004D0078(01).md
22004D0078(01)	Artigo 7.º		272	278	290	ue/acordos-internacionais/2004/22004D0078(01).md
22004D0078(01)	Artigo 8.º		282	296	388	ue/acordos-internacionais/2004/22004D0078(01).md
22004D0078(01)	Artigo 9.º		300	306	234	ue/acordos-internacionais/2004/22004D0078(01).md
22004D0078(01)	Artigo 10.º		310	314	91	ue/acordos-internacionais/2004/22004D0078(01).md
22004D0078(01)	Artigo 11.º		316	318	31	ue/acordos-internacionais/2004/22004D0078(01).md
22004D0078(01)	Artigo 12.º		322	330	333	ue/acordos-internacionais/2004/22004D0078(01).md
22004D0078(01)	Artigo 13.º		334	338	180	ue/acordos-internacionais/2004/22004D0078(01).md
22004D0078(01)	Artigo 14.º		342	346	104	ue/acordos-internacionais/2004/22004D0078(01).md
22004D0079	Preâmbulo		18	38	428	ue/acordos-internacionais/2004/22004D0079.md
22004D0079	Artigo 1.º		42	48	123	ue/acordos-internacionais/2004/22004D0079.md
22004D0079	Artigo 2.º		50	54	107	ue/acordos-internacionais/2004/22004D0079.md
22004D0079	Artigo 3.º		56	82	526	ue/acordos-internacionais/2004/22004D0079.md
22004D0079	Artigo 4.º		84	86	51	ue/acordos-internacionais/2004/22004D0079.md
22004D0079	Artigo 5.º		88	106	97	ue/acordos-internacionais/2004/22004D0079.md
22004D0080	Preâmbulo		18	30	229	ue/acordos-internacionais/2004/22004D0080.md
22004D0080	Artigo 1.º		34	40	75	ue/acordos-internacionais/2004/22004D0080.md
22004D0080	Artigo 2.º		42	44	49	ue/acordos-internacionais/2004/22004D0080.md
22004D0080	Artigo 3.º		46	48	53	ue/acordos-internacionais/2004/22004D0080.md
22004D0080	Artigo 4.º		50	66	86	ue/acordos-internacionais/2004/22004D0080.md
22004D0081	Preâmbulo		18	30	236	ue/acordos-internacionais/2004/22004D0081.md
22004D0081	Artigo 1.º		34	40	115	ue/acordos-internacionais/2004/22004D0081.md
22004D0081	Artigo 2.º		42	44	50	ue/acordos-internacionais/2004/22004D0081.md
22004D0081	Artigo 3.º		46	48	53	ue/acordos-internacionais/2004/22004D0081.md
22004D0081	Artigo 4.º		50	66	98	ue/acordos-internacionais/2004/22004D0081.md
22004D0082	Preâmbulo		18	30	221	ue/acordos-internacionais/2004/22004D0082.md
22004D0082	Artigo 1.º		34	39	144	ue/acordos-internacionais/2004/22004D0082.md
22004D0082	Artigo 2.º		41	43	46	ue/acordos-internacionais/2004/22004D0082.md
22004D0082	Artigo 3.º		45	47	50	ue/acordos-internacionais/2004/22004D0082.md
22004D0082	Artigo 4.º		49	65	86	ue/acordos-internacionais/2004/22004D0082.md
22004D0083	Preâmbulo		18	32	271	ue/acordos-internacionais/2004/22004D0083.md
22004D0083	Artigo 1.º		36	53	210	ue/acordos-internacionais/2004/22004D0083.md
22004D0083	Artigo 2.º		55	57	48	ue/acordos-internacionais/2004/22004D0083.md
22004D0083	Artigo 3.º		59	61	50	ue/acordos-internacionais/2004/22004D0083.md
22004D0083	Artigo 4.º		63	79	87	ue/acordos-internacionais/2004/22004D0083.md
22004D0084	Preâmbulo		18	34	328	ue/acordos-internacionais/2004/22004D0084.md
22004D0084	Artigo 1.º		38	47	169	ue/acordos-internacionais/2004/22004D0084.md
22004D0084	Artigo 2.º		49	51	48	ue/acordos-internacionais/2004/22004D0084.md
22004D0084	Artigo 3.º		53	55	50	ue/acordos-internacionais/2004/22004D0084.md
22004D0084	Artigo 4.º		57	77	104	ue/acordos-internacionais/2004/22004D0084.md
22004D0085	Preâmbulo		18	36	516	ue/acordos-internacionais/2004/22004D0085.md
22004D0085	Artigo 1.º		40	51	400	ue/acordos-internacionais/2004/22004D0085.md
22004D0085	Artigo 2.º		53	55	64	ue/acordos-internacionais/2004/22004D0085.md
22004D0085	Artigo 3.º		57	59	50	ue/acordos-internacionais/2004/22004D0085.md
22004D0085	Artigo 4.º		61	83	115	ue/acordos-internacionais/2004/22004D0085.md
22004D0086	Preâmbulo		18	36	491	ue/acordos-internacionais/2004/22004D0086.md
22004D0086	Artigo 1.º		40	60	402	ue/acordos-internacionais/2004/22004D0086.md
22004D0086	Artigo 2.º		62	64	64	ue/acordos-internacionais/2004/22004D0086.md
22004D0086	Artigo 3.º		66	68	50	ue/acordos-internacionais/2004/22004D0086.md
22004D0086	Artigo 4.º		70	92	112	ue/acordos-internacionais/2004/22004D0086.md
22004D0087	Preâmbulo		18	32	234	ue/acordos-internacionais/2004/22004D0087.md
22004D0087	Artigo 1.º		36	41	64	ue/acordos-internacionais/2004/22004D0087.md
22004D0087	Artigo 2.º		43	47	71	ue/acordos-internacionais/2004/22004D0087.md
22004D0087	Artigo 3.º		49	65	87	ue/acordos-internacionais/2004/22004D0087.md
22004D0089	Preâmbulo		18	32	233	ue/acordos-internacionais/2004/22004D0089.md
22004D0089	Artigo 1.º		36	42	145	ue/acordos-internacionais/2004/22004D0089.md
22004D0089	Artigo 2.º		44	48	58	ue/acordos-internacionais/2004/22004D0089.md
22004D0089	Artigo 3.º		50	66	86	ue/acordos-internacionais/2004/22004D0089.md
22004D0090	Preâmbulo		18	40	577	ue/acordos-internacionais/2004/22004D0090.md
22004D0090	Artigo 1.º		44	50	95	ue/acordos-internacionais/2004/22004D0090.md
22004D0090	Artigo 2.º		52	65	444	ue/acordos-internacionais/2004/22004D0090.md
22004D0090	Artigo 3.º		67	88	362	ue/acordos-internacionais/2004/22004D0090.md
22004D0090	Artigo 4.º		90	94	58	ue/acordos-internacionais/2004/22004D0090.md
22004D0090	Artigo 5.º		96	118	114	ue/acordos-internacionais/2004/22004D0090.md
22004D0091	Preâmbulo		18	34	282	ue/acordos-internacionais/2004/22004D0091.md
22004D0091	Artigo 1.º		38	50	195	ue/acordos-internacionais/2004/22004D0091.md
22004D0091	Artigo 2.º		52	54	49	ue/acordos-internacionais/2004/22004D0091.md
22004D0091	Artigo 3.º		56	58	50	ue/acordos-internacionais/2004/22004D0091.md
22004D0091	Artigo 4.º		60	78	98	ue/acordos-internacionais/2004/22004D0091.md
22004D0092	Preâmbulo		18	40	422	ue/acordos-internacionais/2004/22004D0092.md
22004D0092	Artigo 1.º		44	46	32	ue/acordos-internacionais/2004/22004D0092.md
22004D0092	Artigo 2.º		48	50	56	ue/acordos-internacionais/2004/22004D0092.md
22004D0092	Artigo 3.º		52	54	50	ue/acordos-internacionais/2004/22004D0092.md
22004D0092	Artigo 4.º		56	80	126	ue/acordos-internacionais/2004/22004D0092.md
22004D0092	ANEXO	à Decisão do Comité Misto do EEE nº 92/2004	82	106	470	ue/acordos-internacionais/2004/22004D0092.md
22004D0093	Preâmbulo		18	50	826	ue/acordos-internacionais/2004/22004D0093.md
22004D0093	Artigo 1.º		54	56	32	ue/acordos-internacionais/2004/22004D0093.md
22004D0093	Artigo 2.º		58	60	74	ue/acordos-internacionais/2004/22004D0093.md
22004D0093	Artigo 3.º		62	64	50	ue/acordos-internacionais/2004/22004D0093.md
22004D0093	Artigo 4.º		66	104	191	ue/acordos-internacionais/2004/22004D0093.md
22004D0093	ANEXO	à Decisão do Comité Misto do EEE nº 93/2004	106	157	747	ue/acordos-internacionais/2004/22004D0093.md
22004D0094	Preâmbulo		18	46	644	ue/acordos-internacionais/2004/22004D0094.md
22004D0094	Artigo 1.º		50	52	32	ue/acordos-internacionais/2004/22004D0094.md
22004D0094	Artigo 2.º		54	56	62	ue/acordos-internacionais/2004/22004D0094.md
22004D0094	Artigo 3.º		58	60	50	ue/acordos-internacionais/2004/22004D0094.md
22004D0094	Artigo 4.º		62	94	188	ue/acordos-internacionais/2004/22004D0094.md
22004D0094	ANEXO	à Decisão do Comité Misto do EEE nº 94/2004	96	134	727	ue/acordos-internacionais/2004/22004D0094.md
22004D0095	Preâmbulo		18	38	394	ue/acordos-internacionais/2004/22004D0095.md
22004D0095	Artigo 1.º		42	44	32	ue/acordos-internacionais/2004/22004D0095.md
22004D0095	Artigo 2.º		46	48	55	ue/acordos-internacionais/2004/22004D0095.md
22004D0095	Artigo 3.º		50	52	50	ue/acordos-internacionais/2004/22004D0095.md
22004D0095	Artigo 4.º		54	76	117	ue/acordos-internacionais/2004/22004D0095.md
22004D0095	ANEXO	à Decisão do Comité Misto do EEE nº 95/2004	78	104	459	ue/acordos-internacionais/2004/22004D0095.md
22004D0096	Preâmbulo		18	32	275	ue/acordos-internacionais/2004/22004D0096.md
22004D0096	Artigo 1.º		36	45	131	ue/acordos-internacionais/2004/22004D0096.md
22004D0096	Artigo 2.º		47	49	46	ue/acordos-internacionais/2004/22004D0096.md
22004D0096	Artigo 3.º		51	53	50	ue/acordos-internacionais/2004/22004D0096.md
22004D0096	Artigo 4.º		55	73	98	ue/acordos-internacionais/2004/22004D0096.md
22004D0097	Preâmbulo		18	32	327	ue/acordos-internacionais/2004/22004D0097.md
22004D0097	Artigo 1.º		36	59	415	ue/acordos-internacionais/2004/22004D0097.md
22004D0097	Artigo 2.º		61	63	54	ue/acordos-internacionais/2004/22004D0097.md
22004D0097	Artigo 3.º		65	67	50	ue/acordos-internacionais/2004/22004D0097.md
22004D0097	Artigo 4.º		69	87	98	ue/acordos-internacionais/2004/22004D0097.md
22004D0098	Preâmbulo		18	30	239	ue/acordos-internacionais/2004/22004D0098.md
22004D0098	Artigo 1.º		34	39	66	ue/acordos-internacionais/2004/22004D0098.md
22004D0098	Artigo 2.º		41	43	50	ue/acordos-internacionais/2004/22004D0098.md
22004D0098	Artigo 3.º		45	47	53	ue/acordos-internacionais/2004/22004D0098.md
22004D0098	Artigo 4.º		49	65	90	ue/acordos-internacionais/2004/22004D0098.md
22004D0099	Preâmbulo		18	30	253	ue/acordos-internacionais/2004/22004D0099.md
22004D0099	Artigo 1.º		34	46	202	ue/acordos-internacionais/2004/22004D0099.md
22004D0099	Artigo 2.º		48	50	46	ue/acordos-internacionais/2004/22004D0099.md
22004D0099	Artigo 3.º		52	54	53	ue/acordos-internacionais/2004/22004D0099.md
22004D0099	Artigo 4.º		56	72	88	ue/acordos-internacionais/2004/22004D0099.md
22004D0100	Preâmbulo		18	30	182	ue/acordos-internacionais/2004/22004D0100.md
22004D0100	Artigo 1.º		34	39	126	ue/acordos-internacionais/2004/22004D0100.md
22004D0100	Artigo 2.º		41	43	46	ue/acordos-internacionais/2004/22004D0100.md
22004D0100	Artigo 3.º		45	47	53	ue/acordos-internacionais/2004/22004D0100.md
22004D0100	Artigo 4.º		49	65	90	ue/acordos-internacionais/2004/22004D0100.md
22004D0102	Preâmbulo		18	34	359	ue/acordos-internacionais/2004/22004D0102.md
22004D0102	Artigo 1.º		38	51	327	ue/acordos-internacionais/2004/22004D0102.md
22004D0102	Artigo 2.º		53	55	48	ue/acordos-internacionais/2004/22004D0102.md
22004D0102	Artigo 3.º		57	59	50	ue/acordos-internacionais/2004/22004D0102.md
22004D0102	Artigo 4.º		61	81	107	ue/acordos-internacionais/2004/22004D0102.md
22004D0103	Preâmbulo		18	34	353	ue/acordos-internacionais/2004/22004D0103.md
22004D0103	Artigo 1.º		38	47	302	ue/acordos-internacionais/2004/22004D0103.md
22004D0103	Artigo 2.º		49	51	58	ue/acordos-internacionais/2004/22004D0103.md
22004D0103	Artigo 3.º		53	55	50	ue/acordos-internacionais/2004/22004D0103.md
22004D0103	Artigo 4.º		57	77	107	ue/acordos-internacionais/2004/22004D0103.md
22004D0104	Preâmbulo		18	30	213	ue/acordos-internacionais/2004/22004D0104.md
22004D0104	Artigo 1.º		34	52	361	ue/acordos-internacionais/2004/22004D0104.md
22004D0104	Artigo 2.º		54	56	46	ue/acordos-internacionais/2004/22004D0104.md
22004D0104	Artigo 3.º		58	60	50	ue/acordos-internacionais/2004/22004D0104.md
22004D0104	Artigo 4.º		62	78	87	ue/acordos-internacionais/2004/22004D0104.md
22004D0106	Preâmbulo		18	30	144	ue/acordos-internacionais/2004/22004D0106.md
22004D0106	Artigo 1.º		34	39	87	ue/acordos-internacionais/2004/22004D0106.md
22004D0106	Artigo 2.º		41	43	46	ue/acordos-internacionais/2004/22004D0106.md
22004D0106	Artigo 3.º		45	47	50	ue/acordos-internacionais/2004/22004D0106.md
22004D0106	Artigo 4.º		49	65	87	ue/acordos-internacionais/2004/22004D0106.md
22004D0107	Preâmbulo		18	30	155	ue/acordos-internacionais/2004/22004D0107.md
22004D0107	Artigo 1.º		34	39	75	ue/acordos-internacionais/2004/22004D0107.md
22004D0107	Artigo 2.º		41	43	46	ue/acordos-internacionais/2004/22004D0107.md
22004D0107	Artigo 3.º		45	47	50	ue/acordos-internacionais/2004/22004D0107.md
22004D0107	Artigo 4.º		49	65	89	ue/acordos-internacionais/2004/22004D0107.md
22004D0108	Preâmbulo		18	30	202	ue/acordos-internacionais/2004/22004D0108.md
22004D0108	Artigo 1.º		34	40	181	ue/acordos-internacionais/2004/22004D0108.md
22004D0108	Artigo 2.º		42	44	46	ue/acordos-internacionais/2004/22004D0108.md
22004D0108	Artigo 3.º		46	48	50	ue/acordos-internacionais/2004/22004D0108.md
22004D0108	Artigo 4.º		50	66	88	ue/acordos-internacionais/2004/22004D0108.md
22004D0109	Preâmbulo		18	32	258	ue/acordos-internacionais/2004/22004D0109.md
22004D0109	Artigo 1.º		36	42	75	ue/acordos-internacionais/2004/22004D0109.md
22004D0109	Artigo 2.º		44	46	47	ue/acordos-internacionais/2004/22004D0109.md
22004D0109	Artigo 3.º		48	50	50	ue/acordos-internacionais/2004/22004D0109.md
22004D0109	Artigo 4.º		52	70	98	ue/acordos-internacionais/2004/22004D0109.md
22004D0111	Preâmbulo		18	30	224	ue/acordos-internacionais/2004/22004D0111.md
22004D0111	Artigo 1.º		34	39	93	ue/acordos-internacionais/2004/22004D0111.md
22004D0111	Artigo 2.º		41	43	46	ue/acordos-internacionais/2004/22004D0111.md
22004D0111	Artigo 3.º		45	47	50	ue/acordos-internacionais/2004/22004D0111.md
22004D0111	Artigo 4.º		49	65	88	ue/acordos-internacionais/2004/22004D0111.md
22004D0112	Preâmbulo		18	30	263	ue/acordos-internacionais/2004/22004D0112.md
22004D0112	Artigo 1.º		34	51	280	ue/acordos-internacionais/2004/22004D0112.md
22004D0112	Artigo 2.º		53	55	46	ue/acordos-internacionais/2004/22004D0112.md
22004D0112	Artigo 3.º		57	59	50	ue/acordos-internacionais/2004/22004D0112.md
22004D0112	Artigo 4.º		61	77	87	ue/acordos-internacionais/2004/22004D0112.md
22004D0114	Preâmbulo		18	30	163	ue/acordos-internacionais/2004/22004D0114.md
22004D0114	Artigo 1.º		34	39	101	ue/acordos-internacionais/2004/22004D0114.md
22004D0114	Artigo 2.º		41	43	48	ue/acordos-internacionais/2004/22004D0114.md
22004D0114	Artigo 3.º		45	47	50	ue/acordos-internacionais/2004/22004D0114.md
22004D0114	Artigo 4.º		49	65	88	ue/acordos-internacionais/2004/22004D0114.md
22004D0116	Preâmbulo		18	36	223	ue/acordos-internacionais/2004/22004D0116.md
22004D0116(01)	Preâmbulo		18	32	254	ue/acordos-internacionais/2004/22004D0116(01).md
22004D0116(01)	Artigo 1.º		36	45	168	ue/acordos-internacionais/2004/22004D0116(01).md
22004D0116(01)	Artigo 2.º		47	51	58	ue/acordos-internacionais/2004/22004D0116(01).md
22004D0116(01)	Artigo 3.º		53	67	80	ue/acordos-internacionais/2004/22004D0116(01).md
22004D0118	Preâmbulo		18	32	185	ue/acordos-internacionais/2004/22004D0118.md
22004D0118	Artigo 1.º		36	50	331	ue/acordos-internacionais/2004/22004D0118.md
22004D0118	Artigo 2.º		52	54	40	ue/acordos-internacionais/2004/22004D0118.md
22004D0118	Artigo 3.º		56	58	57	ue/acordos-internacionais/2004/22004D0118.md
22004D0118	Artigo 4.º		60	76	90	ue/acordos-internacionais/2004/22004D0118.md
22004D0119	Preâmbulo		18	40	410	ue/acordos-internacionais/2004/22004D0119.md
22004D0119	Artigo 1.º		44	46	32	ue/acordos-internacionais/2004/22004D0119.md
22004D0119	Artigo 2.º		48	50	58	ue/acordos-internacionais/2004/22004D0119.md
22004D0119	Artigo 3.º		52	54	57	ue/acordos-internacionais/2004/22004D0119.md
22004D0119	Artigo 4.º		56	80	128	ue/acordos-internacionais/2004/22004D0119.md
22004D0119	ANEXO	à Decisão do Comité Misto do EEE n.º 119/2004	82	107	411	ue/acordos-internacionais/2004/22004D0119.md
22004D0120	Preâmbulo		18	42	590	ue/acordos-internacionais/2004/22004D0120.md
22004D0120	Artigo 1.º		46	48	32	ue/acordos-internacionais/2004/22004D0120.md
22004D0120	Artigo 2.º		50	52	59	ue/acordos-internacionais/2004/22004D0120.md
22004D0120	Artigo 3.º		54	56	57	ue/acordos-internacionais/2004/22004D0120.md
22004D0120	Artigo 4.º		58	84	136	ue/acordos-internacionais/2004/22004D0120.md
22004D0120	ANEXO	à Decisão do Comité Misto do EEE n.º 120/2004	86	121	609	ue/acordos-internacionais/2004/22004D0120.md
22004D0121	Preâmbulo		18	40	554	ue/acordos-internacionais/2004/22004D0121.md
22004D0121	Artigo 1.º		44	61	492	ue/acordos-internacionais/2004/22004D0121.md
22004D0121	Artigo 2.º		63	65	58	ue/acordos-internacionais/2004/22004D0121.md
22004D0121	Artigo 3.º		67	69	57	ue/acordos-internacionais/2004/22004D0121.md
22004D0121	Artigo 4.º		71	97	134	ue/acordos-internacionais/2004/22004D0121.md
22004D0122	Preâmbulo		18	30	262	ue/acordos-internacionais/2004/22004D0122.md
22004D0122	Artigo 1.º		34	54	296	ue/acordos-internacionais/2004/22004D0122.md
22004D0122	Artigo 2.º		56	58	45	ue/acordos-internacionais/2004/22004D0122.md
22004D0122	Artigo 3.º		60	62	57	ue/acordos-internacionais/2004/22004D0122.md
22004D0122	Artigo 4.º		64	80	89	ue/acordos-internacionais/2004/22004D0122.md
22004D0123	Preâmbulo		18	32	199	ue/acordos-internacionais/2004/22004D0123.md
22004D0123	Artigo 1.º		36	45	412	ue/acordos-internacionais/2004/22004D0123.md
22004D0123	Artigo 2.º		47	56	339	ue/acordos-internacionais/2004/22004D0123.md
22004D0123	Artigo 3.º		58	60	57	ue/acordos-internacionais/2004/22004D0123.md
22004D0123	Artigo 4.º		62	64	57	ue/acordos-internacionais/2004/22004D0123.md
22004D0123	Artigo 5.º		66	82	89	ue/acordos-internacionais/2004/22004D0123.md
22004D0123	ANEXO I	à Decisão do Comité Misto do EEE n.º 123/2004	84	582	1106	ue/acordos-internacionais/2004/22004D0123.md
22004D0123	ANEXO II	à Decisão do Comité Misto do EEE n.º 123/2004	584	621	767	ue/acordos-internacionais/2004/22004D0123.md
22004D0123	ANEXO III	à Decisão do Comité Misto do EEE n.º 123/2004	623	1121	1108	ue/acordos-internacionais/2004/22004D0123.md
22004D0123	ANEXO IV	à Decisão do Comité Misto do EEE n.º 123/2004	1123	1160	771	ue/acordos-internacionais/2004/22004D0123.md
22004D0124	Preâmbulo		18	66	1381	ue/acordos-internacionais/2004/22004D0124.md
22004D0124	Artigo 1.º		70	72	32	ue/acordos-internacionais/2004/22004D0124.md
22004D0124	Artigo 2.º		74	76	148	ue/acordos-internacionais/2004/22004D0124.md
22004D0124	Artigo 3.º		78	80	57	ue/acordos-internacionais/2004/22004D0124.md
22004D0124	Artigo 4.º		82	132	248	ue/acordos-internacionais/2004/22004D0124.md
22004D0124	ANEXO	à Decisão do Comité Misto do EEE n.º 124/2004	134	216	1452	ue/acordos-internacionais/2004/22004D0124.md
22004D0125	Preâmbulo		18	30	171	ue/acordos-internacionais/2004/22004D0125.md
22004D0125	Artigo 1.º		34	39	70	ue/acordos-internacionais/2004/22004D0125.md
22004D0125	Artigo 2.º		41	43	48	ue/acordos-internacionais/2004/22004D0125.md
22004D0125	Artigo 3.º		45	47	57	ue/acordos-internacionais/2004/22004D0125.md
22004D0125	Artigo 4.º		49	65	89	ue/acordos-internacionais/2004/22004D0125.md
22004D0126	Preâmbulo		18	30	182	ue/acordos-internacionais/2004/22004D0126.md
22004D0126	Artigo 1.º		34	43	186	ue/acordos-internacionais/2004/22004D0126.md
22004D0126	Artigo 2.º		45	47	48	ue/acordos-internacionais/2004/22004D0126.md
22004D0126	Artigo 3.º		49	51	57	ue/acordos-internacionais/2004/22004D0126.md
22004D0126	Artigo 4.º		53	69	90	ue/acordos-internacionais/2004/22004D0126.md
22004D0127	Preâmbulo		18	30	186	ue/acordos-internacionais/2004/22004D0127.md
22004D0127	Artigo 1.º		34	39	86	ue/acordos-internacionais/2004/22004D0127.md
22004D0127	Artigo 2.º		41	43	67	ue/acordos-internacionais/2004/22004D0127.md
22004D0127	Artigo 3.º		45	47	57	ue/acordos-internacionais/2004/22004D0127.md
22004D0127	Artigo 4.º		49	65	90	ue/acordos-internacionais/2004/22004D0127.md
22004D0128	Preâmbulo		18	30	172	ue/acordos-internacionais/2004/22004D0128.md
22004D0128	Artigo 1.º		34	40	84	ue/acordos-internacionais/2004/22004D0128.md
22004D0128	Artigo 2.º		42	44	45	ue/acordos-internacionais/2004/22004D0128.md
22004D0128	Artigo 3.º		46	48	57	ue/acordos-internacionais/2004/22004D0128.md
22004D0128	Artigo 4.º		50	66	90	ue/acordos-internacionais/2004/22004D0128.md
22004D0129	Preâmbulo		18	30	150	ue/acordos-internacionais/2004/22004D0129.md
22004D0129	Artigo 1.º		34	39	62	ue/acordos-internacionais/2004/22004D0129.md
22004D0129	Artigo 2.º		41	43	46	ue/acordos-internacionais/2004/22004D0129.md
22004D0129	Artigo 3.º		45	47	57	ue/acordos-internacionais/2004/22004D0129.md
22004D0129	Artigo 4.º		49	65	90	ue/acordos-internacionais/2004/22004D0129.md
22004D0130	Preâmbulo		18	34	198	ue/acordos-internacionais/2004/22004D0130.md
22004D0130	Artigo 1.º		38	40	29	ue/acordos-internacionais/2004/22004D0130.md
22004D0130	Artigo 2.º		42	44	31	ue/acordos-internacionais/2004/22004D0130.md
22004D0130	Artigo 3.º		46	48	31	ue/acordos-internacionais/2004/22004D0130.md
22004D0130	Artigo 4.º		50	52	47	ue/acordos-internacionais/2004/22004D0130.md
22004D0130	Artigo 5.º		54	56	47	ue/acordos-internacionais/2004/22004D0130.md
22004D0130	Artigo 6.º		58	74	88	ue/acordos-internacionais/2004/22004D0130.md
22004D0130	ANEXO I	à Decisão do Comité Misto do EEE n.º 130/2004	76	127	916	ue/acordos-internacionais/2004/22004D0130.md
22004D0130	ANEXO II	à Decisão do Comité Misto do EEE n.º 130/2004	129	158	614	ue/acordos-internacionais/2004/22004D0130.md
22004D0130	ANEXO III	à Decisão do Comité Misto do EEE n.º 130/2004	160	296	3606	ue/acordos-internacionais/2004/22004D0130.md
22004D0130	Artigo 1.º		172	180	289	ue/acordos-internacionais/2004/22004D0130.md
22004D0130	Artigo 2.º		182	188	257	ue/acordos-internacionais/2004/22004D0130.md
22004D0130	Artigo 3.º		190	202	203	ue/acordos-internacionais/2004/22004D0130.md
22004D0130	Artigo 4.º		204	206	71	ue/acordos-internacionais/2004/22004D0130.md
22004D0130	Artigo 5.º		208	212	98	ue/acordos-internacionais/2004/22004D0130.md
22004D0130	Artigo 6.º		214	224	306	ue/acordos-internacionais/2004/22004D0130.md
22004D0130	Artigo 7.º		226	230	120	ue/acordos-internacionais/2004/22004D0130.md
22004D0130	Artigo 8.º		232	246	473	ue/acordos-internacionais/2004/22004D0130.md
22004D0130	Artigo 9.º		248	266	1017	ue/acordos-internacionais/2004/22004D0130.md
22004D0130	Artigo 10.º		268	276	268	ue/acordos-internacionais/2004/22004D0130.md
22004D0130	Artigo 11.º		278	292	324	ue/acordos-internacionais/2004/22004D0130.md
22004D0130	Artigo 12.º		294	296	116	ue/acordos-internacionais/2004/22004D0130.md
22004D0131	Preâmbulo		18	32	229	ue/acordos-internacionais/2004/22004D0131.md
22004D0131	Artigo 1.º		36	87	859	ue/acordos-internacionais/2004/22004D0131.md
22004D0131	Artigo 2.º		89	91	53	ue/acordos-internacionais/2004/22004D0131.md
22004D0131	Artigo 3.º		93	95	54	ue/acordos-internacionais/2004/22004D0131.md
22004D0131	Artigo 4.º		97	115	98	ue/acordos-internacionais/2004/22004D0131.md
22004D0132	Preâmbulo		18	30	166	ue/acordos-internacionais/2004/22004D0132.md
22004D0132	Artigo 1.º		34	40	68	ue/acordos-internacionais/2004/22004D0132.md
22004D0132	Artigo 2.º		42	44	45	ue/acordos-internacionais/2004/22004D0132.md
22004D0132	Artigo 3.º		46	48	54	ue/acordos-internacionais/2004/22004D0132.md
22004D0132	Artigo 4.º		50	66	89	ue/acordos-internacionais/2004/22004D0132.md
22004D0133	Preâmbulo		18	30	153	ue/acordos-internacionais/2004/22004D0133.md
22004D0133	Artigo 1.º		34	39	69	ue/acordos-internacionais/2004/22004D0133.md
22004D0133	Artigo 2.º		41	43	45	ue/acordos-internacionais/2004/22004D0133.md
22004D0133	Artigo 3.º		45	47	57	ue/acordos-internacionais/2004/22004D0133.md
22004D0133	Artigo 4.º		49	65	90	ue/acordos-internacionais/2004/22004D0133.md
22004D0134	Preâmbulo		18	30	158	ue/acordos-internacionais/2004/22004D0134.md
22004D0134	Artigo 1.º		34	40	84	ue/acordos-internacionais/2004/22004D0134.md
22004D0134	Artigo 2.º		42	44	46	ue/acordos-internacionais/2004/22004D0134.md
22004D0134	Artigo 3.º		46	48	57	ue/acordos-internacionais/2004/22004D0134.md
22004D0134	Artigo 4.º		50	66	89	ue/acordos-internacionais/2004/22004D0134.md
22004D0135	Preâmbulo		18	32	238	ue/acordos-internacionais/2004/22004D0135.md
22004D0135	Artigo 1.º		36	48	231	ue/acordos-internacionais/2004/22004D0135.md
22004D0135	Artigo 2.º		50	52	49	ue/acordos-internacionais/2004/22004D0135.md
22004D0135	Artigo 3.º		54	56	57	ue/acordos-internacionais/2004/22004D0135.md
22004D0135	Artigo 4.º		58	76	98	ue/acordos-internacionais/2004/22004D0135.md
22004D0136	Preâmbulo		18	34	215	ue/acordos-internacionais/2004/22004D0136.md
22004D0136	Artigo 1.º		38	50	262	ue/acordos-internacionais/2004/22004D0136.md
22004D0136	Artigo 2.º		52	54	53	ue/acordos-internacionais/2004/22004D0136.md
22004D0136	Artigo 3.º		56	58	57	ue/acordos-internacionais/2004/22004D0136.md
22004D0136	Artigo 4.º		60	78	98	ue/acordos-internacionais/2004/22004D0136.md
22004D0137	Preâmbulo		18	34	270	ue/acordos-internacionais/2004/22004D0137.md
22004D0137	Artigo 1.º		38	42	77	ue/acordos-internacionais/2004/22004D0137.md
22004D0137	Artigo 2.º		44	48	69	ue/acordos-internacionais/2004/22004D0137.md
22004D0137	Artigo 3.º		50	68	98	ue/acordos-internacionais/2004/22004D0137.md
22004D0138	Preâmbulo		18	36	360	ue/acordos-internacionais/2004/22004D0138.md
22004D0138	Artigo 1.º		40	52	260	ue/acordos-internacionais/2004/22004D0138.md
22004D0138	Artigo 2.º		54	58	64	ue/acordos-internacionais/2004/22004D0138.md
22004D0138	Artigo 3.º		60	74	80	ue/acordos-internacionais/2004/22004D0138.md
22004D0138	ANEXO I	à Decisão do Comité Misto do EEE n.º 138/2004	76	211	1551	ue/acordos-internacionais/2004/22004D0138.md
22004D0138	ANEXO II	à Decisão do Comité Misto do EEE n.º 138/2004	213	394	5662	ue/acordos-internacionais/2004/22004D0138.md
22004D0139	Preâmbulo		18	38	364	ue/acordos-internacionais/2004/22004D0139.md
22004D0139	Artigo 1.º		42	60	327	ue/acordos-internacionais/2004/22004D0139.md
22004D0139	Artigo 2.º		62	64	64	ue/acordos-internacionais/2004/22004D0139.md
22004D0139	Artigo 3.º		66	68	51	ue/acordos-internacionais/2004/22004D0139.md
22004D0139	Artigo 4.º		70	94	125	ue/acordos-internacionais/2004/22004D0139.md
22004D0140	Preâmbulo		18	32	250	ue/acordos-internacionais/2004/22004D0140.md
22004D0140	Artigo 1.º		36	43	198	ue/acordos-internacionais/2004/22004D0140.md
22004D0140	Artigo 2.º		45	47	70	ue/acordos-internacionais/2004/22004D0140.md
22004D0140	Artigo 3.º		49	51	51	ue/acordos-internacionais/2004/22004D0140.md
22004D0140	Artigo 4.º		53	71	99	ue/acordos-internacionais/2004/22004D0140.md
22004D0141	Preâmbulo		18	34	330	ue/acordos-internacionais/2004/22004D0141.md
22004D0141	Artigo 1.º		38	45	234	ue/acordos-internacionais/2004/22004D0141.md
22004D0141	Artigo 2.º		47	49	52	ue/acordos-internacionais/2004/22004D0141.md
22004D0141	Artigo 3.º		51	53	51	ue/acordos-internacionais/2004/22004D0141.md
22004D0141	Artigo 4.º		55	75	106	ue/acordos-internacionais/2004/22004D0141.md
22004D0142	Preâmbulo		18	30	174	ue/acordos-internacionais/2004/22004D0142.md
22004D0142	Artigo 1.º		34	39	83	ue/acordos-internacionais/2004/22004D0142.md
22004D0142	Artigo 2.º		41	43	45	ue/acordos-internacionais/2004/22004D0142.md
22004D0142	Artigo 3.º		45	47	51	ue/acordos-internacionais/2004/22004D0142.md
22004D0142	Artigo 4.º		49	65	88	ue/acordos-internacionais/2004/22004D0142.md
22004D0143	Preâmbulo		18	42	546	ue/acordos-internacionais/2004/22004D0143.md
22004D0143	Artigo 1.º		46	48	32	ue/acordos-internacionais/2004/22004D0143.md
22004D0143	Artigo 2.º		50	52	68	ue/acordos-internacionais/2004/22004D0143.md
22004D0143	Artigo 3.º		54	56	51	ue/acordos-internacionais/2004/22004D0143.md
22004D0143	Artigo 4.º		58	86	144	ue/acordos-internacionais/2004/22004D0143.md
22004D0143	ANEXO	à Decisão do Comité Misto do EEE n.º 143/2004	88	132	475	ue/acordos-internacionais/2004/22004D0143.md
22004D0144	Preâmbulo		18	28	100	ue/acordos-internacionais/2004/22004D0144.md
22004D0144	Artigo 1.º		32	39	100	ue/acordos-internacionais/2004/22004D0144.md
22004D0144	Artigo 2.º		41	43	54	ue/acordos-internacionais/2004/22004D0144.md
22004D0144	Artigo 3.º		45	47	51	ue/acordos-internacionais/2004/22004D0144.md
22004D0144	Artigo 4.º		49	67	98	ue/acordos-internacionais/2004/22004D0144.md
22004D0145	Preâmbulo		18	32	268	ue/acordos-internacionais/2004/22004D0145.md
22004D0145	Artigo 1.º		36	43	100	ue/acordos-internacionais/2004/22004D0145.md
22004D0145	Artigo 2.º		45	47	53	ue/acordos-internacionais/2004/22004D0145.md
22004D0145	Artigo 3.º		49	51	51	ue/acordos-internacionais/2004/22004D0145.md
22004D0145	Artigo 4.º		53	71	98	ue/acordos-internacionais/2004/22004D0145.md
22004D0146	Preâmbulo		18	30	184	ue/acordos-internacionais/2004/22004D0146.md
22004D0146	Artigo 1.º		34	39	69	ue/acordos-internacionais/2004/22004D0146.md
22004D0146	Artigo 2.º		41	43	48	ue/acordos-internacionais/2004/22004D0146.md
22004D0146	Artigo 3.º		45	47	51	ue/acordos-internacionais/2004/22004D0146.md
22004D0146	Artigo 4.º		49	65	89	ue/acordos-internacionais/2004/22004D0146.md
22004D0147	Preâmbulo		18	30	240	ue/acordos-internacionais/2004/22004D0147.md
22004D0147	Artigo 1.º		34	39	64	ue/acordos-internacionais/2004/22004D0147.md
22004D0147	Artigo 2.º		41	43	46	ue/acordos-internacionais/2004/22004D0147.md
22004D0147	Artigo 3.º		45	47	51	ue/acordos-internacionais/2004/22004D0147.md
22004D0147	Artigo 4.º		49	65	88	ue/acordos-internacionais/2004/22004D0147.md
22004D0148	Preâmbulo		18	40	515	ue/acordos-internacionais/2004/22004D0148.md
22004D0148	Artigo 1.º		44	59	199	ue/acordos-internacionais/2004/22004D0148.md
22004D0148	Artigo 2.º		61	63	61	ue/acordos-internacionais/2004/22004D0148.md
22004D0148	Artigo 3.º		65	67	51	ue/acordos-internacionais/2004/22004D0148.md
22004D0148	Artigo 4.º		69	95	135	ue/acordos-internacionais/2004/22004D0148.md
22004D0149	Preâmbulo		18	30	226	ue/acordos-internacionais/2004/22004D0149.md
22004D0149	Artigo 1.º		34	39	165	ue/acordos-internacionais/2004/22004D0149.md
22004D0149	Artigo 2.º		41	43	46	ue/acordos-internacionais/2004/22004D0149.md
22004D0149	Artigo 3.º		45	47	51	ue/acordos-internacionais/2004/22004D0149.md
22004D0149	Artigo 4.º		49	65	88	ue/acordos-internacionais/2004/22004D0149.md
22004D0154	Preâmbulo		18	30	173	ue/acordos-internacionais/2004/22004D0154.md
22004D0154	Artigo 1.º		34	46	115	ue/acordos-internacionais/2004/22004D0154.md
22004D0154	Artigo 2.º		48	50	48	ue/acordos-internacionais/2004/22004D0154.md
22004D0154	Artigo 3.º		52	54	51	ue/acordos-internacionais/2004/22004D0154.md
22004D0154	Artigo 4.º		56	72	89	ue/acordos-internacionais/2004/22004D0154.md
22004D0155	Preâmbulo		18	32	264	ue/acordos-internacionais/2004/22004D0155.md
22004D0155	Artigo 1.º		36	42	99	ue/acordos-internacionais/2004/22004D0155.md
22004D0155	Artigo 2.º		44	46	62	ue/acordos-internacionais/2004/22004D0155.md
22004D0155	Artigo 3.º		48	50	51	ue/acordos-internacionais/2004/22004D0155.md
22004D0155	Artigo 4.º		52	70	120	ue/acordos-internacionais/2004/22004D0155.md
22004D0156	Preâmbulo		18	32	239	ue/acordos-internacionais/2004/22004D0156.md
22004D0156	Artigo 1.º		36	41	250	ue/acordos-internacionais/2004/22004D0156.md
22004D0156	Artigo 2.º		43	45	48	ue/acordos-internacionais/2004/22004D0156.md
22004D0156	Artigo 3.º		47	49	51	ue/acordos-internacionais/2004/22004D0156.md
22004D0156	Artigo 4.º		51	71	129	ue/acordos-internacionais/2004/22004D0156.md
22004D0157	Preâmbulo		18	30	157	ue/acordos-internacionais/2004/22004D0157.md
22004D0157	Artigo 1.º		34	39	96	ue/acordos-internacionais/2004/22004D0157.md
22004D0157	Artigo 2.º		41	43	48	ue/acordos-internacionais/2004/22004D0157.md
22004D0157	Artigo 3.º		45	47	51	ue/acordos-internacionais/2004/22004D0157.md
22004D0157	Artigo 4.º		49	65	88	ue/acordos-internacionais/2004/22004D0157.md
22004D0158	Preâmbulo		18	32	239	ue/acordos-internacionais/2004/22004D0158.md
22004D0158	Artigo 1.º		36	41	100	ue/acordos-internacionais/2004/22004D0158.md
22004D0158	Artigo 2.º		43	45	48	ue/acordos-internacionais/2004/22004D0158.md
22004D0158	Artigo 3.º		47	49	51	ue/acordos-internacionais/2004/22004D0158.md
22004D0158	Artigo 4.º		51	71	129	ue/acordos-internacionais/2004/22004D0158.md
22004D0159	Preâmbulo		18	32	224	ue/acordos-internacionais/2004/22004D0159.md
22004D0159	Artigo 1.º		36	49	182	ue/acordos-internacionais/2004/22004D0159.md
22004D0159	Artigo 2.º		51	53	51	ue/acordos-internacionais/2004/22004D0159.md
22004D0159	Artigo 3.º		55	57	51	ue/acordos-internacionais/2004/22004D0159.md
22004D0159	Artigo 4.º		59	77	98	ue/acordos-internacionais/2004/22004D0159.md
22004D0160	Preâmbulo		18	32	241	ue/acordos-internacionais/2004/22004D0160.md
22004D0160	Artigo 1.º		36	48	267	ue/acordos-internacionais/2004/22004D0160.md
22004D0160	Artigo 2.º		50	54	56	ue/acordos-internacionais/2004/22004D0160.md
22004D0160	Artigo 3.º		56	72	91	ue/acordos-internacionais/2004/22004D0160.md
22004D0161	Preâmbulo		18	32	210	ue/acordos-internacionais/2004/22004D0161.md
22004D0161	Artigo 1.º		36	48	166	ue/acordos-internacionais/2004/22004D0161.md
22004D0161	Artigo 2.º		50	52	52	ue/acordos-internacionais/2004/22004D0161.md
22004D0161	Artigo 3.º		54	56	51	ue/acordos-internacionais/2004/22004D0161.md
22004D0161	Artigo 4.º		58	76	98	ue/acordos-internacionais/2004/22004D0161.md
22004D0162	Preâmbulo		18	32	273	ue/acordos-internacionais/2004/22004D0162.md
22004D0162	Artigo 1.º		36	52	322	ue/acordos-internacionais/2004/22004D0162.md
22004D0162	Artigo 2.º		54	56	52	ue/acordos-internacionais/2004/22004D0162.md
22004D0162	Artigo 3.º		58	60	51	ue/acordos-internacionais/2004/22004D0162.md
22004D0162	Artigo 4.º		62	80	98	ue/acordos-internacionais/2004/22004D0162.md
22004D0163	Preâmbulo		18	34	323	ue/acordos-internacionais/2004/22004D0163.md
22004D0163	Artigo 1.º		38	54	264	ue/acordos-internacionais/2004/22004D0163.md
22004D0163	Artigo 2.º		56	58	74	ue/acordos-internacionais/2004/22004D0163.md
22004D0163	Artigo 3.º		60	62	51	ue/acordos-internacionais/2004/22004D0163.md
22004D0163	Artigo 4.º		64	84	107	ue/acordos-internacionais/2004/22004D0163.md
22004D0164	Preâmbulo		18	30	212	ue/acordos-internacionais/2004/22004D0164.md
22004D0164	Artigo 1.º		34	39	86	ue/acordos-internacionais/2004/22004D0164.md
22004D0164	Artigo 2.º		41	43	71	ue/acordos-internacionais/2004/22004D0164.md
22004D0164	Artigo 3.º		45	47	51	ue/acordos-internacionais/2004/22004D0164.md
22004D0164	Artigo 4.º		49	65	89	ue/acordos-internacionais/2004/22004D0164.md
22004D0165	Preâmbulo		18	34	305	ue/acordos-internacionais/2004/22004D0165.md
22004D0165	Artigo 1.º		38	58	297	ue/acordos-internacionais/2004/22004D0165.md
22004D0165	Artigo 2.º		60	62	58	ue/acordos-internacionais/2004/22004D0165.md
22004D0165	Artigo 3.º		64	66	51	ue/acordos-internacionais/2004/22004D0165.md
22004D0165	Artigo 4.º		68	88	108	ue/acordos-internacionais/2004/22004D0165.md
22004D0166	Preâmbulo		18	30	176	ue/acordos-internacionais/2004/22004D0166.md
22004D0166	Artigo 1.º		34	39	66	ue/acordos-internacionais/2004/22004D0166.md
22004D0166	Artigo 2.º		41	43	46	ue/acordos-internacionais/2004/22004D0166.md
22004D0166	Artigo 3.º		45	47	51	ue/acordos-internacionais/2004/22004D0166.md
22004D0166	Artigo 4.º		49	65	89	ue/acordos-internacionais/2004/22004D0166.md
22004D0167	Preâmbulo		18	30	164	ue/acordos-internacionais/2004/22004D0167.md
22004D0167	Artigo 1.º		34	39	420	ue/acordos-internacionais/2004/22004D0167.md
22004D0167	Artigo 2.º		41	43	48	ue/acordos-internacionais/2004/22004D0167.md
22004D0167	Artigo 3.º		45	47	51	ue/acordos-internacionais/2004/22004D0167.md
22004D0167	Artigo 4.º		49	65	88	ue/acordos-internacionais/2004/22004D0167.md
22004D0170	Preâmbulo		18	30	167	ue/acordos-internacionais/2004/22004D0170.md
22004D0170	Artigo 1.º		34	39	104	ue/acordos-internacionais/2004/22004D0170.md
22004D0170	Artigo 2.º		41	43	45	ue/acordos-internacionais/2004/22004D0170.md
22004D0170	Artigo 3.º		45	47	51	ue/acordos-internacionais/2004/22004D0170.md
22004D0170	Artigo 4.º		49	65	89	ue/acordos-internacionais/2004/22004D0170.md
22004D0171	Preâmbulo		18	32	239	ue/acordos-internacionais/2004/22004D0171.md
22004D0171	Artigo 1.º		36	45	160	ue/acordos-internacionais/2004/22004D0171.md
22004D0171	Artigo 2.º		47	49	48	ue/acordos-internacionais/2004/22004D0171.md
22004D0171	Artigo 3.º		51	53	51	ue/acordos-internacionais/2004/22004D0171.md
22004D0171	Artigo 4.º		55	73	97	ue/acordos-internacionais/2004/22004D0171.md
22004D0172	Preâmbulo		18	30	181	ue/acordos-internacionais/2004/22004D0172.md
22004D0172	Artigo 1.º		34	43	183	ue/acordos-internacionais/2004/22004D0172.md
22004D0172	Artigo 2.º		45	47	45	ue/acordos-internacionais/2004/22004D0172.md
22004D0172	Artigo 3.º		49	51	51	ue/acordos-internacionais/2004/22004D0172.md
22004D0172	Artigo 4.º		53	69	88	ue/acordos-internacionais/2004/22004D0172.md
22004D0173	Preâmbulo		18	32	246	ue/acordos-internacionais/2004/22004D0173.md
22004D0173	Artigo 1.º		36	45	222	ue/acordos-internacionais/2004/22004D0173.md
22004D0173	Artigo 2.º		47	49	59	ue/acordos-internacionais/2004/22004D0173.md
22004D0173	Artigo 3.º		51	53	51	ue/acordos-internacionais/2004/22004D0173.md
22004D0173	Artigo 4.º		55	73	98	ue/acordos-internacionais/2004/22004D0173.md
22004D0174	Preâmbulo		18	32	182	ue/acordos-internacionais/2004/22004D0174.md
22004D0174	Artigo 1.º		36	57	267	ue/acordos-internacionais/2004/22004D0174.md
22004D0174	Artigo 2.º		59	61	45	ue/acordos-internacionais/2004/22004D0174.md
22004D0174	Artigo 3.º		63	65	51	ue/acordos-internacionais/2004/22004D0174.md
22004D0174	Artigo 4.º		67	83	90	ue/acordos-internacionais/2004/22004D0174.md
22004D0175	Preâmbulo		18	32	166	ue/acordos-internacionais/2004/22004D0175.md
22004D0175	Artigo 1.º		36	46	143	ue/acordos-internacionais/2004/22004D0175.md
22004D0175	Artigo 2.º		48	50	48	ue/acordos-internacionais/2004/22004D0175.md
22004D0175	Artigo 3.º		52	54	51	ue/acordos-internacionais/2004/22004D0175.md
22004D0175	Artigo 4.º		56	72	89	ue/acordos-internacionais/2004/22004D0175.md
22004D0176	Preâmbulo		18	32	308	ue/acordos-internacionais/2004/22004D0176.md
22004D0176	Artigo 1.º		36	41	143	ue/acordos-internacionais/2004/22004D0176.md
22004D0176	Artigo 2.º		43	45	52	ue/acordos-internacionais/2004/22004D0176.md
22004D0176	Artigo 3.º		47	49	51	ue/acordos-internacionais/2004/22004D0176.md
22004D0176	Artigo 4.º		51	69	97	ue/acordos-internacionais/2004/22004D0176.md
22004D0177	Preâmbulo		18	50	760	ue/acordos-internacionais/2004/22004D0177.md
22004D0177	Artigo 1.º		54	56	42	ue/acordos-internacionais/2004/22004D0177.md
22004D0177	Artigo 2.º		58	62	62	ue/acordos-internacionais/2004/22004D0177.md
22004D0177	Artigo 3.º		64	86	118	ue/acordos-internacionais/2004/22004D0177.md
22004D0178	Preâmbulo		18	34	241	ue/acordos-internacionais/2004/22004D0178.md
22004D0178	Artigo 1.º		38	46	154	ue/acordos-internacionais/2004/22004D0178.md
22004D0178	Artigo 2.º		48	52	28	ue/acordos-internacionais/2004/22004D0178.md
22004D0178	Artigo 10ºA		54	56	182	ue/acordos-internacionais/2004/22004D0178.md
22004D0178	Artigo 3.º		58	60	48	ue/acordos-internacionais/2004/22004D0178.md
22004D0178	Artigo 4.º		62	64	84	ue/acordos-internacionais/2004/22004D0178.md
22004D0178	Artigo 5.º		66	88	116	ue/acordos-internacionais/2004/22004D0178.md
22004D0179	Preâmbulo		18	34	274	ue/acordos-internacionais/2004/22004D0179.md
22004D0179	Artigo 1.º		38	40	29	ue/acordos-internacionais/2004/22004D0179.md
22004D0179	Artigo 2.º		42	44	48	ue/acordos-internacionais/2004/22004D0179.md
22004D0179	Artigo 3.º		46	48	54	ue/acordos-internacionais/2004/22004D0179.md
22004D0179	Artigo 4.º		50	66	91	ue/acordos-internacionais/2004/22004D0179.md
22004D0179	ANEXO	da Decisão do Comité Misto do EEE nº 179/2004	68	160	1678	ue/acordos-internacionais/2004/22004D0179.md
22004D0181	Preâmbulo		18	32	202	ue/acordos-internacionais/2004/22004D0181.md
22004D0181	Artigo 1.º		36	41	83	ue/acordos-internacionais/2004/22004D0181.md
22004D0181	Artigo 2.º		43	47	58	ue/acordos-internacionais/2004/22004D0181.md
22004D0181	Artigo 3.º		49	65	88	ue/acordos-internacionais/2004/22004D0181.md
22004D0182	Preâmbulo		18	32	223	ue/acordos-internacionais/2004/22004D0182.md
22004D0182	Artigo 1.º		36	49	181	ue/acordos-internacionais/2004/22004D0182.md
22004D0182	Artigo 2.º		51	55	53	ue/acordos-internacionais/2004/22004D0182.md
22004D0182	Artigo 3.º		57	73	89	ue/acordos-internacionais/2004/22004D0182.md
22004D0183	Preâmbulo		18	32	222	ue/acordos-internacionais/2004/22004D0183.md
22004D0183	Artigo 1.º		36	47	195	ue/acordos-internacionais/2004/22004D0183.md
22004D0183	Artigo 2.º		49	53	53	ue/acordos-internacionais/2004/22004D0183.md
22004D0183	Artigo 3.º		55	71	89	ue/acordos-internacionais/2004/22004D0183.md
22004D0193	Preâmbulo		18	32	131	ue/acordos-internacionais/2004/22004D0193.md
22004D0196	Preâmbulo		18	36	242	ue/acordos-internacionais/2004/22004D0196.md
22004D0243	Preâmbulo		18	36	248	ue/acordos-internacionais/2004/22004D0243.md
22004D0362	Preâmbulo		18	40	345	ue/acordos-internacionais/2004/22004D0362.md
22004D0362	Artigo 1.º		44	46	62	ue/acordos-internacionais/2004/22004D0362.md
22004D0362	Artigo 2.º		48	56	40	ue/acordos-internacionais/2004/22004D0362.md
22004D0369	Preâmbulo		18	32	211	ue/acordos-internacionais/2004/22004D0369.md
22004D0369	Artigo 1.º		36	38	58	ue/acordos-internacionais/2004/22004D0369.md
22004D0369	Artigo 2.º		40	42	43	ue/acordos-internacionais/2004/22004D0369.md
22004D0369	Artigo 3.º		44	64	154	ue/acordos-internacionais/2004/22004D0369.md
22004D0403	Preâmbulo		18	44	394	ue/acordos-internacionais/2004/22004D0403.md
22004D0403	Artigo 1.º		48	50	20	ue/acordos-internacionais/2004/22004D0403.md
22004D0403	Artigo 2.º		52	80	137	ue/acordos-internacionais/2004/22004D0403.md
22004D0632	Preâmbulo		18	34	616	ue/acordos-internacionais/2004/22004D0632.md
22004D0632	Artigo 1.º	Criação de uma Facilidade ACP-UE para a Água	38	40	178	ue/acordos-internacionais/2004/22004D0632.md
22004D0632	Artigo 2.º	Segunda fracção	42	44	71	ue/acordos-internacionais/2004/22004D0632.md
22004D0632	Artigo 3.º	Pedido de apoio	46	58	106	ue/acordos-internacionais/2004/22004D0632.md
22004D0640	Preâmbulo		18	30	314	ue/acordos-internacionais/2004/22004D0640.md
22004D0640	Artigo 1.º		34	42	182	ue/acordos-internacionais/2004/22004D0640.md
22004D0640	Artigo 2.º		44	48	232	ue/acordos-internacionais/2004/22004D0640.md
22004D0640	Artigo 3.º		50	52	48	ue/acordos-internacionais/2004/22004D0640.md
22004D0640	Artigo 4.º		54	58	96	ue/acordos-internacionais/2004/22004D0640.md
22004D0640	Artigo 5.º		60	74	159	ue/acordos-internacionais/2004/22004D0640.md
22004D0640	ANEXO I		76	82	58	ue/acordos-internacionais/2004/22004D0640.md
22004D0640	ANEXO II		84	90	54	ue/acordos-internacionais/2004/22004D0640.md
22004D0640	ANEXO III		92	103	972	ue/acordos-internacionais/2004/22004D0640.md
22004D0640	ANEXO IV		105	113	7074	ue/acordos-internacionais/2004/22004D0640.md
22004D0640	ANEXO V		115	157	158	ue/acordos-internacionais/2004/22004D0640.md
22004D0647	Preâmbulo		18	34	286	ue/acordos-internacionais/2004/22004D0647.md
22004D0647	Artigo 1.º		38	48	258	ue/acordos-internacionais/2004/22004D0647.md
22004D0647	Artigo 2.º		50	60	56	ue/acordos-internacionais/2004/22004D0647.md
22004D0699	Preâmbulo		18	36	330	ue/acordos-internacionais/2004/22004D0699.md
22004D0699	Artigo 1.º		40	42	43	ue/acordos-internacionais/2004/22004D0699.md
22004D0699	Artigo 2.º		44	52	232	ue/acordos-internacionais/2004/22004D0699.md
22004D0699	Artigo 3.º		54	60	156	ue/acordos-internacionais/2004/22004D0699.md
22004D0699	Artigo 4.º		62	76	62	ue/acordos-internacionais/2004/22004D0699.md
22004D0699	ANEXO		78	86	72	ue/acordos-internacionais/2004/22004D0699.md
22004D0702	Preâmbulo		18	26	49	ue/acordos-internacionais/2004/22004D0702.md
22004D0702	Apêndice A		48	58	110	ue/acordos-internacionais/2004/22004D0702.md
22004D0801	Preâmbulo		18	38	505	ue/acordos-internacionais/2004/22004D0801.md
22004D0801	Artigo 1.º		42	44	60	ue/acordos-internacionais/2004/22004D0801.md
22004D0801	Artigo 2.º		46	228	1098	ue/acordos-internacionais/2004/22004D0801.md
22004D0801	Artigo 1.º	Definições	232	260	617	ue/acordos-internacionais/2004/22004D0801.md
22004D0801	Artigo 2.º	Requisitos gerais	264	278	275	ue/acordos-internacionais/2004/22004D0801.md
22004D0801	Artigo 3.º	Acumulação na Comunidade	280	290	596	ue/acordos-internacionais/2004/22004D0801.md
22004D0801	Artigo 4.º	Acumulação na Suíça	292	302	583	ue/acordos-internacionais/2004/22004D0801.md
22004D0801	Artigo 5.º	Produtos inteiramente obtidos	304	342	598	ue/acordos-internacionais/2004/22004D0801.md
22004D0801	Artigo 6.º	Produtos objecto de operações de complemento de fabrico ou de transformação suficientes	344	358	418	ue/acordos-internacionais/2004/22004D0801.md
22004D0801	Artigo 7.º	Operações de complemento de fabrico ou de transformação insuficientes	360	396	494	ue/acordos-internacionais/2004/22004D0801.md
22004D0801	Artigo 8.º	Unidade de qualificação	398	408	231	ue/acordos-internacionais/2004/22004D0801.md
22004D0801	Artigo 9.º	Acessórios, peças sobressalentes e ferramentas	410	412	106	ue/acordos-internacionais/2004/22004D0801.md
22004D0801	Artigo 10.º	Sortidos	414	416	104	ue/acordos-internacionais/2004/22004D0801.md
22004D0801	Artigo 11.º	Elementos neutros	418	428	95	ue/acordos-internacionais/2004/22004D0801.md
22004D0801	Artigo 12.º	Princípio da territorialidade	432	466	872	ue/acordos-internacionais/2004/22004D0801.md
22004D0801	Artigo 13.º	Transporte directo	468	488	407	ue/acordos-internacionais/2004/22004D0801.md
22004D0801	Artigo 14.º	Exposições	490	506	397	ue/acordos-internacionais/2004/22004D0801.md
22004D0801	Artigo 15.º	Proibição de draubaque ou de isenção de direitos aduaneiros	510	524	582	ue/acordos-internacionais/2004/22004D0801.md
22004D0801	Artigo 16.º	Requisitos gerais	528	536	234	ue/acordos-internacionais/2004/22004D0801.md
22004D0801	Artigo 17.º	Procedimento para a emissão do certificado de circulação EUR.1	538	552	659	ue/acordos-internacionais/2004/22004D0801.md
22004D0801	Artigo 18.º	Emissão a posteriori do certificado de circulação EUR.1	554	592	380	ue/acordos-internacionais/2004/22004D0801.md
22004D0801	Artigo 19.º	Emissão de uma segunda via do certificado de circulação EUR.1	594	624	214	ue/acordos-internacionais/2004/22004D0801.md
22004D0801	Artigo 20.º	Emissão de certificados de circulação EUR.1 com base numa prova de origem anteriormente emitida	626	628	149	ue/acordos-internacionais/2004/22004D0801.md
22004D0801	Artigo 20.º.ºA	Separação de contas	630	642	364	ue/acordos-internacionais/2004/22004D0801.md
22004D0801	Artigo 21.º	Condições para efectuar uma declaração na factura	644	662	519	ue/acordos-internacionais/2004/22004D0801.md
22004D0801	Artigo 22.º	Exportador autorizado	664	674	312	ue/acordos-internacionais/2004/22004D0801.md
22004D0801	Artigo 23.º	Prazo de validade da prova de origem	676	682	180	ue/acordos-internacionais/2004/22004D0801.md
22004D0801	Artigo 24.º	Apresentação da prova de origem	684	686	112	ue/acordos-internacionais/2004/22004D0801.md
22004D0801	Artigo 25.º	Importação em remessas escalonadas	688	690	134	ue/acordos-internacionais/2004/22004D0801.md
22004D0801	Artigo 26.º	Isenções da prova de origem	692	698	288	ue/acordos-internacionais/2004/22004D0801.md
22004D0801	Artigo 27.º	Documentos comprovativos	700	712	442	ue/acordos-internacionais/2004/22004D0801.md
22004D0801	Artigo 28.º	Conservação da prova de origem e dos documentos comprovativos	714	722	211	ue/acordos-internacionais/2004/22004D0801.md
22004D0801	Artigo 29.º	Discrepâncias e erros formais	724	728	167	ue/acordos-internacionais/2004/22004D0801.md
22004D0801	Artigo 30.º	Montantes expressos em euros	730	740	502	ue/acordos-internacionais/2004/22004D0801.md
22004D0801	Artigo 31.º	Assistência mútua	744	748	189	ue/acordos-internacionais/2004/22004D0801.md
22004D0801	Artigo 32.º	Controlo da prova de origem	750	762	574	ue/acordos-internacionais/2004/22004D0801.md
22004D0801	Artigo 33.º	Resolução de litígios	764	768	134	ue/acordos-internacionais/2004/22004D0801.md
22004D0801	Artigo 34.º	Sanções	770	772	50	ue/acordos-internacionais/2004/22004D0801.md
22004D0801	Artigo 35.º	Zonas francas	774	778	194	ue/acordos-internacionais/2004/22004D0801.md
22004D0801	Artigo 36.º	Aplicação do protocolo	782	788	212	ue/acordos-internacionais/2004/22004D0801.md
22004D0801	Artigo 37.º	Condições especiais	790	822	486	ue/acordos-internacionais/2004/22004D0801.md
22004D0801	Artigo 38.º	Alterações ao Protocolo	826	832	98	ue/acordos-internacionais/2004/22004D0801.md
22004D0801	ANEXO I		834	1052	4226	ue/acordos-internacionais/2004/22004D0801.md
22004D0801	ANEXO II		1054	1677	42695	ue/acordos-internacionais/2004/22004D0801.md
22004D0801	ANEXO III		1679	1715	1229	ue/acordos-internacionais/2004/22004D0801.md
22004D0801	ANEXO IV		1717	1781	910	ue/acordos-internacionais/2004/22004D0801.md
22004D0801	ANEXO V		1783	1849	1557	ue/acordos-internacionais/2004/22004D0801.md
22004D0802	Preâmbulo		18	32	201	ue/acordos-internacionais/2004/22004D0802.md
22004D0802	Artigo 1.º		36	38	26	ue/acordos-internacionais/2004/22004D0802.md
22004D0802	Artigo 2.º		40	54	67	ue/acordos-internacionais/2004/22004D0802.md
22004D0802	ANEXO	«ANEXO III	56	699	11980	ue/acordos-internacionais/2004/22004D0802.md
22004D0805	Preâmbulo		18	36	315	ue/acordos-internacionais/2004/22004D0805.md
22004D0805	Artigo 1.º		40	42	61	ue/acordos-internacionais/2004/22004D0805.md
22004D0805	Artigo 2.º		44	46	82	ue/acordos-internacionais/2004/22004D0805.md
22004D0805	Artigo 3.º		48	50	47	ue/acordos-internacionais/2004/22004D0805.md
22004D0805	Artigo 4.º		52	64	73	ue/acordos-internacionais/2004/22004D0805.md
22004D0805	ANEXO		66	75	247	ue/acordos-internacionais/2004/22004D0805.md
22004D0868	Preâmbulo		18	26	48	ue/acordos-internacionais/2004/22004D0868.md
22004D0868	ANEXO A	Organismo de avaliação da conformidade comunitário acrescentado à lista dos organismos de avaliação da conformidade que figuram na coluna «Acesso comunitário ao	48	56	102	ue/acordos-internacionais/2004/22004D0868.md
22004D0885	Preâmbulo		18	26	48	ue/acordos-internacionais/2004/22004D0885.md
22004D0885	ANEXO A	Organismo comunitário de avaliação da conformidade acrescentado à lista dos organismos de avaliação da conformidade que figura na secção V do anexo sectorial so	48	55	88	ue/acordos-internacionais/2004/22004D0885.md
22004D1214(01)	Artigo 1.º		32	42	167	ue/acordos-internacionais/2004/22004D1214(01).md
22004D1214(01)	Artigo 2.º		44	46	21	ue/acordos-internacionais/2004/22004D1214(01).md
22004D1214(01)	Artigo 3.º		48	60	79	ue/acordos-internacionais/2004/22004D1214(01).md
22004D1214(02)	Artigo 1.º		43	61	336	ue/acordos-internacionais/2004/22004D1214(02).md
22004D1214(02)	Artigo 2.º		63	69	96	ue/acordos-internacionais/2004/22004D1214(02).md
22004D1214(02)	Artigo 3.º		71	73	32	ue/acordos-internacionais/2004/22004D1214(02).md
22004D1214(02)	Artigo 4.º		75	87	461	ue/acordos-internacionais/2004/22004D1214(02).md
22004D1214(02)	Artigo 5.º		89	95	212	ue/acordos-internacionais/2004/22004D1214(02).md
22004D1214(02)	Artigo 6.º		97	101	238	ue/acordos-internacionais/2004/22004D1214(02).md
22004D1214(02)	Artigo 7.º		103	105	40	ue/acordos-internacionais/2004/22004D1214(02).md
22004D1214(02)	Artigo 8.º		107	121	166	ue/acordos-internacionais/2004/22004D1214(02).md
22004D1214(02)	Artigo 9.º		123	131	124	ue/acordos-internacionais/2004/22004D1214(02).md
22004D1214(02)	Artigo 10.º		133	135	58	ue/acordos-internacionais/2004/22004D1214(02).md
22004D1214(02)	Artigo 11.º		137	139	24	ue/acordos-internacionais/2004/22004D1214(02).md
22004D1214(02)	Artigo 12.º		141	147	88	ue/acordos-internacionais/2004/22004D1214(02).md
22004D1214(02)	Artigo 13.º		149	155	116	ue/acordos-internacionais/2004/22004D1214(02).md
22004D1214(02)	Artigo 14.º		157	163	128	ue/acordos-internacionais/2004/22004D1214(02).md
22004D1214(02)	Artigo 15.º		165	169	85	ue/acordos-internacionais/2004/22004D1214(02).md
22004D1214(02)	Artigo 16.º		171	173	21	ue/acordos-internacionais/2004/22004D1214(02).md
22004D1214(02)	Artigo 17.º		175	187	120	ue/acordos-internacionais/2004/22004D1214(02).md
