celex	unidade	epigrafe	linha_ini	linha_fim	tokens	ficheiro
22005A0105(01)	ANEXO I	PROTOCOLO N.º 1	76	160	1578	ue/acordos-internacionais/2005/22005A0105(01).md
22005A0105(01)	ANEXO II	PROTOCOLO N.º 2	162	194	503	ue/acordos-internacionais/2005/22005A0105(01).md
22005A0121(01)	Artigo 1.º	Definições	47	83	1436	ue/acordos-internacionais/2005/22005A0121(01).md
22005A0121(01)	Artigo 2.º	Troca automática de informações relativas a Contas sujeitas a comunicação	85	129	1149	ue/acordos-internacionais/2005/22005A0121(01).md
22005A0121(01)	Artigo 3.º	Calendário e modalidades da troca automática de informações	131	151	620	ue/acordos-internacionais/2005/22005A0121(01).md
22005A0121(01)	Artigo 4.º	Cooperação em matéria de cumprimento e execução	153	155	196	ue/acordos-internacionais/2005/22005A0121(01).md
22005A0121(01)	Artigo 5.º	Troca de informações a pedido	157	173	714	ue/acordos-internacionais/2005/22005A0121(01).md
22005A0121(01)	Artigo 6.º	Confidencialidade e proteção de dados de natureza pessoal	175	225	1789	ue/acordos-internacionais/2005/22005A0121(01).md
22005A0121(01)	Artigo 7.º	Consultas e suspensão do presente Acordo	227	235	496	ue/acordos-internacionais/2005/22005A0121(01).md
22005A0121(01)	Artigo 8.º	Alterações	237	255	654	ue/acordos-internacionais/2005/22005A0121(01).md
22005A0121(01)	Artigo 9.º		257	263	219	ue/acordos-internacionais/2005/22005A0121(01).md
22005A0121(01)	Artigo 10.º	Âmbito de aplicação territorial	265	1451	32666	ue/acordos-internacionais/2005/22005A0121(01).md
22005A0122(01)	Artigo 1.º	Participação na operação	50	66	311	ue/acordos-internacionais/2005/22005A0122(01).md
22005A0122(01)	Artigo 2.º	Estatuto das forças	68	80	442	ue/acordos-internacionais/2005/22005A0122(01).md
22005A0122(01)	Artigo 3.º	Informação classificada	82	86	168	ue/acordos-internacionais/2005/22005A0122(01).md
22005A0122(01)	Artigo 4.º	Cadeia de comando	88	98	260	ue/acordos-internacionais/2005/22005A0122(01).md
22005A0122(01)	Artigo 5.º	Aspectos financeiros	100	104	223	ue/acordos-internacionais/2005/22005A0122(01).md
22005A0122(01)	Artigo 6.º	Disposições de execução do presente acordo	106	108	86	ue/acordos-internacionais/2005/22005A0122(01).md
22005A0122(01)	Artigo 7.º	Incumprimento	110	112	50	ue/acordos-internacionais/2005/22005A0122(01).md
22005A0122(01)	Artigo 8.º	Resolução de litígios	114	116	42	ue/acordos-internacionais/2005/22005A0122(01).md
22005A0122(01)	Artigo 9.º	Entrada em vigor	118	148	217	ue/acordos-internacionais/2005/22005A0122(01).md
22005A0126(01)	Artigo 1.º		52	58	68	ue/acordos-internacionais/2005/22005A0126(01).md
22005A0126(01)	Artigo 2.º		60	66	174	ue/acordos-internacionais/2005/22005A0126(01).md
22005A0126(01)	Artigo 3.º		68	70	40	ue/acordos-internacionais/2005/22005A0126(01).md
22005A0126(01)	Artigo 4.º		72	76	90	ue/acordos-internacionais/2005/22005A0126(01).md
22005A0126(01)	Artigo 5.º		78	82	159	ue/acordos-internacionais/2005/22005A0126(01).md
22005A0126(01)	Artigo 6.º		84	215	1238	ue/acordos-internacionais/2005/22005A0126(01).md
22005A0126(01)	Artigo 1.º	Princípios gerais	217	223	188	ue/acordos-internacionais/2005/22005A0126(01).md
22005A0126(01)	Artigo 2.º	Aplicação de medidas de compensação de preços	225	229	187	ue/acordos-internacionais/2005/22005A0126(01).md
22005A0126(01)	Artigo 3.º	Medidas de compensação de preços na importação	231	237	242	ue/acordos-internacionais/2005/22005A0126(01).md
22005A0126(01)	Artigo 4.º	Medidas de compensação de preços na exportação	239	245	437	ue/acordos-internacionais/2005/22005A0126(01).md
22005A0126(01)	Artigo 5.º	Preços de referência	247	255	380	ue/acordos-internacionais/2005/22005A0126(01).md
22005A0126(01)	Artigo 6.º	Disposições especiais sobre a cooperação administrativa	257	259	44	ue/acordos-internacionais/2005/22005A0126(01).md
22005A0126(01)	Artigo 7.º	Alterações	261	774	11968	ue/acordos-internacionais/2005/22005A0126(01).md
22005A0128(01)	Artigo 1.º		54	66	216	ue/acordos-internacionais/2005/22005A0128(01).md
22005A0128(01)	Artigo 2.º		70	72	137	ue/acordos-internacionais/2005/22005A0128(01).md
22005A0128(01)	Artigo 3.º		74	76	116	ue/acordos-internacionais/2005/22005A0128(01).md
22005A0128(01)	Artigo 4.º		78	80	172	ue/acordos-internacionais/2005/22005A0128(01).md
22005A0128(01)	Artigo 5.º		82	86	134	ue/acordos-internacionais/2005/22005A0128(01).md
22005A0128(01)	Artigo 6.º		88	90	42	ue/acordos-internacionais/2005/22005A0128(01).md
22005A0128(01)	Artigo 7.º		94	106	243	ue/acordos-internacionais/2005/22005A0128(01).md
22005A0128(01)	Artigo 8.º		108	118	203	ue/acordos-internacionais/2005/22005A0128(01).md
22005A0128(01)	Artigo 9.º		120	122	41	ue/acordos-internacionais/2005/22005A0128(01).md
22005A0128(01)	Artigo 10.º		124	126	44	ue/acordos-internacionais/2005/22005A0128(01).md
22005A0128(01)	Artigo 11.º		130	134	164	ue/acordos-internacionais/2005/22005A0128(01).md
22005A0128(01)	Artigo 12.º	Cooperação com outros países que tenham assinado Acordos de Estabilização e de Associação	136	152	380	ue/acordos-internacionais/2005/22005A0128(01).md
22005A0128(01)	Artigo 13.º	Cooperação com os outros países abrangidos pelo Processo de Estabilização e de Associação	154	156	118	ue/acordos-internacionais/2005/22005A0128(01).md
22005A0128(01)	Artigo 14.º	Cooperação com os países candidatos à adesão à União Europeia	158	160	136	ue/acordos-internacionais/2005/22005A0128(01).md
22005A0128(01)	Artigo 15.º		164	178	324	ue/acordos-internacionais/2005/22005A0128(01).md
22005A0128(01)	Artigo 16.º		180	186	173	ue/acordos-internacionais/2005/22005A0128(01).md
22005A0128(01)	Artigo 17.º		188	192	104	ue/acordos-internacionais/2005/22005A0128(01).md
22005A0128(01)	Artigo 18.º		194	220	415	ue/acordos-internacionais/2005/22005A0128(01).md
22005A0128(01)	Artigo 19.º		222	224	54	ue/acordos-internacionais/2005/22005A0128(01).md
22005A0128(01)	Artigo 20.º		226	230	100	ue/acordos-internacionais/2005/22005A0128(01).md
22005A0128(01)	Artigo 21.º		232	236	92	ue/acordos-internacionais/2005/22005A0128(01).md
22005A0128(01)	Artigo 22.º		238	240	26	ue/acordos-internacionais/2005/22005A0128(01).md
22005A0128(01)	Artigo 23.º		242	244	40	ue/acordos-internacionais/2005/22005A0128(01).md
22005A0128(01)	Artigo 24.º	Definição	248	254	176	ue/acordos-internacionais/2005/22005A0128(01).md
22005A0128(01)	Artigo 25.º		256	258	35	ue/acordos-internacionais/2005/22005A0128(01).md
22005A0128(01)	Artigo 26.º		260	264	120	ue/acordos-internacionais/2005/22005A0128(01).md
22005A0128(01)	Artigo 27.º	Produtos agrícolas	266	292	770	ue/acordos-internacionais/2005/22005A0128(01).md
22005A0128(01)	Artigo 28.º	Produtos da pesca	294	298	212	ue/acordos-internacionais/2005/22005A0128(01).md
22005A0128(01)	Artigo 29.º		300	302	184	ue/acordos-internacionais/2005/22005A0128(01).md
22005A0128(01)	Artigo 30.º		304	306	34	ue/acordos-internacionais/2005/22005A0128(01).md
22005A0128(01)	Artigo 31.º		308	310	159	ue/acordos-internacionais/2005/22005A0128(01).md
22005A0128(01)	Artigo 32.º		314	316	55	ue/acordos-internacionais/2005/22005A0128(01).md
22005A0128(01)	Artigo 33.º	Standstill	318	324	257	ue/acordos-internacionais/2005/22005A0128(01).md
22005A0128(01)	Artigo 34.º	Proibição de discriminação fiscal	326	330	138	ue/acordos-internacionais/2005/22005A0128(01).md
22005A0128(01)	Artigo 35.º		332	334	41	ue/acordos-internacionais/2005/22005A0128(01).md
22005A0128(01)	Artigo 36.º	Uniões aduaneiras, zonas de comércio livre e acordos em matéria de comércio fronteiriço	336	342	342	ue/acordos-internacionais/2005/22005A0128(01).md
22005A0128(01)	Artigo 37.º	Dumping	344	348	230	ue/acordos-internacionais/2005/22005A0128(01).md
22005A0128(01)	Artigo 38.º	Cláusula de salvaguarda geral	350	374	978	ue/acordos-internacionais/2005/22005A0128(01).md
22005A0128(01)	Artigo 39.º	Cláusula relativa à escassez de um produto	376	392	642	ue/acordos-internacionais/2005/22005A0128(01).md
22005A0128(01)	Artigo 40.º	Monopólios estatais	394	396	132	ue/acordos-internacionais/2005/22005A0128(01).md
22005A0128(01)	Artigo 41.º		398	400	34	ue/acordos-internacionais/2005/22005A0128(01).md
22005A0128(01)	Artigo 42.º	Restrições autorizadas	402	404	164	ue/acordos-internacionais/2005/22005A0128(01).md
22005A0128(01)	Artigo 43.º		406	410	268	ue/acordos-internacionais/2005/22005A0128(01).md
22005A0128(01)	Artigo 44.º		412	414	29	ue/acordos-internacionais/2005/22005A0128(01).md
22005A0128(01)	Artigo 45.º		420	428	285	ue/acordos-internacionais/2005/22005A0128(01).md
22005A0128(01)	Artigo 46.º		430	438	208	ue/acordos-internacionais/2005/22005A0128(01).md
22005A0128(01)	Artigo 47.º		440	450	385	ue/acordos-internacionais/2005/22005A0128(01).md
22005A0128(01)	Artigo 48.º		454	480	830	ue/acordos-internacionais/2005/22005A0128(01).md
22005A0128(01)	Artigo 49.º		482	506	833	ue/acordos-internacionais/2005/22005A0128(01).md
22005A0128(01)	Artigo 50.º		508	514	320	ue/acordos-internacionais/2005/22005A0128(01).md
22005A0128(01)	Artigo 51.º		516	520	84	ue/acordos-internacionais/2005/22005A0128(01).md
22005A0128(01)	Artigo 52.º		522	526	170	ue/acordos-internacionais/2005/22005A0128(01).md
22005A0128(01)	Artigo 53.º		528	530	96	ue/acordos-internacionais/2005/22005A0128(01).md
22005A0128(01)	Artigo 54.º		532	554	887	ue/acordos-internacionais/2005/22005A0128(01).md
22005A0128(01)	Artigo 55.º		556	576	519	ue/acordos-internacionais/2005/22005A0128(01).md
22005A0128(01)	Artigo 56.º		580	586	318	ue/acordos-internacionais/2005/22005A0128(01).md
22005A0128(01)	Artigo 57.º		588	592	180	ue/acordos-internacionais/2005/22005A0128(01).md
22005A0128(01)	Artigo 58.º		594	622	959	ue/acordos-internacionais/2005/22005A0128(01).md
22005A0128(01)	Artigo 59.º		626	628	78	ue/acordos-internacionais/2005/22005A0128(01).md
22005A0128(01)	Artigo 60.º		630	646	833	ue/acordos-internacionais/2005/22005A0128(01).md
22005A0128(01)	Artigo 61.º		648	652	129	ue/acordos-internacionais/2005/22005A0128(01).md
22005A0128(01)	Artigo 62.º		656	660	91	ue/acordos-internacionais/2005/22005A0128(01).md
22005A0128(01)	Artigo 63.º		662	664	130	ue/acordos-internacionais/2005/22005A0128(01).md
22005A0128(01)	Artigo 64.º		666	668	54	ue/acordos-internacionais/2005/22005A0128(01).md
22005A0128(01)	Artigo 65.º		670	676	235	ue/acordos-internacionais/2005/22005A0128(01).md
22005A0128(01)	Artigo 66.º		678	684	297	ue/acordos-internacionais/2005/22005A0128(01).md
22005A0128(01)	Artigo 67.º		686	688	45	ue/acordos-internacionais/2005/22005A0128(01).md
22005A0128(01)	Artigo 68.º		690	692	64	ue/acordos-internacionais/2005/22005A0128(01).md
22005A0128(01)	Artigo 69.º		696	700	241	ue/acordos-internacionais/2005/22005A0128(01).md
22005A0128(01)	Artigo 70.º	Concorrência e outras disposições de carácter económico	702	734	1186	ue/acordos-internacionais/2005/22005A0128(01).md
22005A0128(01)	Artigo 71.º	Propriedade intelectual, industrial e comercial	736	744	274	ue/acordos-internacionais/2005/22005A0128(01).md
22005A0128(01)	Artigo 72.º	Contratos públicos	746	758	534	ue/acordos-internacionais/2005/22005A0128(01).md
22005A0128(01)	Artigo 73.º	Normalização, metrologia, acreditação e avaliação da conformidade	760	772	232	ue/acordos-internacionais/2005/22005A0128(01).md
22005A0128(01)	Artigo 74.º	Defesa do consumidor	774	784	241	ue/acordos-internacionais/2005/22005A0128(01).md
22005A0128(01)	Artigo 75.º	Reforço Institucional e Estado de Direito	790	792	28	ue/acordos-internacionais/2005/22005A0128(01).md
22005A0128(01)	Artigo 76.º	Emissão de vistos, controlo das fronteiras, asilo e imigração	794	816	403	ue/acordos-internacionais/2005/22005A0128(01).md
22005A0128(01)	Artigo 77.º	Prevenção e controlo da imigração clandestina; readmissão	818	834	418	ue/acordos-internacionais/2005/22005A0128(01).md
22005A0128(01)	Artigo 78.º	Branqueamento de capitais	836	840	169	ue/acordos-internacionais/2005/22005A0128(01).md
22005A0128(01)	Artigo 79.º	Cooperação em matéria de luta contra a droga	842	862	305	ue/acordos-internacionais/2005/22005A0128(01).md
22005A0128(01)	Artigo 80.º	Prevenção e luta contra o crime e as outras actividades ilícitas	864	890	271	ue/acordos-internacionais/2005/22005A0128(01).md
22005A0128(01)	Artigo 81.º		894	900	262	ue/acordos-internacionais/2005/22005A0128(01).md
22005A0128(01)	Artigo 82.º	Política económica	902	914	289	ue/acordos-internacionais/2005/22005A0128(01).md
22005A0128(01)	Artigo 83.º	Cooperação em matéria de estatísticas	916	934	432	ue/acordos-internacionais/2005/22005A0128(01).md
22005A0128(01)	Artigo 84.º	Banca, seguros e outros serviços financeiros	936	964	304	ue/acordos-internacionais/2005/22005A0128(01).md
22005A0128(01)	Artigo 85.º	Promoção e protecção dos investimentos	966	976	144	ue/acordos-internacionais/2005/22005A0128(01).md
22005A0128(01)	Artigo 86.º	Cooperação industrial	978	982	253	ue/acordos-internacionais/2005/22005A0128(01).md
22005A0128(01)	Artigo 87.º	Pequenas e médias empresas	984	986	76	ue/acordos-internacionais/2005/22005A0128(01).md
22005A0128(01)	Artigo 88.º	Turismo	988	998	171	ue/acordos-internacionais/2005/22005A0128(01).md
22005A0128(01)	Artigo 89.º	Alfândegas	1000	1020	318	ue/acordos-internacionais/2005/22005A0128(01).md
22005A0128(01)	Artigo 90.º	Fiscalidade	1022	1024	74	ue/acordos-internacionais/2005/22005A0128(01).md
22005A0128(01)	Artigo 91.º	Cooperação no domínio social	1026	1034	282	ue/acordos-internacionais/2005/22005A0128(01).md
22005A0128(01)	Artigo 92.º	Agricultura e sector agro-industrial	1036	1038	116	ue/acordos-internacionais/2005/22005A0128(01).md
22005A0128(01)	Artigo 93.º		1040	1042	47	ue/acordos-internacionais/2005/22005A0128(01).md
22005A0128(01)	Artigo 94.º	Educação e formação	1044	1050	123	ue/acordos-internacionais/2005/22005A0128(01).md
22005A0128(01)	Artigo 95.º	Cooperação no domínio da cultura	1052	1054	66	ue/acordos-internacionais/2005/22005A0128(01).md
22005A0128(01)	Artigo 96.º	Informação e comunicação	1056	1058	91	ue/acordos-internacionais/2005/22005A0128(01).md
22005A0128(01)	Artigo 97.º	Cooperação no domínio do audiovisual	1060	1064	150	ue/acordos-internacionais/2005/22005A0128(01).md
22005A0128(01)	Artigo 98.º	Infra-estruturas electrónicas de comunicação e serviços conexos	1066	1084	272	ue/acordos-internacionais/2005/22005A0128(01).md
22005A0128(01)	Artigo 99.º	Sociedade da informação	1086	1092	180	ue/acordos-internacionais/2005/22005A0128(01).md
22005A0128(01)	Artigo 100.º	Transportes	1094	1124	465	ue/acordos-internacionais/2005/22005A0128(01).md
22005A0128(01)	Artigo 101.º	Energia	1126	1138	314	ue/acordos-internacionais/2005/22005A0128(01).md
22005A0128(01)	Artigo 102.º	Segurança nuclear	1140	1158	282	ue/acordos-internacionais/2005/22005A0128(01).md
22005A0128(01)	Artigo 103.º	Ambiente	1160	1208	646	ue/acordos-internacionais/2005/22005A0128(01).md
22005A0128(01)	Artigo 104.º	Cooperação em matéria de investigação e de desenvolvimento tecnológico	1210	1222	275	ue/acordos-internacionais/2005/22005A0128(01).md
22005A0128(01)	Artigo 105.º	Desenvolvimento local e regional	1224	1228	104	ue/acordos-internacionais/2005/22005A0128(01).md
22005A0128(01)	Artigo 106.º		1232	1234	79	ue/acordos-internacionais/2005/22005A0128(01).md
22005A0128(01)	Artigo 107.º		1236	1240	225	ue/acordos-internacionais/2005/22005A0128(01).md
22005A0128(01)	Artigo 108.º		1242	1244	81	ue/acordos-internacionais/2005/22005A0128(01).md
22005A0128(01)	Artigo 109.º		1246	1250	107	ue/acordos-internacionais/2005/22005A0128(01).md
22005A0128(01)	Artigo 110.º		1254	1256	122	ue/acordos-internacionais/2005/22005A0128(01).md
22005A0128(01)	Artigo 111.º		1258	1268	226	ue/acordos-internacionais/2005/22005A0128(01).md
22005A0128(01)	Artigo 112.º		1270	1272	145	ue/acordos-internacionais/2005/22005A0128(01).md
22005A0128(01)	Artigo 113.º		1274	1276	81	ue/acordos-internacionais/2005/22005A0128(01).md
22005A0128(01)	Artigo 114.º		1278	1284	224	ue/acordos-internacionais/2005/22005A0128(01).md
22005A0128(01)	Artigo 115.º		1286	1288	21	ue/acordos-internacionais/2005/22005A0128(01).md
22005A0128(01)	Artigo 116.º		1290	1298	202	ue/acordos-internacionais/2005/22005A0128(01).md
22005A0128(01)	Artigo 117.º		1300	1302	90	ue/acordos-internacionais/2005/22005A0128(01).md
22005A0128(01)	Artigo 118.º		1304	1312	229	ue/acordos-internacionais/2005/22005A0128(01).md
22005A0128(01)	Artigo 119.º		1314	1322	171	ue/acordos-internacionais/2005/22005A0128(01).md
22005A0128(01)	Artigo 120.º		1324	1330	236	ue/acordos-internacionais/2005/22005A0128(01).md
22005A0128(01)	Artigo 121.º		1332	1336	104	ue/acordos-internacionais/2005/22005A0128(01).md
22005A0128(01)	Artigo 122.º		1338	1340	78	ue/acordos-internacionais/2005/22005A0128(01).md
22005A0128(01)	Artigo 123.º		1342	1344	32	ue/acordos-internacionais/2005/22005A0128(01).md
22005A0128(01)	Artigo 124.º		1346	1350	59	ue/acordos-internacionais/2005/22005A0128(01).md
22005A0128(01)	Artigo 125.º		1352	1354	59	ue/acordos-internacionais/2005/22005A0128(01).md
22005A0128(01)	Artigo 126.º		1356	1358	76	ue/acordos-internacionais/2005/22005A0128(01).md
22005A0128(01)	Artigo 127.º		1360	1362	26	ue/acordos-internacionais/2005/22005A0128(01).md
22005A0128(01)	Artigo 128.º		1364	1366	32	ue/acordos-internacionais/2005/22005A0128(01).md
22005A0128(01)	Artigo 129.º		1368	1372	81	ue/acordos-internacionais/2005/22005A0128(01).md
22005A0128(01)	Artigo 130.º	Acordo provisório	1374	1378	213	ue/acordos-internacionais/2005/22005A0128(01).md
22005A0128(02)	Artigo 1.º		104	106	166	ue/acordos-internacionais/2005/22005A0128(02).md
22005A0128(02)	Artigo 2.º		108	112	130	ue/acordos-internacionais/2005/22005A0128(02).md
22005A0128(02)	Artigo 3.º		116	132	181	ue/acordos-internacionais/2005/22005A0128(02).md
22005A0128(02)	Artigo 4.º		134	138	46	ue/acordos-internacionais/2005/22005A0128(02).md
22005A0128(02)	Artigo 5.º		140	142	36	ue/acordos-internacionais/2005/22005A0128(02).md
22005A0128(02)	Artigo 6.º		144	146	166	ue/acordos-internacionais/2005/22005A0128(02).md
22005A0128(02)	Artigo 7.º		150	170	388	ue/acordos-internacionais/2005/22005A0128(02).md
22005A0128(02)	Artigo 8.º		174	176	58	ue/acordos-internacionais/2005/22005A0128(02).md
22005A0128(02)	Artigo 9.º		178	198	573	ue/acordos-internacionais/2005/22005A0128(02).md
22005A0128(02)	Artigo 10.º		200	204	181	ue/acordos-internacionais/2005/22005A0128(02).md
22005A0128(02)	Artigo 11.º		206	210	71	ue/acordos-internacionais/2005/22005A0128(02).md
22005A0128(02)	Artigo 12.º		214	216	23	ue/acordos-internacionais/2005/22005A0128(02).md
22005A0128(02)	Artigo 13.º		218	222	75	ue/acordos-internacionais/2005/22005A0128(02).md
22005A0128(02)	Artigo 14.º		224	228	122	ue/acordos-internacionais/2005/22005A0128(02).md
22005A0128(02)	Artigo 15.º		230	232	79	ue/acordos-internacionais/2005/22005A0128(02).md
22005A0128(02)	Artigo 16.º		234	246	867	ue/acordos-internacionais/2005/22005A0128(02).md
22005A0204(01)	Artigo 1.º		86	88	154	ue/acordos-internacionais/2005/22005A0204(01).md
22005A0204(01)	Artigo 2.º		90	92	115	ue/acordos-internacionais/2005/22005A0204(01).md
22005A0204(01)	Artigo 3.º	Produtos agrícolas	96	98	26	ue/acordos-internacionais/2005/22005A0204(01).md
22005A0204(01)	Artigo 4.º	Regras de origem	100	198	1338	ue/acordos-internacionais/2005/22005A0204(01).md
22005A0204(01)	Artigo 5.º	Presidência do Comité de Associação	200	204	76	ue/acordos-internacionais/2005/22005A0204(01).md
22005A0204(01)	Artigo 6.º	Provas de origem e cooperação administrativa	208	228	604	ue/acordos-internacionais/2005/22005A0204(01).md
22005A0204(01)	Artigo 7.º	Mercadorias em trânsito	230	236	185	ue/acordos-internacionais/2005/22005A0204(01).md
22005A0204(01)	Artigo 8.º		238	240	59	ue/acordos-internacionais/2005/22005A0204(01).md
22005A0204(01)	Artigo 9.º		242	244	70	ue/acordos-internacionais/2005/22005A0204(01).md
22005A0204(01)	Artigo 10.º		246	248	41	ue/acordos-internacionais/2005/22005A0204(01).md
22005A0204(01)	Artigo 11.º		250	254	109	ue/acordos-internacionais/2005/22005A0204(01).md
22005A0204(01)	Artigo 12.º		256	260	67	ue/acordos-internacionais/2005/22005A0204(01).md
22005A0204(01)	Artigo 13.º		262	264	36	ue/acordos-internacionais/2005/22005A0204(01).md
22005A0204(01)	Artigo 14.º		266	430	873	ue/acordos-internacionais/2005/22005A0204(01).md
22005A0204(02)	Preâmbulo		18	44	547	ue/acordos-internacionais/2005/22005A0204(02).md
22005A0204(02)	Artigo 1.º		48	52	60	ue/acordos-internacionais/2005/22005A0204(02).md
22005A0204(02)	Artigo 2.º		54	70	110	ue/acordos-internacionais/2005/22005A0204(02).md
22005A0204(02)	ANEXO [^1]	TEXTO DA CONVENÇÃO SOBRE A CONSERVAÇÃO E A GESTÃO DAS POPULAÇÕES DE PEIXES ALTAMENTE MIGRADORES NO OCEANO PACÍFICO OCIDENTAL E CENTRAL	72	1044	26752	ue/acordos-internacionais/2005/22005A0204(02).md
22005A0208(01)	Artigo 1.º	Participação na operação	46	62	301	ue/acordos-internacionais/2005/22005A0208(01).md
22005A0208(01)	Artigo 2.º	Estatuto das forças	64	76	438	ue/acordos-internacionais/2005/22005A0208(01).md
22005A0208(01)	Artigo 3.º	Informação classificada	78	82	165	ue/acordos-internacionais/2005/22005A0208(01).md
22005A0208(01)	Artigo 4.º	Cadeia de comando	84	94	264	ue/acordos-internacionais/2005/22005A0208(01).md
22005A0208(01)	Artigo 5.º	Aspectos financeiros	96	100	221	ue/acordos-internacionais/2005/22005A0208(01).md
22005A0208(01)	Artigo 6.º	Disposições de execução do presente acordo	102	104	87	ue/acordos-internacionais/2005/22005A0208(01).md
22005A0208(01)	Artigo 7.º	Incumprimento	106	108	50	ue/acordos-internacionais/2005/22005A0208(01).md
22005A0208(01)	Artigo 8.º	Resolução de litígios	110	112	43	ue/acordos-internacionais/2005/22005A0208(01).md
22005A0208(01)	Artigo 9.º	Entrada em vigor	114	146	250	ue/acordos-internacionais/2005/22005A0208(01).md
22005A0210(01)	Artigo 1.º		90	92	72	ue/acordos-internacionais/2005/22005A0210(01).md
22005A0210(01)	Artigo 2.º		96	98	47	ue/acordos-internacionais/2005/22005A0210(01).md
22005A0210(01)	Artigo 3.º		102	104	37	ue/acordos-internacionais/2005/22005A0210(01).md
22005A0210(01)	Artigo 4.º		106	108	26	ue/acordos-internacionais/2005/22005A0210(01).md
22005A0210(01)	Artigo 5.º		110	112	26	ue/acordos-internacionais/2005/22005A0210(01).md
22005A0210(01)	Artigo 6.º		114	118	183	ue/acordos-internacionais/2005/22005A0210(01).md
22005A0210(01)	Artigo 7.º		122	124	28	ue/acordos-internacionais/2005/22005A0210(01).md
22005A0210(01)	Artigo 8.º		126	128	28	ue/acordos-internacionais/2005/22005A0210(01).md
22005A0210(01)	Artigo 9.º		130	132	31	ue/acordos-internacionais/2005/22005A0210(01).md
22005A0210(01)	Artigo 10.º		134	136	28	ue/acordos-internacionais/2005/22005A0210(01).md
22005A0210(01)	Artigo 11.º		140	144	84	ue/acordos-internacionais/2005/22005A0210(01).md
22005A0210(01)	Artigo 13.º		152	162	293	ue/acordos-internacionais/2005/22005A0210(01).md
22005A0210(01)	Artigo 14.º		164	168	178	ue/acordos-internacionais/2005/22005A0210(01).md
22005A0210(01)	Artigo 15.º		170	174	46	ue/acordos-internacionais/2005/22005A0210(01).md
22005A0210(01)	ANEXO I	Alteração ao calendário de desmantelamento pautal da Comunidade	176	218	362	ue/acordos-internacionais/2005/22005A0210(01).md
22005A0210(01)	ANEXO II	Novas versões linguísticas das observações administrativas que constam do anexo III do Acordo de Associação	220	314	343	ue/acordos-internacionais/2005/22005A0210(01).md
22005A0210(01)	ANEXO III	"""Apêndice III"	316	524	1888	ue/acordos-internacionais/2005/22005A0210(01).md
22005A0210(01)	ANEXO IV	"""Apêndice IV"	526	630	1686	ue/acordos-internacionais/2005/22005A0210(01).md
22005A0210(01)	ANEXO V	(ANEXO VII do acordo referido no artigo 99.º do acordo)	632	634	32	ue/acordos-internacionais/2005/22005A0210(01).md
22005A0210(01)	ANEXO VI	(ANEXO VIII do acordo referido no artigo 120.º do acordo)	1526	1528	36	ue/acordos-internacionais/2005/22005A0210(01).md
22005A0210(01)	ANEXO VII	AUTORIDADES RESPONSÁVEIS PELOS SERVIÇOS FINANCEIROS	2068	2130	704	ue/acordos-internacionais/2005/22005A0210(01).md
22005A0210(01)	ANEXO VIII	(referida no artigo 132.º do Acordo de Associação)	2132	2134	33	ue/acordos-internacionais/2005/22005A0210(01).md
22005A0210(01)	ANEXO IX	ENTIDADES COMUNITÁRIAS ABRANGIDAS PELAS DISPOSIÇÕES EM MATÉRIA DE CONTRATOS PÚBLICOS	2316	2324	71	ue/acordos-internacionais/2005/22005A0210(01).md
22005A0210(01)	ANEXO X	Lista dos meios de publicação a aditar ao anexo XIII do Acordo de Associação	3988	4048	282	ue/acordos-internacionais/2005/22005A0210(01).md
22005A0217(01)	Artigo 1.º	Decisões relacionadas com a participação	52	62	297	ue/acordos-internacionais/2005/22005A0217(01).md
22005A0217(01)	Artigo 2.º		64	68	135	ue/acordos-internacionais/2005/22005A0217(01).md
22005A0217(01)	Artigo 3.º	Estatuto do pessoal e das forças	70	82	487	ue/acordos-internacionais/2005/22005A0217(01).md
22005A0217(01)	Artigo 4.º	Informação classificada	84	88	188	ue/acordos-internacionais/2005/22005A0217(01).md
22005A0217(01)	Artigo 5.º	Pessoal destacado para uma operação civil de gestão de crises na UE	92	104	251	ue/acordos-internacionais/2005/22005A0217(01).md
22005A0217(01)	Artigo 6.º	Cadeia de comando	106	122	436	ue/acordos-internacionais/2005/22005A0217(01).md
22005A0217(01)	Artigo 7.º	Aspectos financeiros	124	128	174	ue/acordos-internacionais/2005/22005A0217(01).md
22005A0217(01)	Artigo 8.º	Contributo para o orçamento operacional	130	154	496	ue/acordos-internacionais/2005/22005A0217(01).md
22005A0217(01)	Artigo 9.º	Participação na operação militar de gestão de crises na UE	158	170	178	ue/acordos-internacionais/2005/22005A0217(01).md
22005A0217(01)	Artigo 10.º	Cadeia de comando	172	182	264	ue/acordos-internacionais/2005/22005A0217(01).md
22005A0217(01)	Artigo 11.º	Aspectos financeiros	184	188	228	ue/acordos-internacionais/2005/22005A0217(01).md
22005A0217(01)	Artigo 12.º	Contributo para os custos comuns	190	214	510	ue/acordos-internacionais/2005/22005A0217(01).md
22005A0217(01)	Artigo 13.º	Disposições de execução do acordo	218	220	99	ue/acordos-internacionais/2005/22005A0217(01).md
22005A0217(01)	Artigo 14.º	Incumprimento	222	224	50	ue/acordos-internacionais/2005/22005A0217(01).md
22005A0217(01)	Artigo 15.º	Resolução de diferendos	226	228	44	ue/acordos-internacionais/2005/22005A0217(01).md
22005A0217(01)	Artigo 16.º	Entrada em vigor	230	268	791	ue/acordos-internacionais/2005/22005A0217(01).md
22005A0311(02)	Artigo 1.º	Participação na operação	46	62	323	ue/acordos-internacionais/2005/22005A0311(02).md
22005A0311(02)	Artigo 2.º	Estatuto das forças	64	76	453	ue/acordos-internacionais/2005/22005A0311(02).md
22005A0311(02)	Artigo 3.º	Informação classificada	78	82	185	ue/acordos-internacionais/2005/22005A0311(02).md
22005A0311(02)	Artigo 4.º	Cadeia de comando	84	94	284	ue/acordos-internacionais/2005/22005A0311(02).md
22005A0311(02)	Artigo 5.º	Aspectos financeiros	96	100	226	ue/acordos-internacionais/2005/22005A0311(02).md
22005A0311(02)	Artigo 6.º	Disposições de execução do presente acordo	102	104	87	ue/acordos-internacionais/2005/22005A0311(02).md
22005A0311(02)	Artigo 7.º	Incumprimento	106	108	50	ue/acordos-internacionais/2005/22005A0311(02).md
22005A0311(02)	Artigo 8.º	Resolução de litígios	110	112	43	ue/acordos-internacionais/2005/22005A0311(02).md
22005A0311(02)	Artigo 9.º	Entrada em vigor	114	140	235	ue/acordos-internacionais/2005/22005A0311(02).md
22005A0312(01)	Artigo 1.º		88	90	112	ue/acordos-internacionais/2005/22005A0312(01).md
22005A0312(01)	Artigo 2.º		92	94	106	ue/acordos-internacionais/2005/22005A0312(01).md
22005A0312(01)	Artigo 3.º		96	98	33	ue/acordos-internacionais/2005/22005A0312(01).md
22005A0312(01)	Artigo 4.º		100	102	78	ue/acordos-internacionais/2005/22005A0312(01).md
22005A0312(01)	Artigo 5.º		104	114	281	ue/acordos-internacionais/2005/22005A0312(01).md
22005A0314(01)	Artigo 1.º	Decisões relacionadas com a participação	52	62	297	ue/acordos-internacionais/2005/22005A0314(01).md
22005A0314(01)	Artigo 2.º		64	68	135	ue/acordos-internacionais/2005/22005A0314(01).md
22005A0314(01)	Artigo 3.º	Estatuto do pessoal e das forças	70	82	496	ue/acordos-internacionais/2005/22005A0314(01).md
22005A0314(01)	Artigo 4.º	Informação classificada	84	88	204	ue/acordos-internacionais/2005/22005A0314(01).md
22005A0314(01)	Artigo 5.º	Pessoal destacado para uma operação civil de gestão de crises na UE	92	104	251	ue/acordos-internacionais/2005/22005A0314(01).md
22005A0314(01)	Artigo 6.º	Cadeia de comando	106	122	436	ue/acordos-internacionais/2005/22005A0314(01).md
22005A0314(01)	Artigo 7.º	Aspectos financeiros	124	128	174	ue/acordos-internacionais/2005/22005A0314(01).md
22005A0314(01)	Artigo 8.º	Contributo para o orçamento operacional	130	154	483	ue/acordos-internacionais/2005/22005A0314(01).md
22005A0314(01)	Artigo 9.º	Participação na operação militar de gestão de crises na UE	158	170	178	ue/acordos-internacionais/2005/22005A0314(01).md
22005A0314(01)	Artigo 10.º	Cadeia de comando	172	182	262	ue/acordos-internacionais/2005/22005A0314(01).md
22005A0314(01)	Artigo 11.º	Aspectos financeiros	184	188	228	ue/acordos-internacionais/2005/22005A0314(01).md
22005A0314(01)	Artigo 12.º	Contributo para os custos comuns	190	214	510	ue/acordos-internacionais/2005/22005A0314(01).md
22005A0314(01)	Artigo 13.º	Disposições de execução do acordo	218	220	99	ue/acordos-internacionais/2005/22005A0314(01).md
22005A0314(01)	Artigo 14.º	Incumprimento	222	224	50	ue/acordos-internacionais/2005/22005A0314(01).md
22005A0314(01)	Artigo 15.º	Resolução de diferendos	226	228	44	ue/acordos-internacionais/2005/22005A0314(01).md
22005A0314(01)	Artigo 16.º	Entrada em vigor	230	272	828	ue/acordos-internacionais/2005/22005A0314(01).md
22005A0314(02)	Artigo 1.º	Decisões relacionadas com a participação	52	62	285	ue/acordos-internacionais/2005/22005A0314(02).md
22005A0314(02)	Artigo 2.º		64	68	132	ue/acordos-internacionais/2005/22005A0314(02).md
22005A0314(02)	Artigo 3.º	Estatuto do pessoal e das forças	70	82	488	ue/acordos-internacionais/2005/22005A0314(02).md
22005A0314(02)	Artigo 4.º	Informação classificada	84	88	201	ue/acordos-internacionais/2005/22005A0314(02).md
22005A0314(02)	Artigo 5.º	Pessoal destacado para uma operação civil de gestão de crises na UE	92	104	247	ue/acordos-internacionais/2005/22005A0314(02).md
22005A0314(02)	Artigo 6.º	Cadeia de comando	106	122	430	ue/acordos-internacionais/2005/22005A0314(02).md
22005A0314(02)	Artigo 7.º	Aspectos financeiros	124	128	172	ue/acordos-internacionais/2005/22005A0314(02).md
22005A0314(02)	Artigo 8.º	Contributo para o orçamento operacional	130	154	476	ue/acordos-internacionais/2005/22005A0314(02).md
22005A0314(02)	Artigo 9.º	Participação na operação militar de gestão de crises na UE	158	170	174	ue/acordos-internacionais/2005/22005A0314(02).md
22005A0314(02)	Artigo 10.º	Cadeia de comando	172	182	260	ue/acordos-internacionais/2005/22005A0314(02).md
22005A0314(02)	Artigo 11.º	Aspectos financeiros	184	188	232	ue/acordos-internacionais/2005/22005A0314(02).md
22005A0314(02)	Artigo 12.º	Contributo para os custos comuns	190	214	503	ue/acordos-internacionais/2005/22005A0314(02).md
22005A0314(02)	Artigo 13.º	Disposições de execução do acordo	218	220	98	ue/acordos-internacionais/2005/22005A0314(02).md
22005A0314(02)	Artigo 14.º	Incumprimento	222	224	50	ue/acordos-internacionais/2005/22005A0314(02).md
22005A0314(02)	Artigo 15.º	Resolução de diferendos	226	228	44	ue/acordos-internacionais/2005/22005A0314(02).md
22005A0314(02)	Artigo 16.º	Entrada em vigor	230	272	817	ue/acordos-internacionais/2005/22005A0314(02).md
22005A0314(03)	Artigo 1.º	Decisões relacionadas com a participação	52	62	265	ue/acordos-internacionais/2005/22005A0314(03).md
22005A0314(03)	Artigo 2.º		64	68	128	ue/acordos-internacionais/2005/22005A0314(03).md
22005A0314(03)	Artigo 3.º	Estatuto do pessoal e das forças	70	82	472	ue/acordos-internacionais/2005/22005A0314(03).md
22005A0314(03)	Artigo 4.º	Informação classificada	84	88	197	ue/acordos-internacionais/2005/22005A0314(03).md
22005A0314(03)	Artigo 5.º	Pessoal destacado para uma operação civil de gestão de crises na UE	92	104	240	ue/acordos-internacionais/2005/22005A0314(03).md
22005A0314(03)	Artigo 6.º	Cadeia de comando	106	122	419	ue/acordos-internacionais/2005/22005A0314(03).md
22005A0314(03)	Artigo 7.º	Aspectos financeiros	124	128	167	ue/acordos-internacionais/2005/22005A0314(03).md
22005A0314(03)	Artigo 8.º	Contributo para o orçamento operacional	130	154	465	ue/acordos-internacionais/2005/22005A0314(03).md
22005A0314(03)	Artigo 9.º	Participação na operação militar de gestão de crises na UE	158	170	167	ue/acordos-internacionais/2005/22005A0314(03).md
22005A0314(03)	Artigo 10.º	Cadeia de comando	172	182	250	ue/acordos-internacionais/2005/22005A0314(03).md
22005A0314(03)	Artigo 11.º	Aspectos financeiros	184	188	224	ue/acordos-internacionais/2005/22005A0314(03).md
22005A0314(03)	Artigo 12.º	Contributo para os custos comuns	190	214	492	ue/acordos-internacionais/2005/22005A0314(03).md
22005A0314(03)	Artigo 13.º	Disposições de execução do acordo	218	220	96	ue/acordos-internacionais/2005/22005A0314(03).md
22005A0314(03)	Artigo 14.º	Incumprimento	222	224	50	ue/acordos-internacionais/2005/22005A0314(03).md
22005A0314(03)	Artigo 15.º	Resolução de diferendos	226	228	44	ue/acordos-internacionais/2005/22005A0314(03).md
22005A0314(03)	Artigo 16.º	Entrada em vigor	230	268	745	ue/acordos-internacionais/2005/22005A0314(03).md
22005A0315(01)	Artigo 1.º		92	94	134	ue/acordos-internacionais/2005/22005A0315(01).md
22005A0315(01)	Artigo 2.º	Línguas e número de originais	98	106	150	ue/acordos-internacionais/2005/22005A0315(01).md
22005A0315(01)	Artigo 3.º	Contingentes pautais	108	110	62	ue/acordos-internacionais/2005/22005A0315(01).md
22005A0315(01)	Artigo 4.º	Regras de origem	112	328	2029	ue/acordos-internacionais/2005/22005A0315(01).md
22005A0315(01)	Artigo 5.º	Consultas	332	334	102	ue/acordos-internacionais/2005/22005A0315(01).md
22005A0315(01)	Artigo 6.º	Mercadorias em trânsito ou em depósito temporário	336	340	199	ue/acordos-internacionais/2005/22005A0315(01).md
22005A0315(01)	Artigo 7.º	Contingentes em 2004	342	344	62	ue/acordos-internacionais/2005/22005A0315(01).md
22005A0315(01)	Artigo 8.º		348	350	16	ue/acordos-internacionais/2005/22005A0315(01).md
22005A0315(01)	Artigo 9.º		352	356	109	ue/acordos-internacionais/2005/22005A0315(01).md
22005A0315(01)	Artigo 10.º		358	362	60	ue/acordos-internacionais/2005/22005A0315(01).md
22005A0315(01)	Artigo 11.º		364	382	393	ue/acordos-internacionais/2005/22005A0315(01).md
22005A0408(01)	Artigo 1.º		36	38	39	ue/acordos-internacionais/2005/22005A0408(01).md
22005A0408(01)	Artigo 2.º		42	48	93	ue/acordos-internacionais/2005/22005A0408(01).md
22005A0408(01)	Artigo 3.º		50	54	216	ue/acordos-internacionais/2005/22005A0408(01).md
22005A0408(01)	Artigo 4.º		56	60	98	ue/acordos-internacionais/2005/22005A0408(01).md
22005A0408(01)	Artigo 5.º		62	68	139	ue/acordos-internacionais/2005/22005A0408(01).md
22005A0408(01)	Artigo 6.º		70	84	478	ue/acordos-internacionais/2005/22005A0408(01).md
22005A0408(01)	Artigo 7.º		86	96	316	ue/acordos-internacionais/2005/22005A0408(01).md
22005A0408(01)	Artigo 8.º		98	108	262	ue/acordos-internacionais/2005/22005A0408(01).md
22005A0408(01)	Artigo 9.º		112	124	386	ue/acordos-internacionais/2005/22005A0408(01).md
22005A0408(01)	Artigo 10.º		126	130	138	ue/acordos-internacionais/2005/22005A0408(01).md
22005A0408(01)	Artigo 11.º		132	136	121	ue/acordos-internacionais/2005/22005A0408(01).md
22005A0408(01)	Artigo 12.º		138	140	115	ue/acordos-internacionais/2005/22005A0408(01).md
22005A0408(01)	Artigo 13.º		142	148	312	ue/acordos-internacionais/2005/22005A0408(01).md
22005A0408(01)	Artigo 14.º		150	172	504	ue/acordos-internacionais/2005/22005A0408(01).md
22005A0408(01)	Artigo 15.º		174	176	74	ue/acordos-internacionais/2005/22005A0408(01).md
22005A0408(01)	Artigo 16.º		178	190	476	ue/acordos-internacionais/2005/22005A0408(01).md
22005A0408(01)	Artigo 17.º		192	196	192	ue/acordos-internacionais/2005/22005A0408(01).md
22005A0408(01)	Artigo 18.º		198	200	53	ue/acordos-internacionais/2005/22005A0408(01).md
22005A0408(01)	Artigo 19.º		202	204	49	ue/acordos-internacionais/2005/22005A0408(01).md
22005A0408(01)	Artigo 20.º		208	234	685	ue/acordos-internacionais/2005/22005A0408(01).md
22005A0408(01)	Artigo 21.º		238	240	81	ue/acordos-internacionais/2005/22005A0408(01).md
22005A0408(01)	Artigo 22.º		242	246	160	ue/acordos-internacionais/2005/22005A0408(01).md
22005A0408(01)	Artigo 23.º		248	256	176	ue/acordos-internacionais/2005/22005A0408(01).md
22005A0408(01)	Artigo 24.º		258	388	734	ue/acordos-internacionais/2005/22005A0408(01).md
22005A0408(01)	ANEXO I	PRODUTOS TÊXTEIS REFERIDOS NO ARTIGO 1.º	390	912	7382	ue/acordos-internacionais/2005/22005A0408(01).md
22005A0408(01)	ANEXO II	CALENDÁRIO DE DESMANTELAMENTO PAUTAL	914	950	152	ue/acordos-internacionais/2005/22005A0408(01).md
22005A0408(01)	ANEXO III	ACTA APROVADA SOBRE O ACESSO AO MERCADO	952	990	1156	ue/acordos-internacionais/2005/22005A0408(01).md
22005A0408(01)	ANEXO IV		992	1012	83	ue/acordos-internacionais/2005/22005A0408(01).md
22005A0408(01)	ANEXO V		1014	1014	3	ue/acordos-internacionais/2005/22005A0408(01).md
22005A0408(01)	Artigo 1.º		1018	1036	524	ue/acordos-internacionais/2005/22005A0408(01).md
22005A0408(01)	Artigo 3.º		1048	1050	97	ue/acordos-internacionais/2005/22005A0408(01).md
22005A0408(01)	Artigo 4.º		1052	1054	92	ue/acordos-internacionais/2005/22005A0408(01).md
22005A0408(01)	Artigo 5.º		1056	1058	90	ue/acordos-internacionais/2005/22005A0408(01).md
22005A0408(01)	Artigo 6.º		1064	1066	136	ue/acordos-internacionais/2005/22005A0408(01).md
22005A0408(01)	Artigo 7.º		1068	1074	275	ue/acordos-internacionais/2005/22005A0408(01).md
22005A0408(01)	Artigo 8.º		1076	1078	42	ue/acordos-internacionais/2005/22005A0408(01).md
22005A0408(01)	Artigo 9.º		1080	1084	119	ue/acordos-internacionais/2005/22005A0408(01).md
22005A0408(01)	Artigo 10.º		1086	1088	56	ue/acordos-internacionais/2005/22005A0408(01).md
22005A0408(01)	Artigo 11.º		1092	1094	57	ue/acordos-internacionais/2005/22005A0408(01).md
22005A0408(01)	Artigo 12.º		1096	1106	344	ue/acordos-internacionais/2005/22005A0408(01).md
22005A0408(01)	Artigo 13.º		1108	1114	373	ue/acordos-internacionais/2005/22005A0408(01).md
22005A0408(01)	Artigo 14.º		1118	1180	456	ue/acordos-internacionais/2005/22005A0408(01).md
22005A0408(01)	Artigo 15.º		1182	1184	57	ue/acordos-internacionais/2005/22005A0408(01).md
22005A0408(01)	Artigo 16.º		1186	1190	157	ue/acordos-internacionais/2005/22005A0408(01).md
22005A0408(01)	Artigo 17.º		1194	1196	58	ue/acordos-internacionais/2005/22005A0408(01).md
22005A0408(01)	Artigo 18.º		1198	1200	74	ue/acordos-internacionais/2005/22005A0408(01).md
22005A0408(01)	Artigo 19.º		1202	1204	112	ue/acordos-internacionais/2005/22005A0408(01).md
22005A0408(01)	Artigo 20.º		1206	1218	608	ue/acordos-internacionais/2005/22005A0408(01).md
22005A0408(01)	Artigo 21.º		1220	1238	584	ue/acordos-internacionais/2005/22005A0408(01).md
22005A0408(01)	ANEXO VI	Produtos do artesanato e do folclore originários da sérvia	1240	1260	1165	ue/acordos-internacionais/2005/22005A0408(01).md
22005A0408(01)	ANEXO VII	DECLARAÇÃO DA COMUNIDADE	1262	1266	68	ue/acordos-internacionais/2005/22005A0408(01).md
22005A0413(03)	Artigo 1.º		50	52	62	ue/acordos-internacionais/2005/22005A0413(03).md
22005A0413(03)	Artigo 2.º		54	56	106	ue/acordos-internacionais/2005/22005A0413(03).md
22005A0413(03)	Artigo 3.º		58	60	76	ue/acordos-internacionais/2005/22005A0413(03).md
22005A0413(03)	Artigo 4.º		62	72	272	ue/acordos-internacionais/2005/22005A0413(03).md
22005A0413(03)	Artigo 5.º		74	80	200	ue/acordos-internacionais/2005/22005A0413(03).md
22005A0413(03)	Artigo 6.º		82	84	110	ue/acordos-internacionais/2005/22005A0413(03).md
22005A0413(03)	Artigo 7.º		86	90	143	ue/acordos-internacionais/2005/22005A0413(03).md
22005A0413(03)	Artigo 8.º		92	94	113	ue/acordos-internacionais/2005/22005A0413(03).md
22005A0413(03)	Artigo 9.º		96	124	352	ue/acordos-internacionais/2005/22005A0413(03).md
22005A0413(03)	Artigo 10.º		126	128	60	ue/acordos-internacionais/2005/22005A0413(03).md
22005A0413(03)	Artigo 11.º		130	138	270	ue/acordos-internacionais/2005/22005A0413(03).md
22005A0413(03)	Artigo 12.º		140	142	128	ue/acordos-internacionais/2005/22005A0413(03).md
22005A0413(03)	Artigo 13.º		144	146	54	ue/acordos-internacionais/2005/22005A0413(03).md
22005A0413(03)	Artigo 14.º		148	150	109	ue/acordos-internacionais/2005/22005A0413(03).md
22005A0413(03)	Artigo 15.º		152	154	64	ue/acordos-internacionais/2005/22005A0413(03).md
22005A0413(03)	Artigo 16.º		156	158	48	ue/acordos-internacionais/2005/22005A0413(03).md
22005A0413(03)	Artigo 17.º		160	166	126	ue/acordos-internacionais/2005/22005A0413(03).md
22005A0413(03)	Artigo 18.º		168	172	132	ue/acordos-internacionais/2005/22005A0413(03).md
22005A0505(01)	Artigo 1.º		46	48	62	ue/acordos-internacionais/2005/22005A0505(01).md
22005A0505(01)	Artigo 2.º		50	52	98	ue/acordos-internacionais/2005/22005A0505(01).md
22005A0505(01)	Artigo 3.º		54	56	79	ue/acordos-internacionais/2005/22005A0505(01).md
22005A0505(01)	Artigo 4.º		58	68	289	ue/acordos-internacionais/2005/22005A0505(01).md
22005A0505(01)	Artigo 5.º		70	76	212	ue/acordos-internacionais/2005/22005A0505(01).md
22005A0505(01)	Artigo 6.º		78	80	115	ue/acordos-internacionais/2005/22005A0505(01).md
22005A0505(01)	Artigo 7.º		82	86	142	ue/acordos-internacionais/2005/22005A0505(01).md
22005A0505(01)	Artigo 8.º		88	90	120	ue/acordos-internacionais/2005/22005A0505(01).md
22005A0505(01)	Artigo 9.º		92	124	358	ue/acordos-internacionais/2005/22005A0505(01).md
22005A0505(01)	Artigo 10.º		126	128	36	ue/acordos-internacionais/2005/22005A0505(01).md
22005A0505(01)	Artigo 11.º		130	138	258	ue/acordos-internacionais/2005/22005A0505(01).md
22005A0505(01)	Artigo 12.º		140	142	88	ue/acordos-internacionais/2005/22005A0505(01).md
22005A0505(01)	Artigo 13.º		144	146	54	ue/acordos-internacionais/2005/22005A0505(01).md
22005A0505(01)	Artigo 14.º		148	150	116	ue/acordos-internacionais/2005/22005A0505(01).md
22005A0505(01)	Artigo 15.º		152	154	62	ue/acordos-internacionais/2005/22005A0505(01).md
22005A0505(01)	Artigo 16.º		156	158	45	ue/acordos-internacionais/2005/22005A0505(01).md
22005A0505(01)	Artigo 17.º		160	166	127	ue/acordos-internacionais/2005/22005A0505(01).md
22005A0505(01)	Artigo 18.º		168	180	193	ue/acordos-internacionais/2005/22005A0505(01).md
22005A0505(02)	Preâmbulo		18	34	213	ue/acordos-internacionais/2005/22005A0505(02).md
22005A0505(02)	Artigo 1.º		38	42	59	ue/acordos-internacionais/2005/22005A0505(02).md
22005A0505(02)	Artigo 2.º		44	46	40	ue/acordos-internacionais/2005/22005A0505(02).md
22005A0505(02)	Artigo 3.º		48	50	19	ue/acordos-internacionais/2005/22005A0505(02).md
22005A0505(02)	Artigo 4.º		52	90	414	ue/acordos-internacionais/2005/22005A0505(02).md
22005A0505(02)	Artigo 1.º		92	94	62	ue/acordos-internacionais/2005/22005A0505(02).md
22005A0505(02)	Artigo 2.º		96	98	112	ue/acordos-internacionais/2005/22005A0505(02).md
22005A0505(02)	Artigo 3.º		100	102	79	ue/acordos-internacionais/2005/22005A0505(02).md
22005A0505(02)	Artigo 4.º		104	114	289	ue/acordos-internacionais/2005/22005A0505(02).md
22005A0505(02)	Artigo 5.º		116	122	210	ue/acordos-internacionais/2005/22005A0505(02).md
22005A0505(02)	Artigo 6.º		124	126	114	ue/acordos-internacionais/2005/22005A0505(02).md
22005A0505(02)	Artigo 7.º		128	132	142	ue/acordos-internacionais/2005/22005A0505(02).md
22005A0505(02)	Artigo 8.º		134	136	120	ue/acordos-internacionais/2005/22005A0505(02).md
22005A0505(02)	Artigo 9.º		138	172	380	ue/acordos-internacionais/2005/22005A0505(02).md
22005A0505(02)	Artigo 10.º		174	176	48	ue/acordos-internacionais/2005/22005A0505(02).md
22005A0505(02)	Artigo 11.º		178	186	277	ue/acordos-internacionais/2005/22005A0505(02).md
22005A0505(02)	Artigo 12.º		188	190	88	ue/acordos-internacionais/2005/22005A0505(02).md
22005A0505(02)	Artigo 13.º		192	194	54	ue/acordos-internacionais/2005/22005A0505(02).md
22005A0505(02)	Artigo 14.º		196	198	116	ue/acordos-internacionais/2005/22005A0505(02).md
22005A0505(02)	Artigo 15.º		200	202	62	ue/acordos-internacionais/2005/22005A0505(02).md
22005A0505(02)	Artigo 16.º		204	206	48	ue/acordos-internacionais/2005/22005A0505(02).md
22005A0505(02)	Artigo 17.º		208	214	127	ue/acordos-internacionais/2005/22005A0505(02).md
22005A0505(02)	Artigo 18.º		216	228	197	ue/acordos-internacionais/2005/22005A0505(02).md
22005A0517(01)	Artigo 1.º		84	88	104	ue/acordos-internacionais/2005/22005A0517(01).md
22005A0517(01)	Artigo 2.º		90	120	693	ue/acordos-internacionais/2005/22005A0517(01).md
22005A0517(01)	Artigo 3.º		122	142	671	ue/acordos-internacionais/2005/22005A0517(01).md
22005A0517(01)	Artigo 4.º		144	194	1272	ue/acordos-internacionais/2005/22005A0517(01).md
22005A0517(01)	Artigo 5.º		196	256	1332	ue/acordos-internacionais/2005/22005A0517(01).md
22005A0517(01)	Artigo 6.º		258	326	1360	ue/acordos-internacionais/2005/22005A0517(01).md
22005A0517(01)	Artigo 6.º-A	Participação do público nas decisões sobre a libertação deliberada no ambiente e a colocação no mercado de organismos geneticamente modificados	328	334	182	ue/acordos-internacionais/2005/22005A0517(01).md
22005A0517(01)	Artigo 7.º		336	340	188	ue/acordos-internacionais/2005/22005A0517(01).md
22005A0517(01)	Artigo 8.º		342	356	236	ue/acordos-internacionais/2005/22005A0517(01).md
22005A0517(01)	Artigo 9.º		358	384	950	ue/acordos-internacionais/2005/22005A0517(01).md
22005A0517(01)	Artigo 10.º		386	418	911	ue/acordos-internacionais/2005/22005A0517(01).md
22005A0517(01)	Artigo 11.º		420	426	122	ue/acordos-internacionais/2005/22005A0517(01).md
22005A0517(01)	Artigo 12.º		428	438	93	ue/acordos-internacionais/2005/22005A0517(01).md
22005A0517(01)	Artigo 13.º		440	442	21	ue/acordos-internacionais/2005/22005A0517(01).md
22005A0517(01)	Artigo 14.º		444	460	619	ue/acordos-internacionais/2005/22005A0517(01).md
22005A0517(01)	Artigo 15.º		462	466	116	ue/acordos-internacionais/2005/22005A0517(01).md
22005A0517(01)	Artigo 16.º		468	480	276	ue/acordos-internacionais/2005/22005A0517(01).md
22005A0517(01)	Artigo 17.º		482	486	201	ue/acordos-internacionais/2005/22005A0517(01).md
22005A0517(01)	Artigo 18.º		488	492	35	ue/acordos-internacionais/2005/22005A0517(01).md
22005A0517(01)	Artigo 19.º		494	506	392	ue/acordos-internacionais/2005/22005A0517(01).md
22005A0517(01)	Artigo 20.º		508	516	196	ue/acordos-internacionais/2005/22005A0517(01).md
22005A0517(01)	Artigo 21.º		518	522	92	ue/acordos-internacionais/2005/22005A0517(01).md
22005A0517(01)	Artigo 22.º		524	842	5551	ue/acordos-internacionais/2005/22005A0517(01).md
22005A0517(02)	Artigo 1.º	Definições	38	54	298	ue/acordos-internacionais/2005/22005A0517(02).md
22005A0517(02)	Artigo 2.º	Readmissão de nacionais	58	64	380	ue/acordos-internacionais/2005/22005A0517(02).md
22005A0517(02)	Artigo 3.º	Readmissão de nacionais de países terceiros e de apátridas	66	84	570	ue/acordos-internacionais/2005/22005A0517(02).md
22005A0517(02)	Artigo 4.º	Readmissão de nacionais	88	94	387	ue/acordos-internacionais/2005/22005A0517(02).md
22005A0517(02)	Artigo 5.º	Readmissão de nacionais de países terceiros e de apátridas	96	116	788	ue/acordos-internacionais/2005/22005A0517(02).md
22005A0517(02)	Artigo 6.º	Princípio	120	124	163	ue/acordos-internacionais/2005/22005A0517(02).md
22005A0517(02)	Artigo 7.º	Pedido de readmissão	126	140	246	ue/acordos-internacionais/2005/22005A0517(02).md
22005A0517(02)	Artigo 8.º	Meios de prova da nacionalidade	142	148	340	ue/acordos-internacionais/2005/22005A0517(02).md
22005A0517(02)	Artigo 9.º	Meios de prova relativos aos nacionais de países terceiros e aos apátridas	150	156	392	ue/acordos-internacionais/2005/22005A0517(02).md
22005A0517(02)	Artigo 10.º		158	164	319	ue/acordos-internacionais/2005/22005A0517(02).md
22005A0517(02)	Artigo 11.º	Modalidades de transferência e modos de transporte	166	170	235	ue/acordos-internacionais/2005/22005A0517(02).md
22005A0517(02)	Artigo 12.º	Readmissão efectuada indevidamente	172	174	160	ue/acordos-internacionais/2005/22005A0517(02).md
22005A0517(02)	Artigo 13.º	Princípios	178	192	466	ue/acordos-internacionais/2005/22005A0517(02).md
22005A0517(02)	Artigo 14.º	Procedimento de trânsito	194	212	435	ue/acordos-internacionais/2005/22005A0517(02).md
22005A0517(02)	Artigo 15.º	Despesas de transporte e de trânsito	216	218	101	ue/acordos-internacionais/2005/22005A0517(02).md
22005A0517(02)	Artigo 16.º	Protecção de dados	222	250	776	ue/acordos-internacionais/2005/22005A0517(02).md
22005A0517(02)	Artigo 17.º	Cláusula de não afectação	252	256	155	ue/acordos-internacionais/2005/22005A0517(02).md
22005A0517(02)	Artigo 18.º	Comité misto de readmissão	260	280	268	ue/acordos-internacionais/2005/22005A0517(02).md
22005A0517(02)	Artigo 19.º	Protocolos de execução	282	294	221	ue/acordos-internacionais/2005/22005A0517(02).md
22005A0517(02)	Artigo 20.º	Relação com os acordos ou os regimes bilaterais de readmissão dos Estados‐Membros	296	298	89	ue/acordos-internacionais/2005/22005A0517(02).md
22005A0517(02)	Artigo 21.º	Aplicação territorial	302	306	70	ue/acordos-internacionais/2005/22005A0517(02).md
22005A0517(02)	Artigo 22.º	Entrada em vigor, vigência e denúncia do acordo	308	318	195	ue/acordos-internacionais/2005/22005A0517(02).md
22005A0517(02)	Artigo 23.º		320	420	612	ue/acordos-internacionais/2005/22005A0517(02).md
22005A0517(02)	ANEXO 1	Lista comum dos documentos cuja apresentação é considerada prova de nacionalidade	422	436	155	ue/acordos-internacionais/2005/22005A0517(02).md
22005A0517(02)	ANEXO 2	Lista comum dos documentos cuja apresentação é considerada elemento de prova prima facie de nacionalidade	438	456	169	ue/acordos-internacionais/2005/22005A0517(02).md
22005A0517(02)	ANEXO 3	Lista comum dos documentos cuja apresentação é considerada prova das condições para a readmissão de nacionais de países terceiros e de apátridas	458	474	347	ue/acordos-internacionais/2005/22005A0517(02).md
22005A0517(02)	ANEXO 4		476	490	177	ue/acordos-internacionais/2005/22005A0517(02).md
22005A0517(02)	ANEXO 5	[Insígnias da Albânia]	492	662	1260	ue/acordos-internacionais/2005/22005A0517(02).md
22005A0517(02)	ANEXO 6	[Insígnias da Albânia]	664	778	792	ue/acordos-internacionais/2005/22005A0517(02).md
22005A0517(03)	Artigo 1.º	Definições	42	58	354	ue/acordos-internacionais/2005/22005A0517(03).md
22005A0517(03)	Artigo 2.º	Readmissão dos nacionais	62	66	327	ue/acordos-internacionais/2005/22005A0517(03).md
22005A0517(03)	Artigo 3.º	Readmissão de nacionais de países terceiros e de apátridas	68	82	565	ue/acordos-internacionais/2005/22005A0517(03).md
22005A0517(03)	Artigo 4.º	Readmissão de nacionais	86	90	320	ue/acordos-internacionais/2005/22005A0517(03).md
22005A0517(03)	Artigo 5.º	Readmissão de nacionais de países terceiros e de apátridas	92	108	716	ue/acordos-internacionais/2005/22005A0517(03).md
22005A0517(03)	Artigo 6.º	Princípio	112	120	172	ue/acordos-internacionais/2005/22005A0517(03).md
22005A0517(03)	Artigo 7.º	Pedido de readmissão	122	136	302	ue/acordos-internacionais/2005/22005A0517(03).md
22005A0517(03)	Artigo 8.º	Meios de prova da nacionalidade	138	144	287	ue/acordos-internacionais/2005/22005A0517(03).md
22005A0517(03)	Artigo 9.º	Meios de prova relativos aos nacionais de países terceiros e apátridas	146	152	395	ue/acordos-internacionais/2005/22005A0517(03).md
22005A0517(03)	Artigo 10.º		154	160	314	ue/acordos-internacionais/2005/22005A0517(03).md
22005A0517(03)	Artigo 11.º	Modalidades de transferência e modos de transporte	162	166	242	ue/acordos-internacionais/2005/22005A0517(03).md
22005A0517(03)	Artigo 12.º	Princípios	170	182	363	ue/acordos-internacionais/2005/22005A0517(03).md
22005A0517(03)	Artigo 13.º	Procedimento de trânsito	184	202	398	ue/acordos-internacionais/2005/22005A0517(03).md
22005A0517(03)	Artigo 15.º	Protecção dos dados	212	240	844	ue/acordos-internacionais/2005/22005A0517(03).md
22005A0517(03)	Artigo 16.º	Cláusula de não afectação	242	246	108	ue/acordos-internacionais/2005/22005A0517(03).md
22005A0517(03)	Artigo 17.º	Comité misto de readmissão	250	272	294	ue/acordos-internacionais/2005/22005A0517(03).md
22005A0517(03)	Artigo 18.º	Protocolos de execução	274	286	195	ue/acordos-internacionais/2005/22005A0517(03).md
22005A0517(03)	Artigo 19.º	Relação com acordos ou convénios bilaterais de readmissão dos Estados-Membros	288	290	118	ue/acordos-internacionais/2005/22005A0517(03).md
22005A0517(03)	Artigo 20.º	Aplicação territorial	294	298	70	ue/acordos-internacionais/2005/22005A0517(03).md
22005A0517(03)	Artigo 21.º	Entrada em vigor, duração e denúncia	300	308	159	ue/acordos-internacionais/2005/22005A0517(03).md
22005A0517(03)	Artigo 22.º		310	324	127	ue/acordos-internacionais/2005/22005A0517(03).md
22005A0517(03)	ANEXO 1	Lista comum dos documentos cuja apresentação é considerada prova de nacionalidade	326	340	199	ue/acordos-internacionais/2005/22005A0517(03).md
22005A0517(03)	ANEXO 2	Lista comum dos documentos cuja apresentação é considerada elemento de prova prima facie de nacionalidade	342	364	222	ue/acordos-internacionais/2005/22005A0517(03).md
22005A0517(03)	ANEXO 3	Lista comum dos documentos cuja apresentação é considerada prova das condições para a readmissão de nacionais de países terceiros e de apátridas	366	382	272	ue/acordos-internacionais/2005/22005A0517(03).md
22005A0517(03)	ANEXO 4		384	398	220	ue/acordos-internacionais/2005/22005A0517(03).md
22005A0517(03)	ANEXO 5	[Emblema do Sri Lanca]	400	504	539	ue/acordos-internacionais/2005/22005A0517(03).md
22005A0517(03)	ANEXO 6	[Emblema do Sri Lanca]	506	620	671	ue/acordos-internacionais/2005/22005A0517(03).md
22005A0517(03)	ANEXO 7	[Emblema do Sri Lanca]	622	684	506	ue/acordos-internacionais/2005/22005A0517(03).md
22005A0520(01)	Artigo 1.º	Participação na operação	48	64	312	ue/acordos-internacionais/2005/22005A0520(01).md
22005A0520(01)	Artigo 2.º	Estatuto das forças	66	78	452	ue/acordos-internacionais/2005/22005A0520(01).md
22005A0520(01)	Artigo 3.º	Informação classificada	80	84	182	ue/acordos-internacionais/2005/22005A0520(01).md
22005A0520(01)	Artigo 4.º	Cadeia de comando	86	96	278	ue/acordos-internacionais/2005/22005A0520(01).md
22005A0520(01)	Artigo 5.º	Aspectos financeiros	98	102	218	ue/acordos-internacionais/2005/22005A0520(01).md
22005A0520(01)	Artigo 6.º	Disposições de execução do presente acordo	104	106	86	ue/acordos-internacionais/2005/22005A0520(01).md
22005A0520(01)	Artigo 7.º	Incumprimento	108	110	50	ue/acordos-internacionais/2005/22005A0520(01).md
22005A0520(01)	Artigo 8.º	Resolução de litígios	112	114	42	ue/acordos-internacionais/2005/22005A0520(01).md
22005A0520(01)	Artigo 9.º	Entrada em vigor	116	140	227	ue/acordos-internacionais/2005/22005A0520(01).md
22005A0528(01)	Artigo 1.º		38	42	90	ue/acordos-internacionais/2005/22005A0528(01).md
22005A0528(01)	Artigo 2.º	Ambiente	44	54	404	ue/acordos-internacionais/2005/22005A0528(01).md
22005A0528(01)	Artigo 3.º	Comunicação, informação, cultura	56	76	248	ue/acordos-internacionais/2005/22005A0528(01).md
22005A0528(01)	Artigo 4.º	Educação, formação profissional, juventude	78	82	142	ue/acordos-internacionais/2005/22005A0528(01).md
22005A0528(01)	Artigo 5.º	Questões sociais e de saúde	84	92	204	ue/acordos-internacionais/2005/22005A0528(01).md
22005A0528(01)	Artigo 6.º	Redes transeuropeias e transportes	94	96	132	ue/acordos-internacionais/2005/22005A0528(01).md
22005A0528(01)	Artigo 7.º	Política regional	98	108	269	ue/acordos-internacionais/2005/22005A0528(01).md
22005A0528(01)	Artigo 8.º	Outros domínios de cooperação	110	114	51	ue/acordos-internacionais/2005/22005A0528(01).md
22005A0528(01)	Artigo 9.º		116	130	233	ue/acordos-internacionais/2005/22005A0528(01).md
22005A0528(01)	Artigo 10.º		132	134	46	ue/acordos-internacionais/2005/22005A0528(01).md
22005A0528(01)	Artigo 11.º		136	138	18	ue/acordos-internacionais/2005/22005A0528(01).md
22005A0528(01)	Artigo 12.º		140	142	48	ue/acordos-internacionais/2005/22005A0528(01).md
22005A0528(01)	Artigo 13.º		144	146	56	ue/acordos-internacionais/2005/22005A0528(01).md
22005A0528(01)	Artigo 14.º		148	152	65	ue/acordos-internacionais/2005/22005A0528(01).md
22005A0528(01)	Artigo 15.º		154	246	634	ue/acordos-internacionais/2005/22005A0528(01).md
22005A0530(01)	Article 1		50	56	214	ue/acordos-internacionais/2005/22005A0530(01).md
22005A0530(01)	Article 2	Issuance of seafarers' identity documents	58	70	292	ue/acordos-internacionais/2005/22005A0530(01).md
22005A0530(01)	Article 3	Content and form	72	124	1060	ue/acordos-internacionais/2005/22005A0530(01).md
22005A0530(01)	Article 4	National electronic database	126	140	588	ue/acordos-internacionais/2005/22005A0530(01).md
22005A0530(01)	Article 5	Quality control and evaluations	142	170	826	ue/acordos-internacionais/2005/22005A0530(01).md
22005A0530(01)	Article 6	Facilitation of shore leave and transit and transfer of seafarers	172	198	786	ue/acordos-internacionais/2005/22005A0530(01).md
22005A0530(01)	Article 7	Continuous possession and withdrawal	200	204	170	ue/acordos-internacionais/2005/22005A0530(01).md
22005A0530(01)	Article 8	Amendment of the annexes	206	210	194	ue/acordos-internacionais/2005/22005A0530(01).md
22005A0530(01)	Article 9	Transitional provision	212	216	186	ue/acordos-internacionais/2005/22005A0530(01).md
22005A0530(01)	Article 10		218	220	23	ue/acordos-internacionais/2005/22005A0530(01).md
22005A0530(01)	Article 11		222	224	40	ue/acordos-internacionais/2005/22005A0530(01).md
22005A0530(01)	Article 12		226	232	118	ue/acordos-internacionais/2005/22005A0530(01).md
22005A0530(01)	Article 13		234	238	188	ue/acordos-internacionais/2005/22005A0530(01).md
22005A0530(01)	Article 14		240	246	144	ue/acordos-internacionais/2005/22005A0530(01).md
22005A0530(01)	Article 15		248	250	99	ue/acordos-internacionais/2005/22005A0530(01).md
22005A0530(01)	Article 16		252	254	94	ue/acordos-internacionais/2005/22005A0530(01).md
22005A0530(01)	Article 17		256	264	182	ue/acordos-internacionais/2005/22005A0530(01).md
22005A0530(01)	Article 18		266	270	40	ue/acordos-internacionais/2005/22005A0530(01).md
22005A0530(01)	ANNEX I	Model for seafarers' identity document	272	362	1144	ue/acordos-internacionais/2005/22005A0530(01).md
22005A0530(01)	ANNEX II	Electronic database	364	386	175	ue/acordos-internacionais/2005/22005A0530(01).md
22005A0530(01)	ANNEX III	Requirements and recommended procedures and practices concerning the issuance of seafarers' identity documents	388	740	6791	ue/acordos-internacionais/2005/22005A0530(01).md
22005A0607(01)	Artigo 1.º		44	46	78	ue/acordos-internacionais/2005/22005A0607(01).md
22005A0607(01)	Artigo 2.º		48	60	124	ue/acordos-internacionais/2005/22005A0607(01).md
22005A0607(01)	Artigo 3.º		62	78	165	ue/acordos-internacionais/2005/22005A0607(01).md
22005A0607(01)	Artigo 4.º		80	96	337	ue/acordos-internacionais/2005/22005A0607(01).md
22005A0607(01)	Artigo 5.º.		98	110	292	ue/acordos-internacionais/2005/22005A0607(01).md
22005A0607(01)	Artigo 6.º		112	114	50	ue/acordos-internacionais/2005/22005A0607(01).md
22005A0607(01)	Artigo 7.º		116	118	80	ue/acordos-internacionais/2005/22005A0607(01).md
22005A0607(01)	Artigo 8.º		120	122	35	ue/acordos-internacionais/2005/22005A0607(01).md
22005A0607(01)	Artigo 9.º		124	132	174	ue/acordos-internacionais/2005/22005A0607(01).md
22005A0607(01)	Artigo 10.º		134	136	55	ue/acordos-internacionais/2005/22005A0607(01).md
22005A0607(01)	Artigo 11.º.		138	146	216	ue/acordos-internacionais/2005/22005A0607(01).md
22005A0607(01)	Artigo 12.º		148	150	76	ue/acordos-internacionais/2005/22005A0607(01).md
22005A0607(01)	Artigo 13.º		152	168	125	ue/acordos-internacionais/2005/22005A0607(01).md
22005A0607(01)	ANEXO I		170	236	2102	ue/acordos-internacionais/2005/22005A0607(01).md
22005A0607(01)	ANEXO II	DEFINIÇÕES	238	248	249	ue/acordos-internacionais/2005/22005A0607(01).md
22005A0607(01)	ANEXO III	CARACTERÍSTICAS INDICATIVAS DE UM PLANO DE GESTÃO TECNOLÓGICA (PGT)	250	254	212	ue/acordos-internacionais/2005/22005A0607(01).md
22005A0617(02)	Artigo 1.º		94	98	220	ue/acordos-internacionais/2005/22005A0617(02).md
22005A0617(02)	Artigo 2.º		100	102	120	ue/acordos-internacionais/2005/22005A0617(02).md
22005A0617(02)	Artigo 3.º	Produtos agrícolas de base	106	108	176	ue/acordos-internacionais/2005/22005A0617(02).md
22005A0617(02)	Artigo 4.º		112	308	1822	ue/acordos-internacionais/2005/22005A0617(02).md
22005A0617(02)	Artigo 5.º		312	314	16	ue/acordos-internacionais/2005/22005A0617(02).md
22005A0617(02)	Artigo 6.º	Prova de origem e cooperação administrativa [3]	318	338	566	ue/acordos-internacionais/2005/22005A0617(02).md
22005A0617(02)	Artigo 7.º	Mercadorias em trânsito ou em depósito temporário	340	344	193	ue/acordos-internacionais/2005/22005A0617(02).md
22005A0617(02)	Artigo 8.º		348	350	26	ue/acordos-internacionais/2005/22005A0617(02).md
22005A0617(02)	Artigo 9.º		352	356	101	ue/acordos-internacionais/2005/22005A0617(02).md
22005A0617(02)	Artigo 10.º		358	362	93	ue/acordos-internacionais/2005/22005A0617(02).md
22005A0617(02)	Artigo 11.º		364	366	80	ue/acordos-internacionais/2005/22005A0617(02).md
22005A0617(02)	Artigo 12.º		368	546	878	ue/acordos-internacionais/2005/22005A0617(02).md
22005A0618(01)	Artigo 1.º	Participação na operação	48	64	328	ue/acordos-internacionais/2005/22005A0618(01).md
22005A0618(01)	Artigo 2.º	Estatuto das forças	66	78	456	ue/acordos-internacionais/2005/22005A0618(01).md
22005A0618(01)	Artigo 3.º	Informação classificada	80	84	186	ue/acordos-internacionais/2005/22005A0618(01).md
22005A0618(01)	Artigo 4.º	Cadeia de comando	86	96	286	ue/acordos-internacionais/2005/22005A0618(01).md
22005A0618(01)	Artigo 5.º	Aspectos financeiros	98	102	226	ue/acordos-internacionais/2005/22005A0618(01).md
22005A0618(01)	Artigo 6.º	Disposições de execução do presente acordo	104	106	82	ue/acordos-internacionais/2005/22005A0618(01).md
22005A0618(01)	Artigo 7.º	Incumprimento	108	110	50	ue/acordos-internacionais/2005/22005A0618(01).md
22005A0618(01)	Artigo 8.º	Resolução de litígios	112	114	43	ue/acordos-internacionais/2005/22005A0618(01).md
22005A0618(01)	Artigo 9.º	Entrada em vigor	116	138	179	ue/acordos-internacionais/2005/22005A0618(01).md
22005A0705(01)	Artigo 1.º		40	42	62	ue/acordos-internacionais/2005/22005A0705(01).md
22005A0705(01)	Artigo 2.º		44	46	110	ue/acordos-internacionais/2005/22005A0705(01).md
22005A0705(01)	Artigo 3.º		48	50	76	ue/acordos-internacionais/2005/22005A0705(01).md
22005A0705(01)	Artigo 4.º		52	62	285	ue/acordos-internacionais/2005/22005A0705(01).md
22005A0705(01)	Artigo 5.º		64	70	205	ue/acordos-internacionais/2005/22005A0705(01).md
22005A0705(01)	Artigo 6.º		72	74	123	ue/acordos-internacionais/2005/22005A0705(01).md
22005A0705(01)	Artigo 7.º		76	80	178	ue/acordos-internacionais/2005/22005A0705(01).md
22005A0705(01)	Artigo 8.º		82	84	108	ue/acordos-internacionais/2005/22005A0705(01).md
22005A0705(01)	Artigo 9.º		86	120	435	ue/acordos-internacionais/2005/22005A0705(01).md
22005A0705(01)	Artigo 10.º		122	124	44	ue/acordos-internacionais/2005/22005A0705(01).md
22005A0705(01)	Artigo 11.º		126	136	346	ue/acordos-internacionais/2005/22005A0705(01).md
22005A0705(01)	Artigo 12.º		138	140	54	ue/acordos-internacionais/2005/22005A0705(01).md
22005A0705(01)	Artigo 13.º		142	144	106	ue/acordos-internacionais/2005/22005A0705(01).md
22005A0705(01)	Artigo 14.º		146	148	60	ue/acordos-internacionais/2005/22005A0705(01).md
22005A0705(01)	Artigo 15.º		150	152	44	ue/acordos-internacionais/2005/22005A0705(01).md
22005A0705(01)	Artigo 16.º		154	160	124	ue/acordos-internacionais/2005/22005A0705(01).md
22005A0705(01)	Artigo 17.º		162	174	192	ue/acordos-internacionais/2005/22005A0705(01).md
22005A0713(01)	Artigo 1.º	Âmbito e princípios	40	54	206	ue/acordos-internacionais/2005/22005A0713(01).md
22005A0713(01)	Artigo 2.º	Meios de cooperação	56	86	559	ue/acordos-internacionais/2005/22005A0713(01).md
22005A0713(01)	Artigo 3.º	Reforço da cooperação	88	92	169	ue/acordos-internacionais/2005/22005A0713(01).md
22005A0713(01)	Artigo 4.º	Gestão do AcordoComité Misto de Cooperação Científica e Tecnológica CE-Egipto	94	108	452	ue/acordos-internacionais/2005/22005A0713(01).md
22005A0713(01)	Artigo 5.º	Financiamento	110	112	72	ue/acordos-internacionais/2005/22005A0713(01).md
22005A0713(01)	Artigo 6.º	Difusão e utilização de resultados e informações	114	116	88	ue/acordos-internacionais/2005/22005A0713(01).md
22005A0713(01)	Artigo 7.º	Disposições finais	118	208	1010	ue/acordos-internacionais/2005/22005A0713(01).md
22005A0713(01)	ANEXO I	Termos e condições da participação de entidades jurídicas dos Estados-Membros da União Europeia e do Egipto	210	236	966	ue/acordos-internacionais/2005/22005A0713(01).md
22005A0713(01)	ANEXO II	Princípios aplicáveis à concessão de direitos de propriedade intelectual	238	280	1538	ue/acordos-internacionais/2005/22005A0713(01).md
22005A0713(02)	Artigo 1.º	Decisões relacionadas com a participação	52	60	189	ue/acordos-internacionais/2005/22005A0713(02).md
22005A0713(02)	Artigo 2.º		62	66	137	ue/acordos-internacionais/2005/22005A0713(02).md
22005A0713(02)	Artigo 3.º	Estatuto do pessoal e das forças	68	80	488	ue/acordos-internacionais/2005/22005A0713(02).md
22005A0713(02)	Artigo 4.º	Informação classificada	82	86	221	ue/acordos-internacionais/2005/22005A0713(02).md
22005A0713(02)	Artigo 5.º	Pessoal destacado para uma operação civil de gestão de crises da União Europeia	90	102	258	ue/acordos-internacionais/2005/22005A0713(02).md
22005A0713(02)	Artigo 6.º	Cadeia de comando	104	120	445	ue/acordos-internacionais/2005/22005A0713(02).md
22005A0713(02)	Artigo 7.º	Aspectos financeiros	122	126	167	ue/acordos-internacionais/2005/22005A0713(02).md
22005A0713(02)	Artigo 8.º	Contributo para o orçamento operacional	128	152	485	ue/acordos-internacionais/2005/22005A0713(02).md
22005A0713(02)	Artigo 9.º	Participação na operação militar de gestão de crises da União Europeia	156	168	184	ue/acordos-internacionais/2005/22005A0713(02).md
22005A0713(02)	Artigo 10.º	Cadeia de comando	170	180	268	ue/acordos-internacionais/2005/22005A0713(02).md
22005A0713(02)	Artigo 11.º	Aspectos financeiros	182	186	224	ue/acordos-internacionais/2005/22005A0713(02).md
22005A0713(02)	Artigo 12.º	Contributo para os custos comuns	188	212	560	ue/acordos-internacionais/2005/22005A0713(02).md
22005A0713(02)	Artigo 13.º	Disposições de execução do acordo	216	218	96	ue/acordos-internacionais/2005/22005A0713(02).md
22005A0713(02)	Artigo 14.º	Incumprimento	220	222	50	ue/acordos-internacionais/2005/22005A0713(02).md
22005A0713(02)	Artigo 15.º	Resolução de diferendos	224	226	44	ue/acordos-internacionais/2005/22005A0713(02).md
22005A0713(02)	Artigo 16.º	Entrada em vigor	228	268	868	ue/acordos-internacionais/2005/22005A0713(02).md
22005A0722(01)	Artigo 1.º		48	54	111	ue/acordos-internacionais/2005/22005A0722(01).md
22005A0722(01)	Artigo 2.º		56	58	39	ue/acordos-internacionais/2005/22005A0722(01).md
22005A0722(01)	Artigo 3.º		60	62	67	ue/acordos-internacionais/2005/22005A0722(01).md
22005A0722(01)	Artigo 4.º		64	66	58	ue/acordos-internacionais/2005/22005A0722(01).md
22005A0722(01)	Artigo 5.º		68	72	229	ue/acordos-internacionais/2005/22005A0722(01).md
22005A0722(01)	Artigo 6.º		74	78	158	ue/acordos-internacionais/2005/22005A0722(01).md
22005A0722(01)	Artigo 7.º		80	84	61	ue/acordos-internacionais/2005/22005A0722(01).md
22005A0722(01)	Artigo 8.º		86	88	68	ue/acordos-internacionais/2005/22005A0722(01).md
22005A0722(01)	Artigo 9.º		90	92	52	ue/acordos-internacionais/2005/22005A0722(01).md
22005A0722(01)	Artigo 10.º		94	96	69	ue/acordos-internacionais/2005/22005A0722(01).md
22005A0722(01)	Artigo 11.º		98	294	2632	ue/acordos-internacionais/2005/22005A0722(01).md
22005A0722(02)	Artigo 1.º		48	54	119	ue/acordos-internacionais/2005/22005A0722(02).md
22005A0722(02)	Artigo 2.º		56	58	42	ue/acordos-internacionais/2005/22005A0722(02).md
22005A0722(02)	Artigo 3.º		60	62	75	ue/acordos-internacionais/2005/22005A0722(02).md
22005A0722(02)	Artigo 4.º		64	66	61	ue/acordos-internacionais/2005/22005A0722(02).md
22005A0722(02)	Artigo 5.º		68	72	238	ue/acordos-internacionais/2005/22005A0722(02).md
22005A0722(02)	Artigo 6.º		74	78	158	ue/acordos-internacionais/2005/22005A0722(02).md
22005A0722(02)	Artigo 7.º		80	84	61	ue/acordos-internacionais/2005/22005A0722(02).md
22005A0722(02)	Artigo 8.º		86	88	71	ue/acordos-internacionais/2005/22005A0722(02).md
22005A0722(02)	Artigo 9.º		90	92	54	ue/acordos-internacionais/2005/22005A0722(02).md
22005A0722(02)	Artigo 10.º		94	96	69	ue/acordos-internacionais/2005/22005A0722(02).md
22005A0722(02)	Artigo 11.º		98	306	2681	ue/acordos-internacionais/2005/22005A0722(02).md
22005A0722(04)	Artigo 1.º		50	56	135	ue/acordos-internacionais/2005/22005A0722(04).md
22005A0722(04)	Artigo 2.º		58	60	47	ue/acordos-internacionais/2005/22005A0722(04).md
22005A0722(04)	Artigo 3.º		62	64	91	ue/acordos-internacionais/2005/22005A0722(04).md
22005A0722(04)	Artigo 4.º		66	68	66	ue/acordos-internacionais/2005/22005A0722(04).md
22005A0722(04)	Artigo 5.º		70	74	258	ue/acordos-internacionais/2005/22005A0722(04).md
22005A0722(04)	Artigo 6.º		76	80	158	ue/acordos-internacionais/2005/22005A0722(04).md
22005A0722(04)	Artigo 7.º		82	86	61	ue/acordos-internacionais/2005/22005A0722(04).md
22005A0722(04)	Artigo 8.º		88	90	76	ue/acordos-internacionais/2005/22005A0722(04).md
22005A0722(04)	Artigo 9.º		92	94	60	ue/acordos-internacionais/2005/22005A0722(04).md
22005A0722(04)	Artigo 10.º		96	98	69	ue/acordos-internacionais/2005/22005A0722(04).md
22005A0722(04)	Artigo 11.º		100	106	104	ue/acordos-internacionais/2005/22005A0722(04).md
22005A0722(04)	Artigo 12.º		108	220	2013	ue/acordos-internacionais/2005/22005A0722(04).md
22005A0722(05)	Artigo 1.º		48	54	121	ue/acordos-internacionais/2005/22005A0722(05).md
22005A0722(05)	Artigo 2.º		56	58	42	ue/acordos-internacionais/2005/22005A0722(05).md
22005A0722(05)	Artigo 3.º		60	62	76	ue/acordos-internacionais/2005/22005A0722(05).md
22005A0722(05)	Artigo 4.º		64	66	62	ue/acordos-internacionais/2005/22005A0722(05).md
22005A0722(05)	Artigo 5.º		68	72	238	ue/acordos-internacionais/2005/22005A0722(05).md
22005A0722(05)	Artigo 6.º		74	78	158	ue/acordos-internacionais/2005/22005A0722(05).md
22005A0722(05)	Artigo 7.º		80	84	61	ue/acordos-internacionais/2005/22005A0722(05).md
22005A0722(05)	Artigo 8.º		86	88	72	ue/acordos-internacionais/2005/22005A0722(05).md
22005A0722(05)	Artigo 9.º		90	92	54	ue/acordos-internacionais/2005/22005A0722(05).md
22005A0722(05)	Artigo 10.º		94	96	69	ue/acordos-internacionais/2005/22005A0722(05).md
22005A0722(05)	Artigo 11.º		98	294	2626	ue/acordos-internacionais/2005/22005A0722(05).md
22005A0803(01)	Artigo 1.º	Participação na operação	48	64	328	ue/acordos-internacionais/2005/22005A0803(01).md
22005A0803(01)	Artigo 2.º	Estatuto das forças	66	78	455	ue/acordos-internacionais/2005/22005A0803(01).md
22005A0803(01)	Artigo 3.º	Informação classificada	80	84	178	ue/acordos-internacionais/2005/22005A0803(01).md
22005A0803(01)	Artigo 4.º	Cadeia de comando	86	96	282	ue/acordos-internacionais/2005/22005A0803(01).md
22005A0803(01)	Artigo 5.º	Aspectos financeiros	98	102	221	ue/acordos-internacionais/2005/22005A0803(01).md
22005A0803(01)	Artigo 6.º	Disposições de execução do presente acordo	104	106	87	ue/acordos-internacionais/2005/22005A0803(01).md
22005A0803(01)	Artigo 7.º	Incumprimento	108	110	50	ue/acordos-internacionais/2005/22005A0803(01).md
22005A0803(01)	Artigo 8.º	Resolução de litígios	112	114	42	ue/acordos-internacionais/2005/22005A0803(01).md
22005A0803(01)	Artigo 9.º	Entrada em vigor	116	138	222	ue/acordos-internacionais/2005/22005A0803(01).md
22005A0811(01)	Artigo 11.ºB	Cooperação na luta contra a proliferação de armas de destruição maciça	308	754	8691	ue/acordos-internacionais/2005/22005A0811(01).md
22005A0811(01)	Artigo 19.ºB	"Concurso com ""cláusula suspensiva"""	756	968	4121	ue/acordos-internacionais/2005/22005A0811(01).md
22005A0811(01)	Artigo 1.º	Objectivos	970	976	151	ue/acordos-internacionais/2005/22005A0811(01).md
22005A0811(01)	Artigo 2.º	Intensificação do diálogo político antes do recurso às consultas previstas no artigo 96.º do acordo	978	988	450	ue/acordos-internacionais/2005/22005A0811(01).md
22005A0811(01)	Artigo 3.º	Regras adicionais relativas às consultas previstas no artigo 96.º do acordo	990	1004	396	ue/acordos-internacionais/2005/22005A0811(01).md
22005A0919(01)	Artigo 1.º		30	32	153	ue/acordos-internacionais/2005/22005A0919(01).md
22005A0919(01)	Artigo 2.º		34	38	136	ue/acordos-internacionais/2005/22005A0919(01).md
22005A0919(01)	Artigo 3.º	Produtos agrícolas	40	42	54	ue/acordos-internacionais/2005/22005A0919(01).md
22005A0919(01)	Artigo 4.º	Regras de origem	44	144	504	ue/acordos-internacionais/2005/22005A0919(01).md
22005A0919(01)	Artigo 5.º	Presidência do Comité de Associação	146	152	86	ue/acordos-internacionais/2005/22005A0919(01).md
22005A0919(01)	Artigo 6.º	Provas de origem e cooperação administrativa	154	174	596	ue/acordos-internacionais/2005/22005A0919(01).md
22005A0919(01)	Artigo 7.º	Mercadorias em trânsito	176	182	186	ue/acordos-internacionais/2005/22005A0919(01).md
22005A0919(01)	Artigo 8.º		184	186	68	ue/acordos-internacionais/2005/22005A0919(01).md
22005A0919(01)	Artigo 9.º		188	190	75	ue/acordos-internacionais/2005/22005A0919(01).md
22005A0919(01)	Artigo 10.º		192	194	38	ue/acordos-internacionais/2005/22005A0919(01).md
22005A0919(01)	Artigo 11.º		196	200	76	ue/acordos-internacionais/2005/22005A0919(01).md
22005A0919(01)	Artigo 12.º		202	206	64	ue/acordos-internacionais/2005/22005A0919(01).md
22005A0919(01)	Artigo 13.º		208	210	42	ue/acordos-internacionais/2005/22005A0919(01).md
22005A0919(01)	Artigo 14.º		212	378	841	ue/acordos-internacionais/2005/22005A0919(01).md
22005A0919(01)	ANEXO I	--------------------------------------------------	380	874	7332	ue/acordos-internacionais/2005/22005A0919(01).md
22005A0919(01)	Artigo 1.º		386	404	618	ue/acordos-internacionais/2005/22005A0919(01).md
22005A0919(01)	Artigo 2.º		406	452	721	ue/acordos-internacionais/2005/22005A0919(01).md
22005A0919(01)	Artigo 3.º		454	468	199	ue/acordos-internacionais/2005/22005A0919(01).md
22005A0919(01)	Artigo 4.º		470	478	161	ue/acordos-internacionais/2005/22005A0919(01).md
22005A0919(01)	Artigo 5.º		480	488	266	ue/acordos-internacionais/2005/22005A0919(01).md
22005A0919(01)	Artigo 6.º		490	492	134	ue/acordos-internacionais/2005/22005A0919(01).md
22005A0919(01)	Artigo 7.º		494	874	5187	ue/acordos-internacionais/2005/22005A0919(01).md
22005A0927(01)	Artigo 1.º		94	96	61	ue/acordos-internacionais/2005/22005A0927(01).md
22005A0927(01)	Artigo 2.º		98	100	17	ue/acordos-internacionais/2005/22005A0927(01).md
22005A0927(01)	Artigo 3.º		102	106	102	ue/acordos-internacionais/2005/22005A0927(01).md
22005A0927(01)	Artigo 4.º		108	110	35	ue/acordos-internacionais/2005/22005A0927(01).md
22005A0927(01)	Artigo 5.º		112	116	80	ue/acordos-internacionais/2005/22005A0927(01).md
22005A0927(01)	Artigo 6.º		118	288	814	ue/acordos-internacionais/2005/22005A0927(01).md
22005A0930(01)	Preâmbulo		18	90	551	ue/acordos-internacionais/2005/22005A0930(01).md
22005A0930(01)	Artigo 1.º		96	102	359	ue/acordos-internacionais/2005/22005A0930(01).md
22005A0930(01)	«Artigo 29.º		104	106	52	ue/acordos-internacionais/2005/22005A0930(01).md
22005A0930(01)	Artigo 2.º	Cessação da vigência do Tratado CECA	110	112	134	ue/acordos-internacionais/2005/22005A0930(01).md
22005A0930(01)	Artigo 3.º	Regras de origem	114	306	1664	ue/acordos-internacionais/2005/22005A0930(01).md
22005A0930(01)	Artigo 4.º	Regras de origem	310	502	1664	ue/acordos-internacionais/2005/22005A0930(01).md
22005A0930(01)	Artigo 5.º	Ajustamento dos contingentes pautais para os produtos agrícolas	504	506	154	ue/acordos-internacionais/2005/22005A0930(01).md
22005A0930(01)	Artigo 6.º	O certificado de circulação A.TR e a cooperação administrativa	510	644	655	ue/acordos-internacionais/2005/22005A0930(01).md
22005A0930(01)	Artigo 7.º	Aperfeiçoamento passivo	646	692	206	ue/acordos-internacionais/2005/22005A0930(01).md
22005A0930(01)	Artigo 8.º	Mercadorias de retorno	694	740	205	ue/acordos-internacionais/2005/22005A0930(01).md
22005A0930(01)	Artigo 9.º	Prova do estatuto no âmbito das disposições sobre a livre circulação de produtos industriais	744	754	460	ue/acordos-internacionais/2005/22005A0930(01).md
22005A0930(01)	Artigo 10.º	Prova de origem e cooperação administrativa no âmbito dos acordos preferenciais relativos aos produtos do carvão e do aço e aos produtos agrícolas [^16]	756	776	674	ue/acordos-internacionais/2005/22005A0930(01).md
22005A0930(01)	Artigo 11.º	Mercadorias em trânsito	778	782	329	ue/acordos-internacionais/2005/22005A0930(01).md
22005A0930(01)	Artigo 12.º		786	788	20	ue/acordos-internacionais/2005/22005A0930(01).md
22005A0930(01)	Artigo 13.º		790	794	86	ue/acordos-internacionais/2005/22005A0930(01).md
22005A0930(01)	Artigo 14.º		796	798	58	ue/acordos-internacionais/2005/22005A0930(01).md
22005A0930(01)	Artigo 15.º		800	802	80	ue/acordos-internacionais/2005/22005A0930(01).md
22005A0930(01)	Artigo 16.º		804	1018	1373	ue/acordos-internacionais/2005/22005A0930(01).md
22005A1010(01)	Artigo 1.º		102	116	229	ue/acordos-internacionais/2005/22005A1010(01).md
22005A1010(01)	Artigo 2.º		118	120	68	ue/acordos-internacionais/2005/22005A1010(01).md
22005A1010(01)	Artigo 3.º		124	136	215	ue/acordos-internacionais/2005/22005A1010(01).md
22005A1010(01)	Artigo 4.º		138	140	64	ue/acordos-internacionais/2005/22005A1010(01).md
22005A1010(01)	Artigo 5.º		142	152	165	ue/acordos-internacionais/2005/22005A1010(01).md
22005A1010(01)	Artigo 6.º		156	158	131	ue/acordos-internacionais/2005/22005A1010(01).md
22005A1010(01)	Artigo 7.º		162	164	65	ue/acordos-internacionais/2005/22005A1010(01).md
22005A1010(01)	Artigo 8.º		166	168	43	ue/acordos-internacionais/2005/22005A1010(01).md
22005A1010(01)	Artigo 9.º		170	214	932	ue/acordos-internacionais/2005/22005A1010(01).md
22005A1010(01)	Artigo 10.º		216	218	41	ue/acordos-internacionais/2005/22005A1010(01).md
22005A1010(01)	Artigo 11.º		220	234	606	ue/acordos-internacionais/2005/22005A1010(01).md
22005A1010(01)	Artigo 12.º		238	240	62	ue/acordos-internacionais/2005/22005A1010(01).md
22005A1010(01)	Artigo 13.º		242	244	66	ue/acordos-internacionais/2005/22005A1010(01).md
22005A1010(01)	Artigo 14.º		246	256	219	ue/acordos-internacionais/2005/22005A1010(01).md
22005A1010(01)	Artigo 15.º		258	262	188	ue/acordos-internacionais/2005/22005A1010(01).md
22005A1010(01)	Artigo 16.º		264	272	250	ue/acordos-internacionais/2005/22005A1010(01).md
22005A1010(01)	Artigo 17.º		276	286	281	ue/acordos-internacionais/2005/22005A1010(01).md
22005A1010(01)	Artigo 18.º		288	296	216	ue/acordos-internacionais/2005/22005A1010(01).md
22005A1010(01)	Artigo 19.º		298	302	138	ue/acordos-internacionais/2005/22005A1010(01).md
22005A1010(01)	Artigo 20.º		304	308	130	ue/acordos-internacionais/2005/22005A1010(01).md
22005A1010(01)	Artigo 21.º		310	314	185	ue/acordos-internacionais/2005/22005A1010(01).md
22005A1010(01)	Artigo 22.º		316	318	111	ue/acordos-internacionais/2005/22005A1010(01).md
22005A1010(01)	Artigo 23.º		320	324	123	ue/acordos-internacionais/2005/22005A1010(01).md
22005A1010(01)	Artigo 24.º		326	348	907	ue/acordos-internacionais/2005/22005A1010(01).md
22005A1010(01)	Artigo 25.º		350	358	192	ue/acordos-internacionais/2005/22005A1010(01).md
22005A1010(01)	Artigo 26.º		360	376	549	ue/acordos-internacionais/2005/22005A1010(01).md
22005A1010(01)	Artigo 27.º		378	380	166	ue/acordos-internacionais/2005/22005A1010(01).md
22005A1010(01)	Artigo 28.º		382	384	49	ue/acordos-internacionais/2005/22005A1010(01).md
22005A1010(01)	Artigo 29.º		386	388	56	ue/acordos-internacionais/2005/22005A1010(01).md
22005A1010(01)	Artigo 30.º	Compromissos recíprocos	392	400	286	ue/acordos-internacionais/2005/22005A1010(01).md
22005A1010(01)	Artigo 31.º	Prestação de serviços transfronteiras	402	404	108	ue/acordos-internacionais/2005/22005A1010(01).md
22005A1010(01)	Artigo 32.º	Presença comercial	406	412	217	ue/acordos-internacionais/2005/22005A1010(01).md
22005A1010(01)	Artigo 33.º	Presença temporária de pessoas singulares	414	436	892	ue/acordos-internacionais/2005/22005A1010(01).md
22005A1010(01)	Artigo 34.º	Transportes	438	472	1260	ue/acordos-internacionais/2005/22005A1010(01).md
22005A1010(01)	Artigo 35.º	Regulamentação interna	474	486	654	ue/acordos-internacionais/2005/22005A1010(01).md
22005A1010(01)	Artigo 36.º	Definições	488	510	739	ue/acordos-internacionais/2005/22005A1010(01).md
22005A1010(01)	Artigo 37.º	Disposições gerais	512	518	270	ue/acordos-internacionais/2005/22005A1010(01).md
22005A1010(01)	Artigo 38.º		524	526	47	ue/acordos-internacionais/2005/22005A1010(01).md
22005A1010(01)	Artigo 39.º		528	532	142	ue/acordos-internacionais/2005/22005A1010(01).md
22005A1010(01)	Artigo 40.º		534	536	193	ue/acordos-internacionais/2005/22005A1010(01).md
22005A1010(01)	Artigo 41.º		540	554	324	ue/acordos-internacionais/2005/22005A1010(01).md
22005A1010(01)	Artigo 42.º		556	558	140	ue/acordos-internacionais/2005/22005A1010(01).md
22005A1010(01)	Artigo 43.º		560	562	131	ue/acordos-internacionais/2005/22005A1010(01).md
22005A1010(01)	Artigo 44.º		564	568	156	ue/acordos-internacionais/2005/22005A1010(01).md
22005A1010(01)	Artigo 45.º		570	572	50	ue/acordos-internacionais/2005/22005A1010(01).md
22005A1010(01)	Artigo 46.º		574	578	60	ue/acordos-internacionais/2005/22005A1010(01).md
22005A1010(01)	Artigo 47.º	Objectivos	582	588	106	ue/acordos-internacionais/2005/22005A1010(01).md
22005A1010(01)	Artigo 48.º	Âmbito de aplicação	590	600	288	ue/acordos-internacionais/2005/22005A1010(01).md
22005A1010(01)	Artigo 49.º	Instrumentos e modalidades	602	616	140	ue/acordos-internacionais/2005/22005A1010(01).md
22005A1010(01)	Artigo 50.º	Cooperação regional	618	636	162	ue/acordos-internacionais/2005/22005A1010(01).md
22005A1010(01)	Artigo 51.º	Cooperação científica, técnica e tecnológica	638	654	234	ue/acordos-internacionais/2005/22005A1010(01).md
22005A1010(01)	Artigo 52.º	Ambiente	656	682	282	ue/acordos-internacionais/2005/22005A1010(01).md
22005A1010(01)	Artigo 53.º	Cooperação industrial	684	702	319	ue/acordos-internacionais/2005/22005A1010(01).md
22005A1010(01)	Artigo 54.º	Promoção e protecção dos investimentos	704	712	189	ue/acordos-internacionais/2005/22005A1010(01).md
22005A1010(01)	Artigo 55.º	Normalização e avaliação de conformidade	714	726	195	ue/acordos-internacionais/2005/22005A1010(01).md
22005A1010(01)	Artigo 56.º	Aproximação das legislações	728	730	46	ue/acordos-internacionais/2005/22005A1010(01).md
22005A1010(01)	Artigo 57.º	Serviços financeiros	732	740	115	ue/acordos-internacionais/2005/22005A1010(01).md
22005A1010(01)	Artigo 58.º	Agricultura e pesca	742	770	293	ue/acordos-internacionais/2005/22005A1010(01).md
22005A1010(01)	Artigo 59.º	Transportes	772	792	259	ue/acordos-internacionais/2005/22005A1010(01).md
22005A1010(01)	Artigo 60.º	Telecomunicações e sociedade da informação	794	810	341	ue/acordos-internacionais/2005/22005A1010(01).md
22005A1010(01)	Artigo 61.º	Energia e minas	812	850	461	ue/acordos-internacionais/2005/22005A1010(01).md
22005A1010(01)	Artigo 62.º	Turismo e artesanato	852	866	172	ue/acordos-internacionais/2005/22005A1010(01).md
22005A1010(01)	Artigo 63.º	Cooperação em matéria aduaneira	868	878	190	ue/acordos-internacionais/2005/22005A1010(01).md
22005A1010(01)	Artigo 64.º	Cooperação no domínio estatístico	880	882	126	ue/acordos-internacionais/2005/22005A1010(01).md
22005A1010(01)	Artigo 65.º	Cooperação em matéria de protecção dos consumidores	884	904	289	ue/acordos-internacionais/2005/22005A1010(01).md
22005A1010(01)	Artigo 66.º		906	912	170	ue/acordos-internacionais/2005/22005A1010(01).md
22005A1010(01)	Artigo 67.º		918	924	171	ue/acordos-internacionais/2005/22005A1010(01).md
22005A1010(01)	Artigo 68.º		926	940	494	ue/acordos-internacionais/2005/22005A1010(01).md
22005A1010(01)	Artigo 69.º		942	944	44	ue/acordos-internacionais/2005/22005A1010(01).md
22005A1010(01)	Artigo 70.º		946	950	103	ue/acordos-internacionais/2005/22005A1010(01).md
22005A1010(01)	Artigo 71.º		952	954	82	ue/acordos-internacionais/2005/22005A1010(01).md
22005A1010(01)	Artigo 72.º		958	972	256	ue/acordos-internacionais/2005/22005A1010(01).md
22005A1010(01)	Artigo 73.º		974	976	54	ue/acordos-internacionais/2005/22005A1010(01).md
22005A1010(01)	Artigo 74.º		980	1012	477	ue/acordos-internacionais/2005/22005A1010(01).md
22005A1010(01)	Artigo 75.º		1014	1016	38	ue/acordos-internacionais/2005/22005A1010(01).md
22005A1010(01)	Artigo 76.º		1018	1020	63	ue/acordos-internacionais/2005/22005A1010(01).md
22005A1010(01)	Artigo 77.º		1024	1048	264	ue/acordos-internacionais/2005/22005A1010(01).md
22005A1010(01)	Artigo 78.º		1050	1060	146	ue/acordos-internacionais/2005/22005A1010(01).md
22005A1010(01)	Artigo 79.º		1064	1080	248	ue/acordos-internacionais/2005/22005A1010(01).md
22005A1010(01)	Artigo 80.º		1082	1084	152	ue/acordos-internacionais/2005/22005A1010(01).md
22005A1010(01)	Artigo 81.º		1086	1088	106	ue/acordos-internacionais/2005/22005A1010(01).md
22005A1010(01)	Artigo 82.º	Reforço das instituições do Estado de Direito	1092	1098	144	ue/acordos-internacionais/2005/22005A1010(01).md
22005A1010(01)	Artigo 83.º	Circulação de pessoas	1100	1102	144	ue/acordos-internacionais/2005/22005A1010(01).md
22005A1010(01)	Artigo 84.º	Cooperação no domínio da prevenção e controlo da imigração clandestina; readmissão	1104	1114	387	ue/acordos-internacionais/2005/22005A1010(01).md
22005A1010(01)	Artigo 85.º	Cooperação em matéria jurídica e judiciária	1116	1134	288	ue/acordos-internacionais/2005/22005A1010(01).md
22005A1010(01)	Artigo 86.º	Prevenção e luta contra o crime organizado	1136	1142	222	ue/acordos-internacionais/2005/22005A1010(01).md
22005A1010(01)	Artigo 87.º	Luta contra o branqueamento de capitais	1144	1154	252	ue/acordos-internacionais/2005/22005A1010(01).md
22005A1010(01)	Artigo 88.º	Luta contra o racismo e a xenofobia	1156	1164	171	ue/acordos-internacionais/2005/22005A1010(01).md
22005A1010(01)	Artigo 89.º	Luta contra a droga e a toxicodependência	1166	1188	414	ue/acordos-internacionais/2005/22005A1010(01).md
22005A1010(01)	Artigo 90.º	Luta contra o terrorismo	1190	1198	167	ue/acordos-internacionais/2005/22005A1010(01).md
22005A1010(01)	Artigo 91.º	Luta contra a corrupção	1200	1208	211	ue/acordos-internacionais/2005/22005A1010(01).md
22005A1010(01)	Artigo 92.º		1212	1216	97	ue/acordos-internacionais/2005/22005A1010(01).md
22005A1010(01)	Artigo 93.º		1218	1226	156	ue/acordos-internacionais/2005/22005A1010(01).md
22005A1010(01)	Artigo 94.º		1228	1234	121	ue/acordos-internacionais/2005/22005A1010(01).md
22005A1010(01)	Artigo 95.º		1236	1240	69	ue/acordos-internacionais/2005/22005A1010(01).md
22005A1010(01)	Artigo 96.º		1242	1254	139	ue/acordos-internacionais/2005/22005A1010(01).md
22005A1010(01)	Artigo 97.º		1256	1260	83	ue/acordos-internacionais/2005/22005A1010(01).md
22005A1010(01)	Artigo 98.º		1262	1264	38	ue/acordos-internacionais/2005/22005A1010(01).md
22005A1010(01)	Artigo 99.º		1266	1268	72	ue/acordos-internacionais/2005/22005A1010(01).md
22005A1010(01)	Artigo 100.º		1270	1284	229	ue/acordos-internacionais/2005/22005A1010(01).md
22005A1010(01)	Artigo 101.º		1286	1294	238	ue/acordos-internacionais/2005/22005A1010(01).md
22005A1010(01)	Artigo 102.º		1296	1302	114	ue/acordos-internacionais/2005/22005A1010(01).md
22005A1010(01)	Artigo 103.º		1304	1312	136	ue/acordos-internacionais/2005/22005A1010(01).md
22005A1010(01)	Artigo 104.º		1314	1320	221	ue/acordos-internacionais/2005/22005A1010(01).md
22005A1010(01)	Artigo 105.º		1322	1324	26	ue/acordos-internacionais/2005/22005A1010(01).md
22005A1010(01)	Artigo 106.º		1326	1328	60	ue/acordos-internacionais/2005/22005A1010(01).md
22005A1010(01)	Artigo 107.º		1330	1334	57	ue/acordos-internacionais/2005/22005A1010(01).md
22005A1010(01)	Artigo 108.º		1336	1338	53	ue/acordos-internacionais/2005/22005A1010(01).md
22005A1010(01)	Artigo 109.º		1340	1342	58	ue/acordos-internacionais/2005/22005A1010(01).md
22005A1010(01)	Artigo 110.º		1344	5248	17375	ue/acordos-internacionais/2005/22005A1010(01).md
22005A1010(01)	Artigo 1.º		5250	5264	390	ue/acordos-internacionais/2005/22005A1010(01).md
22005A1010(01)	Artigo 2.º		5266	5268	56	ue/acordos-internacionais/2005/22005A1010(01).md
22005A1010(01)	Artigo 3.º		5270	5278	110	ue/acordos-internacionais/2005/22005A1010(01).md
22005A1010(01)	Artigo 4.º		5280	5441	4660	ue/acordos-internacionais/2005/22005A1010(01).md
22005A1010(01)	Artigo único		5443	5537	2221	ue/acordos-internacionais/2005/22005A1010(01).md
22005A1010(01)	Artigo único		5539	5578	608	ue/acordos-internacionais/2005/22005A1010(01).md
22005A1010(01)	Artigo único		5580	5707	2703	ue/acordos-internacionais/2005/22005A1010(01).md
22005A1010(01)	Artigo 1.º		5709	5711	59	ue/acordos-internacionais/2005/22005A1010(01).md
22005A1010(01)	Artigo 2.º		5713	5715	59	ue/acordos-internacionais/2005/22005A1010(01).md
22005A1010(01)	Artigo 3.º		5717	5719	58	ue/acordos-internacionais/2005/22005A1010(01).md
22005A1010(01)	Artigo 4.º		5721	5725	137	ue/acordos-internacionais/2005/22005A1010(01).md
22005A1010(01)	Artigo 5.º		5727	6769	22742	ue/acordos-internacionais/2005/22005A1010(01).md
22005A1010(01)	Artigo 1.º	Definições	6773	6801	620	ue/acordos-internacionais/2005/22005A1010(01).md
22005A1010(01)	Artigo 2.º	Requisitos gerais	6805	6821	322	ue/acordos-internacionais/2005/22005A1010(01).md
22005A1010(01)	Artigo 3.º	Acumulação na Comunidade	6823	6845	950	ue/acordos-internacionais/2005/22005A1010(01).md
22005A1010(01)	Artigo 4.º	Acumulação na Argélia	6847	6869	941	ue/acordos-internacionais/2005/22005A1010(01).md
22005A1010(01)	Artigo 5.º	Produtos inteiramente obtidos	6871	6907	600	ue/acordos-internacionais/2005/22005A1010(01).md
22005A1010(01)	Artigo 6.º	Produtos objecto de operações de complemento de fabrico ou de transformação suficientes	6909	6923	422	ue/acordos-internacionais/2005/22005A1010(01).md
22005A1010(01)	Artigo 7.º	Operações de complemento de fabrico ou de transformação insuficientes	6925	6961	500	ue/acordos-internacionais/2005/22005A1010(01).md
22005A1010(01)	Artigo 8.º	Unidade de qualificação	6963	6973	230	ue/acordos-internacionais/2005/22005A1010(01).md
22005A1010(01)	Artigo 9.º	Acessórios, peças sobressalentes e ferramentas	6975	6977	106	ue/acordos-internacionais/2005/22005A1010(01).md
22005A1010(01)	Artigo 10.º	Sortidos	6979	6981	110	ue/acordos-internacionais/2005/22005A1010(01).md
22005A1010(01)	Artigo 11.º	Elementos neutros	6983	6993	93	ue/acordos-internacionais/2005/22005A1010(01).md
22005A1010(01)	Artigo 12.º	Princípio da territorialidade	6997	7025	872	ue/acordos-internacionais/2005/22005A1010(01).md
22005A1010(01)	Artigo 13.º	Transporte directo	7027	7045	410	ue/acordos-internacionais/2005/22005A1010(01).md
22005A1010(01)	Artigo 14.º	Exposições	7047	7061	406	ue/acordos-internacionais/2005/22005A1010(01).md
22005A1010(01)	Artigo 15.º	Proibição de draubaque ou de isenção de direitos aduaneiros	7065	7087	863	ue/acordos-internacionais/2005/22005A1010(01).md
22005A1010(01)	Artigo 16.º	Requisitos gerais	7091	7101	282	ue/acordos-internacionais/2005/22005A1010(01).md
22005A1010(01)	Artigo 17.º	Procedimento para a emissão do certificado de circulação EUR.1 ou EUR-MED	7103	7141	1191	ue/acordos-internacionais/2005/22005A1010(01).md
22005A1010(01)	Artigo 18.º	Emissão a posteriori dos certificados de circulação EUR.1 ou EUR-MED	7143	7165	463	ue/acordos-internacionais/2005/22005A1010(01).md
22005A1010(01)	Artigo 19.º	Emissão de uma segunda via do certificado de circulação EUR.1 ou EUR-MED	7167	7177	175	ue/acordos-internacionais/2005/22005A1010(01).md
22005A1010(01)	Artigo 20.º	Emissão de certificados de circulação EUR.1 ou EUR-MED com base em prova de origem anteriormente emitida ou feita	7179	7181	159	ue/acordos-internacionais/2005/22005A1010(01).md
22005A1010(01)	Artigo 21.º	Separação de contas	7183	7195	370	ue/acordos-internacionais/2005/22005A1010(01).md
22005A1010(01)	Artigo 22.º	Condições para efectuar uma declaração na factura ou uma declaração na factura EUR-MED	7197	7237	1065	ue/acordos-internacionais/2005/22005A1010(01).md
22005A1010(01)	Artigo 23.º	Exportador autorizado	7239	7249	329	ue/acordos-internacionais/2005/22005A1010(01).md
22005A1010(01)	Artigo 24.º	Prazo de validade da prova de origem	7251	7257	180	ue/acordos-internacionais/2005/22005A1010(01).md
22005A1010(01)	Artigo 25.º	Apresentação da prova de origem	7259	7261	112	ue/acordos-internacionais/2005/22005A1010(01).md
22005A1010(01)	Artigo 26.º	Importação em remessas escalonadas	7263	7265	133	ue/acordos-internacionais/2005/22005A1010(01).md
22005A1010(01)	Artigo 27.º	Isenções da prova de origem	7267	7273	287	ue/acordos-internacionais/2005/22005A1010(01).md
22005A1010(01)	Artigo 27.º-A	Declaração do fornecedor	7275	7293	860	ue/acordos-internacionais/2005/22005A1010(01).md
22005A1010(01)	Artigo 28.º	Documentos comprovativos	7295	7309	527	ue/acordos-internacionais/2005/22005A1010(01).md
22005A1010(01)	Artigo 29.º	Conservação da prova de origem, das declarações do fornecedor e dos documentos comprovativos	7311	7323	434	ue/acordos-internacionais/2005/22005A1010(01).md
22005A1010(01)	Artigo 30.º	Discrepâncias e erros formais	7325	7329	168	ue/acordos-internacionais/2005/22005A1010(01).md
22005A1010(01)	Artigo 31.º	Montantes expressos em euros	7331	7341	511	ue/acordos-internacionais/2005/22005A1010(01).md
22005A1010(01)	Artigo 32.º	Assistência mútua	7345	7349	228	ue/acordos-internacionais/2005/22005A1010(01).md
22005A1010(01)	Artigo 33.º	Controlo da prova de origem	7351	7363	586	ue/acordos-internacionais/2005/22005A1010(01).md
22005A1010(01)	Artigo 33.º-A	Controlo da declaração do fornecedor	7365	7375	476	ue/acordos-internacionais/2005/22005A1010(01).md
22005A1010(01)	Artigo 34.º	Resolução de litígios	7377	7381	138	ue/acordos-internacionais/2005/22005A1010(01).md
22005A1010(01)	Artigo 35.º	Sanções	7383	7385	50	ue/acordos-internacionais/2005/22005A1010(01).md
22005A1010(01)	Artigo 36.º	Zonas francas	7387	7391	201	ue/acordos-internacionais/2005/22005A1010(01).md
22005A1010(01)	Artigo 37.º	Aplicação do Protocolo	7395	7401	212	ue/acordos-internacionais/2005/22005A1010(01).md
22005A1010(01)	Artigo 38.º	Condições especiais	7403	7431	484	ue/acordos-internacionais/2005/22005A1010(01).md
22005A1010(01)	Artigo 39.º	Alterações ao Protocolo	7435	7437	32	ue/acordos-internacionais/2005/22005A1010(01).md
22005A1010(01)	Artigo 40.º	Disposições transitórias para mercadorias em trânsito ou em depósito	7439	8604	50594	ue/acordos-internacionais/2005/22005A1010(01).md
22005A1010(01)	Artigo 1.º	Definições	8606	8618	258	ue/acordos-internacionais/2005/22005A1010(01).md
22005A1010(01)	Artigo 2.º	Âmbito de aplicação	8620	8626	255	ue/acordos-internacionais/2005/22005A1010(01).md
22005A1010(01)	Artigo 3.º	Assistência mediante pedido	8628	8646	473	ue/acordos-internacionais/2005/22005A1010(01).md
22005A1010(01)	Artigo 4.º	Assistência espontânea	8648	8660	261	ue/acordos-internacionais/2005/22005A1010(01).md
22005A1010(01)	Artigo 5.º	Entrega e notificação	8662	8674	160	ue/acordos-internacionais/2005/22005A1010(01).md
22005A1010(01)	Artigo 6.º	Forma e conteúdo dos pedidos de assistência	8676	8696	320	ue/acordos-internacionais/2005/22005A1010(01).md
22005A1010(01)	Artigo 7.º	Execução dos pedidos	8698	8706	363	ue/acordos-internacionais/2005/22005A1010(01).md
22005A1010(01)	Artigo 8.º	Forma de comunicação das informações	8708	8714	131	ue/acordos-internacionais/2005/22005A1010(01).md
22005A1010(01)	Artigo 9.º	Excepções à obrigação de prestar assistência	8716	8730	338	ue/acordos-internacionais/2005/22005A1010(01).md
22005A1010(01)	Artigo 10.º	Intercâmbio de informações e confidencialidade	8732	8740	502	ue/acordos-internacionais/2005/22005A1010(01).md
22005A1010(01)	Artigo 11.º	Peritos e testemunhas	8742	8744	167	ue/acordos-internacionais/2005/22005A1010(01).md
22005A1010(01)	Artigo 12.º	Despesas de assistência	8746	8748	78	ue/acordos-internacionais/2005/22005A1010(01).md
22005A1010(01)	Artigo 13.º	Execução	8750	8754	187	ue/acordos-internacionais/2005/22005A1010(01).md
22005A1010(01)	Artigo 14.º	Outros acordos	8756	8800	863	ue/acordos-internacionais/2005/22005A1010(01).md
22005A1010(01)	Artigo 1.º		8802	8804	56	ue/acordos-internacionais/2005/22005A1010(01).md
22005A1010(01)	Artigo 2.º		8806	8808	40	ue/acordos-internacionais/2005/22005A1010(01).md
22005A1010(01)	Artigo 3.º		8810	8812	72	ue/acordos-internacionais/2005/22005A1010(01).md
22005A1010(01)	Artigo 4.º		8814	8816	62	ue/acordos-internacionais/2005/22005A1010(01).md
22005A1010(01)	Artigo 5.º		8818	8822	229	ue/acordos-internacionais/2005/22005A1010(01).md
22005A1010(01)	Artigo 6.º		8824	8828	208	ue/acordos-internacionais/2005/22005A1010(01).md
22005A1010(01)	Artigo 7.º		8830	8838	148	ue/acordos-internacionais/2005/22005A1010(01).md
22005A1010(01)	Artigo 8.º		8840	8842	66	ue/acordos-internacionais/2005/22005A1010(01).md
22005A1010(01)	Artigo 9.º		8844	8846	58	ue/acordos-internacionais/2005/22005A1010(01).md
22005A1010(01)	Artigo 10.º		8848	8852	116	ue/acordos-internacionais/2005/22005A1010(01).md
22005A1010(01)	Artigo 11.º		8854	8856	18	ue/acordos-internacionais/2005/22005A1010(01).md
22005A1010(01)	Artigo 12.º		8858	9362	4642	ue/acordos-internacionais/2005/22005A1010(01).md
22005A1021(01)	Preâmbulo		18	86	542	ue/acordos-internacionais/2005/22005A1021(01).md
22005A1021(01)	Artigo 1.º		90	92	124	ue/acordos-internacionais/2005/22005A1021(01).md
22005A1021(01)	Artigo 2.º		94	96	120	ue/acordos-internacionais/2005/22005A1021(01).md
22005A1021(01)	Artigo 3.º	Produtos agrícolas	100	112	359	ue/acordos-internacionais/2005/22005A1021(01).md
22005A1021(01)	Artigo 4.º	Regras de origem	114	218	571	ue/acordos-internacionais/2005/22005A1021(01).md
22005A1021(01)	Artigo 5.º	Presidência do Comité de Associação	220	224	75	ue/acordos-internacionais/2005/22005A1021(01).md
22005A1021(01)	Artigo 6.º	Provas de origem e cooperação administrativa	228	248	602	ue/acordos-internacionais/2005/22005A1021(01).md
22005A1021(01)	Artigo 7.º	Mercadorias em trânsito	250	254	183	ue/acordos-internacionais/2005/22005A1021(01).md
22005A1021(01)	Artigo 8.º		258	260	65	ue/acordos-internacionais/2005/22005A1021(01).md
22005A1021(01)	Artigo 9.º		262	264	68	ue/acordos-internacionais/2005/22005A1021(01).md
22005A1021(01)	Artigo 10.º		266	268	38	ue/acordos-internacionais/2005/22005A1021(01).md
22005A1021(01)	Artigo 11.º		270	274	101	ue/acordos-internacionais/2005/22005A1021(01).md
22005A1021(01)	Artigo 12.º		276	280	61	ue/acordos-internacionais/2005/22005A1021(01).md
22005A1021(01)	Artigo 13.º		282	284	80	ue/acordos-internacionais/2005/22005A1021(01).md
22005A1021(01)	Artigo 14.º		286	460	866	ue/acordos-internacionais/2005/22005A1021(01).md
22005A1026(01)	Artigo 1.º		94	96	169	ue/acordos-internacionais/2005/22005A1026(01).md
22005A1026(01)	Artigo 2.º		98	100	117	ue/acordos-internacionais/2005/22005A1026(01).md
22005A1026(01)	Artigo 3.º	Presidência do Comité de Associação	104	110	72	ue/acordos-internacionais/2005/22005A1026(01).md
22005A1026(01)	Artigo 4.º	Regras de origem	112	318	1466	ue/acordos-internacionais/2005/22005A1026(01).md
22005A1026(01)	Artigo 5.º	Provas de origem e cooperação administrativa	322	340	609	ue/acordos-internacionais/2005/22005A1026(01).md
22005A1026(01)	Artigo 6.º	Mercadorias em trânsito	342	346	210	ue/acordos-internacionais/2005/22005A1026(01).md
22005A1026(01)	Artigo 7.º		350	352	55	ue/acordos-internacionais/2005/22005A1026(01).md
22005A1026(01)	Artigo 8.º		354	356	22	ue/acordos-internacionais/2005/22005A1026(01).md
22005A1026(01)	Artigo 9.º		358	362	82	ue/acordos-internacionais/2005/22005A1026(01).md
22005A1026(01)	Artigo 10.º		364	368	60	ue/acordos-internacionais/2005/22005A1026(01).md
22005A1026(01)	Artigo 11.º		370	372	75	ue/acordos-internacionais/2005/22005A1026(01).md
22005A1026(01)	Artigo 12.º		374	562	1166	ue/acordos-internacionais/2005/22005A1026(01).md
22005A1104(01)	Artigo 1.º	Objectivo	46	48	60	ue/acordos-internacionais/2005/22005A1104(01).md
22005A1104(01)	Artigo 2.º	Definições	50	64	425	ue/acordos-internacionais/2005/22005A1104(01).md
22005A1104(01)	Artigo 3.º	Princípios	66	76	178	ue/acordos-internacionais/2005/22005A1104(01).md
22005A1104(01)	Artigo 4.º	Domínios das actividades de cooperação	78	108	409	ue/acordos-internacionais/2005/22005A1104(01).md
22005A1104(01)	Artigo 5.º	Formas de actividades de cooperação	110	132	594	ue/acordos-internacionais/2005/22005A1104(01).md
22005A1104(01)	Artigo 6.º	Coordenação e promoção de actividades de cooperação	134	158	687	ue/acordos-internacionais/2005/22005A1104(01).md
22005A1104(01)	Artigo 7.º	Financiamento	160	164	168	ue/acordos-internacionais/2005/22005A1104(01).md
22005A1104(01)	Artigo 8.º	Entrada de pessoal e equipamento	166	168	155	ue/acordos-internacionais/2005/22005A1104(01).md
22005A1104(01)	Artigo 9.º	Divulgação e utilização da informação	170	172	224	ue/acordos-internacionais/2005/22005A1104(01).md
22005A1104(01)	Artigo 10.º	Aplicação territorial	174	176	57	ue/acordos-internacionais/2005/22005A1104(01).md
22005A1104(01)	Artigo 11.º	Entrada em vigor, denúncia e resolução de litígios	178	332	3432	ue/acordos-internacionais/2005/22005A1104(01).md
22005A1117(01)	Artigo 1.º	Objectivo	78	84	172	ue/acordos-internacionais/2005/22005A1117(01).md
22005A1117(01)	Artigo 2.º	Cooperação relativa à citação e à notificação dos actos	86	90	199	ue/acordos-internacionais/2005/22005A1117(01).md
22005A1117(01)	Artigo 3.º	Alterações ao regulamento relativo à citação e à notificação dos actos	92	120	662	ue/acordos-internacionais/2005/22005A1117(01).md
22005A1117(01)	Artigo 4.º	Medidas de execução	122	144	643	ue/acordos-internacionais/2005/22005A1117(01).md
22005A1117(01)	Artigo 5.º	Acordos internacionais que afectam o regulamento relativo à citação e à notificação dos actos	146	152	291	ue/acordos-internacionais/2005/22005A1117(01).md
22005A1117(01)	Artigo 6.º	Competência do Tribunal de Justiça das Comunidades Europeias em matéria de interpretação do acordo	154	170	633	ue/acordos-internacionais/2005/22005A1117(01).md
22005A1117(01)	Artigo 7.º	Competência do Tribunal de Justiça das Comunidades Europeias em matéria de cumprimento do acordo	172	178	170	ue/acordos-internacionais/2005/22005A1117(01).md
22005A1117(01)	Artigo 8.º	Aplicação territorial	180	182	40	ue/acordos-internacionais/2005/22005A1117(01).md
22005A1117(01)	Artigo 9.º	Cessação de vigência do acordo	184	190	167	ue/acordos-internacionais/2005/22005A1117(01).md
22005A1117(01)	Artigo 10.º	Entrada em vigor	192	196	83	ue/acordos-internacionais/2005/22005A1117(01).md
22005A1117(01)	Artigo 11.º	Autenticidade dos textos	198	1207	8034	ue/acordos-internacionais/2005/22005A1117(01).md
22005A1130(01)	Artigo 1.º	Âmbito de aplicação	36	52	296	ue/acordos-internacionais/2005/22005A1130(01).md
22005A1130(01)	Artigo 2.º	Notificação e informação	54	60	204	ue/acordos-internacionais/2005/22005A1130(01).md
22005A1130(01)	Artigo 3.º	Outros acidentes nucleares	62	64	62	ue/acordos-internacionais/2005/22005A1130(01).md
22005A1130(01)	Artigo 4.º	Funções da Agência	66	72	152	ue/acordos-internacionais/2005/22005A1130(01).md
22005A1130(01)	Artigo 5.º	Informações a fornecer	74	96	406	ue/acordos-internacionais/2005/22005A1130(01).md
22005A1130(01)	Artigo 6.º	Consultas	98	100	88	ue/acordos-internacionais/2005/22005A1130(01).md
22005A1130(01)	Artigo 7.º	Autoridades competentes e pontos de contacto	102	108	207	ue/acordos-internacionais/2005/22005A1130(01).md
22005A1130(01)	Artigo 8.º	Assistência aos Estados Partes	110	112	114	ue/acordos-internacionais/2005/22005A1130(01).md
22005A1130(01)	Artigo 9.º	Acordos bilaterais e multilaterais	114	116	65	ue/acordos-internacionais/2005/22005A1130(01).md
22005A1130(01)	Artigo 10.º	Ligações com outros acordos internacionais	118	120	98	ue/acordos-internacionais/2005/22005A1130(01).md
22005A1130(01)	Artigo 11.º	Resolução de diferendos	122	130	431	ue/acordos-internacionais/2005/22005A1130(01).md
22005A1130(01)	Artigo 12.º	Entrada em vigor	132	148	531	ue/acordos-internacionais/2005/22005A1130(01).md
22005A1130(01)	Artigo 13.º	Aplicação provisória	150	152	59	ue/acordos-internacionais/2005/22005A1130(01).md
22005A1130(01)	Artigo 14.º	Emendas	154	160	253	ue/acordos-internacionais/2005/22005A1130(01).md
22005A1130(01)	Artigo 15.º	Denúncia	162	166	58	ue/acordos-internacionais/2005/22005A1130(01).md
22005A1130(01)	Artigo 16.º	Depositário	168	184	196	ue/acordos-internacionais/2005/22005A1130(01).md
22005A1130(01)	Artigo 17.º	Textos autênticos e cópias certificadas	186	194	188	ue/acordos-internacionais/2005/22005A1130(01).md
22005A1130(02)	Artigo 1.º	Disposições gerais	38	44	251	ue/acordos-internacionais/2005/22005A1130(02).md
22005A1130(02)	Artigo 2.º	Prestação de assistência	46	64	635	ue/acordos-internacionais/2005/22005A1130(02).md
22005A1130(02)	Artigo 3.º	Direcção e controlo da assistência	66	76	320	ue/acordos-internacionais/2005/22005A1130(02).md
22005A1130(02)	Artigo 4.º	Autoridades competentes e pontos de contacto	78	84	185	ue/acordos-internacionais/2005/22005A1130(02).md
22005A1130(02)	Artigo 5.º	Funções da Agência	86	112	474	ue/acordos-internacionais/2005/22005A1130(02).md
22005A1130(02)	Artigo 6.º	Confidencialidade e comunicados públicos	114	118	156	ue/acordos-internacionais/2005/22005A1130(02).md
22005A1130(02)	Artigo 7.º	Reembolso de despesas	120	136	380	ue/acordos-internacionais/2005/22005A1130(02).md
22005A1130(02)	Artigo 8.º	Privilégios, imunidades e facilidades	138	166	702	ue/acordos-internacionais/2005/22005A1130(02).md
22005A1130(02)	Artigo 9.º	Trânsito de pessoal, equipamento e bens	168	170	79	ue/acordos-internacionais/2005/22005A1130(02).md
22005A1130(02)	Artigo 10.º	Reclamações e compensações	172	202	575	ue/acordos-internacionais/2005/22005A1130(02).md
22005A1130(02)	Artigo 11.º	Cessação da assistência	204	206	105	ue/acordos-internacionais/2005/22005A1130(02).md
22005A1130(02)	Artigo 12.º	Relação com outros acordos internacionais	208	210	97	ue/acordos-internacionais/2005/22005A1130(02).md
22005A1130(02)	Artigo 13.º	Resolução de diferendos	212	220	437	ue/acordos-internacionais/2005/22005A1130(02).md
22005A1130(02)	Artigo 14.º	Entrada em vigor	222	238	528	ue/acordos-internacionais/2005/22005A1130(02).md
22005A1130(02)	Artigo 15.º	Aplicação provisória	240	242	59	ue/acordos-internacionais/2005/22005A1130(02).md
22005A1130(02)	Artigo 16.º	Emendas	244	250	246	ue/acordos-internacionais/2005/22005A1130(02).md
22005A1130(02)	Artigo 17.º	Denúncia	252	256	56	ue/acordos-internacionais/2005/22005A1130(02).md
22005A1130(02)	Artigo 18.º	Depositário	258	274	203	ue/acordos-internacionais/2005/22005A1130(02).md
22005A1130(02)	Artigo 19.º	Textos autênticos e cópias certificadas	276	284	189	ue/acordos-internacionais/2005/22005A1130(02).md
22005A1201(01)	Artigo 1.º	Decisões relacionadas com a participação	50	58	223	ue/acordos-internacionais/2005/22005A1201(01).md
22005A1201(01)	Artigo 2.º		60	64	142	ue/acordos-internacionais/2005/22005A1201(01).md
22005A1201(01)	Artigo 3.º	Estatuto do pessoal e das forças	66	80	566	ue/acordos-internacionais/2005/22005A1201(01).md
22005A1201(01)	Artigo 4.º	Informação classificada	82	88	346	ue/acordos-internacionais/2005/22005A1201(01).md
22005A1201(01)	Artigo 5.º	Pessoal destacado para uma operação civil de gestão de crises da União Europeia	92	104	274	ue/acordos-internacionais/2005/22005A1201(01).md
22005A1201(01)	Artigo 6.º	Cadeia de comando	106	122	457	ue/acordos-internacionais/2005/22005A1201(01).md
22005A1201(01)	Artigo 7.º	Aspectos financeiros	124	126	76	ue/acordos-internacionais/2005/22005A1201(01).md
22005A1201(01)	Artigo 8.º	Contributo para o orçamento operacional	128	148	443	ue/acordos-internacionais/2005/22005A1201(01).md
22005A1201(01)	Artigo 9.º	Participação na operação militar de gestão de crises da União Europeia	152	162	135	ue/acordos-internacionais/2005/22005A1201(01).md
22005A1201(01)	Artigo 10.º	Cadeia de comando	164	176	348	ue/acordos-internacionais/2005/22005A1201(01).md
22005A1201(01)	Artigo 11.º	Aspectos financeiros	178	180	136	ue/acordos-internacionais/2005/22005A1201(01).md
22005A1201(01)	Artigo 12.º	Contributo para os custos comuns	182	202	481	ue/acordos-internacionais/2005/22005A1201(01).md
22005A1201(01)	Artigo 13.º	Disposições de execução do presente acordo	206	208	98	ue/acordos-internacionais/2005/22005A1201(01).md
22005A1201(01)	Artigo 14.º	Incumprimento	210	212	49	ue/acordos-internacionais/2005/22005A1201(01).md
22005A1201(01)	Artigo 15.º	Resolução de diferendos	214	216	44	ue/acordos-internacionais/2005/22005A1201(01).md
22005A1201(01)	Artigo 16.º	Entrada em vigor	218	256	919	ue/acordos-internacionais/2005/22005A1201(01).md
22005A1220(01)	Artigo 1.º		44	58	241	ue/acordos-internacionais/2005/22005A1220(01).md
22005A1220(01)	Artigo 2.º		60	62	16	ue/acordos-internacionais/2005/22005A1220(01).md
22005A1220(01)	Artigo 3.º		64	66	28	ue/acordos-internacionais/2005/22005A1220(01).md
22005A1220(01)	Artigo 4.º		68	78	82	ue/acordos-internacionais/2005/22005A1220(01).md
22005A1230(04)	ANEXO I	ÁREA DO ACORDO	352	362	140	ue/acordos-internacionais/2005/22005A1230(04).md
22005A1230(04)	ANEXO II	PROGRAMA DE OBSERVADORES A BORDO	364	464	2119	ue/acordos-internacionais/2005/22005A1230(04).md
22005A1230(04)	ANEXO III	LIMITES ANUAIS DE MORTALIDADE POR POPULAÇÃO DE GOLFINHOS	466	478	850	ue/acordos-internacionais/2005/22005A1230(04).md
22005A1230(04)	ANEXO IV	LIMITES DE MORTALIDADE DOS GOLFINHOS (LMG)	480	578	3900	ue/acordos-internacionais/2005/22005A1230(04).md
22005A1230(04)	ANEXO V	CONSELHO CONSULTIVO CIENTÍFICO	580	600	349	ue/acordos-internacionais/2005/22005A1230(04).md
22005A1230(04)	ANEXO VI	COMITÉS CONSULTIVOS CIENTÍFICOS NACIONAIS	602	634	754	ue/acordos-internacionais/2005/22005A1230(04).md
22005A1230(04)	ANEXO VII	PAINEL INTERNACIONAL DE AVALIAÇÃO	636	726	2221	ue/acordos-internacionais/2005/22005A1230(04).md
22005A1230(04)	ANEXO VIII	REQUISITOS APLICÁVEIS ÀS ACTIVIDADES DOS NAVIOS	728	794	1238	ue/acordos-internacionais/2005/22005A1230(04).md
22005A1230(04)	ANEXO IX	ELEMENTOS DE UM PROGRAMA DE SEGUIMENTO E VERIFICAÇÃO DO ATUM	796	816	411	ue/acordos-internacionais/2005/22005A1230(04).md
22005A1230(04)	ANEXO X	DIRECTRIZES E CRITÉRIOS QUE REGEM A PARTICIPAÇÃO DE OBSERVADORES NAS REUNIÕES DAS PARTES	818	846	599	ue/acordos-internacionais/2005/22005A1230(04).md
22005A1231(02)	Artigo 1.º	Participação na MVA	50	68	343	ue/acordos-internacionais/2005/22005A1231(02).md
22005A1231(02)	Artigo 2.º	Estatuto do pessoal	70	80	329	ue/acordos-internacionais/2005/22005A1231(02).md
22005A1231(02)	Artigo 3.º	Informação classificada	82	84	111	ue/acordos-internacionais/2005/22005A1231(02).md
22005A1231(02)	Artigo 4.º	Cadeia de comando	86	100	314	ue/acordos-internacionais/2005/22005A1231(02).md
22005A1231(02)	Artigo 5.º	Aspectos financeiros	102	106	152	ue/acordos-internacionais/2005/22005A1231(02).md
22005A1231(02)	Artigo 6.º	Contribuição para o orçamento operacional	108	118	134	ue/acordos-internacionais/2005/22005A1231(02).md
22005A1231(02)	Artigo 7.º	Disposições de execução do presente acordo	120	122	97	ue/acordos-internacionais/2005/22005A1231(02).md
22005A1231(02)	Artigo 8.º	Incumprimento	124	126	50	ue/acordos-internacionais/2005/22005A1231(02).md
22005A1231(02)	Artigo 9.º	Resolução de litígios	128	130	44	ue/acordos-internacionais/2005/22005A1231(02).md
22005A1231(02)	Artigo 10.º	Entrada em vigor	132	152	162	ue/acordos-internacionais/2005/22005A1231(02).md
22005D0001	Preâmbulo		18	36	219	ue/acordos-internacionais/2005/22005D0001.md
22005D0001	Artigo 1.º		40	44	46	ue/acordos-internacionais/2005/22005D0001.md
22005D0001	Artigo 2.º		46	48	54	ue/acordos-internacionais/2005/22005D0001.md
22005D0001	Artigo 3.º		50	68	98	ue/acordos-internacionais/2005/22005D0001.md
22005D0002	Preâmbulo		18	38	396	ue/acordos-internacionais/2005/22005D0002.md
22005D0002	Artigo 1.º		42	44	28	ue/acordos-internacionais/2005/22005D0002.md
22005D0002	Artigo 2.º		46	48	96	ue/acordos-internacionais/2005/22005D0002.md
22005D0002	Artigo 3.º		50	52	51	ue/acordos-internacionais/2005/22005D0002.md
22005D0002	Artigo 4.º		54	78	124	ue/acordos-internacionais/2005/22005D0002.md
22005D0002	ANEXO	da Decisão N.º 2/2005 do Comité Misto do EEE	80	103	694	ue/acordos-internacionais/2005/22005D0002.md
22005D0003	Preâmbulo		18	30	192	ue/acordos-internacionais/2005/22005D0003.md
22005D0003	Artigo 1.º		34	47	171	ue/acordos-internacionais/2005/22005D0003.md
22005D0003	Artigo 2.º		49	51	49	ue/acordos-internacionais/2005/22005D0003.md
22005D0003	Artigo 3.º		53	55	54	ue/acordos-internacionais/2005/22005D0003.md
22005D0003	Artigo 4.º		57	73	90	ue/acordos-internacionais/2005/22005D0003.md
22005D0004	Preâmbulo		18	30	184	ue/acordos-internacionais/2005/22005D0004.md
22005D0004	Artigo 1.º		34	40	80	ue/acordos-internacionais/2005/22005D0004.md
22005D0004	Artigo 2.º		42	44	49	ue/acordos-internacionais/2005/22005D0004.md
22005D0004	Artigo 3.º		46	48	54	ue/acordos-internacionais/2005/22005D0004.md
22005D0004	Artigo 4.º		50	66	89	ue/acordos-internacionais/2005/22005D0004.md
22005D0005	Preâmbulo		18	30	164	ue/acordos-internacionais/2005/22005D0005.md
22005D0005	Artigo 1.º		34	40	72	ue/acordos-internacionais/2005/22005D0005.md
22005D0005	Artigo 2.º		42	44	49	ue/acordos-internacionais/2005/22005D0005.md
22005D0005	Artigo 3.º		46	48	54	ue/acordos-internacionais/2005/22005D0005.md
22005D0005	Artigo 4.º		50	66	89	ue/acordos-internacionais/2005/22005D0005.md
22005D0006	Preâmbulo		18	30	178	ue/acordos-internacionais/2005/22005D0006.md
22005D0006	Artigo 1.º		34	39	85	ue/acordos-internacionais/2005/22005D0006.md
22005D0006	Artigo 2.º		41	43	49	ue/acordos-internacionais/2005/22005D0006.md
22005D0006	Artigo 3.º		45	47	54	ue/acordos-internacionais/2005/22005D0006.md
22005D0006	Artigo 4.º		49	65	90	ue/acordos-internacionais/2005/22005D0006.md
22005D0007	Preâmbulo		18	30	196	ue/acordos-internacionais/2005/22005D0007.md
22005D0007	Artigo 1.º		34	40	80	ue/acordos-internacionais/2005/22005D0007.md
22005D0007	Artigo 2.º		42	44	46	ue/acordos-internacionais/2005/22005D0007.md
22005D0007	Artigo 3.º		46	48	49	ue/acordos-internacionais/2005/22005D0007.md
22005D0007	Artigo 4.º		50	66	89	ue/acordos-internacionais/2005/22005D0007.md
22005D0008	Preâmbulo		18	36	358	ue/acordos-internacionais/2005/22005D0008.md
22005D0008	Artigo 1.º		40	57	271	ue/acordos-internacionais/2005/22005D0008.md
22005D0008	Artigo 2.º		59	61	48	ue/acordos-internacionais/2005/22005D0008.md
22005D0008	Artigo 3.º		63	65	51	ue/acordos-internacionais/2005/22005D0008.md
22005D0008	Artigo 4.º		67	91	124	ue/acordos-internacionais/2005/22005D0008.md
22005D0009	Preâmbulo		18	30	227	ue/acordos-internacionais/2005/22005D0009.md
22005D0009	Artigo 1.º		34	45	180	ue/acordos-internacionais/2005/22005D0009.md
22005D0009	Artigo 2.º		47	49	46	ue/acordos-internacionais/2005/22005D0009.md
22005D0009	Artigo 3.º		51	53	52	ue/acordos-internacionais/2005/22005D0009.md
22005D0009	Artigo 4.º		55	71	88	ue/acordos-internacionais/2005/22005D0009.md
22005D0012	Preâmbulo		18	32	251	ue/acordos-internacionais/2005/22005D0012.md
22005D0012	Artigo 1.º		36	43	190	ue/acordos-internacionais/2005/22005D0012.md
22005D0012	Artigo 2.º		45	47	81	ue/acordos-internacionais/2005/22005D0012.md
22005D0012	Artigo 3.º		49	51	51	ue/acordos-internacionais/2005/22005D0012.md
22005D0012	Artigo 4.º		53	71	98	ue/acordos-internacionais/2005/22005D0012.md
22005D0013	Preâmbulo		18	32	311	ue/acordos-internacionais/2005/22005D0013.md
22005D0013	Artigo 1.º		36	54	367	ue/acordos-internacionais/2005/22005D0013.md
22005D0013	Artigo 2.º		56	58	78	ue/acordos-internacionais/2005/22005D0013.md
22005D0013	Artigo 3.º		60	62	51	ue/acordos-internacionais/2005/22005D0013.md
22005D0013	Artigo 4.º		64	82	97	ue/acordos-internacionais/2005/22005D0013.md
22005D0015	Preâmbulo		18	36	416	ue/acordos-internacionais/2005/22005D0015.md
22005D0015	Artigo 1.º		40	55	221	ue/acordos-internacionais/2005/22005D0015.md
22005D0015	Artigo 2.º		57	59	54	ue/acordos-internacionais/2005/22005D0015.md
22005D0015	Artigo 3.º		61	63	84	ue/acordos-internacionais/2005/22005D0015.md
22005D0015	Artigo 4.º		65	87	112	ue/acordos-internacionais/2005/22005D0015.md
22005D0016	Preâmbulo		18	34	355	ue/acordos-internacionais/2005/22005D0016.md
22005D0016	Artigo 1.º		38	45	198	ue/acordos-internacionais/2005/22005D0016.md
22005D0016	Artigo 2.º		47	49	52	ue/acordos-internacionais/2005/22005D0016.md
22005D0016	Artigo 3.º		51	53	84	ue/acordos-internacionais/2005/22005D0016.md
22005D0016	Artigo 4.º		55	75	105	ue/acordos-internacionais/2005/22005D0016.md
22005D0017	Preâmbulo		18	30	186	ue/acordos-internacionais/2005/22005D0017.md
22005D0017	Artigo 1.º		34	48	220	ue/acordos-internacionais/2005/22005D0017.md
22005D0017	Artigo 2.º		50	52	48	ue/acordos-internacionais/2005/22005D0017.md
22005D0017	Artigo 3.º		54	56	85	ue/acordos-internacionais/2005/22005D0017.md
22005D0017	Artigo 4.º		58	74	88	ue/acordos-internacionais/2005/22005D0017.md
22005D0018	Preâmbulo		18	30	162	ue/acordos-internacionais/2005/22005D0018.md
22005D0018	Artigo 1.º		34	46	160	ue/acordos-internacionais/2005/22005D0018.md
22005D0018	Artigo 2.º		48	50	46	ue/acordos-internacionais/2005/22005D0018.md
22005D0018	Artigo 3.º		52	54	51	ue/acordos-internacionais/2005/22005D0018.md
22005D0018	Artigo 4.º		56	72	88	ue/acordos-internacionais/2005/22005D0018.md
22005D0019	Preâmbulo		18	36	338	ue/acordos-internacionais/2005/22005D0019.md
22005D0019	Artigo 1.º		40	62	396	ue/acordos-internacionais/2005/22005D0019.md
22005D0019	Artigo 2.º		64	66	66	ue/acordos-internacionais/2005/22005D0019.md
22005D0019	Artigo 3.º		68	70	51	ue/acordos-internacionais/2005/22005D0019.md
22005D0019	Artigo 4.º		72	92	106	ue/acordos-internacionais/2005/22005D0019.md
22005D0020	Preâmbulo		18	32	253	ue/acordos-internacionais/2005/22005D0020.md
22005D0020	Artigo 1.º		36	48	274	ue/acordos-internacionais/2005/22005D0020.md
22005D0020	Artigo 2.º		50	52	64	ue/acordos-internacionais/2005/22005D0020.md
22005D0020	Artigo 3.º		54	56	51	ue/acordos-internacionais/2005/22005D0020.md
22005D0020	Artigo 4.º		58	76	97	ue/acordos-internacionais/2005/22005D0020.md
22005D0021	Preâmbulo		18	32	164	ue/acordos-internacionais/2005/22005D0021.md
22005D0021	Artigo 1.º		36	41	130	ue/acordos-internacionais/2005/22005D0021.md
22005D0021	Artigo 2.º		43	45	48	ue/acordos-internacionais/2005/22005D0021.md
22005D0021	Artigo 3.º		47	49	51	ue/acordos-internacionais/2005/22005D0021.md
22005D0021	Artigo 4.º		51	67	88	ue/acordos-internacionais/2005/22005D0021.md
22005D0022	Preâmbulo		18	34	378	ue/acordos-internacionais/2005/22005D0022.md
22005D0022	Artigo 1.º		38	40	64	ue/acordos-internacionais/2005/22005D0022.md
22005D0022	Artigo 2.º		42	44	38	ue/acordos-internacionais/2005/22005D0022.md
22005D0022	Artigo 3.º		46	68	96	ue/acordos-internacionais/2005/22005D0022.md
22005D0022	ANEXO		70	1156	29404	ue/acordos-internacionais/2005/22005D0022.md
22005D0022(01)	Preâmbulo		18	30	169	ue/acordos-internacionais/2005/22005D0022(01).md
22005D0022(01)	Artigo 1.º		34	39	109	ue/acordos-internacionais/2005/22005D0022(01).md
22005D0022(01)	Artigo 2.º		41	43	48	ue/acordos-internacionais/2005/22005D0022(01).md
22005D0022(01)	Artigo 3.º		45	47	54	ue/acordos-internacionais/2005/22005D0022(01).md
22005D0022(01)	Artigo 4.º		49	65	90	ue/acordos-internacionais/2005/22005D0022(01).md
22005D0023	Preâmbulo		18	32	201	ue/acordos-internacionais/2005/22005D0023.md
22005D0023	Artigo 1.º		36	41	487	ue/acordos-internacionais/2005/22005D0023.md
22005D0023	Artigo 2.º		43	47	58	ue/acordos-internacionais/2005/22005D0023.md
22005D0023	Artigo 3.º		49	65	87	ue/acordos-internacionais/2005/22005D0023.md
22005D0024	Preâmbulo		18	36	454	ue/acordos-internacionais/2005/22005D0024.md
22005D0024	Artigo 1.º		40	48	281	ue/acordos-internacionais/2005/22005D0024.md
22005D0024	Artigo 2.º		50	52	19	ue/acordos-internacionais/2005/22005D0024.md
22005D0024	Artigo 3.º		54	72	106	ue/acordos-internacionais/2005/22005D0024.md
22005D0025	Preâmbulo		18	34	237	ue/acordos-internacionais/2005/22005D0025.md
22005D0025	Artigo 1.º		38	62	309	ue/acordos-internacionais/2005/22005D0025.md
22005D0025	Artigo 2.º		64	66	54	ue/acordos-internacionais/2005/22005D0025.md
22005D0025	Artigo 3.º		68	70	56	ue/acordos-internacionais/2005/22005D0025.md
22005D0025	Artigo 4.º		72	90	95	ue/acordos-internacionais/2005/22005D0025.md
22005D0026	Preâmbulo		18	52	865	ue/acordos-internacionais/2005/22005D0026.md
22005D0026	Artigo 1.º		56	58	32	ue/acordos-internacionais/2005/22005D0026.md
22005D0026	Artigo 2.º		60	62	86	ue/acordos-internacionais/2005/22005D0026.md
22005D0026	Artigo 3.º		64	66	56	ue/acordos-internacionais/2005/22005D0026.md
22005D0026	Artigo 4.º		68	104	177	ue/acordos-internacionais/2005/22005D0026.md
22005D0026	ANEXO		106	159	858	ue/acordos-internacionais/2005/22005D0026.md
22005D0027	Preâmbulo		18	36	373	ue/acordos-internacionais/2005/22005D0027.md
22005D0027	Artigo 1.º		40	59	296	ue/acordos-internacionais/2005/22005D0027.md
22005D0027	Artigo 2.º		61	63	63	ue/acordos-internacionais/2005/22005D0027.md
22005D0027	Artigo 3.º		65	67	56	ue/acordos-internacionais/2005/22005D0027.md
22005D0027	Artigo 4.º		69	89	106	ue/acordos-internacionais/2005/22005D0027.md
22005D0028	Preâmbulo		18	40	421	ue/acordos-internacionais/2005/22005D0028.md
22005D0028	Artigo 1.º		44	59	375	ue/acordos-internacionais/2005/22005D0028.md
22005D0028	Artigo 2.º		61	63	74	ue/acordos-internacionais/2005/22005D0028.md
22005D0028	Artigo 3.º		65	67	56	ue/acordos-internacionais/2005/22005D0028.md
22005D0028	Artigo 4.º		69	95	132	ue/acordos-internacionais/2005/22005D0028.md
22005D0029	Preâmbulo		18	38	475	ue/acordos-internacionais/2005/22005D0029.md
22005D0029	Artigo 1.º		42	55	428	ue/acordos-internacionais/2005/22005D0029.md
22005D0029	Artigo 2.º		57	59	69	ue/acordos-internacionais/2005/22005D0029.md
22005D0029	Artigo 3.º		61	63	56	ue/acordos-internacionais/2005/22005D0029.md
22005D0029	Artigo 4.º		65	89	124	ue/acordos-internacionais/2005/22005D0029.md
22005D0030	Preâmbulo		18	30	182	ue/acordos-internacionais/2005/22005D0030.md
22005D0030	Artigo 1.º		34	39	63	ue/acordos-internacionais/2005/22005D0030.md
22005D0030	Artigo 2.º		41	43	45	ue/acordos-internacionais/2005/22005D0030.md
22005D0030	Artigo 3.º		45	47	56	ue/acordos-internacionais/2005/22005D0030.md
22005D0030	Artigo 4.º		49	65	87	ue/acordos-internacionais/2005/22005D0030.md
22005D0032	Preâmbulo		18	30	169	ue/acordos-internacionais/2005/22005D0032.md
22005D0032	Artigo 1.º		34	39	117	ue/acordos-internacionais/2005/22005D0032.md
22005D0032	Artigo 2.º		41	43	46	ue/acordos-internacionais/2005/22005D0032.md
22005D0032	Artigo 3.º		45	47	56	ue/acordos-internacionais/2005/22005D0032.md
22005D0032	Artigo 4.º		49	65	86	ue/acordos-internacionais/2005/22005D0032.md
22005D0033	Preâmbulo		18	32	272	ue/acordos-internacionais/2005/22005D0033.md
22005D0033	Artigo 1.º		36	43	94	ue/acordos-internacionais/2005/22005D0033.md
22005D0033	Artigo 2.º		45	47	49	ue/acordos-internacionais/2005/22005D0033.md
22005D0033	Artigo 3.º		49	51	56	ue/acordos-internacionais/2005/22005D0033.md
22005D0033	Artigo 4.º		53	71	97	ue/acordos-internacionais/2005/22005D0033.md
22005D0034	Preâmbulo		18	36	325	ue/acordos-internacionais/2005/22005D0034.md
22005D0034	Artigo 1.º		40	50	210	ue/acordos-internacionais/2005/22005D0034.md
22005D0034	Artigo 2.º		52	54	49	ue/acordos-internacionais/2005/22005D0034.md
22005D0034	Artigo 3.º		56	58	56	ue/acordos-internacionais/2005/22005D0034.md
22005D0034	Artigo 4.º		60	82	114	ue/acordos-internacionais/2005/22005D0034.md
22005D0035	Preâmbulo		18	30	211	ue/acordos-internacionais/2005/22005D0035.md
22005D0035	Artigo 1.º		34	39	168	ue/acordos-internacionais/2005/22005D0035.md
22005D0035	Artigo 2.º		41	43	60	ue/acordos-internacionais/2005/22005D0035.md
22005D0035	Artigo 3.º		45	47	56	ue/acordos-internacionais/2005/22005D0035.md
22005D0035	Artigo 4.º		49	65	88	ue/acordos-internacionais/2005/22005D0035.md
22005D0036	Preâmbulo		18	30	150	ue/acordos-internacionais/2005/22005D0036.md
22005D0036	Artigo 1.º		34	48	196	ue/acordos-internacionais/2005/22005D0036.md
22005D0036	Artigo 2.º		50	52	46	ue/acordos-internacionais/2005/22005D0036.md
22005D0036	Artigo 3.º		54	56	56	ue/acordos-internacionais/2005/22005D0036.md
22005D0036	Artigo 4.º		58	74	87	ue/acordos-internacionais/2005/22005D0036.md
22005D0037	Preâmbulo		18	30	174	ue/acordos-internacionais/2005/22005D0037.md
22005D0037	Artigo 1.º		34	40	85	ue/acordos-internacionais/2005/22005D0037.md
22005D0037	Artigo 2.º		42	44	46	ue/acordos-internacionais/2005/22005D0037.md
22005D0037	Artigo 3.º		46	48	56	ue/acordos-internacionais/2005/22005D0037.md
22005D0037	Artigo 4.º		50	66	88	ue/acordos-internacionais/2005/22005D0037.md
22005D0038	Preâmbulo		18	30	158	ue/acordos-internacionais/2005/22005D0038.md
22005D0038	Artigo 1.º		34	40	68	ue/acordos-internacionais/2005/22005D0038.md
22005D0038	Artigo 2.º		42	44	45	ue/acordos-internacionais/2005/22005D0038.md
22005D0038	Artigo 3.º		46	48	56	ue/acordos-internacionais/2005/22005D0038.md
22005D0038	Artigo 4.º		50	66	88	ue/acordos-internacionais/2005/22005D0038.md
22005D0039	Preâmbulo		18	30	157	ue/acordos-internacionais/2005/22005D0039.md
22005D0039	Artigo 1.º		34	39	96	ue/acordos-internacionais/2005/22005D0039.md
22005D0039	Artigo 2.º		41	43	59	ue/acordos-internacionais/2005/22005D0039.md
22005D0039	Artigo 3.º		45	47	56	ue/acordos-internacionais/2005/22005D0039.md
22005D0039	Artigo 4.º		49	65	88	ue/acordos-internacionais/2005/22005D0039.md
22005D0040	Preâmbulo		18	32	208	ue/acordos-internacionais/2005/22005D0040.md
22005D0040	Artigo 1.º		36	42	76	ue/acordos-internacionais/2005/22005D0040.md
22005D0040	Artigo 2.º		44	55	145	ue/acordos-internacionais/2005/22005D0040.md
22005D0040	Artigo 3.º		57	59	48	ue/acordos-internacionais/2005/22005D0040.md
22005D0040	Artigo 4.º		61	63	90	ue/acordos-internacionais/2005/22005D0040.md
22005D0040	Artigo 5.º		65	83	96	ue/acordos-internacionais/2005/22005D0040.md
22005D0041	Preâmbulo		18	30	176	ue/acordos-internacionais/2005/22005D0041.md
22005D0041	Artigo 1.º		34	39	114	ue/acordos-internacionais/2005/22005D0041.md
22005D0041	Artigo 2.º		41	43	46	ue/acordos-internacionais/2005/22005D0041.md
22005D0041	Artigo 3.º		45	47	56	ue/acordos-internacionais/2005/22005D0041.md
22005D0041	Artigo 4.º		49	65	88	ue/acordos-internacionais/2005/22005D0041.md
22005D0042	Preâmbulo		18	32	216	ue/acordos-internacionais/2005/22005D0042.md
22005D0042	Artigo 1.º		36	62	928	ue/acordos-internacionais/2005/22005D0042.md
22005D0042	Artigo 2.º		64	66	62	ue/acordos-internacionais/2005/22005D0042.md
22005D0042	Artigo 3.º		68	70	90	ue/acordos-internacionais/2005/22005D0042.md
22005D0042	Artigo 4.º		72	90	96	ue/acordos-internacionais/2005/22005D0042.md
22005D0043	Preâmbulo		18	66	831	ue/acordos-internacionais/2005/22005D0043.md
22005D0043	Artigo 1.º		70	77	144	ue/acordos-internacionais/2005/22005D0043.md
22005D0043	Artigo 2.º		79	81	44	ue/acordos-internacionais/2005/22005D0043.md
22005D0043	Artigo 3.º		83	85	114	ue/acordos-internacionais/2005/22005D0043.md
22005D0043	Artigo 4.º		87	89	56	ue/acordos-internacionais/2005/22005D0043.md
22005D0043	Artigo 5.º		91	141	259	ue/acordos-internacionais/2005/22005D0043.md
22005D0043	ANEXO I	Lista referida no artigo 1.º da presente decisão	143	349	1549	ue/acordos-internacionais/2005/22005D0043.md
22005D0043	ANEXO II	Lista referida no artigo 2.º da presente decisão	351	635	4716	ue/acordos-internacionais/2005/22005D0043.md
22005D0044	Preâmbulo		18	50	838	ue/acordos-internacionais/2005/22005D0044.md
22005D0044	Artigo 1.º		54	56	35	ue/acordos-internacionais/2005/22005D0044.md
22005D0044	Artigo 2.º		58	60	121	ue/acordos-internacionais/2005/22005D0044.md
22005D0044	Artigo 3.º		62	64	51	ue/acordos-internacionais/2005/22005D0044.md
22005D0044	Artigo 4.º		66	100	169	ue/acordos-internacionais/2005/22005D0044.md
22005D0044	ANEXO		102	152	1001	ue/acordos-internacionais/2005/22005D0044.md
22005D0045	Preâmbulo		18	34	281	ue/acordos-internacionais/2005/22005D0045.md
22005D0045	Artigo 1.º		38	45	95	ue/acordos-internacionais/2005/22005D0045.md
22005D0045	Artigo 2.º		47	49	49	ue/acordos-internacionais/2005/22005D0045.md
22005D0045	Artigo 3.º		51	53	51	ue/acordos-internacionais/2005/22005D0045.md
22005D0045	Artigo 4.º		55	73	97	ue/acordos-internacionais/2005/22005D0045.md
22005D0046	Preâmbulo		18	50	872	ue/acordos-internacionais/2005/22005D0046.md
22005D0046	Artigo 1.º		54	56	32	ue/acordos-internacionais/2005/22005D0046.md
22005D0046	Artigo 2.º		58	60	162	ue/acordos-internacionais/2005/22005D0046.md
22005D0046	Artigo 3.º		62	64	51	ue/acordos-internacionais/2005/22005D0046.md
22005D0046	Artigo 4.º		66	100	170	ue/acordos-internacionais/2005/22005D0046.md
22005D0046	ANEXO		102	157	1108	ue/acordos-internacionais/2005/22005D0046.md
22005D0047	Preâmbulo		18	46	644	ue/acordos-internacionais/2005/22005D0047.md
22005D0047	Artigo 1.º		50	52	32	ue/acordos-internacionais/2005/22005D0047.md
22005D0047	Artigo 2.º		54	56	102	ue/acordos-internacionais/2005/22005D0047.md
22005D0047	Artigo 3.º		58	60	53	ue/acordos-internacionais/2005/22005D0047.md
22005D0047	Artigo 4.º		62	92	151	ue/acordos-internacionais/2005/22005D0047.md
22005D0047	ANEXO		94	133	660	ue/acordos-internacionais/2005/22005D0047.md
22005D0048	Preâmbulo		18	44	582	ue/acordos-internacionais/2005/22005D0048.md
22005D0048	Artigo 1.º		48	50	32	ue/acordos-internacionais/2005/22005D0048.md
22005D0048	Artigo 2.º		52	54	57	ue/acordos-internacionais/2005/22005D0048.md
22005D0048	Artigo 3.º		56	58	53	ue/acordos-internacionais/2005/22005D0048.md
22005D0048	Artigo 4.º		60	90	150	ue/acordos-internacionais/2005/22005D0048.md
22005D0048	ANEXO		92	123	541	ue/acordos-internacionais/2005/22005D0048.md
22005D0049	Preâmbulo		18	34	246	ue/acordos-internacionais/2005/22005D0049.md
22005D0049	Artigo 1.º		38	53	253	ue/acordos-internacionais/2005/22005D0049.md
22005D0049	Artigo 2.º		55	57	51	ue/acordos-internacionais/2005/22005D0049.md
22005D0049	Artigo 3.º		59	61	51	ue/acordos-internacionais/2005/22005D0049.md
22005D0049	Artigo 4.º		63	81	97	ue/acordos-internacionais/2005/22005D0049.md
22005D0050	Preâmbulo		18	34	327	ue/acordos-internacionais/2005/22005D0050.md
22005D0050	Artigo 1.º		38	51	154	ue/acordos-internacionais/2005/22005D0050.md
22005D0050	Artigo 2.º		53	55	50	ue/acordos-internacionais/2005/22005D0050.md
22005D0050	Artigo 3.º		57	59	56	ue/acordos-internacionais/2005/22005D0050.md
22005D0050	Artigo 4.º		61	79	96	ue/acordos-internacionais/2005/22005D0050.md
22005D0051	Preâmbulo		18	38	333	ue/acordos-internacionais/2005/22005D0051.md
22005D0051	Artigo 1.º		42	88	272	ue/acordos-internacionais/2005/22005D0051.md
22005D0051	Artigo 2.º		90	92	53	ue/acordos-internacionais/2005/22005D0051.md
22005D0051	Artigo 3.º		94	110	89	ue/acordos-internacionais/2005/22005D0051.md
22005D0052	Preâmbulo		18	30	174	ue/acordos-internacionais/2005/22005D0052.md
22005D0052	Artigo 1.º		34	39	120	ue/acordos-internacionais/2005/22005D0052.md
22005D0052	Artigo 2.º		41	43	48	ue/acordos-internacionais/2005/22005D0052.md
22005D0052	Artigo 3.º		45	47	56	ue/acordos-internacionais/2005/22005D0052.md
22005D0052	Artigo 4.º		49	65	88	ue/acordos-internacionais/2005/22005D0052.md
22005D0053	Preâmbulo		18	30	149	ue/acordos-internacionais/2005/22005D0053.md
22005D0053	Artigo 1.º		34	40	74	ue/acordos-internacionais/2005/22005D0053.md
22005D0053	Artigo 2.º		42	44	46	ue/acordos-internacionais/2005/22005D0053.md
22005D0053	Artigo 3.º		46	48	51	ue/acordos-internacionais/2005/22005D0053.md
22005D0053	Artigo 4.º		50	66	88	ue/acordos-internacionais/2005/22005D0053.md
22005D0054	Preâmbulo		18	32	219	ue/acordos-internacionais/2005/22005D0054.md
22005D0054	Artigo 1.º		36	49	138	ue/acordos-internacionais/2005/22005D0054.md
22005D0054	Artigo 2.º		51	53	52	ue/acordos-internacionais/2005/22005D0054.md
22005D0054	Artigo 3.º		55	57	57	ue/acordos-internacionais/2005/22005D0054.md
22005D0054	Artigo 4.º		59	77	98	ue/acordos-internacionais/2005/22005D0054.md
22005D0055	Preâmbulo		18	30	210	ue/acordos-internacionais/2005/22005D0055.md
22005D0055	Artigo 1.º		34	39	84	ue/acordos-internacionais/2005/22005D0055.md
22005D0055	Artigo 2.º		41	43	62	ue/acordos-internacionais/2005/22005D0055.md
22005D0055	Artigo 3.º		45	47	56	ue/acordos-internacionais/2005/22005D0055.md
22005D0055	Artigo 4.º		49	65	88	ue/acordos-internacionais/2005/22005D0055.md
22005D0056	Preâmbulo		18	30	174	ue/acordos-internacionais/2005/22005D0056.md
22005D0056	Artigo 1.º		34	39	70	ue/acordos-internacionais/2005/22005D0056.md
22005D0056	Artigo 2.º		41	43	46	ue/acordos-internacionais/2005/22005D0056.md
22005D0056	Artigo 3.º		45	47	51	ue/acordos-internacionais/2005/22005D0056.md
22005D0056	Artigo 4.º		49	65	88	ue/acordos-internacionais/2005/22005D0056.md
22005D0057	Preâmbulo		18	36	334	ue/acordos-internacionais/2005/22005D0057.md
22005D0057	Artigo 1.º		40	57	194	ue/acordos-internacionais/2005/22005D0057.md
22005D0057	Artigo 2.º		59	61	64	ue/acordos-internacionais/2005/22005D0057.md
22005D0057	Artigo 3.º		63	65	56	ue/acordos-internacionais/2005/22005D0057.md
22005D0057	Artigo 4.º		67	89	114	ue/acordos-internacionais/2005/22005D0057.md
22005D0058	Preâmbulo		18	32	227	ue/acordos-internacionais/2005/22005D0058.md
22005D0058	Artigo 1.º		36	48	297	ue/acordos-internacionais/2005/22005D0058.md
22005D0058	Artigo 2.º		50	52	55	ue/acordos-internacionais/2005/22005D0058.md
22005D0058	Artigo 3.º		54	56	56	ue/acordos-internacionais/2005/22005D0058.md
22005D0058	Artigo 4.º		58	76	97	ue/acordos-internacionais/2005/22005D0058.md
22005D0059	Preâmbulo		18	30	182	ue/acordos-internacionais/2005/22005D0059.md
22005D0059	Artigo 1.º		34	39	70	ue/acordos-internacionais/2005/22005D0059.md
22005D0059	Artigo 2.º		41	43	46	ue/acordos-internacionais/2005/22005D0059.md
22005D0059	Artigo 3.º		45	47	56	ue/acordos-internacionais/2005/22005D0059.md
22005D0059	Artigo 4.º		49	65	88	ue/acordos-internacionais/2005/22005D0059.md
22005D0060	Preâmbulo		18	30	199	ue/acordos-internacionais/2005/22005D0060.md
22005D0060	Artigo 1.º		34	39	70	ue/acordos-internacionais/2005/22005D0060.md
22005D0060	Artigo 2.º		41	43	46	ue/acordos-internacionais/2005/22005D0060.md
22005D0060	Artigo 3.º		45	47	56	ue/acordos-internacionais/2005/22005D0060.md
22005D0060	Artigo 4.º		49	65	88	ue/acordos-internacionais/2005/22005D0060.md
22005D0061	Preâmbulo		18	30	169	ue/acordos-internacionais/2005/22005D0061.md
22005D0061	Artigo 1.º		34	40	84	ue/acordos-internacionais/2005/22005D0061.md
22005D0061	Artigo 2.º		42	44	46	ue/acordos-internacionais/2005/22005D0061.md
22005D0061	Artigo 3.º		46	48	56	ue/acordos-internacionais/2005/22005D0061.md
22005D0061	Artigo 4.º		50	66	88	ue/acordos-internacionais/2005/22005D0061.md
22005D0062	Preâmbulo		18	30	156	ue/acordos-internacionais/2005/22005D0062.md
22005D0062	Artigo 1.º		34	52	165	ue/acordos-internacionais/2005/22005D0062.md
22005D0062	Artigo 2.º		54	56	43	ue/acordos-internacionais/2005/22005D0062.md
22005D0062	Artigo 3.º		58	60	56	ue/acordos-internacionais/2005/22005D0062.md
22005D0062	Artigo 4.º		62	78	87	ue/acordos-internacionais/2005/22005D0062.md
22005D0063	Preâmbulo		18	38	420	ue/acordos-internacionais/2005/22005D0063.md
22005D0063	Artigo 1.º		42	63	308	ue/acordos-internacionais/2005/22005D0063.md
22005D0063	Artigo 2.º		65	67	53	ue/acordos-internacionais/2005/22005D0063.md
22005D0063	Artigo 3.º		69	71	56	ue/acordos-internacionais/2005/22005D0063.md
22005D0063	Artigo 4.º		73	101	142	ue/acordos-internacionais/2005/22005D0063.md
22005D0064	Preâmbulo		18	30	211	ue/acordos-internacionais/2005/22005D0064.md
22005D0064	Artigo 1.º		34	43	192	ue/acordos-internacionais/2005/22005D0064.md
22005D0064	Artigo 2.º		45	47	61	ue/acordos-internacionais/2005/22005D0064.md
22005D0064	Artigo 3.º		49	51	56	ue/acordos-internacionais/2005/22005D0064.md
22005D0064	Artigo 4.º		53	69	86	ue/acordos-internacionais/2005/22005D0064.md
22005D0066	Preâmbulo		18	30	176	ue/acordos-internacionais/2005/22005D0066.md
22005D0066	Artigo 1.º		34	39	62	ue/acordos-internacionais/2005/22005D0066.md
22005D0066	Artigo 2.º		41	43	46	ue/acordos-internacionais/2005/22005D0066.md
22005D0066	Artigo 3.º		45	47	56	ue/acordos-internacionais/2005/22005D0066.md
22005D0066	Artigo 4.º		49	65	88	ue/acordos-internacionais/2005/22005D0066.md
22005D0067	Preâmbulo		18	30	178	ue/acordos-internacionais/2005/22005D0067.md
22005D0067	Artigo 1.º		34	39	62	ue/acordos-internacionais/2005/22005D0067.md
22005D0067	Artigo 2.º		41	43	46	ue/acordos-internacionais/2005/22005D0067.md
22005D0067	Artigo 3.º		45	47	51	ue/acordos-internacionais/2005/22005D0067.md
22005D0067	Artigo 4.º		49	65	88	ue/acordos-internacionais/2005/22005D0067.md
22005D0068	Preâmbulo		18	30	181	ue/acordos-internacionais/2005/22005D0068.md
22005D0068	Artigo 1.º		34	39	70	ue/acordos-internacionais/2005/22005D0068.md
22005D0068	Artigo 2.º		41	43	46	ue/acordos-internacionais/2005/22005D0068.md
22005D0068	Artigo 3.º		45	47	51	ue/acordos-internacionais/2005/22005D0068.md
22005D0068	Artigo 4.º		49	65	88	ue/acordos-internacionais/2005/22005D0068.md
22005D0069	Preâmbulo		18	30	165	ue/acordos-internacionais/2005/22005D0069.md
22005D0069	Artigo 1.º		34	39	61	ue/acordos-internacionais/2005/22005D0069.md
22005D0069	Artigo 2.º		41	43	45	ue/acordos-internacionais/2005/22005D0069.md
22005D0069	Artigo 3.º		45	47	56	ue/acordos-internacionais/2005/22005D0069.md
22005D0069	Artigo 4.º		49	65	88	ue/acordos-internacionais/2005/22005D0069.md
22005D0072	Preâmbulo		18	32	184	ue/acordos-internacionais/2005/22005D0072.md
22005D0072	Artigo 1.º		36	58	377	ue/acordos-internacionais/2005/22005D0072.md
22005D0072	Artigo 2.º		60	64	58	ue/acordos-internacionais/2005/22005D0072.md
22005D0072	Artigo 3.º		66	80	78	ue/acordos-internacionais/2005/22005D0072.md
22005D0073	Preâmbulo		18	32	242	ue/acordos-internacionais/2005/22005D0073.md
22005D0073	Artigo 1.º		36	41	74	ue/acordos-internacionais/2005/22005D0073.md
22005D0073	Artigo 2.º		43	47	58	ue/acordos-internacionais/2005/22005D0073.md
22005D0073	Artigo 3.º		49	65	86	ue/acordos-internacionais/2005/22005D0073.md
22005D0074	Preâmbulo		18	32	180	ue/acordos-internacionais/2005/22005D0074.md
22005D0074	Artigo 1.º		36	38	34	ue/acordos-internacionais/2005/22005D0074.md
22005D0074	Artigo 2.º		40	44	54	ue/acordos-internacionais/2005/22005D0074.md
22005D0074	Artigo 3.º		46	60	78	ue/acordos-internacionais/2005/22005D0074.md
22005D0075	Preâmbulo		18	34	364	ue/acordos-internacionais/2005/22005D0075.md
22005D0075	Artigo 1.º		38	51	190	ue/acordos-internacionais/2005/22005D0075.md
22005D0075	Artigo 2.º		53	57	58	ue/acordos-internacionais/2005/22005D0075.md
22005D0075	Artigo 3.º		59	77	96	ue/acordos-internacionais/2005/22005D0075.md
22005D0076	Preâmbulo		18	30	218	ue/acordos-internacionais/2005/22005D0076.md
22005D0076	Artigo 1.º		34	63	378	ue/acordos-internacionais/2005/22005D0076.md
22005D0076	Artigo 2.º		65	67	46	ue/acordos-internacionais/2005/22005D0076.md
22005D0076	Artigo 3.º		69	71	51	ue/acordos-internacionais/2005/22005D0076.md
22005D0076	Artigo 4.º		73	89	88	ue/acordos-internacionais/2005/22005D0076.md
22005D0077	Preâmbulo		18	30	196	ue/acordos-internacionais/2005/22005D0077.md
22005D0077	Artigo 1.º		34	39	147	ue/acordos-internacionais/2005/22005D0077.md
22005D0077	Artigo 2.º		41	43	46	ue/acordos-internacionais/2005/22005D0077.md
22005D0077	Artigo 3.º		45	47	56	ue/acordos-internacionais/2005/22005D0077.md
22005D0077	Artigo 4.º		49	65	88	ue/acordos-internacionais/2005/22005D0077.md
22005D0078	Preâmbulo		18	34	270	ue/acordos-internacionais/2005/22005D0078.md
22005D0078	Artigo 1.º		38	53	169	ue/acordos-internacionais/2005/22005D0078.md
22005D0078	Artigo 2.º		55	57	49	ue/acordos-internacionais/2005/22005D0078.md
22005D0078	Artigo 3.º		59	61	56	ue/acordos-internacionais/2005/22005D0078.md
22005D0078	Artigo 4.º		63	83	106	ue/acordos-internacionais/2005/22005D0078.md
22005D0079(01)	Preâmbulo		18	32	216	ue/acordos-internacionais/2005/22005D0079(01).md
22005D0079(01)	Artigo 1.º		36	41	212	ue/acordos-internacionais/2005/22005D0079(01).md
22005D0079(01)	Artigo 2.º		43	49	76	ue/acordos-internacionais/2005/22005D0079(01).md
22005D0079(01)	Artigo 3.º		51	53	43	ue/acordos-internacionais/2005/22005D0079(01).md
22005D0079(01)	Artigo 4.º		55	57	56	ue/acordos-internacionais/2005/22005D0079(01).md
22005D0079(01)	Artigo 5.º		59	77	96	ue/acordos-internacionais/2005/22005D0079(01).md
22005D0080	Preâmbulo		18	30	158	ue/acordos-internacionais/2005/22005D0080.md
22005D0080	Artigo 1.º		34	39	97	ue/acordos-internacionais/2005/22005D0080.md
22005D0080	Artigo 2.º		41	43	44	ue/acordos-internacionais/2005/22005D0080.md
22005D0080	Artigo 3.º		45	47	56	ue/acordos-internacionais/2005/22005D0080.md
22005D0080	Artigo 4.º		49	65	88	ue/acordos-internacionais/2005/22005D0080.md
22005D0082	Preâmbulo		18	34	272	ue/acordos-internacionais/2005/22005D0082.md
22005D0082	Artigo 1.º		38	40	23	ue/acordos-internacionais/2005/22005D0082.md
22005D0082	Artigo 2.º		42	44	48	ue/acordos-internacionais/2005/22005D0082.md
22005D0082	Artigo 3.º		46	48	53	ue/acordos-internacionais/2005/22005D0082.md
22005D0082	Artigo 4.º		50	66	86	ue/acordos-internacionais/2005/22005D0082.md
22005D0082	ANEXO		68	75	797	ue/acordos-internacionais/2005/22005D0082.md
22005D0083	Preâmbulo		18	32	243	ue/acordos-internacionais/2005/22005D0083.md
22005D0083	Artigo 1.º		36	48	125	ue/acordos-internacionais/2005/22005D0083.md
22005D0083	Artigo 2.º		50	52	47	ue/acordos-internacionais/2005/22005D0083.md
22005D0083	Artigo 3.º		54	56	56	ue/acordos-internacionais/2005/22005D0083.md
22005D0083	Artigo 4.º		58	76	97	ue/acordos-internacionais/2005/22005D0083.md
22005D0084	Preâmbulo		18	32	205	ue/acordos-internacionais/2005/22005D0084.md
22005D0084	Artigo 1.º		36	41	172	ue/acordos-internacionais/2005/22005D0084.md
22005D0084	Artigo 2.º		43	45	45	ue/acordos-internacionais/2005/22005D0084.md
22005D0084	Artigo 3.º		47	49	56	ue/acordos-internacionais/2005/22005D0084.md
22005D0084	Artigo 4.º		51	67	86	ue/acordos-internacionais/2005/22005D0084.md
22005D0085	Preâmbulo		18	32	214	ue/acordos-internacionais/2005/22005D0085.md
22005D0085	Artigo 1.º		36	41	179	ue/acordos-internacionais/2005/22005D0085.md
22005D0085	Artigo 2.º		43	45	48	ue/acordos-internacionais/2005/22005D0085.md
22005D0085	Artigo 3.º		47	49	56	ue/acordos-internacionais/2005/22005D0085.md
22005D0085	Artigo 4.º		51	67	87	ue/acordos-internacionais/2005/22005D0085.md
22005D0086	Preâmbulo		18	32	184	ue/acordos-internacionais/2005/22005D0086.md
22005D0086	Artigo 1.º		36	41	152	ue/acordos-internacionais/2005/22005D0086.md
22005D0086	Artigo 2.º		43	45	45	ue/acordos-internacionais/2005/22005D0086.md
22005D0086	Artigo 3.º		47	49	51	ue/acordos-internacionais/2005/22005D0086.md
22005D0086	Artigo 4.º		51	67	87	ue/acordos-internacionais/2005/22005D0086.md
22005D0087	Preâmbulo		18	30	232	ue/acordos-internacionais/2005/22005D0087.md
22005D0087	Artigo 1.º		34	39	66	ue/acordos-internacionais/2005/22005D0087.md
22005D0087	Artigo 2.º		41	43	45	ue/acordos-internacionais/2005/22005D0087.md
22005D0087	Artigo 3.º		45	47	58	ue/acordos-internacionais/2005/22005D0087.md
22005D0087	Artigo 4.º		49	65	87	ue/acordos-internacionais/2005/22005D0087.md
22005D0088	Preâmbulo		18	32	212	ue/acordos-internacionais/2005/22005D0088.md
22005D0088	Artigo 1.º		36	41	90	ue/acordos-internacionais/2005/22005D0088.md
22005D0088	Artigo 2.º		43	47	63	ue/acordos-internacionais/2005/22005D0088.md
22005D0088	Artigo 3.º		49	65	88	ue/acordos-internacionais/2005/22005D0088.md
22005D0089	Preâmbulo		18	32	215	ue/acordos-internacionais/2005/22005D0089.md
22005D0089	Artigo 1.º		36	42	111	ue/acordos-internacionais/2005/22005D0089.md
22005D0089	Artigo 2.º		44	48	63	ue/acordos-internacionais/2005/22005D0089.md
22005D0089	Artigo 3.º		50	66	87	ue/acordos-internacionais/2005/22005D0089.md
22005D0090	Preâmbulo		18	32	208	ue/acordos-internacionais/2005/22005D0090.md
22005D0090	Artigo 1.º		36	41	67	ue/acordos-internacionais/2005/22005D0090.md
22005D0090	Artigo 2.º		43	45	43	ue/acordos-internacionais/2005/22005D0090.md
22005D0090	Artigo 3.º		47	49	50	ue/acordos-internacionais/2005/22005D0090.md
22005D0090	Artigo 4.º		51	67	93	ue/acordos-internacionais/2005/22005D0090.md
22005D0091	Preâmbulo		18	52	928	ue/acordos-internacionais/2005/22005D0091.md
22005D0091	Artigo 1.º		56	58	32	ue/acordos-internacionais/2005/22005D0091.md
22005D0091	Artigo 2.º		60	62	74	ue/acordos-internacionais/2005/22005D0091.md
22005D0091	Artigo 3.º		64	66	50	ue/acordos-internacionais/2005/22005D0091.md
22005D0091	Artigo 4.º		68	132	317	ue/acordos-internacionais/2005/22005D0091.md
22005D0091	ANEXO		134	178	833	ue/acordos-internacionais/2005/22005D0091.md
22005D0092	Preâmbulo		18	56	967	ue/acordos-internacionais/2005/22005D0092.md
22005D0092	Artigo 1.º		60	62	32	ue/acordos-internacionais/2005/22005D0092.md
22005D0092	Artigo 2.º		64	66	78	ue/acordos-internacionais/2005/22005D0092.md
22005D0092	Artigo 3.º		68	70	56	ue/acordos-internacionais/2005/22005D0092.md
22005D0092	Artigo 4.º		72	110	193	ue/acordos-internacionais/2005/22005D0092.md
22005D0092	ANEXO		112	187	1482	ue/acordos-internacionais/2005/22005D0092.md
22005D0093	Preâmbulo		18	32	171	ue/acordos-internacionais/2005/22005D0093.md
22005D0093	Artigo 1.º		36	41	230	ue/acordos-internacionais/2005/22005D0093.md
22005D0093	Artigo 2.º		43	45	40	ue/acordos-internacionais/2005/22005D0093.md
22005D0093	Artigo 3.º		47	49	50	ue/acordos-internacionais/2005/22005D0093.md
22005D0093	Artigo 4.º		51	67	92	ue/acordos-internacionais/2005/22005D0093.md
22005D0094	Preâmbulo		18	32	222	ue/acordos-internacionais/2005/22005D0094.md
22005D0094	Artigo 1.º		36	48	178	ue/acordos-internacionais/2005/22005D0094.md
22005D0094	Artigo 2.º		50	52	52	ue/acordos-internacionais/2005/22005D0094.md
22005D0094	Artigo 3.º		54	56	56	ue/acordos-internacionais/2005/22005D0094.md
22005D0094	Artigo 4.º		58	76	102	ue/acordos-internacionais/2005/22005D0094.md
22005D0095	Preâmbulo		18	36	447	ue/acordos-internacionais/2005/22005D0095.md
22005D0095	Artigo 1.º		40	55	522	ue/acordos-internacionais/2005/22005D0095.md
22005D0095	Artigo 2.º		57	59	54	ue/acordos-internacionais/2005/22005D0095.md
22005D0095	Artigo 3.º		61	63	50	ue/acordos-internacionais/2005/22005D0095.md
22005D0095	Artigo 4.º		65	87	120	ue/acordos-internacionais/2005/22005D0095.md
22005D0096	Preâmbulo		18	38	406	ue/acordos-internacionais/2005/22005D0096.md
22005D0096	Artigo 1.º		42	63	351	ue/acordos-internacionais/2005/22005D0096.md
22005D0096	Artigo 2.º		65	67	62	ue/acordos-internacionais/2005/22005D0096.md
22005D0096	Artigo 3.º		69	71	56	ue/acordos-internacionais/2005/22005D0096.md
22005D0096	Artigo 4.º		73	97	128	ue/acordos-internacionais/2005/22005D0096.md
22005D0097	Preâmbulo		18	36	340	ue/acordos-internacionais/2005/22005D0097.md
22005D0097	Artigo 1.º		40	61	298	ue/acordos-internacionais/2005/22005D0097.md
22005D0097	Artigo 2.º		63	65	58	ue/acordos-internacionais/2005/22005D0097.md
22005D0097	Artigo 3.º		67	69	56	ue/acordos-internacionais/2005/22005D0097.md
22005D0097	Artigo 4.º		71	93	120	ue/acordos-internacionais/2005/22005D0097.md
22005D0098	Preâmbulo		18	30	219	ue/acordos-internacionais/2005/22005D0098.md
22005D0098	Artigo 1.º		34	39	70	ue/acordos-internacionais/2005/22005D0098.md
22005D0098	Artigo 2.º		41	43	46	ue/acordos-internacionais/2005/22005D0098.md
22005D0098	Artigo 3.º		45	47	56	ue/acordos-internacionais/2005/22005D0098.md
22005D0098	Artigo 4.º		49	65	93	ue/acordos-internacionais/2005/22005D0098.md
22005D0099	Preâmbulo		18	30	239	ue/acordos-internacionais/2005/22005D0099.md
22005D0099	Artigo 1.º		34	39	69	ue/acordos-internacionais/2005/22005D0099.md
22005D0099	Artigo 2.º		41	43	45	ue/acordos-internacionais/2005/22005D0099.md
22005D0099	Artigo 3.º		45	47	50	ue/acordos-internacionais/2005/22005D0099.md
22005D0099	Artigo 4.º		49	65	92	ue/acordos-internacionais/2005/22005D0099.md
22005D0100	Preâmbulo		18	30	157	ue/acordos-internacionais/2005/22005D0100.md
22005D0100	Artigo 1.º		34	39	64	ue/acordos-internacionais/2005/22005D0100.md
22005D0100	Artigo 2.º		41	43	43	ue/acordos-internacionais/2005/22005D0100.md
22005D0100	Artigo 3.º		45	47	50	ue/acordos-internacionais/2005/22005D0100.md
22005D0100	Artigo 4.º		49	65	92	ue/acordos-internacionais/2005/22005D0100.md
22005D0101	Preâmbulo		18	32	233	ue/acordos-internacionais/2005/22005D0101.md
22005D0101	Artigo 1.º		36	45	163	ue/acordos-internacionais/2005/22005D0101.md
22005D0101	Artigo 2.º		47	49	42	ue/acordos-internacionais/2005/22005D0101.md
22005D0101	Artigo 3.º		51	53	56	ue/acordos-internacionais/2005/22005D0101.md
22005D0101	Artigo 4.º		55	73	102	ue/acordos-internacionais/2005/22005D0101.md
22005D0103	Preâmbulo		18	34	295	ue/acordos-internacionais/2005/22005D0103.md
22005D0103	Artigo 1.º		38	40	24	ue/acordos-internacionais/2005/22005D0103.md
22005D0103	Artigo 2.º		42	44	45	ue/acordos-internacionais/2005/22005D0103.md
22005D0103	Artigo 3.º		46	48	53	ue/acordos-internacionais/2005/22005D0103.md
22005D0103	Artigo 4.º		50	66	91	ue/acordos-internacionais/2005/22005D0103.md
22005D0103	ANEXO		68	73	600	ue/acordos-internacionais/2005/22005D0103.md
22005D0104	Preâmbulo		18	30	167	ue/acordos-internacionais/2005/22005D0104.md
22005D0104	Artigo 1.º		34	39	104	ue/acordos-internacionais/2005/22005D0104.md
22005D0104	Artigo 2.º		41	43	43	ue/acordos-internacionais/2005/22005D0104.md
22005D0104	Artigo 3.º		45	47	56	ue/acordos-internacionais/2005/22005D0104.md
22005D0104	Artigo 4.º		49	65	92	ue/acordos-internacionais/2005/22005D0104.md
22005D0106	Preâmbulo		18	30	196	ue/acordos-internacionais/2005/22005D0106.md
22005D0106	Artigo 1.º		34	39	79	ue/acordos-internacionais/2005/22005D0106.md
22005D0106	Artigo 2.º		41	43	62	ue/acordos-internacionais/2005/22005D0106.md
22005D0106	Artigo 3.º		45	47	50	ue/acordos-internacionais/2005/22005D0106.md
22005D0106	Artigo 4.º		49	65	93	ue/acordos-internacionais/2005/22005D0106.md
22005D0108	Preâmbulo		18	38	437	ue/acordos-internacionais/2005/22005D0108.md
22005D0108	Artigo 1.º		42	64	380	ue/acordos-internacionais/2005/22005D0108.md
22005D0108	Artigo 2.º		66	68	65	ue/acordos-internacionais/2005/22005D0108.md
22005D0108	Artigo 3.º		70	72	53	ue/acordos-internacionais/2005/22005D0108.md
22005D0108	Artigo 4.º		74	98	130	ue/acordos-internacionais/2005/22005D0108.md
22005D0109	Preâmbulo		18	30	160	ue/acordos-internacionais/2005/22005D0109.md
22005D0109	Artigo 1.º		34	39	70	ue/acordos-internacionais/2005/22005D0109.md
22005D0109	Artigo 2.º		41	43	49	ue/acordos-internacionais/2005/22005D0109.md
22005D0109	Artigo 3.º		45	47	53	ue/acordos-internacionais/2005/22005D0109.md
22005D0109	Artigo 4.º		49	65	95	ue/acordos-internacionais/2005/22005D0109.md
22005D0110	Preâmbulo		18	32	261	ue/acordos-internacionais/2005/22005D0110.md
22005D0110	Artigo 1.º		36	48	230	ue/acordos-internacionais/2005/22005D0110.md
22005D0110	Artigo 2.º		50	52	52	ue/acordos-internacionais/2005/22005D0110.md
22005D0110	Artigo 3.º		54	56	56	ue/acordos-internacionais/2005/22005D0110.md
22005D0110	Artigo 4.º		58	76	104	ue/acordos-internacionais/2005/22005D0110.md
22005D0111	Preâmbulo		18	32	287	ue/acordos-internacionais/2005/22005D0111.md
22005D0111	Artigo 1.º		36	49	140	ue/acordos-internacionais/2005/22005D0111.md
22005D0111	Artigo 2.º		51	53	47	ue/acordos-internacionais/2005/22005D0111.md
22005D0111	Artigo 3.º		55	57	53	ue/acordos-internacionais/2005/22005D0111.md
22005D0111	Artigo 4.º		59	77	104	ue/acordos-internacionais/2005/22005D0111.md
22005D0112	Preâmbulo		18	30	177	ue/acordos-internacionais/2005/22005D0112.md
22005D0112	Artigo 1.º		34	39	65	ue/acordos-internacionais/2005/22005D0112.md
22005D0112	Artigo 2.º		41	43	46	ue/acordos-internacionais/2005/22005D0112.md
22005D0112	Artigo 3.º		45	47	53	ue/acordos-internacionais/2005/22005D0112.md
22005D0112	Artigo 4.º		49	65	95	ue/acordos-internacionais/2005/22005D0112.md
22005D0113	Preâmbulo		18	32	266	ue/acordos-internacionais/2005/22005D0113.md
22005D0113	Artigo 1.º		36	48	233	ue/acordos-internacionais/2005/22005D0113.md
22005D0113	Artigo 2.º		50	52	50	ue/acordos-internacionais/2005/22005D0113.md
22005D0113	Artigo 3.º		54	56	53	ue/acordos-internacionais/2005/22005D0113.md
22005D0113	Artigo 4.º		58	76	104	ue/acordos-internacionais/2005/22005D0113.md
22005D0114	Preâmbulo		18	30	181	ue/acordos-internacionais/2005/22005D0114.md
22005D0114	Artigo 1.º		34	39	87	ue/acordos-internacionais/2005/22005D0114.md
22005D0114	Artigo 2.º		41	43	67	ue/acordos-internacionais/2005/22005D0114.md
22005D0114	Artigo 3.º		45	47	53	ue/acordos-internacionais/2005/22005D0114.md
22005D0114	Artigo 4.º		49	65	96	ue/acordos-internacionais/2005/22005D0114.md
22005D0115	Preâmbulo		18	30	173	ue/acordos-internacionais/2005/22005D0115.md
22005D0115	Artigo 1.º		34	39	70	ue/acordos-internacionais/2005/22005D0115.md
22005D0115	Artigo 2.º		41	43	45	ue/acordos-internacionais/2005/22005D0115.md
22005D0115	Artigo 3.º		45	47	53	ue/acordos-internacionais/2005/22005D0115.md
22005D0115	Artigo 4.º		49	65	96	ue/acordos-internacionais/2005/22005D0115.md
22005D0116	Preâmbulo		18	30	180	ue/acordos-internacionais/2005/22005D0116.md
22005D0116	Artigo 1.º		34	39	123	ue/acordos-internacionais/2005/22005D0116.md
22005D0116	Artigo 2.º		41	43	46	ue/acordos-internacionais/2005/22005D0116.md
22005D0116	Artigo 3.º		45	47	53	ue/acordos-internacionais/2005/22005D0116.md
22005D0116	Artigo 4.º		49	65	94	ue/acordos-internacionais/2005/22005D0116.md
22005D0119	Preâmbulo		18	30	200	ue/acordos-internacionais/2005/22005D0119.md
22005D0119	Artigo 1.º		34	47	256	ue/acordos-internacionais/2005/22005D0119.md
22005D0119	Artigo 2.º		49	51	43	ue/acordos-internacionais/2005/22005D0119.md
22005D0119	Artigo 3.º		53	55	56	ue/acordos-internacionais/2005/22005D0119.md
22005D0119	Artigo 4.º		57	73	94	ue/acordos-internacionais/2005/22005D0119.md
22005D0120	Preâmbulo		18	32	243	ue/acordos-internacionais/2005/22005D0120.md
22005D0120	Artigo 1.º		36	48	204	ue/acordos-internacionais/2005/22005D0120.md
22005D0120	Artigo 2.º		50	52	47	ue/acordos-internacionais/2005/22005D0120.md
22005D0120	Artigo 3.º		54	56	51	ue/acordos-internacionais/2005/22005D0120.md
22005D0120	Artigo 4.º		58	74	94	ue/acordos-internacionais/2005/22005D0120.md
22005D0121	Preâmbulo		18	30	168	ue/acordos-internacionais/2005/22005D0121.md
22005D0121	Artigo 1.º		34	40	77	ue/acordos-internacionais/2005/22005D0121.md
22005D0121	Artigo 2.º		42	44	46	ue/acordos-internacionais/2005/22005D0121.md
22005D0121	Artigo 3.º		46	48	56	ue/acordos-internacionais/2005/22005D0121.md
22005D0121	Artigo 4.º		50	66	95	ue/acordos-internacionais/2005/22005D0121.md
22005D0122	Preâmbulo		18	30	190	ue/acordos-internacionais/2005/22005D0122.md
22005D0122	Artigo 1.º		34	40	69	ue/acordos-internacionais/2005/22005D0122.md
22005D0122	Artigo 2.º		42	44	45	ue/acordos-internacionais/2005/22005D0122.md
22005D0122	Artigo 3.º		46	48	51	ue/acordos-internacionais/2005/22005D0122.md
22005D0122	Artigo 4.º		50	66	94	ue/acordos-internacionais/2005/22005D0122.md
22005D0123	Preâmbulo		18	34	327	ue/acordos-internacionais/2005/22005D0123.md
22005D0123	Artigo 1.º		38	40	29	ue/acordos-internacionais/2005/22005D0123.md
22005D0123	Artigo 2.º		42	44	31	ue/acordos-internacionais/2005/22005D0123.md
22005D0123	Artigo 3.º		46	48	70	ue/acordos-internacionais/2005/22005D0123.md
22005D0123	Artigo 4.º		50	52	53	ue/acordos-internacionais/2005/22005D0123.md
22005D0123	Artigo 5.º		54	72	104	ue/acordos-internacionais/2005/22005D0123.md
22005D0123	ANEXO I		74	78	220	ue/acordos-internacionais/2005/22005D0123.md
22005D0123	ANEXO II		80	91	178	ue/acordos-internacionais/2005/22005D0123.md
22005D0124	Preâmbulo		18	30	193	ue/acordos-internacionais/2005/22005D0124.md
22005D0124	Artigo 1.º		34	47	144	ue/acordos-internacionais/2005/22005D0124.md
22005D0124	Artigo 2.º		49	51	45	ue/acordos-internacionais/2005/22005D0124.md
22005D0124	Artigo 3.º		53	55	50	ue/acordos-internacionais/2005/22005D0124.md
22005D0124	Artigo 4.º		57	73	94	ue/acordos-internacionais/2005/22005D0124.md
22005D0125	Preâmbulo		18	30	150	ue/acordos-internacionais/2005/22005D0125.md
22005D0125	Artigo 1.º		34	46	116	ue/acordos-internacionais/2005/22005D0125.md
22005D0125	Artigo 2.º		48	50	45	ue/acordos-internacionais/2005/22005D0125.md
22005D0125	Artigo 3.º		52	54	51	ue/acordos-internacionais/2005/22005D0125.md
22005D0125	Artigo 4.º		56	72	94	ue/acordos-internacionais/2005/22005D0125.md
22005D0126	Preâmbulo		18	34	265	ue/acordos-internacionais/2005/22005D0126.md
22005D0126	Artigo 1.º		38	61	348	ue/acordos-internacionais/2005/22005D0126.md
22005D0126	Artigo 2.º		63	65	51	ue/acordos-internacionais/2005/22005D0126.md
22005D0126	Artigo 3.º		67	69	53	ue/acordos-internacionais/2005/22005D0126.md
22005D0126	Artigo 4.º		71	89	103	ue/acordos-internacionais/2005/22005D0126.md
22005D0127	Preâmbulo		18	30	185	ue/acordos-internacionais/2005/22005D0127.md
22005D0127	Artigo 1.º		34	75	578	ue/acordos-internacionais/2005/22005D0127.md
22005D0127	Artigo 2.º		77	79	46	ue/acordos-internacionais/2005/22005D0127.md
22005D0127	Artigo 3.º		81	83	51	ue/acordos-internacionais/2005/22005D0127.md
22005D0127	Artigo 4.º		85	101	95	ue/acordos-internacionais/2005/22005D0127.md
22005D0127	ANEXO	da Decisão do Comité Misto EEE nº 127/2005	103	361	4864	ue/acordos-internacionais/2005/22005D0127.md
22005D0128	Preâmbulo		18	30	162	ue/acordos-internacionais/2005/22005D0128.md
22005D0128	Artigo 1.º		34	40	80	ue/acordos-internacionais/2005/22005D0128.md
22005D0128	Artigo 2.º		42	44	45	ue/acordos-internacionais/2005/22005D0128.md
22005D0128	Artigo 3.º		46	48	56	ue/acordos-internacionais/2005/22005D0128.md
22005D0128	Artigo 4.º		50	66	95	ue/acordos-internacionais/2005/22005D0128.md
22005D0129	Preâmbulo		18	32	224	ue/acordos-internacionais/2005/22005D0129.md
22005D0129	Artigo 1.º		36	41	98	ue/acordos-internacionais/2005/22005D0129.md
22005D0129	Artigo 2.º		43	47	65	ue/acordos-internacionais/2005/22005D0129.md
22005D0129	Artigo 3.º		49	65	94	ue/acordos-internacionais/2005/22005D0129.md
22005D0130	Preâmbulo		18	32	247	ue/acordos-internacionais/2005/22005D0130.md
22005D0130	Artigo 1.º		36	43	201	ue/acordos-internacionais/2005/22005D0130.md
22005D0130	Artigo 2.º		45	47	51	ue/acordos-internacionais/2005/22005D0130.md
22005D0130	Artigo 3.º		49	51	51	ue/acordos-internacionais/2005/22005D0130.md
22005D0130	Artigo 4.º		53	71	102	ue/acordos-internacionais/2005/22005D0130.md
22005D0131	Preâmbulo		18	32	182	ue/acordos-internacionais/2005/22005D0131.md
22005D0131	Artigo 1.º		36	45	228	ue/acordos-internacionais/2005/22005D0131.md
22005D0131	Artigo 2.º		47	49	46	ue/acordos-internacionais/2005/22005D0131.md
22005D0131	Artigo 3.º		51	53	51	ue/acordos-internacionais/2005/22005D0131.md
22005D0131	Artigo 4.º		55	73	104	ue/acordos-internacionais/2005/22005D0131.md
22005D0132	Preâmbulo		18	30	148	ue/acordos-internacionais/2005/22005D0132.md
22005D0132	Artigo 1.º		34	39	58	ue/acordos-internacionais/2005/22005D0132.md
22005D0132	Artigo 2.º		41	43	44	ue/acordos-internacionais/2005/22005D0132.md
22005D0132	Artigo 3.º		45	47	54	ue/acordos-internacionais/2005/22005D0132.md
22005D0132	Artigo 4.º		49	65	94	ue/acordos-internacionais/2005/22005D0132.md
22005D0133	Preâmbulo		18	30	190	ue/acordos-internacionais/2005/22005D0133.md
22005D0133	Artigo 1.º		34	39	140	ue/acordos-internacionais/2005/22005D0133.md
22005D0133	Artigo 2.º		41	43	45	ue/acordos-internacionais/2005/22005D0133.md
22005D0133	Artigo 3.º		45	47	51	ue/acordos-internacionais/2005/22005D0133.md
22005D0133	Artigo 4.º		49	65	94	ue/acordos-internacionais/2005/22005D0133.md
22005D0134	Preâmbulo		18	32	226	ue/acordos-internacionais/2005/22005D0134.md
22005D0134	Artigo 1.º		36	45	164	ue/acordos-internacionais/2005/22005D0134.md
22005D0134	Artigo 2.º		47	49	57	ue/acordos-internacionais/2005/22005D0134.md
22005D0134	Artigo 3.º		51	53	51	ue/acordos-internacionais/2005/22005D0134.md
22005D0134	Artigo 4.º		55	73	115	ue/acordos-internacionais/2005/22005D0134.md
22005D0135	Preâmbulo		18	32	204	ue/acordos-internacionais/2005/22005D0135.md
22005D0135	Artigo 1.º		36	41	101	ue/acordos-internacionais/2005/22005D0135.md
22005D0135	Artigo 2.º		43	47	58	ue/acordos-internacionais/2005/22005D0135.md
22005D0135	Artigo 3.º		49	65	94	ue/acordos-internacionais/2005/22005D0135.md
22005D0136	Preâmbulo		18	42	550	ue/acordos-internacionais/2005/22005D0136.md
22005D0136	Artigo 1.º		46	48	38	ue/acordos-internacionais/2005/22005D0136.md
22005D0136	Artigo 2.º		50	54	78	ue/acordos-internacionais/2005/22005D0136.md
22005D0136	Artigo 3.º		56	72	111	ue/acordos-internacionais/2005/22005D0136.md
22005D0136	ANEXO DA DECISÃO DO COMITÉ MISTO DO EEE	N.º 136/2005	74	262	1063	ue/acordos-internacionais/2005/22005D0136.md
22005D0136	Artigo 1.º	Definições	266	294	608	ue/acordos-internacionais/2005/22005D0136.md
22005D0136	Artigo 2.º	Requisitos gerais	298	308	257	ue/acordos-internacionais/2005/22005D0136.md
22005D0136	Artigo 3.º	Acumulação diagonal da origem	310	332	780	ue/acordos-internacionais/2005/22005D0136.md
22005D0136	Artigo 4.º	Produtos inteiramente obtidos	334	372	618	ue/acordos-internacionais/2005/22005D0136.md
22005D0136	Artigo 5.º	Produtos objecto de operações de complemento de fabrico ou de transformação suficientes	374	388	416	ue/acordos-internacionais/2005/22005D0136.md
22005D0136	Artigo 6.º	Operações de complemento de fabrico ou de transformação insuficientes	390	426	502	ue/acordos-internacionais/2005/22005D0136.md
22005D0136	Artigo 7.º	Unidade de qualificação	428	438	231	ue/acordos-internacionais/2005/22005D0136.md
22005D0136	Artigo 8.º	Acessórios, peças sobressalentes e ferramentas	440	442	106	ue/acordos-internacionais/2005/22005D0136.md
22005D0136	Artigo 9.º	Sortidos	444	446	110	ue/acordos-internacionais/2005/22005D0136.md
22005D0136	Artigo 10.º	Elementos neutros	448	458	95	ue/acordos-internacionais/2005/22005D0136.md
22005D0136	Artigo 11.º	Princípio da territorialidade	462	496	810	ue/acordos-internacionais/2005/22005D0136.md
22005D0136	Artigo 12.º	Transporte directo	498	518	406	ue/acordos-internacionais/2005/22005D0136.md
22005D0136	Artigo 13.º	Exposições	520	536	403	ue/acordos-internacionais/2005/22005D0136.md
22005D0136	Artigo 14.º	Proibição de draubaque ou de isenção de direitos aduaneiros	540	550	473	ue/acordos-internacionais/2005/22005D0136.md
22005D0136	Artigo 15.º	Requisitos gerais	554	564	261	ue/acordos-internacionais/2005/22005D0136.md
22005D0136	Artigo 16.º	Procedimento para a emissão do certificado de circulação EUR.1 ou EUR-MED	566	602	1122	ue/acordos-internacionais/2005/22005D0136.md
22005D0136	Artigo 17.º	Emissão a posteriori dos certificados de circulação EUR.1 ou EUR-MED	604	628	465	ue/acordos-internacionais/2005/22005D0136.md
22005D0136	Artigo 18.º	Emissão de uma segunda via do certificado de circulação EUR.1 ou EUR-MED	630	640	175	ue/acordos-internacionais/2005/22005D0136.md
22005D0136	Artigo 19.º	Emissão de certificados de circulação EUR.1 ou EUR-MED com base em prova de origem anteriormente emitida ou feita	642	644	149	ue/acordos-internacionais/2005/22005D0136.md
22005D0136	Artigo 20.º	Separação de contas	646	658	370	ue/acordos-internacionais/2005/22005D0136.md
22005D0136	Artigo 21.º	Condições para efectuar uma declaração na factura ou uma declaração na factura EUR-MED	660	702	1011	ue/acordos-internacionais/2005/22005D0136.md
22005D0136	Artigo 22.º	Exportador autorizado	704	714	329	ue/acordos-internacionais/2005/22005D0136.md
22005D0136	Artigo 23.º	Prazo de validade da prova de origem	716	722	180	ue/acordos-internacionais/2005/22005D0136.md
22005D0136	Artigo 24.º	Apresentação da prova de origem	724	726	112	ue/acordos-internacionais/2005/22005D0136.md
22005D0136	Artigo 25.º	Importação em remessas escalonadas	728	730	132	ue/acordos-internacionais/2005/22005D0136.md
22005D0136	Artigo 26.º	Isenções da prova de origem	732	738	287	ue/acordos-internacionais/2005/22005D0136.md
22005D0136	Artigo 27.º	Declaração do fornecedor	740	758	823	ue/acordos-internacionais/2005/22005D0136.md
22005D0136	Artigo 28.º	Documentos comprovativos	760	774	503	ue/acordos-internacionais/2005/22005D0136.md
22005D0136	Artigo 29.º	Conservação da prova de origem, das declarações do fornecedor e dos documentos comprovativos	776	788	432	ue/acordos-internacionais/2005/22005D0136.md
22005D0136	Artigo 30.º	Discrepâncias e erros formais	790	794	168	ue/acordos-internacionais/2005/22005D0136.md
22005D0136	Artigo 31.º	Montantes expressos em euros	796	806	497	ue/acordos-internacionais/2005/22005D0136.md
22005D0136	Artigo 32.º	Assistência mútua	810	814	221	ue/acordos-internacionais/2005/22005D0136.md
22005D0136	Artigo 33.º	Controlo da prova de origem	816	828	577	ue/acordos-internacionais/2005/22005D0136.md
22005D0136	Artigo 34.º	Controlo da declaração do fornecedor	830	840	499	ue/acordos-internacionais/2005/22005D0136.md
22005D0136	Artigo 35.º	Resolução de litígios	842	846	137	ue/acordos-internacionais/2005/22005D0136.md
22005D0136	Artigo 36.º	Sanções	848	850	50	ue/acordos-internacionais/2005/22005D0136.md
22005D0136	Artigo 37.º	Zonas francas	852	856	192	ue/acordos-internacionais/2005/22005D0136.md
22005D0136	Artigo 38.º	Aplicação do protocolo	860	864	106	ue/acordos-internacionais/2005/22005D0136.md
22005D0136	Artigo 39.º	Condições especiais	866	898	483	ue/acordos-internacionais/2005/22005D0136.md
22005D0136	Artigo 40.º	Disposições transitórias para mercadorias em trânsito ou em depósito	902	2607	59203	ue/acordos-internacionais/2005/22005D0136.md
22005D0137	Preâmbulo		18	42	572	ue/acordos-internacionais/2005/22005D0137.md
22005D0137	Artigo 1.º		46	48	32	ue/acordos-internacionais/2005/22005D0137.md
22005D0137	Artigo 2.º		50	52	60	ue/acordos-internacionais/2005/22005D0137.md
22005D0137	Artigo 3.º		54	56	51	ue/acordos-internacionais/2005/22005D0137.md
22005D0137	Artigo 4.º		58	84	137	ue/acordos-internacionais/2005/22005D0137.md
22005D0137	ANEXO		86	124	412	ue/acordos-internacionais/2005/22005D0137.md
22005D0138	Preâmbulo		18	52	932	ue/acordos-internacionais/2005/22005D0138.md
22005D0138	Artigo 1.º		56	58	32	ue/acordos-internacionais/2005/22005D0138.md
22005D0138	Artigo 2.º		60	62	68	ue/acordos-internacionais/2005/22005D0138.md
22005D0138	Artigo 3.º		64	66	51	ue/acordos-internacionais/2005/22005D0138.md
22005D0138	Artigo 4.º		68	104	222	ue/acordos-internacionais/2005/22005D0138.md
22005D0138	ANEXO		106	154	893	ue/acordos-internacionais/2005/22005D0138.md
22005D0139	Preâmbulo		18	50	810	ue/acordos-internacionais/2005/22005D0139.md
22005D0139	Artigo 1.º		54	56	32	ue/acordos-internacionais/2005/22005D0139.md
22005D0139	Artigo 2.º		58	60	72	ue/acordos-internacionais/2005/22005D0139.md
22005D0139	Artigo 3.º		62	64	51	ue/acordos-internacionais/2005/22005D0139.md
22005D0139	Artigo 4.º		66	100	175	ue/acordos-internacionais/2005/22005D0139.md
22005D0139	ANEXO		102	158	816	ue/acordos-internacionais/2005/22005D0139.md
22005D0140	Preâmbulo		18	34	244	ue/acordos-internacionais/2005/22005D0140.md
22005D0140	Artigo 1.º		38	50	152	ue/acordos-internacionais/2005/22005D0140.md
22005D0140	Artigo 2.º		52	54	43	ue/acordos-internacionais/2005/22005D0140.md
22005D0140	Artigo 3.º		56	58	57	ue/acordos-internacionais/2005/22005D0140.md
22005D0140	Artigo 4.º		60	78	102	ue/acordos-internacionais/2005/22005D0140.md
22005D0141(01)	Preâmbulo		18	34	391	ue/acordos-internacionais/2005/22005D0141(01).md
22005D0141(01)	Artigo 1.º		38	56	469	ue/acordos-internacionais/2005/22005D0141(01).md
22005D0141(01)	Artigo 2.º		58	60	50	ue/acordos-internacionais/2005/22005D0141(01).md
22005D0141(01)	Artigo 3.º		62	64	51	ue/acordos-internacionais/2005/22005D0141(01).md
22005D0141(01)	Artigo 4.º		66	86	111	ue/acordos-internacionais/2005/22005D0141(01).md
22005D0142	Preâmbulo		18	30	180	ue/acordos-internacionais/2005/22005D0142.md
22005D0142	Artigo 1.º		34	39	126	ue/acordos-internacionais/2005/22005D0142.md
22005D0142	Artigo 2.º		41	43	43	ue/acordos-internacionais/2005/22005D0142.md
22005D0142	Artigo 3.º		45	47	51	ue/acordos-internacionais/2005/22005D0142.md
22005D0142	Artigo 4.º		49	65	94	ue/acordos-internacionais/2005/22005D0142.md
22005D0143	Preâmbulo		18	30	147	ue/acordos-internacionais/2005/22005D0143.md
22005D0143	Artigo 1.º		34	39	64	ue/acordos-internacionais/2005/22005D0143.md
22005D0143	Artigo 2.º		41	43	44	ue/acordos-internacionais/2005/22005D0143.md
22005D0143	Artigo 3.º		45	47	52	ue/acordos-internacionais/2005/22005D0143.md
22005D0143	Artigo 4.º		49	65	93	ue/acordos-internacionais/2005/22005D0143.md
22005D0144	Preâmbulo		18	32	203	ue/acordos-internacionais/2005/22005D0144.md
22005D0144	Artigo 1.º		36	45	142	ue/acordos-internacionais/2005/22005D0144.md
22005D0144	Artigo 2.º		47	49	46	ue/acordos-internacionais/2005/22005D0144.md
22005D0144	Artigo 3.º		51	53	51	ue/acordos-internacionais/2005/22005D0144.md
22005D0144	Artigo 4.º		55	83	148	ue/acordos-internacionais/2005/22005D0144.md
22005D0145	Preâmbulo		18	30	142	ue/acordos-internacionais/2005/22005D0145.md
22005D0145	Artigo 1.º		34	39	72	ue/acordos-internacionais/2005/22005D0145.md
22005D0145	Artigo 2.º		41	43	44	ue/acordos-internacionais/2005/22005D0145.md
22005D0145	Artigo 3.º		45	47	57	ue/acordos-internacionais/2005/22005D0145.md
22005D0145	Artigo 4.º		49	65	94	ue/acordos-internacionais/2005/22005D0145.md
22005D0146	Preâmbulo		18	40	430	ue/acordos-internacionais/2005/22005D0146.md
22005D0146	Artigo 1.º		44	103	1420	ue/acordos-internacionais/2005/22005D0146.md
22005D0146	Artigo 2.º		105	107	80	ue/acordos-internacionais/2005/22005D0146.md
22005D0146	Artigo 3.º		109	111	51	ue/acordos-internacionais/2005/22005D0146.md
22005D0146	Artigo 4.º		113	141	148	ue/acordos-internacionais/2005/22005D0146.md
22005D0148	Preâmbulo		18	32	234	ue/acordos-internacionais/2005/22005D0148.md
22005D0148	Artigo 1.º		36	43	191	ue/acordos-internacionais/2005/22005D0148.md
22005D0148	Artigo 2.º		45	47	47	ue/acordos-internacionais/2005/22005D0148.md
22005D0148	Artigo 3.º		49	51	57	ue/acordos-internacionais/2005/22005D0148.md
22005D0148	Artigo 4.º		53	71	103	ue/acordos-internacionais/2005/22005D0148.md
22005D0149	Preâmbulo		18	32	206	ue/acordos-internacionais/2005/22005D0149.md
22005D0149	Artigo 1.º		36	45	138	ue/acordos-internacionais/2005/22005D0149.md
22005D0149	Artigo 2.º		47	49	45	ue/acordos-internacionais/2005/22005D0149.md
22005D0149	Artigo 3.º		51	53	57	ue/acordos-internacionais/2005/22005D0149.md
22005D0149	Artigo 4.º		55	73	102	ue/acordos-internacionais/2005/22005D0149.md
22005D0150	Preâmbulo		18	30	180	ue/acordos-internacionais/2005/22005D0150.md
22005D0150	Artigo 1.º		34	39	68	ue/acordos-internacionais/2005/22005D0150.md
22005D0150	Artigo 2.º		41	43	48	ue/acordos-internacionais/2005/22005D0150.md
22005D0150	Artigo 3.º		45	47	51	ue/acordos-internacionais/2005/22005D0150.md
22005D0150	Artigo 4.º		49	65	88	ue/acordos-internacionais/2005/22005D0150.md
22005D0150(01)	Preâmbulo		18	30	148	ue/acordos-internacionais/2005/22005D0150(01).md
22005D0150(01)	Artigo 1.º		34	39	63	ue/acordos-internacionais/2005/22005D0150(01).md
22005D0150(01)	Artigo 2.º		41	43	43	ue/acordos-internacionais/2005/22005D0150(01).md
22005D0150(01)	Artigo 3.º		45	47	57	ue/acordos-internacionais/2005/22005D0150(01).md
22005D0150(01)	Artigo 4.º		49	65	93	ue/acordos-internacionais/2005/22005D0150(01).md
22005D0151	Preâmbulo		18	34	433	ue/acordos-internacionais/2005/22005D0151.md
22005D0151	Artigo 1.º		38	61	454	ue/acordos-internacionais/2005/22005D0151.md
22005D0151	Artigo 2.º		63	65	100	ue/acordos-internacionais/2005/22005D0151.md
22005D0151	Artigo 3.º		67	69	51	ue/acordos-internacionais/2005/22005D0151.md
22005D0151	Artigo 4.º		71	91	108	ue/acordos-internacionais/2005/22005D0151.md
22005D0151(01)	Preâmbulo		18	34	313	ue/acordos-internacionais/2005/22005D0151(01).md
22005D0151(01)	Artigo 1.º		38	45	84	ue/acordos-internacionais/2005/22005D0151(01).md
22005D0151(01)	Artigo 2.º		47	49	51	ue/acordos-internacionais/2005/22005D0151(01).md
22005D0151(01)	Artigo 3.º		51	53	57	ue/acordos-internacionais/2005/22005D0151(01).md
22005D0151(01)	Artigo 4.º		55	75	144	ue/acordos-internacionais/2005/22005D0151(01).md
22005D0152	Preâmbulo		18	30	159	ue/acordos-internacionais/2005/22005D0152.md
22005D0152	Artigo 1.º		34	39	78	ue/acordos-internacionais/2005/22005D0152.md
22005D0152	Artigo 2.º		41	43	48	ue/acordos-internacionais/2005/22005D0152.md
22005D0152	Artigo 3.º		45	47	51	ue/acordos-internacionais/2005/22005D0152.md
22005D0152	Artigo 4.º		49	65	89	ue/acordos-internacionais/2005/22005D0152.md
22005D0152(01)	Preâmbulo		18	34	289	ue/acordos-internacionais/2005/22005D0152(01).md
22005D0152(01)	Artigo 1.º		38	43	159	ue/acordos-internacionais/2005/22005D0152(01).md
22005D0152(01)	Artigo 2.º		45	47	43	ue/acordos-internacionais/2005/22005D0152(01).md
22005D0152(01)	Artigo 3.º		49	51	51	ue/acordos-internacionais/2005/22005D0152(01).md
22005D0152(01)	Artigo 4.º		53	69	93	ue/acordos-internacionais/2005/22005D0152(01).md
22005D0153	Preâmbulo		18	32	225	ue/acordos-internacionais/2005/22005D0153.md
22005D0153	Artigo 1.º		36	45	150	ue/acordos-internacionais/2005/22005D0153.md
22005D0153	Artigo 2.º		47	49	48	ue/acordos-internacionais/2005/22005D0153.md
22005D0153	Artigo 3.º		51	53	51	ue/acordos-internacionais/2005/22005D0153.md
22005D0153	Artigo 4.º		55	73	98	ue/acordos-internacionais/2005/22005D0153.md
22005D0153(01)	Preâmbulo		18	30	144	ue/acordos-internacionais/2005/22005D0153(01).md
22005D0153(01)	Artigo 1.º		34	39	95	ue/acordos-internacionais/2005/22005D0153(01).md
22005D0153(01)	Artigo 2.º		41	43	45	ue/acordos-internacionais/2005/22005D0153(01).md
22005D0153(01)	Artigo 3.º		45	47	57	ue/acordos-internacionais/2005/22005D0153(01).md
22005D0153(01)	Artigo 4.º		49	65	93	ue/acordos-internacionais/2005/22005D0153(01).md
22005D0154	Preâmbulo		18	32	201	ue/acordos-internacionais/2005/22005D0154.md
22005D0154	Artigo 1.º		36	51	212	ue/acordos-internacionais/2005/22005D0154.md
22005D0154	Artigo 2.º		53	55	43	ue/acordos-internacionais/2005/22005D0154.md
22005D0154	Artigo 3.º		57	59	57	ue/acordos-internacionais/2005/22005D0154.md
22005D0154	Artigo 4.º		61	79	102	ue/acordos-internacionais/2005/22005D0154.md
22005D0155	Preâmbulo		18	36	347	ue/acordos-internacionais/2005/22005D0155.md
22005D0155	Artigo 1.º		40	62	375	ue/acordos-internacionais/2005/22005D0155.md
22005D0155	Artigo 2.º		64	66	60	ue/acordos-internacionais/2005/22005D0155.md
22005D0155	Artigo 3.º		68	70	51	ue/acordos-internacionais/2005/22005D0155.md
22005D0155	Artigo 4.º		72	94	122	ue/acordos-internacionais/2005/22005D0155.md
22005D0156	Preâmbulo		18	34	354	ue/acordos-internacionais/2005/22005D0156.md
22005D0156	Artigo 1.º		38	55	258	ue/acordos-internacionais/2005/22005D0156.md
22005D0156	Artigo 2.º		57	59	57	ue/acordos-internacionais/2005/22005D0156.md
22005D0156	Artigo 3.º		61	63	51	ue/acordos-internacionais/2005/22005D0156.md
22005D0156	Artigo 4.º		65	85	111	ue/acordos-internacionais/2005/22005D0156.md
22005D0157	Preâmbulo		18	32	216	ue/acordos-internacionais/2005/22005D0157.md
22005D0157	Artigo 1.º		36	43	181	ue/acordos-internacionais/2005/22005D0157.md
22005D0157	Artigo 2.º		45	47	48	ue/acordos-internacionais/2005/22005D0157.md
22005D0157	Artigo 3.º		49	51	57	ue/acordos-internacionais/2005/22005D0157.md
22005D0157	Artigo 4.º		53	71	103	ue/acordos-internacionais/2005/22005D0157.md
22005D0158	Preâmbulo		18	30	175	ue/acordos-internacionais/2005/22005D0158.md
22005D0158	Artigo 1.º		34	39	60	ue/acordos-internacionais/2005/22005D0158.md
22005D0158	Artigo 2.º		41	43	46	ue/acordos-internacionais/2005/22005D0158.md
22005D0158	Artigo 3.º		45	47	58	ue/acordos-internacionais/2005/22005D0158.md
22005D0158	Artigo 4.º		49	65	93	ue/acordos-internacionais/2005/22005D0158.md
22005D0181	Preâmbulo		18	42	716	ue/acordos-internacionais/2005/22005D0181.md
22005D0181	Artigo 1.º		46	48	86	ue/acordos-internacionais/2005/22005D0181.md
22005D0181	Artigo 2.º		50	52	57	ue/acordos-internacionais/2005/22005D0181.md
22005D0181	Artigo 3.º		54	56	93	ue/acordos-internacionais/2005/22005D0181.md
22005D0181	Artigo 4.º		58	62	156	ue/acordos-internacionais/2005/22005D0181.md
22005D0181	Artigo 5.º		64	70	58	ue/acordos-internacionais/2005/22005D0181.md
22005D0181	Artigo 6.º		72	74	50	ue/acordos-internacionais/2005/22005D0181.md
22005D0181	Artigo 7.º		76	90	69	ue/acordos-internacionais/2005/22005D0181.md
22005D0181	ANEXO		92	103	173	ue/acordos-internacionais/2005/22005D0181.md
22005D0201	Preâmbulo		18	28	198	ue/acordos-internacionais/2005/22005D0201.md
22005D0201	Artigo 1.º		32	34	46	ue/acordos-internacionais/2005/22005D0201.md
22005D0201	Artigo 2.º		36	50	75	ue/acordos-internacionais/2005/22005D0201.md
22005D0201	ANEXO	«ANEXO	52	230	4384	ue/acordos-internacionais/2005/22005D0201.md
22005D0201	Artigo 1.º	Definições	56	72	364	ue/acordos-internacionais/2005/22005D0201.md
22005D0201	Artigo 2.º	Âmbito	74	82	293	ue/acordos-internacionais/2005/22005D0201.md
22005D0201	Artigo 3.º	Assistência mediante pedido	84	102	480	ue/acordos-internacionais/2005/22005D0201.md
22005D0201	Artigo 4.º	Assistência espontânea	104	116	247	ue/acordos-internacionais/2005/22005D0201.md
22005D0201	Artigo 5.º	Entrega e notificação	118	128	164	ue/acordos-internacionais/2005/22005D0201.md
22005D0201	Artigo 6.º	Forma e conteúdo dos pedidos de assistência	130	150	316	ue/acordos-internacionais/2005/22005D0201.md
22005D0201	Artigo 7.º	Execução dos pedidos	152	162	460	ue/acordos-internacionais/2005/22005D0201.md
22005D0201	Artigo 8.º	Forma de comunicação das informações	164	172	217	ue/acordos-internacionais/2005/22005D0201.md
22005D0201	Artigo 9.º	Derrogações à obrigação de prestar assistência	174	190	400	ue/acordos-internacionais/2005/22005D0201.md
22005D0201	Artigo 10.º	Troca de informações e confidencialidade	192	200	503	ue/acordos-internacionais/2005/22005D0201.md
22005D0201	Artigo 11.º	Peritos e testemunhas	202	204	162	ue/acordos-internacionais/2005/22005D0201.md
22005D0201	Artigo 12.º	Despesas de assistência	206	210	157	ue/acordos-internacionais/2005/22005D0201.md
22005D0201	Artigo 13.º	Aplicação	212	216	268	ue/acordos-internacionais/2005/22005D0201.md
22005D0201	Artigo 14.º	Outros acordos	218	230	327	ue/acordos-internacionais/2005/22005D0201.md
22005D0203	Preâmbulo		18	30	147	ue/acordos-internacionais/2005/22005D0203.md
22005D0203	Artigo 1.º		34	38	85	ue/acordos-internacionais/2005/22005D0203.md
22005D0203	Artigo 2.º		40	54	118	ue/acordos-internacionais/2005/22005D0203.md
22005D0208	Preâmbulo		18	38	295	ue/acordos-internacionais/2005/22005D0208.md
22005D0208	Artigo 1.º		42	44	88	ue/acordos-internacionais/2005/22005D0208.md
22005D0208	«Artigo 2.º		46	48	76	ue/acordos-internacionais/2005/22005D0208.md
22005D0208	Artigo 3.º		50	56	120	ue/acordos-internacionais/2005/22005D0208.md
22005D0208	Artigo 2.º		58	70	60	ue/acordos-internacionais/2005/22005D0208.md
22005D0248	Preâmbulo		18	38	413	ue/acordos-internacionais/2005/22005D0248.md
22005D0248	Artigo 1.º		42	44	102	ue/acordos-internacionais/2005/22005D0248.md
22005D0248	Artigo 2.º		46	54	83	ue/acordos-internacionais/2005/22005D0248.md
22005D0248	Artigo 3.º		56	58	89	ue/acordos-internacionais/2005/22005D0248.md
22005D0248	Artigo 4.º		60	76	61	ue/acordos-internacionais/2005/22005D0248.md
22005D0249	Preâmbulo		18	30	157	ue/acordos-internacionais/2005/22005D0249.md
22005D0249	Artigo 1.º		34	36	26	ue/acordos-internacionais/2005/22005D0249.md
22005D0249	Artigo 2.º		38	44	142	ue/acordos-internacionais/2005/22005D0249.md
22005D0249	Artigo 3.º		46	48	66	ue/acordos-internacionais/2005/22005D0249.md
22005D0249	Artigo 4.º		50	70	86	ue/acordos-internacionais/2005/22005D0249.md
22005D0249	ANEXO	«ANEXO 1	72	148	2082	ue/acordos-internacionais/2005/22005D0249.md
22005D0250	Preâmbulo		18	26	87	ue/acordos-internacionais/2005/22005D0250.md
22005D0250	ANEXO A		48	59	89	ue/acordos-internacionais/2005/22005D0250.md
22005D0260	Preâmbulo		18	38	341	ue/acordos-internacionais/2005/22005D0260.md
22005D0260	Artigo 1.º		42	44	37	ue/acordos-internacionais/2005/22005D0260.md
22005D0260	Artigo 2.º		46	48	34	ue/acordos-internacionais/2005/22005D0260.md
22005D0260	Artigo 3.º		50	70	84	ue/acordos-internacionais/2005/22005D0260.md
22005D0260	APÊNDICE 1		72	114	2166	ue/acordos-internacionais/2005/22005D0260.md
22005D0260	APÊNDICE 2		116	143	633	ue/acordos-internacionais/2005/22005D0260.md
22005D0260	APÊNDICE 3		145	635	4240	ue/acordos-internacionais/2005/22005D0260.md
22005D0260	APÊNDICE 4		637	651	303	ue/acordos-internacionais/2005/22005D0260.md
22005D0291	Preâmbulo		18	26	108	ue/acordos-internacionais/2005/22005D0291.md
22005D0291	ANEXO A		48	58	99	ue/acordos-internacionais/2005/22005D0291.md
22005D0297	Preâmbulo		18	32	170	ue/acordos-internacionais/2005/22005D0297.md
22005D0297	Artigo 1.º	Datas e locais das reuniões	36	42	164	ue/acordos-internacionais/2005/22005D0297.md
22005D0297	Artigo 2.º	Ordem de trabalhos	44	58	355	ue/acordos-internacionais/2005/22005D0297.md
22005D0297	Artigo 3.º	Deliberações	60	72	280	ue/acordos-internacionais/2005/22005D0297.md
22005D0297	Artigo 4.º	Procedimentos escritos	74	78	142	ue/acordos-internacionais/2005/22005D0297.md
22005D0297	Artigo 5.º	Comités e grupos de trabalho	80	84	100	ue/acordos-internacionais/2005/22005D0297.md
22005D0297	Artigo 6.º	Grupos ministeriais restritos	86	88	73	ue/acordos-internacionais/2005/22005D0297.md
22005D0297	Artigo 7.º	Comités ministeriais	90	94	106	ue/acordos-internacionais/2005/22005D0297.md
22005D0297	Artigo 8.º	Estados presentes na qualidade de observadores	96	102	168	ue/acordos-internacionais/2005/22005D0297.md
22005D0297	Artigo 9.º	Confidencialidade e publicações oficiais	104	110	135	ue/acordos-internacionais/2005/22005D0297.md
22005D0297	Artigo 10.º	Diálogo com os intervenientes não estatais	112	118	298	ue/acordos-internacionais/2005/22005D0297.md
22005D0297	Artigo 11.º	Organizações regionais e sub-regionais	120	122	61	ue/acordos-internacionais/2005/22005D0297.md
22005D0297	Artigo 12.º	Comunicações e actas	124	132	210	ue/acordos-internacionais/2005/22005D0297.md
22005D0297	Artigo 13.º	Documentação	134	136	36	ue/acordos-internacionais/2005/22005D0297.md
22005D0297	Artigo 14.º	Forma dos actos	138	152	323	ue/acordos-internacionais/2005/22005D0297.md
22005D0297	Artigo 15.º	Presidência	154	160	67	ue/acordos-internacionais/2005/22005D0297.md
22005D0297	Artigo 16.º	Comité	162	168	89	ue/acordos-internacionais/2005/22005D0297.md
22005D0297	Artigo 17.º	Participação na Assembleia Parlamentar Paritária	170	174	68	ue/acordos-internacionais/2005/22005D0297.md
22005D0297	Artigo 18.º	Coerência das políticas comunitárias e incidência na aplicação do Acordo ACP-CE	176	180	118	ue/acordos-internacionais/2005/22005D0297.md
22005D0297	Artigo 19.º	Secretariado	182	190	152	ue/acordos-internacionais/2005/22005D0297.md
22005D0297	Artigo 20.º		192	202	80	ue/acordos-internacionais/2005/22005D0297.md
22005D0298	Preâmbulo		18	34	234	ue/acordos-internacionais/2005/22005D0298.md
22005D0298	Artigo 1.º	Composição	38	44	188	ue/acordos-internacionais/2005/22005D0298.md
22005D0298	Artigo 2.º	Presidência	46	48	80	ue/acordos-internacionais/2005/22005D0298.md
22005D0298	Artigo 3.º	Reuniões	50	58	198	ue/acordos-internacionais/2005/22005D0298.md
22005D0298	Artigo 4.º	Representação	60	66	109	ue/acordos-internacionais/2005/22005D0298.md
22005D0298	Artigo 5.º	Delegações	68	76	170	ue/acordos-internacionais/2005/22005D0298.md
22005D0298	Artigo 6.º	Secretariado	78	80	35	ue/acordos-internacionais/2005/22005D0298.md
22005D0298	Artigo 7.º	Documentos	82	86	107	ue/acordos-internacionais/2005/22005D0298.md
22005D0298	Artigo 8.º	Correspondência	88	92	162	ue/acordos-internacionais/2005/22005D0298.md
22005D0298	Artigo 9.º	Publicidade	94	96	32	ue/acordos-internacionais/2005/22005D0298.md
22005D0298	Artigo 10.º	Ordem de trabalhos das reuniões	98	106	232	ue/acordos-internacionais/2005/22005D0298.md
22005D0298	Artigo 11.º	Actas	108	122	269	ue/acordos-internacionais/2005/22005D0298.md
22005D0298	Artigo 12.º	Recomendações	124	136	311	ue/acordos-internacionais/2005/22005D0298.md
22005D0298	Artigo 13.º	Línguas	138	140	44	ue/acordos-internacionais/2005/22005D0298.md
22005D0298	Artigo 14.º	Despesas	142	144	55	ue/acordos-internacionais/2005/22005D0298.md
22005D0298	Artigo 15.º		146	156	84	ue/acordos-internacionais/2005/22005D0298.md
22005D0299	Preâmbulo		18	32	157	ue/acordos-internacionais/2005/22005D0299.md
22005D0299	Artigo 1.º	Datas e locais das reuniões	36	42	174	ue/acordos-internacionais/2005/22005D0299.md
22005D0299	Artigo 2.º	Funções do comité	44	50	151	ue/acordos-internacionais/2005/22005D0299.md
22005D0299	Artigo 3.º	Ordem de trabalhos das reuniões	52	58	232	ue/acordos-internacionais/2005/22005D0299.md
22005D0299	Artigo 4.º	Deliberações	60	70	237	ue/acordos-internacionais/2005/22005D0299.md
22005D0299	Artigo 5.º	Procedimentos escritos, publicações oficiais e forma dos actos	72	74	55	ue/acordos-internacionais/2005/22005D0299.md
22005D0299	Artigo 6.º	Estados presentes na qualidade de observadores	76	82	163	ue/acordos-internacionais/2005/22005D0299.md
22005D0299	Artigo 7.º	Confidencialidade	84	88	67	ue/acordos-internacionais/2005/22005D0299.md
22005D0299	Artigo 8.º	Comunicações e actas	90	98	202	ue/acordos-internacionais/2005/22005D0299.md
22005D0299	Artigo 9.º	Presidência	100	102	66	ue/acordos-internacionais/2005/22005D0299.md
22005D0299	Artigo 10.º	Correspondência e documentação	104	108	70	ue/acordos-internacionais/2005/22005D0299.md
22005D0299	Artigo 11.º	Comités, subcomités e grupos de trabalho	110	128	244	ue/acordos-internacionais/2005/22005D0299.md
22005D0299	Artigo 12.º	Composição dos comités, subcomités e grupos de trabalho	130	136	153	ue/acordos-internacionais/2005/22005D0299.md
22005D0299	Artigo 13.º	Presidência dos comités, subcomités e grupos de trabalho	138	142	118	ue/acordos-internacionais/2005/22005D0299.md
22005D0299	Artigo 14.º	Modalidades de reunião dos comités, subcomités e grupos de trabalho	144	146	78	ue/acordos-internacionais/2005/22005D0299.md
22005D0299	Artigo 15.º	Regulamentos internos dos comités, subcomités e grupos de trabalho	148	150	59	ue/acordos-internacionais/2005/22005D0299.md
22005D0299	Artigo 16.º	Secretariado	152	158	178	ue/acordos-internacionais/2005/22005D0299.md
22005D0299	Artigo 17.º		160	170	80	ue/acordos-internacionais/2005/22005D0299.md
22005D0300	Preâmbulo		18	34	278	ue/acordos-internacionais/2005/22005D0300.md
22005D0300	Artigo 1.º		38	42	169	ue/acordos-internacionais/2005/22005D0300.md
22005D0300	Artigo 2.º		44	54	218	ue/acordos-internacionais/2005/22005D0300.md
22005D0300	Artigo 3.º		56	62	138	ue/acordos-internacionais/2005/22005D0300.md
22005D0300	Artigo 4.º		64	70	70	ue/acordos-internacionais/2005/22005D0300.md
22005D0300	Artigo 5.º		72	80	168	ue/acordos-internacionais/2005/22005D0300.md
22005D0300	Artigo 6.º		82	84	41	ue/acordos-internacionais/2005/22005D0300.md
22005D0300	Artigo 7.º		86	92	119	ue/acordos-internacionais/2005/22005D0300.md
22005D0300	Artigo 8.º		94	98	92	ue/acordos-internacionais/2005/22005D0300.md
22005D0300	Artigo 9.º		100	102	25	ue/acordos-internacionais/2005/22005D0300.md
22005D0300	Artigo 10.º		104	106	53	ue/acordos-internacionais/2005/22005D0300.md
22005D0300	Artigo 11.º		108	120	106	ue/acordos-internacionais/2005/22005D0300.md
22005D0312	Preâmbulo		18	26	84	ue/acordos-internacionais/2005/22005D0312.md
22005D0312	APÊNDICE A	Organismo de avaliação da conformidade do Canadá a acrescentar à lista dos organismos de avaliação da conformidade indicada no apêndice 2 do anexo sectorial sob	48	55	83	ue/acordos-internacionais/2005/22005D0312.md
22005D0318	Preâmbulo		18	38	384	ue/acordos-internacionais/2005/22005D0318.md
22005D0318	Artigo 1.º	Regras de origem	44	314	5020	ue/acordos-internacionais/2005/22005D0318.md
22005D0318	Artigo 2.º	Prova de origem e cooperação administrativa	318	338	574	ue/acordos-internacionais/2005/22005D0318.md
22005D0318	Artigo 3.º	Mercadorias em trânsito	340	344	179	ue/acordos-internacionais/2005/22005D0318.md
22005D0318	Artigo 4.º		346	358	58	ue/acordos-internacionais/2005/22005D0318.md
22005D0352	Preâmbulo		18	30	250	ue/acordos-internacionais/2005/22005D0352.md
22005D0352	ANEXO		50	62	279	ue/acordos-internacionais/2005/22005D0352.md
22005D0394	Preâmbulo		18	34	224	ue/acordos-internacionais/2005/22005D0394.md
22005D0394	Artigo 1.º		38	40	32	ue/acordos-internacionais/2005/22005D0394.md
22005D0394	Artigo 2.º		42	64	86	ue/acordos-internacionais/2005/22005D0394.md
22005D0394	ANEXO		66	120	406	ue/acordos-internacionais/2005/22005D0394.md
22005D0404	Preâmbulo		18	26	94	ue/acordos-internacionais/2005/22005D0404.md
22005D0404	Artigo 1.º	Presidência	30	32	103	ue/acordos-internacionais/2005/22005D0404.md
22005D0404	Artigo 2.º	Reuniões	34	40	164	ue/acordos-internacionais/2005/22005D0404.md
22005D0404	Article 3.º	Representação	42	46	108	ue/acordos-internacionais/2005/22005D0404.md
22005D0404	Artigo 4.º	Delegações	48	56	156	ue/acordos-internacionais/2005/22005D0404.md
22005D0404	Artigo 5.º	Secretariado	58	60	61	ue/acordos-internacionais/2005/22005D0404.md
22005D0404	Artigo 6.º	Correspondência	62	68	223	ue/acordos-internacionais/2005/22005D0404.md
22005D0404	Artigo 7.º	Publicidade	70	72	33	ue/acordos-internacionais/2005/22005D0404.md
22005D0404	Artigo 8.º	Ordem do dia das reuniões	74	84	237	ue/acordos-internacionais/2005/22005D0404.md
22005D0404	Artigo 9.º	Acta	86	98	219	ue/acordos-internacionais/2005/22005D0404.md
22005D0404	Artigo 10.º	Decisões e recomendações	100	110	263	ue/acordos-internacionais/2005/22005D0404.md
22005D0404	Artigo 11.º	Línguas	112	116	70	ue/acordos-internacionais/2005/22005D0404.md
22005D0404	Artigo 12.º	Despesas	118	124	156	ue/acordos-internacionais/2005/22005D0404.md
22005D0404	Artigo 13.º	Comité de Estabilização e de Associação	126	142	450	ue/acordos-internacionais/2005/22005D0404.md
22005D0404	ANEXO	Regulamento interno do Comité de Estabilização e de Associação	144	206	1281	ue/acordos-internacionais/2005/22005D0404.md
22005D0404	Artigo 1.º	Presidência	146	148	104	ue/acordos-internacionais/2005/22005D0404.md
22005D0404	Artigo 2.º	Reuniões	150	156	88	ue/acordos-internacionais/2005/22005D0404.md
22005D0404	Artigo 3.º	Delegações	158	160	32	ue/acordos-internacionais/2005/22005D0404.md
22005D0404	Artigo 4.º	Secretariado	162	166	119	ue/acordos-internacionais/2005/22005D0404.md
22005D0404	Artigo 5.º	Publidade	168	170	32	ue/acordos-internacionais/2005/22005D0404.md
22005D0404	Artigo 6.º	Ordem do dia das reuniões	172	182	273	ue/acordos-internacionais/2005/22005D0404.md
22005D0404	Artigo 7.º	Acta	184	188	104	ue/acordos-internacionais/2005/22005D0404.md
22005D0404	Artigo 8.º	Decisões e recomendações	190	196	226	ue/acordos-internacionais/2005/22005D0404.md
22005D0404	Artigo 9.º	Despesas	198	202	155	ue/acordos-internacionais/2005/22005D0404.md
22005D0404	Artigo 10.º	Subcomités e grupos especiais	204	206	126	ue/acordos-internacionais/2005/22005D0404.md
22005D0460	Preâmbulo		18	38	510	ue/acordos-internacionais/2005/22005D0460.md
22005D0460	Artigo 1.º	Assembleia Parlamentar Paritária	42	44	100	ue/acordos-internacionais/2005/22005D0460.md
22005D0460	Artigo 2.º	Cooperação intra-ACP no âmbito da dotação consagrada à cooperação regional	46	56	385	ue/acordos-internacionais/2005/22005D0460.md
22005D0460	Artigo 3.º	Entrada em vigor	58	66	90	ue/acordos-internacionais/2005/22005D0460.md
22005D0466	Preâmbulo		18	32	225	ue/acordos-internacionais/2005/22005D0466.md
22005D0466	Artigo único		36	50	168	ue/acordos-internacionais/2005/22005D0466.md
22005D0466	ANEXO		52	147	2284	ue/acordos-internacionais/2005/22005D0466.md
22005D0482	Preâmbulo		18	40	477	ue/acordos-internacionais/2005/22005D0482.md
22005D0482	Artigo 1.º		44	46	55	ue/acordos-internacionais/2005/22005D0482.md
22005D0482	Artigo 2.º		48	50	29	ue/acordos-internacionais/2005/22005D0482.md
22005D0482	Artigo 3.º		52	56	96	ue/acordos-internacionais/2005/22005D0482.md
22005D0482	Artigo 4.º		58	64	199	ue/acordos-internacionais/2005/22005D0482.md
22005D0482	Artigo 5.º		66	80	74	ue/acordos-internacionais/2005/22005D0482.md
22005D0502	Preâmbulo		18	32	220	ue/acordos-internacionais/2005/22005D0502.md
22005D0502	Artigo 1.º		36	38	25	ue/acordos-internacionais/2005/22005D0502.md
22005D0502	«Artigo 18.º		40	58	578	ue/acordos-internacionais/2005/22005D0502.md
22005D0502	Artigo 19.º		60	74	272	ue/acordos-internacionais/2005/22005D0502.md
22005D0502	Artigo 20.º		76	82	201	ue/acordos-internacionais/2005/22005D0502.md
22005D0502	Artigo 2.º		84	98	71	ue/acordos-internacionais/2005/22005D0502.md
22005D0522	Preâmbulo		18	30	348	ue/acordos-internacionais/2005/22005D0522.md
22005D0522	Artigo 1.º		34	36	32	ue/acordos-internacionais/2005/22005D0522.md
22005D0522	Artigo 2.º		38	40	34	ue/acordos-internacionais/2005/22005D0522.md
22005D0522	Artigo 3.º		42	54	62	ue/acordos-internacionais/2005/22005D0522.md
22005D0522	ANEXO I	«ANEXO I	56	516	20395	ue/acordos-internacionais/2005/22005D0522.md
22005D0522	ANEXO II	«ANEXO II	518	563	886	ue/acordos-internacionais/2005/22005D0522.md
22005D0558	Preâmbulo		18	40	411	ue/acordos-internacionais/2005/22005D0558.md
22005D0558	Artigo 1.º		44	52	86	ue/acordos-internacionais/2005/22005D0558.md
22005D0558	Artigo 2.º		54	70	163	ue/acordos-internacionais/2005/22005D0558.md
22005D0558	ANEXO A		72	349	3376	ue/acordos-internacionais/2005/22005D0558.md
22005D0558	ANEXO B		351	431	721	ue/acordos-internacionais/2005/22005D0558.md
22005D0558	ANEXO C		433	913	6030	ue/acordos-internacionais/2005/22005D0558.md
22005D0559	Preâmbulo		18	34	311	ue/acordos-internacionais/2005/22005D0559.md
22005D0559	Artigo 1.º		38	40	44	ue/acordos-internacionais/2005/22005D0559.md
22005D0559	Artigo 2.º		42	56	92	ue/acordos-internacionais/2005/22005D0559.md
22005D0559	ANEXO		58	62	185	ue/acordos-internacionais/2005/22005D0559.md
22005D0560	Preâmbulo		18	38	415	ue/acordos-internacionais/2005/22005D0560.md
22005D0560	Artigo 1.º		42	44	45	ue/acordos-internacionais/2005/22005D0560.md
22005D0560	Artigo 2.º		46	60	88	ue/acordos-internacionais/2005/22005D0560.md
22005D0560	ANEXO		62	418	3756	ue/acordos-internacionais/2005/22005D0560.md
22005D0612	Preâmbulo		18	24	64	ue/acordos-internacionais/2005/22005D0612.md
22005D0612	Artigo 1.º		28	64	452	ue/acordos-internacionais/2005/22005D0612.md
22005D0612	Artigo 2.º		66	68	18	ue/acordos-internacionais/2005/22005D0612.md
22005D0612	Artigo 3.º		70	86	93	ue/acordos-internacionais/2005/22005D0612.md
22005D0632	Preâmbulo		18	42	636	ue/acordos-internacionais/2005/22005D0632.md
22005D0632	Artigo 1.º		46	48	34	ue/acordos-internacionais/2005/22005D0632.md
22005D0632	Artigo 2.º		50	68	219	ue/acordos-internacionais/2005/22005D0632.md
22005D0632	ANEXO		70	114	949	ue/acordos-internacionais/2005/22005D0632.md
22005D0632	«Artigo 17.º		76	88	330	ue/acordos-internacionais/2005/22005D0632.md
22005D0632	«Artigo 18.º		90	114	593	ue/acordos-internacionais/2005/22005D0632.md
22005D0634	Preâmbulo		18	36	372	ue/acordos-internacionais/2005/22005D0634.md
22005D0634	Artigo único		40	52	90	ue/acordos-internacionais/2005/22005D0634.md
22005D0640	Preâmbulo		18	30	200	ue/acordos-internacionais/2005/22005D0640.md
22005D0640	Artigo 1.º		34	42	161	ue/acordos-internacionais/2005/22005D0640.md
22005D0640	Artigo 2.º		44	54	43	ue/acordos-internacionais/2005/22005D0640.md
22005D0640	ANEXO I		56	80	124	ue/acordos-internacionais/2005/22005D0640.md
22005D0640	ANEXO II		82	794	11114	ue/acordos-internacionais/2005/22005D0640.md
22005D0641	Preâmbulo		18	36	365	ue/acordos-internacionais/2005/22005D0641.md
22005D0641	Artigo único		40	52	89	ue/acordos-internacionais/2005/22005D0641.md
22005D0711	Preâmbulo		18	30	166	ue/acordos-internacionais/2005/22005D0711.md
22005D0711	Artigo 1.º		34	36	66	ue/acordos-internacionais/2005/22005D0711.md
22005D0711	Artigo 2.º		38	80	473	ue/acordos-internacionais/2005/22005D0711.md
22005D0712	Preâmbulo		18	30	151	ue/acordos-internacionais/2005/22005D0712.md
22005D0712	Artigo 1.º		34	36	65	ue/acordos-internacionais/2005/22005D0712.md
22005D0712	Artigo 2.º		38	80	425	ue/acordos-internacionais/2005/22005D0712.md
22005D0757	Preâmbulo		18	36	378	ue/acordos-internacionais/2005/22005D0757.md
22005D0757	Artigo único		40	52	94	ue/acordos-internacionais/2005/22005D0757.md
22005D0867	Preâmbulo		18	30	322	ue/acordos-internacionais/2005/22005D0867.md
22005D0867	Artigo 1.º		34	44	741	ue/acordos-internacionais/2005/22005D0867.md
22005D0867	Artigo 2.º		46	74	203	ue/acordos-internacionais/2005/22005D0867.md
22005D0867	ANEXO		76	114	698	ue/acordos-internacionais/2005/22005D0867.md
22005D0874	Preâmbulo		18	26	104	ue/acordos-internacionais/2005/22005D0874.md
22005D0874	ANEXO		48	70	163	ue/acordos-internacionais/2005/22005D0874.md
22005D0875	Preâmbulo		18	26	105	ue/acordos-internacionais/2005/22005D0875.md
22005D0875	ANEXO		48	59	96	ue/acordos-internacionais/2005/22005D0875.md
22005D0877	Preâmbulo		18	40	606	ue/acordos-internacionais/2005/22005D0877.md
22005D0877	Artigo 1.º		44	48	104	ue/acordos-internacionais/2005/22005D0877.md
22005D0877	Artigo 2.º		50	54	124	ue/acordos-internacionais/2005/22005D0877.md
22005D0877	Artigo 3.º		56	58	62	ue/acordos-internacionais/2005/22005D0877.md
22005D0877	Artigo 4.º		60	62	71	ue/acordos-internacionais/2005/22005D0877.md
22005D0877	Artigo 5.º		64	80	250	ue/acordos-internacionais/2005/22005D0877.md
22005D0877	ANEXO I		82	346	6000	ue/acordos-internacionais/2005/22005D0877.md
22005D0877	ANEXO II		348	648	6517	ue/acordos-internacionais/2005/22005D0877.md
22005D0877	ANEXO III		650	705	1288	ue/acordos-internacionais/2005/22005D0877.md
22005D0877	ANEXO IV		707	788	1885	ue/acordos-internacionais/2005/22005D0877.md
22005D0882	Preâmbulo		18	36	242	ue/acordos-internacionais/2005/22005D0882.md
22005D0882	Artigo 1.º		40	48	85	ue/acordos-internacionais/2005/22005D0882.md
22005D0882	Artigo 2.º		50	66	152	ue/acordos-internacionais/2005/22005D0882.md
22005D0882	ANEXO A		68	124	379	ue/acordos-internacionais/2005/22005D0882.md
22005D0882	ANEXO B		126	143	102	ue/acordos-internacionais/2005/22005D0882.md
22005D0882	ANEXO C		145	421	4351	ue/acordos-internacionais/2005/22005D0882.md
22005D0904	Preâmbulo		18	46	724	ue/acordos-internacionais/2005/22005D0904.md
22005D0904	Artigo 1.º		50	52	63	ue/acordos-internacionais/2005/22005D0904.md
22005D0904	Artigo 2.º		54	260	1096	ue/acordos-internacionais/2005/22005D0904.md
22005D0904	Artigo 1.º	Definições	264	292	626	ue/acordos-internacionais/2005/22005D0904.md
22005D0904	Artigo 2.º	Requisitos gerais	296	312	326	ue/acordos-internacionais/2005/22005D0904.md
22005D0904	Artigo 3.º	Acumulação na Comunidade	314	338	951	ue/acordos-internacionais/2005/22005D0904.md
22005D0904	Artigo 4.º	Acumulação em Marrocos	340	364	942	ue/acordos-internacionais/2005/22005D0904.md
22005D0904	Artigo 5.º	Produtos inteiramente obtidos	366	404	610	ue/acordos-internacionais/2005/22005D0904.md
22005D0904	Artigo 6.º	Produtos objecto de operações de complemento de fabrico ou de transformação suficientes	406	420	423	ue/acordos-internacionais/2005/22005D0904.md
22005D0904	Artigo 7.º	Operações de complemento de fabrico ou de transformação insuficientes	422	458	507	ue/acordos-internacionais/2005/22005D0904.md
22005D0904	Artigo 8.º	Unidade de qualificação	460	470	231	ue/acordos-internacionais/2005/22005D0904.md
22005D0904	Artigo 9.º	Acessórios, peças sobressalentes e ferramentas	472	474	106	ue/acordos-internacionais/2005/22005D0904.md
22005D0904	Artigo 10.º	Sortidos	476	478	110	ue/acordos-internacionais/2005/22005D0904.md
22005D0904	Artigo 11.º	Elementos neutros	480	490	95	ue/acordos-internacionais/2005/22005D0904.md
22005D0904	Artigo 12.º	Princípio da territorialidade	494	528	881	ue/acordos-internacionais/2005/22005D0904.md
22005D0904	Artigo 13.º	Transporte directo	530	550	416	ue/acordos-internacionais/2005/22005D0904.md
22005D0904	Artigo 14.º	Exposições	552	568	411	ue/acordos-internacionais/2005/22005D0904.md
22005D0904	Artigo 15.º	Proibição de draubaque ou de isenção de direitos aduaneiros	572	596	870	ue/acordos-internacionais/2005/22005D0904.md
22005D0904	Artigo 16.º	Requisitos gerais	600	610	284	ue/acordos-internacionais/2005/22005D0904.md
22005D0904	Artigo 17.º	Procedimento para a emissão do certificado de circulação EUR.1 ou EUR-MED	612	650	1199	ue/acordos-internacionais/2005/22005D0904.md
22005D0904	Artigo 18.º	Emissão a posteriori dos certificados de circulação EUR.1 ou EUR-MED	652	676	465	ue/acordos-internacionais/2005/22005D0904.md
22005D0904	Artigo 19.º	Emissão de uma segunda via do certificado de circulação EUR.1 ou EUR-MED	678	688	176	ue/acordos-internacionais/2005/22005D0904.md
22005D0904	Artigo 20.º	Emissão de certificados de circulação EUR.1 ou EUR-MED com base em prova de origem anteriormente emitida ou efectuada	690	692	160	ue/acordos-internacionais/2005/22005D0904.md
22005D0904	Artigo 21.º	Separação de contas	694	706	370	ue/acordos-internacionais/2005/22005D0904.md
22005D0904	Artigo 22.º	Condições para efectuar uma declaração na factura ou uma declaração na factura EUR-MED	708	750	1072	ue/acordos-internacionais/2005/22005D0904.md
22005D0904	Artigo 23.º	Exportador autorizado	752	762	329	ue/acordos-internacionais/2005/22005D0904.md
22005D0904	Artigo 24.º	Prazo de validade da prova de origem	764	770	180	ue/acordos-internacionais/2005/22005D0904.md
22005D0904	Artigo 25.º	Apresentação da prova de origem	772	774	112	ue/acordos-internacionais/2005/22005D0904.md
22005D0904	Artigo 26.º	Importação em remessas escalonadas	776	778	133	ue/acordos-internacionais/2005/22005D0904.md
22005D0904	Artigo 27.º	Isenções da prova de origem	780	786	288	ue/acordos-internacionais/2005/22005D0904.md
22005D0904	Artigo 27.º-A	Declaração do fornecedor	788	806	860	ue/acordos-internacionais/2005/22005D0904.md
22005D0904	Artigo 28.º	Documentos comprovativos	808	822	532	ue/acordos-internacionais/2005/22005D0904.md
22005D0904	Artigo 29.º	Conservação da prova de origem, das declarações do fornecedor e dos documentos comprovativos	824	836	434	ue/acordos-internacionais/2005/22005D0904.md
22005D0904	Artigo 30.º	Discrepâncias e erros formais	838	842	168	ue/acordos-internacionais/2005/22005D0904.md
22005D0904	Artigo 31.º	Montantes expressos em euros	844	854	511	ue/acordos-internacionais/2005/22005D0904.md
22005D0904	Artigo 32.º	Assistência mútua	858	862	228	ue/acordos-internacionais/2005/22005D0904.md
22005D0904	Artigo 33.º	Controlo da prova de origem	864	876	586	ue/acordos-internacionais/2005/22005D0904.md
22005D0904	Artigo 33.º-A	Controlo da declaração do fornecedor	878	888	476	ue/acordos-internacionais/2005/22005D0904.md
22005D0904	Artigo 34.º	Resolução de litígios	890	894	138	ue/acordos-internacionais/2005/22005D0904.md
22005D0904	Artigo 35.º	Sanções	896	898	50	ue/acordos-internacionais/2005/22005D0904.md
22005D0904	Artigo 36.º	Zonas francas	900	904	201	ue/acordos-internacionais/2005/22005D0904.md
22005D0904	Artigo 37.º	Aplicação do protocolo	908	914	212	ue/acordos-internacionais/2005/22005D0904.md
22005D0904	Artigo 38.º	Condições especiais	916	948	500	ue/acordos-internacionais/2005/22005D0904.md
22005D0904	Artigo 39.º	Alterações ao protocolo	952	954	32	ue/acordos-internacionais/2005/22005D0904.md
22005D0904	Artigo 40.º	Disposições transitórias para mercadorias em trânsito ou em depósito	956	960	224	ue/acordos-internacionais/2005/22005D0904.md
22005D0904	ANEXO I	NOTAS INTRODUTÓRIAS DA LISTA DO ANEXO II	962	1141	4265	ue/acordos-internacionais/2005/22005D0904.md
22005D0904	ANEXO II	LISTA DAS OPERAÇÕES DE COMPLEMENTO DE FABRICO OU DE TRANSFORMAÇÃO A EFECTUAR EM MATÉRIAS NÃO ORIGINÁRIAS PARA QUE O PRODUTO TRANSFORMADO POSSA ADQUIRIR A QUALID	1143	1903	44633	ue/acordos-internacionais/2005/22005D0904.md
22005D0904	ANEXO IIIa	MODELOS DE CERTIFICADO DE CIRCULAÇÃO EUR.1 E PEDIDO DE CERTIFICADO DE CIRCULAÇÃO EUR.1	1905	2095	2008	ue/acordos-internacionais/2005/22005D0904.md
22005D0904	ANEXO IIIb	MODELOS DE CERTIFICADO DE CIRCULAÇÃO EUR-MED E PEDIDO DE CERTIFICADO DE CIRCULAÇÃO EUR-MED	2097	2301	2096	ue/acordos-internacionais/2005/22005D0904.md
22005D0904	ANEXO IVa	TEXTO DA DECLARAÇÃO NA FACTURA	2303	2405	1392	ue/acordos-internacionais/2005/22005D0904.md
22005D0904	ANEXO IVb	TEXTO DA DECLARAÇÃO NA FACTURA EUR-MED	2407	2595	1875	ue/acordos-internacionais/2005/22005D0904.md
22005D0904	ANEXO V	DECLARAÇÃO DO FORNECEDOR	2597	2657	1108	ue/acordos-internacionais/2005/22005D0904.md
22005D0904	ANEXO VI	DECLARAÇÃO DO FORNECEDOR DE LONGO PRAZO	2659	2737	1424	ue/acordos-internacionais/2005/22005D0904.md
22005D0916	Preâmbulo		18	26	84	ue/acordos-internacionais/2005/22005D0916.md
22005D0916	ANEXO		48	59	102	ue/acordos-internacionais/2005/22005D0916.md
22005D0917	Preâmbulo		18	26	84	ue/acordos-internacionais/2005/22005D0917.md
22005D0917	ANEXO		48	59	101	ue/acordos-internacionais/2005/22005D0917.md
22005D0939	Preâmbulo		18	30	252	ue/acordos-internacionais/2005/22005D0939.md
22005D0939	Artigo 1.º		36	50	649	ue/acordos-internacionais/2005/22005D0939.md
22005D0939	Artigo 2.º		52	66	256	ue/acordos-internacionais/2005/22005D0939.md
22005D0939	Artigo 3.º		68	74	243	ue/acordos-internacionais/2005/22005D0939.md
22005D0939	Artigo 4.º		76	98	334	ue/acordos-internacionais/2005/22005D0939.md
22005D0939	Artigo 5.º		100	104	158	ue/acordos-internacionais/2005/22005D0939.md
22005D0939	Artigo 6.º		110	142	600	ue/acordos-internacionais/2005/22005D0939.md
22005D0939	Artigo 7.º		144	170	741	ue/acordos-internacionais/2005/22005D0939.md
22005D0939	Artigo 8.º		172	180	186	ue/acordos-internacionais/2005/22005D0939.md
22005D0939	Artigo 9.º		182	190	175	ue/acordos-internacionais/2005/22005D0939.md
22005D0939	Artigo 10.º		192	194	41	ue/acordos-internacionais/2005/22005D0939.md
22005D0939	Artigo 11.º		198	202	154	ue/acordos-internacionais/2005/22005D0939.md
22005D0939	Artigo 12.º		204	208	92	ue/acordos-internacionais/2005/22005D0939.md
22005D0939	Artigo 13.º		210	214	152	ue/acordos-internacionais/2005/22005D0939.md
22005D0939	Artigo 14.º		216	218	68	ue/acordos-internacionais/2005/22005D0939.md
22005D0939	Artigo 15.º		220	222	61	ue/acordos-internacionais/2005/22005D0939.md
22005D0939	Artigo 16.º		224	228	215	ue/acordos-internacionais/2005/22005D0939.md
22005D0939	Artigo 17.º		230	232	64	ue/acordos-internacionais/2005/22005D0939.md
22005D0939	Artigo 18.º		234	236	40	ue/acordos-internacionais/2005/22005D0939.md
22005D0939	Artigo 19.º		238	244	272	ue/acordos-internacionais/2005/22005D0939.md
22005D0939	Artigo 20.º		246	250	110	ue/acordos-internacionais/2005/22005D0939.md
22005D0939	Artigo 21.º		252	256	160	ue/acordos-internacionais/2005/22005D0939.md
22005D0939	Artigo 22.º		258	262	207	ue/acordos-internacionais/2005/22005D0939.md
22005D0939	Artigo 23.º		264	266	68	ue/acordos-internacionais/2005/22005D0939.md
22005D0939	Artigo 24.º		268	274	97	ue/acordos-internacionais/2005/22005D0939.md
22005D0939	Artigo 25.º		276	288	318	ue/acordos-internacionais/2005/22005D0939.md
22005D0939	Artigo 26.º		294	308	296	ue/acordos-internacionais/2005/22005D0939.md
22005D0939	Artigo 27.º		310	336	408	ue/acordos-internacionais/2005/22005D0939.md
22005D0939	Artigo 28.º		338	342	139	ue/acordos-internacionais/2005/22005D0939.md
22005D0939	Artigo 29.º		344	354	228	ue/acordos-internacionais/2005/22005D0939.md
22005D0939	Artigo 30.º		358	362	104	ue/acordos-internacionais/2005/22005D0939.md
22005D0939	Artigo 31.º		364	368	147	ue/acordos-internacionais/2005/22005D0939.md
22005D0939	Artigo 32.º		370	378	288	ue/acordos-internacionais/2005/22005D0939.md
22005D0939	Artigo 33.º		380	386	148	ue/acordos-internacionais/2005/22005D0939.md
22005D0939	Artigo 34.º		390	406	424	ue/acordos-internacionais/2005/22005D0939.md
22005D0939	Artigo 35.º		408	418	98	ue/acordos-internacionais/2005/22005D0939.md
22005D0939	Artigo 36.º		420	426	216	ue/acordos-internacionais/2005/22005D0939.md
22005D0939	Artigo 37.º		428	436	178	ue/acordos-internacionais/2005/22005D0939.md
22005D0939	Artigo 38.º		442	450	162	ue/acordos-internacionais/2005/22005D0939.md
22005D0939	Artigo 39.º		452	460	283	ue/acordos-internacionais/2005/22005D0939.md
22005D0939	Artigo 40.º		464	468	165	ue/acordos-internacionais/2005/22005D0939.md
22005D0939	Artigo 41.º		470	476	269	ue/acordos-internacionais/2005/22005D0939.md
22005D0939	Artigo 42.º		478	480	99	ue/acordos-internacionais/2005/22005D0939.md
22005D0939	Artigo 43.º		482	484	87	ue/acordos-internacionais/2005/22005D0939.md
22005D0939	Artigo 44.º		486	498	408	ue/acordos-internacionais/2005/22005D0939.md
22005D0939	Artigo 45.º		502	504	18	ue/acordos-internacionais/2005/22005D0939.md
22005D0939	Artigo 46.º		508	514	115	ue/acordos-internacionais/2005/22005D0939.md
22005D0939	Artigo 47.º		516	518	20	ue/acordos-internacionais/2005/22005D0939.md
22005D0939	Artigo 48.º		520	522	54	ue/acordos-internacionais/2005/22005D0939.md
22005D0939	Artigo 49.º		524	526	37	ue/acordos-internacionais/2005/22005D0939.md
22005D0939	Artigo 50.º		528	540	212	ue/acordos-internacionais/2005/22005D0939.md
22005D0939	Artigo 51.º		542	544	60	ue/acordos-internacionais/2005/22005D0939.md
22005D0939	Artigo 52.º		546	548	114	ue/acordos-internacionais/2005/22005D0939.md
22005D0939	Artigo 53.º		550	556	206	ue/acordos-internacionais/2005/22005D0939.md
22005D0939	Artigo 54.º		558	560	75	ue/acordos-internacionais/2005/22005D0939.md
22005D0939	Artigo 55.º		564	584	151	ue/acordos-internacionais/2005/22005D0939.md
22005D0939	Artigo 56.º		586	590	179	ue/acordos-internacionais/2005/22005D0939.md
22005D0939	Artigo 57.º		592	604	428	ue/acordos-internacionais/2005/22005D0939.md
22005D0939	Artigo 58.º		606	614	181	ue/acordos-internacionais/2005/22005D0939.md
22005D0939	Artigo 59.º		618	624	172	ue/acordos-internacionais/2005/22005D0939.md
22005D0939	Artigo 60.º		632	640	332	ue/acordos-internacionais/2005/22005D0939.md
22005D0939	Artigo 61.º		642	646	112	ue/acordos-internacionais/2005/22005D0939.md
22005D0939	Artigo 62.º		648	652	152	ue/acordos-internacionais/2005/22005D0939.md
22005D0939	Artigo 63.º		656	660	180	ue/acordos-internacionais/2005/22005D0939.md
22005D0939	Artigo 64.º		664	674	286	ue/acordos-internacionais/2005/22005D0939.md
22005D0939	Artigo 65.º		678	684	120	ue/acordos-internacionais/2005/22005D0939.md
22005D0939	Artigo 66.º		688	708	677	ue/acordos-internacionais/2005/22005D0939.md
22005D0939	Artigo 67.º		710	724	399	ue/acordos-internacionais/2005/22005D0939.md
22005D0939	Artigo 68.º		728	732	77	ue/acordos-internacionais/2005/22005D0939.md
22005D0939	Artigo 69.º		734	744	92	ue/acordos-internacionais/2005/22005D0939.md
22005D0939	Artigo 70.º		746	748	60	ue/acordos-internacionais/2005/22005D0939.md
22005D0939	Artigo 71.º		750	752	92	ue/acordos-internacionais/2005/22005D0939.md
22005D0939	Artigo 72.º		754	756	49	ue/acordos-internacionais/2005/22005D0939.md
22005D0939	Artigo 73.º		760	762	53	ue/acordos-internacionais/2005/22005D0939.md
22005D0939	Artigo 74.º		766	768	75	ue/acordos-internacionais/2005/22005D0939.md
22005D0939	Artigo 75.º		772	774	32	ue/acordos-internacionais/2005/22005D0939.md
22005D0939	Artigo 76.º		776	788	81	ue/acordos-internacionais/2005/22005D0939.md
22005D0939	ANEXO I DO ESTATUTO DO PESSOAL	CENTRO DE DESENVOLVIMENTO EMPRESARIAL (CDE)	790	880	1124	ue/acordos-internacionais/2005/22005D0939.md
22005D0939	ANEXO A DO ANEXO I	FICHA ADMINISTRATIVA	882	910	100	ue/acordos-internacionais/2005/22005D0939.md
22005D0939	ANEXO B DO ANEXO I	FICHA FAMILIAR	912	931	96	ue/acordos-internacionais/2005/22005D0939.md
22005D0939	ANEXO II DO ESTATUTO DO PESSOAL	TABELA DOS VENCIMENTOS DE BASE MENSAIS BRUTOS (EM EUROS)	933	951	382	ue/acordos-internacionais/2005/22005D0939.md
22005D0939	ANEXO III DO ESTATUTO DO PESSOAL	Condições e processo de aplicação do imposto estabelecido em proveito do Centro	953	1014	1236	ue/acordos-internacionais/2005/22005D0939.md
22005D0939	ANEXO IV DO ESTATUTO DO PESSOAL	CONCILIAÇÃO	1016	1088	1538	ue/acordos-internacionais/2005/22005D0939.md
22005D0939	Artigo 1.º	Âmbito de aplicação	1018	1020	62	ue/acordos-internacionais/2005/22005D0939.md
22005D0939	Artigo 2.º	Definições	1022	1048	311	ue/acordos-internacionais/2005/22005D0939.md
22005D0939	Artigo 3.º	Notificação e cálculo dos prazos	1050	1054	246	ue/acordos-internacionais/2005/22005D0939.md
22005D0939	Artigo 4.º	Conciliação	1056	1088	905	ue/acordos-internacionais/2005/22005D0939.md
22005D0939	ANEXO V DO ESTATUTO DO PESSOAL	Composição e regras de funcionamento dos órgãos previstos no artigo 4.º do estatuto do Pessoal	1090	1114	440	ue/acordos-internacionais/2005/22005D0939.md
22005D0955	Preâmbulo		18	34	344	ue/acordos-internacionais/2005/22005D0955.md
22005D0955	Artigo 1.º		38	40	31	ue/acordos-internacionais/2005/22005D0955.md
22005D0955	Artigo 2.º		42	44	74	ue/acordos-internacionais/2005/22005D0955.md
22005D0955	Artigo 3.º		46	66	102	ue/acordos-internacionais/2005/22005D0955.md
22005D0955	ANEXO 1		68	246	4450	ue/acordos-internacionais/2005/22005D0955.md
22005D0955	ANEXO 2		248	322	2123	ue/acordos-internacionais/2005/22005D0955.md
22005D0956	Preâmbulo		18	36	320	ue/acordos-internacionais/2005/22005D0956.md
22005D0956	Artigo 1.º		40	42	49	ue/acordos-internacionais/2005/22005D0956.md
22005D0956	Artigo 2.º		44	62	80	ue/acordos-internacionais/2005/22005D0956.md
22005D0956	ANEXO	«APÊNDICE 1	64	90	875	ue/acordos-internacionais/2005/22005D0956.md
22005D0961	Preâmbulo		18	24	64	ue/acordos-internacionais/2005/22005D0961.md
22005D0961	Artigo 1.º		28	46	369	ue/acordos-internacionais/2005/22005D0961.md
22005D0961	Artigo 2.º		48	60	568	ue/acordos-internacionais/2005/22005D0961.md
22005D0961	Artigo 3.º		62	70	99	ue/acordos-internacionais/2005/22005D0961.md
22005D0961	Artigo 4.º		72	88	113	ue/acordos-internacionais/2005/22005D0961.md
22005D0962	Preâmbulo		18	40	750	ue/acordos-internacionais/2005/22005D0962.md
22005D0962	Artigo 1.º		44	46	60	ue/acordos-internacionais/2005/22005D0962.md
22005D0962	Artigo 2.º		48	50	100	ue/acordos-internacionais/2005/22005D0962.md
22005D0962	Artigo 3.º		52	54	38	ue/acordos-internacionais/2005/22005D0962.md
22005D0962	Artigo 4.º		56	84	177	ue/acordos-internacionais/2005/22005D0962.md
22005D0962	ANEXO		86	98	1329	ue/acordos-internacionais/2005/22005D0962.md
22005D1223(01)	Artigo único		48	60	90	ue/acordos-internacionais/2005/22005D1223(01).md
