celex	unidade	epigrafe	linha_ini	linha_fim	tokens	ficheiro
22022A0318(01)	Preâmbulo		18	44	574	ue/acordos-internacionais/2022/22022A0318(01).md
22022A0318(01)	Artigo 1.º	Âmbito de aplicação	48	52	129	ue/acordos-internacionais/2022/22022A0318(01).md
22022A0318(01)	Artigo 2.º	Definições	54	94	1097	ue/acordos-internacionais/2022/22022A0318(01).md
22022A0318(01)	Artigo 3.º	Início de atividades operacionais	96	104	338	ue/acordos-internacionais/2022/22022A0318(01).md
22022A0318(01)	Artigo 4.º	Plano operacional	106	152	1269	ue/acordos-internacionais/2022/22022A0318(01).md
22022A0318(01)	Artigo 5.º	Comunicação de incidentes	154	158	206	ue/acordos-internacionais/2022/22022A0318(01).md
22022A0318(01)	Artigo 6.º	Antenas	160	192	757	ue/acordos-internacionais/2022/22022A0318(01).md
22022A0318(01)	Artigo 7.º	Agente de coordenação	194	212	507	ue/acordos-internacionais/2022/22022A0318(01).md
22022A0318(01)	Artigo 8.º	Direitos fundamentais	214	228	870	ue/acordos-internacionais/2022/22022A0318(01).md
22022A0318(01)	Artigo 9.º	Agentes de controlo dos direitos fundamentais	230	248	447	ue/acordos-internacionais/2022/22022A0318(01).md
22022A0318(01)	Artigo 10.º	Membros das equipas	250	290	1445	ue/acordos-internacionais/2022/22022A0318(01).md
22022A0318(01)	Artigo 11.º	Privilégios e imunidades de bens, fundos, ativos e operações da Agência	292	304	332	ue/acordos-internacionais/2022/22022A0318(01).md
22022A0318(01)	Artigo 12.º	Privilégios e imunidades dos membros das equipas	306	350	1586	ue/acordos-internacionais/2022/22022A0318(01).md
22022A0318(01)	Artigo 13.º	Membros das equipas feridos ou falecidos	352	358	160	ue/acordos-internacionais/2022/22022A0318(01).md
22022A0318(01)	Artigo 14.º	Documentos de acreditação	360	370	321	ue/acordos-internacionais/2022/22022A0318(01).md
22022A0318(01)	Artigo 15.º	Aplicação ao pessoal da Agência não destacado como membro das equipas	372	374	94	ue/acordos-internacionais/2022/22022A0318(01).md
22022A0318(01)	Artigo 16.º	Proteção de dados pessoais	376	474	1587	ue/acordos-internacionais/2022/22022A0318(01).md
22022A0318(01)	Artigo 17.º	Intercâmbio de informações classificadas e de informações sensíveis não classificadas	476	488	316	ue/acordos-internacionais/2022/22022A0318(01).md
22022A0318(01)	Artigo 18.º	Decisão de Retirada do Financiamento e/ou Suspensão ou Cessação de uma Atividade Operacional	490	502	492	ue/acordos-internacionais/2022/22022A0318(01).md
22022A0318(01)	Artigo 19.º	Luta contra a fraude	504	508	236	ue/acordos-internacionais/2022/22022A0318(01).md
22022A0318(01)	Artigo 20.º	Implementação do presente Acordo	510	514	54	ue/acordos-internacionais/2022/22022A0318(01).md
22022A0318(01)	Artigo 21.º	Resolução de litígios	516	520	100	ue/acordos-internacionais/2022/22022A0318(01).md
22022A0318(01)	Artigo 22.º	Entrada em vigor, aplicação provisória, alteração, duração, suspensão e cessação da vigência do Acordo	522	596	1046	ue/acordos-internacionais/2022/22022A0318(01).md
22022A0323(01)	Preâmbulo		18	56	1443	ue/acordos-internacionais/2022/22022A0323(01).md
22022A0323(01)	Artigo 1.º	Âmbito de aplicação da associação	60	64	253	ue/acordos-internacionais/2022/22022A0323(01).md
22022A0323(01)	Artigo 2.º	Termos e condições de participação no Programa Horizonte Europa e no Programa Euratom	66	100	1743	ue/acordos-internacionais/2022/22022A0323(01).md
22022A0323(01)	Artigo 3.º	Contribuição financeira	102	128	1095	ue/acordos-internacionais/2022/22022A0323(01).md
22022A0323(01)	Artigo 4.º	Regras de aplicação do mecanismo de correção automática da contribuição operacional da Ucrânia para o programa Horizonte Europa	130	144	564	ue/acordos-internacionais/2022/22022A0323(01).md
22022A0323(01)	Artigo 5.º	Reciprocidade	146	152	251	ue/acordos-internacionais/2022/22022A0323(01).md
22022A0323(01)	Artigo 6.º	Ciência aberta	154	156	62	ue/acordos-internacionais/2022/22022A0323(01).md
22022A0323(01)	Artigo 7.º	Acompanhamento, avaliação e comunicação de informações	158	162	172	ue/acordos-internacionais/2022/22022A0323(01).md
22022A0323(01)	Artigo 8.º	Comité Misto de Investigação e Inovação UE/Euratom-Ucrânia	164	192	649	ue/acordos-internacionais/2022/22022A0323(01).md
22022A0323(01)	Artigo 9.º	Disposições finais	194	270	2427	ue/acordos-internacionais/2022/22022A0323(01).md
22022A0323(01)	ANEXO I		272	320	2973	ue/acordos-internacionais/2022/22022A0323(01).md
22022A0323(01)	ANEXO II		322	346	342	ue/acordos-internacionais/2022/22022A0323(01).md
22022A0323(01)	ANEXO III		348	402	2195	ue/acordos-internacionais/2022/22022A0323(01).md
22022A0323(01)	Artigo 1.º	Exames e auditorias	354	362	556	ue/acordos-internacionais/2022/22022A0323(01).md
22022A0323(01)	Artigo 2.º	Combate às irregularidades, à fraude e a outras infrações penais que afetem os interesses financeiros da União	364	390	1024	ue/acordos-internacionais/2022/22022A0323(01).md
22022A0323(01)	Artigo 3.º	Recuperação e execução	392	398	379	ue/acordos-internacionais/2022/22022A0323(01).md
22022A0323(01)	Artigo 4.º	Comunicação e intercâmbio de informações	400	402	212	ue/acordos-internacionais/2022/22022A0323(01).md
22022A0323(02)	Preâmbulo		18	46	1058	ue/acordos-internacionais/2022/22022A0323(02).md
22022A0323(02)	Artigo 1.º	Âmbito de aplicação da associação	50	54	197	ue/acordos-internacionais/2022/22022A0323(02).md
22022A0323(02)	Artigo 2.º	Termos e condições de participação no Programa Horizonte Europa	56	90	1752	ue/acordos-internacionais/2022/22022A0323(02).md
22022A0323(02)	Artigo 3.º	Contribuição financeira	92	118	1092	ue/acordos-internacionais/2022/22022A0323(02).md
22022A0323(02)	Artigo 4.º	Mecanismo de correção automática	120	132	478	ue/acordos-internacionais/2022/22022A0323(02).md
22022A0323(02)	Artigo 5.º	Reciprocidade	134	140	188	ue/acordos-internacionais/2022/22022A0323(02).md
22022A0323(02)	Artigo 6.º	Ciência aberta	142	144	64	ue/acordos-internacionais/2022/22022A0323(02).md
22022A0323(02)	Artigo 7.º	Acompanhamento, avaliação e comunicação de informações	146	150	180	ue/acordos-internacionais/2022/22022A0323(02).md
22022A0323(02)	Artigo 8.º	Comité Misto de Investigação e Inovação UE-República da Moldávia	152	180	670	ue/acordos-internacionais/2022/22022A0323(02).md
22022A0323(02)	Artigo 9.º	Disposições finais	182	260	2109	ue/acordos-internacionais/2022/22022A0323(02).md
22022A0323(02)	ANEXO I		262	308	2966	ue/acordos-internacionais/2022/22022A0323(02).md
22022A0323(02)	ANEXO II		310	322	100	ue/acordos-internacionais/2022/22022A0323(02).md
22022A0323(02)	ANEXO III		324	378	2256	ue/acordos-internacionais/2022/22022A0323(02).md
22022A0323(02)	Artigo 1.º	Exames e auditorias	330	338	571	ue/acordos-internacionais/2022/22022A0323(02).md
22022A0323(02)	Artigo 2.º	Combate às irregularidades, à fraude e a outras infrações penais que afetem os interesses financeiros da União	340	366	1039	ue/acordos-internacionais/2022/22022A0323(02).md
22022A0323(02)	Artigo 3.º	Recuperação e execução	368	374	402	ue/acordos-internacionais/2022/22022A0323(02).md
22022A0323(02)	Artigo 4.º	Comunicação e intercâmbio de informações	376	378	219	ue/acordos-internacionais/2022/22022A0323(02).md
22022A0323(03)	Preâmbulo		18	48	995	ue/acordos-internacionais/2022/22022A0323(03).md
22022A0323(03)	Artigo 1.º	Âmbito de aplicação da associação	52	56	194	ue/acordos-internacionais/2022/22022A0323(03).md
22022A0323(03)	Artigo 2.º	Termos e condições de participação no Programa Horizonte Europa	58	90	1524	ue/acordos-internacionais/2022/22022A0323(03).md
22022A0323(03)	Artigo 3.º	Contribuição financeira	92	118	1058	ue/acordos-internacionais/2022/22022A0323(03).md
22022A0323(03)	Artigo 4.º	Mecanismo de correção automática	120	134	456	ue/acordos-internacionais/2022/22022A0323(03).md
22022A0323(03)	Artigo 5.º	Reciprocidade	136	142	185	ue/acordos-internacionais/2022/22022A0323(03).md
22022A0323(03)	Artigo 6.º	Ciência aberta	144	146	64	ue/acordos-internacionais/2022/22022A0323(03).md
22022A0323(03)	Artigo 7.º	Acompanhamento, avaliação e comunicação de informações	148	152	166	ue/acordos-internacionais/2022/22022A0323(03).md
22022A0323(03)	Artigo 8.º	Comité Misto de Investigação e Inovação UE-Turquia	154	182	628	ue/acordos-internacionais/2022/22022A0323(03).md
22022A0323(03)	Artigo 9.º	Disposições finais	184	258	1775	ue/acordos-internacionais/2022/22022A0323(03).md
22022A0323(03)	ANEXO I		260	306	2886	ue/acordos-internacionais/2022/22022A0323(03).md
22022A0323(03)	ANEXO II		308	318	141	ue/acordos-internacionais/2022/22022A0323(03).md
22022A0323(03)	ANEXO III		320	374	2199	ue/acordos-internacionais/2022/22022A0323(03).md
22022A0323(03)	Artigo 1.º	Exames e auditorias	326	334	556	ue/acordos-internacionais/2022/22022A0323(03).md
22022A0323(03)	Artigo 2.º	Combate às irregularidades, à fraude e a outras infrações penais que afetem os interesses financeiros da União	336	362	1027	ue/acordos-internacionais/2022/22022A0323(03).md
22022A0323(03)	Artigo 3.º	Recuperação e execução	364	370	379	ue/acordos-internacionais/2022/22022A0323(03).md
22022A0323(03)	Artigo 4.º	Comunicação e intercâmbio de informações	372	374	212	ue/acordos-internacionais/2022/22022A0323(03).md
22022A0323(04)	Preâmbulo		18	48	1032	ue/acordos-internacionais/2022/22022A0323(04).md
22022A0323(04)	Artigo 1.º	Âmbito de aplicação da associação	52	56	194	ue/acordos-internacionais/2022/22022A0323(04).md
22022A0323(04)	Artigo 2.º	Termos e condições de participação no Programa Horizonte Europa	58	92	1647	ue/acordos-internacionais/2022/22022A0323(04).md
22022A0323(04)	Artigo 3.º	Contribuição financeira	94	120	1068	ue/acordos-internacionais/2022/22022A0323(04).md
22022A0323(04)	Artigo 4.º	Mecanismo de correção automática	122	134	454	ue/acordos-internacionais/2022/22022A0323(04).md
22022A0323(04)	Artigo 5.º	Reciprocidade	136	142	152	ue/acordos-internacionais/2022/22022A0323(04).md
22022A0323(04)	Artigo 6.º	Ciência aberta	144	146	53	ue/acordos-internacionais/2022/22022A0323(04).md
22022A0323(04)	Artigo 7.º	Acompanhamento, avaliação e comunicação de informações	148	152	166	ue/acordos-internacionais/2022/22022A0323(04).md
22022A0323(04)	Artigo 8.º	Comité Misto de Investigação e Inovação UE-Arménia	154	182	629	ue/acordos-internacionais/2022/22022A0323(04).md
22022A0323(04)	Artigo 9.º	Disposições finais	184	254	1926	ue/acordos-internacionais/2022/22022A0323(04).md
22022A0323(04)	ANEXO I		256	302	2880	ue/acordos-internacionais/2022/22022A0323(04).md
22022A0323(04)	ANEXO II		304	310	53	ue/acordos-internacionais/2022/22022A0323(04).md
22022A0323(04)	ANEXO III		312	368	2187	ue/acordos-internacionais/2022/22022A0323(04).md
22022A0323(04)	Artigo 1.º	Exames e auditorias	318	326	553	ue/acordos-internacionais/2022/22022A0323(04).md
22022A0323(04)	Artigo 2.º	Combate às irregularidades, à fraude e a outras infrações penaisque afetem os interesses financeiros da União	328	354	1018	ue/acordos-internacionais/2022/22022A0323(04).md
22022A0323(04)	Artigo 3.º	Recuperação e execução	356	364	379	ue/acordos-internacionais/2022/22022A0323(04).md
22022A0323(04)	Artigo 4.º	Comunicação e intercâmbio de informações	366	368	212	ue/acordos-internacionais/2022/22022A0323(04).md
22022A0323(05)	Preâmbulo		18	50	1083	ue/acordos-internacionais/2022/22022A0323(05).md
22022A0323(05)	Artigo 1.º	Âmbito de aplicação da associação	54	58	193	ue/acordos-internacionais/2022/22022A0323(05).md
22022A0323(05)	Artigo 2.º	Termos e condições de participação no Programa Horizonte Europa	60	94	1602	ue/acordos-internacionais/2022/22022A0323(05).md
22022A0323(05)	Artigo 3.º	Contribuição financeira	96	122	1056	ue/acordos-internacionais/2022/22022A0323(05).md
22022A0323(05)	Artigo 4.º	Mecanismo de correção automática	124	136	452	ue/acordos-internacionais/2022/22022A0323(05).md
22022A0323(05)	Artigo 5.º	Reciprocidade	138	144	160	ue/acordos-internacionais/2022/22022A0323(05).md
22022A0323(05)	Artigo 6.º	Ciência aberta	146	148	56	ue/acordos-internacionais/2022/22022A0323(05).md
22022A0323(05)	Artigo 7.º	Acompanhamento, avaliação e comunicação de informações	150	154	165	ue/acordos-internacionais/2022/22022A0323(05).md
22022A0323(05)	Artigo 8.º	Comité Misto de Investigação e Inovação UE-Sérvia	156	184	621	ue/acordos-internacionais/2022/22022A0323(05).md
22022A0323(05)	Artigo 9.º	Disposições finais	186	260	2080	ue/acordos-internacionais/2022/22022A0323(05).md
22022A0323(05)	ANEXO I		262	308	2874	ue/acordos-internacionais/2022/22022A0323(05).md
22022A0323(05)	ANEXO II		310	328	144	ue/acordos-internacionais/2022/22022A0323(05).md
22022A0323(05)	ANEXO III		330	384	2199	ue/acordos-internacionais/2022/22022A0323(05).md
22022A0323(05)	Artigo 1.º	Exames e auditorias	336	344	556	ue/acordos-internacionais/2022/22022A0323(05).md
22022A0323(05)	Artigo 2.º	Combate às irregularidades, à fraude e a outras infrações penais que afetem os interesses financeiros da União	346	372	1030	ue/acordos-internacionais/2022/22022A0323(05).md
22022A0323(05)	Artigo 3.º	Recuperação e execução	374	380	377	ue/acordos-internacionais/2022/22022A0323(05).md
22022A0323(05)	Artigo 4.º	Comunicação e intercâmbio de informações	382	384	212	ue/acordos-internacionais/2022/22022A0323(05).md
22022A0323(06)	Preâmbulo		18	50	1088	ue/acordos-internacionais/2022/22022A0323(06).md
22022A0323(06)	Artigo 1.º	Âmbito de aplicação da associação	54	58	204	ue/acordos-internacionais/2022/22022A0323(06).md
22022A0323(06)	Artigo 2.º	Termos e condições de participação no Programa Horizonte Europa	60	94	1690	ue/acordos-internacionais/2022/22022A0323(06).md
22022A0323(06)	Artigo 3.º	Contribuição financeira	96	122	1082	ue/acordos-internacionais/2022/22022A0323(06).md
22022A0323(06)	Artigo 4.º	Mecanismo de correção automática	124	136	486	ue/acordos-internacionais/2022/22022A0323(06).md
22022A0323(06)	Artigo 5.º	Reciprocidade	138	144	193	ue/acordos-internacionais/2022/22022A0323(06).md
22022A0323(06)	Artigo 6.º	Ciência aberta	146	148	59	ue/acordos-internacionais/2022/22022A0323(06).md
22022A0323(06)	Artigo 7.º	Acompanhamento, avaliação e comunicação de informações	150	154	171	ue/acordos-internacionais/2022/22022A0323(06).md
22022A0323(06)	Artigo 8.º	Comité Misto de Investigação e Inovação UE-Bósnia-Herzegovina	156	184	662	ue/acordos-internacionais/2022/22022A0323(06).md
22022A0323(06)	Artigo 9.º	Disposições finais	186	262	2190	ue/acordos-internacionais/2022/22022A0323(06).md
22022A0323(06)	ANEXO I		264	310	2967	ue/acordos-internacionais/2022/22022A0323(06).md
22022A0323(06)	ANEXO II		312	318	68	ue/acordos-internacionais/2022/22022A0323(06).md
22022A0323(06)	ANEXO III		320	374	2290	ue/acordos-internacionais/2022/22022A0323(06).md
22022A0323(06)	Artigo 1.º	Exames e auditorias	326	334	568	ue/acordos-internacionais/2022/22022A0323(06).md
22022A0323(06)	Artigo 2.º	Combate às irregularidades, à fraude e a outras infrações penais que afetem os interesses financeiros da União	336	362	1074	ue/acordos-internacionais/2022/22022A0323(06).md
22022A0323(06)	Artigo 3.º	Recuperação e execução	364	370	405	ue/acordos-internacionais/2022/22022A0323(06).md
22022A0323(06)	Artigo 4.º	Comunicação e intercâmbio de informações	372	374	218	ue/acordos-internacionais/2022/22022A0323(06).md
22022A0323(07)	Preâmbulo		18	50	1038	ue/acordos-internacionais/2022/22022A0323(07).md
22022A0323(07)	Artigo 1.º	Âmbito de aplicação da associação	54	58	193	ue/acordos-internacionais/2022/22022A0323(07).md
22022A0323(07)	Artigo 2.º	Termos e condições de participação no Programa Horizonte Europa	60	96	1604	ue/acordos-internacionais/2022/22022A0323(07).md
22022A0323(07)	Artigo 3.º	Contribuição financeira	98	124	1054	ue/acordos-internacionais/2022/22022A0323(07).md
22022A0323(07)	Artigo 4.º	Mecanismo de correção automática	126	138	452	ue/acordos-internacionais/2022/22022A0323(07).md
22022A0323(07)	Artigo 5.º	Reciprocidade	140	146	182	ue/acordos-internacionais/2022/22022A0323(07).md
22022A0323(07)	Artigo 6.º	Ciência aberta	148	150	61	ue/acordos-internacionais/2022/22022A0323(07).md
22022A0323(07)	Artigo 7.º	Acompanhamento, avaliação e comunicação de informações	152	156	165	ue/acordos-internacionais/2022/22022A0323(07).md
22022A0323(07)	Artigo 8.º	Comité Misto de Investigação e Inovação UE-Kosovo	158	186	627	ue/acordos-internacionais/2022/22022A0323(07).md
22022A0323(07)	Artigo 9.º	Disposições finais	188	262	2037	ue/acordos-internacionais/2022/22022A0323(07).md
22022A0323(07)	ANEXO I		264	310	2876	ue/acordos-internacionais/2022/22022A0323(07).md
22022A0323(07)	ANEXO II		312	348	608	ue/acordos-internacionais/2022/22022A0323(07).md
22022A0323(07)	ANEXO III		350	404	2190	ue/acordos-internacionais/2022/22022A0323(07).md
22022A0323(07)	Artigo 1.º	Exames e auditorias	356	364	556	ue/acordos-internacionais/2022/22022A0323(07).md
22022A0323(07)	Artigo 2.º	Combate às irregularidades, à fraude e a outras infrações penais que afetem os interesses financeiros da União	366	392	1020	ue/acordos-internacionais/2022/22022A0323(07).md
22022A0323(07)	Artigo 3.º	Recuperação e execução	394	400	377	ue/acordos-internacionais/2022/22022A0323(07).md
22022A0323(07)	Artigo 4.º	Comunicação e intercâmbio de informações	402	404	212	ue/acordos-internacionais/2022/22022A0323(07).md
22022A0323(08)	Preâmbulo		18	50	1115	ue/acordos-internacionais/2022/22022A0323(08).md
22022A0323(08)	Artigo 1.º	Âmbito de aplicação da associação	54	58	195	ue/acordos-internacionais/2022/22022A0323(08).md
22022A0323(08)	Artigo 2.º	Termos e condições de participação no Programa Horizonte Europa	60	94	1669	ue/acordos-internacionais/2022/22022A0323(08).md
22022A0323(08)	Artigo 3.º	Contribuição financeira	96	124	1063	ue/acordos-internacionais/2022/22022A0323(08).md
22022A0323(08)	Artigo 4.º	Mecanismo de correção automática	126	138	461	ue/acordos-internacionais/2022/22022A0323(08).md
22022A0323(08)	Artigo 5.º	Reciprocidade	140	146	196	ue/acordos-internacionais/2022/22022A0323(08).md
22022A0323(08)	Artigo 6.º	Ciência aberta	148	150	62	ue/acordos-internacionais/2022/22022A0323(08).md
22022A0323(08)	Artigo 7.º	Acompanhamento, avaliação e comunicação de informações	152	156	167	ue/acordos-internacionais/2022/22022A0323(08).md
22022A0323(08)	Artigo 8.º	Comité Misto de Investigação e Inovação UE-Montenegro	158	186	657	ue/acordos-internacionais/2022/22022A0323(08).md
22022A0323(08)	Artigo 9.º	Disposições finais	188	262	2102	ue/acordos-internacionais/2022/22022A0323(08).md
22022A0323(08)	ANEXO I		264	310	2903	ue/acordos-internacionais/2022/22022A0323(08).md
22022A0323(08)	ANEXO II		312	324	128	ue/acordos-internacionais/2022/22022A0323(08).md
22022A0323(08)	ANEXO III		326	380	2219	ue/acordos-internacionais/2022/22022A0323(08).md
22022A0323(08)	Artigo 1.º	Exames e auditorias	332	340	560	ue/acordos-internacionais/2022/22022A0323(08).md
22022A0323(08)	Artigo 2.º	Combate às irregularidades, à fraude e a outras infrações penais que afetem os interesses financeiros da União	342	368	1036	ue/acordos-internacionais/2022/22022A0323(08).md
22022A0323(08)	Artigo 3.º	Recuperação e execução	370	376	384	ue/acordos-internacionais/2022/22022A0323(08).md
22022A0323(08)	Artigo 4.º	Comunicação e intercâmbio de informações	378	380	214	ue/acordos-internacionais/2022/22022A0323(08).md
22022A0323(09)	Preâmbulo		18	50	1157	ue/acordos-internacionais/2022/22022A0323(09).md
22022A0323(09)	Artigo 1.º	Âmbito de aplicação da associação	54	58	199	ue/acordos-internacionais/2022/22022A0323(09).md
22022A0323(09)	Artigo 2.º	Termos e condições de participação no Programa Horizonte Europa	60	94	1757	ue/acordos-internacionais/2022/22022A0323(09).md
22022A0323(09)	Artigo 3.º	Contribuição financeira	96	122	1074	ue/acordos-internacionais/2022/22022A0323(09).md
22022A0323(09)	Artigo 4.º	Mecanismo de correção automática	124	136	479	ue/acordos-internacionais/2022/22022A0323(09).md
22022A0323(09)	Artigo 5.º	Reciprocidade	138	144	216	ue/acordos-internacionais/2022/22022A0323(09).md
22022A0323(09)	Artigo 6.º	Ciência aberta	146	148	64	ue/acordos-internacionais/2022/22022A0323(09).md
22022A0323(09)	Artigo 7.º	Acompanhamento, avaliação e comunicação de informações	150	154	171	ue/acordos-internacionais/2022/22022A0323(09).md
22022A0323(09)	Artigo 8.º	Comité Misto de Investigação e Inovação UE-Macedónia do Norte	156	184	676	ue/acordos-internacionais/2022/22022A0323(09).md
22022A0323(09)	Artigo 9.º	Disposições finais	186	260	2158	ue/acordos-internacionais/2022/22022A0323(09).md
22022A0323(09)	ANEXO I		262	308	2974	ue/acordos-internacionais/2022/22022A0323(09).md
22022A0323(09)	ANEXO II		310	332	421	ue/acordos-internacionais/2022/22022A0323(09).md
22022A0323(09)	ANEXO III		334	388	2279	ue/acordos-internacionais/2022/22022A0323(09).md
22022A0323(09)	Artigo 1.º	Exames e auditorias	340	348	568	ue/acordos-internacionais/2022/22022A0323(09).md
22022A0323(09)	Artigo 2.º	Combate às irregularidades, à fraude e a outras infrações penais que afetem os interesses financeiros da União	350	376	1071	ue/acordos-internacionais/2022/22022A0323(09).md
22022A0323(09)	Artigo 3.º	Recuperação e execução	378	384	398	ue/acordos-internacionais/2022/22022A0323(09).md
22022A0323(09)	Artigo 4.º	Comunicação e intercâmbio de informações	386	388	218	ue/acordos-internacionais/2022/22022A0323(09).md
22022A0323(10)	Preâmbulo		18	48	1029	ue/acordos-internacionais/2022/22022A0323(10).md
22022A0323(10)	Artigo 1.º	Âmbito de aplicação da associação	52	56	193	ue/acordos-internacionais/2022/22022A0323(10).md
22022A0323(10)	Artigo 2.º	Termos e condições de participação no Programa Horizonte Europa	58	90	1504	ue/acordos-internacionais/2022/22022A0323(10).md
22022A0323(10)	Artigo 3.º	Contribuição financeira	92	118	1050	ue/acordos-internacionais/2022/22022A0323(10).md
22022A0323(10)	Artigo 4.º	Mecanismo de correção automática	120	134	453	ue/acordos-internacionais/2022/22022A0323(10).md
22022A0323(10)	Artigo 5.º	Reciprocidade	136	142	333	ue/acordos-internacionais/2022/22022A0323(10).md
22022A0323(10)	Artigo 6.º	Ciência aberta	144	146	109	ue/acordos-internacionais/2022/22022A0323(10).md
22022A0323(10)	Artigo 7.º	Acompanhamento, avaliação e comunicação de informações	148	152	164	ue/acordos-internacionais/2022/22022A0323(10).md
22022A0323(10)	Artigo 8.º	Comité Misto de Investigação e Inovação UE-Israel	154	182	637	ue/acordos-internacionais/2022/22022A0323(10).md
22022A0323(10)	Artigo 9.º	Disposições finais	184	258	1936	ue/acordos-internacionais/2022/22022A0323(10).md
22022A0323(10)	ANEXO I		260	306	2867	ue/acordos-internacionais/2022/22022A0323(10).md
22022A0323(10)	ANEXO II		308	344	508	ue/acordos-internacionais/2022/22022A0323(10).md
22022A0323(10)	ANEXO III		346	400	2212	ue/acordos-internacionais/2022/22022A0323(10).md
22022A0323(10)	Artigo 1.º	Exames e auditorias	352	360	554	ue/acordos-internacionais/2022/22022A0323(10).md
22022A0323(10)	Artigo 2.º	Combate às irregularidades, à fraude e a outras infrações penais que afetem os interesses financeiros da União	362	388	1021	ue/acordos-internacionais/2022/22022A0323(10).md
22022A0323(10)	Artigo 3.º	Recuperação e execução	390	396	400	ue/acordos-internacionais/2022/22022A0323(10).md
22022A0323(10)	Artigo 4.º	Comunicação e intercâmbio de informações	398	400	212	ue/acordos-internacionais/2022/22022A0323(10).md
22022A0323(11)	Preâmbulo		18	48	1031	ue/acordos-internacionais/2022/22022A0323(11).md
22022A0323(11)	Artigo 1.º	Âmbito de aplicação da associação	52	56	194	ue/acordos-internacionais/2022/22022A0323(11).md
22022A0323(11)	Artigo 2.º	Termos e condições de participação no Programa Horizonte Europa	58	92	1659	ue/acordos-internacionais/2022/22022A0323(11).md
22022A0323(11)	Artigo 3.º	Contribuição financeira	94	120	1025	ue/acordos-internacionais/2022/22022A0323(11).md
22022A0323(11)	Artigo 4.º	Mecanismo de correção automática	122	134	455	ue/acordos-internacionais/2022/22022A0323(11).md
22022A0323(11)	Artigo 5.º	Reciprocidade	136	142	161	ue/acordos-internacionais/2022/22022A0323(11).md
22022A0323(11)	Artigo 6.º	Ciência aberta	144	146	56	ue/acordos-internacionais/2022/22022A0323(11).md
22022A0323(11)	Artigo 7.º	Acompanhamento, avaliação e comunicação de informações	148	152	166	ue/acordos-internacionais/2022/22022A0323(11).md
22022A0323(11)	Artigo 8.º	Comité Misto de Investigação e Inovação UE-Geórgia	154	182	625	ue/acordos-internacionais/2022/22022A0323(11).md
22022A0323(11)	Artigo 9.º	Disposições finais	184	256	2000	ue/acordos-internacionais/2022/22022A0323(11).md
22022A0323(11)	ANEXO I		258	304	2876	ue/acordos-internacionais/2022/22022A0323(11).md
22022A0323(11)	ANEXO II		306	316	154	ue/acordos-internacionais/2022/22022A0323(11).md
22022A0323(11)	ANEXO III		318	372	2196	ue/acordos-internacionais/2022/22022A0323(11).md
22022A0323(11)	Artigo 1.º	Exames e auditorias	324	332	557	ue/acordos-internacionais/2022/22022A0323(11).md
22022A0323(11)	Artigo 2.º	Combate às irregularidades, à fraude e a outras infrações penais que afetem os interesses financeiros da União	334	360	1024	ue/acordos-internacionais/2022/22022A0323(11).md
22022A0323(11)	Artigo 3.º	Recuperação e execução	362	368	378	ue/acordos-internacionais/2022/22022A0323(11).md
22022A0323(11)	Artigo 4.º	Comunicação e intercâmbio de informações	370	372	212	ue/acordos-internacionais/2022/22022A0323(11).md
22022A0323(12)	Preâmbulo		18	50	1096	ue/acordos-internacionais/2022/22022A0323(12).md
22022A0323(12)	Artigo 1.º	Âmbito de aplicação da associação	54	58	194	ue/acordos-internacionais/2022/22022A0323(12).md
22022A0323(12)	Artigo 2.º	Termos e condições de participação no Programa Horizonte Europa	60	92	1619	ue/acordos-internacionais/2022/22022A0323(12).md
22022A0323(12)	Artigo 3.º	Contribuição financeira	94	120	1059	ue/acordos-internacionais/2022/22022A0323(12).md
22022A0323(12)	Artigo 4.º	Mecanismo de correção automática	122	134	454	ue/acordos-internacionais/2022/22022A0323(12).md
22022A0323(12)	Artigo 5.º	Reciprocidade	136	142	162	ue/acordos-internacionais/2022/22022A0323(12).md
22022A0323(12)	Artigo 6.º	Ciência aberta	144	146	56	ue/acordos-internacionais/2022/22022A0323(12).md
22022A0323(12)	Artigo 7.º	Acompanhamento, avaliação e comunicação de informações	148	152	166	ue/acordos-internacionais/2022/22022A0323(12).md
22022A0323(12)	Artigo 8.º	Comité Misto de Investigação e Inovação UE-Albânia	154	182	632	ue/acordos-internacionais/2022/22022A0323(12).md
22022A0323(12)	Artigo 9.º	Disposições finais	184	254	1831	ue/acordos-internacionais/2022/22022A0323(12).md
22022A0323(12)	ANEXO I		256	302	2881	ue/acordos-internacionais/2022/22022A0323(12).md
22022A0323(12)	ANEXO II		304	310	70	ue/acordos-internacionais/2022/22022A0323(12).md
22022A0323(12)	ANEXO III		312	366	2204	ue/acordos-internacionais/2022/22022A0323(12).md
22022A0323(12)	Artigo 1.º	Exames e auditorias	318	326	556	ue/acordos-internacionais/2022/22022A0323(12).md
22022A0323(12)	Artigo 2.º	Combate às irregularidades, à fraude e a outras infrações penais que afetem os interesses financeiros da União	328	354	1025	ue/acordos-internacionais/2022/22022A0323(12).md
22022A0323(12)	Artigo 3.º	Recuperação e execução	356	362	386	ue/acordos-internacionais/2022/22022A0323(12).md
22022A0323(12)	Artigo 4.º	Comunicação e intercâmbio de informações	364	366	212	ue/acordos-internacionais/2022/22022A0323(12).md
22022A0411(01)	Preâmbulo		18	44	493	ue/acordos-internacionais/2022/22022A0411(01).md
22022A0411(01)	Artigo 1.º		48	69	424	ue/acordos-internacionais/2022/22022A0411(01).md
22022A0411(01)	Artigo 2.º		71	133	1028	ue/acordos-internacionais/2022/22022A0411(01).md
22022A0411(02)	Preâmbulo		18	44	487	ue/acordos-internacionais/2022/22022A0411(02).md
22022A0411(02)	Artigo 1.º		48	69	391	ue/acordos-internacionais/2022/22022A0411(02).md
22022A0411(02)	Artigo 2.º		71	133	1022	ue/acordos-internacionais/2022/22022A0411(02).md
22022A0607(01)	Preâmbulo		18	54	1094	ue/acordos-internacionais/2022/22022A0607(01).md
22022A0607(01)	Artigo 1.º	Objeto	58	60	40	ue/acordos-internacionais/2022/22022A0607(01).md
22022A0607(01)	Artigo 2.º	Definições	62	78	553	ue/acordos-internacionais/2022/22022A0607(01).md
22022A0607(01)	Artigo 3.º	Estabelecimento da participação	80	96	586	ue/acordos-internacionais/2022/22022A0607(01).md
22022A0607(01)	Artigo 4.º	Cumprimento das regras do programa ou da atividade	98	108	270	ue/acordos-internacionais/2022/22022A0607(01).md
22022A0607(01)	Artigo 5.º	Participação das Ilhas Faroé na governação de programas ou atividades da União	110	118	567	ue/acordos-internacionais/2022/22022A0607(01).md
22022A0607(01)	Artigo 6.º	Condições financeiras	120	160	847	ue/acordos-internacionais/2022/22022A0607(01).md
22022A0607(01)	Artigo 7.º	Programa e atividades aos quais se aplica um mecanismo de ajustamento	162	174	647	ue/acordos-internacionais/2022/22022A0607(01).md
22022A0607(01)	Artigo 8.º	Programas da União e atividades aos quais se aplica um mecanismo de correção automática	176	182	376	ue/acordos-internacionais/2022/22022A0607(01).md
22022A0607(01)	Artigo 9.º	Avaliações e auditorias	184	192	598	ue/acordos-internacionais/2022/22022A0607(01).md
22022A0607(01)	Artigo 10.º	Luta contra as irregularidades, a fraude e outras infrações penais lesivas dos interesses financeiros da União	194	220	1063	ue/acordos-internacionais/2022/22022A0607(01).md
22022A0607(01)	Artigo 11.º	Alterações aos artigos 9.º e 10.º	222	224	64	ue/acordos-internacionais/2022/22022A0607(01).md
22022A0607(01)	Artigo 12.º	Reembolsos e execução	226	232	407	ue/acordos-internacionais/2022/22022A0607(01).md
22022A0607(01)	Artigo 13.º	Comunicação e intercâmbio de informações	234	236	250	ue/acordos-internacionais/2022/22022A0607(01).md
22022A0607(01)	Artigo 14.º	Comité misto	238	272	719	ue/acordos-internacionais/2022/22022A0607(01).md
22022A0607(01)	Artigo 15.º	Disposições finais	274	324	1897	ue/acordos-internacionais/2022/22022A0607(01).md
22022A0607(01)	Artigo 1.º	Âmbito da associação	326	330	208	ue/acordos-internacionais/2022/22022A0607(01).md
22022A0607(01)	Artigo 2.º	Condições adicionais de participação no Programa Horizonte Europa	332	354	1126	ue/acordos-internacionais/2022/22022A0607(01).md
22022A0607(01)	Artigo 3.º	Reciprocidade	356	362	223	ue/acordos-internacionais/2022/22022A0607(01).md
22022A0607(01)	Artigo 4.º	Ciência aberta	364	366	78	ue/acordos-internacionais/2022/22022A0607(01).md
22022A0607(01)	Artigo 5.º	Regras pormenorizadas relativas à contribuição financeira, ao mecanismo de ajustamento e ao mecanismo de correção automática	368	374	166	ue/acordos-internacionais/2022/22022A0607(01).md
22022A0607(01)	Artigo 6.º	Disposições finais	376	396	524	ue/acordos-internacionais/2022/22022A0607(01).md
22022A0607(01)	ANEXO I	Regras que regem a contribuição financeira das Ilhas Faroé para o Programa Horizonte Europa (2021-2027)	398	438	2319	ue/acordos-internacionais/2022/22022A0607(01).md
22022A0607(01)	ANEXO II	Lista dos programas, projetos, ações e atividades equivalentes, ou suas partes, das Ilhas Faroé	440	446	100	ue/acordos-internacionais/2022/22022A0607(01).md
22022A0706(01)	Artigo 1.º	Objetivos	64	70	233	ue/acordos-internacionais/2022/22022A0706(01).md
22022A0706(01)	Artigo 2.º	Âmbito de aplicação	72	76	206	ue/acordos-internacionais/2022/22022A0706(01).md
22022A0706(01)	Artigo 3.º	Definições	78	92	453	ue/acordos-internacionais/2022/22022A0706(01).md
22022A0706(01)	Artigo 4.º	Acesso aos serviços de transporte rodoviário	94	104	213	ue/acordos-internacionais/2022/22022A0706(01).md
22022A0706(01)	Artigo 5.º	Documentos de motorista	106	120	411	ue/acordos-internacionais/2022/22022A0706(01).md
22022A0706(01)	Artigo 5.º-A		122	136	760	ue/acordos-internacionais/2022/22022A0706(01).md
22022A0706(01)	Artigo 5.º-B		138	152	988	ue/acordos-internacionais/2022/22022A0706(01).md
22022A0706(01)	Artigo 5.º-C		154	160	198	ue/acordos-internacionais/2022/22022A0706(01).md
22022A0706(01)	Artigo 5.º-D		162	188	892	ue/acordos-internacionais/2022/22022A0706(01).md
22022A0706(01)	Artigo 5.º-E		190	198	145	ue/acordos-internacionais/2022/22022A0706(01).md
22022A0706(01)	Artigo 6.º	Duração	200	212	333	ue/acordos-internacionais/2022/22022A0706(01).md
22022A0706(01)	Artigo 7.º	Comité Misto	214	234	428	ue/acordos-internacionais/2022/22022A0706(01).md
22022A0706(01)	Artigo 7.º-A		236	252	233	ue/acordos-internacionais/2022/22022A0706(01).md
22022A0706(01)	Artigo 8.º	Resolução de litígios ([^4])	254	256	64	ue/acordos-internacionais/2022/22022A0706(01).md
22022A0706(01)	Artigo 9.º	Cumprimento das obrigações	258	266	254	ue/acordos-internacionais/2022/22022A0706(01).md
22022A0706(01)	Artigo 9.º-A		268	282	520	ue/acordos-internacionais/2022/22022A0706(01).md
22022A0706(01)	Artigo 10.º	Medidas de salvaguarda	284	292	275	ue/acordos-internacionais/2022/22022A0706(01).md
22022A0706(01)	Artigo 11.º	Aplicação territorial	294	298	110	ue/acordos-internacionais/2022/22022A0706(01).md
22022A0706(01)	Artigo 12.º	Denúncia	300	308	368	ue/acordos-internacionais/2022/22022A0706(01).md
22022A0706(01)	Artigo 13.º	Entrada em vigor e aplicação provisória	310	407	1205	ue/acordos-internacionais/2022/22022A0706(01).md
22022A0707(01)	Preâmbulo		18	52	854	ue/acordos-internacionais/2022/22022A0707(01).md
22022A0707(01)	Artigo 1.º	Objetivos	56	60	212	ue/acordos-internacionais/2022/22022A0707(01).md
22022A0707(01)	Artigo 2.º	Âmbito de aplicação	62	64	174	ue/acordos-internacionais/2022/22022A0707(01).md
22022A0707(01)	Artigo 3.º	Definições	66	78	302	ue/acordos-internacionais/2022/22022A0707(01).md
22022A0707(01)	Artigo 4.º	Acesso aos serviços de transporte rodoviário	80	90	213	ue/acordos-internacionais/2022/22022A0707(01).md
22022A0707(01)	Artigo 5.º	Duração	92	96	89	ue/acordos-internacionais/2022/22022A0707(01).md
22022A0707(01)	Artigo 6.º	Comité Misto	98	110	303	ue/acordos-internacionais/2022/22022A0707(01).md
22022A0707(01)	Artigo 7.º	Resolução de litígios [^1]	112	114	64	ue/acordos-internacionais/2022/22022A0707(01).md
22022A0707(01)	Artigo 8.º	Cumprimento das obrigações	116	122	254	ue/acordos-internacionais/2022/22022A0707(01).md
22022A0707(01)	Artigo 9.º	Medidas de salvaguarda	124	132	274	ue/acordos-internacionais/2022/22022A0707(01).md
22022A0707(01)	Artigo 10.º	Aplicação territorial	134	138	172	ue/acordos-internacionais/2022/22022A0707(01).md
22022A0707(01)	Artigo 11.º	Denúncia	140	148	374	ue/acordos-internacionais/2022/22022A0707(01).md
22022A0707(01)	Artigo 12.º	Entrada em vigor e aplicação provisória	150	212	794	ue/acordos-internacionais/2022/22022A0707(01).md
22022A1222(01)	Preâmbulo		17	31	169	ue/acordos-internacionais/2022/22022A1222(01).md
22022A1222(01)	Artigo 1.º	Objetivos	35	37	126	ue/acordos-internacionais/2022/22022A1222(01).md
22022A1222(01)	Artigo 2.º	Abordagem a tomar no caso em apreço em relação aos volumes de contingentes pautais	39	41	154	ue/acordos-internacionais/2022/22022A1222(01).md
22022A1222(01)	Artigo 3.º	Contingentes pautais da União já sem o Reino Unido	43	61	591	ue/acordos-internacionais/2022/22022A1222(01).md
22022A1222(01)	Artigo 4.º	Negociações da União em curso ao abrigo do artigo XXVIII do GATT de 1994	63	67	254	ue/acordos-internacionais/2022/22022A1222(01).md
22022A1222(01)	Artigo 5.º	Disposições finais	69	77	220	ue/acordos-internacionais/2022/22022A1222(01).md
22022A1223(01)	Preâmbulo		17	123	1950	ue/acordos-internacionais/2022/22022A1223(01).md
22022A1223(01)	Artigo 1.º	Princípios gerais	129	139	309	ue/acordos-internacionais/2022/22022A1223(01).md
22022A1223(01)	Artigo 2.º	Objetivos da cooperação	141	165	906	ue/acordos-internacionais/2022/22022A1223(01).md
22022A1223(01)	Artigo 3.º	Armas de destruição maciça	167	179	704	ue/acordos-internacionais/2022/22022A1223(01).md
22022A1223(01)	Artigo 4.º	Armas ligeiras e de pequeno calibre e outras armas convencionais	181	189	584	ue/acordos-internacionais/2022/22022A1223(01).md
22022A1223(01)	Artigo 5.º	Crimes graves de relevância internacional	191	193	102	ue/acordos-internacionais/2022/22022A1223(01).md
22022A1223(01)	Artigo 6.º	Cooperação em matéria de prevenção e luta contra o terrorismo	195	209	574	ue/acordos-internacionais/2022/22022A1223(01).md
22022A1223(01)	Artigo 7.º	Cooperação no âmbito das organizações regionais e internacionais	213	217	217	ue/acordos-internacionais/2022/22022A1223(01).md
22022A1223(01)	Artigo 8.º	Cooperação bilateral e regional	219	223	284	ue/acordos-internacionais/2022/22022A1223(01).md
22022A1223(01)	Artigo 9.º	Princípios gerais	227	235	341	ue/acordos-internacionais/2022/22022A1223(01).md
22022A1223(01)	Artigo 10.º	Questões sanitárias e fitossanitárias	237	249	346	ue/acordos-internacionais/2022/22022A1223(01).md
22022A1223(01)	Artigo 11.º	Sistemas alimentares sustentáveis	251	267	288	ue/acordos-internacionais/2022/22022A1223(01).md
22022A1223(01)	Artigo 12.º	Obstáculos técnicos ao comércio	269	275	235	ue/acordos-internacionais/2022/22022A1223(01).md
22022A1223(01)	Artigo 13.º	Cooperação em matéria aduaneira e de facilitação do comércio	277	281	283	ue/acordos-internacionais/2022/22022A1223(01).md
22022A1223(01)	Artigo 14.º	Medidas anti-dumping	283	287	107	ue/acordos-internacionais/2022/22022A1223(01).md
22022A1223(01)	Artigo 15.º	Investimento	289	291	132	ue/acordos-internacionais/2022/22022A1223(01).md
22022A1223(01)	Artigo 16.º	Política da concorrência	293	297	132	ue/acordos-internacionais/2022/22022A1223(01).md
22022A1223(01)	Artigo 17.º	Serviços	299	301	90	ue/acordos-internacionais/2022/22022A1223(01).md
22022A1223(01)	Artigo 18.º	Direitos de propriedade intelectual	303	309	462	ue/acordos-internacionais/2022/22022A1223(01).md
22022A1223(01)	Artigo 19.º	Comércio digital	311	323	182	ue/acordos-internacionais/2022/22022A1223(01).md
22022A1223(01)	Artigo 20.º	Estado de direito	327	331	138	ue/acordos-internacionais/2022/22022A1223(01).md
22022A1223(01)	Artigo 21.º	Igualdade de género e empoderamento das mulheres e das raparigas	333	339	374	ue/acordos-internacionais/2022/22022A1223(01).md
22022A1223(01)	Artigo 22.º	Proteção dos dados pessoais e da privacidade	341	345	280	ue/acordos-internacionais/2022/22022A1223(01).md
22022A1223(01)	Artigo 23.º	Cooperação judiciária e jurídica	347	353	278	ue/acordos-internacionais/2022/22022A1223(01).md
22022A1223(01)	Artigo 24.º	Proteção consular	355	357	61	ue/acordos-internacionais/2022/22022A1223(01).md
22022A1223(01)	Artigo 25.º	Cooperação em matéria de migração	359	387	1062	ue/acordos-internacionais/2022/22022A1223(01).md
22022A1223(01)	Artigo 26.º	Cooperação humanitária	389	391	201	ue/acordos-internacionais/2022/22022A1223(01).md
22022A1223(01)	Artigo 27.º	Luta contra a criminalidade organizada e a corrupção	393	395	183	ue/acordos-internacionais/2022/22022A1223(01).md
22022A1223(01)	Artigo 28.º	Cooperação em matéria de prevenção e luta contra o branqueamento de capitais e o financiamento do terrorismo	397	403	243	ue/acordos-internacionais/2022/22022A1223(01).md
22022A1223(01)	Artigo 29.º	Cooperação no domínio da política da droga	405	411	560	ue/acordos-internacionais/2022/22022A1223(01).md
22022A1223(01)	Artigo 30.º	Direitos humanos	415	431	376	ue/acordos-internacionais/2022/22022A1223(01).md
22022A1223(01)	Artigo 31.º	Cooperação no setor financeiro	433	435	60	ue/acordos-internacionais/2022/22022A1223(01).md
22022A1223(01)	Artigo 32.º	Diálogo sobre política macroeconómica	437	439	64	ue/acordos-internacionais/2022/22022A1223(01).md
22022A1223(01)	Artigo 33.º	Boa governação no domínio fiscal	441	443	193	ue/acordos-internacionais/2022/22022A1223(01).md
22022A1223(01)	Artigo 34.º	Política industrial e cooperação entre micro, pequenas e médias empresas	445	459	453	ue/acordos-internacionais/2022/22022A1223(01).md
22022A1223(01)	Artigo 35.º	Facilitar a cooperação entre empresas	461	463	44	ue/acordos-internacionais/2022/22022A1223(01).md
22022A1223(01)	Artigo 36.º	Cooperação em matéria de tecnologias da informação e da comunicação	465	487	659	ue/acordos-internacionais/2022/22022A1223(01).md
22022A1223(01)	Artigo 37.º	Cooperação em matéria de ciência, tecnologia e inovação	489	509	762	ue/acordos-internacionais/2022/22022A1223(01).md
22022A1223(01)	Artigo 38.º	Alterações climáticas	511	533	704	ue/acordos-internacionais/2022/22022A1223(01).md
22022A1223(01)	Artigo 39.º	Energia	535	555	558	ue/acordos-internacionais/2022/22022A1223(01).md
22022A1223(01)	Artigo 40.º	Transportes	557	579	877	ue/acordos-internacionais/2022/22022A1223(01).md
22022A1223(01)	Artigo 41.º	Turismo	581	585	276	ue/acordos-internacionais/2022/22022A1223(01).md
22022A1223(01)	Artigo 42.º	Educação e cultura	587	595	539	ue/acordos-internacionais/2022/22022A1223(01).md
22022A1223(01)	Artigo 43.º	Ambiente e recursos naturais	597	627	1027	ue/acordos-internacionais/2022/22022A1223(01).md
22022A1223(01)	Artigo 44.º	Governação dos oceanos	629	647	788	ue/acordos-internacionais/2022/22022A1223(01).md
22022A1223(01)	Artigo 45.º	Agricultura, pecuária, pescas e desenvolvimento rural	649	665	440	ue/acordos-internacionais/2022/22022A1223(01).md
22022A1223(01)	Artigo 46.º	Saúde	667	677	304	ue/acordos-internacionais/2022/22022A1223(01).md
22022A1223(01)	Artigo 47.º	Emprego e assuntos sociais	679	689	640	ue/acordos-internacionais/2022/22022A1223(01).md
22022A1223(01)	Artigo 48.º	Estatísticas	691	693	199	ue/acordos-internacionais/2022/22022A1223(01).md
22022A1223(01)	Artigo 49.º	Sociedade civil	695	697	113	ue/acordos-internacionais/2022/22022A1223(01).md
22022A1223(01)	Artigo 50.º	Recursos para a cooperação	701	705	114	ue/acordos-internacionais/2022/22022A1223(01).md
22022A1223(01)	Artigo 51.º	Cooperação para o desenvolvimento de países terceiros	707	711	167	ue/acordos-internacionais/2022/22022A1223(01).md
22022A1223(01)	Artigo 52.º	Comité Misto	715	735	426	ue/acordos-internacionais/2022/22022A1223(01).md
22022A1223(01)	Artigo 53.º	Cláusula evolutiva	739	743	164	ue/acordos-internacionais/2022/22022A1223(01).md
22022A1223(01)	Artigo 54.º	Outros acordos	745	751	195	ue/acordos-internacionais/2022/22022A1223(01).md
22022A1223(01)	Artigo 55.º	Cumprimento das obrigações	753	767	712	ue/acordos-internacionais/2022/22022A1223(01).md
22022A1223(01)	Artigo 56.º	Facilitação	769	771	81	ue/acordos-internacionais/2022/22022A1223(01).md
22022A1223(01)	Artigo 57.º	Aplicação territorial	773	775	69	ue/acordos-internacionais/2022/22022A1223(01).md
22022A1223(01)	Artigo 58.º	Definição de Partes	777	779	62	ue/acordos-internacionais/2022/22022A1223(01).md
22022A1223(01)	Artigo 59.º	Entrada em vigor e aplicação provisória	781	797	450	ue/acordos-internacionais/2022/22022A1223(01).md
22022A1223(01)	Artigo 60.º	Vigência e denúncia	799	803	166	ue/acordos-internacionais/2022/22022A1223(01).md
22022A1223(01)	Artigo 61.º	Alterações	805	807	68	ue/acordos-internacionais/2022/22022A1223(01).md
22022A1223(01)	Artigo 62.º	Declarações comuns	809	811	28	ue/acordos-internacionais/2022/22022A1223(01).md
22022A1223(01)	Artigo 63.º	Notificações	813	815	58	ue/acordos-internacionais/2022/22022A1223(01).md
22022A1223(01)	Artigo 64.º	Textos que fazem fé	817	851	468	ue/acordos-internacionais/2022/22022A1223(01).md
22022A1230(01)	ARTIGO 1.º	Definições	20	60	870	ue/acordos-internacionais/2022/22022A1230(01).md
22022A1230(01)	ARTIGO 2.º	Objetivo	62	66	84	ue/acordos-internacionais/2022/22022A1230(01).md
22022A1230(01)	ARTIGO 3.º	Duração	68	70	40	ue/acordos-internacionais/2022/22022A1230(01).md
22022A1230(01)	ARTIGO 4.º	Princípios	72	94	827	ue/acordos-internacionais/2022/22022A1230(01).md
22022A1230(01)	ARTIGO 5.º	Possibilidades de pesca	96	106	153	ue/acordos-internacionais/2022/22022A1230(01).md
22022A1230(01)	ARTIGO 6.º	Contribuição financeira	108	134	803	ue/acordos-internacionais/2022/22022A1230(01).md
22022A1230(01)	ARTIGO 7.º	Apoio setorial	136	186	1356	ue/acordos-internacionais/2022/22022A1230(01).md
22022A1230(01)	ARTIGO 8.º	Cooperação científica para uma pesca sustentável	188	194	349	ue/acordos-internacionais/2022/22022A1230(01).md
22022A1230(01)	ARTIGO 9.º	Cooperação regional	196	200	120	ue/acordos-internacionais/2022/22022A1230(01).md
22022A1230(01)	ARTIGO 10.º	Cooperação económica e valorização	202	218	586	ue/acordos-internacionais/2022/22022A1230(01).md
22022A1230(01)	ARTIGO 11.º	Pesca exploratória e novas possibilidades de pesca	220	226	369	ue/acordos-internacionais/2022/22022A1230(01).md
22022A1230(01)	ARTIGO 12.º	Ajustamento das possibilidades de pesca e revisão do presente Protocolo	228	236	404	ue/acordos-internacionais/2022/22022A1230(01).md
22022A1230(01)	ARTIGO 13.º	Suspensão e revisão do pagamento da contribuição financeira	238	262	597	ue/acordos-internacionais/2022/22022A1230(01).md
22022A1230(01)	ARTIGO 14.º	Direito aplicável	264	270	244	ue/acordos-internacionais/2022/22022A1230(01).md
22022A1230(01)	ARTIGO 15.º	Proteção de dados	272	286	323	ue/acordos-internacionais/2022/22022A1230(01).md
22022A1230(01)	ARTIGO 16.º	Intercâmbio eletrónico de dados	288	294	288	ue/acordos-internacionais/2022/22022A1230(01).md
22022A1230(01)	ARTIGO 17.º	Denúncia	296	306	327	ue/acordos-internacionais/2022/22022A1230(01).md
22022A1230(01)	ARTIGO 18.º	Aplicação provisória	308	310	36	ue/acordos-internacionais/2022/22022A1230(01).md
22022A1230(01)	ARTIGO 19.º	Entrada em vigor	312	314	57	ue/acordos-internacionais/2022/22022A1230(01).md
22022A1230(01)	ARTIGO 20.º	Línguas que fazem fé	316	368	571	ue/acordos-internacionais/2022/22022A1230(01).md
22022A1230(01)	ANEXO	CONDIÇÕES DO EXERCÍCIO DAS ATIVIDADES DE PESCA POR NAVIOS DA UNIÃO NAS ÁGUAS MAURICIANAS	370	900	12690	ue/acordos-internacionais/2022/22022A1230(01).md
22022A1230(01)	Apêndice 1	Informações a inserir no pedido de autorização de pesca	902	956	243	ue/acordos-internacionais/2022/22022A1230(01).md
22022A1230(01)	Apêndice 2	Formato da mensagem de posição	958	979	426	ue/acordos-internacionais/2022/22022A1230(01).md
22022A1230(01)	Apêndice 3	Utilização da norma UN/FLUX e da rede UE/FLUX	981	989	302	ue/acordos-internacionais/2022/22022A1230(01).md
22022A1230(01)	Apêndice 4	Diretrizes para a contratação de marinheiros mauricianos em navios da União	991	1009	308	ue/acordos-internacionais/2022/22022A1230(01).md
22022D0122	Preâmbulo		18	24	60	ue/acordos-internacionais/2022/22022D0122.md
22022D0122	Artigo 1.º		28	30	27	ue/acordos-internacionais/2022/22022D0122.md
22022D0122	Artigo 2.º		32	48	294	ue/acordos-internacionais/2022/22022D0122.md
22022D0122	ANEXO		50	745	14099	ue/acordos-internacionais/2022/22022D0122.md
22022D0122	ANEXO A	PROTOCOLO RELATIVO AOS PRIVILÉGIOS E IMUNIDADES DA UNIÃO EUROPEIA	747	919	3222	ue/acordos-internacionais/2022/22022D0122.md
22022D0122	Artigo 1.º		759	761	72	ue/acordos-internacionais/2022/22022D0122.md
22022D0122	Artigo 2.º		763	765	14	ue/acordos-internacionais/2022/22022D0122.md
22022D0122	Artigo 3.º		767	773	180	ue/acordos-internacionais/2022/22022D0122.md
22022D0122	Artigo 4.º		775	783	144	ue/acordos-internacionais/2022/22022D0122.md
22022D0122	Artigo 5.º		785	789	87	ue/acordos-internacionais/2022/22022D0122.md
22022D0122	Artigo 6.º		791	799	177	ue/acordos-internacionais/2022/22022D0122.md
22022D0122	Artigo 7.º		801	809	158	ue/acordos-internacionais/2022/22022D0122.md
22022D0122	Artigo 8.º		811	813	41	ue/acordos-internacionais/2022/22022D0122.md
22022D0122	Artigo 9.º		815	829	186	ue/acordos-internacionais/2022/22022D0122.md
22022D0122	Artigo 10.º		831	839	118	ue/acordos-internacionais/2022/22022D0122.md
22022D0122	Artigo 11.º		841	853	432	ue/acordos-internacionais/2022/22022D0122.md
22022D0122	Artigo 12.º		855	859	141	ue/acordos-internacionais/2022/22022D0122.md
22022D0122	Artigo 13.º		861	867	382	ue/acordos-internacionais/2022/22022D0122.md
22022D0122	Artigo 14.º		869	871	70	ue/acordos-internacionais/2022/22022D0122.md
22022D0122	Artigo 15.º		873	881	161	ue/acordos-internacionais/2022/22022D0122.md
22022D0122	Artigo 16.º		883	889	60	ue/acordos-internacionais/2022/22022D0122.md
22022D0122	Artigo 17.º		891	895	83	ue/acordos-internacionais/2022/22022D0122.md
22022D0122	Artigo 18.º		897	899	42	ue/acordos-internacionais/2022/22022D0122.md
22022D0122	Artigo 19.º		901	903	29	ue/acordos-internacionais/2022/22022D0122.md
22022D0122	Artigo 20.º		905	907	92	ue/acordos-internacionais/2022/22022D0122.md
22022D0122	Artigo 21.º		909	913	192	ue/acordos-internacionais/2022/22022D0122.md
22022D0122	Artigo 22.º		915	919	178	ue/acordos-internacionais/2022/22022D0122.md
22022D0122	Apêndice ao ANEXO A	MODALIDADES DE APLICAÇÃO NA SUÍÇA DO PROTOCOLO RELATIVO AOS PRIVILÉGIOS E IMUNIDADES DA UNIÃO EUROPEIA	921	945	912	ue/acordos-internacionais/2022/22022D0122.md
22022D0122	ANEXO B	CONTROLO FINANCEIRO RELATIVO AOS PARTICIPANTES SUÍÇOS NAS ATIVIDADES DA AGÊNCIA EUROPEIA PARA A SEGURANÇA DA AVIAÇÃO	947	1005	1844	ue/acordos-internacionais/2022/22022D0122.md
22022D0122	Artigo 1.º	Comunicação direta	949	951	168	ue/acordos-internacionais/2022/22022D0122.md
22022D0122	Artigo 2.º	Verificações	953	963	508	ue/acordos-internacionais/2022/22022D0122.md
22022D0122	Artigo 3.º	Inspeções no local	965	975	463	ue/acordos-internacionais/2022/22022D0122.md
22022D0122	Artigo 4.º	Informação e consulta	977	981	142	ue/acordos-internacionais/2022/22022D0122.md
22022D0122	Artigo 5.º	Confidencialidade	983	985	164	ue/acordos-internacionais/2022/22022D0122.md
22022D0122	Artigo 6.º	Medidas e sanções administrativas	987	989	129	ue/acordos-internacionais/2022/22022D0122.md
22022D0122	Artigo 7.º	Reembolsos e execução	991	1005	236	ue/acordos-internacionais/2022/22022D0122.md
22022D0138	Preâmbulo		18	40	574	ue/acordos-internacionais/2022/22022D0138.md
22022D0138	Artigo 1.º		44	52	187	ue/acordos-internacionais/2022/22022D0138.md
22022D0138	Artigo 2.º		54	58	136	ue/acordos-internacionais/2022/22022D0138.md
22022D0138	Artigo 3.º		60	62	62	ue/acordos-internacionais/2022/22022D0138.md
22022D0138	Artigo 4.º		64	82	180	ue/acordos-internacionais/2022/22022D0138.md
22022D0138	ANEXO 1		84	130	775	ue/acordos-internacionais/2022/22022D0138.md
22022D0138	ANEXO 2		132	158	563	ue/acordos-internacionais/2022/22022D0138.md
22022D0138	ANEXO 3		160	186	251	ue/acordos-internacionais/2022/22022D0138.md
22022D0138	ANEXO 4		188	196	99	ue/acordos-internacionais/2022/22022D0138.md
22022D0165	Preâmbulo		18	42	666	ue/acordos-internacionais/2022/22022D0165.md
22022D0165	Artigo 1.º		46	48	91	ue/acordos-internacionais/2022/22022D0165.md
22022D0165	Artigo 2.º		50	66	266	ue/acordos-internacionais/2022/22022D0165.md
22022D0165	ANEXO		68	100	762	ue/acordos-internacionais/2022/22022D0165.md
22022D0165	Artigo 1.º	Regras de origem aplicáveis	72	78	232	ue/acordos-internacionais/2022/22022D0165.md
22022D0165	Artigo 2.º	Regras de origem alternativas aplicáveis	80	84	130	ue/acordos-internacionais/2022/22022D0165.md
22022D0165	Artigo 3.º	Resolução de litígios	86	90	140	ue/acordos-internacionais/2022/22022D0165.md
22022D0165	Artigo 4.º	Alterações ao Protocolo	92	94	31	ue/acordos-internacionais/2022/22022D0165.md
22022D0165	Artigo 5.º	Denúncia da Convenção	96	100	224	ue/acordos-internacionais/2022/22022D0165.md
22022D0165	Apêndice A	REGRAS DE ORIGEM ALTERNATIVAS APLICÁVEIS	102	904	17400	ue/acordos-internacionais/2022/22022D0165.md
22022D0165	Artigo 1.º	Definições	292	336	1101	ue/acordos-internacionais/2022/22022D0165.md
22022D0165	Artigo 2.º	Requisitos gerais	338	344	133	ue/acordos-internacionais/2022/22022D0165.md
22022D0165	Artigo 3.º	Produtos inteiramente obtidos	346	394	658	ue/acordos-internacionais/2022/22022D0165.md
22022D0165	Artigo 4.º	Operações de complemento de fabrico ou de transformação suficientes	396	410	649	ue/acordos-internacionais/2022/22022D0165.md
22022D0165	Artigo 5.º	Regra relativa à tolerância	412	424	348	ue/acordos-internacionais/2022/22022D0165.md
22022D0165	Artigo 6.º	Operações de complemento de fabrico ou de transformação insuficientes	426	466	566	ue/acordos-internacionais/2022/22022D0165.md
22022D0165	Artigo 7.º	Acumulação da origem	468	484	794	ue/acordos-internacionais/2022/22022D0165.md
22022D0165	Artigo 8.º	Condições para a aplicação da acumulação da origem	486	506	495	ue/acordos-internacionais/2022/22022D0165.md
22022D0165	Artigo 9.º	Unidade de qualificação	508	518	309	ue/acordos-internacionais/2022/22022D0165.md
22022D0165	Artigo 10.º	Sortidos	520	524	105	ue/acordos-internacionais/2022/22022D0165.md
22022D0165	Artigo 11.º	Elementos neutros	526	536	93	ue/acordos-internacionais/2022/22022D0165.md
22022D0165	Artigo 12.º	Separação de contas	538	554	460	ue/acordos-internacionais/2022/22022D0165.md
22022D0165	Artigo 13.º	Princípio da territorialidade	556	582	758	ue/acordos-internacionais/2022/22022D0165.md
22022D0165	Artigo 14.º	Não alteração	584	600	490	ue/acordos-internacionais/2022/22022D0165.md
22022D0165	Artigo 15.º	Exposições	602	620	406	ue/acordos-internacionais/2022/22022D0165.md
22022D0165	Artigo 16.º	Draubaque ou isenção de direitos aduaneiros	622	634	405	ue/acordos-internacionais/2022/22022D0165.md
22022D0165	Artigo 17.º	Requisitos gerais	636	652	587	ue/acordos-internacionais/2022/22022D0165.md
22022D0165	Artigo 18.º	Condições para efetuar uma declaração de origem	654	672	587	ue/acordos-internacionais/2022/22022D0165.md
22022D0165	Artigo 19.º	Exportador autorizado	674	682	246	ue/acordos-internacionais/2022/22022D0165.md
22022D0165	Artigo 20.º	Procedimento para a emissão do certificado de circulação de mercadorias EUR.1	684	700	726	ue/acordos-internacionais/2022/22022D0165.md
22022D0165	Artigo 21.º	Emissão a posteriori de certificados de circulação de mercadorias EUR.1	702	722	580	ue/acordos-internacionais/2022/22022D0165.md
22022D0165	Artigo 22.º	Emissão de uma segunda via do certificado de circulação de mercadorias EUR.1	724	732	194	ue/acordos-internacionais/2022/22022D0165.md
22022D0165	Artigo 23.º	Prazo de validade da prova de origem	734	740	184	ue/acordos-internacionais/2022/22022D0165.md
22022D0165	Artigo 24.º	Zonas francas	742	746	186	ue/acordos-internacionais/2022/22022D0165.md
22022D0165	Artigo 25.º	Requisitos de importação	748	750	46	ue/acordos-internacionais/2022/22022D0165.md
22022D0165	Artigo 26.º	Importação em remessas escalonadas	752	754	128	ue/acordos-internacionais/2022/22022D0165.md
22022D0165	Artigo 27.º	Isenções da prova de origem	756	768	260	ue/acordos-internacionais/2022/22022D0165.md
22022D0165	Artigo 28.º	Discrepâncias e erros formais	770	774	171	ue/acordos-internacionais/2022/22022D0165.md
22022D0165	Artigo 29.º	Declarações do fornecedor	776	788	864	ue/acordos-internacionais/2022/22022D0165.md
22022D0165	Artigo 30.º	Montantes expressos em euros	790	804	479	ue/acordos-internacionais/2022/22022D0165.md
22022D0165	Artigo 31.º	Provas documentais, conservação das provas de origem e documentos comprovativos	806	830	864	ue/acordos-internacionais/2022/22022D0165.md
22022D0165	Artigo 32.º	Resolução de litígios	832	840	149	ue/acordos-internacionais/2022/22022D0165.md
22022D0165	Artigo 33.º	Notificação e cooperação	842	846	205	ue/acordos-internacionais/2022/22022D0165.md
22022D0165	Artigo 34.º	Controlo das provas de origem	848	860	562	ue/acordos-internacionais/2022/22022D0165.md
22022D0165	Artigo 35.º	Controlo das declarações do fornecedor	862	872	542	ue/acordos-internacionais/2022/22022D0165.md
22022D0165	Artigo 36.º	Sanções	874	880	58	ue/acordos-internacionais/2022/22022D0165.md
22022D0165	Artigo 37.º	Espaço Económico Europeu	882	884	136	ue/acordos-internacionais/2022/22022D0165.md
22022D0165	Artigo 38.º	Listenstaine	886	888	51	ue/acordos-internacionais/2022/22022D0165.md
22022D0165	Artigo 39.º	República de São Marinho	890	892	64	ue/acordos-internacionais/2022/22022D0165.md
22022D0165	Artigo 40.º	Principado de Andorra	894	896	74	ue/acordos-internacionais/2022/22022D0165.md
22022D0165	Artigo 41.º	Ceuta e Melilha	898	904	240	ue/acordos-internacionais/2022/22022D0165.md
22022D0165	ANEXO I	NOTAS INTRODUTÓRIAS DA LISTA DO ANEXO II	906	1027	5485	ue/acordos-internacionais/2022/22022D0165.md
22022D0165	ANEXO II	LISTA DAS OPERAÇÕES DE COMPLEMENTO DE FABRICO OU DE TRANSFORMAÇÃO A EFETUAR EM MATÉRIAS NÃO ORIGINÁRIAS PARA QUE O PRODUTO TRANSFORMADO POSSA ADQUIRIR O CARÁTER	1029	1300	19460	ue/acordos-internacionais/2022/22022D0165.md
22022D0165	ANEXO III	TEXTO DA DECLARAÇÃO DE ORIGEM	1302	1472	2541	ue/acordos-internacionais/2022/22022D0165.md
22022D0165	ANEXO IV	MODELOS DO CERTIFICADO DE CIRCULAÇÃO DE MERCADORIAS EUR.1 E DO PEDIDO DE CERTIFICADO DE CIRCULAÇÃO DE MERCADORIAS EUR.1	1474	1557	1380	ue/acordos-internacionais/2022/22022D0165.md
22022D0165	ANEXO V	CONDIÇÕES ESPECIAIS APLICÁVEIS AOS PRODUTOS ORIGINÁRIOS DE CEUTA E DE MELILHA	1559	1589	542	ue/acordos-internacionais/2022/22022D0165.md
22022D0165	Artigo único		1561	1589	518	ue/acordos-internacionais/2022/22022D0165.md
22022D0165	ANEXO VI	DECLARAÇÃO DO FORNECEDOR	1591	1623	492	ue/acordos-internacionais/2022/22022D0165.md
22022D0165	ANEXO VII	DECLARAÇÃO DO FORNECEDOR DE LONGO PRAZO	1625	1736	2284	ue/acordos-internacionais/2022/22022D0165.md
22022D0190	Preâmbulo		18	36	748	ue/acordos-internacionais/2022/22022D0190.md
22022D0190	Artigo 1.º		40	42	174	ue/acordos-internacionais/2022/22022D0190.md
22022D0190	Artigo 2.º		44	58	92	ue/acordos-internacionais/2022/22022D0190.md
22022D0253	Preâmbulo		18	34	334	ue/acordos-internacionais/2022/22022D0253.md
22022D0253	Artigo 1.º		38	40	51	ue/acordos-internacionais/2022/22022D0253.md
22022D0253	Artigo 2.º		42	54	57	ue/acordos-internacionais/2022/22022D0253.md
22022D0291	Preâmbulo		18	30	340	ue/acordos-internacionais/2022/22022D0291.md
22022D0291	Artigo 1.º		34	56	988	ue/acordos-internacionais/2022/22022D0291.md
22022D0291	Artigo 2.º		58	94	158	ue/acordos-internacionais/2022/22022D0291.md
22022D0292	Preâmbulo		18	34	342	ue/acordos-internacionais/2022/22022D0292.md
22022D0292	Artigo 1.º		38	42	64	ue/acordos-internacionais/2022/22022D0292.md
22022D0292	Artigo 2.º		44	60	69	ue/acordos-internacionais/2022/22022D0292.md
22022D0308	Preâmbulo		18	36	590	ue/acordos-internacionais/2022/22022D0308.md
22022D0308	Artigo 1.º		40	82	475	ue/acordos-internacionais/2022/22022D0308.md
22022D0308	Artigo 2.º		84	88	124	ue/acordos-internacionais/2022/22022D0308.md
22022D0308	Artigo 3.º		90	94	56	ue/acordos-internacionais/2022/22022D0308.md
22022D0308	Artigo 4.º		96	124	439	ue/acordos-internacionais/2022/22022D0308.md
22022D0369	Preâmbulo		18	26	87	ue/acordos-internacionais/2022/22022D0369.md
22022D0369	Apêndice A		48	56	94	ue/acordos-internacionais/2022/22022D0369.md
22022D0370	Preâmbulo		18	26	87	ue/acordos-internacionais/2022/22022D0370.md
22022D0370	Apêndice A		48	62	120	ue/acordos-internacionais/2022/22022D0370.md
22022D0371	Preâmbulo		18	26	87	ue/acordos-internacionais/2022/22022D0371.md
22022D0371	Apêndice A		48	56	84	ue/acordos-internacionais/2022/22022D0371.md
22022D0372	Preâmbulo		18	26	87	ue/acordos-internacionais/2022/22022D0372.md
22022D0372	Apêndice A		48	57	88	ue/acordos-internacionais/2022/22022D0372.md
22022D0373	Preâmbulo		18	26	87	ue/acordos-internacionais/2022/22022D0373.md
22022D0373	Apêndice A		48	57	90	ue/acordos-internacionais/2022/22022D0373.md
22022D0374	Preâmbulo		18	26	87	ue/acordos-internacionais/2022/22022D0374.md
22022D0374	Apêndice A	Organismo de avaliação da conformidade comunitário aditado à lista de organismos de avaliação da conformidade que figuram na coluna «Acesso comunitário ao merca	48	54	83	ue/acordos-internacionais/2022/22022D0374.md
22022D0412	Preâmbulo		18	34	289	ue/acordos-internacionais/2022/22022D0412.md
22022D0412	Artigo 1.º		38	40	54	ue/acordos-internacionais/2022/22022D0412.md
22022D0412	Artigo 2.º		42	54	54	ue/acordos-internacionais/2022/22022D0412.md
22022D0473	Preâmbulo		18	42	475	ue/acordos-internacionais/2022/22022D0473.md
22022D0473	Artigo 1.º		46	48	16	ue/acordos-internacionais/2022/22022D0473.md
22022D0473	Artigo 2.º		50	54	59	ue/acordos-internacionais/2022/22022D0473.md
22022D0473	Artigo 3.º		56	68	64	ue/acordos-internacionais/2022/22022D0473.md
22022D0645	ANEXO 3		41	155	4924	ue/acordos-internacionais/2022/22022D0645.md
22022D0645	Apêndice 1		157	275	2885	ue/acordos-internacionais/2022/22022D0645.md
22022D0646	ANEXO 4		41	182	5291	ue/acordos-internacionais/2022/22022D0646.md
22022D0646	Apêndice 1		184	196	949	ue/acordos-internacionais/2022/22022D0646.md
22022D0646	Apêndice 2		198	236	473	ue/acordos-internacionais/2022/22022D0646.md
22022D0647	Preâmbulo		18	48	934	ue/acordos-internacionais/2022/22022D0647.md
22022D0647	Artigo 1.º		52	54	65	ue/acordos-internacionais/2022/22022D0647.md
22022D0647	Artigo 2.º		56	68	63	ue/acordos-internacionais/2022/22022D0647.md
22022D0647	ANEXO DA DECISÃO DO COMITÉ MISTO UE/OACI DE 10 DE MARÇO DE 2022	ACORDO OPERACIONAL ENTRE A ORGANIZAÇÃO DA AVIAÇÃO CIVIL INTERNACIONAL E A UNIÃO EUROPEIA	70	141	3045	ue/acordos-internacionais/2022/22022D0647.md
22022D0707	Preâmbulo		18	30	155	ue/acordos-internacionais/2022/22022D0707.md
22022D0707	Artigo 1.º		34	36	37	ue/acordos-internacionais/2022/22022D0707.md
22022D0707	Artigo 2.º		38	50	52	ue/acordos-internacionais/2022/22022D0707.md
22022D0707	ANEXO	ORIENTAÇÕES RELATIVAS AO FÓRUM DA SOCIEDADE CIVIL	52	80	1300	ue/acordos-internacionais/2022/22022D0707.md
22022D0823	Preâmbulo		18	42	568	ue/acordos-internacionais/2022/22022D0823.md
22022D0823	Artigo 1.º		46	48	46	ue/acordos-internacionais/2022/22022D0823.md
22022D0823	Artigo 2.º		50	52	18	ue/acordos-internacionais/2022/22022D0823.md
22022D0823	ANEXO	«ANEXO 10-A	54	122	1178	ue/acordos-internacionais/2022/22022D0823.md
22022D0823	ANEXO 10-B	INDICAÇÕES GEOGRÁFICAS PROTEGIDAS	124	285	2609	ue/acordos-internacionais/2022/22022D0823.md
22022D0904	Preâmbulo		18	42	636	ue/acordos-internacionais/2022/22022D0904.md
22022D0904	Artigo 1.º		46	48	88	ue/acordos-internacionais/2022/22022D0904.md
22022D0904	Artigo 2.º		50	66	188	ue/acordos-internacionais/2022/22022D0904.md
22022D0904	ANEXO		68	100	778	ue/acordos-internacionais/2022/22022D0904.md
22022D0904	Artigo 1.º	Regras de origem aplicáveis	72	78	229	ue/acordos-internacionais/2022/22022D0904.md
22022D0904	Artigo 2.º	Regras de origem alternativas aplicáveis	80	84	138	ue/acordos-internacionais/2022/22022D0904.md
22022D0904	Artigo 3.º	Resolução de litígios	86	90	146	ue/acordos-internacionais/2022/22022D0904.md
22022D0904	Artigo 4.º	Alterações ao Protocolo	92	94	36	ue/acordos-internacionais/2022/22022D0904.md
22022D0904	Artigo 5.º	Denúncia da Convenção	96	100	226	ue/acordos-internacionais/2022/22022D0904.md
22022D0904	Apêndice A	REGRAS DE ORIGEM ALTERNATIVAS APLICÁVEIS	102	906	17390	ue/acordos-internacionais/2022/22022D0904.md
22022D0904	Artigo 1.º	Definições	294	338	1101	ue/acordos-internacionais/2022/22022D0904.md
22022D0904	Artigo 2.º	Requisitos gerais	340	346	133	ue/acordos-internacionais/2022/22022D0904.md
22022D0904	Artigo 3.º	Produtos inteiramente obtidos	348	396	658	ue/acordos-internacionais/2022/22022D0904.md
22022D0904	Artigo 4.º	Operações de complemento de fabrico ou de transformação suficientes	398	412	639	ue/acordos-internacionais/2022/22022D0904.md
22022D0904	Artigo 5.º	Regra relativa à tolerância	414	426	347	ue/acordos-internacionais/2022/22022D0904.md
22022D0904	Artigo 6.º	Operações de complemento de fabrico ou de transformação insuficientes	428	468	571	ue/acordos-internacionais/2022/22022D0904.md
22022D0904	Artigo 7.º	Acumulação da origem	470	486	792	ue/acordos-internacionais/2022/22022D0904.md
22022D0904	Artigo 8.º	Condições para a aplicação da acumulação da origem	488	508	492	ue/acordos-internacionais/2022/22022D0904.md
22022D0904	Artigo 9.º	Unidade de qualificação	510	520	309	ue/acordos-internacionais/2022/22022D0904.md
22022D0904	Artigo 10.º	Sortidos	522	526	105	ue/acordos-internacionais/2022/22022D0904.md
22022D0904	Artigo 11.º	Elementos neutros	528	538	93	ue/acordos-internacionais/2022/22022D0904.md
22022D0904	Artigo 12.º	Separação de contas	540	556	465	ue/acordos-internacionais/2022/22022D0904.md
22022D0904	Artigo 13.º	Princípio da territorialidade	558	584	758	ue/acordos-internacionais/2022/22022D0904.md
22022D0904	Artigo 14.º	Não alteração	586	602	490	ue/acordos-internacionais/2022/22022D0904.md
22022D0904	Artigo 15.º	Exposições	604	622	406	ue/acordos-internacionais/2022/22022D0904.md
22022D0904	Artigo 16.º	Draubaque ou isenção de direitos aduaneiros	624	636	405	ue/acordos-internacionais/2022/22022D0904.md
22022D0904	Artigo 17.º	Requisitos gerais	638	654	585	ue/acordos-internacionais/2022/22022D0904.md
22022D0904	Artigo 18.º	Condições para efetuar uma declaração de origem	656	674	587	ue/acordos-internacionais/2022/22022D0904.md
22022D0904	Artigo 19.º	Exportador autorizado	676	684	250	ue/acordos-internacionais/2022/22022D0904.md
22022D0904	Artigo 20.º	Procedimento para a emissão do certificado de circulação de mercadorias EUR.1	686	702	726	ue/acordos-internacionais/2022/22022D0904.md
22022D0904	Artigo 21.º	Emissão a posteriori de certificados de circulação de mercadorias EUR.1	704	724	583	ue/acordos-internacionais/2022/22022D0904.md
22022D0904	Artigo 22.º	Emissão de uma segunda via do certificado de circulação de mercadorias EUR.1	726	734	194	ue/acordos-internacionais/2022/22022D0904.md
22022D0904	Artigo 23.º	Prazo de validade da prova de origem	736	742	184	ue/acordos-internacionais/2022/22022D0904.md
22022D0904	Artigo 24.º	Zonas francas	744	748	186	ue/acordos-internacionais/2022/22022D0904.md
22022D0904	Artigo 25.º	Requisitos de importação	750	752	46	ue/acordos-internacionais/2022/22022D0904.md
22022D0904	Artigo 26.º	Importação em remessas escalonadas	754	756	128	ue/acordos-internacionais/2022/22022D0904.md
22022D0904	Artigo 27.º	Isenções da prova de origem	758	770	260	ue/acordos-internacionais/2022/22022D0904.md
22022D0904	Artigo 28.º	Discrepâncias e erros formais	772	776	171	ue/acordos-internacionais/2022/22022D0904.md
22022D0904	Artigo 29.º	Declarações do fornecedor	778	790	864	ue/acordos-internacionais/2022/22022D0904.md
22022D0904	Artigo 30.º	Montantes expressos em euros	792	806	480	ue/acordos-internacionais/2022/22022D0904.md
22022D0904	Artigo 31.º	Provas documentais, conservação das provas de origem e documentos comprovativos	808	832	864	ue/acordos-internacionais/2022/22022D0904.md
22022D0904	Artigo 32.º	Resolução de litígios	834	842	150	ue/acordos-internacionais/2022/22022D0904.md
22022D0904	Artigo 33.º	Notificação e cooperação	844	848	205	ue/acordos-internacionais/2022/22022D0904.md
22022D0904	Artigo 34.º	Controlo das provas de origem	850	862	562	ue/acordos-internacionais/2022/22022D0904.md
22022D0904	Artigo 35.º	Controlo das declarações do fornecedor	864	874	542	ue/acordos-internacionais/2022/22022D0904.md
22022D0904	Artigo 36.º	Sanções	876	882	58	ue/acordos-internacionais/2022/22022D0904.md
22022D0904	Artigo 37.º	Espaço Económico Europeu	884	886	131	ue/acordos-internacionais/2022/22022D0904.md
22022D0904	Artigo 38.º	Listenstaine	888	890	51	ue/acordos-internacionais/2022/22022D0904.md
22022D0904	Artigo 39.º	República de São Marinho	892	894	64	ue/acordos-internacionais/2022/22022D0904.md
22022D0904	Artigo 40.º	Principado de Andorra	896	898	74	ue/acordos-internacionais/2022/22022D0904.md
22022D0904	Artigo 41.º	Ceuta e Melilha	900	906	235	ue/acordos-internacionais/2022/22022D0904.md
22022D0904	ANEXO I	NOTAS INTRODUTÓRIAS DA LISTA DO ANEXO II	908	1029	5485	ue/acordos-internacionais/2022/22022D0904.md
22022D0904	ANEXO II	LISTA DAS OPERAÇÕES DE COMPLEMENTO DE FABRICO OU DE TRANSFORMAÇÃO A EFETUAR EM MATÉRIAS NÃO ORIGINÁRIAS PARA QUE O PRODUTO TRANSFORMADO POSSA ADQUIRIR O CARÁTER	1031	1305	19511	ue/acordos-internacionais/2022/22022D0904.md
22022D0904	ANEXO III	TEXTO DA DECLARAÇÃO DE ORIGEM	1307	1465	2395	ue/acordos-internacionais/2022/22022D0904.md
22022D0904	ANEXO IV	MODELOS DO CERTIFICADO DE CIRCULAÇÃO DE MERCADORIAS EUR.1 E DO PEDIDO DE CERTIFICADO DE CIRCULAÇÃO DE MERCADORIAS EUR.1	1467	1550	1457	ue/acordos-internacionais/2022/22022D0904.md
22022D0904	ANEXO V	CONDIÇÕES ESPECIAIS APLICÁVEIS AOS PRODUTOS ORIGINÁRIOS DE CEUTA E DE MELILHA	1552	1582	528	ue/acordos-internacionais/2022/22022D0904.md
22022D0904	Artigo único		1554	1582	505	ue/acordos-internacionais/2022/22022D0904.md
22022D0904	ANEXO VI	DECLARAÇÃO DO FORNECEDOR	1584	1739	2978	ue/acordos-internacionais/2022/22022D0904.md
22022D0990	Preâmbulo		18	38	432	ue/acordos-internacionais/2022/22022D0990.md
22022D0990	Artigo 1.º		42	44	49	ue/acordos-internacionais/2022/22022D0990.md
22022D0990	Artigo 2.º		46	48	50	ue/acordos-internacionais/2022/22022D0990.md
22022D0990	Artigo 3.º		50	62	97	ue/acordos-internacionais/2022/22022D0990.md
22022D0990	ANEXO	PRIORIDADES DA PARCERIA UE-JORDÂNIA PARA 2021-2027	64	210	9682	ue/acordos-internacionais/2022/22022D0990.md
22022D1030	Preâmbulo		18	24	60	ue/acordos-internacionais/2022/22022D1030.md
22022D1030	Artigo único		28	44	122	ue/acordos-internacionais/2022/22022D1030.md
22022D1030	ANEXO	«ANEXO IV	46	388	7494	ue/acordos-internacionais/2022/22022D1030.md
22022D1049	Preâmbulo		18	32	260	ue/acordos-internacionais/2022/22022D1049.md
22022D1049	Artigo 1.º		36	41	70	ue/acordos-internacionais/2022/22022D1049.md
22022D1049	Artigo 2.º		43	45	44	ue/acordos-internacionais/2022/22022D1049.md
22022D1049	Artigo 3.º		47	49	46	ue/acordos-internacionais/2022/22022D1049.md
22022D1049	Artigo 4.º		51	65	79	ue/acordos-internacionais/2022/22022D1049.md
22022D1050	Preâmbulo		18	32	281	ue/acordos-internacionais/2022/22022D1050.md
22022D1050	Artigo 1.º		36	41	80	ue/acordos-internacionais/2022/22022D1050.md
22022D1050	Artigo 2.º		43	45	46	ue/acordos-internacionais/2022/22022D1050.md
22022D1050	Artigo 3.º		47	49	46	ue/acordos-internacionais/2022/22022D1050.md
22022D1050	Artigo 4.º		51	65	79	ue/acordos-internacionais/2022/22022D1050.md
22022D1051	Preâmbulo		18	34	371	ue/acordos-internacionais/2022/22022D1051.md
22022D1051	Artigo 1.º		38	43	75	ue/acordos-internacionais/2022/22022D1051.md
22022D1051	Artigo 2.º		45	47	42	ue/acordos-internacionais/2022/22022D1051.md
22022D1051	Artigo 3.º		49	51	46	ue/acordos-internacionais/2022/22022D1051.md
22022D1051	Artigo 4.º		53	67	79	ue/acordos-internacionais/2022/22022D1051.md
22022D1052	Preâmbulo		18	34	376	ue/acordos-internacionais/2022/22022D1052.md
22022D1052	Artigo 1.º		38	54	176	ue/acordos-internacionais/2022/22022D1052.md
22022D1052	Artigo 2.º		56	62	74	ue/acordos-internacionais/2022/22022D1052.md
22022D1052	Artigo 3.º		64	66	46	ue/acordos-internacionais/2022/22022D1052.md
22022D1052	Artigo 4.º		68	70	46	ue/acordos-internacionais/2022/22022D1052.md
22022D1052	Artigo 5.º		72	86	78	ue/acordos-internacionais/2022/22022D1052.md
22022D1053	Preâmbulo		18	46	722	ue/acordos-internacionais/2022/22022D1053.md
22022D1053	Artigo 1.º		50	55	170	ue/acordos-internacionais/2022/22022D1053.md
22022D1053	Artigo 2.º		57	76	469	ue/acordos-internacionais/2022/22022D1053.md
22022D1053	Artigo 3.º		78	80	85	ue/acordos-internacionais/2022/22022D1053.md
22022D1053	Artigo 4.º		82	84	75	ue/acordos-internacionais/2022/22022D1053.md
22022D1053	Artigo 5.º		86	110	123	ue/acordos-internacionais/2022/22022D1053.md
22022D1054	Preâmbulo		18	38	440	ue/acordos-internacionais/2022/22022D1054.md
22022D1054	Artigo 1.º		42	74	855	ue/acordos-internacionais/2022/22022D1054.md
22022D1054	Artigo 2.º		76	78	65	ue/acordos-internacionais/2022/22022D1054.md
22022D1054	Artigo 3.º		80	82	38	ue/acordos-internacionais/2022/22022D1054.md
22022D1054	Artigo 4.º		84	102	96	ue/acordos-internacionais/2022/22022D1054.md
22022D1055	Preâmbulo		18	38	383	ue/acordos-internacionais/2022/22022D1055.md
22022D1055	Artigo 1.º		42	59	432	ue/acordos-internacionais/2022/22022D1055.md
22022D1055	Artigo 2.º		61	63	62	ue/acordos-internacionais/2022/22022D1055.md
22022D1055	Artigo 3.º		65	67	82	ue/acordos-internacionais/2022/22022D1055.md
22022D1055	Artigo 4.º		69	93	128	ue/acordos-internacionais/2022/22022D1055.md
22022D1056	Preâmbulo		18	30	139	ue/acordos-internacionais/2022/22022D1056.md
22022D1056	Artigo 1.º		34	39	108	ue/acordos-internacionais/2022/22022D1056.md
22022D1056	Artigo 2.º		41	43	47	ue/acordos-internacionais/2022/22022D1056.md
22022D1056	Artigo 3.º		45	47	82	ue/acordos-internacionais/2022/22022D1056.md
22022D1056	Artigo 4.º		49	65	91	ue/acordos-internacionais/2022/22022D1056.md
22022D1057	Preâmbulo		18	34	273	ue/acordos-internacionais/2022/22022D1057.md
22022D1057	Artigo 1.º		38	77	1122	ue/acordos-internacionais/2022/22022D1057.md
22022D1057	Artigo 2.º		79	81	78	ue/acordos-internacionais/2022/22022D1057.md
22022D1057	Artigo 3.º		83	85	82	ue/acordos-internacionais/2022/22022D1057.md
22022D1057	Artigo 4.º		87	107	108	ue/acordos-internacionais/2022/22022D1057.md
22022D1058	Preâmbulo		18	32	171	ue/acordos-internacionais/2022/22022D1058.md
22022D1058	Artigo 1.º		36	45	120	ue/acordos-internacionais/2022/22022D1058.md
22022D1058	Artigo 2.º		47	49	42	ue/acordos-internacionais/2022/22022D1058.md
22022D1058	Artigo 3.º		51	53	46	ue/acordos-internacionais/2022/22022D1058.md
22022D1058	Artigo 4.º		55	71	87	ue/acordos-internacionais/2022/22022D1058.md
22022D1059	Preâmbulo		18	30	201	ue/acordos-internacionais/2022/22022D1059.md
22022D1059	Artigo 1.º		34	39	169	ue/acordos-internacionais/2022/22022D1059.md
22022D1059	Artigo 2.º		41	43	47	ue/acordos-internacionais/2022/22022D1059.md
22022D1059	Artigo 3.º		45	47	46	ue/acordos-internacionais/2022/22022D1059.md
22022D1059	Artigo 4.º		49	63	80	ue/acordos-internacionais/2022/22022D1059.md
22022D1060	Preâmbulo		18	30	183	ue/acordos-internacionais/2022/22022D1060.md
22022D1060	Artigo 1.º		34	39	69	ue/acordos-internacionais/2022/22022D1060.md
22022D1060	Artigo 2.º		41	43	46	ue/acordos-internacionais/2022/22022D1060.md
22022D1060	Artigo 3.º		45	47	46	ue/acordos-internacionais/2022/22022D1060.md
22022D1060	Artigo 4.º		49	63	79	ue/acordos-internacionais/2022/22022D1060.md
22022D1061	Preâmbulo		18	40	970	ue/acordos-internacionais/2022/22022D1061.md
22022D1061	Artigo 1.º		44	64	964	ue/acordos-internacionais/2022/22022D1061.md
22022D1061	Artigo 2.º		66	68	67	ue/acordos-internacionais/2022/22022D1061.md
22022D1061	Artigo 3.º		70	72	46	ue/acordos-internacionais/2022/22022D1061.md
22022D1061	Artigo 4.º		74	98	124	ue/acordos-internacionais/2022/22022D1061.md
22022D1062	Preâmbulo		18	30	132	ue/acordos-internacionais/2022/22022D1062.md
22022D1062	Artigo 1.º		34	40	77	ue/acordos-internacionais/2022/22022D1062.md
22022D1062	Artigo 2.º		42	44	44	ue/acordos-internacionais/2022/22022D1062.md
22022D1062	Artigo 3.º		46	48	46	ue/acordos-internacionais/2022/22022D1062.md
22022D1062	Artigo 4.º		50	64	79	ue/acordos-internacionais/2022/22022D1062.md
22022D1063	Preâmbulo		18	30	142	ue/acordos-internacionais/2022/22022D1063.md
22022D1063	Artigo 1.º		34	40	76	ue/acordos-internacionais/2022/22022D1063.md
22022D1063	Artigo 2.º		42	44	44	ue/acordos-internacionais/2022/22022D1063.md
22022D1063	Artigo 3.º		46	48	46	ue/acordos-internacionais/2022/22022D1063.md
22022D1063	Artigo 4.º		50	64	79	ue/acordos-internacionais/2022/22022D1063.md
22022D1064	Preâmbulo		18	30	154	ue/acordos-internacionais/2022/22022D1064.md
22022D1064	Artigo 1.º		34	39	68	ue/acordos-internacionais/2022/22022D1064.md
22022D1064	Artigo 2.º		41	43	46	ue/acordos-internacionais/2022/22022D1064.md
22022D1064	Artigo 3.º		45	47	46	ue/acordos-internacionais/2022/22022D1064.md
22022D1064	Artigo 4.º		49	63	79	ue/acordos-internacionais/2022/22022D1064.md
22022D1065	Preâmbulo		18	30	171	ue/acordos-internacionais/2022/22022D1065.md
22022D1065	Artigo 1.º		34	39	69	ue/acordos-internacionais/2022/22022D1065.md
22022D1065	Artigo 2.º		41	43	47	ue/acordos-internacionais/2022/22022D1065.md
22022D1065	Artigo 3.º		45	47	46	ue/acordos-internacionais/2022/22022D1065.md
22022D1065	Artigo 4.º		49	63	79	ue/acordos-internacionais/2022/22022D1065.md
22022D1066	Preâmbulo		18	30	155	ue/acordos-internacionais/2022/22022D1066.md
22022D1066	Artigo 1.º		34	39	71	ue/acordos-internacionais/2022/22022D1066.md
22022D1066	Artigo 2.º		41	43	46	ue/acordos-internacionais/2022/22022D1066.md
22022D1066	Artigo 3.º		45	47	46	ue/acordos-internacionais/2022/22022D1066.md
22022D1066	Artigo 4.º		49	63	79	ue/acordos-internacionais/2022/22022D1066.md
22022D1068	Preâmbulo		18	30	155	ue/acordos-internacionais/2022/22022D1068.md
22022D1068	Artigo 1.º		34	40	64	ue/acordos-internacionais/2022/22022D1068.md
22022D1068	Artigo 2.º		42	44	42	ue/acordos-internacionais/2022/22022D1068.md
22022D1068	Artigo 3.º		46	48	46	ue/acordos-internacionais/2022/22022D1068.md
22022D1068	Artigo 4.º		50	64	79	ue/acordos-internacionais/2022/22022D1068.md
22022D1069	Preâmbulo		18	34	243	ue/acordos-internacionais/2022/22022D1069.md
22022D1069	Artigo 1.º		38	49	154	ue/acordos-internacionais/2022/22022D1069.md
22022D1069	Artigo 2.º		51	53	48	ue/acordos-internacionais/2022/22022D1069.md
22022D1069	Artigo 3.º		55	57	46	ue/acordos-internacionais/2022/22022D1069.md
22022D1069	Artigo 4.º		59	77	146	ue/acordos-internacionais/2022/22022D1069.md
22022D1070	Preâmbulo		18	30	152	ue/acordos-internacionais/2022/22022D1070.md
22022D1070	Artigo 1.º		34	49	232	ue/acordos-internacionais/2022/22022D1070.md
22022D1070	Artigo 2.º		51	53	46	ue/acordos-internacionais/2022/22022D1070.md
22022D1070	Artigo 3.º		55	57	46	ue/acordos-internacionais/2022/22022D1070.md
22022D1070	Artigo 4.º		59	73	79	ue/acordos-internacionais/2022/22022D1070.md
22022D1071	Preâmbulo		18	30	180	ue/acordos-internacionais/2022/22022D1071.md
22022D1071	Artigo 1.º		34	45	186	ue/acordos-internacionais/2022/22022D1071.md
22022D1071	Artigo 2.º		47	49	46	ue/acordos-internacionais/2022/22022D1071.md
22022D1071	Artigo 3.º		51	53	47	ue/acordos-internacionais/2022/22022D1071.md
22022D1071	Artigo 4.º		55	69	79	ue/acordos-internacionais/2022/22022D1071.md
22022D1072	Preâmbulo		18	32	194	ue/acordos-internacionais/2022/22022D1072.md
22022D1072	Artigo 1.º		36	41	74	ue/acordos-internacionais/2022/22022D1072.md
22022D1072	Artigo 2.º		43	45	46	ue/acordos-internacionais/2022/22022D1072.md
22022D1072	Artigo 3.º		47	49	46	ue/acordos-internacionais/2022/22022D1072.md
22022D1072	Artigo 4.º		51	67	91	ue/acordos-internacionais/2022/22022D1072.md
22022D1073	Preâmbulo		18	30	157	ue/acordos-internacionais/2022/22022D1073.md
22022D1073	Artigo 1.º		34	39	74	ue/acordos-internacionais/2022/22022D1073.md
22022D1073	Artigo 2.º		41	43	46	ue/acordos-internacionais/2022/22022D1073.md
22022D1073	Artigo 3.º		45	47	82	ue/acordos-internacionais/2022/22022D1073.md
22022D1073	Artigo 4.º		49	65	90	ue/acordos-internacionais/2022/22022D1073.md
22022D1074	Preâmbulo		18	30	156	ue/acordos-internacionais/2022/22022D1074.md
22022D1074	Artigo 1.º		34	39	127	ue/acordos-internacionais/2022/22022D1074.md
22022D1074	Artigo 2.º		41	43	47	ue/acordos-internacionais/2022/22022D1074.md
22022D1074	Artigo 3.º		45	47	83	ue/acordos-internacionais/2022/22022D1074.md
22022D1074	Artigo 4.º		49	65	90	ue/acordos-internacionais/2022/22022D1074.md
22022D1075	Preâmbulo		18	30	167	ue/acordos-internacionais/2022/22022D1075.md
22022D1075	Artigo 1.º		34	39	67	ue/acordos-internacionais/2022/22022D1075.md
22022D1075	Artigo 2.º		41	43	44	ue/acordos-internacionais/2022/22022D1075.md
22022D1075	Artigo 3.º		45	47	46	ue/acordos-internacionais/2022/22022D1075.md
22022D1075	Artigo 4.º		49	63	79	ue/acordos-internacionais/2022/22022D1075.md
22022D1076	Preâmbulo		18	30	162	ue/acordos-internacionais/2022/22022D1076.md
22022D1076	Artigo 1.º		34	39	133	ue/acordos-internacionais/2022/22022D1076.md
22022D1076	Artigo 2.º		41	43	42	ue/acordos-internacionais/2022/22022D1076.md
22022D1076	Artigo 3.º		45	47	46	ue/acordos-internacionais/2022/22022D1076.md
22022D1076	Artigo 4.º		49	63	79	ue/acordos-internacionais/2022/22022D1076.md
22022D1077	Preâmbulo		18	34	308	ue/acordos-internacionais/2022/22022D1077.md
22022D1077	Artigo 1.º		38	43	293	ue/acordos-internacionais/2022/22022D1077.md
22022D1077	Artigo 2.º		45	47	46	ue/acordos-internacionais/2022/22022D1077.md
22022D1077	Artigo 3.º		49	51	46	ue/acordos-internacionais/2022/22022D1077.md
22022D1077	Artigo 4.º		53	69	91	ue/acordos-internacionais/2022/22022D1077.md
22022D1078	Preâmbulo		18	30	306	ue/acordos-internacionais/2022/22022D1078.md
22022D1078	Artigo 1.º		34	36	68	ue/acordos-internacionais/2022/22022D1078.md
22022D1078	Artigo 2.º		38	40	55	ue/acordos-internacionais/2022/22022D1078.md
22022D1078	Artigo 3.º		42	60	98	ue/acordos-internacionais/2022/22022D1078.md
22022D1079	Preâmbulo		18	38	488	ue/acordos-internacionais/2022/22022D1079.md
22022D1079	Artigo 1.º		42	78	724	ue/acordos-internacionais/2022/22022D1079.md
22022D1079	Artigo 2.º		80	82	86	ue/acordos-internacionais/2022/22022D1079.md
22022D1079	Artigo 3.º		84	86	38	ue/acordos-internacionais/2022/22022D1079.md
22022D1079	Artigo 4.º		88	106	96	ue/acordos-internacionais/2022/22022D1079.md
22022D1080	Preâmbulo		18	32	266	ue/acordos-internacionais/2022/22022D1080.md
22022D1080	Artigo 1.º		36	42	77	ue/acordos-internacionais/2022/22022D1080.md
22022D1080	Artigo 2.º		44	46	46	ue/acordos-internacionais/2022/22022D1080.md
22022D1080	Artigo 3.º		48	50	82	ue/acordos-internacionais/2022/22022D1080.md
22022D1080	Artigo 4.º		52	68	91	ue/acordos-internacionais/2022/22022D1080.md
22022D1081	Preâmbulo		18	32	294	ue/acordos-internacionais/2022/22022D1081.md
22022D1081	Artigo 1.º		36	41	76	ue/acordos-internacionais/2022/22022D1081.md
22022D1081	Artigo 2.º		43	45	46	ue/acordos-internacionais/2022/22022D1081.md
22022D1081	Artigo 3.º		47	49	82	ue/acordos-internacionais/2022/22022D1081.md
22022D1081	Artigo 4.º		51	67	91	ue/acordos-internacionais/2022/22022D1081.md
22022D1082	Preâmbulo		18	42	714	ue/acordos-internacionais/2022/22022D1082.md
22022D1082	Artigo 1.º		46	64	419	ue/acordos-internacionais/2022/22022D1082.md
22022D1082	Artigo 2.º		66	68	74	ue/acordos-internacionais/2022/22022D1082.md
22022D1082	Artigo 3.º		70	72	82	ue/acordos-internacionais/2022/22022D1082.md
22022D1082	Artigo 4.º		74	100	136	ue/acordos-internacionais/2022/22022D1082.md
22022D1083	Preâmbulo		18	34	368	ue/acordos-internacionais/2022/22022D1083.md
22022D1083	Artigo 1.º		38	50	221	ue/acordos-internacionais/2022/22022D1083.md
22022D1083	Artigo 2.º		52	54	51	ue/acordos-internacionais/2022/22022D1083.md
22022D1083	Artigo 3.º		56	58	82	ue/acordos-internacionais/2022/22022D1083.md
22022D1083	Artigo 4.º		60	78	100	ue/acordos-internacionais/2022/22022D1083.md
22022D1084	Preâmbulo		18	32	327	ue/acordos-internacionais/2022/22022D1084.md
22022D1084	Artigo 1.º		36	41	181	ue/acordos-internacionais/2022/22022D1084.md
22022D1084	Artigo 2.º		43	45	46	ue/acordos-internacionais/2022/22022D1084.md
22022D1084	Artigo 3.º		47	49	82	ue/acordos-internacionais/2022/22022D1084.md
22022D1084	Artigo 4.º		51	67	91	ue/acordos-internacionais/2022/22022D1084.md
22022D1085	Preâmbulo		18	36	506	ue/acordos-internacionais/2022/22022D1085.md
22022D1085	Artigo 1.º		40	53	276	ue/acordos-internacionais/2022/22022D1085.md
22022D1085	Artigo 2.º		55	57	62	ue/acordos-internacionais/2022/22022D1085.md
22022D1085	Artigo 3.º		59	61	82	ue/acordos-internacionais/2022/22022D1085.md
22022D1085	Artigo 4.º		63	83	109	ue/acordos-internacionais/2022/22022D1085.md
22022D1086	Preâmbulo		18	40	612	ue/acordos-internacionais/2022/22022D1086.md
22022D1086	Artigo 1.º		44	62	422	ue/acordos-internacionais/2022/22022D1086.md
22022D1086	Artigo 2.º		64	66	67	ue/acordos-internacionais/2022/22022D1086.md
22022D1086	Artigo 3.º		68	70	82	ue/acordos-internacionais/2022/22022D1086.md
22022D1086	Artigo 4.º		72	96	127	ue/acordos-internacionais/2022/22022D1086.md
22022D1087	Preâmbulo		18	32	348	ue/acordos-internacionais/2022/22022D1087.md
22022D1087	Artigo 1.º		36	41	203	ue/acordos-internacionais/2022/22022D1087.md
22022D1087	Artigo 2.º		43	45	46	ue/acordos-internacionais/2022/22022D1087.md
22022D1087	Artigo 3.º		47	49	82	ue/acordos-internacionais/2022/22022D1087.md
22022D1087	Artigo 4.º		51	67	91	ue/acordos-internacionais/2022/22022D1087.md
22022D1088	Preâmbulo		18	44	917	ue/acordos-internacionais/2022/22022D1088.md
22022D1088	Artigo 1.º		48	72	559	ue/acordos-internacionais/2022/22022D1088.md
22022D1088	Artigo 2.º		74	118	1000	ue/acordos-internacionais/2022/22022D1088.md
22022D1088	Artigo 3.º		120	122	75	ue/acordos-internacionais/2022/22022D1088.md
22022D1088	Artigo 4.º		124	126	82	ue/acordos-internacionais/2022/22022D1088.md
22022D1088	Artigo 5.º		128	156	148	ue/acordos-internacionais/2022/22022D1088.md
22022D1101	Preâmbulo		18	38	423	ue/acordos-internacionais/2022/22022D1101.md
22022D1101	Artigo 1.º		42	44	46	ue/acordos-internacionais/2022/22022D1101.md
22022D1101	Artigo 2.º		46	48	55	ue/acordos-internacionais/2022/22022D1101.md
22022D1101	Artigo 3.º		50	62	87	ue/acordos-internacionais/2022/22022D1101.md
22022D1101	ANEXO	Prioridades da Parceria UE-Egito para o período 2021-2027	64	194	8229	ue/acordos-internacionais/2022/22022D1101.md
22022D1102	Preâmbulo		18	38	639	ue/acordos-internacionais/2022/22022D1102.md
22022D1102	Artigo 1.º		42	44	40	ue/acordos-internacionais/2022/22022D1102.md
22022D1102	Artigo 2.º		46	64	244	ue/acordos-internacionais/2022/22022D1102.md
22022D1109	Preâmbulo		18	30	177	ue/acordos-internacionais/2022/22022D1109.md
22022D1109	Artigo 1.º		34	40	75	ue/acordos-internacionais/2022/22022D1109.md
22022D1109	Artigo 2.º		42	48	76	ue/acordos-internacionais/2022/22022D1109.md
22022D1109	Artigo 3.º		50	52	46	ue/acordos-internacionais/2022/22022D1109.md
22022D1109	Artigo 4.º		54	56	46	ue/acordos-internacionais/2022/22022D1109.md
22022D1109	Artigo 5.º		58	72	80	ue/acordos-internacionais/2022/22022D1109.md
22022D1110	Preâmbulo		18	30	172	ue/acordos-internacionais/2022/22022D1110.md
22022D1110	Artigo 1.º		34	39	70	ue/acordos-internacionais/2022/22022D1110.md
22022D1110	Artigo 2.º		41	46	70	ue/acordos-internacionais/2022/22022D1110.md
22022D1110	Artigo 3.º		48	50	46	ue/acordos-internacionais/2022/22022D1110.md
22022D1110	Artigo 4.º		52	54	46	ue/acordos-internacionais/2022/22022D1110.md
22022D1110	Artigo 5.º		56	70	80	ue/acordos-internacionais/2022/22022D1110.md
22022D1111	Preâmbulo		18	34	378	ue/acordos-internacionais/2022/22022D1111.md
22022D1111	Artigo 1.º		38	47	345	ue/acordos-internacionais/2022/22022D1111.md
22022D1111	Artigo 2.º		49	58	346	ue/acordos-internacionais/2022/22022D1111.md
22022D1111	Artigo 3.º		60	62	55	ue/acordos-internacionais/2022/22022D1111.md
22022D1111	Artigo 4.º		64	66	46	ue/acordos-internacionais/2022/22022D1111.md
22022D1111	Artigo 5.º		68	86	99	ue/acordos-internacionais/2022/22022D1111.md
22022D1112	Preâmbulo		18	34	379	ue/acordos-internacionais/2022/22022D1112.md
22022D1112	Artigo 1.º		38	47	347	ue/acordos-internacionais/2022/22022D1112.md
22022D1112	Artigo 2.º		49	58	348	ue/acordos-internacionais/2022/22022D1112.md
22022D1112	Artigo 3.º		60	62	55	ue/acordos-internacionais/2022/22022D1112.md
22022D1112	Artigo 4.º		64	66	46	ue/acordos-internacionais/2022/22022D1112.md
22022D1112	Artigo 5.º		68	86	98	ue/acordos-internacionais/2022/22022D1112.md
22022D1113	Preâmbulo		18	38	570	ue/acordos-internacionais/2022/22022D1113.md
22022D1113	Artigo 1.º		42	55	542	ue/acordos-internacionais/2022/22022D1113.md
22022D1113	Artigo 2.º		57	70	542	ue/acordos-internacionais/2022/22022D1113.md
22022D1113	Artigo 3.º		72	74	63	ue/acordos-internacionais/2022/22022D1113.md
22022D1113	Artigo 4.º		76	78	46	ue/acordos-internacionais/2022/22022D1113.md
22022D1113	Artigo 5.º		80	102	119	ue/acordos-internacionais/2022/22022D1113.md
22022D1114	Preâmbulo		18	36	472	ue/acordos-internacionais/2022/22022D1114.md
22022D1114	Artigo 1.º		40	54	146	ue/acordos-internacionais/2022/22022D1114.md
22022D1114	Artigo 2.º		56	58	54	ue/acordos-internacionais/2022/22022D1114.md
22022D1114	Artigo 3.º		60	62	46	ue/acordos-internacionais/2022/22022D1114.md
22022D1114	Artigo 4.º		64	80	88	ue/acordos-internacionais/2022/22022D1114.md
22022D1115	Preâmbulo		18	34	432	ue/acordos-internacionais/2022/22022D1115.md
22022D1115	Artigo 1.º		38	44	77	ue/acordos-internacionais/2022/22022D1115.md
22022D1115	Artigo 2.º		46	48	47	ue/acordos-internacionais/2022/22022D1115.md
22022D1115	Artigo 3.º		50	52	46	ue/acordos-internacionais/2022/22022D1115.md
22022D1115	Artigo 4.º		54	68	78	ue/acordos-internacionais/2022/22022D1115.md
22022D1116	Preâmbulo		18	42	782	ue/acordos-internacionais/2022/22022D1116.md
22022D1116	Artigo 1.º		46	52	73	ue/acordos-internacionais/2022/22022D1116.md
22022D1116	Artigo 2.º		54	85	336	ue/acordos-internacionais/2022/22022D1116.md
22022D1116	Artigo 3.º		87	89	67	ue/acordos-internacionais/2022/22022D1116.md
22022D1116	Artigo 4.º		91	93	82	ue/acordos-internacionais/2022/22022D1116.md
22022D1116	Artigo 5.º		95	121	136	ue/acordos-internacionais/2022/22022D1116.md
22022D1117	Preâmbulo		18	32	222	ue/acordos-internacionais/2022/22022D1117.md
22022D1117	Artigo 1.º		36	50	870	ue/acordos-internacionais/2022/22022D1117.md
22022D1117	Artigo 2.º		52	54	44	ue/acordos-internacionais/2022/22022D1117.md
22022D1117	Artigo 3.º		56	58	46	ue/acordos-internacionais/2022/22022D1117.md
22022D1117	Artigo 4.º		60	76	86	ue/acordos-internacionais/2022/22022D1117.md
22022D1118	Preâmbulo		18	30	214	ue/acordos-internacionais/2022/22022D1118.md
22022D1118	Artigo 1.º		34	40	76	ue/acordos-internacionais/2022/22022D1118.md
22022D1118	Artigo 2.º		42	44	46	ue/acordos-internacionais/2022/22022D1118.md
22022D1118	Artigo 3.º		46	48	81	ue/acordos-internacionais/2022/22022D1118.md
22022D1118	Artigo 4.º		50	66	90	ue/acordos-internacionais/2022/22022D1118.md
22022D1119	Preâmbulo		18	30	130	ue/acordos-internacionais/2022/22022D1119.md
22022D1119	Artigo 1.º		34	39	75	ue/acordos-internacionais/2022/22022D1119.md
22022D1119	Artigo 2.º		41	43	46	ue/acordos-internacionais/2022/22022D1119.md
22022D1119	Artigo 3.º		45	47	81	ue/acordos-internacionais/2022/22022D1119.md
22022D1119	Artigo 4.º		49	65	90	ue/acordos-internacionais/2022/22022D1119.md
22022D1120	Preâmbulo		18	30	178	ue/acordos-internacionais/2022/22022D1120.md
22022D1120	Artigo 1.º		34	39	150	ue/acordos-internacionais/2022/22022D1120.md
22022D1120	Artigo 2.º		41	43	47	ue/acordos-internacionais/2022/22022D1120.md
22022D1120	Artigo 3.º		45	47	81	ue/acordos-internacionais/2022/22022D1120.md
22022D1120	Artigo 4.º		49	65	90	ue/acordos-internacionais/2022/22022D1120.md
22022D1121	Preâmbulo		18	30	164	ue/acordos-internacionais/2022/22022D1121.md
22022D1121	Artigo 1.º		34	39	134	ue/acordos-internacionais/2022/22022D1121.md
22022D1121	Artigo 2.º		41	43	61	ue/acordos-internacionais/2022/22022D1121.md
22022D1121	Artigo 3.º		45	47	81	ue/acordos-internacionais/2022/22022D1121.md
22022D1121	Artigo 4.º		49	65	90	ue/acordos-internacionais/2022/22022D1121.md
22022D1122	Preâmbulo		18	30	163	ue/acordos-internacionais/2022/22022D1122.md
22022D1122	Artigo 1.º		34	39	132	ue/acordos-internacionais/2022/22022D1122.md
22022D1122	Artigo 2.º		41	43	47	ue/acordos-internacionais/2022/22022D1122.md
22022D1122	Artigo 3.º		45	47	81	ue/acordos-internacionais/2022/22022D1122.md
22022D1122	Artigo 4.º		49	65	90	ue/acordos-internacionais/2022/22022D1122.md
22022D1123	Preâmbulo		18	32	514	ue/acordos-internacionais/2022/22022D1123.md
22022D1123	Artigo 1.º		36	50	664	ue/acordos-internacionais/2022/22022D1123.md
22022D1123	Artigo 2.º		52	54	58	ue/acordos-internacionais/2022/22022D1123.md
22022D1123	Artigo 3.º		56	58	81	ue/acordos-internacionais/2022/22022D1123.md
22022D1123	Artigo 4.º		60	114	256	ue/acordos-internacionais/2022/22022D1123.md
22022D1124	Preâmbulo		18	30	198	ue/acordos-internacionais/2022/22022D1124.md
22022D1124	Artigo 1.º		34	39	170	ue/acordos-internacionais/2022/22022D1124.md
22022D1124	Artigo 2.º		41	43	47	ue/acordos-internacionais/2022/22022D1124.md
22022D1124	Artigo 3.º		45	47	81	ue/acordos-internacionais/2022/22022D1124.md
22022D1124	Artigo 4.º		49	65	90	ue/acordos-internacionais/2022/22022D1124.md
22022D1125	Preâmbulo		18	30	181	ue/acordos-internacionais/2022/22022D1125.md
22022D1125	Artigo 1.º		34	39	152	ue/acordos-internacionais/2022/22022D1125.md
22022D1125	Artigo 2.º		41	43	47	ue/acordos-internacionais/2022/22022D1125.md
22022D1125	Artigo 3.º		45	47	81	ue/acordos-internacionais/2022/22022D1125.md
22022D1125	Artigo 4.º		49	65	90	ue/acordos-internacionais/2022/22022D1125.md
22022D1126	Preâmbulo		18	30	166	ue/acordos-internacionais/2022/22022D1126.md
22022D1126	Artigo 1.º		34	47	212	ue/acordos-internacionais/2022/22022D1126.md
22022D1126	Artigo 2.º		49	51	46	ue/acordos-internacionais/2022/22022D1126.md
22022D1126	Artigo 3.º		53	55	81	ue/acordos-internacionais/2022/22022D1126.md
22022D1126	Artigo 4.º		57	73	82	ue/acordos-internacionais/2022/22022D1126.md
22022D1127	Preâmbulo		18	30	194	ue/acordos-internacionais/2022/22022D1127.md
22022D1127	Artigo 1.º		34	46	239	ue/acordos-internacionais/2022/22022D1127.md
22022D1127	Artigo 2.º		48	50	46	ue/acordos-internacionais/2022/22022D1127.md
22022D1127	Artigo 3.º		52	54	81	ue/acordos-internacionais/2022/22022D1127.md
22022D1127	Artigo 4.º		56	72	90	ue/acordos-internacionais/2022/22022D1127.md
22022D1128	Preâmbulo		18	32	318	ue/acordos-internacionais/2022/22022D1128.md
22022D1128	Artigo 1.º		36	53	270	ue/acordos-internacionais/2022/22022D1128.md
22022D1128	Artigo 2.º		55	57	44	ue/acordos-internacionais/2022/22022D1128.md
22022D1128	Artigo 3.º		59	61	46	ue/acordos-internacionais/2022/22022D1128.md
22022D1128	Artigo 4.º		63	77	78	ue/acordos-internacionais/2022/22022D1128.md
22022D1129	Preâmbulo		18	32	250	ue/acordos-internacionais/2022/22022D1129.md
22022D1129	Artigo 1.º		36	41	70	ue/acordos-internacionais/2022/22022D1129.md
22022D1129	Artigo 2.º		43	45	44	ue/acordos-internacionais/2022/22022D1129.md
22022D1129	Artigo 3.º		47	49	46	ue/acordos-internacionais/2022/22022D1129.md
22022D1129	Artigo 4.º		51	65	78	ue/acordos-internacionais/2022/22022D1129.md
22022D1130	Preâmbulo		18	32	298	ue/acordos-internacionais/2022/22022D1130.md
22022D1130	Artigo 1.º		36	41	91	ue/acordos-internacionais/2022/22022D1130.md
22022D1130	Artigo 2.º		43	45	44	ue/acordos-internacionais/2022/22022D1130.md
22022D1130	Artigo 3.º		47	49	46	ue/acordos-internacionais/2022/22022D1130.md
22022D1130	Artigo 4.º		51	65	78	ue/acordos-internacionais/2022/22022D1130.md
22022D1131	Preâmbulo		18	30	167	ue/acordos-internacionais/2022/22022D1131.md
22022D1131	Artigo 1.º		34	39	134	ue/acordos-internacionais/2022/22022D1131.md
22022D1131	Artigo 2.º		41	43	47	ue/acordos-internacionais/2022/22022D1131.md
22022D1131	Artigo 3.º		45	47	46	ue/acordos-internacionais/2022/22022D1131.md
22022D1131	Artigo 4.º		49	63	78	ue/acordos-internacionais/2022/22022D1131.md
22022D1132	Preâmbulo		18	30	164	ue/acordos-internacionais/2022/22022D1132.md
22022D1132	Artigo 1.º		34	39	78	ue/acordos-internacionais/2022/22022D1132.md
22022D1132	Artigo 2.º		41	43	46	ue/acordos-internacionais/2022/22022D1132.md
22022D1132	Artigo 3.º		45	47	46	ue/acordos-internacionais/2022/22022D1132.md
22022D1132	Artigo 4.º		49	63	78	ue/acordos-internacionais/2022/22022D1132.md
22022D1133	Preâmbulo		18	42	486	ue/acordos-internacionais/2022/22022D1133.md
22022D1133	Artigo 1.º		46	69	495	ue/acordos-internacionais/2022/22022D1133.md
22022D1133	Artigo 2.º		71	73	71	ue/acordos-internacionais/2022/22022D1133.md
22022D1133	Artigo 3.º		75	77	46	ue/acordos-internacionais/2022/22022D1133.md
22022D1133	Artigo 4.º		79	105	132	ue/acordos-internacionais/2022/22022D1133.md
22022D1134	Preâmbulo		18	30	134	ue/acordos-internacionais/2022/22022D1134.md
22022D1134	Artigo 1.º		34	39	107	ue/acordos-internacionais/2022/22022D1134.md
22022D1134	Artigo 2.º		41	43	46	ue/acordos-internacionais/2022/22022D1134.md
22022D1134	Artigo 3.º		45	47	46	ue/acordos-internacionais/2022/22022D1134.md
22022D1134	Artigo 4.º		49	63	78	ue/acordos-internacionais/2022/22022D1134.md
22022D1135	Preâmbulo		18	32	254	ue/acordos-internacionais/2022/22022D1135.md
22022D1135	Artigo 1.º		36	53	291	ue/acordos-internacionais/2022/22022D1135.md
22022D1135	Artigo 2.º		55	57	52	ue/acordos-internacionais/2022/22022D1135.md
22022D1135	Artigo 3.º		59	61	46	ue/acordos-internacionais/2022/22022D1135.md
22022D1135	Artigo 4.º		63	79	88	ue/acordos-internacionais/2022/22022D1135.md
22022D1136	Preâmbulo		18	30	169	ue/acordos-internacionais/2022/22022D1136.md
22022D1136	Artigo 1.º		34	39	76	ue/acordos-internacionais/2022/22022D1136.md
22022D1136	Artigo 2.º		41	43	44	ue/acordos-internacionais/2022/22022D1136.md
22022D1136	Artigo 3.º		45	47	45	ue/acordos-internacionais/2022/22022D1136.md
22022D1136	Artigo 4.º		49	63	78	ue/acordos-internacionais/2022/22022D1136.md
22022D1137	Preâmbulo		18	30	148	ue/acordos-internacionais/2022/22022D1137.md
22022D1137	Artigo 1.º		34	39	73	ue/acordos-internacionais/2022/22022D1137.md
22022D1137	Artigo 2.º		41	43	46	ue/acordos-internacionais/2022/22022D1137.md
22022D1137	Artigo 3.º		45	47	45	ue/acordos-internacionais/2022/22022D1137.md
22022D1137	Artigo 4.º		49	63	78	ue/acordos-internacionais/2022/22022D1137.md
22022D1138	Preâmbulo		18	30	179	ue/acordos-internacionais/2022/22022D1138.md
22022D1138	Artigo 1.º		34	39	72	ue/acordos-internacionais/2022/22022D1138.md
22022D1138	Artigo 2.º		41	43	46	ue/acordos-internacionais/2022/22022D1138.md
22022D1138	Artigo 3.º		45	47	46	ue/acordos-internacionais/2022/22022D1138.md
22022D1138	Artigo 4.º		49	63	78	ue/acordos-internacionais/2022/22022D1138.md
22022D1139	Preâmbulo		18	56	1280	ue/acordos-internacionais/2022/22022D1139.md
22022D1139	Artigo 1.º		60	106	1272	ue/acordos-internacionais/2022/22022D1139.md
22022D1139	Artigo 2.º		108	110	114	ue/acordos-internacionais/2022/22022D1139.md
22022D1139	Artigo 3.º		112	114	46	ue/acordos-internacionais/2022/22022D1139.md
22022D1139	Artigo 4.º		116	180	306	ue/acordos-internacionais/2022/22022D1139.md
22022D1140	Preâmbulo		18	30	152	ue/acordos-internacionais/2022/22022D1140.md
22022D1140	Artigo 1.º		34	39	74	ue/acordos-internacionais/2022/22022D1140.md
22022D1140	Artigo 2.º		41	46	74	ue/acordos-internacionais/2022/22022D1140.md
22022D1140	Artigo 3.º		48	50	46	ue/acordos-internacionais/2022/22022D1140.md
22022D1140	Artigo 4.º		52	54	45	ue/acordos-internacionais/2022/22022D1140.md
22022D1140	Artigo 5.º		56	70	78	ue/acordos-internacionais/2022/22022D1140.md
22022D1141	Preâmbulo		18	32	278	ue/acordos-internacionais/2022/22022D1141.md
22022D1141	Artigo 1.º		36	43	244	ue/acordos-internacionais/2022/22022D1141.md
22022D1141	Artigo 2.º		45	52	245	ue/acordos-internacionais/2022/22022D1141.md
22022D1141	Artigo 3.º		54	56	50	ue/acordos-internacionais/2022/22022D1141.md
22022D1141	Artigo 4.º		58	60	45	ue/acordos-internacionais/2022/22022D1141.md
22022D1141	Artigo 5.º		62	78	87	ue/acordos-internacionais/2022/22022D1141.md
22022D1142	Preâmbulo		18	30	201	ue/acordos-internacionais/2022/22022D1142.md
22022D1142	Artigo 1.º		34	39	166	ue/acordos-internacionais/2022/22022D1142.md
22022D1142	Artigo 2.º		41	43	47	ue/acordos-internacionais/2022/22022D1142.md
22022D1142	Artigo 3.º		45	47	45	ue/acordos-internacionais/2022/22022D1142.md
22022D1142	Artigo 4.º		49	63	78	ue/acordos-internacionais/2022/22022D1142.md
22022D1143	Preâmbulo		18	30	205	ue/acordos-internacionais/2022/22022D1143.md
22022D1143	Artigo 1.º		34	39	70	ue/acordos-internacionais/2022/22022D1143.md
22022D1143	Artigo 2.º		41	43	46	ue/acordos-internacionais/2022/22022D1143.md
22022D1143	Artigo 3.º		45	47	46	ue/acordos-internacionais/2022/22022D1143.md
22022D1143	Artigo 4.º		49	63	78	ue/acordos-internacionais/2022/22022D1143.md
22022D1144	Preâmbulo		18	32	207	ue/acordos-internacionais/2022/22022D1144.md
22022D1144	Artigo 1.º		36	70	886	ue/acordos-internacionais/2022/22022D1144.md
22022D1144	Artigo 2.º		72	74	52	ue/acordos-internacionais/2022/22022D1144.md
22022D1144	Artigo 3.º		76	78	38	ue/acordos-internacionais/2022/22022D1144.md
22022D1144	Artigo 4.º		80	96	87	ue/acordos-internacionais/2022/22022D1144.md
22022D1145	Preâmbulo		18	30	152	ue/acordos-internacionais/2022/22022D1145.md
22022D1145	Artigo 1.º		34	39	77	ue/acordos-internacionais/2022/22022D1145.md
22022D1145	Artigo 2.º		41	46	100	ue/acordos-internacionais/2022/22022D1145.md
22022D1145	Artigo 3.º		48	50	44	ue/acordos-internacionais/2022/22022D1145.md
22022D1145	Artigo 4.º		52	54	46	ue/acordos-internacionais/2022/22022D1145.md
22022D1145	Artigo 5.º		56	70	77	ue/acordos-internacionais/2022/22022D1145.md
22022D1146	Preâmbulo		18	30	187	ue/acordos-internacionais/2022/22022D1146.md
22022D1146	Artigo 1.º		34	47	156	ue/acordos-internacionais/2022/22022D1146.md
22022D1146	Artigo 2.º		49	51	44	ue/acordos-internacionais/2022/22022D1146.md
22022D1146	Artigo 3.º		53	55	46	ue/acordos-internacionais/2022/22022D1146.md
22022D1146	Artigo 4.º		57	71	77	ue/acordos-internacionais/2022/22022D1146.md
22022D1147	Preâmbulo		18	30	153	ue/acordos-internacionais/2022/22022D1147.md
22022D1147	Artigo 1.º		34	39	68	ue/acordos-internacionais/2022/22022D1147.md
22022D1147	Artigo 2.º		41	43	46	ue/acordos-internacionais/2022/22022D1147.md
22022D1147	Artigo 3.º		45	47	46	ue/acordos-internacionais/2022/22022D1147.md
22022D1147	Artigo 4.º		49	63	78	ue/acordos-internacionais/2022/22022D1147.md
22022D1148	Preâmbulo		18	36	397	ue/acordos-internacionais/2022/22022D1148.md
22022D1148	Artigo 1.º		40	62	271	ue/acordos-internacionais/2022/22022D1148.md
22022D1148	Artigo 2.º		64	66	60	ue/acordos-internacionais/2022/22022D1148.md
22022D1148	Artigo 3.º		68	70	46	ue/acordos-internacionais/2022/22022D1148.md
22022D1148	Artigo 4.º		72	92	107	ue/acordos-internacionais/2022/22022D1148.md
22022D1149	Preâmbulo		18	32	240	ue/acordos-internacionais/2022/22022D1149.md
22022D1149	Artigo 1.º		36	48	206	ue/acordos-internacionais/2022/22022D1149.md
22022D1149	Artigo 2.º		50	52	52	ue/acordos-internacionais/2022/22022D1149.md
22022D1149	Artigo 3.º		54	56	82	ue/acordos-internacionais/2022/22022D1149.md
22022D1149	Artigo 4.º		58	76	98	ue/acordos-internacionais/2022/22022D1149.md
22022D1150	Preâmbulo		18	32	210	ue/acordos-internacionais/2022/22022D1150.md
22022D1150	Artigo 1.º		36	41	140	ue/acordos-internacionais/2022/22022D1150.md
22022D1150	Artigo 2.º		43	45	47	ue/acordos-internacionais/2022/22022D1150.md
22022D1150	Artigo 3.º		47	49	109	ue/acordos-internacionais/2022/22022D1150.md
22022D1150	Artigo 4.º		51	69	101	ue/acordos-internacionais/2022/22022D1150.md
22022D1151	Preâmbulo		18	30	156	ue/acordos-internacionais/2022/22022D1151.md
22022D1151	Artigo 1.º		34	39	164	ue/acordos-internacionais/2022/22022D1151.md
22022D1151	Artigo 2.º		41	43	46	ue/acordos-internacionais/2022/22022D1151.md
22022D1151	Artigo 3.º		45	47	46	ue/acordos-internacionais/2022/22022D1151.md
22022D1151	Artigo 4.º		49	63	78	ue/acordos-internacionais/2022/22022D1151.md
22022D1152	Preâmbulo		18	30	126	ue/acordos-internacionais/2022/22022D1152.md
22022D1152	Artigo 1.º		34	39	68	ue/acordos-internacionais/2022/22022D1152.md
22022D1152	Artigo 2.º		41	43	43	ue/acordos-internacionais/2022/22022D1152.md
22022D1152	Artigo 3.º		45	47	46	ue/acordos-internacionais/2022/22022D1152.md
22022D1152	Artigo 4.º		49	63	78	ue/acordos-internacionais/2022/22022D1152.md
22022D1153	Preâmbulo		18	32	206	ue/acordos-internacionais/2022/22022D1153.md
22022D1153	Artigo 1.º		36	40	120	ue/acordos-internacionais/2022/22022D1153.md
22022D1153	Artigo 2.º		42	44	46	ue/acordos-internacionais/2022/22022D1153.md
22022D1153	Artigo 3.º		46	48	82	ue/acordos-internacionais/2022/22022D1153.md
22022D1153	Artigo 4.º		50	68	100	ue/acordos-internacionais/2022/22022D1153.md
22022D1154	Preâmbulo		18	34	286	ue/acordos-internacionais/2022/22022D1154.md
22022D1154	Artigo 1.º		38	45	214	ue/acordos-internacionais/2022/22022D1154.md
22022D1154	Artigo 2.º		47	49	56	ue/acordos-internacionais/2022/22022D1154.md
22022D1154	Artigo 3.º		51	53	82	ue/acordos-internacionais/2022/22022D1154.md
22022D1154	Artigo 4.º		55	73	99	ue/acordos-internacionais/2022/22022D1154.md
22022D1155	Preâmbulo		18	32	196	ue/acordos-internacionais/2022/22022D1155.md
22022D1155	Artigo 1.º		36	41	112	ue/acordos-internacionais/2022/22022D1155.md
22022D1155	Artigo 2.º		43	45	46	ue/acordos-internacionais/2022/22022D1155.md
22022D1155	Artigo 3.º		47	49	82	ue/acordos-internacionais/2022/22022D1155.md
22022D1155	Artigo 4.º		51	67	89	ue/acordos-internacionais/2022/22022D1155.md
22022D1156	Preâmbulo		18	30	154	ue/acordos-internacionais/2022/22022D1156.md
22022D1156	Artigo 1.º		34	39	69	ue/acordos-internacionais/2022/22022D1156.md
22022D1156	Artigo 2.º		41	43	46	ue/acordos-internacionais/2022/22022D1156.md
22022D1156	Artigo 3.º		45	47	46	ue/acordos-internacionais/2022/22022D1156.md
22022D1156	Artigo 4.º		49	63	78	ue/acordos-internacionais/2022/22022D1156.md
22022D1287	Preâmbulo		18	36	542	ue/acordos-internacionais/2022/22022D1287.md
22022D1287	Artigo 1.º		40	42	82	ue/acordos-internacionais/2022/22022D1287.md
22022D1287	Artigo 2.º		44	46	81	ue/acordos-internacionais/2022/22022D1287.md
22022D1287	Artigo 3.º		48	58	44	ue/acordos-internacionais/2022/22022D1287.md
22022D1411	Preâmbulo		18	40	619	ue/acordos-internacionais/2022/22022D1411.md
22022D1411	Artigo 1.º		44	46	68	ue/acordos-internacionais/2022/22022D1411.md
22022D1411	Artigo 2.º		48	64	296	ue/acordos-internacionais/2022/22022D1411.md
22022D1411	ANEXO		66	80	161	ue/acordos-internacionais/2022/22022D1411.md
22022D1422	Preâmbulo		18	38	426	ue/acordos-internacionais/2022/22022D1422.md
22022D1422	Artigo 1.º		42	44	40	ue/acordos-internacionais/2022/22022D1422.md
22022D1422	Artigo 2.º		46	48	45	ue/acordos-internacionais/2022/22022D1422.md
22022D1422	Artigo 3.º		50	62	58	ue/acordos-internacionais/2022/22022D1422.md
22022D1422	ANEXO	PROGRAMA DE ASSOCIAÇÃO ENTRE A UNIÃO EUROPEIA E A GEÓRGIA (2021-2027)	64	1531	38772	ue/acordos-internacionais/2022/22022D1422.md
22022D1476	Preâmbulo		18	54	1315	ue/acordos-internacionais/2022/22022D1476.md
22022D1476	Artigo 1.º		58	62	205	ue/acordos-internacionais/2022/22022D1476.md
22022D1476	Artigo 2.º		64	66	57	ue/acordos-internacionais/2022/22022D1476.md
22022D1476	Artigo 3.º		68	90	692	ue/acordos-internacionais/2022/22022D1476.md
22022D1476	ANEXO		92	92	2	ue/acordos-internacionais/2022/22022D1476.md
22022D1476	Apêndice B	ADENDA À LISTA DAS OPERAÇÕES DE COMPLEMENTO DE FABRICO OU DE TRANSFORMAÇÃO A EFETUAR EM MATÉRIAS NÃO ORIGINÁRIAS PARA QUE OS PRODUTOS TRANSFORMADOS NA JORDÂNIA 	94	418	19638	ue/acordos-internacionais/2022/22022D1476.md
22022D1498	Preâmbulo		18	24	87	ue/acordos-internacionais/2022/22022D1498.md
22022D1498	Artigo 1.º		28	30	72	ue/acordos-internacionais/2022/22022D1498.md
22022D1498	Artigo 2.º		32	46	56	ue/acordos-internacionais/2022/22022D1498.md
22022D1498	ANEXO	QUANTIDADES DE REFERÊNCIA AJUSTADAS CONFORME REFERIDO NO ARTIGO 1.^O DA PRESENTE DECISÃO	48	63	379	ue/acordos-internacionais/2022/22022D1498.md
22022D1499	Preâmbulo		18	26	166	ue/acordos-internacionais/2022/22022D1499.md
22022D1499	Artigo 1.º		30	32	54	ue/acordos-internacionais/2022/22022D1499.md
22022D1499	Artigo 2.º		34	48	56	ue/acordos-internacionais/2022/22022D1499.md
22022D1533	Preâmbulo		18	32	281	ue/acordos-internacionais/2022/22022D1533.md
22022D1533	Artigo 1.º		36	48	212	ue/acordos-internacionais/2022/22022D1533.md
22022D1533	Artigo 2.º		50	52	46	ue/acordos-internacionais/2022/22022D1533.md
22022D1533	Artigo 3.º		54	56	46	ue/acordos-internacionais/2022/22022D1533.md
22022D1533	Artigo 4.º		58	72	78	ue/acordos-internacionais/2022/22022D1533.md
22022D1534	Preâmbulo		18	34	360	ue/acordos-internacionais/2022/22022D1534.md
22022D1534	Artigo 1.º		38	51	148	ue/acordos-internacionais/2022/22022D1534.md
22022D1534	Artigo 2.º		53	55	58	ue/acordos-internacionais/2022/22022D1534.md
22022D1534	Artigo 3.º		57	59	46	ue/acordos-internacionais/2022/22022D1534.md
22022D1534	Artigo 4.º		61	77	87	ue/acordos-internacionais/2022/22022D1534.md
22022D1535	Preâmbulo		18	36	472	ue/acordos-internacionais/2022/22022D1535.md
22022D1535	Artigo 1.º		40	52	214	ue/acordos-internacionais/2022/22022D1535.md
22022D1535	Artigo 2.º		54	56	52	ue/acordos-internacionais/2022/22022D1535.md
22022D1535	Artigo 3.º		58	60	46	ue/acordos-internacionais/2022/22022D1535.md
22022D1535	Artigo 4.º		62	78	88	ue/acordos-internacionais/2022/22022D1535.md
22022D1536	Preâmbulo		18	34	439	ue/acordos-internacionais/2022/22022D1536.md
22022D1536	Artigo 1.º		38	50	158	ue/acordos-internacionais/2022/22022D1536.md
22022D1536	Artigo 2.º		52	54	69	ue/acordos-internacionais/2022/22022D1536.md
22022D1536	Artigo 3.º		56	58	46	ue/acordos-internacionais/2022/22022D1536.md
22022D1536	Artigo 4.º		60	76	87	ue/acordos-internacionais/2022/22022D1536.md
22022D1537	Preâmbulo		18	34	340	ue/acordos-internacionais/2022/22022D1537.md
22022D1537	Artigo 1.º		38	45	102	ue/acordos-internacionais/2022/22022D1537.md
22022D1537	Artigo 2.º		47	49	49	ue/acordos-internacionais/2022/22022D1537.md
22022D1537	Artigo 3.º		51	53	46	ue/acordos-internacionais/2022/22022D1537.md
22022D1537	Artigo 4.º		55	71	88	ue/acordos-internacionais/2022/22022D1537.md
22022D1538	Preâmbulo		18	32	310	ue/acordos-internacionais/2022/22022D1538.md
22022D1538	Artigo 1.º		36	41	77	ue/acordos-internacionais/2022/22022D1538.md
22022D1538	Artigo 2.º		43	45	44	ue/acordos-internacionais/2022/22022D1538.md
22022D1538	Artigo 3.º		47	49	46	ue/acordos-internacionais/2022/22022D1538.md
22022D1538	Artigo 4.º		51	65	78	ue/acordos-internacionais/2022/22022D1538.md
22022D1539	Preâmbulo		18	36	431	ue/acordos-internacionais/2022/22022D1539.md
22022D1539	Artigo 1.º		40	50	224	ue/acordos-internacionais/2022/22022D1539.md
22022D1539	Artigo 2.º		52	54	62	ue/acordos-internacionais/2022/22022D1539.md
22022D1539	Artigo 3.º		56	58	46	ue/acordos-internacionais/2022/22022D1539.md
22022D1539	Artigo 4.º		60	80	106	ue/acordos-internacionais/2022/22022D1539.md
22022D1540	Preâmbulo		18	32	248	ue/acordos-internacionais/2022/22022D1540.md
22022D1540	Artigo 1.º		36	41	70	ue/acordos-internacionais/2022/22022D1540.md
22022D1540	Artigo 2.º		43	45	46	ue/acordos-internacionais/2022/22022D1540.md
22022D1540	Artigo 3.º		47	49	46	ue/acordos-internacionais/2022/22022D1540.md
22022D1540	Artigo 4.º		51	65	78	ue/acordos-internacionais/2022/22022D1540.md
22022D1541	Preâmbulo		18	48	898	ue/acordos-internacionais/2022/22022D1541.md
22022D1541	Artigo 1.º		52	79	722	ue/acordos-internacionais/2022/22022D1541.md
22022D1541	Artigo 2.º		81	83	76	ue/acordos-internacionais/2022/22022D1541.md
22022D1541	Artigo 3.º		85	87	46	ue/acordos-internacionais/2022/22022D1541.md
22022D1541	Artigo 4.º		89	119	150	ue/acordos-internacionais/2022/22022D1541.md
22022D1542	Preâmbulo		18	36	534	ue/acordos-internacionais/2022/22022D1542.md
22022D1542	Artigo 1.º		40	51	392	ue/acordos-internacionais/2022/22022D1542.md
22022D1542	Artigo 2.º		53	55	52	ue/acordos-internacionais/2022/22022D1542.md
22022D1542	Artigo 3.º		57	59	46	ue/acordos-internacionais/2022/22022D1542.md
22022D1542	Artigo 4.º		61	83	115	ue/acordos-internacionais/2022/22022D1542.md
22022D1543	Preâmbulo		18	42	708	ue/acordos-internacionais/2022/22022D1543.md
22022D1543	Artigo 1.º		46	61	572	ue/acordos-internacionais/2022/22022D1543.md
22022D1543	Artigo 2.º		63	65	68	ue/acordos-internacionais/2022/22022D1543.md
22022D1543	Artigo 3.º		67	69	46	ue/acordos-internacionais/2022/22022D1543.md
22022D1543	Artigo 4.º		71	95	126	ue/acordos-internacionais/2022/22022D1543.md
22022D1544	Preâmbulo		18	38	450	ue/acordos-internacionais/2022/22022D1544.md
22022D1544	Artigo 1.º		42	55	294	ue/acordos-internacionais/2022/22022D1544.md
22022D1544	Artigo 2.º		57	59	56	ue/acordos-internacionais/2022/22022D1544.md
22022D1544	Artigo 3.º		61	63	46	ue/acordos-internacionais/2022/22022D1544.md
22022D1544	Artigo 4.º		65	85	107	ue/acordos-internacionais/2022/22022D1544.md
22022D1545	Preâmbulo		18	32	272	ue/acordos-internacionais/2022/22022D1545.md
22022D1545	Artigo 1.º		36	41	71	ue/acordos-internacionais/2022/22022D1545.md
22022D1545	Artigo 2.º		43	45	46	ue/acordos-internacionais/2022/22022D1545.md
22022D1545	Artigo 3.º		47	49	46	ue/acordos-internacionais/2022/22022D1545.md
22022D1545	Artigo 4.º		51	65	78	ue/acordos-internacionais/2022/22022D1545.md
22022D1546	Preâmbulo		18	32	288	ue/acordos-internacionais/2022/22022D1546.md
22022D1546	Artigo 1.º		36	41	82	ue/acordos-internacionais/2022/22022D1546.md
22022D1546	Artigo 2.º		43	45	46	ue/acordos-internacionais/2022/22022D1546.md
22022D1546	Artigo 3.º		47	49	46	ue/acordos-internacionais/2022/22022D1546.md
22022D1546	Artigo 4.º		51	65	78	ue/acordos-internacionais/2022/22022D1546.md
22022D1547	Preâmbulo		18	32	308	ue/acordos-internacionais/2022/22022D1547.md
22022D1547	Artigo 1.º		36	41	70	ue/acordos-internacionais/2022/22022D1547.md
22022D1547	Artigo 2.º		43	45	46	ue/acordos-internacionais/2022/22022D1547.md
22022D1547	Artigo 3.º		47	49	46	ue/acordos-internacionais/2022/22022D1547.md
22022D1547	Artigo 4.º		51	65	78	ue/acordos-internacionais/2022/22022D1547.md
22022D1548	Preâmbulo		18	36	444	ue/acordos-internacionais/2022/22022D1548.md
22022D1548	Artigo 1.º		40	58	248	ue/acordos-internacionais/2022/22022D1548.md
22022D1548	Artigo 2.º		60	65	75	ue/acordos-internacionais/2022/22022D1548.md
22022D1548	Artigo 3.º		67	69	62	ue/acordos-internacionais/2022/22022D1548.md
22022D1548	Artigo 4.º		71	73	46	ue/acordos-internacionais/2022/22022D1548.md
22022D1548	Artigo 5.º		75	93	96	ue/acordos-internacionais/2022/22022D1548.md
22022D1549	Preâmbulo		18	40	623	ue/acordos-internacionais/2022/22022D1549.md
22022D1549	Artigo 1.º		44	64	456	ue/acordos-internacionais/2022/22022D1549.md
22022D1549	Artigo 2.º		66	70	182	ue/acordos-internacionais/2022/22022D1549.md
22022D1549	Artigo 3.º		72	74	65	ue/acordos-internacionais/2022/22022D1549.md
22022D1549	Artigo 4.º		76	78	45	ue/acordos-internacionais/2022/22022D1549.md
22022D1549	Artigo 5.º		80	102	114	ue/acordos-internacionais/2022/22022D1549.md
22022D1550	Preâmbulo		18	32	338	ue/acordos-internacionais/2022/22022D1550.md
22022D1550	Artigo 1.º		36	48	318	ue/acordos-internacionais/2022/22022D1550.md
22022D1550	Artigo 2.º		50	55	157	ue/acordos-internacionais/2022/22022D1550.md
22022D1550	Artigo 3.º		57	59	46	ue/acordos-internacionais/2022/22022D1550.md
22022D1550	Artigo 4.º		61	63	46	ue/acordos-internacionais/2022/22022D1550.md
22022D1550	Artigo 5.º		65	79	78	ue/acordos-internacionais/2022/22022D1550.md
22022D1551	Preâmbulo		18	32	326	ue/acordos-internacionais/2022/22022D1551.md
22022D1551	Artigo 1.º		36	41	75	ue/acordos-internacionais/2022/22022D1551.md
22022D1551	Artigo 2.º		43	48	76	ue/acordos-internacionais/2022/22022D1551.md
22022D1551	Artigo 3.º		50	52	44	ue/acordos-internacionais/2022/22022D1551.md
22022D1551	Artigo 4.º		54	56	46	ue/acordos-internacionais/2022/22022D1551.md
22022D1551	Artigo 5.º		58	72	78	ue/acordos-internacionais/2022/22022D1551.md
22022D1552	Preâmbulo		18	40	644	ue/acordos-internacionais/2022/22022D1552.md
22022D1552	Artigo 1.º		44	57	195	ue/acordos-internacionais/2022/22022D1552.md
22022D1552	Artigo 2.º		59	72	194	ue/acordos-internacionais/2022/22022D1552.md
22022D1552	Artigo 3.º		74	76	61	ue/acordos-internacionais/2022/22022D1552.md
22022D1552	Artigo 4.º		78	80	45	ue/acordos-internacionais/2022/22022D1552.md
22022D1552	Artigo 5.º		82	104	116	ue/acordos-internacionais/2022/22022D1552.md
22022D1553	Preâmbulo		18	34	370	ue/acordos-internacionais/2022/22022D1553.md
22022D1553	Artigo 1.º		38	45	106	ue/acordos-internacionais/2022/22022D1553.md
22022D1553	Artigo 2.º		47	54	107	ue/acordos-internacionais/2022/22022D1553.md
22022D1553	Artigo 3.º		56	58	49	ue/acordos-internacionais/2022/22022D1553.md
22022D1553	Artigo 4.º		60	62	46	ue/acordos-internacionais/2022/22022D1553.md
22022D1553	Artigo 5.º		64	80	88	ue/acordos-internacionais/2022/22022D1553.md
22022D1554	Preâmbulo		18	32	312	ue/acordos-internacionais/2022/22022D1554.md
22022D1554	Artigo 1.º		36	41	75	ue/acordos-internacionais/2022/22022D1554.md
22022D1554	Artigo 2.º		43	48	76	ue/acordos-internacionais/2022/22022D1554.md
22022D1554	Artigo 3.º		50	52	44	ue/acordos-internacionais/2022/22022D1554.md
22022D1554	Artigo 4.º		54	56	46	ue/acordos-internacionais/2022/22022D1554.md
22022D1554	Artigo 5.º		58	72	78	ue/acordos-internacionais/2022/22022D1554.md
22022D1555	Preâmbulo		18	36	492	ue/acordos-internacionais/2022/22022D1555.md
22022D1555	Artigo 1.º		40	49	137	ue/acordos-internacionais/2022/22022D1555.md
22022D1555	Artigo 2.º		51	60	136	ue/acordos-internacionais/2022/22022D1555.md
22022D1555	Artigo 3.º		62	64	53	ue/acordos-internacionais/2022/22022D1555.md
22022D1555	Artigo 4.º		66	68	46	ue/acordos-internacionais/2022/22022D1555.md
22022D1555	Artigo 5.º		70	88	97	ue/acordos-internacionais/2022/22022D1555.md
22022D1556	Preâmbulo		18	34	429	ue/acordos-internacionais/2022/22022D1556.md
22022D1556	Artigo 1.º		38	45	104	ue/acordos-internacionais/2022/22022D1556.md
22022D1556	Artigo 2.º		47	54	105	ue/acordos-internacionais/2022/22022D1556.md
22022D1556	Artigo 3.º		56	58	48	ue/acordos-internacionais/2022/22022D1556.md
22022D1556	Artigo 4.º		60	62	46	ue/acordos-internacionais/2022/22022D1556.md
22022D1556	Artigo 5.º		64	80	86	ue/acordos-internacionais/2022/22022D1556.md
22022D1557	Preâmbulo		18	32	275	ue/acordos-internacionais/2022/22022D1557.md
22022D1557	Artigo 1.º		36	41	103	ue/acordos-internacionais/2022/22022D1557.md
22022D1557	Artigo 2.º		43	48	112	ue/acordos-internacionais/2022/22022D1557.md
22022D1557	Artigo 3.º		50	52	47	ue/acordos-internacionais/2022/22022D1557.md
22022D1557	Artigo 4.º		54	56	46	ue/acordos-internacionais/2022/22022D1557.md
22022D1557	Artigo 5.º		58	72	78	ue/acordos-internacionais/2022/22022D1557.md
22022D1558	Preâmbulo		18	32	261	ue/acordos-internacionais/2022/22022D1558.md
22022D1558	Artigo 1.º		36	41	76	ue/acordos-internacionais/2022/22022D1558.md
22022D1558	Artigo 2.º		43	45	44	ue/acordos-internacionais/2022/22022D1558.md
22022D1558	Artigo 3.º		47	49	46	ue/acordos-internacionais/2022/22022D1558.md
22022D1558	Artigo 4.º		51	65	78	ue/acordos-internacionais/2022/22022D1558.md
22022D1559	Preâmbulo		18	32	286	ue/acordos-internacionais/2022/22022D1559.md
22022D1559	Artigo 1.º		36	41	79	ue/acordos-internacionais/2022/22022D1559.md
22022D1559	Artigo 2.º		43	45	44	ue/acordos-internacionais/2022/22022D1559.md
22022D1559	Artigo 3.º		47	49	46	ue/acordos-internacionais/2022/22022D1559.md
22022D1559	Artigo 4.º		51	65	78	ue/acordos-internacionais/2022/22022D1559.md
22022D1560	Preâmbulo		18	36	478	ue/acordos-internacionais/2022/22022D1560.md
22022D1560	Artigo 1.º		40	64	414	ue/acordos-internacionais/2022/22022D1560.md
22022D1560	Artigo 2.º		66	68	56	ue/acordos-internacionais/2022/22022D1560.md
22022D1560	Artigo 3.º		70	72	46	ue/acordos-internacionais/2022/22022D1560.md
22022D1560	Artigo 4.º		74	92	96	ue/acordos-internacionais/2022/22022D1560.md
22022D1561	Preâmbulo		18	34	348	ue/acordos-internacionais/2022/22022D1561.md
22022D1561	Artigo 1.º		38	55	269	ue/acordos-internacionais/2022/22022D1561.md
22022D1561	Artigo 2.º		57	59	55	ue/acordos-internacionais/2022/22022D1561.md
22022D1561	Artigo 3.º		61	63	45	ue/acordos-internacionais/2022/22022D1561.md
22022D1561	Artigo 4.º		65	81	87	ue/acordos-internacionais/2022/22022D1561.md
22022D1562	Preâmbulo		18	38	554	ue/acordos-internacionais/2022/22022D1562.md
22022D1562	Artigo 1.º		42	66	589	ue/acordos-internacionais/2022/22022D1562.md
22022D1562	Artigo 2.º		68	70	60	ue/acordos-internacionais/2022/22022D1562.md
22022D1562	Artigo 3.º		72	74	46	ue/acordos-internacionais/2022/22022D1562.md
22022D1562	Artigo 4.º		76	96	106	ue/acordos-internacionais/2022/22022D1562.md
22022D1563	Preâmbulo		18	32	236	ue/acordos-internacionais/2022/22022D1563.md
22022D1563	Artigo 1.º		36	43	196	ue/acordos-internacionais/2022/22022D1563.md
22022D1563	Artigo 2.º		45	47	52	ue/acordos-internacionais/2022/22022D1563.md
22022D1563	Artigo 3.º		49	51	82	ue/acordos-internacionais/2022/22022D1563.md
22022D1563	Artigo 4.º		53	71	98	ue/acordos-internacionais/2022/22022D1563.md
22022D1564	Preâmbulo		18	30	150	ue/acordos-internacionais/2022/22022D1564.md
22022D1564	Artigo 1.º		34	39	77	ue/acordos-internacionais/2022/22022D1564.md
22022D1564	Artigo 2.º		41	43	46	ue/acordos-internacionais/2022/22022D1564.md
22022D1564	Artigo 3.º		45	47	46	ue/acordos-internacionais/2022/22022D1564.md
22022D1564	Artigo 4.º		49	63	78	ue/acordos-internacionais/2022/22022D1564.md
22022D1565	Preâmbulo		18	30	218	ue/acordos-internacionais/2022/22022D1565.md
22022D1565	Artigo 1.º		34	39	74	ue/acordos-internacionais/2022/22022D1565.md
22022D1565	Artigo 2.º		41	43	46	ue/acordos-internacionais/2022/22022D1565.md
22022D1565	Artigo 3.º		45	47	46	ue/acordos-internacionais/2022/22022D1565.md
22022D1565	Artigo 4.º		49	63	78	ue/acordos-internacionais/2022/22022D1565.md
22022D1566	Preâmbulo		18	36	451	ue/acordos-internacionais/2022/22022D1566.md
22022D1566	Artigo 1.º		40	59	248	ue/acordos-internacionais/2022/22022D1566.md
22022D1566	Artigo 2.º		61	63	69	ue/acordos-internacionais/2022/22022D1566.md
22022D1566	Artigo 3.º		65	67	45	ue/acordos-internacionais/2022/22022D1566.md
22022D1566	Artigo 4.º		69	89	107	ue/acordos-internacionais/2022/22022D1566.md
22022D1567	Preâmbulo		18	30	130	ue/acordos-internacionais/2022/22022D1567.md
22022D1567	Artigo 1.º		34	39	103	ue/acordos-internacionais/2022/22022D1567.md
22022D1567	Artigo 2.º		41	43	46	ue/acordos-internacionais/2022/22022D1567.md
22022D1567	Artigo 3.º		45	47	46	ue/acordos-internacionais/2022/22022D1567.md
22022D1567	Artigo 4.º		49	63	78	ue/acordos-internacionais/2022/22022D1567.md
22022D1568	Preâmbulo		18	32	220	ue/acordos-internacionais/2022/22022D1568.md
22022D1568	Artigo 1.º		36	44	200	ue/acordos-internacionais/2022/22022D1568.md
22022D1568	Artigo 2.º		46	48	51	ue/acordos-internacionais/2022/22022D1568.md
22022D1568	Artigo 3.º		50	52	45	ue/acordos-internacionais/2022/22022D1568.md
22022D1568	Artigo 4.º		54	70	87	ue/acordos-internacionais/2022/22022D1568.md
22022D1569	Preâmbulo		18	32	267	ue/acordos-internacionais/2022/22022D1569.md
22022D1569	Artigo 1.º		36	44	244	ue/acordos-internacionais/2022/22022D1569.md
22022D1569	Artigo 2.º		46	48	51	ue/acordos-internacionais/2022/22022D1569.md
22022D1569	Artigo 3.º		50	52	46	ue/acordos-internacionais/2022/22022D1569.md
22022D1569	Artigo 4.º		54	70	87	ue/acordos-internacionais/2022/22022D1569.md
22022D1570	Preâmbulo		18	32	275	ue/acordos-internacionais/2022/22022D1570.md
22022D1570	Artigo 1.º		36	51	334	ue/acordos-internacionais/2022/22022D1570.md
22022D1570	Artigo 2.º		53	55	52	ue/acordos-internacionais/2022/22022D1570.md
22022D1570	Artigo 3.º		57	59	46	ue/acordos-internacionais/2022/22022D1570.md
22022D1570	Artigo 4.º		61	77	87	ue/acordos-internacionais/2022/22022D1570.md
22022D1571	Preâmbulo		18	30	180	ue/acordos-internacionais/2022/22022D1571.md
22022D1571	Artigo 1.º		34	46	228	ue/acordos-internacionais/2022/22022D1571.md
22022D1571	Artigo 2.º		48	50	47	ue/acordos-internacionais/2022/22022D1571.md
22022D1571	Artigo 3.º		52	54	45	ue/acordos-internacionais/2022/22022D1571.md
22022D1571	Artigo 4.º		56	70	78	ue/acordos-internacionais/2022/22022D1571.md
22022D1572	Preâmbulo		18	36	438	ue/acordos-internacionais/2022/22022D1572.md
22022D1572	Artigo 1.º		40	67	524	ue/acordos-internacionais/2022/22022D1572.md
22022D1572	Artigo 2.º		69	71	60	ue/acordos-internacionais/2022/22022D1572.md
22022D1572	Artigo 3.º		73	75	46	ue/acordos-internacionais/2022/22022D1572.md
22022D1572	Artigo 4.º		77	97	104	ue/acordos-internacionais/2022/22022D1572.md
22022D1573	Preâmbulo		18	32	374	ue/acordos-internacionais/2022/22022D1573.md
22022D1573	Artigo 1.º		36	48	212	ue/acordos-internacionais/2022/22022D1573.md
22022D1573	Artigo 2.º		50	52	52	ue/acordos-internacionais/2022/22022D1573.md
22022D1573	Artigo 3.º		54	56	46	ue/acordos-internacionais/2022/22022D1573.md
22022D1573	Artigo 4.º		58	74	87	ue/acordos-internacionais/2022/22022D1573.md
22022D1574	Preâmbulo		18	30	146	ue/acordos-internacionais/2022/22022D1574.md
22022D1574	Artigo 1.º		34	39	75	ue/acordos-internacionais/2022/22022D1574.md
22022D1574	Artigo 2.º		41	43	44	ue/acordos-internacionais/2022/22022D1574.md
22022D1574	Artigo 3.º		45	47	46	ue/acordos-internacionais/2022/22022D1574.md
22022D1574	Artigo 4.º		49	63	78	ue/acordos-internacionais/2022/22022D1574.md
22022D1575	Preâmbulo		18	30	161	ue/acordos-internacionais/2022/22022D1575.md
22022D1575	Artigo 1.º		34	39	75	ue/acordos-internacionais/2022/22022D1575.md
22022D1575	Artigo 2.º		41	43	46	ue/acordos-internacionais/2022/22022D1575.md
22022D1575	Artigo 3.º		45	47	46	ue/acordos-internacionais/2022/22022D1575.md
22022D1575	Artigo 4.º		49	63	79	ue/acordos-internacionais/2022/22022D1575.md
22022D1576	Preâmbulo		18	32	255	ue/acordos-internacionais/2022/22022D1576.md
22022D1576	Artigo 1.º		36	42	78	ue/acordos-internacionais/2022/22022D1576.md
22022D1576	Artigo 2.º		44	46	46	ue/acordos-internacionais/2022/22022D1576.md
22022D1576	Artigo 3.º		48	50	46	ue/acordos-internacionais/2022/22022D1576.md
22022D1576	Artigo 4.º		52	66	78	ue/acordos-internacionais/2022/22022D1576.md
22022D1577	Preâmbulo		18	32	270	ue/acordos-internacionais/2022/22022D1577.md
22022D1577	Artigo 1.º		36	41	126	ue/acordos-internacionais/2022/22022D1577.md
22022D1577	Artigo 2.º		43	45	47	ue/acordos-internacionais/2022/22022D1577.md
22022D1577	Artigo 3.º		47	49	46	ue/acordos-internacionais/2022/22022D1577.md
22022D1577	Artigo 4.º		51	65	78	ue/acordos-internacionais/2022/22022D1577.md
22022D1578	Preâmbulo		18	32	198	ue/acordos-internacionais/2022/22022D1578.md
22022D1578	Artigo 1.º		36	45	156	ue/acordos-internacionais/2022/22022D1578.md
22022D1578	Artigo 2.º		47	49	47	ue/acordos-internacionais/2022/22022D1578.md
22022D1578	Artigo 3.º		51	53	46	ue/acordos-internacionais/2022/22022D1578.md
22022D1578	Artigo 4.º		55	71	88	ue/acordos-internacionais/2022/22022D1578.md
22022D1579	Preâmbulo		18	38	530	ue/acordos-internacionais/2022/22022D1579.md
22022D1579	Artigo 1.º		42	78	926	ue/acordos-internacionais/2022/22022D1579.md
22022D1579	Artigo 2.º		80	82	42	ue/acordos-internacionais/2022/22022D1579.md
22022D1579	Artigo 3.º		84	86	46	ue/acordos-internacionais/2022/22022D1579.md
22022D1579	Artigo 4.º		88	104	181	ue/acordos-internacionais/2022/22022D1579.md
22022D1580	Preâmbulo		18	32	261	ue/acordos-internacionais/2022/22022D1580.md
22022D1580	Artigo 1.º		36	48	143	ue/acordos-internacionais/2022/22022D1580.md
22022D1580	Artigo 2.º		50	62	144	ue/acordos-internacionais/2022/22022D1580.md
22022D1580	Artigo 3.º		64	66	57	ue/acordos-internacionais/2022/22022D1580.md
22022D1580	Artigo 4.º		68	70	46	ue/acordos-internacionais/2022/22022D1580.md
22022D1580	Artigo 5.º		72	88	87	ue/acordos-internacionais/2022/22022D1580.md
22022D1581	Preâmbulo		18	32	180	ue/acordos-internacionais/2022/22022D1581.md
22022D1581	Artigo 1.º		36	45	122	ue/acordos-internacionais/2022/22022D1581.md
22022D1581	Artigo 2.º		47	49	42	ue/acordos-internacionais/2022/22022D1581.md
22022D1581	Artigo 3.º		51	53	46	ue/acordos-internacionais/2022/22022D1581.md
22022D1581	Artigo 4.º		55	71	87	ue/acordos-internacionais/2022/22022D1581.md
22022D1582	Preâmbulo		18	36	439	ue/acordos-internacionais/2022/22022D1582.md
22022D1582	Artigo 1.º		40	63	272	ue/acordos-internacionais/2022/22022D1582.md
22022D1582	Artigo 2.º		65	67	65	ue/acordos-internacionais/2022/22022D1582.md
22022D1582	Artigo 3.º		69	71	81	ue/acordos-internacionais/2022/22022D1582.md
22022D1582	Artigo 4.º		73	95	117	ue/acordos-internacionais/2022/22022D1582.md
22022D1583	Preâmbulo		18	30	188	ue/acordos-internacionais/2022/22022D1583.md
22022D1583	Artigo 1.º		34	39	72	ue/acordos-internacionais/2022/22022D1583.md
22022D1583	Artigo 2.º		41	43	47	ue/acordos-internacionais/2022/22022D1583.md
22022D1583	Artigo 3.º		45	47	46	ue/acordos-internacionais/2022/22022D1583.md
22022D1583	Artigo 4.º		49	63	78	ue/acordos-internacionais/2022/22022D1583.md
22022D1584	Preâmbulo		18	30	191	ue/acordos-internacionais/2022/22022D1584.md
22022D1584	Artigo 1.º		34	39	72	ue/acordos-internacionais/2022/22022D1584.md
22022D1584	Artigo 2.º		41	43	47	ue/acordos-internacionais/2022/22022D1584.md
22022D1584	Artigo 3.º		45	47	46	ue/acordos-internacionais/2022/22022D1584.md
22022D1584	Artigo 4.º		49	63	78	ue/acordos-internacionais/2022/22022D1584.md
22022D1585	Preâmbulo		18	38	574	ue/acordos-internacionais/2022/22022D1585.md
22022D1585	Artigo 1.º		42	55	472	ue/acordos-internacionais/2022/22022D1585.md
22022D1585	Artigo 2.º		57	59	67	ue/acordos-internacionais/2022/22022D1585.md
22022D1585	Artigo 3.º		61	63	82	ue/acordos-internacionais/2022/22022D1585.md
22022D1585	Artigo 4.º		65	95	154	ue/acordos-internacionais/2022/22022D1585.md
22022D1586	Preâmbulo		18	34	426	ue/acordos-internacionais/2022/22022D1586.md
22022D1586	Artigo 1.º		38	49	284	ue/acordos-internacionais/2022/22022D1586.md
22022D1586	Artigo 2.º		51	53	51	ue/acordos-internacionais/2022/22022D1586.md
22022D1586	Artigo 3.º		55	57	82	ue/acordos-internacionais/2022/22022D1586.md
22022D1586	Artigo 4.º		59	79	108	ue/acordos-internacionais/2022/22022D1586.md
22022D1587	Preâmbulo		18	30	203	ue/acordos-internacionais/2022/22022D1587.md
22022D1587	Artigo 1.º		34	39	72	ue/acordos-internacionais/2022/22022D1587.md
22022D1587	Artigo 2.º		41	43	47	ue/acordos-internacionais/2022/22022D1587.md
22022D1587	Artigo 3.º		45	47	46	ue/acordos-internacionais/2022/22022D1587.md
22022D1587	Artigo 4.º		49	63	78	ue/acordos-internacionais/2022/22022D1587.md
22022D1588	Preâmbulo		18	30	180	ue/acordos-internacionais/2022/22022D1588.md
22022D1588	Artigo 1.º		34	39	72	ue/acordos-internacionais/2022/22022D1588.md
22022D1588	Artigo 2.º		41	43	47	ue/acordos-internacionais/2022/22022D1588.md
22022D1588	Artigo 3.º		45	47	46	ue/acordos-internacionais/2022/22022D1588.md
22022D1588	Artigo 4.º		49	63	78	ue/acordos-internacionais/2022/22022D1588.md
22022D1589	Preâmbulo		18	30	166	ue/acordos-internacionais/2022/22022D1589.md
22022D1589	Artigo 1.º		34	39	86	ue/acordos-internacionais/2022/22022D1589.md
22022D1589	Artigo 2.º		41	67	535	ue/acordos-internacionais/2022/22022D1589.md
22022D1589	Artigo 3.º		69	71	56	ue/acordos-internacionais/2022/22022D1589.md
22022D1589	Artigo 4.º		73	75	45	ue/acordos-internacionais/2022/22022D1589.md
22022D1589	Artigo 5.º		77	91	77	ue/acordos-internacionais/2022/22022D1589.md
22022D1590	Preâmbulo		18	30	156	ue/acordos-internacionais/2022/22022D1590.md
22022D1590	Artigo 1.º		34	39	73	ue/acordos-internacionais/2022/22022D1590.md
22022D1590	Artigo 2.º		41	43	46	ue/acordos-internacionais/2022/22022D1590.md
22022D1590	Artigo 3.º		45	47	46	ue/acordos-internacionais/2022/22022D1590.md
22022D1590	Artigo 4.º		49	63	76	ue/acordos-internacionais/2022/22022D1590.md
22022D1591	Preâmbulo		18	34	271	ue/acordos-internacionais/2022/22022D1591.md
22022D1591	Artigo 1.º		38	47	180	ue/acordos-internacionais/2022/22022D1591.md
22022D1591	Artigo 2.º		49	51	46	ue/acordos-internacionais/2022/22022D1591.md
22022D1591	Artigo 3.º		53	55	46	ue/acordos-internacionais/2022/22022D1591.md
22022D1591	Artigo 4.º		57	77	106	ue/acordos-internacionais/2022/22022D1591.md
22022D1592	Preâmbulo		18	30	323	ue/acordos-internacionais/2022/22022D1592.md
22022D1592	Artigo 1.º		34	39	72	ue/acordos-internacionais/2022/22022D1592.md
22022D1592	Artigo 2.º		41	43	46	ue/acordos-internacionais/2022/22022D1592.md
22022D1592	Artigo 3.º		45	47	81	ue/acordos-internacionais/2022/22022D1592.md
22022D1592	Artigo 4.º		49	65	90	ue/acordos-internacionais/2022/22022D1592.md
22022D1593	Preâmbulo		18	34	365	ue/acordos-internacionais/2022/22022D1593.md
22022D1593	Artigo 1.º		38	51	416	ue/acordos-internacionais/2022/22022D1593.md
22022D1593	Artigo 2.º		53	55	58	ue/acordos-internacionais/2022/22022D1593.md
22022D1593	Artigo 3.º		57	59	81	ue/acordos-internacionais/2022/22022D1593.md
22022D1593	Artigo 4.º		61	81	109	ue/acordos-internacionais/2022/22022D1593.md
22022D1594	Preâmbulo		18	30	149	ue/acordos-internacionais/2022/22022D1594.md
22022D1594	Artigo 1.º		34	40	72	ue/acordos-internacionais/2022/22022D1594.md
22022D1594	Artigo 2.º		42	44	46	ue/acordos-internacionais/2022/22022D1594.md
22022D1594	Artigo 3.º		46	48	82	ue/acordos-internacionais/2022/22022D1594.md
22022D1594	Artigo 4.º		50	66	90	ue/acordos-internacionais/2022/22022D1594.md
22022D1595	Preâmbulo		18	32	210	ue/acordos-internacionais/2022/22022D1595.md
22022D1595	Artigo 1.º		36	49	615	ue/acordos-internacionais/2022/22022D1595.md
22022D1595	Artigo 2.º		51	56	50	ue/acordos-internacionais/2022/22022D1595.md
22022D1595	Artigo 3.º		58	60	49	ue/acordos-internacionais/2022/22022D1595.md
22022D1595	Artigo 4.º		62	64	38	ue/acordos-internacionais/2022/22022D1595.md
22022D1595	Artigo 5.º		66	82	86	ue/acordos-internacionais/2022/22022D1595.md
22022D1596	Preâmbulo		18	30	140	ue/acordos-internacionais/2022/22022D1596.md
22022D1596	Artigo 1.º		34	39	106	ue/acordos-internacionais/2022/22022D1596.md
22022D1596	Artigo 2.º		41	43	47	ue/acordos-internacionais/2022/22022D1596.md
22022D1596	Artigo 3.º		45	47	46	ue/acordos-internacionais/2022/22022D1596.md
22022D1596	Artigo 4.º		49	63	78	ue/acordos-internacionais/2022/22022D1596.md
22022D1597	Preâmbulo		18	32	279	ue/acordos-internacionais/2022/22022D1597.md
22022D1597	Artigo 1.º		36	41	125	ue/acordos-internacionais/2022/22022D1597.md
22022D1597	Artigo 2.º		43	45	60	ue/acordos-internacionais/2022/22022D1597.md
22022D1597	Artigo 3.º		47	49	46	ue/acordos-internacionais/2022/22022D1597.md
22022D1597	Artigo 4.º		51	69	96	ue/acordos-internacionais/2022/22022D1597.md
22022D1598	Preâmbulo		18	30	119	ue/acordos-internacionais/2022/22022D1598.md
22022D1598	Artigo 1.º		34	39	86	ue/acordos-internacionais/2022/22022D1598.md
22022D1598	Artigo 2.º		41	43	46	ue/acordos-internacionais/2022/22022D1598.md
22022D1598	Artigo 3.º		45	47	46	ue/acordos-internacionais/2022/22022D1598.md
22022D1598	Artigo 4.º		49	63	78	ue/acordos-internacionais/2022/22022D1598.md
22022D1599	Preâmbulo		18	30	170	ue/acordos-internacionais/2022/22022D1599.md
22022D1599	Artigo 1.º		34	68	362	ue/acordos-internacionais/2022/22022D1599.md
22022D1599	Artigo 2.º		70	72	43	ue/acordos-internacionais/2022/22022D1599.md
22022D1599	Artigo 3.º		74	76	46	ue/acordos-internacionais/2022/22022D1599.md
22022D1599	Artigo 4.º		78	92	78	ue/acordos-internacionais/2022/22022D1599.md
22022D1600	Preâmbulo		18	30	127	ue/acordos-internacionais/2022/22022D1600.md
22022D1600	Artigo 1.º		34	39	73	ue/acordos-internacionais/2022/22022D1600.md
22022D1600	Artigo 2.º		41	43	46	ue/acordos-internacionais/2022/22022D1600.md
22022D1600	Artigo 3.º		45	47	46	ue/acordos-internacionais/2022/22022D1600.md
22022D1600	Artigo 4.º		49	63	78	ue/acordos-internacionais/2022/22022D1600.md
22022D1601	Preâmbulo		18	32	208	ue/acordos-internacionais/2022/22022D1601.md
22022D1601	Artigo 1.º		36	45	219	ue/acordos-internacionais/2022/22022D1601.md
22022D1601	Artigo 2.º		47	49	44	ue/acordos-internacionais/2022/22022D1601.md
22022D1601	Artigo 3.º		51	53	46	ue/acordos-internacionais/2022/22022D1601.md
22022D1601	Artigo 4.º		55	71	86	ue/acordos-internacionais/2022/22022D1601.md
22022D1602	Preâmbulo		18	30	137	ue/acordos-internacionais/2022/22022D1602.md
22022D1602	Artigo 1.º		34	59	364	ue/acordos-internacionais/2022/22022D1602.md
22022D1602	Artigo 2.º		61	63	43	ue/acordos-internacionais/2022/22022D1602.md
22022D1602	Artigo 3.º		65	67	46	ue/acordos-internacionais/2022/22022D1602.md
22022D1602	Artigo 4.º		69	83	78	ue/acordos-internacionais/2022/22022D1602.md
22022D1603	Preâmbulo		18	30	163	ue/acordos-internacionais/2022/22022D1603.md
22022D1603	Artigo 1.º		34	39	74	ue/acordos-internacionais/2022/22022D1603.md
22022D1603	Artigo 2.º		41	43	46	ue/acordos-internacionais/2022/22022D1603.md
22022D1603	Artigo 3.º		45	47	82	ue/acordos-internacionais/2022/22022D1603.md
22022D1603	Artigo 4.º		49	65	90	ue/acordos-internacionais/2022/22022D1603.md
22022D1604	Preâmbulo		18	32	234	ue/acordos-internacionais/2022/22022D1604.md
22022D1604	Artigo 1.º		36	41	166	ue/acordos-internacionais/2022/22022D1604.md
22022D1604	Artigo 2.º		43	45	46	ue/acordos-internacionais/2022/22022D1604.md
22022D1604	Artigo 3.º		47	49	82	ue/acordos-internacionais/2022/22022D1604.md
22022D1604	Artigo 4.º		51	67	82	ue/acordos-internacionais/2022/22022D1604.md
22022D1605	Preâmbulo		18	32	212	ue/acordos-internacionais/2022/22022D1605.md
22022D1605	Artigo 1.º		36	40	133	ue/acordos-internacionais/2022/22022D1605.md
22022D1605	Artigo 2.º		42	44	47	ue/acordos-internacionais/2022/22022D1605.md
22022D1605	Artigo 3.º		46	48	46	ue/acordos-internacionais/2022/22022D1605.md
22022D1605	Artigo 4.º		50	66	87	ue/acordos-internacionais/2022/22022D1605.md
22022D1606	Preâmbulo		18	30	167	ue/acordos-internacionais/2022/22022D1606.md
22022D1606	Artigo 1.º		34	39	67	ue/acordos-internacionais/2022/22022D1606.md
22022D1606	Artigo 2.º		41	43	44	ue/acordos-internacionais/2022/22022D1606.md
22022D1606	Artigo 3.º		45	47	46	ue/acordos-internacionais/2022/22022D1606.md
22022D1606	Artigo 4.º		49	63	78	ue/acordos-internacionais/2022/22022D1606.md
22022D1607	Preâmbulo		18	38	456	ue/acordos-internacionais/2022/22022D1607.md
22022D1607	Artigo 1.º		42	44	24	ue/acordos-internacionais/2022/22022D1607.md
22022D1607	Artigo 2.º		46	50	62	ue/acordos-internacionais/2022/22022D1607.md
22022D1607	Artigo 3.º		52	54	30	ue/acordos-internacionais/2022/22022D1607.md
22022D1607	Artigo 4.º		56	70	106	ue/acordos-internacionais/2022/22022D1607.md
22022D1607	ANEXO		72	867	17170	ue/acordos-internacionais/2022/22022D1607.md
22022D1607	Artigo 1.º	Definições	259	303	1122	ue/acordos-internacionais/2022/22022D1607.md
22022D1607	Artigo 2.º	Requisitos gerais	305	315	268	ue/acordos-internacionais/2022/22022D1607.md
22022D1607	Artigo 3.º	Produtos inteiramente obtidos	317	363	608	ue/acordos-internacionais/2022/22022D1607.md
22022D1607	Artigo 4.º	Operações de complemento de fabrico ou de transformação suficientes	365	379	646	ue/acordos-internacionais/2022/22022D1607.md
22022D1607	Artigo 5.º	Regra relativa à tolerância	381	393	345	ue/acordos-internacionais/2022/22022D1607.md
22022D1607	Artigo 6.º	Operações de complemento de fabrico ou de transformação insuficientes	395	435	565	ue/acordos-internacionais/2022/22022D1607.md
22022D1607	Artigo 7.º	Acumulação da origem	437	453	728	ue/acordos-internacionais/2022/22022D1607.md
22022D1607	Artigo 8.º	Condições para a aplicação da acumulação da origem	455	475	517	ue/acordos-internacionais/2022/22022D1607.md
22022D1607	Artigo 9.º	Unidade de qualificação	477	487	310	ue/acordos-internacionais/2022/22022D1607.md
22022D1607	Artigo 10.º	Sortidos	489	493	105	ue/acordos-internacionais/2022/22022D1607.md
22022D1607	Artigo 11.º	Elementos neutros	495	505	94	ue/acordos-internacionais/2022/22022D1607.md
22022D1607	Artigo 12.º	Separação de contas	507	523	462	ue/acordos-internacionais/2022/22022D1607.md
22022D1607	Artigo 13.º	Princípio da territorialidade	525	551	732	ue/acordos-internacionais/2022/22022D1607.md
22022D1607	Artigo 14.º	Não alteração	553	569	514	ue/acordos-internacionais/2022/22022D1607.md
22022D1607	Artigo 15.º	Exposições	571	589	426	ue/acordos-internacionais/2022/22022D1607.md
22022D1607	Artigo 16.º	Draubaque ou isenção de direitos aduaneiros	591	603	426	ue/acordos-internacionais/2022/22022D1607.md
22022D1607	Artigo 17.º	Requisitos gerais	605	621	609	ue/acordos-internacionais/2022/22022D1607.md
22022D1607	Artigo 18.º	Condições para efetuar uma declaração de origem	623	641	608	ue/acordos-internacionais/2022/22022D1607.md
22022D1607	Artigo 19.º	Exportador autorizado	643	651	258	ue/acordos-internacionais/2022/22022D1607.md
22022D1607	Artigo 20.º	Procedimento para a emissão do certificado de circulação de mercadorias EUR.1	653	669	754	ue/acordos-internacionais/2022/22022D1607.md
22022D1607	Artigo 21.º	Emissão a posteriori de certificados de circulação de mercadorias EUR.1	671	691	585	ue/acordos-internacionais/2022/22022D1607.md
22022D1607	Artigo 22.º	Emissão de uma segunda via do certificado de circulação de mercadorias EUR.1	693	701	194	ue/acordos-internacionais/2022/22022D1607.md
22022D1607	Artigo 23.º	Prazo de validade da prova de origem	703	709	209	ue/acordos-internacionais/2022/22022D1607.md
22022D1607	Artigo 24.º	Zonas francas	711	715	195	ue/acordos-internacionais/2022/22022D1607.md
22022D1607	Artigo 25.º	Requisitos de importação	717	719	59	ue/acordos-internacionais/2022/22022D1607.md
22022D1607	Artigo 26.º	Importação em remessas escalonadas	721	723	137	ue/acordos-internacionais/2022/22022D1607.md
22022D1607	Artigo 27.º	Isenções da prova de origem	725	737	259	ue/acordos-internacionais/2022/22022D1607.md
22022D1607	Artigo 28.º	Discrepâncias e erros formais	739	743	171	ue/acordos-internacionais/2022/22022D1607.md
22022D1607	Artigo 29.º	Declarações do fornecedor	745	757	872	ue/acordos-internacionais/2022/22022D1607.md
22022D1607	Artigo 30.º	Montantes expressos em euros	759	773	498	ue/acordos-internacionais/2022/22022D1607.md
22022D1607	Artigo 31.º	Provas documentais, conservação das provas de origem e documentos comprovativos	775	799	904	ue/acordos-internacionais/2022/22022D1607.md
22022D1607	Artigo 32.º	Resolução de litígios	801	809	156	ue/acordos-internacionais/2022/22022D1607.md
22022D1607	Artigo 33.º	Notificação e cooperação	811	815	218	ue/acordos-internacionais/2022/22022D1607.md
22022D1607	Artigo 34.º	Controlo das provas de origem	817	829	592	ue/acordos-internacionais/2022/22022D1607.md
22022D1607	Artigo 35.º	Controlo das declarações do fornecedor	831	841	544	ue/acordos-internacionais/2022/22022D1607.md
22022D1607	Artigo 36.º	Sanções	843	849	64	ue/acordos-internacionais/2022/22022D1607.md
22022D1607	Artigo 37.º	Listenstaine	851	853	51	ue/acordos-internacionais/2022/22022D1607.md
22022D1607	Artigo 38.º	República de São Marinho	855	857	64	ue/acordos-internacionais/2022/22022D1607.md
22022D1607	Artigo 39.º	Principado de Andorra	859	861	74	ue/acordos-internacionais/2022/22022D1607.md
22022D1607	Artigo 40.º	Ceuta e Melilha	863	867	85	ue/acordos-internacionais/2022/22022D1607.md
22022D1607	ANEXO I	NOTAS INTRODUTÓRIAS DA LISTA DO ANEXO II	869	990	5471	ue/acordos-internacionais/2022/22022D1607.md
22022D1607	ANEXO II	LISTA DAS OPERAÇÕES DE COMPLEMENTO DE FABRICO OU DE TRANSFORMAÇÃO A EFETUAR EM MATÉRIAS NÃO ORIGINÁRIAS PARA QUE O PRODUTO TRANSFORMADO POSSA ADQUIRIR O CARÁTER	992	1266	19473	ue/acordos-internacionais/2022/22022D1607.md
22022D1607	ANEXO III	TEXTO DA DECLARAÇÃO DE ORIGEM	1268	1440	2548	ue/acordos-internacionais/2022/22022D1607.md
22022D1607	ANEXO IV	MODELOS DO CERTIFICADO DE CIRCULAÇÃO DE MERCADORIAS EUR.1 E DO PEDIDO DE CERTIFICADO DE CIRCULAÇÃO DE MERCADORIAS EUR.1	1442	1525	1448	ue/acordos-internacionais/2022/22022D1607.md
22022D1607	ANEXO V	CONDIÇÕES ESPECIAIS APLICÁVEIS AOS PRODUTOS ORIGINÁRIOS DE CEUTA E DE MELILHA	1527	1557	516	ue/acordos-internacionais/2022/22022D1607.md
22022D1607	Artigo único		1529	1557	494	ue/acordos-internacionais/2022/22022D1607.md
22022D1607	ANEXO VI	DECLARAÇÃO DO FORNECEDOR	1559	1591	510	ue/acordos-internacionais/2022/22022D1607.md
22022D1607	ANEXO VII	DECLARAÇÃO DO FORNECEDOR DE LONGO PRAZO	1593	1692	2301	ue/acordos-internacionais/2022/22022D1607.md
22022D1608	Preâmbulo		18	30	168	ue/acordos-internacionais/2022/22022D1608.md
22022D1608	Artigo 1.º		34	49	166	ue/acordos-internacionais/2022/22022D1608.md
22022D1608	Artigo 2.º		51	53	46	ue/acordos-internacionais/2022/22022D1608.md
22022D1608	Artigo 3.º		55	57	46	ue/acordos-internacionais/2022/22022D1608.md
22022D1608	Artigo 4.º		59	73	78	ue/acordos-internacionais/2022/22022D1608.md
22022D1635	Artigo 1.º		46	52	66	ue/acordos-internacionais/2022/22022D1635.md
22022D1635	Artigo 2.º		54	56	21	ue/acordos-internacionais/2022/22022D1635.md
22022D1635	Artigo 3.º		58	108	519	ue/acordos-internacionais/2022/22022D1635.md
22022D1641	Preâmbulo		18	32	192	ue/acordos-internacionais/2022/22022D1641.md
22022D1641	Artigo 1.º		36	38	36	ue/acordos-internacionais/2022/22022D1641.md
22022D1641	Artigo 2.º		40	52	54	ue/acordos-internacionais/2022/22022D1641.md
22022D1642	Preâmbulo		18	32	174	ue/acordos-internacionais/2022/22022D1642.md
22022D1642	Artigo 1.º		36	38	36	ue/acordos-internacionais/2022/22022D1642.md
22022D1642	Artigo 2.º		40	52	54	ue/acordos-internacionais/2022/22022D1642.md
22022D1669	Preâmbulo		18	40	832	ue/acordos-internacionais/2022/22022D1669.md
22022D1669	Artigo 1.º		44	50	74	ue/acordos-internacionais/2022/22022D1669.md
22022D1669	Artigo 2.º		52	74	432	ue/acordos-internacionais/2022/22022D1669.md
22022D1669	ANEXO A		76	90	113	ue/acordos-internacionais/2022/22022D1669.md
22022D1669	ANEXO B		92	2105	30270	ue/acordos-internacionais/2022/22022D1669.md
22022D1669	ANEXO C		2107	2353	3877	ue/acordos-internacionais/2022/22022D1669.md
22022D1669	Artigo 1.º		2117	2121	66	ue/acordos-internacionais/2022/22022D1669.md
22022D1669	Artigo 2.º		2123	2131	87	ue/acordos-internacionais/2022/22022D1669.md
22022D1669	Artigo 3.º		2133	2141	97	ue/acordos-internacionais/2022/22022D1669.md
22022D1669	Artigo 4.º		2143	2171	454	ue/acordos-internacionais/2022/22022D1669.md
22022D1669	Artigo 5.º		2173	2193	347	ue/acordos-internacionais/2022/22022D1669.md
22022D1669	Artigo 6.º		2195	2199	132	ue/acordos-internacionais/2022/22022D1669.md
22022D1669	Artigo 7.º		2201	2225	423	ue/acordos-internacionais/2022/22022D1669.md
22022D1669	Artigo 8.º		2227	2233	194	ue/acordos-internacionais/2022/22022D1669.md
22022D1669	Artigo 9.º		2235	2241	175	ue/acordos-internacionais/2022/22022D1669.md
22022D1669	Artigo 10.º		2243	2245	29	ue/acordos-internacionais/2022/22022D1669.md
22022D1669	Artigo 11.º		2247	2251	36	ue/acordos-internacionais/2022/22022D1669.md
22022D1669	Artigo 12.º		2253	2265	435	ue/acordos-internacionais/2022/22022D1669.md
22022D1669	Artigo 13.º		2267	2277	269	ue/acordos-internacionais/2022/22022D1669.md
22022D1669	Artigo 14.º		2279	2291	260	ue/acordos-internacionais/2022/22022D1669.md
22022D1669	Artigo 15.º		2293	2301	210	ue/acordos-internacionais/2022/22022D1669.md
22022D1669	Artigo 16.º		2303	2313	105	ue/acordos-internacionais/2022/22022D1669.md
22022D1669	Artigo 17.º		2315	2321	130	ue/acordos-internacionais/2022/22022D1669.md
22022D1669	Artigo 18.º		2323	2331	199	ue/acordos-internacionais/2022/22022D1669.md
22022D1669	Artigo 19.º		2333	2337	66	ue/acordos-internacionais/2022/22022D1669.md
22022D1669	Artigos 20.º a 22.º		2339	2343	25	ue/acordos-internacionais/2022/22022D1669.md
22022D1669	Artigo 23.º		2345	2347	68	ue/acordos-internacionais/2022/22022D1669.md
22022D1669	Artigos 24.º a 26.º		2349	2353	27	ue/acordos-internacionais/2022/22022D1669.md
22022D1669	ANEXO I	DISPOSIÇÕES DE EXECUÇÃO	2355	2523	3396	ue/acordos-internacionais/2022/22022D1669.md
22022D1669	Artigo 1.º		2361	2369	63	ue/acordos-internacionais/2022/22022D1669.md
22022D1669	Artigo 1.º-A		2371	2389	329	ue/acordos-internacionais/2022/22022D1669.md
22022D1669	Artigo 2.º		2391	2395	92	ue/acordos-internacionais/2022/22022D1669.md
22022D1669	Artigo 4.º		2397	2401	125	ue/acordos-internacionais/2022/22022D1669.md
22022D1669	Artigo 5.º		2403	2413	290	ue/acordos-internacionais/2022/22022D1669.md
22022D1669	Artigo 7.º		2415	2421	74	ue/acordos-internacionais/2022/22022D1669.md
22022D1669	Artigo 8.º		2423	2427	115	ue/acordos-internacionais/2022/22022D1669.md
22022D1669	Artigo 9.º		2429	2431	64	ue/acordos-internacionais/2022/22022D1669.md
22022D1669	Artigo 10.º		2433	2445	206	ue/acordos-internacionais/2022/22022D1669.md
22022D1669	Artigo 11.º		2447	2457	260	ue/acordos-internacionais/2022/22022D1669.md
22022D1669	Artigo 13.º		2459	2463	108	ue/acordos-internacionais/2022/22022D1669.md
22022D1669	Artigo 14.º		2465	2469	136	ue/acordos-internacionais/2022/22022D1669.md
22022D1669	Artigo 15.º		2471	2479	390	ue/acordos-internacionais/2022/22022D1669.md
22022D1669	Artigo 16.º		2481	2483	84	ue/acordos-internacionais/2022/22022D1669.md
22022D1669	Artigo 17.º		2485	2495	519	ue/acordos-internacionais/2022/22022D1669.md
22022D1669	Artigo 18.º		2497	2505	256	ue/acordos-internacionais/2022/22022D1669.md
22022D1669	Artigo 19.º		2507	2513	102	ue/acordos-internacionais/2022/22022D1669.md
22022D1669	Artigo 20.º		2515	2519	110	ue/acordos-internacionais/2022/22022D1669.md
22022D1669	Artigo 21.º		2521	2523	49	ue/acordos-internacionais/2022/22022D1669.md
22022D1669	ANEXO II	CONVENÇÃO DE 20 DE MAIO DE 1987 SOBRE UM REGIME DE TRÂNSITO COMUM	2525	2549	364	ue/acordos-internacionais/2022/22022D1669.md
22022D1669	ANEXO III	CONVENÇÃO DE 20 DE MAIO DE 1987 SOBRE UM REGIME DE TRÂNSITO COMUM	2551	2606	591	ue/acordos-internacionais/2022/22022D1669.md
22022D1669	ANEXO IV	CONVENÇÃO DE 20 DE MAIO DE 1987 SOBRE UM REGIME DE TRÂNSITO COMUM	2608	2649	988	ue/acordos-internacionais/2022/22022D1669.md
22022D1685	Preâmbulo		18	40	527	ue/acordos-internacionais/2022/22022D1685.md
22022D1685	Artigo 1.º		44	46	74	ue/acordos-internacionais/2022/22022D1685.md
22022D1685	Artigo 2.º		48	66	132	ue/acordos-internacionais/2022/22022D1685.md
22022D1685	ANEXO		68	100	757	ue/acordos-internacionais/2022/22022D1685.md
22022D1685	Artigo 1.º	Regras de origem aplicáveis	72	78	229	ue/acordos-internacionais/2022/22022D1685.md
22022D1685	Artigo 2.º	Regras de origem alternativas aplicáveis	80	84	133	ue/acordos-internacionais/2022/22022D1685.md
22022D1685	Artigo 3.º	Resolução de litígios	86	90	146	ue/acordos-internacionais/2022/22022D1685.md
22022D1685	Artigo 4.º	Alterações ao Protocolo	92	94	32	ue/acordos-internacionais/2022/22022D1685.md
22022D1685	Artigo 5.º	Denúncia da Convenção	96	100	212	ue/acordos-internacionais/2022/22022D1685.md
22022D1685	Apêndice A	REGRAS DE ORIGEM ALTERNATIVAS APLICÁVEIS	102	906	17407	ue/acordos-internacionais/2022/22022D1685.md
22022D1685	Artigo 1.º	Definições	294	338	1104	ue/acordos-internacionais/2022/22022D1685.md
22022D1685	Artigo 2.º	Requisitos gerais	340	346	134	ue/acordos-internacionais/2022/22022D1685.md
22022D1685	Artigo 3.º	Produtos inteiramente obtidos	348	396	658	ue/acordos-internacionais/2022/22022D1685.md
22022D1685	Artigo 4.º	Operações de complemento de fabrico ou de transformação suficientes	398	412	640	ue/acordos-internacionais/2022/22022D1685.md
22022D1685	Artigo 5.º	Regra relativa à tolerância	414	426	347	ue/acordos-internacionais/2022/22022D1685.md
22022D1685	Artigo 6.º	Operações de complemento de fabrico ou de transformação insuficientes	428	468	571	ue/acordos-internacionais/2022/22022D1685.md
22022D1685	Artigo 7.º	Acumulação da origem	470	486	792	ue/acordos-internacionais/2022/22022D1685.md
22022D1685	Artigo 8.º	Condições para a aplicação da acumulação da origem	488	508	500	ue/acordos-internacionais/2022/22022D1685.md
22022D1685	Artigo 9.º	Unidade de qualificação	510	520	309	ue/acordos-internacionais/2022/22022D1685.md
22022D1685	Artigo 10.º	Sortidos	522	526	105	ue/acordos-internacionais/2022/22022D1685.md
22022D1685	Artigo 11.º	Elementos neutros	528	538	93	ue/acordos-internacionais/2022/22022D1685.md
22022D1685	Artigo 12.º	Separação de contas	540	556	460	ue/acordos-internacionais/2022/22022D1685.md
22022D1685	Artigo 13.º	Princípio da territorialidade	558	584	758	ue/acordos-internacionais/2022/22022D1685.md
22022D1685	Artigo 14.º	Não alteração	586	602	490	ue/acordos-internacionais/2022/22022D1685.md
22022D1685	Artigo 15.º	Exposições	604	622	408	ue/acordos-internacionais/2022/22022D1685.md
22022D1685	Artigo 16.º	Draubaque ou isenção de direitos aduaneiros	624	636	405	ue/acordos-internacionais/2022/22022D1685.md
22022D1685	Artigo 17.º	Requisitos gerais	638	654	591	ue/acordos-internacionais/2022/22022D1685.md
22022D1685	Artigo 18.º	Condições para efetuar uma declaração de origem	656	674	587	ue/acordos-internacionais/2022/22022D1685.md
22022D1685	Artigo 19.º	Exportador autorizado	676	684	246	ue/acordos-internacionais/2022/22022D1685.md
22022D1685	Artigo 20.º	Procedimento para a emissão do certificado de circulação de mercadorias EUR.1	686	702	726	ue/acordos-internacionais/2022/22022D1685.md
22022D1685	Artigo 21.º	Emissão a posteriori de certificados de circulação de mercadorias EUR.1	704	724	579	ue/acordos-internacionais/2022/22022D1685.md
22022D1685	Artigo 22.º	Emissão de uma segunda via do certificado de circulação de mercadorias EUR.1	726	734	193	ue/acordos-internacionais/2022/22022D1685.md
22022D1685	Artigo 23.º	Prazo de validade da prova de origem	736	742	184	ue/acordos-internacionais/2022/22022D1685.md
22022D1685	Artigo 24.º	Zonas francas	744	748	187	ue/acordos-internacionais/2022/22022D1685.md
22022D1685	Artigo 25.º	Requisitos de importação	750	752	46	ue/acordos-internacionais/2022/22022D1685.md
22022D1685	Artigo 26.º	Importação em remessas escalonadas	754	756	128	ue/acordos-internacionais/2022/22022D1685.md
22022D1685	Artigo 27.º	Isenções da prova de origem	758	770	260	ue/acordos-internacionais/2022/22022D1685.md
22022D1685	Artigo 28.º	Discrepâncias e erros formais	772	776	171	ue/acordos-internacionais/2022/22022D1685.md
22022D1685	Artigo 29.º	Declarações do fornecedor	778	790	864	ue/acordos-internacionais/2022/22022D1685.md
22022D1685	Artigo 30.º	Montantes expressos em euros	792	806	490	ue/acordos-internacionais/2022/22022D1685.md
22022D1685	Artigo 31.º	Provas documentais, conservação das provas de origem e documentos comprovativos	808	832	864	ue/acordos-internacionais/2022/22022D1685.md
22022D1685	Artigo 32.º	Resolução de litígios	834	842	154	ue/acordos-internacionais/2022/22022D1685.md
22022D1685	Artigo 33.º	Notificação e cooperação	844	848	205	ue/acordos-internacionais/2022/22022D1685.md
22022D1685	Artigo 34.º	Controlo das provas de origem	850	862	562	ue/acordos-internacionais/2022/22022D1685.md
22022D1685	Artigo 35.º	Controlo das declarações do fornecedor	864	874	542	ue/acordos-internacionais/2022/22022D1685.md
22022D1685	Artigo 36.º	Sanções	876	882	58	ue/acordos-internacionais/2022/22022D1685.md
22022D1685	Artigo 37.º	Espaço Económico Europeu	884	886	129	ue/acordos-internacionais/2022/22022D1685.md
22022D1685	Artigo 38.º	Listenstaine	888	890	51	ue/acordos-internacionais/2022/22022D1685.md
22022D1685	Artigo 39.º	República de São Marinho	892	894	64	ue/acordos-internacionais/2022/22022D1685.md
22022D1685	Artigo 40.º	Principado de Andorra	896	898	74	ue/acordos-internacionais/2022/22022D1685.md
22022D1685	Artigo 41.º	Ceuta e Melilha	900	906	233	ue/acordos-internacionais/2022/22022D1685.md
22022D1685	ANEXO I	NOTAS INTRODUTÓRIAS DA LISTA DO ANEXO II	908	1029	5483	ue/acordos-internacionais/2022/22022D1685.md
22022D1685	ANEXO II	LISTA DAS OPERAÇÕES DE COMPLEMENTO DE FABRICO OU DE TRANSFORMAÇÃO A EFETUAR EM MATÉRIAS NÃO ORIGINÁRIAS PARA QUE O PRODUTO TRANSFORMADO POSSA ADQUIRIR O CARÁTER	1031	1306	19522	ue/acordos-internacionais/2022/22022D1685.md
22022D1685	ANEXO III	TEXTO DA DECLARAÇÃO DE ORIGEM	1308	1466	2410	ue/acordos-internacionais/2022/22022D1685.md
22022D1685	ANEXO IV	MODELOS DO CERTIFICADO DE CIRCULAÇÃO DE MERCADORIAS EUR.1 E DO PEDIDO DE CERTIFICADO DE CIRCULAÇÃO DE MERCADORIAS EUR.1	1468	1551	1399	ue/acordos-internacionais/2022/22022D1685.md
22022D1685	ANEXO V	CONDIÇÕES ESPECIAIS APLICÁVEIS AOS PRODUTOS ORIGINÁRIOS DE CEUTA E DE MELILHA	1553	1583	520	ue/acordos-internacionais/2022/22022D1685.md
22022D1685	Artigo único		1555	1583	498	ue/acordos-internacionais/2022/22022D1685.md
22022D1685	ANEXO VI	DECLARAÇÃO DO FORNECEDOR	1585	1617	490	ue/acordos-internacionais/2022/22022D1685.md
22022D1685	ANEXO VII	DECLARAÇÃO DO FORNECEDOR DE LONGO PRAZO	1619	1738	2484	ue/acordos-internacionais/2022/22022D1685.md
22022D1865	Preâmbulo		18	38	787	ue/acordos-internacionais/2022/22022D1865.md
22022D1865	Artigo 1.º		42	59	211	ue/acordos-internacionais/2022/22022D1865.md
22022D1865	Artigo 2.º		61	63	73	ue/acordos-internacionais/2022/22022D1865.md
22022D1865	Artigo 3.º		65	67	46	ue/acordos-internacionais/2022/22022D1865.md
22022D1865	Artigo 4.º		69	87	96	ue/acordos-internacionais/2022/22022D1865.md
22022D1866	Preâmbulo		18	34	308	ue/acordos-internacionais/2022/22022D1866.md
22022D1866	Artigo 1.º		38	52	511	ue/acordos-internacionais/2022/22022D1866.md
22022D1866	Artigo 2.º		54	56	46	ue/acordos-internacionais/2022/22022D1866.md
22022D1866	Artigo 3.º		58	60	46	ue/acordos-internacionais/2022/22022D1866.md
22022D1866	Artigo 4.º		62	78	87	ue/acordos-internacionais/2022/22022D1866.md
22022D1867	Preâmbulo		18	36	440	ue/acordos-internacionais/2022/22022D1867.md
22022D1867	Artigo 1.º		40	49	300	ue/acordos-internacionais/2022/22022D1867.md
22022D1867	Artigo 2.º		51	53	56	ue/acordos-internacionais/2022/22022D1867.md
22022D1867	Artigo 3.º		55	57	46	ue/acordos-internacionais/2022/22022D1867.md
22022D1867	Artigo 4.º		59	77	98	ue/acordos-internacionais/2022/22022D1867.md
22022D1868	Preâmbulo		18	30	156	ue/acordos-internacionais/2022/22022D1868.md
22022D1868	Artigo 1.º		34	39	128	ue/acordos-internacionais/2022/22022D1868.md
22022D1868	Artigo 2.º		41	43	46	ue/acordos-internacionais/2022/22022D1868.md
22022D1868	Artigo 3.º		45	47	82	ue/acordos-internacionais/2022/22022D1868.md
22022D1868	Artigo 4.º		49	65	87	ue/acordos-internacionais/2022/22022D1868.md
22022D1869	Preâmbulo		18	52	1296	ue/acordos-internacionais/2022/22022D1869.md
22022D1869	Artigo 1.º		56	83	406	ue/acordos-internacionais/2022/22022D1869.md
22022D1869	Artigo 2.º		85	87	88	ue/acordos-internacionais/2022/22022D1869.md
22022D1869	Artigo 3.º		89	91	45	ue/acordos-internacionais/2022/22022D1869.md
22022D1869	Artigo 4.º		93	129	178	ue/acordos-internacionais/2022/22022D1869.md
22022D1870	Preâmbulo		18	30	172	ue/acordos-internacionais/2022/22022D1870.md
22022D1870	Artigo 1.º		34	39	76	ue/acordos-internacionais/2022/22022D1870.md
22022D1870	Artigo 2.º		41	43	44	ue/acordos-internacionais/2022/22022D1870.md
22022D1870	Artigo 3.º		45	47	46	ue/acordos-internacionais/2022/22022D1870.md
22022D1870	Artigo 4.º		49	63	78	ue/acordos-internacionais/2022/22022D1870.md
22022D1871	Preâmbulo		18	30	162	ue/acordos-internacionais/2022/22022D1871.md
22022D1871	Artigo 1.º		34	39	132	ue/acordos-internacionais/2022/22022D1871.md
22022D1871	Artigo 2.º		41	43	46	ue/acordos-internacionais/2022/22022D1871.md
22022D1871	Artigo 3.º		45	47	46	ue/acordos-internacionais/2022/22022D1871.md
22022D1871	Artigo 4.º		49	63	78	ue/acordos-internacionais/2022/22022D1871.md
22022D1872	Preâmbulo		18	30	156	ue/acordos-internacionais/2022/22022D1872.md
22022D1872	Artigo 1.º		34	39	130	ue/acordos-internacionais/2022/22022D1872.md
22022D1872	Artigo 2.º		41	43	46	ue/acordos-internacionais/2022/22022D1872.md
22022D1872	Artigo 3.º		45	47	46	ue/acordos-internacionais/2022/22022D1872.md
22022D1872	Artigo 4.º		49	63	78	ue/acordos-internacionais/2022/22022D1872.md
22022D1873	Preâmbulo		18	30	160	ue/acordos-internacionais/2022/22022D1873.md
22022D1873	Artigo 1.º		34	39	127	ue/acordos-internacionais/2022/22022D1873.md
22022D1873	Artigo 2.º		41	43	46	ue/acordos-internacionais/2022/22022D1873.md
22022D1873	Artigo 3.º		45	47	46	ue/acordos-internacionais/2022/22022D1873.md
22022D1873	Artigo 4.º		49	63	78	ue/acordos-internacionais/2022/22022D1873.md
22022D1874	Preâmbulo		18	30	207	ue/acordos-internacionais/2022/22022D1874.md
22022D1874	Artigo 1.º		34	39	180	ue/acordos-internacionais/2022/22022D1874.md
22022D1874	Artigo 2.º		41	43	59	ue/acordos-internacionais/2022/22022D1874.md
22022D1874	Artigo 3.º		45	47	46	ue/acordos-internacionais/2022/22022D1874.md
22022D1874	Artigo 4.º		49	63	78	ue/acordos-internacionais/2022/22022D1874.md
22022D1875	Preâmbulo		18	30	170	ue/acordos-internacionais/2022/22022D1875.md
22022D1875	Artigo 1.º		34	39	140	ue/acordos-internacionais/2022/22022D1875.md
22022D1875	Artigo 2.º		41	43	46	ue/acordos-internacionais/2022/22022D1875.md
22022D1875	Artigo 3.º		45	47	46	ue/acordos-internacionais/2022/22022D1875.md
22022D1875	Artigo 4.º		49	63	78	ue/acordos-internacionais/2022/22022D1875.md
22022D1876	Preâmbulo		18	36	382	ue/acordos-internacionais/2022/22022D1876.md
22022D1876	Artigo 1.º		40	51	284	ue/acordos-internacionais/2022/22022D1876.md
22022D1876	Artigo 2.º		53	65	330	ue/acordos-internacionais/2022/22022D1876.md
22022D1876	Artigo 3.º		67	69	47	ue/acordos-internacionais/2022/22022D1876.md
22022D1876	Artigo 4.º		71	73	46	ue/acordos-internacionais/2022/22022D1876.md
22022D1876	Artigo 5.º		75	93	96	ue/acordos-internacionais/2022/22022D1876.md
22022D1877	Preâmbulo		18	30	179	ue/acordos-internacionais/2022/22022D1877.md
22022D1877	Artigo 1.º		34	40	80	ue/acordos-internacionais/2022/22022D1877.md
22022D1877	Artigo 2.º		42	44	44	ue/acordos-internacionais/2022/22022D1877.md
22022D1877	Artigo 3.º		46	48	46	ue/acordos-internacionais/2022/22022D1877.md
22022D1877	Artigo 4.º		50	64	78	ue/acordos-internacionais/2022/22022D1877.md
22022D1878	Preâmbulo		18	30	176	ue/acordos-internacionais/2022/22022D1878.md
22022D1878	Artigo 1.º		34	40	102	ue/acordos-internacionais/2022/22022D1878.md
22022D1878	Artigo 2.º		42	57	264	ue/acordos-internacionais/2022/22022D1878.md
22022D1878	Artigo 3.º		59	61	66	ue/acordos-internacionais/2022/22022D1878.md
22022D1878	Artigo 4.º		63	65	46	ue/acordos-internacionais/2022/22022D1878.md
22022D1878	Artigo 5.º		67	81	78	ue/acordos-internacionais/2022/22022D1878.md
22022D1879	Preâmbulo		18	32	271	ue/acordos-internacionais/2022/22022D1879.md
22022D1879	Artigo 1.º		36	43	237	ue/acordos-internacionais/2022/22022D1879.md
22022D1879	Artigo 2.º		45	52	238	ue/acordos-internacionais/2022/22022D1879.md
22022D1879	Artigo 3.º		54	56	50	ue/acordos-internacionais/2022/22022D1879.md
22022D1879	Artigo 4.º		58	60	46	ue/acordos-internacionais/2022/22022D1879.md
22022D1879	Artigo 5.º		62	78	87	ue/acordos-internacionais/2022/22022D1879.md
22022D1880	Preâmbulo		18	32	162	ue/acordos-internacionais/2022/22022D1880.md
22022D1880	Artigo 1.º		36	45	110	ue/acordos-internacionais/2022/22022D1880.md
22022D1880	Artigo 2.º		47	49	42	ue/acordos-internacionais/2022/22022D1880.md
22022D1880	Artigo 3.º		51	53	46	ue/acordos-internacionais/2022/22022D1880.md
22022D1880	Artigo 4.º		55	71	86	ue/acordos-internacionais/2022/22022D1880.md
22022D1881	Preâmbulo		18	30	192	ue/acordos-internacionais/2022/22022D1881.md
22022D1881	Artigo 1.º		34	40	72	ue/acordos-internacionais/2022/22022D1881.md
22022D1881	Artigo 2.º		42	44	47	ue/acordos-internacionais/2022/22022D1881.md
22022D1881	Artigo 3.º		46	48	46	ue/acordos-internacionais/2022/22022D1881.md
22022D1881	Artigo 4.º		50	64	78	ue/acordos-internacionais/2022/22022D1881.md
22022D1882	Preâmbulo		18	32	246	ue/acordos-internacionais/2022/22022D1882.md
22022D1882	Artigo 1.º		36	51	230	ue/acordos-internacionais/2022/22022D1882.md
22022D1882	Artigo 2.º		53	55	51	ue/acordos-internacionais/2022/22022D1882.md
22022D1882	Artigo 3.º		57	59	81	ue/acordos-internacionais/2022/22022D1882.md
22022D1882	Artigo 4.º		61	79	96	ue/acordos-internacionais/2022/22022D1882.md
22022D1883	Preâmbulo		18	32	308	ue/acordos-internacionais/2022/22022D1883.md
22022D1883	Artigo 1.º		36	49	224	ue/acordos-internacionais/2022/22022D1883.md
22022D1883	Artigo 2.º		51	53	52	ue/acordos-internacionais/2022/22022D1883.md
22022D1883	Artigo 3.º		55	57	108	ue/acordos-internacionais/2022/22022D1883.md
22022D1883	Artigo 4.º		59	79	108	ue/acordos-internacionais/2022/22022D1883.md
22022D1884	Preâmbulo		18	30	252	ue/acordos-internacionais/2022/22022D1884.md
22022D1884	Artigo 1.º		34	48	184	ue/acordos-internacionais/2022/22022D1884.md
22022D1884	Artigo 2.º		50	52	81	ue/acordos-internacionais/2022/22022D1884.md
22022D1884	Artigo 3.º		54	72	101	ue/acordos-internacionais/2022/22022D1884.md
22022D1885	Preâmbulo		18	30	160	ue/acordos-internacionais/2022/22022D1885.md
22022D1885	Artigo 1.º		34	39	70	ue/acordos-internacionais/2022/22022D1885.md
22022D1885	Artigo 2.º		41	43	46	ue/acordos-internacionais/2022/22022D1885.md
22022D1885	Artigo 3.º		45	47	81	ue/acordos-internacionais/2022/22022D1885.md
22022D1885	Artigo 4.º		49	65	90	ue/acordos-internacionais/2022/22022D1885.md
22022D1886	Preâmbulo		18	30	160	ue/acordos-internacionais/2022/22022D1886.md
22022D1886	Artigo 1.º		34	39	69	ue/acordos-internacionais/2022/22022D1886.md
22022D1886	Artigo 2.º		41	43	46	ue/acordos-internacionais/2022/22022D1886.md
22022D1886	Artigo 3.º		45	47	81	ue/acordos-internacionais/2022/22022D1886.md
22022D1886	Artigo 4.º		49	65	89	ue/acordos-internacionais/2022/22022D1886.md
22022D1887	Preâmbulo		18	30	254	ue/acordos-internacionais/2022/22022D1887.md
22022D1887	Artigo 1.º		34	39	224	ue/acordos-internacionais/2022/22022D1887.md
22022D1887	Artigo 2.º		41	43	61	ue/acordos-internacionais/2022/22022D1887.md
22022D1887	Artigo 3.º		45	47	82	ue/acordos-internacionais/2022/22022D1887.md
22022D1887	Artigo 4.º		49	65	90	ue/acordos-internacionais/2022/22022D1887.md
22022D1888	Preâmbulo		18	30	181	ue/acordos-internacionais/2022/22022D1888.md
22022D1888	Artigo 1.º		34	39	76	ue/acordos-internacionais/2022/22022D1888.md
22022D1888	Artigo 2.º		41	53	218	ue/acordos-internacionais/2022/22022D1888.md
22022D1888	Artigo 3.º		55	57	44	ue/acordos-internacionais/2022/22022D1888.md
22022D1888	Artigo 4.º		59	61	54	ue/acordos-internacionais/2022/22022D1888.md
22022D1888	Artigo 5.º		63	77	77	ue/acordos-internacionais/2022/22022D1888.md
22022D1889	Preâmbulo		18	32	204	ue/acordos-internacionais/2022/22022D1889.md
22022D1889	Artigo 1.º		36	40	106	ue/acordos-internacionais/2022/22022D1889.md
22022D1889	Artigo 2.º		42	44	44	ue/acordos-internacionais/2022/22022D1889.md
22022D1889	Artigo 3.º		46	48	62	ue/acordos-internacionais/2022/22022D1889.md
22022D1889	Artigo 4.º		50	66	86	ue/acordos-internacionais/2022/22022D1889.md
22022D1890	Preâmbulo		18	32	175	ue/acordos-internacionais/2022/22022D1890.md
22022D1890	Artigo 1.º		36	40	91	ue/acordos-internacionais/2022/22022D1890.md
22022D1890	Artigo 2.º		42	44	44	ue/acordos-internacionais/2022/22022D1890.md
22022D1890	Artigo 3.º		46	48	46	ue/acordos-internacionais/2022/22022D1890.md
22022D1890	Artigo 4.º		50	66	87	ue/acordos-internacionais/2022/22022D1890.md
22022D1891	Preâmbulo		18	32	192	ue/acordos-internacionais/2022/22022D1891.md
22022D1891	Artigo 1.º		36	47	182	ue/acordos-internacionais/2022/22022D1891.md
22022D1891	Artigo 2.º		49	51	43	ue/acordos-internacionais/2022/22022D1891.md
22022D1891	Artigo 3.º		53	55	81	ue/acordos-internacionais/2022/22022D1891.md
22022D1891	Artigo 4.º		57	75	98	ue/acordos-internacionais/2022/22022D1891.md
22022D1892	Preâmbulo		18	30	128	ue/acordos-internacionais/2022/22022D1892.md
22022D1892	Artigo 1.º		34	39	94	ue/acordos-internacionais/2022/22022D1892.md
22022D1892	Artigo 2.º		41	43	42	ue/acordos-internacionais/2022/22022D1892.md
22022D1892	Artigo 3.º		45	47	46	ue/acordos-internacionais/2022/22022D1892.md
22022D1892	Artigo 4.º		49	63	78	ue/acordos-internacionais/2022/22022D1892.md
22022D1893	Preâmbulo		18	30	154	ue/acordos-internacionais/2022/22022D1893.md
22022D1893	Artigo 1.º		34	39	71	ue/acordos-internacionais/2022/22022D1893.md
22022D1893	Artigo 2.º		41	43	46	ue/acordos-internacionais/2022/22022D1893.md
22022D1893	Artigo 3.º		45	47	46	ue/acordos-internacionais/2022/22022D1893.md
22022D1893	Artigo 4.º		49	63	77	ue/acordos-internacionais/2022/22022D1893.md
22022D1894	Preâmbulo		18	30	152	ue/acordos-internacionais/2022/22022D1894.md
22022D1894	Artigo 1.º		34	40	72	ue/acordos-internacionais/2022/22022D1894.md
22022D1894	Artigo 2.º		42	44	47	ue/acordos-internacionais/2022/22022D1894.md
22022D1894	Artigo 3.º		46	48	46	ue/acordos-internacionais/2022/22022D1894.md
22022D1894	Artigo 4.º		50	64	78	ue/acordos-internacionais/2022/22022D1894.md
22022D1895	Preâmbulo		18	30	152	ue/acordos-internacionais/2022/22022D1895.md
22022D1895	Artigo 1.º		34	39	70	ue/acordos-internacionais/2022/22022D1895.md
22022D1895	Artigo 2.º		41	43	47	ue/acordos-internacionais/2022/22022D1895.md
22022D1895	Artigo 3.º		45	47	46	ue/acordos-internacionais/2022/22022D1895.md
22022D1895	Artigo 4.º		49	63	78	ue/acordos-internacionais/2022/22022D1895.md
22022D1896	Preâmbulo		18	30	146	ue/acordos-internacionais/2022/22022D1896.md
22022D1896	Artigo 1.º		34	48	140	ue/acordos-internacionais/2022/22022D1896.md
22022D1896	Artigo 2.º		50	52	44	ue/acordos-internacionais/2022/22022D1896.md
22022D1896	Artigo 3.º		54	56	46	ue/acordos-internacionais/2022/22022D1896.md
22022D1896	Artigo 4.º		58	72	78	ue/acordos-internacionais/2022/22022D1896.md
22022D1898	Preâmbulo		18	34	278	ue/acordos-internacionais/2022/22022D1898.md
22022D1898	Artigo 1.º		38	43	152	ue/acordos-internacionais/2022/22022D1898.md
22022D1898	Artigo 2.º		45	47	52	ue/acordos-internacionais/2022/22022D1898.md
22022D1898	Artigo 3.º		49	51	74	ue/acordos-internacionais/2022/22022D1898.md
22022D1898	Artigo 4.º		53	71	98	ue/acordos-internacionais/2022/22022D1898.md
22022D1899	Preâmbulo		18	30	177	ue/acordos-internacionais/2022/22022D1899.md
22022D1899	Artigo 1.º		34	39	141	ue/acordos-internacionais/2022/22022D1899.md
22022D1899	Artigo 2.º		41	43	44	ue/acordos-internacionais/2022/22022D1899.md
22022D1899	Artigo 3.º		45	47	46	ue/acordos-internacionais/2022/22022D1899.md
22022D1899	Artigo 4.º		49	63	78	ue/acordos-internacionais/2022/22022D1899.md
22022D1900	Preâmbulo		18	30	166	ue/acordos-internacionais/2022/22022D1900.md
22022D1900	Artigo 1.º		34	39	65	ue/acordos-internacionais/2022/22022D1900.md
22022D1900	Artigo 2.º		41	43	44	ue/acordos-internacionais/2022/22022D1900.md
22022D1900	Artigo 3.º		45	47	46	ue/acordos-internacionais/2022/22022D1900.md
22022D1900	Artigo 4.º		49	63	78	ue/acordos-internacionais/2022/22022D1900.md
22022D1997	Preâmbulo		18	38	422	ue/acordos-internacionais/2022/22022D1997.md
22022D1997	Artigo 1.º		42	44	36	ue/acordos-internacionais/2022/22022D1997.md
22022D1997	Artigo 2.º		46	48	45	ue/acordos-internacionais/2022/22022D1997.md
22022D1997	Artigo 3.º		50	1482	37424	ue/acordos-internacionais/2022/22022D1997.md
22022D2006	Preâmbulo		18	34	386	ue/acordos-internacionais/2022/22022D2006.md
22022D2006	Artigo 1.º		38	47	138	ue/acordos-internacionais/2022/22022D2006.md
22022D2006	Artigo 2.º		49	51	46	ue/acordos-internacionais/2022/22022D2006.md
22022D2006	Artigo 3.º		53	55	45	ue/acordos-internacionais/2022/22022D2006.md
22022D2006	Artigo 4.º		57	75	94	ue/acordos-internacionais/2022/22022D2006.md
22022D2007	Preâmbulo		18	32	266	ue/acordos-internacionais/2022/22022D2007.md
22022D2007	Artigo 1.º		36	49	168	ue/acordos-internacionais/2022/22022D2007.md
22022D2007	Artigo 2.º		51	53	44	ue/acordos-internacionais/2022/22022D2007.md
22022D2007	Artigo 3.º		55	57	45	ue/acordos-internacionais/2022/22022D2007.md
22022D2007	Artigo 4.º		59	73	76	ue/acordos-internacionais/2022/22022D2007.md
22022D2008	Preâmbulo		18	32	263	ue/acordos-internacionais/2022/22022D2008.md
22022D2008	Artigo 1.º		36	41	116	ue/acordos-internacionais/2022/22022D2008.md
22022D2008	Artigo 2.º		43	45	47	ue/acordos-internacionais/2022/22022D2008.md
22022D2008	Artigo 3.º		47	49	45	ue/acordos-internacionais/2022/22022D2008.md
22022D2008	Artigo 4.º		51	65	76	ue/acordos-internacionais/2022/22022D2008.md
22022D2009	Preâmbulo		18	30	174	ue/acordos-internacionais/2022/22022D2009.md
22022D2009	Artigo 1.º		34	39	76	ue/acordos-internacionais/2022/22022D2009.md
22022D2009	Artigo 2.º		41	43	46	ue/acordos-internacionais/2022/22022D2009.md
22022D2009	Artigo 3.º		45	47	45	ue/acordos-internacionais/2022/22022D2009.md
22022D2009	Artigo 4.º		49	63	76	ue/acordos-internacionais/2022/22022D2009.md
22022D2010	Preâmbulo		18	32	286	ue/acordos-internacionais/2022/22022D2010.md
22022D2010	Artigo 1.º		36	41	73	ue/acordos-internacionais/2022/22022D2010.md
22022D2010	Artigo 2.º		43	45	47	ue/acordos-internacionais/2022/22022D2010.md
22022D2010	Artigo 3.º		47	49	45	ue/acordos-internacionais/2022/22022D2010.md
22022D2010	Artigo 4.º		51	65	77	ue/acordos-internacionais/2022/22022D2010.md
22022D2011	Preâmbulo		18	32	263	ue/acordos-internacionais/2022/22022D2011.md
22022D2011	Artigo 1.º		36	41	76	ue/acordos-internacionais/2022/22022D2011.md
22022D2011	Artigo 2.º		43	45	44	ue/acordos-internacionais/2022/22022D2011.md
22022D2011	Artigo 3.º		47	49	45	ue/acordos-internacionais/2022/22022D2011.md
22022D2011	Artigo 4.º		51	65	76	ue/acordos-internacionais/2022/22022D2011.md
22022D2012	Preâmbulo		18	38	568	ue/acordos-internacionais/2022/22022D2012.md
22022D2012	Artigo 1.º		42	66	595	ue/acordos-internacionais/2022/22022D2012.md
22022D2012	Artigo 2.º		68	70	59	ue/acordos-internacionais/2022/22022D2012.md
22022D2012	Artigo 3.º		72	74	45	ue/acordos-internacionais/2022/22022D2012.md
22022D2012	Artigo 4.º		76	96	104	ue/acordos-internacionais/2022/22022D2012.md
22022D2013	Preâmbulo		18	30	141	ue/acordos-internacionais/2022/22022D2013.md
22022D2013	Artigo 1.º		34	39	73	ue/acordos-internacionais/2022/22022D2013.md
22022D2013	Artigo 2.º		41	43	47	ue/acordos-internacionais/2022/22022D2013.md
22022D2013	Artigo 3.º		45	47	45	ue/acordos-internacionais/2022/22022D2013.md
22022D2013	Artigo 4.º		49	63	77	ue/acordos-internacionais/2022/22022D2013.md
22022D2014	Preâmbulo		18	30	157	ue/acordos-internacionais/2022/22022D2014.md
22022D2014	Artigo 1.º		34	39	124	ue/acordos-internacionais/2022/22022D2014.md
22022D2014	Artigo 2.º		41	43	46	ue/acordos-internacionais/2022/22022D2014.md
22022D2014	Artigo 3.º		45	47	45	ue/acordos-internacionais/2022/22022D2014.md
22022D2014	Artigo 4.º		49	63	76	ue/acordos-internacionais/2022/22022D2014.md
22022D2015	Preâmbulo		18	30	173	ue/acordos-internacionais/2022/22022D2015.md
22022D2015	Artigo 1.º		34	39	74	ue/acordos-internacionais/2022/22022D2015.md
22022D2015	Artigo 2.º		41	43	46	ue/acordos-internacionais/2022/22022D2015.md
22022D2015	Artigo 3.º		45	47	45	ue/acordos-internacionais/2022/22022D2015.md
22022D2015	Artigo 4.º		49	63	76	ue/acordos-internacionais/2022/22022D2015.md
22022D2016	Preâmbulo		18	30	137	ue/acordos-internacionais/2022/22022D2016.md
22022D2016	Artigo 1.º		34	39	109	ue/acordos-internacionais/2022/22022D2016.md
22022D2016	Artigo 2.º		41	43	46	ue/acordos-internacionais/2022/22022D2016.md
22022D2016	Artigo 3.º		45	47	45	ue/acordos-internacionais/2022/22022D2016.md
22022D2016	Artigo 4.º		49	63	77	ue/acordos-internacionais/2022/22022D2016.md
22022D2017	Preâmbulo		18	32	222	ue/acordos-internacionais/2022/22022D2017.md
22022D2017	Artigo 1.º		36	53	211	ue/acordos-internacionais/2022/22022D2017.md
22022D2017	Artigo 2.º		55	57	47	ue/acordos-internacionais/2022/22022D2017.md
22022D2017	Artigo 3.º		59	61	45	ue/acordos-internacionais/2022/22022D2017.md
22022D2017	Artigo 4.º		63	83	104	ue/acordos-internacionais/2022/22022D2017.md
22022D2018	Preâmbulo		18	48	1163	ue/acordos-internacionais/2022/22022D2018.md
22022D2018	Artigo 1.º		52	98	1170	ue/acordos-internacionais/2022/22022D2018.md
22022D2018	Artigo 2.º		100	102	84	ue/acordos-internacionais/2022/22022D2018.md
22022D2018	Artigo 3.º		104	106	45	ue/acordos-internacionais/2022/22022D2018.md
22022D2018	Artigo 4.º		108	140	160	ue/acordos-internacionais/2022/22022D2018.md
22022D2019	Preâmbulo		18	42	790	ue/acordos-internacionais/2022/22022D2019.md
22022D2019	Artigo 1.º		46	83	798	ue/acordos-internacionais/2022/22022D2019.md
22022D2019	Artigo 2.º		85	87	72	ue/acordos-internacionais/2022/22022D2019.md
22022D2019	Artigo 3.º		89	91	45	ue/acordos-internacionais/2022/22022D2019.md
22022D2019	Artigo 4.º		93	119	132	ue/acordos-internacionais/2022/22022D2019.md
22022D2020	Preâmbulo		18	30	181	ue/acordos-internacionais/2022/22022D2020.md
22022D2020	Artigo 1.º		34	46	229	ue/acordos-internacionais/2022/22022D2020.md
22022D2020	Artigo 2.º		48	50	47	ue/acordos-internacionais/2022/22022D2020.md
22022D2020	Artigo 3.º		52	54	45	ue/acordos-internacionais/2022/22022D2020.md
22022D2020	Artigo 4.º		56	70	77	ue/acordos-internacionais/2022/22022D2020.md
22022D2021	Preâmbulo		18	30	136	ue/acordos-internacionais/2022/22022D2021.md
22022D2021	Artigo 1.º		34	39	76	ue/acordos-internacionais/2022/22022D2021.md
22022D2021	Artigo 2.º		41	43	44	ue/acordos-internacionais/2022/22022D2021.md
22022D2021	Artigo 3.º		45	47	45	ue/acordos-internacionais/2022/22022D2021.md
22022D2021	Artigo 4.º		49	63	77	ue/acordos-internacionais/2022/22022D2021.md
22022D2022	Preâmbulo		18	32	328	ue/acordos-internacionais/2022/22022D2022.md
22022D2022	Artigo 1.º		36	43	296	ue/acordos-internacionais/2022/22022D2022.md
22022D2022	Artigo 2.º		45	47	52	ue/acordos-internacionais/2022/22022D2022.md
22022D2022	Artigo 3.º		49	51	45	ue/acordos-internacionais/2022/22022D2022.md
22022D2022	Artigo 4.º		53	69	86	ue/acordos-internacionais/2022/22022D2022.md
22022D2023	Preâmbulo		18	30	156	ue/acordos-internacionais/2022/22022D2023.md
22022D2023	Artigo 1.º		34	39	78	ue/acordos-internacionais/2022/22022D2023.md
22022D2023	Artigo 2.º		41	43	59	ue/acordos-internacionais/2022/22022D2023.md
22022D2023	Artigo 3.º		45	47	45	ue/acordos-internacionais/2022/22022D2023.md
22022D2023	Artigo 4.º		49	63	76	ue/acordos-internacionais/2022/22022D2023.md
22022D2024	Preâmbulo		18	30	176	ue/acordos-internacionais/2022/22022D2024.md
22022D2024	Artigo 1.º		34	40	73	ue/acordos-internacionais/2022/22022D2024.md
22022D2024	Artigo 2.º		42	44	47	ue/acordos-internacionais/2022/22022D2024.md
22022D2024	Artigo 3.º		46	48	45	ue/acordos-internacionais/2022/22022D2024.md
22022D2024	Artigo 4.º		50	64	77	ue/acordos-internacionais/2022/22022D2024.md
22022D2026	Preâmbulo		18	30	151	ue/acordos-internacionais/2022/22022D2026.md
22022D2026	Artigo 1.º		34	39	76	ue/acordos-internacionais/2022/22022D2026.md
22022D2026	Artigo 2.º		41	43	44	ue/acordos-internacionais/2022/22022D2026.md
22022D2026	Artigo 3.º		45	47	45	ue/acordos-internacionais/2022/22022D2026.md
22022D2026	Artigo 4.º		49	63	77	ue/acordos-internacionais/2022/22022D2026.md
22022D2027	Preâmbulo		18	30	181	ue/acordos-internacionais/2022/22022D2027.md
22022D2027	Artigo 1.º		34	39	148	ue/acordos-internacionais/2022/22022D2027.md
22022D2027	Artigo 2.º		41	43	48	ue/acordos-internacionais/2022/22022D2027.md
22022D2027	Artigo 3.º		45	47	80	ue/acordos-internacionais/2022/22022D2027.md
22022D2027	Artigo 4.º		49	65	85	ue/acordos-internacionais/2022/22022D2027.md
22022D2028	Preâmbulo		18	30	154	ue/acordos-internacionais/2022/22022D2028.md
22022D2028	Artigo 1.º		34	39	73	ue/acordos-internacionais/2022/22022D2028.md
22022D2028	Artigo 2.º		41	43	44	ue/acordos-internacionais/2022/22022D2028.md
22022D2028	Artigo 3.º		45	47	45	ue/acordos-internacionais/2022/22022D2028.md
22022D2028	Artigo 4.º		49	63	77	ue/acordos-internacionais/2022/22022D2028.md
22022D2029	Preâmbulo		18	32	219	ue/acordos-internacionais/2022/22022D2029.md
22022D2029	Artigo 1.º		36	49	146	ue/acordos-internacionais/2022/22022D2029.md
22022D2029	Artigo 2.º		51	53	52	ue/acordos-internacionais/2022/22022D2029.md
22022D2029	Artigo 3.º		55	57	45	ue/acordos-internacionais/2022/22022D2029.md
22022D2029	Artigo 4.º		59	75	86	ue/acordos-internacionais/2022/22022D2029.md
22022D2030	Preâmbulo		18	30	172	ue/acordos-internacionais/2022/22022D2030.md
22022D2030	Artigo 1.º		34	39	139	ue/acordos-internacionais/2022/22022D2030.md
22022D2030	Artigo 2.º		41	43	46	ue/acordos-internacionais/2022/22022D2030.md
22022D2030	Artigo 3.º		45	47	45	ue/acordos-internacionais/2022/22022D2030.md
22022D2030	Artigo 4.º		49	63	77	ue/acordos-internacionais/2022/22022D2030.md
22022D2031	Preâmbulo		18	30	156	ue/acordos-internacionais/2022/22022D2031.md
22022D2031	Artigo 1.º		34	39	70	ue/acordos-internacionais/2022/22022D2031.md
22022D2031	Artigo 2.º		41	43	46	ue/acordos-internacionais/2022/22022D2031.md
22022D2031	Artigo 3.º		45	47	45	ue/acordos-internacionais/2022/22022D2031.md
22022D2031	Artigo 4.º		49	63	77	ue/acordos-internacionais/2022/22022D2031.md
22022D2032	Preâmbulo		18	34	353	ue/acordos-internacionais/2022/22022D2032.md
22022D2032	Artigo 1.º		38	47	126	ue/acordos-internacionais/2022/22022D2032.md
22022D2032	Artigo 2.º		49	51	53	ue/acordos-internacionais/2022/22022D2032.md
22022D2032	Artigo 3.º		53	55	45	ue/acordos-internacionais/2022/22022D2032.md
22022D2032	Artigo 4.º		57	75	95	ue/acordos-internacionais/2022/22022D2032.md
22022D2033	Preâmbulo		18	30	193	ue/acordos-internacionais/2022/22022D2033.md
22022D2033	Artigo 1.º		34	60	362	ue/acordos-internacionais/2022/22022D2033.md
22022D2033	Artigo 2.º		62	66	63	ue/acordos-internacionais/2022/22022D2033.md
22022D2033	Artigo 3.º		68	82	76	ue/acordos-internacionais/2022/22022D2033.md
22022D2064	Preâmbulo		18	34	458	ue/acordos-internacionais/2022/22022D2064.md
22022D2064	Artigo 1.º		38	40	81	ue/acordos-internacionais/2022/22022D2064.md
22022D2064	Artigo 2.º		42	62	208	ue/acordos-internacionais/2022/22022D2064.md
22022D2064	ANEXO	PROCEDIMENTO DE CONSULTA NOS TERMOS DO ARTIGO 63.º, N.º 3, SEGUNDO PARÁGRAFO, DO ACORDO DE COMÉRCIO E COOPERAÇÃO ENTRE A UNIÃO EUROPEIA E A COMUNIDADE EUROPEIA 	64	110	1062	ue/acordos-internacionais/2022/22022D2064.md
22022D2064	Regra n.º 1		66	70	231	ue/acordos-internacionais/2022/22022D2064.md
22022D2064	Regra n.º 2		72	76	136	ue/acordos-internacionais/2022/22022D2064.md
22022D2064	Regra n.º 3		78	80	58	ue/acordos-internacionais/2022/22022D2064.md
22022D2064	Regra n.º 4		82	86	60	ue/acordos-internacionais/2022/22022D2064.md
22022D2064	Regra n.º 5		88	104	370	ue/acordos-internacionais/2022/22022D2064.md
22022D2064	Regra n.º 6		106	110	137	ue/acordos-internacionais/2022/22022D2064.md
22022D2088	Preâmbulo		18	24	89	ue/acordos-internacionais/2022/22022D2088.md
22022D2088	ANEXO	REGULAMENTO INTERNO DO COMITÉ ESPECIAL PARA AS ALFÂNDEGAS E A FACILITAÇÃO DO COMÉRCIO	48	136	1908	ue/acordos-internacionais/2022/22022D2088.md
22022D2088	Artigo 1.º	Composição e presidência	54	64	318	ue/acordos-internacionais/2022/22022D2088.md
22022D2088	Artigo 2.º	Reuniões	66	70	124	ue/acordos-internacionais/2022/22022D2088.md
22022D2088	Artigo 3.º	Observadores	72	74	55	ue/acordos-internacionais/2022/22022D2088.md
22022D2088	Artigo 4.º	Secretariado	76	84	76	ue/acordos-internacionais/2022/22022D2088.md
22022D2088	Artigo 5.º	Documentos	86	88	76	ue/acordos-internacionais/2022/22022D2088.md
22022D2088	Artigo 6.º	Notificação e ordem de trabalhos das reuniões	90	100	344	ue/acordos-internacionais/2022/22022D2088.md
22022D2088	Artigo 7.º	Ata da reunião	102	104	56	ue/acordos-internacionais/2022/22022D2088.md
22022D2088	Artigo 8.º	Decisões e recomendações	106	116	558	ue/acordos-internacionais/2022/22022D2088.md
22022D2088	Artigo 9.º	Acesso do público	118	126	87	ue/acordos-internacionais/2022/22022D2088.md
22022D2088	Artigo 10.º	Despesas	128	132	121	ue/acordos-internacionais/2022/22022D2088.md
22022D2088	Artigo 11.º	Alteração do regulamento interno	134	136	56	ue/acordos-internacionais/2022/22022D2088.md
22022D2089	Preâmbulo		18	40	604	ue/acordos-internacionais/2022/22022D2089.md
22022D2089	Artigo 1.º	Definições	44	60	364	ue/acordos-internacionais/2022/22022D2089.md
22022D2089	Artigo 2.º	Reconhecimento mútuo e execução da decisão	62	66	86	ue/acordos-internacionais/2022/22022D2089.md
22022D2089	Artigo 3.º	Compatibilidade	68	82	202	ue/acordos-internacionais/2022/22022D2089.md
22022D2089	Artigo 4.º	Benefícios	84	112	885	ue/acordos-internacionais/2022/22022D2089.md
22022D2089	Artigo 5.º	Intercâmbio de informação e comunicação	114	144	459	ue/acordos-internacionais/2022/22022D2089.md
22022D2089	Artigo 6.º	Tratamento das informações	146	204	1414	ue/acordos-internacionais/2022/22022D2089.md
22022D2089	Artigo 7.º	Consulta, acompanhamento e revisão	206	220	308	ue/acordos-internacionais/2022/22022D2089.md
22022D2089	Artigo 8.º	Disposições finais	222	228	283	ue/acordos-internacionais/2022/22022D2089.md
22022D2089	Artigo 9.º	Entrada em vigor	230	244	138	ue/acordos-internacionais/2022/22022D2089.md
22022D2129	Preâmbulo		18	34	320	ue/acordos-internacionais/2022/22022D2129.md
22022D2129	Artigo 1.º		38	50	141	ue/acordos-internacionais/2022/22022D2129.md
22022D2129	Artigo 2.º		52	54	50	ue/acordos-internacionais/2022/22022D2129.md
22022D2129	Artigo 3.º		56	58	46	ue/acordos-internacionais/2022/22022D2129.md
22022D2129	Artigo 4.º		60	76	86	ue/acordos-internacionais/2022/22022D2129.md
22022D2130	Preâmbulo		18	36	448	ue/acordos-internacionais/2022/22022D2130.md
22022D2130	Artigo 1.º		40	52	152	ue/acordos-internacionais/2022/22022D2130.md
22022D2130	Artigo 2.º		54	56	46	ue/acordos-internacionais/2022/22022D2130.md
22022D2130	Artigo 3.º		58	60	46	ue/acordos-internacionais/2022/22022D2130.md
22022D2130	Artigo 4.º		62	78	86	ue/acordos-internacionais/2022/22022D2130.md
22022D2131	Preâmbulo		18	34	360	ue/acordos-internacionais/2022/22022D2131.md
22022D2131	Artigo 1.º		38	43	71	ue/acordos-internacionais/2022/22022D2131.md
22022D2131	Artigo 2.º		45	47	41	ue/acordos-internacionais/2022/22022D2131.md
22022D2131	Artigo 3.º		49	51	46	ue/acordos-internacionais/2022/22022D2131.md
22022D2131	Artigo 4.º		53	67	78	ue/acordos-internacionais/2022/22022D2131.md
22022D2132	Preâmbulo		18	34	391	ue/acordos-internacionais/2022/22022D2132.md
22022D2132	Artigo 1.º		38	43	70	ue/acordos-internacionais/2022/22022D2132.md
22022D2132	Artigo 2.º		45	47	41	ue/acordos-internacionais/2022/22022D2132.md
22022D2132	Artigo 3.º		49	51	46	ue/acordos-internacionais/2022/22022D2132.md
22022D2132	Artigo 4.º		53	67	77	ue/acordos-internacionais/2022/22022D2132.md
22022D2133	Preâmbulo		18	32	251	ue/acordos-internacionais/2022/22022D2133.md
22022D2133	Artigo 1.º		36	41	68	ue/acordos-internacionais/2022/22022D2133.md
22022D2133	Artigo 2.º		43	45	44	ue/acordos-internacionais/2022/22022D2133.md
22022D2133	Artigo 3.º		47	49	46	ue/acordos-internacionais/2022/22022D2133.md
22022D2133	Artigo 4.º		51	65	77	ue/acordos-internacionais/2022/22022D2133.md
22022D2134	Preâmbulo		18	34	376	ue/acordos-internacionais/2022/22022D2134.md
22022D2134	Artigo 1.º		38	45	234	ue/acordos-internacionais/2022/22022D2134.md
22022D2134	Artigo 2.º		47	49	52	ue/acordos-internacionais/2022/22022D2134.md
22022D2134	Artigo 3.º		51	53	46	ue/acordos-internacionais/2022/22022D2134.md
22022D2134	Artigo 4.º		55	71	86	ue/acordos-internacionais/2022/22022D2134.md
22022D2135	Preâmbulo		18	32	296	ue/acordos-internacionais/2022/22022D2135.md
22022D2135	Artigo 1.º		36	41	156	ue/acordos-internacionais/2022/22022D2135.md
22022D2135	Artigo 2.º		43	45	45	ue/acordos-internacionais/2022/22022D2135.md
22022D2135	Artigo 3.º		47	49	45	ue/acordos-internacionais/2022/22022D2135.md
22022D2135	Artigo 4.º		51	65	77	ue/acordos-internacionais/2022/22022D2135.md
22022D2136	Preâmbulo		18	32	322	ue/acordos-internacionais/2022/22022D2136.md
22022D2136	Artigo 1.º		36	41	82	ue/acordos-internacionais/2022/22022D2136.md
22022D2136	Artigo 2.º		43	45	46	ue/acordos-internacionais/2022/22022D2136.md
22022D2136	Artigo 3.º		47	49	46	ue/acordos-internacionais/2022/22022D2136.md
22022D2136	Artigo 4.º		51	65	77	ue/acordos-internacionais/2022/22022D2136.md
22022D2137	Preâmbulo		18	32	280	ue/acordos-internacionais/2022/22022D2137.md
22022D2137	Artigo 1.º		36	42	75	ue/acordos-internacionais/2022/22022D2137.md
22022D2137	Artigo 2.º		44	46	46	ue/acordos-internacionais/2022/22022D2137.md
22022D2137	Artigo 3.º		48	50	45	ue/acordos-internacionais/2022/22022D2137.md
22022D2137	Artigo 4.º		52	66	78	ue/acordos-internacionais/2022/22022D2137.md
22022D2138	Preâmbulo		18	32	252	ue/acordos-internacionais/2022/22022D2138.md
22022D2138	Artigo 1.º		36	41	112	ue/acordos-internacionais/2022/22022D2138.md
22022D2138	Artigo 2.º		43	45	46	ue/acordos-internacionais/2022/22022D2138.md
22022D2138	Artigo 3.º		47	49	45	ue/acordos-internacionais/2022/22022D2138.md
22022D2138	Artigo 4.º		51	65	77	ue/acordos-internacionais/2022/22022D2138.md
22022D2139	Preâmbulo		18	32	347	ue/acordos-internacionais/2022/22022D2139.md
22022D2139	Artigo 1.º		36	41	72	ue/acordos-internacionais/2022/22022D2139.md
22022D2139	Artigo 2.º		43	48	70	ue/acordos-internacionais/2022/22022D2139.md
22022D2139	Artigo 3.º		50	52	44	ue/acordos-internacionais/2022/22022D2139.md
22022D2139	Artigo 4.º		54	56	46	ue/acordos-internacionais/2022/22022D2139.md
22022D2139	Artigo 5.º		58	72	77	ue/acordos-internacionais/2022/22022D2139.md
22022D2140	Preâmbulo		18	32	273	ue/acordos-internacionais/2022/22022D2140.md
22022D2140	Artigo 1.º		36	41	72	ue/acordos-internacionais/2022/22022D2140.md
22022D2140	Artigo 2.º		43	45	47	ue/acordos-internacionais/2022/22022D2140.md
22022D2140	Artigo 3.º		47	49	46	ue/acordos-internacionais/2022/22022D2140.md
22022D2140	Artigo 4.º		51	65	77	ue/acordos-internacionais/2022/22022D2140.md
22022D2141	Preâmbulo		18	34	386	ue/acordos-internacionais/2022/22022D2141.md
22022D2141	Artigo 1.º		38	54	353	ue/acordos-internacionais/2022/22022D2141.md
22022D2141	Artigo 2.º		56	58	52	ue/acordos-internacionais/2022/22022D2141.md
22022D2141	Artigo 3.º		60	62	45	ue/acordos-internacionais/2022/22022D2141.md
22022D2141	Artigo 4.º		64	80	86	ue/acordos-internacionais/2022/22022D2141.md
22022D2142	Preâmbulo		18	32	283	ue/acordos-internacionais/2022/22022D2142.md
22022D2142	Artigo 1.º		36	41	138	ue/acordos-internacionais/2022/22022D2142.md
22022D2142	Artigo 2.º		43	45	44	ue/acordos-internacionais/2022/22022D2142.md
22022D2142	Artigo 3.º		47	49	45	ue/acordos-internacionais/2022/22022D2142.md
22022D2142	Artigo 4.º		51	65	76	ue/acordos-internacionais/2022/22022D2142.md
22022D2143	Preâmbulo		18	30	162	ue/acordos-internacionais/2022/22022D2143.md
22022D2143	Artigo 1.º		34	39	78	ue/acordos-internacionais/2022/22022D2143.md
22022D2143	Artigo 2.º		41	43	46	ue/acordos-internacionais/2022/22022D2143.md
22022D2143	Artigo 3.º		45	47	45	ue/acordos-internacionais/2022/22022D2143.md
22022D2143	Artigo 4.º		49	63	77	ue/acordos-internacionais/2022/22022D2143.md
22022D2144	Preâmbulo		18	30	166	ue/acordos-internacionais/2022/22022D2144.md
22022D2144	Artigo 1.º		34	39	74	ue/acordos-internacionais/2022/22022D2144.md
22022D2144	Artigo 2.º		41	43	46	ue/acordos-internacionais/2022/22022D2144.md
22022D2144	Artigo 3.º		45	47	45	ue/acordos-internacionais/2022/22022D2144.md
22022D2144	Artigo 4.º		49	63	76	ue/acordos-internacionais/2022/22022D2144.md
22022D2145	Preâmbulo		18	48	1075	ue/acordos-internacionais/2022/22022D2145.md
22022D2145	Artigo 1.º		52	75	345	ue/acordos-internacionais/2022/22022D2145.md
22022D2145	Artigo 2.º		77	79	84	ue/acordos-internacionais/2022/22022D2145.md
22022D2145	Artigo 3.º		81	83	44	ue/acordos-internacionais/2022/22022D2145.md
22022D2145	Artigo 4.º		85	117	155	ue/acordos-internacionais/2022/22022D2145.md
22022D2146	Preâmbulo		18	30	136	ue/acordos-internacionais/2022/22022D2146.md
22022D2146	Artigo 1.º		34	39	108	ue/acordos-internacionais/2022/22022D2146.md
22022D2146	Artigo 2.º		41	43	46	ue/acordos-internacionais/2022/22022D2146.md
22022D2146	Artigo 3.º		45	47	45	ue/acordos-internacionais/2022/22022D2146.md
22022D2146	Artigo 4.º		49	63	77	ue/acordos-internacionais/2022/22022D2146.md
22022D2147	Preâmbulo		18	30	190	ue/acordos-internacionais/2022/22022D2147.md
22022D2147	Artigo 1.º		34	46	238	ue/acordos-internacionais/2022/22022D2147.md
22022D2147	Artigo 2.º		48	50	47	ue/acordos-internacionais/2022/22022D2147.md
22022D2147	Artigo 3.º		52	54	46	ue/acordos-internacionais/2022/22022D2147.md
22022D2147	Artigo 4.º		56	70	78	ue/acordos-internacionais/2022/22022D2147.md
22022D2148	Preâmbulo		18	30	158	ue/acordos-internacionais/2022/22022D2148.md
22022D2148	Artigo 1.º		34	39	128	ue/acordos-internacionais/2022/22022D2148.md
22022D2148	Artigo 2.º		41	43	46	ue/acordos-internacionais/2022/22022D2148.md
22022D2148	Artigo 3.º		45	47	45	ue/acordos-internacionais/2022/22022D2148.md
22022D2148	Artigo 4.º		49	63	78	ue/acordos-internacionais/2022/22022D2148.md
22022D2149	Preâmbulo		18	30	167	ue/acordos-internacionais/2022/22022D2149.md
22022D2149	Artigo 1.º		34	39	136	ue/acordos-internacionais/2022/22022D2149.md
22022D2149	Artigo 2.º		41	43	46	ue/acordos-internacionais/2022/22022D2149.md
22022D2149	Artigo 3.º		45	47	45	ue/acordos-internacionais/2022/22022D2149.md
22022D2149	Artigo 4.º		49	63	77	ue/acordos-internacionais/2022/22022D2149.md
22022D2150	Preâmbulo		18	30	182	ue/acordos-internacionais/2022/22022D2150.md
22022D2150	Artigo 1.º		34	39	154	ue/acordos-internacionais/2022/22022D2150.md
22022D2150	Artigo 2.º		41	43	46	ue/acordos-internacionais/2022/22022D2150.md
22022D2150	Artigo 3.º		45	47	46	ue/acordos-internacionais/2022/22022D2150.md
22022D2150	Artigo 4.º		49	63	77	ue/acordos-internacionais/2022/22022D2150.md
22022D2151	Preâmbulo		18	30	134	ue/acordos-internacionais/2022/22022D2151.md
22022D2151	Artigo 1.º		34	39	71	ue/acordos-internacionais/2022/22022D2151.md
22022D2151	Artigo 2.º		41	43	43	ue/acordos-internacionais/2022/22022D2151.md
22022D2151	Artigo 3.º		45	47	46	ue/acordos-internacionais/2022/22022D2151.md
22022D2151	Artigo 4.º		49	63	77	ue/acordos-internacionais/2022/22022D2151.md
22022D2152	Preâmbulo		18	32	186	ue/acordos-internacionais/2022/22022D2152.md
22022D2152	Artigo 1.º		36	50	335	ue/acordos-internacionais/2022/22022D2152.md
22022D2152	Artigo 2.º		52	66	332	ue/acordos-internacionais/2022/22022D2152.md
22022D2152	Artigo 3.º		68	70	45	ue/acordos-internacionais/2022/22022D2152.md
22022D2152	Artigo 4.º		72	74	46	ue/acordos-internacionais/2022/22022D2152.md
22022D2152	Artigo 5.º		76	92	86	ue/acordos-internacionais/2022/22022D2152.md
22022D2153	Preâmbulo		18	44	765	ue/acordos-internacionais/2022/22022D2153.md
22022D2153	Artigo 1.º		48	66	621	ue/acordos-internacionais/2022/22022D2153.md
22022D2153	Artigo 2.º		68	86	618	ue/acordos-internacionais/2022/22022D2153.md
22022D2153	Artigo 3.º		88	90	60	ue/acordos-internacionais/2022/22022D2153.md
22022D2153	Artigo 4.º		92	94	81	ue/acordos-internacionais/2022/22022D2153.md
22022D2153	Artigo 5.º		96	126	146	ue/acordos-internacionais/2022/22022D2153.md
22022D2154	Preâmbulo		18	32	176	ue/acordos-internacionais/2022/22022D2154.md
22022D2154	Artigo 1.º		36	45	129	ue/acordos-internacionais/2022/22022D2154.md
22022D2154	Artigo 2.º		47	49	41	ue/acordos-internacionais/2022/22022D2154.md
22022D2154	Artigo 3.º		51	53	45	ue/acordos-internacionais/2022/22022D2154.md
22022D2154	Artigo 4.º		55	71	86	ue/acordos-internacionais/2022/22022D2154.md
22022D2155	Preâmbulo		18	34	386	ue/acordos-internacionais/2022/22022D2155.md
22022D2155	Artigo 1.º		38	56	218	ue/acordos-internacionais/2022/22022D2155.md
22022D2155	Artigo 2.º		58	60	76	ue/acordos-internacionais/2022/22022D2155.md
22022D2155	Artigo 3.º		62	64	81	ue/acordos-internacionais/2022/22022D2155.md
22022D2155	Artigo 4.º		66	86	105	ue/acordos-internacionais/2022/22022D2155.md
22022D2156	Preâmbulo		18	32	250	ue/acordos-internacionais/2022/22022D2156.md
22022D2156	Artigo 1.º		36	48	134	ue/acordos-internacionais/2022/22022D2156.md
22022D2156	Artigo 2.º		50	52	52	ue/acordos-internacionais/2022/22022D2156.md
22022D2156	Artigo 3.º		54	56	81	ue/acordos-internacionais/2022/22022D2156.md
22022D2156	Artigo 4.º		58	76	96	ue/acordos-internacionais/2022/22022D2156.md
22022D2157	Preâmbulo		18	34	328	ue/acordos-internacionais/2022/22022D2157.md
22022D2157	Artigo 1.º		38	104	1556	ue/acordos-internacionais/2022/22022D2157.md
22022D2157	Artigo 2.º		106	108	67	ue/acordos-internacionais/2022/22022D2157.md
22022D2157	Artigo 3.º		110	112	46	ue/acordos-internacionais/2022/22022D2157.md
22022D2157	Artigo 4.º		114	132	95	ue/acordos-internacionais/2022/22022D2157.md
22022D2158	Preâmbulo		18	30	206	ue/acordos-internacionais/2022/22022D2158.md
22022D2158	Artigo 1.º		34	40	72	ue/acordos-internacionais/2022/22022D2158.md
22022D2158	Artigo 2.º		42	44	47	ue/acordos-internacionais/2022/22022D2158.md
22022D2158	Artigo 3.º		46	48	45	ue/acordos-internacionais/2022/22022D2158.md
22022D2158	Artigo 4.º		50	64	77	ue/acordos-internacionais/2022/22022D2158.md
22022D2159	Preâmbulo		18	36	492	ue/acordos-internacionais/2022/22022D2159.md
22022D2159	Artigo 1.º		40	51	458	ue/acordos-internacionais/2022/22022D2159.md
22022D2159	Artigo 2.º		53	55	66	ue/acordos-internacionais/2022/22022D2159.md
22022D2159	Artigo 3.º		57	59	82	ue/acordos-internacionais/2022/22022D2159.md
22022D2159	Artigo 4.º		61	83	114	ue/acordos-internacionais/2022/22022D2159.md
22022D2160	Preâmbulo		18	30	153	ue/acordos-internacionais/2022/22022D2160.md
22022D2160	Artigo 1.º		34	39	70	ue/acordos-internacionais/2022/22022D2160.md
22022D2160	Artigo 2.º		41	43	44	ue/acordos-internacionais/2022/22022D2160.md
22022D2160	Artigo 3.º		45	47	45	ue/acordos-internacionais/2022/22022D2160.md
22022D2160	Artigo 4.º		49	63	78	ue/acordos-internacionais/2022/22022D2160.md
22022D2161	Preâmbulo		18	30	154	ue/acordos-internacionais/2022/22022D2161.md
22022D2161	Artigo 1.º		34	39	122	ue/acordos-internacionais/2022/22022D2161.md
22022D2161	Artigo 2.º		41	43	47	ue/acordos-internacionais/2022/22022D2161.md
22022D2161	Artigo 3.º		45	47	45	ue/acordos-internacionais/2022/22022D2161.md
22022D2161	Artigo 4.º		49	63	77	ue/acordos-internacionais/2022/22022D2161.md
22022D2162	Preâmbulo		18	30	140	ue/acordos-internacionais/2022/22022D2162.md
22022D2162	Artigo 1.º		34	39	59	ue/acordos-internacionais/2022/22022D2162.md
22022D2162	Artigo 2.º		41	43	45	ue/acordos-internacionais/2022/22022D2162.md
22022D2162	Artigo 3.º		45	57	68	ue/acordos-internacionais/2022/22022D2162.md
22022D2163	Preâmbulo		18	32	173	ue/acordos-internacionais/2022/22022D2163.md
22022D2163	Artigo 1.º		36	44	104	ue/acordos-internacionais/2022/22022D2163.md
22022D2163	Artigo 2.º		46	48	45	ue/acordos-internacionais/2022/22022D2163.md
22022D2163	Artigo 3.º		50	64	77	ue/acordos-internacionais/2022/22022D2163.md
22022D2164	Preâmbulo		18	34	352	ue/acordos-internacionais/2022/22022D2164.md
22022D2164	Artigo 1.º		38	54	337	ue/acordos-internacionais/2022/22022D2164.md
22022D2164	Artigo 2.º		56	58	44	ue/acordos-internacionais/2022/22022D2164.md
22022D2164	Artigo 3.º		60	62	46	ue/acordos-internacionais/2022/22022D2164.md
22022D2164	Artigo 4.º		64	80	85	ue/acordos-internacionais/2022/22022D2164.md
22022D2165	Preâmbulo		18	32	255	ue/acordos-internacionais/2022/22022D2165.md
22022D2165	Artigo 1.º		36	38	36	ue/acordos-internacionais/2022/22022D2165.md
22022D2165	Artigo 2.º		40	42	45	ue/acordos-internacionais/2022/22022D2165.md
22022D2165	Artigo 3.º		44	58	77	ue/acordos-internacionais/2022/22022D2165.md
22022D2166	Preâmbulo		18	34	433	ue/acordos-internacionais/2022/22022D2166.md
22022D2166	Artigo 1.º		38	47	397	ue/acordos-internacionais/2022/22022D2166.md
22022D2166	Artigo 2.º		49	51	50	ue/acordos-internacionais/2022/22022D2166.md
22022D2166	Artigo 3.º		53	55	45	ue/acordos-internacionais/2022/22022D2166.md
22022D2166	Artigo 4.º		57	75	95	ue/acordos-internacionais/2022/22022D2166.md
22022D2167	Preâmbulo		18	30	132	ue/acordos-internacionais/2022/22022D2167.md
22022D2167	Artigo 1.º		34	47	168	ue/acordos-internacionais/2022/22022D2167.md
22022D2167	Artigo 2.º		49	51	43	ue/acordos-internacionais/2022/22022D2167.md
22022D2167	Artigo 3.º		53	55	45	ue/acordos-internacionais/2022/22022D2167.md
22022D2167	Artigo 4.º		57	71	77	ue/acordos-internacionais/2022/22022D2167.md
22022D2168	Preâmbulo		18	32	204	ue/acordos-internacionais/2022/22022D2168.md
22022D2168	Artigo 1.º		36	45	164	ue/acordos-internacionais/2022/22022D2168.md
22022D2168	Artigo 2.º		47	49	41	ue/acordos-internacionais/2022/22022D2168.md
22022D2168	Artigo 3.º		51	53	46	ue/acordos-internacionais/2022/22022D2168.md
22022D2168	Artigo 4.º		55	75	104	ue/acordos-internacionais/2022/22022D2168.md
22022D2169	Preâmbulo		18	30	179	ue/acordos-internacionais/2022/22022D2169.md
22022D2169	Artigo 1.º		34	39	66	ue/acordos-internacionais/2022/22022D2169.md
22022D2169	Artigo 2.º		41	43	44	ue/acordos-internacionais/2022/22022D2169.md
22022D2169	Artigo 3.º		45	47	46	ue/acordos-internacionais/2022/22022D2169.md
22022D2169	Artigo 4.º		49	63	77	ue/acordos-internacionais/2022/22022D2169.md
22022D2170	Preâmbulo		18	30	139	ue/acordos-internacionais/2022/22022D2170.md
22022D2170	Artigo 1.º		34	39	82	ue/acordos-internacionais/2022/22022D2170.md
22022D2170	Artigo 2.º		41	43	58	ue/acordos-internacionais/2022/22022D2170.md
22022D2170	Artigo 3.º		45	47	45	ue/acordos-internacionais/2022/22022D2170.md
22022D2170	Artigo 4.º		49	63	77	ue/acordos-internacionais/2022/22022D2170.md
22022D2171	Preâmbulo		18	30	144	ue/acordos-internacionais/2022/22022D2171.md
22022D2171	Artigo 1.º		34	39	74	ue/acordos-internacionais/2022/22022D2171.md
22022D2171	Artigo 2.º		41	43	46	ue/acordos-internacionais/2022/22022D2171.md
22022D2171	Artigo 3.º		45	47	45	ue/acordos-internacionais/2022/22022D2171.md
22022D2171	Artigo 4.º		49	63	77	ue/acordos-internacionais/2022/22022D2171.md
22022D2172	Preâmbulo		18	32	280	ue/acordos-internacionais/2022/22022D2172.md
22022D2172	Artigo 1.º		36	43	96	ue/acordos-internacionais/2022/22022D2172.md
22022D2172	Artigo 2.º		45	47	49	ue/acordos-internacionais/2022/22022D2172.md
22022D2172	Artigo 3.º		49	51	46	ue/acordos-internacionais/2022/22022D2172.md
22022D2172	Artigo 4.º		53	69	86	ue/acordos-internacionais/2022/22022D2172.md
22022D2173	Preâmbulo		18	30	184	ue/acordos-internacionais/2022/22022D2173.md
22022D2173	Artigo 1.º		34	46	210	ue/acordos-internacionais/2022/22022D2173.md
22022D2173	Artigo 2.º		48	52	63	ue/acordos-internacionais/2022/22022D2173.md
22022D2173	Artigo 3.º		54	68	77	ue/acordos-internacionais/2022/22022D2173.md
22022D2174	Preâmbulo		18	30	180	ue/acordos-internacionais/2022/22022D2174.md
22022D2174	Artigo 1.º		34	39	123	ue/acordos-internacionais/2022/22022D2174.md
22022D2174	Artigo 2.º		41	43	54	ue/acordos-internacionais/2022/22022D2174.md
22022D2174	Artigo 3.º		45	59	77	ue/acordos-internacionais/2022/22022D2174.md
22022D2207	Preâmbulo		18	38	528	ue/acordos-internacionais/2022/22022D2207.md
22022D2207	Artigo 1.º		42	56	400	ue/acordos-internacionais/2022/22022D2207.md
22022D2207	Artigo 2.º		58	60	54	ue/acordos-internacionais/2022/22022D2207.md
22022D2207	Artigo 3.º		62	64	46	ue/acordos-internacionais/2022/22022D2207.md
22022D2207	Artigo 4.º		66	84	95	ue/acordos-internacionais/2022/22022D2207.md
22022D2208	Preâmbulo		18	38	584	ue/acordos-internacionais/2022/22022D2208.md
22022D2208	Artigo 1.º		42	62	417	ue/acordos-internacionais/2022/22022D2208.md
22022D2208	Artigo 2.º		64	66	59	ue/acordos-internacionais/2022/22022D2208.md
22022D2208	Artigo 3.º		68	70	46	ue/acordos-internacionais/2022/22022D2208.md
22022D2208	Artigo 4.º		72	92	104	ue/acordos-internacionais/2022/22022D2208.md
22022D2209	Preâmbulo		18	32	250	ue/acordos-internacionais/2022/22022D2209.md
22022D2209	Artigo 1.º		36	41	106	ue/acordos-internacionais/2022/22022D2209.md
22022D2209	Artigo 2.º		43	45	44	ue/acordos-internacionais/2022/22022D2209.md
22022D2209	Artigo 3.º		47	49	46	ue/acordos-internacionais/2022/22022D2209.md
22022D2209	Artigo 4.º		51	65	78	ue/acordos-internacionais/2022/22022D2209.md
22022D2210	Preâmbulo		18	30	198	ue/acordos-internacionais/2022/22022D2210.md
22022D2210	Artigo 1.º		34	39	165	ue/acordos-internacionais/2022/22022D2210.md
22022D2210	Artigo 2.º		41	43	47	ue/acordos-internacionais/2022/22022D2210.md
22022D2210	Artigo 3.º		45	47	46	ue/acordos-internacionais/2022/22022D2210.md
22022D2210	Artigo 4.º		49	63	77	ue/acordos-internacionais/2022/22022D2210.md
22022D2211	Preâmbulo		18	40	717	ue/acordos-internacionais/2022/22022D2211.md
22022D2211	Artigo 1.º		44	59	689	ue/acordos-internacionais/2022/22022D2211.md
22022D2211	Artigo 2.º		61	63	73	ue/acordos-internacionais/2022/22022D2211.md
22022D2211	Artigo 3.º		65	67	82	ue/acordos-internacionais/2022/22022D2211.md
22022D2211	Artigo 4.º		69	95	131	ue/acordos-internacionais/2022/22022D2211.md
22022D2212	Preâmbulo		18	36	440	ue/acordos-internacionais/2022/22022D2212.md
22022D2212	Artigo 1.º		40	53	396	ue/acordos-internacionais/2022/22022D2212.md
22022D2212	Artigo 2.º		55	57	53	ue/acordos-internacionais/2022/22022D2212.md
22022D2212	Artigo 3.º		59	61	46	ue/acordos-internacionais/2022/22022D2212.md
22022D2212	Artigo 4.º		63	85	112	ue/acordos-internacionais/2022/22022D2212.md
22022D2213	Preâmbulo		18	30	138	ue/acordos-internacionais/2022/22022D2213.md
22022D2213	Artigo 1.º		34	40	78	ue/acordos-internacionais/2022/22022D2213.md
22022D2213	Artigo 2.º		42	44	42	ue/acordos-internacionais/2022/22022D2213.md
22022D2213	Artigo 3.º		46	48	45	ue/acordos-internacionais/2022/22022D2213.md
22022D2213	Artigo 4.º		50	64	77	ue/acordos-internacionais/2022/22022D2213.md
22022D2214	Preâmbulo		18	30	151	ue/acordos-internacionais/2022/22022D2214.md
22022D2214	Artigo 1.º		34	39	58	ue/acordos-internacionais/2022/22022D2214.md
22022D2214	Artigo 2.º		41	43	46	ue/acordos-internacionais/2022/22022D2214.md
22022D2214	Artigo 3.º		45	57	68	ue/acordos-internacionais/2022/22022D2214.md
22022D2215	Preâmbulo		18	30	179	ue/acordos-internacionais/2022/22022D2215.md
22022D2215	Artigo 1.º		34	39	66	ue/acordos-internacionais/2022/22022D2215.md
22022D2215	Artigo 2.º		41	43	44	ue/acordos-internacionais/2022/22022D2215.md
22022D2215	Artigo 3.º		45	47	46	ue/acordos-internacionais/2022/22022D2215.md
22022D2215	Artigo 4.º		49	63	77	ue/acordos-internacionais/2022/22022D2215.md
22022D2216	Preâmbulo		18	30	166	ue/acordos-internacionais/2022/22022D2216.md
22022D2216	Artigo 1.º		34	40	68	ue/acordos-internacionais/2022/22022D2216.md
22022D2216	Artigo 2.º		42	44	46	ue/acordos-internacionais/2022/22022D2216.md
22022D2216	Artigo 3.º		46	48	46	ue/acordos-internacionais/2022/22022D2216.md
22022D2216	Artigo 4.º		50	64	77	ue/acordos-internacionais/2022/22022D2216.md
22022D2217	Preâmbulo		18	30	147	ue/acordos-internacionais/2022/22022D2217.md
22022D2217	Artigo 1.º		34	39	71	ue/acordos-internacionais/2022/22022D2217.md
22022D2217	Artigo 2.º		41	43	47	ue/acordos-internacionais/2022/22022D2217.md
22022D2217	Artigo 3.º		45	47	45	ue/acordos-internacionais/2022/22022D2217.md
22022D2217	Artigo 4.º		49	63	77	ue/acordos-internacionais/2022/22022D2217.md
22022D2218	Preâmbulo		18	30	147	ue/acordos-internacionais/2022/22022D2218.md
22022D2218	Artigo 1.º		34	39	71	ue/acordos-internacionais/2022/22022D2218.md
22022D2218	Artigo 2.º		41	43	47	ue/acordos-internacionais/2022/22022D2218.md
22022D2218	Artigo 3.º		45	47	45	ue/acordos-internacionais/2022/22022D2218.md
22022D2218	Artigo 4.º		49	63	77	ue/acordos-internacionais/2022/22022D2218.md
22022D2219	Preâmbulo		18	36	274	ue/acordos-internacionais/2022/22022D2219.md
22022D2219	Artigo 1.º		40	54	208	ue/acordos-internacionais/2022/22022D2219.md
22022D2219	Artigo 2.º		56	58	46	ue/acordos-internacionais/2022/22022D2219.md
22022D2219	Artigo 3.º		60	62	46	ue/acordos-internacionais/2022/22022D2219.md
22022D2219	Artigo 4.º		64	84	105	ue/acordos-internacionais/2022/22022D2219.md
22022D2219	ANEXO		86	626	6362	ue/acordos-internacionais/2022/22022D2219.md
22022D2220	Preâmbulo		18	30	174	ue/acordos-internacionais/2022/22022D2220.md
22022D2220	Artigo 1.º		34	39	140	ue/acordos-internacionais/2022/22022D2220.md
22022D2220	Artigo 2.º		41	43	47	ue/acordos-internacionais/2022/22022D2220.md
22022D2220	Artigo 3.º		45	47	45	ue/acordos-internacionais/2022/22022D2220.md
22022D2220	Artigo 4.º		49	63	77	ue/acordos-internacionais/2022/22022D2220.md
22022D2221	Preâmbulo		18	30	150	ue/acordos-internacionais/2022/22022D2221.md
22022D2221	Artigo 1.º		34	39	114	ue/acordos-internacionais/2022/22022D2221.md
22022D2221	Artigo 2.º		41	43	44	ue/acordos-internacionais/2022/22022D2221.md
22022D2221	Artigo 3.º		45	47	46	ue/acordos-internacionais/2022/22022D2221.md
22022D2221	Artigo 4.º		49	63	77	ue/acordos-internacionais/2022/22022D2221.md
22022D2222	Preâmbulo		18	32	188	ue/acordos-internacionais/2022/22022D2222.md
22022D2222	Artigo 1.º		36	74	358	ue/acordos-internacionais/2022/22022D2222.md
22022D2222	Artigo 2.º		76	78	44	ue/acordos-internacionais/2022/22022D2222.md
22022D2222	Artigo 3.º		80	82	45	ue/acordos-internacionais/2022/22022D2222.md
22022D2222	Artigo 4.º		84	110	132	ue/acordos-internacionais/2022/22022D2222.md
22022D2223	Preâmbulo		18	30	162	ue/acordos-internacionais/2022/22022D2223.md
22022D2223	Artigo 1.º		34	36	35	ue/acordos-internacionais/2022/22022D2223.md
22022D2223	Artigo 2.º		38	42	55	ue/acordos-internacionais/2022/22022D2223.md
22022D2223	Artigo 3.º		44	56	68	ue/acordos-internacionais/2022/22022D2223.md
22022D2224	Preâmbulo		18	30	177	ue/acordos-internacionais/2022/22022D2224.md
22022D2224	Artigo 1.º		34	36	33	ue/acordos-internacionais/2022/22022D2224.md
22022D2224	Artigo 2.º		38	42	55	ue/acordos-internacionais/2022/22022D2224.md
22022D2224	Artigo 3.º		44	56	68	ue/acordos-internacionais/2022/22022D2224.md
22022D2225	Preâmbulo		18	30	155	ue/acordos-internacionais/2022/22022D2225.md
22022D2225	Artigo 1.º		34	36	32	ue/acordos-internacionais/2022/22022D2225.md
22022D2225	Artigo 2.º		38	42	55	ue/acordos-internacionais/2022/22022D2225.md
22022D2225	Artigo 3.º		44	56	68	ue/acordos-internacionais/2022/22022D2225.md
22022D2226	Preâmbulo		18	30	168	ue/acordos-internacionais/2022/22022D2226.md
22022D2226	Artigo 1.º		34	36	34	ue/acordos-internacionais/2022/22022D2226.md
22022D2226	Artigo 2.º		38	42	52	ue/acordos-internacionais/2022/22022D2226.md
22022D2226	Artigo 3.º		44	56	68	ue/acordos-internacionais/2022/22022D2226.md
22022D2227	Preâmbulo		18	30	142	ue/acordos-internacionais/2022/22022D2227.md
22022D2227	Artigo 1.º		34	36	32	ue/acordos-internacionais/2022/22022D2227.md
22022D2227	Artigo 2.º		38	42	55	ue/acordos-internacionais/2022/22022D2227.md
22022D2227	Artigo 3.º		44	56	68	ue/acordos-internacionais/2022/22022D2227.md
22022D2251	Preâmbulo		18	48	1033	ue/acordos-internacionais/2022/22022D2251.md
22022D2251	Artigo 1.º		52	54	82	ue/acordos-internacionais/2022/22022D2251.md
22022D2251	Artigo 2.º		56	58	98	ue/acordos-internacionais/2022/22022D2251.md
22022D2251	Artigo 3.º		60	62	41	ue/acordos-internacionais/2022/22022D2251.md
22022D2251	Artigo 4.º		64	68	150	ue/acordos-internacionais/2022/22022D2251.md
22022D2251	Artigo 5.º		70	76	96	ue/acordos-internacionais/2022/22022D2251.md
22022D2251	Artigo 6.º		78	80	40	ue/acordos-internacionais/2022/22022D2251.md
22022D2251	Artigo 7.º		82	84	89	ue/acordos-internacionais/2022/22022D2251.md
22022D2251	Artigo 8.º		86	112	442	ue/acordos-internacionais/2022/22022D2251.md
22022D2251	ANEXO		114	123	235	ue/acordos-internacionais/2022/22022D2251.md
22022D2286	Preâmbulo		18	36	389	ue/acordos-internacionais/2022/22022D2286.md
22022D2286	Artigo 1.º		40	42	71	ue/acordos-internacionais/2022/22022D2286.md
22022D2286	Artigo 2.º		44	46	81	ue/acordos-internacionais/2022/22022D2286.md
22022D2286	Artigo 3.º		48	68	144	ue/acordos-internacionais/2022/22022D2286.md
22022D2286	ANEXO	«ANEXO XV DO CAPÍTULO 5	70	108	924	ue/acordos-internacionais/2022/22022D2286.md
22022D2392	Preâmbulo		18	34	330	ue/acordos-internacionais/2022/22022D2392.md
22022D2392	Artigo 1.º		38	40	71	ue/acordos-internacionais/2022/22022D2392.md
22022D2392	Artigo 2.º		42	58	126	ue/acordos-internacionais/2022/22022D2392.md
22022D2392	ANEXO		60	64	52	ue/acordos-internacionais/2022/22022D2392.md
22022D2393	Preâmbulo		18	34	330	ue/acordos-internacionais/2022/22022D2393.md
22022D2393	Artigo 1.º		38	40	72	ue/acordos-internacionais/2022/22022D2393.md
22022D2393	Artigo 2.º		42	58	124	ue/acordos-internacionais/2022/22022D2393.md
22022D2393	ANEXO		60	69	92	ue/acordos-internacionais/2022/22022D2393.md
22022D2394	Preâmbulo		18	34	333	ue/acordos-internacionais/2022/22022D2394.md
22022D2394	Artigo 1.º		38	40	72	ue/acordos-internacionais/2022/22022D2394.md
22022D2394	Artigo 2.º		42	58	124	ue/acordos-internacionais/2022/22022D2394.md
22022D2394	ANEXO		60	66	68	ue/acordos-internacionais/2022/22022D2394.md
22022D2416	Preâmbulo		18	38	526	ue/acordos-internacionais/2022/22022D2416.md
22022D2416	Artigo 1.º		42	44	55	ue/acordos-internacionais/2022/22022D2416.md
22022D2416	Artigo 2.º		46	68	95	ue/acordos-internacionais/2022/22022D2416.md
22022D2416	ANEXO	«Apêndice 1	70	1410	29984	ue/acordos-internacionais/2022/22022D2416.md
22022D2416	Apêndice 2	LEGISLAÇÃO DAS PARTES	1412	1432	558	ue/acordos-internacionais/2022/22022D2416.md
22022D2471	Preâmbulo		18	24	60	ue/acordos-internacionais/2022/22022D2471.md
22022D2471	Artigo único		28	42	70	ue/acordos-internacionais/2022/22022D2471.md
22022D2471	ANEXO		44	852	16742	ue/acordos-internacionais/2022/22022D2471.md
22022D2471	ANEXO A	PROTOCOLO RELATIVO AOS PRIVILÉGIOS E IMUNIDADES DA UNIÃO EUROPEIA	854	1026	3222	ue/acordos-internacionais/2022/22022D2471.md
22022D2471	Artigo 1.º		866	868	72	ue/acordos-internacionais/2022/22022D2471.md
22022D2471	Artigo 2.º		870	872	14	ue/acordos-internacionais/2022/22022D2471.md
22022D2471	Artigo 3.º		874	880	180	ue/acordos-internacionais/2022/22022D2471.md
22022D2471	Artigo 4.º		882	890	144	ue/acordos-internacionais/2022/22022D2471.md
22022D2471	Artigo 5.º		892	896	87	ue/acordos-internacionais/2022/22022D2471.md
22022D2471	Artigo 6.º		898	906	177	ue/acordos-internacionais/2022/22022D2471.md
22022D2471	Artigo 7.º		908	916	158	ue/acordos-internacionais/2022/22022D2471.md
22022D2471	Artigo 8.º		918	920	41	ue/acordos-internacionais/2022/22022D2471.md
22022D2471	Artigo 9.º		922	936	186	ue/acordos-internacionais/2022/22022D2471.md
22022D2471	Artigo 10.º		938	946	118	ue/acordos-internacionais/2022/22022D2471.md
22022D2471	Artigo 11.º		948	960	432	ue/acordos-internacionais/2022/22022D2471.md
22022D2471	Artigo 12.º		962	966	141	ue/acordos-internacionais/2022/22022D2471.md
22022D2471	Artigo 13.º		968	974	382	ue/acordos-internacionais/2022/22022D2471.md
22022D2471	Artigo 14.º		976	978	70	ue/acordos-internacionais/2022/22022D2471.md
22022D2471	Artigo 15.º		980	988	161	ue/acordos-internacionais/2022/22022D2471.md
22022D2471	Artigo 16.º		990	996	60	ue/acordos-internacionais/2022/22022D2471.md
22022D2471	Artigo 17.º		998	1002	83	ue/acordos-internacionais/2022/22022D2471.md
22022D2471	Artigo 18.º		1004	1006	42	ue/acordos-internacionais/2022/22022D2471.md
22022D2471	Artigo 19.º		1008	1010	29	ue/acordos-internacionais/2022/22022D2471.md
22022D2471	Artigo 20.º		1012	1014	92	ue/acordos-internacionais/2022/22022D2471.md
22022D2471	Artigo 21.º		1016	1020	192	ue/acordos-internacionais/2022/22022D2471.md
22022D2471	Artigo 22.º		1022	1026	178	ue/acordos-internacionais/2022/22022D2471.md
22022D2471	Apêndice ao ANEXO A	MODALIDADES DE APLICAÇÃO NA SUÍÇA DO PROTOCOLO RELATIVO AOS PRIVILÉGIOS E IMUNIDADES DA UNIÃO EUROPEIA	1028	1052	916	ue/acordos-internacionais/2022/22022D2471.md
22022D2471	ANEXO B	CONTROLO FINANCEIRO RELATIVO AOS PARTICIPANTES SUÍÇOS NAS ATIVIDADES DA AGÊNCIA EUROPEIA PARA A SEGURANÇA DA AVIAÇÃO	1054	1112	1844	ue/acordos-internacionais/2022/22022D2471.md
22022D2471	Artigo 1.º	Comunicação direta	1056	1058	168	ue/acordos-internacionais/2022/22022D2471.md
22022D2471	Artigo 2.º	Verificações	1060	1070	508	ue/acordos-internacionais/2022/22022D2471.md
22022D2471	Artigo 3.º	Inspeções no local	1072	1082	463	ue/acordos-internacionais/2022/22022D2471.md
22022D2471	Artigo 4.º	Informação e consulta	1084	1088	142	ue/acordos-internacionais/2022/22022D2471.md
22022D2471	Artigo 5.º	Confidencialidade	1090	1092	164	ue/acordos-internacionais/2022/22022D2471.md
22022D2471	Artigo 6.º	Medidas e sanções administrativas	1094	1096	129	ue/acordos-internacionais/2022/22022D2471.md
22022D2471	Artigo 7.º	Reembolsos e execução	1098	1112	236	ue/acordos-internacionais/2022/22022D2471.md
22022D2549	Preâmbulo		18	24	86	ue/acordos-internacionais/2022/22022D2549.md
22022D2549	Artigo 1.º		28	30	102	ue/acordos-internacionais/2022/22022D2549.md
22022D2549	Artigo 2.º		32	44	52	ue/acordos-internacionais/2022/22022D2549.md
22022D2550	Preâmbulo		18	36	598	ue/acordos-internacionais/2022/22022D2550.md
22022D2550	Artigo 1.º		40	42	80	ue/acordos-internacionais/2022/22022D2550.md
22022D2550	Artigo 2.º		44	58	64	ue/acordos-internacionais/2022/22022D2550.md
22022D2550	ANEXO		60	106	178	ue/acordos-internacionais/2022/22022D2550.md
22022D2551	Preâmbulo		18	82	3367	ue/acordos-internacionais/2022/22022D2551.md
22022D2551	Artigo 1.º		86	88	110	ue/acordos-internacionais/2022/22022D2551.md
22022D2551	Artigo 2.º		90	106	411	ue/acordos-internacionais/2022/22022D2551.md
22022D2551	Artigo 3.º		108	148	454	ue/acordos-internacionais/2022/22022D2551.md
22022D2551	ANEXO I		150	170	1103	ue/acordos-internacionais/2022/22022D2551.md
22022D2551	ANEXO II		172	204	466	ue/acordos-internacionais/2022/22022D2551.md
22022D2551	ANEXO III		206	249	607	ue/acordos-internacionais/2022/22022D2551.md
22022D2551	ANEXO IV		251	282	257	ue/acordos-internacionais/2022/22022D2551.md
22022D2551	ANEXO V		284	288	34	ue/acordos-internacionais/2022/22022D2551.md
22022D2551	ANEXO VI		290	314	212	ue/acordos-internacionais/2022/22022D2551.md
22022D2582	Preâmbulo		18	26	158	ue/acordos-internacionais/2022/22022D2582.md
22022D2582	Artigo 1.º		30	32	29	ue/acordos-internacionais/2022/22022D2582.md
22022D2582	Artigo 2.º		34	38	28	ue/acordos-internacionais/2022/22022D2582.md
22022D2582	ANEXO	REGULAMENTO INTERNO PARA A RESOLUÇÃO DE LITÍGIOS	40	280	5302	ue/acordos-internacionais/2022/22022D2582.md
22022D2582	ANEXO	CÓDIGO DE CONDUTA	282	358	1489	ue/acordos-internacionais/2022/22022D2582.md
