celex	unidade	epigrafe	linha_ini	linha_fim	tokens	ficheiro
22025A00480	Preâmbulo		18	46	647	ue/acordos-internacionais/2025/22025A00480.md
22025A00480	Artigo 1.º	Âmbito de aplicação	50	56	125	ue/acordos-internacionais/2025/22025A00480.md
22025A00480	Artigo 2.º	Definições	58	96	1048	ue/acordos-internacionais/2025/22025A00480.md
22025A00480	Artigo 3.º	Início de atividades operacionais	98	106	335	ue/acordos-internacionais/2025/22025A00480.md
22025A00480	Artigo 4.º	Plano operacional	108	150	1228	ue/acordos-internacionais/2025/22025A00480.md
22025A00480	Artigo 5.º	Comunicação de incidentes	152	156	254	ue/acordos-internacionais/2025/22025A00480.md
22025A00480	Artigo 6.º	Antenas	158	192	811	ue/acordos-internacionais/2025/22025A00480.md
22025A00480	Artigo 7.º	Agente de coordenação	194	210	495	ue/acordos-internacionais/2025/22025A00480.md
22025A00480	Artigo 8.º	Direitos fundamentais	212	226	978	ue/acordos-internacionais/2025/22025A00480.md
22025A00480	Artigo 9.º	Agentes de controlo dos direitos fundamentais	228	246	420	ue/acordos-internacionais/2025/22025A00480.md
22025A00480	Artigo 10.º	Membros das equipas	248	284	1360	ue/acordos-internacionais/2025/22025A00480.md
22025A00480	Artigo 11.º	Privilégios e imunidades dos bens, fundos, ativos e operações da Agência	286	300	466	ue/acordos-internacionais/2025/22025A00480.md
22025A00480	Artigo 12.º	Privilégios e imunidades dos membros das equipas	302	340	1609	ue/acordos-internacionais/2025/22025A00480.md
22025A00480	Artigo 13.º	Membros das equipas feridos ou falecidos	342	348	169	ue/acordos-internacionais/2025/22025A00480.md
22025A00480	Artigo 14.º	Documento de acreditação	350	360	333	ue/acordos-internacionais/2025/22025A00480.md
22025A00480	Artigo 15.º	Aplicação ao pessoal da Agência não destacado como membro das equipas	362	364	88	ue/acordos-internacionais/2025/22025A00480.md
22025A00480	Artigo 16.º	Proteção de dados pessoais	366	460	1805	ue/acordos-internacionais/2025/22025A00480.md
22025A00480	Artigo 17.º	Intercâmbio de informações classificadas e de informações sensíveis não classificadas	462	474	315	ue/acordos-internacionais/2025/22025A00480.md
22025A00480	Artigo 18.º	Decisão de suspensão ou cessação de uma atividade operacional e/ou de retirada do respetivo financiamento	476	488	470	ue/acordos-internacionais/2025/22025A00480.md
22025A00480	Artigo 19.º	Luta contra a fraude	490	494	240	ue/acordos-internacionais/2025/22025A00480.md
22025A00480	Artigo 20.º	Aplicação do presente Acordo	496	500	63	ue/acordos-internacionais/2025/22025A00480.md
22025A00480	Artigo 21.º	Resolução de litígios	502	506	99	ue/acordos-internacionais/2025/22025A00480.md
22025A00480	Artigo 22.º	Entrada em vigor, alteração, duração, suspensão e cessação da vigência do Acordo	508	542	732	ue/acordos-internacionais/2025/22025A00480.md
22025A01195	Preâmbulo		18	24	107	ue/acordos-internacionais/2025/22025A01195.md
22025A01195	Artigo 1.º	Definições	28	78	1174	ue/acordos-internacionais/2025/22025A01195.md
22025A01195	Artigo 2.º	Objetivo	80	82	70	ue/acordos-internacionais/2025/22025A01195.md
22025A01195	Artigo 3.º	Período de aplicação	84	86	43	ue/acordos-internacionais/2025/22025A01195.md
22025A01195	Artigo 4.º	Relação entre o presente Protocolo e o Acordo	88	92	104	ue/acordos-internacionais/2025/22025A01195.md
22025A01195	Artigo 5.º	Princípios	94	110	665	ue/acordos-internacionais/2025/22025A01195.md
22025A01195	Artigo 6.º	Relação entre o presente Protocolo e outros acordos e instrumentos jurídicos relativos à pesca	112	124	226	ue/acordos-internacionais/2025/22025A01195.md
22025A01195	Artigo 7.º	Acesso dos navios da União à zona de pesca da Costa do Marfim	126	144	404	ue/acordos-internacionais/2025/22025A01195.md
22025A01195	Artigo 8.º	Contrapartida financeira – modalidades de pagamento	146	170	622	ue/acordos-internacionais/2025/22025A01195.md
22025A01195	Artigo 9.º	Apoio setorial	172	226	1168	ue/acordos-internacionais/2025/22025A01195.md
22025A01195	Artigo 10.º	Cooperação científica e técnica para uma pesca sustentável	228	236	226	ue/acordos-internacionais/2025/22025A01195.md
22025A01195	Artigo 11.º	Revisão de comum acordo das possibilidades de pesca	238	242	195	ue/acordos-internacionais/2025/22025A01195.md
22025A01195	Artigo 12.º	Novas possibilidades de pesca e pesca experimental	244	272	592	ue/acordos-internacionais/2025/22025A01195.md
22025A01195	Artigo 13.º	Legislação aplicável	274	282	200	ue/acordos-internacionais/2025/22025A01195.md
22025A01195	Artigo 14.º	Intercâmbio eletrónico de dados	284	312	536	ue/acordos-internacionais/2025/22025A01195.md
22025A01195	Artigo 15.º	Proteção de dados	314	324	339	ue/acordos-internacionais/2025/22025A01195.md
22025A01195	Artigo 16.º	Prerrogativas da Comissão Mista	326	342	221	ue/acordos-internacionais/2025/22025A01195.md
22025A01195	Artigo 17.º	Exame intercalar	344	346	47	ue/acordos-internacionais/2025/22025A01195.md
22025A01195	Artigo 18.º	Suspensão da aplicação do presente Protocolo	348	366	486	ue/acordos-internacionais/2025/22025A01195.md
22025A01195	Artigo 19.º	Denúncia	368	372	79	ue/acordos-internacionais/2025/22025A01195.md
22025A01195	Artigo 20.º	Aplicação provisória	374	376	65	ue/acordos-internacionais/2025/22025A01195.md
22025A01195	Artigo 21.º	Entrada em vigor	378	380	48	ue/acordos-internacionais/2025/22025A01195.md
22025A01195	Artigo 22.º	Textos que fazem fé	382	392	152	ue/acordos-internacionais/2025/22025A01195.md
22025A01195	ANEXO	Condições do exercício da pesca pelos navios da União na zona de pesca da Costa do Marfim	394	951	12360	ue/acordos-internacionais/2025/22025A01195.md
22025A01195	Apêndice 1	Coordenadas geográficas das linhas de base e da zona de pesca da Costa do Marfim	953	1007	408	ue/acordos-internacionais/2025/22025A01195.md
22025A01195	Apêndice 2	Ficha técnica relativa ao acesso dos navios da União	1009	1047	454	ue/acordos-internacionais/2025/22025A01195.md
22025A01195	Apêndice 3	Dados de contacto para as comunicações previstas no presente Protocolo	1049	1067	114	ue/acordos-internacionais/2025/22025A01195.md
22025A01195	Apêndice 4	Informações a fornecer aquando do pedido de licença de pesca no âmbito do presente Protocolo	1069	1157	411	ue/acordos-internacionais/2025/22025A01195.md
22025A01195	Apêndice 5	Requisitos técnicos para a aplicação do Sistema de Monitorização de Navios (VMS) e do Sistema Eletrónico de Notificação (SEN)	1159	1272	3282	ue/acordos-internacionais/2025/22025A01195.md
22025A01195	Apêndice 6	Tratamento de dados pessoais	1274	1446	3982	ue/acordos-internacionais/2025/22025A01195.md
22025A01346	Preâmbulo		18	44	587	ue/acordos-internacionais/2025/22025A01346.md
22025A01346	Artigo 1.º	Âmbito	48	56	336	ue/acordos-internacionais/2025/22025A01346.md
22025A01346	Artigo 2.º	Definições	58	104	1246	ue/acordos-internacionais/2025/22025A01346.md
22025A01346	Artigo 3.º	Início das atividades operacionais	106	114	349	ue/acordos-internacionais/2025/22025A01346.md
22025A01346	Artigo 4.º	Plano operacional	116	162	1423	ue/acordos-internacionais/2025/22025A01346.md
22025A01346	Artigo 5.º	Comunicação de incidentes	164	168	211	ue/acordos-internacionais/2025/22025A01346.md
22025A01346	Artigo 6.º	Antenas	170	202	768	ue/acordos-internacionais/2025/22025A01346.md
22025A01346	Artigo 7.º	Agente de coordenação	204	220	503	ue/acordos-internacionais/2025/22025A01346.md
22025A01346	Artigo 8.º	Direitos fundamentais	222	236	929	ue/acordos-internacionais/2025/22025A01346.md
22025A01346	Artigo 9.º	Agentes de controlo dos direitos fundamentais	238	256	416	ue/acordos-internacionais/2025/22025A01346.md
22025A01346	Artigo 10.º	Membros das equipas	258	298	1466	ue/acordos-internacionais/2025/22025A01346.md
22025A01346	Artigo 11.º	Privilégios e imunidades dos bens, fundos, ativos e operações da Agência	300	316	463	ue/acordos-internacionais/2025/22025A01346.md
22025A01346	Artigo 12.º	Privilégios e imunidades dos membros das equipas	318	360	1731	ue/acordos-internacionais/2025/22025A01346.md
22025A01346	Artigo 13.º	Membros das equipas feridos ou falecidos	362	368	169	ue/acordos-internacionais/2025/22025A01346.md
22025A01346	Artigo 14.º	Documento de acreditação	370	382	375	ue/acordos-internacionais/2025/22025A01346.md
22025A01346	Artigo 15.º	Aplicação ao pessoal da Agência não destacado como membro das equipas	384	386	88	ue/acordos-internacionais/2025/22025A01346.md
22025A01346	Artigo 16.º	Proteção de dados pessoais	388	482	1758	ue/acordos-internacionais/2025/22025A01346.md
22025A01346	Artigo 17.º	Intercâmbio de informações classificadas e de informações sensíveis não classificadas	484	496	318	ue/acordos-internacionais/2025/22025A01346.md
22025A01346	Artigo 18.º	Decisão de suspensão, cessação e/ou retirada do financiamento de uma atividade operacional	498	512	608	ue/acordos-internacionais/2025/22025A01346.md
22025A01346	Artigo 19.º	Luta contra a fraude	514	518	212	ue/acordos-internacionais/2025/22025A01346.md
22025A01346	Artigo 20.º	Aplicação do presente Acordo	520	524	57	ue/acordos-internacionais/2025/22025A01346.md
22025A01346	Artigo 21.º	Resolução de litígios	526	530	99	ue/acordos-internacionais/2025/22025A01346.md
22025A01346	Artigo 22.º	Entrada em vigor, alteração, duração, suspensão e cessação do Acordo	532	564	653	ue/acordos-internacionais/2025/22025A01346.md
22025A01553	Preâmbulo		18	42	448	ue/acordos-internacionais/2025/22025A01553.md
22025A01553	Artigo 1.º	Decisões relacionadas com a participação	48	60	324	ue/acordos-internacionais/2025/22025A01553.md
22025A01553	Artigo 2.º	Enquadramento	62	66	121	ue/acordos-internacionais/2025/22025A01553.md
22025A01553	Artigo 3.º	Estatuto do pessoal e das forças da Arménia	68	82	708	ue/acordos-internacionais/2025/22025A01553.md
22025A01553	Artigo 4.º	Informações classificadas	84	88	195	ue/acordos-internacionais/2025/22025A01553.md
22025A01553	Artigo 5.º	Pessoal destacado para operações civis da UE no domínio da gestão de crises	92	110	328	ue/acordos-internacionais/2025/22025A01553.md
22025A01553	Artigo 6.º	Cadeia de comando	112	128	412	ue/acordos-internacionais/2025/22025A01553.md
22025A01553	Artigo 7.º	Aspetos financeiros	130	134	190	ue/acordos-internacionais/2025/22025A01553.md
22025A01553	Artigo 8.º	Contributo para o orçamento operacional	136	160	473	ue/acordos-internacionais/2025/22025A01553.md
22025A01553	Artigo 9.º	Participação em operações militares da UE no domínio da gestão de crises	164	182	261	ue/acordos-internacionais/2025/22025A01553.md
22025A01553	Artigo 10.º	Cadeia de comando	184	194	289	ue/acordos-internacionais/2025/22025A01553.md
22025A01553	Artigo 11.º	Aspetos financeiros	196	200	209	ue/acordos-internacionais/2025/22025A01553.md
22025A01553	Artigo 12.º	Contributo para as despesas comuns	202	226	482	ue/acordos-internacionais/2025/22025A01553.md
22025A01553	Artigo 13.º	Acordos de execução do Acordo	230	232	64	ue/acordos-internacionais/2025/22025A01553.md
22025A01553	Artigo 14.º	Autoridades competentes	234	236	49	ue/acordos-internacionais/2025/22025A01553.md
22025A01553	Artigo 15.º	Incumprimento	238	240	47	ue/acordos-internacionais/2025/22025A01553.md
22025A01553	Artigo 16.º	Resolução de litígios	242	244	42	ue/acordos-internacionais/2025/22025A01553.md
22025A01553	Artigo 17.º	Entrada em vigor, duração e denúncia	246	274	952	ue/acordos-internacionais/2025/22025A01553.md
22025A02140	Preâmbulo		18	24	111	ue/acordos-internacionais/2025/22025A02140.md
22025A02140	Artigo 1.º	Definições	28	78	1192	ue/acordos-internacionais/2025/22025A02140.md
22025A02140	Artigo 2.º	Objetivo	80	82	70	ue/acordos-internacionais/2025/22025A02140.md
22025A02140	Artigo 3.º	Relação entre o presente Protocolo e o Acordo	84	86	43	ue/acordos-internacionais/2025/22025A02140.md
22025A02140	Artigo 4.º	Princípios	88	118	1002	ue/acordos-internacionais/2025/22025A02140.md
22025A02140	Artigo 5.º	Período de aplicação e acesso dos navios da União à zona de pesca de São Tomé e Príncipe	120	132	260	ue/acordos-internacionais/2025/22025A02140.md
22025A02140	Artigo 6.º	Contrapartida financeira — modalidades de pagamento	134	166	809	ue/acordos-internacionais/2025/22025A02140.md
22025A02140	Artigo 7.º	Apoio setorial	168	212	1192	ue/acordos-internacionais/2025/22025A02140.md
22025A02140	Artigo 8.º	Cooperação científica e técnica para uma pesca sustentável	214	228	431	ue/acordos-internacionais/2025/22025A02140.md
22025A02140	Artigo 9.º	Revisão das possibilidades de pesca e das medidas técnicas	230	236	179	ue/acordos-internacionais/2025/22025A02140.md
22025A02140	Artigo 10.º	Novas possibilidades de pesca	238	242	210	ue/acordos-internacionais/2025/22025A02140.md
22025A02140	Artigo 11.º	Incentivo ao desembarque e promoção da cooperação entre operadores económicos	244	256	399	ue/acordos-internacionais/2025/22025A02140.md
22025A02140	Artigo 12.º	Suspensão da aplicação do presente Protocolo	258	274	410	ue/acordos-internacionais/2025/22025A02140.md
22025A02140	Artigo 13.º	Legislação aplicável	276	282	166	ue/acordos-internacionais/2025/22025A02140.md
22025A02140	Artigo 14.º	Intercâmbio eletrónico de informações	284	312	523	ue/acordos-internacionais/2025/22025A02140.md
22025A02140	Artigo 15.º	Proteção de dados	314	324	338	ue/acordos-internacionais/2025/22025A02140.md
22025A02140	Artigo 16.º	Prerrogativas da comissão mista	326	340	235	ue/acordos-internacionais/2025/22025A02140.md
22025A02140	Artigo 17.º	Período de vigência	342	344	62	ue/acordos-internacionais/2025/22025A02140.md
22025A02140	Artigo 18.º	Denúncia	346	350	80	ue/acordos-internacionais/2025/22025A02140.md
22025A02140	Artigo 19.º	Aplicação provisória	352	354	35	ue/acordos-internacionais/2025/22025A02140.md
22025A02140	Artigo 20.º	Entrada em vigor	356	358	47	ue/acordos-internacionais/2025/22025A02140.md
22025A02140	Artigo 21.º	Textos que fazem fé	360	370	149	ue/acordos-internacionais/2025/22025A02140.md
22025A02140	ANEXO	CONDIÇÕES DO EXERCÍCIO DA PESCA PELOS NAVIOS DA UNIÃO NA ZONA DE PESCA DE SÃO TOMÉ E PRÍNCIPE	372	941	12211	ue/acordos-internacionais/2025/22025A02140.md
22025A02140	Apêndice 1	COORDENADAS DA ZONA DE EXPLORAÇÃO CONJUNTA ENTRE SÃO TOMÉ E PRÍNCIPE E A NIGÉRIA	943	979	265	ue/acordos-internacionais/2025/22025A02140.md
22025A02140	Apêndice 2	DADOS DE CONTACTO PARA AS COMUNICAÇÕES PREVISTAS NO PRESENTE PROTOCOLO	981	999	111	ue/acordos-internacionais/2025/22025A02140.md
22025A02140	Apêndice 3	INFORMAÇÕES A FORNECER AQUANDO DE UM PEDIDO DE AUTORIZAÇÃO DE PESCA AO ABRIGO DO PRESENTE PROTOCOLO	1001	1095	461	ue/acordos-internacionais/2025/22025A02140.md
22025A02140	Apêndice 4	FICHA TÉCNICA	1097	1137	706	ue/acordos-internacionais/2025/22025A02140.md
22025A02140	Apêndice 5	REQUISITOS TÉCNICOS PARA A APLICAÇÃO DO SISTEMA DE MONITORIZAÇÃO DE NAVIOS (VMS) POR SATÉLITE E DO SISTEMA ELETRÓNICO DE NOTIFICAÇÃO (SEN)	1139	1238	3204	ue/acordos-internacionais/2025/22025A02140.md
22025A02140	Apêndice 6	TRATAMENTO DE DADOS PESSOAIS	1240	1412	3968	ue/acordos-internacionais/2025/22025A02140.md
22025A02140	Apêndice 7	RECUPERAÇÃO DOS FUNDOS INDEVIDAMENTE PAGOS	1414	1426	275	ue/acordos-internacionais/2025/22025A02140.md
22025A02326	Preâmbulo		18	64	2412	ue/acordos-internacionais/2025/22025A02326.md
22025A02326	ARTIGO 1.º		68	167	2990	ue/acordos-internacionais/2025/22025A02326.md
22025A02326	ARTIGO 4.º-A	OBJETIVO	221	223	89	ue/acordos-internacionais/2025/22025A02326.md
22025A02326	ARTIGO 4.º-B	Âmbito de aplicação	225	235	198	ue/acordos-internacionais/2025/22025A02326.md
22025A02326	ARTIGO 4.º-C	Organização	237	241	156	ue/acordos-internacionais/2025/22025A02326.md
22025A02326	ARTIGO 4.º-D	Pedido de informações	245	249	90	ue/acordos-internacionais/2025/22025A02326.md
22025A02326	ARTIGO 4.º-E	Meios de notificação	253	255	92	ue/acordos-internacionais/2025/22025A02326.md
22025A02326	ARTIGO 4.º-F	Pedido de cobrança	259	263	156	ue/acordos-internacionais/2025/22025A02326.md
22025A02326	ARTIGO 4.º-G	Condições que regem os pedidos de cobrança	265	275	351	ue/acordos-internacionais/2025/22025A02326.md
22025A02326	ARTIGO 4.º-H	Título que permite a adoção de medidas de execução no Estado da autoridade requerida e documentos conexos	277	283	215	ue/acordos-internacionais/2025/22025A02326.md
22025A02326	ARTIGO 4.º-I	Execução dos pedidos de cobrança	285	291	281	ue/acordos-internacionais/2025/22025A02326.md
22025A02326	ARTIGO 4.º-J	Litígios	293	307	870	ue/acordos-internacionais/2025/22025A02326.md
22025A02326	ARTIGO 4.º-K	Alteração ou retirada do pedido de assistência à cobrança	309	317	311	ue/acordos-internacionais/2025/22025A02326.md
22025A02326	ARTIGO 4.º-L	Pedidos de medidas cautelares	319	323	220	ue/acordos-internacionais/2025/22025A02326.md
22025A02326	ARTIGO 4.º-M	Limites às obrigações da autoridade requerida	325	343	564	ue/acordos-internacionais/2025/22025A02326.md
22025A02326	ARTIGO 4.º-N	Questões relativas à prescrição	345	353	196	ue/acordos-internacionais/2025/22025A02326.md
22025A02326	ARTIGO 4.º-O	Despesas	355	365	308	ue/acordos-internacionais/2025/22025A02326.md
22025A02326	ARTIGO 4.º-P	Comité Misto	369	407	1038	ue/acordos-internacionais/2025/22025A02326.md
22025A02326	ARTIGO 4.º-Q	Utilização dos formulários-tipo para a assistência à cobrança ao abrigo de outros acordos	409	411	319	ue/acordos-internacionais/2025/22025A02326.md
22025A02326	ARTIGO 4.º-R	Troca de informações sem pedido prévio	413	415	90	ue/acordos-internacionais/2025/22025A02326.md
22025A02326	ARTIGO 4.º-S	Cooperação noutras matérias	417	423	116	ue/acordos-internacionais/2025/22025A02326.md
22025A02326	ARTIGO 2.º	Entrada em vigor e aplicação	637	657	326	ue/acordos-internacionais/2025/22025A02326.md
22025A02326	ARTIGO 3.º	Línguas	659	693	633	ue/acordos-internacionais/2025/22025A02326.md
22025A02393	Preâmbulo		18	60	1988	ue/acordos-internacionais/2025/22025A02393.md
22025A02393	Artigo 1.º		64	183	3082	ue/acordos-internacionais/2025/22025A02393.md
22025A02393	«Artigo 9.º	Denúncia	185	427	6163	ue/acordos-internacionais/2025/22025A02393.md
22025A02393	Artigo 2.º	Entrada em vigor e aplicação	429	433	168	ue/acordos-internacionais/2025/22025A02393.md
22025A02393	Artigo 3.º	Línguas	435	469	900	ue/acordos-internacionais/2025/22025A02393.md
22025A02400	Preâmbulo		18	60	2195	ue/acordos-internacionais/2025/22025A02400.md
22025A02400	Artigo 1.º		64	301	5929	ue/acordos-internacionais/2025/22025A02400.md
22025A02400	Artigo 2.º	Entrada em vigor e aplicação	303	307	174	ue/acordos-internacionais/2025/22025A02400.md
22025A02400	Artigo 3.º	Línguas	309	349	1100	ue/acordos-internacionais/2025/22025A02400.md
22025A02428	Preâmbulo		18	60	1874	ue/acordos-internacionais/2025/22025A02428.md
22025A02428	Artigo 1.º		64	179	2979	ue/acordos-internacionais/2025/22025A02428.md
22025A02428	«Artigo 9.º	Denúncia	181	421	6082	ue/acordos-internacionais/2025/22025A02428.md
22025A02428	Artigo 2.º	Entrada em vigor	423	425	88	ue/acordos-internacionais/2025/22025A02428.md
22025A02428	Artigo 3.º	Línguas	427	479	1765	ue/acordos-internacionais/2025/22025A02428.md
22025A02431	Preâmbulo		18	78	2994	ue/acordos-internacionais/2025/22025A02431.md
22025A02431	Artigo 1.º		82	193	2543	ue/acordos-internacionais/2025/22025A02431.md
22025A02431	«Artigo 9.º	Denúncia	195	404	5442	ue/acordos-internacionais/2025/22025A02431.md
22025A02431	Artigo 2.º	Entrada em vigor e aplicação	406	408	122	ue/acordos-internacionais/2025/22025A02431.md
22025A02431	Artigo 3.º	Línguas	410	450	1253	ue/acordos-internacionais/2025/22025A02431.md
22025A02480	Preâmbulo		18	104	3348	ue/acordos-internacionais/2025/22025A02480.md
22025A02480	Artigo 1.º	Objeto	108	110	61	ue/acordos-internacionais/2025/22025A02480.md
22025A02480	Artigo 2.º	Definições	112	130	571	ue/acordos-internacionais/2025/22025A02480.md
22025A02480	Artigo 3.º	Determinação da participação	132	148	578	ue/acordos-internacionais/2025/22025A02480.md
22025A02480	Artigo 4.º	Conformidade com as regras dos programas ou atividades da União, ou de partes dos mesmos	150	160	302	ue/acordos-internacionais/2025/22025A02480.md
22025A02480	Artigo 5.º	Condições da participação em programas ou atividades da União, ou partes dos mesmos, relacionados com a mobilidade das pessoas e a circulação de bens e serviços	162	180	778	ue/acordos-internacionais/2025/22025A02480.md
22025A02480	Artigo 6.º	Participação da Suíça na governação de programas ou atividades	182	190	558	ue/acordos-internacionais/2025/22025A02480.md
22025A02480	Artigo 7.º	Condições financeiras	192	224	918	ue/acordos-internacionais/2025/22025A02480.md
22025A02480	Artigo 8.º	Programas e atividades aos quais se aplica um mecanismo de ajustamento da contribuição operacional	226	250	880	ue/acordos-internacionais/2025/22025A02480.md
22025A02480	Artigo 9.º	Programas e atividades da União, ou partes dos mesmos, aos quais se aplica um mecanismo de correção automática	252	260	529	ue/acordos-internacionais/2025/22025A02480.md
22025A02480	Artigo 10.º	Financiamento de programas da União executados por meio de instrumentos financeiros ou garantias orçamentais	262	268	200	ue/acordos-internacionais/2025/22025A02480.md
22025A02480	Artigo 11.º	Avaliações e auditorias	270	278	612	ue/acordos-internacionais/2025/22025A02480.md
22025A02480	Artigo 12.º	Luta contra as irregularidades, a fraude e outras infrações penais lesivas dos interesses financeiros da União	280	306	1214	ue/acordos-internacionais/2025/22025A02480.md
22025A02480	Artigo 13.º	Alteração dos artigos 11.º e 12.º	308	310	46	ue/acordos-internacionais/2025/22025A02480.md
22025A02480	Artigo 14.º	Reembolsos e execução	312	318	466	ue/acordos-internacionais/2025/22025A02480.md
22025A02480	Artigo 15.º	Comunicação e intercâmbio de informações	320	322	238	ue/acordos-internacionais/2025/22025A02480.md
22025A02480	Artigo 16.º	Comité Misto para a participação em programas da União	324	368	1028	ue/acordos-internacionais/2025/22025A02480.md
22025A02480	Artigo 17.º	Entrada em vigor	370	400	643	ue/acordos-internacionais/2025/22025A02480.md
22025A02480	Artigo 18.º	Aplicação a título provisório	402	410	330	ue/acordos-internacionais/2025/22025A02480.md
22025A02480	Artigo 19.º	Suspensão	412	432	677	ue/acordos-internacionais/2025/22025A02480.md
22025A02480	Artigo 20.º	Denúncia	434	452	770	ue/acordos-internacionais/2025/22025A02480.md
22025A02480	Artigo 21.º	Anexo e protocolos	454	486	766	ue/acordos-internacionais/2025/22025A02480.md
22025A02480	ANEXO		488	488	2	ue/acordos-internacionais/2025/22025A02480.md
22025A02480	ANEXO RELATIVO ÀS DISPOSIÇÕES EM MATÉRIA DE EXECUÇÃO FINANCEIRA		490	528	1270	ue/acordos-internacionais/2025/22025A02480.md
22025A02480	Artigo 1.º	Programas em que a Suíça participa	532	548	602	ue/acordos-internacionais/2025/22025A02480.md
22025A02480	Artigo 2.º	Duração da participação da Suíça	550	562	545	ue/acordos-internacionais/2025/22025A02480.md
22025A02480	Artigo 3.º	Disposições finais	564	568	246	ue/acordos-internacionais/2025/22025A02480.md
22025A02480	Artigo 4.º	Anexo	570	572	20	ue/acordos-internacionais/2025/22025A02480.md
22025A02480	Artigo 5.º	Termos e condições específicos de participação no Programa Horizonte Europa e no Programa Euratom, que complementam o Programa Horizonte Europa	578	596	1046	ue/acordos-internacionais/2025/22025A02480.md
22025A02480	Artigo 6.º	Reciprocidade	598	604	215	ue/acordos-internacionais/2025/22025A02480.md
22025A02480	Artigo 7.º	Ciência aberta	606	608	78	ue/acordos-internacionais/2025/22025A02480.md
22025A02480	Artigo 8.º	Condições financeiras para o Programa Horizonte Europa	610	648	1152	ue/acordos-internacionais/2025/22025A02480.md
22025A02480	Artigo 9.º	Condições financeiras para o Programa Euratom	650	656	150	ue/acordos-internacionais/2025/22025A02480.md
22025A02480	Artigo 10.º	Âmbito da associação	660	662	105	ue/acordos-internacionais/2025/22025A02480.md
22025A02480	Artigo 11.º	Condições específicas de participação no Programa Europa Digital	664	676	656	ue/acordos-internacionais/2025/22025A02480.md
22025A02480	Artigo 12.º	Reciprocidade	678	684	209	ue/acordos-internacionais/2025/22025A02480.md
22025A02480	Artigo 13.º	Condições financeiras	686	688	29	ue/acordos-internacionais/2025/22025A02480.md
22025A02480	Artigo 14.º	Condições específicas de participação no Programa Erasmus+	692	696	145	ue/acordos-internacionais/2025/22025A02480.md
22025A02480	Artigo 15.º	Condições financeiras	698	718	391	ue/acordos-internacionais/2025/22025A02480.md
22025A02480	ANEXO	Lista dos programas, projetos, ações e atividades, ou partes dos mesmos, equivalentes da Suíça	720	874	3674	ue/acordos-internacionais/2025/22025A02480.md
22025A02480	Artigo 1.º	Âmbito da associação	768	770	131	ue/acordos-internacionais/2025/22025A02480.md
22025A02480	Artigo 2.º	Duração da participação da Suíça	772	776	270	ue/acordos-internacionais/2025/22025A02480.md
22025A02480	Artigo 3.º	Condições específicas de participação em atividades da Empresa Comum Europeia para o ITER e o Desenvolvimento da Energia de Fusão	778	810	1114	ue/acordos-internacionais/2025/22025A02480.md
22025A02480	Artigo 4.º	Controlos financeiros	812	822	443	ue/acordos-internacionais/2025/22025A02480.md
22025A02480	Artigo 5.º	Condições financeiras	824	828	104	ue/acordos-internacionais/2025/22025A02480.md
22025A02480	Artigo 6.º	Aplicabilidade do Acordo ITER, do Acordo relativo aos Privilégios e Imunidades do ITER e do Acordo da Abordagem mais Ampla ao território da Suíça	830	856	614	ue/acordos-internacionais/2025/22025A02480.md
22025A02480	Artigo 7.º	Reciprocidade	858	862	220	ue/acordos-internacionais/2025/22025A02480.md
22025A02480	Artigo 8.º	Disposições finais	864	874	447	ue/acordos-internacionais/2025/22025A02480.md
22025A02480	ANEXO	Lista dos programas, projetos, ações e atividades, ou partes dos mesmos, equivalentes da Suíça	876	910	919	ue/acordos-internacionais/2025/22025A02480.md
22025A02480	Artigo 1.º	Âmbito da associação	882	886	172	ue/acordos-internacionais/2025/22025A02480.md
22025A02480	Artigo 2.º	Duração da participação da Suíça	888	892	294	ue/acordos-internacionais/2025/22025A02480.md
22025A02480	Artigo 3.º	Condições específicas de participação no Programa UE pela Saúde	894	900	216	ue/acordos-internacionais/2025/22025A02480.md
22025A02480	Artigo 4.º	Condições financeiras	902	904	28	ue/acordos-internacionais/2025/22025A02480.md
22025A02480	Artigo 5.º	Disposições finais	906	910	140	ue/acordos-internacionais/2025/22025A02480.md
22025A02485	Preâmbulo		18	86	242	ue/acordos-internacionais/2025/22025A02485.md
22025A02485	Artigo 1.º		90	92	102	ue/acordos-internacionais/2025/22025A02485.md
22025A02485	Artigo 2.º		94	109	169	ue/acordos-internacionais/2025/22025A02485.md
22025A02485	Artigo 3.º		111	113	39	ue/acordos-internacionais/2025/22025A02485.md
22025A02485	Artigo 4.º		115	127	279	ue/acordos-internacionais/2025/22025A02485.md
22025A02626	Preâmbulo		18	24	106	ue/acordos-internacionais/2025/22025A02626.md
22025A02626	Artigo 1.º	Período de aplicação e possibilidades de pesca	28	40	352	ue/acordos-internacionais/2025/22025A02626.md
22025A02626	Artigo 2.º	Contribuição financeira — Modalidades de pagamento	42	58	516	ue/acordos-internacionais/2025/22025A02626.md
22025A02626	Artigo 3.º	Revisão intercalar das possibilidades de pesca	60	62	117	ue/acordos-internacionais/2025/22025A02626.md
22025A02626	Artigo 4.º	Apoio setorial	64	72	220	ue/acordos-internacionais/2025/22025A02626.md
22025A02626	Artigo 5.º	Cooperação para uma pesca responsável	74	82	329	ue/acordos-internacionais/2025/22025A02626.md
22025A02626	Artigo 6.º	Princípios que regem as condições de emprego	84	90	314	ue/acordos-internacionais/2025/22025A02626.md
22025A02626	Artigo 7.º	Revisão, pela Comissão Mista, das possibilidades de pesca e das disposições técnicas	92	98	254	ue/acordos-internacionais/2025/22025A02626.md
22025A02626	Artigo 8.º	Confidencialidade e proteção dos dados	100	110	322	ue/acordos-internacionais/2025/22025A02626.md
22025A02626	Artigo 9.º	Intercâmbio eletrónico de dados	112	120	229	ue/acordos-internacionais/2025/22025A02626.md
22025A02626	Artigo 10.º	Suspensão	122	126	139	ue/acordos-internacionais/2025/22025A02626.md
22025A02626	Artigo 11.º	Denúncia	128	130	39	ue/acordos-internacionais/2025/22025A02626.md
22025A02626	Artigo 12.º	Obrigações uma vez caducado ou denunciado o presente Protocolo	132	136	176	ue/acordos-internacionais/2025/22025A02626.md
22025A02626	Artigo 13.º	Aplicação provisória	138	140	38	ue/acordos-internacionais/2025/22025A02626.md
22025A02626	Artigo 14.º	Entrada em vigor	142	146	72	ue/acordos-internacionais/2025/22025A02626.md
22025A02626	Artigo 15.º	Textos que fazem fé	148	156	137	ue/acordos-internacionais/2025/22025A02626.md
22025A02626	ANEXO	TERMOS E CONDIÇÕES APLICÁVEIS AOS NAVIOS DA UNIÃO AUTORIZADOS A PESCAR NAS ÁGUAS DE PESCA DAS ILHAS COOK	158	458	7306	ue/acordos-internacionais/2025/22025A02626.md
22025A02626	Apêndice 1	Dias de pesca e dias sem pesca	460	484	1914	ue/acordos-internacionais/2025/22025A02626.md
22025A02626	Apêndice 2	Modelos de formato das comunicações	486	536	401	ue/acordos-internacionais/2025/22025A02626.md
22025A02626	Apêndice 3	Regras de aplicação pormenorizadas para os fundos destinados ao apoio setorial	538	640	3108	ue/acordos-internacionais/2025/22025A02626.md
22025A02626	Apêndice 4	Tratamento de dados pessoais	642	736	2324	ue/acordos-internacionais/2025/22025A02626.md
22025D0016	Preâmbulo		18	44	1078	ue/acordos-internacionais/2025/22025D0016.md
22025D0016	Artigo 1.º		48	52	45	ue/acordos-internacionais/2025/22025D0016.md
22025D0016	Artigo 2.º		54	70	220	ue/acordos-internacionais/2025/22025D0016.md
22025D0016	ANEXO		72	90	508	ue/acordos-internacionais/2025/22025D0016.md
22025D0016	Artigo único	Alteração da Decisão n.º 1/2023 da Comissão Mista da Convenção Regional sobre Regras de Origem Preferenciais Pan-Euro-Mediterrânicas	74	90	506	ue/acordos-internacionais/2025/22025D0016.md
22025D0017	Preâmbulo		18	46	1012	ue/acordos-internacionais/2025/22025D0017.md
22025D0017	Artigo 1.º		50	54	45	ue/acordos-internacionais/2025/22025D0017.md
22025D0017	Artigo 2.º		56	70	140	ue/acordos-internacionais/2025/22025D0017.md
22025D0017	ANEXO		72	106	1437	ue/acordos-internacionais/2025/22025D0017.md
22025D0017	Artigo único	Alteração da Decisão n.o 1/2023 da Comissão Mista da Convenção Regional sobre Regras de Origem Preferenciais Pan-Euro-Mediterrânicas	74	78	74	ue/acordos-internacionais/2025/22025D0017.md
22025D0017	«Artigo 42.º	Disposições transitórias	80	106	1360	ue/acordos-internacionais/2025/22025D0017.md
22025D0039	Preâmbulo		18	40	744	ue/acordos-internacionais/2025/22025D0039.md
22025D0039	Artigo 1.º		44	46	81	ue/acordos-internacionais/2025/22025D0039.md
22025D0039	Artigo 2.º		48	50	82	ue/acordos-internacionais/2025/22025D0039.md
22025D0039	Artigo 3.º		52	54	80	ue/acordos-internacionais/2025/22025D0039.md
22025D0039	Artigo 4.º		56	72	112	ue/acordos-internacionais/2025/22025D0039.md
22025D0039	ANEXO 1	«Apêndice 2	74	905	47604	ue/acordos-internacionais/2025/22025D0039.md
22025D0039	ANEXO 2	« Apêndice 2A	907	1090	4296	ue/acordos-internacionais/2025/22025D0039.md
22025D0039	ANEXO 3	« Apêndice 5	1092	1116	748	ue/acordos-internacionais/2025/22025D0039.md
22025D0059	Preâmbulo		18	42	698	ue/acordos-internacionais/2025/22025D0059.md
22025D0059	Artigo 1.º		46	48	78	ue/acordos-internacionais/2025/22025D0059.md
22025D0059	Artigo 2.º		50	52	84	ue/acordos-internacionais/2025/22025D0059.md
22025D0059	Artigo 3.º		54	72	92	ue/acordos-internacionais/2025/22025D0059.md
22025D0068	Preâmbulo		18	42	706	ue/acordos-internacionais/2025/22025D0068.md
22025D0068	Artigo 1.º		46	48	97	ue/acordos-internacionais/2025/22025D0068.md
22025D0068	Artigo 2.º		50	52	84	ue/acordos-internacionais/2025/22025D0068.md
22025D0068	Artigo 3.º		54	72	92	ue/acordos-internacionais/2025/22025D0068.md
22025D0121	Preâmbulo		18	24	60	ue/acordos-internacionais/2025/22025D0121.md
22025D0121	Artigo único		28	42	71	ue/acordos-internacionais/2025/22025D0121.md
22025D0121	ANEXO		44	937	17969	ue/acordos-internacionais/2025/22025D0121.md
22025D0121	ANEXO A		939	945	143	ue/acordos-internacionais/2025/22025D0121.md
22025D0121	Artigo 1.º		949	951	72	ue/acordos-internacionais/2025/22025D0121.md
22025D0121	Artigo 2.º		953	955	14	ue/acordos-internacionais/2025/22025D0121.md
22025D0121	Artigo 3.º		957	963	180	ue/acordos-internacionais/2025/22025D0121.md
22025D0121	Artigo 4.º		965	969	130	ue/acordos-internacionais/2025/22025D0121.md
22025D0121	Artigo 5.º		973	977	87	ue/acordos-internacionais/2025/22025D0121.md
22025D0121	Artigo 6.º		979	983	164	ue/acordos-internacionais/2025/22025D0121.md
22025D0121	Artigo 7.º		987	995	158	ue/acordos-internacionais/2025/22025D0121.md
22025D0121	Artigo 8.º		997	999	41	ue/acordos-internacionais/2025/22025D0121.md
22025D0121	Artigo 9.º		1001	1011	155	ue/acordos-internacionais/2025/22025D0121.md
22025D0121	Artigo 10.º		1015	1019	102	ue/acordos-internacionais/2025/22025D0121.md
22025D0121	Artigo 11.º		1023	1035	432	ue/acordos-internacionais/2025/22025D0121.md
22025D0121	Artigo 12.º		1037	1041	141	ue/acordos-internacionais/2025/22025D0121.md
22025D0121	Artigo 13.º		1043	1049	382	ue/acordos-internacionais/2025/22025D0121.md
22025D0121	Artigo 14.º		1051	1053	70	ue/acordos-internacionais/2025/22025D0121.md
22025D0121	Artigo 15.º		1055	1059	131	ue/acordos-internacionais/2025/22025D0121.md
22025D0121	Artigo 16.º		1063	1065	50	ue/acordos-internacionais/2025/22025D0121.md
22025D0121	Artigo 17.º		1069	1073	83	ue/acordos-internacionais/2025/22025D0121.md
22025D0121	Artigo 18.º		1075	1077	42	ue/acordos-internacionais/2025/22025D0121.md
22025D0121	Artigo 19.º		1079	1081	29	ue/acordos-internacionais/2025/22025D0121.md
22025D0121	Artigo 20.º		1083	1085	92	ue/acordos-internacionais/2025/22025D0121.md
22025D0121	Artigo 21.º		1087	1091	192	ue/acordos-internacionais/2025/22025D0121.md
22025D0121	Artigo 22.º		1093	1097	178	ue/acordos-internacionais/2025/22025D0121.md
22025D0121	Apêndice	MODALIDADES DE APLICAÇÃO NA SUÍÇA DO PROTOCOLO RELATIVO AOS PRIVILÉGIOS E IMUNIDADES DA UNIÃO EUROPEIA	1099	1123	906	ue/acordos-internacionais/2025/22025D0121.md
22025D0121	ANEXO B	CONTROLO FINANCEIRO RELATIVO AOS PARTICIPANTES SUÍÇOS NAS ATIVIDADES DA AGÊNCIA EUROPEIA PARA A SEGURANÇA DA AVIAÇÃO	1125	1183	1842	ue/acordos-internacionais/2025/22025D0121.md
22025D0121	Artigo 1.º	Comunicação direta	1127	1129	168	ue/acordos-internacionais/2025/22025D0121.md
22025D0121	Artigo 2.º	Controlos	1131	1141	507	ue/acordos-internacionais/2025/22025D0121.md
22025D0121	Artigo 3.º	Inspeções no local	1143	1153	462	ue/acordos-internacionais/2025/22025D0121.md
22025D0121	Artigo 4.º	Informação e consulta	1155	1159	142	ue/acordos-internacionais/2025/22025D0121.md
22025D0121	Artigo 5.º	Confidencialidade	1161	1163	164	ue/acordos-internacionais/2025/22025D0121.md
22025D0121	Artigo 6.º	Medidas e sanções administrativas	1165	1167	129	ue/acordos-internacionais/2025/22025D0121.md
22025D0121	Artigo 7.º	Reembolsos e execução	1169	1183	236	ue/acordos-internacionais/2025/22025D0121.md
22025D0128	Preâmbulo		18	30	350	ue/acordos-internacionais/2025/22025D0128.md
22025D0128	Artigo 1.º		34	40	68	ue/acordos-internacionais/2025/22025D0128.md
22025D0128	Artigo 2.º		42	44	21	ue/acordos-internacionais/2025/22025D0128.md
22025D0128	Artigo 3.º		46	60	62	ue/acordos-internacionais/2025/22025D0128.md
22025D0128	ANEXO I		62	82	278	ue/acordos-internacionais/2025/22025D0128.md
22025D0128	ANEXO II		84	87	192	ue/acordos-internacionais/2025/22025D0128.md
22025D0137	Preâmbulo		18	44	1092	ue/acordos-internacionais/2025/22025D0137.md
22025D0137	Artigo 1.º		48	54	74	ue/acordos-internacionais/2025/22025D0137.md
22025D0137	Artigo 2.º		56	76	373	ue/acordos-internacionais/2025/22025D0137.md
22025D0137	ANEXO I		78	199	2226	ue/acordos-internacionais/2025/22025D0137.md
22025D0137	«Artigo 42.º	Apresentação do documento de acompanhamento de trânsito ou do MRN da declaração de trânsito	110	116	153	ue/acordos-internacionais/2025/22025D0137.md
22025D0137	«Artigo 42.º-A	Meios de comunicação do MRN de uma operação de trânsito às autoridades aduaneiras	118	199	1534	ue/acordos-internacionais/2025/22025D0137.md
22025D0137	ANEXO II		201	2112	30278	ue/acordos-internacionais/2025/22025D0137.md
22025D0174	Preâmbulo		18	36	263	ue/acordos-internacionais/2025/22025D0174.md
22025D0174	Artigo 1.º		40	42	42	ue/acordos-internacionais/2025/22025D0174.md
22025D0174	Artigo 2.º		44	56	142	ue/acordos-internacionais/2025/22025D0174.md
22025D0174	ANEXO		58	349	6890	ue/acordos-internacionais/2025/22025D0174.md
22025D0197	Preâmbulo		18	32	172	ue/acordos-internacionais/2025/22025D0197.md
22025D0197	Artigo 1.º		36	38	37	ue/acordos-internacionais/2025/22025D0197.md
22025D0197	Artigo 2.º		40	56	75	ue/acordos-internacionais/2025/22025D0197.md
22025D0198	Preâmbulo		18	32	190	ue/acordos-internacionais/2025/22025D0198.md
22025D0198	Artigo 1.º		36	38	37	ue/acordos-internacionais/2025/22025D0198.md
22025D0198	Artigo 2.º		40	56	75	ue/acordos-internacionais/2025/22025D0198.md
22025D0224	Preâmbulo		18	30	166	ue/acordos-internacionais/2025/22025D0224.md
22025D0224	Artigo 1.º		34	39	132	ue/acordos-internacionais/2025/22025D0224.md
22025D0224	Artigo 2.º		41	43	46	ue/acordos-internacionais/2025/22025D0224.md
22025D0224	Artigo 3.º		45	47	46	ue/acordos-internacionais/2025/22025D0224.md
22025D0224	Artigo 4.º		49	67	99	ue/acordos-internacionais/2025/22025D0224.md
22025D0225	Preâmbulo		18	30	233	ue/acordos-internacionais/2025/22025D0225.md
22025D0225	Artigo 1.º		34	39	200	ue/acordos-internacionais/2025/22025D0225.md
22025D0225	Artigo 2.º		41	43	46	ue/acordos-internacionais/2025/22025D0225.md
22025D0225	Artigo 3.º		45	47	82	ue/acordos-internacionais/2025/22025D0225.md
22025D0225	Artigo 4.º		49	69	133	ue/acordos-internacionais/2025/22025D0225.md
22025D0226	Preâmbulo		18	30	177	ue/acordos-internacionais/2025/22025D0226.md
22025D0226	Artigo 1.º		34	39	143	ue/acordos-internacionais/2025/22025D0226.md
22025D0226	Artigo 2.º		41	43	46	ue/acordos-internacionais/2025/22025D0226.md
22025D0226	Artigo 3.º		45	47	46	ue/acordos-internacionais/2025/22025D0226.md
22025D0226	Artigo 4.º		49	67	112	ue/acordos-internacionais/2025/22025D0226.md
22025D0227	Preâmbulo		18	32	252	ue/acordos-internacionais/2025/22025D0227.md
22025D0227	Artigo 1.º		36	41	115	ue/acordos-internacionais/2025/22025D0227.md
22025D0227	Artigo 2.º		43	45	47	ue/acordos-internacionais/2025/22025D0227.md
22025D0227	Artigo 3.º		47	49	46	ue/acordos-internacionais/2025/22025D0227.md
22025D0227	Artigo 4.º		51	69	112	ue/acordos-internacionais/2025/22025D0227.md
22025D0228	Preâmbulo		18	34	316	ue/acordos-internacionais/2025/22025D0228.md
22025D0228	Artigo 1.º		38	55	202	ue/acordos-internacionais/2025/22025D0228.md
22025D0228	Artigo 2.º		57	59	62	ue/acordos-internacionais/2025/22025D0228.md
22025D0228	Artigo 3.º		61	63	46	ue/acordos-internacionais/2025/22025D0228.md
22025D0228	Artigo 4.º		65	87	155	ue/acordos-internacionais/2025/22025D0228.md
22025D0229	Preâmbulo		18	32	302	ue/acordos-internacionais/2025/22025D0229.md
22025D0229	Artigo 1.º		36	42	75	ue/acordos-internacionais/2025/22025D0229.md
22025D0229	Artigo 2.º		44	46	47	ue/acordos-internacionais/2025/22025D0229.md
22025D0229	Artigo 3.º		48	50	46	ue/acordos-internacionais/2025/22025D0229.md
22025D0229	Artigo 4.º		52	70	112	ue/acordos-internacionais/2025/22025D0229.md
22025D0230	Preâmbulo		18	34	370	ue/acordos-internacionais/2025/22025D0230.md
22025D0230	Artigo 1.º		38	43	76	ue/acordos-internacionais/2025/22025D0230.md
22025D0230	Artigo 2.º		45	47	47	ue/acordos-internacionais/2025/22025D0230.md
22025D0230	Artigo 3.º		49	51	46	ue/acordos-internacionais/2025/22025D0230.md
22025D0230	Artigo 4.º		53	71	112	ue/acordos-internacionais/2025/22025D0230.md
22025D0231	Preâmbulo		18	32	260	ue/acordos-internacionais/2025/22025D0231.md
22025D0231	Artigo 1.º		36	41	76	ue/acordos-internacionais/2025/22025D0231.md
22025D0231	Artigo 2.º		43	45	44	ue/acordos-internacionais/2025/22025D0231.md
22025D0231	Artigo 3.º		47	49	46	ue/acordos-internacionais/2025/22025D0231.md
22025D0231	Artigo 4.º		51	69	111	ue/acordos-internacionais/2025/22025D0231.md
22025D0232	Preâmbulo		18	30	229	ue/acordos-internacionais/2025/22025D0232.md
22025D0232	Artigo 1.º		34	39	87	ue/acordos-internacionais/2025/22025D0232.md
22025D0232	Artigo 2.º		41	43	57	ue/acordos-internacionais/2025/22025D0232.md
22025D0232	Artigo 3.º		45	47	46	ue/acordos-internacionais/2025/22025D0232.md
22025D0232	Artigo 4.º		49	67	110	ue/acordos-internacionais/2025/22025D0232.md
22025D0233	Preâmbulo		18	32	295	ue/acordos-internacionais/2025/22025D0233.md
22025D0233	Artigo 1.º		36	45	206	ue/acordos-internacionais/2025/22025D0233.md
22025D0233	Artigo 2.º		47	49	46	ue/acordos-internacionais/2025/22025D0233.md
22025D0233	Artigo 3.º		51	53	46	ue/acordos-internacionais/2025/22025D0233.md
22025D0233	Artigo 4.º		55	75	132	ue/acordos-internacionais/2025/22025D0233.md
22025D0234	Preâmbulo		18	30	159	ue/acordos-internacionais/2025/22025D0234.md
22025D0234	Artigo 1.º		34	39	70	ue/acordos-internacionais/2025/22025D0234.md
22025D0234	Artigo 2.º		41	43	47	ue/acordos-internacionais/2025/22025D0234.md
22025D0234	Artigo 3.º		45	47	46	ue/acordos-internacionais/2025/22025D0234.md
22025D0234	Artigo 4.º		49	67	112	ue/acordos-internacionais/2025/22025D0234.md
22025D0235	Preâmbulo		18	32	198	ue/acordos-internacionais/2025/22025D0235.md
22025D0235	Artigo 1.º		36	40	114	ue/acordos-internacionais/2025/22025D0235.md
22025D0235	Artigo 2.º		42	44	46	ue/acordos-internacionais/2025/22025D0235.md
22025D0235	Artigo 3.º		46	48	46	ue/acordos-internacionais/2025/22025D0235.md
22025D0235	Artigo 4.º		50	70	121	ue/acordos-internacionais/2025/22025D0235.md
22025D0236	Preâmbulo		18	30	222	ue/acordos-internacionais/2025/22025D0236.md
22025D0236	Artigo 1.º		34	40	69	ue/acordos-internacionais/2025/22025D0236.md
22025D0236	Artigo 2.º		42	44	46	ue/acordos-internacionais/2025/22025D0236.md
22025D0236	Artigo 3.º		46	48	46	ue/acordos-internacionais/2025/22025D0236.md
22025D0236	Artigo 4.º		50	68	111	ue/acordos-internacionais/2025/22025D0236.md
22025D0237	Preâmbulo		18	32	208	ue/acordos-internacionais/2025/22025D0237.md
22025D0237	Artigo 1.º		36	52	295	ue/acordos-internacionais/2025/22025D0237.md
22025D0237	Artigo 2.º		54	56	63	ue/acordos-internacionais/2025/22025D0237.md
22025D0237	Artigo 3.º		58	60	46	ue/acordos-internacionais/2025/22025D0237.md
22025D0237	Artigo 4.º		62	82	119	ue/acordos-internacionais/2025/22025D0237.md
22025D0245	Preâmbulo		18	30	168	ue/acordos-internacionais/2025/22025D0245.md
22025D0245	Artigo 1.º		34	39	74	ue/acordos-internacionais/2025/22025D0245.md
22025D0245	Artigo 2.º		41	43	46	ue/acordos-internacionais/2025/22025D0245.md
22025D0245	Artigo 3.º		45	47	46	ue/acordos-internacionais/2025/22025D0245.md
22025D0245	Artigo 4.º		49	67	112	ue/acordos-internacionais/2025/22025D0245.md
22025D0246	Preâmbulo		18	32	288	ue/acordos-internacionais/2025/22025D0246.md
22025D0246	Artigo 1.º		36	43	258	ue/acordos-internacionais/2025/22025D0246.md
22025D0246	Artigo 2.º		45	47	52	ue/acordos-internacionais/2025/22025D0246.md
22025D0246	Artigo 3.º		49	51	46	ue/acordos-internacionais/2025/22025D0246.md
22025D0246	Artigo 4.º		53	73	134	ue/acordos-internacionais/2025/22025D0246.md
22025D0247	Preâmbulo		18	30	181	ue/acordos-internacionais/2025/22025D0247.md
22025D0247	Artigo 1.º		34	39	148	ue/acordos-internacionais/2025/22025D0247.md
22025D0247	Artigo 2.º		41	43	46	ue/acordos-internacionais/2025/22025D0247.md
22025D0247	Artigo 3.º		45	47	46	ue/acordos-internacionais/2025/22025D0247.md
22025D0247	Artigo 4.º		49	67	112	ue/acordos-internacionais/2025/22025D0247.md
22025D0248	Preâmbulo		18	42	669	ue/acordos-internacionais/2025/22025D0248.md
22025D0248	Artigo 1.º		46	73	478	ue/acordos-internacionais/2025/22025D0248.md
22025D0248	Artigo 2.º		75	77	72	ue/acordos-internacionais/2025/22025D0248.md
22025D0248	Artigo 3.º		79	81	46	ue/acordos-internacionais/2025/22025D0248.md
22025D0248	Artigo 4.º		83	111	222	ue/acordos-internacionais/2025/22025D0248.md
22025D0249	Preâmbulo		18	32	257	ue/acordos-internacionais/2025/22025D0249.md
22025D0249	Artigo 1.º		36	41	76	ue/acordos-internacionais/2025/22025D0249.md
22025D0249	Artigo 2.º		43	45	44	ue/acordos-internacionais/2025/22025D0249.md
22025D0249	Artigo 3.º		47	49	46	ue/acordos-internacionais/2025/22025D0249.md
22025D0249	Artigo 4.º		51	69	110	ue/acordos-internacionais/2025/22025D0249.md
22025D0250	Preâmbulo		18	30	200	ue/acordos-internacionais/2025/22025D0250.md
22025D0250	Artigo 1.º		34	39	166	ue/acordos-internacionais/2025/22025D0250.md
22025D0250	Artigo 2.º		41	43	47	ue/acordos-internacionais/2025/22025D0250.md
22025D0250	Artigo 3.º		45	47	46	ue/acordos-internacionais/2025/22025D0250.md
22025D0250	Artigo 4.º		49	67	112	ue/acordos-internacionais/2025/22025D0250.md
22025D0252	Preâmbulo		18	34	302	ue/acordos-internacionais/2025/22025D0252.md
22025D0252	Artigo 1.º		38	43	170	ue/acordos-internacionais/2025/22025D0252.md
22025D0252	Artigo 2.º		45	47	44	ue/acordos-internacionais/2025/22025D0252.md
22025D0252	Artigo 3.º		49	51	46	ue/acordos-internacionais/2025/22025D0252.md
22025D0252	Artigo 4.º		53	73	108	ue/acordos-internacionais/2025/22025D0252.md
22025D0253	Preâmbulo		18	44	702	ue/acordos-internacionais/2025/22025D0253.md
22025D0253	Artigo 1.º		48	80	685	ue/acordos-internacionais/2025/22025D0253.md
22025D0253	Artigo 2.º		82	84	72	ue/acordos-internacionais/2025/22025D0253.md
22025D0253	Artigo 3.º		86	88	46	ue/acordos-internacionais/2025/22025D0253.md
22025D0253	Artigo 4.º		90	120	245	ue/acordos-internacionais/2025/22025D0253.md
22025D0254	Preâmbulo		18	32	304	ue/acordos-internacionais/2025/22025D0254.md
22025D0254	Artigo 1.º		36	42	88	ue/acordos-internacionais/2025/22025D0254.md
22025D0254	Artigo 2.º		44	50	90	ue/acordos-internacionais/2025/22025D0254.md
22025D0254	Artigo 3.º		52	54	44	ue/acordos-internacionais/2025/22025D0254.md
22025D0254	Artigo 4.º		56	58	46	ue/acordos-internacionais/2025/22025D0254.md
22025D0254	Artigo 5.º		60	78	111	ue/acordos-internacionais/2025/22025D0254.md
22025D0324	Preâmbulo		18	48	953	ue/acordos-internacionais/2025/22025D0324.md
22025D0324	Artigo 1.º		52	54	92	ue/acordos-internacionais/2025/22025D0324.md
22025D0324	Artigo 2.º		56	70	70	ue/acordos-internacionais/2025/22025D0324.md
22025D0324	ANEXO		72	301	2506	ue/acordos-internacionais/2025/22025D0324.md
22025D0324	Artigo 1.º	Regras de origem aplicáveis	74	78	128	ue/acordos-internacionais/2025/22025D0324.md
22025D0324	Artigo 2.º	Regras de origem alternativas aplicáveis	80	84	134	ue/acordos-internacionais/2025/22025D0324.md
22025D0324	Artigo 3.º	Resolução de litígios	86	90	141	ue/acordos-internacionais/2025/22025D0324.md
22025D0324	Artigo 4.º	Alterações ao Protocolo	92	94	32	ue/acordos-internacionais/2025/22025D0324.md
22025D0324	Artigo 5.º	Denúncia da Convenção	96	100	220	ue/acordos-internacionais/2025/22025D0324.md
22025D0324	Artigo 6.º	Regras de origem sujeitas a contingentes para certos produtos	102	301	1849	ue/acordos-internacionais/2025/22025D0324.md
22025D0324	Artigo 1.º	Definições	305	345	1084	ue/acordos-internacionais/2025/22025D0324.md
22025D0324	Artigo 2.º	Requisitos gerais	349	355	133	ue/acordos-internacionais/2025/22025D0324.md
22025D0324	Artigo 3.º	Produtos inteiramente obtidos	357	405	658	ue/acordos-internacionais/2025/22025D0324.md
22025D0324	Artigo 4.º	Operações de complemento de fabrico ou de transformação suficientes	407	421	639	ue/acordos-internacionais/2025/22025D0324.md
22025D0324	Artigo 5.º	Regra relativa à tolerância	423	435	348	ue/acordos-internacionais/2025/22025D0324.md
22025D0324	Artigo 6.º	Operações de complemento de fabrico ou de transformação insuficientes	437	477	566	ue/acordos-internacionais/2025/22025D0324.md
22025D0324	Artigo 7.º	Acumulação da origem	479	495	799	ue/acordos-internacionais/2025/22025D0324.md
22025D0324	Artigo 8.º	Condições para a aplicação da acumulação da origem	497	519	642	ue/acordos-internacionais/2025/22025D0324.md
22025D0324	Artigo 9.º	Unidade de qualificação	521	531	309	ue/acordos-internacionais/2025/22025D0324.md
22025D0324	Artigo 10.º	Sortidos	533	537	105	ue/acordos-internacionais/2025/22025D0324.md
22025D0324	Artigo 11.º	Elementos neutros	539	549	93	ue/acordos-internacionais/2025/22025D0324.md
22025D0324	Artigo 12.º	Separação de contas	551	563	448	ue/acordos-internacionais/2025/22025D0324.md
22025D0324	Artigo 13.º	Princípio da territorialidade	567	593	759	ue/acordos-internacionais/2025/22025D0324.md
22025D0324	Artigo 14.º	Não alteração	595	611	490	ue/acordos-internacionais/2025/22025D0324.md
22025D0324	Artigo 15.º	Exposições	613	627	397	ue/acordos-internacionais/2025/22025D0324.md
22025D0324	Artigo 16.º	Draubaque ou isenção de direitos aduaneiros	631	641	449	ue/acordos-internacionais/2025/22025D0324.md
22025D0324	Artigo 17.º	Requisitos gerais	645	661	588	ue/acordos-internacionais/2025/22025D0324.md
22025D0324	Artigo 18.º	Condições para efetuar uma declaração de origem	663	681	587	ue/acordos-internacionais/2025/22025D0324.md
22025D0324	Artigo 19.º	Exportador autorizado	683	691	246	ue/acordos-internacionais/2025/22025D0324.md
22025D0324	Artigo 20.º	Procedimento para a emissão do certificado de circulação de mercadorias EUR.1	693	709	726	ue/acordos-internacionais/2025/22025D0324.md
22025D0324	Artigo 21.º	Emissão a posteriori de certificados de circulação de mercadorias EUR.1	711	731	580	ue/acordos-internacionais/2025/22025D0324.md
22025D0324	Artigo 22.º	Emissão de uma segunda via do certificado de circulação de mercadorias EUR.1	733	741	194	ue/acordos-internacionais/2025/22025D0324.md
22025D0324	Artigo 23.º	Prazo de validade da prova de origem	743	749	183	ue/acordos-internacionais/2025/22025D0324.md
22025D0324	Artigo 24.º	Zonas francas	751	755	186	ue/acordos-internacionais/2025/22025D0324.md
22025D0324	Artigo 25.º	Requisitos de importação	757	759	46	ue/acordos-internacionais/2025/22025D0324.md
22025D0324	Artigo 26.º	Importação em remessas escalonadas	761	763	128	ue/acordos-internacionais/2025/22025D0324.md
22025D0324	Artigo 27.º	Isenções da prova de origem	765	777	259	ue/acordos-internacionais/2025/22025D0324.md
22025D0324	Artigo 28.º	Discrepâncias e erros formais	779	783	171	ue/acordos-internacionais/2025/22025D0324.md
22025D0324	Artigo 29.º	Declarações do fornecedor	785	797	864	ue/acordos-internacionais/2025/22025D0324.md
22025D0324	Artigo 30.º	Montantes expressos em euros	799	809	463	ue/acordos-internacionais/2025/22025D0324.md
22025D0324	Artigo 31.º	Provas documentais, conservação das provas de origem e documentos comprovativos	813	837	864	ue/acordos-internacionais/2025/22025D0324.md
22025D0324	Artigo 32.º	Resolução de litígios	839	843	138	ue/acordos-internacionais/2025/22025D0324.md
22025D0324	Artigo 33.º	Notificação e cooperação	847	851	205	ue/acordos-internacionais/2025/22025D0324.md
22025D0324	Artigo 34.º	Controlo das provas de origem	853	865	562	ue/acordos-internacionais/2025/22025D0324.md
22025D0324	Artigo 35.º	Controlo das declarações do fornecedor	867	877	542	ue/acordos-internacionais/2025/22025D0324.md
22025D0324	Artigo 36.º	Sanções	879	881	46	ue/acordos-internacionais/2025/22025D0324.md
22025D0324	Artigo 37.º	Espaço Económico Europeu	885	887	136	ue/acordos-internacionais/2025/22025D0324.md
22025D0324	Artigo 38.º	Listenstaine	889	891	51	ue/acordos-internacionais/2025/22025D0324.md
22025D0324	Artigo 39.º	República de São Marinho	893	895	64	ue/acordos-internacionais/2025/22025D0324.md
22025D0324	Artigo 40.º	Principado de Andorra	897	899	74	ue/acordos-internacionais/2025/22025D0324.md
22025D0324	Artigo 41.º	Ceuta e Melilha	901	1510	28131	ue/acordos-internacionais/2025/22025D0324.md
22025D0324	Artigo único		1512	1655	3104	ue/acordos-internacionais/2025/22025D0324.md
22025D0324	Artigo 1.º	Disposições comuns	1657	1671	530	ue/acordos-internacionais/2025/22025D0324.md
22025D0324	Artigo 2.º	Lista de produtos e das operações de complemento de fabrico ou de transformação requeridas	1673	1729	1815	ue/acordos-internacionais/2025/22025D0324.md
22025D0409	Preâmbulo		18	42	770	ue/acordos-internacionais/2025/22025D0409.md
22025D0409	Artigo 1.º	Definições	46	64	326	ue/acordos-internacionais/2025/22025D0409.md
22025D0409	Artigo 2.º	Utilização de tacógrafos inteligentes	66	68	56	ue/acordos-internacionais/2025/22025D0409.md
22025D0409	Artigo 3.º	Homologação de equipamentos tacográficos inteligentes e certificação de raiz	70	80	268	ue/acordos-internacionais/2025/22025D0409.md
22025D0409	Artigo 4.º	Instalação, inspeção, utilização do equipamento e aplicação	82	86	73	ue/acordos-internacionais/2025/22025D0409.md
22025D0409	Artigo 5.º	Entrada em vigor	88	114	440	ue/acordos-internacionais/2025/22025D0409.md
22025D0438	Preâmbulo		18	34	348	ue/acordos-internacionais/2025/22025D0438.md
22025D0438	Artigo 1.º	Mandato do grupo de trabalho ad hoc	38	40	36	ue/acordos-internacionais/2025/22025D0438.md
22025D0438	Artigo 2.º	Entrada em vigor	42	64	344	ue/acordos-internacionais/2025/22025D0438.md
22025D0438	ANEXO	MANDATO DO GRUPO DE TRABALHO AD HOC CRIADO PELO ACORDO ENTRE A UNIÃO EUROPEIA E A UCRÂNIA SOBRE O TRANSPORTE RODOVIÁRIO DE MERCADORIAS	66	130	1393	ue/acordos-internacionais/2025/22025D0438.md
22025D0438	Artigo 1.º		68	70	55	ue/acordos-internacionais/2025/22025D0438.md
22025D0438	Artigo 2.º		72	80	256	ue/acordos-internacionais/2025/22025D0438.md
22025D0438	Artigo 3.º		82	92	242	ue/acordos-internacionais/2025/22025D0438.md
22025D0438	Artigo 4.º		94	96	32	ue/acordos-internacionais/2025/22025D0438.md
22025D0438	Artigo 5.º		98	104	166	ue/acordos-internacionais/2025/22025D0438.md
22025D0438	Artigo 6.º		106	112	233	ue/acordos-internacionais/2025/22025D0438.md
22025D0438	Artigo 7.º		114	120	74	ue/acordos-internacionais/2025/22025D0438.md
22025D0438	Artigo 8.º		122	130	297	ue/acordos-internacionais/2025/22025D0438.md
22025D0545	Preâmbulo		18	32	258	ue/acordos-internacionais/2025/22025D0545.md
22025D0545	Artigo 1.º		36	43	230	ue/acordos-internacionais/2025/22025D0545.md
22025D0545	Artigo 2.º		45	47	52	ue/acordos-internacionais/2025/22025D0545.md
22025D0545	Artigo 3.º		49	51	46	ue/acordos-internacionais/2025/22025D0545.md
22025D0545	Artigo 4.º		53	73	134	ue/acordos-internacionais/2025/22025D0545.md
22025D0546	Preâmbulo		18	32	354	ue/acordos-internacionais/2025/22025D0546.md
22025D0546	Artigo 1.º		36	48	1364	ue/acordos-internacionais/2025/22025D0546.md
22025D0546	Artigo 2.º		50	52	52	ue/acordos-internacionais/2025/22025D0546.md
22025D0546	Artigo 3.º		54	56	46	ue/acordos-internacionais/2025/22025D0546.md
22025D0546	Artigo 4.º		58	78	108	ue/acordos-internacionais/2025/22025D0546.md
22025D0547	Preâmbulo		18	30	137	ue/acordos-internacionais/2025/22025D0547.md
22025D0547	Artigo 1.º		34	39	76	ue/acordos-internacionais/2025/22025D0547.md
22025D0547	Artigo 2.º		41	43	46	ue/acordos-internacionais/2025/22025D0547.md
22025D0547	Artigo 3.º		45	47	46	ue/acordos-internacionais/2025/22025D0547.md
22025D0547	Artigo 4.º		49	67	112	ue/acordos-internacionais/2025/22025D0547.md
22025D0548	Preâmbulo		18	32	208	ue/acordos-internacionais/2025/22025D0548.md
22025D0548	Artigo 1.º		36	43	102	ue/acordos-internacionais/2025/22025D0548.md
22025D0548	Artigo 2.º		45	47	52	ue/acordos-internacionais/2025/22025D0548.md
22025D0548	Artigo 3.º		49	51	46	ue/acordos-internacionais/2025/22025D0548.md
22025D0548	Artigo 4.º		53	73	134	ue/acordos-internacionais/2025/22025D0548.md
22025D0549	Preâmbulo		18	30	184	ue/acordos-internacionais/2025/22025D0549.md
22025D0549	Artigo 1.º		34	39	113	ue/acordos-internacionais/2025/22025D0549.md
22025D0549	Artigo 2.º		41	46	116	ue/acordos-internacionais/2025/22025D0549.md
22025D0549	Artigo 3.º		48	50	46	ue/acordos-internacionais/2025/22025D0549.md
22025D0549	Artigo 4.º		52	54	46	ue/acordos-internacionais/2025/22025D0549.md
22025D0549	Artigo 5.º		56	74	99	ue/acordos-internacionais/2025/22025D0549.md
22025D0550	Preâmbulo		18	30	154	ue/acordos-internacionais/2025/22025D0550.md
22025D0550	Artigo 1.º		34	39	76	ue/acordos-internacionais/2025/22025D0550.md
22025D0550	Artigo 2.º		41	43	44	ue/acordos-internacionais/2025/22025D0550.md
22025D0550	Artigo 3.º		45	47	46	ue/acordos-internacionais/2025/22025D0550.md
22025D0550	Artigo 4.º		49	67	111	ue/acordos-internacionais/2025/22025D0550.md
22025D0551	Preâmbulo		18	30	148	ue/acordos-internacionais/2025/22025D0551.md
22025D0551	Artigo 1.º		34	39	77	ue/acordos-internacionais/2025/22025D0551.md
22025D0551	Artigo 2.º		41	43	46	ue/acordos-internacionais/2025/22025D0551.md
22025D0551	Artigo 3.º		45	47	46	ue/acordos-internacionais/2025/22025D0551.md
22025D0551	Artigo 4.º		49	67	112	ue/acordos-internacionais/2025/22025D0551.md
22025D0552	Preâmbulo		18	36	375	ue/acordos-internacionais/2025/22025D0552.md
22025D0552	Artigo 1.º		40	68	421	ue/acordos-internacionais/2025/22025D0552.md
22025D0552	Artigo 2.º		70	72	56	ue/acordos-internacionais/2025/22025D0552.md
22025D0552	Artigo 3.º		74	76	46	ue/acordos-internacionais/2025/22025D0552.md
22025D0552	Artigo 4.º		78	102	166	ue/acordos-internacionais/2025/22025D0552.md
22025D0553	Preâmbulo		18	38	560	ue/acordos-internacionais/2025/22025D0553.md
22025D0553	Artigo 1.º		42	69	567	ue/acordos-internacionais/2025/22025D0553.md
22025D0553	Artigo 2.º		71	73	68	ue/acordos-internacionais/2025/22025D0553.md
22025D0553	Artigo 3.º		75	77	46	ue/acordos-internacionais/2025/22025D0553.md
22025D0553	Artigo 4.º		79	105	200	ue/acordos-internacionais/2025/22025D0553.md
22025D0555	Preâmbulo		18	30	179	ue/acordos-internacionais/2025/22025D0555.md
22025D0555	Artigo 1.º		34	39	149	ue/acordos-internacionais/2025/22025D0555.md
22025D0555	Artigo 2.º		41	43	47	ue/acordos-internacionais/2025/22025D0555.md
22025D0555	Artigo 3.º		45	47	46	ue/acordos-internacionais/2025/22025D0555.md
22025D0555	Artigo 4.º		49	67	100	ue/acordos-internacionais/2025/22025D0555.md
22025D0556	Preâmbulo		18	30	187	ue/acordos-internacionais/2025/22025D0556.md
22025D0556	Artigo 1.º		34	39	72	ue/acordos-internacionais/2025/22025D0556.md
22025D0556	Artigo 2.º		41	43	46	ue/acordos-internacionais/2025/22025D0556.md
22025D0556	Artigo 3.º		45	47	46	ue/acordos-internacionais/2025/22025D0556.md
22025D0556	Artigo 4.º		49	67	112	ue/acordos-internacionais/2025/22025D0556.md
22025D0557	Preâmbulo		18	32	227	ue/acordos-internacionais/2025/22025D0557.md
22025D0557	Artigo 1.º		36	43	100	ue/acordos-internacionais/2025/22025D0557.md
22025D0557	Artigo 2.º		45	47	55	ue/acordos-internacionais/2025/22025D0557.md
22025D0557	Artigo 3.º		49	51	46	ue/acordos-internacionais/2025/22025D0557.md
22025D0557	Artigo 4.º		53	73	134	ue/acordos-internacionais/2025/22025D0557.md
22025D0558	Preâmbulo		18	30	152	ue/acordos-internacionais/2025/22025D0558.md
22025D0558	Artigo 1.º		34	47	184	ue/acordos-internacionais/2025/22025D0558.md
22025D0558	Artigo 2.º		49	51	46	ue/acordos-internacionais/2025/22025D0558.md
22025D0558	Artigo 3.º		53	55	46	ue/acordos-internacionais/2025/22025D0558.md
22025D0558	Artigo 4.º		57	75	112	ue/acordos-internacionais/2025/22025D0558.md
22025D0560	Preâmbulo		18	30	156	ue/acordos-internacionais/2025/22025D0560.md
22025D0560	Artigo 1.º		34	39	122	ue/acordos-internacionais/2025/22025D0560.md
22025D0560	Artigo 2.º		41	43	46	ue/acordos-internacionais/2025/22025D0560.md
22025D0560	Artigo 3.º		45	47	46	ue/acordos-internacionais/2025/22025D0560.md
22025D0560	Artigo 4.º		49	67	112	ue/acordos-internacionais/2025/22025D0560.md
22025D0561	Preâmbulo		18	30	148	ue/acordos-internacionais/2025/22025D0561.md
22025D0561	Artigo 1.º		34	39	76	ue/acordos-internacionais/2025/22025D0561.md
22025D0561	Artigo 2.º		41	43	46	ue/acordos-internacionais/2025/22025D0561.md
22025D0561	Artigo 3.º		45	47	46	ue/acordos-internacionais/2025/22025D0561.md
22025D0561	Artigo 4.º		49	67	112	ue/acordos-internacionais/2025/22025D0561.md
22025D0562	Preâmbulo		18	30	202	ue/acordos-internacionais/2025/22025D0562.md
22025D0562	Artigo 1.º		34	39	70	ue/acordos-internacionais/2025/22025D0562.md
22025D0562	Artigo 2.º		41	43	47	ue/acordos-internacionais/2025/22025D0562.md
22025D0562	Artigo 3.º		45	47	46	ue/acordos-internacionais/2025/22025D0562.md
22025D0562	Artigo 4.º		49	67	112	ue/acordos-internacionais/2025/22025D0562.md
22025D0563	Preâmbulo		18	30	150	ue/acordos-internacionais/2025/22025D0563.md
22025D0563	Artigo 1.º		34	39	117	ue/acordos-internacionais/2025/22025D0563.md
22025D0563	Artigo 2.º		41	43	42	ue/acordos-internacionais/2025/22025D0563.md
22025D0563	Artigo 3.º		45	47	46	ue/acordos-internacionais/2025/22025D0563.md
22025D0563	Artigo 4.º		49	67	111	ue/acordos-internacionais/2025/22025D0563.md
22025D0564	Preâmbulo		18	32	250	ue/acordos-internacionais/2025/22025D0564.md
22025D0564	Artigo 1.º		36	48	137	ue/acordos-internacionais/2025/22025D0564.md
22025D0564	Artigo 2.º		50	52	52	ue/acordos-internacionais/2025/22025D0564.md
22025D0564	Artigo 3.º		54	56	46	ue/acordos-internacionais/2025/22025D0564.md
22025D0564	Artigo 4.º		58	78	108	ue/acordos-internacionais/2025/22025D0564.md
22025D0565	Preâmbulo		18	30	220	ue/acordos-internacionais/2025/22025D0565.md
22025D0565	Artigo 1.º		34	54	252	ue/acordos-internacionais/2025/22025D0565.md
22025D0565	Artigo 2.º		56	94	441	ue/acordos-internacionais/2025/22025D0565.md
22025D0565	Artigo 3.º		96	98	44	ue/acordos-internacionais/2025/22025D0565.md
22025D0565	Artigo 4.º		100	102	46	ue/acordos-internacionais/2025/22025D0565.md
22025D0565	Artigo 5.º		104	122	100	ue/acordos-internacionais/2025/22025D0565.md
22025D0567	Preâmbulo		18	30	164	ue/acordos-internacionais/2025/22025D0567.md
22025D0567	Artigo 1.º		34	39	68	ue/acordos-internacionais/2025/22025D0567.md
22025D0567	Artigo 2.º		41	43	46	ue/acordos-internacionais/2025/22025D0567.md
22025D0567	Artigo 3.º		45	47	46	ue/acordos-internacionais/2025/22025D0567.md
22025D0567	Artigo 4.º		49	67	112	ue/acordos-internacionais/2025/22025D0567.md
22025D0568	Preâmbulo		18	30	167	ue/acordos-internacionais/2025/22025D0568.md
22025D0568	Artigo 1.º		34	39	134	ue/acordos-internacionais/2025/22025D0568.md
22025D0568	Artigo 2.º		41	43	46	ue/acordos-internacionais/2025/22025D0568.md
22025D0568	Artigo 3.º		45	47	46	ue/acordos-internacionais/2025/22025D0568.md
22025D0568	Artigo 4.º		49	67	112	ue/acordos-internacionais/2025/22025D0568.md
22025D0570	Preâmbulo		18	30	160	ue/acordos-internacionais/2025/22025D0570.md
22025D0570	Artigo 1.º		34	39	69	ue/acordos-internacionais/2025/22025D0570.md
22025D0570	Artigo 2.º		41	43	44	ue/acordos-internacionais/2025/22025D0570.md
22025D0570	Artigo 3.º		45	47	46	ue/acordos-internacionais/2025/22025D0570.md
22025D0570	Artigo 4.º		49	67	111	ue/acordos-internacionais/2025/22025D0570.md
22025D0571	Preâmbulo		18	34	278	ue/acordos-internacionais/2025/22025D0571.md
22025D0571	Artigo 1.º		38	42	144	ue/acordos-internacionais/2025/22025D0571.md
22025D0571	Artigo 2.º		44	46	47	ue/acordos-internacionais/2025/22025D0571.md
22025D0571	Artigo 3.º		48	50	46	ue/acordos-internacionais/2025/22025D0571.md
22025D0571	Artigo 4.º		52	72	109	ue/acordos-internacionais/2025/22025D0571.md
22025D0572	Preâmbulo		18	36	314	ue/acordos-internacionais/2025/22025D0572.md
22025D0572	Artigo 1.º		40	45	210	ue/acordos-internacionais/2025/22025D0572.md
22025D0572	Artigo 2.º		47	49	70	ue/acordos-internacionais/2025/22025D0572.md
22025D0572	Artigo 3.º		51	53	46	ue/acordos-internacionais/2025/22025D0572.md
22025D0572	Artigo 4.º		55	79	163	ue/acordos-internacionais/2025/22025D0572.md
22025D0573	Preâmbulo		18	40	900	ue/acordos-internacionais/2025/22025D0573.md
22025D0573	Artigo 1.º		44	48	174	ue/acordos-internacionais/2025/22025D0573.md
22025D0573	Artigo 2.º		50	52	40	ue/acordos-internacionais/2025/22025D0573.md
22025D0573	Artigo 3.º		54	78	236	ue/acordos-internacionais/2025/22025D0573.md
22025D0574	Preâmbulo		18	44	868	ue/acordos-internacionais/2025/22025D0574.md
22025D0574	Artigo 1.º		48	50	83	ue/acordos-internacionais/2025/22025D0574.md
22025D0574	Artigo 2.º		52	62	300	ue/acordos-internacionais/2025/22025D0574.md
22025D0574	Artigo 3.º		64	66	115	ue/acordos-internacionais/2025/22025D0574.md
22025D0574	Artigo 4.º		68	70	59	ue/acordos-internacionais/2025/22025D0574.md
22025D0574	Artigo 5.º		72	74	46	ue/acordos-internacionais/2025/22025D0574.md
22025D0574	Artigo 6.º		76	78	89	ue/acordos-internacionais/2025/22025D0574.md
22025D0574	Artigo 7.º		80	82	116	ue/acordos-internacionais/2025/22025D0574.md
22025D0574	Artigo 8.º		84	86	40	ue/acordos-internacionais/2025/22025D0574.md
22025D0574	Artigo 9.º		88	116	460	ue/acordos-internacionais/2025/22025D0574.md
22025D0575	Preâmbulo		18	30	202	ue/acordos-internacionais/2025/22025D0575.md
22025D0575	Artigo 1.º		34	39	169	ue/acordos-internacionais/2025/22025D0575.md
22025D0575	Artigo 2.º		41	43	47	ue/acordos-internacionais/2025/22025D0575.md
22025D0575	Artigo 3.º		45	47	46	ue/acordos-internacionais/2025/22025D0575.md
22025D0575	Artigo 4.º		49	67	111	ue/acordos-internacionais/2025/22025D0575.md
22025D0576	Preâmbulo		18	30	152	ue/acordos-internacionais/2025/22025D0576.md
22025D0576	Artigo 1.º		34	39	72	ue/acordos-internacionais/2025/22025D0576.md
22025D0576	Artigo 2.º		41	43	46	ue/acordos-internacionais/2025/22025D0576.md
22025D0576	Artigo 3.º		45	47	46	ue/acordos-internacionais/2025/22025D0576.md
22025D0576	Artigo 4.º		49	67	99	ue/acordos-internacionais/2025/22025D0576.md
22025D0577	Preâmbulo		18	34	332	ue/acordos-internacionais/2025/22025D0577.md
22025D0577	Artigo 1.º		38	52	160	ue/acordos-internacionais/2025/22025D0577.md
22025D0577	Artigo 2.º		54	56	52	ue/acordos-internacionais/2025/22025D0577.md
22025D0577	Artigo 3.º		58	60	46	ue/acordos-internacionais/2025/22025D0577.md
22025D0577	Artigo 4.º		62	82	136	ue/acordos-internacionais/2025/22025D0577.md
22025D0578	Preâmbulo		18	46	668	ue/acordos-internacionais/2025/22025D0578.md
22025D0578	Artigo 1.º		50	52	68	ue/acordos-internacionais/2025/22025D0578.md
22025D0578	Artigo 2.º		54	56	56	ue/acordos-internacionais/2025/22025D0578.md
22025D0578	Artigo 3.º		58	62	56	ue/acordos-internacionais/2025/22025D0578.md
22025D0578	Artigo 4.º		64	82	214	ue/acordos-internacionais/2025/22025D0578.md
22025D0578	ANEXO		84	134	1342	ue/acordos-internacionais/2025/22025D0578.md
22025D0578	Artigo 1.º	Regras de origem	86	90	149	ue/acordos-internacionais/2025/22025D0578.md
22025D0578	Artigo 2.º	Disposições específicas relativas ao Espaço Económico Europeu	92	106	406	ue/acordos-internacionais/2025/22025D0578.md
22025D0578	Artigo 3.º	Disposições adicionais em matéria de acumulação	108	134	784	ue/acordos-internacionais/2025/22025D0578.md
22025D0579	Preâmbulo		18	32	255	ue/acordos-internacionais/2025/22025D0579.md
22025D0579	Artigo 1.º		36	48	180	ue/acordos-internacionais/2025/22025D0579.md
22025D0579	Artigo 2.º		50	52	47	ue/acordos-internacionais/2025/22025D0579.md
22025D0579	Artigo 3.º		54	56	46	ue/acordos-internacionais/2025/22025D0579.md
22025D0579	Artigo 4.º		58	76	112	ue/acordos-internacionais/2025/22025D0579.md
22025D0580	Preâmbulo		18	46	784	ue/acordos-internacionais/2025/22025D0580.md
22025D0580	Artigo 1.º		50	83	661	ue/acordos-internacionais/2025/22025D0580.md
22025D0580	Artigo 2.º		85	87	80	ue/acordos-internacionais/2025/22025D0580.md
22025D0580	Artigo 3.º		89	91	46	ue/acordos-internacionais/2025/22025D0580.md
22025D0580	Artigo 4.º		93	125	265	ue/acordos-internacionais/2025/22025D0580.md
22025D0582	Preâmbulo		18	32	290	ue/acordos-internacionais/2025/22025D0582.md
22025D0582	Artigo 1.º		36	41	78	ue/acordos-internacionais/2025/22025D0582.md
22025D0582	Artigo 2.º		43	48	78	ue/acordos-internacionais/2025/22025D0582.md
22025D0582	Artigo 3.º		50	52	46	ue/acordos-internacionais/2025/22025D0582.md
22025D0582	Artigo 4.º		54	56	46	ue/acordos-internacionais/2025/22025D0582.md
22025D0582	Artigo 5.º		58	76	112	ue/acordos-internacionais/2025/22025D0582.md
22025D0583	Preâmbulo		18	32	273	ue/acordos-internacionais/2025/22025D0583.md
22025D0583	Artigo 1.º		36	48	199	ue/acordos-internacionais/2025/22025D0583.md
22025D0583	Artigo 2.º		50	52	47	ue/acordos-internacionais/2025/22025D0583.md
22025D0583	Artigo 3.º		54	56	46	ue/acordos-internacionais/2025/22025D0583.md
22025D0583	Artigo 4.º		58	76	112	ue/acordos-internacionais/2025/22025D0583.md
22025D0584	Preâmbulo		18	30	175	ue/acordos-internacionais/2025/22025D0584.md
22025D0584	Artigo 1.º		34	39	146	ue/acordos-internacionais/2025/22025D0584.md
22025D0584	Artigo 2.º		41	43	46	ue/acordos-internacionais/2025/22025D0584.md
22025D0584	Artigo 3.º		45	47	46	ue/acordos-internacionais/2025/22025D0584.md
22025D0584	Artigo 4.º		49	67	98	ue/acordos-internacionais/2025/22025D0584.md
22025D0585	Preâmbulo		18	30	183	ue/acordos-internacionais/2025/22025D0585.md
22025D0585	Artigo 1.º		34	39	75	ue/acordos-internacionais/2025/22025D0585.md
22025D0585	Artigo 2.º		41	43	44	ue/acordos-internacionais/2025/22025D0585.md
22025D0585	Artigo 3.º		45	47	46	ue/acordos-internacionais/2025/22025D0585.md
22025D0585	Artigo 4.º		49	67	111	ue/acordos-internacionais/2025/22025D0585.md
22025D0586	Preâmbulo		18	32	308	ue/acordos-internacionais/2025/22025D0586.md
22025D0586	Artigo 1.º		36	41	74	ue/acordos-internacionais/2025/22025D0586.md
22025D0586	Artigo 2.º		43	48	75	ue/acordos-internacionais/2025/22025D0586.md
22025D0586	Artigo 3.º		50	52	44	ue/acordos-internacionais/2025/22025D0586.md
22025D0586	Artigo 4.º		54	56	46	ue/acordos-internacionais/2025/22025D0586.md
22025D0586	Artigo 5.º		58	76	111	ue/acordos-internacionais/2025/22025D0586.md
22025D0587	Preâmbulo		18	34	368	ue/acordos-internacionais/2025/22025D0587.md
22025D0587	Artigo 1.º		38	45	105	ue/acordos-internacionais/2025/22025D0587.md
22025D0587	Artigo 2.º		47	54	104	ue/acordos-internacionais/2025/22025D0587.md
22025D0587	Artigo 3.º		56	58	49	ue/acordos-internacionais/2025/22025D0587.md
22025D0587	Artigo 4.º		60	62	46	ue/acordos-internacionais/2025/22025D0587.md
22025D0587	Artigo 5.º		64	84	132	ue/acordos-internacionais/2025/22025D0587.md
22025D0588	Preâmbulo		18	30	185	ue/acordos-internacionais/2025/22025D0588.md
22025D0588	Artigo 1.º		34	39	78	ue/acordos-internacionais/2025/22025D0588.md
22025D0588	Artigo 2.º		41	43	46	ue/acordos-internacionais/2025/22025D0588.md
22025D0588	Artigo 3.º		45	47	46	ue/acordos-internacionais/2025/22025D0588.md
22025D0588	Artigo 4.º		49	67	112	ue/acordos-internacionais/2025/22025D0588.md
22025D0589	Preâmbulo		18	30	151	ue/acordos-internacionais/2025/22025D0589.md
22025D0589	Artigo 1.º		34	40	71	ue/acordos-internacionais/2025/22025D0589.md
22025D0589	Artigo 2.º		42	44	47	ue/acordos-internacionais/2025/22025D0589.md
22025D0589	Artigo 3.º		46	48	82	ue/acordos-internacionais/2025/22025D0589.md
22025D0589	Artigo 4.º		50	70	133	ue/acordos-internacionais/2025/22025D0589.md
22025D0590	Preâmbulo		18	30	176	ue/acordos-internacionais/2025/22025D0590.md
22025D0590	Artigo 1.º		34	39	140	ue/acordos-internacionais/2025/22025D0590.md
22025D0590	Artigo 2.º		41	43	46	ue/acordos-internacionais/2025/22025D0590.md
22025D0590	Artigo 3.º		45	47	46	ue/acordos-internacionais/2025/22025D0590.md
22025D0590	Artigo 4.º		49	67	99	ue/acordos-internacionais/2025/22025D0590.md
22025D0592	Preâmbulo		18	30	204	ue/acordos-internacionais/2025/22025D0592.md
22025D0592	Artigo 1.º		34	39	70	ue/acordos-internacionais/2025/22025D0592.md
22025D0592	Artigo 2.º		41	43	47	ue/acordos-internacionais/2025/22025D0592.md
22025D0592	Artigo 3.º		45	47	46	ue/acordos-internacionais/2025/22025D0592.md
22025D0592	Artigo 4.º		49	67	112	ue/acordos-internacionais/2025/22025D0592.md
22025D0593	Preâmbulo		18	32	278	ue/acordos-internacionais/2025/22025D0593.md
22025D0593	Artigo 1.º		36	41	73	ue/acordos-internacionais/2025/22025D0593.md
22025D0593	Artigo 2.º		43	45	47	ue/acordos-internacionais/2025/22025D0593.md
22025D0593	Artigo 3.º		47	49	46	ue/acordos-internacionais/2025/22025D0593.md
22025D0593	Artigo 4.º		51	69	112	ue/acordos-internacionais/2025/22025D0593.md
22025D0594	Preâmbulo		18	30	141	ue/acordos-internacionais/2025/22025D0594.md
22025D0594	Artigo 1.º		34	39	68	ue/acordos-internacionais/2025/22025D0594.md
22025D0594	Artigo 2.º		41	43	46	ue/acordos-internacionais/2025/22025D0594.md
22025D0594	Artigo 3.º		45	47	46	ue/acordos-internacionais/2025/22025D0594.md
22025D0594	Artigo 4.º		49	67	99	ue/acordos-internacionais/2025/22025D0594.md
22025D0595	Preâmbulo		18	32	253	ue/acordos-internacionais/2025/22025D0595.md
22025D0595	Artigo 1.º		36	41	74	ue/acordos-internacionais/2025/22025D0595.md
22025D0595	Artigo 2.º		43	45	47	ue/acordos-internacionais/2025/22025D0595.md
22025D0595	Artigo 3.º		47	49	46	ue/acordos-internacionais/2025/22025D0595.md
22025D0595	Artigo 4.º		51	69	112	ue/acordos-internacionais/2025/22025D0595.md
22025D0596	Preâmbulo		18	30	187	ue/acordos-internacionais/2025/22025D0596.md
22025D0596	Artigo 1.º		34	39	154	ue/acordos-internacionais/2025/22025D0596.md
22025D0596	Artigo 2.º		41	43	46	ue/acordos-internacionais/2025/22025D0596.md
22025D0596	Artigo 3.º		45	47	46	ue/acordos-internacionais/2025/22025D0596.md
22025D0596	Artigo 4.º		49	67	112	ue/acordos-internacionais/2025/22025D0596.md
22025D0598	Preâmbulo		18	36	419	ue/acordos-internacionais/2025/22025D0598.md
22025D0598	Artigo 1.º		40	49	278	ue/acordos-internacionais/2025/22025D0598.md
22025D0598	Artigo 2.º		51	53	56	ue/acordos-internacionais/2025/22025D0598.md
22025D0598	Artigo 3.º		55	57	46	ue/acordos-internacionais/2025/22025D0598.md
22025D0598	Artigo 4.º		59	81	157	ue/acordos-internacionais/2025/22025D0598.md
22025D0599	Preâmbulo		18	32	260	ue/acordos-internacionais/2025/22025D0599.md
22025D0599	Artigo 1.º		36	41	116	ue/acordos-internacionais/2025/22025D0599.md
22025D0599	Artigo 2.º		43	45	47	ue/acordos-internacionais/2025/22025D0599.md
22025D0599	Artigo 3.º		47	49	46	ue/acordos-internacionais/2025/22025D0599.md
22025D0599	Artigo 4.º		51	69	112	ue/acordos-internacionais/2025/22025D0599.md
22025D0600	Preâmbulo		18	32	310	ue/acordos-internacionais/2025/22025D0600.md
22025D0600	Artigo 1.º		36	42	73	ue/acordos-internacionais/2025/22025D0600.md
22025D0600	Artigo 2.º		44	46	46	ue/acordos-internacionais/2025/22025D0600.md
22025D0600	Artigo 3.º		48	50	46	ue/acordos-internacionais/2025/22025D0600.md
22025D0600	Artigo 4.º		52	70	111	ue/acordos-internacionais/2025/22025D0600.md
22025D0605	Preâmbulo		18	30	192	ue/acordos-internacionais/2025/22025D0605.md
22025D0605	Artigo 1.º		34	46	235	ue/acordos-internacionais/2025/22025D0605.md
22025D0605	Artigo 2.º		48	50	46	ue/acordos-internacionais/2025/22025D0605.md
22025D0605	Artigo 3.º		52	54	46	ue/acordos-internacionais/2025/22025D0605.md
22025D0605	Artigo 4.º		56	74	112	ue/acordos-internacionais/2025/22025D0605.md
22025D0614	Preâmbulo		18	30	214	ue/acordos-internacionais/2025/22025D0614.md
22025D0614	Artigo 1.º		34	39	183	ue/acordos-internacionais/2025/22025D0614.md
22025D0614	Artigo 2.º		41	43	47	ue/acordos-internacionais/2025/22025D0614.md
22025D0614	Artigo 3.º		45	47	46	ue/acordos-internacionais/2025/22025D0614.md
22025D0614	Artigo 4.º		49	67	112	ue/acordos-internacionais/2025/22025D0614.md
22025D0615	Preâmbulo		18	32	290	ue/acordos-internacionais/2025/22025D0615.md
22025D0615	Artigo 1.º		36	41	74	ue/acordos-internacionais/2025/22025D0615.md
22025D0615	Artigo 2.º		43	48	75	ue/acordos-internacionais/2025/22025D0615.md
22025D0615	Artigo 3.º		50	52	44	ue/acordos-internacionais/2025/22025D0615.md
22025D0615	Artigo 4.º		54	56	46	ue/acordos-internacionais/2025/22025D0615.md
22025D0615	Artigo 5.º		58	76	110	ue/acordos-internacionais/2025/22025D0615.md
22025D0616	Preâmbulo		18	32	308	ue/acordos-internacionais/2025/22025D0616.md
22025D0616	Artigo 1.º		36	41	156	ue/acordos-internacionais/2025/22025D0616.md
22025D0616	Artigo 2.º		43	45	46	ue/acordos-internacionais/2025/22025D0616.md
22025D0616	Artigo 3.º		47	49	46	ue/acordos-internacionais/2025/22025D0616.md
22025D0616	Artigo 4.º		51	69	112	ue/acordos-internacionais/2025/22025D0616.md
22025D0617	Preâmbulo		18	46	813	ue/acordos-internacionais/2025/22025D0617.md
22025D0617	Artigo 1.º		50	92	855	ue/acordos-internacionais/2025/22025D0617.md
22025D0617	Artigo 2.º		94	96	72	ue/acordos-internacionais/2025/22025D0617.md
22025D0617	Artigo 3.º		98	100	46	ue/acordos-internacionais/2025/22025D0617.md
22025D0617	Artigo 4.º		102	134	258	ue/acordos-internacionais/2025/22025D0617.md
22025D0618	Preâmbulo		18	32	297	ue/acordos-internacionais/2025/22025D0618.md
22025D0618	Artigo 1.º		36	53	238	ue/acordos-internacionais/2025/22025D0618.md
22025D0618	Artigo 2.º		55	57	46	ue/acordos-internacionais/2025/22025D0618.md
22025D0618	Artigo 3.º		59	61	46	ue/acordos-internacionais/2025/22025D0618.md
22025D0618	Artigo 4.º		63	81	99	ue/acordos-internacionais/2025/22025D0618.md
22025D0619	Preâmbulo		18	32	261	ue/acordos-internacionais/2025/22025D0619.md
22025D0619	Artigo 1.º		36	41	69	ue/acordos-internacionais/2025/22025D0619.md
22025D0619	Artigo 2.º		43	45	46	ue/acordos-internacionais/2025/22025D0619.md
22025D0619	Artigo 3.º		47	49	46	ue/acordos-internacionais/2025/22025D0619.md
22025D0619	Artigo 4.º		51	69	99	ue/acordos-internacionais/2025/22025D0619.md
22025D0620	Preâmbulo		18	32	454	ue/acordos-internacionais/2025/22025D0620.md
22025D0620	Artigo 1.º		36	49	396	ue/acordos-internacionais/2025/22025D0620.md
22025D0620	Artigo 2.º		51	53	47	ue/acordos-internacionais/2025/22025D0620.md
22025D0620	Artigo 3.º		55	57	46	ue/acordos-internacionais/2025/22025D0620.md
22025D0620	Artigo 4.º		59	77	112	ue/acordos-internacionais/2025/22025D0620.md
22025D0621	Preâmbulo		18	32	256	ue/acordos-internacionais/2025/22025D0621.md
22025D0621	Artigo 1.º		36	41	72	ue/acordos-internacionais/2025/22025D0621.md
22025D0621	Artigo 2.º		43	45	47	ue/acordos-internacionais/2025/22025D0621.md
22025D0621	Artigo 3.º		47	49	46	ue/acordos-internacionais/2025/22025D0621.md
22025D0621	Artigo 4.º		51	69	112	ue/acordos-internacionais/2025/22025D0621.md
22025D0649	Preâmbulo		18	32	290	ue/acordos-internacionais/2025/22025D0649.md
22025D0649	Artigo 1.º		36	38	24	ue/acordos-internacionais/2025/22025D0649.md
22025D0649	Artigo 2.º		40	52	177	ue/acordos-internacionais/2025/22025D0649.md
22025D0649	ANEXO	«ANEXO I	54	56	22	ue/acordos-internacionais/2025/22025D0649.md
22025D0649	ANEXO I.1		58	79	397	ue/acordos-internacionais/2025/22025D0649.md
22025D0649	ANEXO I.2		81	100	6170	ue/acordos-internacionais/2025/22025D0649.md
22025D0649	ANEXO I.3		102	139	5578	ue/acordos-internacionais/2025/22025D0649.md
22025D0649	ANEXO I.4		141	180	3592	ue/acordos-internacionais/2025/22025D0649.md
22025D0649	ANEXO I.5		182	200	2769	ue/acordos-internacionais/2025/22025D0649.md
22025D0649	ANEXO I.6		202	216	1246	ue/acordos-internacionais/2025/22025D0649.md
22025D0649	ANEXO I.7		218	232	806	ue/acordos-internacionais/2025/22025D0649.md
22025D0705	Preâmbulo		18	40	544	ue/acordos-internacionais/2025/22025D0705.md
22025D0705	Artigo 1.º		44	48	44	ue/acordos-internacionais/2025/22025D0705.md
22025D0705	Artigo 2.º		50	54	57	ue/acordos-internacionais/2025/22025D0705.md
22025D0705	Artigo 3.º		56	72	72	ue/acordos-internacionais/2025/22025D0705.md
22025D0717	Preâmbulo		18	40	818	ue/acordos-internacionais/2025/22025D0717.md
22025D0717	Artigo 1.º		44	46	25	ue/acordos-internacionais/2025/22025D0717.md
22025D0717	Artigo 2.º		48	50	21	ue/acordos-internacionais/2025/22025D0717.md
22025D0717	Artigo 3.º		52	54	21	ue/acordos-internacionais/2025/22025D0717.md
22025D0717	Artigo 4.º		56	68	176	ue/acordos-internacionais/2025/22025D0717.md
22025D0717	Artigo 5.º		70	102	624	ue/acordos-internacionais/2025/22025D0717.md
22025D0717	ANEXO 1		104	300	10502	ue/acordos-internacionais/2025/22025D0717.md
22025D0717	ANEXO 2		302	379	1690	ue/acordos-internacionais/2025/22025D0717.md
22025D0717	ANEXO 3		381	457	988	ue/acordos-internacionais/2025/22025D0717.md
22025D0721	Preâmbulo		18	32	257	ue/acordos-internacionais/2025/22025D0721.md
22025D0721	Artigo 1.º		36	42	74	ue/acordos-internacionais/2025/22025D0721.md
22025D0721	Artigo 2.º		44	46	44	ue/acordos-internacionais/2025/22025D0721.md
22025D0721	Artigo 3.º		48	50	46	ue/acordos-internacionais/2025/22025D0721.md
22025D0721	Artigo 4.º		52	70	112	ue/acordos-internacionais/2025/22025D0721.md
22025D0722	Preâmbulo		18	36	469	ue/acordos-internacionais/2025/22025D0722.md
22025D0722	Artigo 1.º		40	53	148	ue/acordos-internacionais/2025/22025D0722.md
22025D0722	Artigo 2.º		55	57	48	ue/acordos-internacionais/2025/22025D0722.md
22025D0722	Artigo 3.º		59	61	46	ue/acordos-internacionais/2025/22025D0722.md
22025D0722	Artigo 4.º		63	83	136	ue/acordos-internacionais/2025/22025D0722.md
22025D0724	Preâmbulo		18	36	410	ue/acordos-internacionais/2025/22025D0724.md
22025D0724	Artigo 1.º		40	51	251	ue/acordos-internacionais/2025/22025D0724.md
22025D0724	Artigo 2.º		53	55	52	ue/acordos-internacionais/2025/22025D0724.md
22025D0724	Artigo 3.º		57	59	46	ue/acordos-internacionais/2025/22025D0724.md
22025D0724	Artigo 4.º		61	83	145	ue/acordos-internacionais/2025/22025D0724.md
22025D0725	Preâmbulo		18	34	402	ue/acordos-internacionais/2025/22025D0725.md
22025D0725	Artigo 1.º		38	52	173	ue/acordos-internacionais/2025/22025D0725.md
22025D0725	Artigo 2.º		54	56	49	ue/acordos-internacionais/2025/22025D0725.md
22025D0725	Artigo 3.º		58	60	46	ue/acordos-internacionais/2025/22025D0725.md
22025D0725	Artigo 4.º		62	82	133	ue/acordos-internacionais/2025/22025D0725.md
22025D0726	Preâmbulo		18	32	299	ue/acordos-internacionais/2025/22025D0726.md
22025D0726	Artigo 1.º		36	41	77	ue/acordos-internacionais/2025/22025D0726.md
22025D0726	Artigo 2.º		43	45	46	ue/acordos-internacionais/2025/22025D0726.md
22025D0726	Artigo 3.º		47	49	46	ue/acordos-internacionais/2025/22025D0726.md
22025D0726	Artigo 4.º		51	69	113	ue/acordos-internacionais/2025/22025D0726.md
22025D0727	Preâmbulo		18	30	150	ue/acordos-internacionais/2025/22025D0727.md
22025D0727	Artigo 1.º		34	39	72	ue/acordos-internacionais/2025/22025D0727.md
22025D0727	Artigo 2.º		41	43	46	ue/acordos-internacionais/2025/22025D0727.md
22025D0727	Artigo 3.º		45	47	46	ue/acordos-internacionais/2025/22025D0727.md
22025D0727	Artigo 4.º		49	67	113	ue/acordos-internacionais/2025/22025D0727.md
22025D0729	Preâmbulo		18	32	308	ue/acordos-internacionais/2025/22025D0729.md
22025D0729	Artigo 1.º		36	48	293	ue/acordos-internacionais/2025/22025D0729.md
22025D0729	Artigo 2.º		50	55	139	ue/acordos-internacionais/2025/22025D0729.md
22025D0729	Artigo 3.º		57	59	46	ue/acordos-internacionais/2025/22025D0729.md
22025D0729	Artigo 4.º		61	63	46	ue/acordos-internacionais/2025/22025D0729.md
22025D0729	Artigo 5.º		65	83	113	ue/acordos-internacionais/2025/22025D0729.md
22025D0730	Preâmbulo		18	30	152	ue/acordos-internacionais/2025/22025D0730.md
22025D0730	Artigo 1.º		34	40	74	ue/acordos-internacionais/2025/22025D0730.md
22025D0730	Artigo 2.º		42	44	46	ue/acordos-internacionais/2025/22025D0730.md
22025D0730	Artigo 3.º		46	48	46	ue/acordos-internacionais/2025/22025D0730.md
22025D0730	Artigo 4.º		50	68	114	ue/acordos-internacionais/2025/22025D0730.md
22025D0731	Preâmbulo		18	34	376	ue/acordos-internacionais/2025/22025D0731.md
22025D0731	Artigo 1.º		38	51	254	ue/acordos-internacionais/2025/22025D0731.md
22025D0731	Artigo 2.º		53	55	47	ue/acordos-internacionais/2025/22025D0731.md
22025D0731	Artigo 3.º		57	59	46	ue/acordos-internacionais/2025/22025D0731.md
22025D0731	Artigo 4.º		61	81	121	ue/acordos-internacionais/2025/22025D0731.md
22025D0732	Preâmbulo		18	34	663	ue/acordos-internacionais/2025/22025D0732.md
22025D0732	Artigo 1.º		38	43	665	ue/acordos-internacionais/2025/22025D0732.md
22025D0732	Artigo 2.º		45	47	43	ue/acordos-internacionais/2025/22025D0732.md
22025D0732	Artigo 3.º		49	51	46	ue/acordos-internacionais/2025/22025D0732.md
22025D0732	Artigo 4.º		53	71	99	ue/acordos-internacionais/2025/22025D0732.md
22025D0733	Preâmbulo		18	32	321	ue/acordos-internacionais/2025/22025D0733.md
22025D0733	Artigo 1.º		36	41	74	ue/acordos-internacionais/2025/22025D0733.md
22025D0733	Artigo 2.º		43	45	47	ue/acordos-internacionais/2025/22025D0733.md
22025D0733	Artigo 3.º		47	49	46	ue/acordos-internacionais/2025/22025D0733.md
22025D0733	Artigo 4.º		51	69	114	ue/acordos-internacionais/2025/22025D0733.md
22025D0734	Preâmbulo		18	34	345	ue/acordos-internacionais/2025/22025D0734.md
22025D0734	Artigo 1.º		38	52	277	ue/acordos-internacionais/2025/22025D0734.md
22025D0734	Artigo 2.º		54	56	52	ue/acordos-internacionais/2025/22025D0734.md
22025D0734	Artigo 3.º		58	60	46	ue/acordos-internacionais/2025/22025D0734.md
22025D0734	Artigo 4.º		62	82	136	ue/acordos-internacionais/2025/22025D0734.md
22025D0735	Preâmbulo		18	30	189	ue/acordos-internacionais/2025/22025D0735.md
22025D0735	Artigo 1.º		34	47	233	ue/acordos-internacionais/2025/22025D0735.md
22025D0735	Artigo 2.º		49	51	47	ue/acordos-internacionais/2025/22025D0735.md
22025D0735	Artigo 3.º		53	55	46	ue/acordos-internacionais/2025/22025D0735.md
22025D0735	Artigo 4.º		57	75	114	ue/acordos-internacionais/2025/22025D0735.md
22025D0736	Preâmbulo		18	34	422	ue/acordos-internacionais/2025/22025D0736.md
22025D0736	Artigo 1.º		38	56	439	ue/acordos-internacionais/2025/22025D0736.md
22025D0736	Artigo 2.º		58	60	52	ue/acordos-internacionais/2025/22025D0736.md
22025D0736	Artigo 3.º		62	64	46	ue/acordos-internacionais/2025/22025D0736.md
22025D0736	Artigo 4.º		66	86	135	ue/acordos-internacionais/2025/22025D0736.md
22025D0738	Preâmbulo		18	30	176	ue/acordos-internacionais/2025/22025D0738.md
22025D0738	Artigo 1.º		34	39	142	ue/acordos-internacionais/2025/22025D0738.md
22025D0738	Artigo 2.º		41	43	46	ue/acordos-internacionais/2025/22025D0738.md
22025D0738	Artigo 3.º		45	47	46	ue/acordos-internacionais/2025/22025D0738.md
22025D0738	Artigo 4.º		49	67	113	ue/acordos-internacionais/2025/22025D0738.md
22025D0739	Preâmbulo		18	30	149	ue/acordos-internacionais/2025/22025D0739.md
22025D0739	Artigo 1.º		34	39	116	ue/acordos-internacionais/2025/22025D0739.md
22025D0739	Artigo 2.º		41	43	47	ue/acordos-internacionais/2025/22025D0739.md
22025D0739	Artigo 3.º		45	47	46	ue/acordos-internacionais/2025/22025D0739.md
22025D0739	Artigo 4.º		49	67	114	ue/acordos-internacionais/2025/22025D0739.md
22025D0740	Preâmbulo		18	30	154	ue/acordos-internacionais/2025/22025D0740.md
22025D0740	Artigo 1.º		34	38	104	ue/acordos-internacionais/2025/22025D0740.md
22025D0740	Artigo 2.º		40	42	46	ue/acordos-internacionais/2025/22025D0740.md
22025D0740	Artigo 3.º		44	46	46	ue/acordos-internacionais/2025/22025D0740.md
22025D0740	Artigo 4.º		48	66	100	ue/acordos-internacionais/2025/22025D0740.md
22025D0741	Preâmbulo		18	30	161	ue/acordos-internacionais/2025/22025D0741.md
22025D0741	Artigo 1.º		34	46	210	ue/acordos-internacionais/2025/22025D0741.md
22025D0741	Artigo 2.º		48	50	47	ue/acordos-internacionais/2025/22025D0741.md
22025D0741	Artigo 3.º		52	54	46	ue/acordos-internacionais/2025/22025D0741.md
22025D0741	Artigo 4.º		56	74	114	ue/acordos-internacionais/2025/22025D0741.md
22025D0742	Preâmbulo		18	30	177	ue/acordos-internacionais/2025/22025D0742.md
22025D0742	Artigo 1.º		34	39	76	ue/acordos-internacionais/2025/22025D0742.md
22025D0742	Artigo 2.º		41	43	46	ue/acordos-internacionais/2025/22025D0742.md
22025D0742	Artigo 3.º		45	47	46	ue/acordos-internacionais/2025/22025D0742.md
22025D0742	Artigo 4.º		49	67	100	ue/acordos-internacionais/2025/22025D0742.md
22025D0743	Preâmbulo		18	30	168	ue/acordos-internacionais/2025/22025D0743.md
22025D0743	Artigo 1.º		34	39	69	ue/acordos-internacionais/2025/22025D0743.md
22025D0743	Artigo 2.º		41	43	46	ue/acordos-internacionais/2025/22025D0743.md
22025D0743	Artigo 3.º		45	47	46	ue/acordos-internacionais/2025/22025D0743.md
22025D0743	Artigo 4.º		49	67	114	ue/acordos-internacionais/2025/22025D0743.md
22025D0744	Preâmbulo		18	30	158	ue/acordos-internacionais/2025/22025D0744.md
22025D0744	Artigo 1.º		34	39	134	ue/acordos-internacionais/2025/22025D0744.md
22025D0744	Artigo 2.º		41	43	46	ue/acordos-internacionais/2025/22025D0744.md
22025D0744	Artigo 3.º		45	47	46	ue/acordos-internacionais/2025/22025D0744.md
22025D0744	Artigo 4.º		49	67	114	ue/acordos-internacionais/2025/22025D0744.md
22025D0745	Preâmbulo		18	48	878	ue/acordos-internacionais/2025/22025D0745.md
22025D0745	Artigo 1.º		52	82	818	ue/acordos-internacionais/2025/22025D0745.md
22025D0745	Artigo 2.º		84	86	87	ue/acordos-internacionais/2025/22025D0745.md
22025D0745	Artigo 3.º		88	90	46	ue/acordos-internacionais/2025/22025D0745.md
22025D0745	Artigo 4.º		92	128	302	ue/acordos-internacionais/2025/22025D0745.md
22025D0746	Preâmbulo		18	32	289	ue/acordos-internacionais/2025/22025D0746.md
22025D0746	Artigo 1.º		36	41	74	ue/acordos-internacionais/2025/22025D0746.md
22025D0746	Artigo 2.º		43	48	76	ue/acordos-internacionais/2025/22025D0746.md
22025D0746	Artigo 3.º		50	52	44	ue/acordos-internacionais/2025/22025D0746.md
22025D0746	Artigo 4.º		54	56	46	ue/acordos-internacionais/2025/22025D0746.md
22025D0746	Artigo 5.º		58	76	112	ue/acordos-internacionais/2025/22025D0746.md
22025D0747	Preâmbulo		18	38	522	ue/acordos-internacionais/2025/22025D0747.md
22025D0747	Artigo 1.º		42	68	313	ue/acordos-internacionais/2025/22025D0747.md
22025D0747	Artigo 2.º		70	84	160	ue/acordos-internacionais/2025/22025D0747.md
22025D0747	Artigo 3.º		86	88	51	ue/acordos-internacionais/2025/22025D0747.md
22025D0747	Artigo 4.º		90	92	46	ue/acordos-internacionais/2025/22025D0747.md
22025D0747	Artigo 5.º		94	114	135	ue/acordos-internacionais/2025/22025D0747.md
22025D0748	Preâmbulo		18	34	352	ue/acordos-internacionais/2025/22025D0748.md
22025D0748	Artigo 1.º		38	45	208	ue/acordos-internacionais/2025/22025D0748.md
22025D0748	Artigo 2.º		47	49	51	ue/acordos-internacionais/2025/22025D0748.md
22025D0748	Artigo 3.º		51	53	46	ue/acordos-internacionais/2025/22025D0748.md
22025D0748	Artigo 4.º		55	75	136	ue/acordos-internacionais/2025/22025D0748.md
22025D0749	Preâmbulo		18	30	132	ue/acordos-internacionais/2025/22025D0749.md
22025D0749	Artigo 1.º		34	62	797	ue/acordos-internacionais/2025/22025D0749.md
22025D0749	Artigo 2.º		64	70	82	ue/acordos-internacionais/2025/22025D0749.md
22025D0749	Artigo 3.º		72	77	63	ue/acordos-internacionais/2025/22025D0749.md
22025D0749	Artigo 4.º		79	81	44	ue/acordos-internacionais/2025/22025D0749.md
22025D0749	Artigo 5.º		83	85	46	ue/acordos-internacionais/2025/22025D0749.md
22025D0749	Artigo 6.º		87	105	100	ue/acordos-internacionais/2025/22025D0749.md
22025D0750	Preâmbulo		18	54	1160	ue/acordos-internacionais/2025/22025D0750.md
22025D0750	Artigo 1.º		58	95	1039	ue/acordos-internacionais/2025/22025D0750.md
22025D0750	Artigo 2.º		97	99	108	ue/acordos-internacionais/2025/22025D0750.md
22025D0750	Artigo 3.º		101	103	46	ue/acordos-internacionais/2025/22025D0750.md
22025D0750	Artigo 4.º		105	145	332	ue/acordos-internacionais/2025/22025D0750.md
22025D0758	Preâmbulo		18	32	260	ue/acordos-internacionais/2025/22025D0758.md
22025D0758	Artigo 1.º		36	41	69	ue/acordos-internacionais/2025/22025D0758.md
22025D0758	Artigo 2.º		43	45	46	ue/acordos-internacionais/2025/22025D0758.md
22025D0758	Artigo 3.º		47	49	46	ue/acordos-internacionais/2025/22025D0758.md
22025D0758	Artigo 4.º		51	69	100	ue/acordos-internacionais/2025/22025D0758.md
22025D0759	Preâmbulo		18	30	161	ue/acordos-internacionais/2025/22025D0759.md
22025D0759	Artigo 1.º		34	39	128	ue/acordos-internacionais/2025/22025D0759.md
22025D0759	Artigo 2.º		41	43	46	ue/acordos-internacionais/2025/22025D0759.md
22025D0759	Artigo 3.º		45	47	46	ue/acordos-internacionais/2025/22025D0759.md
22025D0759	Artigo 4.º		49	67	113	ue/acordos-internacionais/2025/22025D0759.md
22025D0760	Preâmbulo		18	30	150	ue/acordos-internacionais/2025/22025D0760.md
22025D0760	Artigo 1.º		34	39	72	ue/acordos-internacionais/2025/22025D0760.md
22025D0760	Artigo 2.º		41	43	47	ue/acordos-internacionais/2025/22025D0760.md
22025D0760	Artigo 3.º		45	47	46	ue/acordos-internacionais/2025/22025D0760.md
22025D0760	Artigo 4.º		49	67	114	ue/acordos-internacionais/2025/22025D0760.md
22025D0761	Preâmbulo		18	42	965	ue/acordos-internacionais/2025/22025D0761.md
22025D0761	Artigo 1.º		46	71	945	ue/acordos-internacionais/2025/22025D0761.md
22025D0761	Artigo 2.º		73	75	64	ue/acordos-internacionais/2025/22025D0761.md
22025D0761	Artigo 3.º		77	79	46	ue/acordos-internacionais/2025/22025D0761.md
22025D0761	Artigo 4.º		81	105	258	ue/acordos-internacionais/2025/22025D0761.md
22025D0762	Preâmbulo		18	30	148	ue/acordos-internacionais/2025/22025D0762.md
22025D0762	Artigo 1.º		34	40	71	ue/acordos-internacionais/2025/22025D0762.md
22025D0762	Artigo 2.º		42	44	46	ue/acordos-internacionais/2025/22025D0762.md
22025D0762	Artigo 3.º		46	48	46	ue/acordos-internacionais/2025/22025D0762.md
22025D0762	Artigo 4.º		50	68	114	ue/acordos-internacionais/2025/22025D0762.md
22025D0763	Preâmbulo		18	30	178	ue/acordos-internacionais/2025/22025D0763.md
22025D0763	Artigo 1.º		34	39	146	ue/acordos-internacionais/2025/22025D0763.md
22025D0763	Artigo 2.º		41	43	47	ue/acordos-internacionais/2025/22025D0763.md
22025D0763	Artigo 3.º		45	47	46	ue/acordos-internacionais/2025/22025D0763.md
22025D0763	Artigo 4.º		49	67	113	ue/acordos-internacionais/2025/22025D0763.md
22025D0764	Preâmbulo		18	32	245	ue/acordos-internacionais/2025/22025D0764.md
22025D0764	Artigo 1.º		36	53	337	ue/acordos-internacionais/2025/22025D0764.md
22025D0764	Artigo 2.º		55	57	52	ue/acordos-internacionais/2025/22025D0764.md
22025D0764	Artigo 3.º		59	61	46	ue/acordos-internacionais/2025/22025D0764.md
22025D0764	Artigo 4.º		63	83	135	ue/acordos-internacionais/2025/22025D0764.md
22025D0765	Preâmbulo		18	32	220	ue/acordos-internacionais/2025/22025D0765.md
22025D0765	Artigo 1.º		36	236	9609	ue/acordos-internacionais/2025/22025D0765.md
22025D0765	Artigo 2.º		238	240	58	ue/acordos-internacionais/2025/22025D0765.md
22025D0765	Artigo 3.º		242	244	44	ue/acordos-internacionais/2025/22025D0765.md
22025D0765	Artigo 4.º		246	264	100	ue/acordos-internacionais/2025/22025D0765.md
22025D0766	Preâmbulo		18	30	183	ue/acordos-internacionais/2025/22025D0766.md
22025D0766	Artigo 1.º		34	39	82	ue/acordos-internacionais/2025/22025D0766.md
22025D0766	Artigo 2.º		41	43	47	ue/acordos-internacionais/2025/22025D0766.md
22025D0766	Artigo 3.º		45	47	46	ue/acordos-internacionais/2025/22025D0766.md
22025D0766	Artigo 4.º		49	67	114	ue/acordos-internacionais/2025/22025D0766.md
22025D0767	Preâmbulo		18	30	158	ue/acordos-internacionais/2025/22025D0767.md
22025D0767	Artigo 1.º		34	39	71	ue/acordos-internacionais/2025/22025D0767.md
22025D0767	Artigo 2.º		41	43	47	ue/acordos-internacionais/2025/22025D0767.md
22025D0767	Artigo 3.º		45	47	46	ue/acordos-internacionais/2025/22025D0767.md
22025D0767	Artigo 4.º		49	67	114	ue/acordos-internacionais/2025/22025D0767.md
22025D0768	Preâmbulo		18	30	141	ue/acordos-internacionais/2025/22025D0768.md
22025D0768	Artigo 1.º		34	39	65	ue/acordos-internacionais/2025/22025D0768.md
22025D0768	Artigo 2.º		41	43	47	ue/acordos-internacionais/2025/22025D0768.md
22025D0768	Artigo 3.º		45	47	46	ue/acordos-internacionais/2025/22025D0768.md
22025D0768	Artigo 4.º		49	67	112	ue/acordos-internacionais/2025/22025D0768.md
22025D0769	Preâmbulo		18	32	249	ue/acordos-internacionais/2025/22025D0769.md
22025D0769	Artigo 1.º		36	41	112	ue/acordos-internacionais/2025/22025D0769.md
22025D0769	Artigo 2.º		43	45	47	ue/acordos-internacionais/2025/22025D0769.md
22025D0769	Artigo 3.º		47	49	46	ue/acordos-internacionais/2025/22025D0769.md
22025D0769	Artigo 4.º		51	69	114	ue/acordos-internacionais/2025/22025D0769.md
22025D0770	Preâmbulo		18	32	243	ue/acordos-internacionais/2025/22025D0770.md
22025D0770	Artigo 1.º		36	59	2296	ue/acordos-internacionais/2025/22025D0770.md
22025D0770	Artigo 2.º		61	63	52	ue/acordos-internacionais/2025/22025D0770.md
22025D0770	Artigo 3.º		65	67	46	ue/acordos-internacionais/2025/22025D0770.md
22025D0770	Artigo 4.º		69	89	110	ue/acordos-internacionais/2025/22025D0770.md
22025D0771	Preâmbulo		18	32	193	ue/acordos-internacionais/2025/22025D0771.md
22025D0771	Artigo 1.º		36	51	253	ue/acordos-internacionais/2025/22025D0771.md
22025D0771	Artigo 2.º		53	55	44	ue/acordos-internacionais/2025/22025D0771.md
22025D0771	Artigo 3.º		57	59	83	ue/acordos-internacionais/2025/22025D0771.md
22025D0771	Artigo 4.º		61	83	128	ue/acordos-internacionais/2025/22025D0771.md
22025D0777	Preâmbulo		18	30	158	ue/acordos-internacionais/2025/22025D0777.md
22025D0777	Artigo 1.º		34	39	134	ue/acordos-internacionais/2025/22025D0777.md
22025D0777	Artigo 2.º		41	43	47	ue/acordos-internacionais/2025/22025D0777.md
22025D0777	Artigo 3.º		45	47	46	ue/acordos-internacionais/2025/22025D0777.md
22025D0777	Artigo 4.º		49	67	100	ue/acordos-internacionais/2025/22025D0777.md
22025D0861	Preâmbulo		18	34	342	ue/acordos-internacionais/2025/22025D0861.md
22025D0861	Artigo 1.º		38	46	68	ue/acordos-internacionais/2025/22025D0861.md
22025D0861	Artigo 2.º		48	66	115	ue/acordos-internacionais/2025/22025D0861.md
22025D0861	ANEXO 1		68	192	2690	ue/acordos-internacionais/2025/22025D0861.md
22025D0861	ARTIGO 1.º	Objetivo	72	78	135	ue/acordos-internacionais/2025/22025D0861.md
22025D0861	ARTIGO 2.º	Pedido de informação	80	84	170	ue/acordos-internacionais/2025/22025D0861.md
22025D0861	ARTIGO 3.º	Início do procedimento	86	96	282	ue/acordos-internacionais/2025/22025D0861.md
22025D0861	ARTIGO 4.º	Seleção do mediador	98	114	492	ue/acordos-internacionais/2025/22025D0861.md
22025D0861	ARTIGO 5.º	Regras do procedimento de mediação	116	152	887	ue/acordos-internacionais/2025/22025D0861.md
22025D0861	ARTIGO 6.º	Implementação de uma solução mutuamente acordada	154	162	110	ue/acordos-internacionais/2025/22025D0861.md
22025D0861	ARTIGO 7.º	Confidencialidade e relação com a resolução de litígios	164	180	418	ue/acordos-internacionais/2025/22025D0861.md
22025D0861	ARTIGO 8.º	Prazos	182	184	30	ue/acordos-internacionais/2025/22025D0861.md
22025D0861	ARTIGO 9.º	Custos	186	192	155	ue/acordos-internacionais/2025/22025D0861.md
22025D0861	ANEXO 2		194	383	4788	ue/acordos-internacionais/2025/22025D0861.md
22025D0861	ANEXO 3		385	470	1744	ue/acordos-internacionais/2025/22025D0861.md
22025D0908	Preâmbulo		18	36	363	ue/acordos-internacionais/2025/22025D0908.md
22025D0908	Artigo 1.º		40	46	134	ue/acordos-internacionais/2025/22025D0908.md
22025D0908	Artigo 2.º		48	74	369	ue/acordos-internacionais/2025/22025D0908.md
22025D0908	ANEXO I	«ANEXO II	76	116	910	ue/acordos-internacionais/2025/22025D0908.md
22025D0908	ANEXO II	PROCEDIMENTOS OPERACIONAIS COMUNS NOS TERMOS DO ARTIGO 3.^O, N.^O 6, DO ACORDO ENTRE A UNIÃO EUROPEIA E A CONFEDERAÇÃO SUÍÇA SOBRE A LIGAÇÃO DOS RESPETIVOS REGI	118	797	11280	ue/acordos-internacionais/2025/22025D0908.md
22025D0908	ANEXO III	NORMAS TÉCNICAS DE LIGAÇÃO (NTL) NOS TERMOS DO ARTIGO 3.^O, N.^O 7, DO ACORDO ENTRE A UNIÃO EUROPEIA E A CONFEDERAÇÃO SUÍÇA SOBRE A LIGAÇÃO DOS RESPETIVOS REGIM	799	1448	10690	ue/acordos-internacionais/2025/22025D0908.md
22025D0977	Preâmbulo		18	34	320	ue/acordos-internacionais/2025/22025D0977.md
22025D0977	Artigo 1.º		38	91	689	ue/acordos-internacionais/2025/22025D0977.md
22025D0977	Artigo 2.º		93	95	62	ue/acordos-internacionais/2025/22025D0977.md
22025D0977	Artigo 3.º		97	99	46	ue/acordos-internacionais/2025/22025D0977.md
22025D0977	Artigo 4.º		101	123	118	ue/acordos-internacionais/2025/22025D0977.md
22025D0978	Preâmbulo		18	30	166	ue/acordos-internacionais/2025/22025D0978.md
22025D0978	Artigo 1.º		34	39	131	ue/acordos-internacionais/2025/22025D0978.md
22025D0978	Artigo 2.º		41	43	60	ue/acordos-internacionais/2025/22025D0978.md
22025D0978	Artigo 3.º		45	47	46	ue/acordos-internacionais/2025/22025D0978.md
22025D0978	Artigo 4.º		49	67	113	ue/acordos-internacionais/2025/22025D0978.md
22025D0979	Preâmbulo		18	30	138	ue/acordos-internacionais/2025/22025D0979.md
22025D0979	Artigo 1.º		34	39	71	ue/acordos-internacionais/2025/22025D0979.md
22025D0979	Artigo 2.º		41	43	47	ue/acordos-internacionais/2025/22025D0979.md
22025D0979	Artigo 3.º		45	47	46	ue/acordos-internacionais/2025/22025D0979.md
22025D0979	Artigo 4.º		49	67	113	ue/acordos-internacionais/2025/22025D0979.md
22025D0980	Preâmbulo		18	30	152	ue/acordos-internacionais/2025/22025D0980.md
22025D0980	Artigo 1.º		34	39	71	ue/acordos-internacionais/2025/22025D0980.md
22025D0980	Artigo 2.º		41	43	47	ue/acordos-internacionais/2025/22025D0980.md
22025D0980	Artigo 3.º		45	47	46	ue/acordos-internacionais/2025/22025D0980.md
22025D0980	Artigo 4.º		49	67	113	ue/acordos-internacionais/2025/22025D0980.md
22025D0982	Preâmbulo		18	32	321	ue/acordos-internacionais/2025/22025D0982.md
22025D0982	Artigo 1.º		36	41	74	ue/acordos-internacionais/2025/22025D0982.md
22025D0982	Artigo 2.º		43	45	47	ue/acordos-internacionais/2025/22025D0982.md
22025D0982	Artigo 3.º		47	49	46	ue/acordos-internacionais/2025/22025D0982.md
22025D0982	Artigo 4.º		51	69	112	ue/acordos-internacionais/2025/22025D0982.md
22025D0983	Preâmbulo		18	30	185	ue/acordos-internacionais/2025/22025D0983.md
22025D0983	Artigo 1.º		34	39	74	ue/acordos-internacionais/2025/22025D0983.md
22025D0983	Artigo 2.º		41	43	47	ue/acordos-internacionais/2025/22025D0983.md
22025D0983	Artigo 3.º		45	47	46	ue/acordos-internacionais/2025/22025D0983.md
22025D0983	Artigo 4.º		49	67	112	ue/acordos-internacionais/2025/22025D0983.md
22025D0984	Preâmbulo		18	34	252	ue/acordos-internacionais/2025/22025D0984.md
22025D0984	Artigo 1.º		38	52	178	ue/acordos-internacionais/2025/22025D0984.md
22025D0984	Artigo 2.º		54	56	60	ue/acordos-internacionais/2025/22025D0984.md
22025D0984	Artigo 3.º		58	60	46	ue/acordos-internacionais/2025/22025D0984.md
22025D0984	Artigo 4.º		62	84	156	ue/acordos-internacionais/2025/22025D0984.md
22025D0985	Preâmbulo		18	30	163	ue/acordos-internacionais/2025/22025D0985.md
22025D0985	Artigo 1.º		34	39	140	ue/acordos-internacionais/2025/22025D0985.md
22025D0985	Artigo 2.º		41	43	47	ue/acordos-internacionais/2025/22025D0985.md
22025D0985	Artigo 3.º		45	47	46	ue/acordos-internacionais/2025/22025D0985.md
22025D0985	Artigo 4.º		49	67	112	ue/acordos-internacionais/2025/22025D0985.md
22025D0987	Preâmbulo		18	34	394	ue/acordos-internacionais/2025/22025D0987.md
22025D0987	Artigo 1.º		38	57	376	ue/acordos-internacionais/2025/22025D0987.md
22025D0987	Artigo 2.º		59	61	56	ue/acordos-internacionais/2025/22025D0987.md
22025D0987	Artigo 3.º		63	65	46	ue/acordos-internacionais/2025/22025D0987.md
22025D0987	Artigo 4.º		67	89	157	ue/acordos-internacionais/2025/22025D0987.md
22025D0988	Preâmbulo		18	30	164	ue/acordos-internacionais/2025/22025D0988.md
22025D0988	Artigo 1.º		34	39	76	ue/acordos-internacionais/2025/22025D0988.md
22025D0988	Artigo 2.º		41	43	44	ue/acordos-internacionais/2025/22025D0988.md
22025D0988	Artigo 3.º		45	47	46	ue/acordos-internacionais/2025/22025D0988.md
22025D0988	Artigo 4.º		49	67	99	ue/acordos-internacionais/2025/22025D0988.md
22025D0989	Preâmbulo		18	30	152	ue/acordos-internacionais/2025/22025D0989.md
22025D0989	Artigo 1.º		34	39	68	ue/acordos-internacionais/2025/22025D0989.md
22025D0989	Artigo 2.º		41	43	46	ue/acordos-internacionais/2025/22025D0989.md
22025D0989	Artigo 3.º		45	47	46	ue/acordos-internacionais/2025/22025D0989.md
22025D0989	Artigo 4.º		49	67	100	ue/acordos-internacionais/2025/22025D0989.md
22025D0990	Preâmbulo		18	34	381	ue/acordos-internacionais/2025/22025D0990.md
22025D0990	Artigo 1.º		38	47	103	ue/acordos-internacionais/2025/22025D0990.md
22025D0990	Artigo 2.º		49	51	47	ue/acordos-internacionais/2025/22025D0990.md
22025D0990	Artigo 3.º		53	55	46	ue/acordos-internacionais/2025/22025D0990.md
22025D0990	Artigo 4.º		57	77	108	ue/acordos-internacionais/2025/22025D0990.md
22025D0991	Preâmbulo		18	32	262	ue/acordos-internacionais/2025/22025D0991.md
22025D0991	Artigo 1.º		36	41	76	ue/acordos-internacionais/2025/22025D0991.md
22025D0991	Artigo 2.º		43	45	46	ue/acordos-internacionais/2025/22025D0991.md
22025D0991	Artigo 3.º		47	49	46	ue/acordos-internacionais/2025/22025D0991.md
22025D0991	Artigo 4.º		51	69	100	ue/acordos-internacionais/2025/22025D0991.md
22025D0992	Preâmbulo		18	30	220	ue/acordos-internacionais/2025/22025D0992.md
22025D0992	Artigo 1.º		34	46	264	ue/acordos-internacionais/2025/22025D0992.md
22025D0992	Artigo 2.º		48	50	46	ue/acordos-internacionais/2025/22025D0992.md
22025D0992	Artigo 3.º		52	54	46	ue/acordos-internacionais/2025/22025D0992.md
22025D0992	Artigo 4.º		56	74	113	ue/acordos-internacionais/2025/22025D0992.md
22025D0996	Preâmbulo		18	30	201	ue/acordos-internacionais/2025/22025D0996.md
22025D0996	Artigo 1.º		34	39	167	ue/acordos-internacionais/2025/22025D0996.md
22025D0996	Artigo 2.º		41	43	47	ue/acordos-internacionais/2025/22025D0996.md
22025D0996	Artigo 3.º		45	47	46	ue/acordos-internacionais/2025/22025D0996.md
22025D0996	Artigo 4.º		49	67	112	ue/acordos-internacionais/2025/22025D0996.md
22025D1001	Preâmbulo		18	34	421	ue/acordos-internacionais/2025/22025D1001.md
22025D1001	Artigo 1.º		38	47	393	ue/acordos-internacionais/2025/22025D1001.md
22025D1001	Artigo 2.º		49	51	56	ue/acordos-internacionais/2025/22025D1001.md
22025D1001	Artigo 3.º		53	55	82	ue/acordos-internacionais/2025/22025D1001.md
22025D1001	Artigo 4.º		57	81	177	ue/acordos-internacionais/2025/22025D1001.md
22025D1002	Preâmbulo		18	30	178	ue/acordos-internacionais/2025/22025D1002.md
22025D1002	Artigo 1.º		34	39	70	ue/acordos-internacionais/2025/22025D1002.md
22025D1002	Artigo 2.º		41	43	47	ue/acordos-internacionais/2025/22025D1002.md
22025D1002	Artigo 3.º		45	47	46	ue/acordos-internacionais/2025/22025D1002.md
22025D1002	Artigo 4.º		49	67	113	ue/acordos-internacionais/2025/22025D1002.md
22025D1004	Preâmbulo		18	30	130	ue/acordos-internacionais/2025/22025D1004.md
22025D1004	Artigo 1.º		34	39	68	ue/acordos-internacionais/2025/22025D1004.md
22025D1004	Artigo 2.º		41	43	47	ue/acordos-internacionais/2025/22025D1004.md
22025D1004	Artigo 3.º		45	47	46	ue/acordos-internacionais/2025/22025D1004.md
22025D1004	Artigo 4.º		49	67	112	ue/acordos-internacionais/2025/22025D1004.md
22025D1023	Preâmbulo		18	30	207	ue/acordos-internacionais/2025/22025D1023.md
22025D1023	Artigo 1.º		34	46	251	ue/acordos-internacionais/2025/22025D1023.md
22025D1023	Artigo 2.º		48	50	46	ue/acordos-internacionais/2025/22025D1023.md
22025D1023	Artigo 3.º		52	54	46	ue/acordos-internacionais/2025/22025D1023.md
22025D1023	Artigo 4.º		56	74	113	ue/acordos-internacionais/2025/22025D1023.md
22025D1024	Preâmbulo		18	30	150	ue/acordos-internacionais/2025/22025D1024.md
22025D1024	Artigo 1.º		34	39	117	ue/acordos-internacionais/2025/22025D1024.md
22025D1024	Artigo 2.º		41	46	115	ue/acordos-internacionais/2025/22025D1024.md
22025D1024	Artigo 3.º		48	50	46	ue/acordos-internacionais/2025/22025D1024.md
22025D1024	Artigo 4.º		52	54	46	ue/acordos-internacionais/2025/22025D1024.md
22025D1024	Artigo 5.º		56	74	100	ue/acordos-internacionais/2025/22025D1024.md
22025D1025	Preâmbulo		18	30	152	ue/acordos-internacionais/2025/22025D1025.md
22025D1025	Artigo 1.º		34	39	122	ue/acordos-internacionais/2025/22025D1025.md
22025D1025	Artigo 2.º		41	43	46	ue/acordos-internacionais/2025/22025D1025.md
22025D1025	Artigo 3.º		45	47	46	ue/acordos-internacionais/2025/22025D1025.md
22025D1025	Artigo 4.º		49	67	113	ue/acordos-internacionais/2025/22025D1025.md
22025D1026	Preâmbulo		18	32	288	ue/acordos-internacionais/2025/22025D1026.md
22025D1026	Artigo 1.º		36	41	72	ue/acordos-internacionais/2025/22025D1026.md
22025D1026	Artigo 2.º		43	45	46	ue/acordos-internacionais/2025/22025D1026.md
22025D1026	Artigo 3.º		47	49	46	ue/acordos-internacionais/2025/22025D1026.md
22025D1026	Artigo 4.º		51	69	113	ue/acordos-internacionais/2025/22025D1026.md
22025D1027	Preâmbulo		18	34	374	ue/acordos-internacionais/2025/22025D1027.md
22025D1027	Artigo 1.º		38	43	143	ue/acordos-internacionais/2025/22025D1027.md
22025D1027	Artigo 2.º		45	47	42	ue/acordos-internacionais/2025/22025D1027.md
22025D1027	Artigo 3.º		49	51	46	ue/acordos-internacionais/2025/22025D1027.md
22025D1027	Artigo 4.º		53	71	113	ue/acordos-internacionais/2025/22025D1027.md
22025D1028	Preâmbulo		18	32	270	ue/acordos-internacionais/2025/22025D1028.md
22025D1028	Artigo 1.º		36	41	77	ue/acordos-internacionais/2025/22025D1028.md
22025D1028	Artigo 2.º		43	45	44	ue/acordos-internacionais/2025/22025D1028.md
22025D1028	Artigo 3.º		47	49	46	ue/acordos-internacionais/2025/22025D1028.md
22025D1028	Artigo 4.º		51	69	112	ue/acordos-internacionais/2025/22025D1028.md
22025D1029	Preâmbulo		18	32	297	ue/acordos-internacionais/2025/22025D1029.md
22025D1029	Artigo 1.º		36	41	76	ue/acordos-internacionais/2025/22025D1029.md
22025D1029	Artigo 2.º		43	45	44	ue/acordos-internacionais/2025/22025D1029.md
22025D1029	Artigo 3.º		47	49	46	ue/acordos-internacionais/2025/22025D1029.md
22025D1029	Artigo 4.º		51	69	112	ue/acordos-internacionais/2025/22025D1029.md
22025D1030	Preâmbulo		18	32	263	ue/acordos-internacionais/2025/22025D1030.md
22025D1030	Artigo 1.º		36	41	92	ue/acordos-internacionais/2025/22025D1030.md
22025D1030	Artigo 2.º		43	45	46	ue/acordos-internacionais/2025/22025D1030.md
22025D1030	Artigo 3.º		47	49	46	ue/acordos-internacionais/2025/22025D1030.md
22025D1030	Artigo 4.º		51	69	113	ue/acordos-internacionais/2025/22025D1030.md
22025D1031	Preâmbulo		18	30	167	ue/acordos-internacionais/2025/22025D1031.md
22025D1031	Artigo 1.º		34	39	87	ue/acordos-internacionais/2025/22025D1031.md
22025D1031	Artigo 2.º		41	43	60	ue/acordos-internacionais/2025/22025D1031.md
22025D1031	Artigo 3.º		45	47	46	ue/acordos-internacionais/2025/22025D1031.md
22025D1031	Artigo 4.º		49	67	112	ue/acordos-internacionais/2025/22025D1031.md
22025D1032	Preâmbulo		18	32	196	ue/acordos-internacionais/2025/22025D1032.md
22025D1032	Artigo 1.º		36	45	146	ue/acordos-internacionais/2025/22025D1032.md
22025D1032	Artigo 2.º		47	49	46	ue/acordos-internacionais/2025/22025D1032.md
22025D1032	Artigo 3.º		51	53	82	ue/acordos-internacionais/2025/22025D1032.md
22025D1032	Artigo 4.º		55	77	129	ue/acordos-internacionais/2025/22025D1032.md
22025D1033	Preâmbulo		18	34	386	ue/acordos-internacionais/2025/22025D1033.md
22025D1033	Artigo 1.º		38	43	76	ue/acordos-internacionais/2025/22025D1033.md
22025D1033	Artigo 2.º		45	47	42	ue/acordos-internacionais/2025/22025D1033.md
22025D1033	Artigo 3.º		49	51	46	ue/acordos-internacionais/2025/22025D1033.md
22025D1033	Artigo 4.º		53	71	113	ue/acordos-internacionais/2025/22025D1033.md
22025D1034	Preâmbulo		18	32	258	ue/acordos-internacionais/2025/22025D1034.md
22025D1034	Artigo 1.º		36	50	242	ue/acordos-internacionais/2025/22025D1034.md
22025D1034	Artigo 2.º		52	54	52	ue/acordos-internacionais/2025/22025D1034.md
22025D1034	Artigo 3.º		56	58	46	ue/acordos-internacionais/2025/22025D1034.md
22025D1034	Artigo 4.º		60	80	135	ue/acordos-internacionais/2025/22025D1034.md
22025D1035	Preâmbulo		18	34	336	ue/acordos-internacionais/2025/22025D1035.md
22025D1035	Artigo 1.º		38	52	244	ue/acordos-internacionais/2025/22025D1035.md
22025D1035	Artigo 2.º		54	56	66	ue/acordos-internacionais/2025/22025D1035.md
22025D1035	Artigo 3.º		58	60	46	ue/acordos-internacionais/2025/22025D1035.md
22025D1035	Artigo 4.º		62	82	136	ue/acordos-internacionais/2025/22025D1035.md
22025D1036	Preâmbulo		18	40	708	ue/acordos-internacionais/2025/22025D1036.md
22025D1036	Artigo 1.º		44	57	190	ue/acordos-internacionais/2025/22025D1036.md
22025D1036	Artigo 2.º		59	72	189	ue/acordos-internacionais/2025/22025D1036.md
22025D1036	Artigo 3.º		74	76	61	ue/acordos-internacionais/2025/22025D1036.md
22025D1036	Artigo 4.º		78	80	46	ue/acordos-internacionais/2025/22025D1036.md
22025D1036	Artigo 5.º		82	108	196	ue/acordos-internacionais/2025/22025D1036.md
22025D1037	Preâmbulo		18	34	370	ue/acordos-internacionais/2025/22025D1037.md
22025D1037	Artigo 1.º		38	50	145	ue/acordos-internacionais/2025/22025D1037.md
22025D1037	Artigo 2.º		52	54	58	ue/acordos-internacionais/2025/22025D1037.md
22025D1037	Artigo 3.º		56	58	46	ue/acordos-internacionais/2025/22025D1037.md
22025D1037	Artigo 4.º		60	80	135	ue/acordos-internacionais/2025/22025D1037.md
22025D1038	Preâmbulo		18	38	491	ue/acordos-internacionais/2025/22025D1038.md
22025D1038	Artigo 1.º		42	59	489	ue/acordos-internacionais/2025/22025D1038.md
22025D1038	Artigo 2.º		61	63	70	ue/acordos-internacionais/2025/22025D1038.md
22025D1038	Artigo 3.º		65	67	45	ue/acordos-internacionais/2025/22025D1038.md
22025D1038	Artigo 4.º		69	95	202	ue/acordos-internacionais/2025/22025D1038.md
22025D1104	Preâmbulo		18	32	280	ue/acordos-internacionais/2025/22025D1104.md
22025D1104	Artigo 1.º		36	38	67	ue/acordos-internacionais/2025/22025D1104.md
22025D1104	Artigo 2.º		40	60	86	ue/acordos-internacionais/2025/22025D1104.md
22025D1104	ANEXO	LISTA DE INDICAÇÕES GEOGRÁFICAS PROTEGIDAS	62	3272	65779	ue/acordos-internacionais/2025/22025D1104.md
22025D1218	Preâmbulo		18	30	156	ue/acordos-internacionais/2025/22025D1218.md
22025D1218	Artigo 1.º		34	39	77	ue/acordos-internacionais/2025/22025D1218.md
22025D1218	Artigo 2.º		41	43	46	ue/acordos-internacionais/2025/22025D1218.md
22025D1218	Artigo 3.º		45	47	46	ue/acordos-internacionais/2025/22025D1218.md
22025D1218	Artigo 4.º		49	67	113	ue/acordos-internacionais/2025/22025D1218.md
22025D1229	Preâmbulo		18	36	406	ue/acordos-internacionais/2025/22025D1229.md
22025D1229	Artigo 1.º		40	42	162	ue/acordos-internacionais/2025/22025D1229.md
22025D1229	Artigo 2.º		44	60	74	ue/acordos-internacionais/2025/22025D1229.md
22025D1230	Preâmbulo		18	42	598	ue/acordos-internacionais/2025/22025D1230.md
22025D1230	Artigo 1.º		46	48	88	ue/acordos-internacionais/2025/22025D1230.md
22025D1230	Artigo 2.º		50	52	36	ue/acordos-internacionais/2025/22025D1230.md
22025D1230	Artigo 3.º		54	72	90	ue/acordos-internacionais/2025/22025D1230.md
22025D1231	Preâmbulo		18	36	470	ue/acordos-internacionais/2025/22025D1231.md
22025D1231	Artigo 1.º		40	42	101	ue/acordos-internacionais/2025/22025D1231.md
22025D1231	Artigo 2.º		44	56	467	ue/acordos-internacionais/2025/22025D1231.md
22025D1231	Artigo 3.º		58	60	58	ue/acordos-internacionais/2025/22025D1231.md
22025D1231	Artigo 4.º		62	80	123	ue/acordos-internacionais/2025/22025D1231.md
22025D1239	Preâmbulo		18	44	1169	ue/acordos-internacionais/2025/22025D1239.md
22025D1239	Artigo 1.º		48	58	338	ue/acordos-internacionais/2025/22025D1239.md
22025D1239	Artigo 2.º		60	82	284	ue/acordos-internacionais/2025/22025D1239.md
22025D1351	Preâmbulo		18	52	1691	ue/acordos-internacionais/2025/22025D1351.md
22025D1351	Artigo 1.º		56	58	79	ue/acordos-internacionais/2025/22025D1351.md
22025D1351	Artigo 2.º		60	62	84	ue/acordos-internacionais/2025/22025D1351.md
22025D1351	Artigo 3.º		64	94	662	ue/acordos-internacionais/2025/22025D1351.md
22025D1351	ANEXO		96	346	5851	ue/acordos-internacionais/2025/22025D1351.md
22025D1357	Preâmbulo		18	32	261	ue/acordos-internacionais/2025/22025D1357.md
22025D1357	Artigo 1.º		36	41	76	ue/acordos-internacionais/2025/22025D1357.md
22025D1357	Artigo 2.º		43	45	46	ue/acordos-internacionais/2025/22025D1357.md
22025D1357	Artigo 3.º		47	49	45	ue/acordos-internacionais/2025/22025D1357.md
22025D1357	Artigo 4.º		51	69	112	ue/acordos-internacionais/2025/22025D1357.md
22025D1358	Preâmbulo		18	30	129	ue/acordos-internacionais/2025/22025D1358.md
22025D1358	Artigo 1.º		34	39	68	ue/acordos-internacionais/2025/22025D1358.md
22025D1358	Artigo 2.º		41	43	47	ue/acordos-internacionais/2025/22025D1358.md
22025D1358	Artigo 3.º		45	47	45	ue/acordos-internacionais/2025/22025D1358.md
22025D1358	Artigo 4.º		49	67	112	ue/acordos-internacionais/2025/22025D1358.md
22025D1359	Preâmbulo		18	30	212	ue/acordos-internacionais/2025/22025D1359.md
22025D1359	Artigo 1.º		34	39	178	ue/acordos-internacionais/2025/22025D1359.md
22025D1359	Artigo 2.º		41	43	47	ue/acordos-internacionais/2025/22025D1359.md
22025D1359	Artigo 3.º		45	47	45	ue/acordos-internacionais/2025/22025D1359.md
22025D1359	Artigo 4.º		49	67	112	ue/acordos-internacionais/2025/22025D1359.md
22025D1360	Preâmbulo		18	30	136	ue/acordos-internacionais/2025/22025D1360.md
22025D1360	Artigo 1.º		34	40	75	ue/acordos-internacionais/2025/22025D1360.md
22025D1360	Artigo 2.º		42	44	47	ue/acordos-internacionais/2025/22025D1360.md
22025D1360	Artigo 3.º		46	48	45	ue/acordos-internacionais/2025/22025D1360.md
22025D1360	Artigo 4.º		50	68	112	ue/acordos-internacionais/2025/22025D1360.md
22025D1361	Preâmbulo		18	30	178	ue/acordos-internacionais/2025/22025D1361.md
22025D1361	Artigo 1.º		34	39	145	ue/acordos-internacionais/2025/22025D1361.md
22025D1361	Artigo 2.º		41	43	46	ue/acordos-internacionais/2025/22025D1361.md
22025D1361	Artigo 3.º		45	47	45	ue/acordos-internacionais/2025/22025D1361.md
22025D1361	Artigo 4.º		49	67	113	ue/acordos-internacionais/2025/22025D1361.md
22025D1362	Preâmbulo		18	32	270	ue/acordos-internacionais/2025/22025D1362.md
22025D1362	Artigo 1.º		36	49	211	ue/acordos-internacionais/2025/22025D1362.md
22025D1362	Artigo 2.º		51	53	57	ue/acordos-internacionais/2025/22025D1362.md
22025D1362	Artigo 3.º		55	57	45	ue/acordos-internacionais/2025/22025D1362.md
22025D1362	Artigo 4.º		59	77	98	ue/acordos-internacionais/2025/22025D1362.md
22025D1363	Preâmbulo		18	32	206	ue/acordos-internacionais/2025/22025D1363.md
22025D1363	Artigo 1.º		36	48	130	ue/acordos-internacionais/2025/22025D1363.md
22025D1363	Artigo 2.º		50	52	47	ue/acordos-internacionais/2025/22025D1363.md
22025D1363	Artigo 3.º		54	56	45	ue/acordos-internacionais/2025/22025D1363.md
22025D1363	Artigo 4.º		58	76	112	ue/acordos-internacionais/2025/22025D1363.md
22025D1364	Preâmbulo		18	36	478	ue/acordos-internacionais/2025/22025D1364.md
22025D1364	Artigo 1.º		40	57	591	ue/acordos-internacionais/2025/22025D1364.md
22025D1364	Artigo 2.º		59	61	56	ue/acordos-internacionais/2025/22025D1364.md
22025D1364	Artigo 3.º		63	65	45	ue/acordos-internacionais/2025/22025D1364.md
22025D1364	Artigo 4.º		67	93	176	ue/acordos-internacionais/2025/22025D1364.md
22025D1365	Preâmbulo		18	30	168	ue/acordos-internacionais/2025/22025D1365.md
22025D1365	Artigo 1.º		34	39	135	ue/acordos-internacionais/2025/22025D1365.md
22025D1365	Artigo 2.º		41	43	47	ue/acordos-internacionais/2025/22025D1365.md
22025D1365	Artigo 3.º		45	47	45	ue/acordos-internacionais/2025/22025D1365.md
22025D1365	Artigo 4.º		49	67	112	ue/acordos-internacionais/2025/22025D1365.md
22025D1366	Preâmbulo		18	30	158	ue/acordos-internacionais/2025/22025D1366.md
22025D1366	Artigo 1.º		34	47	141	ue/acordos-internacionais/2025/22025D1366.md
22025D1366	Artigo 2.º		49	51	43	ue/acordos-internacionais/2025/22025D1366.md
22025D1366	Artigo 3.º		53	55	45	ue/acordos-internacionais/2025/22025D1366.md
22025D1366	Artigo 4.º		57	75	112	ue/acordos-internacionais/2025/22025D1366.md
22025D1367	Preâmbulo		18	30	145	ue/acordos-internacionais/2025/22025D1367.md
22025D1367	Artigo 1.º		34	39	111	ue/acordos-internacionais/2025/22025D1367.md
22025D1367	Artigo 2.º		41	43	46	ue/acordos-internacionais/2025/22025D1367.md
22025D1367	Artigo 3.º		45	47	45	ue/acordos-internacionais/2025/22025D1367.md
22025D1367	Artigo 4.º		49	67	112	ue/acordos-internacionais/2025/22025D1367.md
22025D1368	Preâmbulo		18	30	149	ue/acordos-internacionais/2025/22025D1368.md
22025D1368	Artigo 1.º		34	40	72	ue/acordos-internacionais/2025/22025D1368.md
22025D1368	Artigo 2.º		42	44	46	ue/acordos-internacionais/2025/22025D1368.md
22025D1368	Artigo 3.º		46	48	45	ue/acordos-internacionais/2025/22025D1368.md
22025D1368	Artigo 4.º		50	68	112	ue/acordos-internacionais/2025/22025D1368.md
22025D1369	Preâmbulo		18	32	283	ue/acordos-internacionais/2025/22025D1369.md
22025D1369	Artigo 1.º		36	55	233	ue/acordos-internacionais/2025/22025D1369.md
22025D1369	Artigo 2.º		57	59	58	ue/acordos-internacionais/2025/22025D1369.md
22025D1369	Artigo 3.º		61	63	45	ue/acordos-internacionais/2025/22025D1369.md
22025D1369	Artigo 4.º		65	85	134	ue/acordos-internacionais/2025/22025D1369.md
22025D1370	Preâmbulo		18	30	170	ue/acordos-internacionais/2025/22025D1370.md
22025D1370	Artigo 1.º		34	39	137	ue/acordos-internacionais/2025/22025D1370.md
22025D1370	Artigo 2.º		41	43	46	ue/acordos-internacionais/2025/22025D1370.md
22025D1370	Artigo 3.º		45	47	45	ue/acordos-internacionais/2025/22025D1370.md
22025D1370	Artigo 4.º		49	67	112	ue/acordos-internacionais/2025/22025D1370.md
22025D1371	Preâmbulo		18	32	250	ue/acordos-internacionais/2025/22025D1371.md
22025D1371	Artigo 1.º		36	41	113	ue/acordos-internacionais/2025/22025D1371.md
22025D1371	Artigo 2.º		43	45	47	ue/acordos-internacionais/2025/22025D1371.md
22025D1371	Artigo 3.º		47	49	45	ue/acordos-internacionais/2025/22025D1371.md
22025D1371	Artigo 4.º		51	69	113	ue/acordos-internacionais/2025/22025D1371.md
22025D1372	Preâmbulo		18	42	752	ue/acordos-internacionais/2025/22025D1372.md
22025D1372	Artigo 1.º		46	68	742	ue/acordos-internacionais/2025/22025D1372.md
22025D1372	Artigo 2.º		70	72	79	ue/acordos-internacionais/2025/22025D1372.md
22025D1372	Artigo 3.º		74	76	45	ue/acordos-internacionais/2025/22025D1372.md
22025D1372	Artigo 4.º		78	108	193	ue/acordos-internacionais/2025/22025D1372.md
22025D1373	Preâmbulo		18	30	152	ue/acordos-internacionais/2025/22025D1373.md
22025D1373	Artigo 1.º		34	39	70	ue/acordos-internacionais/2025/22025D1373.md
22025D1373	Artigo 2.º		41	43	47	ue/acordos-internacionais/2025/22025D1373.md
22025D1373	Artigo 3.º		45	47	45	ue/acordos-internacionais/2025/22025D1373.md
22025D1373	Artigo 4.º		49	67	113	ue/acordos-internacionais/2025/22025D1373.md
22025D1374	Preâmbulo		18	30	161	ue/acordos-internacionais/2025/22025D1374.md
22025D1374	Artigo 1.º		34	39	74	ue/acordos-internacionais/2025/22025D1374.md
22025D1374	Artigo 2.º		41	43	46	ue/acordos-internacionais/2025/22025D1374.md
22025D1374	Artigo 3.º		45	47	45	ue/acordos-internacionais/2025/22025D1374.md
22025D1374	Artigo 4.º		49	67	112	ue/acordos-internacionais/2025/22025D1374.md
22025D1375	Preâmbulo		18	30	163	ue/acordos-internacionais/2025/22025D1375.md
22025D1375	Artigo 1.º		34	39	130	ue/acordos-internacionais/2025/22025D1375.md
22025D1375	Artigo 2.º		41	43	46	ue/acordos-internacionais/2025/22025D1375.md
22025D1375	Artigo 3.º		45	47	45	ue/acordos-internacionais/2025/22025D1375.md
22025D1375	Artigo 4.º		49	67	112	ue/acordos-internacionais/2025/22025D1375.md
22025D1376	Preâmbulo		18	30	146	ue/acordos-internacionais/2025/22025D1376.md
22025D1376	Artigo 1.º		34	39	77	ue/acordos-internacionais/2025/22025D1376.md
22025D1376	Artigo 2.º		41	43	46	ue/acordos-internacionais/2025/22025D1376.md
22025D1376	Artigo 3.º		45	47	45	ue/acordos-internacionais/2025/22025D1376.md
22025D1376	Artigo 4.º		49	67	112	ue/acordos-internacionais/2025/22025D1376.md
22025D1378	Preâmbulo		18	32	233	ue/acordos-internacionais/2025/22025D1378.md
22025D1378	Artigo 1.º		36	50	247	ue/acordos-internacionais/2025/22025D1378.md
22025D1378	Artigo 2.º		52	54	52	ue/acordos-internacionais/2025/22025D1378.md
22025D1378	Artigo 3.º		56	58	45	ue/acordos-internacionais/2025/22025D1378.md
22025D1378	Artigo 4.º		60	80	135	ue/acordos-internacionais/2025/22025D1378.md
22025D1380	Preâmbulo		18	36	476	ue/acordos-internacionais/2025/22025D1380.md
22025D1380	Artigo 1.º		40	67	547	ue/acordos-internacionais/2025/22025D1380.md
22025D1380	Artigo 2.º		69	71	60	ue/acordos-internacionais/2025/22025D1380.md
22025D1380	Artigo 3.º		73	75	45	ue/acordos-internacionais/2025/22025D1380.md
22025D1380	Artigo 4.º		77	101	180	ue/acordos-internacionais/2025/22025D1380.md
22025D1381	Preâmbulo		18	34	300	ue/acordos-internacionais/2025/22025D1381.md
22025D1381	Artigo 1.º		38	47	138	ue/acordos-internacionais/2025/22025D1381.md
22025D1381	Artigo 2.º		49	51	56	ue/acordos-internacionais/2025/22025D1381.md
22025D1381	Artigo 3.º		53	55	45	ue/acordos-internacionais/2025/22025D1381.md
22025D1381	Artigo 4.º		57	79	157	ue/acordos-internacionais/2025/22025D1381.md
22025D1383	Preâmbulo		18	30	233	ue/acordos-internacionais/2025/22025D1383.md
22025D1383	Artigo 1.º		34	39	193	ue/acordos-internacionais/2025/22025D1383.md
22025D1383	Artigo 2.º		41	43	41	ue/acordos-internacionais/2025/22025D1383.md
22025D1383	Artigo 3.º		45	47	45	ue/acordos-internacionais/2025/22025D1383.md
22025D1383	Artigo 4.º		49	67	111	ue/acordos-internacionais/2025/22025D1383.md
22025D1384	Preâmbulo		18	30	233	ue/acordos-internacionais/2025/22025D1384.md
22025D1384	Artigo 1.º		34	47	268	ue/acordos-internacionais/2025/22025D1384.md
22025D1384	Artigo 2.º		49	51	47	ue/acordos-internacionais/2025/22025D1384.md
22025D1384	Artigo 3.º		53	55	45	ue/acordos-internacionais/2025/22025D1384.md
22025D1384	Artigo 4.º		57	75	112	ue/acordos-internacionais/2025/22025D1384.md
22025D1385	Preâmbulo		18	30	222	ue/acordos-internacionais/2025/22025D1385.md
22025D1385	Artigo 1.º		34	40	86	ue/acordos-internacionais/2025/22025D1385.md
22025D1385	Artigo 2.º		42	44	60	ue/acordos-internacionais/2025/22025D1385.md
22025D1385	Artigo 3.º		46	48	45	ue/acordos-internacionais/2025/22025D1385.md
22025D1385	Artigo 4.º		50	68	112	ue/acordos-internacionais/2025/22025D1385.md
22025D1387	Preâmbulo		18	32	274	ue/acordos-internacionais/2025/22025D1387.md
22025D1387	Artigo 1.º		36	45	106	ue/acordos-internacionais/2025/22025D1387.md
22025D1387	Artigo 2.º		47	49	46	ue/acordos-internacionais/2025/22025D1387.md
22025D1387	Artigo 3.º		51	53	45	ue/acordos-internacionais/2025/22025D1387.md
22025D1387	Artigo 4.º		55	75	121	ue/acordos-internacionais/2025/22025D1387.md
22025D1388	Preâmbulo		18	30	244	ue/acordos-internacionais/2025/22025D1388.md
22025D1388	Artigo 1.º		34	39	69	ue/acordos-internacionais/2025/22025D1388.md
22025D1388	Artigo 2.º		41	43	46	ue/acordos-internacionais/2025/22025D1388.md
22025D1388	Artigo 3.º		45	47	45	ue/acordos-internacionais/2025/22025D1388.md
22025D1388	Artigo 4.º		49	67	112	ue/acordos-internacionais/2025/22025D1388.md
22025D1389	Preâmbulo		18	30	146	ue/acordos-internacionais/2025/22025D1389.md
22025D1389	Artigo 1.º		34	39	71	ue/acordos-internacionais/2025/22025D1389.md
22025D1389	Artigo 2.º		41	43	46	ue/acordos-internacionais/2025/22025D1389.md
22025D1389	Artigo 3.º		45	47	45	ue/acordos-internacionais/2025/22025D1389.md
22025D1389	Artigo 4.º		49	67	112	ue/acordos-internacionais/2025/22025D1389.md
22025D1428	Preâmbulo		18	38	574	ue/acordos-internacionais/2025/22025D1428.md
22025D1428	Artigo 1.º	Definições	42	58	230	ue/acordos-internacionais/2025/22025D1428.md
22025D1428	Artigo 2.º	Reconhecimento mútuo e execução da decisão	60	64	106	ue/acordos-internacionais/2025/22025D1428.md
22025D1428	Artigo 3.º	Compatibilidade	66	74	85	ue/acordos-internacionais/2025/22025D1428.md
22025D1428	Artigo 4.º	Benefícios	76	102	795	ue/acordos-internacionais/2025/22025D1428.md
22025D1428	Artigo 5.º	Intercâmbio de informações e Comunicação	104	134	474	ue/acordos-internacionais/2025/22025D1428.md
22025D1428	Artigo 6.º	Tratamento das informações	136	194	1426	ue/acordos-internacionais/2025/22025D1428.md
22025D1428	Artigo 7.º	Consulta e revisão	196	210	240	ue/acordos-internacionais/2025/22025D1428.md
22025D1428	Artigo 8.º	Disposições Gerais	212	214	41	ue/acordos-internacionais/2025/22025D1428.md
22025D1428	Artigo 9.º	Disposições finais	216	240	416	ue/acordos-internacionais/2025/22025D1428.md
22025D1574	Preâmbulo		18	24	60	ue/acordos-internacionais/2025/22025D1574.md
22025D1574	Artigo único		28	42	70	ue/acordos-internacionais/2025/22025D1574.md
22025D1574	ANEXO		44	999	19448	ue/acordos-internacionais/2025/22025D1574.md
22025D1574	ANEXO A		1001	1175	3221	ue/acordos-internacionais/2025/22025D1574.md
22025D1574	Artigo 1.º		1015	1017	72	ue/acordos-internacionais/2025/22025D1574.md
22025D1574	Artigo 2.º		1019	1021	14	ue/acordos-internacionais/2025/22025D1574.md
22025D1574	Artigo 3.º		1023	1029	180	ue/acordos-internacionais/2025/22025D1574.md
22025D1574	Artigo 4.º		1031	1039	144	ue/acordos-internacionais/2025/22025D1574.md
22025D1574	Artigo 5.º		1041	1045	87	ue/acordos-internacionais/2025/22025D1574.md
22025D1574	Artigo 6.º		1047	1055	178	ue/acordos-internacionais/2025/22025D1574.md
22025D1574	Artigo 7.º		1057	1065	158	ue/acordos-internacionais/2025/22025D1574.md
22025D1574	Artigo 8.º		1067	1069	41	ue/acordos-internacionais/2025/22025D1574.md
22025D1574	Artigo 9.º		1071	1085	186	ue/acordos-internacionais/2025/22025D1574.md
22025D1574	Artigo 10.º		1087	1095	118	ue/acordos-internacionais/2025/22025D1574.md
22025D1574	Artigo 11.º		1097	1109	432	ue/acordos-internacionais/2025/22025D1574.md
22025D1574	Artigo 12.º		1111	1115	141	ue/acordos-internacionais/2025/22025D1574.md
22025D1574	Artigo 13.º		1117	1123	382	ue/acordos-internacionais/2025/22025D1574.md
22025D1574	Artigo 14.º		1125	1127	70	ue/acordos-internacionais/2025/22025D1574.md
22025D1574	Artigo 15.º		1129	1137	161	ue/acordos-internacionais/2025/22025D1574.md
22025D1574	Artigo 16.º		1139	1145	60	ue/acordos-internacionais/2025/22025D1574.md
22025D1574	Artigo 17.º		1147	1151	83	ue/acordos-internacionais/2025/22025D1574.md
22025D1574	Artigo 18.º		1153	1155	42	ue/acordos-internacionais/2025/22025D1574.md
22025D1574	Artigo 19.º		1157	1159	29	ue/acordos-internacionais/2025/22025D1574.md
22025D1574	Artigo 20.º		1161	1163	92	ue/acordos-internacionais/2025/22025D1574.md
22025D1574	Artigo 21.º		1165	1169	192	ue/acordos-internacionais/2025/22025D1574.md
22025D1574	Artigo 22.º		1171	1175	176	ue/acordos-internacionais/2025/22025D1574.md
22025D1574	Apêndice		1177	1203	914	ue/acordos-internacionais/2025/22025D1574.md
22025D1574	ANEXO B		1205	1265	1844	ue/acordos-internacionais/2025/22025D1574.md
22025D1574	Artigo 1.º	Comunicação direta	1209	1211	168	ue/acordos-internacionais/2025/22025D1574.md
22025D1574	Artigo 2.º	Controlos	1213	1223	507	ue/acordos-internacionais/2025/22025D1574.md
22025D1574	Artigo 3.º	Inspeções no local	1225	1235	462	ue/acordos-internacionais/2025/22025D1574.md
22025D1574	Artigo 4.º	Informação e consulta	1237	1241	142	ue/acordos-internacionais/2025/22025D1574.md
22025D1574	Artigo 5.º	Confidencialidade	1243	1245	164	ue/acordos-internacionais/2025/22025D1574.md
22025D1574	Artigo 6.º	Medidas e sanções administrativas	1247	1249	129	ue/acordos-internacionais/2025/22025D1574.md
22025D1574	Artigo 7.º	Reembolsos e execução	1251	1265	236	ue/acordos-internacionais/2025/22025D1574.md
22025D1738	Preâmbulo		18	32	255	ue/acordos-internacionais/2025/22025D1738.md
22025D1738	Artigo 1.º		36	38	94	ue/acordos-internacionais/2025/22025D1738.md
22025D1738	Artigo 2.º		40	62	172	ue/acordos-internacionais/2025/22025D1738.md
22025D1742	Preâmbulo		18	48	1525	ue/acordos-internacionais/2025/22025D1742.md
22025D1742	Artigo 1.º		52	54	46	ue/acordos-internacionais/2025/22025D1742.md
22025D1742	Artigo 2.º		56	58	84	ue/acordos-internacionais/2025/22025D1742.md
22025D1742	Artigo 3.º		60	88	416	ue/acordos-internacionais/2025/22025D1742.md
22025D1743	Preâmbulo		18	32	413	ue/acordos-internacionais/2025/22025D1743.md
22025D1743	Artigo 1.º		36	38	119	ue/acordos-internacionais/2025/22025D1743.md
22025D1743	Artigo 2.º		40	62	245	ue/acordos-internacionais/2025/22025D1743.md
22025D1744	Preâmbulo		18	32	446	ue/acordos-internacionais/2025/22025D1744.md
22025D1744	Artigo 1.º		36	40	258	ue/acordos-internacionais/2025/22025D1744.md
22025D1744	Artigo 2.º		42	72	711	ue/acordos-internacionais/2025/22025D1744.md
22025D1755	Preâmbulo		18	34	656	ue/acordos-internacionais/2025/22025D1755.md
22025D1755	Artigo 1.º		38	40	28	ue/acordos-internacionais/2025/22025D1755.md
22025D1755	Artigo 2.º		42	62	285	ue/acordos-internacionais/2025/22025D1755.md
22025D1817	Preâmbulo		18	36	475	ue/acordos-internacionais/2025/22025D1817.md
22025D1817	Artigo 1.º		40	57	218	ue/acordos-internacionais/2025/22025D1817.md
22025D1817	Artigo 2.º		59	61	62	ue/acordos-internacionais/2025/22025D1817.md
22025D1817	Artigo 3.º		63	65	46	ue/acordos-internacionais/2025/22025D1817.md
22025D1817	Artigo 4.º		67	89	156	ue/acordos-internacionais/2025/22025D1817.md
22025D1818	Preâmbulo		18	32	274	ue/acordos-internacionais/2025/22025D1818.md
22025D1818	Artigo 1.º		36	45	317	ue/acordos-internacionais/2025/22025D1818.md
22025D1818	Artigo 2.º		47	49	47	ue/acordos-internacionais/2025/22025D1818.md
22025D1818	Artigo 3.º		51	53	46	ue/acordos-internacionais/2025/22025D1818.md
22025D1818	Artigo 4.º		55	81	137	ue/acordos-internacionais/2025/22025D1818.md
22025D1819	Preâmbulo		18	30	161	ue/acordos-internacionais/2025/22025D1819.md
22025D1819	Artigo 1.º		34	39	132	ue/acordos-internacionais/2025/22025D1819.md
22025D1819	Artigo 2.º		41	43	46	ue/acordos-internacionais/2025/22025D1819.md
22025D1819	Artigo 3.º		45	47	46	ue/acordos-internacionais/2025/22025D1819.md
22025D1819	Artigo 4.º		49	67	113	ue/acordos-internacionais/2025/22025D1819.md
22025D1820	Preâmbulo		18	34	425	ue/acordos-internacionais/2025/22025D1820.md
22025D1820	Artigo 1.º		38	51	181	ue/acordos-internacionais/2025/22025D1820.md
22025D1820	Artigo 2.º		53	59	79	ue/acordos-internacionais/2025/22025D1820.md
22025D1820	Artigo 3.º		61	63	52	ue/acordos-internacionais/2025/22025D1820.md
22025D1820	Artigo 4.º		65	67	46	ue/acordos-internacionais/2025/22025D1820.md
22025D1820	Artigo 5.º		69	89	135	ue/acordos-internacionais/2025/22025D1820.md
22025D1821	Preâmbulo		18	34	348	ue/acordos-internacionais/2025/22025D1821.md
22025D1821	Artigo 1.º		38	43	75	ue/acordos-internacionais/2025/22025D1821.md
22025D1821	Artigo 2.º		45	62	258	ue/acordos-internacionais/2025/22025D1821.md
22025D1821	Artigo 3.º		64	66	52	ue/acordos-internacionais/2025/22025D1821.md
22025D1821	Artigo 4.º		68	70	46	ue/acordos-internacionais/2025/22025D1821.md
22025D1821	Artigo 5.º		72	92	133	ue/acordos-internacionais/2025/22025D1821.md
22025D1822	Preâmbulo		18	34	397	ue/acordos-internacionais/2025/22025D1822.md
22025D1822	Artigo 1.º		38	43	76	ue/acordos-internacionais/2025/22025D1822.md
22025D1822	Artigo 2.º		45	47	42	ue/acordos-internacionais/2025/22025D1822.md
22025D1822	Artigo 3.º		49	51	46	ue/acordos-internacionais/2025/22025D1822.md
22025D1822	Artigo 4.º		53	71	112	ue/acordos-internacionais/2025/22025D1822.md
22025D1823	Preâmbulo		18	30	138	ue/acordos-internacionais/2025/22025D1823.md
22025D1823	Artigo 1.º		34	39	69	ue/acordos-internacionais/2025/22025D1823.md
22025D1823	Artigo 2.º		41	43	47	ue/acordos-internacionais/2025/22025D1823.md
22025D1823	Artigo 3.º		45	47	46	ue/acordos-internacionais/2025/22025D1823.md
22025D1823	Artigo 4.º		49	67	112	ue/acordos-internacionais/2025/22025D1823.md
22025D1824	Preâmbulo		18	34	349	ue/acordos-internacionais/2025/22025D1824.md
22025D1824	Artigo 1.º		38	50	223	ue/acordos-internacionais/2025/22025D1824.md
22025D1824	Artigo 2.º		52	54	44	ue/acordos-internacionais/2025/22025D1824.md
22025D1824	Artigo 3.º		56	58	46	ue/acordos-internacionais/2025/22025D1824.md
22025D1824	Artigo 4.º		60	80	121	ue/acordos-internacionais/2025/22025D1824.md
22025D1825	Preâmbulo		18	44	764	ue/acordos-internacionais/2025/22025D1825.md
22025D1825	Artigo 1.º		48	57	133	ue/acordos-internacionais/2025/22025D1825.md
22025D1825	Artigo 2.º		59	91	498	ue/acordos-internacionais/2025/22025D1825.md
22025D1825	Artigo 3.º		93	95	75	ue/acordos-internacionais/2025/22025D1825.md
22025D1825	Artigo 4.º		97	99	46	ue/acordos-internacionais/2025/22025D1825.md
22025D1825	Artigo 5.º		101	131	236	ue/acordos-internacionais/2025/22025D1825.md
22025D1826	Preâmbulo		18	30	147	ue/acordos-internacionais/2025/22025D1826.md
22025D1826	Artigo 1.º		34	39	74	ue/acordos-internacionais/2025/22025D1826.md
22025D1826	Artigo 2.º		41	43	43	ue/acordos-internacionais/2025/22025D1826.md
22025D1826	Artigo 3.º		45	47	46	ue/acordos-internacionais/2025/22025D1826.md
22025D1826	Artigo 4.º		49	67	111	ue/acordos-internacionais/2025/22025D1826.md
22025D1827	Preâmbulo		18	32	206	ue/acordos-internacionais/2025/22025D1827.md
22025D1827	Artigo 1.º		36	41	73	ue/acordos-internacionais/2025/22025D1827.md
22025D1827	Artigo 2.º		43	45	46	ue/acordos-internacionais/2025/22025D1827.md
22025D1827	Artigo 3.º		47	49	46	ue/acordos-internacionais/2025/22025D1827.md
22025D1827	Artigo 4.º		51	71	122	ue/acordos-internacionais/2025/22025D1827.md
22025D1828	Preâmbulo		18	32	204	ue/acordos-internacionais/2025/22025D1828.md
22025D1828	Artigo 1.º		36	40	121	ue/acordos-internacionais/2025/22025D1828.md
22025D1828	Artigo 2.º		42	44	44	ue/acordos-internacionais/2025/22025D1828.md
22025D1828	Artigo 3.º		46	48	46	ue/acordos-internacionais/2025/22025D1828.md
22025D1828	Artigo 4.º		50	70	109	ue/acordos-internacionais/2025/22025D1828.md
22025D1829	Preâmbulo		18	30	137	ue/acordos-internacionais/2025/22025D1829.md
22025D1829	Artigo 1.º		34	39	69	ue/acordos-internacionais/2025/22025D1829.md
22025D1829	Artigo 2.º		41	43	47	ue/acordos-internacionais/2025/22025D1829.md
22025D1829	Artigo 3.º		45	47	46	ue/acordos-internacionais/2025/22025D1829.md
22025D1829	Artigo 4.º		49	67	100	ue/acordos-internacionais/2025/22025D1829.md
22025D1830	Preâmbulo		18	30	143	ue/acordos-internacionais/2025/22025D1830.md
22025D1830	Artigo 1.º		34	39	119	ue/acordos-internacionais/2025/22025D1830.md
22025D1830	Artigo 2.º		41	43	46	ue/acordos-internacionais/2025/22025D1830.md
22025D1830	Artigo 3.º		45	47	46	ue/acordos-internacionais/2025/22025D1830.md
22025D1830	Artigo 4.º		49	67	113	ue/acordos-internacionais/2025/22025D1830.md
22025D1831	Preâmbulo		18	30	150	ue/acordos-internacionais/2025/22025D1831.md
22025D1831	Artigo 1.º		34	39	73	ue/acordos-internacionais/2025/22025D1831.md
22025D1831	Artigo 2.º		41	43	46	ue/acordos-internacionais/2025/22025D1831.md
22025D1831	Artigo 3.º		45	47	46	ue/acordos-internacionais/2025/22025D1831.md
22025D1831	Artigo 4.º		49	67	112	ue/acordos-internacionais/2025/22025D1831.md
22025D1832	Preâmbulo		18	30	178	ue/acordos-internacionais/2025/22025D1832.md
22025D1832	Artigo 1.º		34	39	112	ue/acordos-internacionais/2025/22025D1832.md
22025D1832	Artigo 2.º		41	43	44	ue/acordos-internacionais/2025/22025D1832.md
22025D1832	Artigo 3.º		45	47	46	ue/acordos-internacionais/2025/22025D1832.md
22025D1832	Artigo 4.º		49	67	113	ue/acordos-internacionais/2025/22025D1832.md
22025D1833	Preâmbulo		18	30	151	ue/acordos-internacionais/2025/22025D1833.md
22025D1833	Artigo 1.º		34	39	118	ue/acordos-internacionais/2025/22025D1833.md
22025D1833	Artigo 2.º		41	43	46	ue/acordos-internacionais/2025/22025D1833.md
22025D1833	Artigo 3.º		45	47	46	ue/acordos-internacionais/2025/22025D1833.md
22025D1833	Artigo 4.º		49	67	113	ue/acordos-internacionais/2025/22025D1833.md
22025D1834	Preâmbulo		18	30	206	ue/acordos-internacionais/2025/22025D1834.md
22025D1834	Artigo 1.º		34	39	180	ue/acordos-internacionais/2025/22025D1834.md
22025D1834	Artigo 2.º		41	43	47	ue/acordos-internacionais/2025/22025D1834.md
22025D1834	Artigo 3.º		45	47	46	ue/acordos-internacionais/2025/22025D1834.md
22025D1834	Artigo 4.º		49	67	100	ue/acordos-internacionais/2025/22025D1834.md
22025D1835	Preâmbulo		18	30	142	ue/acordos-internacionais/2025/22025D1835.md
22025D1835	Artigo 1.º		34	40	76	ue/acordos-internacionais/2025/22025D1835.md
22025D1835	Artigo 2.º		42	44	47	ue/acordos-internacionais/2025/22025D1835.md
22025D1835	Artigo 3.º		46	48	46	ue/acordos-internacionais/2025/22025D1835.md
22025D1835	Artigo 4.º		50	68	113	ue/acordos-internacionais/2025/22025D1835.md
22025D1836	Preâmbulo		18	32	305	ue/acordos-internacionais/2025/22025D1836.md
22025D1836	Artigo 1.º		36	50	352	ue/acordos-internacionais/2025/22025D1836.md
22025D1836	Artigo 2.º		52	54	58	ue/acordos-internacionais/2025/22025D1836.md
22025D1836	Artigo 3.º		56	58	80	ue/acordos-internacionais/2025/22025D1836.md
22025D1836	Artigo 4.º		60	82	156	ue/acordos-internacionais/2025/22025D1836.md
22025D1837	Preâmbulo		18	30	139	ue/acordos-internacionais/2025/22025D1837.md
22025D1837	Artigo 1.º		34	39	111	ue/acordos-internacionais/2025/22025D1837.md
22025D1837	Artigo 2.º		41	43	46	ue/acordos-internacionais/2025/22025D1837.md
22025D1837	Artigo 3.º		45	47	46	ue/acordos-internacionais/2025/22025D1837.md
22025D1837	Artigo 4.º		49	67	112	ue/acordos-internacionais/2025/22025D1837.md
22025D1838	Preâmbulo		18	30	176	ue/acordos-internacionais/2025/22025D1838.md
22025D1838	Artigo 1.º		34	40	75	ue/acordos-internacionais/2025/22025D1838.md
22025D1838	Artigo 2.º		42	44	46	ue/acordos-internacionais/2025/22025D1838.md
22025D1838	Artigo 3.º		46	48	81	ue/acordos-internacionais/2025/22025D1838.md
22025D1838	Artigo 4.º		50	70	134	ue/acordos-internacionais/2025/22025D1838.md
22025D1839	Preâmbulo		18	36	413	ue/acordos-internacionais/2025/22025D1839.md
22025D1839	Artigo 1.º		40	62	396	ue/acordos-internacionais/2025/22025D1839.md
22025D1839	Artigo 2.º		64	66	62	ue/acordos-internacionais/2025/22025D1839.md
22025D1839	Artigo 3.º		68	70	79	ue/acordos-internacionais/2025/22025D1839.md
22025D1839	Artigo 4.º		72	98	148	ue/acordos-internacionais/2025/22025D1839.md
22025D1840	Preâmbulo		18	32	458	ue/acordos-internacionais/2025/22025D1840.md
22025D1840	Artigo 1.º		36	63	727	ue/acordos-internacionais/2025/22025D1840.md
22025D1840	Artigo 2.º		65	67	57	ue/acordos-internacionais/2025/22025D1840.md
22025D1840	Artigo 3.º		69	71	46	ue/acordos-internacionais/2025/22025D1840.md
22025D1840	Artigo 4.º		73	93	108	ue/acordos-internacionais/2025/22025D1840.md
22025D1841	Preâmbulo		18	32	298	ue/acordos-internacionais/2025/22025D1841.md
22025D1841	Artigo 1.º		36	43	269	ue/acordos-internacionais/2025/22025D1841.md
22025D1841	Artigo 2.º		45	47	51	ue/acordos-internacionais/2025/22025D1841.md
22025D1841	Artigo 3.º		49	51	82	ue/acordos-internacionais/2025/22025D1841.md
22025D1841	Artigo 4.º		53	75	154	ue/acordos-internacionais/2025/22025D1841.md
22025D1842	Preâmbulo		18	30	136	ue/acordos-internacionais/2025/22025D1842.md
22025D1842	Artigo 1.º		34	39	69	ue/acordos-internacionais/2025/22025D1842.md
22025D1842	Artigo 2.º		41	43	47	ue/acordos-internacionais/2025/22025D1842.md
22025D1842	Artigo 3.º		45	47	46	ue/acordos-internacionais/2025/22025D1842.md
22025D1842	Artigo 4.º		49	67	112	ue/acordos-internacionais/2025/22025D1842.md
22025D1843	Preâmbulo		18	32	282	ue/acordos-internacionais/2025/22025D1843.md
22025D1843	Artigo 1.º		36	43	255	ue/acordos-internacionais/2025/22025D1843.md
22025D1843	Artigo 2.º		45	47	51	ue/acordos-internacionais/2025/22025D1843.md
22025D1843	Artigo 3.º		49	51	82	ue/acordos-internacionais/2025/22025D1843.md
22025D1843	Artigo 4.º		53	75	154	ue/acordos-internacionais/2025/22025D1843.md
22025D1844	Preâmbulo		18	30	140	ue/acordos-internacionais/2025/22025D1844.md
22025D1844	Artigo 1.º		34	39	68	ue/acordos-internacionais/2025/22025D1844.md
22025D1844	Artigo 2.º		41	43	46	ue/acordos-internacionais/2025/22025D1844.md
22025D1844	Artigo 3.º		45	47	46	ue/acordos-internacionais/2025/22025D1844.md
22025D1844	Artigo 4.º		49	67	113	ue/acordos-internacionais/2025/22025D1844.md
22025D1848	Preâmbulo		18	30	176	ue/acordos-internacionais/2025/22025D1848.md
22025D1848	Artigo 1.º		34	39	148	ue/acordos-internacionais/2025/22025D1848.md
22025D1848	Artigo 2.º		41	43	46	ue/acordos-internacionais/2025/22025D1848.md
22025D1848	Artigo 3.º		45	47	46	ue/acordos-internacionais/2025/22025D1848.md
22025D1848	Artigo 4.º		49	67	100	ue/acordos-internacionais/2025/22025D1848.md
22025D1849	Preâmbulo		18	30	140	ue/acordos-internacionais/2025/22025D1849.md
22025D1849	Artigo 1.º		34	39	71	ue/acordos-internacionais/2025/22025D1849.md
22025D1849	Artigo 2.º		41	43	46	ue/acordos-internacionais/2025/22025D1849.md
22025D1849	Artigo 3.º		45	47	46	ue/acordos-internacionais/2025/22025D1849.md
22025D1849	Artigo 4.º		49	67	112	ue/acordos-internacionais/2025/22025D1849.md
22025D1850	Preâmbulo		18	30	146	ue/acordos-internacionais/2025/22025D1850.md
22025D1850	Artigo 1.º		34	39	70	ue/acordos-internacionais/2025/22025D1850.md
22025D1850	Artigo 2.º		41	43	44	ue/acordos-internacionais/2025/22025D1850.md
22025D1850	Artigo 3.º		45	47	46	ue/acordos-internacionais/2025/22025D1850.md
22025D1850	Artigo 4.º		49	67	112	ue/acordos-internacionais/2025/22025D1850.md
22025D1851	Preâmbulo		18	30	147	ue/acordos-internacionais/2025/22025D1851.md
22025D1851	Artigo 1.º		34	39	69	ue/acordos-internacionais/2025/22025D1851.md
22025D1851	Artigo 2.º		41	43	47	ue/acordos-internacionais/2025/22025D1851.md
22025D1851	Artigo 3.º		45	47	46	ue/acordos-internacionais/2025/22025D1851.md
22025D1851	Artigo 4.º		49	67	112	ue/acordos-internacionais/2025/22025D1851.md
22025D1852	Preâmbulo		18	52	1016	ue/acordos-internacionais/2025/22025D1852.md
22025D1852	Artigo 1.º		56	92	964	ue/acordos-internacionais/2025/22025D1852.md
22025D1852	Artigo 2.º		94	96	92	ue/acordos-internacionais/2025/22025D1852.md
22025D1852	Artigo 3.º		98	100	46	ue/acordos-internacionais/2025/22025D1852.md
22025D1852	Artigo 4.º		102	142	352	ue/acordos-internacionais/2025/22025D1852.md
22025D1855	Preâmbulo		18	30	182	ue/acordos-internacionais/2025/22025D1855.md
22025D1855	Artigo 1.º		34	36	54	ue/acordos-internacionais/2025/22025D1855.md
22025D1855	Artigo 2.º		38	42	47	ue/acordos-internacionais/2025/22025D1855.md
22025D1855	Artigo 3.º		44	60	91	ue/acordos-internacionais/2025/22025D1855.md
22025D1856	Preâmbulo		18	32	230	ue/acordos-internacionais/2025/22025D1856.md
22025D1856	Artigo 1.º		36	45	130	ue/acordos-internacionais/2025/22025D1856.md
22025D1856	Artigo 2.º		47	49	47	ue/acordos-internacionais/2025/22025D1856.md
22025D1856	Artigo 3.º		51	53	108	ue/acordos-internacionais/2025/22025D1856.md
22025D1856	Artigo 4.º		55	83	169	ue/acordos-internacionais/2025/22025D1856.md
22025D1858	Preâmbulo		18	76	2050	ue/acordos-internacionais/2025/22025D1858.md
22025D1858	Artigo 1.º		80	141	1847	ue/acordos-internacionais/2025/22025D1858.md
22025D1858	Artigo 2.º		143	145	112	ue/acordos-internacionais/2025/22025D1858.md
22025D1858	Artigo 3.º		147	149	46	ue/acordos-internacionais/2025/22025D1858.md
22025D1858	Artigo 4.º		151	215	540	ue/acordos-internacionais/2025/22025D1858.md
22025D1859	Preâmbulo		18	40	706	ue/acordos-internacionais/2025/22025D1859.md
22025D1859	Artigo 1.º		44	65	637	ue/acordos-internacionais/2025/22025D1859.md
22025D1859	Artigo 2.º		67	69	60	ue/acordos-internacionais/2025/22025D1859.md
22025D1859	Artigo 3.º		71	73	46	ue/acordos-internacionais/2025/22025D1859.md
22025D1859	Artigo 4.º		75	105	208	ue/acordos-internacionais/2025/22025D1859.md
22025D1860	Preâmbulo		18	34	330	ue/acordos-internacionais/2025/22025D1860.md
22025D1860	Artigo 1.º		38	43	72	ue/acordos-internacionais/2025/22025D1860.md
22025D1860	Artigo 2.º		45	57	194	ue/acordos-internacionais/2025/22025D1860.md
22025D1860	Artigo 3.º		59	61	55	ue/acordos-internacionais/2025/22025D1860.md
22025D1860	Artigo 4.º		63	65	46	ue/acordos-internacionais/2025/22025D1860.md
22025D1860	Artigo 5.º		67	87	134	ue/acordos-internacionais/2025/22025D1860.md
22025D1862	Preâmbulo		18	32	237	ue/acordos-internacionais/2025/22025D1862.md
22025D1862	Artigo 1.º		36	45	183	ue/acordos-internacionais/2025/22025D1862.md
22025D1862	Artigo 2.º		47	49	47	ue/acordos-internacionais/2025/22025D1862.md
22025D1862	Artigo 3.º		51	53	46	ue/acordos-internacionais/2025/22025D1862.md
22025D1862	Artigo 4.º		55	75	122	ue/acordos-internacionais/2025/22025D1862.md
22025D1863	Preâmbulo		18	34	410	ue/acordos-internacionais/2025/22025D1863.md
22025D1863	Artigo 1.º		38	56	253	ue/acordos-internacionais/2025/22025D1863.md
22025D1863	Artigo 2.º		58	60	48	ue/acordos-internacionais/2025/22025D1863.md
22025D1863	Artigo 3.º		62	64	46	ue/acordos-internacionais/2025/22025D1863.md
22025D1863	Artigo 4.º		66	86	132	ue/acordos-internacionais/2025/22025D1863.md
22025D1864	Preâmbulo		18	30	277	ue/acordos-internacionais/2025/22025D1864.md
22025D1864	Artigo 1.º		34	39	249	ue/acordos-internacionais/2025/22025D1864.md
22025D1864	Artigo 2.º		41	43	60	ue/acordos-internacionais/2025/22025D1864.md
22025D1864	Artigo 3.º		45	47	46	ue/acordos-internacionais/2025/22025D1864.md
22025D1864	Artigo 4.º		49	67	113	ue/acordos-internacionais/2025/22025D1864.md
22025D1865	Preâmbulo		18	32	254	ue/acordos-internacionais/2025/22025D1865.md
22025D1865	Artigo 1.º		36	45	202	ue/acordos-internacionais/2025/22025D1865.md
22025D1865	Artigo 2.º		47	49	47	ue/acordos-internacionais/2025/22025D1865.md
22025D1865	Artigo 3.º		51	53	46	ue/acordos-internacionais/2025/22025D1865.md
22025D1865	Artigo 4.º		55	75	122	ue/acordos-internacionais/2025/22025D1865.md
22025D1888	Preâmbulo		18	32	317	ue/acordos-internacionais/2025/22025D1888.md
22025D1888	Artigo 1.º		36	38	25	ue/acordos-internacionais/2025/22025D1888.md
22025D1888	Artigo 2.º		40	42	101	ue/acordos-internacionais/2025/22025D1888.md
22025D1888	Artigo 3.º		44	60	79	ue/acordos-internacionais/2025/22025D1888.md
22025D1888	ANEXO I	PRODUTOS ABRANGIDOS	62	131	1296	ue/acordos-internacionais/2025/22025D1888.md
22025D1888	ANEXO II	DEFINIÇÃO DE LEGALIDADE PARA EFEITOS DE EMISSÃO DE LICENÇA DE EXPORTAÇÃO FLEGT E PROCESSO DE REFORMA DA LEGISLAÇÃO	133	497	9152	ue/acordos-internacionais/2025/22025D1888.md
22025D1888	ANEXO IV	CONDIÇÕES QUE REGEM A EMISSÃO E AS ESPECIFICAÇÕES DAS LICENÇAS FLEGT	499	613	1892	ue/acordos-internacionais/2025/22025D1888.md
22025D1888	Artigo 1.º		503	507	68	ue/acordos-internacionais/2025/22025D1888.md
22025D1888	Artigo 2.º		509	519	161	ue/acordos-internacionais/2025/22025D1888.md
22025D1888	Artigo 3.º		521	523	26	ue/acordos-internacionais/2025/22025D1888.md
22025D1888	Artigo 4.º		525	539	167	ue/acordos-internacionais/2025/22025D1888.md
22025D1888	Artigo 5.º		541	551	333	ue/acordos-internacionais/2025/22025D1888.md
22025D1888	Artigo 6.º		553	567	453	ue/acordos-internacionais/2025/22025D1888.md
22025D1888	Artigo 7.º		569	585	287	ue/acordos-internacionais/2025/22025D1888.md
22025D1888	Artigo 8.º		587	601	294	ue/acordos-internacionais/2025/22025D1888.md
22025D1888	Artigo 9.º		603	613	69	ue/acordos-internacionais/2025/22025D1888.md
22025D1888	Apêndice 1		615	639	196	ue/acordos-internacionais/2025/22025D1888.md
22025D1888	Apêndice 2	Instruções	641	667	776	ue/acordos-internacionais/2025/22025D1888.md
22025D1888	ANEXO V	SISTEMA DE GARANTIA DA LEGALIDADE DO GANA (SGL)	669	1170	22468	ue/acordos-internacionais/2025/22025D1888.md
22025D1961	Preâmbulo		18	36	709	ue/acordos-internacionais/2025/22025D1961.md
22025D1961	Artigo 1.º		40	42	68	ue/acordos-internacionais/2025/22025D1961.md
22025D1961	Artigo 2.º		44	46	152	ue/acordos-internacionais/2025/22025D1961.md
22025D1961	Artigo 3.º		48	50	81	ue/acordos-internacionais/2025/22025D1961.md
22025D1961	Artigo 4.º		52	76	475	ue/acordos-internacionais/2025/22025D1961.md
22025D1961	ANEXO		78	114	1166	ue/acordos-internacionais/2025/22025D1961.md
22025D1961	Artigo 1.º	ELIMINAÇÃO DOS DIREITOS ADUANEIROS	84	86	146	ue/acordos-internacionais/2025/22025D1961.md
22025D1961	Artigo 2.º	NORMAS DE PRODUÇÃO	88	106	680	ue/acordos-internacionais/2025/22025D1961.md
22025D1961	Artigo 3.º	MEDIDAS DE SALVAGUARDA	108	114	310	ue/acordos-internacionais/2025/22025D1961.md
22025D1961	Apêndice A		116	260	6564	ue/acordos-internacionais/2025/22025D1961.md
22025D1961	Apêndice B	LISTA DE NORMAS DE PRODUÇÃO	262	278	912	ue/acordos-internacionais/2025/22025D1961.md
22025D1990	Preâmbulo		18	36	542	ue/acordos-internacionais/2025/22025D1990.md
22025D1990	Artigo 1.º		40	42	20	ue/acordos-internacionais/2025/22025D1990.md
22025D1990	Artigo 2.º		44	46	105	ue/acordos-internacionais/2025/22025D1990.md
22025D1990	Artigo 3.º		48	64	77	ue/acordos-internacionais/2025/22025D1990.md
22025D1990	ANEXO	«ANEXO I	66	159	1684	ue/acordos-internacionais/2025/22025D1990.md
22025D2020	Preâmbulo		18	46	1279	ue/acordos-internacionais/2025/22025D2020.md
22025D2020	Artigo 1.º		50	52	104	ue/acordos-internacionais/2025/22025D2020.md
22025D2020	Artigo 2.º		54	70	464	ue/acordos-internacionais/2025/22025D2020.md
22025D2020	Artigo 3.º		72	98	876	ue/acordos-internacionais/2025/22025D2020.md
22025D2020	Artigo 4.º		100	120	851	ue/acordos-internacionais/2025/22025D2020.md
22025D2020	Artigo 5.º		122	124	126	ue/acordos-internacionais/2025/22025D2020.md
22025D2020	Artigo 6.º		126	130	182	ue/acordos-internacionais/2025/22025D2020.md
22025D2020	Artigo 7.º		132	150	626	ue/acordos-internacionais/2025/22025D2020.md
22025D2020	Artigo 8.º		152	154	214	ue/acordos-internacionais/2025/22025D2020.md
22025D2020	Artigo 9.º		156	158	74	ue/acordos-internacionais/2025/22025D2020.md
22025D2020	Artigo 10.º		160	162	82	ue/acordos-internacionais/2025/22025D2020.md
22025D2020	Artigo 11.º		164	190	668	ue/acordos-internacionais/2025/22025D2020.md
22025D2020	ANEXO		192	368	3192	ue/acordos-internacionais/2025/22025D2020.md
22025D2098	Preâmbulo		18	34	451	ue/acordos-internacionais/2025/22025D2098.md
22025D2098	Artigo 1.º		38	52	152	ue/acordos-internacionais/2025/22025D2098.md
22025D2098	Artigo 2.º		54	56	52	ue/acordos-internacionais/2025/22025D2098.md
22025D2098	Artigo 3.º		58	60	46	ue/acordos-internacionais/2025/22025D2098.md
22025D2098	Artigo 4.º		62	82	136	ue/acordos-internacionais/2025/22025D2098.md
22025D2099	Preâmbulo		18	54	1093	ue/acordos-internacionais/2025/22025D2099.md
22025D2099	Artigo 1.º		58	83	872	ue/acordos-internacionais/2025/22025D2099.md
22025D2099	Artigo 2.º		85	87	81	ue/acordos-internacionais/2025/22025D2099.md
22025D2099	Artigo 3.º		89	91	46	ue/acordos-internacionais/2025/22025D2099.md
22025D2099	Artigo 4.º		93	133	316	ue/acordos-internacionais/2025/22025D2099.md
22025D2100	Preâmbulo		18	34	323	ue/acordos-internacionais/2025/22025D2100.md
22025D2100	Artigo 1.º		38	51	203	ue/acordos-internacionais/2025/22025D2100.md
22025D2100	Artigo 2.º		53	55	52	ue/acordos-internacionais/2025/22025D2100.md
22025D2100	Artigo 3.º		57	59	46	ue/acordos-internacionais/2025/22025D2100.md
22025D2100	Artigo 4.º		61	81	136	ue/acordos-internacionais/2025/22025D2100.md
22025D2101	Preâmbulo		18	34	332	ue/acordos-internacionais/2025/22025D2101.md
22025D2101	Artigo 1.º		38	52	268	ue/acordos-internacionais/2025/22025D2101.md
22025D2101	Artigo 2.º		54	56	52	ue/acordos-internacionais/2025/22025D2101.md
22025D2101	Artigo 3.º		58	60	46	ue/acordos-internacionais/2025/22025D2101.md
22025D2101	Artigo 4.º		62	82	136	ue/acordos-internacionais/2025/22025D2101.md
22025D2102	Preâmbulo		18	32	302	ue/acordos-internacionais/2025/22025D2102.md
22025D2102	Artigo 1.º		36	41	74	ue/acordos-internacionais/2025/22025D2102.md
22025D2102	Artigo 2.º		43	48	75	ue/acordos-internacionais/2025/22025D2102.md
22025D2102	Artigo 3.º		50	52	44	ue/acordos-internacionais/2025/22025D2102.md
22025D2102	Artigo 4.º		54	56	46	ue/acordos-internacionais/2025/22025D2102.md
22025D2102	Artigo 5.º		58	76	113	ue/acordos-internacionais/2025/22025D2102.md
22025D2103	Preâmbulo		18	32	322	ue/acordos-internacionais/2025/22025D2103.md
22025D2103	Artigo 1.º		36	41	73	ue/acordos-internacionais/2025/22025D2103.md
22025D2103	Artigo 2.º		43	48	74	ue/acordos-internacionais/2025/22025D2103.md
22025D2103	Artigo 3.º		50	52	44	ue/acordos-internacionais/2025/22025D2103.md
22025D2103	Artigo 4.º		54	56	46	ue/acordos-internacionais/2025/22025D2103.md
22025D2103	Artigo 5.º		58	76	113	ue/acordos-internacionais/2025/22025D2103.md
22025D2105	Preâmbulo		18	32	259	ue/acordos-internacionais/2025/22025D2105.md
22025D2105	Artigo 1.º		36	41	74	ue/acordos-internacionais/2025/22025D2105.md
22025D2105	Artigo 2.º		43	45	47	ue/acordos-internacionais/2025/22025D2105.md
22025D2105	Artigo 3.º		47	49	46	ue/acordos-internacionais/2025/22025D2105.md
22025D2105	Artigo 4.º		51	69	114	ue/acordos-internacionais/2025/22025D2105.md
22025D2106	Preâmbulo		18	32	229	ue/acordos-internacionais/2025/22025D2106.md
22025D2106	Artigo 1.º		36	49	204	ue/acordos-internacionais/2025/22025D2106.md
22025D2106	Artigo 2.º		51	53	51	ue/acordos-internacionais/2025/22025D2106.md
22025D2106	Artigo 3.º		55	57	46	ue/acordos-internacionais/2025/22025D2106.md
22025D2106	Artigo 4.º		59	79	111	ue/acordos-internacionais/2025/22025D2106.md
22025D2108	Preâmbulo		18	30	182	ue/acordos-internacionais/2025/22025D2108.md
22025D2108	Artigo 1.º		34	39	97	ue/acordos-internacionais/2025/22025D2108.md
22025D2108	Artigo 2.º		41	43	44	ue/acordos-internacionais/2025/22025D2108.md
22025D2108	Artigo 3.º		45	47	46	ue/acordos-internacionais/2025/22025D2108.md
22025D2108	Artigo 4.º		49	67	112	ue/acordos-internacionais/2025/22025D2108.md
22025D2109	Preâmbulo		18	30	205	ue/acordos-internacionais/2025/22025D2109.md
22025D2109	Artigo 1.º		34	46	368	ue/acordos-internacionais/2025/22025D2109.md
22025D2109	Artigo 2.º		48	50	47	ue/acordos-internacionais/2025/22025D2109.md
22025D2109	Artigo 3.º		52	54	46	ue/acordos-internacionais/2025/22025D2109.md
22025D2109	Artigo 4.º		56	74	115	ue/acordos-internacionais/2025/22025D2109.md
22025D2112	Preâmbulo		18	38	592	ue/acordos-internacionais/2025/22025D2112.md
22025D2112	Artigo 1.º		42	55	560	ue/acordos-internacionais/2025/22025D2112.md
22025D2112	Artigo 2.º		57	59	69	ue/acordos-internacionais/2025/22025D2112.md
22025D2112	Artigo 3.º		61	63	46	ue/acordos-internacionais/2025/22025D2112.md
22025D2112	Artigo 4.º		65	91	200	ue/acordos-internacionais/2025/22025D2112.md
22025D2113	Preâmbulo		18	34	420	ue/acordos-internacionais/2025/22025D2113.md
22025D2113	Artigo 1.º		38	47	388	ue/acordos-internacionais/2025/22025D2113.md
22025D2113	Artigo 2.º		49	51	55	ue/acordos-internacionais/2025/22025D2113.md
22025D2113	Artigo 3.º		53	55	46	ue/acordos-internacionais/2025/22025D2113.md
22025D2113	Artigo 4.º		57	79	157	ue/acordos-internacionais/2025/22025D2113.md
22025D2115	Preâmbulo		18	30	163	ue/acordos-internacionais/2025/22025D2115.md
22025D2115	Artigo 1.º		34	39	70	ue/acordos-internacionais/2025/22025D2115.md
22025D2115	Artigo 2.º		41	43	47	ue/acordos-internacionais/2025/22025D2115.md
22025D2115	Artigo 3.º		45	47	46	ue/acordos-internacionais/2025/22025D2115.md
22025D2115	Artigo 4.º		49	67	114	ue/acordos-internacionais/2025/22025D2115.md
22025D2117	Preâmbulo		18	32	260	ue/acordos-internacionais/2025/22025D2117.md
22025D2117	Artigo 1.º		36	48	201	ue/acordos-internacionais/2025/22025D2117.md
22025D2117	Artigo 2.º		50	52	58	ue/acordos-internacionais/2025/22025D2117.md
22025D2117	Artigo 3.º		54	56	46	ue/acordos-internacionais/2025/22025D2117.md
22025D2117	Artigo 4.º		58	78	136	ue/acordos-internacionais/2025/22025D2117.md
22025D2130	Preâmbulo		18	36	751	ue/acordos-internacionais/2025/22025D2130.md
22025D2130	Artigo 1.º		40	42	66	ue/acordos-internacionais/2025/22025D2130.md
22025D2130	Artigo 2.º		44	46	42	ue/acordos-internacionais/2025/22025D2130.md
22025D2130	Artigo 3.º		48	50	128	ue/acordos-internacionais/2025/22025D2130.md
22025D2130	Artigo 4.º		52	54	84	ue/acordos-internacionais/2025/22025D2130.md
22025D2130	Artigo 5.º		56	82	454	ue/acordos-internacionais/2025/22025D2130.md
22025D2130	ANEXO		84	1582	38959	ue/acordos-internacionais/2025/22025D2130.md
22025D2130	Artigo 1.º	Eliminação dos direitos aduaneiros	90	92	140	ue/acordos-internacionais/2025/22025D2130.md
22025D2130	Artigo 2.º	Normas de produção	94	112	742	ue/acordos-internacionais/2025/22025D2130.md
22025D2130	Artigo 3.º	Medidas de salvaguarda	114	1582	38048	ue/acordos-internacionais/2025/22025D2130.md
22025D2201	Preâmbulo		18	54	574	ue/acordos-internacionais/2025/22025D2201.md
22025D2201	Artigo 1.º		58	60	38	ue/acordos-internacionais/2025/22025D2201.md
22025D2201	Artigo 2.º		62	74	138	ue/acordos-internacionais/2025/22025D2201.md
22025D2201	ANEXO		76	385	7031	ue/acordos-internacionais/2025/22025D2201.md
22025D2201	Artigo 1.º		369	371	32	ue/acordos-internacionais/2025/22025D2201.md
22025D2201	Artigo 2.º		373	385	141	ue/acordos-internacionais/2025/22025D2201.md
22025D2201	ANEXO		387	606	6256	ue/acordos-internacionais/2025/22025D2201.md
22025D2252	Preâmbulo		18	38	429	ue/acordos-internacionais/2025/22025D2252.md
22025D2252	Artigo 1.º	Recondução do Acordo	42	44	49	ue/acordos-internacionais/2025/22025D2252.md
22025D2252	Artigo 2.º	Entrada em vigor	46	64	99	ue/acordos-internacionais/2025/22025D2252.md
22025D2255	Preâmbulo		18	36	297	ue/acordos-internacionais/2025/22025D2255.md
22025D2255	Artigo 1.º		40	42	32	ue/acordos-internacionais/2025/22025D2255.md
22025D2255	Artigo 2.º		44	56	141	ue/acordos-internacionais/2025/22025D2255.md
22025D2255	ANEXO		58	277	6256	ue/acordos-internacionais/2025/22025D2255.md
22025D2329	Preâmbulo		18	40	874	ue/acordos-internacionais/2025/22025D2329.md
22025D2329	Artigo 1.º	Objetivo	44	46	54	ue/acordos-internacionais/2025/22025D2329.md
22025D2329	Artigo 2.º	Âmbito	48	54	83	ue/acordos-internacionais/2025/22025D2329.md
22025D2329	Artigo 3.º	Montante e modalidades da contribuição financeira do Reino Unido	56	68	358	ue/acordos-internacionais/2025/22025D2329.md
22025D2329	Artigo 4.º	Alteração da Decisão n.º 1/2022 do Comité Especializado dos Transportes Rodoviários	70	76	260	ue/acordos-internacionais/2025/22025D2329.md
22025D2329	Artigo 5.º	Alterações substanciais dos custos operacionais e de manutenção	78	80	107	ue/acordos-internacionais/2025/22025D2329.md
22025D2329	Artigo 6.º	Entrada em vigor e aplicação	82	106	450	ue/acordos-internacionais/2025/22025D2329.md
22025D2330	Preâmbulo		18	34	787	ue/acordos-internacionais/2025/22025D2330.md
22025D2330	Artigo 1.º	Categorias, tipos e graus de gravidade das infrações graves	38	40	128	ue/acordos-internacionais/2025/22025D2330.md
22025D2330	Artigo 2.º	Entrada em vigor e aplicação	42	58	103	ue/acordos-internacionais/2025/22025D2330.md
22025D2330	ANEXO I		60	299	7093	ue/acordos-internacionais/2025/22025D2330.md
22025D2330	ANEXO II		301	321	401	ue/acordos-internacionais/2025/22025D2330.md
22025D2331	Preâmbulo		18	38	903	ue/acordos-internacionais/2025/22025D2331.md
22025D2331	Artigo 1.º	Objetivo	42	44	61	ue/acordos-internacionais/2025/22025D2331.md
22025D2331	Artigo 2.º	Dados contidos nos registos eletrónicos nacionais das empresas de transporte rodoviário e condições de acesso a esses dados	46	80	984	ue/acordos-internacionais/2025/22025D2331.md
22025D2331	Artigo 3.º	Requisitos mínimos relativos aos dados a incluir no registo eletrónico nacional das empresas de transporte rodoviário	82	98	587	ue/acordos-internacionais/2025/22025D2331.md
22025D2331	Artigo 4.º	Modalidades de intercâmbio de informações referido no anexo 31, parte A, secção 1, artigo 14.º, n.ºs 3 e 4, do Acordo de Comércio e Cooperação	100	108	296	ue/acordos-internacionais/2025/22025D2331.md
22025D2331	Artigo 5.º	Adaptações das especificações técnicas do REETR	110	150	1615	ue/acordos-internacionais/2025/22025D2331.md
22025D2331	Artigo 6.º	Montante e modalidades da contribuição financeira do Reino Unido	152	154	71	ue/acordos-internacionais/2025/22025D2331.md
22025D2331	Artigo 7.º	Suspensão da ligação do Reino Unido ao REETR	156	158	54	ue/acordos-internacionais/2025/22025D2331.md
22025D2331	Artigo 8.º	Entrada em vigor e aplicação	160	198	794	ue/acordos-internacionais/2025/22025D2331.md
22025D2348	Preâmbulo		18	24	60	ue/acordos-internacionais/2025/22025D2348.md
22025D2348	Artigo único		28	42	72	ue/acordos-internacionais/2025/22025D2348.md
22025D2348	ANEXO		44	1003	20272	ue/acordos-internacionais/2025/22025D2348.md
22025D2348	ANEXO A		1005	1011	143	ue/acordos-internacionais/2025/22025D2348.md
22025D2348	Artigo 1.º		1015	1017	72	ue/acordos-internacionais/2025/22025D2348.md
22025D2348	Artigo 2.º		1019	1021	14	ue/acordos-internacionais/2025/22025D2348.md
22025D2348	Artigo 3.º		1023	1029	180	ue/acordos-internacionais/2025/22025D2348.md
22025D2348	Artigo 4.º		1031	1035	130	ue/acordos-internacionais/2025/22025D2348.md
22025D2348	Artigo 5.º		1039	1043	87	ue/acordos-internacionais/2025/22025D2348.md
22025D2348	Artigo 6.º		1045	1049	164	ue/acordos-internacionais/2025/22025D2348.md
22025D2348	Artigo 7.º		1053	1061	158	ue/acordos-internacionais/2025/22025D2348.md
22025D2348	Artigo 8.º		1063	1065	41	ue/acordos-internacionais/2025/22025D2348.md
22025D2348	Artigo 9.º		1067	1077	155	ue/acordos-internacionais/2025/22025D2348.md
22025D2348	Artigo 10.º		1081	1085	102	ue/acordos-internacionais/2025/22025D2348.md
22025D2348	Artigo 11.º		1089	1101	432	ue/acordos-internacionais/2025/22025D2348.md
22025D2348	Artigo 12.º		1103	1107	141	ue/acordos-internacionais/2025/22025D2348.md
22025D2348	Artigo 13.º		1109	1115	382	ue/acordos-internacionais/2025/22025D2348.md
22025D2348	Artigo 14.º		1117	1119	70	ue/acordos-internacionais/2025/22025D2348.md
22025D2348	Artigo 15.º		1121	1125	131	ue/acordos-internacionais/2025/22025D2348.md
22025D2348	Artigo 16.º		1129	1131	50	ue/acordos-internacionais/2025/22025D2348.md
22025D2348	Artigo 17.º		1135	1139	83	ue/acordos-internacionais/2025/22025D2348.md
22025D2348	Artigo 18.º		1141	1143	42	ue/acordos-internacionais/2025/22025D2348.md
22025D2348	Artigo 19.º		1145	1147	46	ue/acordos-internacionais/2025/22025D2348.md
22025D2348	Artigo 20.º		1149	1151	92	ue/acordos-internacionais/2025/22025D2348.md
22025D2348	Artigo 21.º		1153	1157	192	ue/acordos-internacionais/2025/22025D2348.md
22025D2348	Artigo 22.º		1159	1163	176	ue/acordos-internacionais/2025/22025D2348.md
22025D2348	Apêndice	MODALIDADES DE APLICAÇÃO NA SUÍÇA DO PROTOCOLO RELATIVO AOS PRIVILÉGIOS E IMUNIDADES DA UNIÃO EUROPEIA	1165	1189	921	ue/acordos-internacionais/2025/22025D2348.md
22025D2348	ANEXO B	CONTROLO FINANCEIRO RELATIVO AOS PARTICIPANTES SUÍÇOS NAS ATIVIDADES DA AGÊNCIA EUROPEIA PARA A SEGURANÇA DA AVIAÇÃO	1191	1249	1842	ue/acordos-internacionais/2025/22025D2348.md
22025D2348	Artigo 1.º	Comunicação direta	1193	1195	168	ue/acordos-internacionais/2025/22025D2348.md
22025D2348	Artigo 2.º	Controlos	1197	1207	507	ue/acordos-internacionais/2025/22025D2348.md
22025D2348	Artigo 3.º	Inspeções no local	1209	1219	462	ue/acordos-internacionais/2025/22025D2348.md
22025D2348	Artigo 4.º	Informação e consulta	1221	1225	142	ue/acordos-internacionais/2025/22025D2348.md
22025D2348	Artigo 5.º	Confidencialidade	1227	1229	164	ue/acordos-internacionais/2025/22025D2348.md
22025D2348	Artigo 6.º	Medidas e sanções administrativas	1231	1233	129	ue/acordos-internacionais/2025/22025D2348.md
22025D2348	Artigo 7.º	Reembolsos e execução	1235	1249	236	ue/acordos-internacionais/2025/22025D2348.md
22025D2352	Preâmbulo		18	40	542	ue/acordos-internacionais/2025/22025D2352.md
22025D2352	Artigo 1.º	Recondução do Acordo	44	48	113	ue/acordos-internacionais/2025/22025D2352.md
22025D2352	Artigo 2.º	Entrada em vigor	50	66	100	ue/acordos-internacionais/2025/22025D2352.md
22025D2352	Apêndice	Decisão n.º 3/2025 do Comité Misto	68	98	662	ue/acordos-internacionais/2025/22025D2352.md
22025D2510	Preâmbulo		18	24	52	ue/acordos-internacionais/2025/22025D2510.md
22025D2510	Artigo único		28	46	124	ue/acordos-internacionais/2025/22025D2510.md
22025D2510	ANEXO	«ANEXO III	48	648	10961	ue/acordos-internacionais/2025/22025D2510.md
22025D2632	Preâmbulo		18	32	178	ue/acordos-internacionais/2025/22025D2632.md
22025D2632	Artigo 1.º		36	38	43	ue/acordos-internacionais/2025/22025D2632.md
22025D2632	Artigo 2.º		40	56	88	ue/acordos-internacionais/2025/22025D2632.md
22025D2633	Preâmbulo		18	32	190	ue/acordos-internacionais/2025/22025D2633.md
22025D2633	Artigo 1.º		36	38	45	ue/acordos-internacionais/2025/22025D2633.md
22025D2633	Artigo 2.º		40	56	73	ue/acordos-internacionais/2025/22025D2633.md
22025D2634	Preâmbulo		18	32	206	ue/acordos-internacionais/2025/22025D2634.md
22025D2634	Artigo 1.º		36	38	55	ue/acordos-internacionais/2025/22025D2634.md
22025D2634	Artigo 2.º		40	56	88	ue/acordos-internacionais/2025/22025D2634.md
22025D2636	Preâmbulo		18	32	196	ue/acordos-internacionais/2025/22025D2636.md
22025D2636	Artigo 1.º		36	38	52	ue/acordos-internacionais/2025/22025D2636.md
22025D2636	Artigo 2.º		40	56	88	ue/acordos-internacionais/2025/22025D2636.md
22025D2664	Preâmbulo		18	48	858	ue/acordos-internacionais/2025/22025D2664.md
22025D2664	Artigo 1.º		52	54	129	ue/acordos-internacionais/2025/22025D2664.md
22025D2664	Artigo 1.º	Regras de origem aplicáveis	58	62	131	ue/acordos-internacionais/2025/22025D2664.md
22025D2664	Artigo 2.º	Regras de origem alternativas aplicáveis	64	68	160	ue/acordos-internacionais/2025/22025D2664.md
22025D2664	Artigo 3.º	Regras de origem sujeitas a contingentes para certos produtos	70	74	187	ue/acordos-internacionais/2025/22025D2664.md
22025D2664	Artigo 4.º	Prova de origem	76	80	79	ue/acordos-internacionais/2025/22025D2664.md
22025D2664	Artigo 5.º	Alterações ao Protocolo	84	86	32	ue/acordos-internacionais/2025/22025D2664.md
22025D2664	Artigo 6.º	Resolução de litígios	88	92	136	ue/acordos-internacionais/2025/22025D2664.md
22025D2664	Artigo 7.º	Denúncia da Convenção	94	98	217	ue/acordos-internacionais/2025/22025D2664.md
22025D2664	Apêndice A	REGRAS DE ORIGEM ALTERNATIVAS APLICÁVEIS	100	278	1088	ue/acordos-internacionais/2025/22025D2664.md
22025D2664	Artigo 1.º	Definições	282	322	1108	ue/acordos-internacionais/2025/22025D2664.md
22025D2664	Artigo 2.º	Requisitos gerais	326	332	133	ue/acordos-internacionais/2025/22025D2664.md
22025D2664	Artigo 3.º	Produtos inteiramente obtidos	334	382	657	ue/acordos-internacionais/2025/22025D2664.md
22025D2664	Artigo 4.º	Operações de complemento de fabrico ou de transformação suficientes	384	398	639	ue/acordos-internacionais/2025/22025D2664.md
22025D2664	Artigo 5.º	Regra relativa à tolerância	400	412	352	ue/acordos-internacionais/2025/22025D2664.md
22025D2664	Artigo 6.º	Operações de complemento de fabrico ou de transformação insuficientes	414	454	567	ue/acordos-internacionais/2025/22025D2664.md
22025D2664	Artigo 7.º	Acumulação da origem	456	472	799	ue/acordos-internacionais/2025/22025D2664.md
22025D2664	Artigo 8.º	Condições para a aplicação da acumulação da origem	474	496	642	ue/acordos-internacionais/2025/22025D2664.md
22025D2664	Artigo 9.º	Unidade de qualificação	498	508	309	ue/acordos-internacionais/2025/22025D2664.md
22025D2664	Artigo 10.º	Sortidos	510	514	105	ue/acordos-internacionais/2025/22025D2664.md
22025D2664	Artigo 11.º	Elementos neutros	516	526	93	ue/acordos-internacionais/2025/22025D2664.md
22025D2664	Artigo 12.º	Separação de contas	528	540	448	ue/acordos-internacionais/2025/22025D2664.md
22025D2664	Artigo 13.º	Princípio da territorialidade	544	570	760	ue/acordos-internacionais/2025/22025D2664.md
22025D2664	Artigo 14.º	Não alteração	572	588	490	ue/acordos-internacionais/2025/22025D2664.md
22025D2664	Artigo 15.º	Exposições	590	604	397	ue/acordos-internacionais/2025/22025D2664.md
22025D2664	Artigo 16.º	Draubaque ou isenção de direitos aduaneiros	608	618	443	ue/acordos-internacionais/2025/22025D2664.md
22025D2664	Artigo 17.º	Requisitos gerais	622	638	590	ue/acordos-internacionais/2025/22025D2664.md
22025D2664	Artigo 18.º	Condições para efetuar uma declaração de origem	640	658	587	ue/acordos-internacionais/2025/22025D2664.md
22025D2664	Artigo 19.º	Exportador autorizado	660	668	245	ue/acordos-internacionais/2025/22025D2664.md
22025D2664	Artigo 20.º	Procedimento para a emissão do certificado de circulação de mercadorias EUR.1	670	686	725	ue/acordos-internacionais/2025/22025D2664.md
22025D2664	Artigo 21.º	Emissão a posteriori de certificados de circulação de mercadorias EUR.1	688	708	580	ue/acordos-internacionais/2025/22025D2664.md
22025D2664	Artigo 22.º	Emissão de uma segunda via do certificado de circulação de mercadorias EUR.1	710	718	194	ue/acordos-internacionais/2025/22025D2664.md
22025D2664	Artigo 23.º	Prazo de validade da prova de origem	720	726	184	ue/acordos-internacionais/2025/22025D2664.md
22025D2664	Artigo 24.º	Zonas francas	728	732	186	ue/acordos-internacionais/2025/22025D2664.md
22025D2664	Artigo 25.º	Requisitos de importação	734	736	46	ue/acordos-internacionais/2025/22025D2664.md
22025D2664	Artigo 26.º	Importação em remessas escalonadas	738	740	128	ue/acordos-internacionais/2025/22025D2664.md
22025D2664	Artigo 27.º	Isenções da prova de origem	742	754	260	ue/acordos-internacionais/2025/22025D2664.md
22025D2664	Artigo 28.º	Discrepâncias e erros formais	756	760	166	ue/acordos-internacionais/2025/22025D2664.md
22025D2664	Artigo 29.º	Declarações do fornecedor	762	774	868	ue/acordos-internacionais/2025/22025D2664.md
22025D2664	Artigo 30.º	Montantes expressos em euros	776	786	462	ue/acordos-internacionais/2025/22025D2664.md
22025D2664	Artigo 31.º	Provas documentais, conservação das provas de origem e documentos comprovativos	790	814	865	ue/acordos-internacionais/2025/22025D2664.md
22025D2664	Artigo 32.º	Resolução de litígios	816	820	137	ue/acordos-internacionais/2025/22025D2664.md
22025D2664	Artigo 33.º	Notificação e cooperação	824	828	205	ue/acordos-internacionais/2025/22025D2664.md
22025D2664	Artigo 34.º	Controlo das provas de origem	830	842	562	ue/acordos-internacionais/2025/22025D2664.md
22025D2664	Artigo 35.º	Controlo das declarações do fornecedor	844	854	542	ue/acordos-internacionais/2025/22025D2664.md
22025D2664	Artigo 36.º	Sanções	856	858	46	ue/acordos-internacionais/2025/22025D2664.md
22025D2664	Artigo 37.º	Espaço Económico Europeu	862	864	129	ue/acordos-internacionais/2025/22025D2664.md
22025D2664	Artigo 38.º	Listenstaine	866	868	51	ue/acordos-internacionais/2025/22025D2664.md
22025D2664	Artigo 39.º	República de São Marinho	870	872	64	ue/acordos-internacionais/2025/22025D2664.md
22025D2664	Artigo 40.º	Principado de Andorra	874	876	74	ue/acordos-internacionais/2025/22025D2664.md
22025D2664	Artigo 41.º	Ceuta e Melilha	878	884	242	ue/acordos-internacionais/2025/22025D2664.md
22025D2664	ANEXO I	Notas introdutórias da lista do anexo II	886	1007	5496	ue/acordos-internacionais/2025/22025D2664.md
22025D2664	ANEXO II	Lista das operações de complemento de fabrico ou de transformação a efetuar em matérias não originárias para que o produto transformado possa adquirir o caráter	1009	1283	19520	ue/acordos-internacionais/2025/22025D2664.md
22025D2664	ANEXO III	Texto da declaração de origem	1285	1455	2382	ue/acordos-internacionais/2025/22025D2664.md
22025D2664	ANEXO IV	Modelos do certificado de circulação de mercadorias EUR.1 e do pedido de certificado de circulação de mercadorias EUR.1	1457	1545	1567	ue/acordos-internacionais/2025/22025D2664.md
22025D2664	ANEXO V	Condições especiais aplicáveis aos produtos originários de Ceuta e de Melilha	1547	1577	529	ue/acordos-internacionais/2025/22025D2664.md
22025D2664	Artigo único		1549	1577	506	ue/acordos-internacionais/2025/22025D2664.md
22025D2664	ANEXO VI	Declaração do fornecedor	1579	1623	1194	ue/acordos-internacionais/2025/22025D2664.md
22025D2664	ANEXO VII	Declaração do fornecedor de longo prazo	1625	1684	1357	ue/acordos-internacionais/2025/22025D2664.md
22025D2664	Apêndice B	Regras de origem sujeitas a contingentes para certos produtos originários da União	1686	1764	1676	ue/acordos-internacionais/2025/22025D2664.md
22025D2664	Artigo 1.º	Disposições comuns	1688	1698	314	ue/acordos-internacionais/2025/22025D2664.md
22025D2664	Artigo 2.º	Lista de produtos e das operações de complemento de fabrico ou de transformação requeridas	1700	1716	667	ue/acordos-internacionais/2025/22025D2664.md
22025D2664	Artigo 2.º		1718	1764	669	ue/acordos-internacionais/2025/22025D2664.md
