celex	unidade	epigrafe	linha_ini	linha_fim	tokens	ficheiro
22026A00126	Preâmbulo		18	66	1349	ue/acordos-internacionais/2026/22026A00126.md
22026A00126	Artigo 1.º	Objetivo	72	74	160	ue/acordos-internacionais/2026/22026A00126.md
22026A00126	Artigo 2.º	Âmbito	76	90	270	ue/acordos-internacionais/2026/22026A00126.md
22026A00126	Artigo 3.º	Direito de regulamentar	92	94	109	ue/acordos-internacionais/2026/22026A00126.md
22026A00126	Artigo 4.º	Definições	96	152	1224	ue/acordos-internacionais/2026/22026A00126.md
22026A00126	Artigo 5.º	Fluxos transnacionais de dados	158	180	522	ue/acordos-internacionais/2026/22026A00126.md
22026A00126	Artigo 6.º	Proteção dos dados pessoais	182	210	789	ue/acordos-internacionais/2026/22026A00126.md
22026A00126	Artigo 7.º	Direitos aduaneiros	214	216	30	ue/acordos-internacionais/2026/22026A00126.md
22026A00126	Artigo 8.º	Não autorização prévia	218	222	134	ue/acordos-internacionais/2026/22026A00126.md
22026A00126	Artigo 9.º	Contratos eletrónicos	224	226	80	ue/acordos-internacionais/2026/22026A00126.md
22026A00126	Artigo 10.º	Autenticação eletrónica e assinaturas eletrónicas	228	242	429	ue/acordos-internacionais/2026/22026A00126.md
22026A00126	Artigo 11.º	Código-fonte	244	264	737	ue/acordos-internacionais/2026/22026A00126.md
22026A00126	Artigo 12.º	Proteção dos consumidores em linha	266	300	798	ue/acordos-internacionais/2026/22026A00126.md
22026A00126	Artigo 13.º	Mensagens comerciais eletrónicas não solicitadas	302	316	483	ue/acordos-internacionais/2026/22026A00126.md
22026A00126	Artigo 14.º	Cooperação sobre questões de comércio digital	318	336	308	ue/acordos-internacionais/2026/22026A00126.md
22026A00126	Artigo 15.º	Acesso e Utilização da Internet para o Comércio Digital	338	348	242	ue/acordos-internacionais/2026/22026A00126.md
22026A00126	Artigo 16.º	Dados abertos do setor público	350	382	690	ue/acordos-internacionais/2026/22026A00126.md
22026A00126	Artigo 17.º	Faturação Eletrónica	384	396	414	ue/acordos-internacionais/2026/22026A00126.md
22026A00126	Artigo 18.º	Operações Comerciais Desmaterializadas	398	410	470	ue/acordos-internacionais/2026/22026A00126.md
22026A00126	Artigo 19.º	Balcão único	412	416	329	ue/acordos-internacionais/2026/22026A00126.md
22026A00126	Artigo 20.º	Quadro das Transações Eletrónicas	418	428	202	ue/acordos-internacionais/2026/22026A00126.md
22026A00126	Artigo 21.º	Pagamentos Eletrónicos [^16]	430	448	598	ue/acordos-internacionais/2026/22026A00126.md
22026A00126	Artigo 22.º	Cibersegurança	450	460	346	ue/acordos-internacionais/2026/22026A00126.md
22026A00126	Artigo 23.º	Normas, regulamentos técnicos e procedimentos de avaliação da conformidade	462	478	762	ue/acordos-internacionais/2026/22026A00126.md
22026A00126	Artigo 24.º	Pequenas e médias empresas	480	486	163	ue/acordos-internacionais/2026/22026A00126.md
22026A00126	Artigo 25.º	Inclusão digital	488	504	400	ue/acordos-internacionais/2026/22026A00126.md
22026A00126	Artigo 26.º	Intercâmbio de informações	506	518	174	ue/acordos-internacionais/2026/22026A00126.md
22026A00126	Artigo 27.º	Participação das partes interessadas	520	526	177	ue/acordos-internacionais/2026/22026A00126.md
22026A00126	Artigo 28.º	Medidas prudenciais	532	542	236	ue/acordos-internacionais/2026/22026A00126.md
22026A00126	Artigo 29.º	Exceções gerais	544	546	45	ue/acordos-internacionais/2026/22026A00126.md
22026A00126	Artigo 30.º	Exceções por razões de segurança	548	550	45	ue/acordos-internacionais/2026/22026A00126.md
22026A00126	Artigo 31.º	Medidas de salvaguarda temporárias relativas à circulação de capitais e pagamentos	552	554	70	ue/acordos-internacionais/2026/22026A00126.md
22026A00126	Artigo 32.º	Fiscalidade	556	558	34	ue/acordos-internacionais/2026/22026A00126.md
22026A00126	Artigo 33.º	Resolução de litígios	562	564	66	ue/acordos-internacionais/2026/22026A00126.md
22026A00126	Artigo 34.º	Mecanismo de mediação	566	568	74	ue/acordos-internacionais/2026/22026A00126.md
22026A00126	Artigo 35.º	Transparência	570	582	293	ue/acordos-internacionais/2026/22026A00126.md
22026A00126	Artigo 36.º	Disposições institucionais	586	594	228	ue/acordos-internacionais/2026/22026A00126.md
22026A00126	Artigo 37.º	Divulgação de informações	598	602	196	ue/acordos-internacionais/2026/22026A00126.md
22026A00126	Artigo 38.º	Entrada em vigor	604	608	109	ue/acordos-internacionais/2026/22026A00126.md
22026A00126	Artigo 39.º	Duração	610	618	164	ue/acordos-internacionais/2026/22026A00126.md
22026A00126	Artigo 40.º	Cumprimento das obrigações	620	622	68	ue/acordos-internacionais/2026/22026A00126.md
22026A00126	Artigo 41.º	Relações com outros acordos	624	642	509	ue/acordos-internacionais/2026/22026A00126.md
22026A00126	Artigo 42.º	Ausência de efeito direto	644	646	71	ue/acordos-internacionais/2026/22026A00126.md
22026A00126	Artigo 43.º	Aplicação territorial	648	656	98	ue/acordos-internacionais/2026/22026A00126.md
22026A00126	Artigo 44.º	Textos que fazem fé	658	702	1150	ue/acordos-internacionais/2026/22026A00126.md
22026A00184	ANEXO 2-A		9502	9504	12	ue/acordos-internacionais/2026/22026A00184.md
22026A00184	ANEXO 2-B		12946	12948	9	ue/acordos-internacionais/2026/22026A00184.md
22026A00184	ANEXO 2-C		15014	15032	98	ue/acordos-internacionais/2026/22026A00184.md
22026A00184	ANEXO 2-D		15034	15036	18	ue/acordos-internacionais/2026/22026A00184.md
22026A00184	ANEXO 3-A		230866	231314	4742	ue/acordos-internacionais/2026/22026A00184.md
22026A00184	ANEXO 3-B		231316	231326	48	ue/acordos-internacionais/2026/22026A00184.md
22026A00184	ANEXO 3-C		235262	235374	1643	ue/acordos-internacionais/2026/22026A00184.md
22026A00184	ANEXO 3-D		235376	235390	222	ue/acordos-internacionais/2026/22026A00184.md
22026A00184	ANEXO 3-E		235392	235396	106	ue/acordos-internacionais/2026/22026A00184.md
22026A00184	ANEXO 3-F		235398	235436	364	ue/acordos-internacionais/2026/22026A00184.md
22026A00184	ANEXO 4-A		235438	235720	4136	ue/acordos-internacionais/2026/22026A00184.md
22026A00184	ANEXO 5-A		235722	235722	3	ue/acordos-internacionais/2026/22026A00184.md
22026A00184	ANEXO 5-B		235854	235856	16	ue/acordos-internacionais/2026/22026A00184.md
22026A00184	ANEXO 6-A		236456	236522	715	ue/acordos-internacionais/2026/22026A00184.md
22026A00184	ANEXO 9-A		236524	236526	28	ue/acordos-internacionais/2026/22026A00184.md
22026A00184	ANEXO 10-A		236858	239140	19980	ue/acordos-internacionais/2026/22026A00184.md
22026A00184	ANEXO 10-B		239142	241502	29148	ue/acordos-internacionais/2026/22026A00184.md
22026A00184	ANEXO 10-C		241504	242778	12560	ue/acordos-internacionais/2026/22026A00184.md
22026A00184	ANEXO 10-D		242780	243632	7096	ue/acordos-internacionais/2026/22026A00184.md
22026A00184	ANEXO 10-E		243634	255130	52300	ue/acordos-internacionais/2026/22026A00184.md
22026A00184	ANEXO 12-A		255132	261642	34754	ue/acordos-internacionais/2026/22026A00184.md
22026A00184	ANEXO 12-B		261644	262550	6582	ue/acordos-internacionais/2026/22026A00184.md
22026A00184	ANEXO 12-C		262552	264084	7662	ue/acordos-internacionais/2026/22026A00184.md
22026A00184	ANEXO 12-D		264086	264974	5469	ue/acordos-internacionais/2026/22026A00184.md
22026A00184	ANEXO 12-E		264976	265344	2202	ue/acordos-internacionais/2026/22026A00184.md
22026A00184	ANEXO 12-F		265346	265980	2358	ue/acordos-internacionais/2026/22026A00184.md
22026A00184	ANEXO 12-G		265982	266022	297	ue/acordos-internacionais/2026/22026A00184.md
22026A00184	ANEXO 12-H		266024	266046	229	ue/acordos-internacionais/2026/22026A00184.md
22026A00184	ANEXO 12-I		266048	266070	145	ue/acordos-internacionais/2026/22026A00184.md
22026A00184	ANEXO 12-J		266072	266094	150	ue/acordos-internacionais/2026/22026A00184.md
22026A00184	ANEXO 12-K		266096	266112	92	ue/acordos-internacionais/2026/22026A00184.md
22026A00184	ANEXO 12-L		266114	266138	269	ue/acordos-internacionais/2026/22026A00184.md
22026A00184	ANEXO 12-M		266140	266232	1019	ue/acordos-internacionais/2026/22026A00184.md
22026A00184	ANEXO 12-N		266234	266260	396	ue/acordos-internacionais/2026/22026A00184.md
22026A00184	ANEXO 12-O		266262	266310	438	ue/acordos-internacionais/2026/22026A00184.md
22026A00184	ANEXO 13-A		266312	266314	26	ue/acordos-internacionais/2026/22026A00184.md
22026A00184	ANEXO 13-B		266428	266430	17	ue/acordos-internacionais/2026/22026A00184.md
22026A00184	ANEXO 13-C		269928	270098	514	ue/acordos-internacionais/2026/22026A00184.md
22026A00184	ANEXO 13-D		270100	270228	422	ue/acordos-internacionais/2026/22026A00184.md
22026A00184	ANEXO 13-E		270230	272362	4863	ue/acordos-internacionais/2026/22026A00184.md
22026A00184	ANEXO 17-A		272364	272396	224	ue/acordos-internacionais/2026/22026A00184.md
22026A00184	ANEXO 18-A		272398	272506	1792	ue/acordos-internacionais/2026/22026A00184.md
22026A00184	ANEXO 21-A		272954	273406	6096	ue/acordos-internacionais/2026/22026A00184.md
22026A00184	ANEXO 21-B		273408	273532	1652	ue/acordos-internacionais/2026/22026A00184.md
22026A00184	ANEXO 21-C		273534	273668	2264	ue/acordos-internacionais/2026/22026A00184.md
22026A00445	Preâmbulo		18	42	507	ue/acordos-internacionais/2026/22026A00445.md
22026A00445	Artigo 1.º	Objetivo e âmbito de aplicação	48	50	117	ue/acordos-internacionais/2026/22026A00445.md
22026A00445	Artigo 2.º	Definições	52	78	774	ue/acordos-internacionais/2026/22026A00445.md
22026A00445	Artigo 3.º	Não incidência no direito nacional dos Estados-Membros e competência do Tribunal de Justiça da União Europeia	80	84	169	ue/acordos-internacionais/2026/22026A00445.md
22026A00445	Artigo 4.º	Disposições institucionais	86	114	527	ue/acordos-internacionais/2026/22026A00445.md
22026A00445	Artigo 5.º	Aplicação das condições de elegibilidade referidas no artigo 16.º do Instrumento SAFE a entidades jurídicas e a produtos canadianos	118	142	1749	ue/acordos-internacionais/2026/22026A00445.md
22026A00445	Artigo 6.º	Contribuição financeira	144	164	383	ue/acordos-internacionais/2026/22026A00445.md
22026A00445	Artigo 7.º	Medidas para reforçar a segurança do aprovisionamento de produtos de defesa contratados com o apoio do Instrumento SAFE	166	174	646	ue/acordos-internacionais/2026/22026A00445.md
22026A00445	Artigo 8.º	Medidas destinadas a reforçar a normalização dos sistemas de defesa e a melhorar a interoperabilidade entre as capacidades dos Estados-Membros e as do Canadá	176	178	148	ue/acordos-internacionais/2026/22026A00445.md
22026A00445	Artigo 9.º	Intercâmbio de informações classificadas	180	184	174	ue/acordos-internacionais/2026/22026A00445.md
22026A00445	Artigo 10.º	Verificações conjuntas	186	200	538	ue/acordos-internacionais/2026/22026A00445.md
22026A00445	Artigo 11.º	Âmbito de aplicação territorial	204	210	88	ue/acordos-internacionais/2026/22026A00445.md
22026A00445	Artigo 12.º	Anexo e notas de rodapé	212	214	29	ue/acordos-internacionais/2026/22026A00445.md
22026A00445	Artigo 13.º	Consultas e resolução de litígios	216	230	721	ue/acordos-internacionais/2026/22026A00445.md
22026A00445	Artigo 14.º	Suspensão e denúncia	232	258	866	ue/acordos-internacionais/2026/22026A00445.md
22026A00445	Artigo 15.º	Entrada em vigor e aplicação provisória	260	290	826	ue/acordos-internacionais/2026/22026A00445.md
22026A00445	ANEXO		292	332	952	ue/acordos-internacionais/2026/22026A00445.md
22026A00445	Artigo 1.º	Condições de pagamento	294	306	388	ue/acordos-internacionais/2026/22026A00445.md
22026A00445	Artigo 2.º	Revisão anual da contribuição de participação	308	332	562	ue/acordos-internacionais/2026/22026A00445.md
22026A00581	Preâmbulo		18	44	594	ue/acordos-internacionais/2026/22026A00581.md
22026A00581	Artigo 1.º	Decisões relacionadas com a participação	50	64	404	ue/acordos-internacionais/2026/22026A00581.md
22026A00581	Artigo 2.º	Enquadramento	66	70	120	ue/acordos-internacionais/2026/22026A00581.md
22026A00581	Artigo 3.º	Estatuto do pessoal e das forças da Suíça	72	86	703	ue/acordos-internacionais/2026/22026A00581.md
22026A00581	Artigo 4.º	Informações classificadas	88	90	235	ue/acordos-internacionais/2026/22026A00581.md
22026A00581	Artigo 5.º	Pessoal destacado para operações civis da UE no domínio da gestão de crises	94	112	340	ue/acordos-internacionais/2026/22026A00581.md
22026A00581	Artigo 6.º	Cadeia de comando	114	130	410	ue/acordos-internacionais/2026/22026A00581.md
22026A00581	Artigo 7.º	Aspetos financeiros	132	136	188	ue/acordos-internacionais/2026/22026A00581.md
22026A00581	Artigo 8.º	Contributo para o orçamento operacional	138	158	438	ue/acordos-internacionais/2026/22026A00581.md
22026A00581	Artigo 9.º	Participação em operações militares da UE no domínio da gestão de crises	162	178	272	ue/acordos-internacionais/2026/22026A00581.md
22026A00581	Artigo 10.º	Cadeia de comando	180	190	286	ue/acordos-internacionais/2026/22026A00581.md
22026A00581	Artigo 11.º	Aspetos financeiros	192	196	216	ue/acordos-internacionais/2026/22026A00581.md
22026A00581	Artigo 12.º	Contributo para as despesas comuns	198	218	447	ue/acordos-internacionais/2026/22026A00581.md
22026A00581	Artigo 13.º	Acordos de execução do Acordo	222	224	64	ue/acordos-internacionais/2026/22026A00581.md
22026A00581	Artigo 14.º	Autoridades competentes	226	234	117	ue/acordos-internacionais/2026/22026A00581.md
22026A00581	Artigo 15.º	Incumprimento	236	238	47	ue/acordos-internacionais/2026/22026A00581.md
22026A00581	Artigo 16.º	Resolução de litígios	240	242	42	ue/acordos-internacionais/2026/22026A00581.md
22026A00581	Artigo 17.º	Entrada em vigor, duração e denúncia	244	272	937	ue/acordos-internacionais/2026/22026A00581.md
22026A00757	Preâmbulo		18	138	3368	ue/acordos-internacionais/2026/22026A00757.md
22026A00757	Artigo 1.º	Definições	144	152	187	ue/acordos-internacionais/2026/22026A00757.md
22026A00757	Artigo 2.º	Entendimento comum sobre a interpretação e a continuação da inaplicabilidade do artigo 26.º do Tratado da Carta da Energia e sobre a falta de base jurídica para	154	168	642	ue/acordos-internacionais/2026/22026A00757.md
22026A00757	Artigo 3.º	Depositário	172	188	259	ue/acordos-internacionais/2026/22026A00757.md
22026A00757	Artigo 4.º	Reservas	190	192	23	ue/acordos-internacionais/2026/22026A00757.md
22026A00757	Artigo 5.º	Ratificação, aprovação ou aceitação	194	198	57	ue/acordos-internacionais/2026/22026A00757.md
22026A00757	Artigo 6.º	Entrada em vigor	200	204	116	ue/acordos-internacionais/2026/22026A00757.md
22026A00757	Artigo 7.º	Textos que fazem fé	206	250	572	ue/acordos-internacionais/2026/22026A00757.md
22026A00791	Preâmbulo		18	42	458	ue/acordos-internacionais/2026/22026A00791.md
22026A00791	Artigo 1.º	Grau de participação	46	50	272	ue/acordos-internacionais/2026/22026A00791.md
22026A00791	Artigo 2.º	Conselho de Administração	52	54	60	ue/acordos-internacionais/2026/22026A00791.md
22026A00791	Artigo 3.º	Comité de Acreditação de Segurança	56	58	136	ue/acordos-internacionais/2026/22026A00791.md
22026A00791	Artigo 4.º	Contribuição financeira	60	62	41	ue/acordos-internacionais/2026/22026A00791.md
22026A00791	Artigo 5.º	Proteção de dados	64	70	167	ue/acordos-internacionais/2026/22026A00791.md
22026A00791	Artigo 6.º	Estatuto jurídico	72	76	72	ue/acordos-internacionais/2026/22026A00791.md
22026A00791	Artigo 7.º	Responsabilidade	78	80	31	ue/acordos-internacionais/2026/22026A00791.md
22026A00791	Artigo 8.º	Tribunal de Justiça da União Europeia	82	84	53	ue/acordos-internacionais/2026/22026A00791.md
22026A00791	Artigo 9.º	Privilégios e imunidades	86	88	143	ue/acordos-internacionais/2026/22026A00791.md
22026A00791	Artigo 10.º	Agentes temporários e funcionários e peritos destacados	90	92	92	ue/acordos-internacionais/2026/22026A00791.md
22026A00791	Artigo 11.º	Prevenção da fraude	94	96	64	ue/acordos-internacionais/2026/22026A00791.md
22026A00791	Artigo 12.º	Comité	98	108	285	ue/acordos-internacionais/2026/22026A00791.md
22026A00791	Artigo 13.º	Resolução de litígios	110	112	45	ue/acordos-internacionais/2026/22026A00791.md
22026A00791	Artigo 14.º	Anexos	114	116	21	ue/acordos-internacionais/2026/22026A00791.md
22026A00791	Artigo 15.º	Entrada em vigor	118	150	750	ue/acordos-internacionais/2026/22026A00791.md
22026A00791	Artigo 16.º	Revisão	152	154	31	ue/acordos-internacionais/2026/22026A00791.md
22026A00791	Artigo 17.º	Denúncia e validade	156	178	614	ue/acordos-internacionais/2026/22026A00791.md
22026A00791	ANEXO I	CONTRIBUIÇÃO FINANCEIRA DA SUÍÇA PARA A AGÊNCIA DA UNIÃO EUROPEIA PARA O PROGRAMA ESPACIAL	180	210	694	ue/acordos-internacionais/2026/22026A00791.md
22026A00791	ANEXO II	PRIVILÉGIOS E IMUNIDADES	212	296	2176	ue/acordos-internacionais/2026/22026A00791.md
22026A00791	Artigo 1.º	[correspondente ao artigo 1.º do Protocolo (n.º 7)]	214	216	89	ue/acordos-internacionais/2026/22026A00791.md
22026A00791	Artigo 2.º	[correspondente ao artigo 2.º do Protocolo (n.º 7)]	218	220	28	ue/acordos-internacionais/2026/22026A00791.md
22026A00791	Artigo 3.º	[correspondente aos artigos 3.º e 4.º do Protocolo (n.º 7)]	222	232	311	ue/acordos-internacionais/2026/22026A00791.md
22026A00791	Artigo 4.º	[correspondente ao artigo 5.º do Protocolo (n.º 7)]	234	238	86	ue/acordos-internacionais/2026/22026A00791.md
22026A00791	Artigo 5.º	[correspondente ao artigo 6.º do Protocolo (n.º 7)]	240	242	169	ue/acordos-internacionais/2026/22026A00791.md
22026A00791	Artigo 6.º	[correspondente ao artigo 10.º do Protocolo (n.º 7)]	244	246	94	ue/acordos-internacionais/2026/22026A00791.md
22026A00791	Artigo 7.º	[correspondente ao artigo 11.º do Protocolo (n.º 7)]	248	260	432	ue/acordos-internacionais/2026/22026A00791.md
22026A00791	Artigo 8.º	[correspondente ao artigo 12.º do Protocolo (n.º 7)]	262	266	126	ue/acordos-internacionais/2026/22026A00791.md
22026A00791	Artigo 9.º	[correspondente ao artigo 13.º do Protocolo (n.º 7)]	268	274	369	ue/acordos-internacionais/2026/22026A00791.md
22026A00791	Artigo 10.º	[correspondente ao artigo 14.º do Protocolo (n.º 7)]	276	280	216	ue/acordos-internacionais/2026/22026A00791.md
22026A00791	Artigo 11.º	[correspondente ao artigo 15.º do Protocolo (n.º 7)]	282	286	96	ue/acordos-internacionais/2026/22026A00791.md
22026A00791	Artigo 12.º	[correspondente ao artigo 17.º do Protocolo (n.º 7)]	288	292	94	ue/acordos-internacionais/2026/22026A00791.md
22026A00791	Artigo 13.º	[correspondente ao artigo 18.º do Protocolo (n.º 7)]	294	296	56	ue/acordos-internacionais/2026/22026A00791.md
22026A00791	ANEXO III	CONTROLO FINANCEIRO EXERCIDO EM RELAÇÃO AOS PARTICIPANTES SUÍÇOS NAS ATIVIDADES DA AGÊNCIA	298	356	2058	ue/acordos-internacionais/2026/22026A00791.md
22026A00791	Artigo 1.º	Comunicação direta	300	302	170	ue/acordos-internacionais/2026/22026A00791.md
22026A00791	Artigo 2.º	Auditorias	304	314	410	ue/acordos-internacionais/2026/22026A00791.md
22026A00791	Artigo 3.º	Verificações no local	316	326	432	ue/acordos-internacionais/2026/22026A00791.md
22026A00791	Artigo 4.º	Informação e consulta	328	332	144	ue/acordos-internacionais/2026/22026A00791.md
22026A00791	Artigo 5.º	Confidencialidade	334	336	164	ue/acordos-internacionais/2026/22026A00791.md
22026A00791	Artigo 6.º	Medidas e sanções administrativas	338	340	78	ue/acordos-internacionais/2026/22026A00791.md
22026A00791	Artigo 7.º	Reembolsos e execução	342	356	633	ue/acordos-internacionais/2026/22026A00791.md
22026A00918	Preâmbulo		18	128	1810	ue/acordos-internacionais/2026/22026A00918.md
22026A00918	ARTIGO 1.º	Objetivos	134	138	142	ue/acordos-internacionais/2026/22026A00918.md
22026A00918	ARTIGO 2.º	Princípios gerais	140	152	391	ue/acordos-internacionais/2026/22026A00918.md
22026A00918	ARTIGO 3.º	Objetivos do diálogo político	156	170	272	ue/acordos-internacionais/2026/22026A00918.md
22026A00918	ARTIGO 4.º	Democracia e Estado de direito	172	184	256	ue/acordos-internacionais/2026/22026A00918.md
22026A00918	ARTIGO 5.º	Direitos humanos e liberdades fundamentais	186	202	412	ue/acordos-internacionais/2026/22026A00918.md
22026A00918	ARTIGO 6.º	Sociedade civil	204	214	225	ue/acordos-internacionais/2026/22026A00918.md
22026A00918	ARTIGO 7.º	Política externa e de segurança	216	220	324	ue/acordos-internacionais/2026/22026A00918.md
22026A00918	ARTIGO 8.º	Crimes graves de relevância para a comunidade internacional	222	228	204	ue/acordos-internacionais/2026/22026A00918.md
22026A00918	ARTIGO 9.º	Prevenção de conflitos e gestão de crises	230	232	47	ue/acordos-internacionais/2026/22026A00918.md
22026A00918	ARTIGO 10.º	Estabilidade regional e resolução pacífica de conflitos	234	238	238	ue/acordos-internacionais/2026/22026A00918.md
22026A00918	ARTIGO 11.º	Luta contra a proliferação de armas de destruição maciça	240	252	373	ue/acordos-internacionais/2026/22026A00918.md
22026A00918	ARTIGO 12.º	Armas ligeiras e de pequeno calibre e controlo da exportação de armas convencionais	254	262	462	ue/acordos-internacionais/2026/22026A00918.md
22026A00918	ARTIGO 13.º	Proteção de dados pessoais	266	274	360	ue/acordos-internacionais/2026/22026A00918.md
22026A00918	ARTIGO 14.º	Cooperação em matéria de migração, asilo e gestão das fronteiras	276	294	675	ue/acordos-internacionais/2026/22026A00918.md
22026A00918	ARTIGO 15.º	Readmissão e a luta contra a migração irregular	296	314	552	ue/acordos-internacionais/2026/22026A00918.md
22026A00918	ARTIGO 16.º	Luta contra o branqueamento de capitais e o financiamento do terrorismo	316	320	281	ue/acordos-internacionais/2026/22026A00918.md
22026A00918	ARTIGO 17.º	Drogas ilícitas	322	328	260	ue/acordos-internacionais/2026/22026A00918.md
22026A00918	ARTIGO 18.º	Luta contra o crime organizado e a corrupção	330	356	468	ue/acordos-internacionais/2026/22026A00918.md
22026A00918	ARTIGO 19.º	Luta contra o terrorismo	358	382	751	ue/acordos-internacionais/2026/22026A00918.md
22026A00918	ARTIGO 20.º	Cooperação judiciária	384	388	202	ue/acordos-internacionais/2026/22026A00918.md
22026A00918	ARTIGO 21.º	Proteção consular	390	392	110	ue/acordos-internacionais/2026/22026A00918.md
22026A00918	ARTIGO 22.º	Objetivos	398	414	347	ue/acordos-internacionais/2026/22026A00918.md
22026A00918	ARTIGO 23.º	Definições	416	468	772	ue/acordos-internacionais/2026/22026A00918.md
22026A00918	ARTIGO 24.º	Relação com outros acordos internacionais	470	474	98	ue/acordos-internacionais/2026/22026A00918.md
22026A00918	ARTIGO 25.º	Referências a disposições legislativas e regulamentares e a outros acordos	476	484	228	ue/acordos-internacionais/2026/22026A00918.md
22026A00918	ARTIGO 26.º	Direito de ação nos termos do direito interno	486	488	64	ue/acordos-internacionais/2026/22026A00918.md
22026A00918	ARTIGO 27.º	Atribuições específicas do Conselho de Cooperação deliberando na sua configuração Comércio	490	518	466	ue/acordos-internacionais/2026/22026A00918.md
22026A00918	ARTIGO 28.º	Atribuições específicas do Comité de Cooperação deliberando na sua configuração Comércio	520	538	452	ue/acordos-internacionais/2026/22026A00918.md
22026A00918	ARTIGO 29.º	Coordenadores	540	544	131	ue/acordos-internacionais/2026/22026A00918.md
22026A00918	ARTIGO 30.º	Subcomités	546	552	168	ue/acordos-internacionais/2026/22026A00918.md
22026A00918	ARTIGO 31.º	Âmbito de aplicação	556	558	40	ue/acordos-internacionais/2026/22026A00918.md
22026A00918	ARTIGO 32.º	Definições	560	588	742	ue/acordos-internacionais/2026/22026A00918.md
22026A00918	ARTIGO 33.º	Tratamento de nação mais favorecida	590	594	117	ue/acordos-internacionais/2026/22026A00918.md
22026A00918	ARTIGO 34.º	Tratamento nacional em matéria de tributação e regulamentação internas	596	600	205	ue/acordos-internacionais/2026/22026A00918.md
22026A00918	ARTIGO 35.º	Restrições às importações e às exportações	602	604	151	ue/acordos-internacionais/2026/22026A00918.md
22026A00918	ARTIGO 36.º	Direitos, impostos e outros encargos de exportação	606	612	286	ue/acordos-internacionais/2026/22026A00918.md
22026A00918	ARTIGO 37.º	Controlos das exportações de bens de dupla utilização	614	616	85	ue/acordos-internacionais/2026/22026A00918.md
22026A00918	ARTIGO 38.º	Taxas e formalidades	618	624	195	ue/acordos-internacionais/2026/22026A00918.md
22026A00918	ARTIGO 39.º	Mercadorias objeto de reparação	626	632	218	ue/acordos-internacionais/2026/22026A00918.md
22026A00918	ARTIGO 40.º	Importação temporária de mercadorias	634	636	106	ue/acordos-internacionais/2026/22026A00918.md
22026A00918	ARTIGO 41.º	Trânsito	638	642	83	ue/acordos-internacionais/2026/22026A00918.md
22026A00918	ARTIGO 42.º	Marcação da origem	644	648	136	ue/acordos-internacionais/2026/22026A00918.md
22026A00918	ARTIGO 43.º	Procedimentos em matéria de licenças de importação	650	656	456	ue/acordos-internacionais/2026/22026A00918.md
22026A00918	ARTIGO 44.º	Procedimentos em matéria de licenças de exportação [^4]	658	682	741	ue/acordos-internacionais/2026/22026A00918.md
22026A00918	ARTIGO 45.º	Comércio de materiais nucleares	684	686	90	ue/acordos-internacionais/2026/22026A00918.md
22026A00918	ARTIGO 46.º	Disposições gerais	690	704	108	ue/acordos-internacionais/2026/22026A00918.md
22026A00918	ARTIGO 47.º	Transparência	706	724	549	ue/acordos-internacionais/2026/22026A00918.md
22026A00918	ARTIGO 48.º	Consideração do interesse público	726	730	148	ue/acordos-internacionais/2026/22026A00918.md
22026A00918	ARTIGO 49.º	Cooperação aduaneira	734	754	618	ue/acordos-internacionais/2026/22026A00918.md
22026A00918	ARTIGO 50.º	Assistência administrativa mútua	756	758	46	ue/acordos-internacionais/2026/22026A00918.md
22026A00918	ARTIGO 51.º	Determinação do valor aduaneiro	760	762	82	ue/acordos-internacionais/2026/22026A00918.md
22026A00918	ARTIGO 52.º	Objetivo	766	768	53	ue/acordos-internacionais/2026/22026A00918.md
22026A00918	ARTIGO 53.º	Âmbito de aplicação	770	778	167	ue/acordos-internacionais/2026/22026A00918.md
22026A00918	ARTIGO 54.º	Relação com o Acordo OTC	780	788	223	ue/acordos-internacionais/2026/22026A00918.md
22026A00918	ARTIGO 55.º	Regulamentos técnicos	790	806	708	ue/acordos-internacionais/2026/22026A00918.md
22026A00918	ARTIGO 56.º	Normas	808	830	496	ue/acordos-internacionais/2026/22026A00918.md
22026A00918	ARTIGO 57.º	Avaliação da conformidade	832	868	1031	ue/acordos-internacionais/2026/22026A00918.md
22026A00918	ARTIGO 58.º	Cooperação no domínio dos obstáculos técnicos ao comércio	870	892	642	ue/acordos-internacionais/2026/22026A00918.md
22026A00918	ARTIGO 59.º	Transparência	894	910	527	ue/acordos-internacionais/2026/22026A00918.md
22026A00918	ARTIGO 60.º	Marcação e rotulagem	912	936	539	ue/acordos-internacionais/2026/22026A00918.md
22026A00918	ARTIGO 61.º	Cooperação em matéria de fiscalização do mercado, segurança e conformidade dos produtos não alimentares	938	978	968	ue/acordos-internacionais/2026/22026A00918.md
22026A00918	ARTIGO 62.º	Consultas e discussões técnicas	980	996	386	ue/acordos-internacionais/2026/22026A00918.md
22026A00918	ARTIGO 63.º	Coordenador do capítulo OTC	998	1012	346	ue/acordos-internacionais/2026/22026A00918.md
22026A00918	ARTIGO 64.º	Período de transição	1014	1016	80	ue/acordos-internacionais/2026/22026A00918.md
22026A00918	ARTIGO 65.º	Objetivos	1020	1022	178	ue/acordos-internacionais/2026/22026A00918.md
22026A00918	ARTIGO 66.º	Princípios	1024	1030	302	ue/acordos-internacionais/2026/22026A00918.md
22026A00918	ARTIGO 67.º	Requisitos de importação e certificados sanitários ou fitossanitários oficiais	1032	1038	286	ue/acordos-internacionais/2026/22026A00918.md
22026A00918	ARTIGO 68.º	Equivalência	1040	1044	115	ue/acordos-internacionais/2026/22026A00918.md
22026A00918	ARTIGO 69.º	Medidas relativas à sanidade animal e à fitossanidade	1046	1052	253	ue/acordos-internacionais/2026/22026A00918.md
22026A00918	ARTIGO 70.º	Inspeções e auditorias	1054	1068	438	ue/acordos-internacionais/2026/22026A00918.md
22026A00918	ARTIGO 71.º	Controlos e taxas de importação	1070	1076	233	ue/acordos-internacionais/2026/22026A00918.md
22026A00918	ARTIGO 72.º	Intercâmbio de informações e cooperação	1078	1086	388	ue/acordos-internacionais/2026/22026A00918.md
22026A00918	ARTIGO 73.º	Transparência	1088	1096	201	ue/acordos-internacionais/2026/22026A00918.md
22026A00918	ARTIGO 74.º	Objetivos	1102	1110	125	ue/acordos-internacionais/2026/22026A00918.md
22026A00918	ARTIGO 75.º	Natureza e âmbito das obrigações	1112	1120	326	ue/acordos-internacionais/2026/22026A00918.md
22026A00918	ARTIGO 76.º	Esgotamento dos direitos de propriedade intelectual	1122	1126	108	ue/acordos-internacionais/2026/22026A00918.md
22026A00918	ARTIGO 77.º	Tratamento nacional	1128	1148	497	ue/acordos-internacionais/2026/22026A00918.md
22026A00918	ARTIGO 78.º	Acordos internacionais	1154	1164	172	ue/acordos-internacionais/2026/22026A00918.md
22026A00918	ARTIGO 79.º	Autores	1166	1176	179	ue/acordos-internacionais/2026/22026A00918.md
22026A00918	ARTIGO 80.º	Artistas intérpretes ou executantes	1178	1192	236	ue/acordos-internacionais/2026/22026A00918.md
22026A00918	ARTIGO 81.º	Produtores de fonogramas	1194	1204	160	ue/acordos-internacionais/2026/22026A00918.md
22026A00918	ARTIGO 82.º	Organismos de radiodifusão	1206	1218	330	ue/acordos-internacionais/2026/22026A00918.md
22026A00918	ARTIGO 83.º	Radiodifusão e comunicação ao público de fonogramas publicados para efeitos comerciais	1220	1224	212	ue/acordos-internacionais/2026/22026A00918.md
22026A00918	ARTIGO 84.º	Prazo de proteção	1226	1256	690	ue/acordos-internacionais/2026/22026A00918.md
22026A00918	ARTIGO 85.º	Direito de sequência	1258	1266	266	ue/acordos-internacionais/2026/22026A00918.md
22026A00918	ARTIGO 86.º	Gestão coletiva dos direitos	1268	1274	333	ue/acordos-internacionais/2026/22026A00918.md
22026A00918	ARTIGO 87.º	Derrogações e limitações	1276	1278	85	ue/acordos-internacionais/2026/22026A00918.md
22026A00918	ARTIGO 88.º	Proteção de medidas de caráter tecnológico	1280	1296	591	ue/acordos-internacionais/2026/22026A00918.md
22026A00918	ARTIGO 89.º	Obrigações em relação a informações para a gestão dos direitos	1298	1310	413	ue/acordos-internacionais/2026/22026A00918.md
22026A00918	ARTIGO 90.º	Acordos internacionais	1314	1322	171	ue/acordos-internacionais/2026/22026A00918.md
22026A00918	ARTIGO 91.º	Sinais suscetíveis de constituírem uma marca	1324	1330	150	ue/acordos-internacionais/2026/22026A00918.md
22026A00918	ARTIGO 92.º	Direitos conferidos pelas marcas	1332	1340	263	ue/acordos-internacionais/2026/22026A00918.md
22026A00918	ARTIGO 93.º	Procedimento de registo	1342	1348	162	ue/acordos-internacionais/2026/22026A00918.md
22026A00918	ARTIGO 94.º	Marcas comerciais notoriamente conhecidas	1350	1352	148	ue/acordos-internacionais/2026/22026A00918.md
22026A00918	ARTIGO 95.º	Exceções aos direitos conferidos por marcas	1354	1366	344	ue/acordos-internacionais/2026/22026A00918.md
22026A00918	ARTIGO 96.º	Causas de extinção de uma marca	1368	1380	389	ue/acordos-internacionais/2026/22026A00918.md
22026A00918	ARTIGO 97.º	Pedidos formulados de má-fé	1382	1384	61	ue/acordos-internacionais/2026/22026A00918.md
22026A00918	ARTIGO 98.º	Acordos internacionais	1388	1390	85	ue/acordos-internacionais/2026/22026A00918.md
22026A00918	ARTIGO 99.º	Proteção de desenhos e modelos registados	1392	1404	352	ue/acordos-internacionais/2026/22026A00918.md
22026A00918	ARTIGO 100.º	Prazo de proteção	1406	1408	92	ue/acordos-internacionais/2026/22026A00918.md
22026A00918	ARTIGO 101.º	Derrogações e exclusões	1410	1418	354	ue/acordos-internacionais/2026/22026A00918.md
22026A00918	ARTIGO 102.º	Relação com os direitos de autor	1420	1422	92	ue/acordos-internacionais/2026/22026A00918.md
22026A00918	ARTIGO 103.º	Âmbito de aplicação	1426	1432	157	ue/acordos-internacionais/2026/22026A00918.md
22026A00918	ARTIGO 104.º	Indicações geográficas estabelecidas	1434	1444	497	ue/acordos-internacionais/2026/22026A00918.md
22026A00918	ARTIGO 105.º	Aditamento de novas indicações geográficas	1446	1448	92	ue/acordos-internacionais/2026/22026A00918.md
22026A00918	ARTIGO 106.º	Âmbito de proteção das indicações geográficas	1450	1470	540	ue/acordos-internacionais/2026/22026A00918.md
22026A00918	ARTIGO 107.º	Direito de utilização de indicações geográficas	1472	1476	115	ue/acordos-internacionais/2026/22026A00918.md
22026A00918	ARTIGO 108.º	Relação com marcas	1478	1492	529	ue/acordos-internacionais/2026/22026A00918.md
22026A00918	ARTIGO 109.º	Garantia do respeito dos direitos sobre indicações geográficas	1494	1496	123	ue/acordos-internacionais/2026/22026A00918.md
22026A00918	ARTIGO 110.º	Regras gerais	1498	1512	510	ue/acordos-internacionais/2026/22026A00918.md
22026A00918	ARTIGO 111.º	Assistência técnica	1514	1516	72	ue/acordos-internacionais/2026/22026A00918.md
22026A00918	ARTIGO 112.º	Acordos internacionais	1520	1522	58	ue/acordos-internacionais/2026/22026A00918.md
22026A00918	ARTIGO 113.º	Patentes e saúde pública	1524	1528	150	ue/acordos-internacionais/2026/22026A00918.md
22026A00918	ARTIGO 114.º	Prorrogação do prazo de proteção conferido por patentes a medicamentos e produtos fitofarmacêuticos	1530	1536	270	ue/acordos-internacionais/2026/22026A00918.md
22026A00918	ARTIGO 115.º	Âmbito da proteção em matéria de segredo comercial	1540	1580	897	ue/acordos-internacionais/2026/22026A00918.md
22026A00918	ARTIGO 116.º	Procedimentos e vias de recurso cível para os titulares de segredos comerciais	1582	1604	718	ue/acordos-internacionais/2026/22026A00918.md
22026A00918	ARTIGO 117.º	Proteção dos dados apresentados para efeitos da obtenção de uma autorização de introdução de um medicamento no mercado	1606	1614	394	ue/acordos-internacionais/2026/22026A00918.md
22026A00918	ARTIGO 118.º	Proteção dos dados apresentados para efeitos da obtenção de uma autorização de introdução de um produto fitofarmacêutico no mercado	1616	1636	707	ue/acordos-internacionais/2026/22026A00918.md
22026A00918	ARTIGO 119.º	Disposições gerais	1640	1642	128	ue/acordos-internacionais/2026/22026A00918.md
22026A00918	ARTIGO 120.º	Obrigações gerais	1648	1662	211	ue/acordos-internacionais/2026/22026A00918.md
22026A00918	ARTIGO 121.º	Legitimidade para requerer a aplicação de medidas, procedimentos e vias de recurso	1664	1674	272	ue/acordos-internacionais/2026/22026A00918.md
22026A00918	ARTIGO 122.º	Elementos de prova	1676	1682	346	ue/acordos-internacionais/2026/22026A00918.md
22026A00918	ARTIGO 123.º	Direito a ser informado	1684	1714	592	ue/acordos-internacionais/2026/22026A00918.md
22026A00918	ARTIGO 124.º	Medidas provisórias e cautelares	1716	1722	405	ue/acordos-internacionais/2026/22026A00918.md
22026A00918	ARTIGO 125.º	Medidas de reparação	1724	1732	286	ue/acordos-internacionais/2026/22026A00918.md
22026A00918	ARTIGO 126.º	Medidas inibitórias	1734	1736	112	ue/acordos-internacionais/2026/22026A00918.md
22026A00918	ARTIGO 127.º	Medidas alternativas	1738	1740	141	ue/acordos-internacionais/2026/22026A00918.md
22026A00918	ARTIGO 128.º	Perdas e danos	1742	1752	382	ue/acordos-internacionais/2026/22026A00918.md
22026A00918	ARTIGO 129.º	Custas judiciais	1754	1756	68	ue/acordos-internacionais/2026/22026A00918.md
22026A00918	ARTIGO 130.º	Publicação das sentenças judiciais	1758	1760	103	ue/acordos-internacionais/2026/22026A00918.md
22026A00918	ARTIGO 131.º	Presunção de autoria ou de propriedade	1762	1768	144	ue/acordos-internacionais/2026/22026A00918.md
22026A00918	ARTIGO 132.º	Procedimentos administrativos	1770	1772	84	ue/acordos-internacionais/2026/22026A00918.md
22026A00918	ARTIGO 133.º	Medidas na fronteira	1776	1806	1032	ue/acordos-internacionais/2026/22026A00918.md
22026A00918	ARTIGO 134.º	Cooperação	1810	1840	706	ue/acordos-internacionais/2026/22026A00918.md
22026A00918	ARTIGO 135.º	Iniciativas voluntárias de partes interessadas	1842	1850	315	ue/acordos-internacionais/2026/22026A00918.md
22026A00918	ARTIGO 136.º	Disposições institucionais	1852	1866	309	ue/acordos-internacionais/2026/22026A00918.md
22026A00918	ARTIGO 137.º	Princípios	1872	1874	97	ue/acordos-internacionais/2026/22026A00918.md
22026A00918	ARTIGO 138.º	Neutralidade concorrencial	1876	1878	37	ue/acordos-internacionais/2026/22026A00918.md
22026A00918	ARTIGO 139.º	Enquadramento legislativo	1882	1890	177	ue/acordos-internacionais/2026/22026A00918.md
22026A00918	ARTIGO 140.º	Atribuições de interesse económico público	1892	1894	116	ue/acordos-internacionais/2026/22026A00918.md
22026A00918	ARTIGO 141.º	Aplicação	1896	1900	126	ue/acordos-internacionais/2026/22026A00918.md
22026A00918	ARTIGO 142.º	Cooperação	1902	1908	146	ue/acordos-internacionais/2026/22026A00918.md
22026A00918	ARTIGO 143.º	Não aplicação do procedimento de resolução de litígios	1910	1912	30	ue/acordos-internacionais/2026/22026A00918.md
22026A00918	ARTIGO 144.º	Definição e âmbito de aplicação	1916	1926	301	ue/acordos-internacionais/2026/22026A00918.md
22026A00918	ARTIGO 145.º	Transparência	1928	1944	224	ue/acordos-internacionais/2026/22026A00918.md
22026A00918	ARTIGO 146.º	Consultas	1946	1968	412	ue/acordos-internacionais/2026/22026A00918.md
22026A00918	ARTIGO 147.º	Subvenções sujeitas a condições	1970	1986	381	ue/acordos-internacionais/2026/22026A00918.md
22026A00918	ARTIGO 148.º	Subvenções proibidas	1988	1994	128	ue/acordos-internacionais/2026/22026A00918.md
22026A00918	ARTIGO 149.º	Utilização de subvenções	1996	1998	42	ue/acordos-internacionais/2026/22026A00918.md
22026A00918	ARTIGO 150.º	Definições	2002	2028	732	ue/acordos-internacionais/2026/22026A00918.md
22026A00918	ARTIGO 151.º	Âmbito de aplicação	2030	2058	733	ue/acordos-internacionais/2026/22026A00918.md
22026A00918	ARTIGO 152.º	Relação com o Acordo OMC	2060	2064	126	ue/acordos-internacionais/2026/22026A00918.md
22026A00918	ARTIGO 153.º	Disposições gerais	2066	2070	142	ue/acordos-internacionais/2026/22026A00918.md
22026A00918	ARTIGO 154.º	Tratamento não discriminatório e considerações comerciais	2072	2096	613	ue/acordos-internacionais/2026/22026A00918.md
22026A00918	ARTIGO 155.º	Enquadramento normativo	2098	2108	254	ue/acordos-internacionais/2026/22026A00918.md
22026A00918	ARTIGO 156.º	Intercâmbio de informações	2110	2134	766	ue/acordos-internacionais/2026/22026A00918.md
22026A00918	ARTIGO 157.º	Definições	2138	2178	958	ue/acordos-internacionais/2026/22026A00918.md
22026A00918	ARTIGO 158.º	Âmbito de aplicação e cobertura	2180	2266	1508	ue/acordos-internacionais/2026/22026A00918.md
22026A00918	ARTIGO 159.º	Segurança e exceções gerais	2268	2286	292	ue/acordos-internacionais/2026/22026A00918.md
22026A00918	ARTIGO 160.º	Princípios gerais	2288	2326	1008	ue/acordos-internacionais/2026/22026A00918.md
22026A00918	ARTIGO 161.º	Informação sobre o sistema de contratação pública	2328	2344	339	ue/acordos-internacionais/2026/22026A00918.md
22026A00918	ARTIGO 162.º	Anúncios	2346	2390	1073	ue/acordos-internacionais/2026/22026A00918.md
22026A00918	ARTIGO 163.º	Condições de participação	2392	2422	537	ue/acordos-internacionais/2026/22026A00918.md
22026A00918	ARTIGO 164.º	Qualificação dos fornecedores	2424	2484	1778	ue/acordos-internacionais/2026/22026A00918.md
22026A00918	ARTIGO 165.º	Especificações técnicas e documentação do concurso	2486	2544	1612	ue/acordos-internacionais/2026/22026A00918.md
22026A00918	ARTIGO 166.º	Prazos	2546	2596	1106	ue/acordos-internacionais/2026/22026A00918.md
22026A00918	ARTIGO 167.º	Negociação	2598	2610	234	ue/acordos-internacionais/2026/22026A00918.md
22026A00918	ARTIGO 168.º	Concursos limitados	2612	2654	1027	ue/acordos-internacionais/2026/22026A00918.md
22026A00918	ARTIGO 169.º	Leilões eletrónicos	2656	2664	170	ue/acordos-internacionais/2026/22026A00918.md
22026A00918	ARTIGO 170.º	Tratamento das propostas e adjudicação dos contratos	2666	2686	648	ue/acordos-internacionais/2026/22026A00918.md
22026A00918	ARTIGO 171.º	Transparência da informação sobre os contratos	2688	2710	493	ue/acordos-internacionais/2026/22026A00918.md
22026A00918	ARTIGO 172.º	Divulgação de informações	2712	2728	399	ue/acordos-internacionais/2026/22026A00918.md
22026A00918	ARTIGO 173.º	Procedimentos de recurso	2730	2766	1024	ue/acordos-internacionais/2026/22026A00918.md
22026A00918	ARTIGO 174.º	Alterações e retificações da cobertura	2768	2802	808	ue/acordos-internacionais/2026/22026A00918.md
22026A00918	ARTIGO 175.º	Disposições institucionais	2804	2812	105	ue/acordos-internacionais/2026/22026A00918.md
22026A00918	ARTIGO 176.º	Contexto e objetivos	2816	2820	268	ue/acordos-internacionais/2026/22026A00918.md
22026A00918	ARTIGO 177.º	Direito de regulamentar e níveis de proteção	2822	2830	301	ue/acordos-internacionais/2026/22026A00918.md
22026A00918	ARTIGO 178.º	Acordos multilaterais no domínio do ambiente e convenções laborais	2832	2838	360	ue/acordos-internacionais/2026/22026A00918.md
22026A00918	ARTIGO 179.º	Comércio e investimento em prol do desenvolvimento sustentável	2840	2846	275	ue/acordos-internacionais/2026/22026A00918.md
22026A00918	ARTIGO 180.º	Resolução de litígios	2848	2850	128	ue/acordos-internacionais/2026/22026A00918.md
22026A00918	ARTIGO 181.º	Objetivo	2854	2856	78	ue/acordos-internacionais/2026/22026A00918.md
22026A00918	ARTIGO 182.º	Definições	2858	2866	183	ue/acordos-internacionais/2026/22026A00918.md
22026A00918	ARTIGO 183.º	Publicação	2868	2876	212	ue/acordos-internacionais/2026/22026A00918.md
22026A00918	ARTIGO 184.º	Pedidos de informação	2878	2882	130	ue/acordos-internacionais/2026/22026A00918.md
22026A00918	ARTIGO 185.º	Execução das medidas de aplicação geral	2884	2892	248	ue/acordos-internacionais/2026/22026A00918.md
22026A00918	ARTIGO 186.º	Reexame e vias de recurso	2894	2904	322	ue/acordos-internacionais/2026/22026A00918.md
22026A00918	ARTIGO 187.º	Relação com outros capítulos	2906	2908	44	ue/acordos-internacionais/2026/22026A00918.md
22026A00918	ARTIGO 188.º	Âmbito de aplicação	2914	2944	649	ue/acordos-internacionais/2026/22026A00918.md
22026A00918	ARTIGO 189.º	Definições	2946	3008	1404	ue/acordos-internacionais/2026/22026A00918.md
22026A00918	ARTIGO 190.º	Limitação horizontal em relação aos serviços	3010	3016	266	ue/acordos-internacionais/2026/22026A00918.md
22026A00918	ARTIGO 191.º	Acordos de integração económica	3018	3020	134	ue/acordos-internacionais/2026/22026A00918.md
22026A00918	ARTIGO 192.º	Transparência e divulgação de informações confidenciais	3022	3028	357	ue/acordos-internacionais/2026/22026A00918.md
22026A00918	ARTIGO 193.º	Âmbito de aplicação	3032	3038	67	ue/acordos-internacionais/2026/22026A00918.md
22026A00918	ARTIGO 194.º	Tratamento da nação mais favorecida e tratamento nacional	3040	3060	725	ue/acordos-internacionais/2026/22026A00918.md
22026A00918	ARTIGO 195.º	Quadros superiores e membros dos conselhos de administração	3062	3064	98	ue/acordos-internacionais/2026/22026A00918.md
22026A00918	ARTIGO 196.º	Recusa de concessão de benefícios	3066	3072	176	ue/acordos-internacionais/2026/22026A00918.md
22026A00918	ARTIGO 197.º	Âmbito de aplicação	3076	3078	49	ue/acordos-internacionais/2026/22026A00918.md
22026A00918	ARTIGO 198.º	Tratamento nacional	3080	3088	311	ue/acordos-internacionais/2026/22026A00918.md
22026A00918	ARTIGO 199.º	Liberalização progressiva	3090	3096	150	ue/acordos-internacionais/2026/22026A00918.md
22026A00918	ARTIGO 200.º	Recusa de concessão de benefícios	3098	3104	154	ue/acordos-internacionais/2026/22026A00918.md
22026A00918	ARTIGO 201.º	Âmbito de aplicação e definições	3108	3174	1358	ue/acordos-internacionais/2026/22026A00918.md
22026A00918	ARTIGO 202.º	Trabalhadores transferidos dentro de uma empresa e visitantes de negócios para fins de estabelecimento	3176	3188	325	ue/acordos-internacionais/2026/22026A00918.md
22026A00918	ARTIGO 203.º	Prestadores de serviços por contrato	3190	3198	289	ue/acordos-internacionais/2026/22026A00918.md
22026A00918	ARTIGO 204.º	Transparência	3200	3216	200	ue/acordos-internacionais/2026/22026A00918.md
22026A00918	ARTIGO 205.º	Âmbito de aplicação e definições	3222	3242	594	ue/acordos-internacionais/2026/22026A00918.md
22026A00918	ARTIGO 206.º	Condições de licenciamento e qualificação	3244	3252	504	ue/acordos-internacionais/2026/22026A00918.md
22026A00918	ARTIGO 207.º	Procedimentos de licenciamento e de qualificação	3254	3272	679	ue/acordos-internacionais/2026/22026A00918.md
22026A00918	ARTIGO 208.º	Âmbito de aplicação e definições	3276	3294	528	ue/acordos-internacionais/2026/22026A00918.md
22026A00918	ARTIGO 209.º	Serviço universal	3296	3300	154	ue/acordos-internacionais/2026/22026A00918.md
22026A00918	ARTIGO 210.º	Financiamento do serviço universal	3302	3304	56	ue/acordos-internacionais/2026/22026A00918.md
22026A00918	ARTIGO 211.º	Prevenção de práticas que distorçam o mercado	3306	3308	60	ue/acordos-internacionais/2026/22026A00918.md
22026A00918	ARTIGO 212.º	Licenças	3310	3320	203	ue/acordos-internacionais/2026/22026A00918.md
22026A00918	ARTIGO 213.º	Independência das entidades reguladoras	3322	3326	181	ue/acordos-internacionais/2026/22026A00918.md
22026A00918	ARTIGO 214.º	Âmbito de aplicação	3330	3332	95	ue/acordos-internacionais/2026/22026A00918.md
22026A00918	ARTIGO 215.º	Definições	3334	3368	905	ue/acordos-internacionais/2026/22026A00918.md
22026A00918	ARTIGO 216.º	Autoridade reguladora das telecomunicações	3370	3392	547	ue/acordos-internacionais/2026/22026A00918.md
22026A00918	ARTIGO 217.º	Autorização para prestar serviços ou redes de telecomunicações	3394	3404	329	ue/acordos-internacionais/2026/22026A00918.md
22026A00918	ARTIGO 218.º	Interligação	3406	3408	88	ue/acordos-internacionais/2026/22026A00918.md
22026A00918	ARTIGO 219.º	Acesso e utilização	3410	3432	740	ue/acordos-internacionais/2026/22026A00918.md
22026A00918	ARTIGO 220.º	Resolução de litígios em matéria de telecomunicações	3434	3440	205	ue/acordos-internacionais/2026/22026A00918.md
22026A00918	ARTIGO 221.º	Salvaguardas em matéria de concorrência em relação aos prestadores principais	3442	3450	193	ue/acordos-internacionais/2026/22026A00918.md
22026A00918	ARTIGO 222.º	Interligação com os prestadores principais	3452	3464	376	ue/acordos-internacionais/2026/22026A00918.md
22026A00918	ARTIGO 223.º	Acesso aos recursos essenciais dos prestadores principais	3466	3478	272	ue/acordos-internacionais/2026/22026A00918.md
22026A00918	ARTIGO 224.º	Recursos limitados	3480	3484	193	ue/acordos-internacionais/2026/22026A00918.md
22026A00918	ARTIGO 225.º	Serviço universal	3486	3494	240	ue/acordos-internacionais/2026/22026A00918.md
22026A00918	ARTIGO 226.º	Confidencialidade da informação	3496	3500	192	ue/acordos-internacionais/2026/22026A00918.md
22026A00918	ARTIGO 227.º	Âmbito de aplicação	3504	3518	372	ue/acordos-internacionais/2026/22026A00918.md
22026A00918	ARTIGO 228.º	Definições	3520	3586	1042	ue/acordos-internacionais/2026/22026A00918.md
22026A00918	ARTIGO 229.º	Medidas prudenciais	3588	3598	219	ue/acordos-internacionais/2026/22026A00918.md
22026A00918	ARTIGO 230.º	Normas internacionais	3600	3602	256	ue/acordos-internacionais/2026/22026A00918.md
22026A00918	ARTIGO 231.º	Organismos de autorregulação	3604	3606	95	ue/acordos-internacionais/2026/22026A00918.md
22026A00918	ARTIGO 232.º	Sistemas de compensação e de pagamentos	3608	3610	130	ue/acordos-internacionais/2026/22026A00918.md
22026A00918	ARTIGO 233.º	Âmbito de aplicação e obrigações	3614	3648	1098	ue/acordos-internacionais/2026/22026A00918.md
22026A00918	ARTIGO 234.º	Balança de transações correntes e movimentos de capitais	3652	3660	366	ue/acordos-internacionais/2026/22026A00918.md
22026A00918	ARTIGO 235.º	Aplicação de disposições legislativas e regulamentares relativas à circulação de capitais, pagamentos ou transferências	3662	3678	313	ue/acordos-internacionais/2026/22026A00918.md
22026A00918	ARTIGO 236.º	Medidas de salvaguarda temporárias	3680	3684	169	ue/acordos-internacionais/2026/22026A00918.md
22026A00918	ARTIGO 237.º	Restrições em caso de dificuldades a nível da balança de pagamentos ou do financiamento externo	3686	3716	722	ue/acordos-internacionais/2026/22026A00918.md
22026A00918	ARTIGO 238.º	Objetivo	3722	3724	73	ue/acordos-internacionais/2026/22026A00918.md
22026A00918	ARTIGO 239.º	Âmbito de aplicação	3726	3728	66	ue/acordos-internacionais/2026/22026A00918.md
22026A00918	ARTIGO 240.º	Consultas	3732	3744	450	ue/acordos-internacionais/2026/22026A00918.md
22026A00918	ARTIGO 241.º	Início dos procedimentos de painel	3748	3762	364	ue/acordos-internacionais/2026/22026A00918.md
22026A00918	ARTIGO 242.º	Constituição de um painel	3764	3776	539	ue/acordos-internacionais/2026/22026A00918.md
22026A00918	ARTIGO 243.º	Listas de membros do painel	3778	3790	274	ue/acordos-internacionais/2026/22026A00918.md
22026A00918	ARTIGO 244.º	Requisitos aplicáveis aos membros do painel	3792	3806	184	ue/acordos-internacionais/2026/22026A00918.md
22026A00918	ARTIGO 245.º	Atribuições do painel	3808	3816	143	ue/acordos-internacionais/2026/22026A00918.md
22026A00918	ARTIGO 246.º	Mandato	3818	3822	155	ue/acordos-internacionais/2026/22026A00918.md
22026A00918	ARTIGO 247.º	Decisão quanto ao caráter de urgência	3824	3828	101	ue/acordos-internacionais/2026/22026A00918.md
22026A00918	ARTIGO 248.º	Relatório provisório	3830	3836	252	ue/acordos-internacionais/2026/22026A00918.md
22026A00918	ARTIGO 249.º	Relatório final	3838	3842	177	ue/acordos-internacionais/2026/22026A00918.md
22026A00918	ARTIGO 250.º	Medidas para dar cumprimento ao relatório final	3844	3848	140	ue/acordos-internacionais/2026/22026A00918.md
22026A00918	ARTIGO 251.º	Prazo razoável	3850	3858	264	ue/acordos-internacionais/2026/22026A00918.md
22026A00918	ARTIGO 252.º	Fiscalização do cumprimento	3860	3864	215	ue/acordos-internacionais/2026/22026A00918.md
22026A00918	ARTIGO 253.º	Medidas de compensação temporárias	3866	3896	728	ue/acordos-internacionais/2026/22026A00918.md
22026A00918	ARTIGO 254.º	Análise das medidas tomadas para assegurar o cumprimento após terem sido adotadas as medidas de compensação temporárias	3898	3904	457	ue/acordos-internacionais/2026/22026A00918.md
22026A00918	ARTIGO 255.º	Substituição de membros do painel	3906	3908	115	ue/acordos-internacionais/2026/22026A00918.md
22026A00918	ARTIGO 256.º	Regulamento interno	3910	3914	53	ue/acordos-internacionais/2026/22026A00918.md
22026A00918	ARTIGO 257.º	Suspensão e encerramento do procedimento	3916	3922	220	ue/acordos-internacionais/2026/22026A00918.md
22026A00918	ARTIGO 258.º	Direito à informação	3924	3932	229	ue/acordos-internacionais/2026/22026A00918.md
22026A00918	ARTIGO 259.º	Regras em matéria de interpretação	3934	3940	160	ue/acordos-internacionais/2026/22026A00918.md
22026A00918	ARTIGO 260.º	Relatórios e decisões do painel	3942	3950	217	ue/acordos-internacionais/2026/22026A00918.md
22026A00918	ARTIGO 261.º	Escolha da instância	3952	3966	516	ue/acordos-internacionais/2026/22026A00918.md
22026A00918	ARTIGO 262.º	Objetivo	3970	3972	51	ue/acordos-internacionais/2026/22026A00918.md
22026A00918	ARTIGO 263.º	Pedidos de informações	3974	3980	217	ue/acordos-internacionais/2026/22026A00918.md
22026A00918	ARTIGO 264.º	Início do procedimento de mediação	3982	3994	346	ue/acordos-internacionais/2026/22026A00918.md
22026A00918	ARTIGO 265.º	Seleção do mediador	3996	4006	334	ue/acordos-internacionais/2026/22026A00918.md
22026A00918	ARTIGO 266.º	Regras do procedimento de mediação	4008	4040	915	ue/acordos-internacionais/2026/22026A00918.md
22026A00918	ARTIGO 267.º	Confidencialidade	4042	4044	78	ue/acordos-internacionais/2026/22026A00918.md
22026A00918	ARTIGO 268.º	Relação com outros procedimentos de resolução de litígios	4046	4058	291	ue/acordos-internacionais/2026/22026A00918.md
22026A00918	ARTIGO 269.º	Solução mutuamente acordada	4062	4070	198	ue/acordos-internacionais/2026/22026A00918.md
22026A00918	ARTIGO 270.º	Prazos	4072	4078	114	ue/acordos-internacionais/2026/22026A00918.md
22026A00918	ARTIGO 271.º	Custas	4080	4086	203	ue/acordos-internacionais/2026/22026A00918.md
22026A00918	ARTIGO 272.º	Alterações dos anexos	4088	4090	25	ue/acordos-internacionais/2026/22026A00918.md
22026A00918	ARTIGO 273.º	Exceções gerais	4094	4122	657	ue/acordos-internacionais/2026/22026A00918.md
22026A00918	ARTIGO 274.º	Fiscalidade	4124	4140	448	ue/acordos-internacionais/2026/22026A00918.md
22026A00918	ARTIGO 275.º	Divulgação de informações	4142	4146	228	ue/acordos-internacionais/2026/22026A00918.md
22026A00918	ARTIGO 276.º	Derrogações do Acordo OMC	4148	4150	93	ue/acordos-internacionais/2026/22026A00918.md
22026A00918	ARTIGO 277.º	Objetivos gerais de cooperação em matéria de diálogo económico	4154	4158	172	ue/acordos-internacionais/2026/22026A00918.md
22026A00918	ARTIGO 278.º	Princípios gerais da cooperação em matéria de diálogo económico	4160	4172	222	ue/acordos-internacionais/2026/22026A00918.md
22026A00918	ARTIGO 279.º	Gestão das finanças públicas, auditoria pública externa e controlo interno das finanças públicas	4174	4188	496	ue/acordos-internacionais/2026/22026A00918.md
22026A00918	ARTIGO 280.º	Boa governação no domínio fiscal	4190	4192	132	ue/acordos-internacionais/2026/22026A00918.md
22026A00918	ARTIGO 281.º	Estatísticas	4194	4198	164	ue/acordos-internacionais/2026/22026A00918.md
22026A00918	ARTIGO 282.º	Conectividade	4200	4202	94	ue/acordos-internacionais/2026/22026A00918.md
22026A00918	ARTIGO 283.º	Objetivos gerais da cooperação no domínio da energia	4204	4208	184	ue/acordos-internacionais/2026/22026A00918.md
22026A00918	ARTIGO 284.º	Cooperação no setor da energia	4210	4226	458	ue/acordos-internacionais/2026/22026A00918.md
22026A00918	ARTIGO 285.º	Fontes de energia renováveis	4228	4236	206	ue/acordos-internacionais/2026/22026A00918.md
22026A00918	ARTIGO 286.º	Poupança e eficiência energéticas	4238	4248	234	ue/acordos-internacionais/2026/22026A00918.md
22026A00918	ARTIGO 287.º	Energia e eletricidade proveniente de hidrocarbonetos	4250	4262	416	ue/acordos-internacionais/2026/22026A00918.md
22026A00918	ARTIGO 288.º	Objetivos gerais da cooperação no domínio dos transportes	4264	4280	213	ue/acordos-internacionais/2026/22026A00918.md
22026A00918	ARTIGO 289.º	Cooperação no domínio dos transportes	4282	4296	306	ue/acordos-internacionais/2026/22026A00918.md
22026A00918	ARTIGO 290.º	Objetivos gerais da cooperação no domínio do ambiente	4298	4300	61	ue/acordos-internacionais/2026/22026A00918.md
22026A00918	ARTIGO 291.º	Cooperação no domínio do ambiente	4302	4328	477	ue/acordos-internacionais/2026/22026A00918.md
22026A00918	ARTIGO 292.º	Integração da vertente ambiental noutros setores	4330	4336	200	ue/acordos-internacionais/2026/22026A00918.md
22026A00918	ARTIGO 293.º	Objetivos gerais da cooperação em matéria de alterações climáticas	4338	4340	132	ue/acordos-internacionais/2026/22026A00918.md
22026A00918	ARTIGO 294.º	Cooperação em matéria de alterações climáticas a nível nacional, regional e internacional	4342	4360	206	ue/acordos-internacionais/2026/22026A00918.md
22026A00918	ARTIGO 295.º	Cooperação no domínio das alterações climáticas	4362	4396	496	ue/acordos-internacionais/2026/22026A00918.md
22026A00918	ARTIGO 296.º	Objetivos gerais de cooperação em matéria de política industrial e empresarial	4398	4400	76	ue/acordos-internacionais/2026/22026A00918.md
22026A00918	ARTIGO 297.º	Cooperação no domínio da política industrial e empresarial	4402	4420	409	ue/acordos-internacionais/2026/22026A00918.md
22026A00918	ARTIGO 298.º	Direito das sociedades	4422	4438	370	ue/acordos-internacionais/2026/22026A00918.md
22026A00918	ARTIGO 299.º	Serviços bancários, seguros e outros serviços financeiros	4440	4452	208	ue/acordos-internacionais/2026/22026A00918.md
22026A00918	ARTIGO 300.º	Objetivos gerais da cooperação no domínio da economia e da sociedade digitais	4454	4456	181	ue/acordos-internacionais/2026/22026A00918.md
22026A00918	ARTIGO 301.º	Cooperação geral no domínio da economia e da sociedade digitais	4458	4464	250	ue/acordos-internacionais/2026/22026A00918.md
22026A00918	ARTIGO 302.º	Cooperação entre as entidades reguladoras no domínio da economia e da sociedade digitais	4466	4468	86	ue/acordos-internacionais/2026/22026A00918.md
22026A00918	ARTIGO 303.º	Objetivos gerais da cooperação no domínio do turismo	4470	4472	80	ue/acordos-internacionais/2026/22026A00918.md
22026A00918	ARTIGO 304.º	Princípios da cooperação no domínio do turismo	4474	4484	120	ue/acordos-internacionais/2026/22026A00918.md
22026A00918	ARTIGO 305.º	Cooperação no domínio do turismo	4486	4496	221	ue/acordos-internacionais/2026/22026A00918.md
22026A00918	ARTIGO 306.º	Objetivos gerais da cooperação no domínio da agricultura e do desenvolvimento rural	4498	4500	89	ue/acordos-internacionais/2026/22026A00918.md
22026A00918	ARTIGO 307.º	Cooperação no domínio da agricultura e do desenvolvimento rural	4502	4524	373	ue/acordos-internacionais/2026/22026A00918.md
22026A00918	ARTIGO 308.º	Objetivos gerais da cooperação no setor da exploração mineira e das matérias-primas	4526	4528	123	ue/acordos-internacionais/2026/22026A00918.md
22026A00918	ARTIGO 309.º	Cooperação no setor mineiro e das matérias-primas	4530	4542	218	ue/acordos-internacionais/2026/22026A00918.md
22026A00918	ARTIGO 310.º	Objetivos gerais da cooperação em matéria de investigação e inovação	4544	4546	151	ue/acordos-internacionais/2026/22026A00918.md
22026A00918	ARTIGO 311.º	Cooperação em matéria de investigação e inovação	4548	4574	578	ue/acordos-internacionais/2026/22026A00918.md
22026A00918	ARTIGO 312.º	Promoção de iniciativas no domínio da investigação e da inovação	4576	4590	328	ue/acordos-internacionais/2026/22026A00918.md
22026A00918	ARTIGO 313.º	Defesa do consumidor	4594	4602	225	ue/acordos-internacionais/2026/22026A00918.md
22026A00918	ARTIGO 314.º	Cooperação global no domínio do emprego, da política social e da igualdade de oportunidades	4604	4612	290	ue/acordos-internacionais/2026/22026A00918.md
22026A00918	ARTIGO 315.º	Convenções da OIT e participação das partes interessadas	4614	4618	219	ue/acordos-internacionais/2026/22026A00918.md
22026A00918	ARTIGO 316.º	Cooperação adicional no domínio do emprego, da política social e da igualdade de oportunidades	4620	4636	426	ue/acordos-internacionais/2026/22026A00918.md
22026A00918	ARTIGO 317.º	Cooperação para uma gestão responsável das cadeias de abastecimento	4638	4642	311	ue/acordos-internacionais/2026/22026A00918.md
22026A00918	ARTIGO 318.º	Objetivos gerais da cooperação no domínio da saúde	4644	4646	99	ue/acordos-internacionais/2026/22026A00918.md
22026A00918	ARTIGO 319.º	Cooperação no domínio da saúde	4648	4650	166	ue/acordos-internacionais/2026/22026A00918.md
22026A00918	ARTIGO 320.º	Cooperação em matéria de luta contra a droga, substâncias psicotrópicas e seus precursores	4652	4658	212	ue/acordos-internacionais/2026/22026A00918.md
22026A00918	ARTIGO 321.º	Cooperação em matéria de educação, formação e juventude	4660	4694	666	ue/acordos-internacionais/2026/22026A00918.md
22026A00918	ARTIGO 322.º	Cooperação no domínio da cultura	4696	4700	169	ue/acordos-internacionais/2026/22026A00918.md
22026A00918	ARTIGO 323.º	Cooperação no domínio da política para o setor audiovisual e da comunicação social	4702	4708	179	ue/acordos-internacionais/2026/22026A00918.md
22026A00918	ARTIGO 324.º	Cooperação no domínio do desporto e do exercício físico	4710	4712	102	ue/acordos-internacionais/2026/22026A00918.md
22026A00918	ARTIGO 325.º	Cooperação em situações de emergência e proteção civil	4714	4718	153	ue/acordos-internacionais/2026/22026A00918.md
22026A00918	ARTIGO 326.º	Cooperação no domínio do desenvolvimento regional	4720	4722	168	ue/acordos-internacionais/2026/22026A00918.md
22026A00918	ARTIGO 327.º	Cooperação regional e transnacional	4724	4726	112	ue/acordos-internacionais/2026/22026A00918.md
22026A00918	ARTIGO 328.º	Cooperação transnacional noutros domínios	4728	4730	88	ue/acordos-internacionais/2026/22026A00918.md
22026A00918	ARTIGO 329.º	Cooperação entre regiões	4732	4734	40	ue/acordos-internacionais/2026/22026A00918.md
22026A00918	ARTIGO 330.º	Aplicação do acordo e reforço das capacidades	4736	4750	237	ue/acordos-internacionais/2026/22026A00918.md
22026A00918	ARTIGO 331.º	Assistência técnica e financeira	4754	4766	512	ue/acordos-internacionais/2026/22026A00918.md
22026A00918	ARTIGO 332.º	Princípios gerais	4768	4774	304	ue/acordos-internacionais/2026/22026A00918.md
22026A00918	ARTIGO 333.º	Coordenação entre os doadores	4776	4778	143	ue/acordos-internacionais/2026/22026A00918.md
22026A00918	ARTIGO 334.º	Prevenção e comunicação	4780	4782	196	ue/acordos-internacionais/2026/22026A00918.md
22026A00918	ARTIGO 335.º	Cooperação com o OLAF	4784	4796	383	ue/acordos-internacionais/2026/22026A00918.md
22026A00918	ARTIGO 336.º	Investigação e ação penal	4798	4800	133	ue/acordos-internacionais/2026/22026A00918.md
22026A00918	ARTIGO 337.º	Conselho de Cooperação	4804	4818	470	ue/acordos-internacionais/2026/22026A00918.md
22026A00918	ARTIGO 338.º	Comité de Cooperação	4820	4834	432	ue/acordos-internacionais/2026/22026A00918.md
22026A00918	ARTIGO 339.º	Subcomités e outros órgãos	4836	4846	350	ue/acordos-internacionais/2026/22026A00918.md
22026A00918	ARTIGO 340.º	Comité de Cooperação Parlamentar	4848	4858	176	ue/acordos-internacionais/2026/22026A00918.md
22026A00918	ARTIGO 341.º	Participação da sociedade civil	4860	4862	75	ue/acordos-internacionais/2026/22026A00918.md
22026A00918	ARTIGO 342.º	Âmbito de aplicação territorial	4866	4878	305	ue/acordos-internacionais/2026/22026A00918.md
22026A00918	ARTIGO 343.º	Cumprimento das obrigações e suspensão	4880	4890	486	ue/acordos-internacionais/2026/22026A00918.md
22026A00918	ARTIGO 344.º	Derrogações por motivos de segurança	4892	4906	299	ue/acordos-internacionais/2026/22026A00918.md
22026A00918	ARTIGO 345.º	Entrada em vigor e aplicação a título provisório	4908	4926	761	ue/acordos-internacionais/2026/22026A00918.md
22026A00918	ARTIGO 346.º	Alterações	4928	4932	83	ue/acordos-internacionais/2026/22026A00918.md
22026A00918	ARTIGO 347.º	Outros acordos	4934	4940	202	ue/acordos-internacionais/2026/22026A00918.md
22026A00918	ARTIGO 348.º	Anexos, apêndices, protocolos, notas e notas de rodapé	4942	4944	45	ue/acordos-internacionais/2026/22026A00918.md
22026A00918	ARTIGO 349.º	Adesão de novos Estados-Membros	4946	4956	369	ue/acordos-internacionais/2026/22026A00918.md
22026A00918	ARTIGO 350.º	Direitos dos particulares	4958	4960	95	ue/acordos-internacionais/2026/22026A00918.md
22026A00918	ARTIGO 351.º	Referências a disposições legislativas e regulamentares e a outros acordos	4962	4966	235	ue/acordos-internacionais/2026/22026A00918.md
22026A00918	ARTIGO 352.º	Vigência	4968	4970	21	ue/acordos-internacionais/2026/22026A00918.md
22026A00918	ARTIGO 353.º	Definição de Partes	4972	4974	75	ue/acordos-internacionais/2026/22026A00918.md
22026A00918	ARTIGO 354.º	Denúncia	4976	4978	56	ue/acordos-internacionais/2026/22026A00918.md
22026A00918	ARTIGO 355.º	Notificações	4980	4982	84	ue/acordos-internacionais/2026/22026A00918.md
22026A00918	ARTIGO 356.º	Textos que fazem fé	4984	5100	3728	ue/acordos-internacionais/2026/22026A00918.md
22026A00918	ANEXO 3		5102	5198	1074	ue/acordos-internacionais/2026/22026A00918.md
22026A00918	ANEXO 5-A	ORGANIZAÇÕES INTERNACIONAIS DE NORMALIZAÇÃO	5200	5224	226	ue/acordos-internacionais/2026/22026A00918.md
22026A00918	ANEXO 5-B	DECLARAÇÃO DE CONFORMIDADE DO FORNECEDOR – DOMÍNIOS E MODALIDADES	5226	5294	1262	ue/acordos-internacionais/2026/22026A00918.md
22026A00918	ANEXO 5-C	ACORDO A QUE SE REFERE O ARTIGO 61.º, N.º 4 PARA O INTERCÂMBIO SISTEMÁTICO DE INFORMAÇÕES RELATIVAS À SEGURANÇA DOS PRODUTOS NÃO ALIMENTARES E MEDIDAS PREVENTIV	5296	5300	186	ue/acordos-internacionais/2026/22026A00918.md
22026A00918	ANEXO 5-D	ACORDO A QUE SE REFERE O ARTIGO 61.º, N.º 5 PARA O INTERCÂMBIO SISTEMÁTICO DE INFORMAÇÕES RELATIVAS ÀS MEDIDAS ADOTADAS EM RELAÇÃO A PRODUTOS NÃO LIMENTARES NÃO	5302	5306	182	ue/acordos-internacionais/2026/22026A00918.md
22026A00918	ANEXO 6	QUADRO QUE ESTABELECE O RECONHECIMENTO DA EQUIVALÊNCIA A QUE SE REFERE O ARTIGO 68.º, N.º 2	5308	5308	26	ue/acordos-internacionais/2026/22026A00918.md
22026A00918	ANEXO 7-A		5310	5370	1229	ue/acordos-internacionais/2026/22026A00918.md
22026A00918	ANEXO 7-B	CRITÉRIOS PARA O PROCEDIMENTO DE OPOSIÇÃO	5372	5398	536	ue/acordos-internacionais/2026/22026A00918.md
22026A00918	ANEXO 7-C	INDICAÇÕES GEOGRÁFICAS DOS PRODUTOS A PROTEGER	5400	5603	2653	ue/acordos-internacionais/2026/22026A00918.md
22026A00918	ANEXO 9	CONTRATOS PÚBLICOS	5605	6675	8045	ue/acordos-internacionais/2026/22026A00918.md
22026A00918	ANEXO 12-A	COMPROMISSOS E RESERVAS DA UNIÃO EUROPEIA	6677	6737	1287	ue/acordos-internacionais/2026/22026A00918.md
22026A00918	ANEXO 12-B	RESERVAS DA REPÚBLICA DO USBEQUISTÃO	6739	6781	910	ue/acordos-internacionais/2026/22026A00918.md
22026A00918	ANEXO 12-C	COMPROMISSOS E LIMITAÇÕES DA REPÚBLICA DO USBEQUISTÃO	6783	6845	2387	ue/acordos-internacionais/2026/22026A00918.md
22026A00918	ANEXO 12-D	COMPROMISSOS EM MATÉRIA DE PRESTADORES DE SERVIÇOS POR CONTRATO ASSUMIDOS PELA REPÚBLICA DO USBEQUISTÃO	6847	6871	229	ue/acordos-internacionais/2026/22026A00918.md
22026A00918	ANEXO 14-A	REGULAMENTO INTERNO	6873	7067	4132	ue/acordos-internacionais/2026/22026A00918.md
22026A00918	ANEXO 14-B	CÓDIGO DE CONDUTA DOS MEMBROS DE PAINEL E DOS MEDIADORES	7069	7322	5622	ue/acordos-internacionais/2026/22026A00918.md
22026A00918	ARTIGO 1.º	Definições	7144	7160	307	ue/acordos-internacionais/2026/22026A00918.md
22026A00918	ARTIGO 2.º	Âmbito de aplicação	7162	7168	230	ue/acordos-internacionais/2026/22026A00918.md
22026A00918	ARTIGO 3.º	Assistência a pedido	7170	7188	456	ue/acordos-internacionais/2026/22026A00918.md
22026A00918	ARTIGO 4.º	Assistência espontânea	7190	7196	158	ue/acordos-internacionais/2026/22026A00918.md
22026A00918	ARTIGO 5.º	Forma e conteúdo dos pedidos de assistência	7198	7220	371	ue/acordos-internacionais/2026/22026A00918.md
22026A00918	ARTIGO 6.º	Execução dos pedidos	7222	7228	173	ue/acordos-internacionais/2026/22026A00918.md
22026A00918	ARTIGO 7.º	Forma de comunicação das informações	7230	7236	230	ue/acordos-internacionais/2026/22026A00918.md
22026A00918	ARTIGO 8.º	Presença de funcionários de uma Parte no território da outra	7238	7250	311	ue/acordos-internacionais/2026/22026A00918.md
22026A00918	ARTIGO 9.º	Entrega e notificação	7252	7256	158	ue/acordos-internacionais/2026/22026A00918.md
22026A00918	ARTIGO 10.º	Intercâmbio automático de informações	7258	7266	142	ue/acordos-internacionais/2026/22026A00918.md
22026A00918	ARTIGO 11.º	Derrogações à obrigação de prestar assistência	7268	7282	334	ue/acordos-internacionais/2026/22026A00918.md
22026A00918	ARTIGO 12.º	Intercâmbio de informações e confidencialidade	7284	7294	495	ue/acordos-internacionais/2026/22026A00918.md
22026A00918	ARTIGO 13.º	Peritos e testemunhas	7296	7298	158	ue/acordos-internacionais/2026/22026A00918.md
22026A00918	ARTIGO 14.º	Despesas de assistência	7300	7306	155	ue/acordos-internacionais/2026/22026A00918.md
22026A00918	ARTIGO 15.º	Aplicação	7308	7314	256	ue/acordos-internacionais/2026/22026A00918.md
22026A00918	ARTIGO 16.º	Outros acordos	7316	7318	75	ue/acordos-internacionais/2026/22026A00918.md
22026A00918	ARTIGO 17.º	Consultas	7320	7322	60	ue/acordos-internacionais/2026/22026A00918.md
22026A01077	ANEXO	Contingentes pautais da União Europeia que já não inclui o Reino Unido	44	83	1255	ue/acordos-internacionais/2026/22026A01077.md
22026A01077	ANEXO	Contingentes pautais da União Europeia que já não inclui o Reino Unido	85	102	349	ue/acordos-internacionais/2026/22026A01077.md
22026A01415	«Artigo 8.º		34	44	392	ue/acordos-internacionais/2026/22026A01415.md
22026A01415	ARTIGO 1.º	Auditorias, revisões e controlos	46	52	242	ue/acordos-internacionais/2026/22026A01415.md
22026A01415	ARTIGO 2.º	Inquéritos do Organismo Europeu de Luta Antifraude (OLAF) e da Procuradoria Europeia	54	68	486	ue/acordos-internacionais/2026/22026A01415.md
22026A01415	ARTIGO 3.º	Informações e consulta	70	74	148	ue/acordos-internacionais/2026/22026A01415.md
22026A01415	ARTIGO 4.º	Confidencialidade	76	102	1113	ue/acordos-internacionais/2026/22026A01415.md
22026A01415	“Artigo 8.º		104	114	392	ue/acordos-internacionais/2026/22026A01415.md
22026A01415	ARTIGO 1.º	Auditorias, revisões e controlos	116	122	236	ue/acordos-internacionais/2026/22026A01415.md
22026A01415	ARTIGO 2.º	Inquéritos do Organismo Europeu de Luta Antifraude (OLAF) e da Procuradoria Europeia	124	138	486	ue/acordos-internacionais/2026/22026A01415.md
22026A01415	ARTIGO 3.º	Informações e consulta	140	144	148	ue/acordos-internacionais/2026/22026A01415.md
22026A01415	ARTIGO 4.º	Confidencialidade	146	182	1520	ue/acordos-internacionais/2026/22026A01415.md
22026A01521	Preâmbulo		18	36	548	ue/acordos-internacionais/2026/22026A01521.md
22026A01521	Artigo 1.º	Objetivos	42	46	190	ue/acordos-internacionais/2026/22026A01521.md
22026A01521	Artigo 2.º	Âmbito de aplicação	48	50	96	ue/acordos-internacionais/2026/22026A01521.md
22026A01521	Artigo 3.º	Definições	52	88	1118	ue/acordos-internacionais/2026/22026A01521.md
22026A01521	Artigo 4.º	Pontos de contacto	90	94	134	ue/acordos-internacionais/2026/22026A01521.md
22026A01521	Artigo 5.º	Procurador de ligação e membros do seu pessoal	96	114	502	ue/acordos-internacionais/2026/22026A01521.md
22026A01521	Artigo 6.º	Reuniões operacionais e estratégicas	116	120	179	ue/acordos-internacionais/2026/22026A01521.md
22026A01521	Artigo 7.º	Equipas de investigação conjuntas	122	126	123	ue/acordos-internacionais/2026/22026A01521.md
22026A01521	Artigo 8.º	Magistrado de ligação	128	132	124	ue/acordos-internacionais/2026/22026A01521.md
22026A01521	Artigo 9.º	Objetivos do tratamento de dados pessoais	136	140	144	ue/acordos-internacionais/2026/22026A01521.md
22026A01521	Artigo 10.º	Princípios gerais em matéria de proteção de dados	142	168	827	ue/acordos-internacionais/2026/22026A01521.md
22026A01521	Artigo 11.º	Categorias de titulares dos dados e categorias especiais de dados pessoais	170	176	297	ue/acordos-internacionais/2026/22026A01521.md
22026A01521	Artigo 12.º	Tratamento automatizado de dados pessoais	178	180	142	ue/acordos-internacionais/2026/22026A01521.md
22026A01521	Artigo 13.º	Transferência posterior dos dados pessoais recebidos	182	214	771	ue/acordos-internacionais/2026/22026A01521.md
22026A01521	Artigo 14.º	Direito de acesso	216	252	695	ue/acordos-internacionais/2026/22026A01521.md
22026A01521	Artigo 15.º	Direito de retificação, apagamento e restrição	254	278	605	ue/acordos-internacionais/2026/22026A01521.md
22026A01521	Artigo 16.º	Notificação de violações de dados pessoais às autoridades em causa	280	294	403	ue/acordos-internacionais/2026/22026A01521.md
22026A01521	Artigo 17.º	Comunicação de uma violação de dados pessoais ao titular de dados	296	310	383	ue/acordos-internacionais/2026/22026A01521.md
22026A01521	Artigo 18.º	Conservação, reexame, retificação e apagamento de dados pessoais	312	322	391	ue/acordos-internacionais/2026/22026A01521.md
22026A01521	Artigo 19.º	Registo e documentação	324	328	164	ue/acordos-internacionais/2026/22026A01521.md
22026A01521	Artigo 20.º	Segurança dos dados	330	354	552	ue/acordos-internacionais/2026/22026A01521.md
22026A01521	Artigo 21.º	Autoridade de controlo	356	372	345	ue/acordos-internacionais/2026/22026A01521.md
22026A01521	Artigo 22.º	Direito à ação judicial	374	378	170	ue/acordos-internacionais/2026/22026A01521.md
22026A01521	Artigo 23.º	Intercâmbio de informações classificadas ou de informações sensíveis não classificadas da UE	382	384	95	ue/acordos-internacionais/2026/22026A01521.md
22026A01521	Artigo 24.º	Responsabilidade e indemnização	388	394	301	ue/acordos-internacionais/2026/22026A01521.md
22026A01521	Artigo 25.º	Despesas	398	400	60	ue/acordos-internacionais/2026/22026A01521.md
22026A01521	Artigo 26.º	Convénio de ordem prática	402	406	112	ue/acordos-internacionais/2026/22026A01521.md
22026A01521	Artigo 27.º	Articulação com outros instrumentos internacionais	408	410	102	ue/acordos-internacionais/2026/22026A01521.md
22026A01521	Artigo 28.º	Notificação de aplicação	412	418	296	ue/acordos-internacionais/2026/22026A01521.md
22026A01521	Artigo 29.º	Entrada em vigor e aplicação	420	436	288	ue/acordos-internacionais/2026/22026A01521.md
22026A01521	Artigo 30.º	Alterações	438	442	74	ue/acordos-internacionais/2026/22026A01521.md
22026A01521	Artigo 31.º	Reexame e avaliação	444	450	229	ue/acordos-internacionais/2026/22026A01521.md
22026A01521	Artigo 32.º	Resolução de litígios e suspensão	452	462	441	ue/acordos-internacionais/2026/22026A01521.md
22026A01521	Artigo 33.º	Denúncia	464	470	185	ue/acordos-internacionais/2026/22026A01521.md
22026A01521	Artigo 34.º	Notificações	472	480	93	ue/acordos-internacionais/2026/22026A01521.md
22026A01521	Artigo 35.º	Versões que fazem fé	482	492	219	ue/acordos-internacionais/2026/22026A01521.md
22026A01521	ANEXO I	Formas de criminalidade grave	494	558	405	ue/acordos-internacionais/2026/22026A01521.md
22026A01521	ANEXO II	Autoridades competentes do Líbano e respetivas competências	560	570	315	ue/acordos-internacionais/2026/22026A01521.md
22026A01521	ANEXO III	Lista dos organismos da União	572	590	151	ue/acordos-internacionais/2026/22026A01521.md
22026A01562	Preâmbulo		18	68	1414	ue/acordos-internacionais/2026/22026A01562.md
22026A01562	Artigo 1.º	Finalidade	249	251	96	ue/acordos-internacionais/2026/22026A01562.md
22026A01562	Artigo 2.º	Soberania	253	255	161	ue/acordos-internacionais/2026/22026A01562.md
22026A01562	Artigo 3.º	Definições	257	277	418	ue/acordos-internacionais/2026/22026A01562.md
22026A01562	Artigo 4.º	Acordos complementares	279	287	193	ue/acordos-internacionais/2026/22026A01562.md
22026A01562	Artigo 5.º	Boa-fé	289	293	118	ue/acordos-internacionais/2026/22026A01562.md
22026A01562	Artigo 6.º	Comunicações e notificações	295	301	282	ue/acordos-internacionais/2026/22026A01562.md
22026A01562	Artigo 7.º	Eliminação das barreiras físicas	303	305	66	ue/acordos-internacionais/2026/22026A01562.md
22026A01562	Artigo 8.º	Democracia, Estado de direito e direitos humanos	309	313	162	ue/acordos-internacionais/2026/22026A01562.md
22026A01562	Artigo 9.º	Luta contra as alterações climáticas	315	319	296	ue/acordos-internacionais/2026/22026A01562.md
22026A01562	Artigo 10.º	Luta contra a proliferação de armas de destruição maciça	321	331	374	ue/acordos-internacionais/2026/22026A01562.md
22026A01562	Artigo 11.º	Armas ligeiras e de pequeno calibre e outras armas convencionais	333	345	600	ue/acordos-internacionais/2026/22026A01562.md
22026A01562	Artigo 12.º	Crimes de maior gravidade que afetam a comunidade internacional	347	351	168	ue/acordos-internacionais/2026/22026A01562.md
22026A01562	Artigo 13.º	Luta contra o terrorismo	353	367	438	ue/acordos-internacionais/2026/22026A01562.md
22026A01562	Artigo 14.º	Proteção dos dados pessoais	369	385	912	ue/acordos-internacionais/2026/22026A01562.md
22026A01562	Artigo 15.º	Cooperação mundial em questões de interesse económico, ambiental e social partilhado	387	391	317	ue/acordos-internacionais/2026/22026A01562.md
22026A01562	Artigo 16.º	Elementos essenciais	393	403	417	ue/acordos-internacionais/2026/22026A01562.md
22026A01562	Artigo 17.º	Cooperação nuclear civil	407	423	1206	ue/acordos-internacionais/2026/22026A01562.md
22026A01562	Artigo 18.º	Direito internacional público	427	433	240	ue/acordos-internacionais/2026/22026A01562.md
22026A01562	Artigo 19.º	Direito da União aplicável pelo Reino Unido, no que diz respeito a Gibraltar	435	463	698	ue/acordos-internacionais/2026/22026A01562.md
22026A01562	Artigo 20.º	Interpretação coerente	465	467	83	ue/acordos-internacionais/2026/22026A01562.md
22026A01562	Artigo 21.º	Direitos particulares	469	473	222	ue/acordos-internacionais/2026/22026A01562.md
22026A01562	Artigo 22.º	Conselho de Cooperação	477	501	608	ue/acordos-internacionais/2026/22026A01562.md
22026A01562	Artigo 23.º	Comités Especializados	503	537	598	ue/acordos-internacionais/2026/22026A01562.md
22026A01562	Artigo 24.º	Decisões e recomendações	539	543	131	ue/acordos-internacionais/2026/22026A01562.md
22026A01562	Artigo 25.º	Defesa dos direitos humanos e das liberdades fundamentais	549	553	216	ue/acordos-internacionais/2026/22026A01562.md
22026A01562	Artigo 26.º	Definições	555	589	1404	ue/acordos-internacionais/2026/22026A01562.md
22026A01562	Artigo 27.º	Remissões para determinados atos da União	591	593	137	ue/acordos-internacionais/2026/22026A01562.md
22026A01562	Artigo 28.º	Eliminação das barreiras físicas	595	597	40	ue/acordos-internacionais/2026/22026A01562.md
22026A01562	Artigo 29.º	Pontos de passagem de fronteira	599	621	1162	ue/acordos-internacionais/2026/22026A01562.md
22026A01562	Artigo 30.º	Circulação de pessoas entre Gibraltar e os Estados-Membros	623	647	898	ue/acordos-internacionais/2026/22026A01562.md
22026A01562	Artigo 31.º	Bases de dados da União	649	651	62	ue/acordos-internacionais/2026/22026A01562.md
22026A01562	Artigo 32.º	Controlo fronteiriço pelas autoridades competentes do Reino Unido, no que diz respeito a Gibraltar	655	661	597	ue/acordos-internacionais/2026/22026A01562.md
22026A01562	Artigo 33.º	Controlo fronteiriço pelas autoridades competentes do Reino de Espanha	663	695	1128	ue/acordos-internacionais/2026/22026A01562.md
22026A01562	Artigo 34.º	Ações de seguimento dos controlos de fronteira — indicações constantes dos sistemas de informação	697	725	1424	ue/acordos-internacionais/2026/22026A01562.md
22026A01562	Artigo 35.º	Ações de seguimento dos controlos fronteiriços — recusas de entrada	727	735	390	ue/acordos-internacionais/2026/22026A01562.md
22026A01562	Artigo 36.º	Responsabilidade das transportadoras	737	741	252	ue/acordos-internacionais/2026/22026A01562.md
22026A01562	Artigo 37.º	Informações antecipadas sobre os passageiros	743	747	127	ue/acordos-internacionais/2026/22026A01562.md
22026A01562	Artigo 38.º	Entrada e saída de forças do Reino Unido não residentes, da sua componente civil e dos membros da sua família que fazem parte do agregado familiar e de forças v	749	775	1491	ue/acordos-internacionais/2026/22026A01562.md
22026A01562	Artigo 39.º	Âmbito	781	783	46	ue/acordos-internacionais/2026/22026A01562.md
22026A01562	Artigo 40.º	Relação com o direito da União	785	787	49	ue/acordos-internacionais/2026/22026A01562.md
22026A01562	Artigo 41.º	Isenção de visto	789	799	348	ue/acordos-internacionais/2026/22026A01562.md
22026A01562	Artigo 42.º	Facilitações nas fronteiras externas	801	807	188	ue/acordos-internacionais/2026/22026A01562.md
22026A01562	Artigo 43.º	Entrada em Gibraltar	809	813	182	ue/acordos-internacionais/2026/22026A01562.md
22026A01562	Artigo 44.º	Entrada nos Estados-Membros para efeitos de trânsito	815	817	142	ue/acordos-internacionais/2026/22026A01562.md
22026A01562	Artigo 45.º	Direito de residência em Gibraltar	819	843	745	ue/acordos-internacionais/2026/22026A01562.md
22026A01562	Artigo 46.º	Notificação reforçada para as pessoas residentes em Gibraltar	845	869	772	ue/acordos-internacionais/2026/22026A01562.md
22026A01562	Artigo 47.º	Vistos de curta duração no que diz respeito a Gibraltar	871	881	498	ue/acordos-internacionais/2026/22026A01562.md
22026A01562	Artigo 48.º	Vistos excecionais nas fronteiras externas no que diz respeito a Gibraltar	883	917	1083	ue/acordos-internacionais/2026/22026A01562.md
22026A01562	Artigo 49.º	Vistos de longa duração válidos para Gibraltar	919	921	33	ue/acordos-internacionais/2026/22026A01562.md
22026A01562	Artigo 50.º	Autorizações de residência no que diz respeito a Gibraltar	923	971	1749	ue/acordos-internacionais/2026/22026A01562.md
22026A01562	Artigo 51.º	Autorizações de residência no que diz respeito a Gibraltar	973	1029	1933	ue/acordos-internacionais/2026/22026A01562.md
22026A01562	Artigo 52.º	Regra transitória para as autorizações de residência	1031	1045	576	ue/acordos-internacionais/2026/22026A01562.md
22026A01562	Artigo 53.º	Pedidos de proteção internacional	1049	1087	1696	ue/acordos-internacionais/2026/22026A01562.md
22026A01562	Artigo 54.º	Intercâmbio de informações	1091	1119	1181	ue/acordos-internacionais/2026/22026A01562.md
22026A01562	Artigo 55.º	Supervisão contínua	1121	1125	218	ue/acordos-internacionais/2026/22026A01562.md
22026A01562	Artigo 56.º	Perseguição ininterrupta	1127	1133	215	ue/acordos-internacionais/2026/22026A01562.md
22026A01562	Artigo 57.º	Comunicação	1135	1139	168	ue/acordos-internacionais/2026/22026A01562.md
22026A01562	Artigo 58.º	Operações conjuntas	1141	1147	357	ue/acordos-internacionais/2026/22026A01562.md
22026A01562	Artigo 59.º	Bases de dados pertinentes	1149	1153	196	ue/acordos-internacionais/2026/22026A01562.md
22026A01562	Artigo 60.º	Proteção e assistência durante uma operação conjunta	1155	1157	105	ue/acordos-internacionais/2026/22026A01562.md
22026A01562	Artigo 61.º	Registos de identificação dos passageiros	1159	1163	117	ue/acordos-internacionais/2026/22026A01562.md
22026A01562	Artigo 62.º	Controlos policiais reforçados	1165	1169	128	ue/acordos-internacionais/2026/22026A01562.md
22026A01562	Artigo 63.º	Disposições do direito da União aplicáveis	1171	1175	60	ue/acordos-internacionais/2026/22026A01562.md
22026A01562	Artigo 64.º	Avaliações de Schengen	1179	1183	199	ue/acordos-internacionais/2026/22026A01562.md
22026A01562	Artigo 65.º	Avaliação da execução da presente parte	1185	1187	171	ue/acordos-internacionais/2026/22026A01562.md
22026A01562	Artigo 66.º	Denúncia do presente Acordo após a avaliação da execução da presente parte	1189	1193	182	ue/acordos-internacionais/2026/22026A01562.md
22026A01562	Artigo 67.º	Suspensão das obrigações	1195	1199	336	ue/acordos-internacionais/2026/22026A01562.md
22026A01562	Artigo 68.º	Notificações, declarações, reservas e designações	1201	1297	1466	ue/acordos-internacionais/2026/22026A01562.md
22026A01562	Artigo 69.º	Exceção por motivos de segurança	1299	1301	56	ue/acordos-internacionais/2026/22026A01562.md
22026A01562	Artigo 70.º	Objetivo	1307	1311	223	ue/acordos-internacionais/2026/22026A01562.md
22026A01562	Artigo 71.º	Âmbito da cooperação quando um Estado-Membro deixa de participar em medidas análogas ao abrigo do direito da União	1313	1325	595	ue/acordos-internacionais/2026/22026A01562.md
22026A01562	Artigo 72.º	Objetivo	1329	1331	132	ue/acordos-internacionais/2026/22026A01562.md
22026A01562	Artigo 73.º	Comunicação	1333	1335	100	ue/acordos-internacionais/2026/22026A01562.md
22026A01562	Artigo 74.º	Definições	1337	1343	132	ue/acordos-internacionais/2026/22026A01562.md
22026A01562	Artigo 75.º	Formas de criminalidade	1345	1351	219	ue/acordos-internacionais/2026/22026A01562.md
22026A01562	Artigo 76.º	Âmbito da cooperação	1353	1369	170	ue/acordos-internacionais/2026/22026A01562.md
22026A01562	Artigo 77.º	Pontos de contacto nacionais e agentes de ligação	1371	1385	652	ue/acordos-internacionais/2026/22026A01562.md
22026A01562	Artigo 78.º	Intercâmbio de informações	1387	1395	460	ue/acordos-internacionais/2026/22026A01562.md
22026A01562	Artigo 79.º	Restrições em matéria de acesso e utilização dos dados pessoais transferidos	1397	1403	350	ue/acordos-internacionais/2026/22026A01562.md
22026A01562	Artigo 80.º	Diferentes categorias de titulares de dados	1405	1409	176	ue/acordos-internacionais/2026/22026A01562.md
22026A01562	Artigo 81.º	Facilitação do fluxo de dados pessoais entre o Reino Unido, no que diz respeito a Gibraltar, e a Europol	1411	1413	182	ue/acordos-internacionais/2026/22026A01562.md
22026A01562	Artigo 82.º	Avaliação da fiabilidade da fonte e exatidão das informações	1415	1441	566	ue/acordos-internacionais/2026/22026A01562.md
22026A01562	Artigo 83.º	Segurança do intercâmbio de informações	1443	1449	144	ue/acordos-internacionais/2026/22026A01562.md
22026A01562	Artigo 84.º	Responsabilidade pelo tratamento não autorizado ou incorreto de dados pessoais	1451	1457	349	ue/acordos-internacionais/2026/22026A01562.md
22026A01562	Artigo 85.º	Intercâmbio de informações classificadas e de informações sensíveis não classificadas	1459	1461	86	ue/acordos-internacionais/2026/22026A01562.md
22026A01562	Artigo 86.º	Convénios de ordem prática e convénios administrativos	1463	1469	271	ue/acordos-internacionais/2026/22026A01562.md
22026A01562	Artigo 87.º	Notificação de execução	1471	1475	212	ue/acordos-internacionais/2026/22026A01562.md
22026A01562	Artigo 88.º	Poderes da Europol	1477	1479	78	ue/acordos-internacionais/2026/22026A01562.md
22026A01562	Artigo 89.º	Objetivo	1483	1485	66	ue/acordos-internacionais/2026/22026A01562.md
22026A01562	Artigo 90.º	Definições	1487	1505	408	ue/acordos-internacionais/2026/22026A01562.md
22026A01562	Artigo 91.º	Comunicação	1507	1509	66	ue/acordos-internacionais/2026/22026A01562.md
22026A01562	Artigo 92.º	Formas de criminalidade	1511	1517	218	ue/acordos-internacionais/2026/22026A01562.md
22026A01562	Artigo 93.º	Âmbito da cooperação	1519	1521	67	ue/acordos-internacionais/2026/22026A01562.md
22026A01562	Artigo 94.º	Ponto de contacto junto da Eurojust	1523	1525	106	ue/acordos-internacionais/2026/22026A01562.md
22026A01562	Artigo 95.º	Procurador de ligação	1527	1539	417	ue/acordos-internacionais/2026/22026A01562.md
22026A01562	Artigo 96.º	Magistrado de ligação	1541	1545	149	ue/acordos-internacionais/2026/22026A01562.md
22026A01562	Artigo 97.º	Reuniões operacionais e estratégicas	1547	1551	176	ue/acordos-internacionais/2026/22026A01562.md
22026A01562	Artigo 98.º	Intercâmbio de dados não pessoais	1553	1555	90	ue/acordos-internacionais/2026/22026A01562.md
22026A01562	Artigo 99.º	Intercâmbio de dados pessoais	1557	1565	347	ue/acordos-internacionais/2026/22026A01562.md
22026A01562	Artigo 100.º	Canais de transmissão	1567	1573	297	ue/acordos-internacionais/2026/22026A01562.md
22026A01562	Artigo 101.º	Transferências ulteriores	1575	1577	117	ue/acordos-internacionais/2026/22026A01562.md
22026A01562	Artigo 102.º	Responsabilidade pelo tratamento não autorizado ou incorreto de dados pessoais	1579	1585	320	ue/acordos-internacionais/2026/22026A01562.md
22026A01562	Artigo 103.º	Intercâmbio de informações classificadas e de informações sensíveis não classificadas	1587	1589	84	ue/acordos-internacionais/2026/22026A01562.md
22026A01562	Artigo 104.º	Convénio de ordem prática	1591	1595	191	ue/acordos-internacionais/2026/22026A01562.md
22026A01562	Artigo 105.º	Poderes da Eurojust	1597	1599	77	ue/acordos-internacionais/2026/22026A01562.md
22026A01562	Artigo 106.º	Objetivo	1603	1607	125	ue/acordos-internacionais/2026/22026A01562.md
22026A01562	Artigo 107.º	Definições	1609	1617	142	ue/acordos-internacionais/2026/22026A01562.md
22026A01562	Artigo 108.º	Autoridades centrais	1619	1621	190	ue/acordos-internacionais/2026/22026A01562.md
22026A01562	Artigo 109.º	Notificações	1623	1629	528	ue/acordos-internacionais/2026/22026A01562.md
22026A01562	Artigo 110.º	Conservação de condenações	1631	1637	198	ue/acordos-internacionais/2026/22026A01562.md
22026A01562	Artigo 111.º	Pedidos de informação	1639	1643	304	ue/acordos-internacionais/2026/22026A01562.md
22026A01562	Artigo 112.º	Respostas aos pedidos	1645	1651	350	ue/acordos-internacionais/2026/22026A01562.md
22026A01562	Artigo 113.º	Canal de comunicação	1653	1655	73	ue/acordos-internacionais/2026/22026A01562.md
22026A01562	Artigo 114.º	Condições de utilização dos dados pessoais	1657	1683	684	ue/acordos-internacionais/2026/22026A01562.md
22026A01562	Artigo 115.º	Objetivo	1687	1689	76	ue/acordos-internacionais/2026/22026A01562.md
22026A01562	Artigo 116.º	Princípio da proporcionalidade	1691	1693	128	ue/acordos-internacionais/2026/22026A01562.md
22026A01562	Artigo 117.º	Definições	1695	1707	390	ue/acordos-internacionais/2026/22026A01562.md
22026A01562	Artigo 118.º	Âmbito	1709	1793	1130	ue/acordos-internacionais/2026/22026A01562.md
22026A01562	Artigo 119.º	Motivos de não execução obrigatória do mandado de detenção	1795	1803	386	ue/acordos-internacionais/2026/22026A01562.md
22026A01562	Artigo 120.º	Outros motivos de não execução do mandado de detenção	1805	1871	2283	ue/acordos-internacionais/2026/22026A01562.md
22026A01562	Artigo 121.º	Exceção da infração política	1873	1885	373	ue/acordos-internacionais/2026/22026A01562.md
22026A01562	Artigo 122.º	Exceção da nacionalidade	1887	1899	830	ue/acordos-internacionais/2026/22026A01562.md
22026A01562	Artigo 123.º	Garantias a fornecer pelas autoridades competentes do Estado-Membro de emissão ou do Reino Unido, no que diz respeito a Gibraltar, se for o agente de emissão em	1901	1911	887	ue/acordos-internacionais/2026/22026A01562.md
22026A01562	Artigo 124.º	Recurso à autoridade central	1913	1917	382	ue/acordos-internacionais/2026/22026A01562.md
22026A01562	Artigo 125.º	Conteúdo e forma do mandado de detenção	1919	1941	474	ue/acordos-internacionais/2026/22026A01562.md
22026A01562	Artigo 126.º	Transmissão de um mandado de detenção	1943	1947	153	ue/acordos-internacionais/2026/22026A01562.md
22026A01562	Artigo 127.º	Regras de transmissão de um mandado de detenção	1949	1957	321	ue/acordos-internacionais/2026/22026A01562.md
22026A01562	Artigo 128.º	Direitos da pessoa procurada	1959	1969	505	ue/acordos-internacionais/2026/22026A01562.md
22026A01562	Artigo 129.º	Manutenção da pessoa em detenção	1971	1973	174	ue/acordos-internacionais/2026/22026A01562.md
22026A01562	Artigo 130.º	Consentimento na entrega	1975	1983	484	ue/acordos-internacionais/2026/22026A01562.md
22026A01562	Artigo 131.º	Audição da pessoa procurada	1985	1987	86	ue/acordos-internacionais/2026/22026A01562.md
22026A01562	Artigo 132.º	Decisão sobre a entrega	1989	1995	248	ue/acordos-internacionais/2026/22026A01562.md
22026A01562	Artigo 133.º	Decisão em caso de pedidos múltiplos	1997	2005	497	ue/acordos-internacionais/2026/22026A01562.md
22026A01562	Artigo 134.º	Prazos e regras relativos à decisão de execução do mandado de detenção	2007	2019	285	ue/acordos-internacionais/2026/22026A01562.md
22026A01562	Artigo 135.º	Situação enquanto se aguarda a decisão	2021	2031	199	ue/acordos-internacionais/2026/22026A01562.md
22026A01562	Artigo 136.º	Audição da pessoa enquanto se aguarda a decisão	2033	2039	237	ue/acordos-internacionais/2026/22026A01562.md
22026A01562	Artigo 137.º	Privilégios e imunidades	2041	2047	346	ue/acordos-internacionais/2026/22026A01562.md
22026A01562	Artigo 138.º	Obrigações internacionais concorrentes	2049	2053	350	ue/acordos-internacionais/2026/22026A01562.md
22026A01562	Artigo 139.º	Notificação da decisão	2055	2057	50	ue/acordos-internacionais/2026/22026A01562.md
22026A01562	Artigo 140.º	Prazo para a entrega da pessoa	2059	2069	407	ue/acordos-internacionais/2026/22026A01562.md
22026A01562	Artigo 141.º	Entrega diferida ou condicional	2071	2075	273	ue/acordos-internacionais/2026/22026A01562.md
22026A01562	Artigo 142.º	Trânsito	2077	2099	734	ue/acordos-internacionais/2026/22026A01562.md
22026A01562	Artigo 143.º	Dedução do período de detenção cumprido no Estado-Membro de execução ou em Gibraltar	2101	2105	223	ue/acordos-internacionais/2026/22026A01562.md
22026A01562	Artigo 144.º	Eventuais procedimentos penais por outras infrações	2107	2131	1086	ue/acordos-internacionais/2026/22026A01562.md
22026A01562	Artigo 145.º	Entrega ou extradição posterior	2133	2159	1314	ue/acordos-internacionais/2026/22026A01562.md
22026A01562	Artigo 146.º	Entrega de bens	2161	2173	430	ue/acordos-internacionais/2026/22026A01562.md
22026A01562	Artigo 147.º	Despesas	2175	2179	133	ue/acordos-internacionais/2026/22026A01562.md
22026A01562	Artigo 148.º	Relações com outros instrumentos jurídicos	2181	2191	398	ue/acordos-internacionais/2026/22026A01562.md
22026A01562	Artigo 149.º	Revisão das notificações	2193	2195	222	ue/acordos-internacionais/2026/22026A01562.md
22026A01562	Artigo 150.º	Situação dos mandados de detenção em vigor em caso de não aplicação	2197	2199	130	ue/acordos-internacionais/2026/22026A01562.md
22026A01562	Artigo 151.º	Aplicação a mandados de detenção europeus existentes	2201	2203	114	ue/acordos-internacionais/2026/22026A01562.md
22026A01562	Artigo 152.º	Objetivo	2207	2219	204	ue/acordos-internacionais/2026/22026A01562.md
22026A01562	Artigo 153.º	Definição de autoridade competente	2221	2223	199	ue/acordos-internacionais/2026/22026A01562.md
22026A01562	Artigo 154.º	Forma do pedido de assistência mútua	2225	2233	247	ue/acordos-internacionais/2026/22026A01562.md
22026A01562	Artigo 155.º	Condições para a apresentação de um pedido de assistência mútua	2235	2243	306	ue/acordos-internacionais/2026/22026A01562.md
22026A01562	Artigo 156.º	Recurso a um tipo diferente de medida de investigação	2245	2267	863	ue/acordos-internacionais/2026/22026A01562.md
22026A01562	Artigo 157.º	Obrigação de informação	2269	2275	266	ue/acordos-internacionais/2026/22026A01562.md
22026A01562	Artigo 158.º	Princípio ne bis in idem	2277	2279	222	ue/acordos-internacionais/2026/22026A01562.md
22026A01562	Artigo 159.º	Prazos	2281	2293	798	ue/acordos-internacionais/2026/22026A01562.md
22026A01562	Artigo 160.º	Transmissão de pedidos de assistência mútua	2295	2301	564	ue/acordos-internacionais/2026/22026A01562.md
22026A01562	Artigo 161.º	Equipas de investigação conjuntas	2303	2305	105	ue/acordos-internacionais/2026/22026A01562.md
22026A01562	Artigo 162.º	Objetivo e princípios da cooperação	2309	2325	884	ue/acordos-internacionais/2026/22026A01562.md
22026A01562	Artigo 163.º	Definições	2327	2347	537	ue/acordos-internacionais/2026/22026A01562.md
22026A01562	Artigo 164.º	Obrigação de assistência	2349	2351	142	ue/acordos-internacionais/2026/22026A01562.md
22026A01562	Artigo 165.º	Pedidos de informação sobre contas bancárias e compartimentos de cofre-forte	2353	2367	526	ue/acordos-internacionais/2026/22026A01562.md
22026A01562	Artigo 166.º	Pedidos de informações sobre operações bancárias	2369	2379	392	ue/acordos-internacionais/2026/22026A01562.md
22026A01562	Artigo 167.º	Pedidos de controlo de operações bancárias	2381	2391	423	ue/acordos-internacionais/2026/22026A01562.md
22026A01562	Artigo 168.º	Transmissão espontânea de informações	2393	2395	206	ue/acordos-internacionais/2026/22026A01562.md
22026A01562	Artigo 169.º	Obrigação de decretar medidas provisórias	2397	2409	720	ue/acordos-internacionais/2026/22026A01562.md
22026A01562	Artigo 170.º	Execução das medidas provisórias	2411	2415	322	ue/acordos-internacionais/2026/22026A01562.md
22026A01562	Artigo 171.º	Obrigação de proceder à perda	2417	2445	1233	ue/acordos-internacionais/2026/22026A01562.md
22026A01562	Artigo 172.º	Execução da perda	2447	2453	251	ue/acordos-internacionais/2026/22026A01562.md
22026A01562	Artigo 173.º	Bens declarados perdidos	2455	2467	545	ue/acordos-internacionais/2026/22026A01562.md
22026A01562	Artigo 174.º	Direito de execução e montante máximo da perda	2469	2473	186	ue/acordos-internacionais/2026/22026A01562.md
22026A01562	Artigo 175.º	Prisão por dívidas	2475	2477	109	ue/acordos-internacionais/2026/22026A01562.md
22026A01562	Artigo 176.º	Motivos de recusa	2479	2531	1808	ue/acordos-internacionais/2026/22026A01562.md
22026A01562	Artigo 177.º	Consulta e informação	2533	2535	137	ue/acordos-internacionais/2026/22026A01562.md
22026A01562	Artigo 178.º	Adiamento	2537	2539	90	ue/acordos-internacionais/2026/22026A01562.md
22026A01562	Artigo 179.º	Aceitação parcial ou condicional de um pedido	2541	2543	124	ue/acordos-internacionais/2026/22026A01562.md
22026A01562	Artigo 180.º	Notificação de documentos	2545	2555	435	ue/acordos-internacionais/2026/22026A01562.md
22026A01562	Artigo 181.º	Reconhecimento de decisões estrangeiras	2557	2569	302	ue/acordos-internacionais/2026/22026A01562.md
22026A01562	Artigo 182.º	Autoridades	2571	2575	231	ue/acordos-internacionais/2026/22026A01562.md
22026A01562	Artigo 183.º	Comunicação	2577	2589	602	ue/acordos-internacionais/2026/22026A01562.md
22026A01562	Artigo 184.º	Forma dos pedidos e línguas	2591	2607	656	ue/acordos-internacionais/2026/22026A01562.md
22026A01562	Artigo 185.º	Legalização	2609	2611	37	ue/acordos-internacionais/2026/22026A01562.md
22026A01562	Artigo 186.º	Conteúdo do pedido	2613	2653	832	ue/acordos-internacionais/2026/22026A01562.md
22026A01562	Artigo 187.º	Vícios dos pedidos	2655	2661	271	ue/acordos-internacionais/2026/22026A01562.md
22026A01562	Artigo 188.º	Concurso de pedidos	2663	2667	198	ue/acordos-internacionais/2026/22026A01562.md
22026A01562	Artigo 189.º	Obrigação de fundamentação	2669	2671	71	ue/acordos-internacionais/2026/22026A01562.md
22026A01562	Artigo 190.º	Informações	2673	2695	496	ue/acordos-internacionais/2026/22026A01562.md
22026A01562	Artigo 191.º	Utilização restrita	2697	2715	571	ue/acordos-internacionais/2026/22026A01562.md
22026A01562	Artigo 192.º	Confidencialidade	2717	2723	472	ue/acordos-internacionais/2026/22026A01562.md
22026A01562	Artigo 193.º	Despesas	2725	2727	119	ue/acordos-internacionais/2026/22026A01562.md
22026A01562	Artigo 194.º	Indemnizações	2729	2733	177	ue/acordos-internacionais/2026/22026A01562.md
22026A01562	Artigo 195.º	Recursos jurídicos	2735	2739	133	ue/acordos-internacionais/2026/22026A01562.md
22026A01562	Artigo 196.º	Objetivo	2743	2745	62	ue/acordos-internacionais/2026/22026A01562.md
22026A01562	Artigo 197.º	Princípios	2747	2755	208	ue/acordos-internacionais/2026/22026A01562.md
22026A01562	Artigo 198.º	Não regressão em relação às medidas existentes para prevenir e combater o branqueamento de capitais e o financiamento do terrorismo	2757	2769	629	ue/acordos-internacionais/2026/22026A01562.md
22026A01562	Artigo 199.º	Princípios e objetivos	2777	2787	420	ue/acordos-internacionais/2026/22026A01562.md
22026A01562	Artigo 200.º	Direito de regulamentar, princípio da precaução e informações científicas e técnicas	2789	2795	298	ue/acordos-internacionais/2026/22026A01562.md
22026A01562	Artigo 201.º	Normas materiais	2799	2807	235	ue/acordos-internacionais/2026/22026A01562.md
22026A01562	Artigo 202.º	Exceções	2809	2817	104	ue/acordos-internacionais/2026/22026A01562.md
22026A01562	Artigo 203.º	Transparência	2819	2833	334	ue/acordos-internacionais/2026/22026A01562.md
22026A01562	Artigo 204.º	Utilização dos auxílios estatais	2835	2837	47	ue/acordos-internacionais/2026/22026A01562.md
22026A01562	Artigo 205.º	Autoridade independente ou organismo e cooperação	2839	2853	745	ue/acordos-internacionais/2026/22026A01562.md
22026A01562	Artigo 206.º	Órgãos jurisdicionais	2855	2869	494	ue/acordos-internacionais/2026/22026A01562.md
22026A01562	Artigo 207.º	Recuperação	2871	2885	429	ue/acordos-internacionais/2026/22026A01562.md
22026A01562	Artigo 208.º	Consultas	2887	2899	479	ue/acordos-internacionais/2026/22026A01562.md
22026A01562	Artigo 209.º	Medidas corretivas	2901	2945	1944	ue/acordos-internacionais/2026/22026A01562.md
22026A01562	Artigo 210.º	Resolução de litígios	2947	2957	172	ue/acordos-internacionais/2026/22026A01562.md
22026A01562	Artigo 211.º	Boa governação	2961	2963	177	ue/acordos-internacionais/2026/22026A01562.md
22026A01562	Artigo 212.º	Normas em matéria de fiscalidade	2965	2973	248	ue/acordos-internacionais/2026/22026A01562.md
22026A01562	Artigo 213.º	Resolução de litígios	2975	2977	32	ue/acordos-internacionais/2026/22026A01562.md
22026A01562	Artigo 214.º	Definição	2981	2995	172	ue/acordos-internacionais/2026/22026A01562.md
22026A01562	Artigo 215.º	Não regressão dos níveis de proteção	2997	3005	348	ue/acordos-internacionais/2026/22026A01562.md
22026A01562	Artigo 216.º	Garantia do cumprimento	3007	3009	261	ue/acordos-internacionais/2026/22026A01562.md
22026A01562	Artigo 217.º	Resolução de litígios	3011	3015	120	ue/acordos-internacionais/2026/22026A01562.md
22026A01562	Artigo 218.º	Definições	3019	3045	453	ue/acordos-internacionais/2026/22026A01562.md
22026A01562	Artigo 219.º	Níveis de proteção	3047	3055	354	ue/acordos-internacionais/2026/22026A01562.md
22026A01562	Artigo 220.º	Tarifação do carbono	3057	3067	287	ue/acordos-internacionais/2026/22026A01562.md
22026A01562	Artigo 221.º	Princípios ambientais e climáticos	3069	3081	307	ue/acordos-internacionais/2026/22026A01562.md
22026A01562	Artigo 222.º	Garantia do cumprimento	3083	3089	236	ue/acordos-internacionais/2026/22026A01562.md
22026A01562	Artigo 223.º	Resolução de litígios	3091	3095	120	ue/acordos-internacionais/2026/22026A01562.md
22026A01562	Artigo 224.º	Contexto e objetivos	3099	3103	350	ue/acordos-internacionais/2026/22026A01562.md
22026A01562	Artigo 225.º	Transparência	3105	3115	400	ue/acordos-internacionais/2026/22026A01562.md
22026A01562	Artigo 226.º	Normas e acordos multilaterais em matéria de trabalho	3117	3147	748	ue/acordos-internacionais/2026/22026A01562.md
22026A01562	Artigo 227.º	Acordos multilaterais no domínio do ambiente	3149	3155	266	ue/acordos-internacionais/2026/22026A01562.md
22026A01562	Artigo 228.º	Comércio e alterações climáticas	3157	3167	400	ue/acordos-internacionais/2026/22026A01562.md
22026A01562	Artigo 229.º	Comércio e diversidade biológica	3169	3181	438	ue/acordos-internacionais/2026/22026A01562.md
22026A01562	Artigo 230.º	Comércio e florestas	3183	3191	220	ue/acordos-internacionais/2026/22026A01562.md
22026A01562	Artigo 231.º	Comércio e gestão sustentável de recursos biológicos marinhos e da aquicultura	3193	3195	100	ue/acordos-internacionais/2026/22026A01562.md
22026A01562	Artigo 232.º	Comércio e investimento em prol do desenvolvimento sustentável	3197	3209	401	ue/acordos-internacionais/2026/22026A01562.md
22026A01562	Artigo 233.º	Comércio e gestão responsável das cadeias de abastecimento	3211	3221	388	ue/acordos-internacionais/2026/22026A01562.md
22026A01562	Artigo 234.º	Resolução de litígios	3223	3227	119	ue/acordos-internacionais/2026/22026A01562.md
22026A01562	Artigo 235.º	Consultas	3231	3239	424	ue/acordos-internacionais/2026/22026A01562.md
22026A01562	Artigo 236.º	Painel de peritos	3241	3281	1706	ue/acordos-internacionais/2026/22026A01562.md
22026A01562	Artigo 237.º	Painel de peritos para as zonas de não regressão	3283	3289	156	ue/acordos-internacionais/2026/22026A01562.md
22026A01562	Artigo 238.º	Princípios e objetivos	3295	3297	90	ue/acordos-internacionais/2026/22026A01562.md
22026A01562	Artigo 239.º	Definições	3299	3309	262	ue/acordos-internacionais/2026/22026A01562.md
22026A01562	Artigo 240.º	Criação de uma união aduaneira	3313	3315	56	ue/acordos-internacionais/2026/22026A01562.md
22026A01562	Artigo 241.º	Territórios aduaneiros	3317	3323	114	ue/acordos-internacionais/2026/22026A01562.md
22026A01562	Artigo 242.º	Livre circulação de mercadorias na união aduaneira	3325	3337	404	ue/acordos-internacionais/2026/22026A01562.md
22026A01562	Artigo 243.º	Proibição de direitos aduaneiros	3339	3341	71	ue/acordos-internacionais/2026/22026A01562.md
22026A01562	Artigo 244.º	Proibição de restrições quantitativas	3343	3345	57	ue/acordos-internacionais/2026/22026A01562.md
22026A01562	Artigo 245.º	Imposições internas	3347	3351	120	ue/acordos-internacionais/2026/22026A01562.md
22026A01562	Artigo 246.º	Eliminação das barreiras físicas	3353	3357	178	ue/acordos-internacionais/2026/22026A01562.md
22026A01562	Artigo 247.º	Importações e exportações de Gibraltar	3359	3381	722	ue/acordos-internacionais/2026/22026A01562.md
22026A01562	Artigo 248.º	Fiscalidade indireta	3383	3399	490	ue/acordos-internacionais/2026/22026A01562.md
22026A01562	Artigo 249.º	Procedimento de salvaguarda	3401	3431	1144	ue/acordos-internacionais/2026/22026A01562.md
22026A01562	Artigo 250.º	Cooperação e assistência administrativa mútua	3433	3457	866	ue/acordos-internacionais/2026/22026A01562.md
22026A01562	Artigo 251.º	Acesso a sistemas informáticos	3459	3465	204	ue/acordos-internacionais/2026/22026A01562.md
22026A01562	Artigo 252.º	Exceções e salvaguardas	3467	3497	961	ue/acordos-internacionais/2026/22026A01562.md
22026A01562	Artigo 253.º	Ceuta e Melilha	3499	3501	57	ue/acordos-internacionais/2026/22026A01562.md
22026A01562	Artigo 254.º	Comité Especializado da Economia e do Comércio	3503	3515	152	ue/acordos-internacionais/2026/22026A01562.md
22026A01562	Artigo 255.º	Definições	3519	3531	509	ue/acordos-internacionais/2026/22026A01562.md
22026A01562	Artigo 256.º	Requisitos gerais	3533	3577	1776	ue/acordos-internacionais/2026/22026A01562.md
22026A01562	Artigo 257.º	Controlo da conformidade e cooperação em matéria de fiscalização do mercado	3579	3615	1289	ue/acordos-internacionais/2026/22026A01562.md
22026A01562	Artigo 258.º	Medidas específicas relativas ao controlo e rastreio do tabaco	3619	3633	364	ue/acordos-internacionais/2026/22026A01562.md
22026A01562	Artigo 259.º	Definições	3637	3645	235	ue/acordos-internacionais/2026/22026A01562.md
22026A01562	Artigo 260.º	Regras aplicáveis a certas categorias de mercadorias	3647	3661	682	ue/acordos-internacionais/2026/22026A01562.md
22026A01562	Artigo 261.º	Tecnologia e equipamento militares	3663	3679	409	ue/acordos-internacionais/2026/22026A01562.md
22026A01562	Artigo 262.º	Bens e tecnologias de dupla utilização	3681	3699	415	ue/acordos-internacionais/2026/22026A01562.md
22026A01562	Artigo 263.º	Autorizações	3701	3715	429	ue/acordos-internacionais/2026/22026A01562.md
22026A01562	Artigo 264.º	Procedimento especial	3717	3731	428	ue/acordos-internacionais/2026/22026A01562.md
22026A01562	Artigo 265.º	Execução, aplicação, supervisão e aplicação coerciva	3735	3741	172	ue/acordos-internacionais/2026/22026A01562.md
22026A01562	Artigo 266.º	Direito da União aplicável ao Reino Unido, no que diz respeito a Gibraltar, e em Gibraltar em conformidade com o artigo 247.º, n.º 1	3743	3751	492	ue/acordos-internacionais/2026/22026A01562.md
22026A01562	Artigo 267.º	Mercadorias, dinheiro líquido e animais de companhia transportadas por pessoas	3753	3755	100	ue/acordos-internacionais/2026/22026A01562.md
22026A01562	Artigo 268.º	Remissões para determinados atos da União	3757	3759	116	ue/acordos-internacionais/2026/22026A01562.md
22026A01562	Artigo 269.º	Mercadorias colocadas no mercado em Gibraltar	3763	3775	566	ue/acordos-internacionais/2026/22026A01562.md
22026A01562	Artigo 270.º	Fim do depósito temporário ou regimes aduaneiros especiais	3777	3785	219	ue/acordos-internacionais/2026/22026A01562.md
22026A01562	Artigo 271.º	Definições	3791	3801	209	ue/acordos-internacionais/2026/22026A01562.md
22026A01562	Artigo 272.º	Voos com origem ou destino no aeroporto de Gibraltar	3803	3815	308	ue/acordos-internacionais/2026/22026A01562.md
22026A01562	Artigo 273.º	Regras aplicáveis ao aeroporto de Gibraltar	3817	3853	916	ue/acordos-internacionais/2026/22026A01562.md
22026A01562	Artigo 274.º	Empresa comum	3855	3861	249	ue/acordos-internacionais/2026/22026A01562.md
22026A01562	Artigo 275.º	Comité Especializado da Aviação	3863	3879	241	ue/acordos-internacionais/2026/22026A01562.md
22026A01562	Artigo 276.º	Transporte de mercadorias e circulação de ambulâncias entre os territórios das Partes	3883	3897	455	ue/acordos-internacionais/2026/22026A01562.md
22026A01562	Artigo 277.º	Transporte de mercadorias de e para Gibraltar através do território da União	3899	3901	85	ue/acordos-internacionais/2026/22026A01562.md
22026A01562	Artigo 278.º	Requisitos aplicáveis aos transportadores	3903	3909	264	ue/acordos-internacionais/2026/22026A01562.md
22026A01562	Artigo 279.º	Dispensa da exigência de licenciamento na zona fronteiriça contígua	3911	3935	508	ue/acordos-internacionais/2026/22026A01562.md
22026A01562	Artigo 280.º	Requisitos aplicáveis aos motoristas	3937	3943	128	ue/acordos-internacionais/2026/22026A01562.md
22026A01562	Artigo 281.º	Requisitos aplicáveis aos veículos	3945	3949	141	ue/acordos-internacionais/2026/22026A01562.md
22026A01562	Artigo 282.º	Regras de tráfego rodoviário	3951	3953	88	ue/acordos-internacionais/2026/22026A01562.md
22026A01562	Artigo 283.º	Elaboração de legislação e Comité Especializado da Economia e do Comércio	3955	3977	441	ue/acordos-internacionais/2026/22026A01562.md
22026A01562	Artigo 284.º	Medidas corretivas	3979	3993	362	ue/acordos-internacionais/2026/22026A01562.md
22026A01562	Artigo 285.º	Fiscalidade	3995	4009	403	ue/acordos-internacionais/2026/22026A01562.md
22026A01562	Artigo 286.º	Transporte marítimo	4013	4027	376	ue/acordos-internacionais/2026/22026A01562.md
22026A01562	Artigo 287.º	Exceções gerais	4031	4057	735	ue/acordos-internacionais/2026/22026A01562.md
22026A01562	Artigo 288.º	Exceções por razões de segurança	4059	4073	284	ue/acordos-internacionais/2026/22026A01562.md
22026A01562	Artigo 289.º	Fiscalidade	4075	4093	541	ue/acordos-internacionais/2026/22026A01562.md
22026A01562	Artigo 290.º	Derrogações da OMC	4095	4097	93	ue/acordos-internacionais/2026/22026A01562.md
22026A01562	Artigo 291.º	Âmbito de aplicação pessoal	4103	4123	543	ue/acordos-internacionais/2026/22026A01562.md
22026A01562	Artigo 292.º	Direitos dos trabalhadores fronteiriços	4127	4167	1192	ue/acordos-internacionais/2026/22026A01562.md
22026A01562	Artigo 293.º	Membros da família de trabalhadores fronteiriços	4169	4175	316	ue/acordos-internacionais/2026/22026A01562.md
22026A01562	Artigo 294.º	Medidas objetivamente justificadas	4177	4179	91	ue/acordos-internacionais/2026/22026A01562.md
22026A01562	Artigo 295.º	Trabalhadores destacados	4181	4197	644	ue/acordos-internacionais/2026/22026A01562.md
22026A01562	Artigo 296.º	Documentação	4199	4201	78	ue/acordos-internacionais/2026/22026A01562.md
22026A01562	Artigo 297.º	Ordem pública, segurança pública ou saúde pública	4203	4215	590	ue/acordos-internacionais/2026/22026A01562.md
22026A01562	Artigo 298.º	Coordenação da segurança social	4219	4221	86	ue/acordos-internacionais/2026/22026A01562.md
22026A01562	Artigo 299.º	Disposições financeiras	4225	4229	112	ue/acordos-internacionais/2026/22026A01562.md
22026A01562	Artigo 300.º	Objetivos	4235	4237	80	ue/acordos-internacionais/2026/22026A01562.md
22026A01562	Artigo 301.º	Âmbito	4239	4261	523	ue/acordos-internacionais/2026/22026A01562.md
22026A01562	Artigo 302.º	Exclusividade	4263	4265	77	ue/acordos-internacionais/2026/22026A01562.md
22026A01562	Artigo 303.º	Escolha da instância	4267	4279	431	ue/acordos-internacionais/2026/22026A01562.md
22026A01562	Artigo 304.º	Consultas	4283	4299	654	ue/acordos-internacionais/2026/22026A01562.md
22026A01562	Artigo 305.º	Procedimento de arbitragem	4301	4313	211	ue/acordos-internacionais/2026/22026A01562.md
22026A01562	Artigo 306.º	Constituição de um tribunal arbitral	4315	4327	523	ue/acordos-internacionais/2026/22026A01562.md
22026A01562	Artigo 307.º	Requisitos aplicáveis aos árbitros	4329	4341	228	ue/acordos-internacionais/2026/22026A01562.md
22026A01562	Artigo 308.º	Competência do tribunal arbitral	4343	4351	144	ue/acordos-internacionais/2026/22026A01562.md
22026A01562	Artigo 309.º	Mandato	4353	4359	164	ue/acordos-internacionais/2026/22026A01562.md
22026A01562	Artigo 310.º	Procedimentos urgentes	4361	4365	79	ue/acordos-internacionais/2026/22026A01562.md
22026A01562	Artigo 311.º	Sentença do tribunal arbitral	4367	4379	480	ue/acordos-internacionais/2026/22026A01562.md
22026A01562	Artigo 312.º	Litígios que suscitem questões de interpretação do direito da União	4381	4389	485	ue/acordos-internacionais/2026/22026A01562.md
22026A01562	Artigo 313.º	Medidas de cumprimento	4393	4397	142	ue/acordos-internacionais/2026/22026A01562.md
22026A01562	Artigo 314.º	Prazo razoável	4399	4407	280	ue/acordos-internacionais/2026/22026A01562.md
22026A01562	Artigo 315.º	Avaliação do cumprimento	4409	4413	210	ue/acordos-internacionais/2026/22026A01562.md
22026A01562	Artigo 316.º	Medidas temporárias	4415	4447	775	ue/acordos-internacionais/2026/22026A01562.md
22026A01562	Artigo 317.º	Reexame de qualquer medida tomadas para dar cumprimento após a adoção das medidas temporárias	4449	4453	361	ue/acordos-internacionais/2026/22026A01562.md
22026A01562	Artigo 318.º	Receção de informações	4457	4465	256	ue/acordos-internacionais/2026/22026A01562.md
22026A01562	Artigo 319.º	Lista de árbitros	4467	4479	285	ue/acordos-internacionais/2026/22026A01562.md
22026A01562	Artigo 320.º	Substituição dos árbitros	4481	4483	102	ue/acordos-internacionais/2026/22026A01562.md
22026A01562	Artigo 321.º	Decisões e acórdãos dos tribunais arbitrais	4485	4497	390	ue/acordos-internacionais/2026/22026A01562.md
22026A01562	Artigo 322.º	Suspensão e encerramento do processo de arbitragem	4499	4501	225	ue/acordos-internacionais/2026/22026A01562.md
22026A01562	Artigo 323.º	Solução mutuamente acordada	4503	4513	251	ue/acordos-internacionais/2026/22026A01562.md
22026A01562	Artigo 324.º	Prazos	4515	4521	107	ue/acordos-internacionais/2026/22026A01562.md
22026A01562	Artigo 325.º	Despesas	4523	4527	102	ue/acordos-internacionais/2026/22026A01562.md
22026A01562	Artigo 326.º	Anexos	4529	4533	68	ue/acordos-internacionais/2026/22026A01562.md
22026A01562	Artigo 327.º	Procedimentos especiais para medidas corretivas	4535	4545	486	ue/acordos-internacionais/2026/22026A01562.md
22026A01562	Artigo 328.º	Âmbito territorial	4549	4555	65	ue/acordos-internacionais/2026/22026A01562.md
22026A01562	Artigo 329.º	Relações com outros acordos	4557	4561	112	ue/acordos-internacionais/2026/22026A01562.md
22026A01562	Artigo 330.º	Reexame	4563	4565	62	ue/acordos-internacionais/2026/22026A01562.md
22026A01562	Artigo 331.º	Informações confidenciais	4567	4571	284	ue/acordos-internacionais/2026/22026A01562.md
22026A01562	Artigo 332.º	Informações sensíveis não classificadas	4573	4577	96	ue/acordos-internacionais/2026/22026A01562.md
22026A01562	Artigo 333.º	Partes integrantes do presente Acordo	4579	4583	93	ue/acordos-internacionais/2026/22026A01562.md
22026A01562	Artigo 334.º	Denúncia	4585	4587	67	ue/acordos-internacionais/2026/22026A01562.md
22026A01562	Artigo 335.º	Textos que fazem fé	4589	4591	91	ue/acordos-internacionais/2026/22026A01562.md
22026A01562	Artigo 336.º	Entrada em vigor e aplicação	4593	4719	4567	ue/acordos-internacionais/2026/22026A01562.md
22026A01562	ANEXO 1	LISTA DE INSTRUMENTOS REFERIDA NO ARTIGO 11.º, N.º 5, DO ACORDO	4721	4739	328	ue/acordos-internacionais/2026/22026A01562.md
22026A01562	ANEXO 2	LISTA DE INSTRUMENTOS REFERIDA NO ARTIGO 13.º, N.º 1, DO ACORDO	4741	4749	175	ue/acordos-internacionais/2026/22026A01562.md
22026A01562	ANEXO 3	LISTA DE LEGISLAÇÃO DA UNIÃO REFERIDA NO ARTIGO 14.º DO ACORDO	4751	4835	1837	ue/acordos-internacionais/2026/22026A01562.md
22026A01562	ANEXO 4	LISTA DE INSTRUMENTOS REFERIDA NO ARTIGO 17.º, N.º 4, DO ACORDO	4837	4876	593	ue/acordos-internacionais/2026/22026A01562.md
22026A01562	ANEXO 5	COOPERAÇÃO NUCLEAR CIVIL — DISPOSIÇÕES OPERACIONAIS PARA A NOTIFICAÇÃO RÁPIDA E A ASSISTÊNCIA EM CASO DE ACIDENTE NUCLEAR A QUE SE REFERE O ARTIGO 17.º, N.º 7, 	4878	4880	482	ue/acordos-internacionais/2026/22026A01562.md
22026A01562	ANEXO 6	REGULAMENTO PROCESSUAL DO CONSELHO DE COOPERAÇÃO E DOS COMITÉS ESPECIALIZADOS REFERIDO NOS ARTIGOS 22.º E 23.º DO ACORDO	4882	5054	3038	ue/acordos-internacionais/2026/22026A01562.md
22026A01562	ANEXO 7		5056	5056	3	ue/acordos-internacionais/2026/22026A01562.md
22026A01562	ANEXO REFERIDO NO ARTIGO 29.º, N.º 10, DO ACORDO		5058	5080	1048	ue/acordos-internacionais/2026/22026A01562.md
22026A01562	ANEXO 8	LISTA DE INFRAÇÕES PENAIS REFERIDA NOS ARTIGOS 55.º E 56.º DO ACORDO	5082	5162	539	ue/acordos-internacionais/2026/22026A01562.md
22026A01562	ANEXO 9	LISTA DE LEGISLAÇÃO DA UNIÃO REFERIDA NO ARTIGO 63.º DO ACORDO	5164	5194	694	ue/acordos-internacionais/2026/22026A01562.md
22026A01562	ANEXO 10	FORMAS DE CRIMINALIDADE DA COMPETÊNCIA DA EUROPOL	5196	5258	405	ue/acordos-internacionais/2026/22026A01562.md
22026A01562	ANEXO 11	FORMAS DE CRIMINALIDADE GRAVE DA COMPETÊNCIA DA EUROJUST	5260	5322	412	ue/acordos-internacionais/2026/22026A01562.md
22026A01562	ANEXO 12	INTERCÂMBIO DE INFORMAÇÕES SOBRE REGISTOS CRIMINAIS — ESPECIFICAÇÕES TÉCNICAS E PROCESSUAIS A QUE SE REFERE O ARTIGO 113.º DO ACORDO	5324	5831	9065	ue/acordos-internacionais/2026/22026A01562.md
22026A01562	Artigo 1.º	Objetivo	5330	5332	50	ue/acordos-internacionais/2026/22026A01562.md
22026A01562	Artigo 2.º	Rede de comunicações	5334	5338	174	ue/acordos-internacionais/2026/22026A01562.md
22026A01562	Artigo 3.º	Aplicação informática de interconexão	5340	5350	595	ue/acordos-internacionais/2026/22026A01562.md
22026A01562	Artigo 4.º	Informações a transmitir nas notificações, pedidos e respostas	5352	5388	743	ue/acordos-internacionais/2026/22026A01562.md
22026A01562	Artigo 5.º	Formato de transmissão das informações	5390	5408	994	ue/acordos-internacionais/2026/22026A01562.md
22026A01562	Artigo 6.º	Continuidade da transmissão	5410	5412	124	ue/acordos-internacionais/2026/22026A01562.md
22026A01562	Artigo 7.º	Especificações técnicas	5414	5831	6335	ue/acordos-internacionais/2026/22026A01562.md
22026A01562	ANEXO 13	DEFINIÇÃO DE TERRORISMO	5833	5921	2413	ue/acordos-internacionais/2026/22026A01562.md
22026A01562	ANEXO 14	MANDADO DE DETENÇÃO A QUE SE REFERE O ARTIGO 125.º DO ACORDO	5923	6020	2626	ue/acordos-internacionais/2026/22026A01562.md
22026A01562	ANEXO 15	PEDIDO DE ASSISTÊNCIA MÚTUA EM MATÉRIA PENAL	6022	6055	5328	ue/acordos-internacionais/2026/22026A01562.md
22026A01562	ANEXO 16	FORMULÁRIO DE ARRESTO E PERDA	6057	6099	6889	ue/acordos-internacionais/2026/22026A01562.md
22026A01562	ANEXO 17	LISTA DOS ATOS DA UNIÃO NO DOMÍNIO DO COMBATE AO BRANQUEAMENTO DE CAPITAIS E AO FINANCIAMENTO DO TERRORISMO A QUE SE REFERE O ARTIGO 198.º DO ACORDO	6101	6137	718	ue/acordos-internacionais/2026/22026A01562.md
22026A01562	ANEXO 18	NORMAS MATERIAIS EM MATÉRIA DE AUXÍLIOS ESTATAIS A QUE SE REFERE O ARTIGO 201.º DO ACORDO	6139	6182	4422	ue/acordos-internacionais/2026/22026A01562.md
22026A01562	ANEXO 19	MODALIDADES RELACIONADAS COM O COMPROVATIVO DE QUE AS MERCADORIAS SATISFAZEM AS CONDIÇÕES DOS ARTIGOS 242.º E 248.º NA APLICAÇÃO DO ARTIGO 247.º, N.º 3, DO ACOR	6184	6424	5281	ue/acordos-internacionais/2026/22026A01562.md
22026A01562	Artigo 1.º	Mercadorias que circulam da União para Gibraltar	6186	6216	2242	ue/acordos-internacionais/2026/22026A01562.md
22026A01562	Artigo 2.º	Mercadorias que circulam de Gibraltar para a União	6218	6226	498	ue/acordos-internacionais/2026/22026A01562.md
22026A01562	Artigo 3.º	Direito da União aplicável	6228	6364	1645	ue/acordos-internacionais/2026/22026A01562.md
22026A01562	Artigo 4.º	Mercadorias da União que entram em Gibraltar por via marítima	6366	6368	150	ue/acordos-internacionais/2026/22026A01562.md
22026A01562	Artigo 5.º	Mercadorias da União que saem de Gibraltar	6370	6424	700	ue/acordos-internacionais/2026/22026A01562.md
22026A01562	ANEXO 20	DISPOSIÇÕES DO DIREITO DA UNIÃO REFERIDAS NO ARTIGO 247.º, N.º 1, DO ACORDO	6426	6454	906	ue/acordos-internacionais/2026/22026A01562.md
22026A01562	ANEXO 21	REGIME PARA AS MERCADORIAS INTRODUZIDAS EM E EXPORTADAS DE GIBRALTAR DE E PARA PAÍSES E TERRITÓRIOS FORA DA UNIÃO ADUANEIRA EM CONFORMIDADE COM O ARTIGO 247.º, 	6456	6576	5409	ue/acordos-internacionais/2026/22026A01562.md
22026A01562	Artigo 1.º	Importações de países e territórios fora da união aduaneira para Gibraltar	6458	6470	809	ue/acordos-internacionais/2026/22026A01562.md
22026A01562	Artigo 2.º	Circulação de mercadorias para Gibraltar a partir de estâncias aduaneiras designadas da União	6472	6476	396	ue/acordos-internacionais/2026/22026A01562.md
22026A01562	Artigo 3.º	Cobrança dos direitos de importação e lançamento nas contas relevantes	6478	6502	1006	ue/acordos-internacionais/2026/22026A01562.md
22026A01562	Artigo 4.º	Conclusão dos procedimentos contabilísticos nas estâncias aduaneiras designadas	6504	6514	476	ue/acordos-internacionais/2026/22026A01562.md
22026A01562	Artigo 5.º	Apuramento do regime de trânsito especial	6516	6520	398	ue/acordos-internacionais/2026/22026A01562.md
22026A01562	Artigo 6.º	Imposto sobre as transações e impostos especiais de consumo	6522	6546	663	ue/acordos-internacionais/2026/22026A01562.md
22026A01562	Artigo 7.º	Cumprimento das formalidades na fronteira para mercadorias sujeitas a um regime especial distinto do regime de trânsito	6548	6556	686	ue/acordos-internacionais/2026/22026A01562.md
22026A01562	Artigo 8.º	Exportações de Gibraltar para países e territórios fora da união aduaneira	6558	6576	926	ue/acordos-internacionais/2026/22026A01562.md
22026A01562	Apêndice 1	ESTÂNCIAS ADUANEIRAS DESIGNADAS	6578	6588	240	ue/acordos-internacionais/2026/22026A01562.md
22026A01562	Apêndice 2		6590	6596	139	ue/acordos-internacionais/2026/22026A01562.md
22026A01562	ANEXO 22	MODALIDADES PRÁTICAS PARA A APLICAÇÃO DO ARTIGO 265.º DO ACORDO	6598	6646	1288	ue/acordos-internacionais/2026/22026A01562.md
22026A01562	Artigo 1.º	Visitas conjuntas a Gibraltar	6600	6606	240	ue/acordos-internacionais/2026/22026A01562.md
22026A01562	Artigo 2.º	Ações e medidas	6608	6632	555	ue/acordos-internacionais/2026/22026A01562.md
22026A01562	Artigo 3.º	Execução e acompanhamento das visitas conjuntas	6634	6638	227	ue/acordos-internacionais/2026/22026A01562.md
22026A01562	Artigo 4.º	Proteção de dados	6640	6642	156	ue/acordos-internacionais/2026/22026A01562.md
22026A01562	Artigo 5.º	Informações das estâncias aduaneiras designadas	6644	6646	89	ue/acordos-internacionais/2026/22026A01562.md
22026A01562	ANEXO 23	DISPOSIÇÕES RELATIVAS A MERCADORIAS, ANIMAIS DE COMPANHIA E DINHEIRO LÍQUIDO TRANSPORTADOS POR VIAJANTES EM CONFORMIDADE COM O ARTIGO 247.º, N.º 3, E COM O ARTI	6648	6648	48	ue/acordos-internacionais/2026/22026A01562.md
22026A01562	Artigo 1.º		6652	6670	470	ue/acordos-internacionais/2026/22026A01562.md
22026A01562	Artigo 2.º		6672	6694	529	ue/acordos-internacionais/2026/22026A01562.md
22026A01562	Artigo 3.º		6696	6702	255	ue/acordos-internacionais/2026/22026A01562.md
22026A01562	Artigo 4.º		6704	6706	84	ue/acordos-internacionais/2026/22026A01562.md
22026A01562	Artigo 5.º		6708	6726	467	ue/acordos-internacionais/2026/22026A01562.md
22026A01562	Artigo 6.º		6728	6730	60	ue/acordos-internacionais/2026/22026A01562.md
22026A01562	Artigo 7.º		6732	6734	68	ue/acordos-internacionais/2026/22026A01562.md
22026A01562	Artigo 8.º		6738	6740	86	ue/acordos-internacionais/2026/22026A01562.md
22026A01562	Artigo 9.º		6742	6744	122	ue/acordos-internacionais/2026/22026A01562.md
22026A01562	Artigo 10.º		6746	6750	202	ue/acordos-internacionais/2026/22026A01562.md
22026A01562	Artigo 11.º		6752	6762	304	ue/acordos-internacionais/2026/22026A01562.md
22026A01562	Artigo 12.º		6764	6788	312	ue/acordos-internacionais/2026/22026A01562.md
22026A01562	Artigo 13.º		6790	6802	283	ue/acordos-internacionais/2026/22026A01562.md
22026A01562	Artigo 14.º		6804	6806	32	ue/acordos-internacionais/2026/22026A01562.md
22026A01562	Artigo 15.º		6808	6810	76	ue/acordos-internacionais/2026/22026A01562.md
22026A01562	Artigo 16.º		6812	6814	43	ue/acordos-internacionais/2026/22026A01562.md
22026A01562	Artigo 17.º		6816	6818	71	ue/acordos-internacionais/2026/22026A01562.md
22026A01562	Artigo 18.º		6820	6828	470	ue/acordos-internacionais/2026/22026A01562.md
22026A01562	Artigo 19.º		6832	6860	1279	ue/acordos-internacionais/2026/22026A01562.md
22026A01562	Artigo 20.º		6864	6868	176	ue/acordos-internacionais/2026/22026A01562.md
22026A01562	Artigo 21.º		6870	6876	106	ue/acordos-internacionais/2026/22026A01562.md
22026A01562	Artigo 22.º		6878	6914	889	ue/acordos-internacionais/2026/22026A01562.md
22026A01562	Apêndice 1	FORMULÁRIO DE DECLARAÇÃO DE DINHEIRO LÍQUIDO [^1]	6916	6924	142	ue/acordos-internacionais/2026/22026A01562.md
22026A01562	ANEXO 24	FISCALIDADE INDIRETA EM GIBRALTAR EM APLICAÇÃO DO ARTIGO 247.º, N.º 3, E DO ARTIGO 248.º DO ACORDO	6926	6926	28	ue/acordos-internacionais/2026/22026A01562.md
22026A01562	Artigo 1.º	Âmbito de aplicação e exigibilidade do imposto sobre as transações e do imposto especial de consumo	6930	6950	536	ue/acordos-internacionais/2026/22026A01562.md
22026A01562	Artigo 2.º	Valor tributável e taxa do imposto sobre as transações	6952	7002	1431	ue/acordos-internacionais/2026/22026A01562.md
22026A01562	Artigo 3.º	Devedor do imposto sobre as transações e do imposto especial de consumo de Gibraltar	7004	7010	220	ue/acordos-internacionais/2026/22026A01562.md
22026A01562	Artigo 4.º	Isenções	7012	7018	271	ue/acordos-internacionais/2026/22026A01562.md
22026A01562	Artigo 5.º	Reembolso do imposto sobre as transações e do imposto especial de consumo quando as mercadorias são exportadas de Gibraltar	7020	7026	262	ue/acordos-internacionais/2026/22026A01562.md
22026A01562	Artigo 6.º	Âmbito de aplicação e exigibilidade dos impostos especiais de consumo	7030	7054	751	ue/acordos-internacionais/2026/22026A01562.md
22026A01562	Artigo 7.º	Registo de operadores de imposto especial de consumo	7056	7064	163	ue/acordos-internacionais/2026/22026A01562.md
22026A01562	Artigo 8.º	Reembolso do imposto especial de consumo em caso de inutilização total ou de perda irremediável	7066	7068	135	ue/acordos-internacionais/2026/22026A01562.md
22026A01562	Artigo 9.º	Circunstâncias excecionais	7072	7082	296	ue/acordos-internacionais/2026/22026A01562.md
22026A01562	Artigo 10.º	Informações estatísticas	7084	7086	69	ue/acordos-internacionais/2026/22026A01562.md
22026A01562	Apêndice 1	FISCALIDADE INDIRETA EM GIBRALTAR: LISTA DE MERCADORIAS ELEGÍVEIS PARA TAXAS REDUZIDAS DE IMPOSTO SOBRE AS TRANSAÇÕES	7088	7124	802	ue/acordos-internacionais/2026/22026A01562.md
22026A01562	Artigo 1.º		7090	7106	265	ue/acordos-internacionais/2026/22026A01562.md
22026A01562	Artigo 2.º		7108	7124	503	ue/acordos-internacionais/2026/22026A01562.md
22026A01562	Apêndice 2	FISCALIDADE INDIRETA EM GIBRALTAR: MERCADORIAS SUJEITAS A IMPOSTO ESPECIAL DE CONSUMO E TAXAS MÍNIMAS DE IMPOSTO DA UNIÃO A PARTIR DA ENTRADA EM VIGOR DO PRESEN	7126	7227	3818	ue/acordos-internacionais/2026/22026A01562.md
22026A01562	ANEXO 25	AVIAÇÃO	7229	7245	408	ue/acordos-internacionais/2026/22026A01562.md
22026A01562	ANEXO 26	LISTA DOS ESTABELECIMENTOS REFERIDOS NO ARTIGO 276.º DO ACORDO	7247	7263	116	ue/acordos-internacionais/2026/22026A01562.md
22026A01562	ANEXO 27	TRANSPORTE RODOVIÁRIO DE MERCADORIAS	7265	7473	5528	ue/acordos-internacionais/2026/22026A01562.md
22026A01562	Artigo 1.º	Âmbito de aplicação	7271	7273	83	ue/acordos-internacionais/2026/22026A01562.md
22026A01562	Artigo 2.º	Definições	7275	7283	256	ue/acordos-internacionais/2026/22026A01562.md
22026A01562	Artigo 3.º	Requisitos para exercer a atividade de transportador rodoviário de mercadorias	7285	7295	142	ue/acordos-internacionais/2026/22026A01562.md
22026A01562	Artigo 4.º	Gestor de transportes	7297	7317	695	ue/acordos-internacionais/2026/22026A01562.md
22026A01562	Artigo 5.º	Condições relativas ao requisito de estabelecimento	7319	7333	542	ue/acordos-internacionais/2026/22026A01562.md
22026A01562	Artigo 6.º	Condições relativas ao requisito de idoneidade	7335	7395	1173	ue/acordos-internacionais/2026/22026A01562.md
22026A01562	Artigo 7.º	Condições relativas ao requisito de capacidade financeira	7397	7409	697	ue/acordos-internacionais/2026/22026A01562.md
22026A01562	Artigo 8.º	Condições relativas ao requisito de capacidade profissional	7411	7421	436	ue/acordos-internacionais/2026/22026A01562.md
22026A01562	Artigo 9.º	Isenção de exame	7423	7425	120	ue/acordos-internacionais/2026/22026A01562.md
22026A01562	Artigo 10.º	Procedimento de suspensão e de retirada das autorizações	7427	7439	437	ue/acordos-internacionais/2026/22026A01562.md
22026A01562	Artigo 11.º	Declaração de inaptidão do gestor de transportes	7441	7447	211	ue/acordos-internacionais/2026/22026A01562.md
22026A01562	Artigo 12.º	Análise e registo dos pedidos	7449	7455	238	ue/acordos-internacionais/2026/22026A01562.md
22026A01562	Artigo 13.º	Registos eletrónicos nacionais	7457	7461	94	ue/acordos-internacionais/2026/22026A01562.md
22026A01562	Artigo 14.º	Cooperação administrativa entre as autoridades competentes	7463	7473	342	ue/acordos-internacionais/2026/22026A01562.md
22026A01562	Apêndice 27-A-1-1	INFRAÇÕES MUITO GRAVES PARA EFEITOS DO PRESENTE ANEXO, PARTE A, ARTIGO 6.º, N.º 2	7475	7493	526	ue/acordos-internacionais/2026/22026A01562.md
22026A01562	Apêndice 27-A-1-1-A	LISTA DE INFRAÇÕES GRAVES PARA EFEITOS DO PRESENTE ANEXO, PARTE A, ARTIGO 6.º, N.º 2	7495	7732	6550	ue/acordos-internacionais/2026/22026A01562.md
22026A01562	Apêndice 27-A-1-2		7734	7883	2753	ue/acordos-internacionais/2026/22026A01562.md
22026A01562	Apêndice 27-A-1-3		7885	7959	2195	ue/acordos-internacionais/2026/22026A01562.md
22026A01562	Apêndice 27-A-1-4	ELEMENTOS DE SEGURANÇA DA LICENÇA	7961	7975	156	ue/acordos-internacionais/2026/22026A01562.md
22026A01562	Apêndice 27-A-1-5		7977	8192	5783	ue/acordos-internacionais/2026/22026A01562.md
22026A01562	Artigo 1.º	Âmbito de aplicação	8074	8076	127	ue/acordos-internacionais/2026/22026A01562.md
22026A01562	Artigo 2.º	Isenções	8078	8092	340	ue/acordos-internacionais/2026/22026A01562.md
22026A01562	Artigo 3.º	Qualificação e formação	8094	8118	638	ue/acordos-internacionais/2026/22026A01562.md
22026A01562	Artigo 4.º	Direitos adquiridos	8120	8122	82	ue/acordos-internacionais/2026/22026A01562.md
22026A01562	Artigo 5.º	Qualificação inicial	8124	8140	324	ue/acordos-internacionais/2026/22026A01562.md
22026A01562	Artigo 6.º	CAP comprovativo da qualificação inicial	8142	8160	628	ue/acordos-internacionais/2026/22026A01562.md
22026A01562	Artigo 7.º	Formação contínua	8162	8168	287	ue/acordos-internacionais/2026/22026A01562.md
22026A01562	Artigo 8.º	CAP comprovativo da formação contínua	8170	8186	374	ue/acordos-internacionais/2026/22026A01562.md
22026A01562	Artigo 9.º	Garantia do cumprimento	8188	8192	249	ue/acordos-internacionais/2026/22026A01562.md
22026A01562	Apêndice 27-B-1-1	EXIGÊNCIAS MÍNIMAS PARA A QUALIFICAÇÃO E FORMAÇÃO	8194	8334	4983	ue/acordos-internacionais/2026/22026A01562.md
22026A01562	Apêndice 27-B-1-2	MODELO DE CARTA DE QUALIFICAÇÃO DE CONDUTOR A QUE SE REFERE A PARTE B, SECÇÃO 1, ARTIGO 9.º, DO PRESENTE ANEXO	8336	8938	13639	ue/acordos-internacionais/2026/22026A01562.md
22026A01562	Artigo 1.º	Âmbito de aplicação	8346	8382	692	ue/acordos-internacionais/2026/22026A01562.md
22026A01562	Artigo 2.º	Definições	8384	8424	842	ue/acordos-internacionais/2026/22026A01562.md
22026A01562	Artigo 3.º	Requisitos aplicáveis aos ajudantes de condutores	8426	8428	126	ue/acordos-internacionais/2026/22026A01562.md
22026A01562	Artigo 4.º	Tempos de condução	8430	8442	304	ue/acordos-internacionais/2026/22026A01562.md
22026A01562	Artigo 5.º	Pausas	8444	8450	159	ue/acordos-internacionais/2026/22026A01562.md
22026A01562	Artigo 6.º	Repouso	8452	8506	1588	ue/acordos-internacionais/2026/22026A01562.md
22026A01562	Artigo 7.º	Responsabilidade dos transportadores rodoviários de mercadorias	8508	8528	730	ue/acordos-internacionais/2026/22026A01562.md
22026A01562	Artigo 8.º	Exceções	8530	8582	1555	ue/acordos-internacionais/2026/22026A01562.md
22026A01562	Artigo 1.º	Âmbito de aplicação	8584	8594	169	ue/acordos-internacionais/2026/22026A01562.md
22026A01562	Artigo 2.º	Definições	8596	8650	1358	ue/acordos-internacionais/2026/22026A01562.md
22026A01562	Artigo 3.º	Tempo máximo de trabalho semanal	8652	8656	169	ue/acordos-internacionais/2026/22026A01562.md
22026A01562	Artigo 4.º	Pausas	8658	8662	154	ue/acordos-internacionais/2026/22026A01562.md
22026A01562	Artigo 5.º	Períodos de repouso	8664	8666	100	ue/acordos-internacionais/2026/22026A01562.md
22026A01562	Artigo 6.º	Trabalho noturno	8668	8674	118	ue/acordos-internacionais/2026/22026A01562.md
22026A01562	Artigo 7.º	Derrogações	8676	8682	216	ue/acordos-internacionais/2026/22026A01562.md
22026A01562	Artigo 8.º	Informação e registos	8684	8690	202	ue/acordos-internacionais/2026/22026A01562.md
22026A01562	Artigo 9.º	Disposições mais favoráveis	8692	8698	158	ue/acordos-internacionais/2026/22026A01562.md
22026A01562	Artigo 1.º	Objeto e princípios	8700	8702	62	ue/acordos-internacionais/2026/22026A01562.md
22026A01562	Artigo 2.º	Definições	8704	8734	656	ue/acordos-internacionais/2026/22026A01562.md
22026A01562	Artigo 3.º	Utilização dos cartões de condutor	8736	8740	78	ue/acordos-internacionais/2026/22026A01562.md
22026A01562	Artigo 4.º	Emissão dos cartões de condutor	8742	8750	313	ue/acordos-internacionais/2026/22026A01562.md
22026A01562	Artigo 5.º	Renovação dos cartões de condutor	8752	8754	62	ue/acordos-internacionais/2026/22026A01562.md
22026A01562	Artigo 6.º	Utilização dos cartões de condutor e das folhas de registo	8756	8836	1484	ue/acordos-internacionais/2026/22026A01562.md
22026A01562	Artigo 7.º	Utilização correta dos tacógrafos	8838	8842	219	ue/acordos-internacionais/2026/22026A01562.md
22026A01562	Artigo 8.º	Furto, roubo, extravio ou defeito dos cartões de condutor	8844	8854	326	ue/acordos-internacionais/2026/22026A01562.md
22026A01562	Artigo 9.º	Cartões de condutor ou folhas de registo danificados	8856	8868	298	ue/acordos-internacionais/2026/22026A01562.md
22026A01562	Artigo 10.º	Registos que devem acompanhar o condutor	8870	8890	372	ue/acordos-internacionais/2026/22026A01562.md
22026A01562	Artigo 11.º	Procedimentos para os condutores em caso de mau funcionamento do aparelho	8892	8898	139	ue/acordos-internacionais/2026/22026A01562.md
22026A01562	Artigo 12.º	Medidas de execução	8900	8938	920	ue/acordos-internacionais/2026/22026A01562.md
22026A01562	Apêndice 27-B-4-1	ADAPTAÇÕES DAS ESPECIFICAÇÕES TÉCNICAS DO TACÓGRAFO ANALÓGICO	8940	8958	828	ue/acordos-internacionais/2026/22026A01562.md
22026A01562	Apêndice 27-B-4-2	ADAPTAÇÕES DAS ESPECIFICAÇÕES TÉCNICAS DO TACÓGRAFO DIGITAL	8960	9046	2009	ue/acordos-internacionais/2026/22026A01562.md
22026A01562	Apêndice 27-B-4-3	ADAPTAÇÕES DAS ESPECIFICAÇÕES TÉCNICAS DO TACÓGRAFO INTELIGENTE 1	9048	9161	2705	ue/acordos-internacionais/2026/22026A01562.md
22026A01562	Apêndice 27-B-4-4	ADAPTAÇÕES DAS ESPECIFICAÇÕES TÉCNICAS DO TACÓGRAFO INTELIGENTE 2	9163	9430	6154	ue/acordos-internacionais/2026/22026A01562.md
22026A01562	Artigo 1.º	Objeto e princípios	9304	9306	57	ue/acordos-internacionais/2026/22026A01562.md
22026A01562	Artigo 2.º	Definições	9308	9352	856	ue/acordos-internacionais/2026/22026A01562.md
22026A01562	Artigo 3.º	Licenças especiais	9354	9356	101	ue/acordos-internacionais/2026/22026A01562.md
22026A01562	Artigo 4.º	Restrições locais	9358	9362	161	ue/acordos-internacionais/2026/22026A01562.md
22026A01562	Artigo 5.º	Dispositivos aerodinâmicos fixados à retaguarda dos veículos ou conjuntos de veículos	9364	9376	362	ue/acordos-internacionais/2026/22026A01562.md
22026A01562	Artigo 6.º	Cabinas aerodinâmicas	9378	9380	130	ue/acordos-internacionais/2026/22026A01562.md
22026A01562	Artigo 7.º	Operações de transporte intermodal	9382	9386	246	ue/acordos-internacionais/2026/22026A01562.md
22026A01562	Artigo 8.º	Prova de conformidade	9388	9420	651	ue/acordos-internacionais/2026/22026A01562.md
22026A01562	Artigo 9.º	Garantia do cumprimento	9422	9430	320	ue/acordos-internacionais/2026/22026A01562.md
22026A01562	Apêndice 27-C-1-1	PESOS E DIMENSÕES MÁXIMAS DOS VEÍCULOS E CARACTERÍSTICAS CONEXAS	9432	9795	9654	ue/acordos-internacionais/2026/22026A01562.md
22026A01562	Artigo 1.º	Objeto e princípios	9497	9499	70	ue/acordos-internacionais/2026/22026A01562.md
22026A01562	Artigo 2.º	Definições	9501	9535	933	ue/acordos-internacionais/2026/22026A01562.md
22026A01562	Artigo 3.º	Instalação	9537	9569	785	ue/acordos-internacionais/2026/22026A01562.md
22026A01562	Artigo 4.º	Proteção de dados	9571	9585	312	ue/acordos-internacionais/2026/22026A01562.md
22026A01562	Artigo 5.º	Instalação e reparação	9587	9623	823	ue/acordos-internacionais/2026/22026A01562.md
22026A01562	Artigo 6.º	Inspeções dos tacógrafos	9625	9647	375	ue/acordos-internacionais/2026/22026A01562.md
22026A01562	Artigo 7.º	Aprovação de instaladores, oficinas e fabricantes de veículos	9649	9669	560	ue/acordos-internacionais/2026/22026A01562.md
22026A01562	Artigo 8.º	Cartões de oficina	9671	9679	310	ue/acordos-internacionais/2026/22026A01562.md
22026A01562	Artigo 9.º	Emissão dos cartões de condutor	9681	9701	950	ue/acordos-internacionais/2026/22026A01562.md
22026A01562	Artigo 10.º	Renovação dos cartões de condutor	9703	9707	154	ue/acordos-internacionais/2026/22026A01562.md
22026A01562	Artigo 11.º	Furto, roubo, extravio ou defeito dos cartões de condutor	9709	9713	138	ue/acordos-internacionais/2026/22026A01562.md
22026A01562	Artigo 12.º	Aceitação mútua dos cartões de condutor	9715	9723	236	ue/acordos-internacionais/2026/22026A01562.md
22026A01562	Artigo 13.º	Intercâmbio eletrónico de informações sobre cartões de condutor	9725	9743	380	ue/acordos-internacionais/2026/22026A01562.md
22026A01562	Artigo 14.º	Regulação dos tacógrafos	9745	9751	144	ue/acordos-internacionais/2026/22026A01562.md
22026A01562	Artigo 15.º	Responsabilidade dos transportadores rodoviários de mercadorias	9753	9763	616	ue/acordos-internacionais/2026/22026A01562.md
22026A01562	Artigo 16.º	Procedimentos para os transportadores rodoviários de mercadorias em caso de mau funcionamento do aparelho	9765	9771	233	ue/acordos-internacionais/2026/22026A01562.md
22026A01562	Artigo 17.º	Procedimento para a emissão de cartões tacográficos	9773	9795	892	ue/acordos-internacionais/2026/22026A01562.md
22026A01562	ANEXO 28	CONDIÇÕES DE EMPREGO A QUE SE REFERE O ARTIGO 295.º DO ACORDO	9797	9819	386	ue/acordos-internacionais/2026/22026A01562.md
22026A01562	ANEXO 29	REGRAS PROCESSUAIS PARA A RESOLUÇÃO DE LITÍGIOS	9821	9998	4376	ue/acordos-internacionais/2026/22026A01562.md
22026A01562	ANEXO 30	CÓDIGO DE CONDUTA DOS ÁRBITROS	10000	10073	1601	ue/acordos-internacionais/2026/22026A01562.md
22026A01562	Artigo SSC.1	Definições	10077	10165	2980	ue/acordos-internacionais/2026/22026A01562.md
22026A01562	Artigo SSC.2	Comunicações e notificações	10167	10169	78	ue/acordos-internacionais/2026/22026A01562.md
22026A01562	Artigo SSC.3	Âmbito de aplicação pessoal	10171	10179	322	ue/acordos-internacionais/2026/22026A01562.md
22026A01562	Artigo SSC.4	Âmbito de aplicação material	10181	10219	451	ue/acordos-internacionais/2026/22026A01562.md
22026A01562	Artigo SSC.5	Igualdade de tratamento	10221	10223	106	ue/acordos-internacionais/2026/22026A01562.md
22026A01562	Artigo SSC.6	Igualdade de tratamento de prestações, de rendimentos, de factos ou de acontecimentos	10225	10231	440	ue/acordos-internacionais/2026/22026A01562.md
22026A01562	Artigo SSC.7	Totalização dos períodos	10233	10241	216	ue/acordos-internacionais/2026/22026A01562.md
22026A01562	Artigo SSC.8	Derrogação das regras de residência	10243	10245	161	ue/acordos-internacionais/2026/22026A01562.md
22026A01562	Artigo SSC.9	Proibição de cumulação de prestações	10247	10249	62	ue/acordos-internacionais/2026/22026A01562.md
22026A01562	Artigo SSC.10	Disposições gerais	10253	10271	930	ue/acordos-internacionais/2026/22026A01562.md
22026A01562	Artigo SSC.11	Trabalhadores fronteiriços destacados	10273	10285	411	ue/acordos-internacionais/2026/22026A01562.md
22026A01562	Artigo SSC.12	Trabalhadores destacados	10287	10295	286	ue/acordos-internacionais/2026/22026A01562.md
22026A01562	Artigo SSC.13	Exercício de atividades no Reino de Espanha e em Gibraltar	10297	10325	860	ue/acordos-internacionais/2026/22026A01562.md
22026A01562	Artigo SSC. 14	Seguro voluntário ou seguro facultativo continuado	10327	10335	718	ue/acordos-internacionais/2026/22026A01562.md
22026A01562	Artigo SSC.15	Obrigações do empregador	10337	10341	272	ue/acordos-internacionais/2026/22026A01562.md
22026A01562	Artigo SSC.16	Residência ou em Gibraltar, quando o Reino de Espanha é competente ou no Reino de Espanha, quando o Reino Unido, no que diz respeito a Gibraltar, é competente	10349	10351	182	ue/acordos-internacionais/2026/22026A01562.md
22026A01562	Artigo SSC.17	Estada no local de afetação da atividade por conta de outrem ou por conta própria	10353	10359	309	ue/acordos-internacionais/2026/22026A01562.md
22026A01562	Artigo SSC.18	Prestações pecuniárias	10361	10369	440	ue/acordos-internacionais/2026/22026A01562.md
22026A01562	Artigo SSC.19	Requerentes de pensão	10371	10375	236	ue/acordos-internacionais/2026/22026A01562.md
22026A01562	Artigo SSC.20	Direito a prestações em espécie ao abrigo da legislação do local de residência	10379	10381	158	ue/acordos-internacionais/2026/22026A01562.md
22026A01562	Artigo SSC.21	Ausência de direito a prestações em espécie ao abrigo da legislação do lugar de residência	10383	10403	418	ue/acordos-internacionais/2026/22026A01562.md
22026A01562	Artigo SSC.22	Continuação do tratamento	10405	10407	167	ue/acordos-internacionais/2026/22026A01562.md
22026A01562	Artigo SSC.23	Prestações pecuniárias para titulares de pensões	10409	10413	146	ue/acordos-internacionais/2026/22026A01562.md
22026A01562	Artigo SSC.24	Contribuições	10415	10417	149	ue/acordos-internacionais/2026/22026A01562.md
22026A01562	Artigo SSC.25	Disposições gerais	10421	10423	84	ue/acordos-internacionais/2026/22026A01562.md
22026A01562	Artigo SSC.26	Prioridade ao direito a prestações em espécie — regra especial para o direito dos familiares a prestações no lugar de residência	10425	10435	385	ue/acordos-internacionais/2026/22026A01562.md
22026A01562	Artigo SSC.27	Reembolsos entre instituições	10437	10443	194	ue/acordos-internacionais/2026/22026A01562.md
22026A01562	Artigo SSC.28	Direito às prestações em espécie e pecuniárias	10447	10453	241	ue/acordos-internacionais/2026/22026A01562.md
22026A01562	Artigo SSC.29	Despesas de transporte	10455	10459	214	ue/acordos-internacionais/2026/22026A01562.md
22026A01562	Artigo SSC.30	Prestações por doença profissional no caso de a pessoa que sofra de tal doença ter estado exposta ao mesmo risco no Reino de Espanha e em Gibraltar	10461	10463	171	ue/acordos-internacionais/2026/22026A01562.md
22026A01562	Artigo SSC.31	Agravamento de doença profissional	10465	10473	536	ue/acordos-internacionais/2026/22026A01562.md
22026A01562	Artigo SSC.32	Regras para ter em conta as especificidades das legislações em causa	10475	10485	616	ue/acordos-internacionais/2026/22026A01562.md
22026A01562	Artigo SSC.33	Reembolsos entre instituições	10487	10491	102	ue/acordos-internacionais/2026/22026A01562.md
22026A01562	Artigo SSC.34	Direito a subsídios em caso de morte ou quando o titular do direito residir no Reino de Espanha, quando o Reino Unido, no que diz respeito a Gibraltar, é compet	10495	10501	243	ue/acordos-internacionais/2026/22026A01562.md
22026A01562	Artigo SSC.35	Concessão de prestações em caso de morte do titular da pensão	10503	10507	204	ue/acordos-internacionais/2026/22026A01562.md
22026A01562	Artigo SSC. 36	Pessoas sujeitas exclusivamente a legislações de tipo A	10511	10517	258	ue/acordos-internacionais/2026/22026A01562.md
22026A01562	Artigo SSC.37	Disposições especiais relativas à totalização de períodos	10519	10521	90	ue/acordos-internacionais/2026/22026A01562.md
22026A01562	Artigo SSC.38	Pessoas sujeitas exclusivamente a legislações de tipo B ou a legislações de tipo A e B	10523	10533	324	ue/acordos-internacionais/2026/22026A01562.md
22026A01562	Artigo SSC. 39	Agravamento da invalidez	10535	10545	324	ue/acordos-internacionais/2026/22026A01562.md
22026A01562	Artigo SSC.40	Conversão das prestações por invalidez em prestações por velhice	10547	10557	568	ue/acordos-internacionais/2026/22026A01562.md
22026A01562	Artigo SSC.41	Disposições especiais aplicáveis aos funcionários públicos	10559	10561	68	ue/acordos-internacionais/2026/22026A01562.md
22026A01562	Artigo SSC.42	Tomada em consideração dos períodos de assistência a filhos menores	10565	10569	314	ue/acordos-internacionais/2026/22026A01562.md
22026A01562	Artigo SSC.43	Disposições gerais	10571	10579	491	ue/acordos-internacionais/2026/22026A01562.md
22026A01562	Artigo SSC.44	Disposições especiais relativas à totalização de períodos	10581	10589	881	ue/acordos-internacionais/2026/22026A01562.md
22026A01562	Artigo SSC.45	Liquidação das prestações	10591	10615	819	ue/acordos-internacionais/2026/22026A01562.md
22026A01562	Artigo SSC.46	Regras anticúmulo	10617	10631	618	ue/acordos-internacionais/2026/22026A01562.md
22026A01562	Artigo SSC.47	Cumulação de prestações da mesma natureza	10633	10647	290	ue/acordos-internacionais/2026/22026A01562.md
22026A01562	Artigo SSC.48	Cumulação de prestações de natureza diferente	10649	10661	538	ue/acordos-internacionais/2026/22026A01562.md
22026A01562	Artigo SSC.49	Disposições complementares para o cálculo das prestações	10663	10679	950	ue/acordos-internacionais/2026/22026A01562.md
22026A01562	Artigo SSC.50	Períodos de seguro inferiores a um ano	10681	10695	441	ue/acordos-internacionais/2026/22026A01562.md
22026A01562	Artigo SSC.51	Atribuição de um complemento	10697	10701	265	ue/acordos-internacionais/2026/22026A01562.md
22026A01562	Artigo SSC.52	Novo cálculo e revalorização das prestações	10703	10707	228	ue/acordos-internacionais/2026/22026A01562.md
22026A01562	Artigo SSC.53	Disposições especiais aplicáveis aos funcionários públicos	10709	10717	478	ue/acordos-internacionais/2026/22026A01562.md
22026A01562	Artigo SSC.54	Disposições especiais relativas à totalização dos períodos de seguro, de emprego ou de atividade por conta própria	10721	10733	470	ue/acordos-internacionais/2026/22026A01562.md
22026A01562	Artigo SSC.55	Cálculo das prestações por desemprego	10735	10741	458	ue/acordos-internacionais/2026/22026A01562.md
22026A01562	Artigo SSC.56	Pessoas em situação de desemprego que residiam no Reino de Espanha, quando o Reino Unido, no que diz respeito a Gibraltar, é competente, ou em Gibraltar, quando	10743	10759	905	ue/acordos-internacionais/2026/22026A01562.md
22026A01562	Artigo SSC.57	Prestações	10763	10765	57	ue/acordos-internacionais/2026/22026A01562.md
22026A01562	Artigo SSC.58	Familiares residentes no Reino de Espanha ou em Gibraltar	10769	10775	246	ue/acordos-internacionais/2026/22026A01562.md
22026A01562	Artigo SSC.59	Regras de prioridade em caso de cumulação	10777	10795	838	ue/acordos-internacionais/2026/22026A01562.md
22026A01562	Artigo SSC.60	Concessão das prestações	10797	10799	144	ue/acordos-internacionais/2026/22026A01562.md
22026A01562	Artigo SSC.61	Disposições complementares	10801	10805	438	ue/acordos-internacionais/2026/22026A01562.md
22026A01562	Artigo SSC.62	Cooperação	10809	10829	995	ue/acordos-internacionais/2026/22026A01562.md
22026A01562	Artigo SSC.63	Tratamento dos dados	10831	10839	358	ue/acordos-internacionais/2026/22026A01562.md
22026A01562	Artigo SSC.64	Isenções	10841	10845	242	ue/acordos-internacionais/2026/22026A01562.md
22026A01562	Artigo SSC.65	Pedidos, declarações ou recursos	10847	10849	306	ue/acordos-internacionais/2026/22026A01562.md
22026A01562	Artigo SSC.66	Peritagens médicas	10851	10855	140	ue/acordos-internacionais/2026/22026A01562.md
22026A01562	Artigo SSC.67	Cobrança de contribuições e restituição de prestações	10857	10865	544	ue/acordos-internacionais/2026/22026A01562.md
22026A01562	Artigo SSC.68	Direitos das instituições	10867	10889	759	ue/acordos-internacionais/2026/22026A01562.md
22026A01562	Artigo SSC.69	Aplicação das legislações	10891	10893	52	ue/acordos-internacionais/2026/22026A01562.md
22026A01562	Artigo SSC.70	Proteção dos direitos individuais	10897	10901	238	ue/acordos-internacionais/2026/22026A01562.md
22026A01562	Artigo SSC.71	Disposição transitória	10903	10917	540	ue/acordos-internacionais/2026/22026A01562.md
22026A01562	Artigo SSC.72	Alterações	10919	10921	32	ue/acordos-internacionais/2026/22026A01562.md
22026A01562	ANEXO SSC-1	ADIANTAMENTOS DE PENSÕES DE ALIMENTOS, SUBSÍDIOS ESPECIAIS DE NASCIMENTO E DE ADOÇÃO A QUE SE REFERE O ARTIGO SSC.1, N.º 29	10923	10943	170	ue/acordos-internacionais/2026/22026A01562.md
22026A01562	ANEXO SSC-2	CASOS EM QUE O CÁLCULO PROPORCIONAL NÃO É EFETUADO OU NÃO É APLICÁVEL A QUE SE REFERE O ARTIGO SSC.45	10945	10969	138	ue/acordos-internacionais/2026/22026A01562.md
22026A01562	ANEXO SSC-3	PRESTAÇÕES E ACORDOS QUE PERMITEM A APLICAÇÃO DO ARTIGO SSC.47	10971	10997	420	ue/acordos-internacionais/2026/22026A01562.md
22026A01562	ANEXO SSC-4	DISPOSIÇÕES ESPECIAIS DE APLICAÇÃO DA LEGISLAÇÃO DO REINO UNIDO, NO QUE DIZ RESPEITO A GIBRALTAR, OU DO REINO DE ESPANHA	10999	11021	884	ue/acordos-internacionais/2026/22026A01562.md
22026A01562	ANEXO SSC-5		11023	11023	4	ue/acordos-internacionais/2026/22026A01562.md
22026A01562	ANEXO DE APLICAÇÃO DO PROTOCOLO RELATIVO À COORDENAÇÃO DA SEGURANÇA SOCIAL		11025	11025	20	ue/acordos-internacionais/2026/22026A01562.md
22026A01562	Artigo SSCI.1	Definições	11031	11051	429	ue/acordos-internacionais/2026/22026A01562.md
22026A01562	Artigo SSCI.2	Âmbito de aplicação e modalidades dos intercâmbios entre as instituições	11055	11063	538	ue/acordos-internacionais/2026/22026A01562.md
22026A01562	Artigo SSCI.3	Âmbito de aplicação e modalidades dos intercâmbios entre interessados e as instituições	11065	11073	433	ue/acordos-internacionais/2026/22026A01562.md
22026A01562	Artigo SSCI.4	Formulários, documentos e metodologia do intercâmbio de dados	11075	11087	614	ue/acordos-internacionais/2026/22026A01562.md
22026A01562	Artigo SSCI.5	Valor jurídico dos documentos e dos comprovativos emitidos no Reino Unido, no que diz respeito a Gibraltar, e no Reino de Espanha	11089	11095	384	ue/acordos-internacionais/2026/22026A01562.md
22026A01562	Artigo SSCI.6	Aplicação provisória de legislação e concessão provisória de prestações	11097	11113	634	ue/acordos-internacionais/2026/22026A01562.md
22026A01562	Artigo SSCI.7	Cálculo provisório das prestações e contribuições	11115	11119	231	ue/acordos-internacionais/2026/22026A01562.md
22026A01562	Artigo SSCI.8	Outros procedimentos entre autoridades e instituições	11123	11125	90	ue/acordos-internacionais/2026/22026A01562.md
22026A01562	Artigo SSCI.9	Prevenção da cumulação de prestações	11127	11129	143	ue/acordos-internacionais/2026/22026A01562.md
22026A01562	Artigo SSCI.10	Totalização dos períodos	11131	11143	672	ue/acordos-internacionais/2026/22026A01562.md
22026A01562	Artigo SSCI.11	Regras de conversão dos períodos	11145	11177	800	ue/acordos-internacionais/2026/22026A01562.md
22026A01562	Artigo SSCI.12	Elementos de definição relativos aos artigos SSC.11, SSC.12 e SSC.13 do presente Protocolo	11181	11213	1529	ue/acordos-internacionais/2026/22026A01562.md
22026A01562	Artigo SSCI.13	Procedimento para a aplicação do artigo SSC.10, n.º 3, alínea b), do artigo SSC.10, n.º 4, e dos artigos SSC.11 e SSC.12 do presente Protocolo	11215	11219	538	ue/acordos-internacionais/2026/22026A01562.md
22026A01562	Artigo SSCI.14	Procedimento para a aplicação do artigo SSC.13 do presente Protocolo	11221	11235	666	ue/acordos-internacionais/2026/22026A01562.md
22026A01562	Artigo SSCI.15	Informação dos interessados e dos empregadores	11237	11241	201	ue/acordos-internacionais/2026/22026A01562.md
22026A01562	Artigo SSCI.16	Cooperação entre instituições	11243	11247	223	ue/acordos-internacionais/2026/22026A01562.md
22026A01562	Artigo SSCI.17	Disposições gerais de aplicação	11253	11257	228	ue/acordos-internacionais/2026/22026A01562.md
22026A01562	Artigo SSCI.18	Regime aplicável em caso de pluralidade de regimes no lugar de residência ou no local de trabalho	11259	11261	118	ue/acordos-internacionais/2026/22026A01562.md
22026A01562	Artigo SSCI.19	Residência no Reino de Espanha, quando o Reino Unido, no que diz respeito a Gibraltar, é competente, ou em Gibraltar, quando o Reino de Espanha é competente	11263	11271	261	ue/acordos-internacionais/2026/22026A01562.md
22026A01562	Artigo SSCI.20	Aplicação do artigo SSC.17, n.º 2, do presente Protocolo	11273	11277	254	ue/acordos-internacionais/2026/22026A01562.md
22026A01562	Artigo SSCI.21	Aplicação do artigo SSC.22 do presente Protocolo	11279	11281	115	ue/acordos-internacionais/2026/22026A01562.md
22026A01562	Artigo SSCI.22	Contribuições a cargo dos titulares de pensões	11283	11285	106	ue/acordos-internacionais/2026/22026A01562.md
22026A01562	Artigo SSCI.23	Direito às prestações em espécie e pecuniárias no lugar de residência	11289	11293	132	ue/acordos-internacionais/2026/22026A01562.md
22026A01562	Artigo SSCI.24	Pedido de subsídio por morte	11297	11301	100	ue/acordos-internacionais/2026/22026A01562.md
22026A01562	Artigo SSCI.25	Disposições complementares para o cálculo das prestações	11305	11313	447	ue/acordos-internacionais/2026/22026A01562.md
22026A01562	Artigo SSCI.26	Tomada em consideração dos períodos de educação dos filhos	11315	11321	425	ue/acordos-internacionais/2026/22026A01562.md
22026A01562	Artigo SSCI.27	Totalização de períodos e cálculo das prestações	11325	11329	288	ue/acordos-internacionais/2026/22026A01562.md
22026A01562	Artigo SSCI.28	Pessoas em situação de desemprego que residiam fora do lugar da instituição competente	11331	11339	532	ue/acordos-internacionais/2026/22026A01562.md
22026A01562	Artigo SSCI.29	Medidas reforçadas de apoio e de cooperação para pessoas em situação de desemprego que residiam fora do lugar da instituição competente	11341	11343	135	ue/acordos-internacionais/2026/22026A01562.md
22026A01562	Artigo SSCI.30	Regras de prioridade em caso de cumulação	11347	11349	202	ue/acordos-internacionais/2026/22026A01562.md
22026A01562	Artigo SSCI.31	Regras aplicáveis quando mudam a legislação e/ou a competência para conceder prestações familiares	11351	11355	244	ue/acordos-internacionais/2026/22026A01562.md
22026A01562	Artigo SSCI.32	Procedimento para a aplicação dos artigos SSC.58 e SSC.59 do presente Protocolo	11357	11371	887	ue/acordos-internacionais/2026/22026A01562.md
22026A01562	Artigo SSCI.33	Princípios	11377	11379	100	ue/acordos-internacionais/2026/22026A01562.md
22026A01562	Artigo SSCI.34	Procedimento de reembolso entre instituições	11381	11383	118	ue/acordos-internacionais/2026/22026A01562.md
22026A01562	Artigo SSCI.35	Disposições comuns	11387	11389	113	ue/acordos-internacionais/2026/22026A01562.md
22026A01562	Artigo SSCI.36	Controlo administrativo e exame médico	11393	11409	505	ue/acordos-internacionais/2026/22026A01562.md
22026A01562	Artigo SSCI.37	Informações	11411	11413	146	ue/acordos-internacionais/2026/22026A01562.md
22026A01562	Artigo SSCI.38	Conversão monetária	11415	11439	723	ue/acordos-internacionais/2026/22026A01562.md
22026A01562	Artigo SSCI.39	Disposições transitórias aplicáveis às pensões	11441	11451	464	ue/acordos-internacionais/2026/22026A01562.md
22026A01562	Artigo PCUST.1	Definições	11453	11469	312	ue/acordos-internacionais/2026/22026A01562.md
22026A01562	Artigo PCUST.2	Âmbito de aplicação	11471	11477	308	ue/acordos-internacionais/2026/22026A01562.md
22026A01562	Artigo PCUST.3	Assistência mediante pedido	11479	11499	534	ue/acordos-internacionais/2026/22026A01562.md
22026A01562	Artigo PCUST.4	Assistência espontânea	11501	11511	247	ue/acordos-internacionais/2026/22026A01562.md
22026A01562	Artigo PCUST.5	Forma e conteúdo dos pedidos de assistência	11513	11535	411	ue/acordos-internacionais/2026/22026A01562.md
22026A01562	Artigo PCUST.6	Execução dos pedidos	11537	11541	174	ue/acordos-internacionais/2026/22026A01562.md
22026A01562	Artigo PCUST.7	Forma de comunicação das informações	11543	11549	279	ue/acordos-internacionais/2026/22026A01562.md
22026A01562	Artigo PCUST.8	Presença de funcionários de uma Parte no território de outra	11551	11555	199	ue/acordos-internacionais/2026/22026A01562.md
22026A01562	Artigo PCUST.9	Entrega e notificação	11557	11561	160	ue/acordos-internacionais/2026/22026A01562.md
22026A01562	Artigo PCUST.10	Intercâmbio automático de informações	11563	11571	146	ue/acordos-internacionais/2026/22026A01562.md
22026A01562	Artigo PCUST.11	Exceções à obrigação de prestar assistência	11573	11587	346	ue/acordos-internacionais/2026/22026A01562.md
22026A01562	Artigo PCUST.12	Intercâmbio de informações e confidencialidade	11589	11599	495	ue/acordos-internacionais/2026/22026A01562.md
22026A01562	Artigo PCUST.13	Peritos e testemunhas	11601	11603	157	ue/acordos-internacionais/2026/22026A01562.md
22026A01562	Artigo PCUST.14	Despesas de assistência	11605	11611	174	ue/acordos-internacionais/2026/22026A01562.md
22026A01562	Artigo PCUST.15	Aplicação	11613	11619	276	ue/acordos-internacionais/2026/22026A01562.md
22026A01562	Artigo PCUST.16	Outros acordos	11621	11623	109	ue/acordos-internacionais/2026/22026A01562.md
22026A01562	Artigo PCUST.17	Consultas	11625	11627	58	ue/acordos-internacionais/2026/22026A01562.md
22026A01562	Artigo PCUST.18	Cláusula evolutiva	11629	11631	96	ue/acordos-internacionais/2026/22026A01562.md
22026A01562	Artigo PVAT.1	Objetivo	11635	11637	151	ue/acordos-internacionais/2026/22026A01562.md
22026A01562	Artigo PVAT.2	Âmbito de aplicação	11639	11651	288	ue/acordos-internacionais/2026/22026A01562.md
22026A01562	Artigo PVAT.3	Definições	11653	11681	590	ue/acordos-internacionais/2026/22026A01562.md
22026A01562	Artigo PVAT.4	Organização	11683	11699	439	ue/acordos-internacionais/2026/22026A01562.md
22026A01562	Artigo PVAT.5	Regime linguístico	11701	11703	67	ue/acordos-internacionais/2026/22026A01562.md
22026A01562	Artigo PVAT.6	Confidencialidade	11705	11715	303	ue/acordos-internacionais/2026/22026A01562.md
22026A01562	Artigo PVAT.7	Intercâmbio de informações e inquéritos administrativos	11721	11727	166	ue/acordos-internacionais/2026/22026A01562.md
22026A01562	Artigo PVAT.8	Assistência em matéria de pedidos relativos ao imposto especial de consumo	11729	11745	418	ue/acordos-internacionais/2026/22026A01562.md
22026A01562	Artigo PVAT.9	Prazo para comunicação de informações	11747	11751	139	ue/acordos-internacionais/2026/22026A01562.md
22026A01562	Artigo PVAT.10	Troca espontânea de informações	11755	11763	155	ue/acordos-internacionais/2026/22026A01562.md
22026A01562	Artigo PVAT.11	Notificação administrativa	11767	11773	178	ue/acordos-internacionais/2026/22026A01562.md
22026A01562	Artigo PVAT.12	Presença nos serviços administrativos e participação em inquéritos administrativos	11775	11779	344	ue/acordos-internacionais/2026/22026A01562.md
22026A01562	Artigo PVAT.13	Condições que regem a troca de informações	11783	11799	478	ue/acordos-internacionais/2026/22026A01562.md
22026A01562	Artigo PVAT.14	Formas de comunicação	11801	11819	246	ue/acordos-internacionais/2026/22026A01562.md
22026A01562	Artigo PVAT.15	Pedidos de informações	11825	11841	251	ue/acordos-internacionais/2026/22026A01562.md
22026A01562	Artigo PVAT.16	Presença nos serviços administrativos e participação em inquéritos administrativos	11843	11851	252	ue/acordos-internacionais/2026/22026A01562.md
22026A01562	Artigo PVAT.17	Pedido de notificação de certos documentos respeitantes a créditos	11855	11873	311	ue/acordos-internacionais/2026/22026A01562.md
22026A01562	Artigo PVAT.18	Pedido de cobrança	11877	11881	97	ue/acordos-internacionais/2026/22026A01562.md
22026A01562	Artigo PVAT.19	Condições que regem os pedidos de cobrança	11883	11891	225	ue/acordos-internacionais/2026/22026A01562.md
22026A01562	Artigo PVAT.20	Execução dos pedidos de cobrança	11893	11901	213	ue/acordos-internacionais/2026/22026A01562.md
22026A01562	Artigo PVAT.21	Créditos contestados e medidas de execução	11903	11911	299	ue/acordos-internacionais/2026/22026A01562.md
22026A01562	Artigo PVAT.22	Alteração ou cancelamento do pedido de assistência à cobrança	11913	11915	74	ue/acordos-internacionais/2026/22026A01562.md
22026A01562	Artigo PVAT.23	Pedido de medidas cautelares	11917	11923	295	ue/acordos-internacionais/2026/22026A01562.md
22026A01562	Artigo PVAT.24	Limites às obrigações da autoridade requerida	11925	11939	231	ue/acordos-internacionais/2026/22026A01562.md
22026A01562	Artigo PVAT.25	Questões relativas à prescrição	11941	11945	94	ue/acordos-internacionais/2026/22026A01562.md
22026A01562	Artigo PVAT.26	Custos	11947	11955	186	ue/acordos-internacionais/2026/22026A01562.md
22026A01562	Artigo PTOB.1	Partilha de informações	11957	11977	586	ue/acordos-internacionais/2026/22026A01562.md
22026A01562	Artigo PTOB.2	Cooperação e execução	11979	12005	586	ue/acordos-internacionais/2026/22026A01562.md
22026A01562	Artigo PTOB.3	Rastreabilidade do tabaco	12007	12017	273	ue/acordos-internacionais/2026/22026A01562.md
22026A01562	Artigo PTOB.4	Diferencial de preços	12019	12021	24	ue/acordos-internacionais/2026/22026A01562.md
22026A01562	Artigo PTOB.5	Medidas adicionais	12023	12031	270	ue/acordos-internacionais/2026/22026A01562.md
22026A01935	Artigo 1.º	Objetivo	20	22	83	ue/acordos-internacionais/2026/22026A01935.md
22026A01935	Artigo 2.º	Zonas de pesca das Seicheles	24	30	224	ue/acordos-internacionais/2026/22026A01935.md
22026A01935	Artigo 3.º	Período de aplicação e possibilidades de pesca	32	54	393	ue/acordos-internacionais/2026/22026A01935.md
22026A01935	Artigo 4.º	Componentes financeiros	56	98	1024	ue/acordos-internacionais/2026/22026A01935.md
22026A01935	Artigo 5.º	Apoio setorial	100	118	291	ue/acordos-internacionais/2026/22026A01935.md
22026A01935	Artigo 6.º	Cooperação científica e técnica em matéria de pesca responsável	120	130	276	ue/acordos-internacionais/2026/22026A01935.md
22026A01935	Artigo 7.º	Revisão das possibilidades de pesca e revisão do presente Protocolo	132	136	216	ue/acordos-internacionais/2026/22026A01935.md
22026A01935	Artigo 8.º	Pesca exploratória e novas possibilidades de pesca	138	144	272	ue/acordos-internacionais/2026/22026A01935.md
22026A01935	Artigo 9.º	Esforço global de pesca nas águas seichelenses e transparência	146	152	291	ue/acordos-internacionais/2026/22026A01935.md
22026A01935	Artigo 10.º	Emprego de pescadores a bordo dos navios da União	154	158	269	ue/acordos-internacionais/2026/22026A01935.md
22026A01935	Artigo 11.º	Confidencialidade e proteção de dados	160	170	373	ue/acordos-internacionais/2026/22026A01935.md
22026A01935	Artigo 12.º	Intercâmbios eletrónicos de dados	172	198	501	ue/acordos-internacionais/2026/22026A01935.md
22026A01935	Artigo 13.º	Funções da Comissão Mista	200	206	114	ue/acordos-internacionais/2026/22026A01935.md
22026A01935	Artigo 14.º	Suspensão e revisão do pagamento dos componentes financeiros	208	220	378	ue/acordos-internacionais/2026/22026A01935.md
22026A01935	Artigo 15.º	Exame intercalar	222	224	40	ue/acordos-internacionais/2026/22026A01935.md
22026A01935	Artigo 16.º	Suspensão	226	228	40	ue/acordos-internacionais/2026/22026A01935.md
22026A01935	Artigo 17.º	Denúncia	230	232	40	ue/acordos-internacionais/2026/22026A01935.md
22026A01935	Artigo 18.º	Obrigações uma vez caducado, suspenso ou denunciado o presente Protocolo	234	238	226	ue/acordos-internacionais/2026/22026A01935.md
22026A01935	Artigo 19.º	Aplicação provisória	240	242	36	ue/acordos-internacionais/2026/22026A01935.md
22026A01935	Artigo 20.º	Vigência	244	246	53	ue/acordos-internacionais/2026/22026A01935.md
22026A01935	Artigo 21.º	Entrada em vigor	248	250	46	ue/acordos-internacionais/2026/22026A01935.md
22026A01935	Artigo 22.º	Textos que fazem fé	252	262	151	ue/acordos-internacionais/2026/22026A01935.md
22026A01935	ANEXO	CONDIÇÕES DA PROSSECUÇÃO DE ATIVIDADES DE PESCA PELOS NAVIOS DA UNIÃO EUROPEIA NA ZONA DE PESCA DAS SEICHELES	264	821	12414	ue/acordos-internacionais/2026/22026A01935.md
22026A01935	Apêndice 1	Informações a prestar aquando do pedido de autorização de pesca ao abrigo do presente Protocolo	823	915	460	ue/acordos-internacionais/2026/22026A01935.md
22026A01935	Apêndice 2	Dados de contacto para as comunicações previstas no presente Protocolo	917	943	173	ue/acordos-internacionais/2026/22026A01935.md
22026A01935	Apêndice 3	Ficha técnica para os navios da União que exercem atividades de pesca nas Seicheles	945	958	341	ue/acordos-internacionais/2026/22026A01935.md
22026A01935	Apêndice 4	Requisitos técnicos para a aplicação do Sistema de Monitorização de Navios (VMS) e do Sistema Eletrónico de Notificação (ERS)	960	1068	4740	ue/acordos-internacionais/2026/22026A01935.md
22026A01935	Apêndice 5	Requisitos mínimos para o exercício da atividade de pescador a bordo dos navios da União	1070	1092	454	ue/acordos-internacionais/2026/22026A01935.md
22026A01935	Apêndice 6	Disposições de aplicação pormenorizadas para o apoio setorial	1094	1200	3192	ue/acordos-internacionais/2026/22026A01935.md
22026A01935	Apêndice 7	Tratamento de dados pessoais	1202	1299	2458	ue/acordos-internacionais/2026/22026A01935.md
22026A01946	Preâmbulo		18	44	367	ue/acordos-internacionais/2026/22026A01946.md
22026A01946	Artigo 1.º	Âmbito de aplicação e definições	48	78	588	ue/acordos-internacionais/2026/22026A01946.md
22026A01946	Artigo 2.º	Disposições gerais	80	86	258	ue/acordos-internacionais/2026/22026A01946.md
22026A01946	Artigo 3.º	Identificação	88	96	256	ue/acordos-internacionais/2026/22026A01946.md
22026A01946	Artigo 4.º	Passagem das fronteiras e circulação no território do Estado anfitrião	98	120	907	ue/acordos-internacionais/2026/22026A01946.md
22026A01946	Artigo 5.º	Privilégios e imunidades da EUNAVFOR concedidos pelo Estado anfitrião	122	138	355	ue/acordos-internacionais/2026/22026A01946.md
22026A01946	Artigo 6.º	Privilégios e imunidades do pessoal da EUNAVFOR concedidos pelo Estado anfitrião	140	170	1070	ue/acordos-internacionais/2026/22026A01946.md
22026A01946	Artigo 7.º	Pessoal local	172	176	112	ue/acordos-internacionais/2026/22026A01946.md
22026A01946	Artigo 8.º	Jurisdição penal	178	180	104	ue/acordos-internacionais/2026/22026A01946.md
22026A01946	Artigo 9.º	Uniformes e porte de armas	182	186	86	ue/acordos-internacionais/2026/22026A01946.md
22026A01946	Artigo 10.º	Apoio do Estado anfitrião e celebração de contratos	188	198	189	ue/acordos-internacionais/2026/22026A01946.md
22026A01946	Artigo 11.º	Alterações às instalações	200	202	62	ue/acordos-internacionais/2026/22026A01946.md
22026A01946	Artigo 12.º	Membros falecidos do pessoal da EUNAVFOR	204	210	156	ue/acordos-internacionais/2026/22026A01946.md
22026A01946	Artigo 13.º	Segurança da EUNAVFOR e polícia militar	212	220	226	ue/acordos-internacionais/2026/22026A01946.md
22026A01946	Artigo 14.º	Comunicações	222	230	278	ue/acordos-internacionais/2026/22026A01946.md
22026A01946	Artigo 15.º	Pedidos de indemnização por morte, ferimento ou lesão, danos ou perdas	232	248	533	ue/acordos-internacionais/2026/22026A01946.md
22026A01946	Artigo 16.º	Ligação e diferendos	250	254	116	ue/acordos-internacionais/2026/22026A01946.md
22026A01946	Artigo 17.º	Outras disposições	256	260	158	ue/acordos-internacionais/2026/22026A01946.md
22026A01946	Artigo 18.º	Convénios de execução	262	264	73	ue/acordos-internacionais/2026/22026A01946.md
22026A01946	Artigo 19.º	Entrada em vigor e cessação da vigência	266	292	376	ue/acordos-internacionais/2026/22026A01946.md
22026A02218	«Artigo 2.º	Condições de participação de Marrocos na parceria PRIMA	32	38	248	ue/acordos-internacionais/2026/22026A02218.md
22026A02218	«Artigo 8.º		40	52	228	ue/acordos-internacionais/2026/22026A02218.md
22026A02218	Artigo 1.º	Auditorias, revisões e controlos	54	60	346	ue/acordos-internacionais/2026/22026A02218.md
22026A02218	Artigo 2.º	Inquéritos do Organismo Europeu de Luta Antifraude (OLAF) e da Procuradoria Europeia	62	74	692	ue/acordos-internacionais/2026/22026A02218.md
22026A02218	Artigo 3.º	Informações e consulta	76	80	150	ue/acordos-internacionais/2026/22026A02218.md
22026A02218	Artigo 4.º	Confidencialidade	82	108	1144	ue/acordos-internacionais/2026/22026A02218.md
22026A02218	“Artigo 2.º	Condições de participação de Marrocos na parceria PRIMA	110	116	248	ue/acordos-internacionais/2026/22026A02218.md
22026A02218	“Artigo 8.º		118	130	228	ue/acordos-internacionais/2026/22026A02218.md
22026A02218	Artigo 1.º	Auditorias, revisões e controlos	132	138	346	ue/acordos-internacionais/2026/22026A02218.md
22026A02218	Artigo 2.º	Inquéritos do Organismo Europeu de Luta Antifraude (OLAF) e da Procuradoria Europeia	140	152	692	ue/acordos-internacionais/2026/22026A02218.md
22026A02218	Artigo 3.º	Informações e consulta	154	158	150	ue/acordos-internacionais/2026/22026A02218.md
22026A02218	Artigo 4.º	Confidencialidade	160	188	1002	ue/acordos-internacionais/2026/22026A02218.md
22026D0003	Preâmbulo		18	34	331	ue/acordos-internacionais/2026/22026D0003.md
22026D0003	Artigo 1.º		38	62	436	ue/acordos-internacionais/2026/22026D0003.md
22026D0003	Artigo 2.º		64	66	55	ue/acordos-internacionais/2026/22026D0003.md
22026D0003	Artigo 3.º		68	70	46	ue/acordos-internacionais/2026/22026D0003.md
22026D0003	Artigo 4.º		72	94	157	ue/acordos-internacionais/2026/22026D0003.md
22026D0004	Preâmbulo		18	44	936	ue/acordos-internacionais/2026/22026D0004.md
22026D0004	Artigo 1.º		48	89	946	ue/acordos-internacionais/2026/22026D0004.md
22026D0004	Artigo 2.º		91	93	74	ue/acordos-internacionais/2026/22026D0004.md
22026D0004	Artigo 3.º		95	97	46	ue/acordos-internacionais/2026/22026D0004.md
22026D0004	Artigo 4.º		99	131	266	ue/acordos-internacionais/2026/22026D0004.md
22026D0006	Preâmbulo		18	30	157	ue/acordos-internacionais/2026/22026D0006.md
22026D0006	Artigo 1.º		34	46	268	ue/acordos-internacionais/2026/22026D0006.md
22026D0006	Artigo 2.º		48	50	47	ue/acordos-internacionais/2026/22026D0006.md
22026D0006	Artigo 3.º		52	54	46	ue/acordos-internacionais/2026/22026D0006.md
22026D0006	Artigo 4.º		56	74	114	ue/acordos-internacionais/2026/22026D0006.md
22026D0007	Preâmbulo		18	30	170	ue/acordos-internacionais/2026/22026D0007.md
22026D0007	Artigo 1.º		34	39	146	ue/acordos-internacionais/2026/22026D0007.md
22026D0007	Artigo 2.º		41	43	47	ue/acordos-internacionais/2026/22026D0007.md
22026D0007	Artigo 3.º		45	47	46	ue/acordos-internacionais/2026/22026D0007.md
22026D0007	Artigo 4.º		49	67	115	ue/acordos-internacionais/2026/22026D0007.md
22026D0008	Preâmbulo		18	32	221	ue/acordos-internacionais/2026/22026D0008.md
22026D0008	Artigo 1.º		36	41	144	ue/acordos-internacionais/2026/22026D0008.md
22026D0008	Artigo 2.º		43	45	47	ue/acordos-internacionais/2026/22026D0008.md
22026D0008	Artigo 3.º		47	49	46	ue/acordos-internacionais/2026/22026D0008.md
22026D0008	Artigo 4.º		51	71	137	ue/acordos-internacionais/2026/22026D0008.md
22026D0009	Preâmbulo		18	52	966	ue/acordos-internacionais/2026/22026D0009.md
22026D0009	Artigo 1.º		56	88	764	ue/acordos-internacionais/2026/22026D0009.md
22026D0009	Artigo 2.º		90	92	81	ue/acordos-internacionais/2026/22026D0009.md
22026D0009	Artigo 3.º		94	96	46	ue/acordos-internacionais/2026/22026D0009.md
22026D0009	Artigo 4.º		98	136	306	ue/acordos-internacionais/2026/22026D0009.md
22026D0010	Preâmbulo		18	32	286	ue/acordos-internacionais/2026/22026D0010.md
22026D0010	Artigo 1.º		36	45	180	ue/acordos-internacionais/2026/22026D0010.md
22026D0010	Artigo 2.º		47	56	177	ue/acordos-internacionais/2026/22026D0010.md
22026D0010	Artigo 3.º		58	60	44	ue/acordos-internacionais/2026/22026D0010.md
22026D0010	Artigo 4.º		62	64	46	ue/acordos-internacionais/2026/22026D0010.md
22026D0010	Artigo 5.º		66	86	122	ue/acordos-internacionais/2026/22026D0010.md
22026D0011	Preâmbulo		18	30	202	ue/acordos-internacionais/2026/22026D0011.md
22026D0011	Artigo 1.º		34	39	73	ue/acordos-internacionais/2026/22026D0011.md
22026D0011	Artigo 2.º		41	43	46	ue/acordos-internacionais/2026/22026D0011.md
22026D0011	Artigo 3.º		45	47	46	ue/acordos-internacionais/2026/22026D0011.md
22026D0011	Artigo 4.º		49	67	115	ue/acordos-internacionais/2026/22026D0011.md
22026D0012	Preâmbulo		18	32	237	ue/acordos-internacionais/2026/22026D0012.md
22026D0012	Artigo 1.º		36	41	100	ue/acordos-internacionais/2026/22026D0012.md
22026D0012	Artigo 2.º		43	45	47	ue/acordos-internacionais/2026/22026D0012.md
22026D0012	Artigo 3.º		47	49	46	ue/acordos-internacionais/2026/22026D0012.md
22026D0012	Artigo 4.º		51	69	114	ue/acordos-internacionais/2026/22026D0012.md
22026D0013	Preâmbulo		18	32	267	ue/acordos-internacionais/2026/22026D0013.md
22026D0013	Artigo 1.º		36	41	79	ue/acordos-internacionais/2026/22026D0013.md
22026D0013	Artigo 2.º		43	45	46	ue/acordos-internacionais/2026/22026D0013.md
22026D0013	Artigo 3.º		47	49	46	ue/acordos-internacionais/2026/22026D0013.md
22026D0013	Artigo 4.º		51	69	115	ue/acordos-internacionais/2026/22026D0013.md
22026D0014	Preâmbulo		18	30	144	ue/acordos-internacionais/2026/22026D0014.md
22026D0014	Artigo 1.º		34	39	100	ue/acordos-internacionais/2026/22026D0014.md
22026D0014	Artigo 2.º		41	43	44	ue/acordos-internacionais/2026/22026D0014.md
22026D0014	Artigo 3.º		45	47	46	ue/acordos-internacionais/2026/22026D0014.md
22026D0014	Artigo 4.º		49	67	114	ue/acordos-internacionais/2026/22026D0014.md
22026D0015	Preâmbulo		18	30	158	ue/acordos-internacionais/2026/22026D0015.md
22026D0015	Artigo 1.º		34	39	130	ue/acordos-internacionais/2026/22026D0015.md
22026D0015	Artigo 2.º		41	43	46	ue/acordos-internacionais/2026/22026D0015.md
22026D0015	Artigo 3.º		45	47	46	ue/acordos-internacionais/2026/22026D0015.md
22026D0015	Artigo 4.º		49	67	114	ue/acordos-internacionais/2026/22026D0015.md
22026D0016	Preâmbulo		18	38	570	ue/acordos-internacionais/2026/22026D0016.md
22026D0016	Artigo 1.º		42	61	699	ue/acordos-internacionais/2026/22026D0016.md
22026D0016	Artigo 2.º		63	65	71	ue/acordos-internacionais/2026/22026D0016.md
22026D0016	Artigo 3.º		67	69	46	ue/acordos-internacionais/2026/22026D0016.md
22026D0016	Artigo 4.º		71	97	204	ue/acordos-internacionais/2026/22026D0016.md
22026D0017	Preâmbulo		18	30	158	ue/acordos-internacionais/2026/22026D0017.md
22026D0017	Artigo 1.º		34	39	69	ue/acordos-internacionais/2026/22026D0017.md
22026D0017	Artigo 2.º		41	43	46	ue/acordos-internacionais/2026/22026D0017.md
22026D0017	Artigo 3.º		45	47	46	ue/acordos-internacionais/2026/22026D0017.md
22026D0017	Artigo 4.º		49	67	114	ue/acordos-internacionais/2026/22026D0017.md
22026D0018	Preâmbulo		18	44	1254	ue/acordos-internacionais/2026/22026D0018.md
22026D0018	Artigo 1.º		48	71	492	ue/acordos-internacionais/2026/22026D0018.md
22026D0018	Artigo 2.º		73	75	46	ue/acordos-internacionais/2026/22026D0018.md
22026D0018	Artigo 3.º		77	115	230	ue/acordos-internacionais/2026/22026D0018.md
22026D0019	Preâmbulo		18	32	379	ue/acordos-internacionais/2026/22026D0019.md
22026D0019	Artigo 1.º		36	56	524	ue/acordos-internacionais/2026/22026D0019.md
22026D0019	Artigo 2.º		58	60	44	ue/acordos-internacionais/2026/22026D0019.md
22026D0019	Artigo 3.º		62	64	46	ue/acordos-internacionais/2026/22026D0019.md
22026D0019	Artigo 4.º		66	96	168	ue/acordos-internacionais/2026/22026D0019.md
22026D0020	Preâmbulo		18	30	145	ue/acordos-internacionais/2026/22026D0020.md
22026D0020	Artigo 1.º		34	52	244	ue/acordos-internacionais/2026/22026D0020.md
22026D0020	Artigo 2.º		54	56	46	ue/acordos-internacionais/2026/22026D0020.md
22026D0020	Artigo 3.º		58	60	46	ue/acordos-internacionais/2026/22026D0020.md
22026D0020	Artigo 4.º		62	80	115	ue/acordos-internacionais/2026/22026D0020.md
22026D0021	Preâmbulo		18	30	184	ue/acordos-internacionais/2026/22026D0021.md
22026D0021	Artigo 1.º		34	39	153	ue/acordos-internacionais/2026/22026D0021.md
22026D0021	Artigo 2.º		41	43	46	ue/acordos-internacionais/2026/22026D0021.md
22026D0021	Artigo 3.º		45	47	46	ue/acordos-internacionais/2026/22026D0021.md
22026D0021	Artigo 4.º		49	67	114	ue/acordos-internacionais/2026/22026D0021.md
22026D0022	Preâmbulo		18	30	198	ue/acordos-internacionais/2026/22026D0022.md
22026D0022	Artigo 1.º		34	40	73	ue/acordos-internacionais/2026/22026D0022.md
22026D0022	Artigo 2.º		42	44	46	ue/acordos-internacionais/2026/22026D0022.md
22026D0022	Artigo 3.º		46	48	46	ue/acordos-internacionais/2026/22026D0022.md
22026D0022	Artigo 4.º		50	68	114	ue/acordos-internacionais/2026/22026D0022.md
22026D0023	Preâmbulo		18	30	163	ue/acordos-internacionais/2026/22026D0023.md
22026D0023	Artigo 1.º		34	40	73	ue/acordos-internacionais/2026/22026D0023.md
22026D0023	Artigo 2.º		42	44	46	ue/acordos-internacionais/2026/22026D0023.md
22026D0023	Artigo 3.º		46	48	46	ue/acordos-internacionais/2026/22026D0023.md
22026D0023	Artigo 4.º		50	68	114	ue/acordos-internacionais/2026/22026D0023.md
22026D0024	Preâmbulo		18	30	155	ue/acordos-internacionais/2026/22026D0024.md
22026D0024	Artigo 1.º		34	39	68	ue/acordos-internacionais/2026/22026D0024.md
22026D0024	Artigo 2.º		41	43	46	ue/acordos-internacionais/2026/22026D0024.md
22026D0024	Artigo 3.º		45	47	46	ue/acordos-internacionais/2026/22026D0024.md
22026D0024	Artigo 4.º		49	67	114	ue/acordos-internacionais/2026/22026D0024.md
22026D0025	Preâmbulo		18	30	141	ue/acordos-internacionais/2026/22026D0025.md
22026D0025	Artigo 1.º		34	39	71	ue/acordos-internacionais/2026/22026D0025.md
22026D0025	Artigo 2.º		41	43	46	ue/acordos-internacionais/2026/22026D0025.md
22026D0025	Artigo 3.º		45	47	46	ue/acordos-internacionais/2026/22026D0025.md
22026D0025	Artigo 4.º		49	67	114	ue/acordos-internacionais/2026/22026D0025.md
22026D0026	Preâmbulo		18	32	274	ue/acordos-internacionais/2026/22026D0026.md
22026D0026	Artigo 1.º		36	41	76	ue/acordos-internacionais/2026/22026D0026.md
22026D0026	Artigo 2.º		43	45	44	ue/acordos-internacionais/2026/22026D0026.md
22026D0026	Artigo 3.º		47	49	46	ue/acordos-internacionais/2026/22026D0026.md
22026D0026	Artigo 4.º		51	69	114	ue/acordos-internacionais/2026/22026D0026.md
22026D0027	Preâmbulo		18	40	696	ue/acordos-internacionais/2026/22026D0027.md
22026D0027	Artigo 1.º		44	59	673	ue/acordos-internacionais/2026/22026D0027.md
22026D0027	Artigo 2.º		61	63	66	ue/acordos-internacionais/2026/22026D0027.md
22026D0027	Artigo 3.º		65	67	46	ue/acordos-internacionais/2026/22026D0027.md
22026D0027	Artigo 4.º		69	97	222	ue/acordos-internacionais/2026/22026D0027.md
22026D0028	Preâmbulo		18	32	314	ue/acordos-internacionais/2026/22026D0028.md
22026D0028	Artigo 1.º		36	41	75	ue/acordos-internacionais/2026/22026D0028.md
22026D0028	Artigo 2.º		43	45	47	ue/acordos-internacionais/2026/22026D0028.md
22026D0028	Artigo 3.º		47	49	46	ue/acordos-internacionais/2026/22026D0028.md
22026D0028	Artigo 4.º		51	69	115	ue/acordos-internacionais/2026/22026D0028.md
22026D0029	Preâmbulo		18	30	210	ue/acordos-internacionais/2026/22026D0029.md
22026D0029	Artigo 1.º		34	39	85	ue/acordos-internacionais/2026/22026D0029.md
22026D0029	Artigo 2.º		41	43	44	ue/acordos-internacionais/2026/22026D0029.md
22026D0029	Artigo 3.º		45	47	46	ue/acordos-internacionais/2026/22026D0029.md
22026D0029	Artigo 4.º		49	67	113	ue/acordos-internacionais/2026/22026D0029.md
22026D0030	Preâmbulo		18	30	232	ue/acordos-internacionais/2026/22026D0030.md
22026D0030	Artigo 1.º		34	39	69	ue/acordos-internacionais/2026/22026D0030.md
22026D0030	Artigo 2.º		41	43	46	ue/acordos-internacionais/2026/22026D0030.md
22026D0030	Artigo 3.º		45	47	46	ue/acordos-internacionais/2026/22026D0030.md
22026D0030	Artigo 4.º		49	67	114	ue/acordos-internacionais/2026/22026D0030.md
22026D0031	Preâmbulo		18	32	335	ue/acordos-internacionais/2026/22026D0031.md
22026D0031	Artigo 1.º		36	48	151	ue/acordos-internacionais/2026/22026D0031.md
22026D0031	Artigo 2.º		50	55	73	ue/acordos-internacionais/2026/22026D0031.md
22026D0031	Artigo 3.º		57	59	46	ue/acordos-internacionais/2026/22026D0031.md
22026D0031	Artigo 4.º		61	63	46	ue/acordos-internacionais/2026/22026D0031.md
22026D0031	Artigo 5.º		65	83	114	ue/acordos-internacionais/2026/22026D0031.md
22026D0032	Preâmbulo		18	32	262	ue/acordos-internacionais/2026/22026D0032.md
22026D0032	Artigo 1.º		36	41	74	ue/acordos-internacionais/2026/22026D0032.md
22026D0032	Artigo 2.º		43	45	46	ue/acordos-internacionais/2026/22026D0032.md
22026D0032	Artigo 3.º		47	49	46	ue/acordos-internacionais/2026/22026D0032.md
22026D0032	Artigo 4.º		51	69	114	ue/acordos-internacionais/2026/22026D0032.md
22026D0033	Preâmbulo		18	34	420	ue/acordos-internacionais/2026/22026D0033.md
22026D0033	Artigo 1.º		38	43	202	ue/acordos-internacionais/2026/22026D0033.md
22026D0033	Artigo 2.º		45	50	172	ue/acordos-internacionais/2026/22026D0033.md
22026D0033	Artigo 3.º		52	54	47	ue/acordos-internacionais/2026/22026D0033.md
22026D0033	Artigo 4.º		56	58	46	ue/acordos-internacionais/2026/22026D0033.md
22026D0033	Artigo 5.º		60	78	115	ue/acordos-internacionais/2026/22026D0033.md
22026D0034	Preâmbulo		18	34	469	ue/acordos-internacionais/2026/22026D0034.md
22026D0034	Artigo 1.º		38	47	333	ue/acordos-internacionais/2026/22026D0034.md
22026D0034	Artigo 2.º		49	51	47	ue/acordos-internacionais/2026/22026D0034.md
22026D0034	Artigo 3.º		53	55	46	ue/acordos-internacionais/2026/22026D0034.md
22026D0034	Artigo 4.º		57	81	143	ue/acordos-internacionais/2026/22026D0034.md
22026D0035	Preâmbulo		18	34	387	ue/acordos-internacionais/2026/22026D0035.md
22026D0035	Artigo 1.º		38	50	146	ue/acordos-internacionais/2026/22026D0035.md
22026D0035	Artigo 2.º		52	54	55	ue/acordos-internacionais/2026/22026D0035.md
22026D0035	Artigo 3.º		56	58	46	ue/acordos-internacionais/2026/22026D0035.md
22026D0035	Artigo 4.º		60	80	136	ue/acordos-internacionais/2026/22026D0035.md
22026D0036	Preâmbulo		18	32	276	ue/acordos-internacionais/2026/22026D0036.md
22026D0036	Artigo 1.º		36	42	97	ue/acordos-internacionais/2026/22026D0036.md
22026D0036	Artigo 2.º		44	46	46	ue/acordos-internacionais/2026/22026D0036.md
22026D0036	Artigo 3.º		48	50	46	ue/acordos-internacionais/2026/22026D0036.md
22026D0036	Artigo 4.º		52	70	114	ue/acordos-internacionais/2026/22026D0036.md
22026D0037	Preâmbulo		18	32	380	ue/acordos-internacionais/2026/22026D0037.md
22026D0037	Artigo 1.º		36	41	90	ue/acordos-internacionais/2026/22026D0037.md
22026D0037	Artigo 2.º		43	45	44	ue/acordos-internacionais/2026/22026D0037.md
22026D0037	Artigo 3.º		47	49	46	ue/acordos-internacionais/2026/22026D0037.md
22026D0037	Artigo 4.º		51	69	113	ue/acordos-internacionais/2026/22026D0037.md
22026D0038	Preâmbulo		18	34	388	ue/acordos-internacionais/2026/22026D0038.md
22026D0038	Artigo 1.º		38	52	170	ue/acordos-internacionais/2026/22026D0038.md
22026D0038	Artigo 2.º		54	56	48	ue/acordos-internacionais/2026/22026D0038.md
22026D0038	Artigo 3.º		58	60	46	ue/acordos-internacionais/2026/22026D0038.md
22026D0038	Artigo 4.º		62	82	133	ue/acordos-internacionais/2026/22026D0038.md
22026D0039	Preâmbulo		18	32	214	ue/acordos-internacionais/2026/22026D0039.md
22026D0039	Artigo 1.º		36	45	155	ue/acordos-internacionais/2026/22026D0039.md
22026D0039	Artigo 2.º		47	49	41	ue/acordos-internacionais/2026/22026D0039.md
22026D0039	Artigo 3.º		51	53	46	ue/acordos-internacionais/2026/22026D0039.md
22026D0039	Artigo 4.º		55	75	123	ue/acordos-internacionais/2026/22026D0039.md
22026D0040	Preâmbulo		18	30	162	ue/acordos-internacionais/2026/22026D0040.md
22026D0040	Artigo 1.º		34	40	77	ue/acordos-internacionais/2026/22026D0040.md
22026D0040	Artigo 2.º		42	44	46	ue/acordos-internacionais/2026/22026D0040.md
22026D0040	Artigo 3.º		46	48	46	ue/acordos-internacionais/2026/22026D0040.md
22026D0040	Artigo 4.º		50	68	115	ue/acordos-internacionais/2026/22026D0040.md
22026D0041	Preâmbulo		18	34	293	ue/acordos-internacionais/2026/22026D0041.md
22026D0041	Artigo 1.º		38	40	21	ue/acordos-internacionais/2026/22026D0041.md
22026D0041	Artigo 2.º		42	44	46	ue/acordos-internacionais/2026/22026D0041.md
22026D0041	Artigo 3.º		46	64	113	ue/acordos-internacionais/2026/22026D0041.md
22026D0042	Preâmbulo		18	30	142	ue/acordos-internacionais/2026/22026D0042.md
22026D0042	Artigo 1.º		34	39	66	ue/acordos-internacionais/2026/22026D0042.md
22026D0042	Artigo 2.º		41	43	46	ue/acordos-internacionais/2026/22026D0042.md
22026D0042	Artigo 3.º		45	47	46	ue/acordos-internacionais/2026/22026D0042.md
22026D0042	Artigo 4.º		49	67	102	ue/acordos-internacionais/2026/22026D0042.md
22026D0043	Preâmbulo		18	30	150	ue/acordos-internacionais/2026/22026D0043.md
22026D0043	Artigo 1.º		34	39	70	ue/acordos-internacionais/2026/22026D0043.md
22026D0043	Artigo 2.º		41	43	46	ue/acordos-internacionais/2026/22026D0043.md
22026D0043	Artigo 3.º		45	47	46	ue/acordos-internacionais/2026/22026D0043.md
22026D0043	Artigo 4.º		49	67	114	ue/acordos-internacionais/2026/22026D0043.md
22026D0044	Preâmbulo		18	30	146	ue/acordos-internacionais/2026/22026D0044.md
22026D0044	Artigo 1.º		34	39	68	ue/acordos-internacionais/2026/22026D0044.md
22026D0044	Artigo 2.º		41	43	47	ue/acordos-internacionais/2026/22026D0044.md
22026D0044	Artigo 3.º		45	47	46	ue/acordos-internacionais/2026/22026D0044.md
22026D0044	Artigo 4.º		49	67	115	ue/acordos-internacionais/2026/22026D0044.md
22026D0045	Preâmbulo		18	30	152	ue/acordos-internacionais/2026/22026D0045.md
22026D0045	Artigo 1.º		34	39	68	ue/acordos-internacionais/2026/22026D0045.md
22026D0045	Artigo 2.º		41	43	46	ue/acordos-internacionais/2026/22026D0045.md
22026D0045	Artigo 3.º		45	47	46	ue/acordos-internacionais/2026/22026D0045.md
22026D0045	Artigo 4.º		49	67	114	ue/acordos-internacionais/2026/22026D0045.md
22026D0182	Preâmbulo		18	30	350	ue/acordos-internacionais/2026/22026D0182.md
22026D0182	Artigo 1.º		34	40	65	ue/acordos-internacionais/2026/22026D0182.md
22026D0182	Artigo 2.º		42	44	21	ue/acordos-internacionais/2026/22026D0182.md
22026D0182	Artigo 3.º		46	62	66	ue/acordos-internacionais/2026/22026D0182.md
22026D0182	ANEXO I		64	84	277	ue/acordos-internacionais/2026/22026D0182.md
22026D0182	ANEXO II		86	107	188	ue/acordos-internacionais/2026/22026D0182.md
22026D0200	Preâmbulo		18	30	122	ue/acordos-internacionais/2026/22026D0200.md
22026D0200	Artigo 1.º		34	40	90	ue/acordos-internacionais/2026/22026D0200.md
22026D0200	Artigo 2.º		42	44	46	ue/acordos-internacionais/2026/22026D0200.md
22026D0200	Artigo 3.º		46	48	46	ue/acordos-internacionais/2026/22026D0200.md
22026D0200	Artigo 4.º		50	68	115	ue/acordos-internacionais/2026/22026D0200.md
22026D0202	Preâmbulo		18	36	305	ue/acordos-internacionais/2026/22026D0202.md
22026D0202	Artigo 1.º		40	48	164	ue/acordos-internacionais/2026/22026D0202.md
22026D0202	Artigo 2.º		50	55	77	ue/acordos-internacionais/2026/22026D0202.md
22026D0202	Artigo 3.º		57	59	44	ue/acordos-internacionais/2026/22026D0202.md
22026D0202	Artigo 4.º		61	63	46	ue/acordos-internacionais/2026/22026D0202.md
22026D0202	Artigo 5.º		65	87	132	ue/acordos-internacionais/2026/22026D0202.md
22026D0203	Preâmbulo		18	30	233	ue/acordos-internacionais/2026/22026D0203.md
22026D0203	Artigo 1.º		34	40	72	ue/acordos-internacionais/2026/22026D0203.md
22026D0203	Artigo 2.º		42	44	46	ue/acordos-internacionais/2026/22026D0203.md
22026D0203	Artigo 3.º		46	48	46	ue/acordos-internacionais/2026/22026D0203.md
22026D0203	Artigo 4.º		50	68	115	ue/acordos-internacionais/2026/22026D0203.md
22026D0205	Preâmbulo		18	30	163	ue/acordos-internacionais/2026/22026D0205.md
22026D0205	Artigo 1.º		34	39	77	ue/acordos-internacionais/2026/22026D0205.md
22026D0205	Artigo 2.º		41	43	46	ue/acordos-internacionais/2026/22026D0205.md
22026D0205	Artigo 3.º		45	47	46	ue/acordos-internacionais/2026/22026D0205.md
22026D0205	Artigo 4.º		49	67	115	ue/acordos-internacionais/2026/22026D0205.md
22026D0206	Preâmbulo		18	34	376	ue/acordos-internacionais/2026/22026D0206.md
22026D0206	Artigo 1.º		38	47	351	ue/acordos-internacionais/2026/22026D0206.md
22026D0206	Artigo 2.º		49	51	62	ue/acordos-internacionais/2026/22026D0206.md
22026D0206	Artigo 3.º		53	55	46	ue/acordos-internacionais/2026/22026D0206.md
22026D0206	Artigo 4.º		57	79	158	ue/acordos-internacionais/2026/22026D0206.md
22026D0207	Preâmbulo		18	34	412	ue/acordos-internacionais/2026/22026D0207.md
22026D0207	Artigo 1.º		38	45	104	ue/acordos-internacionais/2026/22026D0207.md
22026D0207	Artigo 2.º		47	54	105	ue/acordos-internacionais/2026/22026D0207.md
22026D0207	Artigo 3.º		56	58	49	ue/acordos-internacionais/2026/22026D0207.md
22026D0207	Artigo 4.º		60	62	46	ue/acordos-internacionais/2026/22026D0207.md
22026D0207	Artigo 5.º		64	84	135	ue/acordos-internacionais/2026/22026D0207.md
22026D0208	Preâmbulo		18	38	548	ue/acordos-internacionais/2026/22026D0208.md
22026D0208	Artigo 1.º		42	59	303	ue/acordos-internacionais/2026/22026D0208.md
22026D0208	Artigo 2.º		61	66	72	ue/acordos-internacionais/2026/22026D0208.md
22026D0208	Artigo 3.º		68	70	72	ue/acordos-internacionais/2026/22026D0208.md
22026D0208	Artigo 4.º		72	74	46	ue/acordos-internacionais/2026/22026D0208.md
22026D0208	Artigo 5.º		76	98	158	ue/acordos-internacionais/2026/22026D0208.md
22026D0209	Preâmbulo		18	32	258	ue/acordos-internacionais/2026/22026D0209.md
22026D0209	Artigo 1.º		36	41	78	ue/acordos-internacionais/2026/22026D0209.md
22026D0209	Artigo 2.º		43	45	46	ue/acordos-internacionais/2026/22026D0209.md
22026D0209	Artigo 3.º		47	49	46	ue/acordos-internacionais/2026/22026D0209.md
22026D0209	Artigo 4.º		51	69	115	ue/acordos-internacionais/2026/22026D0209.md
22026D0210	Preâmbulo		18	36	459	ue/acordos-internacionais/2026/22026D0210.md
22026D0210	Artigo 1.º		40	47	103	ue/acordos-internacionais/2026/22026D0210.md
22026D0210	Artigo 2.º		49	51	55	ue/acordos-internacionais/2026/22026D0210.md
22026D0210	Artigo 3.º		53	55	46	ue/acordos-internacionais/2026/22026D0210.md
22026D0210	Artigo 4.º		57	77	136	ue/acordos-internacionais/2026/22026D0210.md
22026D0212	Preâmbulo		18	34	377	ue/acordos-internacionais/2026/22026D0212.md
22026D0212	Artigo 1.º		38	43	76	ue/acordos-internacionais/2026/22026D0212.md
22026D0212	Artigo 2.º		45	47	47	ue/acordos-internacionais/2026/22026D0212.md
22026D0212	Artigo 3.º		49	51	46	ue/acordos-internacionais/2026/22026D0212.md
22026D0212	Artigo 4.º		53	71	115	ue/acordos-internacionais/2026/22026D0212.md
22026D0213	Preâmbulo		18	30	136	ue/acordos-internacionais/2026/22026D0213.md
22026D0213	Artigo 1.º		34	39	70	ue/acordos-internacionais/2026/22026D0213.md
22026D0213	Artigo 2.º		41	43	46	ue/acordos-internacionais/2026/22026D0213.md
22026D0213	Artigo 3.º		45	47	46	ue/acordos-internacionais/2026/22026D0213.md
22026D0213	Artigo 4.º		49	67	115	ue/acordos-internacionais/2026/22026D0213.md
22026D0214	Preâmbulo		18	30	147	ue/acordos-internacionais/2026/22026D0214.md
22026D0214	Artigo 1.º		34	40	75	ue/acordos-internacionais/2026/22026D0214.md
22026D0214	Artigo 2.º		42	44	47	ue/acordos-internacionais/2026/22026D0214.md
22026D0214	Artigo 3.º		46	48	82	ue/acordos-internacionais/2026/22026D0214.md
22026D0214	Artigo 4.º		50	70	124	ue/acordos-internacionais/2026/22026D0214.md
22026D0216	Preâmbulo		18	30	194	ue/acordos-internacionais/2026/22026D0216.md
22026D0216	Artigo 1.º		34	39	165	ue/acordos-internacionais/2026/22026D0216.md
22026D0216	Artigo 2.º		41	43	47	ue/acordos-internacionais/2026/22026D0216.md
22026D0216	Artigo 3.º		45	47	46	ue/acordos-internacionais/2026/22026D0216.md
22026D0216	Artigo 4.º		49	67	114	ue/acordos-internacionais/2026/22026D0216.md
22026D0217	Preâmbulo		18	30	161	ue/acordos-internacionais/2026/22026D0217.md
22026D0217	Artigo 1.º		34	40	75	ue/acordos-internacionais/2026/22026D0217.md
22026D0217	Artigo 2.º		42	44	46	ue/acordos-internacionais/2026/22026D0217.md
22026D0217	Artigo 3.º		46	48	46	ue/acordos-internacionais/2026/22026D0217.md
22026D0217	Artigo 4.º		50	68	115	ue/acordos-internacionais/2026/22026D0217.md
22026D0218	Preâmbulo		18	30	141	ue/acordos-internacionais/2026/22026D0218.md
22026D0218	Artigo 1.º		34	39	77	ue/acordos-internacionais/2026/22026D0218.md
22026D0218	Artigo 2.º		41	43	46	ue/acordos-internacionais/2026/22026D0218.md
22026D0218	Artigo 3.º		45	47	46	ue/acordos-internacionais/2026/22026D0218.md
22026D0218	Artigo 4.º		49	67	115	ue/acordos-internacionais/2026/22026D0218.md
22026D0219	Preâmbulo		18	30	122	ue/acordos-internacionais/2026/22026D0219.md
22026D0219	Artigo 1.º		34	40	96	ue/acordos-internacionais/2026/22026D0219.md
22026D0219	Artigo 2.º		42	44	46	ue/acordos-internacionais/2026/22026D0219.md
22026D0219	Artigo 3.º		46	48	46	ue/acordos-internacionais/2026/22026D0219.md
22026D0219	Artigo 4.º		50	68	114	ue/acordos-internacionais/2026/22026D0219.md
22026D0221	Preâmbulo		18	32	276	ue/acordos-internacionais/2026/22026D0221.md
22026D0221	Artigo 1.º		36	41	76	ue/acordos-internacionais/2026/22026D0221.md
22026D0221	Artigo 2.º		43	45	44	ue/acordos-internacionais/2026/22026D0221.md
22026D0221	Artigo 3.º		47	49	46	ue/acordos-internacionais/2026/22026D0221.md
22026D0221	Artigo 4.º		51	69	114	ue/acordos-internacionais/2026/22026D0221.md
22026D0223	Preâmbulo		18	30	146	ue/acordos-internacionais/2026/22026D0223.md
22026D0223	Artigo 1.º		34	39	71	ue/acordos-internacionais/2026/22026D0223.md
22026D0223	Artigo 2.º		41	43	47	ue/acordos-internacionais/2026/22026D0223.md
22026D0223	Artigo 3.º		45	47	46	ue/acordos-internacionais/2026/22026D0223.md
22026D0223	Artigo 4.º		49	67	115	ue/acordos-internacionais/2026/22026D0223.md
22026D0224	Preâmbulo		18	36	401	ue/acordos-internacionais/2026/22026D0224.md
22026D0224	Artigo 1.º		40	56	242	ue/acordos-internacionais/2026/22026D0224.md
22026D0224	Artigo 2.º		58	60	55	ue/acordos-internacionais/2026/22026D0224.md
22026D0224	Artigo 3.º		62	64	46	ue/acordos-internacionais/2026/22026D0224.md
22026D0224	Artigo 4.º		66	88	158	ue/acordos-internacionais/2026/22026D0224.md
22026D0225	Preâmbulo		18	30	138	ue/acordos-internacionais/2026/22026D0225.md
22026D0225	Artigo 1.º		34	39	69	ue/acordos-internacionais/2026/22026D0225.md
22026D0225	Artigo 2.º		41	43	46	ue/acordos-internacionais/2026/22026D0225.md
22026D0225	Artigo 3.º		45	47	82	ue/acordos-internacionais/2026/22026D0225.md
22026D0225	Artigo 4.º		49	69	135	ue/acordos-internacionais/2026/22026D0225.md
22026D0233	Preâmbulo		18	30	196	ue/acordos-internacionais/2026/22026D0233.md
22026D0233	Artigo 1.º		34	39	167	ue/acordos-internacionais/2026/22026D0233.md
22026D0233	Artigo 2.º		41	43	47	ue/acordos-internacionais/2026/22026D0233.md
22026D0233	Artigo 3.º		45	47	46	ue/acordos-internacionais/2026/22026D0233.md
22026D0233	Artigo 4.º		49	67	115	ue/acordos-internacionais/2026/22026D0233.md
22026D0234	Preâmbulo		18	30	154	ue/acordos-internacionais/2026/22026D0234.md
22026D0234	Artigo 1.º		34	46	230	ue/acordos-internacionais/2026/22026D0234.md
22026D0234	Artigo 2.º		48	50	44	ue/acordos-internacionais/2026/22026D0234.md
22026D0234	Artigo 3.º		52	54	46	ue/acordos-internacionais/2026/22026D0234.md
22026D0234	Artigo 4.º		56	74	113	ue/acordos-internacionais/2026/22026D0234.md
22026D0235	Preâmbulo		18	34	336	ue/acordos-internacionais/2026/22026D0235.md
22026D0235	Artigo 1.º		38	43	221	ue/acordos-internacionais/2026/22026D0235.md
22026D0235	Artigo 2.º		45	47	55	ue/acordos-internacionais/2026/22026D0235.md
22026D0235	Artigo 3.º		49	51	46	ue/acordos-internacionais/2026/22026D0235.md
22026D0235	Artigo 4.º		53	75	160	ue/acordos-internacionais/2026/22026D0235.md
22026D0237	Preâmbulo		18	30	136	ue/acordos-internacionais/2026/22026D0237.md
22026D0237	Artigo 1.º		34	39	64	ue/acordos-internacionais/2026/22026D0237.md
22026D0237	Artigo 2.º		41	43	44	ue/acordos-internacionais/2026/22026D0237.md
22026D0237	Artigo 3.º		45	47	46	ue/acordos-internacionais/2026/22026D0237.md
22026D0237	Artigo 4.º		49	67	114	ue/acordos-internacionais/2026/22026D0237.md
22026D0240	Preâmbulo		18	30	137	ue/acordos-internacionais/2026/22026D0240.md
22026D0240	Artigo 1.º		34	39	64	ue/acordos-internacionais/2026/22026D0240.md
22026D0240	Artigo 2.º		41	43	50	ue/acordos-internacionais/2026/22026D0240.md
22026D0240	Artigo 3.º		45	47	46	ue/acordos-internacionais/2026/22026D0240.md
22026D0240	Artigo 4.º		49	67	114	ue/acordos-internacionais/2026/22026D0240.md
22026D0242	Preâmbulo		18	36	517	ue/acordos-internacionais/2026/22026D0242.md
22026D0242	Artigo 1.º		40	42	79	ue/acordos-internacionais/2026/22026D0242.md
22026D0242	Artigo 8.º	Exceções à aplicação mutatis mutandis do Protocolo n.º 4	46	64	357	ue/acordos-internacionais/2026/22026D0242.md
22026D0242	Artigo 2.º		66	80	80	ue/acordos-internacionais/2026/22026D0242.md
22026D0242	ANEXO		82	117	741	ue/acordos-internacionais/2026/22026D0242.md
22026D0359	Preâmbulo		18	42	647	ue/acordos-internacionais/2026/22026D0359.md
22026D0359	Artigo 1.º		46	48	98	ue/acordos-internacionais/2026/22026D0359.md
22026D0359	Artigo 2.º		50	70	297	ue/acordos-internacionais/2026/22026D0359.md
22026D0359	ANEXO		72	100	525	ue/acordos-internacionais/2026/22026D0359.md
22026D0359	Artigo 1.º	Regras de origem	76	80	131	ue/acordos-internacionais/2026/22026D0359.md
22026D0359	Artigo 2.º	Resolução de litígios	82	86	123	ue/acordos-internacionais/2026/22026D0359.md
22026D0359	Artigo 3.º	Alterações ao Protocolo	88	90	29	ue/acordos-internacionais/2026/22026D0359.md
22026D0359	Artigo 4.º	Denúncia da Convenção	92	100	238	ue/acordos-internacionais/2026/22026D0359.md
22026D0376	Preâmbulo		18	32	270	ue/acordos-internacionais/2026/22026D0376.md
22026D0376	Artigo 1.º		36	41	76	ue/acordos-internacionais/2026/22026D0376.md
22026D0376	Artigo 2.º		43	45	47	ue/acordos-internacionais/2026/22026D0376.md
22026D0376	Artigo 3.º		47	49	46	ue/acordos-internacionais/2026/22026D0376.md
22026D0376	Artigo 4.º		51	69	114	ue/acordos-internacionais/2026/22026D0376.md
22026D0498	Preâmbulo		18	64	1209	ue/acordos-internacionais/2026/22026D0498.md
22026D0498	Artigo 1.º		68	70	52	ue/acordos-internacionais/2026/22026D0498.md
22026D0498	Artigo 2.º		72	88	68	ue/acordos-internacionais/2026/22026D0498.md
22026D0498	ANEXO		90	1008	19091	ue/acordos-internacionais/2026/22026D0498.md
22026D0498	Artigo 1.º	Definições	320	356	722	ue/acordos-internacionais/2026/22026D0498.md
22026D0498	Artigo 2.º	Requisitos gerais	358	370	272	ue/acordos-internacionais/2026/22026D0498.md
22026D0498	Artigo 3.º	Acumulação na Comunidade Europeia	372	390	901	ue/acordos-internacionais/2026/22026D0498.md
22026D0498	Artigo 4.º	Acumulação nos Estados do Pacífico	392	414	1082	ue/acordos-internacionais/2026/22026D0498.md
22026D0498	Artigo 4.º-A	Acumulação com países vizinhos em desenvolvimento	416	426	320	ue/acordos-internacionais/2026/22026D0498.md
22026D0498	Artigo 5.º	Produtos inteiramente obtidos	428	478	946	ue/acordos-internacionais/2026/22026D0498.md
22026D0498	Artigo 6.º	Produtos objeto de operações de complemento de fabrico ou de transformação suficientes	480	510	1453	ue/acordos-internacionais/2026/22026D0498.md
22026D0498	Artigo 7.º	Operações de complemento de fabrico ou de transformação insuficientes	512	548	521	ue/acordos-internacionais/2026/22026D0498.md
22026D0498	Artigo 8.º	Unidade de qualificação	550	560	232	ue/acordos-internacionais/2026/22026D0498.md
22026D0498	Artigo 9.º	Acessórios, peças sobresselentes e ferramentas	562	564	105	ue/acordos-internacionais/2026/22026D0498.md
22026D0498	Artigo 10.º	Sortidos	566	568	109	ue/acordos-internacionais/2026/22026D0498.md
22026D0498	Artigo 11.º	Elementos neutros	570	580	92	ue/acordos-internacionais/2026/22026D0498.md
22026D0498	Artigo 12.º	Separação de contas	582	602	558	ue/acordos-internacionais/2026/22026D0498.md
22026D0498	Artigo 13.º	Princípio da territorialidade	604	612	207	ue/acordos-internacionais/2026/22026D0498.md
22026D0498	Artigo 14.º	Não alteração	614	626	368	ue/acordos-internacionais/2026/22026D0498.md
22026D0498	Artigo 15.º	Requisitos gerais	628	640	417	ue/acordos-internacionais/2026/22026D0498.md
22026D0498	Artigo 16.º	Procedimento para a emissão do certificado de circulação EUR.1	642	656	665	ue/acordos-internacionais/2026/22026D0498.md
22026D0498	Artigo 17.º	Emissão a posteriori de certificados de circulação de mercadorias EUR.1	658	674	307	ue/acordos-internacionais/2026/22026D0498.md
22026D0498	Artigo 18.º	Emissão de uma segunda via do certificado de circulação de mercadorias EUR.1	676	686	168	ue/acordos-internacionais/2026/22026D0498.md
22026D0498	Artigo 19.º	Emissão de certificados de circulação de mercadorias EUR.1 com base numa prova de origem emitida ou estabelecida anteriormente	688	690	184	ue/acordos-internacionais/2026/22026D0498.md
22026D0498	Artigo 20.º	Condições para efetuar uma declaração na fatura	692	708	530	ue/acordos-internacionais/2026/22026D0498.md
22026D0498	Artigo 21.º	Exportador autorizado	710	720	310	ue/acordos-internacionais/2026/22026D0498.md
22026D0498	Artigo 22.º	Prazo de validade da prova de origem	722	728	184	ue/acordos-internacionais/2026/22026D0498.md
22026D0498	Artigo 23.º	Apresentação da prova de origem	730	732	112	ue/acordos-internacionais/2026/22026D0498.md
22026D0498	Artigo 24.º	Importação em remessas escalonadas	734	736	134	ue/acordos-internacionais/2026/22026D0498.md
22026D0498	Artigo 25.º	Isenções da prova de origem	738	744	286	ue/acordos-internacionais/2026/22026D0498.md
22026D0498	Artigo 26.º	Processo de informação para efeitos de acumulação	746	762	662	ue/acordos-internacionais/2026/22026D0498.md
22026D0498	Artigo 27.º	Documentos comprovativos	764	774	436	ue/acordos-internacionais/2026/22026D0498.md
22026D0498	Artigo 28.º	Conservação da prova de origem e dos documentos comprovativos	776	786	282	ue/acordos-internacionais/2026/22026D0498.md
22026D0498	Artigo 29.º	Discrepâncias e erros formais	788	792	158	ue/acordos-internacionais/2026/22026D0498.md
22026D0498	Artigo 30.º	Montantes expressos em euros	794	808	533	ue/acordos-internacionais/2026/22026D0498.md
22026D0498	Artigo 31.º	Condições administrativas para que os produtos beneficiem das disposições do Acordo	810	820	244	ue/acordos-internacionais/2026/22026D0498.md
22026D0498	Artigo 32.º	Notificação de informação relativa às autoridades aduaneiras	822	830	296	ue/acordos-internacionais/2026/22026D0498.md
22026D0498	Artigo 33.º	Assistência mútua	832	840	298	ue/acordos-internacionais/2026/22026D0498.md
22026D0498	Artigo 34.º	Controlo da prova de origem	842	856	708	ue/acordos-internacionais/2026/22026D0498.md
22026D0498	Artigo 35.º	Controlo das declarações do fornecedor	858	870	514	ue/acordos-internacionais/2026/22026D0498.md
22026D0498	Artigo 36.º	Resolução de litígios	872	876	146	ue/acordos-internacionais/2026/22026D0498.md
22026D0498	Artigo 37.º	Sanções	878	880	49	ue/acordos-internacionais/2026/22026D0498.md
22026D0498	Artigo 38.º	Derrogações	882	946	1368	ue/acordos-internacionais/2026/22026D0498.md
22026D0498	Artigo 39.º	Comité Especial de Cooperação Aduaneira e Regras de Origem	948	974	338	ue/acordos-internacionais/2026/22026D0498.md
22026D0498	Artigo 40.º	Condições especiais	976	992	323	ue/acordos-internacionais/2026/22026D0498.md
22026D0498	Artigo 41.º	Revisão e aplicação das regras de origem	994	1000	162	ue/acordos-internacionais/2026/22026D0498.md
22026D0498	Artigo 42.º	Anexos	1002	1004	22	ue/acordos-internacionais/2026/22026D0498.md
22026D0498	Artigo 43.º	Aplicação do Protocolo	1006	1008	45	ue/acordos-internacionais/2026/22026D0498.md
22026D0498	ANEXO I do Protocolo II	NOTAS INTRODUTÓRIAS DA LISTA DO ANEXO II	1010	1101	4306	ue/acordos-internacionais/2026/22026D0498.md
22026D0498	ANEXO II do Protocolo II	LISTA DAS OPERAÇÕES DE COMPLEMENTO DE FABRICO OU DE TRANSFORMAÇÃO A EFETUAR EM MATÉRIAS NÃO ORIGINÁRIAS PARA QUE O PRODUTO TRANSFORMADO POSSA ADQUIRIR O CARÁTER	1103	1729	45006	ue/acordos-internacionais/2026/22026D0498.md
22026D0498	ANEXO II(a) do Protocolo II	DERROGAÇÕES À LISTA DAS OPERAÇÕES DE COMPLEMENTO DE FABRICO OU DE TRANSFORMAÇÃO A EFETUAR EM MATÉRIAS NÃO ORIGINÁRIAS PARA QUE O PRODUTO TRANSFORMADO POSSA ADQU	1731	1770	1974	ue/acordos-internacionais/2026/22026D0498.md
22026D0498	ANEXO III do Protocolo II	FORMULÁRIO DO CERTIFICADO DE CIRCULAÇÃO	1772	1856	1452	ue/acordos-internacionais/2026/22026D0498.md
22026D0498	ANEXO IV do Protocolo II	DECLARAÇÃO NA FATURA	1858	1962	1321	ue/acordos-internacionais/2026/22026D0498.md
22026D0498	ANEXO V A do Protocolo II	DECLARAÇÃO DO FORNECEDOR PARA OS PRODUTOS COM CARÁTER DE PRODUTO ORIGINÁRIO PREFERENCIAL	1964	1976	167	ue/acordos-internacionais/2026/22026D0498.md
22026D0498	ANEXO V B do Protocolo II	DECLARAÇÃO DO FORNECEDOR PARA PRODUTOS SEM CARÁTER ORIGINÁRIO PREFERENCIAL	1978	1998	187	ue/acordos-internacionais/2026/22026D0498.md
22026D0498	ANEXO VI do Protocolo II	FICHA DE INFORMAÇÃO	2000	2067	1359	ue/acordos-internacionais/2026/22026D0498.md
22026D0498	ANEXO VII do Protocolo II	FORMULÁRIO DE PEDIDO DE DERROGAÇÃO	2069	2098	930	ue/acordos-internacionais/2026/22026D0498.md
22026D0498	ANEXO VIII do Protocolo II	PAÍSES E TERRITÓRIOS ULTRAMARINOS	2100	2162	361	ue/acordos-internacionais/2026/22026D0498.md
22026D0498	ANEXO VIII-A do Protocolo II	PAÍSES VIZINHOS EM DESENVOLVIMENTO	2164	2168	83	ue/acordos-internacionais/2026/22026D0498.md
22026D0498	ANEXO IX do Protocolo II	PRODUTOS RELATIVAMENTE AOS QUAIS, APÓS 1 DE OUTUBRO DE 2015, SE APLICAM AS DISPOSIÇÕES RELATIVAS À ACUMULAÇÃO REFERIDAS NOS ARTIGOS 3.º E 4.º	2170	2185	1306	ue/acordos-internacionais/2026/22026D0498.md
22026D0498	ANEXO X do PROTOCOLO II	OUTROS ESTADOS ACP	2187	2333	316	ue/acordos-internacionais/2026/22026D0498.md
22026D0498	ANEXO XI do Protocolo II	PRODUTOS ORIGINÁRIOS DA ÁFRICA DO SUL EXCLUÍDOS DA ACUMULAÇÃO PREVISTA NO ARTIGO 4.º	2335	3599	6797	ue/acordos-internacionais/2026/22026D0498.md
22026D0566	Preâmbulo		18	38	783	ue/acordos-internacionais/2026/22026D0566.md
22026D0566	Artigo 1.º		42	44	30	ue/acordos-internacionais/2026/22026D0566.md
22026D0566	Artigo 2.º		46	58	173	ue/acordos-internacionais/2026/22026D0566.md
22026D0566	Artigo 3.º		60	94	730	ue/acordos-internacionais/2026/22026D0566.md
22026D0566	ANEXO		96	173	1754	ue/acordos-internacionais/2026/22026D0566.md
22026D0592	Preâmbulo		18	30	207	ue/acordos-internacionais/2026/22026D0592.md
22026D0592	Artigo 1.º		34	39	179	ue/acordos-internacionais/2026/22026D0592.md
22026D0592	Artigo 2.º		41	43	47	ue/acordos-internacionais/2026/22026D0592.md
22026D0592	Artigo 3.º		45	47	46	ue/acordos-internacionais/2026/22026D0592.md
22026D0592	Artigo 4.º		49	67	115	ue/acordos-internacionais/2026/22026D0592.md
22026D0593	Preâmbulo		18	30	138	ue/acordos-internacionais/2026/22026D0593.md
22026D0593	Artigo 1.º		34	39	65	ue/acordos-internacionais/2026/22026D0593.md
22026D0593	Artigo 2.º		41	43	44	ue/acordos-internacionais/2026/22026D0593.md
22026D0593	Artigo 3.º		45	47	46	ue/acordos-internacionais/2026/22026D0593.md
22026D0593	Artigo 4.º		49	67	114	ue/acordos-internacionais/2026/22026D0593.md
22026D0594	Preâmbulo		18	30	143	ue/acordos-internacionais/2026/22026D0594.md
22026D0594	Artigo 1.º		34	39	72	ue/acordos-internacionais/2026/22026D0594.md
22026D0594	Artigo 2.º		41	43	44	ue/acordos-internacionais/2026/22026D0594.md
22026D0594	Artigo 3.º		45	47	46	ue/acordos-internacionais/2026/22026D0594.md
22026D0594	Artigo 4.º		49	67	114	ue/acordos-internacionais/2026/22026D0594.md
22026D0595	Preâmbulo		18	30	132	ue/acordos-internacionais/2026/22026D0595.md
22026D0595	Artigo 1.º		34	39	70	ue/acordos-internacionais/2026/22026D0595.md
22026D0595	Artigo 2.º		41	43	47	ue/acordos-internacionais/2026/22026D0595.md
22026D0595	Artigo 3.º		45	47	46	ue/acordos-internacionais/2026/22026D0595.md
22026D0595	Artigo 4.º		49	67	114	ue/acordos-internacionais/2026/22026D0595.md
22026D0596	Preâmbulo		18	34	346	ue/acordos-internacionais/2026/22026D0596.md
22026D0596	Artigo 1.º		38	58	416	ue/acordos-internacionais/2026/22026D0596.md
22026D0596	Artigo 2.º		60	62	62	ue/acordos-internacionais/2026/22026D0596.md
22026D0596	Artigo 3.º		64	66	46	ue/acordos-internacionais/2026/22026D0596.md
22026D0596	Artigo 4.º		68	90	159	ue/acordos-internacionais/2026/22026D0596.md
22026D0597	Preâmbulo		18	32	271	ue/acordos-internacionais/2026/22026D0597.md
22026D0597	Artigo 1.º		36	51	323	ue/acordos-internacionais/2026/22026D0597.md
22026D0597	Artigo 2.º		53	55	57	ue/acordos-internacionais/2026/22026D0597.md
22026D0597	Artigo 3.º		57	59	46	ue/acordos-internacionais/2026/22026D0597.md
22026D0597	Artigo 4.º		61	81	137	ue/acordos-internacionais/2026/22026D0597.md
22026D0598	Preâmbulo		18	30	144	ue/acordos-internacionais/2026/22026D0598.md
22026D0598	Artigo 1.º		34	39	65	ue/acordos-internacionais/2026/22026D0598.md
22026D0598	Artigo 2.º		41	43	46	ue/acordos-internacionais/2026/22026D0598.md
22026D0598	Artigo 3.º		45	47	46	ue/acordos-internacionais/2026/22026D0598.md
22026D0598	Artigo 4.º		49	67	115	ue/acordos-internacionais/2026/22026D0598.md
22026D0600	Preâmbulo		18	32	211	ue/acordos-internacionais/2026/22026D0600.md
22026D0600	Artigo 1.º		36	49	150	ue/acordos-internacionais/2026/22026D0600.md
22026D0600	Artigo 2.º		51	53	57	ue/acordos-internacionais/2026/22026D0600.md
22026D0600	Artigo 3.º		55	57	46	ue/acordos-internacionais/2026/22026D0600.md
22026D0600	Artigo 4.º		59	79	136	ue/acordos-internacionais/2026/22026D0600.md
22026D0601	Preâmbulo		18	30	133	ue/acordos-internacionais/2026/22026D0601.md
22026D0601	Artigo 1.º		34	39	70	ue/acordos-internacionais/2026/22026D0601.md
22026D0601	Artigo 2.º		41	43	47	ue/acordos-internacionais/2026/22026D0601.md
22026D0601	Artigo 3.º		45	47	46	ue/acordos-internacionais/2026/22026D0601.md
22026D0601	Artigo 4.º		49	67	115	ue/acordos-internacionais/2026/22026D0601.md
22026D0602	Preâmbulo		18	32	207	ue/acordos-internacionais/2026/22026D0602.md
22026D0602	Artigo 1.º		36	48	130	ue/acordos-internacionais/2026/22026D0602.md
22026D0602	Artigo 2.º		50	52	47	ue/acordos-internacionais/2026/22026D0602.md
22026D0602	Artigo 3.º		54	56	46	ue/acordos-internacionais/2026/22026D0602.md
22026D0602	Artigo 4.º		58	76	114	ue/acordos-internacionais/2026/22026D0602.md
22026D0605	Preâmbulo		18	30	175	ue/acordos-internacionais/2026/22026D0605.md
22026D0605	Artigo 1.º		34	39	69	ue/acordos-internacionais/2026/22026D0605.md
22026D0605	Artigo 2.º		41	43	47	ue/acordos-internacionais/2026/22026D0605.md
22026D0605	Artigo 3.º		45	47	46	ue/acordos-internacionais/2026/22026D0605.md
22026D0605	Artigo 4.º		49	67	115	ue/acordos-internacionais/2026/22026D0605.md
22026D0606	Preâmbulo		18	30	139	ue/acordos-internacionais/2026/22026D0606.md
22026D0606	Artigo 1.º		34	39	112	ue/acordos-internacionais/2026/22026D0606.md
22026D0606	Artigo 2.º		41	43	47	ue/acordos-internacionais/2026/22026D0606.md
22026D0606	Artigo 3.º		45	47	46	ue/acordos-internacionais/2026/22026D0606.md
22026D0606	Artigo 4.º		49	67	115	ue/acordos-internacionais/2026/22026D0606.md
22026D0607	Preâmbulo		18	30	184	ue/acordos-internacionais/2026/22026D0607.md
22026D0607	Artigo 1.º		34	39	82	ue/acordos-internacionais/2026/22026D0607.md
22026D0607	Artigo 2.º		41	43	47	ue/acordos-internacionais/2026/22026D0607.md
22026D0607	Artigo 3.º		45	47	46	ue/acordos-internacionais/2026/22026D0607.md
22026D0607	Artigo 4.º		49	67	114	ue/acordos-internacionais/2026/22026D0607.md
22026D0622	Preâmbulo		18	30	175	ue/acordos-internacionais/2026/22026D0622.md
22026D0622	Artigo 1.º		34	39	68	ue/acordos-internacionais/2026/22026D0622.md
22026D0622	Artigo 2.º		41	43	46	ue/acordos-internacionais/2026/22026D0622.md
22026D0622	Artigo 3.º		45	47	46	ue/acordos-internacionais/2026/22026D0622.md
22026D0622	Artigo 4.º		49	67	114	ue/acordos-internacionais/2026/22026D0622.md
22026D0623	Preâmbulo		18	30	164	ue/acordos-internacionais/2026/22026D0623.md
22026D0623	Artigo 1.º		34	40	74	ue/acordos-internacionais/2026/22026D0623.md
22026D0623	Artigo 2.º		42	44	46	ue/acordos-internacionais/2026/22026D0623.md
22026D0623	Artigo 3.º		46	48	46	ue/acordos-internacionais/2026/22026D0623.md
22026D0623	Artigo 4.º		50	68	115	ue/acordos-internacionais/2026/22026D0623.md
22026D0625	Preâmbulo		18	32	336	ue/acordos-internacionais/2026/22026D0625.md
22026D0625	Artigo 1.º		36	41	162	ue/acordos-internacionais/2026/22026D0625.md
22026D0625	Artigo 2.º		43	45	46	ue/acordos-internacionais/2026/22026D0625.md
22026D0625	Artigo 3.º		47	49	46	ue/acordos-internacionais/2026/22026D0625.md
22026D0625	Artigo 4.º		51	77	162	ue/acordos-internacionais/2026/22026D0625.md
22026D0626	Preâmbulo		18	30	198	ue/acordos-internacionais/2026/22026D0626.md
22026D0626	Artigo 1.º		34	39	72	ue/acordos-internacionais/2026/22026D0626.md
22026D0626	Artigo 2.º		41	43	46	ue/acordos-internacionais/2026/22026D0626.md
22026D0626	Artigo 3.º		45	47	46	ue/acordos-internacionais/2026/22026D0626.md
22026D0626	Artigo 4.º		49	67	115	ue/acordos-internacionais/2026/22026D0626.md
22026D0627	Preâmbulo		18	30	159	ue/acordos-internacionais/2026/22026D0627.md
22026D0627	Artigo 1.º		34	39	76	ue/acordos-internacionais/2026/22026D0627.md
22026D0627	Artigo 2.º		41	43	46	ue/acordos-internacionais/2026/22026D0627.md
22026D0627	Artigo 3.º		45	47	46	ue/acordos-internacionais/2026/22026D0627.md
22026D0627	Artigo 4.º		49	67	115	ue/acordos-internacionais/2026/22026D0627.md
22026D0628	Preâmbulo		18	34	313	ue/acordos-internacionais/2026/22026D0628.md
22026D0628	Artigo 1.º		38	52	239	ue/acordos-internacionais/2026/22026D0628.md
22026D0628	Artigo 2.º		54	56	54	ue/acordos-internacionais/2026/22026D0628.md
22026D0628	Artigo 3.º		58	60	46	ue/acordos-internacionais/2026/22026D0628.md
22026D0628	Artigo 4.º		62	84	144	ue/acordos-internacionais/2026/22026D0628.md
22026D0630	Preâmbulo		18	32	309	ue/acordos-internacionais/2026/22026D0630.md
22026D0630	Artigo 1.º		36	43	283	ue/acordos-internacionais/2026/22026D0630.md
22026D0630	Artigo 2.º		45	47	52	ue/acordos-internacionais/2026/22026D0630.md
22026D0630	Artigo 3.º		49	51	46	ue/acordos-internacionais/2026/22026D0630.md
22026D0630	Artigo 4.º		53	73	137	ue/acordos-internacionais/2026/22026D0630.md
22026D0631	Preâmbulo		18	30	178	ue/acordos-internacionais/2026/22026D0631.md
22026D0631	Artigo 1.º		34	39	150	ue/acordos-internacionais/2026/22026D0631.md
22026D0631	Artigo 2.º		41	43	46	ue/acordos-internacionais/2026/22026D0631.md
22026D0631	Artigo 3.º		45	47	46	ue/acordos-internacionais/2026/22026D0631.md
22026D0631	Artigo 4.º		49	67	115	ue/acordos-internacionais/2026/22026D0631.md
22026D0633	Preâmbulo		18	34	506	ue/acordos-internacionais/2026/22026D0633.md
22026D0633	Artigo 1.º		38	47	540	ue/acordos-internacionais/2026/22026D0633.md
22026D0633	Artigo 2.º		49	51	55	ue/acordos-internacionais/2026/22026D0633.md
22026D0633	Artigo 3.º		53	55	46	ue/acordos-internacionais/2026/22026D0633.md
22026D0633	Artigo 4.º		57	79	158	ue/acordos-internacionais/2026/22026D0633.md
22026D0637	Preâmbulo		18	30	220	ue/acordos-internacionais/2026/22026D0637.md
22026D0637	Artigo 1.º		34	40	103	ue/acordos-internacionais/2026/22026D0637.md
22026D0637	Artigo 2.º		42	44	46	ue/acordos-internacionais/2026/22026D0637.md
22026D0637	Artigo 3.º		46	48	46	ue/acordos-internacionais/2026/22026D0637.md
22026D0637	Artigo 4.º		50	68	114	ue/acordos-internacionais/2026/22026D0637.md
22026D0638	Preâmbulo		18	32	194	ue/acordos-internacionais/2026/22026D0638.md
22026D0638	Artigo 1.º		36	45	148	ue/acordos-internacionais/2026/22026D0638.md
22026D0638	Artigo 2.º		47	49	42	ue/acordos-internacionais/2026/22026D0638.md
22026D0638	Artigo 3.º		51	53	46	ue/acordos-internacionais/2026/22026D0638.md
22026D0638	Artigo 4.º		55	75	123	ue/acordos-internacionais/2026/22026D0638.md
22026D0639	Preâmbulo		18	30	144	ue/acordos-internacionais/2026/22026D0639.md
22026D0639	Artigo 1.º		34	39	74	ue/acordos-internacionais/2026/22026D0639.md
22026D0639	Artigo 2.º		41	43	46	ue/acordos-internacionais/2026/22026D0639.md
22026D0639	Artigo 3.º		45	47	46	ue/acordos-internacionais/2026/22026D0639.md
22026D0639	Artigo 4.º		49	67	114	ue/acordos-internacionais/2026/22026D0639.md
22026D0641	Preâmbulo		18	32	326	ue/acordos-internacionais/2026/22026D0641.md
22026D0641	Artigo 1.º		36	41	152	ue/acordos-internacionais/2026/22026D0641.md
22026D0641	Artigo 2.º		43	45	47	ue/acordos-internacionais/2026/22026D0641.md
22026D0641	Artigo 3.º		47	49	46	ue/acordos-internacionais/2026/22026D0641.md
22026D0641	Artigo 4.º		51	77	162	ue/acordos-internacionais/2026/22026D0641.md
22026D0650	Preâmbulo		18	32	266	ue/acordos-internacionais/2026/22026D0650.md
22026D0650	Artigo 1.º		36	58	422	ue/acordos-internacionais/2026/22026D0650.md
22026D0650	Artigo 2.º		60	62	52	ue/acordos-internacionais/2026/22026D0650.md
22026D0650	Artigo 3.º		64	66	46	ue/acordos-internacionais/2026/22026D0650.md
22026D0650	Artigo 4.º		68	88	137	ue/acordos-internacionais/2026/22026D0650.md
22026D0651	Preâmbulo		18	30	174	ue/acordos-internacionais/2026/22026D0651.md
22026D0651	Artigo 1.º		34	39	146	ue/acordos-internacionais/2026/22026D0651.md
22026D0651	Artigo 2.º		41	43	47	ue/acordos-internacionais/2026/22026D0651.md
22026D0651	Artigo 3.º		45	47	46	ue/acordos-internacionais/2026/22026D0651.md
22026D0651	Artigo 4.º		49	67	115	ue/acordos-internacionais/2026/22026D0651.md
22026D0652	Preâmbulo		18	36	477	ue/acordos-internacionais/2026/22026D0652.md
22026D0652	Artigo 1.º		40	69	438	ue/acordos-internacionais/2026/22026D0652.md
22026D0652	Artigo 2.º		71	73	59	ue/acordos-internacionais/2026/22026D0652.md
22026D0652	Artigo 3.º		75	77	46	ue/acordos-internacionais/2026/22026D0652.md
22026D0652	Artigo 4.º		79	103	180	ue/acordos-internacionais/2026/22026D0652.md
22026D0653	Preâmbulo		18	42	653	ue/acordos-internacionais/2026/22026D0653.md
22026D0653	Artigo 1.º		46	68	559	ue/acordos-internacionais/2026/22026D0653.md
22026D0653	Artigo 2.º		70	72	75	ue/acordos-internacionais/2026/22026D0653.md
22026D0653	Artigo 3.º		74	76	46	ue/acordos-internacionais/2026/22026D0653.md
22026D0653	Artigo 4.º		78	108	248	ue/acordos-internacionais/2026/22026D0653.md
22026D0654	Preâmbulo		18	48	910	ue/acordos-internacionais/2026/22026D0654.md
22026D0654	Artigo 1.º		52	84	946	ue/acordos-internacionais/2026/22026D0654.md
22026D0654	Artigo 2.º		86	88	83	ue/acordos-internacionais/2026/22026D0654.md
22026D0654	Artigo 3.º		90	92	46	ue/acordos-internacionais/2026/22026D0654.md
22026D0654	Artigo 4.º		94	130	316	ue/acordos-internacionais/2026/22026D0654.md
22026D0655	Preâmbulo		18	56	1230	ue/acordos-internacionais/2026/22026D0655.md
22026D0655	Artigo 1.º		60	104	1288	ue/acordos-internacionais/2026/22026D0655.md
22026D0655	Artigo 2.º		106	108	104	ue/acordos-internacionais/2026/22026D0655.md
22026D0655	Artigo 3.º		110	112	46	ue/acordos-internacionais/2026/22026D0655.md
22026D0655	Artigo 4.º		114	158	399	ue/acordos-internacionais/2026/22026D0655.md
22026D0656	Preâmbulo		18	32	236	ue/acordos-internacionais/2026/22026D0656.md
22026D0656	Artigo 1.º		36	48	204	ue/acordos-internacionais/2026/22026D0656.md
22026D0656	Artigo 2.º		50	52	54	ue/acordos-internacionais/2026/22026D0656.md
22026D0656	Artigo 3.º		54	56	46	ue/acordos-internacionais/2026/22026D0656.md
22026D0656	Artigo 4.º		58	78	136	ue/acordos-internacionais/2026/22026D0656.md
22026D0657	Preâmbulo		18	30	153	ue/acordos-internacionais/2026/22026D0657.md
22026D0657	Artigo 1.º		34	39	128	ue/acordos-internacionais/2026/22026D0657.md
22026D0657	Artigo 2.º		41	43	46	ue/acordos-internacionais/2026/22026D0657.md
22026D0657	Artigo 3.º		45	47	46	ue/acordos-internacionais/2026/22026D0657.md
22026D0657	Artigo 4.º		49	67	114	ue/acordos-internacionais/2026/22026D0657.md
22026D0659	Preâmbulo		18	30	150	ue/acordos-internacionais/2026/22026D0659.md
22026D0659	Artigo 1.º		34	39	74	ue/acordos-internacionais/2026/22026D0659.md
22026D0659	Artigo 2.º		41	43	44	ue/acordos-internacionais/2026/22026D0659.md
22026D0659	Artigo 3.º		45	47	46	ue/acordos-internacionais/2026/22026D0659.md
22026D0659	Artigo 4.º		49	67	113	ue/acordos-internacionais/2026/22026D0659.md
22026D0660	Preâmbulo		18	30	147	ue/acordos-internacionais/2026/22026D0660.md
22026D0660	Artigo 1.º		34	39	74	ue/acordos-internacionais/2026/22026D0660.md
22026D0660	Artigo 2.º		41	43	44	ue/acordos-internacionais/2026/22026D0660.md
22026D0660	Artigo 3.º		45	47	46	ue/acordos-internacionais/2026/22026D0660.md
22026D0660	Artigo 4.º		49	67	114	ue/acordos-internacionais/2026/22026D0660.md
22026D0663	Preâmbulo		18	34	341	ue/acordos-internacionais/2026/22026D0663.md
22026D0663	Artigo 1.º		38	45	105	ue/acordos-internacionais/2026/22026D0663.md
22026D0663	Artigo 2.º		47	49	48	ue/acordos-internacionais/2026/22026D0663.md
22026D0663	Artigo 3.º		51	53	46	ue/acordos-internacionais/2026/22026D0663.md
22026D0663	Artigo 4.º		55	75	134	ue/acordos-internacionais/2026/22026D0663.md
22026D0664	Preâmbulo		18	30	147	ue/acordos-internacionais/2026/22026D0664.md
22026D0664	Artigo 1.º		34	39	72	ue/acordos-internacionais/2026/22026D0664.md
22026D0664	Artigo 2.º		41	43	47	ue/acordos-internacionais/2026/22026D0664.md
22026D0664	Artigo 3.º		45	47	46	ue/acordos-internacionais/2026/22026D0664.md
22026D0664	Artigo 4.º		49	67	115	ue/acordos-internacionais/2026/22026D0664.md
22026D0666	Preâmbulo		18	30	128	ue/acordos-internacionais/2026/22026D0666.md
22026D0666	Artigo 1.º		34	40	81	ue/acordos-internacionais/2026/22026D0666.md
22026D0666	Artigo 2.º		42	44	47	ue/acordos-internacionais/2026/22026D0666.md
22026D0666	Artigo 3.º		46	48	46	ue/acordos-internacionais/2026/22026D0666.md
22026D0666	Artigo 4.º		50	68	115	ue/acordos-internacionais/2026/22026D0666.md
22026D0668	Preâmbulo		18	34	300	ue/acordos-internacionais/2026/22026D0668.md
22026D0668	Artigo 1.º		38	57	204	ue/acordos-internacionais/2026/22026D0668.md
22026D0668	Artigo 2.º		59	61	60	ue/acordos-internacionais/2026/22026D0668.md
22026D0668	Artigo 3.º		63	65	46	ue/acordos-internacionais/2026/22026D0668.md
22026D0668	Artigo 4.º		67	89	158	ue/acordos-internacionais/2026/22026D0668.md
22026D0669	Preâmbulo		18	32	310	ue/acordos-internacionais/2026/22026D0669.md
22026D0669	Artigo 1.º		36	41	220	ue/acordos-internacionais/2026/22026D0669.md
22026D0669	Artigo 2.º		43	45	46	ue/acordos-internacionais/2026/22026D0669.md
22026D0669	Artigo 3.º		47	49	46	ue/acordos-internacionais/2026/22026D0669.md
22026D0669	Artigo 4.º		51	69	115	ue/acordos-internacionais/2026/22026D0669.md
22026D0670	Preâmbulo		18	44	758	ue/acordos-internacionais/2026/22026D0670.md
22026D0670	Artigo 1.º		48	72	730	ue/acordos-internacionais/2026/22026D0670.md
22026D0670	Artigo 2.º		74	107	943	ue/acordos-internacionais/2026/22026D0670.md
22026D0670	Artigo 3.º		109	111	100	ue/acordos-internacionais/2026/22026D0670.md
22026D0670	Artigo 4.º		113	115	46	ue/acordos-internacionais/2026/22026D0670.md
22026D0670	Artigo 5.º		117	151	212	ue/acordos-internacionais/2026/22026D0670.md
22026D0672	Preâmbulo		18	32	283	ue/acordos-internacionais/2026/22026D0672.md
22026D0672	Artigo 1.º		36	41	76	ue/acordos-internacionais/2026/22026D0672.md
22026D0672	Artigo 2.º		43	45	44	ue/acordos-internacionais/2026/22026D0672.md
22026D0672	Artigo 3.º		47	49	46	ue/acordos-internacionais/2026/22026D0672.md
22026D0672	Artigo 4.º		51	69	114	ue/acordos-internacionais/2026/22026D0672.md
22026D0673	Preâmbulo		18	34	352	ue/acordos-internacionais/2026/22026D0673.md
22026D0673	Artigo 1.º		38	50	144	ue/acordos-internacionais/2026/22026D0673.md
22026D0673	Artigo 2.º		52	54	52	ue/acordos-internacionais/2026/22026D0673.md
22026D0673	Artigo 3.º		56	58	46	ue/acordos-internacionais/2026/22026D0673.md
22026D0673	Artigo 4.º		60	80	136	ue/acordos-internacionais/2026/22026D0673.md
22026D0674	Preâmbulo		18	32	290	ue/acordos-internacionais/2026/22026D0674.md
22026D0674	Artigo 1.º		36	41	74	ue/acordos-internacionais/2026/22026D0674.md
22026D0674	Artigo 2.º		43	48	75	ue/acordos-internacionais/2026/22026D0674.md
22026D0674	Artigo 3.º		50	52	44	ue/acordos-internacionais/2026/22026D0674.md
22026D0674	Artigo 4.º		54	56	46	ue/acordos-internacionais/2026/22026D0674.md
22026D0674	Artigo 5.º		58	76	114	ue/acordos-internacionais/2026/22026D0674.md
22026D0675	Preâmbulo		18	32	317	ue/acordos-internacionais/2026/22026D0675.md
22026D0675	Artigo 1.º		36	41	73	ue/acordos-internacionais/2026/22026D0675.md
22026D0675	Artigo 2.º		43	48	74	ue/acordos-internacionais/2026/22026D0675.md
22026D0675	Artigo 3.º		50	52	44	ue/acordos-internacionais/2026/22026D0675.md
22026D0675	Artigo 4.º		54	56	46	ue/acordos-internacionais/2026/22026D0675.md
22026D0675	Artigo 5.º		58	76	114	ue/acordos-internacionais/2026/22026D0675.md
22026D0678	Preâmbulo		18	32	262	ue/acordos-internacionais/2026/22026D0678.md
22026D0678	Artigo 1.º		36	41	79	ue/acordos-internacionais/2026/22026D0678.md
22026D0678	Artigo 2.º		43	45	46	ue/acordos-internacionais/2026/22026D0678.md
22026D0678	Artigo 3.º		47	49	46	ue/acordos-internacionais/2026/22026D0678.md
22026D0678	Artigo 4.º		51	69	115	ue/acordos-internacionais/2026/22026D0678.md
22026D0679	Preâmbulo		18	32	315	ue/acordos-internacionais/2026/22026D0679.md
22026D0679	Artigo 1.º		36	41	73	ue/acordos-internacionais/2026/22026D0679.md
22026D0679	Artigo 2.º		43	45	47	ue/acordos-internacionais/2026/22026D0679.md
22026D0679	Artigo 3.º		47	49	46	ue/acordos-internacionais/2026/22026D0679.md
22026D0679	Artigo 4.º		51	69	114	ue/acordos-internacionais/2026/22026D0679.md
22026D0680	Preâmbulo		18	34	338	ue/acordos-internacionais/2026/22026D0680.md
22026D0680	Artigo 1.º		38	45	199	ue/acordos-internacionais/2026/22026D0680.md
22026D0680	Artigo 2.º		47	49	52	ue/acordos-internacionais/2026/22026D0680.md
22026D0680	Artigo 3.º		51	53	46	ue/acordos-internacionais/2026/22026D0680.md
22026D0680	Artigo 4.º		55	75	137	ue/acordos-internacionais/2026/22026D0680.md
22026D0682	Preâmbulo		18	34	320	ue/acordos-internacionais/2026/22026D0682.md
22026D0682	Artigo 1.º		38	45	182	ue/acordos-internacionais/2026/22026D0682.md
22026D0682	Artigo 2.º		47	49	52	ue/acordos-internacionais/2026/22026D0682.md
22026D0682	Artigo 3.º		51	53	46	ue/acordos-internacionais/2026/22026D0682.md
22026D0682	Artigo 4.º		55	75	137	ue/acordos-internacionais/2026/22026D0682.md
22026D0683	Preâmbulo		18	32	262	ue/acordos-internacionais/2026/22026D0683.md
22026D0683	Artigo 1.º		36	41	66	ue/acordos-internacionais/2026/22026D0683.md
22026D0683	Artigo 2.º		43	45	44	ue/acordos-internacionais/2026/22026D0683.md
22026D0683	Artigo 3.º		47	49	46	ue/acordos-internacionais/2026/22026D0683.md
22026D0683	Artigo 4.º		51	69	113	ue/acordos-internacionais/2026/22026D0683.md
22026D0684	Preâmbulo		18	36	421	ue/acordos-internacionais/2026/22026D0684.md
22026D0684	Artigo 1.º		40	56	357	ue/acordos-internacionais/2026/22026D0684.md
22026D0684	Artigo 2.º		58	60	56	ue/acordos-internacionais/2026/22026D0684.md
22026D0684	Artigo 3.º		62	64	46	ue/acordos-internacionais/2026/22026D0684.md
22026D0684	Artigo 4.º		66	88	160	ue/acordos-internacionais/2026/22026D0684.md
22026D0685	Preâmbulo		18	32	326	ue/acordos-internacionais/2026/22026D0685.md
22026D0685	Artigo 1.º		36	41	68	ue/acordos-internacionais/2026/22026D0685.md
22026D0685	Artigo 2.º		43	45	44	ue/acordos-internacionais/2026/22026D0685.md
22026D0685	Artigo 3.º		47	49	46	ue/acordos-internacionais/2026/22026D0685.md
22026D0685	Artigo 4.º		51	69	114	ue/acordos-internacionais/2026/22026D0685.md
22026D0686	Preâmbulo		18	62	1666	ue/acordos-internacionais/2026/22026D0686.md
22026D0686	Artigo 1.º		66	117	1468	ue/acordos-internacionais/2026/22026D0686.md
22026D0686	Artigo 2.º		119	121	100	ue/acordos-internacionais/2026/22026D0686.md
22026D0686	Artigo 3.º		123	125	46	ue/acordos-internacionais/2026/22026D0686.md
22026D0686	Artigo 4.º		127	177	434	ue/acordos-internacionais/2026/22026D0686.md
22026D0929	Preâmbulo		18	30	136	ue/acordos-internacionais/2026/22026D0929.md
22026D0929	Artigo 1.º		34	40	75	ue/acordos-internacionais/2026/22026D0929.md
22026D0929	Artigo 2.º		42	44	47	ue/acordos-internacionais/2026/22026D0929.md
22026D0929	Artigo 3.º		46	48	82	ue/acordos-internacionais/2026/22026D0929.md
22026D0929	Artigo 4.º		50	70	133	ue/acordos-internacionais/2026/22026D0929.md
22026D0930	Preâmbulo		18	30	155	ue/acordos-internacionais/2026/22026D0930.md
22026D0930	Artigo 1.º		34	39	244	ue/acordos-internacionais/2026/22026D0930.md
22026D0930	Artigo 2.º		41	43	47	ue/acordos-internacionais/2026/22026D0930.md
22026D0930	Artigo 3.º		45	47	46	ue/acordos-internacionais/2026/22026D0930.md
22026D0930	Artigo 4.º		49	67	114	ue/acordos-internacionais/2026/22026D0930.md
22026D0931	Preâmbulo		18	32	326	ue/acordos-internacionais/2026/22026D0931.md
22026D0931	Artigo 1.º		36	41	76	ue/acordos-internacionais/2026/22026D0931.md
22026D0931	Artigo 2.º		43	45	46	ue/acordos-internacionais/2026/22026D0931.md
22026D0931	Artigo 3.º		47	49	46	ue/acordos-internacionais/2026/22026D0931.md
22026D0931	Artigo 4.º		51	69	113	ue/acordos-internacionais/2026/22026D0931.md
22026D0932	Preâmbulo		18	36	551	ue/acordos-internacionais/2026/22026D0932.md
22026D0932	Artigo 1.º		40	45	232	ue/acordos-internacionais/2026/22026D0932.md
22026D0932	Artigo 2.º		47	49	44	ue/acordos-internacionais/2026/22026D0932.md
22026D0932	Artigo 3.º		51	53	46	ue/acordos-internacionais/2026/22026D0932.md
22026D0932	Artigo 4.º		55	73	101	ue/acordos-internacionais/2026/22026D0932.md
22026D0933	Preâmbulo		18	34	386	ue/acordos-internacionais/2026/22026D0933.md
22026D0933	Artigo 1.º		38	44	82	ue/acordos-internacionais/2026/22026D0933.md
22026D0933	Artigo 2.º		46	48	47	ue/acordos-internacionais/2026/22026D0933.md
22026D0933	Artigo 3.º		50	52	46	ue/acordos-internacionais/2026/22026D0933.md
22026D0933	Artigo 4.º		54	72	113	ue/acordos-internacionais/2026/22026D0933.md
22026D0934	Preâmbulo		18	30	174	ue/acordos-internacionais/2026/22026D0934.md
22026D0934	Artigo 1.º		34	40	104	ue/acordos-internacionais/2026/22026D0934.md
22026D0934	Artigo 2.º		42	47	74	ue/acordos-internacionais/2026/22026D0934.md
22026D0934	Artigo 3.º		49	51	43	ue/acordos-internacionais/2026/22026D0934.md
22026D0934	Artigo 4.º		53	55	46	ue/acordos-internacionais/2026/22026D0934.md
22026D0934	Artigo 5.º		57	75	112	ue/acordos-internacionais/2026/22026D0934.md
22026D0935	Preâmbulo		18	32	245	ue/acordos-internacionais/2026/22026D0935.md
22026D0935	Artigo 1.º		36	41	71	ue/acordos-internacionais/2026/22026D0935.md
22026D0935	Artigo 2.º		43	45	47	ue/acordos-internacionais/2026/22026D0935.md
22026D0935	Artigo 3.º		47	49	46	ue/acordos-internacionais/2026/22026D0935.md
22026D0935	Artigo 4.º		51	69	112	ue/acordos-internacionais/2026/22026D0935.md
22026D0936	Preâmbulo		18	34	365	ue/acordos-internacionais/2026/22026D0936.md
22026D0936	Artigo 1.º		38	45	227	ue/acordos-internacionais/2026/22026D0936.md
22026D0936	Artigo 2.º		47	49	52	ue/acordos-internacionais/2026/22026D0936.md
22026D0936	Artigo 3.º		51	53	46	ue/acordos-internacionais/2026/22026D0936.md
22026D0936	Artigo 4.º		55	75	136	ue/acordos-internacionais/2026/22026D0936.md
22026D0937	Preâmbulo		18	32	268	ue/acordos-internacionais/2026/22026D0937.md
22026D0937	Artigo 1.º		36	41	129	ue/acordos-internacionais/2026/22026D0937.md
22026D0937	Artigo 2.º		43	45	47	ue/acordos-internacionais/2026/22026D0937.md
22026D0937	Artigo 3.º		47	49	46	ue/acordos-internacionais/2026/22026D0937.md
22026D0937	Artigo 4.º		51	69	114	ue/acordos-internacionais/2026/22026D0937.md
22026D0938	Preâmbulo		18	32	273	ue/acordos-internacionais/2026/22026D0938.md
22026D0938	Artigo 1.º		36	42	78	ue/acordos-internacionais/2026/22026D0938.md
22026D0938	Artigo 2.º		44	46	47	ue/acordos-internacionais/2026/22026D0938.md
22026D0938	Artigo 3.º		48	50	46	ue/acordos-internacionais/2026/22026D0938.md
22026D0938	Artigo 4.º		52	70	114	ue/acordos-internacionais/2026/22026D0938.md
22026D0939	Preâmbulo		18	30	155	ue/acordos-internacionais/2026/22026D0939.md
22026D0939	Artigo 1.º		34	39	70	ue/acordos-internacionais/2026/22026D0939.md
22026D0939	Artigo 2.º		41	43	47	ue/acordos-internacionais/2026/22026D0939.md
22026D0939	Artigo 3.º		45	47	46	ue/acordos-internacionais/2026/22026D0939.md
22026D0939	Artigo 4.º		49	67	114	ue/acordos-internacionais/2026/22026D0939.md
22026D0940	Preâmbulo		18	46	750	ue/acordos-internacionais/2026/22026D0940.md
22026D0940	Artigo 1.º		50	65	499	ue/acordos-internacionais/2026/22026D0940.md
22026D0940	Artigo 2.º		67	69	60	ue/acordos-internacionais/2026/22026D0940.md
22026D0940	Artigo 3.º		71	73	46	ue/acordos-internacionais/2026/22026D0940.md
22026D0940	Artigo 4.º		75	109	227	ue/acordos-internacionais/2026/22026D0940.md
22026D0941	Preâmbulo		18	32	269	ue/acordos-internacionais/2026/22026D0941.md
22026D0941	Artigo 1.º		36	41	72	ue/acordos-internacionais/2026/22026D0941.md
22026D0941	Artigo 2.º		43	45	47	ue/acordos-internacionais/2026/22026D0941.md
22026D0941	Artigo 3.º		47	49	82	ue/acordos-internacionais/2026/22026D0941.md
22026D0941	Artigo 4.º		51	71	134	ue/acordos-internacionais/2026/22026D0941.md
22026D0942	Preâmbulo		18	30	166	ue/acordos-internacionais/2026/22026D0942.md
22026D0942	Artigo 1.º		34	39	70	ue/acordos-internacionais/2026/22026D0942.md
22026D0942	Artigo 2.º		41	43	47	ue/acordos-internacionais/2026/22026D0942.md
22026D0942	Artigo 3.º		45	47	46	ue/acordos-internacionais/2026/22026D0942.md
22026D0942	Artigo 4.º		49	67	113	ue/acordos-internacionais/2026/22026D0942.md
22026D0943	Preâmbulo		18	30	152	ue/acordos-internacionais/2026/22026D0943.md
22026D0943	Artigo 1.º		34	39	73	ue/acordos-internacionais/2026/22026D0943.md
22026D0943	Artigo 2.º		41	43	46	ue/acordos-internacionais/2026/22026D0943.md
22026D0943	Artigo 3.º		45	47	46	ue/acordos-internacionais/2026/22026D0943.md
22026D0943	Artigo 4.º		49	67	114	ue/acordos-internacionais/2026/22026D0943.md
22026D0944	Preâmbulo		18	30	197	ue/acordos-internacionais/2026/22026D0944.md
22026D0944	Artigo 1.º		34	39	169	ue/acordos-internacionais/2026/22026D0944.md
22026D0944	Artigo 2.º		41	43	47	ue/acordos-internacionais/2026/22026D0944.md
22026D0944	Artigo 3.º		45	47	46	ue/acordos-internacionais/2026/22026D0944.md
22026D0944	Artigo 4.º		49	67	114	ue/acordos-internacionais/2026/22026D0944.md
22026D0945	Preâmbulo		18	32	248	ue/acordos-internacionais/2026/22026D0945.md
22026D0945	Artigo 1.º		36	48	142	ue/acordos-internacionais/2026/22026D0945.md
22026D0945	Artigo 2.º		50	52	52	ue/acordos-internacionais/2026/22026D0945.md
22026D0945	Artigo 3.º		54	56	46	ue/acordos-internacionais/2026/22026D0945.md
22026D0945	Artigo 4.º		58	78	136	ue/acordos-internacionais/2026/22026D0945.md
22026D0946	Preâmbulo		18	30	142	ue/acordos-internacionais/2026/22026D0946.md
22026D0946	Artigo 1.º		34	39	68	ue/acordos-internacionais/2026/22026D0946.md
22026D0946	Artigo 2.º		41	43	46	ue/acordos-internacionais/2026/22026D0946.md
22026D0946	Artigo 3.º		45	47	46	ue/acordos-internacionais/2026/22026D0946.md
22026D0946	Artigo 4.º		49	67	112	ue/acordos-internacionais/2026/22026D0946.md
22026D0947	Preâmbulo		18	30	188	ue/acordos-internacionais/2026/22026D0947.md
22026D0947	Artigo 1.º		34	39	76	ue/acordos-internacionais/2026/22026D0947.md
22026D0947	Artigo 2.º		41	43	46	ue/acordos-internacionais/2026/22026D0947.md
22026D0947	Artigo 3.º		45	47	46	ue/acordos-internacionais/2026/22026D0947.md
22026D0947	Artigo 4.º		49	67	114	ue/acordos-internacionais/2026/22026D0947.md
22026D0948	Preâmbulo		18	32	247	ue/acordos-internacionais/2026/22026D0948.md
22026D0948	Artigo 1.º		36	41	71	ue/acordos-internacionais/2026/22026D0948.md
22026D0948	Artigo 2.º		43	45	44	ue/acordos-internacionais/2026/22026D0948.md
22026D0948	Artigo 3.º		47	49	46	ue/acordos-internacionais/2026/22026D0948.md
22026D0948	Artigo 4.º		51	69	100	ue/acordos-internacionais/2026/22026D0948.md
22026D0949	Preâmbulo		18	30	132	ue/acordos-internacionais/2026/22026D0949.md
22026D0949	Artigo 1.º		34	39	82	ue/acordos-internacionais/2026/22026D0949.md
22026D0949	Artigo 2.º		41	43	44	ue/acordos-internacionais/2026/22026D0949.md
22026D0949	Artigo 3.º		45	47	46	ue/acordos-internacionais/2026/22026D0949.md
22026D0949	Artigo 4.º		49	67	112	ue/acordos-internacionais/2026/22026D0949.md
22026D0950	Preâmbulo		18	46	802	ue/acordos-internacionais/2026/22026D0950.md
22026D0950	Artigo 1.º		50	92	751	ue/acordos-internacionais/2026/22026D0950.md
22026D0950	Artigo 2.º		94	96	76	ue/acordos-internacionais/2026/22026D0950.md
22026D0950	Artigo 3.º		98	100	46	ue/acordos-internacionais/2026/22026D0950.md
22026D0950	Artigo 4.º		102	134	269	ue/acordos-internacionais/2026/22026D0950.md
22026D0951	Preâmbulo		18	34	350	ue/acordos-internacionais/2026/22026D0951.md
22026D0951	Artigo 1.º		38	51	160	ue/acordos-internacionais/2026/22026D0951.md
22026D0951	Artigo 2.º		53	55	49	ue/acordos-internacionais/2026/22026D0951.md
22026D0951	Artigo 3.º		57	59	46	ue/acordos-internacionais/2026/22026D0951.md
22026D0951	Artigo 4.º		61	81	133	ue/acordos-internacionais/2026/22026D0951.md
22026D0952	Preâmbulo		18	32	246	ue/acordos-internacionais/2026/22026D0952.md
22026D0952	Artigo 1.º		36	59	372	ue/acordos-internacionais/2026/22026D0952.md
22026D0952	Artigo 2.º		61	63	51	ue/acordos-internacionais/2026/22026D0952.md
22026D0952	Artigo 3.º		65	67	46	ue/acordos-internacionais/2026/22026D0952.md
22026D0952	Artigo 4.º		69	89	109	ue/acordos-internacionais/2026/22026D0952.md
22026D0953	Preâmbulo		18	30	155	ue/acordos-internacionais/2026/22026D0953.md
22026D0953	Artigo 1.º		34	39	136	ue/acordos-internacionais/2026/22026D0953.md
22026D0953	Artigo 2.º		41	43	46	ue/acordos-internacionais/2026/22026D0953.md
22026D0953	Artigo 3.º		45	47	46	ue/acordos-internacionais/2026/22026D0953.md
22026D0953	Artigo 4.º		49	67	114	ue/acordos-internacionais/2026/22026D0953.md
22026D0954	Preâmbulo		18	30	174	ue/acordos-internacionais/2026/22026D0954.md
22026D0954	Artigo 1.º		34	39	72	ue/acordos-internacionais/2026/22026D0954.md
22026D0954	Artigo 2.º		41	43	47	ue/acordos-internacionais/2026/22026D0954.md
22026D0954	Artigo 3.º		45	47	46	ue/acordos-internacionais/2026/22026D0954.md
22026D0954	Artigo 4.º		49	67	114	ue/acordos-internacionais/2026/22026D0954.md
22026D0955	Preâmbulo		18	30	137	ue/acordos-internacionais/2026/22026D0955.md
22026D0955	Artigo 1.º		34	39	70	ue/acordos-internacionais/2026/22026D0955.md
22026D0955	Artigo 2.º		41	43	46	ue/acordos-internacionais/2026/22026D0955.md
22026D0955	Artigo 3.º		45	47	46	ue/acordos-internacionais/2026/22026D0955.md
22026D0955	Artigo 4.º		49	67	114	ue/acordos-internacionais/2026/22026D0955.md
22026D0956	Preâmbulo		18	30	189	ue/acordos-internacionais/2026/22026D0956.md
22026D0956	Artigo 1.º		34	39	160	ue/acordos-internacionais/2026/22026D0956.md
22026D0956	Artigo 2.º		41	43	44	ue/acordos-internacionais/2026/22026D0956.md
22026D0956	Artigo 3.º		45	47	46	ue/acordos-internacionais/2026/22026D0956.md
22026D0956	Artigo 4.º		49	67	113	ue/acordos-internacionais/2026/22026D0956.md
22026D0957	Preâmbulo		18	30	140	ue/acordos-internacionais/2026/22026D0957.md
22026D0957	Artigo 1.º		34	39	112	ue/acordos-internacionais/2026/22026D0957.md
22026D0957	Artigo 2.º		41	43	46	ue/acordos-internacionais/2026/22026D0957.md
22026D0957	Artigo 3.º		45	47	46	ue/acordos-internacionais/2026/22026D0957.md
22026D0957	Artigo 4.º		49	67	114	ue/acordos-internacionais/2026/22026D0957.md
22026D0958	Preâmbulo		18	32	242	ue/acordos-internacionais/2026/22026D0958.md
22026D0958	Artigo 1.º		36	49	440	ue/acordos-internacionais/2026/22026D0958.md
22026D0958	Artigo 2.º		51	53	51	ue/acordos-internacionais/2026/22026D0958.md
22026D0958	Artigo 3.º		55	57	46	ue/acordos-internacionais/2026/22026D0958.md
22026D0958	Artigo 4.º		59	79	134	ue/acordos-internacionais/2026/22026D0958.md
22026D0959	Preâmbulo		18	30	220	ue/acordos-internacionais/2026/22026D0959.md
22026D0959	Artigo 1.º		34	39	192	ue/acordos-internacionais/2026/22026D0959.md
22026D0959	Artigo 2.º		41	43	46	ue/acordos-internacionais/2026/22026D0959.md
22026D0959	Artigo 3.º		45	47	46	ue/acordos-internacionais/2026/22026D0959.md
22026D0959	Artigo 4.º		49	67	113	ue/acordos-internacionais/2026/22026D0959.md
22026D0960	Preâmbulo		18	36	400	ue/acordos-internacionais/2026/22026D0960.md
22026D0960	Artigo 1.º		40	49	262	ue/acordos-internacionais/2026/22026D0960.md
22026D0960	Artigo 2.º		51	53	56	ue/acordos-internacionais/2026/22026D0960.md
22026D0960	Artigo 3.º		55	57	46	ue/acordos-internacionais/2026/22026D0960.md
22026D0960	Artigo 4.º		59	81	158	ue/acordos-internacionais/2026/22026D0960.md
22026D0963	Preâmbulo		18	30	164	ue/acordos-internacionais/2026/22026D0963.md
22026D0963	Artigo 1.º		34	39	73	ue/acordos-internacionais/2026/22026D0963.md
22026D0963	Artigo 2.º		41	43	46	ue/acordos-internacionais/2026/22026D0963.md
22026D0963	Artigo 3.º		45	47	46	ue/acordos-internacionais/2026/22026D0963.md
22026D0963	Artigo 4.º		49	67	114	ue/acordos-internacionais/2026/22026D0963.md
22026D0964	Preâmbulo		18	32	224	ue/acordos-internacionais/2026/22026D0964.md
22026D0964	Artigo 1.º		36	43	200	ue/acordos-internacionais/2026/22026D0964.md
22026D0964	Artigo 2.º		45	47	52	ue/acordos-internacionais/2026/22026D0964.md
22026D0964	Artigo 3.º		49	51	46	ue/acordos-internacionais/2026/22026D0964.md
22026D0964	Artigo 4.º		53	73	136	ue/acordos-internacionais/2026/22026D0964.md
22026D0965	Preâmbulo		18	30	174	ue/acordos-internacionais/2026/22026D0965.md
22026D0965	Artigo 1.º		34	39	342	ue/acordos-internacionais/2026/22026D0965.md
22026D0965	Artigo 2.º		41	43	44	ue/acordos-internacionais/2026/22026D0965.md
22026D0965	Artigo 3.º		45	47	46	ue/acordos-internacionais/2026/22026D0965.md
22026D0965	Artigo 4.º		49	67	114	ue/acordos-internacionais/2026/22026D0965.md
22026D0966	Preâmbulo		18	32	273	ue/acordos-internacionais/2026/22026D0966.md
22026D0966	Artigo 1.º		36	49	146	ue/acordos-internacionais/2026/22026D0966.md
22026D0966	Artigo 2.º		51	53	54	ue/acordos-internacionais/2026/22026D0966.md
22026D0966	Artigo 3.º		55	57	46	ue/acordos-internacionais/2026/22026D0966.md
22026D0966	Artigo 4.º		59	79	134	ue/acordos-internacionais/2026/22026D0966.md
22026D0967	Preâmbulo		18	30	141	ue/acordos-internacionais/2026/22026D0967.md
22026D0967	Artigo 1.º		34	39	112	ue/acordos-internacionais/2026/22026D0967.md
22026D0967	Artigo 2.º		41	43	46	ue/acordos-internacionais/2026/22026D0967.md
22026D0967	Artigo 3.º		45	47	46	ue/acordos-internacionais/2026/22026D0967.md
22026D0967	Artigo 4.º		49	67	114	ue/acordos-internacionais/2026/22026D0967.md
22026D0968	Preâmbulo		18	30	194	ue/acordos-internacionais/2026/22026D0968.md
22026D0968	Artigo 1.º		34	39	166	ue/acordos-internacionais/2026/22026D0968.md
22026D0968	Artigo 2.º		41	43	47	ue/acordos-internacionais/2026/22026D0968.md
22026D0968	Artigo 3.º		45	47	46	ue/acordos-internacionais/2026/22026D0968.md
22026D0968	Artigo 4.º		49	67	114	ue/acordos-internacionais/2026/22026D0968.md
22026D0969	Preâmbulo		18	30	169	ue/acordos-internacionais/2026/22026D0969.md
22026D0969	Artigo 1.º		34	39	141	ue/acordos-internacionais/2026/22026D0969.md
22026D0969	Artigo 2.º		41	43	47	ue/acordos-internacionais/2026/22026D0969.md
22026D0969	Artigo 3.º		45	47	46	ue/acordos-internacionais/2026/22026D0969.md
22026D0969	Artigo 4.º		49	67	114	ue/acordos-internacionais/2026/22026D0969.md
22026D0970	Preâmbulo		18	52	917	ue/acordos-internacionais/2026/22026D0970.md
22026D0970	Artigo 1.º		56	104	683	ue/acordos-internacionais/2026/22026D0970.md
22026D0970	Artigo 2.º		106	108	81	ue/acordos-internacionais/2026/22026D0970.md
22026D0970	Artigo 3.º		110	112	46	ue/acordos-internacionais/2026/22026D0970.md
22026D0970	Artigo 4.º		114	152	286	ue/acordos-internacionais/2026/22026D0970.md
22026D0972	Preâmbulo		18	32	197	ue/acordos-internacionais/2026/22026D0972.md
22026D0972	Artigo 1.º		36	40	112	ue/acordos-internacionais/2026/22026D0972.md
22026D0972	Artigo 2.º		42	44	46	ue/acordos-internacionais/2026/22026D0972.md
22026D0972	Artigo 3.º		46	48	46	ue/acordos-internacionais/2026/22026D0972.md
22026D0972	Artigo 4.º		50	70	122	ue/acordos-internacionais/2026/22026D0972.md
22026D0973	Preâmbulo		18	32	249	ue/acordos-internacionais/2026/22026D0973.md
22026D0973	Artigo 1.º		36	41	70	ue/acordos-internacionais/2026/22026D0973.md
22026D0973	Artigo 2.º		43	45	44	ue/acordos-internacionais/2026/22026D0973.md
22026D0973	Artigo 3.º		47	49	82	ue/acordos-internacionais/2026/22026D0973.md
22026D0973	Artigo 4.º		51	71	133	ue/acordos-internacionais/2026/22026D0973.md
22026D0974	Preâmbulo		18	30	182	ue/acordos-internacionais/2026/22026D0974.md
22026D0974	Artigo 1.º		34	39	155	ue/acordos-internacionais/2026/22026D0974.md
22026D0974	Artigo 2.º		41	43	46	ue/acordos-internacionais/2026/22026D0974.md
22026D0974	Artigo 3.º		45	47	46	ue/acordos-internacionais/2026/22026D0974.md
22026D0974	Artigo 4.º		49	67	114	ue/acordos-internacionais/2026/22026D0974.md
22026D0975	Preâmbulo		18	34	356	ue/acordos-internacionais/2026/22026D0975.md
22026D0975	Artigo 1.º		38	45	107	ue/acordos-internacionais/2026/22026D0975.md
22026D0975	Artigo 2.º		47	49	49	ue/acordos-internacionais/2026/22026D0975.md
22026D0975	Artigo 3.º		51	53	46	ue/acordos-internacionais/2026/22026D0975.md
22026D0975	Artigo 4.º		55	75	134	ue/acordos-internacionais/2026/22026D0975.md
22026D0976	Preâmbulo		18	32	282	ue/acordos-internacionais/2026/22026D0976.md
22026D0976	Artigo 1.º		36	41	91	ue/acordos-internacionais/2026/22026D0976.md
22026D0976	Artigo 2.º		43	45	44	ue/acordos-internacionais/2026/22026D0976.md
22026D0976	Artigo 3.º		47	49	46	ue/acordos-internacionais/2026/22026D0976.md
22026D0976	Artigo 4.º		51	69	112	ue/acordos-internacionais/2026/22026D0976.md
22026D0978	Preâmbulo		18	32	268	ue/acordos-internacionais/2026/22026D0978.md
22026D0978	Artigo 1.º		36	48	196	ue/acordos-internacionais/2026/22026D0978.md
22026D0978	Artigo 2.º		50	52	47	ue/acordos-internacionais/2026/22026D0978.md
22026D0978	Artigo 3.º		54	56	46	ue/acordos-internacionais/2026/22026D0978.md
22026D0978	Artigo 4.º		58	76	114	ue/acordos-internacionais/2026/22026D0978.md
22026D0979	Preâmbulo		18	32	243	ue/acordos-internacionais/2026/22026D0979.md
22026D0979	Artigo 1.º		36	41	101	ue/acordos-internacionais/2026/22026D0979.md
22026D0979	Artigo 2.º		43	45	44	ue/acordos-internacionais/2026/22026D0979.md
22026D0979	Artigo 3.º		47	49	46	ue/acordos-internacionais/2026/22026D0979.md
22026D0979	Artigo 4.º		51	69	112	ue/acordos-internacionais/2026/22026D0979.md
22026D0980	Preâmbulo		18	34	281	ue/acordos-internacionais/2026/22026D0980.md
22026D0980	Artigo 1.º		38	47	136	ue/acordos-internacionais/2026/22026D0980.md
22026D0980	Artigo 2.º		49	51	55	ue/acordos-internacionais/2026/22026D0980.md
22026D0980	Artigo 3.º		53	55	46	ue/acordos-internacionais/2026/22026D0980.md
22026D0980	Artigo 4.º		57	79	158	ue/acordos-internacionais/2026/22026D0980.md
22026D0982	Preâmbulo		18	30	172	ue/acordos-internacionais/2026/22026D0982.md
22026D0982	Artigo 1.º		34	39	76	ue/acordos-internacionais/2026/22026D0982.md
22026D0982	Artigo 2.º		41	43	46	ue/acordos-internacionais/2026/22026D0982.md
22026D0982	Artigo 3.º		45	47	46	ue/acordos-internacionais/2026/22026D0982.md
22026D0982	Artigo 4.º		49	67	114	ue/acordos-internacionais/2026/22026D0982.md
22026D0983	Preâmbulo		18	30	144	ue/acordos-internacionais/2026/22026D0983.md
22026D0983	Artigo 1.º		34	40	78	ue/acordos-internacionais/2026/22026D0983.md
22026D0983	Artigo 2.º		42	44	47	ue/acordos-internacionais/2026/22026D0983.md
22026D0983	Artigo 3.º		46	48	46	ue/acordos-internacionais/2026/22026D0983.md
22026D0983	Artigo 4.º		50	68	114	ue/acordos-internacionais/2026/22026D0983.md
22026D0984	Preâmbulo		18	30	140	ue/acordos-internacionais/2026/22026D0984.md
22026D0984	Artigo 1.º		34	39	70	ue/acordos-internacionais/2026/22026D0984.md
22026D0984	Artigo 2.º		41	43	46	ue/acordos-internacionais/2026/22026D0984.md
22026D0984	Artigo 3.º		45	47	46	ue/acordos-internacionais/2026/22026D0984.md
22026D0984	Artigo 4.º		49	67	113	ue/acordos-internacionais/2026/22026D0984.md
22026D0986	Preâmbulo		18	30	184	ue/acordos-internacionais/2026/22026D0986.md
22026D0986	Artigo 1.º		34	39	71	ue/acordos-internacionais/2026/22026D0986.md
22026D0986	Artigo 2.º		41	43	47	ue/acordos-internacionais/2026/22026D0986.md
22026D0986	Artigo 3.º		45	47	46	ue/acordos-internacionais/2026/22026D0986.md
22026D0986	Artigo 4.º		49	67	113	ue/acordos-internacionais/2026/22026D0986.md
22026D0987	Preâmbulo		18	30	202	ue/acordos-internacionais/2026/22026D0987.md
22026D0987	Artigo 1.º		34	39	68	ue/acordos-internacionais/2026/22026D0987.md
22026D0987	Artigo 2.º		41	43	46	ue/acordos-internacionais/2026/22026D0987.md
22026D0987	Artigo 3.º		45	47	46	ue/acordos-internacionais/2026/22026D0987.md
22026D0987	Artigo 4.º		49	67	112	ue/acordos-internacionais/2026/22026D0987.md
22026D0988	Preâmbulo		18	30	160	ue/acordos-internacionais/2026/22026D0988.md
22026D0988	Artigo 1.º		34	39	73	ue/acordos-internacionais/2026/22026D0988.md
22026D0988	Artigo 2.º		41	43	46	ue/acordos-internacionais/2026/22026D0988.md
22026D0988	Artigo 3.º		45	47	46	ue/acordos-internacionais/2026/22026D0988.md
22026D0988	Artigo 4.º		49	67	114	ue/acordos-internacionais/2026/22026D0988.md
22026D0991	Preâmbulo		18	30	152	ue/acordos-internacionais/2026/22026D0991.md
22026D0991	Artigo 1.º		34	39	72	ue/acordos-internacionais/2026/22026D0991.md
22026D0991	Artigo 2.º		41	43	47	ue/acordos-internacionais/2026/22026D0991.md
22026D0991	Artigo 3.º		45	47	46	ue/acordos-internacionais/2026/22026D0991.md
22026D0991	Artigo 4.º		49	67	114	ue/acordos-internacionais/2026/22026D0991.md
22026D0992	Preâmbulo		18	30	161	ue/acordos-internacionais/2026/22026D0992.md
22026D0992	Artigo 1.º		34	39	134	ue/acordos-internacionais/2026/22026D0992.md
22026D0992	Artigo 2.º		41	43	46	ue/acordos-internacionais/2026/22026D0992.md
22026D0992	Artigo 3.º		45	47	46	ue/acordos-internacionais/2026/22026D0992.md
22026D0992	Artigo 4.º		49	67	114	ue/acordos-internacionais/2026/22026D0992.md
22026D0993	Preâmbulo		18	30	188	ue/acordos-internacionais/2026/22026D0993.md
22026D0993	Artigo 1.º		34	39	160	ue/acordos-internacionais/2026/22026D0993.md
22026D0993	Artigo 2.º		41	43	47	ue/acordos-internacionais/2026/22026D0993.md
22026D0993	Artigo 3.º		45	47	46	ue/acordos-internacionais/2026/22026D0993.md
22026D0993	Artigo 4.º		49	67	114	ue/acordos-internacionais/2026/22026D0993.md
22026D1098	Preâmbulo		18	32	370	ue/acordos-internacionais/2026/22026D1098.md
22026D1098	Artigo 1.º		36	38	100	ue/acordos-internacionais/2026/22026D1098.md
22026D1098	Artigo 2.º		40	62	187	ue/acordos-internacionais/2026/22026D1098.md
22026D1229	Preâmbulo		18	30	181	ue/acordos-internacionais/2026/22026D1229.md
22026D1229	Artigo 1.º		34	39	153	ue/acordos-internacionais/2026/22026D1229.md
22026D1229	Artigo 2.º		41	43	46	ue/acordos-internacionais/2026/22026D1229.md
22026D1229	Artigo 3.º		45	47	46	ue/acordos-internacionais/2026/22026D1229.md
22026D1229	Artigo 4.º		49	67	112	ue/acordos-internacionais/2026/22026D1229.md
22026D1236	Preâmbulo		18	30	150	ue/acordos-internacionais/2026/22026D1236.md
22026D1236	Artigo 1.º		34	39	72	ue/acordos-internacionais/2026/22026D1236.md
22026D1236	Artigo 2.º		41	43	46	ue/acordos-internacionais/2026/22026D1236.md
22026D1236	Artigo 3.º		45	47	46	ue/acordos-internacionais/2026/22026D1236.md
22026D1236	Artigo 4.º		49	67	113	ue/acordos-internacionais/2026/22026D1236.md
22026D1237	Preâmbulo		18	32	236	ue/acordos-internacionais/2026/22026D1237.md
22026D1237	Artigo 1.º		36	40	158	ue/acordos-internacionais/2026/22026D1237.md
22026D1237	Artigo 2.º		42	44	46	ue/acordos-internacionais/2026/22026D1237.md
22026D1237	Artigo 3.º		46	48	46	ue/acordos-internacionais/2026/22026D1237.md
22026D1237	Artigo 4.º		50	68	173	ue/acordos-internacionais/2026/22026D1237.md
22026D1238	Preâmbulo		18	30	151	ue/acordos-internacionais/2026/22026D1238.md
22026D1238	Artigo 1.º		34	39	122	ue/acordos-internacionais/2026/22026D1238.md
22026D1238	Artigo 2.º		41	43	46	ue/acordos-internacionais/2026/22026D1238.md
22026D1238	Artigo 3.º		45	47	46	ue/acordos-internacionais/2026/22026D1238.md
22026D1238	Artigo 4.º		49	67	113	ue/acordos-internacionais/2026/22026D1238.md
22026D1240	Preâmbulo		18	30	187	ue/acordos-internacionais/2026/22026D1240.md
22026D1240	Artigo 1.º		34	39	159	ue/acordos-internacionais/2026/22026D1240.md
22026D1240	Artigo 2.º		41	43	46	ue/acordos-internacionais/2026/22026D1240.md
22026D1240	Artigo 3.º		45	47	46	ue/acordos-internacionais/2026/22026D1240.md
22026D1240	Artigo 4.º		49	67	112	ue/acordos-internacionais/2026/22026D1240.md
22026D1242	Preâmbulo		18	32	314	ue/acordos-internacionais/2026/22026D1242.md
22026D1242	Artigo 1.º		36	43	290	ue/acordos-internacionais/2026/22026D1242.md
22026D1242	Artigo 2.º		45	47	52	ue/acordos-internacionais/2026/22026D1242.md
22026D1242	Artigo 3.º		49	51	46	ue/acordos-internacionais/2026/22026D1242.md
22026D1242	Artigo 4.º		53	73	135	ue/acordos-internacionais/2026/22026D1242.md
22026D1244	Preâmbulo		18	30	126	ue/acordos-internacionais/2026/22026D1244.md
22026D1244	Artigo 1.º		34	40	73	ue/acordos-internacionais/2026/22026D1244.md
22026D1244	Artigo 2.º		42	44	46	ue/acordos-internacionais/2026/22026D1244.md
22026D1244	Artigo 3.º		46	48	46	ue/acordos-internacionais/2026/22026D1244.md
22026D1244	Artigo 4.º		50	68	113	ue/acordos-internacionais/2026/22026D1244.md
22026D1245	Preâmbulo		18	30	175	ue/acordos-internacionais/2026/22026D1245.md
22026D1245	Artigo 1.º		34	39	70	ue/acordos-internacionais/2026/22026D1245.md
22026D1245	Artigo 2.º		41	43	47	ue/acordos-internacionais/2026/22026D1245.md
22026D1245	Artigo 3.º		45	47	46	ue/acordos-internacionais/2026/22026D1245.md
22026D1245	Artigo 4.º		49	67	113	ue/acordos-internacionais/2026/22026D1245.md
22026D1246	Preâmbulo		18	30	119	ue/acordos-internacionais/2026/22026D1246.md
22026D1246	Artigo 1.º		34	40	68	ue/acordos-internacionais/2026/22026D1246.md
22026D1246	Artigo 2.º		42	44	44	ue/acordos-internacionais/2026/22026D1246.md
22026D1246	Artigo 3.º		46	48	46	ue/acordos-internacionais/2026/22026D1246.md
22026D1246	Artigo 4.º		50	68	112	ue/acordos-internacionais/2026/22026D1246.md
22026D1247	Preâmbulo		18	30	146	ue/acordos-internacionais/2026/22026D1247.md
22026D1247	Artigo 1.º		34	39	69	ue/acordos-internacionais/2026/22026D1247.md
22026D1247	Artigo 2.º		41	43	47	ue/acordos-internacionais/2026/22026D1247.md
22026D1247	Artigo 3.º		45	47	46	ue/acordos-internacionais/2026/22026D1247.md
22026D1247	Artigo 4.º		49	67	113	ue/acordos-internacionais/2026/22026D1247.md
22026D1252	Preâmbulo		18	24	60	ue/acordos-internacionais/2026/22026D1252.md
22026D1252	Artigo único		28	42	70	ue/acordos-internacionais/2026/22026D1252.md
22026D1252	ANEXO		44	1033	20632	ue/acordos-internacionais/2026/22026D1252.md
22026D1252	ANEXO A		1035	1041	143	ue/acordos-internacionais/2026/22026D1252.md
22026D1252	Artigo 1.º		1045	1047	72	ue/acordos-internacionais/2026/22026D1252.md
22026D1252	Artigo 2.º		1049	1051	14	ue/acordos-internacionais/2026/22026D1252.md
22026D1252	Artigo 3.º		1053	1059	180	ue/acordos-internacionais/2026/22026D1252.md
22026D1252	Artigo 4.º		1061	1065	130	ue/acordos-internacionais/2026/22026D1252.md
22026D1252	Artigo 5.º		1069	1073	87	ue/acordos-internacionais/2026/22026D1252.md
22026D1252	Artigo 6.º		1075	1079	164	ue/acordos-internacionais/2026/22026D1252.md
22026D1252	Artigo 7.º		1083	1091	158	ue/acordos-internacionais/2026/22026D1252.md
22026D1252	Artigo 8.º		1093	1095	41	ue/acordos-internacionais/2026/22026D1252.md
22026D1252	Artigo 9.º		1097	1107	155	ue/acordos-internacionais/2026/22026D1252.md
22026D1252	Artigo 10.º		1111	1115	102	ue/acordos-internacionais/2026/22026D1252.md
22026D1252	Artigo 11.º		1119	1131	432	ue/acordos-internacionais/2026/22026D1252.md
22026D1252	Artigo 12.º		1133	1137	141	ue/acordos-internacionais/2026/22026D1252.md
22026D1252	Artigo 13.º		1139	1145	382	ue/acordos-internacionais/2026/22026D1252.md
22026D1252	Artigo 14.º		1147	1149	70	ue/acordos-internacionais/2026/22026D1252.md
22026D1252	Artigo 15.º		1151	1155	131	ue/acordos-internacionais/2026/22026D1252.md
22026D1252	Artigo 16.º		1159	1161	50	ue/acordos-internacionais/2026/22026D1252.md
22026D1252	Artigo 17.º		1165	1169	83	ue/acordos-internacionais/2026/22026D1252.md
22026D1252	Artigo 18.º		1171	1173	42	ue/acordos-internacionais/2026/22026D1252.md
22026D1252	Artigo 19.º		1175	1177	46	ue/acordos-internacionais/2026/22026D1252.md
22026D1252	Artigo 20.º		1179	1181	92	ue/acordos-internacionais/2026/22026D1252.md
22026D1252	Artigo 21.º		1183	1187	192	ue/acordos-internacionais/2026/22026D1252.md
22026D1252	Artigo 22.º		1189	1193	176	ue/acordos-internacionais/2026/22026D1252.md
22026D1252	Apêndice ao ANEXO A	MODALIDADES DE APLICAÇÃO NA SUÍÇA DO PROTOCOLO RELATIVO AOS PRIVILÉGIOS E IMUNIDADES DA UNIÃO EUROPEIA	1195	1221	928	ue/acordos-internacionais/2026/22026D1252.md
22026D1252	ANEXO B	CONTROLO FINANCEIRO RELATIVO AOS PARTICIPANTES SUÍÇOS NAS ATIVIDADES DA AGÊNCIA EUROPEIA PARA A SEGURANÇA DA AVIAÇÃO	1223	1281	1842	ue/acordos-internacionais/2026/22026D1252.md
22026D1252	Artigo 1.º	Comunicação direta	1225	1227	168	ue/acordos-internacionais/2026/22026D1252.md
22026D1252	Artigo 2.º	Controlos	1229	1239	507	ue/acordos-internacionais/2026/22026D1252.md
22026D1252	Artigo 3.º	Inspeções no local	1241	1251	462	ue/acordos-internacionais/2026/22026D1252.md
22026D1252	Artigo 4.º	Informação e consulta	1253	1257	142	ue/acordos-internacionais/2026/22026D1252.md
22026D1252	Artigo 5.º	Confidencialidade	1259	1261	164	ue/acordos-internacionais/2026/22026D1252.md
22026D1252	Artigo 6.º	Medidas e sanções administrativas	1263	1265	129	ue/acordos-internacionais/2026/22026D1252.md
22026D1252	Artigo 7.º	Reembolsos e execução	1267	1281	236	ue/acordos-internacionais/2026/22026D1252.md
22026D1254	Preâmbulo		18	34	338	ue/acordos-internacionais/2026/22026D1254.md
22026D1254	Artigo 1.º		38	47	184	ue/acordos-internacionais/2026/22026D1254.md
22026D1254	Artigo 2.º		49	51	47	ue/acordos-internacionais/2026/22026D1254.md
22026D1254	Artigo 3.º		53	55	46	ue/acordos-internacionais/2026/22026D1254.md
22026D1254	Artigo 4.º		57	77	122	ue/acordos-internacionais/2026/22026D1254.md
22026D1255	Preâmbulo		18	32	246	ue/acordos-internacionais/2026/22026D1255.md
22026D1255	Artigo 1.º		36	41	76	ue/acordos-internacionais/2026/22026D1255.md
22026D1255	Artigo 2.º		43	45	47	ue/acordos-internacionais/2026/22026D1255.md
22026D1255	Artigo 3.º		47	49	46	ue/acordos-internacionais/2026/22026D1255.md
22026D1255	Artigo 4.º		51	69	113	ue/acordos-internacionais/2026/22026D1255.md
22026D1256	Preâmbulo		18	50	1206	ue/acordos-internacionais/2026/22026D1256.md
22026D1256	Artigo 1.º		54	85	1122	ue/acordos-internacionais/2026/22026D1256.md
22026D1256	Artigo 2.º		87	89	80	ue/acordos-internacionais/2026/22026D1256.md
22026D1256	Artigo 3.º		91	93	46	ue/acordos-internacionais/2026/22026D1256.md
22026D1256	Artigo 4.º		95	131	302	ue/acordos-internacionais/2026/22026D1256.md
22026D1257	Preâmbulo		18	32	248	ue/acordos-internacionais/2026/22026D1257.md
22026D1257	Artigo 1.º		36	41	70	ue/acordos-internacionais/2026/22026D1257.md
22026D1257	Artigo 2.º		43	45	46	ue/acordos-internacionais/2026/22026D1257.md
22026D1257	Artigo 3.º		47	49	46	ue/acordos-internacionais/2026/22026D1257.md
22026D1257	Artigo 4.º		51	69	113	ue/acordos-internacionais/2026/22026D1257.md
22026D1258	Preâmbulo		18	32	251	ue/acordos-internacionais/2026/22026D1258.md
22026D1258	Artigo 1.º		36	41	112	ue/acordos-internacionais/2026/22026D1258.md
22026D1258	Artigo 2.º		43	45	47	ue/acordos-internacionais/2026/22026D1258.md
22026D1258	Artigo 3.º		47	49	46	ue/acordos-internacionais/2026/22026D1258.md
22026D1258	Artigo 4.º		51	69	113	ue/acordos-internacionais/2026/22026D1258.md
22026D1259	Preâmbulo		18	42	679	ue/acordos-internacionais/2026/22026D1259.md
22026D1259	Artigo 1.º		46	81	596	ue/acordos-internacionais/2026/22026D1259.md
22026D1259	Artigo 2.º		83	85	92	ue/acordos-internacionais/2026/22026D1259.md
22026D1259	Artigo 3.º		87	89	46	ue/acordos-internacionais/2026/22026D1259.md
22026D1259	Artigo 4.º		91	119	222	ue/acordos-internacionais/2026/22026D1259.md
22026D1260	Preâmbulo		18	30	205	ue/acordos-internacionais/2026/22026D1260.md
22026D1260	Artigo 1.º		34	39	75	ue/acordos-internacionais/2026/22026D1260.md
22026D1260	Artigo 2.º		41	43	46	ue/acordos-internacionais/2026/22026D1260.md
22026D1260	Artigo 3.º		45	47	46	ue/acordos-internacionais/2026/22026D1260.md
22026D1260	Artigo 4.º		49	67	113	ue/acordos-internacionais/2026/22026D1260.md
22026D1261	Preâmbulo		18	32	282	ue/acordos-internacionais/2026/22026D1261.md
22026D1261	Artigo 1.º		36	41	77	ue/acordos-internacionais/2026/22026D1261.md
22026D1261	Artigo 2.º		43	45	44	ue/acordos-internacionais/2026/22026D1261.md
22026D1261	Artigo 3.º		47	49	46	ue/acordos-internacionais/2026/22026D1261.md
22026D1261	Artigo 4.º		51	69	112	ue/acordos-internacionais/2026/22026D1261.md
22026D1262	Preâmbulo		18	30	146	ue/acordos-internacionais/2026/22026D1262.md
22026D1262	Artigo 1.º		34	39	90	ue/acordos-internacionais/2026/22026D1262.md
22026D1262	Artigo 2.º		41	43	46	ue/acordos-internacionais/2026/22026D1262.md
22026D1262	Artigo 3.º		45	47	46	ue/acordos-internacionais/2026/22026D1262.md
22026D1262	Artigo 4.º		49	67	113	ue/acordos-internacionais/2026/22026D1262.md
22026D1263	Preâmbulo		18	30	246	ue/acordos-internacionais/2026/22026D1263.md
22026D1263	Artigo 1.º		34	39	222	ue/acordos-internacionais/2026/22026D1263.md
22026D1263	Artigo 2.º		41	46	222	ue/acordos-internacionais/2026/22026D1263.md
22026D1263	Artigo 3.º		48	50	47	ue/acordos-internacionais/2026/22026D1263.md
22026D1263	Artigo 4.º		52	54	46	ue/acordos-internacionais/2026/22026D1263.md
22026D1263	Artigo 5.º		56	74	113	ue/acordos-internacionais/2026/22026D1263.md
22026D1265	Preâmbulo		18	30	157	ue/acordos-internacionais/2026/22026D1265.md
22026D1265	Artigo 1.º		34	39	89	ue/acordos-internacionais/2026/22026D1265.md
22026D1265	Artigo 2.º		41	43	60	ue/acordos-internacionais/2026/22026D1265.md
22026D1265	Artigo 3.º		45	47	46	ue/acordos-internacionais/2026/22026D1265.md
22026D1265	Artigo 4.º		49	67	113	ue/acordos-internacionais/2026/22026D1265.md
22026D1266	Preâmbulo		18	32	295	ue/acordos-internacionais/2026/22026D1266.md
22026D1266	Artigo 1.º		36	41	153	ue/acordos-internacionais/2026/22026D1266.md
22026D1266	Artigo 2.º		43	45	47	ue/acordos-internacionais/2026/22026D1266.md
22026D1266	Artigo 3.º		47	49	46	ue/acordos-internacionais/2026/22026D1266.md
22026D1266	Artigo 4.º		51	69	113	ue/acordos-internacionais/2026/22026D1266.md
22026D1284	Preâmbulo		18	30	146	ue/acordos-internacionais/2026/22026D1284.md
22026D1284	Artigo 1.º		34	39	120	ue/acordos-internacionais/2026/22026D1284.md
22026D1284	Artigo 2.º		41	43	46	ue/acordos-internacionais/2026/22026D1284.md
22026D1284	Artigo 3.º		45	47	46	ue/acordos-internacionais/2026/22026D1284.md
22026D1284	Artigo 4.º		49	67	113	ue/acordos-internacionais/2026/22026D1284.md
22026D1285	Preâmbulo		18	30	182	ue/acordos-internacionais/2026/22026D1285.md
22026D1285	Artigo 1.º		34	39	73	ue/acordos-internacionais/2026/22026D1285.md
22026D1285	Artigo 2.º		41	43	46	ue/acordos-internacionais/2026/22026D1285.md
22026D1285	Artigo 3.º		45	47	46	ue/acordos-internacionais/2026/22026D1285.md
22026D1285	Artigo 4.º		49	67	113	ue/acordos-internacionais/2026/22026D1285.md
22026D1287	Preâmbulo		18	30	176	ue/acordos-internacionais/2026/22026D1287.md
22026D1287	Artigo 1.º		34	39	146	ue/acordos-internacionais/2026/22026D1287.md
22026D1287	Artigo 2.º		41	43	46	ue/acordos-internacionais/2026/22026D1287.md
22026D1287	Artigo 3.º		45	47	46	ue/acordos-internacionais/2026/22026D1287.md
22026D1287	Artigo 4.º		49	67	113	ue/acordos-internacionais/2026/22026D1287.md
22026D1289	Preâmbulo		18	34	298	ue/acordos-internacionais/2026/22026D1289.md
22026D1289	Artigo 1.º		38	56	354	ue/acordos-internacionais/2026/22026D1289.md
22026D1289	Artigo 2.º		58	60	57	ue/acordos-internacionais/2026/22026D1289.md
22026D1289	Artigo 3.º		62	64	46	ue/acordos-internacionais/2026/22026D1289.md
22026D1289	Artigo 4.º		66	88	142	ue/acordos-internacionais/2026/22026D1289.md
22026D1290	Preâmbulo		18	30	155	ue/acordos-internacionais/2026/22026D1290.md
22026D1290	Artigo 1.º		34	39	131	ue/acordos-internacionais/2026/22026D1290.md
22026D1290	Artigo 2.º		41	43	46	ue/acordos-internacionais/2026/22026D1290.md
22026D1290	Artigo 3.º		45	47	46	ue/acordos-internacionais/2026/22026D1290.md
22026D1290	Artigo 4.º		49	67	112	ue/acordos-internacionais/2026/22026D1290.md
22026D1292	Preâmbulo		18	32	250	ue/acordos-internacionais/2026/22026D1292.md
22026D1292	Artigo 1.º		36	41	184	ue/acordos-internacionais/2026/22026D1292.md
22026D1292	Artigo 2.º		43	45	47	ue/acordos-internacionais/2026/22026D1292.md
22026D1292	Artigo 3.º		47	49	46	ue/acordos-internacionais/2026/22026D1292.md
22026D1292	Artigo 4.º		51	71	134	ue/acordos-internacionais/2026/22026D1292.md
22026D1294	Preâmbulo		18	30	154	ue/acordos-internacionais/2026/22026D1294.md
22026D1294	Artigo 1.º		34	39	77	ue/acordos-internacionais/2026/22026D1294.md
22026D1294	Artigo 2.º		41	43	44	ue/acordos-internacionais/2026/22026D1294.md
22026D1294	Artigo 3.º		45	47	46	ue/acordos-internacionais/2026/22026D1294.md
22026D1294	Artigo 4.º		49	67	112	ue/acordos-internacionais/2026/22026D1294.md
22026D1297	Preâmbulo		18	30	158	ue/acordos-internacionais/2026/22026D1297.md
22026D1297	Artigo 1.º		34	39	74	ue/acordos-internacionais/2026/22026D1297.md
22026D1297	Artigo 2.º		41	43	44	ue/acordos-internacionais/2026/22026D1297.md
22026D1297	Artigo 3.º		45	47	46	ue/acordos-internacionais/2026/22026D1297.md
22026D1297	Artigo 4.º		49	67	111	ue/acordos-internacionais/2026/22026D1297.md
22026D1298	Preâmbulo		18	32	262	ue/acordos-internacionais/2026/22026D1298.md
22026D1298	Artigo 1.º		36	41	69	ue/acordos-internacionais/2026/22026D1298.md
22026D1298	Artigo 2.º		43	45	44	ue/acordos-internacionais/2026/22026D1298.md
22026D1298	Artigo 3.º		47	49	46	ue/acordos-internacionais/2026/22026D1298.md
22026D1298	Artigo 4.º		51	69	112	ue/acordos-internacionais/2026/22026D1298.md
22026D1299	Preâmbulo		18	32	257	ue/acordos-internacionais/2026/22026D1299.md
22026D1299	Artigo 1.º		36	45	1194	ue/acordos-internacionais/2026/22026D1299.md
22026D1299	Artigo 2.º		47	49	44	ue/acordos-internacionais/2026/22026D1299.md
22026D1299	Artigo 3.º		51	53	46	ue/acordos-internacionais/2026/22026D1299.md
22026D1299	Artigo 4.º		55	95	486	ue/acordos-internacionais/2026/22026D1299.md
22026D1300	Preâmbulo		18	30	134	ue/acordos-internacionais/2026/22026D1300.md
22026D1300	Artigo 1.º		34	44	234	ue/acordos-internacionais/2026/22026D1300.md
22026D1300	Artigo 2.º		46	48	44	ue/acordos-internacionais/2026/22026D1300.md
22026D1300	Artigo 3.º		50	52	46	ue/acordos-internacionais/2026/22026D1300.md
22026D1300	Artigo 4.º		54	72	100	ue/acordos-internacionais/2026/22026D1300.md
22026D1301	Preâmbulo		18	32	258	ue/acordos-internacionais/2026/22026D1301.md
22026D1301	Artigo 1.º		36	43	234	ue/acordos-internacionais/2026/22026D1301.md
22026D1301	Artigo 2.º		45	47	52	ue/acordos-internacionais/2026/22026D1301.md
22026D1301	Artigo 3.º		49	51	46	ue/acordos-internacionais/2026/22026D1301.md
22026D1301	Artigo 4.º		53	73	135	ue/acordos-internacionais/2026/22026D1301.md
22026D1302	Preâmbulo		18	32	307	ue/acordos-internacionais/2026/22026D1302.md
22026D1302	Artigo 1.º		36	53	384	ue/acordos-internacionais/2026/22026D1302.md
22026D1302	Artigo 2.º		55	57	52	ue/acordos-internacionais/2026/22026D1302.md
22026D1302	Artigo 3.º		59	61	46	ue/acordos-internacionais/2026/22026D1302.md
22026D1302	Artigo 4.º		63	83	122	ue/acordos-internacionais/2026/22026D1302.md
22026D1308	Preâmbulo		18	32	309	ue/acordos-internacionais/2026/22026D1308.md
22026D1308	Artigo 1.º		36	43	107	ue/acordos-internacionais/2026/22026D1308.md
22026D1308	Artigo 2.º		45	47	52	ue/acordos-internacionais/2026/22026D1308.md
22026D1308	Artigo 3.º		49	51	46	ue/acordos-internacionais/2026/22026D1308.md
22026D1308	Artigo 4.º		53	73	136	ue/acordos-internacionais/2026/22026D1308.md
22026D1309	Preâmbulo		18	30	160	ue/acordos-internacionais/2026/22026D1309.md
22026D1309	Artigo 1.º		34	46	216	ue/acordos-internacionais/2026/22026D1309.md
22026D1309	Artigo 2.º		48	50	47	ue/acordos-internacionais/2026/22026D1309.md
22026D1309	Artigo 3.º		52	54	46	ue/acordos-internacionais/2026/22026D1309.md
22026D1309	Artigo 4.º		56	74	113	ue/acordos-internacionais/2026/22026D1309.md
22026D1318	Preâmbulo		18	30	128	ue/acordos-internacionais/2026/22026D1318.md
22026D1318	Artigo 1.º		34	39	69	ue/acordos-internacionais/2026/22026D1318.md
22026D1318	Artigo 2.º		41	43	44	ue/acordos-internacionais/2026/22026D1318.md
22026D1318	Artigo 3.º		45	47	46	ue/acordos-internacionais/2026/22026D1318.md
22026D1318	Artigo 4.º		49	67	112	ue/acordos-internacionais/2026/22026D1318.md
22026D1319	Preâmbulo		18	30	146	ue/acordos-internacionais/2026/22026D1319.md
22026D1319	Artigo 1.º		34	39	75	ue/acordos-internacionais/2026/22026D1319.md
22026D1319	Artigo 2.º		41	43	44	ue/acordos-internacionais/2026/22026D1319.md
22026D1319	Artigo 3.º		45	47	46	ue/acordos-internacionais/2026/22026D1319.md
22026D1319	Artigo 4.º		49	67	112	ue/acordos-internacionais/2026/22026D1319.md
22026D1320	Preâmbulo		18	30	128	ue/acordos-internacionais/2026/22026D1320.md
22026D1320	Artigo 1.º		34	39	76	ue/acordos-internacionais/2026/22026D1320.md
22026D1320	Artigo 2.º		41	43	46	ue/acordos-internacionais/2026/22026D1320.md
22026D1320	Artigo 3.º		45	47	46	ue/acordos-internacionais/2026/22026D1320.md
22026D1320	Artigo 4.º		49	67	113	ue/acordos-internacionais/2026/22026D1320.md
22026D1321	Preâmbulo		18	52	1074	ue/acordos-internacionais/2026/22026D1321.md
22026D1321	Artigo 1.º		56	85	1043	ue/acordos-internacionais/2026/22026D1321.md
22026D1321	Artigo 2.º		87	89	94	ue/acordos-internacionais/2026/22026D1321.md
22026D1321	Artigo 3.º		91	93	46	ue/acordos-internacionais/2026/22026D1321.md
22026D1321	Artigo 4.º		95	135	361	ue/acordos-internacionais/2026/22026D1321.md
22026D1324	Preâmbulo		18	32	203	ue/acordos-internacionais/2026/22026D1324.md
22026D1324	Artigo 1.º		36	43	106	ue/acordos-internacionais/2026/22026D1324.md
22026D1324	Artigo 2.º		45	47	51	ue/acordos-internacionais/2026/22026D1324.md
22026D1324	Artigo 3.º		49	51	46	ue/acordos-internacionais/2026/22026D1324.md
22026D1324	Artigo 4.º		53	73	134	ue/acordos-internacionais/2026/22026D1324.md
22026D1325	Preâmbulo		18	30	146	ue/acordos-internacionais/2026/22026D1325.md
22026D1325	Artigo 1.º		34	39	75	ue/acordos-internacionais/2026/22026D1325.md
22026D1325	Artigo 2.º		41	43	44	ue/acordos-internacionais/2026/22026D1325.md
22026D1325	Artigo 3.º		45	47	46	ue/acordos-internacionais/2026/22026D1325.md
22026D1325	Artigo 4.º		49	67	112	ue/acordos-internacionais/2026/22026D1325.md
22026D1326	Preâmbulo		18	30	136	ue/acordos-internacionais/2026/22026D1326.md
22026D1326	Artigo 1.º		34	39	76	ue/acordos-internacionais/2026/22026D1326.md
22026D1326	Artigo 2.º		41	43	46	ue/acordos-internacionais/2026/22026D1326.md
22026D1326	Artigo 3.º		45	47	46	ue/acordos-internacionais/2026/22026D1326.md
22026D1326	Artigo 4.º		49	67	112	ue/acordos-internacionais/2026/22026D1326.md
22026D1370	Preâmbulo		18	36	312	ue/acordos-internacionais/2026/22026D1370.md
22026D1370	Artigo 1.º		40	42	64	ue/acordos-internacionais/2026/22026D1370.md
22026D1370	Artigo 2.º		44	64	112	ue/acordos-internacionais/2026/22026D1370.md
22026D1370	ANEXO		66	84	210	ue/acordos-internacionais/2026/22026D1370.md
22026D1370	ANEXO II		86	1581	34320	ue/acordos-internacionais/2026/22026D1370.md
22026D1456	Preâmbulo		18	34	331	ue/acordos-internacionais/2026/22026D1456.md
22026D1456	Artigo 1.º		38	55	207	ue/acordos-internacionais/2026/22026D1456.md
22026D1456	Artigo 2.º		57	59	56	ue/acordos-internacionais/2026/22026D1456.md
22026D1456	Artigo 3.º		61	63	46	ue/acordos-internacionais/2026/22026D1456.md
22026D1456	Artigo 4.º		65	87	158	ue/acordos-internacionais/2026/22026D1456.md
22026D1474	Preâmbulo		18	32	298	ue/acordos-internacionais/2026/22026D1474.md
22026D1474	Artigo 1.º		36	48	153	ue/acordos-internacionais/2026/22026D1474.md
22026D1474	Artigo 2.º		50	55	74	ue/acordos-internacionais/2026/22026D1474.md
22026D1474	Artigo 3.º		57	59	47	ue/acordos-internacionais/2026/22026D1474.md
22026D1474	Artigo 4.º		61	63	45	ue/acordos-internacionais/2026/22026D1474.md
22026D1474	Artigo 5.º		65	83	113	ue/acordos-internacionais/2026/22026D1474.md
22026D1475	Preâmbulo		18	32	312	ue/acordos-internacionais/2026/22026D1475.md
22026D1475	Artigo 1.º		36	41	76	ue/acordos-internacionais/2026/22026D1475.md
22026D1475	Artigo 2.º		43	45	47	ue/acordos-internacionais/2026/22026D1475.md
22026D1475	Artigo 3.º		47	49	45	ue/acordos-internacionais/2026/22026D1475.md
22026D1475	Artigo 4.º		51	69	112	ue/acordos-internacionais/2026/22026D1475.md
22026D1476	Preâmbulo		18	34	400	ue/acordos-internacionais/2026/22026D1476.md
22026D1476	Artigo 1.º		38	45	104	ue/acordos-internacionais/2026/22026D1476.md
22026D1476	Artigo 2.º		47	54	105	ue/acordos-internacionais/2026/22026D1476.md
22026D1476	Artigo 3.º		56	58	48	ue/acordos-internacionais/2026/22026D1476.md
22026D1476	Artigo 4.º		60	62	45	ue/acordos-internacionais/2026/22026D1476.md
22026D1476	Artigo 5.º		64	84	132	ue/acordos-internacionais/2026/22026D1476.md
22026D1477	Preâmbulo		18	30	161	ue/acordos-internacionais/2026/22026D1477.md
22026D1477	Artigo 1.º		34	39	137	ue/acordos-internacionais/2026/22026D1477.md
22026D1477	Artigo 2.º		41	43	47	ue/acordos-internacionais/2026/22026D1477.md
22026D1477	Artigo 3.º		45	47	45	ue/acordos-internacionais/2026/22026D1477.md
22026D1477	Artigo 4.º		49	67	113	ue/acordos-internacionais/2026/22026D1477.md
22026D1478	Preâmbulo		18	32	264	ue/acordos-internacionais/2026/22026D1478.md
22026D1478	Artigo 1.º		36	41	122	ue/acordos-internacionais/2026/22026D1478.md
22026D1478	Artigo 2.º		43	45	46	ue/acordos-internacionais/2026/22026D1478.md
22026D1478	Artigo 3.º		47	49	45	ue/acordos-internacionais/2026/22026D1478.md
22026D1478	Artigo 4.º		51	69	112	ue/acordos-internacionais/2026/22026D1478.md
22026D1480	Preâmbulo		18	30	156	ue/acordos-internacionais/2026/22026D1480.md
22026D1480	Artigo 1.º		34	46	212	ue/acordos-internacionais/2026/22026D1480.md
22026D1480	Artigo 2.º		48	50	47	ue/acordos-internacionais/2026/22026D1480.md
22026D1480	Artigo 3.º		52	54	45	ue/acordos-internacionais/2026/22026D1480.md
22026D1480	Artigo 4.º		56	74	113	ue/acordos-internacionais/2026/22026D1480.md
22026D1482	Preâmbulo		18	30	215	ue/acordos-internacionais/2026/22026D1482.md
22026D1482	Artigo 1.º		34	47	157	ue/acordos-internacionais/2026/22026D1482.md
22026D1482	Artigo 2.º		49	51	46	ue/acordos-internacionais/2026/22026D1482.md
22026D1482	Artigo 3.º		53	55	45	ue/acordos-internacionais/2026/22026D1482.md
22026D1482	Artigo 4.º		57	75	112	ue/acordos-internacionais/2026/22026D1482.md
22026D1483	Preâmbulo		18	30	153	ue/acordos-internacionais/2026/22026D1483.md
22026D1483	Artigo 1.º		34	39	129	ue/acordos-internacionais/2026/22026D1483.md
22026D1483	Artigo 2.º		41	43	47	ue/acordos-internacionais/2026/22026D1483.md
22026D1483	Artigo 3.º		45	47	45	ue/acordos-internacionais/2026/22026D1483.md
22026D1483	Artigo 4.º		49	67	113	ue/acordos-internacionais/2026/22026D1483.md
22026D1484	Preâmbulo		18	30	196	ue/acordos-internacionais/2026/22026D1484.md
22026D1484	Artigo 1.º		34	39	71	ue/acordos-internacionais/2026/22026D1484.md
22026D1484	Artigo 2.º		41	43	46	ue/acordos-internacionais/2026/22026D1484.md
22026D1484	Artigo 3.º		45	47	45	ue/acordos-internacionais/2026/22026D1484.md
22026D1484	Artigo 4.º		49	67	112	ue/acordos-internacionais/2026/22026D1484.md
22026D1485	Preâmbulo		18	30	196	ue/acordos-internacionais/2026/22026D1485.md
22026D1485	Artigo 1.º		34	39	162	ue/acordos-internacionais/2026/22026D1485.md
22026D1485	Artigo 2.º		41	43	47	ue/acordos-internacionais/2026/22026D1485.md
22026D1485	Artigo 3.º		45	47	45	ue/acordos-internacionais/2026/22026D1485.md
22026D1485	Artigo 4.º		49	67	112	ue/acordos-internacionais/2026/22026D1485.md
22026D1486	Preâmbulo		18	30	217	ue/acordos-internacionais/2026/22026D1486.md
22026D1486	Artigo 1.º		34	46	387	ue/acordos-internacionais/2026/22026D1486.md
22026D1486	Artigo 2.º		48	50	47	ue/acordos-internacionais/2026/22026D1486.md
22026D1486	Artigo 3.º		52	54	45	ue/acordos-internacionais/2026/22026D1486.md
22026D1486	Artigo 4.º		56	74	113	ue/acordos-internacionais/2026/22026D1486.md
22026D1487	Preâmbulo		18	30	138	ue/acordos-internacionais/2026/22026D1487.md
22026D1487	Artigo 1.º		34	39	72	ue/acordos-internacionais/2026/22026D1487.md
22026D1487	Artigo 2.º		41	43	43	ue/acordos-internacionais/2026/22026D1487.md
22026D1487	Artigo 3.º		45	47	45	ue/acordos-internacionais/2026/22026D1487.md
22026D1487	Artigo 4.º		49	67	111	ue/acordos-internacionais/2026/22026D1487.md
22026D1488	Preâmbulo		18	34	398	ue/acordos-internacionais/2026/22026D1488.md
22026D1488	Artigo 1.º		38	60	354	ue/acordos-internacionais/2026/22026D1488.md
22026D1488	Artigo 2.º		62	64	55	ue/acordos-internacionais/2026/22026D1488.md
22026D1488	Artigo 3.º		66	68	45	ue/acordos-internacionais/2026/22026D1488.md
22026D1488	Artigo 4.º		70	92	156	ue/acordos-internacionais/2026/22026D1488.md
22026D1489	Preâmbulo		18	30	169	ue/acordos-internacionais/2026/22026D1489.md
22026D1489	Artigo 1.º		34	39	73	ue/acordos-internacionais/2026/22026D1489.md
22026D1489	Artigo 2.º		41	43	46	ue/acordos-internacionais/2026/22026D1489.md
22026D1489	Artigo 3.º		45	47	45	ue/acordos-internacionais/2026/22026D1489.md
22026D1489	Artigo 4.º		49	67	113	ue/acordos-internacionais/2026/22026D1489.md
22026D1490	Preâmbulo		18	30	194	ue/acordos-internacionais/2026/22026D1490.md
22026D1490	Artigo 1.º		34	40	73	ue/acordos-internacionais/2026/22026D1490.md
22026D1490	Artigo 2.º		42	44	46	ue/acordos-internacionais/2026/22026D1490.md
22026D1490	Artigo 3.º		46	48	45	ue/acordos-internacionais/2026/22026D1490.md
22026D1490	Artigo 4.º		50	68	112	ue/acordos-internacionais/2026/22026D1490.md
22026D1492	Preâmbulo		18	32	255	ue/acordos-internacionais/2026/22026D1492.md
22026D1492	Artigo 1.º		36	41	71	ue/acordos-internacionais/2026/22026D1492.md
22026D1492	Artigo 2.º		43	45	44	ue/acordos-internacionais/2026/22026D1492.md
22026D1492	Artigo 3.º		47	49	45	ue/acordos-internacionais/2026/22026D1492.md
22026D1492	Artigo 4.º		51	69	112	ue/acordos-internacionais/2026/22026D1492.md
22026D1493	Preâmbulo		18	32	298	ue/acordos-internacionais/2026/22026D1493.md
22026D1493	Artigo 1.º		36	41	74	ue/acordos-internacionais/2026/22026D1493.md
22026D1493	Artigo 2.º		43	48	76	ue/acordos-internacionais/2026/22026D1493.md
22026D1493	Artigo 3.º		50	52	44	ue/acordos-internacionais/2026/22026D1493.md
22026D1493	Artigo 4.º		54	56	45	ue/acordos-internacionais/2026/22026D1493.md
22026D1493	Artigo 5.º		58	76	112	ue/acordos-internacionais/2026/22026D1493.md
22026D1494	Preâmbulo		18	32	410	ue/acordos-internacionais/2026/22026D1494.md
22026D1494	Artigo 1.º		36	49	348	ue/acordos-internacionais/2026/22026D1494.md
22026D1494	Artigo 2.º		51	53	47	ue/acordos-internacionais/2026/22026D1494.md
22026D1494	Artigo 3.º		55	57	45	ue/acordos-internacionais/2026/22026D1494.md
22026D1494	Artigo 4.º		59	77	113	ue/acordos-internacionais/2026/22026D1494.md
22026D1495	Preâmbulo		18	38	569	ue/acordos-internacionais/2026/22026D1495.md
22026D1495	Artigo 1.º		42	61	512	ue/acordos-internacionais/2026/22026D1495.md
22026D1495	Artigo 2.º		63	65	60	ue/acordos-internacionais/2026/22026D1495.md
22026D1495	Artigo 3.º		67	69	45	ue/acordos-internacionais/2026/22026D1495.md
22026D1495	Artigo 4.º		71	95	181	ue/acordos-internacionais/2026/22026D1495.md
22026D1496	Preâmbulo		18	58	1346	ue/acordos-internacionais/2026/22026D1496.md
22026D1496	Artigo 1.º		62	93	1091	ue/acordos-internacionais/2026/22026D1496.md
22026D1496	Artigo 2.º		95	97	80	ue/acordos-internacionais/2026/22026D1496.md
22026D1496	Artigo 3.º		99	101	45	ue/acordos-internacionais/2026/22026D1496.md
22026D1496	Artigo 4.º		103	147	354	ue/acordos-internacionais/2026/22026D1496.md
22026D1497	Preâmbulo		18	32	254	ue/acordos-internacionais/2026/22026D1497.md
22026D1497	Artigo 1.º		36	48	181	ue/acordos-internacionais/2026/22026D1497.md
22026D1497	Artigo 2.º		50	52	47	ue/acordos-internacionais/2026/22026D1497.md
22026D1497	Artigo 3.º		54	56	45	ue/acordos-internacionais/2026/22026D1497.md
22026D1497	Artigo 4.º		58	76	112	ue/acordos-internacionais/2026/22026D1497.md
22026D1498	Preâmbulo		18	30	173	ue/acordos-internacionais/2026/22026D1498.md
22026D1498	Artigo 1.º		34	46	300	ue/acordos-internacionais/2026/22026D1498.md
22026D1498	Artigo 2.º		48	50	47	ue/acordos-internacionais/2026/22026D1498.md
22026D1498	Artigo 3.º		52	54	45	ue/acordos-internacionais/2026/22026D1498.md
22026D1498	Artigo 4.º		56	74	113	ue/acordos-internacionais/2026/22026D1498.md
22026D1499	Preâmbulo		18	34	378	ue/acordos-internacionais/2026/22026D1499.md
22026D1499	Artigo 1.º		38	51	134	ue/acordos-internacionais/2026/22026D1499.md
22026D1499	Artigo 2.º		53	55	48	ue/acordos-internacionais/2026/22026D1499.md
22026D1499	Artigo 3.º		57	59	45	ue/acordos-internacionais/2026/22026D1499.md
22026D1499	Artigo 4.º		61	81	131	ue/acordos-internacionais/2026/22026D1499.md
22026D1500	Preâmbulo		18	34	372	ue/acordos-internacionais/2026/22026D1500.md
22026D1500	Artigo 1.º		38	45	118	ue/acordos-internacionais/2026/22026D1500.md
22026D1500	Artigo 2.º		47	49	62	ue/acordos-internacionais/2026/22026D1500.md
22026D1500	Artigo 3.º		51	53	45	ue/acordos-internacionais/2026/22026D1500.md
22026D1500	Artigo 4.º		55	75	132	ue/acordos-internacionais/2026/22026D1500.md
22026D1501	Preâmbulo		18	32	262	ue/acordos-internacionais/2026/22026D1501.md
22026D1501	Artigo 1.º		36	53	362	ue/acordos-internacionais/2026/22026D1501.md
22026D1501	Artigo 2.º		55	57	52	ue/acordos-internacionais/2026/22026D1501.md
22026D1501	Artigo 3.º		59	61	45	ue/acordos-internacionais/2026/22026D1501.md
22026D1501	Artigo 4.º		63	83	136	ue/acordos-internacionais/2026/22026D1501.md
22026D1502	Preâmbulo		18	32	287	ue/acordos-internacionais/2026/22026D1502.md
22026D1502	Artigo 1.º		36	41	81	ue/acordos-internacionais/2026/22026D1502.md
22026D1502	Artigo 2.º		43	45	46	ue/acordos-internacionais/2026/22026D1502.md
22026D1502	Artigo 3.º		47	49	45	ue/acordos-internacionais/2026/22026D1502.md
22026D1502	Artigo 4.º		51	69	113	ue/acordos-internacionais/2026/22026D1502.md
22026D1503	Preâmbulo		18	34	473	ue/acordos-internacionais/2026/22026D1503.md
22026D1503	Artigo 1.º		38	50	162	ue/acordos-internacionais/2026/22026D1503.md
22026D1503	Artigo 2.º		52	54	48	ue/acordos-internacionais/2026/22026D1503.md
22026D1503	Artigo 3.º		56	58	45	ue/acordos-internacionais/2026/22026D1503.md
22026D1503	Artigo 4.º		60	80	132	ue/acordos-internacionais/2026/22026D1503.md
22026D1504	Preâmbulo		18	32	246	ue/acordos-internacionais/2026/22026D1504.md
22026D1504	Artigo 1.º		36	49	148	ue/acordos-internacionais/2026/22026D1504.md
22026D1504	Artigo 2.º		51	53	52	ue/acordos-internacionais/2026/22026D1504.md
22026D1504	Artigo 3.º		55	57	45	ue/acordos-internacionais/2026/22026D1504.md
22026D1504	Artigo 4.º		59	79	147	ue/acordos-internacionais/2026/22026D1504.md
22026D1505	Preâmbulo		18	32	315	ue/acordos-internacionais/2026/22026D1505.md
22026D1505	Artigo 1.º		36	41	75	ue/acordos-internacionais/2026/22026D1505.md
22026D1505	Artigo 2.º		43	45	47	ue/acordos-internacionais/2026/22026D1505.md
22026D1505	Artigo 3.º		47	49	45	ue/acordos-internacionais/2026/22026D1505.md
22026D1505	Artigo 4.º		51	69	113	ue/acordos-internacionais/2026/22026D1505.md
22026D1506	Preâmbulo		18	34	353	ue/acordos-internacionais/2026/22026D1506.md
22026D1506	Artigo 1.º		38	52	232	ue/acordos-internacionais/2026/22026D1506.md
22026D1506	Artigo 2.º		54	56	52	ue/acordos-internacionais/2026/22026D1506.md
22026D1506	Artigo 3.º		58	60	45	ue/acordos-internacionais/2026/22026D1506.md
22026D1506	Artigo 4.º		62	82	134	ue/acordos-internacionais/2026/22026D1506.md
22026D1514	Preâmbulo		18	30	182	ue/acordos-internacionais/2026/22026D1514.md
22026D1514	Artigo 1.º		34	40	75	ue/acordos-internacionais/2026/22026D1514.md
22026D1514	Artigo 2.º		42	44	47	ue/acordos-internacionais/2026/22026D1514.md
22026D1514	Artigo 3.º		46	48	45	ue/acordos-internacionais/2026/22026D1514.md
22026D1514	Artigo 4.º		50	68	113	ue/acordos-internacionais/2026/22026D1514.md
22026D1515	Preâmbulo		18	30	155	ue/acordos-internacionais/2026/22026D1515.md
22026D1515	Artigo 1.º		34	39	128	ue/acordos-internacionais/2026/22026D1515.md
22026D1515	Artigo 2.º		41	43	46	ue/acordos-internacionais/2026/22026D1515.md
22026D1515	Artigo 3.º		45	47	45	ue/acordos-internacionais/2026/22026D1515.md
22026D1515	Artigo 4.º		49	67	100	ue/acordos-internacionais/2026/22026D1515.md
22026D1516	Preâmbulo		18	30	165	ue/acordos-internacionais/2026/22026D1516.md
22026D1516	Artigo 1.º		34	40	72	ue/acordos-internacionais/2026/22026D1516.md
22026D1516	Artigo 2.º		42	44	46	ue/acordos-internacionais/2026/22026D1516.md
22026D1516	Artigo 3.º		46	48	45	ue/acordos-internacionais/2026/22026D1516.md
22026D1516	Artigo 4.º		50	68	112	ue/acordos-internacionais/2026/22026D1516.md
22026D1517	Preâmbulo		18	30	158	ue/acordos-internacionais/2026/22026D1517.md
22026D1517	Artigo 1.º		34	40	73	ue/acordos-internacionais/2026/22026D1517.md
22026D1517	Artigo 2.º		42	44	46	ue/acordos-internacionais/2026/22026D1517.md
22026D1517	Artigo 3.º		46	48	45	ue/acordos-internacionais/2026/22026D1517.md
22026D1517	Artigo 4.º		50	68	113	ue/acordos-internacionais/2026/22026D1517.md
22026D1518	Preâmbulo		18	30	138	ue/acordos-internacionais/2026/22026D1518.md
22026D1518	Artigo 1.º		34	39	67	ue/acordos-internacionais/2026/22026D1518.md
22026D1518	Artigo 2.º		41	43	46	ue/acordos-internacionais/2026/22026D1518.md
22026D1518	Artigo 3.º		45	47	45	ue/acordos-internacionais/2026/22026D1518.md
22026D1518	Artigo 4.º		49	67	112	ue/acordos-internacionais/2026/22026D1518.md
22026D1523	Preâmbulo		18	32	231	ue/acordos-internacionais/2026/22026D1523.md
22026D1523	Artigo 1.º		36	45	194	ue/acordos-internacionais/2026/22026D1523.md
22026D1523	Artigo 2.º		47	49	47	ue/acordos-internacionais/2026/22026D1523.md
22026D1523	Artigo 3.º		51	53	45	ue/acordos-internacionais/2026/22026D1523.md
22026D1523	Artigo 4.º		55	77	132	ue/acordos-internacionais/2026/22026D1523.md
22026D1524	Preâmbulo		18	32	223	ue/acordos-internacionais/2026/22026D1524.md
22026D1524	Artigo 1.º		36	40	140	ue/acordos-internacionais/2026/22026D1524.md
22026D1524	Artigo 2.º		42	44	46	ue/acordos-internacionais/2026/22026D1524.md
22026D1524	Artigo 3.º		46	48	45	ue/acordos-internacionais/2026/22026D1524.md
22026D1524	Artigo 4.º		50	70	121	ue/acordos-internacionais/2026/22026D1524.md
22026D1525	Preâmbulo		18	32	300	ue/acordos-internacionais/2026/22026D1525.md
22026D1525	Artigo 1.º		36	43	273	ue/acordos-internacionais/2026/22026D1525.md
22026D1525	Artigo 2.º		45	47	51	ue/acordos-internacionais/2026/22026D1525.md
22026D1525	Artigo 3.º		49	51	45	ue/acordos-internacionais/2026/22026D1525.md
22026D1525	Artigo 4.º		53	73	134	ue/acordos-internacionais/2026/22026D1525.md
22026D1526	Preâmbulo		18	30	150	ue/acordos-internacionais/2026/22026D1526.md
22026D1526	Artigo 1.º		34	39	97	ue/acordos-internacionais/2026/22026D1526.md
22026D1526	Artigo 2.º		41	43	60	ue/acordos-internacionais/2026/22026D1526.md
22026D1526	Artigo 3.º		45	47	45	ue/acordos-internacionais/2026/22026D1526.md
22026D1526	Artigo 4.º		49	67	112	ue/acordos-internacionais/2026/22026D1526.md
22026D1530	Preâmbulo		18	32	240	ue/acordos-internacionais/2026/22026D1530.md
22026D1530	Artigo 1.º		36	48	152	ue/acordos-internacionais/2026/22026D1530.md
22026D1530	Artigo 2.º		50	52	52	ue/acordos-internacionais/2026/22026D1530.md
22026D1530	Artigo 3.º		54	56	45	ue/acordos-internacionais/2026/22026D1530.md
22026D1530	Artigo 4.º		58	78	135	ue/acordos-internacionais/2026/22026D1530.md
22026D1531	Preâmbulo		18	30	142	ue/acordos-internacionais/2026/22026D1531.md
22026D1531	Artigo 1.º		34	39	68	ue/acordos-internacionais/2026/22026D1531.md
22026D1531	Artigo 2.º		41	43	46	ue/acordos-internacionais/2026/22026D1531.md
22026D1531	Artigo 3.º		45	47	45	ue/acordos-internacionais/2026/22026D1531.md
22026D1531	Artigo 4.º		49	67	113	ue/acordos-internacionais/2026/22026D1531.md
22026D1532	Preâmbulo		18	30	142	ue/acordos-internacionais/2026/22026D1532.md
22026D1532	Artigo 1.º		34	39	322	ue/acordos-internacionais/2026/22026D1532.md
22026D1532	Artigo 2.º		41	43	44	ue/acordos-internacionais/2026/22026D1532.md
22026D1532	Artigo 3.º		45	47	45	ue/acordos-internacionais/2026/22026D1532.md
22026D1532	Artigo 4.º		49	67	100	ue/acordos-internacionais/2026/22026D1532.md
22026D1533	Preâmbulo		18	30	141	ue/acordos-internacionais/2026/22026D1533.md
22026D1533	Artigo 1.º		34	39	113	ue/acordos-internacionais/2026/22026D1533.md
22026D1533	Artigo 2.º		41	43	46	ue/acordos-internacionais/2026/22026D1533.md
22026D1533	Artigo 3.º		45	47	45	ue/acordos-internacionais/2026/22026D1533.md
22026D1533	Artigo 4.º		49	67	100	ue/acordos-internacionais/2026/22026D1533.md
22026D1766	Preâmbulo		18	38	716	ue/acordos-internacionais/2026/22026D1766.md
22026D1766	Artigo 1.º	Subcomité para a Reforma da Administração Pública	42	48	131	ue/acordos-internacionais/2026/22026D1766.md
22026D1766	Artigo 2.º	Comité Consultivo Misto	50	60	212	ue/acordos-internacionais/2026/22026D1766.md
22026D1766	Artigo 3.º		62	76	64	ue/acordos-internacionais/2026/22026D1766.md
22026D1868	Preâmbulo		18	40	732	ue/acordos-internacionais/2026/22026D1868.md
22026D1868	Artigo 1.º		44	46	84	ue/acordos-internacionais/2026/22026D1868.md
22026D1868	Artigo 2.º		48	66	257	ue/acordos-internacionais/2026/22026D1868.md
22026D1868	ANEXO		68	110	142	ue/acordos-internacionais/2026/22026D1868.md
22026D1887	Preâmbulo		18	48	1420	ue/acordos-internacionais/2026/22026D1887.md
22026D1887	Artigo 1.º		52	54	36	ue/acordos-internacionais/2026/22026D1887.md
22026D1887	Artigo 2.º		56	88	778	ue/acordos-internacionais/2026/22026D1887.md
22026D1887	ANEXO I		90	94	23	ue/acordos-internacionais/2026/22026D1887.md
22026D1887	Apêndice 1	Medidas de luta/Notificação das doenças	96	233	6510	ue/acordos-internacionais/2026/22026D1887.md
22026D1887	ANEXO II		235	239	23	ue/acordos-internacionais/2026/22026D1887.md
22026D1887	Apêndice 2		241	374	7392	ue/acordos-internacionais/2026/22026D1887.md
22026D1887	ANEXO III		376	380	24	ue/acordos-internacionais/2026/22026D1887.md
22026D1887	Apêndice 3	Importação de animais vivos e respetivos produtos germinais a partir de países terceiros	382	438	1327	ue/acordos-internacionais/2026/22026D1887.md
22026D1887	ANEXO IV		440	444	23	ue/acordos-internacionais/2026/22026D1887.md
22026D1887	Apêndice 5	Animais vivos e produtos germinais: controlos nas fronteiras e taxas	446	605	6386	ue/acordos-internacionais/2026/22026D1887.md
22026D1887	ANEXO V		607	611	23	ue/acordos-internacionais/2026/22026D1887.md
22026D1887	Apêndice 6	Produtos animais	613	793	6332	ue/acordos-internacionais/2026/22026D1887.md
22026D1887	ANEXO VI		795	799	24	ue/acordos-internacionais/2026/22026D1887.md
22026D1887	Apêndice 10	Produtos de origem animal: controlos nas fronteiras e taxas	801	1041	7762	ue/acordos-internacionais/2026/22026D1887.md
22026D1903	Preâmbulo		18	42	591	ue/acordos-internacionais/2026/22026D1903.md
22026D1903	Artigo 1.º		46	48	80	ue/acordos-internacionais/2026/22026D1903.md
22026D1903	Artigo 2.º		50	72	308	ue/acordos-internacionais/2026/22026D1903.md
22026D1903	ANEXO		74	98	534	ue/acordos-internacionais/2026/22026D1903.md
22026D1903	Artigo 1.º	Regras de origem	76	80	128	ue/acordos-internacionais/2026/22026D1903.md
22026D1903	Artigo 2.º	Resolução de litígios	82	86	125	ue/acordos-internacionais/2026/22026D1903.md
22026D1903	Artigo 3.º	Alterações ao Protocolo	88	90	32	ue/acordos-internacionais/2026/22026D1903.md
22026D1903	Artigo 4.º	Denúncia da Convenção	92	98	246	ue/acordos-internacionais/2026/22026D1903.md
22026D1957	Preâmbulo		18	24	72	ue/acordos-internacionais/2026/22026D1957.md
22026D1957	Artigo 1.º	Adoção	28	30	37	ue/acordos-internacionais/2026/22026D1957.md
22026D1957	Artigo 2.º	Entrada em vigor	32	50	88	ue/acordos-internacionais/2026/22026D1957.md
22026D1957	ANEXO	REGULAMENTO INTERNO DO COMITÉ DE FACILITAÇÃO DO INVESTIMENTO	52	146	2076	ue/acordos-internacionais/2026/22026D1957.md
22026D1957	Artigo 1.º	Responsabilidades e designação do Comité de Facilitação do Investimento	54	58	119	ue/acordos-internacionais/2026/22026D1957.md
22026D1957	Artigo 2.º	Composição e presidência	60	64	124	ue/acordos-internacionais/2026/22026D1957.md
22026D1957	Artigo 3.º	Secretariado	66	70	153	ue/acordos-internacionais/2026/22026D1957.md
22026D1957	Artigo 4.º	Reuniões	72	74	33	ue/acordos-internacionais/2026/22026D1957.md
22026D1957	Artigo 5.º	Delegações	76	78	97	ue/acordos-internacionais/2026/22026D1957.md
22026D1957	Artigo 6.º	Ordem de trabalhos das reuniões	80	84	134	ue/acordos-internacionais/2026/22026D1957.md
22026D1957	Artigo 7.º	Convite de peritos	86	88	87	ue/acordos-internacionais/2026/22026D1957.md
22026D1957	Artigo 8.º	Ata	90	106	387	ue/acordos-internacionais/2026/22026D1957.md
22026D1957	Artigo 9.º	Decisões e recomendações	108	118	466	ue/acordos-internacionais/2026/22026D1957.md
22026D1957	Artigo 10.º	Transparência	120	130	190	ue/acordos-internacionais/2026/22026D1957.md
22026D1957	Artigo 11.º	Línguas	132	134	39	ue/acordos-internacionais/2026/22026D1957.md
22026D1957	Artigo 12.º	Despesas	136	142	174	ue/acordos-internacionais/2026/22026D1957.md
22026D1957	Artigo 13.º	Alteração do regulamento interno	144	146	51	ue/acordos-internacionais/2026/22026D1957.md
22026D1962	Preâmbulo		18	34	363	ue/acordos-internacionais/2026/22026D1962.md
22026D1962	Artigo 1.º		38	40	22	ue/acordos-internacionais/2026/22026D1962.md
22026D1962	Artigo 2.º		42	58	100	ue/acordos-internacionais/2026/22026D1962.md
22026D1962	ANEXO		60	150	1986	ue/acordos-internacionais/2026/22026D1962.md
22026D1962	«Artigo 6.º-A	Condições específicas de participação do Reino Unido no programa Erasmus+	114	118	160	ue/acordos-internacionais/2026/22026D1962.md
22026D1962	Artigo 6.º-B	Condições financeiras para a participação do Reino Unido no programa Erasmus+	120	124	193	ue/acordos-internacionais/2026/22026D1962.md
22026D1962	Artigo 6.º-C	Reexame da participação do Reino Unido no programa Erasmus+	126	132	253	ue/acordos-internacionais/2026/22026D1962.md
22026D1962	Artigo 6.º-D	Cooperação estatística	134	140	225	ue/acordos-internacionais/2026/22026D1962.md
22026D1962	«Artigo 7.º	Reciprocidade	142	150	202	ue/acordos-internacionais/2026/22026D1962.md
22026D1964	Preâmbulo		18	36	454	ue/acordos-internacionais/2026/22026D1964.md
22026D1964	Artigo 1.º		40	42	30	ue/acordos-internacionais/2026/22026D1964.md
22026D1964	Artigo 2.º		44	74	164	ue/acordos-internacionais/2026/22026D1964.md
22026D1964	ANEXO		76	360	13470	ue/acordos-internacionais/2026/22026D1964.md
22026D1980	Preâmbulo		18	32	240	ue/acordos-internacionais/2026/22026D1980.md
22026D1980	Artigo 1.º		36	50	173	ue/acordos-internacionais/2026/22026D1980.md
22026D1980	Artigo 2.º		52	54	47	ue/acordos-internacionais/2026/22026D1980.md
22026D1980	Artigo 3.º		56	58	45	ue/acordos-internacionais/2026/22026D1980.md
22026D1980	Artigo 4.º		60	78	113	ue/acordos-internacionais/2026/22026D1980.md
22026D1981	Preâmbulo		18	32	299	ue/acordos-internacionais/2026/22026D1981.md
22026D1981	Artigo 1.º		36	41	74	ue/acordos-internacionais/2026/22026D1981.md
22026D1981	Artigo 2.º		43	48	75	ue/acordos-internacionais/2026/22026D1981.md
22026D1981	Artigo 3.º		50	52	44	ue/acordos-internacionais/2026/22026D1981.md
22026D1981	Artigo 4.º		54	56	45	ue/acordos-internacionais/2026/22026D1981.md
22026D1981	Artigo 5.º		58	76	111	ue/acordos-internacionais/2026/22026D1981.md
22026D1982	Preâmbulo		18	34	425	ue/acordos-internacionais/2026/22026D1982.md
22026D1982	Artigo 1.º		38	45	102	ue/acordos-internacionais/2026/22026D1982.md
22026D1982	Artigo 2.º		47	54	104	ue/acordos-internacionais/2026/22026D1982.md
22026D1982	Artigo 3.º		56	58	48	ue/acordos-internacionais/2026/22026D1982.md
22026D1982	Artigo 4.º		60	62	45	ue/acordos-internacionais/2026/22026D1982.md
22026D1982	Artigo 5.º		64	84	131	ue/acordos-internacionais/2026/22026D1982.md
22026D1983	Preâmbulo		18	54	1139	ue/acordos-internacionais/2026/22026D1983.md
22026D1983	Artigo 1.º		58	91	977	ue/acordos-internacionais/2026/22026D1983.md
22026D1983	Artigo 2.º		93	95	70	ue/acordos-internacionais/2026/22026D1983.md
22026D1983	Artigo 3.º		97	99	45	ue/acordos-internacionais/2026/22026D1983.md
22026D1983	Artigo 4.º		101	141	289	ue/acordos-internacionais/2026/22026D1983.md
22026D1984	Preâmbulo		18	36	435	ue/acordos-internacionais/2026/22026D1984.md
22026D1984	Artigo 1.º		40	55	412	ue/acordos-internacionais/2026/22026D1984.md
22026D1984	Artigo 2.º		57	59	55	ue/acordos-internacionais/2026/22026D1984.md
22026D1984	Artigo 3.º		61	63	45	ue/acordos-internacionais/2026/22026D1984.md
22026D1984	Artigo 4.º		65	87	156	ue/acordos-internacionais/2026/22026D1984.md
22026D1985	Preâmbulo		18	38	485	ue/acordos-internacionais/2026/22026D1985.md
22026D1985	Artigo 1.º		42	53	348	ue/acordos-internacionais/2026/22026D1985.md
22026D1985	Artigo 2.º		55	57	59	ue/acordos-internacionais/2026/22026D1985.md
22026D1985	Artigo 3.º		59	61	45	ue/acordos-internacionais/2026/22026D1985.md
22026D1985	Artigo 4.º		63	87	178	ue/acordos-internacionais/2026/22026D1985.md
22026D1986	Preâmbulo		18	30	148	ue/acordos-internacionais/2026/22026D1986.md
22026D1986	Artigo 1.º		34	39	69	ue/acordos-internacionais/2026/22026D1986.md
22026D1986	Artigo 2.º		41	43	44	ue/acordos-internacionais/2026/22026D1986.md
22026D1986	Artigo 3.º		45	47	45	ue/acordos-internacionais/2026/22026D1986.md
22026D1986	Artigo 4.º		49	67	111	ue/acordos-internacionais/2026/22026D1986.md
22026D1987	Preâmbulo		18	30	124	ue/acordos-internacionais/2026/22026D1987.md
22026D1987	Artigo 1.º		34	39	98	ue/acordos-internacionais/2026/22026D1987.md
22026D1987	Artigo 2.º		41	43	47	ue/acordos-internacionais/2026/22026D1987.md
22026D1987	Artigo 3.º		45	47	45	ue/acordos-internacionais/2026/22026D1987.md
22026D1987	Artigo 4.º		49	67	113	ue/acordos-internacionais/2026/22026D1987.md
22026D1988	Preâmbulo		18	30	184	ue/acordos-internacionais/2026/22026D1988.md
22026D1988	Artigo 1.º		34	40	76	ue/acordos-internacionais/2026/22026D1988.md
22026D1988	Artigo 2.º		42	44	47	ue/acordos-internacionais/2026/22026D1988.md
22026D1988	Artigo 3.º		46	48	45	ue/acordos-internacionais/2026/22026D1988.md
22026D1988	Artigo 4.º		50	68	112	ue/acordos-internacionais/2026/22026D1988.md
22026D1989	Preâmbulo		18	30	163	ue/acordos-internacionais/2026/22026D1989.md
22026D1989	Artigo 1.º		34	39	136	ue/acordos-internacionais/2026/22026D1989.md
22026D1989	Artigo 2.º		41	43	47	ue/acordos-internacionais/2026/22026D1989.md
22026D1989	Artigo 3.º		45	47	45	ue/acordos-internacionais/2026/22026D1989.md
22026D1989	Artigo 4.º		49	67	113	ue/acordos-internacionais/2026/22026D1989.md
22026D1990	Preâmbulo		18	32	281	ue/acordos-internacionais/2026/22026D1990.md
22026D1990	Artigo 1.º		36	41	72	ue/acordos-internacionais/2026/22026D1990.md
22026D1990	Artigo 2.º		43	45	44	ue/acordos-internacionais/2026/22026D1990.md
22026D1990	Artigo 3.º		47	49	45	ue/acordos-internacionais/2026/22026D1990.md
22026D1990	Artigo 4.º		51	69	111	ue/acordos-internacionais/2026/22026D1990.md
22026D1991	Preâmbulo		18	30	162	ue/acordos-internacionais/2026/22026D1991.md
22026D1991	Artigo 1.º		34	39	133	ue/acordos-internacionais/2026/22026D1991.md
22026D1991	Artigo 2.º		41	43	46	ue/acordos-internacionais/2026/22026D1991.md
22026D1991	Artigo 3.º		45	47	45	ue/acordos-internacionais/2026/22026D1991.md
22026D1991	Artigo 4.º		49	67	112	ue/acordos-internacionais/2026/22026D1991.md
22026D1992	Preâmbulo		18	34	376	ue/acordos-internacionais/2026/22026D1992.md
22026D1992	Artigo 1.º		38	47	255	ue/acordos-internacionais/2026/22026D1992.md
22026D1992	Artigo 2.º		49	51	47	ue/acordos-internacionais/2026/22026D1992.md
22026D1992	Artigo 3.º		53	55	45	ue/acordos-internacionais/2026/22026D1992.md
22026D1992	Artigo 4.º		57	77	134	ue/acordos-internacionais/2026/22026D1992.md
22026D1993	Preâmbulo		18	38	512	ue/acordos-internacionais/2026/22026D1993.md
22026D1993	Artigo 1.º		42	44	30	ue/acordos-internacionais/2026/22026D1993.md
22026D1993	Artigo 2.º		46	74	519	ue/acordos-internacionais/2026/22026D1993.md
22026D1993	ANEXO		76	120	7943	ue/acordos-internacionais/2026/22026D1993.md
22026D1994	Preâmbulo		18	30	177	ue/acordos-internacionais/2026/22026D1994.md
22026D1994	Artigo 1.º		34	36	59	ue/acordos-internacionais/2026/22026D1994.md
22026D1994	Artigo 2.º		38	42	52	ue/acordos-internacionais/2026/22026D1994.md
22026D1994	Artigo 3.º		44	60	90	ue/acordos-internacionais/2026/22026D1994.md
22026D1995	Preâmbulo		18	30	158	ue/acordos-internacionais/2026/22026D1995.md
22026D1995	Artigo 1.º		34	39	132	ue/acordos-internacionais/2026/22026D1995.md
22026D1995	Artigo 2.º		41	43	47	ue/acordos-internacionais/2026/22026D1995.md
22026D1995	Artigo 3.º		45	47	45	ue/acordos-internacionais/2026/22026D1995.md
22026D1995	Artigo 4.º		49	67	100	ue/acordos-internacionais/2026/22026D1995.md
22026D1996	Preâmbulo		18	30	124	ue/acordos-internacionais/2026/22026D1996.md
22026D1996	Artigo 1.º		34	40	74	ue/acordos-internacionais/2026/22026D1996.md
22026D1996	Artigo 2.º		42	44	46	ue/acordos-internacionais/2026/22026D1996.md
22026D1996	Artigo 3.º		46	48	45	ue/acordos-internacionais/2026/22026D1996.md
22026D1996	Artigo 4.º		50	68	113	ue/acordos-internacionais/2026/22026D1996.md
22026D1997	Preâmbulo		18	30	142	ue/acordos-internacionais/2026/22026D1997.md
22026D1997	Artigo 1.º		34	39	74	ue/acordos-internacionais/2026/22026D1997.md
22026D1997	Artigo 2.º		41	43	43	ue/acordos-internacionais/2026/22026D1997.md
22026D1997	Artigo 3.º		45	47	45	ue/acordos-internacionais/2026/22026D1997.md
22026D1997	Artigo 4.º		49	67	112	ue/acordos-internacionais/2026/22026D1997.md
22026D1999	Preâmbulo		18	30	168	ue/acordos-internacionais/2026/22026D1999.md
22026D1999	Artigo 1.º		34	40	73	ue/acordos-internacionais/2026/22026D1999.md
22026D1999	Artigo 2.º		42	44	46	ue/acordos-internacionais/2026/22026D1999.md
22026D1999	Artigo 3.º		46	48	45	ue/acordos-internacionais/2026/22026D1999.md
22026D1999	Artigo 4.º		50	68	113	ue/acordos-internacionais/2026/22026D1999.md
22026D2000	Preâmbulo		18	34	331	ue/acordos-internacionais/2026/22026D2000.md
22026D2000	Artigo 1.º		38	52	252	ue/acordos-internacionais/2026/22026D2000.md
22026D2000	Artigo 2.º		54	56	48	ue/acordos-internacionais/2026/22026D2000.md
22026D2000	Artigo 3.º		58	60	45	ue/acordos-internacionais/2026/22026D2000.md
22026D2000	Artigo 4.º		62	84	140	ue/acordos-internacionais/2026/22026D2000.md
22026D2004	Preâmbulo		18	30	140	ue/acordos-internacionais/2026/22026D2004.md
22026D2004	Artigo 1.º		34	39	116	ue/acordos-internacionais/2026/22026D2004.md
22026D2004	Artigo 2.º		41	43	47	ue/acordos-internacionais/2026/22026D2004.md
22026D2004	Artigo 3.º		45	47	45	ue/acordos-internacionais/2026/22026D2004.md
22026D2004	Artigo 4.º		49	67	113	ue/acordos-internacionais/2026/22026D2004.md
22026D2005	Preâmbulo		18	30	184	ue/acordos-internacionais/2026/22026D2005.md
22026D2005	Artigo 1.º		34	39	161	ue/acordos-internacionais/2026/22026D2005.md
22026D2005	Artigo 2.º		41	43	47	ue/acordos-internacionais/2026/22026D2005.md
22026D2005	Artigo 3.º		45	47	45	ue/acordos-internacionais/2026/22026D2005.md
22026D2005	Artigo 4.º		49	67	113	ue/acordos-internacionais/2026/22026D2005.md
22026D2006	Preâmbulo		18	34	336	ue/acordos-internacionais/2026/22026D2006.md
22026D2006	Artigo 1.º		38	60	430	ue/acordos-internacionais/2026/22026D2006.md
22026D2006	Artigo 2.º		62	64	69	ue/acordos-internacionais/2026/22026D2006.md
22026D2006	Artigo 3.º		66	68	45	ue/acordos-internacionais/2026/22026D2006.md
22026D2006	Artigo 4.º		70	92	156	ue/acordos-internacionais/2026/22026D2006.md
22026D2007	Preâmbulo		18	34	375	ue/acordos-internacionais/2026/22026D2007.md
22026D2007	Artigo 1.º		38	47	355	ue/acordos-internacionais/2026/22026D2007.md
22026D2007	Artigo 2.º		49	51	61	ue/acordos-internacionais/2026/22026D2007.md
22026D2007	Artigo 3.º		53	55	45	ue/acordos-internacionais/2026/22026D2007.md
22026D2007	Artigo 4.º		57	79	156	ue/acordos-internacionais/2026/22026D2007.md
22026D2008	Preâmbulo		18	30	155	ue/acordos-internacionais/2026/22026D2008.md
22026D2008	Artigo 1.º		34	39	69	ue/acordos-internacionais/2026/22026D2008.md
22026D2008	Artigo 2.º		41	43	46	ue/acordos-internacionais/2026/22026D2008.md
22026D2008	Artigo 3.º		45	47	45	ue/acordos-internacionais/2026/22026D2008.md
22026D2008	Artigo 4.º		49	67	112	ue/acordos-internacionais/2026/22026D2008.md
22026D2009	Preâmbulo		18	42	631	ue/acordos-internacionais/2026/22026D2009.md
22026D2009	Artigo 1.º		46	67	539	ue/acordos-internacionais/2026/22026D2009.md
22026D2009	Artigo 2.º		69	71	66	ue/acordos-internacionais/2026/22026D2009.md
22026D2009	Artigo 3.º		73	75	45	ue/acordos-internacionais/2026/22026D2009.md
22026D2009	Artigo 4.º		77	109	252	ue/acordos-internacionais/2026/22026D2009.md
22026D2010	Preâmbulo		18	30	151	ue/acordos-internacionais/2026/22026D2010.md
22026D2010	Artigo 1.º		34	46	204	ue/acordos-internacionais/2026/22026D2010.md
22026D2010	Artigo 2.º		48	50	47	ue/acordos-internacionais/2026/22026D2010.md
22026D2010	Artigo 3.º		52	54	45	ue/acordos-internacionais/2026/22026D2010.md
22026D2010	Artigo 4.º		56	74	112	ue/acordos-internacionais/2026/22026D2010.md
22026D2011	Preâmbulo		18	30	148	ue/acordos-internacionais/2026/22026D2011.md
22026D2011	Artigo 1.º		34	40	76	ue/acordos-internacionais/2026/22026D2011.md
22026D2011	Artigo 2.º		42	44	47	ue/acordos-internacionais/2026/22026D2011.md
22026D2011	Artigo 3.º		46	48	45	ue/acordos-internacionais/2026/22026D2011.md
22026D2011	Artigo 4.º		50	68	113	ue/acordos-internacionais/2026/22026D2011.md
22026D2013	Preâmbulo		18	30	152	ue/acordos-internacionais/2026/22026D2013.md
22026D2013	Artigo 1.º		34	39	123	ue/acordos-internacionais/2026/22026D2013.md
22026D2013	Artigo 2.º		41	43	46	ue/acordos-internacionais/2026/22026D2013.md
22026D2013	Artigo 3.º		45	47	45	ue/acordos-internacionais/2026/22026D2013.md
22026D2013	Artigo 4.º		49	67	113	ue/acordos-internacionais/2026/22026D2013.md
22026D2014	Preâmbulo		18	30	162	ue/acordos-internacionais/2026/22026D2014.md
22026D2014	Artigo 1.º		34	39	70	ue/acordos-internacionais/2026/22026D2014.md
22026D2014	Artigo 2.º		41	43	46	ue/acordos-internacionais/2026/22026D2014.md
22026D2014	Artigo 3.º		45	47	45	ue/acordos-internacionais/2026/22026D2014.md
22026D2014	Artigo 4.º		49	67	112	ue/acordos-internacionais/2026/22026D2014.md
22026D2080	Preâmbulo		18	32	337	ue/acordos-internacionais/2026/22026D2080.md
22026D2080	Artigo 1.º		36	38	26	ue/acordos-internacionais/2026/22026D2080.md
22026D2080	Artigo 2.º		40	60	76	ue/acordos-internacionais/2026/22026D2080.md
22026D2080	ANEXO	Regulamento interno do Comité Misto criado nos termos do Protocolo do Acordo relativo ao transporte internacional ocasional de passageiros em autocarro (Acordo 	62	158	1852	ue/acordos-internacionais/2026/22026D2080.md
22026D2080	Artigo 1.º	Denominação do Comité Misto	64	66	94	ue/acordos-internacionais/2026/22026D2080.md
22026D2080	Artigo 2.º	Presidência	68	72	70	ue/acordos-internacionais/2026/22026D2080.md
22026D2080	Artigo 3.º	Delegações	74	84	254	ue/acordos-internacionais/2026/22026D2080.md
22026D2080	Artigo 4.º	Secretariado	86	90	112	ue/acordos-internacionais/2026/22026D2080.md
22026D2080	Artigo 5.º	Reuniões do Comité	92	102	172	ue/acordos-internacionais/2026/22026D2080.md
22026D2080	Artigo 6.º	Ordem de trabalhos	104	112	241	ue/acordos-internacionais/2026/22026D2080.md
22026D2080	Artigo 7.º	Adoção dos atos	114	124	384	ue/acordos-internacionais/2026/22026D2080.md
22026D2080	Artigo 8.º	Atas	126	140	219	ue/acordos-internacionais/2026/22026D2080.md
22026D2080	Artigo 9.º	Confidencialidade	142	144	56	ue/acordos-internacionais/2026/22026D2080.md
22026D2080	Artigo 10.º	Despesas	146	150	66	ue/acordos-internacionais/2026/22026D2080.md
22026D2080	Artigo 11.º	Correspondência	152	154	57	ue/acordos-internacionais/2026/22026D2080.md
22026D2080	Artigo 12.º	Línguas	156	158	54	ue/acordos-internacionais/2026/22026D2080.md
22026D2170	Preâmbulo		18	26	93	ue/acordos-internacionais/2026/22026D2170.md
22026D2170	Apêndice A	Organismo de avaliação da conformidade comunitário aditado à lista de organismos de avaliação da conformidade que figuram na coluna «Acesso comunitário ao merca	48	54	85	ue/acordos-internacionais/2026/22026D2170.md
